"Date","Product ID","Item ID","Product Name","Grammage","Category","Brand","Offtake MRP","Offtake SP","SP","MRP","Units","Wt. OSA %","Wt. Discount %","Est. Category Share","Est. Category Share SP","Overall SOV","Organic SOV","Ad SOV","Wt. PPU (x100)"
"2026-03-01","595096",,"ExclusiveLane Designer Bathroom Accessory Set (Ceramic, White)","2 pcs","Bathroom Essentials","ExclusiveLane",,,688.9354838709677,1510,,31.25763,54.41034263074411,0.08092532059033851,0.06747,0.09068,0.01093,0.29359,685.5172588737305
"2026-03-01","541740",,"myTrident Comfort Living Cotton Bath Towel (55"" x 28"", Candy Glow)","1 pc","Bathroom Essentials","MYTRIDENT",,,599,599,,0.19741,0,0,0,,,,59900
"2026-03-01","563330",,"Homestrap Multi Hook Lotus Wood & Stainless steel Cloth Hanger (Brown)","1 pc","Bathroom Essentials","Homestrap",,,281.85011870633394,599,,23.65935,56.02985125745394,0.03772671359355158,0.02525,,,,219.53241400156648
"2026-03-01","639096",,"Boldfit Microfiber Suede Hand Towel (21.2"" x 16.5"", Dark Grey)","1 pc","Bathroom Essentials","Boldfit",,,199.84101875403607,499,,41.3076,60.00865010960303,0.32811123753216714,0.2407,0.09882,0.13766,0,199.50657169255433
"2026-03-01","606846",,"The Better Home Liquid Soap Dispenser For Bathroom (Ceramic, Grey)","1 pc","Bathroom Essentials","The Better Home",,,499,995,,0.70583,49.84924623115578,0,0,,,,499
"2026-03-01","627761",,"Peepul Tree Hand Block Printed Cotton Hand Towel (24"" x 16"" x 0.1"", White)","2 pcs","Bathroom Essentials","Peepul Tree",,,498.49915116002006,1673,,53.27488,70.21159816111206,0.24367113214412142,0.13321,0.19702,0.07358,0.51108,249.12321660928515
"2026-03-01","538785",,"Aravi 10 m Braided Twisted Nylon Cloth Rope (Multicolour)","1 pc","Bathroom Essentials","Aravi",,,39.24312843238024,199,,86.30021,80.27171099571763,2.3890873373669264,0.86349,1.6445,2.29084,0,39.25929511852194
"2026-03-01","535552",,"KOPA D`Ross Quick Dry Cotton Hand Towel (24"" x 16"", Navy Blue)","2 pcs","Bathroom Essentials","Kopa",,,301.9910518522612,499,,52.75736,39.28963465755808,0.32681997315058925,0.36066,0.2753,0.3835,0,151.4370314040514
"2026-03-01","626992",,"Joseph Joseph Caddy Large Kitchen Organizer","1 pc","Bathroom Essentials","Joseph Joseph",,,3699,4599,,31.60291,19.569471624266146,0.0011340072405207015,0.00167,0.03781,0,0.13399,3699
"2026-03-01","626523",,"HangitNow Cloth Hanger with Notches (White)","50 pcs","Bathroom Essentials","HangitNow",,,449,1299,,15.06925,65.43494996150886,0.07318933032011642,0.04646,0.02598,0.03619,0,8.98
"2026-03-01","545174",,"Full Houz Twisted Microfiber Cloth Rope (10 m) (Multicolour)","1 pc","Bathroom Essentials","fullhouz",,,89,120,,80.73387,25.83333333333333,0.05026822931368738,0.06847,0.10372,0.14448,0,89
"2026-03-01","565934",,"GEBI Liquid Soap Dispenser (Plastic, Grey)","1 pc","Bathroom Essentials","Gebi",,,229,239,,0.20363,4.184100418410042,0.00005893212970030184,0.0001,0.00003,0.00004,0,228.99999999999997
"2026-03-01","541481",,"Nautica Vintage Crew Stripe Super Soft Cotton Face Towel (12"" x 12"", Royal Blue)","4 pcs","Bathroom Essentials","Nautica",,,311.50567354326364,759,,48.20067,58.50167778007404,0.18740063209558797,0.14262,0.13785,0.19198,0.00011,79.15262983595287
"2026-03-01","618900",,"Hemito Wall Hooks (Stainless Steel, Plastic, Transparent)","15 pcs","Bathroom Essentials","Hemito",,,259,699,,40.18743,62.947067238912716,0.07058705444457608,0.04803,0.09173,0.12778,0,17.266666666666666
"2026-03-01","524232",,"Jockey T201 Cotton Hand Towel -T201 (15.8"" x 23.6"", Burgundy)","2 pcs","Bathroom Essentials","Jockey",,,439.8208300642492,439.81210536290325,,66.2583,0.0020485845264645005,0.26510323504070943,0.48684,0.56049,0.62157,0.4051,219.76302417310788
"2026-03-01","626522",,"The Better Home Bathroom Accessories Set (ABS + Bamboo, Multicolour)","5 pcs","Bathroom Essentials","The Better Home",,,1299,4199,,2.16554,69.0640628721124,0,0,,,,1299
"2026-03-01","626476",,"The Better Home Bathroom Accessories Set (Ceramic, Green)","6 pcs","Bathroom Essentials","The Better Home",,,1599,3149,,0.72406,49.22197523023182,0.006600002030751536,0.00615,,,,266.5
"2026-03-01","539587",,"Creative Space Round Plastic Cloth Hanger with 24 Clips (White, Blue)","1 pc","Bathroom Essentials","Creative Space",,,224.49565698292443,599,,71.18709,62.77401749888752,1.1218702443422859,0.76417,1.21607,1.69403,0,222.9945993603824
"2026-03-01","526333",,"Nayasa SQ Ring Printed Bucket (Beige)","1 pc","Bathroom Essentials","Nayasa",,,499.9763573629562,568.9286675806451,,65.10099,12.373800932991232,1.505187139507638,2.4218,3.00826,3.27805,2.32184,498.4561911493602
"2026-03-01","547245",,"Cello Petal Bathroom Set (Plastic, Light Grey)","1 set","Bathroom Essentials","Cello",,,699,1149,,55.84561,39.16449086161881,2.4958532550564354,2.78835,3.16829,4.41354,0,698.9999999999998
"2026-03-01","559109",,"House of Quirk Wall Mounted Polyester Laundry Basket (Grey)","1 pc","Bathroom Essentials","House of Quirk",,,549,899,,0.0025,38.932146829810904,0.00022167289481090478,0.00025,,,,549
"2026-03-01","615740",,"Sole Module Mounted Foldable Aluminium Drying Rack (White)","1 pc","Bathroom Essentials","Sole Module",,,2450,4200,,6.44353,41.666666666666664,0,0,,,,2450
"2026-03-01","623623",,"Eco Sense Basket Weave Non Terry Cotton Bath Towel (29.5"" x 59"", Green)","1 pc","Bathroom Essentials","ECO SENSE",,,339,699,,32.83917,51.50214592274678,0.0728338275571168,0.06487,0.20078,0.07702,0.51564,339
"2026-03-01","445679",,"Aravi 10 m Braided Twisted Cloth Rope (Multicolour)","1 pc","Bathroom Essentials","Aravi",,,31.344785499930182,199,,72.91342,84.29928292599348,0.8625441703525446,0.24804,0.62306,0.86794,0,31.24442697727298
"2026-03-01","623611",,"Eco Sense Basket Weave Non Terry Cotton Bath Towel (29.5"" x 59"", Brown)","1 pc","Bathroom Essentials","ECO SENSE",,,339,699,,60.66837,51.50214592274678,0.16201070190127853,0.14429,0.89496,0.15338,2.78177,339.00000000000006
"2026-03-01","526332",,"Nayasa Frosty Bucket (Blue)","1 pc","Bathroom Essentials","Nayasa",,,338.640443069851,408.8509312903226,,64.27059,17.16595403914521,2.4066141553012708,3.66045,4.66701,6.00012,1.27517,338.6695980101952
"2026-03-01","569313",,"Nabaiji by Decathlon Microfiber Polyester Bath Towel (L, Maroon)","1 pc","Bathroom Essentials","nabaiji by decathlon",,,732.4541338112305,899,,6.15683,18.5256803324549,0.0018465343926737036,0.00282,,,,798.2693360486194
"2026-03-01","543755",,"Nayasa Plastic Multipurpose Basket (Grey)","1 pc","Bathroom Essentials","Nayasa",,,372.58076688859717,445,,74.38002,17.275789913347808,0.5601528998068698,0.85812,2.56316,2.44065,2.87488,368.10949535959327
"2026-03-01","592589",,"Pesca Nova Health Faucet without Pipe (Matte Black)","1 pc","Bathroom Essentials","Pesca",,,249,499,,52.98883,50.100200400801604,0.17916505874516783,0.16418,0.43316,0.6034,0,249.00000000000006
"2026-03-01","532122",,"Full Houz Plastic Cloth Clips (Brown)","12 pcs","Bathroom Essentials","fullhouz",,,69,179,,67.44629,61.45251396648044,0.5576017274904971,0.39472,0.25659,0.35744,0,5.750000000000001
"2026-03-01","563912",,"House of Quirk Collapsible Laundry Basket (Beige, Grey)","1 pc","Bathroom Essentials","House of Quirk",,,599,899,,0.20681,33.370411568409345,0,0,,,,599
"2026-03-01","577482",,"RiverSoft DIVA-01 Hard Water Shower Filter","1 pc","Bathroom Essentials","RiverSoft",,,1699,4999,,16.7982,66.0132026405281,0.006163188803387417,0.00385,,,,1698.9999999999998
"2026-03-01","535553",,"KOPA D`Ross Quick Dry Cotton Hand Towel (24"" x 16"", Taupe)","2 pcs","Bathroom Essentials","Kopa",,,300.90246007119185,499,,51.62818,39.499192271786676,0.22316592667252816,0.24667,0.10961,0.15269,0,151.08181794866817
"2026-03-01","623787",,"ExclusiveLane Bathroom Accessory Set (Ceramic, White & Black)","2 pcs","Bathroom Essentials","ExclusiveLane",,,649,1510,,27.58832,57.019867549668874,0.015474079156583342,0.01221,0.02643,0.00707,0.07569,324.50000000000006
"2026-03-01","617175",,"WonderStand Washing Machine Stand (Black)","1 pc","Bathroom Essentials","WonderStand",,,1099,1099,,5.48505,0,0.005407175839335361,0.00993,,,,1099
"2026-03-01","598940",,"Kuber Industries Wood Cloth Hanger Steel Adjustable (Brown)","3 pcs","Bathroom Essentials","Kuber Industries",,,,,,0,,0,0,,,,
"2026-03-01","592775",,"Kuber Industries Laundry Basket (Grey)","1 pc","Bathroom Essentials","Kuber Industries",,,,,,0,,0,0,,,,
"2026-03-01","566131",,"myTrident Celebration Cotton Towel Set (Beige)","1 set","Bathroom Essentials","MYTRIDENT",,,1129,2542.6619718309857,,6.02322,55.59771560247938,0.0019471784599333541,0.00162,,,,1128.9999999999998
"2026-03-01","625806",,"HangitNow Pants and Sarees Plastic Cloth Hanger Set (Colour May Vary)","9 pcs","Bathroom Essentials","HangitNow",,,299,899,,19.4153,66.74082313681869,0.010780733874983371,0.00658,0.00364,0.00507,0,33.22222222222222
"2026-03-01","608086",,"Zulaxy Over-The-Door Cloth Hanger Hooks - No Drill","1 pc","Bathroom Essentials","Zulaxy",,,299,1299,,45.16052,76.98229407236336,0.6880434002650969,0.29084,0.47685,0.66426,0,299.0000000000001
"2026-03-01","606761",,"The Better Home Round Soap Dispenser (Ceramic, Black)","1 pc","Bathroom Essentials","The Better Home",,,649,1299,,42.70477,50.038491147036176,0.06984912050006631,0.06409,0.06939,0.02373,0.18558,649.0000000000001
"2026-03-01","609647",,"New Dawn Stainless Steel Cloth Clips (Silver)","20 pcs","Bathroom Essentials","New Dawn",,,369,700,,0.63228,47.285714285714285,0.0012082259061801423,0.00117,0.00012,0.00016,0,18.450000000000003
"2026-03-01","567175",,"myTrident Urban Comfort Cotton Hair Wrap (10"" x 25"", Beige)","1 pc","Bathroom Essentials","MYTRIDENT",,,289,499,,4.70211,42.08416833667334,0.0004921665396934895,0.00052,0.00002,0.00003,0,289
"2026-03-01","541478",,"Nautica Vintage Crew Stripe Super Soft Cotton Bath Towel (60"" x 30"", Royal Blue)","1 pc","Bathroom Essentials","Nautica",,,759.5212385719444,1699,,56.39644,55.21518912138905,0.20762486045810238,0.17152,0.12286,0.17103,0.0003,766.708514057532
"2026-03-01","538787",,"Aravi 10 m Plastic Cloth Rope (Yellow)","1 pc","Bathroom Essentials","Aravi",,,59.44492166431414,100,,80.44424,43.303185419421304,0.22971001985315673,0.23767,0.3697,0.515,0,56.736010947479215
"2026-03-01","609904",,"WonderStand Shower Caddy Bathroom Shelf Set (Metal, Black)","2 pcs","Bathroom Essentials","WonderStand",,,499,558.6158590673575,,28.33611,10.326591755760685,0.04262544437829789,0.07112,0.016,0.02229,0,499
"2026-03-01","561068",,"D’Decor Brio Cotton Bath Towel (29.5'' x 59'', Beige)","1 pc","Bathroom Essentials","D Decor",,,769.0198144480268,899,,23.05721,14.458311322202215,0.023475145283671332,0.03687,0.00583,0.00812,0,768.9844679495105
"2026-03-01","613763",,"Bathla Foldable Steel Cloth Dryer Stand","1 unit","Bathroom Essentials","Bathla",,,1331.9989928057553,5080.44332057554,,12.63574,73.68737111940047,0.43700123955085984,0.21321,0.05837,0.08131,0,1331.9985508481968
"2026-03-01","601075",,"Mush Tap & Dry Bamboo Face Towel (12"" x 12"", Multicolour)","6 pcs","Bathroom Essentials","Mush",,,749,1499,,53.99924,50.033355570380245,0.5111480129978518,0.46903,2.50319,1.82417,4.23081,124.83333333333333
"2026-03-01","582417",,"M-Seal Feviseal Bathroom & Kitchen Gap Filler Acrylic Sealant","100 g","Bathroom Essentials","M-Seal",,,48,50,,82.64548,3.9999999999999964,0.2916539418519388,0.51417,0.19982,0.27836,0,47.999999999999986
"2026-03-01","541480",,"Nautica Vintage Crew Stripe Super Soft Cotton Face Towel (12"" x 12"", Grey)","4 pcs","Bathroom Essentials","Nautica",,,309.0152476958525,759,,39.32879,59.28570283729352,0.13476921084384572,0.10076,0.07497,0.1044,0.0001,77.25778214275766
"2026-03-01","613754",,"Bathla Foldable Cloth Dryer Stand (Light Orange)","1 pc","Bathroom Essentials","Bathla",,,1799.7807705967198,5159.128957383178,,47.32476,65.12643939971976,1.2398927143968843,0.79762,0.18643,0.2597,0,1798.309190598835
"2026-03-01","557191",,"Welspun 100% Cotton Super Quik Absorbent Cotton Bath Towel (59"" x 27.6"", Blue)","1 pc","Bathroom Essentials","Welspun",,,340.5624184774259,378.84291945121953,,12.33075,10.012766279450297,0.024473920866231135,0.04053,0.00157,0.00218,0,341.2247136094297
"2026-03-01","430971",,"Simply Home Cotton Bath Towel (27.6"" x 55.1"", Red)","1 pc","Bathroom Essentials","simply home",,,399,399,,0.79787,0,0,0,,,,399
"2026-03-01","577712",,"RiverSoft SF-15 Pro Hard Water Tap & Shower Filter","1 pc","Bathroom Essentials","RiverSoft",,,1699,4999,,39.86741,66.0132026405281,0.4955980581787279,0.30932,0.08206,0.10568,0.02196,1699
"2026-03-01","375270",,"Aravi 10 m Plastic Cloth Rope (Multicolour)","1 pc","Bathroom Essentials","Aravi",,,24.000448909571258,100,,74.48309,75.99895581461283,0.7761308827494933,0.34211,1.50806,2.10078,0,24.001045666249137
"2026-03-01","541737",,"myTrident Comfort Living Cotton Bath Towel (55"" x 28"", Ocean Blue)","1 pc","Bathroom Essentials","MYTRIDENT",,,389,599,,0.01225,35.058430717863104,0.0001476998197606307,0.00018,0.00014,0.00019,0,389
"2026-03-01","560670",,"myTrident Soft Comfort Cotton Hand Towel (16"" x 26"", Allure)","4 pcs","Bathroom Essentials","MYTRIDENT",,,647.2917804020809,999,,63.16724,35.16964284193454,0.2088363093711624,0.24822,0.11434,0.15927,0,161.97223805073395
"2026-03-01","559832",,"myTrident Soft Comfort Cotton Hand Towel (16"" x 26"", Charcoal Grey)","1 set","Bathroom Essentials","MYTRIDENT",,,647.6997290224898,999,,57.83019,35.16878446373743,0.17474301711362228,0.20766,0.18161,0.18124,0.18255,647.7593849223622
"2026-03-01","612392",,"HangitNow Multipurpose Plastic Cloth Hanger (Multicolour)","6 pcs","Bathroom Essentials","HangitNow",,,199,398.9811320754717,,69.90634,50.118852658479994,0.1497843935909702,0.13719,0.25485,0.35501,0,33.166666666666664
"2026-03-01","596031",,"Zulaxy Adhesive Screw Wall Hooks (Stainless Steel, Plastic, Transparent)","10 pcs","Bathroom Essentials","Zulaxy",,,279,1299,,54.29379,78.52193995381063,1.4384898615701212,0.56738,0.96069,1.33828,0,27.900000000000002
"2026-03-01","606853",,"The Better Home Marble Print Soap Dispenser (Ceramic, Black)","1 pc","Bathroom Essentials","The Better Home",,,599,1299,,28.20049,53.887605850654346,0.011165777045773559,0.00946,0.01696,0.0082,0.03927,599
"2026-03-01","614103",,"XO Curls Microfibre Hair Wrap (15.7"" x 31.4"", Black)","1 pc","Bathroom Essentials","XO Curls",,,474,499,,1.3153,5.01002004008016,0,0,,,,474
"2026-03-01","541537",,"Nautica Vintage Crew Stripe Super Soft Cotton Hand Towel (24"" x 16"", Royal Blue)","2 pcs","Bathroom Essentials","Nautica",,,359,839,,42.11437,57.210965435041714,0.20254286211964972,0.15916,0.15404,0.21413,0.00116,179.49999999999997
"2026-03-01","560676",,"myTrident Soft Comfort Cotton Hand Towel (16"" x 26"", Black)","4 pcs","Bathroom Essentials","MYTRIDENT",,,647.3380015259878,999,,80.08927,35.160089691379255,0.4314073135054449,0.51225,0.58958,0.55078,0.68829,161.94192459834326
"2026-03-01","544847",,"Nayasa Bath Stool (Plastic, Brown, White)","1 pc","Bathroom Essentials","Nayasa",,,379.00678263124274,435,,40.59592,11.137775832511558,0.40976898847023163,0.67064,0.45882,0.43212,0.52675,387.3321571814514
"2026-03-01","557198",,"Welspun 100% Cotton Quik Absorbent Cotton Bath Towel (59"" x 27.6"", Black)","1 pc","Bathroom Essentials","Welspun",,,349,349,,11.12457,0,0.0019362444997101731,0.00356,0.02401,0.00155,0.08116,349
"2026-03-01","547338",,"Cello Plastic Pedal Dustbin (Plastic, Brown)","1 pc","Bathroom Essentials","Cello",,,739.0294741776821,822.3046948790325,,61.82166,10.400249559312657,1.735395450131371,2.871,3.92046,5.46133,0,739.0575606208066
"2026-03-01","354891",,"Nayasa Frosty Bathroom Mug (Blue)","1 pc","Bathroom Essentials","Nayasa",,,58.9796968374397,58.99510358870968,,83.56579,0.005386539482996118,1.0722781037837126,1.96895,0.92653,0.38173,2.31267,58.98896086155646
"2026-03-01","611155",,"WonderStand Multipurpose Self Adhessive Wall Shelf (Black)","2 pcs","Bathroom Essentials","WonderStand",,,499,554.2090054032259,,47.13111,10.026155598207167,0.04171059346857488,0.06782,0.02637,0.03673,0,499.00000000000006
"2026-03-01","581457",,"Johnson Wavy Health Faucet","1 pc","Bathroom Essentials","JOHNSON",,,699,940,,0.00551,25.638297872340427,0,0,,,,699
"2026-03-01","11274",,"Scotch Brite Tough Bathroom Tile Brush","1 pc","Bathroom Essentials","Scotch brite",,,159.0292368508446,170.0349575,,78.22856,6.478175951232427,0.9868611846793586,1.69497,0.15213,0.19797,0.0355,159.0066735310647
"2026-03-01","639102",,"Boldfit Microfiber Suede Bath Towel (35.5"" x 25.5, Dark Grey)","1 pc","Bathroom Essentials","Boldfit",,,399.6653471789383,999,,30.50485,59.961099165665146,0.44195080685197297,0.32414,0.93289,0.03597,3.21493,400.15055485318936
"2026-03-01","599949",,"Kuber Industries Plastic Cloth Hanger (Pink)","1 pc","Bathroom Essentials","Kuber Industries",,,299,649,,0.24065,53.929121725731896,0.0001600281724485094,0.00014,,,,299.00000000000006
"2026-03-01","536385",,"PrettyKrafts 75 Ltr Black & Grey Laundry Basket with Lid & Handles (Black, Grey)","1 pc","Bathroom Essentials","PrettyKrafts",,,282.50840502535664,1099,,62.49483,74.47162376061905,6.774970495605989,3.16253,0.95217,1.3264,0,280.55685487079654
"2026-03-01","595018",,"Mr. Right Foldable Laundry Bag (Yellow, Brown)","1 pc","Bathroom Essentials","Mr. Right",,,299,499,,1.3672,40.08016032064128,0,0,,,,299
"2026-03-01","569253",,"WaterScience Shower Filter for Hard Water CLEO-SFS-423","1 pc","Bathroom Essentials","Water Science",,,1833.070500329164,2495,,71.26215,26.66051248323553,1.854139308572783,2.4978,1.10466,0.90144,1.62172,1829.3634321047784
"2026-03-01","619290",,"Lorazzo Imperial Health Faucet Set","1 pc","Bathroom Essentials","Lorazzo",,,749,1899,,29.39329,60.55818852027382,0.0362763183329256,0.02628,0.04854,0.06762,0,749
"2026-03-01","560953",,"D’Decor Brio Cotton Towel Set (Bath Towel: 75 cm x 1.5 m Hand Towel: 40 x 60 cm, Grey)","1 set","Bathroom Essentials","D Decor",,,1259.0534649639035,1499,,46.71339,16.005654089056307,0.02431965149767528,0.03779,0.02257,0.03145,0,1267.0688348209032
"2026-03-01","613639",,"IndianShelf Premium Adhesive Wall Hooks","3 pcs","Bathroom Essentials","indianshelf",,,433,799,,2.34306,45.8072590738423,0,0,,,,144.33333333333331
"2026-03-01","615761",,"Kuber Industries Nylon Cloth Rope with 12 Clips (Multicolour)","1 pc","Bathroom Essentials","Kuber Industries",,,251,899,,0.00355,72.08008898776419,0.0011083644740545239,0.00057,,,,251
"2026-03-01","587659",,"Umai Soap Dispenser (Ceramic, Black)","1 pc","Bathroom Essentials","Umai",,,599,1299,,0.0006,53.88760585065435,0.0003203034149676867,0.00027,,,,599
"2026-03-01","547216",,"Cello Classic Perfect Posture Stool (Plastic, Brown)","1 pc","Bathroom Essentials","Cello",,,498.53374635319926,612.5640835887097,,51.1111,18.45511056745486,0.8475851716353823,1.26794,0.87749,1.22237,0,499.32601177559553
"2026-03-01","524233",,"Cotton Terry Bath Towel - T101 (27.5 X 55 inches, 500 GSM, Navy Blue) by Jockey","1 pc","Bathroom Essentials","Jockey",,,798.9538251055071,799,,74.15412,0.021956542659916648,0.19714550546629656,0.36174,0.41694,0.11369,1.1885,798.759169397318
"2026-03-01","560645",,"myTrident Soft Comfort Cotton Hand Towel (16"" x 26"", Navy Blue)","4 pcs","Bathroom Essentials","MYTRIDENT",,,649.127637622519,999,,67.45319,35.02494449161368,0.20131988672203535,0.24018,0.13168,0.18343,0,162.26429886909918
"2026-03-01","638695",,"HangitNow Wood Cloth Hanger with Adjustable Clips (Beige)","3 pcs","Bathroom Essentials","HangitNow",,,299,899,,0.50733,66.74082313681869,0,0,,,,99.66666666666669
"2026-03-01","623800",,"ECO SENSE® Diamond Weave Non Terry Cotton Bath Towel (29.5"" x 59"", 180 GSM, Light Blue)","1 pc","Bathroom Essentials","ECO SENSE",,,299.1359741757666,449,,18.25665,33.33473594832108,0.1281680222849704,0.15674,0.3088,0.02739,1.02481,299.37599896305505
"2026-03-01","539858",,"HomeHarbor Stainless Steel Cloth Hanger (Silver)","1 pc","Bathroom Essentials","homeharbor",,,288,799,,2.02729,63.9549436795995,0.001379102969815525,0.00091,,,,287.99999999999994
"2026-03-01","541622",,"Welspun Quik Dry Cotton Bath Towel (27.6"" x 59.1"", Blue)","1 pc","Bathroom Essentials","Welspun",,,379,379,,0.5559,0,0,0,,,,379
"2026-03-01","615730",,"RiverSoft Hard Water Softener Shower & Tap Filter (ABS Plastic, Silver)","1 pc","Bathroom Essentials","RiverSoft",,,1699,4999,,37.91795,66.0132026405281,0.05043338234077537,0.03148,0.00837,0.00554,0.01558,1699
"2026-03-01","565493",,"myTrident Urban Comfort Unisex Cotton Bathrobe (44"" x 29"" x 8"", Beige)","1 pc","Bathroom Essentials","MYTRIDENT",,,1099,1999,,7.15471,45.02251125562781,0.004436163091572684,0.00448,,,,1099
"2026-03-01","461490",,"Bianca Paradiso Cotton Bath Towel (60"" x 28"", Wheat)","3 pcs","Bathroom Essentials","Bianca",,,835.2385824506823,1310,,49.42939,36.03667496722303,0.06151651740683351,0.07779,0.04282,0.05951,0.00035,299.57638176205825
"2026-03-01","560714",,"myTrident Soft Comfort Cotton Hand Towel (16"" x 26"", Acorn)","4 pcs","Bathroom Essentials","MYTRIDENT",,,589.1294667098495,999,,50.48126,41.02948157320655,0.140374862361387,0.15199,0.05565,0.07752,0,147.27429718891602
"2026-03-01","564543",,"Nayasa Rimmy Set of 6 Bathroom Set (Plastic, Brown)","6 pcs","Bathroom Essentials","Nayasa",,,1932.1820861275944,2565,,18.4091,24.705367956553378,0.041426771355029736,0.05874,0.25427,0.00376,0.89164,322.42099770860125
"2026-03-01","601068",,"Mush Bamboo Bath Towel (29"" x 59"", Blue)","1 pc","Bathroom Essentials","Mush",,,799,999,,28.05674,20.02002002002003,0.07925545831199962,0.11641,1.29826,0.66321,2.91403,798.9999999999999
"2026-03-01","606875",,"The Better Home Premium Bathroom Soap Dispenser (Ceramic, Black)","1 pc","Bathroom Essentials","The Better Home",,,599,1299,,5.14505,53.88760585065435,0.0009609102449030601,0.00081,,,,599
"2026-03-01","456451",,"Bianca Ultra Soft Zero Twist Paradiso Cotton Hand Towel (Navy)","1 pc","Bathroom Essentials","Bianca",,,350.21214843844393,435,,50.99442,19.376102085170732,0.05440250606678764,0.08061,0.03876,0.04993,0.01035,351.31570585957513
"2026-03-01","557183",,"Welspun 100% Cotton Quik Absorbent Cotton Bath Towel (59"" x 27.6"", Grey)","1 pc","Bathroom Essentials","Welspun",,,378.71866470972077,378.72236274193546,,67.18346,0.002016585618835207,1.0672319187698147,1.95988,2.26934,0.99212,5.51899,378.3921089462525
"2026-03-01","569269",,"WaterScience Replacement Filter Cartridge for CLEO Shower & Tap Filter CLEO-RC-100-HHC (White)","1 pc","Bathroom Essentials","Water Science",,,791.4516129032259,845,,71.97218,6.352924626982942,0.9042597000444176,1.55511,0.99536,1.23506,0.38549,791.3200094235766
"2026-03-01","560726",,"myTrident Soft Comfort Cotton Bath Towel (27"" x 54"", Grey)","1 pc","Bathroom Essentials","MYTRIDENT",,,549.4367762288974,1199,,82.11176,54.14661492785879,0.8111574089656374,0.68085,1.3221,0.42131,3.61398,549.8346922514615
"2026-03-01","526342",,"Nayasa Bubble Soap Dispenser (Plastic, Light Brown)","1 pc","Bathroom Essentials","Nayasa",,,257.87281636471613,288.95110612903227,,68.9557,11.001476617329864,0.23063785599647416,0.37754,0.61329,0.34124,1.30546,257.0035429763802
"2026-03-01","566120",,"myTrident Moments Cotton Towel Set (Tangy Tomato)","1 set","Bathroom Essentials","MYTRIDENT",,,709,1199,,0.60298,40.867389491242704,0,0,,,,709
"2026-03-01","61307",,"Gala Plastic Cloth Brush (Multicolour)","1 pc","Bathroom Essentials","Gala",,,118.93080025618916,119.99163060483872,,87.86196,0.8791889735817393,0.445616104665485,0.8114,1.41532,0.56452,3.58003,118.9330361491205
"2026-03-01","609437",,"Sakoraware 20 mtrs Braided Nylon Cloth Rope (Multicolour)","2 pcs","Bathroom Essentials","Sakoraware",,,245,799,,21.00713,69.33667083854819,0.02183910571443769,0.0123,0.02213,0.03082,0,122.49999999999999
"2026-03-01","524236",,"Jockey T101 Cotton Bath Towel -T101 (27.6"" x 55.1"", Burgundy)","1 pc","Bathroom Essentials","Jockey",,,798.9720172908982,799,,75.94486,0.011083452907342436,0.23405104321398432,0.42977,0.12695,0.12202,0.13951,798.8894699359589
"2026-03-01","547241",,"Cello Frosty Bucket (Blue)","18 ltr","Bathroom Essentials","Cello",,,279.0049891965215,386.7434480241935,,51.4819,27.846588293593168,2.547356887984076,3.37385,3.3709,4.69578,0,27900.853949249075
"2026-03-01","526341",,"Nayasa Plastic Lumina Soap Case (Plastic, Brown)","1 pc","Bathroom Essentials","Nayasa",,,124.98933207902026,124.99968572580646,,59.3716,0.006042628957275876,0.7326882563316535,1.34547,0.65008,0.13909,1.95021,124.9915525063671
"2026-03-01","560141",,"Welspun 100% Cotton 4 pc Towel Set (380 GSM, Red)","4 pcs","Bathroom Essentials","Welspun",,,649,799,,0.00076,18.773466833541928,0.00019701470997364646,0.00029,,,,162.25
"2026-03-01","606826",,"House of Quirk Bathroom Storage Organiser (Plastic, Light Grey)","1 pc","Bathroom Essentials","House of Quirk",,,449,699,,1.9237,35.7653791130186,0.00017235726486713857,0.0002,,,,449
"2026-03-01","599116",,"Kuber Industries Plastic Cloth Hanger (Cream)","12 pcs","Bathroom Essentials","Kuber Industries",,,349,899,,0.24889,61.17908787541713,0.00022167289481090478,0.00016,,,,349
"2026-03-01","569959",,"Welspun Quik Dry Cotton Bath Towel (27"" x 59"", Red)","1 pc","Bathroom Essentials","Welspun",,,369.3087557603687,369.3087557142857,,3.68694,0,0.0004524674095062589,0.00083,0,0,0,369.7675901523765
"2026-03-01","535549",,"KOPA D`Ross Quick Dry Cotton Bath Towel (56"" x 28"", Navy Blue)","1 pc","Bathroom Essentials","Kopa",,,420.4974528604869,999,,60.44505,59.86557948478622,2.316057230392203,1.69905,2.68962,3.74673,0,399.3377061267277
"2026-03-01","456448",,"Bianca Ultra Soft Zero Twist Paradiso Cotton Bath Towel (Grey)","1 pc","Bathroom Essentials","Bianca",,,604.0643021790556,875,,39.98923,30.796568489643693,0.05769096210434031,0.07371,0.01595,0.0222,0.00007,611.2734274414822
"2026-03-01","561075",,"D’Decor Brio Cotton Bath Towel (29.5'' x 59'', Grey)","1 pc","Bathroom Essentials","D Decor",,,765.6262441289123,899,,55.05904,14.843093425579102,0.05781098415834014,0.09012,0.02697,0.03757,0,764.6451296508936
"2026-03-01","592550",,"Pesca Nova Health Faucet without Pipe (Black-Silver)","1 pc","Bathroom Essentials","Pesca",,,249,499,,45.0644,50.1002004008016,0.14529150424679518,0.13314,0.485,0.67562,0,249.00000000000009
"2026-03-01","529137",,"myTrident Soft Comfort Cotton Bath Towel (27"" x 54"", Blue)","1 pc","Bathroom Essentials","MYTRIDENT",,,1199,1199,,0.13742,0,0,0,0,0,0,119900
"2026-03-01","611156",,"Zulaxy Stainless Steel, Wood Cloth Hanger with 8 Hooks (Brown)","1 pc","Bathroom Essentials","Zulaxy",,,249,899,,29.71002,72.30255839822026,0.1336394060137186,0.06797,0.03739,0.05209,0,249.00000000000006
"2026-03-01","594343",,"Pesca Retractable Rope Cloth Hanger (Stainless Steel, Silver)","1 pc","Bathroom Essentials","Pesca",,,399,1444.9107142857142,,3.3144,72.38583698943336,0.0032032819594782855,0.00163,,,,399.0000000000001
"2026-03-01","563325",,"Homestrap Laundry Basket (Grey)","1 pc","Bathroom Essentials","Homestrap",,,419.54797063105065,1099,,71.20994,61.793040351275465,0.8076377500820147,0.567,1.33507,0.27489,4.03247,419.90928211549164
"2026-03-01","543719",,"Nayasa Gloria Plastic Multipurpose Basket (Brown)","1 pc","Bathroom Essentials","Nayasa",,,221.63522375026864,275,,62.37566,20.400194711008897,0.49963082316039814,0.73176,1.71746,1.74145,1.65643,218.89486785549644
"2026-03-01","524229",,"Jockey T201 Cotton Hand Towel -T201 (15.8"" x 23.6"", Navy)","2 pcs","Bathroom Essentials","Jockey",,,439.24241544672276,439.23389342741933,,68.07232,0,0.23923220393900335,0.43933,0.32171,0.25014,0.5038,219.63369724513575
"2026-03-01","577713",,"RiverSoft DIVA-05 Hard Water Shower Filter","1 pc","Bathroom Essentials","RiverSoft",,,2299,6999,,39.00972,67.15245035005,0.23079260766947926,0.13922,0.0634,0.08527,0.00774,2299.0000000000005
"2026-03-01","581809",,"Johnson ABS Spring Jet Spray (Silver)","1 pc","Bathroom Essentials","JOHNSON",,,,,,0,,0,0,,,,
"2026-03-01","624183",,"Zulaxy Double Sided Self Adhesive Wall Hooks","10 pcs","Bathroom Essentials","Zulaxy",,,289,1299,,48.2954,77.75211701308697,0.6845415977420611,0.27968,0.64427,0.89749,0,28.9
"2026-03-01","557186",,"Welspun 100% Cotton Quik Absorbent Cotton Bath Towel (59"" x 27.6"", Pink)","1 pc","Bathroom Essentials","Welspun",,,315.1323655913978,349,,16.89602,9.704193240287173,0.0017641320857214508,0.00292,0.00099,0.00139,0,315.07231897282867
"2026-03-01","629571",,"Zulaxy Stainless Steel Cloth Dryer Stand (Silver)","1 pc","Bathroom Essentials","Zulaxy",,,2299,4999,,31.08041,54.01080216043208,0.2518176663232957,0.21267,0.05553,0.07736,0,2299.0000000000005
"2026-03-01","561079",,"D’Decor Brio Plain & Textures Cotton Hand Towel (15.7"" x 23.6"", Beige)","1 pack","Bathroom Essentials","D Decor",,,383.98443549460075,449,,31.26501,14.484059480692224,0.01997154003679644,0.03099,0.00862,0.012,0,379.6975052017177
"2026-03-01","587665",,"Umai Soap Dispenser (Ceramic, Pastel Pink)","1 pc","Bathroom Essentials","Umai",,,,,,0,,0,0,,,,
"2026-03-01","566142",,"myTrident Urban Comfort Cotton Hair Wrap (10"" x 25"", Wine)","1 pc","Bathroom Essentials","MYTRIDENT",,,289,499,,12.82462,42.08416833667334,0.0006718079332608285,0.00071,0.00004,0.00006,0,289
"2026-03-01","547363",,"myTrident Aroma Vanilla Cotton Towel Set (30"" x 59"", 16"" x 24"", Beige, Off White)","4 pcs","Bathroom Essentials","MYTRIDENT",,,1829,2199,,1.24883,16.825829922692133,0,0,,,,1829
"2026-03-01","599006",,"Kuber Industries Plastic Cloth Hanger (Grey)","12 pcs","Bathroom Essentials","Kuber Industries",,,393,399,,0.39841,1.5037593984962405,0.00034434466435902575,0.00062,,,,32.75
"2026-03-01","598464",,"Kuber Industries Steel Cloth Clips (Silver)","12 pcs","Bathroom Essentials","Kuber Industries",,,199,299,,0.62645,33.44481605351171,0.0001474527496899628,0.00018,,,,199
"2026-03-01","557105",,"Welspun 100% Cotton Quik Absorbent Cotton Bath Towel (59"" x 27.6"", Green)","1 pc","Bathroom Essentials","Welspun",,,349,349,,11.02008,0,0.001376882298102516,0.00253,0.00055,0.00076,0,348.9999999999999
"2026-03-01","481156",,"Sophiya Plastic Cloth Clips - Set of 12 (Multicolour)","12 pcs","Bathroom Essentials","sophiya",,,109,179,,81.58505,39.10614525139665,1.1307701972497703,1.2645,1.32858,1.85076,0,9.083333333333334
"2026-03-01","598316",,"Kuber Industries Cotton Face Towel (20"" x 13"", Orange)","4 pcs","Bathroom Essentials","Kuber Industries",,,298,1996,,1.01532,85.07014028056112,0.009373329546384365,0.00257,0,0.00001,0,74.5
"2026-03-01","547364",,"myTrident Aroma Strawberry Cotton Towel Set (Pink, Peach)","4 pcs","Bathroom Essentials","MYTRIDENT",,,1649,2199,,0.62975,25.01136880400182,0,0,0.0005,0.0007,0,1648.9999999999998
"2026-03-01","596013",,"Zulaxy Adhesive Wall Hooks (Stainless Steel, Plastic, Transparent)","10 pcs","Bathroom Essentials","Zulaxy",,,279,1299,,38.10847,78.52193995381062,0.2566186476072091,0.10122,0.16062,0.22375,0,27.9
"2026-03-01","618451",,"HangitNow Wood Cloth Hanger (Light Brown)","12 pcs","Bathroom Essentials","HangitNow",,,749,1599,,58.85398,53.15822388993121,0.1665471784004654,0.14327,0.09859,0.13733,0,62.41666666666667
"2026-03-01","526281",,"Nayasa Extra Grip Max Plastic Cloth Hanger (Orange)","6 pcs","Bathroom Essentials","Nayasa",,,272.4033154041031,355,,72.99154,23.784655796716233,0.5938842292327662,0.83077,1.1966,1.11826,1.39593,45.08082864123859
"2026-03-01","606831",,"Mr. Right Laundry Bag with Handles (Multicolour)","1 pc","Bathroom Essentials","Mr. Right",,,459,776.4193548387096,,1.6094,40.88246291910757,0.0005169489992968323,0.00073,,,,458.99999999999994
"2026-03-01","569577",,"WaterScience Health Faucet (PURO HFE 124 Chrome) (Chrome)","1 pc","Bathroom Essentials","Water Science",,,461.48560895325875,995,,72.67793,53.61170730649395,0.49786768157415157,0.42409,1.30638,1.4176,1.02341,461.54523665407015
"2026-03-01","532115",,"Full Houz Plastic Cloth Clips (Multicolour)","12 pcs","Bathroom Essentials","fullhouz",,,109,179,,87.21232,39.10614525139664,0.5936793911303754,0.66389,0.72869,1.01508,0,9.083333333333336
"2026-03-01","592782",,"Kuber Industries Jute Laundry Basket (Beige)","1 pc","Bathroom Essentials","Kuber Industries",,,384,1599,,0.3379,75.98499061913697,0.0011828294700538824,0.00052,,,,384
"2026-03-01","560723",,"myTrident Soft Comfort Cotton Bath Towel (27"" x 54"", Black)","1 unit","Bathroom Essentials","MYTRIDENT",,,548.77284129503,1199,,80.44118,54.32356484171376,1.3127168263303235,1.10029,3.19871,0.90073,9.04547,547.6182658668413
"2026-03-01","545184",,"Full Houz Nylon Cloth Rope (10 m) (Blue)","1 pc","Bathroom Essentials","fullhouz",,,69,99,,81.2452,30.30303030303031,0.2512069313005271,0.32153,0.42649,0.59412,0,69.00000000000001
"2026-03-01","456445",,"Bianca Ultra Soft Zero Twist Paradiso Cotton Bath Towel (Navy Blue)","1 pc","Bathroom Essentials","Bianca",,,604.6520810495929,875,,46.91567,30.87579295584829,0.09108684434734479,0.11193,0.01953,0.02718,0.00006,607.7043418431045
"2026-03-01","596012",,"Zulaxy Adhesive Wall Hooks (Plastic, Transparent)","2 pcs","Bathroom Essentials","Zulaxy",,,279,1299,,56.42273,78.52193995381063,0.3435423264964543,0.1355,0.23362,0.32543,0,139.5
"2026-03-01","563914",,"House of Quirk Collapsible Laundry Basket (Beige, White)","1 pc","Bathroom Essentials","House of Quirk",,,599,899,,0.50557,33.370411568409345,0,0,,,,599
"2026-03-01","581801",,"Johnson Square Stainless Steel Floor Drainer","1 pc","Bathroom Essentials","JOHNSON",,,425,525,,0.48854,19.047619047619047,0.0001294528813379796,0.00019,,,,425
"2026-03-01","561082",,"D’Decor Plains & Textures Cotton Hand Towel (15.7"" x 23.6"", Blue)","1 pack","Bathroom Essentials","D Decor",,,386.33080653505016,449,,14.81908,13.95522991320006,0.011091875724606086,0.0175,0.00225,0.00313,0,386.468836170859
"2026-03-01","626503",,"The Better Home Bathroom Accessories Set (PP + ABS, Light Pink)","4 pcs","Bathroom Essentials","The Better Home",,,699,1299,,40.37086,46.18937644341801,0.02735744903068935,0.02703,0.33027,0.09538,0.92789,698.9999999999999
"2026-03-01","565536",,"myTrident Urban Comfort Unisex Cotton Bathrobe (44"" x 29"" x 8"", Wine)","1 pc","Bathroom Essentials","MYTRIDENT",,,1099,1999,,1.33085,45.02251125562781,0.0029574420610484565,0.00299,,,,1099
"2026-03-01","592593",,"Pesca Nova Health Faucet without Pipe (Silver)","1 pc","Bathroom Essentials","Pesca",,,299,499,,67.9396,40.08016032064129,0.3357943607251123,0.3695,0.93685,1.30506,0,298.99999999999994
"2026-03-01","481119",,"Fackelmann Adhesive Oval Shaped Hooks","3 pcs","Bathroom Essentials","Fackelmann",,,121.81399126266382,191.64275346774195,,83.91098,36.61889657756927,0.4057011698674872,0.47253,0.1138,0.15853,0,40.51112570436884
"2026-03-01","541543",,"myTrident His and Her Cotton Bath Towel (30"" x 59"", Rose Down)","2 pcs","Bathroom Essentials","MYTRIDENT",,,1559,2049,,0.91945,23.914104441190826,0,0,,,,779.5
"2026-03-01","481228",,"M-Seal Sanitary White Putty Sealant For Plumbing (Resin, White)","200 g","Bathroom Essentials","M-Seal",,,68.9973072076613,74.99995798387097,,82.55352,8.002835304902275,0.41100867142657693,0.6944,0.18143,0.25274,0,68.99772882562092
"2026-03-01","541538",,"Nautica Vintage Crew Stripe Super Soft Cotton Hand Towel (24"" x 16"", Burgundy)","2 pcs","Bathroom Essentials","Nautica",,,452.1947851767507,839,,34.32141,48.61053208812119,0.1297125963660966,0.11487,0.1259,0.17427,0.00281,199.6655942248674
"2026-03-01","557184",,"Welspun 100% Cotton Quik Absorbent Cotton Bath Towel (59"" x 27.6"", Blue)","1 pc","Bathroom Essentials","Welspun",,,378.9998660011802,378.99992625,,62.78136,0.000057980076725583586,0.47697892348923054,0.87593,0.43248,0.60246,0,378.9995048996026
"2026-03-01","621279",,"RiverSoft Kitchen Tap Extender with Filter","1 set","Bathroom Essentials","RiverSoft",,,899,1899,,2.49906,52.6592943654555,0.0014047486952047045,0.00122,,,,899
"2026-03-01","609898",,"WonderStand Toilet Roll Holder with Mobile Shelf (Black)","1 pc","Bathroom Essentials","WonderStand",,,298.9746666666666,299,,33.9548,0.006556568650859028,0.02357937630534017,0.0433,0.00107,0.00149,0,298.99988101805957
"2026-03-01","548908",,"Nayasa Extra Grip Plastic Cloth Hanger Set (Grey)","6 pcs","Bathroom Essentials","Nayasa",,,317.97988005605896,355,,68.8792,12.359924967776086,0.18994385082693113,0.30589,0.60271,0.30797,1.35261,51.74319302143129
"2026-03-01","541450",,"Homestrap Velvet Plastic Cloth Hanger (Black)","10 pcs","Bathroom Essentials","Homestrap",,,468.94364336059266,799.5687791532258,,67.59369,41.380828898906145,0.9707521539344276,1.04366,1.67352,0.88672,3.67538,46.88295148344638
"2026-03-01","604046",,"Gluman Stainless Steel, Plastic Cloth Hanger (Black)","10 pcs","Bathroom Essentials","Gluman",,,399,449,,43.32296,11.135857461024493,0.10563379528293905,0.17239,0.11784,0.16415,0,39.89999999999999
"2026-03-01","611161",,"Wewel Premium Polypropylene Cloth Hanger (Black)","20 pcs","Bathroom Essentials","Wewel",,,349,1250,,66.08895,72.08,3.4964397695076115,1.79272,1.69535,2.36168,0,348.99999999999994
"2026-03-01","569250",,"WaterScience Shower and Tap Filter for Hard Water CLEO SFU-717 HHC","1 pc","Bathroom Essentials","Water Science",,,2294.7419354838707,2795,,65.1211,17.898280762986413,0.6673477267006723,1.00618,0.50883,0.39696,0.79345,2294.750451336511
"2026-03-01","109897",,"Scotch Brite Dishwand Soap Dispenser (Pump)","1 pc","Bathroom Essentials","Scotch brite",,,412.489073030303,414.85545399999995,,29.25922,0.5704109580531054,0.004803324011200216,0.00876,0.00967,0.01347,0,418.4747195162016
"2026-03-01","477394",,"Aravi Plastic Multicolour Plastic Cloth Clips (Multicolour)","12 pcs","Bathroom Essentials","Aravi",,,89.0170842933948,149,,72.79505,40.246304011340825,1.7394685718638665,1.90816,2.0577,2.86645,0,7.419417251925181
"2026-03-01","608094",,"Zulaxy Self Adhesive Multipurpose Shelf with Hooks","1 pc","Bathroom Essentials","Zulaxy",,,299,1299,,51.65439,76.98229407236335,0.990227944175775,0.41857,0.11459,0.15963,0,299
"2026-03-01","608087",,"Zulaxy Self-Adhesive Corner Multipurpose Shelf","2 pcs","Bathroom Essentials","Zulaxy",,,499,2499,,45.537,80.03201280512204,1.0848568937966352,0.39781,0.09717,0.13537,0,249.5
"2026-03-01","577485",,"RiverSoft SFC-15 Pro Tap & Shower Filter Cartridge","1 pc","Bathroom Essentials","RiverSoft",,,729,2499,,51.33496,70.82833133253301,0.18592957467563892,0.0996,0.11086,0.14304,0.02899,729.0000000000001
"2026-03-01","615660",,"Zulaxy Waterproof Gap Filler Sealant","180 ml","Bathroom Essentials","Zulaxy",,,249,899,,41.4709,72.30255839822024,0.5841512470338719,0.29712,0.0257,0.03581,0,138.33333333333337
"2026-03-01","461483",,"Bianca Paradiso Cotton Bath Towel (60"" x 28"", Burgundy)","1 set","Bathroom Essentials","Bianca",,,821.9753491444055,1310,,52.96251,36.52748593198774,0.09607843871131694,0.10327,0.04708,0.06553,0.00013,873.1134049864445
"2026-03-01","426590",,"Gala Chandra Plastic Cloth Brush (White, Green)","1 pc","Bathroom Essentials","Gala",,,74.96642593018953,74.99892566820276,,89.51253,0.048103583426163665,0.18975078775862667,0.34842,0.90082,0.44643,2.05694,74.96055331648627
"2026-03-01","541477",,"Nautica Vintage Crew Stripe Super Soft Cotton Bath Towel (60"" x 30"", Grey)","1 pc","Bathroom Essentials","Nautica",,,783.9139921971152,1699,,49.68862,54.2102867413985,0.24863277111135196,0.20529,0.12516,0.17399,0.0009,768.3594493109689
"2026-03-01","100000008","100000008","Dummy Product","100g","Bathroom Essentials","dummy",0.09454999999999997,,,,0,,,6.994154246003411e-8,,,,,
"2026-03-01","559343",,"Ratan Brooms Simpli Clean Plastic Cloth Brush (Multicolour)","1 pc","Bathroom Essentials","ratan brooms",,,58.996110515255715,65,,87.06931,9.23185464025564,1.1493944493965993,1.91589,1.47316,2.05216,0,58.99929448383384
"2026-03-01","534092",,"Navum Gamcha (Red)","1 pc","Bathroom Essentials","Navum",,,99,300,,0.07792,67,0.0002589057626759592,0.00016,,,,99
"2026-03-01","560945",,"D’Decor Plain & Textured Cotton Towel Set (Bath: 29.5"" x 59"" Hand: 15.7"" x 23.6"", Magenta)","1 set","Bathroom Essentials","D Decor",,,1267.9823366916487,1499,,38.38397,15.40555871620906,0.042033586544551395,0.06517,0.02609,0.03635,0,1266.4667996216563
"2026-03-01","588424",,"Nike Cooling Polyester Hand Towel (Small, Black)","1 pc","Bathroom Essentials","Nike",,,2141.441755946921,2259,,53.42749,5.2043509073795615,0.033518513327361325,0.05854,0.04431,0.06172,0,2140.8977489996487
"2026-03-01","541479",,"Nautica Vintage Crew Stripe Super Soft Cotton Face Towel (12"" x 12"", Burgundy)","4 pcs","Bathroom Essentials","Nautica",,,310.39542788160384,759,,42.4014,58.97712354413544,0.1513245500000544,0.11409,0.0709,0.09808,0.00176,78.0379233091266
"2026-03-01","556170",,"OCKO Circular Clear Wall Mirror With Black Finish Aluminium Frame (12"")","1 pc","Bathroom Essentials","Ocko",,,2499,2499,,0.72577,0,0,0,,,,2499
"2026-03-01","606862",,"Mr. Right Laundry Bag with Handles (Green)","1 pc","Bathroom Essentials","Mr. Right",,,459,799,,1.78143,42.5531914893617,0.00019701470997364646,0.00021,,,,459
"2026-03-01","636302",,"Tinums Stainless Steel Cloth Hanger (Silver)","12 pcs","Bathroom Essentials","Tinums",,,378,499,,56.8861,24.248496993987978,0.4563861316775856,0.63488,0.52659,0.73356,0,31.50000000000001
"2026-03-01","456447",,"Bianca Ultra Soft Zero Twist Paradiso Cotton Bath Towel (Wheat)","1 pc","Bathroom Essentials","Bianca",,,565.2557618887562,875,,45.54924,36.72177772390624,0.06617066583542584,0.06374,0.01305,0.01805,0.00035,524.3166563404673
"2026-03-01","557193",,"Welspun 100% Cotton Rapid Absorbent Cotton Bath Towel (59"" x 27.6"", Magenta)","1 pc","Bathroom Essentials","Welspun",,,379,379,,76.02625,2.0517384913769193e-14,1.6781453845681378,3.08177,3.50351,1.14748,9.49799,378.99999999999994
"2026-03-01","535550",,"KOPA D`Ross Quick Dry Cotton Bath Towel (56"" x 28"", Taupe)","1 pc","Bathroom Essentials","Kopa",,,400.86655155479207,999,,46.97568,59.959232119990055,0.4034994877825743,0.29608,0.15628,0.2177,0,399.4701445550358
"2026-03-01","561088",,"D’Decor Plains & Textures Cotton Hand Towel (15.7"" x 23.6"", Grey)","1 pack","Bathroom Essentials","D Decor",,,388.82081761821695,449,,34.2908,13.403231065237344,0.032377415027866306,0.0515,0.03068,0.04274,0,388.82033370963086
"2026-03-01","563851",,"House of Quirk Round Collapsible Cotton Laundry Basket (Black)","1 pc","Bathroom Essentials","House of Quirk",,,599,999,,26.31621,40.04004004004004,0.05745532013403693,0.06326,0.09197,0.05067,0.19706,598.9999999999998
"2026-03-01","604241",,"WonderStand Over Door Hooks (Black)","1 pc","Bathroom Essentials","WonderStand",,,299,300.3827380803571,,44.68566,0.3685009897584233,0.12123352806372577,0.22236,0.04585,0.06387,0,298.9999999999999
"2026-03-01","616322",,"Kuber Industries Plastic Cloth Hanger (Black)","10 pcs","Bathroom Essentials","Kuber Industries",,,,,,0,,0,0,,,,
"2026-03-01","560719",,"myTrident Soft Comfort Cotton Bath Towel (27"" x 54"", Allure)","1 pc","Bathroom Essentials","MYTRIDENT",,,531.9976785714288,1199,,54.59624,55.62962803804356,0.39599386150375077,0.32267,0.21837,0.09034,0.54411,532.0034718051439
"2026-03-01","631530",,"WaterScience Kitchen Tap Extender for Sink AERA WSN-523 (Silver)","1 pc","Bathroom Essentials","Water Science",,,695,795,,38.79128,12.578616352201264,0.011584313005754259,0.0186,0.01538,0.02143,0,695
"2026-03-01","607800",,"Zulaxy Wall Mount Toothbrush Holder (ABS Plastic, Multicolour)","2 pcs","Bathroom Essentials","Zulaxy",,,199,899,,50.97626,77.8642936596218,1.7785951637653608,0.72301,0.58159,0.81017,0,99.50000000000003
"2026-03-01","535547",,"KOPA D`Ross Quick Dry Cotton Bath Towel (56"" x 28"", Solid Red)","1 pc","Bathroom Essentials","Kopa",,,419.8004811053927,999,,53.04706,56.82232739569922,0.2261869574683514,0.17092,0.12146,0.1692,0,439.8810478903118
"2026-03-01","623636",,"Eco Sense Diamond Weave Non Terry Cotton Bath Towel (29.5"" x 59"", Pink)","1 pc","Bathroom Essentials","ECO SENSE",,,299.16882123699827,449,,17.69962,33.32981130154064,0.1528758608091255,0.18743,0.21554,0.03768,0.66808,299.41816197394746
"2026-03-01","628973",,"Wewel Ryno Plastic Cloth Clips (Multicolour)","48 pcs","Bathroom Essentials","Wewel",,,499,1000,,54.02263,50.1,0.6242550831749718,0.57205,0.46599,0.64914,0,10.395833333333336
"2026-03-01","599992",,"Kuber Industries Super Absorbent Bath Towel (Cotton, Blue)","1 pc","Bathroom Essentials","Kuber Industries",,,,,,0,,0,0,,,,
"2026-03-01","591371",,"WaterScience Shower & Tap Filter for Hard Water - CLEO-SFU-423 (Silver)","1 pc","Bathroom Essentials","Water Science",,,1375,2295,,75.2277,40.08714596949891,4.535931409350353,4.99066,0.60841,0.29246,1.4123,1374.9999999999998
"2026-03-01","569598",,"Decathlon Microfiber Quickdry Towel - Dark Blue, 85x160cm - NABAIJI","1 pc","Bathroom Essentials","nabaiji by decathlon",,,621.992628813268,899,,86.24065,30.812947151584368,2.6160981573832287,3.32401,1.39277,1.82115,0.30285,621.9916036845883
"2026-03-01","570051",,"Welspun Cotton Hand Towel (27"" x 59"", Anemone)","2 pcs","Bathroom Essentials","Welspun",,,169,169,,0.05525,0,0.0002708649897193371,0.0005,0,0,0,84.49999999999999
"2026-03-01","627764",,"Peepul Tree Hand Block Printed Cotton Bath Towel (60"" x 30"" x 0.1"", White)","1 pc","Bathroom Essentials","Peepul Tree",,,669.2512903328452,2101,,71.5412,68.15208621535369,0.5028206442394095,0.29405,1.23996,0.05684,4.2502,669.0489869833244
"2026-03-01","569576",,"WaterScience Kitchen Tap Extender Compact-AERA WSN-523-C","1 pc","Bathroom Essentials","Water Science",,,694.8709677419355,1495,,52.96227,53.51984059471758,0.13233428869437616,0.11296,0.11026,0.02524,0.32656,694.8931052818447
"2026-03-01","596506",,"Umai Ceramic Soap Dispenser (Ceramic, Black)","1 pc","Bathroom Essentials","Umai",,,549,999,,0.6478,45.04504504504504,0.0003276193520901588,0.00033,,,,549
"2026-03-01","567226",,"myTrident Celebration Cotton Towel Set (30"" x 59"", 24"" x 47"", 16"" x 24"", Midnight Blue)","4 pcs","Bathroom Essentials","MYTRIDENT",,,1129,2599,,0.00107,56.560215467487495,0,0,,,,282.25
"2026-03-01","560140",,"Welspun 100% Cotton 4 pc Towel Set (380 GSM, Grey)","4 pcs","Bathroom Essentials","Welspun",,,649,799,,1.84113,18.773466833541928,0.0007880588398945859,0.00118,0.00013,0.00018,0,162.25
"2026-03-01","598282",,"Kuber Industries Floral Design Cotton Bath Towel (30"" x 60"", Red)","1 pc","Bathroom Essentials","Kuber Industries",,,499,999,,0.00056,50.050050050050054,0.0008621561897109442,0.00079,,,,499
"2026-03-01","561072",,"D’Decor Brio Cotton Bath Towel (29.5'' x 59'', Navy Blue)","1 pc","Bathroom Essentials","D Decor",,,769,899,,30.93266,14.46051167964405,0.036118724614377,0.05674,0.02085,0.02904,0,769
"2026-03-01","606784",,"The Better Home Square Soap Dispenser For Bathroom (Ceramic, Black)","1 pc","Bathroom Essentials","The Better Home",,,569,1299,,0.79713,56.19707467282525,0.0003203034149676867,0.00026,,,,569
"2026-03-01","560926",,"D’Decor Brio 100% Cotton Plains & Textures 4 pc Towel Set (500 GSM, Peach)","1 set","Bathroom Essentials","D Decor",,,,,,0,,0,0,0,0,0,
"2026-03-01","628408",,"Scotch Brite Bathroom Tile Scrubber (Plastic, Green)","1 pc","Bathroom Essentials","Scotch brite",,,157.10591304078696,160.09358826612902,,78.67266,1.8787413949880944,0.9000399259509051,1.62188,0.33264,0.38983,0.18713,157.0661390311467
"2026-03-01","547361",,"myTrident Aroma Sandalwood Cotton Towel Set (30"" x 59"", 16"" x 24"", Brown, Beige)","4 pcs","Bathroom Essentials","MYTRIDENT",,,1829,2199,,1.35694,16.825829922692133,0,0,0.00023,0.00026,0.00014,457.25
"2026-03-01","601042",,"Mush Bamboo Face Towel (13"" x 13"", Grey, Navy Blue, Sky Blue)","1 set","Bathroom Essentials","Mush",,,499.41448433919027,799,,37.65815,37.45040510961126,0.12044232758733381,0.13814,1.1376,1.11693,1.19021,500.03453020760463
"2026-03-01","620826",,"Lorazzo S1 Health Faucet Set","1 pc","Bathroom Essentials","Lorazzo",,,1299,2799,,37.89323,53.59056806002144,0.023838430014166228,0.02032,0.09699,0.12759,0.01913,1299.0000000000002
"2026-03-01","628588",,"The Better Home Bamboo Laundry Basket (Light Brown)","1 pc","Bathroom Essentials","The Better Home",,,1299,2299,,18.46606,43.49717268377557,0.17357921129927908,0.18011,0.09211,0.08998,0.09752,1298.9999999999998
"2026-03-01","611163",,"Wewel Plastic Cloth Clips (Multicolour)","36 pcs","Bathroom Essentials","Wewel",,,299,500,,60.34448,40.2,1.290484236377502,1.41718,1.31633,1.8337,0,8.305555555555554
"2026-03-01","583441",,"Kuber Industries Plastic Cloth Hanger Set (Black)","6 pcs","Bathroom Essentials","Kuber Industries",,,230,499,,0.03683,53.90781563126252,0.00012304163492337237,0.0001,,,,38.333333333333336
"2026-03-01","557194",,"Welspun Fast Absorbent Cotton Bath Towel (27"" x 59"", Green)","1 pc","Bathroom Essentials","Welspun",,,342.97472646528365,378.9865470852018,,39.30501,9.504058113088409,0.3863532709358635,0.64209,0.10633,0.14812,0,342.97597474773715
"2026-03-01","548329",,"Limetro Steel Foldable Stainless Steel Cloth Dryer Stand (Silver)","1 pc","Bathroom Essentials","Limetro Steel",,,1802.1027519249917,4999,,76.4659,64.02562264403821,2.355524406906652,1.54298,0.2802,0.39033,0,1796.5406867640581
"2026-03-01","611160",,"Wewel Stainless Steel Cloth Hanger with 25 Clips (Silver)","1 pc","Bathroom Essentials","Wewel",,,349,999,,59.78777,65.06506506506506,0.3199293752918103,0.20525,0.25807,0.35951,0,348.99999999999994
"2026-03-01","535660",,"PrettyKrafts Chevron Print 45 Ltrs Laundry Bag (Black, White)","1 pc","Bathroom Essentials","PrettyKrafts",,,149.03584464804902,499,,80.20029,70.1386820881744,3.7976037535048586,2.082,1.60241,2.23222,0,149.00797638000972
"2026-03-01","563521",,"House of Quirk Cotton Storage Box / Closet Organizer (Dark Grey)","1 pc","Bathroom Essentials","House of Quirk",,,449,999,,0.59334,55.05505505505506,0.00024633033991741264,0.0002,,,,449
"2026-03-01","606823",,"The Better Home Liquid Soap Dispenser For Bathroom (Ceramic, Black)","1 pc","Bathroom Essentials","The Better Home",,,,,,0,,0,0,,,,
"2026-03-01","620846",,"The Better Home Polyester Laundry Basket (Yellow)","1 pc","Bathroom Essentials","The Better Home",,,679,1299,,40.97955,47.72902232486528,0.024329256161739806,0.02335,0.03502,0.04878,0,679
"2026-03-01","541482",,"Nautica Vintage Crew Stripe Super Soft Cotton Hand Towel (24"" x 16"", Grey)","2 pcs","Bathroom Essentials","Nautica",,,358.59775404530745,839,,26.54966,57.268386875515965,0.07947708978188849,0.06229,0.03878,0.05402,0.00001,179.17505575492393
"2026-03-01","592548",,"Pesca Nova Health Faucet without Pipe","1 pc","Bathroom Essentials","Pesca",,,249,499,,26.49786,50.100200400801604,0.0033514233984969664,0.00307,0.06215,0.08658,0,249
"2026-03-01","541476",,"Nautica Vintage Crew Stripe Super Soft Cotton Bath Towel (60"" x 30"", Burgundy)","1 pc","Bathroom Essentials","Nautica",,,749,1699,,53.96026,55.915244261330194,0.20007335977678636,0.16198,0.10414,0.14505,0.00004,749.0000000000001
"2026-03-01","541451",,"Homestrap Wood Cloth Hanger (Brown)","12 pcs","Bathroom Essentials","Homestrap",,,1028.0383784912065,1299,,77.68415,20.975712418836626,1.6854024287666396,2.45393,1.16313,0.84043,1.98419,85.54470571462134
"2026-03-01","546379",,"myTrident Soft Fashion Jacquard Cotton Hand Towel (26"" x 16.1"", Beige, White)","2 pcs","Bathroom Essentials","MYTRIDENT",,,439,699,,0.36034,37.19599427753934,0,0,,,,438.99999999999994
"2026-03-01","624647",,"HangitNow Velvet Cloth Hanger Set (Black)","24 pcs","Bathroom Essentials","HangitNow",,,549,1999,,64.84182,72.53626813406704,0.7277772460164488,0.36705,0.17631,0.24561,0,22.875000000000004
"2026-03-01","629546",,"New Dawn Bathroom Shelf (Plastic, Multicolour)","2 pcs","Bathroom Essentials","New Dawn",,,446.1704253072197,1000,,54.43624,55.45129901590798,1.0068383836563966,0.82378,0.49639,0.69148,0,445.42565453763615
"2026-03-01","629539",,"New Dawn Liquid Soap Dispenser (Plastic, Multicolour)","2 pcs","Bathroom Essentials","New Dawn",,,269,700,,56.07057,61.57142857142858,0.9334337117969623,0.65873,0.67302,0.93755,0,268.99999999999994
"2026-03-01","606864",,"The Better Home Soap Dispenser For Bathroom (Ceramic, Green)","1 pc","Bathroom Essentials","The Better Home",,,569,1299,,12.22378,56.19707467282525,0.00608256185023637,0.00489,0.00648,0.00357,0.01388,568.9999999999999
"2026-03-01","481123",,"Fackelmann Triangle Adhesive Hooks","2 pcs","Bathroom Essentials","Fackelmann",,,284,299,,1.00259,5.016722408026756,0,0,,,,14200
"2026-03-01","564128",,"House of Quirk Round Collapsible Cotton Laundry Basket (Grey)","1 pc","Bathroom Essentials","House of Quirk",,,699,999,,13.93761,30.03003003003003,0.012181035308916054,0.01565,0.01609,0.00838,0.03571,699.0000000000001
"2026-03-01","526334",,"Nayasa SQ Ring Bathroom Mug (Brown)","1 pc","Bathroom Essentials","Nayasa",,,118.98836840421546,118.99867560483871,,81.56637,0.011000538071090388,0.8176839542534025,1.50118,1.84393,0.47269,5.3328,118.98209429898135
"2026-03-01","560936",,"D’Decor Brio 100% Cotton Plains & Textures 4 pc Towel Set (500 GSM, Grey)","1 set","Bathroom Essentials","D Decor",,,1758.0945032050731,1999,,42.68336,12.045562920703098,0.03634838068344732,0.05933,0.00796,0.01108,0,1771.96544997594
"2026-03-01","613761",,"Bathla 3 Level Steel Cloth Dryer Stand (Orange)","1 pc","Bathroom Essentials","Bathla",,,2332.666696742526,3865.534199159664,,41.82521,39.701478720775356,0.43559517265545783,0.48433,0.0737,0.09452,0.02074,2335.4339910717395
"2026-03-01","461493",,"Bianca Paradiso Cotton Bath Towel (60"" x 28"", Grey)","1 set","Bathroom Essentials","Bianca",,,886.1410473022315,1310,,59.35705,32.513304921824584,0.07639417089228598,0.09417,0.06168,0.08581,0.0003,878.8492057326912
"2026-03-01","628979",,"Wewel Heavy Quality Plastic Cloth Clips (Multicolour)","80 pcs","Bathroom Essentials","Wewel",,,499,1200,,50.92516,58.416666666666664,0.4324919533348694,0.33027,0.32178,0.44825,0,6.237499999999997
"2026-03-01","582679",,"RiverSoft ABS Tap Extender For Kitchen Sink","1 pc","Bathroom Essentials","RiverSoft",,,799,2999,,3.58888,73.35778592864288,0.0007394844201628233,0.00036,,,,799.0000000000001
"2026-03-01","560718",,"myTrident Soft Comfort Cotton Bath Towel (27"" x 54"", Navy Blue)","1 pc","Bathroom Essentials","MYTRIDENT",,,548.4982078853047,1199,,4.62571,54.253694087964575,0.0023651677588894305,0.00199,0.00044,0.00047,0.00036,548.9723484318796
"2026-03-01","582247",,"Homestrap Multipurpose Holder & Soap Dispenser (Plastic, White)","1 set","Bathroom Essentials","Homestrap",,,398.4871225606358,502.28437979838714,,67.46286,21.33146335978713,0.4060107153781504,0.57999,0.3768,0.52489,0,397.28091543589665
"2026-03-01","535551",,"KOPA D`Ross Quick Dry Cotton Hand Towel (24"" x 16"", Red)","2 pcs","Bathroom Essentials","Kopa",,,347.152740571959,499,,35.19275,33.03273175139745,0.08016175201640081,0.09219,0.01948,0.02714,0,159.73029187251106
"2026-03-01","611180",,"Zulaxy Flower Adhesive Wall Hooks","10 pcs","Bathroom Essentials","Zulaxy",,,199,899,,55.99469,77.86429365962181,0.5795255678829435,0.23558,0.65851,0.89472,0.0575,19.900000000000002
"2026-03-01","625999",,"Royalkart Foldable Polyester Laundry Basket (Off White)","1 pc","Bathroom Essentials","Royalkart",,,499,1000,,10.72563,50.10000000000001,0.03130504511240049,0.02869,0.01237,0.01512,0.00537,499
"2026-03-01","560727",,"myTrident Soft Comfort Air Rich Cotton Bath Towel (27"" x 54"", Acorn)","1 pc","Bathroom Essentials","MYTRIDENT",,,523.1734722737925,1199,,56.0951,56.36999820821471,0.2472971569123585,0.19811,0.1731,0.05302,0.47864,523.0894632265288
"2026-03-01","609446",,"G.Fidel Faucet Aerator 1080° Tap Extender","1 pc","Bathroom Essentials","G.Fidel",,,99,299,,2.75869,66.88963210702342,0,0,,,,99
"2026-03-01","604200",,"Zulaxy Anti-Vibration Washing Machine Pad (Rubber, Multicolour)","4 pcs","Bathroom Essentials","Zulaxy",,,274,1299,,52.62974,78.90685142417244,0.29344542548216007,0.11367,0.00071,0.00099,0,68.5
"2026-04-01","581452",,"Johnson Coral Brass Bib Cock Faucet","1 pc","Bathroom Essentials","JOHNSON",,,875,1200,,1.71429,27.083333333333332,0,0,,,,875
"2026-04-01","547245",,"Cello Petal Bathroom Set (Plastic, Light Grey)","1 set","Bathroom Essentials","Cello",,,699.0214451298543,1149.132676551724,,42.01057,39.16950093589209,2.183703160196484,2.36092,2.32715,3.50583,0,699.0216680022957
"2026-04-01","557183",,"Welspun 100% Cotton Quik Absorbent Cotton Bath Towel (59"" x 27.6"", Grey)","1 pc","Bathroom Essentials","Welspun",,,378.97564707794004,378.97893737500004,,67.9581,0.0015116140749914053,2.119274284583242,3.76609,3.12474,1.29513,6.73705,378.95926379331803
"2026-04-01","606875",,"The Better Home Premium Bathroom Soap Dispenser (Ceramic, Black)","1 pc","Bathroom Essentials","The Better Home",,,599,1299,,2.72024,53.88760585065435,0.0008174845046836826,0.00067,,,,599
"2026-04-01","532122",,"Full Houz Plastic Cloth Clips (Brown)","12 pcs","Bathroom Essentials","fullhouz",,,69.62719703741678,179,,50.6625,61.013488287416585,0.42794388344661455,0.29787,0.17204,0.25917,0,5.815663365620455
"2026-04-01","596013",,"Zulaxy Adhesive Wall Hooks (Stainless Steel, Plastic, Transparent)","10 pcs","Bathroom Essentials","Zulaxy",,,279,1299,,34.41588,78.52193995381062,0.22058255905614302,0.08419,0.09077,0.13675,0,27.9
"2026-04-01","545184",,"Full Houz Nylon Cloth Rope (10 m) (Blue)","1 pc","Bathroom Essentials","fullhouz",,,69,99,,84.52585,30.303030303030294,0.26339626533371174,0.32623,0.61567,0.9275,0,69
"2026-04-01","526281",,"Nayasa Extra Grip Max Plastic Cloth Hanger (Orange)","6 pcs","Bathroom Essentials","Nayasa",,,293.8716078157778,355,,73.53126,17.487514020063575,0.4458162379254888,0.65211,0.94651,1.01211,0.81699,48.80654802296802
"2026-04-01","535553",,"KOPA D`Ross Quick Dry Cotton Hand Towel (24"" x 16"", Taupe)","2 pcs","Bathroom Essentials","Kopa",,,300.39151011969534,499,,53.55381,39.590484786533516,0.16190629886930927,0.17266,0.17799,0.26814,0,150.91898331574328
"2026-04-01","556170",,"OCKO Circular Clear Wall Mirror With Black Finish Aluminium Frame (12"")","1 pc","Bathroom Essentials","Ocko",,,2499,2499,,0.11654,0,0.001572666495153597,0.00279,,,,2499
"2026-04-01","481156",,"Sophiya Plastic Cloth Clips - Set of 12 (Multicolour)","12 pcs","Bathroom Essentials","sophiya",,,109,179,,72.25382,39.10614525139664,1.087548466648207,1.17686,1.34832,2.03123,0,9.083333333333332
"2026-04-01","539858",,"HomeHarbor Stainless Steel Cloth Hanger (Silver)","1 pc","Bathroom Essentials","homeharbor",,,,,,0,,0,0,,,,
"2026-04-01","481119",,"Fackelmann Adhesive Oval Shaped Hooks","3 pcs","Bathroom Essentials","Fackelmann",,,121.5223767838369,190.30194645833333,,87.58393,36.276541592348224,0.35575057550144035,0.40378,0.1155,0.17401,0,40.51273518135679
"2026-04-01","547363",,"myTrident Aroma Vanilla Cotton Towel Set (30"" x 59"", 16"" x 24"", Beige, Off White)","4 pcs","Bathroom Essentials","MYTRIDENT",,,1829,2199,,1.30379,16.825829922692133,0,0,,,,1829
"2026-04-01","592593",,"Pesca Nova Health Faucet without Pipe (Silver)","1 pc","Bathroom Essentials","Pesca",,,299,499,,44.49708,40.0801603206413,0.3326972979976752,0.35426,0.50298,0.75773,0,299
"2026-04-01","561075",,"D’Decor Brio Cotton Bath Towel (29.5'' x 59'', Grey)","1 pc","Bathroom Essentials","D Decor",,,899,899,,60.69097,0,0.058881061766739275,0.10464,0.03095,0.04662,0,899
"2026-04-01","608094",,"Zulaxy Self Adhesive Multipurpose Shelf with Hooks","1 pc","Bathroom Essentials","Zulaxy",,,299,1299,,38.47238,76.98229407236336,0.6505207255928266,0.26609,0.09794,0.14754,0,299
"2026-04-01","541479",,"Nautica Vintage Crew Stripe Super Soft Cotton Face Towel (12"" x 12"", Burgundy)","4 pcs","Bathroom Essentials","Nautica",,,309.77132827694106,759,,45.18442,59.150555758345604,0.10018040159881862,0.07274,0.07487,0.11154,0.00246,77.59831564484026
"2026-04-01","609898",,"WonderStand Toilet Roll Holder with Mobile Shelf (Black)","1 pc","Bathroom Essentials","WonderStand",,,299,299,,54.74409,0,0.041480276150722015,0.07371,0.00196,0.00296,0,298.99999999999994
"2026-04-01","508051",,"Lifelong Folding Towel Rack (Silver)","1 pc","Bathroom Essentials","Lifelong",,,1491.21,2306.75,,0.10518,35.35450308876124,0.0017361633960903337,0.00142,0.00123,0.00186,0,1154.9652823631625
"2026-04-01","591371",,"WaterScience Shower & Tap Filter for Hard Water - CLEO-SFU-423 (Silver)","1 pc","Bathroom Essentials","Water Science",,,1374.5991972789116,2295,,67.12373,40.10472182216464,3.9666924508371872,4.22206,0.62186,0.29095,1.27519,1374.5972705911968
"2026-04-01","541477",,"Nautica Vintage Crew Stripe Super Soft Cotton Bath Towel (60"" x 30"", Grey)","1 pc","Bathroom Essentials","Nautica",,,764.8401183664286,1699,,60.20857,55.19303105571171,0.32787633397890575,0.25834,0.17665,0.26133,0.00946,756.3993457991786
"2026-04-01","541480",,"Nautica Vintage Crew Stripe Super Soft Cotton Face Towel (12"" x 12"", Grey)","4 pcs","Bathroom Essentials","Nautica",,,309.0103507763082,759,,48.46604,59.287592837483764,0.13451885369928754,0.09732,0.11913,0.17825,0.00242,77.25103628128693
"2026-04-01","565536",,"myTrident Urban Comfort Unisex Cotton Bathrobe (44"" x 29"" x 8"", Wine)","1 pc","Bathroom Essentials","MYTRIDENT",,,1099,1999,,2.70529,45.02251125562781,0.001006405362511579,0.00098,0,0,0,1099
"2026-04-01","526342",,"Nayasa Bubble Soap Dispenser (Plastic, Light Brown)","1 pc","Bathroom Essentials","Nayasa",,,278.7065404852886,288.9942377916667,,72.13425,3.7324403021812564,0.2255538949128548,0.38673,0.59082,0.54182,0.68758,278.1646508628924
"2026-04-01","541478",,"Nautica Vintage Crew Stripe Super Soft Cotton Bath Towel (60"" x 30"", Royal Blue)","1 pc","Bathroom Essentials","Nautica",,,757.8643920418012,1699,,67.53924,55.31726946954044,0.2582771056230934,0.20537,0.12419,0.18489,0.00433,762.719699265865
"2026-04-01","577713",,"RiverSoft DIVA-05 Hard Water Shower Filter","1 pc","Bathroom Essentials","RiverSoft",,,2299,6999,,37.13916,67.15245035005,0.24236368718604223,0.14147,0.06436,0.0932,0.00743,2299
"2026-04-01","592550",,"Pesca Nova Health Faucet without Pipe (Black-Silver)","1 pc","Bathroom Essentials","Pesca",,,249,499,,27.95263,50.100200400801604,0.08297128570307456,0.07357,0.13625,0.20526,0,249.00000000000006
"2026-04-01","628979",,"Wewel Heavy Quality Plastic Cloth Clips (Multicolour)","80 pcs","Bathroom Essentials","Wewel",,,499,1200,,46.02903,58.41666666666667,0.42971648135301704,0.31754,0.47279,0.71225,0,6.237499999999999
"2026-04-01","565493",,"myTrident Urban Comfort Unisex Cotton Bathrobe (44"" x 29"" x 8"", Beige)","1 pc","Bathroom Essentials","MYTRIDENT",,,1099,1999,,9.49445,45.02251125562781,0.005026995034955395,0.00491,,,,1099
"2026-04-01","577485",,"RiverSoft SFC-15 Pro Tap & Shower Filter Cartridge","1 pc","Bathroom Essentials","RiverSoft",,,729,2499,,43.19826,70.82833133253303,0.1985176916832386,0.10291,0.12673,0.17119,0.03895,728.9999999999998
"2026-04-01","582679",,"RiverSoft ABS Tap Extender For Kitchen Sink","1 pc","Bathroom Essentials","RiverSoft",,,799,2999,,4.41936,73.35778592864288,0,0,,,,799
"2026-04-01","557105",,"Welspun 100% Cotton Quik Absorbent Cotton Bath Towel (59"" x 27.6"", Green)","1 pc","Bathroom Essentials","Welspun",,,349,349,,7.85254,0,0.0020346702229193003,0.00362,0.00173,0.00058,0.004,349.00000000000006
"2026-04-01","608087",,"Zulaxy Self-Adhesive Corner Multipurpose Shelf","2 pcs","Bathroom Essentials","Zulaxy",,,499,2499,,36.81869,80.03201280512204,0.5581815726828286,0.19807,0.0726,0.10937,0,249.50000000000003
"2026-04-01","541450",,"Homestrap Velvet Plastic Cloth Hanger (Black)","10 pcs","Bathroom Essentials","Homestrap",,,472.6987032178353,813.9297628333334,,72.11041,42.036935467311295,0.7627474942722811,0.78162,1.82039,0.74568,3.94228,47.31793198470927
"2026-04-01","456445",,"Bianca Ultra Soft Zero Twist Paradiso Cotton Bath Towel (Navy Blue)","1 pc","Bathroom Essentials","Bianca",,,600.8681236635177,875,,53.77513,31.188170273684552,0.06180924897232474,0.07579,0.02126,0.03062,0.00278,606.826267994847
"2026-04-01","548908",,"Nayasa Extra Grip Plastic Cloth Hanger Set (Grey)","6 pcs","Bathroom Essentials","Nayasa",,,273.0723546945779,355,,65.3933,23.940715708689318,0.2992537569458269,0.40049,0.76245,0.41143,1.45549,44.96928282958628
"2026-04-01","541622",,"Welspun Quik Dry Cotton Bath Towel (27.6"" x 59.1"", Blue)","1 pc","Bathroom Essentials","Welspun",,,379,379,,0.14697,0,0,0,,,,379
"2026-04-01","541543",,"myTrident His and Her Cotton Bath Towel (30"" x 59"", Rose Down)","2 pcs","Bathroom Essentials","MYTRIDENT",,,1559,2049,,0.88264,23.914104441190826,0,0,,,,779.5
"2026-04-01","61307",,"Gala Plastic Cloth Brush (Multicolour)","1 pc","Bathroom Essentials","Gala",,,118.9788247792505,119.995894375,,88.36308,0.8406744756922597,0.4778840571486602,0.84217,1.64661,0.40509,4.09785,118.97540647146367
"2026-04-01","547241",,"Cello Frosty Bucket (Blue)","18 ltr","Bathroom Essentials","Cello",,,279.0234602819899,386.67481983333334,,63.17993,27.849024265369835,3.8670799808335725,4.96099,3.02632,4.55911,0,27902.022021861434
"2026-04-01","541538",,"Nautica Vintage Crew Stripe Super Soft Cotton Hand Towel (24"" x 16"", Burgundy)","2 pcs","Bathroom Essentials","Nautica",,,359,839,,20.52423,57.21096543504169,0.06828512711201186,0.05192,0.05483,0.07587,0.01327,179.49999999999994
"2026-04-01","426590",,"Gala Chandra Plastic Cloth Brush (White, Green)","1 pc","Bathroom Essentials","Gala",,,74.99114677312221,74.99941320754716,,89.50846,0.016067225894842944,0.21634364173916246,0.38443,1.05483,0.4766,2.19646,74.98611101074188
"2026-04-01","563851",,"House of Quirk Round Collapsible Cotton Laundry Basket (Black)","1 pc","Bathroom Essentials","House of Quirk",,,599,999,,11.29817,40.04004004004005,0.016169881261742763,0.01723,0.02049,0.01556,0.03023,598.9999999999999
"2026-04-01","561088",,"D’Decor Plains & Textures Cotton Hand Towel (15.7"" x 23.6"", Grey)","1 pack","Bathroom Essentials","D Decor",,,449,449,,24.41786,0,0.01973104464255435,0.03506,0.02481,0.03738,0,448.99999999999994
"2026-04-01","629571",,"Zulaxy Stainless Steel Cloth Dryer Stand (Silver)","1 pc","Bathroom Essentials","Zulaxy",,,2479,4999,,7.98933,50.40919934653825,0.1018986135638135,0.08957,0.01689,0.02544,0,2472.765853002054
"2026-04-01","598282",,"Kuber Industries Floral Design Cotton Bath Towel (30"" x 60"", Red)","1 pc","Bathroom Essentials","Kuber Industries",,,,,,0,,0,0,,,,
"2026-04-01","535551",,"KOPA D`Ross Quick Dry Cotton Hand Towel (24"" x 16"", Red)","2 pcs","Bathroom Essentials","Kopa",,,367.6666313125007,499,,40.95107,28.99787055707357,0.03717257006141149,0.04011,0.00842,0.01268,0,159.03474242245917
"2026-04-01","564543",,"Nayasa Rimmy Set of 6 Bathroom Set (Plastic, Brown)","6 pcs","Bathroom Essentials","Nayasa",,,1802.657592934621,2565,,13.74614,29.665257597665462,0.02324450166666397,0.03064,0.0003,0.00046,0,316.7830192666974
"2026-04-01","615660",,"Zulaxy Waterproof Gap Filler Sealant","180 ml","Bathroom Essentials","Zulaxy",,,249,899,,34.46689,72.30255839822023,0.5141257876230724,0.25305,0.02436,0.03669,0,138.33333333333334
"2026-04-01","623636",,"Eco Sense Diamond Weave Non Terry Cotton Bath Towel (29.5"" x 59"", Pink)","1 pc","Bathroom Essentials","ECO SENSE",,,299.90687499999996,449,,32.926,33.30084122027447,0.34071439232334083,0.40323,0.37014,0.23802,0.63097,299.44778298928566
"2026-04-01","567226",,"myTrident Celebration Cotton Towel Set (30"" x 59"", 24"" x 47"", 16"" x 24"", Midnight Blue)","4 pcs","Bathroom Essentials","MYTRIDENT",,,1129,2599,,0.40064,56.560215467487495,0,0,0.00001,0.00002,0,282.25
"2026-04-01","613761",,"Bathla 3 Level Steel Cloth Dryer Stand (Orange)","1 pc","Bathroom Essentials","Bathla",,,2336.158413841722,3844.527798043478,,45.89721,39.267372712570996,0.4371450026941322,0.47176,0.19559,0.18594,0.21465,2339.150248217701
"2026-04-01","560936",,"D’Decor Brio 100% Cotton Plains & Textures 4 pc Towel Set (500 GSM, Grey)","1 set","Bathroom Essentials","D Decor",,,1998.9515416666666,1999,,40.55724,0.0024241287310331535,0.011961129689371474,0.02126,0.00753,0.01134,0,1998.9992756032514
"2026-04-01","588424",,"Nike Cooling Polyester Hand Towel (Small, Black)","1 pc","Bathroom Essentials","Nike",,,2158.75498062408,2259,,64.8334,4.437469493075946,0.046257521928881135,0.07911,0.07209,0.1086,0,2160.895639037213
"2026-04-01","606864",,"The Better Home Soap Dispenser For Bathroom (Ceramic, Green)","1 pc","Bathroom Essentials","The Better Home",,,569,1299,,1.22071,56.19707467282525,0.0006539876037469461,0.00051,0.00002,0.00003,0,569
"2026-04-01","636302",,"Tinums Stainless Steel Cloth Hanger (Silver)","12 pcs","Bathroom Essentials","Tinums",,,378,499,,65.80865,24.24849699398798,0.5213083824386271,0.70176,0.65597,0.98822,0,31.499999999999996
"2026-04-01","604241",,"WonderStand Over Door Hooks (Black)","1 pc","Bathroom Essentials","WonderStand",,,299,299.465873,,66.9875,0.222149819735562,0.18162001510591028,0.32199,0.0508,0.07653,0,299
"2026-04-01","609446",,"G.Fidel Faucet Aerator 1080° Tap Extender","1 pc","Bathroom Essentials","G.Fidel",,,99,299,,0.7426,66.88963210702342,0.00015053344688832995,0.00009,,,,99
"2026-04-01","564128",,"House of Quirk Round Collapsible Cotton Laundry Basket (Grey)","1 pc","Bathroom Essentials","House of Quirk",,,699,999,,10.91358,30.03003003003003,0.005280987659356113,0.00657,0.01912,0.00459,0.04782,699
"2026-04-01","543755",,"Nayasa Plastic Multipurpose Basket (Grey)","1 pc","Bathroom Essentials","Nayasa",,,354.5879324060899,445,,70.76306,20.55609019729056,0.6046783166315588,0.85587,2.67721,2.44346,3.13872,353.52499155364615
"2026-04-01","606862",,"Mr. Right Laundry Bag with Handles (Green)","1 pc","Bathroom Essentials","Mr. Right",,,459,799,,0.00505,42.5531914893617,0,0,,,,459
"2026-04-01","624647",,"HangitNow Velvet Cloth Hanger Set (Black)","24 pcs","Bathroom Essentials","HangitNow",,,549,1999,,40.62035,72.53626813406703,0.8073665068986234,0.39403,0.22269,0.33548,0,22.875000000000004
"2026-04-01","543719",,"Nayasa Gloria Plastic Multipurpose Basket (Brown)","1 pc","Bathroom Essentials","Nayasa",,,238.17223121195812,275,,63.74461,13.504382444654452,0.3925158517495678,0.60447,1.59536,1.8418,1.10878,237.86148647682978
"2026-04-01","541476",,"Nautica Vintage Crew Stripe Super Soft Cotton Bath Towel (60"" x 30"", Burgundy)","1 pc","Bathroom Essentials","Nautica",,,749.1484729086545,1699,,60.62308,55.90574533327427,0.1391861933112816,0.10904,0.08603,0.12634,0.00647,749.2781128557318
"2026-04-01","620826",,"Lorazzo S1 Health Faucet Set","1 pc","Bathroom Essentials","Lorazzo",,,1299,2799,,16.24628,53.59056806002144,0.040360255923290206,0.03329,0.04392,0.06191,0.00841,1298.9999999999998
"2026-04-01","570051",,"Welspun Cotton Hand Towel (27"" x 59"", Anemone)","2 pcs","Bathroom Essentials","Welspun",,,,,,0,,0,0,0.00001,0.00001,0,
"2026-04-01","481123",,"Fackelmann Triangle Adhesive Hooks","2 pcs","Bathroom Essentials","Fackelmann",,,284,299,,0.99272,5.016722408026756,0,0,,,,14200
"2026-04-01","620846",,"The Better Home Polyester Laundry Basket (Yellow)","1 pc","Bathroom Essentials","The Better Home",,,679,1299,,31.40159,47.72902232486528,0.014400807034507749,0.01338,0.01913,0.02881,0,679
"2026-04-01","354891",,"Nayasa Frosty Bathroom Mug (Blue)","1 pc","Bathroom Essentials","Nayasa",,,58.954415611152335,58.99809883333334,,69.23388,0.03451045743791188,1.040508697006317,1.84861,2.23406,2.57636,1.55823,58.974085007390215
"2026-04-01","592787",,"Kuber Industries Cotton Laundry Basket (Beige, Grey)","1 pc","Bathroom Essentials","Kuber Industries",,,329,999,,0.27876,67.06706706706707,0.0003772134042397223,0.00022,,,,329
"2026-04-01","628408",,"Scotch Brite Bathroom Tile Scrubber (Plastic, Green)","1 pc","Bathroom Essentials","Scotch brite",,,158.89538258207594,161.90681362499998,,69.40072,1.8701559566087211,0.7642508969856326,1.33279,0.28401,0.42785,0,157.80648646678205
"2026-04-01","611180",,"Zulaxy Flower Adhesive Wall Hooks","10 pcs","Bathroom Essentials","Zulaxy",,,199,899,,42.51622,77.86429365962181,0.6068070870615827,0.2387,0.5792,0.87255,0,19.900000000000002
"2026-04-01","541738",,"myTrident Comfort Living Cotton Bath Towel (55"" x 28"", Ice Grey)","1 pc","Bathroom Essentials","MYTRIDENT",,,351,599,,0.5698,41.40233722871452,0.0003015690898003224,0.00031,,,,351
"2026-04-01","563330",,"Homestrap Multi Hook Lotus Wood & Stainless steel Cloth Hanger (Brown)","1 pc","Bathroom Essentials","Homestrap",,,239.62848941082143,599,,46.43576,61.727087845824954,0.117851155714245,0.07619,0.10795,0.16263,0,218.95818604066528
"2026-04-01","609437",,"Sakoraware 20 mtrs Braided Nylon Cloth Rope (Multicolour)","2 pcs","Bathroom Essentials","Sakoraware",,,245,799,,11.99895,69.33667083854819,0.013811603472995256,0.00753,0.00754,0.01135,0,122.50000000000001
"2026-04-01","557186",,"Welspun 100% Cotton Quik Absorbent Cotton Bath Towel (59"" x 27.6"", Pink)","1 pc","Bathroom Essentials","Welspun",,,315.08027777777784,349,,7.37981,9.719118115249909,0.0019327591684873762,0.0031,0.00083,0.00025,0.00199,315.0875682391577
"2026-04-01","529137",,"myTrident Soft Comfort Cotton Bath Towel (27"" x 54"", Blue)","1 pc","Bathroom Essentials","MYTRIDENT",,,1199,1199,,0.12651,0,0,0,,,,119900
"2026-04-01","624183",,"Zulaxy Double Sided Self Adhesive Wall Hooks","10 pcs","Bathroom Essentials","Zulaxy",,,289,1299,,47.74882,77.752117013087,0.7656392522538282,0.3027,0.60021,0.90421,0,28.900000000000002
"2026-04-01","625806",,"HangitNow Pants and Sarees Plastic Cloth Hanger Set (Colour May Vary)","9 pcs","Bathroom Essentials","HangitNow",,,299,899,,12.11251,66.74082313681869,0.010596146548598997,0.00626,0.00451,0.00679,0,33.22222222222222
"2026-04-01","582247",,"Homestrap Multipurpose Holder & Soap Dispenser (Plastic, White)","1 set","Bathroom Essentials","Homestrap",,,398.6461938400516,588.5879886666667,,72.31092,33.73984870791049,0.48892767168207246,0.52694,0.4053,0.61059,0,397.9585022110705
"2026-04-01","535660",,"PrettyKrafts Chevron Print 45 Ltrs Laundry Bag (Black, White)","1 pc","Bathroom Essentials","PrettyKrafts",,,163.78972924643628,499,,83.56466,67.17759504121712,4.331052317012033,2.51373,1.72991,2.6061,0,163.78380074432656
"2026-04-01","561082",,"D’Decor Plains & Textures Cotton Hand Towel (15.7"" x 23.6"", Blue)","1 pack","Bathroom Essentials","D Decor",,,449,449,,14.48298,0,0.004991780143557792,0.00887,0.00464,0.007,0,449
"2026-04-01","609647",,"New Dawn Stainless Steel Cloth Clips (Silver)","20 pcs","Bathroom Essentials","New Dawn",,,369,700,,0.00023,47.285714285714285,0.0002643136966644701,0.00025,0.00006,0.0001,0,18.45
"2026-04-01","461483",,"Bianca Paradiso Cotton Bath Towel (60"" x 28"", Burgundy)","1 set","Bathroom Essentials","Bianca",,,899.192067198494,1310,,55.36761,31.35316120073046,0.08134755606727138,0.09927,0.04591,0.05799,0.02207,899.7347753882766
"2026-04-01","524236",,"Jockey T101 Cotton Bath Towel -T101 (27.6"" x 55.1"", Burgundy)","1 pc","Bathroom Essentials","Jockey",,,799,799,,75.48038,0,0.22217607159496158,0.39482,0.20398,0.05914,0.48994,798.9999999999998
"2026-04-01","613763",,"Bathla Foldable Steel Cloth Dryer Stand","1 unit","Bathroom Essentials","Bathla",,,1331.999518613607,5033.690009817074,,35.74985,73.4594424331519,1.1265257630786232,0.53291,0.08697,0.11564,0.03038,1331.9983906209493
"2026-04-01","541740",,"myTrident Comfort Living Cotton Bath Towel (55"" x 28"", Candy Glow)","1 pc","Bathroom Essentials","MYTRIDENT",,,599,599,,0.17251,0,0,0,,,,59900
"2026-04-01","627764",,"Peepul Tree Hand Block Printed Cotton Bath Towel (60"" x 30"" x 0.1"", White)","1 pc","Bathroom Essentials","Peepul Tree",,,735.9095443654894,2101,,49.77536,64.48333558702134,0.5676048000159273,0.36805,0.69153,0.08323,1.89254,750.7180774281624
"2026-04-01","611156",,"Zulaxy Stainless Steel, Wood Cloth Hanger with 8 Hooks (Brown)","1 pc","Bathroom Essentials","Zulaxy",,,249,899,,31.21318,72.30255839822024,0.11578382462541985,0.05699,0.06329,0.09535,0,249.00000000000003
"2026-04-01","544847",,"Nayasa Bath Stool (Plastic, Brown, White)","1 pc","Bathroom Essentials","Nayasa",,,348.6402045533361,435,,22.43501,19.953117673401398,0.35719578993206236,0.5087,0.4365,0.47162,0.36716,348.13671522862006
"2026-04-01","535550",,"KOPA D`Ross Quick Dry Cotton Bath Towel (56"" x 28"", Taupe)","1 pc","Bathroom Essentials","Kopa",,,399.5460390062059,999,,57.47401,59.96288644051412,0.1755647990111026,0.12527,0.09515,0.14334,0,400.18811356692066
"2026-04-01","560727",,"myTrident Soft Comfort Air Rich Cotton Bath Towel (27"" x 54"", Acorn)","1 pc","Bathroom Essentials","MYTRIDENT",,,523.7276977636667,1199,,49.81906,56.29580038553555,0.11099690194523486,0.08604,0.20982,0.06069,0.50426,524.4825233440187
"2026-04-01","601075",,"Mush Tap & Dry Bamboo Face Towel (12"" x 12"", Multicolour)","6 pcs","Bathroom Essentials","Mush",,,749,1499,,20.07181,50.03335557038025,0.14786264080873643,0.13129,0.82984,0.97944,0.53447,124.83333333333334
"2026-04-01","461490",,"Bianca Paradiso Cotton Bath Towel (60"" x 28"", Wheat)","3 pcs","Bathroom Essentials","Bianca",,,899.6246336400117,1310,,54.83156,31.32742160786753,0.06204311524149746,0.07566,0.0398,0.05594,0.00793,299.92951421505677
"2026-04-01","569250",,"WaterScience Shower and Tap Filter for Hard Water CLEO SFU-717 HHC","1 pc","Bathroom Essentials","Water Science",,,2293.4018653573257,2795,,64.14895,17.947068614884895,0.722542453169038,1.05357,0.70131,0.62903,0.84403,2293.370069701325
"2026-04-01","611161",,"Wewel Premium Polypropylene Cloth Hanger (Black)","20 pcs","Bathroom Essentials","Wewel",,,349,1250,,69.04636,72.08,3.0442619338654535,1.51043,1.4971,2.25537,0,349.00000000000006
"2026-04-01","461493",,"Bianca Paradiso Cotton Bath Towel (60"" x 28"", Grey)","1 set","Bathroom Essentials","Bianca",,,899.6986650393424,1310,,51.17117,31.3230039294788,0.07717394537846262,0.09414,0.05784,0.08278,0.00861,899.5181411347379
"2026-04-01","541481",,"Nautica Vintage Crew Stripe Super Soft Cotton Face Towel (12"" x 12"", Royal Blue)","4 pcs","Bathroom Essentials","Nautica",,,313.58001300278255,759,,49.87596,57.93160368213882,0.17909400611080548,0.12977,0.14859,0.22225,0.00316,80.65456041982026
"2026-04-01","109897",,"Scotch Brite Dishwand Soap Dispenser (Pump)","1 pc","Bathroom Essentials","Scotch brite",,,414.5823351962245,418.10543926229514,,31.56492,0.8419975313988737,0.00453074153837591,0.00799,0.00724,0.0109,0,419.7882558254436
"2026-04-01","561068",,"D’Decor Brio Cotton Bath Towel (29.5'' x 59'', Beige)","1 pc","Bathroom Essentials","D Decor",,,899,899,,17.9217,0,0.010864808583164593,0.01931,0.004,0.00603,0,899
"2026-04-01","609904",,"WonderStand Shower Caddy Bathroom Shelf Set (Metal, Black)","2 pcs","Bathroom Essentials","WonderStand",,,499,522,,24.004,3.826062202846171,0.039586322008814935,0.0677,0.01261,0.019,0,499
"2026-04-01","541537",,"Nautica Vintage Crew Stripe Super Soft Cotton Hand Towel (24"" x 16"", Royal Blue)","2 pcs","Bathroom Essentials","Nautica",,,359.01466876627194,839,,51.01802,57.209528705934304,0.18540703076461168,0.14098,0.16742,0.22982,0.04422,179.50824045583502
"2026-04-01","526333",,"Nayasa SQ Ring Printed Bucket (Beige)","1 pc","Bathroom Essentials","Nayasa",,,469.33595278642616,568.6110556666666,,62.76997,17.45648519463497,1.6957753207728787,2.48604,2.85229,3.35156,1.86654,469.4371542647282
"2026-04-01","559343",,"Ratan Brooms Simpli Clean Plastic Cloth Brush (Multicolour)","1 pc","Bathroom Essentials","ratan brooms",,,58.9043472933057,65,,83.78796,9.43928165473693,1.175336824917254,1.88782,1.45918,2.19824,0,58.864466924420995
"2026-04-01","539587",,"Creative Space Round Plastic Cloth Hanger with 24 Clips (White, Blue)","1 pc","Bathroom Essentials","Creative Space",,,226.14004561619365,599,,44.38145,62.61225647474991,0.6623555367458341,0.43875,0.54625,0.82292,0,223.9400881291955
"2026-04-01","526334",,"Nayasa SQ Ring Bathroom Mug (Brown)","1 pc","Bathroom Essentials","Nayasa",,,118.96866146910376,118.99508704166668,,81.59451,0.025880893858944425,0.9780313936553089,1.73758,1.88547,0.89988,3.83141,118.95971063907442
"2026-04-01","569576",,"WaterScience Kitchen Tap Extender Compact-AERA WSN-523-C","1 pc","Bathroom Essentials","Water Science",,,694.4175513538748,1495,,21.95938,53.55097404444486,0.05299510763218358,0.04374,0.07383,0.01423,0.19149,694.3063396887053
"2026-04-01","621279",,"RiverSoft Kitchen Tap Extender with Filter","1 set","Bathroom Essentials","RiverSoft",,,899,1899,,2.3149,52.6592943654555,0,0,,,,899
"2026-04-01","456448",,"Bianca Ultra Soft Zero Twist Paradiso Cotton Bath Towel (Grey)","1 pc","Bathroom Essentials","Bianca",,,605.3736042209699,875,,47.11364,30.74633604484375,0.04300102010812084,0.05287,0.01308,0.01703,0.00528,610.4264019641587
"2026-04-01","626992",,"Joseph Joseph Caddy Large Kitchen Organizer","1 pc","Bathroom Essentials","Joseph Joseph",,,3699,4599,,26.89271,19.569471624266146,0.004196640718790124,0.006,0.03897,0.00152,0.11293,3699
"2026-04-01","604046",,"Gluman Stainless Steel, Plastic Cloth Hanger (Black)","10 pcs","Bathroom Essentials","Gluman",,,399,449,,47.91931,11.135857461024502,0.1018695148913567,0.16087,0.13776,0.20754,0,39.9
"2026-04-01","456447",,"Bianca Ultra Soft Zero Twist Paradiso Cotton Bath Towel (Wheat)","1 pc","Bathroom Essentials","Bianca",,,616.6362876093162,875,,45.1358,29.388565990396813,0.037512553748703034,0.04691,0.02412,0.03349,0.00562,630.9326729885255
"2026-04-01","628973",,"Wewel Ryno Plastic Cloth Clips (Multicolour)","48 pcs","Bathroom Essentials","Wewel",,,499,1000,,57.19006,50.1,0.7582529969383557,0.67238,0.75157,1.13223,0,10.395833333333336
"2026-04-01","611163",,"Wewel Plastic Cloth Clips (Multicolour)","36 pcs","Bathroom Essentials","Wewel",,,299,500,,61.57464,40.199999999999996,1.7052305889674688,1.81212,1.52625,2.29927,0,8.305555555555555
"2026-04-01","541451",,"Homestrap Wood Cloth Hanger (Brown)","12 pcs","Bathroom Essentials","Homestrap",,,1062.4060558835997,1299,,76.21469,18.12748992914466,1.4131007831797266,2.0868,1.76355,0.86888,3.52996,88.66520753760845
"2026-04-01","611160",,"Wewel Stainless Steel Cloth Hanger with 25 Clips (Silver)","1 pc","Bathroom Essentials","Wewel",,,349,999,,51.64746,65.06506506506506,0.4557728721987342,0.28295,0.40209,0.60575,0,349.00000000000006
"2026-04-01","548329",,"Limetro Steel Foldable Stainless Steel Cloth Dryer Stand (Silver)","1 pc","Bathroom Essentials","Limetro Steel",,,1863.1921138486057,4999,,71.92806,62.523166972442894,3.2072491141451733,2.11975,0.37293,0.56181,0,1874.200624177858
"2026-04-01","557193",,"Welspun 100% Cotton Rapid Absorbent Cotton Bath Towel (59"" x 27.6"", Magenta)","1 pc","Bathroom Essentials","Welspun",,,378.99686161317834,378.99687266666666,,75.26254,0.000012985779135772139,2.0977825799511907,3.72789,3.35825,1.9739,6.09148,378.9855308997175
"2026-04-01","560945",,"D’Decor Plain & Textured Cotton Towel Set (Bath: 29.5"" x 59"" Hand: 15.7"" x 23.6"", Magenta)","1 set","Bathroom Essentials","D Decor",,,1499,1499,,46.36585,0,0.02718730155263346,0.04831,0.01398,0.02106,0,1499
"2026-04-01","599116",,"Kuber Industries Plastic Cloth Hanger (Cream)","12 pcs","Bathroom Essentials","Kuber Industries",,,,,,0,,0,0,,,,
"2026-04-01","560718",,"myTrident Soft Comfort Cotton Bath Towel (27"" x 54"", Navy Blue)","1 pc","Bathroom Essentials","MYTRIDENT",,,546.3697563184743,1199,,6.22613,54.39931643749763,0.03128376133893182,0.02483,0.01687,0.00188,0.04646,549.6039820390528
"2026-04-01","595018",,"Mr. Right Foldable Laundry Bag (Yellow, Brown)","1 pc","Bathroom Essentials","Mr. Right",,,299,499,,0.86001,40.08016032064128,0.0001256116860208323,0.00013,,,,299
"2026-04-01","563521",,"House of Quirk Cotton Storage Box / Closet Organizer (Dark Grey)","1 pc","Bathroom Essentials","House of Quirk",,,,,,0,,0,0,,,,
"2026-04-01","631530",,"WaterScience Kitchen Tap Extender for Sink AERA WSN-523 (Silver)","1 pc","Bathroom Essentials","Water Science",,,695,795,,21.41252,12.578616352201259,0.007716751651417775,0.01199,0.01466,0.02208,0,695
"2026-04-01","629539",,"New Dawn Liquid Soap Dispenser (Plastic, Multicolour)","2 pcs","Bathroom Essentials","New Dawn",,,269,700,,29.61744,61.571428571428584,0.5742182738246421,0.39213,0.3432,0.51703,0,269
"2026-04-01","607800",,"Zulaxy Wall Mount Toothbrush Holder (ABS Plastic, Multicolour)","2 pcs","Bathroom Essentials","Zulaxy",,,199,899,,37.5054,77.86429365962181,1.581280650709386,0.62202,0.55711,0.83928,0,99.5
"2026-04-01","560719",,"myTrident Soft Comfort Cotton Bath Towel (27"" x 54"", Allure)","1 pc","Bathroom Essentials","MYTRIDENT",,,532.6000571884173,1199,,41.06882,55.581441782334764,0.1812812170543438,0.14294,0.21845,0.04628,0.55838,532.4212429859244
"2026-04-01","625999",,"Royalkart Foldable Polyester Laundry Basket (Off White)","1 pc","Bathroom Essentials","Royalkart",,,499,1000,,40.11988,50.099999999999994,0.14472574320126275,0.12834,0.07973,0.07291,0.09319,499.0000000000001
"2026-04-01","615740",,"Sole Module Mounted Foldable Aluminium Drying Rack (White)","1 pc","Bathroom Essentials","Sole Module",,,2450,4200,,6.38832,41.666666666666664,0,0,,,,2450
"2026-04-01","557194",,"Welspun Fast Absorbent Cotton Bath Towel (27"" x 59"", Green)","1 pc","Bathroom Essentials","Welspun",,,343.0008829643662,378.98948104166664,,52.39996,9.487704531204413,1.0224754351455512,1.64468,0.7687,0.89262,0.52404,343.00201170650894
"2026-04-01","606846",,"The Better Home Liquid Soap Dispenser For Bathroom (Ceramic, Grey)","1 pc","Bathroom Essentials","The Better Home",,,499,995,,0.6967,49.84924623115578,0,0,,,,499
"2026-04-01","563912",,"House of Quirk Collapsible Laundry Basket (Beige, Grey)","1 pc","Bathroom Essentials","House of Quirk",,,599,899,,0.29514,33.370411568409345,0,0,,,,599
"2026-04-01","560714",,"myTrident Soft Comfort Cotton Hand Towel (16"" x 26"", Acorn)","4 pcs","Bathroom Essentials","MYTRIDENT",,,589.853927882415,999,,39.71581,40.95740325399532,0.07359241398418608,0.07711,0.0269,0.04052,0,147.37727647439362
"2026-04-01","100000008","100000008","Dummy Product","100g","Bathroom Essentials","dummy",0.09149999999999997,,,,0,,,6.909915212799716e-8,,,,,
"2026-04-01","618451",,"HangitNow Wood Cloth Hanger (Light Brown)","12 pcs","Bathroom Essentials","HangitNow",,,749,1599,,61.80214,53.158223889931215,0.27848477582711295,0.23181,0.13924,0.20977,0,62.41666666666667
"2026-04-01","628588",,"The Better Home Bamboo Laundry Basket (Light Brown)","1 pc","Bathroom Essentials","The Better Home",,,1299.0448058252425,2299,,17.50115,43.494656166583155,0.08870926117141568,0.08907,0.07392,0.08224,0.05749,1299.240606586873
"2026-04-01","627761",,"Peepul Tree Hand Block Printed Cotton Hand Towel (24"" x 16"" x 0.1"", White)","2 pcs","Bathroom Essentials","Peepul Tree",,,568.4150447243137,1673,,50.94365,66.07395201019435,0.31589575684291576,0.19232,0.28392,0.05924,0.72752,283.24251974460617
"2026-04-01","601042",,"Mush Bamboo Face Towel (13"" x 13"", Grey, Navy Blue, Sky Blue)","1 set","Bathroom Essentials","Mush",,,499,799,,13.69906,37.546933667083856,0.02493810904722734,0.02768,0.24852,0.29571,0.15537,499.0000000000001
"2026-04-01","604200",,"Zulaxy Anti-Vibration Washing Machine Pad (Rubber, Multicolour)","4 pcs","Bathroom Essentials","Zulaxy",,,274,1299,,36.20255,78.90685142417244,0.3206329394612984,0.12019,0.00069,0.00104,0,68.5
"2026-04-01","547361",,"myTrident Aroma Sandalwood Cotton Towel Set (30"" x 59"", 16"" x 24"", Brown, Beige)","4 pcs","Bathroom Essentials","MYTRIDENT",,,1829,2199,,1.08929,16.825829922692133,0,0,0.00042,0.00027,0.00073,457.25
"2026-04-01","456451",,"Bianca Ultra Soft Zero Twist Paradiso Cotton Hand Towel (Navy)","1 pc","Bathroom Essentials","Bianca",,,349.4528719678322,435,,46.73632,19.580941713116797,0.0398960485744763,0.05719,0.05547,0.04312,0.07985,350.6905417525493
"2026-04-01","608086",,"Zulaxy Over-The-Door Cloth Hanger Hooks - No Drill","1 pc","Bathroom Essentials","Zulaxy",,,299,1299,,46.90144,76.98229407236336,0.58902509086305,0.24093,0.53338,0.80354,0,299.00000000000006
"2026-04-01","618900",,"Hemito Wall Hooks (Stainless Steel, Plastic, Transparent)","15 pcs","Bathroom Essentials","Hemito",,,259,699,,49.02869,62.94706723891273,0.07086476535616988,0.04666,0.05505,0.08294,0,17.266666666666662
"2026-04-01","626523",,"HangitNow Cloth Hanger with Notches (White)","50 pcs","Bathroom Essentials","HangitNow",,,449,1299,,42.72705,65.43494996150885,0.12850692916726553,0.07893,0.05149,0.07756,0,8.98
"2026-04-01","524233",,"Cotton Terry Bath Towel - T101 (27.5 X 55 inches, 500 GSM, Navy Blue) by Jockey","1 pc","Bathroom Essentials","Jockey",,,798.9718210363175,799,,79.4371,0.01203949034540845,0.19873554129757534,0.35317,0.24614,0.07418,0.58565,798.8748598585912
"2026-04-01","595096",,"ExclusiveLane Designer Bathroom Accessory Set (Ceramic, White)","2 pcs","Bathroom Essentials","ExclusiveLane",,,702.4933308488613,1510,,43.00981,53.610832394316404,0.06538112536485312,0.05299,0.16274,0.01409,0.45624,688.7260913355676
"2026-04-01","577482",,"RiverSoft DIVA-01 Hard Water Shower Filter","1 pc","Bathroom Essentials","RiverSoft",,,1699,4999,,13.65984,66.0132026405281,0.012760022368631777,0.00771,,,,1699.0000000000002
"2026-04-01","538785",,"Aravi 10 m Braided Twisted Nylon Cloth Rope (Multicolour)","1 pc","Bathroom Essentials","Aravi",,,39.25922300343963,199,,81.64613,80.19423072489694,2.4305811327501474,0.85182,2.07191,3.12131,0,39.4134808574551
"2026-04-01","623787",,"ExclusiveLane Bathroom Accessory Set (Ceramic, White & Black)","2 pcs","Bathroom Essentials","ExclusiveLane",,,654.0262777777779,1510,,28.02218,56.6891389579041,0.026185653081479857,0.02012,0.03807,0.00965,0.09419,326.42808961916785
"2026-04-01","565934",,"GEBI Liquid Soap Dispenser (Plastic, Grey)","1 pc","Bathroom Essentials","Gebi",,,229,239,,0.09132,4.184100418410042,0.000451221239305774,0.00077,0.00002,0.00003,0,229
"2026-04-01","592548",,"Pesca Nova Health Faucet without Pipe","1 pc","Bathroom Essentials","Pesca",,,249,499,,14.4697,50.100200400801604,0.0031151725319718063,0.00276,0.00135,0.00204,0,249.00000000000003
"2026-04-01","541482",,"Nautica Vintage Crew Stripe Super Soft Cotton Hand Towel (24"" x 16"", Grey)","2 pcs","Bathroom Essentials","Nautica",,,359.2459380562478,839,,21.95483,57.1877663954964,0.07045831734671508,0.05358,0.01776,0.0258,0.00189,179.63481553168444
"2026-04-01","560140",,"Welspun 100% Cotton 4 pc Towel Set (380 GSM, Grey)","4 pcs","Bathroom Essentials","Welspun",,,649,799,,3.46242,18.773466833541928,0,0,0.00001,0.00002,0,162.25
"2026-04-01","566131",,"myTrident Celebration Cotton Towel Set (Beige)","1 set","Bathroom Essentials","MYTRIDENT",,,1129,2549,,0.00872,55.70812083169871,0,0,,,,1129
"2026-04-01","592589",,"Pesca Nova Health Faucet without Pipe (Matte Black)","1 pc","Bathroom Essentials","Pesca",,,249,499,,32.95642,50.10020040080162,0.13680272189615,0.12131,0.21504,0.32395,0,249.00000000000006
"2026-04-01","598316",,"Kuber Industries Cotton Face Towel (20"" x 13"", Orange)","4 pcs","Bathroom Essentials","Kuber Industries",,,298,1996,,0.46247,85.07014028056112,0.0016329541838167913,0.00043,,,,74.5
"2026-04-01","639102",,"Boldfit Microfiber Suede Bath Towel (35.5"" x 25.5, Dark Grey)","1 pc","Bathroom Essentials","Boldfit",,,403.4813078539776,999,,77.60327,59.56816576041772,1.3491243174622434,0.96966,1.85445,0.17293,5.17438,403.9222654470449
"2026-04-01","445679",,"Aravi 10 m Braided Twisted Cloth Rope (Multicolour)","1 pc","Bathroom Essentials","Aravi",,,31.294811438780656,199,,65.12906,84.31065331731226,1.032247365497204,0.2873,1.08106,1.6286,0,31.221436469855117
"2026-04-01","623611",,"Eco Sense Basket Weave Non Terry Cotton Bath Towel (29.5"" x 59"", Brown)","1 pc","Bathroom Essentials","ECO SENSE",,,339.4660883403432,699,,67.0307,51.405895571775226,0.1817986171570204,0.15692,1.01314,0.19885,2.62084,339.6742894251945
"2026-04-01","606784",,"The Better Home Square Soap Dispenser For Bathroom (Ceramic, Black)","1 pc","Bathroom Essentials","The Better Home",,,569,1299,,16.4381,56.19707467282525,0.0011444783065571555,0.00089,,,,569
"2026-04-01","561072",,"D’Decor Brio Cotton Bath Towel (29.5'' x 59'', Navy Blue)","1 pc","Bathroom Essentials","D Decor",,,899,899,,28.42399,0,0.01772373164242181,0.0315,0.01074,0.01618,0,899
"2026-04-01","599949",,"Kuber Industries Plastic Cloth Hanger (Pink)","1 pc","Bathroom Essentials","Kuber Industries",,,299,649,,0.23162,53.929121725731896,0.00016337078554432802,0.00013,,,,299.00000000000006
"2026-04-01","538787",,"Aravi 10 m Plastic Cloth Rope (Yellow)","1 pc","Bathroom Essentials","Aravi",,,39.05205799383031,100,,62.5676,60.795824170370956,0.2472502213914981,0.17181,0.65597,0.98821,0,39.20456891359508
"2026-04-01","626503",,"The Better Home Bathroom Accessories Set (PP + ABS, Light Pink)","4 pcs","Bathroom Essentials","The Better Home",,,699,1299,,32.0412,46.18937644341801,0.030591905134272762,0.02925,0.24907,0.11694,0.50994,699
"2026-04-01","623623",,"Eco Sense Basket Weave Non Terry Cotton Bath Towel (29.5"" x 59"", Green)","1 pc","Bathroom Essentials","ECO SENSE",,,341.08187675070025,699,,51.54776,51.29043350288121,0.17239095639029117,0.14881,0.33216,0.14031,0.71095,340.2168189023813
"2026-04-01","526332",,"Nayasa Frosty Bucket (Blue)","1 pc","Bathroom Essentials","Nayasa",,,349.0956753299878,408.7278491139241,,76.82573,14.566806330585589,2.7978183555859832,4.24589,5.39025,7.2559,1.70675,349.1448977555661
"2026-04-01","536385",,"PrettyKrafts 75 Ltr Black & Grey Laundry Basket with Lid & Handles (Black, Grey)","1 pc","Bathroom Essentials","PrettyKrafts",,,342.02320237255185,1099,,78.06786,69.60741923230974,6.200184073960104,3.31866,1.23061,1.8539,0,334.01446263691605
"2026-04-01","560676",,"myTrident Soft Comfort Cotton Hand Towel (16"" x 26"", Black)","4 pcs","Bathroom Essentials","MYTRIDENT",,,645.3724500988184,999,,81.69197,35.45979140058451,0.26791375418333685,0.30697,0.71254,0.42451,1.28122,161.00882487008002
"2026-04-01","535552",,"KOPA D`Ross Quick Dry Cotton Hand Towel (24"" x 16"", Navy Blue)","2 pcs","Bathroom Essentials","Kopa",,,299.93890805914265,499,,55.75761,39.681381924662176,0.24693684276573089,0.26311,0.17968,0.27069,0,150.59882860455667
"2026-04-01","615730",,"RiverSoft Hard Water Softener Shower & Tap Filter (ABS Plastic, Silver)","1 pc","Bathroom Essentials","RiverSoft",,,1539,4999,,33.34256,69.2138427685537,0.035436118185800794,0.01969,0.00781,0.00773,0.00797,1562.8987185016397
"2026-04-01","535547",,"KOPA D`Ross Quick Dry Cotton Bath Towel (56"" x 28"", Solid Red)","1 pc","Bathroom Essentials","Kopa",,,415.5020111008572,999,,53.74625,58.261435043719295,0.07516877180890907,0.05466,0.05588,0.08418,0,427.5237338045347
"2026-04-01","582417",,"M-Seal Feviseal Bathroom & Kitchen Gap Filler Acrylic Sealant","100 g","Bathroom Essentials","M-Seal",,,48,50,,81.47917,3.999999999999998,0.3245395034498193,0.55366,0.20322,0.30615,0,48
"2026-04-01","559109",,"House of Quirk Wall Mounted Polyester Laundry Basket (Grey)","1 pc","Bathroom Essentials","House of Quirk",,,549,899,,1.04589,38.932146829810904,0,0,,,,549
"2026-04-01","626476",,"The Better Home Bathroom Accessories Set (Ceramic, Green)","6 pcs","Bathroom Essentials","The Better Home",,,1599,3149,,4.40937,49.22197523023182,0,0,,,,266.5
"2026-04-01","557184",,"Welspun 100% Cotton Quik Absorbent Cotton Bath Towel (59"" x 27.6"", Blue)","1 pc","Bathroom Essentials","Welspun",,,378.9851200396825,378.98263854166663,,60.78238,0,0.8221376967162672,1.46099,2.04958,0.55022,5.00987,378.98536959110834
"2026-04-01","613754",,"Bathla Foldable Cloth Dryer Stand (Light Orange)","1 pc","Bathroom Essentials","Bathla",,,1788.9222093433439,5145.152580189873,,48.76073,65.17162890119572,1.4631182172856714,0.90967,0.27134,0.29803,0.21864,1785.9545077566459
"2026-04-01","559832",,"myTrident Soft Comfort Cotton Hand Towel (16"" x 26"", Charcoal Grey)","1 set","Bathroom Essentials","MYTRIDENT",,,652.7891892758627,999,,46.54782,34.59756909580212,0.25725137666380965,0.29581,0.19393,0.0945,0.39025,654.6455963207088
"2026-04-01","596012",,"Zulaxy Adhesive Wall Hooks (Plastic, Transparent)","2 pcs","Bathroom Essentials","Zulaxy",,,279,1299,,49.63243,78.52193995381063,0.30288530630887833,0.1156,0.23138,0.34856,0,139.50000000000003
"2026-04-01","561079",,"D’Decor Brio Plain & Textures Cotton Hand Towel (15.7"" x 23.6"", Beige)","1 pack","Bathroom Essentials","D Decor",,,449,449,,28.50339,0,0.009940204533860719,0.01766,0.0062,0.00935,0,448.99999999999994
"2026-04-01","598464",,"Kuber Industries Steel Cloth Clips (Silver)","12 pcs","Bathroom Essentials","Kuber Industries",,,199,299,,0.00862,33.44481605351171,0,0,,,,199
"2026-04-01","581801",,"Johnson Square Stainless Steel Floor Drainer","1 pc","Bathroom Essentials","JOHNSON",,,,,,0,,0,0,,,,
"2026-04-01","611155",,"WonderStand Multipurpose Self Adhessive Wall Shelf (Black)","2 pcs","Bathroom Essentials","WonderStand",,,499,578.60178575,,49.44944,13.183774370405382,0.05064601512198615,0.08062,0.02134,0.03215,0,499.00000000000006
"2026-04-01","596031",,"Zulaxy Adhesive Screw Wall Hooks (Stainless Steel, Plastic, Transparent)","10 pcs","Bathroom Essentials","Zulaxy",,,279,1299,,47.83129,78.52193995381062,1.481838151026731,0.56559,1.23508,1.86063,0,27.90000000000001
"2026-04-01","629546",,"New Dawn Bathroom Shelf (Plastic, Multicolour)","2 pcs","Bathroom Essentials","New Dawn",,,449,1000,,46.9936,55.1,0.7371489090976446,0.58817,0.3671,0.55303,0,449.00000000000006
"2026-04-01","569313",,"Nabaiji by Decathlon Microfiber Polyester Bath Towel (L, Maroon)","1 pc","Bathroom Essentials","nabaiji by decathlon",,,738.2308531746031,899,,8.11244,17.88310865688509,0.001810424972305183,0.00267,0.00003,0.00004,0,771.9788035125994
"2026-04-01","567175",,"myTrident Urban Comfort Cotton Hair Wrap (10"" x 25"", Beige)","1 pc","Bathroom Essentials","MYTRIDENT",,,289,499,,2.56246,42.08416833667334,0,0,,,,289
"2026-04-01","547364",,"myTrident Aroma Strawberry Cotton Towel Set (Pink, Peach)","4 pcs","Bathroom Essentials","MYTRIDENT",,,1649,2199,,0.46296,25.01136880400182,0,0,0.00025,0.00038,0.00001,1648.9999999999998
"2026-04-01","560670",,"myTrident Soft Comfort Cotton Hand Towel (16"" x 26"", Allure)","4 pcs","Bathroom Essentials","MYTRIDENT",,,648.3282692236412,999,,54.89589,35.09849543477896,0.1022047885085737,0.11745,0.06598,0.0994,0,162.11973388610565
"2026-04-01","557198",,"Welspun 100% Cotton Quik Absorbent Cotton Bath Towel (59"" x 27.6"", Black)","1 pc","Bathroom Essentials","Welspun",,,349,349,,0.46695,0,0.0003074844303316732,0.00055,,,,349.00000000000006
"2026-04-01","532115",,"Full Houz Plastic Cloth Clips (Multicolour)","12 pcs","Bathroom Essentials","fullhouz",,,110.96069885461225,179,,58.57195,37.95577739100774,0.34668422452157793,0.38337,0.38238,0.57605,0,9.255063314752771
"2026-04-01","526341",,"Nayasa Plastic Lumina Soap Case (Plastic, Brown)","1 pc","Bathroom Essentials","Nayasa",,,124.42586942659103,124.99955633333333,,82.42736,0.27842920487763223,1.2168167257425262,2.15018,1.20604,0.07361,3.44188,124.65081938539622
"2026-04-01","606768",,"The Better Home Liquid Soap Dispenser (Ceramic, Green)","1 pc","Bathroom Essentials","The Better Home",,,459,895,,0.02322,48.71508379888268,0.0006758878814705735,0.00062,,,,459
"2026-04-01","11274",,"Scotch Brite Tough Bathroom Tile Brush","1 pc","Bathroom Essentials","Scotch brite",,,160.13138171653236,171.15119545833332,,71.40851,6.538105417899889,0.989488758808024,1.64343,0.16014,0.24125,0,159.2696540399688
"2026-04-01","566142",,"myTrident Urban Comfort Cotton Hair Wrap (10"" x 25"", Wine)","1 pc","Bathroom Essentials","MYTRIDENT",,,289,499,,5.13267,42.08416833667334,0,0,0.00014,0.00021,0,289
"2026-04-01","581457",,"Johnson Wavy Health Faucet","1 pc","Bathroom Essentials","JOHNSON",,,699,940,,1.09104,25.638297872340427,0,0,,,,699
"2026-04-01","560726",,"myTrident Soft Comfort Cotton Bath Towel (27"" x 54"", Grey)","1 pc","Bathroom Essentials","MYTRIDENT",,,549.5087843041957,1199,,82.78901,54.14544801999004,0.5359032689791395,0.4351,1.78808,0.22657,4.87109,549.8783431466164
"2026-04-01","477394",,"Aravi Plastic Multicolour Plastic Cloth Clips (Multicolour)","12 pcs","Bathroom Essentials","Aravi",,,89.0012232062087,149,,66.06168,40.26799371624855,2.013820642737108,2.13726,1.9129,2.88177,0,7.416724131711806
"2026-04-01","547338",,"Cello Plastic Pedal Dustbin (Plastic, Brown)","1 pc","Bathroom Essentials","Cello",,,739.0554364406779,821.0014999583333,,61.69648,9.910038785227094,1.3134061690102816,2.10423,1.84925,2.78588,0,739.0413732734091
"2026-04-01","615761",,"Kuber Industries Nylon Cloth Rope with 12 Clips (Multicolour)","1 pc","Bathroom Essentials","Kuber Industries",,,251,899,,0.57437,72.08008898776419,0,0,,,,250.99999999999997
"2026-04-01","375270",,"Aravi 10 m Plastic Cloth Rope (Multicolour)","1 pc","Bathroom Essentials","Aravi",,,24.001426927622006,100,,68.08454,75.99477797597804,0.7624038804251614,0.32542,1.35286,2.03807,0,24.00524036152834
"2026-04-01","566120",,"myTrident Moments Cotton Towel Set (Tangy Tomato)","1 set","Bathroom Essentials","MYTRIDENT",,,709,1199,,0.31921,40.867389491242704,0,0,,,,709
"2026-04-01","619290",,"Lorazzo Imperial Health Faucet Set","1 pc","Bathroom Essentials","Lorazzo",,,749,1899,,19.66585,60.55818852027383,0.04036071884985037,0.02829,0.02297,0.03461,0,749
"2026-04-01","524229",,"Jockey T201 Cotton Hand Towel -T201 (15.8"" x 23.6"", Navy)","2 pcs","Bathroom Essentials","Jockey",,,440.341809189973,440.33048379166667,,69.50966,0,0.2770979180848045,0.49242,0.66219,0.23202,1.51152,220.0539050914862
"2026-04-01","613639",,"IndianShelf Premium Adhesive Wall Hooks","3 pcs","Bathroom Essentials","indianshelf",,,433,799,,1.9721,45.8072590738423,0.00020112988506782378,0.00019,,,,144.33333333333337
"2026-04-01","638695",,"HangitNow Wood Cloth Hanger with Adjustable Clips (Beige)","3 pcs","Bathroom Essentials","HangitNow",,,299,899,,34.08185,66.74082313681868,0.005006950994564342,0.00296,0.0134,0.02019,0,99.66666666666667
"2026-04-01","524232",,"Jockey T201 Cotton Hand Towel -T201 (15.8"" x 23.6"", Burgundy)","2 pcs","Bathroom Essentials","Jockey",,,442.5023779736484,442.54434233333336,,71.14128,0.003801794511507532,0.24615560926213562,0.43743,0.86194,0.60694,1.36541,220.64214696750875
"2026-04-01","563325",,"Homestrap Laundry Basket (Grey)","1 pc","Bathroom Essentials","Homestrap",,,419.45888773824663,1099,,71.03057,61.801423669488806,0.82009697975115,0.55658,1.35642,0.23079,3.57883,419.8332739745789
"2026-04-01","569253",,"WaterScience Shower Filter for Hard Water CLEO-SFS-423","1 pc","Bathroom Essentials","Water Science",,,1794.799380952381,2495,,49.60547,28.06237486084359,1.5395100539046116,1.96808,1.06501,0.67074,1.84343,1794.8471061693995
"2026-04-01","601068",,"Mush Bamboo Bath Towel (29"" x 59"", Blue)","1 pc","Bathroom Essentials","Mush",,,799,999,,12.89445,20.020020020020016,0.02679472548116161,0.03808,0.34492,0.25127,0.52982,799
"2026-04-01","557191",,"Welspun 100% Cotton Super Quik Absorbent Cotton Bath Towel (59"" x 27.6"", Blue)","1 pc","Bathroom Essentials","Welspun",,,334.32125712944674,378.4850814012739,,4.00361,11.575824319172337,0.017027614700972523,0.02694,0.015,0.00049,0.04366,336.2494164466253
"2026-04-01","560953",,"D’Decor Brio Cotton Towel Set (Bath Towel: 75 cm x 1.5 m Hand Towel: 40 x 60 cm, Grey)","1 set","Bathroom Essentials","D Decor",,,1499,1499,,43.61124,0,0.022041740679628313,0.03917,0.00969,0.0146,0,1499
"2026-04-01","606831",,"Mr. Right Laundry Bag with Handles (Multicolour)","1 pc","Bathroom Essentials","Mr. Right",,,459,799,,1.3471,42.5531914893617,0,0,,,,459
"2026-04-01","545174",,"Full Houz Twisted Microfiber Cloth Rope (10 m) (Multicolour)","1 pc","Bathroom Essentials","fullhouz",,,89,120,,83.17614,25.833333333333336,0.05134517016058312,0.06767,0.15645,0.2357,0,89
"2026-04-01","430971",,"Simply Home Cotton Bath Towel (27.6"" x 55.1"", Red)","1 pc","Bathroom Essentials","simply home",,,399,399,,0.45909,0,0,0,,,,399
"2026-04-01","626522",,"The Better Home Bathroom Accessories Set (ABS + Bamboo, Multicolour)","5 pcs","Bathroom Essentials","The Better Home",,,1299,4199,,1.0589,69.0640628721124,0.0036995104559197035,0.00203,,,,1298.9999999999998
"2026-04-01","606826",,"House of Quirk Bathroom Storage Organiser (Plastic, Light Grey)","1 pc","Bathroom Essentials","House of Quirk",,,449,699,,0.00521,35.7653791130186,0.0002639361056692351,0.0003,,,,449
"2026-04-01","577712",,"RiverSoft SF-15 Pro Hard Water Tap & Shower Filter","1 pc","Bathroom Essentials","RiverSoft",,,1539,4999,,36.8843,69.14305697069818,0.574383503113065,0.31591,0.12301,0.16596,0.03821,1547.193569280905
"2026-04-01","560723",,"myTrident Soft Comfort Cotton Bath Towel (27"" x 54"", Black)","1 unit","Bathroom Essentials","MYTRIDENT",,,548.858366316127,1199,,81.51402,54.28546304699945,0.8610509484276179,0.69812,3.61642,0.4751,9.81855,548.0670913421584
"2026-04-01","569577",,"WaterScience Health Faucet (PURO HFE 124 Chrome) (Chrome)","1 pc","Bathroom Essentials","Water Science",,,484.94112362186246,995,,63.99248,51.40313744958153,0.47149890883885415,0.40757,1.28672,1.29473,1.27089,483.5107543045254
"2026-04-01","569598",,"Decathlon Microfiber Quickdry Towel - Dark Blue, 85x160cm - NABAIJI","1 pc","Bathroom Essentials","nabaiji by decathlon",,,621.9857929445376,899,,80.02026,30.813738323111398,2.004770874043392,2.46486,1.201,1.58753,0.43787,621.984491599969
"2026-04-01","563914",,"House of Quirk Collapsible Laundry Basket (Beige, White)","1 pc","Bathroom Essentials","House of Quirk",,,599,899,,0.39129,33.370411568409345,0.00045260624307629573,0.00054,,,,599
"2026-04-01","614103",,"XO Curls Microfibre Hair Wrap (15.7"" x 31.4"", Black)","1 pc","Bathroom Essentials","XO Curls",,,474,499,,1.3392,5.01002004008016,0,0,,,,474
"2026-04-01","606853",,"The Better Home Marble Print Soap Dispenser (Ceramic, Black)","1 pc","Bathroom Essentials","The Better Home",,,599,1299,,19.54057,53.88760585065435,0.03443408230628608,0.02822,0.02077,0.00624,0.04947,599
"2026-04-01","623800",,"ECO SENSE® Diamond Weave Non Terry Cotton Bath Towel (29.5"" x 59"", 180 GSM, Light Blue)","1 pc","Bathroom Essentials","ECO SENSE",,,299.0121582872573,449,,30.47109,33.399072706363334,0.25749226839103967,0.30471,0.2836,0.09918,0.64772,299.03981057858994
"2026-04-01","560645",,"myTrident Soft Comfort Cotton Hand Towel (16"" x 26"", Navy Blue)","4 pcs","Bathroom Essentials","MYTRIDENT",,,649.2825579705082,999,,59.546,35.00552043992055,0.08560426320640148,0.09883,0.08157,0.12289,0,162.36942513569156
"2026-04-01","535549",,"KOPA D`Ross Quick Dry Cotton Bath Towel (56"" x 28"", Navy Blue)","1 pc","Bathroom Essentials","Kopa",,,400.13754315138175,999,,69.36192,60.01524301862115,1.011910952622631,0.71821,1.24851,1.88087,0,399.3853243623075
"2026-04-01","617175",,"WonderStand Washing Machine Stand (Black)","1 pc","Bathroom Essentials","WonderStand",,,1099,1099,,6.08505,0,0.003458101429026186,0.00615,,,,1099
"2026-04-01","569959",,"Welspun Quik Dry Cotton Bath Towel (27"" x 59"", Red)","1 pc","Bathroom Essentials","Welspun",,,369.2035714285714,369.2035714285714,,2.79621,0,0.0008510878377136224,0.00151,0.00001,0.00001,0,373.28821413000173
"2026-04-01","612385",,"HangitNow Versatile Plastic Cloth Hanger (Multicolour)","3 pcs","Bathroom Essentials","HangitNow",,,149,499,,46.90175,70.14028056112224,0.0027182420811429054,0.00144,0.00366,0.00551,0,49.666666666666664
"2026-04-01","547216",,"Cello Classic Perfect Posture Stool (Plastic, Brown)","1 pc","Bathroom Essentials","Cello",,,499.088651409429,613.82419255,,22.53268,18.538945102687165,0.3119411300517936,0.45143,0.16239,0.24464,0,499.427108026567
"2026-04-01","594343",,"Pesca Retractable Rope Cloth Hanger (Stainless Steel, Silver)","1 pc","Bathroom Essentials","Pesca",,,399,1476.6105263157895,,1.3219,72.97865666747458,0.00037733951963213075,0.00018,,,,399.00000000000006
"2026-04-01","606761",,"The Better Home Round Soap Dispenser (Ceramic, Black)","1 pc","Bathroom Essentials","The Better Home",,,649,1299,,42.39777,50.0384911470362,0.08864227879440698,0.0787,0.08987,0.03767,0.19292,649
"2026-04-01","612392",,"HangitNow Multipurpose Plastic Cloth Hanger (Multicolour)","6 pcs","Bathroom Essentials","HangitNow",,,199,398.97083333333336,,41.04136,50.118633967701655,0.15441685926256887,0.13686,0.25682,0.3869,0,33.166666666666664
"2026-04-01","639096",,"Boldfit Microfiber Suede Hand Towel (21.2"" x 16.5"", Dark Grey)","1 pc","Bathroom Essentials","Boldfit",,,198.80759978639165,499,,81.51148,60.04227327781551,1.2541613776137421,0.88812,0.29121,0.4387,0,199.38923169261756
"2026-04-01","569269",,"WaterScience Replacement Filter Cartridge for CLEO Shower & Tap Filter CLEO-RC-100-HHC (White)","1 pc","Bathroom Essentials","Water Science",,,829.911507440476,845,,69.13184,2.3816797492910506,0.805543184928285,1.39806,1.20023,1.34053,0.92323,824.832744344142
"2026-04-01","546379",,"myTrident Soft Fashion Jacquard Cotton Hand Towel (26"" x 16.1"", Beige, White)","2 pcs","Bathroom Essentials","MYTRIDENT",,,439,699,,0.22962,37.19599427753934,0,0,,,,438.99999999999994
"2026-04-01","481228",,"M-Seal Sanitary White Putty Sealant For Plumbing (Resin, White)","200 g","Bathroom Essentials","M-Seal",,,68.99876392820876,74.9997775,,84.83872,7.993718907204299,0.5285960056998702,0.86425,0.22488,0.33877,0,69.00392740957574
