"Date","Product ID","Item ID","Product Name","Grammage","Category","Brand","Offtake MRP","Offtake SP","SP","MRP","Units","Wt. OSA %","Wt. Discount %","Est. Category Share","Est. Category Share SP","Overall SOV","Organic SOV","Ad SOV","Wt. PPU (x100)"
"2026-03-01","581893",,"Mad Over Print MDF Rainbow & Be-Kind Coaster Set (Pink)","2 pcs","Kitchen & Dining Needs","Mad Over Print",,,119,149,,0.924,20.13422818791946,0.000026454429276547317,0.00004,,,,59.49999999999999
"2026-03-01","553960",,"Mad Over Print Beer Mug for Father's Day (Glass)","1 pc","Kitchen & Dining Needs","Mad Over Print",,,302,599,,4.22858,49.58263772954925,0,0,0.00017,0.00024,0,302
"2026-03-01","380543",,"Vinod Tawa (Aluminium)","1 unit","Kitchen & Dining Needs","Vinod",,,846.2130907654755,1005.9278147311828,,49.12036,15.874235440832752,0.002529183238017878,0.00371,0.0041,0.00595,0,849.916906779846
"2026-03-01","577762",,"Glasafe Glass Lunch Box","1 pc","Kitchen & Dining Needs","Glasafe",,,429,1149,,41.31927,62.663185378590086,0.012421154120658908,0.00798,0.00226,0.00328,0,428.9999999999999
"2026-03-01","546299",,"Bajaj Splendid 120 TS Induction Cooktop (1200 W)","1 unit","Kitchen & Dining Needs","Bajaj",,,2071.8827459503905,3995.8846535338353,,17.19995,48.56085173260623,0.25511497833836116,0.2244,0.05818,0.02648,0.12859,2057.3168567910643
"2026-03-01","556822",,"Birch & Co. Cake Stand – Metal 8"" (White & Golden)","1 pc","Kitchen & Dining Needs","Birch & Co.",,,709,1499,,3.19258,52.70180120080053,0,0,,,,709
"2026-03-01","563757",,"Cutting EDGE Glass Borosilicate Container Set","5 pcs","Kitchen & Dining Needs","Cutting Edge",,,1350.515943694754,2399.9892472983875,,53.99467,43.87287178415805,0.18061755773953656,0.17485,0.08147,0.10431,0.03073,269.1874290733482
"2026-03-01","535360",,"Mad Over Print MDF Tribal Pattern Coaster Set (Multicolour)","6 pcs","Kitchen & Dining Needs","Mad Over Print",,,311.1373848510508,599,,83.82493,48.12185326284076,0.015195475238480978,0.01355,0.01133,0.01644,0,51.708843179827035
"2026-03-01","567167",,"Cello Opalware 16 Pcs Dazzle Swirl Dinner Set (Blue, White)","16 pcs","Kitchen & Dining Needs","Cello",,,1150.578161929504,2249,,74.93165,48.981889788841784,0.7505427530065474,0.65955,0.31124,0.3578,0.20784,1147.3793447431615
"2026-03-01","578550",,"Embassy Stainless Steel 6 pcs 29 cm Dinner Plate Set (Silver)","6 pcs","Kitchen & Dining Needs","Embassy",,,1649,2249.8251177464786,,11.58044,26.705414256744138,0.0033427979536370597,0.00427,,,,274.8333333333335
"2026-03-01","552981",,"Prestige Platina Popular Kadai Glass Lid (Stainless Steel)","1 unit","Kitchen & Dining Needs","Prestige",,,1253.7449764646276,1596.3822211693546,,59.53531,21.377458584001456,0.18541403777615192,0.25359,0.05012,0.05952,0.02924,1253.0486677114477
"2026-03-01","697178",,"Wonderchef Stainless Steel Ambrosia Mixing Bowl Set (Silver)","1 set","Kitchen & Dining Needs","Wonderchef",,,433.69924224264577,979.6064632661291,,68.30478,55.883045615066266,0.09615730099913297,0.07374,0.01482,0.02149,0,434.23575058297024
"2026-03-01","741045",,"Gluman Plastic Dinner Plate Set (White)","6 pcs","Kitchen & Dining Needs","Gluman",,,349,599,,7.97053,41.736227045075125,0.0008862474381543322,0.00089,0.00023,0.00033,0,349
"2026-03-01","654050",,"The Green Chapter Stainless Steel Straw Set","5 pcs","Kitchen & Dining Needs","The Green Chapter",,,199,299,,8.10952,33.444816053511715,0.0017341449110187433,0.00199,0.02529,0.00204,0.07695,39.800000000000004
"2026-03-01","519979",,"Super Mom by Apex Coconut Opener","1 pc","Kitchen & Dining Needs","super mom by apex",,,79.74408051480536,150,,64.35951,47.32961713689471,0.421049429450127,0.38181,0.03503,0.0508,0,79.00662648586365
"2026-03-01","710972",,"Two Moustaches Ethnic Floral Serving Tray (Multicolour)","2 pcs","Kitchen & Dining Needs","Two Moustaches",,,895,1595,,16.17813,43.8871473354232,0.00028318495278905676,0.00027,0,0,0,447.49999999999994
"2026-03-01","606331",,"Housegoods Premium Chopping Board 35 x 25 cm (Stainless Steel)","1 pc","Kitchen & Dining Needs","housegoods",,,599,1999,,27.41347,70.03501750875438,0.002957608601988012,0.00153,0.00073,0.00106,0,599
"2026-03-01","618756",,"averX Polypropylene Rectangular Lunch Box","1 pack","Kitchen & Dining Needs","averx",,,299.00125430107533,999,,57.16005,70.06957557830152,0.1601421520793238,0.08251,0.04818,0.03782,0.07118,299.0051587337242
"2026-03-01","173888",,"Prestige Omega Deluxe Induction Base Non-Stick Cookware Set (Aluminium)","3 pcs","Kitchen & Dining Needs","Prestige",,,1938.5491884324704,3850.58478358871,,49.5598,49.54931035524105,0.7476752648078512,0.6518,0.1717,0.2473,0.00375,1948.283731210148
"2026-03-01","691092",,"Nayasa Steel Bethany Insulated Casserole (White)","1 pc","Kitchen & Dining Needs","Nayasa",,,1069,1069,,53.70086,0,0.0005010612823209291,0.00086,0.00019,0.00027,0,1069
"2026-03-01","621475",,"averX Plastic Pull N Chop Manual Chopper (450 ml)","1 pc","Kitchen & Dining Needs","averx",,,199,499,,48.17122,60.12024048096192,0.4638507929113638,0.31843,0.32997,0.46807,0.0232,199
"2026-03-01","577753",,"Glasafe Glass Lunch Set","1 pc","Kitchen & Dining Needs","Glasafe",,,1749,4846,,1.44672,63.90837804374742,0.0015056728547146007,0.00094,,,,1748.9999999999998
"2026-03-01","544034",,"Pigeon Gas Lighter with Knife (Stainless Steel)","2 pcs","Kitchen & Dining Needs","Pigeon",,,,,,0,,0,0,,,,
"2026-03-01","480974",,"Happy Kitchen Stainless Steel Lemon Squeezer (Stainless Steel)","1 pc","Kitchen & Dining Needs","Happy Kitchen",,,254.90567992430104,267.6153128225806,,68.8552,4.990460679961378,0.01580732035787571,0.02558,0.01046,0.01517,0,255.78620596671564
"2026-03-01","543154",,"Amaya Decors Napkin Ring (Aluminium)","6 pcs","Kitchen & Dining Needs","Amaya Decors",,,606.0889751217421,1299,,45.54074,52.9349397905727,0.013462466972560108,0.01138,0.00005,0.00007,0,106.26970806554321
"2026-03-01","553664",,"HAZEL Big Spatula (Plastic)","1 pc","Kitchen & Dining Needs","Hazel",,,116,429,,21.9057,72.96037296037296,0.0004316126574404636,0.0002,0,0.00001,0,115.99999999999997
"2026-03-01","568440",,"Solara Kids Motivational Sipper Kids Bottle (Tritan)","1 pc","Kitchen & Dining Needs","Solara",,,581.6540983003412,999,,43.46489,41.82770946925373,0.03422467844468814,0.0341,0.0232,0.02577,0.01749,578.1972471985491
"2026-03-01","633486",,"Earth Chakra Masala Box (Brass)","1 set","Kitchen & Dining Needs","earth chakra",,,1999,3200,,46.64416,37.53124999999999,0.010027760734322766,0.01078,0.01604,0.00024,0.05114,1998.9999999999993
"2026-03-01","582189",,"Rabitat Tritan Kids Lunch Box - Peppa Pig","1 pc","Kitchen & Dining Needs","Rabitat",,,,,,0,,0,0,,,,
"2026-03-01","549022",,"Borosil Borosilicate Glass Classic Jar Set with Wooden Tray","2 pcs","Kitchen & Dining Needs","Borosil",,,735.6491745396962,995,,70.91992,25.941426928393653,0.07956605700598215,0.10192,0.07715,0.06892,0.09543,368.9125004491846
"2026-03-01","676534",,"House of Quirk 3D Turtle Plastic Coaster (Green)","1 pc","Kitchen & Dining Needs","House of Quirk",,,249,699,,47.73512,64.37768240343348,0.01796460688433088,0.01102,0.03139,0.02701,0.04111,249.00000000000006
"2026-03-01","612345",,"Yellocut Plastic Container Set","3 pcs","Kitchen & Dining Needs","Yellocut",,,299,399,,40.47354,25.06265664160402,0.017930855697754676,0.02313,0.00053,0.00077,0,99.66666666666661
"2026-03-01","611657",,"Skitch Stainless Steel Table Coaster Set (Silver)","6 pcs","Kitchen & Dining Needs","Skitch",,,284,999,,34.28475,71.57157157157158,0.009865561194783516,0.00483,0.00369,0.00534,0,47.33333333333335
"2026-03-01","697782",,"Larah by Borosil Opalware Dark Forest Dinner Set (White)","1 set","Kitchen & Dining Needs","Larah",,,2463.9170586354203,3995,,71.57787,38.43041379756999,0.19708156335103677,0.21045,0.06084,0.07481,0.02979,68.29381221770431
"2026-03-01","626843",,"Borosil Borosilicate Glass Round Storage Container","1 pc","Kitchen & Dining Needs","Borosil",,,269.1190249110413,315,,67.92009,15.113311951971946,0.06104981843010309,0.0904,0.08574,0.09586,0.06326,267.3687862212232
"2026-03-01","496180",,"Ocean Pyramid Whiskey Glass Set","6 pcs","Kitchen & Dining Needs","O'cean",,,,,,0,,0,0,,,,
"2026-03-01","700704",,"DeliBohemi Glass Serving Plate Set (Clear)","1 set","Kitchen & Dining Needs","DeliBohemi",,,199,599,,5.21318,66.7779632721202,0.0011166726704537455,0.00064,0.00003,0.00004,0,199.00000000000003
"2026-03-01","691154",,"Nayasa Plastic Cold Water Jug (Green)","1 pc","Kitchen & Dining Needs","Nayasa",,,469,469,,45.97318,0,0.0004579779589695674,0.00079,0.00044,0.00063,0,22.333333333333336
"2026-03-01","611092",,"Prestige 2 Burners Magic Plus LPG Gas Stove","1 unit","Kitchen & Dining Needs","Prestige",,,3198.246525327012,4291.853231935484,,68.26344,25.405747485787852,0.2096518090182747,0.26967,0.12634,0.04135,0.31513,3193.171879776211
"2026-03-01","545004",,"HOOM Plastic by HMI Original Disney Frozen Lunch Box","1 pc","Kitchen & Dining Needs","HOOM",,,325.60448203367366,399,,30.80758,18.394866658227148,0.0014971481940258527,0.00211,0.00274,0.00398,0,326.9048635963048
"2026-03-01","717778",,"Shree Shyam Stainless Steel Bowl","1 pc","Kitchen & Dining Needs","Shree Shyam",,,99.92704379980921,199,,56.79602,49.36817136437538,0.003933290940978412,0.00337,0.00013,0.00019,0,101.61595824861777
"2026-03-01","615640",,"Femora Borosilicate Oval Baking Dish (Glass)","1 pc","Kitchen & Dining Needs","Femora",,,379.0018821746687,465,,53.63375,18.493353980670225,0.05175382846044779,0.07262,0.03358,0.04543,0.00726,379.0064163278393
"2026-03-01","720641",,"CutTales Stainless Steel 3 Section Apple Plate Set (Silver)","2 pcs","Kitchen & Dining Needs","CutTales",,,449,999,,58.11591,55.05505505505505,0.014587284179186116,0.01129,0.0011,0.00159,0,224.50000000000003
"2026-03-01","737133",,"Habere India Cane Handmade Serving Tray (Light Blue)","1 pc","Kitchen & Dining Needs","Habere India",,,1399,2799,,19.22483,50.017863522686675,0.0019877973314288075,0.00171,0.00119,0.00013,0.00356,1399
"2026-03-01","718258",,"Habere India Serving Tray (Green)","1 pc","Kitchen & Dining Needs","Habere India",,,1799,3499,,7.92935,48.58531008859674,0.0002070769582848656,0.00018,0.00102,0.00015,0.00294,1798.9999999999998
"2026-03-01","613765",,"Cutting Edge Plastic Slim Container Set","2 pcs","Kitchen & Dining Needs","Cutting Edge",,,235,275,,65.12744,14.545454545454557,0.01394083991679726,0.02051,0.00453,0.00179,0.01061,117.5
"2026-03-01","607627",,"Brick Brown Cranny Cutlery Holder (Wood)","1 pc","Kitchen & Dining Needs","brick brown",,,999,1699,,27.56005,41.20070629782225,0.0028666748636142574,0.0029,0.00163,0.00236,0,998.9999999999998
"2026-03-01","532447",,"Wonderchef Tivoli Cookware Set (Aluminium)","3 pcs","Kitchen & Dining Needs","Wonderchef",,,1209.3025615704237,2944.353171814516,,69.81437,59.29004697418432,0.5526387795225991,0.38963,0.03336,0.04393,0.00988,400.82793980572706
"2026-03-01","521097",,"The Artment Tip-Toe Shell Whiskey Glass Set","4 pcs","Kitchen & Dining Needs","The Artment",,,995.074085483871,999,,23.12181,0.38839056910256525,0.004712455651666924,0.00811,0.00233,0.00048,0.00645,998.977167438925
"2026-03-01","544840",,"Nayasa Ice Tray Set with Lid (Plastic)","2 pcs","Kitchen & Dining Needs","Nayasa",,,251.78295695391776,344.8555124596774,,56.09941,26.70254455133147,0.03910507935733409,0.04897,0.30361,0.43987,0.00093,126.40516283586075
"2026-03-01","569330",,"ExclusiveLane Rectangular Spice Box with Spoon (Wood)","1 pc","Kitchen & Dining Needs","ExclusiveLane",,,1425,2549,,12.85374,44.0957238132601,0.004487916934240995,0.00432,,,,1425
"2026-03-01","619593",,"Chumbak Wood Jaipur Gardens Kasuti Serving Tray (Multicolour)","1 pc","Kitchen & Dining Needs","Chumbak",,,949.786348815902,1295,,55.61261,26.333170455251047,0.023182358629139498,0.02963,0.01163,0.01687,0,982.5427709962911
"2026-03-01","664251",,"HAZEL Stainless Steel Lunch/Dinner Plate with 4 Divider (Silver)","1 pc","Kitchen & Dining Needs","Hazel",,,288.28060093933755,395,,61.82351,26.486042534606362,0.0284431327992569,0.0361,0.0053,0.00769,0,291.01553330321764
"2026-03-01","577752",,"Glasafe Glass Lunch Set","1 pc","Kitchen & Dining Needs","Glasafe",,,1749,4846,,1.0596,63.90837804374742,0,0,0,0,0,1748.9999999999998
"2026-03-01","521011",,"Vinayak Stainless Steel Storage Canister Set","2 pcs","Kitchen & Dining Needs","Vinayak",,,320.95973063035296,489,,9.39975,34.3633688532792,0.0027150918236489743,0.00305,0.00035,0.0005,0,160.40213918300356
"2026-03-01","627677",,"Parage Kitchen Ladle Skimmer & Turner Set (Stainless Steel)","3 pcs","Kitchen & Dining Needs","Parage",,,389,549,,45.64809,29.143897996357005,0.054744340470139416,0.06677,0.06621,0.08627,0.02163,129.6666666666667
"2026-03-01","630808",,"ExclusiveLane Chai Kulhad Mug Set (Ceramic)","6 pcs","Kitchen & Dining Needs","ExclusiveLane",,,699,1599,,39.56369,56.28517823639775,0.00684707319247751,0.00515,0.01946,0.0167,0.02559,116.50000000000001
"2026-03-01","741386",,"Unify Stainless Steel Insulated Casserole (Silver)","1 unit","Kitchen & Dining Needs","Unify",,,1399,2319,,16.50236,39.672272531263474,0.0021272591752870894,0.00221,0.00055,0.00014,0.00148,1399
"2026-03-01","617021",,"Borosil Plastic EazyPull Chopper with 6 Blades","1 pc","Kitchen & Dining Needs","Borosil",,,388.87560930198566,496.0964330396476,,38.42098,21.58828409390588,0.15468223775907686,0.20869,0.06006,0.0871,0,388.9259654444546
"2026-03-01","604063",,"Bombay Kookware Greblon Coating Non-Stick Tawa (Aluminium)","1 unit","Kitchen & Dining Needs","Bombay Kookware",,,,,,0,,0,0,,,,
"2026-03-01","721460",,"Yellow Gold Bamboo Skewer","100 pcs","Kitchen & Dining Needs","Yellow Gold",,,150,150,,15.84158,0,0.0000221931642040551,0.00004,,,,150
"2026-03-01","709741",,"Selvel Steel Royal Casserole (Ceramica White)","1 pc","Kitchen & Dining Needs","Selvel",,,1410,2014,,47.4118,29.99006951340616,0.0001787881308278679,0.00022,0.0008,0.00116,0,1410
"2026-03-01","711571",,"House of Quirk Plastic Turtle Cup Holder Set (Multicolour)","4 pcs","Kitchen & Dining Needs","House of Quirk",,,499,1299,,37.4392,61.5858352578907,0.0039721309313339595,0.00263,0.00368,0.00454,0.00177,124.74999999999999
"2026-03-01","735318",,"CutTales Stainless Steel Mini Dessert Bowl Set (Silver)","6 pcs","Kitchen & Dining Needs","CutTales",,,299,1499,,75.24177,80.0533689126084,0.07058443249709602,0.02424,0.0493,0.01364,0.12851,4983.333333333334
"2026-03-01","640473",,"Cosco Hydrator Steel Wall Bottle","1 pc","Kitchen & Dining Needs","Cosco",,,324.96524374185657,749.0006546774193,,73.35718,56.6139373033776,0.07514087446549597,0.05612,0.39718,0.11773,1.01793,324.9575048186438
"2026-03-01","188767",,"Fackelmann Stainless Steel Vegetable Peeler (Stainless Steel)","1 pc","Kitchen & Dining Needs","Fackelmann",,,198.89673208091335,298.6406849193548,,74.20819,33.39387348076824,0.08940886630145961,0.10255,0.06521,0.09457,0,198.8993880284331
"2026-03-01","554110",,"Pasabahce Echo Whiskey Glass Set","6 pcs","Kitchen & Dining Needs","Pasabahce",,,549.0249069008086,1499,,71.52875,63.372031719727886,0.0394783944784074,0.02489,0.02354,0.03414,0,91.51834392695037
"2026-03-01","625477",,"House of Quirk Nylon Insulated Lunch Bag (Pink)","1 pc","Kitchen & Dining Needs","House of Quirk",,,399,499,,53.9876,20.04008016032064,0.005304933418069375,0.0073,0.03753,0.00683,0.10573,399.0000000000001
"2026-03-01","634223",,"Sipologie Inspire Tea Mug (Stainless Steel, Borosilicate Glass)","1 pc","Kitchen & Dining Needs","Sipologie",,,694.9520561155914,1199,,46.94511,41.96508038134938,0.01716466937194738,0.01722,0.00742,0.0016,0.02036,698.8624059478326
"2026-03-01","569675",,"Solara Motivational Plastic Sipper Bottle","1 pc","Kitchen & Dining Needs","Solara",,,1172.1713634269179,2999,,55.87875,60.6750442938888,0.0808941311059249,0.05444,0.0132,0.0089,0.02277,268.7738339577947
"2026-03-01","614748",,"DeliBohemi Wine Glass Set","2 pcs","Kitchen & Dining Needs","DeliBohemi",,,239.20197073872563,899,,42.00362,73.39259512609118,0.3427930477007813,0.15689,0.07852,0.11387,0,119.59847371390906
"2026-03-01","429389",,"Vinod Steamer Pot (Stainless Steel)","1 pc","Kitchen & Dining Needs","Vinod",,,1270.335,1432.172131147541,,6.90523,11.300117327228504,0.0014940443468529302,0.00224,0.0002,0.00029,0,1274.6476498142079
"2026-03-01","188759",,"Nirosta 2 in 1 Multi-Purpose Scissors (Stainless Steel)","1 pc","Kitchen & Dining Needs","Nirosta",,,238.7616616424361,497.88166931451616,,84.04697,52.02539188864201,0.09094949108170651,0.07515,0.07426,0.10769,0,238.87909984347107
"2026-03-01","499019",,"Homez it Coffee Mug (Ceramic)","1 pc","Kitchen & Dining Needs","Homez it",,,122.4368566224862,149,,16.49828,17.767527833852306,0.0023803976020141874,0.00341,0.00005,0.00007,0,123.19544530046755
"2026-03-01","721135",,"Parage Stainless Steel Table Fork Set","6 pcs","Kitchen & Dining Needs","Parage",,,289,499,,71.49841,42.08416833667335,0.027491187736063214,0.02741,0.04187,0.00352,0.12706,48.16666666666667
"2026-03-01","735418",,"Habere India Cane Small Rustic Serving Tray (Blue)","1 pc","Kitchen & Dining Needs","Habere India",,,1699,3199,,17.38068,46.88965301656768,0.0009163207735586496,0.00084,,,,169900
"2026-03-01","571897",,"Pieces and Accents Marble Round Coaster Set (White)","4 pcs","Kitchen & Dining Needs","pieces and accents",,,419,699,,3.52662,40.05722460658083,0,0,,,,419.00000000000006
"2026-03-01","528896",,"Fackelmann Quartz Non Stick Fry Pan -24 cm (Aluminium)","1 pc","Kitchen & Dining Needs","Fackelmann",,,857.8167279830899,1361.7824858064514,,42.20576,37.4172988165748,0.031633884319660105,0.03417,0.05786,0.08391,0,837.1877802449554
"2026-03-01","697750",,"Lifelong Silicone Non-Stick Cooking Spoon Set","3 pcs","Kitchen & Dining Needs","Lifelong",,,394.8256819030768,999,,53.81614,60.56099259401902,0.07802783015274115,0.0517,0.01185,0.01719,0,393.75397219909655
"2026-03-01","630804",,"ExclusiveLane Mango Wood & Brass Floral-Etched Chapati Box (Golden)","1 pc","Kitchen & Dining Needs","ExclusiveLane",,,1899,3499,,9.23528,45.727350671620464,0,0,0.00033,0.00047,0,1898.9999999999998
"2026-03-01","606694",,"Speedex Steel Wall Bottle With Sipper Cap","1 pc","Kitchen & Dining Needs","Speedex",,,549,549,,1.92399,0,0.00003249079239473667,0.00006,,,,549
"2026-03-01","735413",,"Habere India Cane Handmade Serving Tray - Small (Blue)","1 pc","Kitchen & Dining Needs","Habere India",,,1099,2199,,18.95904,50.02273760800364,0.0005205628595703164,0.00045,,,,109900
"2026-03-01","376291",,"Omega Stainless Steel Heavy Traditional Dinner Plate (Silver)","1 pc","Kitchen & Dining Needs","Omega",,,245,245,,1.97021,0,0,0,,,,245.00000000000003
"2026-03-01","553254",,"Judge by Prestige Classic 1.4 ltr Milk Pan (Stainless Steel)","1 pc","Kitchen & Dining Needs","Judge",,,382.12737582526466,575,,4.49566,33.58880977470518,0.004968313362417616,0.00565,0,0,0,380.20544892616994
"2026-03-01","671980",,"Parage Stainless Steel Cutlery Set With Stand","25 pcs","Kitchen & Dining Needs","Parage",,,839,849,,51.28313,1.1778563015312267,0.01500556353866341,0.02553,0.02641,0.00529,0.07334,33.56
"2026-03-01","595016",,"New Dawn Kitchen Sink Organizer with Drain Tray (Stainless Steel)","1 pc","Kitchen & Dining Needs","New Dawn",,,899,1200,,43.22492,25.083333333333336,0.01286437575597654,0.01659,0.00132,0.00191,0,899
"2026-03-01","498604",,"Solara Motivational Pink Plastic Sipper Bottle","1 pc","Kitchen & Dining Needs","Solara",,,634.9160972530196,1499,,36.67224,57.33132550569494,0.0320129506660779,0.02325,0.01009,0.01024,0.00978,662.9443868378853
"2026-03-01","607798",,"Brick Brown Wood Serving Tray (Brown)","1 pc","Kitchen & Dining Needs","brick brown",,,1649,2699,,9.51584,38.903297517599114,0,0,0.00006,0.00009,0,1648.9999999999998
"2026-03-01","684564",,"Ekhasa Kansa Serving Bowl (Golden, 150 ml)","1 pc","Kitchen & Dining Needs","Ekhasa",,,,,,0,,0,0,,,,
"2026-03-01","571127",,"Oliveware Stainless Steel Teso Pro Lunch Box","1 pc","Kitchen & Dining Needs","Oliveware",,,999,1950,,71.9073,48.76923076923077,0.03340030235251906,0.02946,0.00366,0.0053,0,999.0000000000001
"2026-03-01","608573",,"Cutting Edge Polypropylene Modular Container Set","6 pcs","Kitchen & Dining Needs","Cutting Edge",,,985,2100,,63.12999,53.0952380952381,0.058478632587057926,0.04722,0.00789,0.0011,0.02298,164.1666666666666
"2026-03-01","596000",,"FunBlast Unbreakable Kids Bottle (Plastic)","1 pc","Kitchen & Dining Needs","FunBlast",,,482,999,,1.90222,51.751751751751755,0.00017736776831880837,0.00015,,,,482
"2026-03-01","708130",,"CutTales Stainless Steel Kanjak 3 Compartments Plate Set (Silver)","12 pcs","Kitchen & Dining Needs","CutTales",,,819,2999,,50.98177,72.69089696565521,0.022812492680874128,0.01072,0.00044,0.00064,0,68.24999999999999
"2026-03-01","566123",,"Larah by Borosil Opalware Casserole Set - (White)","2 pcs","Kitchen & Dining Needs","Larah by Borosil",,,,,,0,,0,0,,,,
"2026-03-01","566635",,"Cello Plastic Diamond Kitchen Storage Container Set","24 pcs","Kitchen & Dining Needs","Cello",,,882.0110907436688,2176,,64.05037,59.46581381189447,0.2668792336183833,0.18622,0.22339,0.28077,0.09594,882.0263512544492
"2026-03-01","567708",,"Nestasia Embossed Tall Water Glass Set (350ml, Transparent)","6 pcs","Kitchen & Dining Needs","Nestasia",,,812.8430838617267,1189.8160466935485,,58.49981,33.4514206533938,0.10928557229729896,0.12112,0.16318,0.06417,0.38313,131.48320999323127
"2026-03-01","545039",,"playR CSK Thala 7 Mug (Ceramic)","1 pc","Kitchen & Dining Needs","PlayR",,,224,399,,13.94003,43.85964912280702,0.0008653851536212659,0.00084,0.00004,0.00006,0,224.00000000000003
"2026-03-01","601054",,"Mush Rayon Kitchen Towel Set","5 pcs","Kitchen & Dining Needs","Mush",,,379,599,,51.96208,36.727879799666105,0.005013131481028481,0.00546,0.01556,0.02256,0,75.80000000000001
"2026-03-01","565909",,"Milton Aura 1000 Thermal Bottle","1.05 ltr","Kitchen & Dining Needs","Milton",,,959,1165,,23.69045,17.682403433476388,0.009186007039491293,0.01302,,,,959.0000000000001
"2026-03-01","627375",,"Royalkart 2-Tier Vegetable Fruit Basket","1 pc","Kitchen & Dining Needs","Royalkart",,,699,1999,,17.96488,65.03251625812906,0.01223266917498169,0.00736,0.00206,0.00276,0.0005,698.9999999999999
"2026-03-01","632916",,"WonderStand 2-Tier Spice Rack Organizer (Stainless Steel)","1 pc","Kitchen & Dining Needs","WonderStand",,,449,497.9914446788991,,25.91603,9.844138838006236,0.01444039632503984,0.02244,0.01035,0.01501,0,449.00000000000017
"2026-03-01","595353",,"Smokey Cocktail Premium Whiskey Glass Set","6 pcs","Kitchen & Dining Needs","SMOKEY COCKTAIL",,,2999,2999,,2.25101,0,0.00017748619104300122,0.00031,0.00011,0.00017,0,499.8333333333333
"2026-03-01","540357",,"Vinayak Butter/Jam Knife (Stainless Steel)","1 pc","Kitchen & Dining Needs","Vinayak",,,49.0372695035461,149,,21.49939,67.08488714561457,0.014202018483052206,0.00804,0.00996,0.01445,0,49.05292674097667
"2026-03-01","401903",,"GHH Anodized Coating Glossy Cookware Set (Aluminium)","1 unit","Kitchen & Dining Needs","GHH",,,1363,3300,,0.5221,58.696969696969695,0,0,,,,1363
"2026-03-01","753703",,"Tiara Stainless Steel Masala Spoon Set","12 pcs","Kitchen & Dining Needs","Tiara",,,225,299,,21.99454,24.74916387959866,0.00070144371700997,0.00091,0,0,0,225
"2026-03-01","481158",,"Walton Plastic Pull and Chop Vegetable Chopper","1 pc","Kitchen & Dining Needs","Walton",,,275,495,,19.83655,44.44444444444444,0,0,,,,275
"2026-03-01","615899",,"One Living Hammered Copper Bottle","1 pc","Kitchen & Dining Needs","O.n.e living",,,899,1199,,65.43906,25.020850708924094,0.02567669771163044,0.03314,1.01706,0.02381,3.22339,899.0000000000001
"2026-03-01","630800",,"ExclusiveLane Brass Mandala Pattern Pure Coasters (Multicolour)","2 pcs","Kitchen & Dining Needs","ExclusiveLane",,,849,1299,,5.74066,34.64203233256351,0,0,,,,849
"2026-03-01","587027",,"The Better Home Solid Copper Bottle","1 pc","Kitchen & Dining Needs","The Better Home",,,899,2999,,17.93816,70.02334111370456,0.021985429085292604,0.01135,0.0157,0.00479,0.03993,899
"2026-03-01","440113",,"GHH Aluminium Donut Bakeware Tray Rectangular Shape 6 Cavity (Silver)","1 pc","Kitchen & Dining Needs","GHH",,,186,499,,0.00112,62.725450901803605,0.00002953164465242478,0.00002,0.0001,0.00015,0,185.99999999999997
"2026-03-01","607670",,"Brick Brown Spice Box (Wood)","1 pc","Kitchen & Dining Needs","brick brown",,,2099,3599,,7.15849,41.678243956654626,0.00021299525376948937,0.00021,0,0,0,2099
"2026-03-01","518746",,"Larah by Borosil Opalware Ice Cream/Dessert Set (White)","6 pcs","Kitchen & Dining Needs","Larah by Borosil",,,449.1677419354839,595,,66.399,24.52064803442973,0.04307404572099786,0.05595,0.07706,0.11175,0,74.85018494969495
"2026-03-01","552718",,"Femora Coffee Mug (Ceramic)","1 pc","Kitchen & Dining Needs","Femora",,,136.17297022603523,300,,79.8249,55.30170572406904,0.2478320995783165,0.19216,0.54509,0.67634,0.25354,134.0948828277929
"2026-03-01","603358",,"The Better Home Glass Container Set","3 pcs","Kitchen & Dining Needs","The Better Home",,,1179,3999,,48.13737,70.51762940735183,0.01444029210594074,0.00733,0.00093,0.00135,0,393
"2026-03-01","582668",,"The Better Home Stainless Steel 304 Grade Container Set (Microwave Safe)","2 pcs","Kitchen & Dining Needs","The Better Home",,,1199,3995,,1.16625,69.98748435544431,0,0,0,0,0,599.5
"2026-03-01","618250",,"Kuber Industries Plastic Container Set for Fridge","8 pcs","Kitchen & Dining Needs","Kuber Industries",,,548,2499,,0.05645,78.07122849139655,0.0001478952462558232,0.00006,,,,68.5
"2026-03-01","603120",,"Cutting Edge Borosilicate Glass Bottle with Black Sleeve","1 pc","Kitchen & Dining Needs","Cutting Edge",,,325,575,,55.10241,43.4782608695652,0.023934834195646848,0.02329,0.16583,0.03052,0.46638,325
"2026-03-01","548903",,"Nayasa Nicola Plastic Container Set","6 pcs","Kitchen & Dining Needs","Nayasa",,,894.8137873028994,1259,,78.27105,29.428157485110912,0.0328503976442366,0.03986,0.32156,0.22378,0.53876,146.21776366181317
"2026-03-01","619356",,"Chumbak Friends Forever Mug (Ceramic)","1 pc","Kitchen & Dining Needs","Chumbak",,,332.84995759202,395,,79.66386,15.228527792542112,0.0667224645268741,0.09583,0.14808,0.21475,0,334.7071913048187
"2026-03-01","662874",,"Hazel Stainless Steel Bowl Set - 300 ml (Silver)","2 pcs","Kitchen & Dining Needs","Hazel",,,220.0142681284027,589,,76.75695,62.58880235936637,0.039460198924485095,0.02535,0.01083,0.0157,0,220.54871114620465
"2026-03-01","707424",,"Jensons Stainless Steel Premium Curry Bowl Set (Silver)","4 pcs","Kitchen & Dining Needs","Jensons",,,349,890,,76.00238,60.786516853932596,0.026690634674077344,0.01802,0.0071,0.01029,0,87.25
"2026-03-01","566086",,"The Artment Floral Design Knife (Stainless Steel)","1 pc","Kitchen & Dining Needs","The Artment",,,249,399,,0.24573,37.59398496240601,0.0008855072517417985,0.00095,0.00004,0.00006,0,249.00000000000006
"2026-03-01","568410",,"Wonderchef Blueberry Non-Stick Fry Pan (Aluminium)","1 pc","Kitchen & Dining Needs","Wonderchef",,,662.3931193625584,1137.1854589112904,,71.62105,41.856035055292345,0.5246536719093652,0.53358,0.9845,1.4277,0,661.0030465267977
"2026-03-01","752940",,"HomeEssentials Borosilicate Glass Jug with Lid (Transparent)","1 pc","Kitchen & Dining Needs","HomeEssentials",,,749,2999,,1.31547,75.02500833611204,0.0013015790127893874,0.00056,0.00028,0.00001,0.00088,749
"2026-03-01","623612",,"Oliveware Stainless Steel Falcon Lunch Box Set","4 pcs","Kitchen & Dining Needs","Oliveware",,,699,999,,30.34137,30.03003003003003,0.0015498713401808876,0.00187,0.00006,0.00009,0,699
"2026-03-01","625488",,"Housegoods Premium Rechargeable Electric Gas Lighter","1 pc","Kitchen & Dining Needs","housegoods",,,399,999,,10.36434,60.06006006006006,0.00019392209336189714,0.00013,0.00242,0.00352,0,399
"2026-03-01","427640",,"Borosil Borosilicate Glass Round Container","1 pc","Kitchen & Dining Needs","Borosil",,,435.72908076539346,525,,68.09037,17.441114872828873,0.03325369732805741,0.04793,0.12888,0.01534,0.38107,43219.743855660185
"2026-03-01","710193",,"Artstreet MDF Gingko Leaf Shaped Serving Platter Set (Golden)","2 pcs","Kitchen & Dining Needs","Art Street",,,699,2000,,5.6786,65.05,0.0001775453136324408,0.00011,0.00005,0.00007,0,349.5
"2026-03-01","755714",,"CutTales Stainless Steel Spoon Set","12 pcs","Kitchen & Dining Needs","CutTales",,,319,899,,22.97833,64.51612903225806,0.01248947835106814,0.00763,0.00667,0.00554,0.00916,319
"2026-03-01","496409",,"Vinayak Stainless Steel Allure Dinner Plate (Silver)","1 pc","Kitchen & Dining Needs","Vinayak",,,224.3436433459132,349,,62.01868,35.58240493875376,0.0189136936455204,0.0209,0.03896,0.0565,0,225.3640925163492
"2026-03-01","719242",,"CutTales Stainless Steel 5 Sections Dinner Plate Set (Silver)","2 pcs","Kitchen & Dining Needs","CutTales",,,589,1499,,64.66752,60.707138092061385,0.026694759229258336,0.01806,0.0055,0.00798,0,294.50000000000006
"2026-03-01","546691",,"Borosil Swan Wide Mouth Steel Wall Bottle","1 pc","Kitchen & Dining Needs","Borosil",,,359.0597025489356,419.0807904938272,,61.02349,14.232691407252464,0.09432846229508834,0.13961,0.04072,0.05886,0.00044,359.1155750834044
"2026-03-01","631961",,"Boldfit Gym Gallon Plastic Bottle","2.5 ltr","Kitchen & Dining Needs","Boldfit",,,585.6763617039101,1990,,67.87326,68.74491990666158,0.5224875837515319,0.26591,0.09091,0.10996,0.0486,622.5384369744763
"2026-03-01","499130",,"Zenker Heart/Star Shaped Cookie Cutter (Steel)","4 pcs","Kitchen & Dining Needs","Zenker",,,189.06479276295093,198.23587209677422,,8.355,4.626209294579032,0.0006923597885832797,0.00114,0.00066,0.00096,0,47.27273747628584
"2026-03-01","663021",,"New Dawn Plastic Stackable Egg Tray Set (White)","3 pcs","Kitchen & Dining Needs","New Dawn",,,199,900,,2.06556,77.88888888888889,0.0001065271881794645,0.00004,,,,66.33333333333331
"2026-03-01","747672",,"Metallure Home Wood Natural Coasters (Brown)","4 pcs","Kitchen & Dining Needs","Metallure Home",,,449,899,,20.48102,50.055617352614014,0.000556176496486534,0.00048,,,,449.00000000000006
"2026-03-01","579802",,"The Better Home Steel Lunch Box","2 pcs","Kitchen & Dining Needs","The Better Home",,,1399,4995,,1.7069,71.991991991992,0.0008868388415940418,0.00043,,,,699.5
"2026-03-01","626093",,"Nestroots Canister Set For Tea, Coffee & Sugar","3 pcs","Kitchen & Dining Needs","Nestroots",,,1199,2599,,8.52655,53.86687187379761,0,0,0.00001,0,0.00002,1199
"2026-03-01","543434",,"Happy Kitchen Sharp Vegetable Peeler (Stainless Steel, Plastic)","1 pc","Kitchen & Dining Needs","Happy Kitchen",,,48.99985599078341,59,,82.80786,16.94961970485712,0.17795411633325767,0.25441,0.19353,0.28066,0,48.99972437413428
"2026-03-01","566605",,"Cello Plastic MF All in One Insulated Lunch Box with Bag","6 pcs","Kitchen & Dining Needs","Cello",,,893.1318921567131,1899,,73.2655,52.97333969499572,0.2465004616112932,0.19953,0.22966,0.06174,0.60266,893.0095983520135
"2026-03-01","565942",,"Borosil Princess Kids Thermal Bottle with Bag","1 pc","Kitchen & Dining Needs","Borosil",,,879.4706790123456,995,,2.12533,11.610987033935112,0.00035331552921918447,0.00052,,,,879.4992230952995
"2026-03-01","701360",,"Nestasia Aluminium Flower Trinket Bowl Set (Golden)","2 pcs","Kitchen & Dining Needs","Nestasia",,,1037.1264906916517,1620,,14.33098,35.99000295026832,0.0065771480338917805,0.00718,0.00364,0.00004,0.01164,514.3263403332498
"2026-03-01","625506",,"Oliveware Stainless Steel Magma Lunch Box","1 set","Kitchen & Dining Needs","Oliveware",,,929,1950,,57.12558,52.35897435897436,0.0316811605531382,0.02598,0.00214,0.0031,0,928.9999999999999
"2026-03-01","706345",,"Hazel Stainless Steel Serving Bowl (Silver)","1 pc","Kitchen & Dining Needs","Hazel",,,91.19123115371936,129,,72.19854,28.6962792315348,0.07336920233417069,0.09137,0.2174,0.31527,0,91.98470954982518
"2026-03-01","528977",,"Fackelmann Quartz Non Stick Flat Tawa (28 cm) (Aluminium)","1 pc","Kitchen & Dining Needs","Fackelmann",,,889.6263597897245,1517.064939475806,,43.10914,44.302735621509996,0.11148742234238526,0.10491,0.01293,0.01875,0,832.6610184651697
"2026-03-01","620560",,"The Better Home Glass Container Set","2 pcs","Kitchen & Dining Needs","The Better Home",,,649,1449,,65.0222,55.21048999309869,0.030191640771057873,0.02328,0.28259,0.00301,0.90363,324.50000000000006
"2026-03-01","568404",,"Wonderchef Stainless Steel Venice Bowl Set (Silver)","6 pcs","Kitchen & Dining Needs","Wonderchef",,,333.45724700968077,572.2152527822581,,74.14826,43.48586049592755,0.06938847572402254,0.06832,0.00934,0.01354,0,53.85760226984286
"2026-03-01","100000042","100000042","Dummy Product","100g","Kitchen & Dining Needs","dummy",0.09454999999999997,,,,0,,,1.6786909403947274e-8,,,,,
"2026-03-01","691885",,"Cutting Edge Glass Cutting Edge Tea Pot with Bamboo Lid","1 pc","Kitchen & Dining Needs","Cutting Edge",,,495,1065,,26.11185,53.521126760563384,0.0026472006262596923,0.00212,0.01457,0.00287,0.04056,495
"2026-03-01","532596",,"Larah by Borosil Nivaah Abstract Design Mug Set (Opalware)","6 pcs","Kitchen & Dining Needs","Larah by Borosil",,,559.5807006983185,655,,20.64445,14.566334689945371,0.0031099179798313643,0.00458,0.00478,0.00694,0,93.45301244883738
"2026-03-01","701828",,"Chumbak Palace Memoirs Snack Plates Gift Set","Snack Plate","Kitchen & Dining Needs","Chumbak",,,1218,1999,,31.22558,39.06953476738368,0.01567583207405266,0.01644,0.00074,0.00107,0,1217.9999999999998
"2026-03-01","694388",,"Femora Ceramic Bowl Set (Grey)","2 pcs","Kitchen & Dining Needs","Femora",,,259.49711919033064,430,,64.22443,39.63005389156016,0.016285839954541925,0.01688,0.00892,0.0129,0.00007,129.8102434305442
"2026-03-01","591209",,"The Better Home Insulated Thermal Bottle With Cork","1 pc","Kitchen & Dining Needs","The Better Home",,,849,2450,,0.34027,65.34693877551021,0.0010867401284831387,0.00065,,,,848.9999999999999
"2026-03-01","603787",,"Sanjeev Kapoor Infinity Goblet Wine Glass","2 pcs","Kitchen & Dining Needs","Sanjeev Kapoor",,,544.84,595,,0.93791,8.430252100840336,0.000035213094688662886,0.00005,,,,266.1010803249061
"2026-03-01","613798",,"Cutting Edge Plastic Modular Storage Container Set","16 pcs","Kitchen & Dining Needs","Cutting Edge",,,1295.5034965034965,2220,,14.59161,41.64398664398664,0.00039415059626401864,0.0004,0.00001,0.00002,0,81.17425847457628
"2026-03-01","718586",,"Habere India Serving Tray (Blue & White)","1 pc","Kitchen & Dining Needs","Habere India",,,1599,3399,,47.49545,52.9567519858782,0.0041237562270838865,0.00334,0.00199,0.00054,0.00522,1599
"2026-03-01","477761",,"Pasabahce Karat Ice Bucket with Tong (Glass)","1 pc","Kitchen & Dining Needs","Pasabahce",,,630.9551394110275,644,,4.63359,2.0255994703373394,0.00016007503231632228,0.00028,0.00046,0.00066,0,639.1072032380467
"2026-03-01","556802",,"Birch & Co. Mandala Serving Tray with Four Coaster Set – Wood & Vegan Leather (Brown)","1 set","Kitchen & Dining Needs","Birch & Co.",,,679,1499,,60.43189,54.703135423615734,0.17721915348139639,0.13819,0.04,0.05393,0.00906,679.0000000000001
"2026-03-01","541070",,"EK DO DHAI Couple Drinking Glass (280 ml)","2 pcs","Kitchen & Dining Needs","EK DO DHAI",,,750,750,,27.71897,0,0.0005770222693054326,0.00099,0.00069,0.001,0,375
"2026-03-01","501037",,"Larah by Borosil Mug Set (Red Striped, 2 x 390 ml) (Opalware)","2 pcs","Kitchen & Dining Needs","Larah by Borosil",,,412.4672542302414,475.4869724596775,,53.8492,13.430661615762864,0.023322929598572035,0.03473,0.10332,0.13152,0.0407,206.0769611649356
"2026-03-01","748922",,"HomeEssentials Borosilicate Glass Reusable Straw With Cleaning Brush","4 pcs","Kitchen & Dining Needs","HomeEssentials",,,294.80645161290323,1199,,21.75909,75.43934667916102,0.0032995914138380373,0.00142,0.0866,0.00405,0.26998,299.3159169226601
"2026-03-01","676272",,"Femora Ceramic Japanese Ramen Mandala Print Bowl (Red)","2 pcs","Kitchen & Dining Needs","Femora",,,359.90261737669096,550,,63.03343,34.54255568128269,0.0383396589620098,0.04313,0.01429,0.02059,0.00031,180.04427661188228
"2026-03-01","717779",,"Shree Shyam Stainless Steel Fork Set","6 pcs","Kitchen & Dining Needs","Shree Shyam",,,190.3650842924786,399,,66.16031,52.1577394266937,0.005770836644748867,0.00471,0.00267,0.00387,0,31.959723447651548
"2026-03-01","546518",,"Solara Double wall Vacuum Insulated Tumbler (Icy Mint)","1 pc","Kitchen & Dining Needs","Solara",,,1688.2189467082203,3499,,35.22422,51.74017740311671,0.009982145969889633,0.0083,0.00334,0.00484,0,1706.478715561336
"2026-03-01","697183",,"Wonderchef Stainless Steel Modena Bowl Set (Multicolour)","1 set","Kitchen & Dining Needs","Wonderchef",,,1172.356966748537,2500,,64.9531,53.02277238960376,0.04229660941393756,0.03451,0.00226,0.00327,0,1180.8732259137876
"2026-03-01","541025",,"Adidas Solid Plastic Sipper Bottle","1 pc","Kitchen & Dining Needs","Adidas",,,751.2690342623115,799,,37.53674,5.986214965853453,0.009976442681779819,0.01611,0.00917,0.0133,0,75038.5110517575
"2026-03-01","548888",,"Nayasa Turbo Inner Steel Wall Bottle","1 pc","Kitchen & Dining Needs","Nayasa",,,534.0312481990259,579,,70.56337,8.654987191329997,0.04355248453454637,0.06874,0.04044,0.05864,0,528.1076366706241
"2026-03-01","427644",,"Borosil Borosilicate Glass Endura Jar with Steel Lid","1 pc","Kitchen & Dining Needs","Borosil",,,428.22301205272794,569.9726382258065,,67.76938,25.101581472284657,0.04769259960928304,0.06161,0.15177,0.21122,0.01972,426.5646539869696
"2026-03-01","674732",,"Irida Naturals Rice Husk Round Coaster Set (Soft Beige)","6 pcs","Kitchen & Dining Needs","Irida Naturals",,,349,599,,62.88257,41.736227045075125,0.016890454541038973,0.01694,0.01153,0.01279,0.00873,58.166666666666664
"2026-03-01","617597",,"Solara Stainless Steel Wall Bottle","1 pc","Kitchen & Dining Needs","Solara",,,242.62394594402542,599,,58.68267,60.59879469763011,0.03146370678145277,0.02087,0.02369,0.03435,0,230.19351607879182
"2026-03-01","582186",,"Rabitat Tritan Kids Lunch Box - Peppa Pig","1 pc","Kitchen & Dining Needs","Rabitat",,,1099,1099,,19.79816,0,0.00330411615615596,0.00569,,,,109.89999999999999
"2026-03-01","544033",,"Pigeon Steamer Pot (Stainless Steel)","1 pc","Kitchen & Dining Needs","Pigeon",,,1075,1625,,0.39453,33.84615384615385,0.00019234087479868663,0.00022,,,,1075
"2026-03-01","444919",,"Frestol Designer- 2 Pieces Glass Set (Copper)","2 pcs","Kitchen & Dining Needs","frestol",,,499,499,,2.63158,0,0,0,,,,249.5
"2026-03-01","599349",,"Avias Tawa with Side Handles (Iron)","1 unit","Kitchen & Dining Needs","Avias",,,1249,2307.5459459459457,,24.49717,45.873233761853,0.0010386400847497788,0.00095,0.00064,0.00093,0,1249
"2026-03-01","603137",,"New Dawn Plastic Fridge Storage Box","3 pcs","Kitchen & Dining Needs","New Dawn",,,499,899,,70.87829,44.49388209121245,0.024872317305318588,0.02377,0.0141,0.02045,0,166.33333333333334
"2026-03-01","606520",,"Chumbak Hamsa Mug Set (Ceramic)","1 set","Kitchen & Dining Needs","Chumbak",,,604,1115,,44.76059,45.82959641255604,0.07788036882723187,0.07262,0.03911,0.05671,0,603.9999999999999
"2026-03-01","210988",,"Nayasa Chopping Board (Plastic)","1 pc","Kitchen & Dining Needs","Nayasa",,,298.8835232698238,357.36516141129033,,72.54487,16.522308204625634,0.005945972135839375,0.00856,0.00697,0.00045,0.02145,295.62936780538024
"2026-03-01","675919",,"Two Moustaches Lotus Print Serving Tray Set (Multicolour)","2 pcs","Kitchen & Dining Needs","Two Moustaches",,,595,1595,,10.12374,62.69592476489028,0.003197628915672063,0.00205,0.00032,0.00045,0.00001,595.0000000000001
"2026-03-01","424618",,"Ocean Glass","6 pcs","Kitchen & Dining Needs","O'cean",,,574.2265175609685,645.559290483871,,31.83044,11.046328622112776,0.007165183439001833,0.01097,0.00751,0.01089,0,95.73645608438697
"2026-03-01","627686",,"Parage Stainless Steel Spoon Set for Cooking & Serving","4 pcs","Kitchen & Dining Needs","Parage",,,329,449,,52.49984,26.72605790645881,0.030900901275591152,0.03898,0.03624,0.0315,0.04677,82.25
"2026-03-01","546524",,"Solara Insulated Thermal Bottle","1 pc","Kitchen & Dining Needs","Solara",,,890.3503927109738,1999,,56.8903,55.50530722429275,0.09472806477529808,0.07239,0.0616,0.05286,0.081,887.2355344404033
"2026-03-01","650674",,"Larah by Borosil Opalware 4.2"" Dark Forest Bowl Set (White)","2 pcs","Kitchen & Dining Needs","Larah",,,144.00494608097,170,,67.39174,15.284670576584274,0.031498824001672074,0.04593,0.07589,0.11004,0.00004,144.016545572084
"2026-03-01","384262",,"Vinayak Stainless Steel Dessert Spoon Set","6 pcs","Kitchen & Dining Needs","Vinayak",,,165.19021966646136,290.62336326612905,,51.63697,45.584288075703576,0.06700983226970704,0.06253,0.05928,0.08597,0,26.69543770804315
"2026-03-01","707986",,"Cello Glass Square Stack Bowl Set (Transparent)","2 pcs","Kitchen & Dining Needs","Cello",,,439,479,,62.86094,8.350730688935275,0.03180775639829879,0.05018,0.02809,0.02377,0.03768,219.5
"2026-03-01","571574",,"P-Tal Roti Tawa (Brass)","1 unit","Kitchen & Dining Needs","P-Tal",,,2466,3289,,3.54908,25.02280328367285,0.00019464878633059475,0.00025,,,,2466
"2026-03-01","597240",,"Gluman Masala Spice Box (Plastic)","8 pcs","Kitchen & Dining Needs","Gluman",,,299,349,,32.54295,14.32664756446992,0.02459163485372519,0.03627,0.00622,0.00902,0,37.37500000000001
"2026-03-01","188768",,"Fackelmann Arcadalina Vegetable Peeler (Stainless Steel, Plastic)","1 pc","Kitchen & Dining Needs","Fackelmann",,,178.94138087006408,298.6942060080645,,75.05069,40.10868277384116,0.1565601881600519,0.16151,0.08175,0.11855,0,178.91657703992107
"2026-03-01","572967",,"Femora Glass 1.8 ltrs Jug (Transparent)","1 pc","Kitchen & Dining Needs","Femora",,,650.5014729765653,720,,19.76213,9.68435949842596,0.04716418835912359,0.07331,0.01227,0.01759,0.00046,36.119323888014584
"2026-03-01","633850",,"House of Quirk Tumbler (Pistachio)","1 pc","Kitchen & Dining Needs","House of Quirk",,,1349,1999,,24.42091,32.51625812906453,0.000883733218967983,0.00103,0.00041,0.0006,0,1349.0000000000002
"2026-03-01","594596",,"BeastLife Classic Protein Gym Shaker for Workout","1 pc","Kitchen & Dining Needs","BeastLife",,,299,699,,48.56656,57.22460658082977,0.039140410342111,0.02882,0.15905,0.22968,0.00217,299
"2026-03-01","526280",,"Nayasa Saki Insulated Ice Pail (Plastic)","1 pc","Kitchen & Dining Needs","Nayasa",,,498.0730672809392,619,,23.93618,19.560251222795923,0.002014841211146614,0.00269,0.00001,0.00001,0,487.03506906776676
"2026-03-01","675212",,"Umami Studio Polypropylene Coaster Set (Grey)","6 pcs","Kitchen & Dining Needs","Umami Studio",,,349,582,,2.38519,40.034364261168385,0.00012399764704089668,0.00013,,,,58.16666666666666
"2026-03-01","693003",,"Two Moustaches Serving Tray Set (Red, Gold)","2 pcs","Kitchen & Dining Needs","Two Moustaches",,,695,1595,,14.78073,56.426332288401255,0.00018878996852603782,0.00014,0.00025,0.00002,0.00076,347.5
"2026-03-01","543235",,"Amaya Decors Aluminium White Elephant Print Tray (Red, Golden)","1 pc","Kitchen & Dining Needs","Amaya Decors",,,650,1099,,1.14761,40.85532302092812,0.00006504070737891295,0.00007,,,,650
"2026-03-01","605836",,"Lifelong Stainless Steel Electric Lunch Box","1 pc","Kitchen & Dining Needs","Lifelong",,,1585.6258623683589,2299,,69.88654,30.980697033293488,0.07675383014124487,0.09194,0.00435,0.00631,0,1590.3940454738763
"2026-03-01","562438",,"Wonderchef Pre-Seasoned Kadai (Iron)","1 unit","Kitchen & Dining Needs","Wonderchef",,,1366.929703651679,2299.4458525403224,,65.17073,40.59663603269743,0.10224905665726781,0.1046,0.01174,0.01703,0,1366.5740000834705
"2026-03-01","582268",,"Rabitat Stainless Steel Kids Water Bottle & Lunch Box Set","1 set","Kitchen & Dining Needs","Rabitat",,,1997.8487813786005,1999,,27.74094,0.06221837654405855,0.00804292059763782,0.01381,0.00671,0.00973,0,1994.9881113712563
"2026-03-01","622269",,"Milton Steel Pro Lunch Box Set","1 set","Kitchen & Dining Needs","Milton",,,900.215704390742,1999,,72.22626,55.00571430215384,1.0339420986860823,0.80029,0.37145,0.43461,0.23114,899.4369090566265
"2026-03-01","568347",,"Wonderchef Non-Stick Dosa Tawa (Aluminium)","1 unit","Kitchen & Dining Needs","Wonderchef",,,670.3000984835855,1143.992538669355,,70.57856,41.739929753066015,0.8862241873526948,0.899,0.19784,0.2828,0.0091,667.1203027338471
"2026-03-01","596517",,"The Better Home Ceramic Jar Set","3 pcs","Kitchen & Dining Needs","The Better Home",,,2099,4595,,5.14514,54.31991294885746,0.012169780139258688,0.00957,0.00146,0.0003,0.00402,699.6666666666667
"2026-03-01","432588",,"Fackelmann ABS Gas Lighter (Plastic)","1 pc","Kitchen & Dining Needs","Fackelmann",,,,,,0,,0,0,,,,
"2026-03-01","571879",,"Nautica Fender Triple-Layer Thermal Bottle","1 pc","Kitchen & Dining Needs","Nautica",,,1808.910693757855,2850,,45.86494,36.52562490365179,0.01098832136140578,0.01158,0.00647,0.0086,0.00175,1816.8753307921922
"2026-03-01","595670",,"Jarsome Premium Mandala Design Kitchen Canister Set","2 pcs","Kitchen & Dining Needs","jarsome",,,691.9568025362319,999,,33.93185,30.74234749771231,0.0042383716695711905,0.00501,0.00161,0.00189,0.001,342.89347754263184
"2026-03-01","623965",,"Unify Stainless Steel Saturn Water Bottle","1 pc","Kitchen & Dining Needs","Unify",,,269,399,,39.0281,32.58145363408521,0.030058175875258168,0.03488,0.03487,0.0372,0.02969,268.99999999999994
"2026-03-01","571889",,"Nautica Stylish Fender Triple-Layer Thermal Bottle Flask","1 pc","Kitchen & Dining Needs","Nautica",,,1812.0078998842487,2850,,61.05513,36.42077544265795,0.009764514652890573,0.01067,0.01301,0.01757,0.00288,1803.2249756705926
"2026-03-01","595125",,"ExclusiveLane Ceramic Serving Bowl (Multicolour)","2 pcs","Kitchen & Dining Needs","ExclusiveLane",,,490,999,,3.46084,50.950950950950954,0,0,,,,490.00000000000006
"2026-03-01","635430",,"ExclusiveLane Wood Warli Hand-Painted Tray (Dark Brown)","1 pc","Kitchen & Dining Needs","ExclusiveLane",,,1199,2299,,7.58949,47.84688995215311,0,0,,,,1199
"2026-03-01","737051",,"Habere India Cane Floral Shell Serving Tray (Green)","1 pc","Kitchen & Dining Needs","Habere India",,,2199,2999,,26.48725,26.675558519506502,0.001803259395618953,0.00228,0.00056,0.00017,0.00144,219900
"2026-03-01","569343",,"ExclusiveLane Hand-Painted Coffee Mug (Ceramic)","2 pcs","Kitchen & Dining Needs","ExclusiveLane",,,625,1160,,59.01687,46.12068965517241,0.016496558012118762,0.0153,0.1106,0.02749,0.29519,625
"2026-03-01","567309",,"Cello Athlete Plastic Bottle","800 ml","Kitchen & Dining Needs","Cello",,,148.2967845305373,164,,52.31217,9.793780073404895,0.07220011704431545,0.11255,0.108,0.10138,0.1227,18.491549464267447
"2026-03-01","620877",,"Cello Texas Plastic Bottle Set (Blue)","1 ltr","Kitchen & Dining Needs","Cello",,,168.13561493332543,275,,20.07338,38.882602066934346,0.10737410169620074,0.11277,0.08646,0.12069,0.01044,28.01090563080681
"2026-03-01","528894",,"Fackelmann Royale Range 4 Pieces Cookware Set (Aluminium)","4 pcs","Kitchen & Dining Needs","Fackelmann",,,1969,3999,,0.5891,50.762690672668164,0.0009466716122881743,0.0008,0,0,0,492.2500000000001
"2026-03-01","612355",,"Yellocut Soap Dispenser Pump with Sponge (Plastic)","1 pc","Kitchen & Dining Needs","Yellocut",,,195,299,,36.66461,34.78260869565219,0.008239567478928038,0.00925,,,,194.99999999999997
"2026-03-01","554106",,"Pasabahce Rain Whiskey Glass Set","6 pcs","Kitchen & Dining Needs","Pasabahce",,,550.108194207881,1499,,68.66124,63.30403479859515,0.01858637270321546,0.01172,0.01706,0.02474,0,91.54747714505311
"2026-03-01","627131",,"Nyrwana Mr. & Mrs. Coffee Mug Set (Ceramic)","1 set","Kitchen & Dining Needs","nyrwana",,,999,1499,,0.88849,33.3555703802535,0.0000887135342267808,0.0001,,,,999.0000000000001
"2026-03-01","660987",,"Parage Stainless Steel Raj Bhog Plate Set (Silver)","4 pieces","Kitchen & Dining Needs","Parage",,,495,1999,,37.71912,75.23761880940471,0.04558858697454579,0.01943,0.00305,0.00443,0,123.74999999999997
"2026-03-01","548899",,"Nayasa Plastic Fridge Bot Container Set","4 pcs","Kitchen & Dining Needs","Nayasa",,,289.9792686945188,305,,76.3528,5.235288706800224,0.3530599383590402,0.57728,1.14406,1.60691,0.11592,289.03236944425925
"2026-03-01","616879",,"Impetus Gym Shaker with Steel Mixing Ball","1 pc","Kitchen & Dining Needs","Impetus",,,299,599,,61.32467,50.08347245409014,0.07634488380626928,0.0656,0.1728,0.16562,0.18876,299.0000000000001
"2026-03-01","630810",,"ExclusiveLane Ceramic Pickle & Chutney Jar Set","2 pcs","Kitchen & Dining Needs","ExclusiveLane",,,749,1820,,8.1208,58.84615384615385,0.0007539760019528502,0.00053,0.00006,0.00007,0.00003,374.50000000000006
"2026-03-01","615879",,"Femora Premium Peacock Motif Tea Cup Set of 6 (Ceramic)","6 pcs","Kitchen & Dining Needs","Femora",,,1015.6676474107213,1495.7722500000002,,79.24263,32.133952409124646,0.2755706944008375,0.32219,0.37613,0.5016,0.0974,169.14947737818113
"2026-03-01","570732",,"Chumbak Marigold Thermal Bottle with Tumblers","3 pcs","Kitchen & Dining Needs","Chumbak",,,1858.9720524193547,3385,,51.53271,45.08789633113319,0.05113786997122683,0.04819,0.13327,0.01168,0.40336,618.6993468629229
"2026-03-01","611175",,"The Better Home Stainless Steel Fridge Water Bottle (Green, 1 ltr)","5 pcs","Kitchen & Dining Needs","The Better Home",,,1899,3799,,23.61334,50.01316135825217,0.03630916926201025,0.03124,0.01211,0.005,0.0279,379.8000000000001
"2026-03-01","596431",,"Basil Kids Bottle Bottle (Stainless Steel)","1 pc","Kitchen & Dining Needs","Basil",,,899,1399,,0.03758,35.7398141529664,0.00008279523874215702,0.00009,,,,899
"2026-03-01","520923",,"Stainless Steel Straw with a Cleaning Brush by Picfest","5 pcs","Kitchen & Dining Needs","Picfest",,,95.91030452067626,199,,96.01914,57.204390218664365,0.37418314046675033,0.27498,0.74027,1.07353,0,85.16326346485795
"2026-03-01","596446",,"Basil Stainless Steel Plate (Silver)","1 pc","Kitchen & Dining Needs","Basil",,,649,1399,,69.47661,53.60972122944961,0.004188363723897537,0.00334,0.00742,0.01076,0,648.9999999999998
"2026-03-01","626594",,"The Better Home Glass Bottle with Silicone Sleeve","1 pc","Kitchen & Dining Needs","The Better Home",,,479,1699,,12.33267,71.80694526191877,0.004390004954860231,0.00213,0.00237,0.00004,0.00754,478.99999999999994
"2026-03-01","566147",,"Larah by Borosil Opalware Premia Dinner Set (White, Blue)","1 set","Kitchen & Dining Needs","Larah by Borosil",,,3785.2833031234,5995,,13.18522,36.87052078737037,0.02530395765982799,0.02695,0.00133,0.00193,0,3658.5587378413834
"2026-03-01","744748",,"Oicia Stainless Steel Premium Golden Dinner Spoon Set","6 pcs","Kitchen & Dining Needs","Oicia",,,699,749,,22.9425,6.675567423230974,0.0011263531511342408,0.00181,,,,699
"2026-03-01","532414",,"Wonderchef Fry Pan (Aluminium)","1 pc","Kitchen & Dining Needs","Wonderchef",,,906.7785321377613,1199.9986559274193,,55.38145,24.438210608828324,0.013053892239925962,0.01708,0.02752,0.03991,0,911.059415032429
"2026-03-01","599311",,"Avias Riara Triply Fry Pan (Stainless Steel)","1 pc","Kitchen & Dining Needs","Avias",,,1314,2163.335483870968,,12.07829,39.260460996609176,0.00032564775526927305,0.00033,0.00059,0.00086,0,1314
"2026-03-01","598071",,"Indigo Soap Dispenser (Plastic)","1 pc","Kitchen & Dining Needs","Indigo",,,199,497,,5.14498,59.95975855130785,0.00011765359789418229,0.00008,,,,199
"2026-03-01","597681",,"Indigo Butter Dish with Lid (Stainless Steel)","1 set","Kitchen & Dining Needs","Indigo",,,329,499,,5.93247,34.06813627254509,0.00005906328930484956,0.00007,0,0,0,329
"2026-03-01","562420",,"Wonderchef Pre-Seasoned Ferro Light Fry Pan (Iron)","1 pc","Kitchen & Dining Needs","Wonderchef",,,1446.704368403684,2379.861700887097,,67.57241,39.16866621855334,0.07299001206112396,0.0766,0.04432,0.06427,0,1445.5326365821588
"2026-03-01","553789",,"Judge by Prestige Kadai With Lid (240mm) (Non Stick)","1 unit","Kitchen & Dining Needs","Judge",,,794.4903494947222,1049.695592298387,,60.56986,24.423950531169623,0.13202750048099646,0.17406,0.04661,0.06522,0.00526,794.238848194352
"2026-03-01","480963",,"Fackelmann Ladle Set (Stainless Steel)","4 pcs","Kitchen & Dining Needs","Fackelmann",,,219.1578073089701,240.16860465116278,,3.20089,8.748353005052518,0.0003289914661609128,0.00051,0,0,0,219.3408443023227
"2026-03-01","596373",,"FunBlast Stainless Steel Cutlery Set","8 pcs","Kitchen & Dining Needs","FunBlast",,,629,1299,,15.6801,51.57813702848345,0.0013871926058401456,0.00116,0.00292,0.00423,0,78.625
"2026-03-01","513233",,"Milton Hector Plastic Bottle","1 pc","Kitchen & Dining Needs","Milton",,,176.69347578046919,215,,64.49747,17.830385764592275,0.301958028770727,0.42703,0.50683,0.39492,0.75543,176.66467060612663
"2026-03-01","534629",,"Milton Duo DLX 1000 Thermal Bottle","1 pc","Kitchen & Dining Needs","Milton",,,982.6010760044643,1250.3890697530865,,22.07814,20.919825763011,0.11338025139573332,0.15496,0.02728,0.01406,0.05663,995.7197380564353
"2026-03-01","607834",,"Cutting Edge Polypropylene Nesterware Container Set","3 pcs","Kitchen & Dining Needs","Cutting Edge",,,225,375,,61.41655,39.99999999999999,0.08003118578000357,0.08266,0.03363,0.0386,0.02258,75
"2026-03-01","569761",,"ExclusiveLane The Hut Coffee Hangouts Mug Set (Ceramic)","6 pcs","Kitchen & Dining Needs","ExclusiveLane",,,1199,2075,,0.52122,42.21686746987952,0.001473626103149259,0.00147,0.00002,0,0.00005,199.83333333333334
"2026-03-01","572079",,"Homestrap Melamine Serving Platter Set (Black)","1 set","Kitchen & Dining Needs","Homestrap",,,420.8421052631579,999,,42.14705,57.90716912409314,0.013224803572914527,0.00965,0.00981,0.00034,0.03083,423.5793635009325
"2026-03-01","566656",,"Schott Zwiesel Beer Tumbler Convention Tritan Crystal Glass","6 pcs","Kitchen & Dining Needs","schott zwiesel",,,2197.3953225806454,3200,,53.86805,31.331396169354836,0.00227258036958587,0.00268,0.00132,0.00192,0,366.4700163081725
"2026-03-01","581208",,"Pigeon Stainless Steel Insulated Hot Pot Casserole (Silver)","1 pc","Kitchen & Dining Needs","Pigeon",,,1199,1695,,0.0057,29.262536873156343,0,0,,,,1199
"2026-03-01","566620",,"Schott Zwiesel Convention Crystal Whiskey Glass Set (Tritan)","6 pcs","Kitchen & Dining Needs","schott zwiesel",,,1914.6535138248848,3200.7334866129036,,38.46409,40.18078912732969,0.004450470141961522,0.00458,0.0011,0.0016,0,319.1408433969824
"2026-03-01","622137",,"House of Quirk Trek Tumbler (Electro)","1 pc","Kitchen & Dining Needs","House of Quirk",,,1099,1999,,45.50799,45.02251125562782,0.08516955719263243,0.0806,0.04179,0.04955,0.02457,1099
"2026-03-01","737046",,"Habere India Cane Floral Themed Serving Tray (Blue)","1 pc","Kitchen & Dining Needs","Habere India",,,1399,2699,,21.21008,48.165987402741756,0.0016202281093405833,0.00145,0.00133,0.00025,0.00375,1399
"2026-03-01","553257",,"Judge by Prestige 4 Plates Idli Maker (Stainless Steel)","1 pc","Kitchen & Dining Needs","Judge",,,1269.3111176712437,1697.0823552822578,,67.86466,25.429517844538136,0.29701247565224526,0.38334,0.23428,0.24269,0.21559,1268.7908310827468
"2026-03-01","612751",,"Metalux Triply Fry Pan (Stainless Steel)","1 pc","Kitchen & Dining Needs","Metalux",,,1476,3690,,1.94601,60,0,0,,,,1476
"2026-03-01","566558",,"Cello Shooter Shot Glass","6 pcs","Kitchen & Dining Needs","Cello",,,2249,2249,,0.24945,0,0,0,,,,374.83333333333337
"2026-03-01","629145",,"Parage Stainless Steel Measuring Cups & Spoons Set (Silver, 8 pcs)","8 pcs","Kitchen & Dining Needs","Parage",,,429,1099,,58.21085,60.96451319381254,0.09681235603168767,0.06505,0.13431,0.16112,0.07476,53.62500000000003
"2026-03-01","648959",,"Sipologie Ceramic Tea Pot with Infuser (Red)","1 pc","Kitchen & Dining Needs","Sipologie",,,899,1399,,3.15426,35.7398141529664,0.0007153513740627399,0.00079,0.00016,0.00023,0,899
"2026-03-01","626146",,"The Better Home 2 Layer Ice Tray Set with Storage Box (Plastic)","1 set","Kitchen & Dining Needs","The Better Home",,,539,995,,43.38277,45.829145728643226,0.016742326710422292,0.01561,0.06324,0.07021,0.04774,539
"2026-03-01","507320",,"Ocean Centra Whiskey Glass Set","6 pcs","Kitchen & Dining Needs","O'cean",,,645.1276629570553,897.6748602419356,,86.28679,28.203620368940772,0.05273460155621598,0.06509,0.08345,0.12101,0,107.28059745372659
"2026-03-01","616334",,"Kuber Industries Nylon Placemat Set for Dining Table (Dark Brown)","6 pcs","Kitchen & Dining Needs","Kuber Industries",,,548,2499,,2.63457,78.07122849139655,0.0005915809850232928,0.00022,,,,91.33333333333333
"2026-03-01","545001",,"Marvel Avengers Plastic Sipper Bottle","1 pc","Kitchen & Dining Needs","Marvel",,,281.5925674657018,299,,2.65828,5.821883790735181,0.00010617245264282687,0.00017,,,,281.2046141947718
"2026-03-01","693000",,"Two Moustaches Serving Tray Set (Gold, Orange)","2 pcs","Kitchen & Dining Needs","Two Moustaches",,,895,1595,,19.37281,43.887147335423194,0.0011478425257150566,0.00111,0.00226,0.00019,0.00686,447.5
"2026-03-01","717861",,"Picfest Stainless Steel Delux Bowl (Silver)","1 pc","Kitchen & Dining Needs","Picfest",,,69,150,,24.89873,53.999999999999986,0.002371022854363767,0.00188,0.00014,0.0002,0,69
"2026-03-01","715697",,"Irida Naturals Wheat Straw Bowl Set (Sky Blue)","2 pcs","Kitchen & Dining Needs","Irida Naturals",,,699,1499,,63.77893,53.3689126084056,0.0036363662890032825,0.00292,0.01492,0.00951,0.02694,349.49999999999994
"2026-03-01","532023",,"Prestige Pop Svachh Aluminium Pressure Cooker (Aluminium)","1 unit","Kitchen & Dining Needs","Prestige",,,1422.8372578033143,1739.1857362903227,,68.43046,18.494863442752752,0.16577596812827686,0.23389,0.1301,0.13131,0.12742,1413.7585070012963
"2026-03-01","638291",,"Ekhasa Brass Filter Coffee Maker (300 ml, Golden)","1 pc","Kitchen & Dining Needs","Ekhasa",,,1199,3599,,1.15365,66.6851903306474,0.00042599050753897873,0.00024,,,,1199
"2026-03-01","579681",,"Oliveware Stainless Steel Teso Pro Lunch Box Set with Fork & Spoon","1 set","Kitchen & Dining Needs","Oliveware",,,999,1950,,0.00568,48.76923076923077,0,0,,,,999
"2026-03-01","535382",,"Bulfyss Nylon Insulated Travel Lunch Bag (7 ltrs, Grey)","1 pc","Kitchen & Dining Needs","Bulfyss",,,339.43129750135853,999,,24.98108,65.9737533709581,0.04614865810503216,0.02704,0.01466,0.02125,0,340.5508796508343
"2026-03-01","532625",,"Wonderchef Purple Venice Cookware Set (Aluminium)","3 pcs","Kitchen & Dining Needs","Wonderchef",,,1201.2028068986654,2959.939334369748,,40.04623,59.5830230944346,0.07754374397785661,0.05301,0.00302,0.00437,0,396.65055805702934
"2026-03-01","705465",,"ExclusiveLane Ceramic Forest Canopy Serving Bowl (Green & Brown)","1 pc","Kitchen & Dining Needs","ExclusiveLane",,,714.0967741935484,1549,,5.74298,53.89949811532935,0.001054234422282057,0.00085,0.00007,0.00002,0.00018,724.9433060268545
"2026-03-01","553475",,"Hazel Cake Icing Piping Bag with Steel Nozzle (Stainless Steel, Cotton)","1 pack","Kitchen & Dining Needs","Hazel",,,251.32804232804233,499,,5.41751,49.63940580032618,0.001158907859841885,0.001,0.00001,0.00002,0,251.00314398816724
"2026-03-01","605501",,"Cutting Edge Dish Drying Rack with Microfiber Dish Mat (Colour may Vary)","2 pcs","Kitchen & Dining Needs","Cutting Edge",,,385.23115706605216,799,,51.56589,51.7795205267429,0.08115497162590268,0.06732,0.04452,0.05033,0.03163,192.64723050626208
"2026-03-01","688385",,"The Better Home Glass Solid Salt & Pepper Shaker (Multicolour)","2 pcs","Kitchen & Dining Needs","The Better Home",,,299,999,,48.26257,70.07007007007006,0.017069503485932565,0.00879,0.01572,0.02279,0,299.00000000000006
"2026-03-01","611087",,"Prestige 3 Burners Magic Plus LPG Gas Stove","1 unit","Kitchen & Dining Needs","Prestige",,,4338.784775663785,5789.983653064516,,68.6677,25.127781797215775,0.30376645597778995,0.39097,0.10095,0.05656,0.19956,4330.676200080882
"2026-03-01","617850",,"Packmate Greaseproof Food Wrapping Paper","1 roll","Kitchen & Dining Needs","packmate",,,129.00354066985645,299,,38.19367,56.855398055289825,0.0116843973509487,0.00868,0.00363,0.00021,0.01122,129.00363621577068
"2026-03-01","569607",,"QUECHUA By Decathlon Plastic Water Bottle (750 ml, Blue)","1 pc","Kitchen & Dining Needs","Quechua By Decathlon",,,182.01942715604233,299,,84.07943,38.89797362174119,0.08921433913366886,0.09491,0.05628,0.08162,0,182.70347250472335
"2026-03-01","570745",,"Chumbak Valley Bloom Mug Set (Ceramic)","6 pcs","Kitchen & Dining Needs","Chumbak",,,1206.7901198178972,2595,,68.76246,53.49192975751433,0.09297370366714258,0.0745,0.11275,0.01893,0.32115,201.39178465854536
"2026-03-01","563843",,"Urban Space Cotton Floral Dining Table Cover 6 Seater (Mustard Motif)","1 pc","Kitchen & Dining Needs","Urban Space",,,1168.900478377779,2299,,64.46689,49.15214299659954,0.15245505075491808,0.13347,0.1513,0.03079,0.41899,1169.0327548651949
"2026-03-01","569166",,"ExclusiveLane Sheesham Spice Box with Spoon Gift Box (Wood)","1 pc","Kitchen & Dining Needs","ExclusiveLane",,,1025,1749,,50.55813,41.39508290451687,0.014036935430074254,0.01416,0.02343,0.01372,0.04499,1024.9999999999998
"2026-03-01","676711",,"HomeCloud Stainless Steel, Plastic Cutlery Set","1 set","Kitchen & Dining Needs","HomeCloud",,,284,999,,26.71249,71.57157157157157,0.01675353425834534,0.0082,0.01235,0.01791,0,284
"2026-03-01","631588",,"Vesta Homes Potato Masher (Wood)","1 pc","Kitchen & Dining Needs","Vesta Homes",,,199,499,,46.27773,60.12024048096193,0.04339717641635577,0.02979,0.02353,0.03413,0,198.99999999999997
"2026-03-01","570855",,"Tex-RO Plastic Container Set for Kitchen","4 pcs","Kitchen & Dining Needs","Texro",,,649,2499,,1.18377,74.0296118447379,0,0,,,,162.25
"2026-03-01","707295",,"CutTales Stainless Steel Apple Shaped Plate Set (Silver)","12 pcs","Kitchen & Dining Needs","CutTales",,,999,2999,,42.15937,66.68889629876625,0.026702786052887666,0.01531,0.00035,0.00051,0,83.25
"2026-03-01","665846",,"Cello Opalware Dazzle Secret Garden Swirl Dinner Set (White)","35 pcs","Kitchen & Dining Needs","Cello",,,2173.511820274411,4295,,63.54893,49.302885117062544,0.22154112508667578,0.1945,0.0496,0.0571,0.03294,2184.2177605619563
"2026-03-01","500894",,"Fackelmann Tea Infuser (Stainless Steel)","1 pc","Kitchen & Dining Needs","Fackelmann",,,269.0155166255121,291.1699103225806,,70.18213,7.588172071567373,0.04258243144726999,0.06784,0.00042,0.00061,0,267.2764020873613
"2026-03-01","616333",,"Kuber Industries Cotton Rose Print Washable Table Runner for Centre Table (Black)","1 pc","Kitchen & Dining Needs","Kuber Industries",,,,,,0,,0,0,,,,
"2026-03-01","606702",,"The Better Home Glass Round Glass Lunch Box","2 pcs","Kitchen & Dining Needs","The Better Home",,,799,1195,,0.24826,33.13807531380753,0.0012022775637841362,0.00138,,,,399.4999999999999
"2026-03-01","712308",,"Irida Naturals Rice Husk Plate Set (Multicolour)","4 pcs","Kitchen & Dining Needs","Irida Naturals",,,499,999,,60.47859,50.05005005005005,0.033399533226220406,0.02872,0.02414,0.00769,0.06069,124.75000000000001
"2026-03-01","498594",,"Solara Insulated Sports Hot and Cold Thermal Bottle","1 pc","Kitchen & Dining Needs","Solara",,,1171.6821931750808,2996.645640967742,,59.81663,60.50584432229052,0.12626062362937754,0.08505,0.13737,0.10864,0.2012,1195.355608444315
"2026-03-01","634260",,"Gluman Activo Disney Mandolorian Gym Shaker","1 pc","Kitchen & Dining Needs","Gluman",,,569,599,,0.69466,5.008347245409015,0.00007089988027409712,0.00012,,,,568.9999999999999
"2026-03-01","606335",,"Housegoods Premium Countertop Chopping Board (Stainless Steel)","1 pc","Kitchen & Dining Needs","housegoods",,,799,2560,,1.75298,68.7890625,0.001060537103370695,0.00057,,,,798.9999999999998
"2026-03-01","607862",,"Cutting Edge Borosilicate Glass Onyx Oval Serving Bowl","1 pc","Kitchen & Dining Needs","Cutting Edge",,,289,475,,28.9973,39.157894736842124,0.0200345606464634,0.02098,0.02817,0.01107,0.06614,289
"2026-03-01","554118",,"Pasabahce Bistro White Wine Glass Set","6 pcs","Kitchen & Dining Needs","Pasabahce",,,829,900,,0.00906,7.888888888888889,0,0,,,,138.16666666666669
"2026-03-01","540996",,"Skip Hop Zoo Plastic Sipper Bottle","1 pc","Kitchen & Dining Needs","Skip Hop",,,799,799,,45.22224,0,0.005264131907088819,0.00906,0.00454,0.00653,0.00011,799
"2026-03-01","698340",,"Milton Plastic Flora Jr Insulated Casserole Set (Green)","3 pcs","Kitchen & Dining Needs","Milton",,,749.0551905353346,1105,,77.14001,32.20065019535158,0.062384422824226564,0.07281,0.02672,0.02629,0.02767,249.74685117765392
"2026-03-01","717862",,"Picfest Stainless Steel Delux Fork Set","6 pcs","Kitchen & Dining Needs","Picfest",,,137,300,,12.96533,54.33333333333333,0.0008433402397540938,0.00066,0.00011,0.00016,0,22.833333333333325
"2026-03-01","594265",,"Kressa Virgin Paper Kitchen Towel Roll 2 Ply","2 rolls","Kitchen & Dining Needs","Kressa",,,129,185,,72.13446,30.270270270270284,0.11662982243572578,0.14,0.88833,0.43064,1.90503,64.49999999999999
"2026-03-01","627705",,"Parage Stainless Steel Spoon Set (Golden)","6 pcs","Kitchen & Dining Needs","Parage",,,399,999,,36.82673,60.06006006006005,0.01597416039927737,0.01098,0.01059,0.00309,0.02724,66.5
"2026-03-01","579042",,"The Better Home Copper Bottle with Lid","1 pc","Kitchen & Dining Needs","The Better Home",,,899,2999,,18.02606,70.02334111370456,0.02802650017256355,0.01446,0.02282,0.00667,0.0587,899
"2026-03-01","587042",,"The Better Home Solid Design Copper Bottle","1 pc","Kitchen & Dining Needs","The Better Home",,,899,2999,,0.45097,70.02334111370457,0.0013311463440498525,0.00069,,,,899
"2026-03-01","604034",,"Gluman Stainless Steel Lunch Box","1 pc","Kitchen & Dining Needs","Gluman",,,549,679,,0.23152,19.14580265095729,0.000040184363470371226,0.00006,,,,548.9999999999999
"2026-03-01","526327",,"Nayasa Plastic Fusion Container Set","3 pcs","Kitchen & Dining Needs","Nayasa",,,373.9301981624617,418.97949616935495,,78.27784,11.246450791606534,0.1543591857162929,0.23563,0.52075,0.75518,0,123.95645633640778
"2026-03-01","626133",,"Parage Stainless Steel Ice Cream Dessert Spoon Set (12 Pcs, Silver)","12 pcs","Kitchen & Dining Needs","Parage",,,299,599,,2.80229,50.08347245409015,0.0006147011133098229,0.00053,,,,298.99999999999994
"2026-03-01","607963",,"House of Quirk Kitchen Organizer Set (Plastic)","1 pc","Kitchen & Dining Needs","House of Quirk",,,1399,3499,,41.76335,60.017147756501856,0.01439185046502395,0.00991,0.00446,0.00646,0,1399
"2026-03-01","697182",,"Wonderchef Stainless Steel Modena Bowl Set (Blue)","1 set","Kitchen & Dining Needs","Wonderchef",,,814.0433808003511,2000,,66.75186,59.27740119704038,0.027088085127540528,0.01912,0.0009,0.0013,0,817.755958439119
"2026-03-01","582674",,"The Better Home Glass 2 Compartments Lunch Box","1 pc","Kitchen & Dining Needs","The Better Home",,,849.0009735023042,2395,,66.77547,64.55099144069605,0.094837108490753,0.05787,0.33956,0.00904,1.07377,849.0056679335476
"2026-03-01","591265",,"Kuber Industries Stainless Steel Oil Dispenser","1 pc","Kitchen & Dining Needs","Kuber Industries",,,499,639,,0.50587,21.90923317683881,0,0,,,,499
"2026-03-01","751153",,"Irida Naturals Rice Husk Mixing Bowl (Soft Beige)","1 pc","Kitchen & Dining Needs","Irida Naturals",,,299,499,,30.1947,40.08016032064129,0.0030834053156919457,0.00318,0.00131,0.00028,0.00358,299
"2026-03-01","595329",,"FunBlast Mermaid Kids Bottle with Sipper (Tritan)","1 pc","Kitchen & Dining Needs","FunBlast",,,524,999,,29.26661,47.54754754754755,0.007921244533117981,0.00715,0.00533,0.00329,0.00988,524.0000000000001
"2026-03-01","690936",,"Glasafe Glass 1.6 l Serving Bowl (Mist Green)","1 pc","Kitchen & Dining Needs","Glasafe",,,749,1949,,13.0933,61.5700359158543,0.0069919839020111734,0.00463,0.0035,0.00507,0,749
"2026-03-01","624224",,"Milton Stainless Steel Casserole (Light Green)","1 pc","Kitchen & Dining Needs","Milton",,,639.2177822580644,790,,77.29529,19.094876753920165,0.11086455893837181,0.15438,0.06666,0.06305,0.07469,639.1549224119663
"2026-03-01","538643",,"Nayasa Nippy Plastic Bottle 350 ml","1 pc","Kitchen & Dining Needs","Nayasa",,,245.11727806781326,277.50744645161285,,39.63025,11.679593124323553,0.0038916922515396463,0.00583,0.00151,0.00218,0,244.04085003994712
"2026-03-01","569182",,"Amaya Decors Aluminium Pineapple Serving Platter Set (Golden)","4 pcs","Kitchen & Dining Needs","Amaya Decors",,,1295.7955690603387,1499,,32.8545,13.506597813018695,0.011852762506594464,0.0172,0.00275,0.00398,0,1271.9216826517525
"2026-03-01","620558",,"The Better Home Glass Container Set","4 pcs","Kitchen & Dining Needs","The Better Home",,,1139,3699,,37.82587,69.20789402541229,0.02568072319652643,0.01361,0.04588,0.00017,0.14741,284.75000000000006
"2026-03-01","737999",,"Habere India Cane Serving Tray (Green)","1 pc","Kitchen & Dining Needs","Habere India",,,1699,3199,,37.94746,46.88965301656768,0.002801972380057814,0.00256,0.00642,0.0003,0.02,169900.00000000003
"2026-03-01","581527",,"New Dawn ABS Plastic Fridge Storage Container Set","4 pcs","Kitchen & Dining Needs","New Dawn",,,347.06451612903226,799,,56.19431,56.55387028605395,0.07885356570937672,0.05897,0.04958,0.07189,0,86.78420837016058
"2026-03-01","532540",,"Boldfit Steel Wall Bottle (Black)","1 ltr","Kitchen & Dining Needs","Boldfit",,,313.4446934952972,799,,95.87804,61.174611536054144,1.1044498692472953,0.73741,0.46673,0.40894,0.59511,31.021485382692727
"2026-03-01","572598",,"Metro Living Stainless Steel Snack Bowl Set (Golden)","4 pcs","Kitchen & Dining Needs","metro living",,,1128.9011883815108,1567.0506915668207,,38.92583,27.96237887337453,0.004098451758803737,0.00498,0.00266,0.00386,0,1128.9990785499213
"2026-03-01","407970",,"Borosil Stainless Steel Lunch Box","3 pcs","Kitchen & Dining Needs","Borosil",,,1143.1136881647958,1341.130483629032,,38.9144,14.816987472480363,0.02895561131051628,0.04225,0.08297,0.00546,0.25516,1142.1443134284211
"2026-03-01","757730",,"Jensons Plastic, Stainless Steel Bowl Set (Red)","3 pcs","Kitchen & Dining Needs","Jensons",,,499,1395,,21.24224,64.22939068100358,0.0004953514250345099,0.00031,,,,499
"2026-03-01","626853",,"Borosil Borosilicate Glass Rectangle Storage Container","1 pc","Kitchen & Dining Needs","Borosil",,,340.41252934262656,395,,65.96589,14.160642685769659,0.050598508436303785,0.07536,0.05465,0.03587,0.09637,339.055073726493
"2026-03-01","692793",,"HomeCloud Stainless Steel Premium Cutlery Set","1 pack","Kitchen & Dining Needs","HomeCloud",,,284,999,,38.15229,71.57157157157157,0.0019853365533818615,0.00097,0.00367,0.00533,0,284.00000000000006
"2026-03-01","639046",,"Boldfit Gym Shaker Bottle for Workout","700 ml","Kitchen & Dining Needs","Boldfit",,,689.1091053971686,999,,61.79911,30.80821841566696,0.20825361233144096,0.24699,0.35755,0.07255,0.99061,691.6747797548645
"2026-03-01","635699",,"FunBlast Cartoon Designed Steel Wall Bottle","1 pc","Kitchen & Dining Needs","FunBlast",,,1094,1299,,9.57696,15.781370284834487,0.001691296657662631,0.00245,0.00028,0.00041,0,1094
"2026-03-01","630181",,"Irida Naturals Rice Husk 8"" Plate Set (Multicolour)","4 pcs","Kitchen & Dining Needs","Irida Naturals",,,499,699.255060728745,,71.67978,28.63596060712806,0.02151325637849812,0.02639,0.17587,0.0142,0.53501,499
"2026-03-01","611424",,"New Dawn Plastic 6 Grid Storage Box for Fridge","1 pc","Kitchen & Dining Needs","New Dawn",,,299,1000,,63.16386,70.1,0.07950748196628979,0.04092,0.03284,0.04763,0,298.99999999999994
"2026-03-01","533967",,"Amaya Decors Elephant Pichwai Tray Set (8"" x 8"" x 2"" 10"" x 10"" x 2"", Multicolour)","2 pcs","Kitchen & Dining Needs","Amaya Decors",,,1201.287838681136,1499,,40.77042,19.861147336697453,0.007446075394065325,0.01027,0.00224,0.00324,0,1199.2622268672098
"2026-03-01","726059",,"Nestroots Stainless Steel Golden Salad Serving Spoon Set","2 pcs","Kitchen & Dining Needs","Nestroots",,,1299,2990,,13.76097,56.55518394648829,0.0003539071102042078,0.00026,0.00061,0.00003,0.00191,1299
"2026-03-01","722486",,"Cello Melamine Serving Platter (Multicolour)","2 pcs","Kitchen & Dining Needs","Cello",,,729.8314946256313,854,,61.44607,14.498701807893049,0.019010417314117022,0.02809,0.00545,0.00791,0,365.53991272745867
"2026-03-01","497313",,"Sleepy Owl Brighten Up Ceramic Coffee Mug (Ceramic)","1 pc","Kitchen & Dining Needs","Sleepy Owl",,,301.825,399,,11.995,24.354636591478698,0.000023613526713114627,0.00003,,,,145.36320754716982
"2026-03-01","543994",,"Aravi Mortar & Pestle (Steel)","1 pc","Kitchen & Dining Needs","Aravi",,,515.9724090795194,799,,73.10175,40.77172892723915,0.13032222497061027,0.1297,0.01848,0.02679,0,462.499454032413
"2026-03-01","638641",,"Gluman Stainless Steel, Plastic Cutlery Set","1 set","Kitchen & Dining Needs","Gluman",,,299,499,,39.09911,40.080160320641276,0.0012449083241310487,0.00128,0.00192,0.00278,0,298.99999999999994
"2026-03-01","710808",,"Irida Naturals Fluted Rice Husk Bowl (Multicolour)","4 pcs","Kitchen & Dining Needs","Irida Naturals",,,499,899,,75.08619,44.49388209121247,0.05187319927661543,0.04956,0.17914,0.04585,0.4752,124.75
"2026-03-01","601047",,"Stacpro Acrylic Kitchen Container Set for Storage","4 pcs","Kitchen & Dining Needs","stacpro",,,799,1400,,46.41761,42.92857142857143,0.0033462007871181386,0.00329,0.00063,0.00061,0.00069,199.75000000000003
"2026-03-01","717784",,"Shree Shyam Stainless Steel Plate","1 pc","Kitchen & Dining Needs","Shree Shyam",,,190.23218297319002,349,,71.46002,45.457783136199055,0.0037177944288304694,0.00347,0.0042,0.0061,0,190.77506327028314
"2026-03-01","570736",,"Chumbak Marigold Kulhad Set with Coasters (Ceramic)","1 set","Kitchen & Dining Needs","Chumbak",,,1409,2630,,1.69047,46.42585551330799,0.002593097065291165,0.00239,0.00011,0.00015,0,1408.9999999999998
"2026-03-01","758244",,"Borosil Borosilicate Glass Marina Jug With Handle (Transparent)","1 pc","Kitchen & Dining Needs","Borosil",,,695,695,,36.18575,0,0.004452467349194574,0.00766,0.00031,0.00045,0,53.46153846153845
"2026-03-01","566511",,"Judge by Prestige Ace 3 Pcs Non-Stick Cookware Set (Aluminium)","3 pcs","Kitchen & Dining Needs","Judge",,,1156.08003183446,2182.1470939919354,,49.29493,47.099023191452645,0.08843429646140444,0.08074,0.01398,0.01079,0.02106,385.161986311157
"2026-03-01","576205",,"Cutting Edge Round Air Fryer Mould with Liners (Silicone)","2 pcs","Kitchen & Dining Needs","Cutting Edge",,,258.0032116562214,500,,76.50459,48.39883984113955,0.2511864129434504,0.22312,0.0302,0.04362,0.0004,129.00291404580582
"2026-03-01","624943",,"Zulaxy Countertop Chopping Board (Stainless Steel)","1 pc","Kitchen & Dining Needs","Zulaxy",,,1199,3999,,0.71402,70.01750437609402,0,0,,,,1199
"2026-03-01","554466",,"Rabitat Kids Lunch Box - Munchbee Blue (1000ml)","1 pc","Kitchen & Dining Needs","Rabitat",,,999,999,,14.28696,0,0.0007094710732752335,0.00122,0.00002,0.00003,0,99.89999999999996
"2026-03-01","563554",,"House of Quirk Double Insulated Tumbler (Toffee Brown)","1 pc","Kitchen & Dining Needs","House of Quirk",,,1099,1999,,19.42744,45.02251125562781,0.00011830430146864517,0.00011,0.00066,0.00096,0,1099
"2026-03-01","552860",,"Femora Coffee Mug (Ceramic)","1 pc","Kitchen & Dining Needs","Femora",,,136.24214442507568,300,,52.87038,54.02613595980579,0.13469641134820712,0.10723,0.25515,0.17064,0.44288,38.35955913514619
"2026-03-01","480961",,"Aravi Grocery Bag","1 pc","Kitchen & Dining Needs","Aravi",,,511.06060238948635,699,,30.40053,26.886895223249454,0.0008273611615271743,0.00104,0,0,0,512.3958761846311
"2026-03-01","559047",,"Chumbak N Alphabet Mug (Ceramic)","1 pc","Kitchen & Dining Needs","Chumbak",,,644.8658691602624,695,,63.91914,6.41037389927324,0.07421461506037082,0.11959,0.10997,0.09592,0.14117,217.0598204900057
"2026-03-01","608690",,"Brick Brown Wood Floral Roti Casserole (Multicolour)","1 pc","Kitchen & Dining Needs","brick brown",,,2249,3899,,5.33998,42.318543216209285,0,0,0.00009,0.00014,0,2249
"2026-03-01","481118",,"Happy Kitchen Tong/Pakad (Stainless Steel)","1 pc","Kitchen & Dining Needs","Happy Kitchen",,,162.2837507334642,182.77869129032266,,66.70459,11.462620733058623,0.029044086223841532,0.04457,0.03403,0.04935,0,162.14529411832416
"2026-03-01","646129",,"Wonderchef Stainless Steel Venice Dinner Set (Silver)","1 set","Kitchen & Dining Needs","Wonderchef",,,1437.9092096625593,2599,,79.23347,45.09310293970291,0.11072237923085244,0.10439,0.07883,0.03638,0.17313,1417.7246737311498
"2026-03-01","616335",,"Kuber Industries Cotton Floral Print Table Runner for Centre Table (Black, Grey)","1 pc","Kitchen & Dining Needs","Kuber Industries",,,,,,0,,0,0,,,,
"2026-03-01","635680",,"House of Quirk Stainless Steel Hot & Cold Printed Tumbler Set","1 set","Kitchen & Dining Needs","House of Quirk",,,1499,1999,,27.71951,25.012506253126563,0.0007689780483188506,0.00099,0.00014,0.00021,0,1499
"2026-03-01","606691",,"Speedex Stainless Steel Wall Bottle","1 pc","Kitchen & Dining Needs","Speedex",,,302.4782608695652,749,,3.36008,59.63041703022701,0.004540369678883369,0.00315,0.00005,0.00004,0.00009,301.4443329003694
"2026-03-01","566391",,"Judge by Prestige Stainless Steel Sparkle Dessert Spoon Set","6 pcs","Kitchen & Dining Needs","Judge",,,282.08870286140103,300,,86.0073,5.740237077161707,0.022465304062883083,0.03682,0.03631,0.0473,0.01191,47.18212712814821
"2026-03-01","608890",,"Cutting Edge Plastic Modular Container Set","6 pcs","Kitchen & Dining Needs","Cutting Edge",,,749,1710,,63.16515,56.19883040935673,0.08424781862382831,0.06352,0.02577,0.00212,0.07831,124.83333333333329
"2026-03-01","638004",,"Rusabl Stainless Steel Cutlery Set for Gifting","1 set","Kitchen & Dining Needs","Rusabl",,,101.04355917883771,499,,35.4478,79.75259312202235,0.018050888580396843,0.0063,0.0081,0.00008,0.02592,101.0381863360568
"2026-03-01","578006",,"Embassy Multipurpose Utensil Cover Lid (Stainless Steel)","8 pcs","Kitchen & Dining Needs","Embassy",,,899,1196.3536585365853,,12.14867,24.854996381280518,0.0024362556657720304,0.00307,0.00003,0.00005,0,112.37499999999999
"2026-03-01","572549",,"Tex-RO Plastic Container Set for Fridge Storage","6 pcs","Kitchen & Dining Needs","Texro",,,949,3999,,0.82676,76.2690672668167,0.00023666790307204358,0.0001,,,,158.16666666666669
"2026-03-01","569332",,"ExclusiveLane Mandala-Etched Spice Box with Spoon (Brass)","1 pc","Kitchen & Dining Needs","ExclusiveLane",,,2799,5425,,3.63155,48.40552995391705,0.0003210610496368926,0.00029,,,,2799
"2026-03-01","612147",,"Infantino My 1st Tumbler for Kids","1 pc","Kitchen & Dining Needs","Infantino",,,1199,1199,,30.26546,0,0.00046123342984033175,0.00079,0.00004,0.00005,0,1199.0000000000002
"2026-03-01","624199",,"Treo Glass Cube Storage Jar","1 pc","Kitchen & Dining Needs","Treo",,,228.96332904290506,244.99133798387095,,71.14672,6.573663542400813,0.08795521280327681,0.1415,0.2997,0.36366,0.15763,228.87855136511698
"2026-03-01","548988",,"QIPS Polyester Lunch Bag (11 ltrs, White, Green)","1 pc","Kitchen & Dining Needs","QIPS",,,281.0012122130766,499,,72.07489,43.68696161194633,0.02808040772350583,0.02722,0.0327,0.04742,0,281.0028119718018
"2026-03-01","604182",,"Steellock Stainless Steel Container Set","4 pcs","Kitchen & Dining Needs","Steel Lock",,,581,648.6102822580646,,52.35654,10.327751673332857,0.028485680113306402,0.04414,0.01044,0.00087,0.03172,145.25
"2026-03-01","609911",,"WonderStand 2-Tier Vegetable Basket","1 pc","Kitchen & Dining Needs","WonderStand",,,699,799.4597285067873,,36.90756,12.575654553016518,0.024283100158601006,0.03654,0.0023,0.00334,0,699.0000000000001
"2026-03-01","512918",,"Pigeon Favourite Induction Cooktop (1800 W)","1 unit","Kitchen & Dining Needs","Pigeon",,,1606.2727272727273,3195,,0.17097,49.72542324655001,0.0005132327237516876,0.00049,,,,1779.737203738024
"2026-03-01","521439",,"Navum Jute Shopping And Lunch Bag (Large) (Beige, Blue)","1 pc","Kitchen & Dining Needs","Navum",,,203.20345392366534,399,,88.48911,49.62961643038915,0.08520729231850124,0.07351,0.20486,0.29708,0,200.73599254792717
"2026-03-01","613893",,"Mrs The Club Premium Tissue Paper Virgin Paper Napkins","4 x 100 pulls","Kitchen & Dining Needs","mrs the club",,,232.8709677419355,396,,34.17199,41.194200065167806,0,0,,,,232.87096774193552
"2026-03-01","376890",,"Iveo Melamine Bowl Set (Lemon Yellow)","2 pcs","Kitchen & Dining Needs","Iveo",,,223,238,,0.56704,6.302521008403361,0,0,,,,223
"2026-03-01","606701",,"The Better Home Glass Glass Lunch Box","2 pcs","Kitchen & Dining Needs","The Better Home",,,779,1295,,5.42275,39.84555984555985,0.0006897638985526597,0.00071,0.00027,0.00001,0.00084,779
"2026-03-01","554087",,"MuscleBlaze Champion Mindset Tornado Shaker (Black)","1 pc","Kitchen & Dining Needs","Muscleblaze",,,368.0777201014677,599,,68.7222,40.777224593075545,0.2867949477399903,0.29255,0.37824,0.54852,0,354.5082924637978
"2026-03-01","577455",,"Glasafe Vego Sip Glass Bottle with Protective Vegan Cover","1 pc","Kitchen & Dining Needs","Glasafe",,,598.8598130841121,1649,,47.23701,63.68307886212641,0.01820506786548337,0.01138,0.00512,0.00743,0,598.9997077805931
"2026-03-01","603360",,"The Better Home Glass Container Set","2 pcs","Kitchen & Dining Needs","The Better Home",,,899,2599,,48.12432,65.40977298961138,0.017382410944586202,0.01035,0.00116,0.00168,0,449.5
"2026-03-01","498593",,"Solara Insulated Sports Sipper Thermal Bottle","1 pc","Kitchen & Dining Needs","Solara",,,1183.084747139232,2998.3653993548387,,61.50768,60.26957627095399,0.10225476101064955,0.06793,0.2092,0.06257,0.53491,1195.2764003031523
"2026-03-01","578064",,"Oliveware Stainless Steel Cleo Lunch Box","1 set","Kitchen & Dining Needs","Oliveware",,,499,899,,69.70002,44.49388209121246,0.024717616569645932,0.02362,0.00436,0.00632,0,499
"2026-03-01","534066",,"Larah by Borosil Opalware Plain Bowl Set (White)","2 pcs","Kitchen & Dining Needs","Larah by Borosil",,,389.17427117622924,510,,64.8221,23.688921677646245,0.040658458460276416,0.05344,0.0399,0.04939,0.01882,389.21144005809464
"2026-03-01","633704",,"Tinums Plastic Bottle with Time Marker","1 pc","Kitchen & Dining Needs","Tinums",,,229,499,,43.95639,54.10821643286574,0.059986490491947396,0.04739,0.04795,0.06954,0,229.00000000000003
"2026-03-01","664587",,"Cello Opalware Dazzle Scarlet Bliss Dinner Set (White)","18 pcs","Kitchen & Dining Needs","Cello",,,1382.5706049628739,2099,,60.24614,34.11038258671873,0.056589449959361264,0.06428,0.02892,0.02555,0.03639,1385.769033418988
"2026-03-01","568049",,"The Earth Store Absinthe Mug Set (Ceramic)","6 pcs","Kitchen & Dining Needs","The Earth Store",,,1045.8500888734964,2099,,18.09257,50.111605375566796,0.00716267241563113,0.00651,0.00404,0.00072,0.01142,178.47644193569434
"2026-03-01","731825",,"Palak Greens Bagasse Disposable Plates (White)","50 pcs","Kitchen & Dining Needs","Palak Greens",,,249,599,,73.29271,58.430717863105166,0.06208568152860234,0.04443,0.01616,0.02343,0,4.979999999999999
"2026-03-01","491613",,"Borosil Borosilicate Glass Klip N Store Container (Round)","1 pc","Kitchen & Dining Needs","Borosil",,,337.0521188233931,395,,69.88691,15.97353940446639,0.08472489424445873,0.12377,0.1346,0.12862,0.14789,33168.91608492903
"2026-03-01","599985",,"Kuber Industries Cylinder Trolley (Stainless Steel)","1 pc","Kitchen & Dining Needs","Kuber Industries",,,,,,0,,0,0,,,,
"2026-03-01","611101",,"Prestige 4 Burners Magic Plus Manual Ignition LPG Gas Stove","1 unit","Kitchen & Dining Needs","Prestige",,,5478.949121334926,7214.9287104838695,,61.03728,24.208587126578323,0.1617019576124384,0.20767,0.02977,0.04011,0.00679,5450.738856890855
"2026-03-01","572348",,"Indigifts Birthday Gift Hamper For Friends","3 pcs","Kitchen & Dining Needs","Indigifts",,,499,1799,,5.10748,72.26236798221234,0.0005855742719724801,0.00028,0,0,0,166.33333333333331
"2026-03-01","676987",,"House of Quirk Silicone Cute Flower Silicone Straw Topper","5 pcs","Kitchen & Dining Needs","House of Quirk",,,399,699,,10.82952,42.918454935622314,0.002827388346794925,0.00278,0.00098,0.00142,0,79.80000000000001
"2026-03-01","546047",,"Cello Executive Beer Mug Set (Glass)","2 pcs","Kitchen & Dining Needs","Cello",,,238.99559729499504,249,,23.22289,4.017997332082988,0.005306076277253227,0.00877,0.01465,0.0099,0.02519,119.49766465529004
"2026-03-01","721136",,"Parage Stainless Steel Bowl Set (Silver)","6 pcs","Kitchen & Dining Needs","Parage",,,398,699,,64.33001,43.06151645207439,0.0760690710675382,0.07456,0.01537,0.01735,0.01096,66.33333333333333
"2026-03-01","591317",,"Chumbak Steel Wall Bottle Bottle","750 ml","Kitchen & Dining Needs","Chumbak",,,745,1220,,0.02182,38.9344262295082,0.0000722018200589638,0.00008,,,,745
"2026-03-01","696049",,"HomeCloud Premium Cutlery Box(4 pcs, Pink)","1 set","Kitchen & Dining Needs","HomeCloud",,,284,999,,34.89185,71.57157157157157,0.006161797994544105,0.00302,0.00464,0.00673,0,284.00000000000006
"2026-03-01","595087",,"ExclusiveLane Ceramic Bowl Set for Chutney & Pickle (Multicolour)","2 pcs","Kitchen & Dining Needs","ExclusiveLane",,,499,790,,18.67619,36.835443037974684,0.0014446853293006027,0.00157,0.00028,0.00041,0,499
"2026-03-01","571722",,"Homestrap Melamine Serving Platter Set (Black)","4 pcs","Kitchen & Dining Needs","Homestrap",,,431.9032258064516,999,,37.00806,56.77891747168856,0.006472149865953316,0.00485,0.00616,0.00029,0.0192,108.74338673512062
"2026-03-01","558692",,"Lifelong Insulated Coffee Mug with Temperature Display (500 ml)","1 unit","Kitchen & Dining Needs","Lifelong",,,610.7397419354838,2400,,12.35412,74.55753409846973,0.022157655141328614,0.00968,0.00007,0.0001,0,609.2758835162899
"2026-03-01","624974",,"House of Quirk Double Insulated Tumbler","1 pc","Kitchen & Dining Needs","House of Quirk",,,1199,1999,,55.38097,40.0200100050025,0.012898130671004336,0.01332,0.00986,0.0143,0,1199
"2026-03-01","605500",,"Cutting Edge Plastic Fridge Storage Box (1.5 ltrs)","6 pcs","Kitchen & Dining Needs","Cutting Edge",,,389,650,,39.85552,40.153846153846175,0.05010922604272518,0.05162,0.03242,0.04482,0.00487,64.83333333333331
"2026-03-01","546311",,"Borosil Prime Glass Bottle","1 pc","Kitchen & Dining Needs","Borosil",,,259.01417829552673,309.09503866935484,,70.26153,16.234799586245824,0.199862741091326,0.28815,0.34345,0.42934,0.15266,259.0311055387158
"2026-03-01","632933",,"WonderStand Storage Organiser","1 pc","Kitchen & Dining Needs","WonderStand",,,559,599,,0.00242,6.67779632721202,0,0,,,,559
"2026-03-01","507828",,"Larah by Borosil Opalware Solid Serving Bowl (White)","1 set","Kitchen & Dining Needs","Larah by Borosil",,,673.8141236960279,840,,69.30589,21.08410084211802,0.09330310650579518,0.12705,0.06506,0.08247,0.02639,661.3933248980744
"2026-03-01","568819",,"The Indus Valley Pre-Seasoned 12 Pit Appe Pan (Iron)","1 pc","Kitchen & Dining Needs","The Indus Valley",,,1219,2036.0125978306878,,30.27795,40.128071835173856,0.007882881429474851,0.00814,0.00786,0.00947,0.0043,1219.0000000000002
"2026-03-01","582295",,"UPC Coffee Mug (Ceramic)","2 pcs","Kitchen & Dining Needs","U.P.C.",,,299,699,,63.82339,57.224606580829764,0.009248438185850435,0.00681,0.00774,0.01122,0,149.5
"2026-03-01","696625",,"Larah by Borosil Opalware Dark Forest Dinner Set (White, Black)","1 set","Kitchen & Dining Needs","Larah",,,2133.506829176291,3095,,70.49566,30.99344997762422,0.1002882016496374,0.12048,0.03879,0.03755,0.04154,2143.458273248065
"2026-03-01","558625",,"Nestasia Ceramic Leaf-Shaped Serving Platter (White, Blue)","4 pcs","Kitchen & Dining Needs","Nestasia",,,1567.9696087061911,3260.273745228216,,70.68431,51.923842565586014,0.2147731312870714,0.17758,0.2156,0.05326,0.57622,1566.4019015977033
"2026-03-01","498592",,"Solara Insulated Sports Gym Thermal Bottle (Black Knight)","1 pc","Kitchen & Dining Needs","Solara",,,1281.3545254464425,2998.9883847486035,,44.92827,56.65174708236958,0.10652786888819699,0.07546,0.03154,0.02915,0.03686,1307.7876272614747
"2026-03-01","476119",,"Vinayak Whisk (Stainless Steel)","1 pc","Kitchen & Dining Needs","Vinayak",,,119,179,,15.58773,33.51955307262572,0.014598800123318949,0.01671,0.01253,0.01817,0,118.99999999999996
"2026-03-01","607183",,"Nestasia Ceramic Ramen Bowl Set (Multicolour, 360 ml, 6 pcs)","6 pcs","Kitchen & Dining Needs","Nestasia",,,1218.9200780172282,1550,,58.01457,21.543673765852745,0.13799887047395099,0.18625,0.2174,0.17964,0.30127,202.61490150804528
"2026-03-01","631447",,"Yellocut Plastic Fridge Storage Box","6 pcs","Kitchen & Dining Needs","Yellocut",,,349,599,,24.78906,41.736227045075125,0.006164805612157041,0.00618,0.00892,0.01294,0,58.16666666666664
"2026-03-01","720449",,"CutTales Stainless Steel Dinner Plate Set (Silver)","2 pcs","Kitchen & Dining Needs","CutTales",,,489,1499,,75.42235,67.37825216811208,0.006884167024673482,0.00387,0.00222,0.00322,0,244.4999999999999
"2026-03-01","498609",,"Solara Motivational Sipper Water Bottle","1 pc","Kitchen & Dining Needs","Solara",,,622.7256675555986,1499,,38.92873,57.91583117145644,0.0318727422441758,0.02299,0.00778,0.00896,0.00517,651.3807140668965
"2026-03-01","568897",,"The Indus Valley Non Stick 5 Plates Multi Pot Idli Maker (Stainless Steel)","1 pc","Kitchen & Dining Needs","The Indus Valley",,,2183.6195238095233,3849.9761904761904,,31.51058,43.27981003465792,0.010362196094890277,0.01011,0.02057,0.01287,0.03769,2181.5843649269086
"2026-03-01","701366",,"Nestasia Aluminium Pomegranate Serving Platter (Golden)","1 pc","Kitchen & Dining Needs","Nestasia",,,1750.0548301223205,2700,,21.01242,35.19055926449151,0.018944901317933516,0.02075,0.01438,0.0018,0.04232,1733.5176753050712
"2026-03-01","543206",,"Amaya Decors Iron Bird Tray (Blue)","1 pc","Kitchen & Dining Needs","Amaya Decors",,,650,1099,,0.39301,40.85532302092812,0.00006504070737891295,0.00007,,,,650
"2026-03-01","596759",,"Speedex Solid Steel Wall Bottle with Lid","1 pc","Kitchen & Dining Needs","Speedex",,,369,549,,54.47579,32.786885245901644,0.05962983320483503,0.06899,0.1435,0.0946,0.25213,368.99999999999994
"2026-03-01","553670",,"HAZEL Square Cake Mould (Aluminium)","1 pc","Kitchen & Dining Needs","Hazel",,,207.8772725197167,499,,35.40957,57.99860091425966,0.09797050967903724,0.07105,0.04846,0.07028,0,209.99921638557078
"2026-03-01","721145",,"Parage Stainless Steel Dinner Spoon Set","6 pcs","Kitchen & Dining Needs","Parage",,,289,499,,73.9664,42.08416833667334,0.07097155744775428,0.07076,0.10052,0.03885,0.23749,48.16666666666667
"2026-03-01","606450",,"Cutting Edge Glass Ruby Bake & Serve Casserole (Transparent)","1 pc","Kitchen & Dining Needs","Cutting Edge",,,591.5360824742268,895,,12.53855,33.905919105352524,0.0014465468919140389,0.00165,0.00185,0.00038,0.00511,591.4907767480074
"2026-03-01","669253",,"Ireka Homes Wood Serving Tray (Dark Brown)","1 pc","Kitchen & Dining Needs","Ireka Homes",,,450,742,,3.52072,39.35309973045822,0,0,,,,450
"2026-03-01","691623",,"Nayasa Steel Sapphire Insulated Casserole (Grey)","1 pc","Kitchen & Dining Needs","Nayasa",,,899,899,,26.41091,0,0.00023941985543334644,0.00041,0.00009,0.00013,0,899
"2026-03-01","627689",,"Parage Heavy Bottom Cooking Kadai 1.2 L (Stainless Steel)","1 unit","Kitchen & Dining Needs","Parage",,,599.0010138248848,1999,,44.00266,70.03495928396114,0.11033692249596107,0.05691,0.0193,0.00888,0.04247,599.0015795931618
"2026-03-01","687679",,"Femora Ceramic Serving Bowl (Beige)","2 pcs","Kitchen & Dining Needs","Femora",,,318.37186717483934,510,,68.59265,37.58523156260497,0.02139513228552281,0.02298,0.01042,0.01506,0.00011,159.1399184497237
"2026-03-01","626632",,"The Better Home Glass Bottle with Silicone Cover","1 pc","Kitchen & Dining Needs","The Better Home",,,479,1699,,19.3143,71.80694526191877,0.011680999666281713,0.00567,0.01002,0.00155,0.02883,478.99999999999994
"2026-03-01","621803",,"House of Quirk Plastic Egg Container Drawer for Refrigerator (Transparent, 18 eggs)","1 pc","Kitchen & Dining Needs","House of Quirk",,,549,899,,23.41187,38.932146829810904,0.0009821540432176175,0.00103,0.00074,0.00107,0,549
"2026-03-01","595121",,"ExclusiveLane Handcrafted Coffee Mug Set (Ceramic)","2 pcs","Kitchen & Dining Needs","ExclusiveLane",,,649,1249,,0.41133,48.03843074459568,0.00007391797306053498,0.00007,,,,324.5
"2026-03-01","627669",,"Peepul Tree Brass Kitchen Storage Jar","1 pc","Kitchen & Dining Needs","Peepul Tree",,,798.5611077971455,1999,,68.7414,60.05202531154716,0.024651667362897162,0.01695,0.01157,0.00841,0.01858,798.5515776516303
"2026-03-01","718446",,"Habere India Multipurpose Rectangular Serving Tray (Multicolour)","1 pc","Kitchen & Dining Needs","Habere India",,,1699,2599,,37.5,34.62870334744132,0.0009888002744881344,0.00111,0.00048,0.00019,0.0011,1699
"2026-03-01","568377",,"Wonderchef Stainless Steel Venice Spoon Set","6 pcs","Kitchen & Dining Needs","Wonderchef",,,314.3824126727532,600,,79.64988,48.409851254835694,0.07639575391198596,0.06738,0.11112,0.0305,0.29019,51.432539819032854
"2026-03-01","624966",,"Parage Stainless Steel Spoon Set (Silver)","12 pcs","Kitchen & Dining Needs","Parage",,,319,410,,58.75512,22.1951219512195,0.12844166589634207,0.17203,0.10581,0.1494,0.00899,318.99999999999994
"2026-03-01","592790",,"Kuber Industries Leather Leaf Table Mat Set (Golden)","6 pcs","Kitchen & Dining Needs","Kuber Industries",,,,,,0,,0,0,,,,
"2026-03-01","568047",,"The Earth Store Stag Design Mug Set (Ceramic)","6 pcs","Kitchen & Dining Needs","The Earth Store",,,1091.066520381275,2099,,11.885,48.02352070388962,0.0034161207948062993,0.00308,0.00113,0.00003,0.00359,179.81320550342969
"2026-03-01","691783",,"Nayasa Steel Sapphire Insulated Casserole with Lid (Grey)","1 pc","Kitchen & Dining Needs","Nayasa",,,1089,1089,,32.40745,0,0.0006763917181658053,0.00116,0.00009,0.00013,0,1089
"2026-03-01","572532",,"BeastLife Spill Proof Bold Gym Shaker for Workout","1 pc","Kitchen & Dining Needs","BeastLife",,,249.00448387096773,499,,21.47367,50.09951001990716,0.014104963337355027,0.01212,0.03861,0.05597,0.00004,249.00464937902245
"2026-03-01","751870",,"Jensons Stainless Steel Dinner Plate (Silver)","2 pcs","Kitchen & Dining Needs","Jensons",,,499,1999,,16.40899,75.0375187593797,0.0046059925573456815,0.00198,0.05336,0.00012,0.17162,499
"2026-03-01","572042",,"Bajaj Induction Cooktop (1400 W)","1 unit","Kitchen & Dining Needs","Bajaj",,,1996.932720125786,3993.6179247169816,,1.84905,49.989104255371046,0.004726433794209207,0.0041,,,,2005.7282858651768
"2026-03-01","562439",,"Navum Modak Mould (Plastic)","2 pcs","Kitchen & Dining Needs","Navum",,,129,299,,43.71176,56.85618729096991,0.0014864107860933036,0.0011,0.00081,0.00118,0,64.50000000000001
"2026-03-01","38264",,"Scotch Brite Kitchen Gloves (Large)","1 pair","Kitchen & Dining Needs","Scotch brite",,,118.99991441737986,130,,71.4873,8.461611266916119,0.11858818683769651,0.18687,0.2814,0.12074,0.63827,118.99990532844751
"2026-03-01","635444",,"House of Quirk Tumbler Set","1 set","Kitchen & Dining Needs","House of Quirk",,,1249,1999,,21.21136,37.51875937968985,0.0009464344117491611,0.00102,0.00031,0.00045,0,1249.0000000000005
"2026-03-01","617403",,"Skitch Stainless Steel Casserole (Silver)","1 pc","Kitchen & Dining Needs","Skitch",,,598.8,1499,,11.5761,60.327926097325346,0.0016507042950615323,0.001,0.00035,0.0005,0,526.2343003479426
"2026-03-01","691074",,"Nayasa Steel Casserole (Brown)","1 pc","Kitchen & Dining Needs","Nayasa",,,859,859,,47.00958,0,0.00020334850669858433,0.00035,0.00007,0.0001,0,859
"2026-03-01","546501",,"Solara Motivational Gym Plastic Sipper Bottle","1 pc","Kitchen & Dining Needs","Solara",,,968.0114055027358,1999,,37.49316,51.43253829401686,0.01737160074307506,0.01494,0.00399,0.00407,0.00381,1000.6968657175421
"2026-03-01","563551",,"House of Quirk Double Insulated Tumbler (Tricolour)","1 pc","Kitchen & Dining Needs","House of Quirk",,,1099,1999,,22.43299,45.02251125562781,0.0008517910415923707,0.00081,0.00073,0.00106,0,1099.0000000000002
"2026-03-01","593861",,"New Dawn Stainless Steel Container Set with Lid","3 pcs","Kitchen & Dining Needs","New Dawn",,,899,1500,,69.62356,40.066666666666684,0.03920644423797437,0.04045,0.00012,0.00018,0,899
"2026-03-01","573126",,"Nestroots Cutlery Holder (Wood)","1 pc","Kitchen & Dining Needs","Nestroots",,,899,1899,,6.55503,52.6592943654555,0.0007867032847053453,0.00064,0.00006,0.00004,0.00012,899
"2026-03-01","729484",,"Chumbak Wood Snack Bowl with Serving Platter (Multicolour)","1 set","Kitchen & Dining Needs","Chumbak",,,999,1999,,32.3359,50.02501250625311,0.06922703270506467,0.05955,0.01525,0.02212,0,249.75000000000003
"2026-03-01","426315",,"Vinod TCSB3 Pressure Cooker (Stainless Steel)","1 unit","Kitchen & Dining Needs","Vinod",,,2285.418526801077,2775.2952452150535,,43.77293,17.61404348124716,0.017359731838858736,0.02453,0.0091,0.0132,0,2292.322614136845
"2026-03-01","534359",,"The Artment Crinkled Tea Cup Set (Glass)","6 pcs","Kitchen & Dining Needs","The Artment",,,994.6071185390695,1799,,20.97038,44.694642384512754,0.015741422461722582,0.01501,0.00571,0.00828,0,996.8927358643276
"2026-03-01","545003",,"HOOM Plastic by HMI Disney Frozen Lunch Box","1 pc","Kitchen & Dining Needs","HOOM",,,381.4204075819772,399,,35.02664,4.410395611666394,0.001792502812792531,0.00294,0.00352,0.00511,0,380.370987728918
"2026-03-01","566096",,"The Artment Modern Art Vintage Embossed Glass Set","4 pcs","Kitchen & Dining Needs","The Artment",,,999.0203267161297,1249,,47.13836,20.01433699217353,0.014480897606895048,0.01994,0.04353,0.00058,0.13893,999.0360914482317
"2026-03-01","402838",,"Borosil Steel Thermal Bottle (Black)","1 pc","Kitchen & Dining Needs","Borosil",,,998.5920988656534,1164.5921885887096,,72.6716,14.262647740473678,0.45276620204227364,0.66833,0.40791,0.59154,0,997.7550800468229
"2026-03-01","591878",,"Ezypac Cake Mould","10 pcs","Kitchen & Dining Needs","Ezypac",,,175.07379545454543,399,,1.00576,56.12185577580315,0.00018890821370491702,0.00014,0.00079,0.00115,0,17.30192308718861
"2026-03-01","597351",,"The Earth Store Ceramic Marble & Bowl Set (White)","2 pcs","Kitchen & Dining Needs","The Earth Store",,,421.3002212032097,1299,,48.76037,68.30978045084565,0.11865886460878326,0.06193,0.20272,0.00918,0.63265,407.73187344036427
"2026-03-01","582193",,"Rabitat Stainless Steel Kids Water Bottle & Lunch Box Combo","1 set","Kitchen & Dining Needs","Rabitat",,,1913.93109375,1913.96875,,10.37775,0.0018199679631216372,0.0014434375408363942,0.00248,0.00162,0.00101,0.00297,1920.4063777992706
"2026-03-01","541013",,"Adidas Plastic Sipper Bottle","1 pc","Kitchen & Dining Needs","Adidas",,,675.3278510373942,799,,21.68146,15.479079443672786,0.00626366408560478,0.00911,0.00005,0.00007,0,675.2733797757611
"2026-03-01","586805",,"Kuber Industries Stainess Steel Cylinder Trolley with 4 Wheels (Steel)","1 pc","Kitchen & Dining Needs","Kuber Industries",,,347,798,,0.11947,56.51629072681704,0.000047227053426229254,0.00004,,,,347
"2026-03-01","564456",,"Sammsara Aluminium Leaf Design Platter (Golden)","2 pcs","Kitchen & Dining Needs","Sammsara",,,1399,1819,,0.00531,23.08960967564596,0.00010765158265069873,0.00014,,,,1399
"2026-03-01","614751",,"DeliBohemi Glass Oil Dispenser Bottle","2 pcs","Kitchen & Dining Needs","DeliBohemi",,,222.25049824966226,599.0007517741936,,50.90892,62.711026897429356,0.14231054723016,0.0908,0.05805,0.08418,0,111.76181866360209
"2026-03-01","616598",,"New Dawn Big & Small Plate Stand","2 pcs","Kitchen & Dining Needs","New Dawn",,,849.6746113989637,1500,,37.87723,43.356771934443394,0.015309895381123286,0.01492,0.0058,0.00841,0,849.0015080629595
"2026-03-01","595124",,"ExclusiveLane Salt & Pepper Shaker Set (Ceramic)","2 pcs","Kitchen & Dining Needs","ExclusiveLane",,,549,875,,4.34875,37.25714285714286,0,0,0,0,0,549
"2026-03-01","544996",,"Disney Frozen Character Plastic Sipper Bottle","1 pc","Kitchen & Dining Needs","Disney",,,273.2427035330261,299,,10.37969,8.624623492124831,0.0005043181735542027,0.00078,0.00001,0.00002,0,270.0810218840154
"2026-03-01","549023",,"Borosil Glass Serving/Mixing Bowl Set (Transparent)","2 pcs","Kitchen & Dining Needs","Borosil",,,711.7447591522159,865,,4.7363,17.71736888413689,0.0018905280660833931,0.00267,0.00043,0.00063,0,717.8850229166696
"2026-03-01","500881",,"Ocean Scirocco Rock Whiskey Glass Set","6 pcs","Kitchen & Dining Needs","O'cean",,,701.4939024390244,798.8658536585366,,0.45762,12.188773718839208,0,0,0,0,0,701.4939024390244
"2026-03-01","634379",,"G.Fidel Reusable Ice Cream Mould (Silicone)","1 pc","Kitchen & Dining Needs","G.Fidel",,,79,499,,3.37778,84.16833667334669,0.00011812675615501275,0.00003,,,,78.99999999999999
"2026-03-01","741183",,"Shri & Sam Stainless Steel Casa Nova Baby Spoon Set","6 pcs","Kitchen & Dining Needs","Shri & Sam",,,149,149,,2.1482,0,0.00003231324708110423,0.00006,0.00003,0.00005,0,149
"2026-03-01","607853",,"Cutting EDGE Silica Glass Storage Jar Set (1.6 L)","2 pcs","Kitchen & Dining Needs","Cutting Edge",,,549,850,,50.63616,35.41176470588235,0.0507266491032383,0.0564,0.07336,0.01615,0.20042,274.5
"2026-03-01","762103",,"Jaypee Plus Stainless Steel Bowl With Spoon & Lid (Pink)","1 pc","Kitchen & Dining Needs","Jaypee Plus",,,259,365,,14.83304,29.04109589041095,0.00033071667397347924,0.0004,0.00025,0.00037,0,259.00000000000006
"2026-03-01","545098",,"Cello Venice Plastic Bottle Set","1 ltr","Kitchen & Dining Needs","Cello",,,512.0614806213521,810,,52.99129,36.78654188253329,0.31239658284392313,0.33995,0.1828,0.14475,0.26731,85.33823107725786
"2026-03-01","596115",,"Jarsome Mandala Design Airtight Storage Container Set for Kitchen","2 pcs","Kitchen & Dining Needs","jarsome",,,492.0677441860465,699,,42.78063,29.614750829522908,0.005528959207084221,0.0067,0.00276,0.00356,0.00099,245.79216518847616
"2026-03-01","725513",,"Wrap Arts Glass Handpainted Casserole with Mango Wood Lid (Brown)","1 pc","Kitchen & Dining Needs","Wrap Arts",,,952,4999,,6.74558,80.95619123824765,0.000295849615101086,0.0001,0.00017,0.00025,0,952
"2026-03-01","557301",,"Archies Best Sister Ever Mug (Ceramic)","1 pc","Kitchen & Dining Needs","Archies",,,379,399,,0.28634,5.012531328320802,0.00018890821370491702,0.00031,,,,379
"2026-03-01","428953",,"Polyset Drainer (Plastic)","1 pc","Kitchen & Dining Needs","Polyset",,,474.41666666666663,545.4000000000001,,4.91831,13.01491260237136,0.00006332437683202814,0.00009,0.00001,0.00002,0,471.8850987257641
"2026-03-01","616728",,"Kressa Kitchen Towel Roll","2 x 80 pulls","Kitchen & Dining Needs","Kressa",,,249,472.51859516129036,,53.88128,47.303661157503036,0,0,0.09878,0.14325,0,249.00000000000003
"2026-03-01","532593",,"Larah by Borosil Dreamer Mug Set (Opalware)","6 pcs","Kitchen & Dining Needs","Larah by Borosil",,,409.059556751624,495,,51.74307,17.349010108322748,0.04731638002442401,0.06731,0.66811,0.14236,1.83598,68.18923263193993
"2026-03-01","605616",,"Sakoraware Skewer with Silicone Oil Brush (Bamboo)","2 pcs","Kitchen & Dining Needs","Sakoraware",,,234.15625,599,,36.23031,60.86709923099229,0.0048087775352187966,0.00323,0.00071,0.00103,0,117.00855273650367
"2026-03-01","568465",,"Solara Insulated Gym Sports Thermal Bottle","1 pc","Kitchen & Dining Needs","Solara",,,1853.7198931295343,2999,,60.68045,39.59443610068227,0.25068722831509466,0.25043,0.11053,0.04851,0.2483,1792.4233173005898
"2026-03-01","626895",,"Borosil Borosilicate Glass Venus Bowl Set (Transparent)","6 pcs","Kitchen & Dining Needs","Borosil",,,506.06361542833116,535.370406451613,,65.97422,4.924729322954711,0.026341712326098683,0.04393,0.02089,0.0303,0,8547.013670602784
"2026-03-01","626394",,"Parage Stainless Steel Spoon Rest","2 pcs","Kitchen & Dining Needs","Parage",,,349,599,,5.46467,41.736227045075125,0.001063851696830899,0.00107,0,0.00001,0,174.50000000000003
"2026-03-01","556785",,"Birch & Co. Heritage Coaster Set – Re-engineered Wood (Multicolour)","6 pcs","Kitchen & Dining Needs","Birch & Co.",,,379.7682704720016,799,,64.0525,52.59709064939113,0.04549988249513,0.03704,0.0642,0.08467,0.01874,63.134628090424755
"2026-03-01","605437",,"New Dawn Multipurpose Steamer / Strainer (Stainless Steel)","1 set","Kitchen & Dining Needs","New Dawn",,,289,500,,28.59254,42.2,0.029104279766612968,0.02896,0.00029,0.00041,0,289.00000000000006
"2026-03-01","601231",,"Umai Stainless Steel Double-Walled Insulated Casserole (Multicolour)","1 pc","Kitchen & Dining Needs","Umai",,,1279,2149,,0.70579,40.4839460214053,0,0,,,,1279
"2026-03-01","589483",,"Basil Stainless Steel Space Bento Lunch Box for Kids","1 pc","Kitchen & Dining Needs","Basil",,,1599,3000,,1.6092,46.7,0,0,,,,1599
"2026-03-01","587309",,"Ezypac Muffin Mould","20 pcs","Kitchen & Dining Needs","Ezypac",,,198.99607866741573,199,,75.76589,0.00697017079623094,0.034918190857447524,0.06011,0.07927,0.11496,0,9.949290145127742
"2026-03-01","630417",,"The Better Home Steel Wall Bottle for Refrigerator","1 pc","Kitchen & Dining Needs","The Better Home",,,399,1099,,29.7311,63.69426751592358,0.009314100479372376,0.00582,0.00568,0.00823,0,399
"2026-03-01","662844",,"HAZEL Stainless Steel Parat / Plate for Dough (Silver)","1 unit","Kitchen & Dining Needs","Hazel",,,409.9863055919511,1419,,62.04407,70.78027656947278,0.0934133133205997,0.04767,0.01427,0.02069,0,416.78998602650245
"2026-03-01","574376",,"Schott Zwiesel Wine Glass Set (Tritan)","16 pcs","Kitchen & Dining Needs","schott zwiesel",,,6376,9100,,19.07345,29.934065934065934,0.0007405118530935341,0.00089,0.00272,0.00395,0,398.49999999999994
"2026-03-01","607810",,"Brick Brown Wood Roti Box Casserole (Brown)","1 pc","Kitchen & Dining Needs","brick brown",,,1899,3199,,34.45227,40.63769928102532,0.004286260789471956,0.00438,0.00273,0.00395,0,1898.9999999999995
"2026-03-01","611329",,"WonderStand 2-Tier Multipurpose Shelf Organizer","1 pc","Kitchen & Dining Needs","WonderStand",,,449,499,,39.90218,10.020040080160319,0.030908870752084167,0.04788,0.01777,0.02577,0,448.99999999999994
"2026-03-01","571896",,"Nautica Stylish Fender Triple-Layer Flask Thermal Bottle","1 pc","Kitchen & Dining Needs","Nautica",,,1851.9593582470104,2850,,46.68709,35.00937504606247,0.013544526108431947,0.01497,0.00458,0.00652,0.00027,1906.602617763419
"2026-03-01","711246",,"Selvel Snacks & Dryfruits Serving Box (Dark Grey)","1 pc","Kitchen & Dining Needs","Selvel",,,820,1356,,50.57853,39.528023598820056,0.004654527942188068,0.00485,0.00011,0.00015,0,819.9999999999999
"2026-03-01","646947",,"Skitch Stainless Steel, Wood Serving Bowl with Tray (Silver)","5 pcs","Kitchen & Dining Needs","Skitch",,,1845,2499,,0.61808,26.17046818727491,0.0022923763169652596,0.00291,0.00003,0.00004,0,1845
"2026-03-01","693002",,"Two Moustaches Serving Tray Set (Blue)","2 pcs","Kitchen & Dining Needs","Two Moustaches",,,764.2307692307693,1595,,21.58944,52.89968652037618,0.003917389805144178,0.003,0.00244,0.00018,0.00745,354.76695658735053
"2026-03-01","582063",,"FunBlast Cartoon Kids Bottle (Polypropylene)","1 pc","Kitchen & Dining Needs","FunBlast",,,489,999,,4.71502,51.051051051051054,0.0010878556456886913,0.00092,0.00016,0.00006,0.00036,488.9999999999999
"2026-03-01","481231",,"Godrej Cartini Classic Cut Scissors (Stainless Steel)","1 pc","Kitchen & Dining Needs","Godrej Cartini",,,363.3300831443689,375,,12.38409,3.1119778281682917,0.0011209767239468232,0.00185,0.00011,0.00016,0,362.12060763587846
"2026-03-01","603355",,"Umai Insulated Printed Steel Wall Bottle","1 pc","Kitchen & Dining Needs","Umai",,,1349,2795,,0.43449,51.735241502683365,0,0,0,0,0,1349
"2026-03-01","568374",,"Wonderchef Venice Sauce Pan (Stainless Steel)","1 pc","Kitchen & Dining Needs","Wonderchef",,,550.1179936747826,951.7075525806454,,44.42874,42.45050664920713,0.1594506722053149,0.16233,0.11834,0.17161,0,546.7021183753797
"2026-03-01","496408",,"Vinayak Stainless Steel Signature Hammered Quarter Plate (Silver)","1 pc","Kitchen & Dining Needs","Vinayak",,,168.2803618978907,239,,38.33711,29.465420572777,0.012769514892810552,0.01541,0.00828,0.012,0,168.58894636265094
"2026-03-01","614936",,"Femora Stripes Matte Coffee Mug (Ceramic)","1 pc","Kitchen & Dining Needs","Femora",,,169.0849887872502,300,,40.09244,43.616144284296546,0.03606135879259994,0.03498,0.02676,0.02429,0.03225,169.16874845739747
"2026-03-01","552952",,"Prestige Dosa Tawa (Cast Iron)","1 pc","Kitchen & Dining Needs","Prestige",,,1442.2897307349215,1770.5910915322584,,68.50494,18.58707487116678,0.22308880498505052,0.31407,0.03039,0.03824,0.01297,1441.228856121458
"2026-03-01","632926",,"WonderStand 2-Tier Spice Rack Organizer","1 pc","Kitchen & Dining Needs","WonderStand",,,569,603.0477386432161,,38.87235,5.398253656347693,0.026228949036323196,0.04281,0.01827,0.0265,0,568.9999999999999
"2026-03-01","392624",,"Borosil Tea Cup Set (Microwave Safe) (Borosilicate Glass)","6 pcs","Kitchen & Dining Needs","Borosil",,,568.5803637712328,650.3521554032258,,72.88103,12.804431892904859,0.11708810577263477,0.17518,0.3138,0.45506,0,568.8558162935152
"2026-03-01","543718",,"Holi Thandai Glass Set by Ek Do Dhai","2 pcs","Kitchen & Dining Needs","EK DO DHAI",,,600,600,,35.82172,0,0.0003774103812775566,0.00065,0.00077,0.00112,0,300.00000000000006
"2026-03-01","568053",,"The Earth Store Glam Studio Coffee Mug Set (Ceramic)","2 pcs","Kitchen & Dining Needs","The Earth Store",,,397.5300741182519,849,,59.38602,52.60970458053128,0.04708141389318314,0.03832,0.04237,0.00951,0.11538,408.472303790718
"2026-03-01","606415",,"Cutting Edge Glass Mimosa Jar Set","6 pcs","Kitchen & Dining Needs","Cutting Edge",,,599,1250,,11.31883,52.080000000000005,0.011608400854901469,0.00958,0.00338,0.00123,0.00817,99.83333333333333
"2026-03-01","577419",,"Glasafe Glass Bottle with Protective Silicone Sleeve","1 unit","Kitchen & Dining Needs","Glasafe",,,699,1449,,56.29473,51.75983436853003,0.06582473257010746,0.05466,0.02495,0.03618,0,698.9999999999998
"2026-03-01","408169",,"Borosil Coffeemate Insulated Travel Mug","1 pc","Kitchen & Dining Needs","Borosil",,,798.5700208871081,929.7121206048387,,54.26396,14.169358091956713,0.26394212262285416,0.38983,0.09409,0.13645,0,79715.55574004453
"2026-03-01","620873",,"Cello Texas Plastic Bottle Set (Black)","1 ltr","Kitchen & Dining Needs","Cello",,,167.72667430336355,275,,35.99863,39.15856827631871,0.259467608406794,0.27173,0.21068,0.29064,0.03306,27.885209440047955
"2026-03-01","565260",,"Vinod Anodized Coating Black Pearl Multifunctional Kadai with Idli & Dhokla Stand","1 unit","Kitchen & Dining Needs","Vinod",,,2407.050585787152,3434.608154032258,,55.31391,29.917632207878935,0.010959958142462369,0.01348,0.0358,0.05192,0,2403.391581530905
"2026-03-01","60819",,"Premier Kitchen Towel Roll - 60 Pulls (2 Ply)","60 pulls","Kitchen & Dining Needs","Premier",,,69.10214365104983,99.99879619354839,,87.98974,30.866006510140476,0.14396765327659522,0.17138,0.24445,0.31997,0.07669,69.13290304597291
"2026-03-01","188772",,"Fackelmann Solid Turner - 30 x 6 cm (Bamboo)","1 pc","Kitchen & Dining Needs","Fackelmann",,,129.12213567032524,146.38087358870968,,58.92792,11.681082540456172,0.029866070958181286,0.04527,0.00355,0.00515,0,129.1724309521342
"2026-03-01","611834",,"Yellocut Potato Masher (Steel)","1 pc","Kitchen & Dining Needs","Yellocut",,,152.91304347826087,299,,25.92098,49.09116542825612,0.02369119320038189,0.02079,0.00448,0.0065,0,152.38953153557168
"2026-03-01","742689",,"House of Quirk Glass Dual Use Salt & Pepper Shaker (Yellow)","1 unit","Kitchen & Dining Needs","House of Quirk",,,,,,0,,0,0,,,,
"2026-03-01","697973",,"Unify Stainless Steel Insulated Casserole with Lid 1.6 L (Silver)","1 pc","Kitchen & Dining Needs","Unify",,,1299,2099,,8.40757,38.11338732729871,0.0032906552031122887,0.00351,0.00021,0.00006,0.00054,1299.0000000000002
"2026-03-01","631404",,"Yellocut ABS Plastic Air Tight Container Set","3 pcs","Kitchen & Dining Needs","Yellocut",,,449,999,,43.40167,55.05505505505506,0.0025575706031239413,0.00198,0.0022,0.00319,0,149.66666666666666
"2026-03-01","671733",,"Parage Stainless Steel Aura Cutlery Set With Stand","25 pcs","Kitchen & Dining Needs","Parage",,,899,949,,40.21538,5.268703898840866,0.004907843914228798,0.008,0.00371,0.00205,0.0074,35.960000000000015
"2026-03-01","432823",,"Fackelmann Power Free Blender With Steel Blades (Stainless Steel, Plastic)","1 pc","Kitchen & Dining Needs","Fackelmann",,,269.49443969204447,299,,13.77317,9.892274902626504,0.005017656933527659,0.00777,0.00008,0.00012,0,269.4065474253268
"2026-03-01","701897",,"Lifelong Aluminium Casserole (Light Brown)","1 pc","Kitchen & Dining Needs","Lifelong",,,1671.9309368648696,3999,,65.49769,58.19956765224119,0.0446494287248399,0.03181,0.00543,0.00787,0,1671.9557182227884
"2026-03-01","565201",,"Vinod Stainless Steel Kraft Serving Bowl Set (Silver)","2 pcs","Kitchen & Dining Needs","Vinod",,,629,678.8333333333334,,2.73694,7.301806934722448,0.0004616600712289906,0.00079,0.00004,0.00006,0,333.82916871332327
"2026-03-01","631151",,"Speedex Steel Wall Bottle with Sipper","1 pc","Kitchen & Dining Needs","Speedex",,,549,549,,8.7204,0,0.0004873618859210501,0.00084,0.00028,0.0004,0,549
"2026-03-01","569380",,"ExclusiveLane Ceramic Shades of a Leaf Jar Set","4 pcs","Kitchen & Dining Needs","ExclusiveLane",,,1699,3175,,0.03979,46.488188976377955,0.000187902064412562,0.00017,,,,424.74999999999994
"2026-03-01","549005",,"Larah by Borosil Cup Set (Opalware)","6 pcs","Kitchen & Dining Needs","Larah by Borosil",,,429.8416351072748,550,,24.42544,21.92070997191616,0.05017877089716562,0.06738,0.14569,0.21127,0,71.53351821525241
"2026-03-01","566370",,"Judge by Prestige Stainless Steel Spoon Set","6 pcs","Kitchen & Dining Needs","Judge",,,178.93459903521463,200,,75.43612,10.519623234948916,0.14983078809545305,0.23083,0.17058,0.24459,0.00617,29.826813305292582
"2026-03-01","582641",,"Pencil Pre-Seasoned Appe Pan (Iron)","1 pc","Kitchen & Dining Needs","Pencil",,,1199,1345,,9.2813,10.855018587360595,0,0,,,,1199
"2026-03-01","566384",,"The Indus Valley Tawa (Iron)","1 unit","Kitchen & Dining Needs","The Indus Valley",,,987.798844504831,1723.5503557916668,,48.50033,42.57857807674197,0.09377774034572725,0.09259,0.03163,0.00928,0.0813,989.6213971438908
"2026-03-01","521005",,"Vinayak Stainless Steel Jar Set","2 pcs","Kitchen & Dining Needs","Vinayak",,,212.3215348058464,299,,12.94591,29.827683331948386,0.005429832285122269,0.00622,0.00156,0.00226,0,99.54915968485489
"2026-03-01","532410",,"Wonderchef Midnight Blue Dosa Tawa (Aluminium)","1 unit","Kitchen & Dining Needs","Wonderchef",,,840.1408035456013,1299.7813147177424,,55.96192,35.46186220621523,0.06347949408900658,0.07089,0.00915,0.01327,0,839.4283168270317
"2026-03-01","698133",,"The Better Home Wood Meena Art Floral Serving Platter (Green)","2 pcs","Kitchen & Dining Needs","The Better Home",,,899,6999,,0.83918,87.15530790112874,0.022189993777389568,0.00491,0,0,0,449.5
"2026-03-01","513204",,"Philips Home Viva Collection Induction Cooktop (HD4928/01)","2100 W","Kitchen & Dining Needs","Philips Home",,,3617.9420446018908,5995,,22.93922,35.616565601590914,1.4126036261648192,1.56985,0.10368,0.11488,0.07882,3861.7329958612445
"2026-03-01","548889",,"Nayasa Halo Plastic Water Bottle","1 pc","Kitchen & Dining Needs","Nayasa",,,234.44229259635733,265,,70.5386,12.074474394382623,0.013665739312319146,0.02069,0.03759,0.01287,0.09252,231.92710623767576
"2026-03-01","631972",,"Mumma's Life Stainless Steel Casserole (Silver)","1 pc","Kitchen & Dining Needs","Mumma's Life",,,899,999,,66.25751,10.01001001001001,0.011695145056509442,0.01812,0.01118,0.00463,0.02573,898.9999999999998
"2026-03-01","698233",,"The Better Home Wood Dish Serving Platter (Multicolour)","2 pcs","Kitchen & Dining Needs","The Better Home",,,999,3499,,4.61943,71.44898542440697,0.0052804637678539245,0.0026,0.00003,0.00004,0,999.0000000000001
"2026-03-01","582508",,"Rabitat Stainless Steel Lunch Box for Kids","500 ml","Kitchen & Dining Needs","Rabitat",,,1046.4182585630745,1046.4297410526317,,22.45362,0.000976693797121281,0.0035018703875672992,0.00603,0,0,0,208.33598838536028
"2026-03-01","617374",,"Borosil Charm Whiskey Glass Set (Borosilicate Glass)","6 pcs","Kitchen & Dining Needs","Borosil",,,779.3093615763338,995,,67.0773,21.68204132086031,0.060312421431991926,0.08132,0.03107,0.04506,0,129.8822778013264
"2026-03-01","561156",,"Godrej Cartini Classic Kitchen Stainless Steel Knife Set (Green)","3 pcs","Kitchen & Dining Needs","Godrej Cartini",,,368.7406900863662,370,,56.62948,0.294503179826799,0.08438787897293881,0.14484,0.28249,0.40966,0,122.97686674963289
"2026-03-01","575639",,"The Better Home Copper Bottle (Teal Green)","1 pc","Kitchen & Dining Needs","The Better Home",,,899,2999,,19.76376,70.02334111370456,0.032759589607944894,0.0169,0.01567,0.00495,0.03949,899
"2026-03-01","676269",,"Femora Ceramic Japanese Ramen Mandala Print Bowl Set (Blue)","2 pcs","Kitchen & Dining Needs","Femora",,,359.26898043320256,550,,63.49565,34.672971679767386,0.04343665770038414,0.04881,0.01565,0.02264,0.00012,114.06675351315762
"2026-03-01","630878",,"Yellocut Plastic Container Set for Kitchen","3 pcs","Kitchen & Dining Needs","Yellocut",,,499,799,,46.75443,37.546933667083856,0.003565381542069269,0.00383,0.00062,0.0009,0,166.33333333333334
"2026-03-01","603973",,"Speedex School Steel Wall Bottle (Stainless Steel)","1 pc","Kitchen & Dining Needs","Speedex",,,298.2307692307692,549,,4.17657,45.80147388090372,0.004956006276367244,0.00453,0.00694,0.00926,0.00179,291.6027604444825
"2026-03-01","615903",,"Femora Premium Royal Leaves Tea Cup Set of 6 (Ceramic)","6 pcs","Kitchen & Dining Needs","Femora",,,989.493050853444,1492.2925639516131,,78.56007,33.925046806810485,0.12929022792131536,0.14752,0.18374,0.22009,0.10298,163.44930722701127
"2026-03-01","129877",,"Prestige Omega Deluxe Alu Granite NonStick Tawa (Aluminium)","1 unit","Kitchen & Dining Needs","Prestige",,,952.9032044026166,1191.4881108870968,,65.51526,20.226479386776656,0.3567109047318195,0.4916,0.53691,0.77683,0.00396,952.4522726197507
"2026-03-01","615930",,"Femora Glass Kitchen Storage Box","1 pc","Kitchen & Dining Needs","Femora",,,289.2676303292947,360,,63.22706,19.715844005533288,0.0168427580578035,0.02343,0.00208,0.00301,0,288.8212134240621
"2026-03-01","439645",,"Acroware Melamine 8"" Swiss Platter (White)","1 pc","Kitchen & Dining Needs","acroware",,,248.26612903225808,255,,12.57023,2.6407337128399746,0.00010563946161130229,0.00018,0.00019,0.00028,0,253.83053221288515
"2026-03-01","426378",,"Vinod Platinum with Lid Kadai with Lid (Stainless Steel)","1 set","Kitchen & Dining Needs","Vinod",,,2408.6124985809683,3477.3526320207243,,36.19959,30.735420930111825,0.020871049590109728,0.02487,0.00631,0.00914,0,2412.5120742209583
"2026-03-01","521006",,"Vinayak Stainless Steel Ladle (Stainless Steel)","1 pc","Kitchen & Dining Needs","Vinayak",,,129,159,,27.06281,18.867924528301888,0.013047346144212338,0.01822,0.01337,0.01938,0,129
"2026-03-01","562430",,"Wonderchef Pre-Seasoned Ferro Light Grill Pan (Iron)","1 pc","Kitchen & Dining Needs","Wonderchef",,,1456.4967689771622,2380,,56.80673,38.871292533578405,0.04750500008208491,0.04984,0.10388,0.13722,0.02984,1448.3578910989945
"2026-03-01","535288",,"Bulfyss Anti-Slip Kitchen Shelf Liner","1 pack","Kitchen & Dining Needs","Bulfyss",,,358.9930689256835,999,,50.74978,64.06579810953932,0.3345119994225027,0.20693,0.01181,0.01712,0,358.98231402565943
"2026-03-01","400577",,"Walton Milk Mug (Bone China)","1 pc","Kitchen & Dining Needs","Walton",,,397,399,,1.12584,0.5012531328320802,0,0,,,,397
"2026-03-01","541882",,"Agaro Classic Portable 1.2 ltrs Yogurt Maker (White)","1 unit","Kitchen & Dining Needs","Agaro",,,692.9267619198984,1295,,35.45284,46.58894565332672,0.040253720304324545,0.03691,0.00122,0.00176,0,689.8085403634849
"2026-03-01","707744",,"ReeQ Plastic Floral Printed Tray Set (White)","3 pcs","Kitchen & Dining Needs","ReeQ",,,399,1499,,33.49271,73.3822548365577,0.0011488399752870439,0.00053,,,,133
"2026-03-01","572962",,"Vesta Homes Zgodan Acacia Wood Sofa Armrest Tray (Brown)","1 pc","Kitchen & Dining Needs","Vesta Homes",,,689,2190.142609516129,,70.21442,68.55903571834494,0.08354710230996827,0.04513,0.00023,0.00034,0,689.0000000000001
"2026-03-01","588426",,"Nike Fuel Jug Plastic Bottle","1 pc","Kitchen & Dining Needs","Nike",,,2588.7196299483994,2599,,20.99895,0.3955509831320042,0.005629569697686883,0.0096,0.00707,0.01025,0,2581.15718861576
"2026-03-01","577453",,"Glasafe Glass Fresh Grip Lunch Box with Protective Silicone Sleeve","1 pc","Kitchen & Dining Needs","Glasafe",,,,,,0,,0,0,,,,
"2026-03-01","553672",,"Hazel Round Springform Cake Mould (Aluminium)","1 pc","Kitchen & Dining Needs","Hazel",,,261.45492528371074,749,,21.12044,65.1638578429831,0.04462238520021272,0.02676,0.01674,0.02427,0,260.71893443141556
"2026-03-01","470872",,"Vahdam Ardour Stainless Steel Tumbler with Lid","1 pc","Kitchen & Dining Needs","Vahdam",,,1199,1199,,6.55643,0,0.0003022852776296347,0.00052,0.00098,0.00142,0,1199
"2026-03-01","596291",,"FunBlast Kids Kids Bottle (Polypropylene)","1 pc","Kitchen & Dining Needs","FunBlast",,,663,999,,27.27924,33.633633633633636,0.005361236410383181,0.00612,0.00312,0.00452,0,663
"2026-03-01","542070",,"Milton Steel Deluxe Mini Lunch Box","1 pc","Kitchen & Dining Needs","Milton",,,509,690,,29.47786,26.23188405797103,0.003344526357265271,0.00425,0.01744,0.00133,0.05322,509.00000000000017
"2026-03-01","524360",,"Mad Over Print Things Workout I Don't Mug (Ceramic)","1 pc","Kitchen & Dining Needs","Mad Over Print",,,130.25219755334572,494.12374862903226,,84.36648,73.64760970928997,0.944896639767014,0.42834,0.61437,0.89095,0,130.21550274781683
"2026-03-01","722651",,"GKD Wood Armrest Foldable Tray (Brown)","1 pc","Kitchen & Dining Needs","GKD",,,310.041129032258,999,,51.00791,68.97351783743794,0.004860721434992298,0.00257,0,0,0,306.86380346770903
"2026-03-01","588077",,"The Indus Valley Kadai with Steel Lid (Steel)","1 unit","Kitchen & Dining Needs","The Indus Valley",,,967.951131048387,1639.966061370968,,33.89609,40.983582318010605,0.02696634443652653,0.02743,0.00381,0.00489,0.0014,968.323873769052
"2026-03-01","599323",,"Avias Idli Maker (Stainless Steel)","1 pc","Kitchen & Dining Needs","Avias",,,1956,2655,,22.18993,26.327683615819208,0.0010759246006125914,0.00139,0.00135,0.00196,0,1955.9999999999998
"2026-03-01","609607",,"Solara Cast Iron Pre Seasoned Kadai (Cast Iron)","1 unit","Kitchen & Dining Needs","Solara",,,1182.9021239425585,2499,,36.30494,52.878222985341125,0.04825995311589867,0.03856,0.00794,0.00472,0.01509,1154.615810805144
"2026-03-01","548894",,"Nayasa Plastic Boxy Serving Tray (Pink)","1 pc","Kitchen & Dining Needs","Nayasa",,,244.62873183092913,275,,65.02831,12.553683892562612,0.039043561859158894,0.0588,0.00577,0.00216,0.01377,239.9491558542992
"2026-03-01","569758",,"ExclusiveLane Unique Half Cup Set (Ceramic)","2 pcs","Kitchen & Dining Needs","ExclusiveLane",,,399,985,,9.92292,59.49238578680203,0.0010201455445193147,0.00071,0.00066,0.00074,0.00049,199.50000000000003
"2026-03-01","537877",,"Mad Over Print Pineapple Slogan Coffee Mug (Ceramic)","1 pc","Kitchen & Dining Needs","Mad Over Print",,,499,499,,3.34377,0,0.00002953164465242478,0.00005,,,,499
"2026-03-01","631452",,"Vesta Homes Belan with Stand (Wood)","1 pc","Kitchen & Dining Needs","Vesta Homes",,,299,1299,,45.02773,76.98229407236336,0.08799183791584476,0.03487,0.01654,0.02399,0,299.0000000000001
"2026-03-01","542126",,"Ocean Madison Wine Glass","2 pcs","Kitchen & Dining Needs","O'cean",,,599,635.0602696774193,,57.93886,5.683111048804927,0.038587874589825814,0.06266,0.04413,0.064,0,299.5
"2026-03-01","601215",,"Umai Stainless Steel Double Wall Insulated Casserole (Multicolour)","1 pc","Kitchen & Dining Needs","Umai",,,1299,1900,,1.71519,31.63157894736842,0.0010682308519916433,0.00126,,,,1298.9999999999998
"2026-03-01","580461",,"The Better Home Glass Jar Set","6 pcs","Kitchen & Dining Needs","The Better Home",,,2199,6799,,27.74928,67.65700838358582,0.022092404752934298,0.0123,0.00173,0.00015,0.00525,366.50000000000006
"2026-03-01","626094",,"Nestroots Wood Canister Set For Tea, Coffee & Sugar","3 pcs","Kitchen & Dining Needs","Nestroots",,,1199,3390,,3.07826,64.63126843657817,0.0007342919081210487,0.00045,0.00001,0.00002,0,1199
"2026-03-01","476118",,"Vinayak Potato Masher (Stainless Steel)","1 pc","Kitchen & Dining Needs","Vinayak",,,139,199,,3.78347,30.15075376884423,0.003959752472067506,0.00476,0.00166,0.00241,0,138.99999999999997
"2026-03-01","736777",,"CutTales Stainless Steel Cutlery Set","12 pcs","Kitchen & Dining Needs","CutTales",,,299,1499,,73.34754,80.0533689126084,0.05101278414895868,0.01752,0.01849,0.00555,0.04725,2491.666666666667
"2026-03-01","571240",,"House of Quirk Mug Tumbler with Handle (Black)","1 pc","Kitchen & Dining Needs","House of Quirk",,,1499,1999,,38.22496,25.012506253126556,0.006912521721441836,0.00892,0.00243,0.00352,0,1499.0000000000002
"2026-03-01","618269",,"Metalux Cookware Set with Common Lid (Stainless Steel)","3 pcs","Kitchen & Dining Needs","Metalux",,,1828,4250,,7.14286,56.98823529411764,0,0,,,,609.3333333333333
"2026-03-01","528936",,"Fackelmann Quartz Non Stick Kadai with Glass Lid (24 cm) (Aluminium)","1 pc","Kitchen & Dining Needs","Fackelmann",,,1150.8458152939693,2110.978289435484,,39.28294,51.958495452107016,0.10448044491618315,0.07679,0.01053,0.01527,0,893.9875290429553
"2026-03-01","566631",,"Cello Nomad Anti-Slip Diamond Grip Thermal Bottle","350 ml","Kitchen & Dining Needs","Cello",,,944.378595347806,1599,,57.40733,40.920008581532834,0.048214584429270235,0.04961,0.07138,0.0559,0.10576,271.562949522145
"2026-03-01","566882",,"Schott Zwiesel Vina After Work Crystal Glass Set (Tritan)","9 pcs","Kitchen & Dining Needs","schott zwiesel",,,2921.8269032258067,4500,,60.22587,35.07051326164874,0.00213054376358929,0.00238,0.05301,0.07688,0,2923.5239852367913
"2026-03-01","614912",,"Femora Wood Mango Wooden Round Tray","1 pc","Kitchen & Dining Needs","Femora",,,598.9961314679293,820,,66.43992,26.955261414492433,0.06327299947935043,0.07956,0.00626,0.00907,0,598.9578741798418
"2026-03-01","498611",,"Solara Motivational Plastic Sipper Bottle with Flap Cap","1 pc","Kitchen & Dining Needs","Solara",,,494.1985073924731,1499,,36.44957,67.03034042116319,0.019536253091956907,0.01109,0.00771,0.00525,0.01319,494.5825125646315
"2026-03-01","438728",,"Havells Insta Cook RT Induction Cooktop (1400 W)","1 unit","Kitchen & Dining Needs","Havells",,,2442.294423076923,5295,,2.36007,53.87545943197501,0.004790045794449319,0.0038,,,,2435.1559886527975
"2026-03-01","595260",,"FunBlast Stainless Steel Straw Set","5 pcs","Kitchen & Dining Needs","FunBlast",,,249,499,,56.8932,50.1002004008016,0.015464009151989087,0.01328,0.18281,0.26511,0,49.8
"2026-03-01","718637",,"CutTales Stainless Steel 6 Section Dinner Plate Set (Silver)","2 pcs","Kitchen & Dining Needs","CutTales",,,599,1499,,62.30704,60.04002668445631,0.0053208120056487795,0.00366,0.00153,0.00223,0,299.5
"2026-03-01","734677",,"Exclusivish Stainless Steel Cutlery Set","12 pcs","Kitchen & Dining Needs","EXCLUSIVISH",,,799,1999,,54.65008,60.03001500750375,0.00685869477607195,0.00472,0.02223,0.00082,0.06977,6658.333333333334
"2026-03-01","597978",,"Borosil Cascade Cut Design Glass Set","6 pcs","Kitchen & Dining Needs","Borosil",,,577.3466613121179,749.9954128629033,,56.57603,22.648809322173193,0.05794766521701812,0.07614,0.03865,0.02663,0.06536,96.68626119473421
"2026-03-01","488692",,"Wingz Modak Mould Set (Plastic)","5 pcs","Kitchen & Dining Needs","Wingz",,,499,499,,57.85165,0,0.00048727275817360654,0.00084,0.00017,0.00024,0,99.8
"2026-03-01","578942",,"The Better Home Copper Bottle (Foliage)","1 pc","Kitchen & Dining Needs","The Better Home",,,999,2999,,5.56644,66.68889629876625,0.0018889598083280774,0.00108,,,,999.0000000000001
"2026-03-01","606499",,"Mecturing Smart Mixer Grinder (800 W, Black)","1 set","Kitchen & Dining Needs","mecturing",,,5999,9999,,1.58611,40.004000400040006,0,0,,,,5999
"2026-03-01","591224",,"The Better Home Leaf Designed Thermal Bottle","1 pc","Kitchen & Dining Needs","The Better Home",,,999,2835,,13.3006,64.76190476190476,0.00016778032138265657,0.0001,,,,999
"2026-03-01","533964",,"Green Cow Pichwai Serving Tray Set (Blue, Golden) - Amaya Decors","2 pcs","Kitchen & Dining Needs","Amaya Decors",,,1200.3625998083373,1499,,45.73173,19.933385092222796,0.010742832474516536,0.01479,0.01239,0.01797,0,1197.139549540068
"2026-03-01","545406",,"Milton Prime Plastic Bottle Set","1 ltr","Kitchen & Dining Needs","Milton",,,472.5679292104001,799,,42.47702,40.88239948283007,0.15460120448002715,0.15866,0.12003,0.10098,0.16234,94.55689747272523
"2026-03-01","603094",,"Cutting Edge Borosilicate Glass Bottle with Black Sleeve","1 pc","Kitchen & Dining Needs","Cutting Edge",,,355,650,,54.81753,45.38461538461539,0.03883034289829423,0.03651,0.16358,0.02092,0.48047,354.9999999999999
"2026-03-01","512994",,"Ocean Glass Divano Pitcher Water Jug (Transparent)","1 pc","Kitchen & Dining Needs","O'cean",,,781.8100460829493,820,,18.01542,4.65940413866141,0.0032994815132888987,0.00542,0.00029,0.00042,0,781.6421304093159
"2026-03-01","603158",,"New Dawn Egg Carrier Set (Plastic)","1 pc","Kitchen & Dining Needs","New Dawn",,,599,1000,,23.5928,40.1,0.0010948621164005685,0.00113,,,,599
"2026-03-01","563573",,"House of Quirk Double Insulated Tumbler (Sunshine Yellow)","1 pc","Kitchen & Dining Needs","House of Quirk",,,1199,1999,,1.54613,40.020010005002504,0,0,,,,1199
"2026-03-01","546648",,"Kent Bread & Atta Maker (2 Pounds, 550 W)","1 unit","Kitchen & Dining Needs","Kent",,,6867.645716845878,10000,,44.79562,31.32354283154122,0.0059832768918679415,0.0071,0.00004,0.00006,0,6877.785235297533
"2026-03-01","552719",,"Femora Gold Line Coffee Mug (Ceramic)","2 pcs","Kitchen & Dining Needs","Femora",,,343.08756244672804,600,,45.3869,42.50113435560395,0.032051900024346644,0.03234,0.06992,0.04261,0.13058,174.94749939259978
"2026-03-01","605499",,"Cutting EDGE Cooking Spatula Set (Color May Vary)","2 pcs","Kitchen & Dining Needs","Cutting Edge",,,235,500,,60.31346,53,0.04877221466678479,0.03946,0.03204,0.04169,0.01063,235.00000000000003
"2026-03-01","595092",,"ExclusiveLane Ceramic Handcrafted Multicolour Dinner Set (Multicolour)","1 set","Kitchen & Dining Needs","ExclusiveLane",,,2699,5175,,0.71924,47.84541062801932,0.00030626566601596044,0.00027,0,0,0,2699
"2026-03-01","654227",,"New Dawn Glass Tea Pot with Removable Filter","1 pc","Kitchen & Dining Needs","New Dawn",,,499,1000,,5.4975,50.1,0.00017754513608712717,0.00015,0.00003,0.00005,0,499.00000000000006
"2026-03-01","729501",,"Chumbak Wood Hamsa Platter with Dip Bowl (Brown)","1 set","Kitchen & Dining Needs","Chumbak",,,984.4191449819223,1999,,36.93273,50.776396189230084,0.04162694435506934,0.03511,0.00399,0.00579,0,982.3479306057804
"2026-03-01","603361",,"The Better Home Glass Container Set","3 pcs","Kitchen & Dining Needs","The Better Home",,,1449,5199,,45.80726,72.12925562608194,0.04475293284896415,0.02147,0.00151,0.00219,0,483.00000000000006
"2026-03-01","612369",,"Yellocut Manual Vegetable Chopper (450 ml)","1 pc","Kitchen & Dining Needs","Yellocut",,,195,399,,44.204,51.127819548872175,0.02424920267468636,0.0204,0.02022,0.02932,0,195
"2026-03-01","595080",,"ExclusiveLane Ceramic Chutney and Dip Bowl Set (Multicolour)","2 pcs","Kitchen & Dining Needs","ExclusiveLane",,,449,749,,2.00592,40.053404539385845,0.00011081792577401969,0.00011,,,,449
"2026-03-01","547249",,"Cello Plastic Checkers Container Set","18 pcs","Kitchen & Dining Needs","Cello",,,578.9489463841387,1257.6290322580646,,56.12755,53.975085103605764,0.3914820287694445,0.31014,0.31299,0.40783,0.1023,578.9093884608727
"2026-03-01","612575",,"Lifelong Stainless Steel Wall Bottle","1 pc","Kitchen & Dining Needs","Lifelong",,,310.08667767951863,649,,70.32539,52.22774341380952,0.2556243212218365,0.20992,0.2741,0.39749,0,310.0393558651022
"2026-03-01","665833",,"Cello Opalware Dazzle Tree of Life Dinner Set (White)","18 pcs","Kitchen & Dining Needs","Cello",,,1390.7642834101857,2099,,59.84871,33.61918449856626,0.18501829637387776,0.21187,0.0747,0.10076,0.01681,1395.441490182765
"2026-03-01","499182",,"Zenker Steel Cake Server (Grey)","1 pc","Kitchen & Dining Needs","Zenker",,,239,249,,29.36349,4.016064257028116,0.0016324766054374583,0.0027,0.0013,0.00189,0,238.99999999999997
"2026-03-01","211001",,"Ocean Munich Beer Mug Set (Glass)","6 pcs","Kitchen & Dining Needs","O'cean",,,1249,1329,,19.87552,6.019563581640339,0.0021629457833272103,0.0035,,,,208.16666666666666
"2026-03-01","599319",,"Avias Deep Frying Kadai (Iron)","1 unit","Kitchen & Dining Needs","Avias",,,1959,2590,,5.68579,24.362934362934364,0,0,,,,1959
"2026-03-01","573018",,"Vesta Homes Wood Romper Large Serving Tray (Brown)","1 pc","Kitchen & Dining Needs","Vesta Homes",,,799,1799,,68.70123,55.586436909394116,0.04426383599023829,0.03384,0.01726,0.01771,0.01625,798.9999999999999
"2026-03-01","548891",,"Nayasa Smart Butter Dish with Lid (Plastic)","1 pc","Kitchen & Dining Needs","Nayasa",,,448.56310783911835,545,,47.71445,17.74625786339227,0.01663222109644657,0.02357,0.00206,0.00227,0.00158,447.490190277145
"2026-03-01","692805",,"House This Resin Coaster Set (Multicolour)","4 pcs","Kitchen & Dining Needs","House This",,,999,2499,,3.28133,60.024009603841534,0.0006655286081512044,0.00046,,,,999
"2026-03-01","557991",,"Mad Over Print Best Sister Ever Printed Mug (Ceramic)","1 pc","Kitchen & Dining Needs","Mad Over Print",,,289,499,,1.4773,42.08416833667334,0.00004429755575129398,0.00004,,,,289
"2026-03-01","503509",,"Borosil Neo Glass Bottle with Husk Lid","1 pc","Kitchen & Dining Needs","Borosil",,,289.0049028052424,355.24599068548395,,64.18944,18.647361750442464,0.06347058593044039,0.08894,0.09354,0.10807,0.06124,28901.606922057064
"2026-03-01","607858",,"Cutting EDGE Silica Glass Storage Jar Set (310 ml)","6 pcs","Kitchen & Dining Needs","Cutting Edge",,,699,1200,,59.50185,41.74999999999999,0.09667497555154111,0.09694,0.0822,0.03578,0.18531,116.5
"2026-03-01","605585",,"Bombay Kookware Smart Tawa (Aluminium)","1 unit","Kitchen & Dining Needs","Bombay Kookware",,,649,1000,,0.70583,35.1,0.00017754513608712717,0.0002,,,,649
"2026-03-01","627003",,"Borosil Square Dish (Borosilicate Glass)","1 pc","Kitchen & Dining Needs","Borosil",,,809.0364122802573,875,,61.87771,7.537477980241088,0.050671529983075794,0.08066,0.00374,0.00542,0,809.0523143169742
"2026-03-01","553648",,"Hazel Stainless Steel Pallet Knife (10"") (Steel)","1 pc","Kitchen & Dining Needs","Hazel",,,151.52164191976001,349,,0.83526,56.56770068330315,0.0012614981582368637,0.00094,0.00012,0.00017,0,152.5312884471016
"2026-03-01","753288",,"Parage Stainless Steel Rose Gold Spoon Set","6 pcs","Kitchen & Dining Needs","Parage",,,418.35483870967744,999,,23.64833,58.17335660267597,0.0018540844048259438,0.00131,0.00422,0.00028,0.01297,408.7462149321786
"2026-03-01","752117",,"Gluman Polypropylene Lightweight Serving Tray (Brown)","1 pc","Kitchen & Dining Needs","Gluman",,,169,169,,15.31702,0,0.000045007737005823745,0.00008,0.00001,0.00002,0,169
"2026-03-01","721149",,"Parage Stainless Steel Spoon Set & Fork Set","6 pcs","Kitchen & Dining Needs","Parage",,,299,499,,75.49607,40.08016032064128,0.04178632536275468,0.0431,0.12688,0.05148,0.29436,49.833333333333336
"2026-03-01","188776",,"Fackelmann Bamboo Solid Rice Spoon","1 pc","Kitchen & Dining Needs","Fackelmann",,,153.2405715022108,237.16039221238933,,75.96739,35.86661787922109,0.03355646162294322,0.03666,0.0313,0.04539,0,153.43086508316273
"2026-03-01","624960",,"Parage Stainless Steel Dinner Fork Set","12 pcs","Kitchen & Dining Needs","Parage",,,319,410,,47.39923,22.195121951219495,0.019857379478269224,0.0266,0.01716,0.00436,0.04558,318.9999999999999
"2026-03-01","586802",,"The Better Home Insulated Thermal Bottle","1 pc","Kitchen & Dining Needs","The Better Home",,,899,2450,,43.77895,63.30612244897959,0.01266468965400757,0.008,0.00036,0.00053,0,899
"2026-03-01","735152",,"ReeQ Plastic Cake Stand (White)","1 pc","Kitchen & Dining Needs","ReeQ",,,499,1499,,44.81368,66.711140760507,0.004881902235818022,0.0028,0.00205,0.00298,0,499
"2026-03-01","735414",,"Habere India Cane Decorative Serving Tray (Multicolor)","1 pc","Kitchen & Dining Needs","Habere India",,,1399,2799,,42.96935,50.017863522686675,0.005362083301529208,0.00461,0.00434,0.00125,0.0112,139900
"2026-03-01","427659",,"Prestige PIC 20 Induction Cooktop (1600 W)","1 unit","Kitchen & Dining Needs","Prestige",,,2483.8908252837414,3610.776636170213,,3.36947,30.6351806456906,0.011905992367074604,0.01403,0.00064,0.00085,0.00018,2542.717133453301
"2026-03-01","566345",,"Judge by Prestige 3 ltr ACE Pressure Cooker (Stainless Steel)","1 unit","Kitchen & Dining Needs","Judge",,,1003.5342741128528,2036.4890159134616,,21.02035,50.74178233543122,0.16899852351825634,0.14321,0.03323,0.03125,0.03764,1001.6874681446142
"2026-03-01","540813",,"Vinayak Stainless Steel Measuring Spoon & Cups Set (Silver)","8 pcs","Kitchen & Dining Needs","Vinayak",,,300.1212087226763,599,,2.79361,49.88752603929747,0.0023375839699942337,0.00201,0.00116,0.00168,0,37.58790404606434
"2026-03-01","650396",,"Larah by Borosil Opalware 10"" Dark Forest Plate Set (White)","1 set (2 pieces)","Kitchen & Dining Needs","Larah",,,258.7596960914526,325,,68.2494,20.526773881454332,0.13101522853850078,0.17966,0.11491,0.16664,0,258.28450757364067
"2026-03-01","620545",,"Sizzle Stainless Steel Wall Bottle","2 pcs","Kitchen & Dining Needs","Sizzle",,,540,608.2946428571429,,52.24781,11.243331845633215,0.003140528744900047,0.0048,0.03608,0.0066,0.10158,27000
"2026-03-01","576210",,"Cutting EDGE Packet Sealer Clip Set (Plastic)","18 pcs","Kitchen & Dining Needs","Cutting Edge",,,129.00071729957804,240,,64.68277,46.24983510243046,0.14281179244942585,0.13214,0.11432,0.16576,0.00007,7.166688781584353
"2026-03-01","559005",,"Chumbak S Alphabet Mug (Ceramic)","1 pc","Kitchen & Dining Needs","Chumbak",,,637.3785701305048,695,,68.30592,8.664196840170213,0.16771249889530368,0.26165,0.34441,0.44649,0.11767,634.7462961282204
"2026-03-01","571579",,"House of Quirk Coffemate Insulated Tumbler (Red)","1 pc","Kitchen & Dining Needs","House of Quirk",,,1149,1499,,11.77219,23.34889926617745,0.001885162469160107,0.00249,0.00009,0.00014,0,1148.9999999999998
"2026-03-01","188778",,"Fackelmann Multipurpose Lighter (Plastic)","1 pc","Kitchen & Dining Needs","Fackelmann",,,229,499,,0.18942,54.10821643286573,0.00002953164465242478,0.00002,,,,229
"2026-03-01","578067",,"Oliveware Stainless Steel Container Set","2 pcs","Kitchen & Dining Needs","Oliveware",,,399,900,,70.74944,55.666666666666664,0.032315620506856865,0.02466,0.00246,0.00357,0,199.50000000000003
"2026-03-01","559722",,"Picfest Round Tissue Paper Holder (Steel)","1 pc","Kitchen & Dining Needs","Picfest",,,152.73104042285212,199,,56.87472,23.693864079113496,0.007727767545857362,0.01011,0.00045,0.00066,0,151.57559608205887
"2026-03-01","603898",,"Pasabahce Enoteca Red Wine Glass Set","2 pcs","Kitchen & Dining Needs","Pasabahce",,,799,950,,11.60212,15.894736842105264,0.0003092249913035859,0.00045,,,,399.49999999999994
"2026-03-01","498787",,"Sashaa World Jute Jute Placemat (Natural)","4 pcs","Kitchen & Dining Needs","sashaa world",,,1051,1499,,2.12349,29.886591060707136,0,0,0,0,0,262.75
"2026-03-01","607616",,"House of Quirk Travel Mug (Oat)","1 pc","Kitchen & Dining Needs","House of Quirk",,,1599,1999,,70.7331,20.010005002501252,0.00836115885433327,0.01151,0.00307,0.00445,0,1599.0000000000002
"2026-03-01","623635",,"Oliveware Stainless Steel Falcon Lunch Box With Bag","4 pcs","Kitchen & Dining Needs","Oliveware",,,699,999,,65.71672,30.03003003003003,0.009152593011465667,0.01102,0.00444,0.00644,0,698.9999999999998
"2026-03-01","716554",,"The Earth Store Ceramic Bowl (Green)","2 pcs","Kitchen & Dining Needs","The Earth Store",,,498,1099,,42.99383,54.68607825295724,0.10574132397391137,0.08248,0.14564,0.02123,0.42199,249.00000000000009
"2026-03-01","599616",,"KoolTech Best Cat Mom Mug (Ceramic)","1 pc","Kitchen & Dining Needs","kooltech",,,349,999,,0.08699,65.06506506506507,0.00005912258943960279,0.00004,,,,349
"2026-03-01","595261",,"Speedex Double Wall Vacuum Insulated Thermal Bottle","1 pc","Kitchen & Dining Needs","Speedex",,,749.2222222222222,869,,21.46328,14.044344616792019,0.013332527771598506,0.01915,0.00254,0.00068,0.00667,724.9738586606956
"2026-03-01","538648",,"Nayasa Smart Plastic Water Bottle","1 pc","Kitchen & Dining Needs","Nayasa",,,274.74532915723034,330.93316951612906,,71.54112,17.51764589661419,0.00784242826239964,0.01097,0.06108,0.02317,0.1453,269.2168117118284
"2026-03-01","599620",,"KoolTech Printed BTS Mug (Ceramic)","1 pc","Kitchen & Dining Needs","kooltech",,,349,999,,1.34841,65.06506506506507,0,0,,,,349
"2026-03-01","540995",,"Skip Hop Zoo Plastic Sipper Bottle","1 unit","Kitchen & Dining Needs","Skip Hop",,,799,799,,31.32631,0,0.002799106798695786,0.00482,0.00193,0.00273,0.00014,799
"2026-03-01","614987",,"Femora Jackson Tea Cup Set (Ceramic)","6 pcs","Kitchen & Dining Needs","Femora",,,499.4271285823505,750,,72.69358,33.40757325895341,0.053509162872012635,0.06131,0.15885,0.19722,0.07362,83.24302800377515
"2026-03-01","627380",,"House of Quirk Under Sliding Cabinet Basket Organizer (Plastic)","1 pc","Kitchen & Dining Needs","House of Quirk",,,1099,2499,,37.89654,56.02240896358543,0.006843535602103385,0.00518,0.0007,0.00101,0,1099
"2026-03-01","707393",,"Cello Opalware Kids 7-Piece Dinner Set (Multicolour)","7 pcs","Kitchen & Dining Needs","Cello",,,1181.4633431085042,1299,,47.72512,9.048241485103597,0.0011147182516412796,0.00184,0.00009,0.00013,0,1247.6069033544738
"2026-03-01","697266",,"Judge by Prestige Stainless Steel Pan Spoon - M","1 pc","Kitchen & Dining Needs","Judge",,,147.06247527770307,160,,63.43134,8.015516137233625,0.022325810971049607,0.03565,0.04849,0.0655,0.01071,147.1884126292765
"2026-03-01","498608",,"Solara Motivational Plastic Sipper Bottle with Flap Lid","1 pc","Kitchen & Dining Needs","Solara",,,551.2182348698434,1499,,41.96367,63.35912534252527,0.03401663883571276,0.02166,0.00667,0.0082,0.00326,550.0697452876764
"2026-03-01","621881",,"ExclusiveLane Ceramic Pickel Jar Set","2 pcs","Kitchen & Dining Needs","ExclusiveLane",,,649,1125,,16.98423,42.31111111111112,0.002028677139892677,0.00201,0.00096,0.00127,0.00027,324.5
"2026-03-01","709381",,"Parage Stainless Steel Heavy Gauge Dinner Set (Silver)","1 set","Kitchen & Dining Needs","Parage",,,1699,2999,,66.36197,43.34778259419807,0.022666248783580405,0.0221,0.05083,0.00791,0.14615,1698.9999999999995
"2026-03-01","615281",,"Cutting Edge Baking Mat with Basting Brush (Silicone)","2 pcs","Kitchen & Dining Needs","Cutting Edge",,,269,595,,54.7844,54.789915966386545,0.052532958727345466,0.04088,0.16642,0.21491,0.05872,269
"2026-03-01","545157",,"Aravi Pop Up Ice Tray (Plastic)","1 pc","Kitchen & Dining Needs","Aravi",,,149.01309255488178,200,,78.03581,25.47395278989811,0.11203741138469171,0.14367,0.84157,1.22043,0,149.0521547117215
"2026-03-01","675371",,"Parage Stainless Steel 5 Compartments Plate Set (Silver)","2 pcs","Kitchen & Dining Needs","Parage",,,549,1199,,43.65502,54.21184320266889,0.06927417613464819,0.0546,0.10663,0.00524,0.33187,274.49999999999994
"2026-03-01","604096",,"New Dawn Silicone Reusable Straw","4 pcs","Kitchen & Dining Needs","New Dawn",,,598,1200,,52.34088,50.16666666666668,0.022114495295947077,0.01897,0.09527,0.13815,0,149.49999999999997
"2026-03-01","718627",,"Habere India Bamboo Round Serving Tray (Beige)","1 pc","Kitchen & Dining Needs","Habere India",,,999,1799,,62.0674,44.46914952751529,0.004690448199860929,0.00448,0.00592,0.00257,0.01337,999
"2026-03-01","622080",,"Thermador 4 Burners Manual Ignition Gas Stove","1 unit","Kitchen & Dining Needs","Thermador",,,3299,10000,,4.21119,67.01,0.01427760183115461,0.00811,0.00017,0.00024,0,3299.0000000000005
"2026-03-01","626427",,"House of Quirk Insulated Lunch Bag (5 ltrs, Multicolour)","1 pc","Kitchen & Dining Needs","House of Quirk",,,449,999,,69.89033,55.05505505505508,0.05924398143162082,0.04584,0.04028,0.02792,0.06773,449.00000000000006
"2026-03-01","595363",,"WonderStand 3-Tier Step Countertop Home Organizer","1 pc","Kitchen & Dining Needs","WonderStand",,,559,600.1402428282828,,42.74227,7.245572357943021,0.05464770877001526,0.08698,0.02382,0.03454,0,559.0000000000002
"2026-03-01","581891",,"Mad Over Print MDF Lemon & Peach Coaster Set (Pink, Yellow)","2 pcs","Kitchen & Dining Needs","Mad Over Print",,,119,149,,2.10501,20.13422818791946,0.000008818143092182439,0.00001,,,,59.5
"2026-03-01","754379",,"Cpensus Silicone Collapsible Ice Face Bowl (Black)","1 pc","Kitchen & Dining Needs","Cpensus",,,499,799,,19.06686,37.54693366708385,0.003763983729898517,0.00405,0,0,0,499
"2026-03-01","596321",,"Kuber Industries Kitchen Dry Placemat (Microfiber)","1 pc","Kitchen & Dining Needs","Kuber Industries",,,299,699,,1.70022,57.22460658082976,0.00018615626134361421,0.00014,,,,299
"2026-03-01","574408",,"Vesta Homes Evo Chopping Board (Wood)","1 pc","Kitchen & Dining Needs","Vesta Homes",,,481.54695282898103,999,,68.77824,51.773437534220506,0.043081425036868355,0.0357,0.01709,0.02189,0.00643,480.6818619209909
"2026-03-01","687274",,"Habere India Cane Serving Tray (Multicolour)","1 pc","Kitchen & Dining Needs","Habere India",,,1499,3199,,11.84782,53.141606752110036,0.0005679672807648647,0.00046,0.0002,0.00006,0.0005,1499
"2026-03-01","622106",,"ExclusiveLane Deer & Floral Tea Cup Set (Ceramic)","6 pcs","Kitchen & Dining Needs","ExclusiveLane",,,849,1825,,50.24318,53.47945205479452,0.02931957991364403,0.02348,0.07606,0.0782,0.07129,141.50000000000003
"2026-03-01","566380",,"The Indus Valley Small Fry Pan (Iron)","1 pc","Kitchen & Dining Needs","The Indus Valley",,,485.3650853254608,779,,58.90877,37.73116713972567,0.11957876718149915,0.12819,0.26736,0.35991,0.06177,121.26332197876698
"2026-03-01","582237",,"Homestrap Anti Slip Shelf Liner Mat (EVA)","1 pc","Kitchen & Dining Needs","Homestrap",,,508.45552836063746,802.8472203225806,,65.59101,36.56034475871902,0.19781991003903057,0.21623,0.01028,0.0149,0,509.3120170769641
"2026-03-01","553259",,"Judge by Prestige Stainless Steel Casserole With Lid (Silver)","1 pc","Kitchen & Dining Needs","Judge",,,849.2115855105845,1164.2491893548383,,63.36715,27.108768754365872,0.038809421136081095,0.04898,0.01836,0.02101,0.01246,851.5448684391727
"2026-03-01","587124",,"The Better Home Insulated Thermosteel Rustproof Thermal Bottle with Lid","1 pc","Kitchen & Dining Needs","The Better Home",,,1399,4999,,52.39423,72.01440288057613,0.06497266384764457,0.0313,0.00924,0.01326,0.00033,1399
"2026-03-01","544914",,"Nayasa Plastic See Saw Oil Dispenser","1 pc","Kitchen & Dining Needs","Nayasa",,,200.73898942275193,255,,50.9897,22.287544462558387,0.02549233607831702,0.0339,0.01107,0.01606,0,197.04405377095722
"2026-03-01","701243",,"Tied Ribbons Ceramic Marble Coaster Set With Holder (Multicolour)","6 pcs","Kitchen & Dining Needs","Tied Ribbons",,,528.0322580645161,1699,,18.42647,68.92099717101141,0.001106047471159412,0.00061,0.00017,0.00024,0,89.97551763426786
"2026-03-01","558916",,"Melii Reusable Animal Snack Zip Lock Bag (PVA)","4 pcs","Kitchen & Dining Needs","Melii",,,599,599,,12.93411,0,0.0011166779968131548,0.00192,0.00033,0.00019,0.00066,149.74999999999994
"2026-03-01","631690",,"Yellocut H2O Round Unbreakable Plastic Bottle Set","3 pcs","Kitchen & Dining Needs","Yellocut",,,399,499,,1.13887,20.04008016032064,0,0,,,,133
"2026-03-01","566950",,"The Artment Floral Design Knife (Stainless Steel)","1 pc","Kitchen & Dining Needs","The Artment",,,249,399,,0.36264,37.59398496240601,0.0008687416477754871,0.00093,0.00004,0.00006,0,249.00000000000006
"2026-03-01","732357",,"ExclusiveLane Wood Serving Bowl (Multicolor With Natural Wood Color)","1 pc","Kitchen & Dining Needs","ExclusiveLane",,,1099,1970,,11.58898,44.213197969543145,0.000466352593868296,0.00045,0.0002,0.00001,0.00061,109899.99999999999
"2026-03-01","521007",,"Vinayak Turner (Stainless Steel)","1 pc","Kitchen & Dining Needs","Vinayak",,,119,149,,17.55634,20.13422818791947,0.008184841621635224,0.01125,0.00201,0.00291,0,119.00000000000003
"2026-03-01","684608",,"Hazel Stainless Steel Lunch/DinnerSet Plate (Silver)","2 pcs","Kitchen & Dining Needs","Hazel",,,498.0709003969137,999,,67.29313,49.97809774553742,0.06323886657034991,0.05474,0.00827,0.012,0,250.45921878153922
"2026-03-01","480969",,"Fackelmann Arcadania Pizza Cutter (Stainless Steel)","1 pc","Kitchen & Dining Needs","Fackelmann",,,227.2905774876772,261.2052046774194,,61.75837,12.679946953320625,0.01851807901060017,0.02798,0.01248,0.0181,0,225.15805377671313
"2026-03-01","697968",,"Unify Stainless Steel 3 Layer Insulated Single Casserole (Silver)","1 pc","Kitchen & Dining Needs","Unify",,,1449,2629,,32.33163,44.88398630658045,0.005463502688580781,0.00518,0.00135,0.00196,0,1449
"2026-03-01","594397",,"Artment 100% Cotton Waffle Weave Kitchen Dish Cloth (Navy Blue)","6 pcs","Kitchen & Dining Needs","The Artment",,,573.9328469223498,699,,31.76306,17.88904047742153,0.004788983185747229,0.00684,0.00157,0.00228,0,96.07764367436098
"2026-03-01","587731",,"Glimpse Homes Cotton Napkins","4 pcs","Kitchen & Dining Needs","glimpse homes",,,1299,1399,,2.87486,7.147962830593281,0,0,,,,1299
"2026-03-01","617805",,"Chumbak MDF Country Wooden Coasters (Multicolour)","6 pcs","Kitchen & Dining Needs","Chumbak",,,528.2272205037983,695,,39.5661,23.691177162623134,0.008091888660409531,0.01074,0.00377,0.00546,0,91.76707359062887
"2026-03-01","401902",,"GHH Anodized Coating Cookware Set (Aluminium)","1 unit","Kitchen & Dining Needs","GHH",,,670,1600,,1.0985,58.125,0,0,,,,670
"2026-03-01","543993",,"Aravi Atta Chalni / Flour Sieve (Steel)","1 pc","Kitchen & Dining Needs","Aravi",,,237.66341643554182,299,,86.78126,20.3460243519852,0.09890814902858501,0.13546,0.03419,0.04958,0,238.23244747774373
"2026-03-01","616435",,"The Better Home Anti Fall Tumbler with Lid","1 pc","Kitchen & Dining Needs","The Better Home",,,799,1857.3762376237623,,0.68241,56.98232895333031,0.0020001383286340846,0.00155,,,,799
"2026-03-01","543158",,"Amaya Decors Aluminium Pineapple Serving Platter (Golden)","1 pc","Kitchen & Dining Needs","Amaya Decors",,,795.7698555343409,1499,,30.77557,47.13852685013105,0.008762897027120686,0.00754,0.00131,0.0019,0,739.4165153208418
"2026-03-01","595068",,"Lynrex Plastic Mini Pull & Chop Chopper (400 ml)","1 pc","Kitchen & Dining Needs","Lynrex",,,149,349,,12.55136,57.306590257879655,0.002635093101141842,0.00194,,,,149
"2026-03-01","598919",,"Kuber Industries LPG Cylinder Trolley (Plastic)","2 pcs","Kitchen & Dining Needs","Kuber Industries",,,359,699,,0.10923,48.640915593705294,0.00004136805807635871,0.00004,,,,179.5
"2026-03-01","129876",,"Prestige Omega DlxAlu Granite NonStick Fry Pan 24 cm (Aluminium)","1 pc","Kitchen & Dining Needs","Prestige",,,918.1813687939474,1233.0372433064517,,69.38776,25.46847550567588,0.29859384743706147,0.38233,0.75515,0.98271,0.24966,920.612027851293
"2026-03-01","524543",,"Prestige Xpress Induction Cooktop - IndianMenu (1200 W)","1 unit","Kitchen & Dining Needs","Prestige",,,1832.7005629794758,2570.9160690441176,,17.19114,29.1811266601538,0.2616993114535503,0.31874,0.07555,0.08454,0.05557,1819.2710282261955
"2026-03-01","572943",,"Vesta Homes Ladle Set (Wood)","6 pcs","Kitchen & Dining Needs","Vesta Homes",,,659,1299,,58.12286,49.26866820631254,0.028814283465411716,0.02516,0.01858,0.02694,0,109.83333333333337
"2026-03-01","603949",,"Oliveware Hydro Plastic Bottle","1 pc","Kitchen & Dining Needs","Oliveware",,,,,,0,,0,0,,,,
"2026-03-01","627099",,"House of Quirk Nylon Lunch Bag (10 ltr, Multicolour)","1 pc","Kitchen & Dining Needs","House of Quirk",,,649,999,,0.89744,35.03503503503504,0.00032517424191781533,0.00036,,,,649
"2026-03-01","572597",,"Metro Living Stainless Steel Hammered Dessert Bowl Set (Golden)","12 pcs","Kitchen & Dining Needs","metro living",,,1509,2287.9605733333333,,7.13655,34.04606628332168,0.0013605886834095198,0.00154,,,,1509
"2026-03-01","659435",,"Parage Stainless Steel Table Spoon Set","12 pcs","Kitchen & Dining Needs","Parage",,,342.55755760368663,410,,50.11108,16.454622771759176,0.02429900768606653,0.03497,0.06417,0.00711,0.19092,342.7417457763553
"2026-03-01","630837",,"ExclusiveLane Wood Storage Air Tight Jar","1 pc","Kitchen & Dining Needs","ExclusiveLane",,,725,1230,,16.5797,41.05691056910569,0.0006565980788754926,0.00067,0.00009,0.00012,0.00002,725
"2026-03-01","188775",,"Fackelmann Bamboo Slotted Spoon (30 x 6 cm)","1 pc","Kitchen & Dining Needs","Fackelmann",,,129.57300347772994,145.3816631854839,,51.13914,10.842619509518551,0.004187598148505154,0.00643,0.00319,0.00463,0,129.59157492895682
"2026-03-01","526326",,"Nayasa Dorino Plastic Bottle","1 pc","Kitchen & Dining Needs","Nayasa",,,123.83676175954857,158.79681625000003,,59.36727,22.568308897162684,0.03680314400068286,0.04901,0.16978,0.07342,0.38382,122.91007235139043
"2026-03-01","500871",,"Homez it Cotton Fridge Bag (Small) (Cotton)","4 pcs","Kitchen & Dining Needs","Homez it",,,179,199,,2.26312,10.050251256281408,0.00004710845315672279,0.00007,0.00001,0.00002,0,4475
"2026-03-01","390244",,"Vinayak Ghee Pot (Stainless Steel)","1 pc","Kitchen & Dining Needs","Vinayak",,,209.0042500471061,299,,42.70394,30.205976551087126,0.014232227107985508,0.01705,0.01215,0.01761,0,208.2474194226893
"2026-03-01","595109",,"Speedex Simplex Steel Wall Bottle","1 pc","Kitchen & Dining Needs","Speedex",,,279,549,,28.50525,49.18032786885246,0.006317533109213998,0.00553,0.0291,0.02261,0.04352,279
"2026-03-01","608547",,"Gluman Flip Lid Plastic Bottle Set","3 pcs","Kitchen & Dining Needs","Gluman",,,299,356.5379156854839,,44.2815,16.12387212867715,0.014668891817325383,0.02115,0.01407,0.02041,0,99.66666666666667
"2026-03-01","697972",,"Unify Stainless Steel Casserole / Hot Pot (Silver)","1 pc","Kitchen & Dining Needs","Unify",,,1469,2269,,16.54934,35.25782282944029,0.0060763251949270585,0.00677,0.00669,0.00131,0.01864,1469
"2026-03-01","597227",,"Gluman Plastic Squeezy Sauce Bottle Set","4 pcs","Kitchen & Dining Needs","Gluman",,,289,316,,34.15487,8.544303797468363,0.014428619389295974,0.02272,0.00064,0.00092,0,72.25000000000001
"2026-03-01","662302",,"HAZEL Stainless Steel Snack Plate Set (Silver)","6 pcs","Kitchen & Dining Needs","Hazel",,,391.4065596438293,499,,58.73283,21.619017964315002,0.020017507063998376,0.02694,0.00766,0.0111,0,65.13089663518394
"2026-03-01","638994",,"Ritualistic Wood Cake Stand (Light Blue)","1 pc","Kitchen & Dining Needs","RITUALISTIC",,,1219.202906976744,2499,,3.4413,51.212368668397595,0.0017007953319419667,0.00143,0.00012,0.00017,0,1219.210433244916
"2026-03-01","599351",,"Avias Riara Triply Kadai with Lid (Stainless Steel)","1 unit","Kitchen & Dining Needs","Avias",,,1914,3187.2292625806454,,24.24345,39.94784051241213,0.0011321469873540083,0.00117,0.00054,0.00079,0,1913.9999999999998
"2026-03-01","615612",,"DeliBohemi Glass Container for Kitchen","1 pc","Kitchen & Dining Needs","DeliBohemi",,,131.42333843656564,549,,18.88807,76.0607874676861,0.018754027677606686,0.00769,0,0,0,131.7022978284513
"2026-03-01","697970",,"Unify Stainless Steel Floral Print Serving Casserole (Silver)","1 pc","Kitchen & Dining Needs","Unify",,,999,1989,,18.9466,49.7737556561086,0.004006934961620013,0.00346,0.00146,0.00057,0.00344,999
"2026-03-01","402106",,"KVG Cylinder Trolley (Plastic)","1 pc","Kitchen & Dining Needs","Kvg",,,159,159,,3.85968,0,0.000009409901622519362,0.00002,,,,159
"2026-03-01","619279",,"The Better Home Glass Lunch Box Pack of 2","2 pcs","Kitchen & Dining Needs","The Better Home",,,879,3199,,0.83629,72.52266333229134,0,0,,,,439.49999999999994
"2026-03-01","556806",,"Birch & Co. Mughal Serving Tray with Four Coaster Set – Wood & Vegan Leather (Green)","1 set","Kitchen & Dining Needs","Birch & Co.",,,690.128131047568,1499,,62.25628,54.254378432245296,0.07552112202088539,0.05888,0.03294,0.03319,0.03238,679.2111337911639
"2026-03-01","569131",,"Amaya Decors Pichwai Peacock Design Tray Set (Golden & Green)","2 pcs","Kitchen & Dining Needs","Amaya Decors",,,993.5047692451335,1499,,57.89522,33.73196742055011,0.016744611718608745,0.01903,0.00288,0.00418,0,989.5213398486464
"2026-03-01","616764",,"Kuber Industries 3-Layer Fruit Basket for Kitchen","1 pc","Kitchen & Dining Needs","Kuber Industries",,,,,,0,,0,0,,,,
"2026-03-01","543205",,"Amaya Decors Iron Flower Tray (Green)","1 pc","Kitchen & Dining Needs","Amaya Decors",,,,,,0,,0,0,,,,
"2026-03-01","664122",,"Ireka Homes Wood Wild Grove Serving Platter (Dark Brown)","1 pc","Kitchen & Dining Needs","Ireka Homes",,,350,460,,2.40673,23.91304347826087,0.00006805897771066443,0.00009,,,,350
"2026-03-01","603408",,"Gluman Plastic Fridge Jug","1 pc","Kitchen & Dining Needs","Gluman",,,269,269,,36.40932,0,0.006677639214043684,0.0115,0.01128,0.01636,0,269
"2026-03-01","573183",,"Nestroots Stainless Steel Miaa Cutlery Set","5 pcs","Kitchen & Dining Needs","Nestroots",,,899,3390,,22.76418,73.48082595870207,0.0027801058992308423,0.00127,0.00253,0.0007,0.0066,899
"2026-03-01","684878",,"HABERE INDIA Rattan Serving Tray (Light Brown)","1 unit","Kitchen & Dining Needs","Habere India",,,1099,3999,,49.45223,72.51812953238309,0.060659112035378236,0.0287,0.00999,0.00666,0.01739,1099
"2026-03-01","606687",,"Speedex Vacuum Insulated Thermal Bottle","1 pc","Kitchen & Dining Needs","Speedex",,,1045,1045,,23.59025,0,0.00013694229831252432,0.00024,0.00016,0.00023,0,1045
"2026-03-01","582671",,"The Better Home Stainless Steel 304 Grade Container Set","2 pcs","Kitchen & Dining Needs","The Better Home",,,1099,3795,,2.29224,71.04084321475626,0.00022459482174503763,0.00011,0.00096,0.00003,0.00302,549.5
"2026-03-01","548317",,"Ocean Playboy Beer Mug Set (Glass)","2 pcs","Kitchen & Dining Needs","O'cean",,,499,510,,26.14785,2.156862745098043,0.002076656275267453,0.0035,0.00133,0.00193,0,249.50000000000003
"2026-03-01","496407",,"Vinayak Stainless Steel Allure Mini Bowl (Silver)","1 pc","Kitchen & Dining Needs","Vinayak",,,49.68650521140159,79,,10.28626,36.3677867974427,0.004626693808279283,0.00521,0.00445,0.00645,0,50.714963255683834
"2026-03-01","499042",,"Zenker Cookie Cutter (Colour may Vary)","6 pcs","Kitchen & Dining Needs","Zenker",,,239,249,,15.03542,4.0160642570281135,0.0013304038495482412,0.0022,0.00071,0.00104,0,39.833333333333336
"2026-03-01","562403",,"Fackelmann Gas Lighter (Stainless Steel)","1 pc","Kitchen & Dining Needs","Fackelmann",,,167.0001152073733,299,,80.93328,44.147432380829386,0.5449285401378302,0.5239,0.53382,0.77413,0,166.9991771813201
"2026-03-01","676710",,"HomeCloud Stainless Steel, Plastic Cutlery Set","1 set","Kitchen & Dining Needs","HomeCloud",,,284,999,,23.68499,71.57157157157157,0.02035426027863536,0.00996,0.01248,0.0181,0,284
"2026-03-01","566644",,"Schott Zwiesel Longdrink Conventional Crystal Glass Set (Tritan)","6 pcs","Kitchen & Dining Needs","schott zwiesel",,,1915,3200,,53.76133,40.15624999999999,0.005173907462243025,0.00533,0.00049,0.00071,0,319.1666666666667
"2026-03-01","605419",,"Irida Naturals Cooking Spatula (Wood)","1 pc","Kitchen & Dining Needs","Irida Naturals",,,,,,0,,0,0,,,,
"2026-03-01","596571",,"FunBlast Stainless Steel Glossy Cutlery Set","8 pcs","Kitchen & Dining Needs","FunBlast",,,629,1299,,48.53871,51.57813702848345,0.003522509675186443,0.00294,0.03732,0.05412,0,78.62500000000001
"2026-03-01","591267",,"Chumbak Mad About India Mugs Gift Set (Ceramic)","2 pcs","Kitchen & Dining Needs","Chumbak",,,643.5967741935484,970,,10.52912,33.64981709344862,0.000947203715593131,0.00109,0.00002,0.00002,0,324.3796694753966
"2026-03-01","753021",,"HomeEssentials Stainless Steel Butter Knife","1 pc","Kitchen & Dining Needs","HomeEssentials",,,259,1399,,18.23891,81.4867762687634,0.004883041721640916,0.00156,0.05729,0.00165,0.1809,258.99999999999994
"2026-03-01","718457",,"Habere India Multipurpose Serving Tray (Blue)","1 pc","Kitchen & Dining Needs","Habere India",,,1799,3499,,42.91485,48.58531008859674,0.004607462987633186,0.00408,0.00515,0.00242,0.01122,1799
"2026-03-01","481162",,"Walton Automatic Yoghurt Maker (Polypropylene)","1 pc","Kitchen & Dining Needs","Walton",,,957.5416666666666,1199,,1.19439,20.138309702529895,0.00042575383963590677,0.00057,,,,934.0968338267489
"2026-03-01","615133",,"Bathla Anti Slip Shelf Liner (White, Plastic)","1 pc","Kitchen & Dining Needs","Bathla",,,246.10572580645163,299,,44.38002,17.575973027097604,0.0351567046991454,0.04988,0.00399,0.00578,0,246.41623320261772
"2026-03-01","611176",,"The Better Home Stainless Steel Fridge Water Bottle (Purple, 1 ltr)","5 pcs","Kitchen & Dining Needs","The Better Home",,,1999,3799,,7.22055,47.38088970781784,0.0014614047714853699,0.00132,0.00006,0.00009,0,1998.9999999999998
"2026-03-01","630250",,"Zulaxy Stackable & Foldable Storage Organiser (Polypropylene)","3 pcs","Kitchen & Dining Needs","Zulaxy",,,899,2299,,0.00228,60.89604175728578,0,0,,,,299.6666666666667
"2026-03-01","571801",,"Pieces and Accents Wood Plate Set (Brown)","4 pcs","Kitchen & Dining Needs","pieces and accents",,,999,1499,,12.43646,33.3555703802535,0.0006653514179281992,0.00076,,,,999
"2026-03-01","635369",,"REFFO Motivational Time Mark Plastic Bottle","1 pc","Kitchen & Dining Needs","Reffo",,,399,1499,,44.62279,73.3822548365577,0.14925621062511638,0.06839,0.00863,0.01251,0,399.00000000000006
"2026-03-01","631135",,"Speedex Steel Wall Bottle With Wide Cap","1 pc","Kitchen & Dining Needs","Speedex",,,549,549,,6.95998,0,0.0013213378531982281,0.00227,0.00029,0.00042,0,549
"2026-03-01","671990",,"Parage Stainless Steel Regal Cutlery Set with Stand","25 pcs","Kitchen & Dining Needs","Parage",,,1349,1699,,49.86056,20.600353148911136,0.007260413951510805,0.00992,0.00214,0.00305,0.00012,53.959999999999994
"2026-03-01","563559",,"House of Quirk Double Insulated Tumbler (Forest Green)","1 pc","Kitchen & Dining Needs","House of Quirk",,,999,1999,,1.54686,50.02501250625313,0,0,,,,999
"2026-03-01","626887",,"Borosil Borosilicate Glass Rectangle Storage Container for Kitchen","1 pc","Kitchen & Dining Needs","Borosil",,,457.3051670801134,545,,69.10858,16.362346769555625,0.13308773043097458,0.19274,0.10365,0.1276,0.05046,45578.816577285004
"2026-03-01","635449",,"House of Quirk Stainless Steel Tumbler Set","1 set","Kitchen & Dining Needs","House of Quirk",,,1349,1999,,17.52706,32.51625812906453,0.0008281301102805164,0.00096,0.00041,0.0006,0,1349.0000000000002
"2026-03-01","611750",,"Yellocut Plastic Container Set","4 pcs","Kitchen & Dining Needs","Yellocut",,,389,499,,29.65259,22.044088176352695,0.004122380783539176,0.00553,0.00001,0.00001,0,97.24999999999999
"2026-03-01","650504",,"Larah by Borosil Opalware Medley Dinner Set (White)","1 set","Kitchen & Dining Needs","Larah",,,1320.508597676787,2199,,67.18708,40.04449633159138,0.10220830343861255,0.10541,0.05194,0.06952,0.01288,1315.1406923499576
"2026-03-01","568765",,"Wonderchef Venice Glass (Stainless Steel)","1 pc","Kitchen & Dining Needs","Wonderchef",,,108.42372491782709,149.99153012096775,,62.48667,27.443784711682913,0.02572304236484792,0.03208,0.02328,0.03376,0,108.81088558456007
"2026-03-01","662416",,"HAZEL Stainless Steel Kids Plate Set, 2 pcs","2 pcs","Kitchen & Dining Needs","Hazel",,,200.58862122088522,489,,65.83758,58.71678327256014,0.05214652265250407,0.03677,0.01925,0.02792,0,202.14809352882236
"2026-03-01","603914",,"Pasabahce Wavy Red Wine Glass Set","2 pcs","Kitchen & Dining Needs","Pasabahce",,,459,495,,3.91091,7.2727272727272725,0.000058589953498705465,0.00009,,,,229.5
"2026-03-01","676267",,"Femora Ceramic Floral Japanese Ramen Bowl (Blue)","2 pcs","Kitchen & Dining Needs","Femora",,,359.032409480201,550,,41.64368,34.69316681348224,0.05116779274820519,0.05752,0.0274,0.03962,0.00025,1.1403711396527563
"2026-03-01","704848",,"Birch & Co. Glass Clink & Charm Glasses & Jug Set (Transparent)(Box)","1 set","Kitchen & Dining Needs","Birch & Co",,,1181.424549543406,1999,,17.90706,40.898631661762366,0.007673049145467725,0.00782,0.00676,0.00032,0.02108,1179.8398472081954
"2026-03-01","615934",,"Femora Glass Kitchen Storage Box","1 pc","Kitchen & Dining Needs","Femora",,,303.7353905914166,440,,65.62112,31.177068955124682,0.009790093961316228,0.0116,0.00138,0.00201,0,301.0390164750822
"2026-03-01","696617",,"Larah by Borosil Opalware Golden Lush Dinner Set (Multicolour)","1 set","Kitchen & Dining Needs","Larah",,,2307.0966926860697,3995,,64.4201,42.38901423640927,0.20069850671536457,0.19718,0.03454,0.04382,0.01394,2299.440743335398
"2026-03-01","601203",,"Umai Stainless Steel Double Walled Insulated Casserole (Multicolour)","1 pc","Kitchen & Dining Needs","Umai",,,1199,1900,,4.68374,36.89473684210526,0.0016979246017658435,0.00184,,,,1199.0000000000002
"2026-03-01","564510",,"Sammsara Aluminium Double Leaf Design Platter (Gold)","1 pc","Kitchen & Dining Needs","Sammsara",,,,,,0,,0,0,,,,
"2026-03-01","756210",,"Two Moustaches Iron Serving Bowl Set (Golden)","2 pcs","Kitchen & Dining Needs","Two Moustaches",,,795,1449,,8.22943,45.13457556935818,0.00017150877296893784,0.00016,,,,795
"2026-03-01","554115",,"Pasabahce Rain Water Glass Set","6 pcs","Kitchen & Dining Needs","Pasabahce",,,549,1499,,65.41312,63.37558372248166,0.03470006489920467,0.02188,0.00522,0.00757,0,91.50000000000001
"2026-03-01","603157",,"Oliveware Glass Storage Container","1 pc","Kitchen & Dining Needs","Oliveware",,,299,549,,53.71725,45.537340619307834,0.0046189993494770805,0.00433,0.0047,0.00682,0,299
"2026-03-01","519566",,"Archies My Amazing Mom Printed Mug (Ceramic)","1 pc","Kitchen & Dining Needs","Archies",,,519,599,,0.5637,13.35559265442404,0,0,,,,519
"2026-03-01","565607",,"House of Quirk Tumbler (Cotton Candy Haze) (Blue, Pink)","1 pc","Kitchen & Dining Needs","House of Quirk",,,1199,1999,,38.01903,40.020010005002504,0.037569910899665736,0.03879,0.01877,0.01702,0.02266,1198.9999999999998
"2026-03-01","627376",,"Royalkart 2-Tier Vegetable Fruit Basket","1 pc","Kitchen & Dining Needs","Royalkart",,,699,1999,,18.75787,65.03251625812908,0.011349104624061657,0.00683,0.00208,0.00295,0.00014,699.0000000000001
"2026-03-01","532906",,"Swastika Indian White Marble Chakla - Roti Maker (Marble)","1 pc","Kitchen & Dining Needs","Swastika",,,423.11479321204683,900,,70.19409,53.18731243669704,0.26744940157331065,0.21547,0.08494,0.12318,0,421.34252117526586
"2026-03-01","582265",,"Homestrap Adhesive Hooks (Plastic)","12 pcs","Kitchen & Dining Needs","Homestrap",,,139.09050139326047,300.95060887096776,,74.7771,53.681312810378465,0.8277747686041779,0.6574,0.10622,0.15404,0,11.615403483909569
"2026-03-01","612761",,"Indigo Tong/Pakad (Stainless Steel)","1 pc","Kitchen & Dining Needs","Indigo",,,229,299,,0.29599,23.411371237458194,0,0,,,,229
"2026-03-01","607576",,"Brick Brown Prism Cutlery Holder (Wood)","1 pc","Kitchen & Dining Needs","brick brown",,,1399,2299,,1.89189,39.147455415398,0,0,,,,1399
"2026-03-01","564949",,"Lifelong Induction Cooktop with Sensor Touch (2100 W)","1 unit","Kitchen & Dining Needs","Lifelong",,,1831.9873011902457,3999,,8.65738,54.16899440597134,0.07180687175160563,0.05682,0.00997,0.01445,0,1839.9216946672607
"2026-03-01","534620",,"Milton Flip Lid 1000 Thermal Bottle","1 pc","Kitchen & Dining Needs","Milton",,,1140.0817038117643,1205,,20.61203,4.928101505268125,0.06199485342969019,0.10246,0.05483,0.01082,0.1526,1153.0251983456603
"2026-03-01","521099",,"The Artment Impressionist Regal Reflection Goblets Wine Glass (Glass)","4 pcs","Kitchen & Dining Needs","The Artment",,,1195.949152542373,1199,,2.43805,0.25444932924329594,0.0013451789930034196,0.00232,0.00077,0.00111,0,299.7440964552624
"2026-03-01","595141",,"ExclusiveLane Brass Pure Coaster Set (Golden)","4 pcs","Kitchen & Dining Needs","ExclusiveLane",,,1249,1799,,2.35336,30.57254030016676,0.000638808038449522,0.00076,,,,1249
"2026-03-01","581196",,"Cutting Edge Plastic Kitchen Modular Storage Container Set","2 pcs","Kitchen & Dining Needs","Cutting Edge",,,299,500,,46.5437,40.19999999999999,0.08944913233577424,0.09208,0.03815,0.04133,0.03109,149.5
"2026-03-01","603301",,"Irida Naturals Tea Glass (Rice Husk)","4 pcs","Kitchen & Dining Needs","Irida Naturals",,,420,599,,57.65409,29.88313856427379,0.007085440914382271,0.00855,0.09853,0.03561,0.23829,105
"2026-03-01","589457",,"Nestroots Wood Classic Acacia Storage Box with Tong","1 pc","Kitchen & Dining Needs","Nestroots",,,1499,4390,,12.41001,65.85421412300683,0.0038971191015961353,0.00229,0.00176,0.00074,0.00404,1498.9999999999998
"2026-03-01","507281",,"Ocean Ivory Hiball Glass Set","6 pcs","Kitchen & Dining Needs","O'cean",,,668.8487369189887,948.6048387096774,,61.07424,29.523411588998865,0.11850191810243843,0.14375,0.10521,0.15257,0,111.43835393933395
"2026-03-01","709728",,"Selvel Stainless Steel Royal Coral Casserole (Black)","1 pc","Kitchen & Dining Needs","Selvel",,,999,1070,,46.76796,6.635514018691595,0.001958626813944311,0.00315,0.00135,0.00195,0,999
"2026-03-01","697974",,"Unify Stainless Steel 3 Layer Insulated Casserole","1 pc","Kitchen & Dining Needs","Unify",,,1299,2039,,4.67562,36.292300147130945,0.0025651345661206236,0.00281,0.00085,0.00014,0.00244,1299
"2026-03-01","582294",,"UPC Coffee Mug (Ceramic)","6 pcs","Kitchen & Dining Needs","U.P.C.",,,480.0435614035088,999,,47.3838,51.97116453930927,0.0036112077629709386,0.00297,0.00096,0.0014,0,79.55353563115213
"2026-03-01","546502",,"Solara Motivational Workout Plastic Sipper Bottle","1 pc","Kitchen & Dining Needs","Solara",,,1255.6980131260661,2999,,48.40846,58.03056670272856,0.04980160020206148,0.03586,0.00669,0.00652,0.00706,1262.720135001638
"2026-03-01","526345",,"Nayasa Round Shape Salt & Pepper Shaker (Plastic)","1 set","Kitchen & Dining Needs","Nayasa",,,102.23007151471509,113.55628576576576,,44.77304,9.792265285516761,0.002707319955090028,0.00422,0.01184,0.01718,0,103.35519911247782
"2026-03-01","616339",,"Kuber Industries Cotton Floral Print Table Runner for Centre Table (Multicolour)","1 pc","Kitchen & Dining Needs","Kuber Industries",,,436,1999,,0.69328,78.18909454727364,0.001183043369777079,0.00044,,,,436.0000000000001
"2026-03-01","392620",,"Borosil Microwave Safe Drinking Glasses","3 pcs","Kitchen & Dining Needs","Borosil",,,543.0704046853829,639.89001875,,72.45632,15.167865938723686,0.018674648055608194,0.02723,0.02916,0.02082,0.04768,543.1585338736772
"2026-03-01","535374",,"Bulfyss Multipurpose Shelf Liner Mat","1 pc","Kitchen & Dining Needs","Bulfyss",,,359.0241935483871,999,,61.16684,64.0636085809081,0.2251034617266163,0.13925,0.01844,0.02675,0,359.00263165979845
"2026-03-01","595666",,"Jarsome Premium Mandala Design Kitchen Canister Set","2 pcs","Kitchen & Dining Needs","jarsome",,,692.1780933179723,999,,33.14815,30.712903571774547,0.0050934110802217806,0.00604,0.0023,0.00254,0.00176,344.22599757130064
"2026-03-01","665904",,"Wedtree Wood Meenakari Design Serving Tray (Multicolour)","1 pc","Kitchen & Dining Needs","Wedtree",,,810,972,,6.48379,16.666666666666668,0.00012943053363804934,0.00019,0.00002,0.00003,0,810
"2026-03-01","657958",,"Shri & Sam Stainless Steel Shagun Bidding Bowl Set (Silver)","6 pcs","Kitchen & Dining Needs","Shri & Sam",,,549,599,,37.39733,8.347245409015033,0.0004171949127016276,0.00066,0.00011,0.00016,0,91.5
"2026-03-01","383297",,"Princeware Polypropylene High Insulated Water Jug (Multicolour)","1 pc","Kitchen & Dining Needs","Princeware",,,1027,1027,,1.00259,0,0,0,,,,1027
"2026-03-01","588115",,"The Indus Valley Wooden Ladle Set (Wood)","3 pcs","Kitchen & Dining Needs","The Indus Valley",,,519,539.4896313306451,,47.66723,3.7929733021301097,0.01525585058765357,0.02528,0.02558,0.01592,0.04705,519.0000000000001
"2026-03-01","622111",,"ExclusiveLane Terra Tones Tea Cup Set (Ceramic)","6 pcs","Kitchen & Dining Needs","ExclusiveLane",,,636.2903225806451,1460,,25.40323,56.418933832910206,0.0036290276310096,0.00271,0.00083,0.00015,0.00235,105.42118498081788
"2026-03-01","569227",,"Amaya Decors Aluminium Cards Serving Platter Set (Golden)","4 pcs","Kitchen & Dining Needs","Amaya Decors",,,1374.5,2099,,1.86346,34.516436398284895,0.0003726676133144933,0.00042,0,0,0,1366.1822923076923
"2026-03-01","604198",,"Cutting Edge Microfiber Cleaning Cloth (Multicolor, 40 x 30 cm)","4 pcs","Kitchen & Dining Needs","Cutting Edge",,,229.34958141321047,499,,59.09946,53.98850910893545,0.08017861834317207,0.06348,0.43202,0.08697,1.19849,57.403291137347594
"2026-03-01","709072",,"International Gift Silver Plated Serving Set Set for Home & Gifting (Silver)","1 set","Kitchen & Dining Needs","International Gift",,,399,900,,34.31041,55.666666666666664,0.0001065271881794645,0.00008,0,0,0,399
"2026-03-01","543156",,"Amaya Decors Aluminium Double Leaf Serving Platter (Golden)","1 pc","Kitchen & Dining Needs","Amaya Decors",,,675,1499,,30.06376,54.96997998665777,0.011078210600699434,0.00859,0.00048,0.00069,0,675
"2026-03-01","691399",,"Nayasa Plastic Lorenzo Insulated Casserole with Glass Lid (Classic Brown)","1 pc","Kitchen & Dining Needs","Nayasa",,,1015,1015,,38.94522,0,0.00021024312386287293,0.00036,0.00009,0.00013,0,1015
"2026-03-01","568806",,"The Indus Valley Pre-Seasoned 9 Pit Appe Pan (Iron)","1 pc","Kitchen & Dining Needs","The Indus Valley",,,1294.4243183563747,2032.397333185484,,56.95796,36.27721651010318,0.06559631217948958,0.072,0.04699,0.05556,0.02795,1295.612950347044
"2026-03-01","558939",,"House of Quirk Double Vacuum Insulated Tumbler with Lid & Straw (Black)","1 pc","Kitchen & Dining Needs","House of Quirk",,,1099,1699,,0.84555,35.31489111241907,0.0001005497701054011,0.00011,,,,1099
"2026-03-01","526278",,"Nayasa Stone Meraki Tea Coaster Set (Beige)","6 pcs","Kitchen & Dining Needs","Nayasa",,,523.5042995841977,678.5737562096773,,72.15176,23.223284933485747,0.020798250685161015,0.02766,0.01857,0.0259,0.00231,86.08682670455738
"2026-03-01","603416",,"Home Focus Steel Wall Bottle","1 pc","Kitchen & Dining Needs","home focus",,,299,495,,15.0799,39.5959595959596,0.0001757698604961164,0.00018,,,,299
"2026-03-01","630820",,"ExclusiveLane Wood Jar Set","1 set","Kitchen & Dining Needs","ExclusiveLane",,,1499,2725,,25.19793,44.99082568807339,0.002569035591751756,0.00243,0.00109,0.00152,0.00014,1498.9999999999998
"2026-03-01","507282",,"Ocean Unity Hiball Water Glass","6 pcs","Kitchen & Dining Needs","O'cean",,,599.0348214285715,798.5498444758065,,75.79086,24.953766444232365,0.04587845562066653,0.05931,0.0731,0.10601,0,99.8379385650377
"2026-03-01","566507",,"Judge by Prestige Glass Set (Stainless Steel)","6 pcs","Kitchen & Dining Needs","Judge",,,529.5354095431326,749.7891704032257,,75.59175,29.367413170943788,0.02461731305489053,0.02997,0.03411,0.01428,0.07816,88.3044492363505
"2026-03-01","710565",,"Parage Stainless Steel Dinner Set (Silver)","1 set","Kitchen & Dining Needs","Parage",,,489,999,,71.77289,51.051051051051054,0.0437062053976331,0.03683,0.07791,0.03583,0.17137,97.8
"2026-03-01","624035",,"UPC Melamine Serving Tray (Blue, Yellow)","3 pcs","Kitchen & Dining Needs","U.P.C.",,,599,799,,53.96813,25.03128911138924,0.030117599048913743,0.03887,0.00872,0.01265,0,199.6666666666667
"2026-03-01","626157",,"Parage Spatulas & Ladle Set (Stainless Steel)","5 pcs","Kitchen & Dining Needs","Parage",,,436.0967741935484,699,,63.86418,37.59728071275805,0.1164559077462118,0.12511,0.09487,0.10614,0.06982,436.2288402674668
"2026-03-01","567168",,"Judge by Prestige ACE 5 Ltr Pressure Cooker (Stainless Steel)","1 unit","Kitchen & Dining Needs","Judge",,,1281.2381494757394,2598.806212209945,,25.61104,50.747697720532294,0.1447720711449682,0.12255,0.05652,0.02524,0.126,1275.4677165160122
"2026-03-01","587045",,"The Better Home Insulated Thermosteel Thermal Bottle","1 pc","Kitchen & Dining Needs","The Better Home",,,,,,0,,0,0,,,,
"2026-03-01","720623",,"CutTales Stainless Steel 6 Section Temple Dinner Plate Set (Silver)","2 pcs","Kitchen & Dining Needs","CutTales",,,599,1499,,59.62604,60.04002668445631,0.006746533897545613,0.00464,0.00189,0.00274,0,299.50000000000006
"2026-03-01","597724",,"Travel Likes Me Food Storage Bag (ABS Plastic)","3 pcs","Kitchen & Dining Needs","Travel Likes Me",,,1299,1999,,13.62287,35.01750875437719,0.00011830430146864517,0.00013,0.00004,0.00005,0,433.00000000000006
"2026-03-01","493051",,"Borosil Drinking Glass (Microwave Safe) (Borosilicate Glass)","6 pcs","Kitchen & Dining Needs","Borosil",,,604.3961392745599,711.3556588709678,,72.96777,15.070764742103494,0.1550462677928831,0.22608,0.14819,0.19562,0.04283,100.73739688688083
"2026-03-01","639789",,"Ocean Glass Divano Pitcher Water Jug (Transparent)","1 pc","Kitchen & Dining Needs","Ocean",,,726.0010443548387,820,,23.36439,11.46330426272417,0.01956983454521329,0.02983,0.00408,0.00591,0,726.0006614589757
"2026-03-01","493504",,"Solara Insulated Sports Thermal Bottle (Angel Pink)","1 pc","Kitchen & Dining Needs","Solara",,,1119.6385370101273,1999,,41.32325,44.05452287788362,0.03403200112152012,0.03255,0.03738,0.02044,0.07502,110976.46499226186
"2026-03-01","600958",,"Avias Stainless Steel Casserole (Silver)","1 pc","Kitchen & Dining Needs","Avias",,,1219,1513.6137566137565,,7.67294,19.464262618282746,0.001121199010679491,0.00155,0.00011,0,0.00036,1219
"2026-03-01","566175",,"The Artment Tiki Tower Glass Set","4 pcs","Kitchen & Dining Needs","The Artment",,,998.9640103519669,1248.0185141428572,,27.76588,19.947399898214595,0.009321253424967998,0.01288,0.00923,0.01339,0,249.748388110916
"2026-03-01","499180",,"Zenker Square Cake Baking Dish -23.4 cm (Steel)","1 pc","Kitchen & Dining Needs","Zenker",,,460.402323628173,478.1053900403227,,74.23329,4.064699392468904,0.11973736592453255,0.19821,0.83846,1.21592,0,458.629975170518
"2026-03-01","702059",,"Chumbak Palace Memoirs Bowls Gift Set (220 ml)","3 pcs","Kitchen & Dining Needs","Chumbak",,,937,1799,,15.88547,47.91550861589772,0.004496145094255977,0.00403,0.00012,0.00017,0,312.3333333333334
"2026-03-01","559006",,"Chumbak A Alphabet Mug (Ceramic)","1 pc","Kitchen & Dining Needs","Chumbak",,,607.7913464381626,695,,68.82602,11.518376379992368,0.17062345586822691,0.25632,0.2894,0.388,0.07037,205.13997859136862
"2026-03-01","665857",,"Cello Opalware Dazzle Lush Fiesta Dinner Set (White)","35 pcs","Kitchen & Dining Needs","Cello",,,2199.3878306869624,4295,,60.58525,48.85635854548607,0.22318460754856,0.19615,0.06567,0.06925,0.05773,2196.808568862137
"2026-03-01","501035",,"Homez it Large Zip Lock Bag (25 cm x 30 cm) (Plastic)","15 pcs","Kitchen & Dining Needs","Homez it",,,279,399,,76.09823,30.075187969924823,0.10053786054330796,0.12102,0.26469,0.38385,0,18.599999999999998
"2026-03-01","738545",,"Two Moustaches Metal Serving Tray (Multicolor)","2 pcs","Kitchen & Dining Needs","Two Moustaches",,,645,1595,,6.08021,59.56112852664577,0.001100645299901518,0.00077,,,,645
"2026-03-01","611720",,"Digismart Induction Cooktop (2000 W)","1 unit","Kitchen & Dining Needs","DigiSmart",,,1227.195652173913,3990,,6.62401,70.0923792243625,0.16072630066242785,0.0828,0.01228,0.01415,0.00812,1199.5832804526585
"2026-03-01","526325",,"Nayasa Bumpy Plastic Water Bottle Set","6 pcs","Kitchen & Dining Needs","Nayasa",,,267.64403787568233,395,,38.72468,32.9521206606245,0.0732391424023958,0.0841,0.05582,0.02161,0.13184,44.11677060997357
"2026-03-01","566764",,"Schott Zwiesel Convention Shot Glass Set (Tritan)","6 pcs","Kitchen & Dining Needs","schott zwiesel",,,1915,3200,,59.15883,40.15625,0.0009469086352818735,0.00098,0.00136,0.00198,0,319.16666666666674
"2026-03-01","565081",,"Nayasa Plastic Fancy Dryfruit Serving Set (Brown)","5 pcs","Kitchen & Dining Needs","Nayasa",,,1051.6110803054032,1245,,65.95175,15.348786479990304,0.019765352238308803,0.02864,0.00287,0.00045,0.00823,1048.327344678388
"2026-03-01","491612",,"Borosil Borosilicate Glass Klip N Store Container (Square)","1 pc","Kitchen & Dining Needs","Borosil",,,320.2464464931619,374.91903116935487,,68.09645,15.276667548166891,0.053465592186775344,0.07886,0.10906,0.08099,0.17142,31740.451925525325
"2026-03-01","620880",,"Cello H2O Plastic Bottle Set of 3","1 ltr","Kitchen & Dining Needs","Cello",,,484.01842741935485,591,,30.82872,18.104012995088844,0.08159141245060207,0.11502,0.02342,0.02404,0.02202,161.33398628288674
"2026-03-01","626994",,"Borosil Square Dish with Handle (Borosilicate Glass)","1 pc","Kitchen & Dining Needs","Borosil",,,699.0344246915934,755,,63.34133,7.406902863897304,0.03778129013599053,0.06021,0.00213,0.00308,0,699.1044988092036
"2026-03-01","604037",,"Steellock Stainless Steel 3 Partition Lunch Box","1 pc","Kitchen & Dining Needs","Steel Lock",,,811.5845999999999,999,,10.43138,18.78172567410082,0.0006081180881709592,0.00075,0.00001,0.00001,0,719.7508679417701
"2026-03-01","595960",,"Jarsome Mandala Design Airtight Storage Container Set","2 pcs","Kitchen & Dining Needs","jarsome",,,792.0705807200928,1099,,42.70483,27.910351968101498,0.009180222435627836,0.01141,0.00201,0.00187,0.0023,396.74320491383764
"2026-03-01","595204",,"Speedex Steel Wall Bottle","1 pc","Kitchen & Dining Needs","Speedex",,,1349,1349,,4.2564,0,0.00043909921068040273,0.00076,,,,1349
"2026-03-01","603354",,"Umai Insulated Thermal Bottle","1 pc","Kitchen & Dining Needs","Umai",,,1249,2795,,0.96953,55.31305903398927,0.0028111951489197644,0.00216,,,,1249.0000000000002
"2026-03-01","664487",,"Ireka Homes Wood Cake Stand (Light Brown)","1 set","Kitchen & Dining Needs","Ireka Homes",,,389,515,,1.55737,24.466019417475728,0.000030478671355340215,0.00004,,,,389
"2026-03-01","572055",,"Pieces and Accents Cutlery Holder / Pen Stand","1 pc","Kitchen & Dining Needs","pieces and accents",,,529,799,,3.48062,33.79224030037547,0.00009457235203133773,0.00011,,,,529
"2026-03-01","559876",,"House Of Festivals They Don't Know - Friends Official Mug (Ceramic)","1 pc","Kitchen & Dining Needs","House of Festivals",,,369.0785507378948,599,,32.10811,38.38407165153819,0.002694193142326613,0.00288,0.00103,0.0015,0,369.2399724623718
"2026-03-01","549026",,"Larah by Borosil Opalware Bowl Set with Lid (White)","3 pcs","Kitchen & Dining Needs","Larah by Borosil",,,839.797489220589,1195,,72.44609,29.641861341904363,0.14576441522391642,0.17624,0.11521,0.06237,0.23259,280.30368913245667
"2026-03-01","583447",,"Kuber Industries Heavy Duty Cylinder Trolley (Plastic)","1 pc","Kitchen & Dining Needs","Kuber Industries",,,,,,0,,0,0,,,,
"2026-03-01","572025",,"Pieces and Accents Solid Round Chopping Board (Wood)","1 pc","Kitchen & Dining Needs","pieces and accents",,,735.516129032258,1099,,17.33175,33.07405559306114,0,0,,,,735.516129032258
"2026-03-01","662869",,"Hazel Stainless Steel Bowl Set (Silver)","2 pcs","Kitchen & Dining Needs","Hazel",,,169.99103348297282,349,,51.84868,51.38147782237356,0.04861686926407833,0.041,0.01959,0.02841,0,169.76501957471123
"2026-03-01","610540",,"G.Fidel Pull & Chop Vegetable & Fruit Chopper (300 ml)","1 pc","Kitchen & Dining Needs","G.Fidel",,,199,499,,10.23931,60.12024048096193,0.00486652911974653,0.00334,0.00261,0.00379,0,198.99999999999997
"2026-03-01","646118",,"Wonderchef Stainless Steel Venice Solid Dinner Set (Silver)","1 set","Kitchen & Dining Needs","Wonderchef",,,2216.0826231754577,3999,,77.89983,45.07972291349516,0.10911421710102633,0.10179,0.03723,0.01917,0.07735,2167.8403149849532
"2026-03-01","630609",,"ExclusiveLane Napkin Holder (Wood)","1 pc","Kitchen & Dining Needs","ExclusiveLane",,,875,1375,,14.54743,36.36363636363637,0.001846396515200346,0.00202,0.00066,0.00088,0.00019,874.9999999999998
"2026-03-01","599690",,"Irida Naturals Wheat Straw Bowl Set (Light Multicolour)","4 pcs","Kitchen & Dining Needs","Irida Naturals",,,475,999,,75.26873,52.452452452452455,0.23541481931885572,0.19269,0.42964,0.31329,0.68811,475.00000000000017
"2026-03-01","620923",,"Milton Mayo Plastic Bottle Set","6 pcs","Kitchen & Dining Needs","Milton",,,265.10633926825864,270,,58.72928,4.295484960797133,0.15095191253710083,0.24867,0.20588,0.29857,0,43.053332129907176
"2026-03-01","650668",,"Larah by Borosil Opalware 4.2"" Golden Lush Bowl Set (White)","2 pcs","Kitchen & Dining Needs","Larah",,,129.074366359447,170,,63.5002,24.09837210991245,0.028376980303124015,0.03708,0.04519,0.06533,0.00046,129.03402088267418
"2026-03-01","378382",,"Dinesmart Melamine Elora Small Serving Tray (Design may Vary) (White)","1 pc","Kitchen & Dining Needs","Dine smart",,,88,149,,0.16331,40.939597315436245,0.000008818143092182439,0.00001,,,,88
"2026-03-01","480964",,"Fackelmann 4-sided Grater (Stainless Steel)","1 pc","Kitchen & Dining Needs","Fackelmann",,,322.47529802900806,347.19436467741934,,62.77984,6.836642287843839,0.08726592153034904,0.14012,0.05325,0.07722,0,322.897943879156
"2026-03-01","722835",,"CutTales Stainless Steel 5 Section Dinner Plate Set (Silver)","2 pcs","Kitchen & Dining Needs","CutTales",,,589,1499,,74.5427,60.70713809206137,0.013423179035378267,0.00908,0.00701,0.01016,0,294.5
"2026-03-01","571818",,"House of Quirk Tumbler with Handle and Straw Lid (Turquoise)","1 pc","Kitchen & Dining Needs","House of Quirk",,,1599,1999,,29.08428,20.010005002501252,0.001833716761536657,0.00252,0.00319,0.00463,0,1599.0000000000002
"2026-03-01","684622",,"HAZEL Stainless Steel Dinner Wati / Serving Bowl Set (Silver)","4 pcs","Kitchen & Dining Needs","Hazel",,,302.22555988188384,649,,64.65719,53.44528617768965,0.034750627318892814,0.02798,0.0108,0.01566,0,302.1636624084954
"2026-03-01","597372",,"The Earth Store Mug Set (Ceramic)","6 pcs","Kitchen & Dining Needs","The Earth Store",,,584.0299230555298,2099,,21.25869,72.17580166481515,0.002720474464922369,0.0013,0.00264,0.00029,0.00785,97.89560078821286
"2026-03-01","579512",,"House of Quirk 3D Sticker Plastic Bottle With Straw","1 pc","Kitchen & Dining Needs","House of Quirk",,,549,999,,19.45357,45.04504504504504,0.003784436950028975,0.00358,0.00244,0.00353,0,549
"2026-03-01","614866",,"DeliBohemi Beer Mug Set (Glass)","2 pcs","Kitchen & Dining Needs","DeliBohemi",,,249.37631077517952,599,,57.2767,58.29124782020429,0.06291507700433313,0.04504,0.06562,0.09516,0,124.98170473237892
"2026-03-01","524389",,"HOOM Polyester Insulated Lunch Bag (Grey)","1 pc","Kitchen & Dining Needs","HOOM",,,282,498.9429610080645,,61.85256,43.4658944818846,0.10682102283280115,0.10396,0.12899,0.18706,0,282.00000000000006
"2026-03-01","566829",,"Schott Zwiesel Wheat Crystal Beer Basic Glass Set (Tritan)","4 pcs","Kitchen & Dining Needs","schott zwiesel",,,2297.5931935483873,3600,,60.67199,36.17572371823725,0.005647006245393413,0.00619,0.00152,0.0022,0,575.8543210328048
"2026-03-01","566168",,"The Artment Cotton Kitchen Cloth","6 pcs","Kitchen & Dining Needs","The Artment",,,651.8967687937359,748.8932959447004,,49.412,12.977385844926241,0.01711145708845329,0.02537,0.05636,0.02101,0.13489,107.68660596883625
"2026-03-01","626407",,"Oliveware EcoFresh Glass Lunch Box (3 x 300 ml, Dark Blue)","1 set","Kitchen & Dining Needs","Oliveware",,,799,1499,,0.1466,46.6977985323549,0.0005766377061561048,0.00053,,,,799.0000000000001
"2026-03-01","578556",,"Embassy Stainless Steel 26.6 cm Plate Set (Silver)","6 pcs","Kitchen & Dining Needs","Embassy",,,1349,1754.2227272727273,,14.44607,23.09984479010388,0.004140615219885169,0.00538,0.00008,0.00011,0,224.8333333333333
"2026-03-01","692848",,"Cutting Edge Glass 1.2 ltrs Tea Pot with Handle (Transparent)","1 pc","Kitchen & Dining Needs","Cutting Edge",,,575,1195,,5.10296,51.88284518828452,0.0013437211684331834,0.00111,0.00626,0.001,0.01796,575
"2026-03-01","595262",,"Speedex Thermoflask Double Wall Thermal Bottle","1 pc","Kitchen & Dining Needs","Speedex",,,699,895,,65.46321,21.89944134078214,0.03321490651775373,0.04466,0.06666,0.00972,0.19313,699
"2026-03-01","692782",,"HomeCloud Stainless Steel Cutlery Set","1 set","Kitchen & Dining Needs","HomeCloud",,,284,999,,25.87776,71.57157157157158,0.003580464016462345,0.00175,0.00017,0.00024,0,284
"2026-03-01","627654",,"Peepul Tree Brass Coaster Set (Golden)","4 pcs","Kitchen & Dining Needs","Peepul Tree",,,1044.6327081765453,1999,,67.24788,47.694065721592274,0.03731101876195974,0.0336,0.01777,0.0014,0.05412,261.91501088121953
"2026-03-01","565810",,"Milton Stainless Steel Insulated Lunch Box with Plastic Cover","6 pcs","Kitchen & Dining Needs","Milton",,,358.4314051285043,445,,62.93871,19.435191681815994,0.4979444642200288,0.69058,0.6912,0.85617,0.32475,358.51323976523406
"2026-03-01","577723",,"Oliveware Stainless Steel Infinite Lunch Set","1 set","Kitchen & Dining Needs","Oliveware",,,599,1130,,61.74769,46.99115044247787,0.027428085645963864,0.02503,0.0067,0.00971,0,598.9999999999998
"2026-03-01","607614",,"Brick Brown Boat Cutlery Holder (Wood)","1 pc","Kitchen & Dining Needs","brick brown",,,999,1699,,0.73945,41.20070629782225,0.0001005497701054011,0.0001,,,,999.0000000000001
"2026-03-01","595202",,"Speedex Thermoflask Double Wall Vacuum Insulated Thermal Bottle","1 pc","Kitchen & Dining Needs","Speedex",,,947.3870967741935,1395,,20.94022,32.31206890704333,0.02510455705072334,0.02851,0.00848,0.00057,0.02605,920.4658774674672
"2026-03-01","493502",,"Solara Insulated Thermal Bottle","1 pc","Kitchen & Dining Needs","Solara",,,1049.7013541672923,1999,,59.3252,47.35332944966702,0.052335305874308194,0.04708,0.15287,0.05842,0.36266,1049.4247976200259
"2026-03-01","693153",,"Two Moustaches Village Cow Design Serving Tray Set (Multicolour)","2 pcs","Kitchen & Dining Needs","Two Moustaches",,,695,1599,,17.17449,56.53533458411507,0.0001892633043321819,0.00014,0.0001,0.0001,0.0001,347.5
"2026-03-01","587629",,"Kuber Industries Dino Thermal Bottle","1 pc","Kitchen & Dining Needs","Kuber Industries",,,,,,0,,0,0,,,,
"2026-03-01","714652",,"HAZEL Stainless Steel Serving Pot (Silver)","1 pc","Kitchen & Dining Needs","Hazel",,,307.9614437880415,749,,2.48796,58.87322929127313,0.005015498870240457,0.00355,0.00287,0.00372,0.00096,309.44240140311115
"2026-03-01","760700",,"HomeEssentials Steel Designer Spoon Set","3 pcs","Kitchen & Dining Needs","HomeEssentials",,,329.18199999999996,1299,,16.84703,74.65940782119792,0.0016067318247794994,0.0007,0.03685,0.00125,0.11593,329.0003015341794
"2026-03-01","673645",,"GKD Wood Coaster Set With Stand (Multicolour)","1 set","Kitchen & Dining Needs","GKD",,,297.8615759109312,999,,49.91299,70.21600245052745,0.06930145632717843,0.03554,0.01886,0.02729,0.00016,297.4374054368643
"2026-03-01","596302",,"FunBlast Stainless Steel Lunch Box for Kids","1 pc","Kitchen & Dining Needs","FunBlast",,,734,999,,16.15334,26.526526526526528,0.0008952848497088507,0.00113,0.00004,0.00006,0,734
"2026-03-01","567711",,"Nestasia Crystal Whiskey Glass Set (200ml, Amber)","6 pcs","Kitchen & Dining Needs","Nestasia",,,1149.34713710712,1700,,68.62416,32.398999669313575,0.14871853008922278,0.17277,0.37424,0.16024,0.84962,191.5790946070476
"2026-03-01","675918",,"Two Moustaches Traditional Print Serving Tray Set (Multicolour)","2 pcs","Kitchen & Dining Needs","Two Moustaches",,,675,1595,,14.48324,57.68025078369906,0.0030476086295573726,0.00222,0.00035,0.00048,0.00005,675
"2026-03-01","608472",,"Brick Brown Wood Cresta Serving Tray (Dark Brown)","1 pc","Kitchen & Dining Needs","brick brown",,,1499,2399,,3.92347,37.51563151313047,0.0025484888052410143,0.00274,0.00051,0.00074,0,1499.0000000000002
"2026-03-01","480973",,"Happy Kitchen Stainless Steel Dinner Fork Set","6 pcs","Kitchen & Dining Needs","Happy Kitchen",,,268.9947175141243,269,,34.03781,0.0019499782812034078,0.0004997976923238071,0.00086,0.0023,0.00334,0,44.833297682216006
"2026-03-01","572072",,"Fabindia Floral Design Ceramic Mug (Multicolor)","2 pcs","Kitchen & Dining Needs","Fabindia",,,959,999,,13.79548,4.004004004004004,0.00017736776831880837,0.00029,,,,959
"2026-03-01","607842",,"Cutting EDGE Rectangle Glass Lunch Box Set","3 pcs","Kitchen & Dining Needs","Cutting Edge",,,902.0123148148149,1875,,21.02839,51.895559327513745,0.005206516322271327,0.0043,0.00446,0.00012,0.01409,299.6703543374026
"2026-03-01","572801",,"Nestroots Classis Acacia Wood Spice Box (Stainless Steel)","1 pc","Kitchen & Dining Needs","Nestroots",,,1999,4390,,10.19192,54.464692482915716,0.0007794237493011014,0.00061,0.00001,0.00001,0.00003,1999.0000000000002
"2026-03-01","662423",,"HAZEL Stainless Steel Mixing Bowl, 1500 ml","1 pc","Kitchen & Dining Needs","Hazel",,,221.98651650666596,749,,46.67331,70.3884092145906,0.135162217990236,0.06921,0.05853,0.08489,0,221.88386556572635
"2026-03-01","599456",,"KoolTech Coffee Mug (Ceramic)","1 pc","Kitchen & Dining Needs","kooltech",,,349,999,,1.34841,65.06506506506507,0,0,,,,349
"2026-03-01","496186",,"Ocean Solo Shot Glass","6 pcs","Kitchen & Dining Needs","O'cean",,,479.66107027505217,535,,77.71568,10.467920843309255,0.045245648081181845,0.06985,0.08293,0.12027,0,79.80352820339203
"2026-03-01","581998",,"FunBlast Polypropylene Unicorn Lunch Box With Spoon For Kids","1 pc","Kitchen & Dining Needs","FunBlast",,,599,999,,0.34479,40.04004004004004,0.00005912258943960279,0.00006,,,,599
"2026-03-01","553887",,"Mad Over Print Super Cool Dad Whiskey Glass","1 pc","Kitchen & Dining Needs","Mad Over Print",,,199.5100531953878,299,,12.37455,33.26666939049138,0.0018820255985588486,0.00217,0.00093,0.00134,0,200.11023928574068
"2026-03-01","675967",,"Irida Naturals Rice Husk Square Coaster Set (Soft Beige)","6 pcs","Kitchen & Dining Needs","Irida Naturals",,,349,599,,55.41333,41.736227045075125,0.009746754617622606,0.00978,0.00673,0.00853,0.00272,58.16666666666668
"2026-03-01","606548",,"Vesta Homes Wood Spoon Set","2 pcs","Kitchen & Dining Needs","Vesta Homes",,,349,899,,53.66471,61.17908787541714,0.08399099790729647,0.05613,0.04133,0.05854,0.00312,174.5
"2026-03-01","282513",,"Milton Pacific Plastic Bottle Set","6 pcs","Kitchen & Dining Needs","Milton",,,196,270,,0.38541,27.40740740740741,0.00010546191629766986,0.00013,0.00003,0.00005,0,32.66666666666667
"2026-03-01","549025",,"Borosil Borosilicate Glass Glass Foodluck Lunch Box","3 pcs","Kitchen & Dining Needs","Borosil",,,922.8517964099992,1444.9999559274195,,69.51895,36.369670449486065,0.08046491850603413,0.08801,0.025,0.03047,0.01283,305.93672235281286
"2026-03-01","572546",,"Tex-RO Plastic Container Set for Fridge Storage","5 pcs","Kitchen & Dining Needs","Texro",,,1499,3999,,0.0435,62.515628907226805,0.0002343012240413232,0.00015,0,0,0,1499
"2026-03-01","601130",,"Thermador 2 Burners Super Sleek Manual Ignition Gas Stove","1 unit","Kitchen & Dining Needs","Thermador",,,1599,8000,,30.75981,80.0125,0.0458364537258205,0.01577,0.00422,0.00611,0,1599
"2026-03-01","572728",,"Femora Stainless Steel Curry Server Bowl (Silver)","1 pc","Kitchen & Dining Needs","Femora",,,471.160754879929,650,,64.57492,27.49572462400056,0.02939558297886787,0.03668,0.00542,0.00787,0,52.37310676262837
"2026-03-01","429275",,"GHH Coffee Mug (Ceramic)","1 pc","Kitchen & Dining Needs","GHH",,,,,,0,,0,0,,,,
"2026-03-01","704847",,"Birch & Co. Happy Home Decor Gift Set (Beige)(Box)","10 pieces","Kitchen & Dining Needs","Birch & Co",,,1221.5872157258063,2499,,35.37251,51.12309521939618,0.01763513444791534,0.01492,0.01109,0.00261,0.02994,123.47846587509581
"2026-03-01","606529",,"New Dawn Steel Chopping Board","1 pc","Kitchen & Dining Needs","New Dawn",,,399,1000,,42.54893,60.099999999999994,0.03654646904885352,0.0251,0.00408,0.00591,0,399.0000000000001
"2026-03-01","625494",,"Oliveware Stainless Steel Magma Lunch Box","1 set","Kitchen & Dining Needs","Oliveware",,,929,1950,,54.3525,52.35897435897436,0.04601598080024371,0.03774,0.00595,0.00863,0,928.9999999999999
"2026-03-01","498605",,"Solara Motivational Plastic Sipper Bottle with Level Marks","1 pc","Kitchen & Dining Needs","Solara",,,496.95641018870106,1499,,41.9167,66.86012029781314,0.04318681327186088,0.0246,0.00459,0.00646,0.00043,496.3631430070263
"2026-03-01","621447",,"REFFO Plastic 4-in-1 Food Storage Container","1 pc","Kitchen & Dining Needs","Reffo",,,378.03225806451616,1499,,41.94566,74.7456397824271,0.0402813131541521,0.01761,0.00125,0.00181,0,380.7665243947094
"2026-03-01","565244",,"Vinod PCEU3 3 Ltr Handi Pressure Cooker (Stainless Steel)","1 unit","Kitchen & Dining Needs","Vinod",,,2478.11096578194,3178.015299585253,,39.1867,21.956809535401927,0.017890135857618384,0.02451,0.0125,0.01813,0,2478.635381448893
"2026-03-01","624196",,"Milton Plastic Quadra Container Set","3 pcs","Kitchen & Dining Needs","Milton",,,329.0301314760508,410,,59.71613,19.753640439635838,0.2704198023151459,0.37354,0.21379,0.31004,0,329.0100990229273
"2026-03-01","613750",,"Slovic Stainless Steel Gym Shaker Bottle for Gym","750 ml","Kitchen & Dining Needs","Slovic",,,499,599,,69.98524,16.69449081803002,0.3291940391496815,0.47208,0.48473,0.24999,1.00616,499.0000000000001
"2026-03-01","716301",,"Tiara Stainless Steel Butter Spreader/ Butter Knife","3 pcs","Kitchen & Dining Needs","Tiara",,,179,230,,35.41593,22.17391304347827,0.010368859015420272,0.01389,0.12228,0.17733,0,59.666666666666686
"2026-03-01","546504",,"Solara Galaxia Insulated Kids Bottle for Kids (Stainless Steel)","1 unit","Kitchen & Dining Needs","Solara",,,710.2477685274275,1699,,40.7963,57.522327303910245,0.12032108591324948,0.08795,0.05528,0.08016,0,724.6522126505836
"2026-03-01","578239",,"Embassy 22 cm Heavy-Weight Deep Hammered Kadai (Stainless Steel)","1 unit","Kitchen & Dining Needs","Embassy",,,1599,2376.6350807258063,,14.79448,32.7200034633976,0.00626878697808433,0.00711,0.00011,0.00016,0,1598.9999999999995
"2026-03-01","578566",,"Embassy 6 pcs Oak-Tree Glass Set (Stainless Steel)","6 pcs","Kitchen & Dining Needs","Embassy",,,649,925.2135645454547,,14.4053,29.854033180020956,0.0027944789025506436,0.00332,0.0001,0.00015,0,108.16666666666666
"2026-03-01","597216",,"Gluman Stainless Steel Mixing Bowl Set (Silver)","3 pcs","Kitchen & Dining Needs","Gluman",,,799,999,,21.45062,20.020020020020016,0.001750619873306639,0.00241,0.00043,0.00063,0,266.3333333333333
"2026-03-01","582677",,"The Better Home Regular Copper Bottle","1 pc","Kitchen & Dining Needs","The Better Home",,,849,2495,,15.49642,65.97194388777555,0.009825319484176847,0.00576,0.00299,0.0031,0.00275,848.9999999999998
"2026-03-01","553504",,"Hazel Muffin Mould (Multicolour)","100 pcs","Kitchen & Dining Needs","Hazel",,,123.7151843199666,299,,60.30887,58.817877278350004,0.064218273632475,0.04535,0.0698,0.10122,0,1.230777454240634
"2026-03-01","585984",,"FunBlast Cartoon Design Insulated Kids Bottle for Kids (Stainless Steel)","1 pc","Kitchen & Dining Needs","FunBlast",,,944,1499,,16.09101,37.024683122081385,0.0007984216304957137,0.00087,0.00032,0.0001,0.00081,944
"2026-03-01","543196",,"Amaya Decors Aluminium Pomegranate Serving Platter (Golden)","4 pcs","Kitchen & Dining Needs","Amaya Decors",,,652.2277235826036,1699,,37.55639,60.850279345349385,0.024345863137151327,0.01744,0.00291,0.00422,0,178.09295334855358
"2026-03-01","568373",,"Wonderchef Blueberry Non-stick Kadai With Lid (Aluminium)","1 unit","Kitchen & Dining Needs","Wonderchef",,,929.3001738270254,1949.2146465725807,,69.75798,52.282742615684754,0.5605121910401356,0.46909,0.0845,0.11916,0.00751,929.4421067628879
"2026-03-01","566625",,"Cello Steel Midas Insulated Inner Casserole (Off, White, Green)","1500 ml","Kitchen & Dining Needs","Cello",,,530.1944930875576,720,,73.54949,26.46245755188228,0.1272132080332456,0.16089,0.13178,0.05601,0.3001,35.29472073671993
"2026-03-01","721472",,"Parage Stainless Steel Golden Spoon & Fork Set","6 pcs","Kitchen & Dining Needs","Parage",,,399,999,,76.46861,60.06006006006006,0.06549131720736676,0.04503,0.122,0.04372,0.29586,66.50000000000001
"2026-03-01","579801",,"The Better Home Glass Two Compartments Lunch Box","1 pc","Kitchen & Dining Needs","The Better Home",,,749,1895,,1.21974,60.47493403693932,0.0012521489771116067,0.00085,0.00008,0,0.00026,748.9999999999999
"2026-03-01","570387",,"Chumbak Marigold Kulhad Set (Ceramic)","4 pcs","Kitchen & Dining Needs","Chumbak",,,1284.9105633566703,1595,,57.31335,19.489168904455227,0.03414810421619035,0.04699,0.41251,0.0594,1.1969,320.5957846571038
"2026-03-01","613900",,"Mrs The Club Virgin Paper Kitchen Towel Roll","4 x 100 pulls","Kitchen & Dining Needs","mrs the club",,,266.741935483871,396,,100,32.640925382860864,0,0,,,,266.741935483871
"2026-03-01","620549",,"ExclusiveLane Hand-Painted Kulhad Set (Clay)","4 pcs","Kitchen & Dining Needs","ExclusiveLane",,,799,1415,,3.80434,43.533568904593636,0.00008374226544507246,0.00008,0.00007,0.00005,0.00011,199.75
"2026-03-01","559872",,"House Of Festivals Friends Infographic Printed Mug (Ceramic)","1 pc","Kitchen & Dining Needs","House of Festivals",,,369,599,,13.18588,38.39732888146911,0.0016645499887998451,0.00177,0.00091,0.00131,0,369.00000000000006
"2026-03-01","630875",,"Yellocut Silicone Storage Container Set","4 pcs","Kitchen & Dining Needs","Yellocut",,,499,999,,35.15439,50.05005005005005,0.011210909921106769,0.00964,0.00004,0.00006,0,124.75000000000001
"2026-03-01","578567",,"Embassy Stainless Steel Canister Set for Tea/Coffee/Sugar","3 pcs","Kitchen & Dining Needs","Embassy",,,699,989.8634453781513,,21.12238,29.384248873349293,0.002026777049946182,0.00243,0.00062,0.0009,0,232.99999999999997
"2026-03-01","428954",,"Polyset Drainer (Plastic)","1 pc","Kitchen & Dining Needs","Polyset",,,465.23197132616485,541.6379931182795,,5.36029,14.106473837301436,0.00009688044110855944,0.00014,0.00001,0.00001,0,465.4571226608523
"2026-03-01","616440",,"The Better Home Anti Fall Solid Tumbler with Lid","1 pc","Kitchen & Dining Needs","The Better Home",,,799,1695,,42.69171,52.86135693215339,0.002146700387129842,0.00174,0.00101,0.00147,0,799
"2026-03-01","630177",,"The Better Home Steel Wall Bottle for Fridge","1 pc","Kitchen & Dining Needs","The Better Home",,,399,1099,,34.13791,63.69426751592357,0.012605269321077004,0.00788,0.00912,0.01323,0,399
"2026-03-01","619358",,"Chumbak Couple Goals Mug (Ceramic)","1 pc","Kitchen & Dining Needs","Chumbak",,,326.31941932701517,395,,69.50473,16.040200268670443,0.03010251497661285,0.04325,0.12595,0.18264,0,333.1999287975
"2026-03-01","707514",,"HAZEL Stainless Steel Fork Set","6 pieces","Kitchen & Dining Needs","Hazel",,,136.31665445491026,319,,70.91032,57.48361079924813,0.07415755625765687,0.05391,0.04438,0.04597,0.04084,22.597094236096456
"2026-03-01","428958",,"Polyset Cylinder Trolley (Plastic)","1 pc","Kitchen & Dining Needs","Polyset",,,194.7689784946236,239,,5.11202,18.506703558734888,0.00011315566491861805,0.00016,,,,194.87578844635726
"2026-03-01","607857",,"Cutting Edge Plastic Kitchen Storage Container Set","6 pcs","Kitchen & Dining Needs","Cutting Edge",,,549,1350,,37.28427,59.33333333333333,0.050837070215236355,0.03559,0.01282,0.01506,0.00785,91.5
"2026-03-01","691923",,"Glasafe Glass 500 ml Bowl (Mist Green)","1 pc","Kitchen & Dining Needs","Glasafe",,,299,1149,,13.61426,73.97737162750217,0.011565804360800088,0.00518,0.00243,0.00352,0,298.99999999999994
"2026-03-01","625484",,"New Dawn Stainless Steel Apple Shaped 4 Section Dinner Plate (Silver)","1 pc","Kitchen & Dining Needs","New Dawn",,,699,1500,,33.41505,53.4,0.0015949909307343,0.00128,0.0003,0.00043,0,699
"2026-03-01","717783",,"Shree Shyam Stainless Steel Dessert Spoon Set (6 units)","6 pcs","Kitchen & Dining Needs","Shree Shyam",,,189,399,,57.65836,52.63157894736842,0.0021825645404835946,0.00178,0.00002,0.00003,0,31.5
"2026-03-01","595687",,"Jarsome Premium Mandala Design Kitchen Canister Set","2 pcs","Kitchen & Dining Needs","jarsome",,,492.15385944700455,699,,44.64889,29.591722539770448,0.00250164471705629,0.00303,0.00448,0.00542,0.00237,245.53370015476762
"2026-03-01","567707",,"Nestasia Rose Crystal Wine Glass Set (300ml, Mauve)","6 pcs","Kitchen & Dining Needs","Nestasia",,,1265.9644117220412,2500,,10.27351,49.364232075897014,0.010229989107637642,0.00889,0.00238,0.00033,0.00694,207.89064393984827
"2026-03-01","188764",,"Fackelmann Peeling Knife with Rosewood Handle (Stainless Steel)","1 pc","Kitchen & Dining Needs","Fackelmann",,,128.82471029535392,149.6519461290322,,66.01519,13.999873241739705,0.06280016168781108,0.09297,0.31285,0.45368,0,128.8366057025554
"2026-03-01","553643",,"HAZEL Spatula (Plastic)","1 pc","Kitchen & Dining Needs","Hazel",,,108.46489409899227,429,,54.05104,74.71385981665364,0.023017667951304676,0.01001,0.00623,0.00903,0,108.4305695878816
"2026-03-01","629622",,"Boldfit RCB Plastic Sipper Bottle Bottle","800 ml","Kitchen & Dining Needs","Boldfit",,,400,699,,20.57145,42.77539341917024,0.00026061876588105986,0.00026,0.00002,0.00003,0,400
"2026-03-01","627680",,"Parage Stainless Steel Dessert Fork & Knife Set","4 pcs","Kitchen & Dining Needs","Parage",,,319,899,,0.38569,64.51612903225806,0.000053204471500292634,0.00003,,,,79.75
"2026-03-01","566288",,"The Artment Crystal Frost Whiskey Glass Set with Ice Bucket","7 pcs","Kitchen & Dining Needs","The Artment",,,1299.2351631552174,1625,,31.57107,20.04292789919186,0.01750196552015345,0.02417,0.05092,0.05766,0.03594,185.70249643379677
"2026-03-01","697184",,"Wonderchef Stainless Steel Venice Cooking Spoon Set with Stand","1 set","Kitchen & Dining Needs","Wonderchef",,,816.4291139202519,1600,,66.88634,48.93080456876285,0.04410078228019514,0.03892,0.012,0.01741,0,817.8056752879377
"2026-03-01","562193",,"Navum Modak Mould (Silicone)","1 pc","Kitchen & Dining Needs","Navum",,,171.35555555555555,399,,2.24658,57.053745474798106,0.00014168116027868776,0.00011,0,0,0,173.70353761833584
"2026-03-01","561899",,"Hazel Modak Mould Strip (Plastic)","1 pc","Kitchen & Dining Needs","Hazel",,,139,399,,0.43357,65.16290726817043,0.00007084058013934388,0.00004,,,,139
"2026-03-01","582609",,"HAZEL Christmas Baking Silicone Mould (Green) (Silicone)","1 pc","Kitchen & Dining Needs","Hazel",,,,,,0,,0,0,0,0,0,
"2026-03-01","558940",,"House of Quirk Double Insulated Tumbler (Khaki)","1 pc","Kitchen & Dining Needs","House of Quirk",,,1099,1999,,35.638,45.02251125562782,0.03428535917180017,0.03245,0.01142,0.01657,0,1099.0000000000002
"2026-03-01","595116",,"ExclusiveLane Ceramic Coral Reef Serving Platter for Snacks (Red)","1 pc","Kitchen & Dining Needs","ExclusiveLane",,,1375,2249,,8.94013,38.86171631836372,0,0,,,,1375
"2026-03-01","631110",,"Speedex Sipper Cap Steel Wall Bottle","1 pc","Kitchen & Dining Needs","Speedex",,,289,549,,7.24511,47.35883424408014,0.003783877859836346,0.00343,0.0034,0.00275,0.00485,289
"2026-03-01","722498",,"Cello Melamine Round Trioplate Kids Plate (Multicolour)","1 pc","Kitchen & Dining Needs","Cello",,,299,369,,67.16593,18.97018970189702,0.01551424293530168,0.02164,0.00776,0.01126,0,299
"2026-03-01","563756",,"Cutting Edge Glass Silica Oil Dispenser","2 pcs","Kitchen & Dining Needs","Cutting Edge",,,305.94672664772855,599,,64.85966,49.02184607231337,0.0640131404402838,0.05585,0.03338,0.04609,0.00514,152.63580218275106
"2026-03-01","552720",,"Femora Gold Line Coffee Mug (Ceramic)","2 pcs","Kitchen & Dining Needs","Femora",,,303.75438860052446,600,,37.19283,48.80130126452766,0.017665098948042406,0.0163,0.01402,0.01324,0.01575,158.6464730909844
"2026-03-01","569228",,"Amaya Decors Iron Elephant Design Tray Set (Golden)","2 pcs","Kitchen & Dining Needs","Amaya Decors",,,999.0731450526945,1499,,45.69842,33.35098814133208,0.013682331099423413,0.01568,0.00231,0.00334,0,998.5391161244145
"2026-03-01","607720",,"WonderStand Kitchen & Bathroom 2 Tier Organizer","1 pc","Kitchen & Dining Needs","WonderStand",,,559,599.0757887096775,,35.45298,6.688494185817674,0.03293540580776787,0.05288,0.00403,0.00584,0,559.0000000000002
"2026-03-01","607852",,"Cutting EDGE Rectangle Glass Lunch Box Set","2 pcs","Kitchen & Dining Needs","Cutting Edge",,,649,1250,,47.62245,48.080000000000005,0.018841628535352935,0.01684,0.0099,0.00209,0.02724,324.49999999999994
"2026-03-01","546522",,"Solara Insulated Tumbler Green","1 pc","Kitchen & Dining Needs","Solara",,,1777.8438823609608,3499,,42.28831,49.16124655713613,0.040809403935020444,0.03501,0.02823,0.04094,0,1797.2587988754444
"2026-03-01","757246",,"Two Moustaches Metal Serving Tray Set (Multicolor)","2 pcs","Kitchen & Dining Needs","Two Moustaches",,,695,1595,,18.15182,56.426332288401255,0.00009439498426301891,0.00007,,,,695
"2026-03-01","672104",,"Home Lane Stainless Steel Straw with Brush","10 pcs","Kitchen & Dining Needs","HomeLane",,,205,279,,31.6422,26.523297491039433,0.008129887263523773,0.01028,0.07895,0.1145,0,20.499999999999996
"2026-03-01","740747",,"Yellocut Plastic Jug Set (‎Transparent)","1 set","Kitchen & Dining Needs","Yellocut",,,399,499,,11.73997,20.04008016032064,0.00041344373531520146,0.00057,,,,398.99999999999994
"2026-03-01","599911",,"Kuber Industries Cylinder Cover (PVC)","1 pc","Kitchen & Dining Needs","Kuber Industries",,,259,1099,,0.52666,76.43312101910828,0.0006504074288797567,0.00026,,,,259
"2026-03-01","567169",,"Judge by Prestige ACE 3 ltr Pressure Cooker (Aluminium)","1 unit","Kitchen & Dining Needs","Judge",,,987.4016164545505,1370.426022419355,,32.89767,27.766184511662438,0.10737724016470979,0.1345,0.05568,0.04244,0.08509,990.9537451423154
"2026-03-01","620883",,"Cello H2O Plastic Bottle Set","1 ltr","Kitchen & Dining Needs","Cello",,,399.19088565823813,591,,19.73059,32.47638164568367,0.16368211818729186,0.19023,0.04672,0.06526,0.00553,133.01668383065015
"2026-03-01","548897",,"Nayasa Fusion Bread Box (Plastic)","1 pc","Kitchen & Dining Needs","Nayasa",,,242.326570763217,279,,63.90523,13.260109488854647,0.02441212304819895,0.03667,0.00697,0.00591,0.00932,241.94036769801502
"2026-03-01","625707",,"Borosil Vera 100% Pure Copper Bottle","1 pc","Kitchen & Dining Needs","Borosil",,,1147.281668002106,1643.570978,,4.59087,30.195627764715297,0.00518417792600072,0.00621,0.00095,0.00137,0,1140.6860654898926
"2026-03-01","712036",,"Cello Melamine Multipurpose Buffet Serving Platter (Black)","1 pc","Kitchen & Dining Needs","Cello",,,899,1050,,60.13663,14.380952380952388,0.011589891755955288,0.01708,0.00485,0.00704,0,449.5
"2026-03-01","628272",,"Cutting Edge Utensil Basket with Cutlery Holder & Tray (Stainless Steel)","1 pc","Kitchen & Dining Needs","Cutting Edge",,,1249,2999,,36.13663,58.35278426142049,0.34592528383671745,0.248,0.04196,0.02023,0.09021,1249
"2026-03-01","603352",,"The Better Home Insulated Thermal Bottle","1 pc","Kitchen & Dining Needs","The Better Home",,,799,2170,,0.73358,63.17972350230415,0.0007063342026739756,0.00045,,,,798.9999999999998
"2026-03-01","663135",,"Hazel Stainless Steel Lunch/Dinner Plate with 5 Divider (Silver)","1 pc","Kitchen & Dining Needs","Hazel",,,371.0136589271398,450,,66.4891,17.396650533789245,0.03801415217771955,0.05444,0.01678,0.02434,0,372.20382305458486
"2026-03-01","624364",,"Shalimar Pressfit Small Zip Lock Bag (Plastic)","15 pcs","Kitchen & Dining Needs","Shalimar",,,94,99,,39.17441,5.050505050505057,0.007296569989360171,0.01193,0.09473,0.13738,0,6.266666666666666
"2026-03-01","756488",,"Ramila Stainless Steel Aura Insulated Casserole (White)","1 pc","Kitchen & Dining Needs","Ramila",,,359,529,,26.41414,32.136105860113425,0.000876600158447486,0.00102,0.00072,0.00044,0.00136,359.0000000000001
"2026-03-01","492405",,"Skip Hop Butterfly Kids Bottle Sipper (Plastic)","1 pc","Kitchen & Dining Needs","Skip Hop",,,663.4887486707943,799,,24.63206,16.960106549337393,0.0019306953852036555,0.00278,0.00067,0.00096,0.00002,674.3256986151973
"2026-03-01","760437",,"Rousrie Wood Modern Coasters (Multicolour)","6 pcs","Kitchen & Dining Needs","Rousrie",,,379,999,,15.19084,62.06206206206206,0.0019419240610190254,0.00127,0.00152,0.00009,0.0047,379
"2026-03-01","690928",,"Glasafe Glass 1.6 l Serving Bowl (Light Grey)","1 pc","Kitchen & Dining Needs","Glasafe",,,799,1949,,16.80182,59.00461775269369,0.00910288547246268,0.00642,0.00286,0.00415,0,798.9999999999995
"2026-03-01","620547",,"Sizzle Steel Wall Bottle","1 pc","Kitchen & Dining Needs","Sizzle",,,297,340.583064516129,,30.68898,12.796415029768582,0.0009380242677877065,0.00143,0.03741,0.00885,0.10086,297
"2026-03-01","556581",,"Birch & Co. Mandala Coaster Set – Re-engineered Wood (Brown)","6 pcs","Kitchen & Dining Needs","Birch & Co.",,,355.9148511798928,799,,59.65296,55.06928666814844,0.018453543952274484,0.01469,0.01414,0.01061,0.02197,61.44044744673934
"2026-03-01","639075",,"Boldfit Gym Shaker Water Bottle","700 ml","Kitchen & Dining Needs","Boldfit",,,638.6803475955362,999,,29.14474,36.82477180412136,0.19541567839902377,0.21321,0.26828,0.07381,0.70027,630.7708584595022
"2026-03-01","646018",,"Chumbak Dessert Ceramic Bowl Gift Set (Multicolour, 160 ml, 6 pcs)","6 pcs","Kitchen & Dining Needs","Chumbak",,,928.3371375661376,1599,,48.38057,41.957981152577645,0.04648139506712945,0.04657,0.02773,0.04022,0,154.7843478300952
"2026-03-01","620711",,"House of Quirk Cutlery Organiser (Plastic)","1 pc","Kitchen & Dining Needs","House of Quirk",,,899,1299,,7.22895,30.792917628945343,0.0007303326476270453,0.00087,,,,899
"2026-03-01","562791",,"Pasabahce Amber Red Wine Glass Set (365 ml)","2 pcs","Kitchen & Dining Needs","Pasabahce",,,599,649,,19.28203,7.70416024653312,0.0015939705778168544,0.00253,0.00203,0.00295,0,299.5
"2026-03-01","606684",,"Cutting EDGE Rectangle Glass Lunch Box Set","2 pcs","Kitchen & Dining Needs","Cutting Edge",,,599,1100,,32.6458,45.54545454545455,0.018762368933986456,0.01759,0.01624,0.00357,0.04439,299.49999999999994
"2026-03-01","586724",,"New Dawn Colander for Kitchen (ABS Plastic)","1 pc","Kitchen & Dining Needs","New Dawn",,,310,600,,5.2988,48.333333333333336,0.00037284515862812573,0.00033,0,0,0,310
"2026-03-01","544636",,"Milton Stainless Steel, Plastic Ernesto Casserole Set (Grey)","3 pcs","Kitchen & Dining Needs","Milton",,,1003.6031890270402,2999,,61.69847,66.43555085513694,0.4821227834645506,0.27931,0.11434,0.0778,0.19551,335.6262981102418
"2026-03-01","539793",,"Bottle Opener Full Houz","1 pc","Kitchen & Dining Needs","fullhouz",,,108.25688819556052,149,,86.61568,27.283512373400175,0.006428466616987192,0.00806,0.00559,0.00811,0,108.35464694331607
"2026-03-01","578066",,"Oliveware Stainless Steel Infinite Lunch Box","1 set","Kitchen & Dining Needs","Oliveware",,,599,1130,,0.14288,46.991150442477874,0.00013375092129998115,0.00012,,,,599
"2026-03-01","649699",,"Cutting Edge Glass Regalia Serving Bowl (Transparent)","1 pc","Kitchen & Dining Needs","Cutting Edge",,,295,475,,46.25739,37.89473684210526,0.04040223127772804,0.04319,0.03221,0.0224,0.05399,294.99999999999994
"2026-03-01","587622",,"Kuber Industries Bunny Design Kids Bottle (Plastic)","1 pc","Kitchen & Dining Needs","Kuber Industries",,,785,1499,,0.01272,47.631754503002,0.0000887135342267808,0.00008,,,,785
"2026-03-01","552794",,"Femora Glass Oil Dispenser with Silicone Brush & Dropper","1 pc","Kitchen & Dining Needs","Femora",,,356.21273936283797,432.10688995967746,,63.47009,17.769550495426213,0.019775345908922545,0.0283,0.00959,0.01391,0,101.42219541051925
"2026-03-01","558609",,"Nestasia Ceramic Mandala Serving Platter (Pink, Blue)","1 pc","Kitchen & Dining Needs","Nestasia",,,579.145500419304,1145,,61.472,49.41089297139269,0.08030730638230853,0.06981,0.07712,0.04185,0.15544,144.845581263559
"2026-03-01","650076",,"Sipologie Stainless Steel, Ceramic Tea Pot with Infuser (White)","1 pc","Kitchen & Dining Needs","Sipologie",,,899,1399,,4.12251,35.7398141529664,0.0012561817413654537,0.00139,0.00052,0.00076,0,899.0000000000001
"2026-03-01","635696",,"FunBlast Kids Kids Bottle (Polypropylene, Silicone)","1 pc","Kitchen & Dining Needs","FunBlast",,,444,699,,1.06809,36.48068669527897,0,0,,,,444.00000000000006
"2026-03-01","565907",,"Treo Glass by Milton All Fresh Borosilicate Lunch Box","1 pc","Kitchen & Dining Needs","Treo",,,743.2543655714597,1449.5398468548387,,73.8974,48.643719201106954,0.26253049374531745,0.2311,0.2601,0.35654,0.04587,744.4611422788898
"2026-03-01","619142",,"Kuber Industries Plastic Dry Fruit Serving Tray (Black)","1 pc","Kitchen & Dining Needs","Kuber Industries",,,299,1299,,0.0023,76.98229407236336,0,0,,,,299
"2026-03-01","544638",,"Milton Hector Plastic Bottle","1 unit","Kitchen & Dining Needs","Milton",,,,,,0,,0,0,0.00007,0.0001,0,
"2026-03-01","713733",,"Gluman Plastic Mixing Bowl (Multicolor)","4 pcs","Kitchen & Dining Needs","Gluman",,,329,386,,28.748,14.766839378238334,0.005947560811305758,0.00873,0.00577,0.00837,0,82.25000000000001
"2026-03-01","496183",,"Ocean White Wine Glass","6 pcs","Kitchen & Dining Needs","O'cean",,,1049,1152,,11.75467,8.940972222222221,0.00047724180304400086,0.00075,,,,174.8333333333333
"2026-03-01","547405",,"Ek Do Dhai Mother's Day Printed Transparent Glass Bottle","1 pc","Kitchen & Dining Needs","EK DO DHAI",,,650,650,,7.50817,0,0.00015387266432988656,0.00026,0.00033,0.00047,0,650
"2026-03-01","597842",,"Bear Grips Plastic Oil Dispenser","2 pcs","Kitchen & Dining Needs","Bear Grips",,,348,500,,19.20331,30.4,0.0005079768498322264,0.00061,0.00011,0.00016,0,173.99999999999997
"2026-03-01","659996",,"Trisara Stainless Steel 14 cm Milk Warmer Jug (Silver)","1 pc","Kitchen & Dining Needs","Trisara",,,1109,1781.3973799126638,,12.60723,37.745501789478844,0.002305865144623171,0.00248,0.00029,0.00042,0,1109
"2026-03-01","603124",,"Cutting Edge Borosilicate Glass Bottle with Black Sleeve","1 pc","Kitchen & Dining Needs","Cutting Edge",,,285,500,,55.83004,43,0.05351875671058007,0.05251,0.13209,0.07882,0.25042,285
"2026-03-01","568405",,"Wonderchef Stainless Steel Venice Plate Set (Silver)","6 pcs","Kitchen & Dining Needs","Wonderchef",,,1021.8826823268993,2000,,57.41361,49.625500984565036,0.059020678607123095,0.0508,0.00218,0.00317,0,165.02892803981146
"2026-03-01","566479",,"Judge by Prestige Stainless Steel Sparkle Fork Set","6 pcs","Kitchen & Dining Needs","Judge",,,276.97609684378693,300,,73.42974,7.471699719398043,0.01903777722449309,0.03062,0.02616,0.03423,0.00826,46.36119215353085
"2026-03-01","604036",,"Steellock Stainless Steel Smart Meal Lunch Box","1 pc","Kitchen & Dining Needs","Steel Lock",,,687.3962711864407,899,,1.39767,23.537678399728517,0,0,0.00037,0.00001,0.00118,687.3962711864407
"2026-03-01","624229",,"Milton Stainless Steel Casserole Set (Ivory)","3 pcs","Kitchen & Dining Needs","Milton",,,969,1200,,62.43194,19.250000000000004,0.16934745900458822,0.2354,0.04681,0.05384,0.03118,968.9999999999999
"2026-03-01","617379",,"Borosil Time Marker Glass Bottle with Blue Husk Lid","1 pc","Kitchen & Dining Needs","Borosil",,,528.577279087457,595,,65.3173,11.195606537798446,0.03782408619102444,0.05791,0.05719,0.03256,0.1119,528.5100274341411
"2026-03-01","579844",,"Oliveware Stainless Steel Mega Lunch Set","4 pcs","Kitchen & Dining Needs","Oliveware",,,,,,0,,0,0,,,,
"2026-03-01","696531",,"Larah by Borosil Opalware Golden Lush Dinner Set (Multicolour)","1 set","Kitchen & Dining Needs","Larah",,,2131.9817289246844,3095,,71.52692,31.090911510962595,0.06358072190466472,0.076,0.02589,0.02264,0.03312,82.25305141498481
"2026-03-01","653064",,"Cutting Edge Borosilicate Glass Bowl (800 ml)","1 pc","Kitchen & Dining Needs","Cutting Edge",,,245,375,,50.6562,34.66666666666666,0.029821853475366453,0.03354,0.05331,0.02516,0.11584,244.99999999999997
"2026-03-01","528897",,"Fackelmann Quartz Non Stick Fry Pan -26 cm (Aluminium)","1 pc","Kitchen & Dining Needs","Fackelmann",,,978.2858061469552,1663.949225766129,,41.46792,41.84571776453199,0.04625214926834851,0.04502,0.04769,0.06915,0,939.9656722013015
"2026-03-01","574438",,"Nestroots Stainless Steel & Teak Wood Cake Server Set (2 pcs, Brown & Golden)","2 pcs","Kitchen & Dining Needs","Nestroots",,,699,2990,,11.05143,76.62207357859532,0.0013873156447424932,0.00056,0.00001,0.00001,0.00003,699
"2026-03-01","539713",,"Big Blue Apron (Cotton)","1 pc","Kitchen & Dining Needs","Big Blue",,,189,298.2437727822581,,79.16143,36.95279160259483,0.14196763141768687,0.15108,0.19341,0.28048,0,189
"2026-03-01","170657",,"Prestige Omega DlxGranite Nonstick Kadai, 24 cm (Granite)","1 unit","Kitchen & Dining Needs","Prestige",,,1356.5455899711685,1721.0106818951613,,74.19842,21.448809531362166,0.18445623478288026,0.25429,0.04773,0.0531,0.0358,1351.5381211910965
"2026-03-01","687823",,"Femora Ceramic Bowl Set (Green)","2 pcs","Kitchen & Dining Needs","Femora",,,318.4057275519236,510,,66.12323,37.57518996184273,0.019325684349988832,0.02075,0.00976,0.0141,0.00012,159.15412233772153
"2026-03-01","607165",,"Nestasia Thermal Insulated Lunch Bag (7ltrs, Blue)","7 ltrs","Kitchen & Dining Needs","Nestasia",,,491.79301859612957,785,,74.51402,37.34474949503534,0.06138661745143097,0.06637,0.07229,0.02884,0.1688,491.64584787785776
"2026-03-01","452783",,"Alina PVC Floral Table Cover (Transparent)","1 pc","Kitchen & Dining Needs","alina",,,599,599,,9.40485,0,0.00007089988027409712,0.00012,,,,599
"2026-03-01","708207",,"Tied Ribbons Cotton Coaster Set with Holder (White & Beige)","1 set","Kitchen & Dining Needs","Tied Ribbons",,,399,1499,,2.52424,73.3822548365577,0,0,,,,399
"2026-03-01","416297",,"Princeware Plastic Jug (Green) - with 4 Glasses","1 set","Kitchen & Dining Needs","Princeware",,,170,238,,0.77574,28.571428571428573,0.000035213094688662886,0.00004,,,,170
"2026-03-01","577751",,"Glasafe SYP Glass Bottle","1 pc","Kitchen & Dining Needs","Glasafe",,,399,1949,,1.80434,79.52796305797845,0,0,,,,399
"2026-03-01","544639",,"Milton Pacific Pet Plastic Bottle Set","6 pcs","Kitchen & Dining Needs","Milton",,,269,270,,24.42928,0.37037037037037684,0.09466790088259402,0.16236,0.12509,0.1359,0.10108,44.833333333333336
"2026-03-01","546049",,"Cello Classix Whiskey Glass Set (325 ml)","6 pcs","Kitchen & Dining Needs","Cello",,,497.83664249178975,515.1164725000001,,78.04648,3.229941891292192,0.18749231663804064,0.3125,0.66374,0.41759,1.21053,83.12627302652095
"2026-03-01","521102",,"The Artment Minimal Frosted Beer Mug Set (Glass)","4 pcs","Kitchen & Dining Needs","The Artment",,,997.2933099362804,999,,26.42795,0.17080583470191327,0.002961896143766921,0.00508,0.00266,0.00386,0,249.61778250650443
"2026-03-01","601134",,"Thermador 3 Burners Automatic Ignition Gas Stove","1 unit","Kitchen & Dining Needs","Thermador",,,2899,9000,,3.63667,67.78888888888889,0.019704866633496444,0.01093,0.00002,0.00003,0,2899
"2026-03-01","553679",,"Hazel Heart Shape Cake Mould (Aluminium)","1 pc","Kitchen & Dining Needs","Hazel",,,176.876874780092,453.5950312280702,,26.31856,60.687558317457665,0.05239663890290252,0.03572,0.05526,0.08014,0,178.85550820734807
"2026-03-01","607089",,"Cutting Edge Glass 2 Compartments Lunch Box","1 pc","Kitchen & Dining Needs","Cutting Edge",,,495,795,,59.11861,37.73584905660377,0.08883121498910797,0.09521,0.09874,0.08051,0.13921,495.00000000000006
"2026-03-01","607643",,"Brick Brown Ikat Bloom Masala Box (Wood)","1 pc","Kitchen & Dining Needs","brick brown",,,2599,4499,,4.62798,42.23160702378306,0,0,0.00013,0.00019,0,2599
"2026-03-01","565935",,"Pasabahce Karat Whiskey Glass Set with Ice Bucket & Tong","8 pcs","Kitchen & Dining Needs","Pasabahce",,,949,1700,,7.58356,44.1764705882353,0.000603654421440926,0.00058,0,0,0,118.625
"2026-03-01","739622",,"Two Moustaches Metal Serving Tray (Multicolour)","2 pcs","Kitchen & Dining Needs","Two Moustaches",,,645,1595,,5.36869,59.56112852664577,0.00091185533137548,0.00063,,,,645
"2026-03-01","521100",,"The Artment Amethyst Noir Glass Set (Glass)","4 pcs","Kitchen & Dining Needs","The Artment",,,1197.7068965517242,1199,,32.37275,0.09978299991444545,0.005587200284041638,0.00962,0.00008,0.00011,0,299.7488115291559
"2026-03-01","620031",,"ExclusiveLane Ceramic Whispers of Warli Bowl Set (Cream)","4 pcs","Kitchen & Dining Needs","ExclusiveLane",,,999,1449,,25.83222,31.055900621118013,0.0022107480835696085,0.00262,0.01769,0.01116,0.03217,249.75
"2026-03-01","582182",,"Rabitat Stainless Steel Lunch Box For Kids","1 pc","Kitchen & Dining Needs","Rabitat",,,1088.301204819277,1088.301204819277,,11.95038,0,0.00048378310503416084,0.00083,0,0,0,208.965243096707
"2026-03-01","400408",,"Vinayak Stainless Steel Oil Dispenser for Kitchen","1 pc","Kitchen & Dining Needs","Vinayak",,,476.8310752688173,849,,7.5005,43.836151322871935,0.0008541705038856727,0.00083,,,,476.4885014138907
"2026-03-01","605702",,"Bombay Kookware Greblon Coating Roti Tawa (Aluminium)","1 unit","Kitchen & Dining Needs","Bombay Kookware",,,589,990,,2.41075,40.505050505050505,0.00020506483724546916,0.00021,,,,589
"2026-03-01","499179",,"Vahdam Sparkle Tea Infuser Mug (Glass)","1 pc","Kitchen & Dining Needs","Vahdam",,,1499,1499,,2.29625,0,0,0,,,,1499
"2026-03-01","701368",,"Nestasia Aluminium Decorative Bloom Bowl","1 pc","Kitchen & Dining Needs","Nestasia",,,1465.1724720044256,2250,,42.63247,34.87680843226424,0.0167591430923483,0.0188,0.04842,0.0055,0.14378,1465.1432112591333
"2026-03-01","546526",,"Solara Triple Vacuum Insulated Thermal Bottle","1 pc","Kitchen & Dining Needs","Solara",,,1214.745065216697,2996.4879992741935,,58.25903,58.98619674076415,0.14216421029912196,0.09641,0.09698,0.05977,0.17963,1231.6197803561943
"2026-03-01","572536",,"BeastLife Protein Gym Shaker for Workout","1 pc","Kitchen & Dining Needs","BeastLife",,,249.00048963133642,499,,51.57999,50.09984364148513,0.06832776817715074,0.05869,0.22506,0.32367,0.00602,249.00197204570827
"2026-03-01","548702",,"Prestige PIC 20 Neo Induction Cooktop (1600 W)","1 unit","Kitchen & Dining Needs","Prestige",,,2202.499885496763,2977.4747442758617,,19.68888,26.107604498142468,0.44484237351466105,0.56367,0.08969,0.10693,0.0514,2197.069312890721
"2026-03-01","611823",,"Yellocut Power Free Hand Blender (Stainless Steel, Plastic)","1 pc","Kitchen & Dining Needs","Yellocut",,,249,399,,9.60417,37.59398496240601,0.00012987439692213045,0.00014,,,,249.00000000000003
"2026-03-01","634102",,"Earth Chakra Hand Engraved Copper Bottle","1 pc","Kitchen & Dining Needs","earth chakra",,,999,1499,,46.25645,33.3555703802535,0.022427971432240276,0.02573,0.24516,0.01834,0.74901,999
"2026-03-01","586800",,"The Better Home Thermo Thermal Bottle","1 pc","Kitchen & Dining Needs","The Better Home",,,699,2199,,0.0052,68.21282401091405,0.0006077571385483445,0.00033,0,0,0,698.9999999999999
"2026-03-01","570722",,"Birch & Co. Royal Gaja Gift Set – Serving Tray, Tissue Box & Laddo Candles (Green, Box)","4 pcs","Kitchen & Dining Needs","Birch & Co.",,,1111.5997629674,2499,,65.57678,56.890144808295425,0.11172834423117194,0.07733,0.03827,0.00265,0.11739,1012.4700228099331
"2026-03-01","745494",,"ADA Wood Serving Tray Set (Brown)","3 pcs","Kitchen & Dining Needs","Ada",,,1437.7096774193549,1999,,15.67424,28.078555406735624,0,0,0.00082,0.00119,0,47923.65591397849
"2026-03-01","589473",,"Nestroots Jar Set","3 pcs","Kitchen & Dining Needs","Nestroots",,,1199,3390,,0.10581,64.63126843657817,0.0002006262044046581,0.00012,,,,1199
"2026-03-01","630102",,"Aravi Ice Cream Mould (Plastic)","1 set","Kitchen & Dining Needs","Aravi",,,139.6553603940387,174,,57.44735,24.834130794329155,0.1433915831828068,0.18467,0.81402,1.18048,0,130.73423873256425
"2026-03-01","566510",,"Cello Opalware Orchard Mixing Bowl Set with Premium Lid (White, Green)","3 pcs","Kitchen & Dining Needs","Cello",,,1000.8548387096774,1299,,8.14838,22.951898482703818,0.0004997012852185046,0.00066,0.00004,0.00006,0,1004.5276339956587
"2026-03-01","691455",,"Nayasa Steel Casserole (Beige)","1 pc","Kitchen & Dining Needs","Nayasa",,,1269,1269,,50.92008,0,0.0005257116736656572,0.0009,0.00014,0.0002,0,1269
"2026-03-01","653212",,"Hubow Stand With Assorted Cutlery (Silver)","25 pcs","Kitchen & Dining Needs","hubow",,,699,1665,,0.00377,58.01801801801802,0.00009853764906600466,0.00007,,,,27.959999999999994
"2026-03-01","630943",,"Irida Naturals Bamboo Bowl With Spoon (Multicolour)","8 pcs","Kitchen & Dining Needs","Irida Naturals",,,575,705.4156238306451,,59.96397,18.287136351536073,0.031390288420904806,0.0444,0.11016,0.04265,0.26011,71.87499999999999
"2026-03-01","587084",,"Lifelong Thermos Steel Wall Bottle","1 pc","Kitchen & Dining Needs","Lifelong",,,944.8581904550908,1899,,70.47932,50.19552293500994,0.010530184144289882,0.00917,0.01018,0.01477,0,950.8594265879659
"2026-03-01","597961",,"Borosil Bracelet Cut Design Glass Set","6 pcs","Kitchen & Dining Needs","Borosil",,,575.8555814895765,748.2284510887096,,69.62525,22.84869888700141,0.09736562114012128,0.1276,0.03018,0.03241,0.02522,96.10826506739762
"2026-03-01","571810",,"House of Quirk Insulated Tumbler with Handle (Neon Pink)","1 pc","Kitchen & Dining Needs","House of Quirk",,,1499,1999,,19.06544,25.012506253126563,0.0010647387132178066,0.00137,0.00044,0.00064,0,1498.9999999999995
"2026-03-01","676271",,"Femora Ceramic Japanese Ramen Bowl (Blue Sapphire)","2 pcs","Kitchen & Dining Needs","Femora",,,376.296376369051,550,,68.43794,31.561031936787646,0.02944329544118157,0.03465,0.01775,0.0257,0.00011,1.1949941352303108
"2026-03-01","627690",,"Parage Ladle Set (Stainless Steel)","3 pcs","Kitchen & Dining Needs","Parage",,,313.18320999367495,549,,26.42241,42.98525544001133,0.007435092263418711,0.00721,0.00503,0.00387,0.00759,103.0218527318546
"2026-03-01","598518",,"Kuber Industries Leather Leaf Table Runner (Golden)","1 pc","Kitchen & Dining Needs","Kuber Industries",,,284,599,,0.07829,52.587646076794655,0,0,,,,284
"2026-03-01","565939",,"Borosil Superhero Kids Kids Bottle with Bag (Stainless Steel)","1 pc","Kitchen & Dining Needs","Borosil",,,859.6218905472637,995,,1.06958,13.605840146003654,0.0003533153516738708,0.00052,0,0,0,870.5730378764226
"2026-03-01","606403",,"Speedex Vacuum Insulated Printed Thermal Bottle","1 pc","Kitchen & Dining Needs","Speedex",,,1045,1045,,1.18517,0,0.00012368978346705804,0.00021,,,,1045
"2026-03-01","581341",,"KoolTech Li'l Sisters Break The Rules Printed Coffee Mug (Ceramic)","1 pc","Kitchen & Dining Needs","kooltech",,,349,999,,1.34841,65.06506506506507,0,0,,,,349
"2026-03-01","595151",,"Smokey Cocktail Whiskey Glass Set","6 pcs","Kitchen & Dining Needs","SMOKEY COCKTAIL",,,2999,3999,,1.1535,25.00625156289072,0,0,0,0,0,499.8333333333334
"2026-03-01","711815",,"Cello Melamine Earthen Series Dinner Set (Black)","6 pcs","Kitchen & Dining Needs","Cello",,,999,1264,,43.10416,20.965189873417728,0.003251805270219179,0.00442,0.00126,0.00182,0,999.0000000000001
"2026-03-01","662357",,"Hazel Stainless Steel Snack Plate Set (Silver)","2 pcs","Kitchen & Dining Needs","Hazel",,,216.0263349520018,669,,58.80631,67.71527873587392,0.028869059212937653,0.01605,0.00841,0.01219,0,107.93006446315498
"2026-03-01","480971",,"Happy Kitchen Stainless Steel Baby Spoon Set (6 pcs, Silver)","6 pcs","Kitchen & Dining Needs","Happy Kitchen",,,237.12626034948374,258.06815842741935,,81.13406,8.120140562071478,0.018175810705885826,0.0288,0.03886,0.05635,0,39.48485587471684
"2026-03-01","604000",,"Irida Naturals Classic Blue Coffee Mug (Rice Husk)","1 pc","Kitchen & Dining Needs","Irida Naturals",,,299,499,,67.65408,40.08016032064127,0.016697823024561867,0.01722,0.2823,0.03797,0.82503,299.00000000000006
"2026-03-01","603946",,"Irida Naturals Rice Husk & Bamboo Fiber Coffee Sipper Cup (Soft Beige, 350 ml)","1 pc","Kitchen & Dining Needs","Irida Naturals",,,299,399,,58.78226,25.06265664160402,0.004421211206910837,0.0057,0.0741,0.05571,0.11497,298.99999999999994
"2026-03-01","588421",,"Nike Big Mouth Plastic Bottle","1 pc","Kitchen & Dining Needs","Nike",,,699,699,,65.45947,0,0.02936236851177477,0.05054,0.04262,0.0618,0,698.9999999999999
"2026-03-01","626999",,"Solara Tumbler with 2 Straws (Blue Hawaii)","1 pc","Kitchen & Dining Needs","Solara",,,1136.4455689212996,1999,,51.05133,43.7136878776049,0.16007309476431458,0.15461,0.08388,0.08793,0.07488,1122.1397100512002
"2026-03-01","585955",,"UPC Melamine Crystal Serving Tray Set (White)","3 pcs","Kitchen & Dining Needs","U.P.C.",,,599,799,,44.54783,25.031289111389242,0.04050207530521176,0.05227,0.01363,0.01976,0,199.66666666666663
"2026-03-01","587121",,"The Better Home Insulated Thermal Bottle with Lid","1 pc","Kitchen & Dining Needs","The Better Home",,,1299,4999,,69.51836,74.01480296059212,0.09455203605373468,0.04229,0.00941,0.01075,0.00642,1299.0000000000005
"2026-03-01","587684",,"Adidas FM9935 Perf Plastic Bottle","1 pc","Kitchen & Dining Needs","Adidas",,,689.2143055555556,699,,16.12065,1.4000035269403142,0.0015513021778634515,0.00263,0.00073,0.00105,0,689.1156266875806
"2026-03-01","579838",,"Oliveware Stainless Steel Container Set","3 pcs","Kitchen & Dining Needs","Oliveware",,,449,1325,,58.06564,66.11320754716982,0.01941386560336535,0.01132,0.00091,0.00132,0,149.66666666666666
"2026-03-01","633693",,"Sipologie Inspire Teapot with Infuser - Transparent, 400 m","1 pc","Kitchen & Dining Needs","Sipologie",,,725.8594974340177,1399,,48.9228,48.0828997480523,0.05314893958727595,0.04754,0.05653,0.06453,0.03875,726.886861785015
"2026-03-01","576483",,"Glasafe Glass Bottle with Silicone Cover","1 pc","Kitchen & Dining Needs","Glasafe",,,699,1449,,63.06001,51.759834368530015,0.06152481392983901,0.05109,0.03419,0.04959,0,699
"2026-03-01","534354",,"The Artment Mandala Dreams Cup & Saucer Set (Glass)","12 pcs","Kitchen & Dining Needs","The Artment",,,1197.1165272053122,1499,,37.04134,20.136279492275023,0.009355320109566537,0.01287,0.00701,0.01016,0,99.8826080331176
"2026-03-01","622054",,"ExclusiveLane Ceramic Pickle & Chutney Jar","1 pc","Kitchen & Dining Needs","ExclusiveLane",,,649,999,,32.56979,35.03503503503504,0.0031679992660065123,0.00354,0.0013,0.00175,0.00031,649
"2026-03-01","596355",,"FunBlast Stainless Steel Portable Cutlery Set with Case","8 pcs","Kitchen & Dining Needs","FunBlast",,,629,1299,,9.01326,51.57813702848345,0.0004743318353535653,0.0004,0.00358,0.00519,0,78.625
"2026-03-01","603807",,"Sanjeev Kapoor Infinity Goblet Wine Glass (Glass)","6 pcs","Kitchen & Dining Needs","Sanjeev Kapoor",,,1029,1495,,13.97487,31.17056856187292,0.0008405288097127242,0.001,,,,171.49999999999997
"2026-03-01","706367",,"Hazel Stainless Steel Snack Plate (Silver)","1 pc","Kitchen & Dining Needs","Hazel",,,98.01100358335732,169,,85.04688,41.61218422464911,0.03827591948423449,0.03872,0.0158,0.02291,0,98.72546438584517
"2026-03-01","539797",,"Cork Wine Bottle Opener Full Houz","1 pc","Kitchen & Dining Needs","fullhouz",,,108.40815584185005,150,,89.97804,27.60408733106122,0.019674316233834397,0.02457,0.01066,0.01546,0,108.60017607213271
"2026-03-01","718590",,"CutTales Stainless Steel 2 Section Plate Set (Silver)","2 pcs","Kitchen & Dining Needs","CutTales",,,389,999,,57.43762,61.06106106106106,0.014410048859671277,0.00966,0.00211,0.00306,0,194.5
"2026-03-01","599700",,"Irida Naturals Wheat Straw Plate Set (Multicolour)","4 pcs","Kitchen & Dining Needs","Irida Naturals",,,499,999,,65.96125,50.05005005005005,0.07925535288467069,0.06815,0.33743,0.13706,0.7825,124.75000000000001
"2026-03-01","701244",,"Tied Ribbons Cotton Coaster Set with Holder (Grey)","6 pcs","Kitchen & Dining Needs","Tied Ribbons",,,399,1499,,22.17358,73.3822548365577,0.0005322812053606848,0.00024,0.00013,0.00019,0,66.5
"2026-03-01","577756",,"Glasafe Glass Lunch Set with Bottle","1 pc","Kitchen & Dining Needs","Glasafe",,,2309,6295,,1.11431,63.320095313741064,0,0,0,0,0,2309
"2026-03-01","662431",,"Parage Stainless Steel Cutlery Set with Gift Box","18 pcs","Kitchen & Dining Needs","Parage",,,1149,1899,,42.46043,39.49447077409162,0.013488020714460598,0.01405,0.00679,0.00434,0.01223,63.83333333333335
"2026-03-01","659422",,"Trisara Stainless Steel 20 cm Casserole / Biryani Pot (Silver)","1 pc","Kitchen & Dining Needs","Trisara",,,1749,3006.0526315789475,,2.54272,41.817385975663136,0.0018994392429199187,0.00196,0.00001,0.00001,0,1748.9999999999998
"2026-03-01","188774",,"Fackelmann Bamboo Solid Spoon","1 pc","Kitchen & Dining Needs","Fackelmann",,,129.85782020310648,146.05633487903225,,48.29583,11.175603052548853,0.005876418936769181,0.00898,0.00516,0.00749,0,129.82753948850777
"2026-03-01","620885",,"Cello Venice Plastic Bottle Set of 3","1 ltr","Kitchen & Dining Needs","Cello",,,249.13807783046244,404.96199513636367,,21.37933,38.387547840876124,0.139653051461344,0.14785,0.06379,0.08901,0.00777,83.1538316992062
"2026-03-01","629718",,"Parage Stainless Steel Cutlery Set with Stand","25 pcs","Kitchen & Dining Needs","Parage",,,598,799,,53.55086,25.15644555694617,0.04435718487751338,0.05715,0.01755,0.00597,0.04326,23.92
"2026-03-01","565196",,"Pasabahce Penguen Mug Set (Glass)","4 pcs","Kitchen & Dining Needs","Pasabahce",,,850.122545585319,999,,46.91823,14.903240224429164,0.004375071618530606,0.0064,0.00012,0.00017,0,212.2886441935288
"2026-03-01","572083",,"Homestrap Anti Slip Placemat (EVA)","1 pc","Kitchen & Dining Needs","Homestrap",,,422.7087704389283,799.6166297580644,,68.36629,47.25098970826953,0.10684506388862951,0.09625,0.03845,0.00592,0.11072,420.98595385693596
"2026-03-01","429203",,"Pasabahce Karat Whisky Glass Set","6 pcs","Kitchen & Dining Needs","Pasabahce",,,645.7189964157706,645.7189964516128,,3.49192,5.550759113123591e-9,0.00004545160028990485,0.00008,0,0,0,112.7346104725415
"2026-03-01","534361",,"The Artment Minimal Tea Cup Set (Glass)","6 pcs","Kitchen & Dining Needs","The Artment",,,997.1527211419578,999,,45.07042,0.18142258288075427,0.007236981165926968,0.01244,0.01323,0.01705,0.00474,166.26892337840246
"2026-03-01","600967",,"Avias Spice Box (Stainless Steel)","1 pc","Kitchen & Dining Needs","Avias",,,2667,3790,,17.59505,29.630606860158313,0.0027386893712838625,0.00332,0.00725,0.00048,0.02228,2666.9999999999995
"2026-03-01","637179",,"Yellocut Plastic Container Set","2 pcs","Kitchen & Dining Needs","Yellocut",,,331,499,,44.60363,33.66733466933868,0.0040396295760348,0.00461,0.00011,0.00016,0,165.49999999999997
"2026-03-01","557106",,"Super Mom by Apex Lemon Squeezer with Bottle Opener (Steel)","1 pc","Kitchen & Dining Needs","super mom by apex",,,201.22901476154976,249,,75.6033,19.24506557500359,0.04959849777316759,0.06894,0.02818,0.04087,0,201.08034104269757
"2026-03-01","615808",,"Femora Borosilicate Straight Visionary Glass Set","6 pcs","Kitchen & Dining Needs","Femora",,,334.3494458735128,660,,56.54435,49.642909998005294,0.3845536950399159,0.33295,0.27702,0.40174,0,55.3931695360153
"2026-03-01","498598",,"Solara Protein Gym Shaker (Blue, Black)","650 ml","Kitchen & Dining Needs","Solara",,,292.96745886592305,999,,50.98536,72.42160747640646,0.12501040900845795,0.0604,0.11356,0.15888,0.01289,272.6032623324092
"2026-03-01","616941",,"Warmfinity Rechargeable Electric Gas Lighter (Stainless Steel)","1 pc","Kitchen & Dining Needs","Warmfinity",,,270,499,,65.01371,45.89178356713428,0.170631410075823,0.15893,0.17166,0.24894,0,269.9999999999999
"2026-03-01","615701",,"New Dawn Plastic Container Set for Fridge","3 pcs","Kitchen & Dining Needs","New Dawn",,,339.57971014492756,700,,55.9793,51.95553905288933,0.19729067338070802,0.16315,0.16671,0.24176,0,112.09030949228898
"2026-03-01","615918",,"Femora Premium Coffee Mug (Ceramic)","1 pc","Kitchen & Dining Needs","Femora",,,240.51894182525484,389.51218046025105,,31.73543,37.92765927197564,0.019864097615391756,0.0215,0.02399,0.01612,0.04145,257.0539877040536
"2026-03-01","697169",,"Lifelong Ceramic Leaf Serving Platter","1 pc","Kitchen & Dining Needs","Lifelong",,,488.3635372344228,1099,,53.54,55.82297338465234,0.024847888135434655,0.01855,0.00507,0.00735,0,479.4330947392342
"2026-03-01","545211",,"FanCode PBKS Official Mug","1 pc","Kitchen & Dining Needs","FanCode",,,171,399,,6.28717,57.142857142857146,0.000023613526713114627,0.00002,,,,171
"2026-03-01","720477",,"CutTales Stainless Steel Dessert Fork Set","6 pcs","Kitchen & Dining Needs","CutTales",,,295,899,,73.8129,67.1857619577308,0.0038461476175053974,0.00217,0.01232,0.00324,0.03249,49.166666666666664
"2026-03-01","595115",,"ExclusiveLane Tea Cups (Ceramic)","6 pcs","Kitchen & Dining Needs","ExclusiveLane",,,949,1825,,29.97837,48,0.0038882413032785726,0.00348,0.01533,0.01316,0.02015,158.16666666666669
"2026-03-01","594593",,"BeastLife Regular Gym Shaker","1 pc","Kitchen & Dining Needs","BeastLife",,,292.0894308943089,699,,0.98839,58.21324307663677,0.00037231252268722843,0.00026,0.00004,0.00005,0,288.12256897331525
"2026-03-01","566504",,"Cello Opalware Opalware Dazzle Lush Fiesta Pudding Set (White)","7 pcs","Kitchen & Dining Needs","Cello",,,529.0286447913019,567.2676458467743,,58.05157,6.811719220855093,0.008899004862459137,0.01407,0.01833,0.02658,0,75.58153504898395
"2026-03-01","663136",,"HAZEL Stainless Steel Mixing Bowl Set (Silver)","1 set (2 pieces)","Kitchen & Dining Needs","Hazel",,,236.01828563875492,399,,52.53755,41.01844194763292,0.02498224111289316,0.02546,0.01227,0.0178,0,234.87378852514212
"2026-03-01","545158",,"Aravi Kulfi Ice Cream Mould (Plastic)","1 pc","Kitchen & Dining Needs","Aravi",,,151.2544807293187,199,,63.22153,23.47982040062005,0.09824520352720181,0.12883,0.49985,0.72487,0,152.30627018378084
"2026-03-01","709805",,"Selvel Steel Casserole Set (Mint Green)","1 set","Kitchen & Dining Needs","Selvel",,,2099,3856,,57.80694,45.56535269709541,0.013480877533857228,0.01263,0.00399,0.00578,0,2099
"2026-03-01","630028",,"Tinums Cylinder Trolley with Wheels (Stainless Steel)","1 pc","Kitchen & Dining Needs","Tinums",,,291,699,,47.84596,58.369098712446345,0.05893921211750815,0.04224,0.00026,0.00038,0,291
"2026-03-01","615642",,"McCoy 3 Burners Ignito Gas Stove","1 unit","Kitchen & Dining Needs","mccoy",,,2699,7790,,0.54645,65.35301668806162,0.0016135911104263752,0.00096,,,,2699
"2026-03-01","541101",,"Ek Do Dhai Couple Beer Mug (Glass)","1 pc","Kitchen & Dining Needs","EK DO DHAI",,,600,600,,18.93895,0,0.00024856343908541715,0.00043,0.00111,0.0016,0,600
"2026-03-01","626418",,"House of Quirk Nylon Insulated Lunch Bag (3.7 ltrs, Dark Blue)","1 pc","Kitchen & Dining Needs","House of Quirk",,,349,499,,55.13993,30.060120240480973,0.01653494739246831,0.01991,0.02089,0.01018,0.04468,349
"2026-03-01","577420",,"Glasafe Glass Bottle with Protective Silicone Sleeve","1 pc","Kitchen & Dining Needs","Glasafe",,,599,1449,,1.2035,58.66114561766736,0.00008575438648446892,0.00006,,,,599
"2026-03-01","692911",,"HomeCloud Stainless Steel Different Shapes Dessert Spoon Set","4 pcs","Kitchen & Dining Needs","HomeCloud",,,299,799,,20.04358,62.57822277847309,0.0004397618097908791,0.00028,0.0002,0.00029,0,74.74999999999999
"2026-03-01","564504",,"Sammsara Leather Square Serving Tray (Tan Brown)","1 pc","Kitchen & Dining Needs","Sammsara",,,,,,0,,0,0,,,,
"2026-03-01","621639",,"Unify Soup & Juice Strainer for Kitchen (Stainless Steel)","2 pcs","Kitchen & Dining Needs","Unify",,,398,599,,54.41448,33.5559265442404,0.11309122484703515,0.12935,0.04119,0.04906,0.02371,398.00000000000006
"2026-03-01","559092",,"House of Quirk Kitchen Trash Dustbin with Lid (Plastic)","1 pc","Kitchen & Dining Needs","House of Quirk",,,799,1499,,50.75781,46.69779853235491,0.025127457022820956,0.02306,0.01393,0.0202,0,799.0000000000002
"2026-03-01","708013",,"HAZEL Stainless Steel Spoon Set","6 pieces","Kitchen & Dining Needs","Hazel",,,156.03119391524234,319,,51.238,51.26830179340316,0.14781902534249955,0.12376,0.06405,0.08468,0.01823,25.90780384727514
"2026-03-01","577213",,"Metro Living Stainless Steel Stainless Steel Dinner Set (Silver)","1 set","Kitchen & Dining Needs","metro living",,,4689,6599,,3.73421,28.94377936050917,0.0003905405674019302,0.00048,0.00002,0.00004,0,4689
"2026-03-01","579511",,"House of Quirk Sippease Insulated Thermal Bottle","1 pc","Kitchen & Dining Needs","House of Quirk",,,1249,1999,,0.36478,37.51875937968985,0.00011830430146864517,0.00013,,,,1249
"2026-03-01","575996",,"Agaro Regency Electric Citrus Juicer (Black, Grey)","350 W","Kitchen & Dining Needs","Agaro",,,3300.188279322934,5999,,26.03673,44.987720304331965,0.020385906665518462,0.01931,0.00047,0.00068,0,3299.9850819346248
"2026-03-01","477762",,"Pasabahce Water Glass Set","6 pcs","Kitchen & Dining Needs","Pasabahce",,,809,918,,0.75667,11.87363834422658,0.00013582216492881723,0.00021,,,,134.83333333333334
"2026-03-01","612698",,"Voiish Kitchen Towel Roll","2 x 80 pulls","Kitchen & Dining Needs","Voiish",,,249,500,,50.09199,50.2,0,0,0.20558,0.22695,0.15813,249.00000000000003
"2026-03-01","635431",,"Flair Vacuum Insulated Thermal Bottle","1 pc","Kitchen & Dining Needs","Flair",,,,,,0,,0,0,,,,
"2026-03-01","566947",,"Philips Home Induction Cooktop (HD4934/00)","1300 W","Kitchen & Dining Needs","Philips Home",,,2372.565314717582,3995,,19.81434,39.64844795640525,0.8674885354375035,0.90021,0.1456,0.09289,0.26269,2407.682437278981
"2026-03-01","573031",,"Cutting EDGE Glass Seal N Kiss Container Set","2 pcs","Kitchen & Dining Needs","Cutting Edge",,,332.9354896423865,750,,54.92938,55.99094278349932,0.11748307609561184,0.08886,0.05983,0.08488,0.00417,164.91232561525166
"2026-03-01","633976",,"BTWIN Cycling Plastic Sipper Bottle","1 pc","Kitchen & Dining Needs","BTWIN",,,179.0430839650579,199,,83.6567,10.024640799922311,0.07890611415094313,0.12218,0.19858,0.28798,0,179.05084157408538
"2026-03-01","534416",,"The Artment Impressionist Scotch Savvy Whiskey Glass Set (Glass)","4 pcs","Kitchen & Dining Needs","The Artment",,,992.8611114053673,999,,24.60607,0.5846661780848718,0.00955033588206041,0.01636,0.01264,0.00017,0.04035,993.9473558515726
"2026-03-01","613892",,"averX Plastic Pull & Chop Vegetable & Fruit Chopper (1000 ml)","1 pc","Kitchen & Dining Needs","averx",,,249,699,,48.11407,64.37768240343348,0.2162974458670814,0.13264,0.10741,0.11224,0.09669,249.00000000000006
"2026-03-01","452793",,"Alina PVC Abstract Table Cover","1 pc","Kitchen & Dining Needs","alina",,,699,699,,30.01355,0,0.00028957640653451096,0.0005,0.00062,0.0009,0,699
"2026-03-01","496185",,"Ocean Connexion Double Rock Whiskey Glass Set","6 pcs","Kitchen & Dining Needs","O'cean",,,821,949,,0.00288,13.487881981032666,0,0,,,,136.83333333333334
"2026-03-01","556805",,"Birch & Co. Heritage Serving Tray with Four Coaster Set – Wood & Vegan Leather (Tan)","1 set","Kitchen & Dining Needs","Birch & Co.",,,678.2824586503571,1499,,61.2486,54.83224814400187,0.25528951780983394,0.19856,0.11946,0.14517,0.06234,676.9498896524216
"2026-03-01","568255",,"Boldfit Tumbler With Lid & Straw (Blue, Pink)","1.2 ltr","Kitchen & Dining Needs","Boldfit",,,984.1887122545546,2299,,46.15663,57.60675200565418,0.9736255805735237,0.71094,0.29824,0.16788,0.58783,324.77805456011833
"2026-03-01","545151",,"Aravi Flexible Honeycomb Ice Tray (Silicone)","1 pc","Kitchen & Dining Needs","Aravi",,,88.11249098468367,149,,84.73324,41.559351881649434,0.8662067193486654,0.88326,2.46542,3.5753,0,87.07656569634234
"2026-03-01","624193",,"Milton Plastic Vintage Container Set","3 pcs","Kitchen & Dining Needs","Milton",,,258.9998887888615,430,,80.7411,39.76753160177563,0.7116048437473526,0.73782,0.66131,0.76856,0.42309,86.3332047041216
"2026-03-01","562773",,"Agaro Scissor & Knife Set (Stainless Steel)","6 pcs","Kitchen & Dining Needs","Agaro",,,772.0952380952381,849,,0.09132,9.05827584272814,0.0006890787511873522,0.00111,0.00005,0.00008,0,131.98950509481242
"2026-03-01","581898",,"Mad Over Print MDF Bloom & Melon Coaster Set (Yellow, Green)","2 pcs","Kitchen & Dining Needs","Mad Over Print",,,119,149,,1.49754,20.13422818791946,0,0,,,,59.5
"2026-03-01","617827",,"Warmfinity Stainless Steel Straw with Cleaning Brush","10 pcs","Kitchen & Dining Needs","Warmfinity",,,200,399,,49.37565,49.87468671679198,0.09110432550900037,0.07861,0.32748,0.47491,0,20
"2026-03-01","544635",,"Milton Aqua 1000 Steel Wall Bottle","950 ml","Kitchen & Dining Needs","Milton",,,339.97288928815516,440.95670995671,,24.90664,23.047871015277188,0.08831946121781883,0.11691,0.11275,0.16351,0,339.1482925430992
"2026-03-01","662369",,"HAZEL Steel Serving Bowl Set - 600 ml, 2 Pcs","2 pcs","Kitchen & Dining Needs","Hazel",,,304.4934684088527,749,,69.02932,59.39482990749889,0.03423696866393371,0.02398,0.00819,0.01188,0,152.05938688673243
"2026-03-01","561892",,"Hazel Modak Mould (Plastic)","45 g","Kitchen & Dining Needs","Hazel",,,152,399,,0.11509,61.904761904761905,0.00009445410685245851,0.00006,,,,337.7777777777778
"2026-03-01","744876",,"Palak Greens Bagasse Round Disposable Plates (White)","25 pcs","Kitchen & Dining Needs","Palak Greens",,,349,599,,11.12028,41.73622704507513,0.003408151495858593,0.00342,0.00009,0.00013,0,349.00000000000006
"2026-03-01","691708",,"Nayasa Melamine Tray & Bowl Set (Multicolour)","1 set","Kitchen & Dining Needs","Nayasa",,,865,865,,49.19557,0,0.00007678834814603065,0.00013,0,0,0,865
"2026-03-01","562824",,"Cello Plastic Modustack Container Set","9 pcs","Kitchen & Dining Needs","Cello",,,804.7314402610868,1298.99587,,75.02282,38.039357292760904,0.15278584909973578,0.16309,0.0659,0.01351,0.18227,804.9289542085037
"2026-03-01","553237",,"Prestige Nakshatra Essential Svachh Pressure Cooker (Hard Anodised)","1 unit","Kitchen & Dining Needs","Prestige",,,2110.1338483928876,2579.81547266129,,69.68613,18.04839749011453,0.20658393536661943,0.29353,0.05601,0.04184,0.08748,2111.8823732521714
"2026-03-01","619359",,"Chumbak Let's Work Together Mug (Ceramic)","1 pc","Kitchen & Dining Needs","Chumbak",,,332.0953146448004,395,,81.38539,15.175759401719432,0.04799975424468436,0.06922,0.08736,0.12669,0,335.4380882508007
"2026-03-01","701538",,"Tied Ribbons Cotton Coaster Set with Holder (Grey)","6 pcs","Kitchen & Dining Needs","Tied Ribbons",,,399,1499,,5.6338,73.3822548365577,0.00020670251521841477,0.00009,,,,66.5
"2026-03-01","650497",,"Larah by Borosil Opalware Golden Lush Dinner Set (White)","1 set","Kitchen & Dining Needs","Larah",,,1453.6277566884726,2199,,76.69998,34.92373763736838,0.17356298591865432,0.19356,0.08159,0.0691,0.10932,1423.032410982849
"2026-03-01","618723",,"Clearline Dough Kneader / Atta Maker with Non-Stick Bowl (3 ltr, 650 W)","1 unit","Kitchen & Dining Needs","Clearline",,,4099,6645,,25.91061,38.314522197140704,0.002752840087870995,0.00292,,,,4099
"2026-03-01","548989",,"QIPS Polyester Insulated Lunch Bag (7 ltrs, Sea Green)","1 pc","Kitchen & Dining Needs","QIPS",,,334.016889875503,599,,71.34972,44.23909485959416,0.03413459816663702,0.03277,0.0211,0.0306,0,333.9994725636337
"2026-03-01","588394",,"Mad Over Print Cute Couple Teddy Mug Set (Ceramic)","2 pcs","Kitchen & Dining Needs","Mad Over Print",,,229,598.3146928947368,,0.71682,61.73201806597842,0.004711669303472847,0.0031,0.00006,0.00009,0,114.49999999999996
"2026-03-01","500872",,"Homez it Cotton Fridge Bag (Medium) (Cotton)","4 pcs","Kitchen & Dining Needs","Homez it",,,269,279,,0.00871,3.5842293906810037,0,0,,,,67.25
"2026-03-01","624947",,"Zulaxy Chopping Board - 14.7"" x 9.84"" (Stainless Steel)","1 pc","Kitchen & Dining Needs","Zulaxy",,,699,3399,,0.69523,79.4351279788173,0,0,,,,699
"2026-03-01","629144",,"New Dawn Plastic Container Set","3 pcs","Kitchen & Dining Needs","New Dawn",,,541.8551035330261,1200,,64.1656,55.06935397735102,0.09504712098325344,0.07348,0.00596,0.00865,0,538.4097660067021
"2026-03-01","595136",,"ExclusiveLane Tea Cups (Ceramic)","6 pcs","Kitchen & Dining Needs","ExclusiveLane",,,799,1415,,52.81616,43.53356890459363,0.007678803921718495,0.00746,0.03504,0.03671,0.03134,133.16666666666666
"2026-03-01","650682",,"Larah by Borosil Opalware 7"" Dark Forest Serving Bowl (White)","1 pc","Kitchen & Dining Needs","Larah",,,230.1378476855929,290,,66.21686,20.691882682287385,0.008879527076281778,0.01212,0.0081,0.00676,0.01109,229.84559076140832
"2026-03-01","572350",,"Vesta Homes Mika Acacia Wood Reversible Chopping Board (Brown)","1 pc","Kitchen & Dining Needs","Vesta Homes",,,495.7741935483871,999,,70.88845,50.34793878606282,0.02678777007025628,0.02285,0.01405,0.02038,0,495.1032183994043
"2026-03-01","532305",,"Vinayak Cookware Set (Stainless Steel)","3 pcs","Kitchen & Dining Needs","Vinayak",,,668.8976176297381,1280.0983606557377,,2.71979,48.0640932430211,0.008444625746996899,0.00741,0.00003,0.00005,0,218.7837676460512
"2026-03-01","566134",,"Borosil Borosilicate Glass 3 Pcs Serving Bowl Set (Transparent)","3 pcs","Kitchen & Dining Needs","Borosil",,,1299.012893620485,1845,,68.05396,29.591844372046513,0.1619888241448509,0.19633,0.05908,0.08567,0,433.0117199547139
"2026-03-01","603262",,"Gluman Fresco Plastic Bottle Set","3 pcs","Kitchen & Dining Needs","Gluman",,,329,349,,1.12016,5.730659025787966,0.00004130893548691911,0.00007,,,,109.66666666666666
"2026-03-01","697271",,"Judge by Prestige Stainless Steel Pan Spoon - L","1 pc","Kitchen & Dining Needs","Judge",,,207.6283300360112,240,,61.40238,13.588119033332196,0.012450857451629615,0.01856,0.02253,0.02362,0.02011,207.34607217730212
"2026-03-01","568406",,"Wonderchef Stainless Steel Venice Bowl (Silver)","1 pc","Kitchen & Dining Needs","Wonderchef",,,72.19524430169447,112.0475502016129,,40.62844,37.464127130249565,0.025981356947648655,0.02763,0.03547,0.05143,0,70.26373013020579
"2026-03-01","427629",,"Borosil Borosilicate Glass Square Container Set","1 pc","Kitchen & Dining Needs","Borosil",,,475.4766966451691,574.9958698387096,,75.10356,17.59087577335318,0.1321839221633942,0.18903,0.17535,0.08763,0.37021,473.814156561338
"2026-03-01","756490",,"Parage Stainless Steel Rose Gold Spoon & Fork Set","6 pcs","Kitchen & Dining Needs","Parage",,,498,999,,32.493,50.150150150150154,0.00004966297512926635,0.00004,0.00009,0.00013,0,498.00000000000006
"2026-03-01","578941",,"The Better Home DoodlyDoo Copper Bottle","1 pc","Kitchen & Dining Needs","The Better Home",,,899,2999,,0.00063,70.02334111370457,0.0006212015798778474,0.00032,,,,899
"2026-03-01","639409",,"Frenchware Stainless Steel Spoon Set","1 set (6 pieces)","Kitchen & Dining Needs","Frenchware",,,421.87704101063827,649,,67.16772,35.41085521721946,0.08910695386898859,0.09914,0.27817,0.06583,0.74987,69.76467276238601
"2026-03-01","532129",,"Full Houz Bag - Small (Jute)","1 pc","Kitchen & Dining Needs","fullhouz",,,119.02338709677417,299,,71.68247,60.18535648253799,0.06866090266320526,0.04706,0.07113,0.10315,0,119.04578411721144
"2026-03-01","736751",,"CutTales Stainless Steel 2-Section Snack Plate Set (Silver)","12 pcs","Kitchen & Dining Needs","CutTales",,,699,1699,,25.86342,58.858151854031775,0.013703193028865846,0.0097,0.00048,0.00069,0,5825
"2026-03-01","566121",,"Borosil Glass Designer Serving Bowl (Transparent)","4 pcs","Kitchen & Dining Needs","Borosil",,,555,695,,6.21146,20.14388489208633,0.00012339399297454635,0.00017,,,,555
"2026-03-01","546176",,"Borosil Prime Glass Bottle with Steel Lid","1 pc","Kitchen & Dining Needs","Borosil",,,329.1002085646703,394.9603249193549,,64.05566,16.67972981788409,0.3675173458332151,0.52712,0.57713,0.81445,0.04998,329.07320174091893
"2026-03-01","562382",,"Wonderchef Taurus Hard Anodized Pressure Cooker with Outer Lid (Aluminium)","5 ltrs","Kitchen & Dining Needs","Wonderchef",,,2180.1354624585197,4499.541801008065,,51.22488,51.54652049391816,0.08522884933784655,0.07111,0.00597,0.00865,0,2174.400100119109
"2026-03-01","596500",,"FunBlast Cartoon Design Insulated Thermal Bottle","1 pc","Kitchen & Dining Needs","FunBlast",,,,,,0,,0,0,,,,
"2026-03-01","582608",,"HAZEL Christmas Baking Silicone Mould - Green (Silicone)","1 pc","Kitchen & Dining Needs","Hazel",,,251,499,,0.1214,49.699398797595194,0.0001624243119063067,0.00014,0,0,0,250.99999999999997
"2026-03-01","588102",,"The Indus Valley Preseasoned Fry Pan (Iron)","1 pc","Kitchen & Dining Needs","The Indus Valley",,,781.7111433042701,1312.7655536150237,,26.56367,40.460773143241916,0.009715242099905985,0.00992,0.01149,0.01198,0.01042,780.368350535546
"2026-03-01","662716",,"HAZEL Stainless Steel Kids Quarter Snack Plate - - 16 cm","2 pcs","Kitchen & Dining Needs","Hazel",,,140.6973807285418,399,,84.19048,64.60816217870713,0.06297895336954522,0.03846,0.01581,0.02292,0,70.6473503639847
"2026-03-01","607504",,"Vesta Homes Chakla Belan Set With Stand (Wood)","3 pcs","Kitchen & Dining Needs","Vesta Homes",,,949.3954306891491,2999,,52.17934,68.33884987493772,0.15807352102977787,0.08611,0.04629,0.06713,0,949.6827338750134
"2026-03-01","631278",,"Biogreen Bamboo Towel Roll","20 sheets","Kitchen & Dining Needs","Biogreen",,,249,349.7654320987654,,1.1097,28.809431364935936,0.00010344979525827338,0.00013,,,,249
"2026-03-01","622078",,"ExclusiveLane Ceramic Multi-Purpose Jar","1 pc","Kitchen & Dining Needs","ExclusiveLane",,,749,1420,,4.28749,47.25352112676056,0.00009412262975190675,0.00009,,,,749
"2026-03-01","626349",,"Newdru Rechargeable Electric Gas Lighter (Alloy)","1 pc","Kitchen & Dining Needs","newdru",,,599,999,,44.90752,40.04004004004004,0.0007212114346844923,0.00074,0.00598,0.00604,0.00584,599
"2026-03-01","384747",,"Vinayak Stainless Steel Fork Set","6 pcs","Kitchen & Dining Needs","Vinayak",,,163.4615073837698,297.969494233871,,48.55161,44.941075000810656,0.03402195045886069,0.03248,0.01526,0.02212,0,27.362998115624062
"2026-03-01","549118",,"Borosil Glass Classic Jar Set (with Spin n Store Tray)","7 pcs","Kitchen & Dining Needs","Borosil",,,2042.3041496626088,3495,,12.4336,41.564980182345366,0.007033604074432889,0.00699,0.00083,0.00121,0,2025.2690570388281
"2026-03-01","581818",,"Pigeon Elegant Milk Boiler with Whistle Indication (Stainless Steel)","1 pc","Kitchen & Dining Needs","Pigeon",,,749,1245,,14.80187,39.83935742971887,0.0012157415350981383,0.00126,,,,749
"2026-03-01","639116",,"Frenchware Stainless Steel Fork Set","1 pack (6 pieces)","Kitchen & Dining Needs","Frenchware",,,317.7683870278125,613.633718951613,,75.2907,48.739902454438266,0.06435049908444025,0.0555,0.01868,0.02545,0.00366,51.21666017148897
"2026-03-01","501036",,"Larah by Borosil Mug Set (Kazak Blue, 2 x 350 ml) (Opalware)","2 pcs","Kitchen & Dining Needs","Larah by Borosil",,,403.1898691587372,473.59157048387095,,36.07757,14.882071240862256,0.016304753679257877,0.02411,0.10985,0.04107,0.26263,201.26385516863363
"2026-03-01","624559",,"Yellocut Fridge Square Plastic Bottle Set","6 pcs","Kitchen & Dining Needs","Yellocut",,,299,499,,16.8752,40.080160320641276,0.010080834532472226,0.0104,0.00484,0.00703,0,49.83333333333333
"2026-03-01","612150",,"Infantino My 1st Tumbler","1 pc","Kitchen & Dining Needs","Infantino",,,1199,1199,,32.75852,0,0.0009579462723397753,0.00165,0.00023,0.00033,0,1198.9999999999998
"2026-03-01","603353",,"The Better Home Tumbler","1 pc","Kitchen & Dining Needs","The Better Home",,,,,,0,,0,0,,,,
"2026-03-01","564422",,"Nayasa Plastic Desire Insulated Inner Steel Casserole Set (Pink, White)","3 pcs","Kitchen & Dining Needs","Nayasa",,,1139.93861325848,1757.8752922177416,,61.69362,35.241746373553454,0.015408906898631376,0.0171,0.01555,0.00439,0.04035,372.66466095227537
"2026-03-01","735420",,"Habere India Bamboo Multipurpose Serving Tray (Blue)","1 pc","Kitchen & Dining Needs","Habere India",,,1699,3199,,11.39583,46.88965301656768,0.00018932242692162152,0.00017,0.00001,0,0.00003,169900
"2026-03-01","525506",,"Boldfit Typhoon Gym Shaker (Black)","700 ml","Kitchen & Dining Needs","Boldfit",,,189.14498580517792,699,,66.31589,72.87986221538031,1.8397447347510512,0.85675,0.57126,0.6629,0.36771,27.081394730641666
"2026-03-01","586519",,"FunBlast Anti-Leak Kids Bottle for Kids (Tritan)","1 pc","Kitchen & Dining Needs","FunBlast",,,681,999,,6.73696,31.83183183183183,0.0013302582623910628,0.00156,0.00019,0.00011,0.00035,681
"2026-03-01","614344",,"DeliBohemi Glass Container","1 pc","Kitchen & Dining Needs","DeliBohemi",,,221.29746648410787,899,,44.10285,75.37499084653282,0.09681904842473975,0.04086,0.0072,0.01044,0,221.71082638755271
"2026-03-01","568824",,"The Indus Valley 7 Pit Pre Seasoned Appe Pan (Iron)","1 pc","Kitchen & Dining Needs","The Indus Valley",,,998.9,1460.58,,13.45661,31.609360664941324,0.0007451575037700404,0.00092,0.00075,0.00018,0.00203,998.9988204762493
"2026-03-01","566808",,"Schott Zwiesel Gin Tonic Vina Tritan Crystal Glass Set (Transparent)","4 pcs","Kitchen & Dining Needs","schott zwiesel",,,2203.6803924731184,3500,,55.40594,37.03656118298315,0.003829948738180201,0.00414,0.00162,0.00235,0,552.4303863136126
"2026-03-01","499020",,"Homez it Coffee Mug (Ceramic)","1 pc","Kitchen & Dining Needs","Homez it",,,109.53883333333333,149,,1.33075,26.48400447427293,0.00003527239482341612,0.00005,0,0,0,109.50907791028841
"2026-03-01","675692",,"Irida Naturals Wheat Straw Dinner Set (Beige)","1 set","Kitchen & Dining Needs","Irida Naturals",,,899,1616.0324070506913,,49.3355,44.38770026485955,0.007788286351643367,0.00739,0.04873,0.01448,0.12481,149.83333333333334
"2026-03-01","619996",,"ExclusiveLane Ceramic Hut Goblets Serving Bowl Set (Multicolour)","4 pcs","Kitchen & Dining Needs","ExclusiveLane",,,838.5706806282723,1449,,35.70359,42.123133468199754,0.005259316523092478,0.00526,0.02441,0.00274,0.07254,210.35473212945323
"2026-03-01","541075",,"Ek Do Dhai Love Getting Drunk Shot Glass","2 pcs","Kitchen & Dining Needs","EK DO DHAI",,,399,399,,23.10759,0,0.00043673217655905503,0.00075,0.00064,0.00093,0,199.5
"2026-03-01","553494",,"HAZEL Wooden Chopping Board, Small (Wood)","1 pc","Kitchen & Dining Needs","Hazel",,,218.8942237433817,399,,25.73973,44.74117991637764,0.024578729972603817,0.02357,0.00331,0.0048,0,221.15287627459773
"2026-03-01","566944",,"Philips Home Induction Cooktop (HD4995/00)","2100 W","Kitchen & Dining Needs","Philips Home",,,3966.334507871144,6295,,19.2272,35.72719518034919,0.34267758199378695,0.38214,0.06405,0.036,0.12635,4063.2850161776546
"2026-03-01","635660",,"Gluman Co-Pura Copper Bottle","1 pc","Kitchen & Dining Needs","Gluman",,,999,1499,,0.37358,33.3555703802535,0,0,,,,999
"2026-03-01","676988",,"House of Quirk Silicone Cute Tumbler Straw Topper","3 pcs","Kitchen & Dining Needs","House of Quirk",,,389,799,,45.63212,51.314142678347935,0.009256137615921419,0.00776,0.026,0.0377,0,129.66666666666666
"2026-03-01","501034",,"Homez it Small Zip Lock Bag (20 cm x 20 cm) (Plastic)","15 pcs","Kitchen & Dining Needs","Homez it",,,249.0064444444444,299,,87.89931,16.718988698169454,0.06379396252605768,0.09145,0.21508,0.31191,0,16.600697983068645
"2026-03-01","428141",,"Prestige 20265 Deluxe Alpha Svachh OL SS Handi Pressure Cooker (Stainless Steel)","1 unit","Kitchen & Dining Needs","Prestige",,,2063.947836421438,2493.490426169355,,75.91129,17.2122417835373,0.22245454157399408,0.31858,0.08932,0.12775,0.00395,2057.297693639027
"2026-03-01","605635",,"Steellock Stainless Steel Container Set","3 pcs","Kitchen & Dining Needs","Steel Lock",,,640,717.2148329435485,,46.6106,10.733340948759546,0.010552809276242007,0.01633,0.01243,0.00041,0.03914,213.3333333333334
"2026-03-01","566549",,"Cello Tierra Porcelain Coffee/Tea Mug (Ceramic)","1 pc","Kitchen & Dining Needs","Cello",,,169.02865221462784,279,,67.37913,39.4170010275722,0.09654224231997889,0.10067,0.19798,0.20731,0.17727,56.34218163107172
"2026-03-01","725756",,"Nestroots MDF Serving Tray with Golden Handle (Black)","1 pc","Kitchen & Dining Needs","Nestroots",,,1299,3190,,15.44902,59.27899686520376,0.0005663693729421726,0.0004,0.00192,0.00013,0.00591,1299
"2026-03-01","596361",,"FunBlast Stainless Steel Portable Cutlery Set with Travel Pouch","8 pcs","Kitchen & Dining Needs","FunBlast",,,629,1299,,20.26661,51.57813702848345,0.0014798845754548022,0.00123,0.0064,0.00928,0,78.625
"2026-03-01","558603",,"Nestasia Ceramic Nitori Chip & Dip Platter (White)","1 pc","Kitchen & Dining Needs","Nestasia",,,523.1539640477267,760,,13.81207,31.11441510439485,0.007087667332615222,0.00837,0.00176,0.00226,0.00064,521.8526510648259
"2026-03-01","650371",,"Larah by Borosil Opalware 10"" Golden Lush Plate Set (White)","2 pcs","Kitchen & Dining Needs","Larah",,,258.54460011851467,325,,64.32209,20.56169138454733,0.10325490838367722,0.14147,0.18746,0.27185,0,258.17146963365826
"2026-03-01","721155",,"Unify Stainless Steel Thali Set (Gold)","5 pcs","Kitchen & Dining Needs","Unify",,,999,2649,,2.72454,62.287655719139295,0.0013991946690416989,0.00091,0,0,0,199.80000000000004
"2026-03-01","569312",,"ExclusiveLane Spice Box with Spoon (Wood)","1 pc","Kitchen & Dining Needs","ExclusiveLane",,,1199,1999,,25.37244,40.020010005002504,0.002247782082994886,0.00232,0.00089,0.00063,0.00147,1199
"2026-03-01","631144",,"Speedex Steel Wall Bottle with Cap","1 pc","Kitchen & Dining Needs","Speedex",,,549,549,,0.51221,0,0.00012996316957894667,0.00022,,,,549
"2026-03-01","528935",,"Fackelmann Quartz Non Stick Roti Tawa (28 cm) (Aluminium)","1 pc","Kitchen & Dining Needs","Fackelmann",,,937.348430256508,1391.486337217742,,46.17984,32.782500717297054,0.02902633684129239,0.03371,0.00572,0.00829,0,923.9949106998413
"2026-03-01","571902",,"Nautica Iconic 24-Hour Hot & Cold Thermal Bottle","1 pc","Kitchen & Dining Needs","Nautica",,,1823.553705412817,2850,,55.3698,35.99730777218938,0.02486090451501299,0.02763,0.01661,0.02252,0.00349,1840.0157687779545
"2026-03-01","697269",,"Judge by Prestige Stainless Steel Ladle - L","1 pc","Kitchen & Dining Needs","Judge",,,222.33880807239274,260,,62.12253,14.482960299886068,0.010345687398992791,0.01542,0.01475,0.02013,0.00282,222.54077704153937
"2026-03-01","582203",,"Mad Over Print Always Stay Pawsitive Design Mug (Ceramic)","1 pc","Kitchen & Dining Needs","Mad Over Print",,,219,499,,0.36522,56.1122244488978,0,0,,,,219
"2026-03-01","432825",,"Fackelmann Universal Grater (Stainless Steel)","1 pc","Kitchen & Dining Needs","Fackelmann",,,180.05833279928245,377.2635249596774,,68.58496,52.3376740181352,0.19444096741044417,0.15981,0.09457,0.13715,0,180.12826248366304
"2026-03-01","622063",,"Sizzle Stainless Steel Dzire Container Set","2 pcs","Kitchen & Dining Needs","Sizzle",,,626,739.494623655914,,12.70089,15.34759280531604,0.00044623120592901793,0.00065,0.00041,0,0.00132,31299.999999999996
"2026-03-01","753101",,"ExclusiveLane Ceramic Serving Bowl Set (Deep Blue & Earthy Brown)","2 pcs","Kitchen & Dining Needs","ExclusiveLane",,,875,1775,,8.85984,50.70422535211268,0,0,0.00006,0.00003,0.00012,79.54545454545453
"2026-03-01","595203",,"Speedex Thermal Bottle Bottle","1 pc","Kitchen & Dining Needs","Speedex",,,899,1395,,58.05086,35.55555555555556,0.04158639069734661,0.04613,0.05852,0.06218,0.05039,899
"2026-03-01","696696",,"Wonderchef Stainless Steel Straw with a Cleaning Brush","5 pcs","Kitchen & Dining Needs","Wonderchef",,,252.39042160464606,449.91473439516125,,84.40314,45.29047984526657,0.10123165312257226,0.09575,0.34546,0.50097,0,49.18712449236929
"2026-03-01","566094",,"The Artment Ambrosia Goblets Wine Glass","4 pcs","Kitchen & Dining Needs","The Artment",,,899,1125,,0.8997,20.08888888888889,0.00016644873153041326,0.00023,0,0.00001,0,899
"2026-03-01","628587",,"NB Crafted Chopping Board - 12.2"" x 7.87"" (Stainless Steel)","1 pc","Kitchen & Dining Needs","NB Crafted",,,249,1999,,22.49636,87.54377188594297,0.06871837923004219,0.01473,0.00444,0.00625,0.00043,249.00000000000006
"2026-03-01","567170",,"Kleeno Multipurpose Microfiber Kitchen Cloth","5 pcs","Kitchen & Dining Needs","Kleeno",,,179.2619920130635,190,,75.48491,5.584925211164941,0.46991883171141285,0.76308,0.44911,0.65129,0,35.877728419757325
"2026-03-01","568315",,"Wonderchef Alfa Pressure Cooker (Aluminium)","3 ltrs","Kitchen & Dining Needs","Wonderchef",,,1093.2764311222143,1915.1809064112904,,70.6018,43.325420382851156,0.3929914226188422,0.38825,0.23324,0.23859,0.22136,1088.966904961073
"2026-03-01","604001",,"Irida Naturals Classic Pink Coffee Mug (Rice Husk)","1 pc","Kitchen & Dining Needs","Irida Naturals",,,299,499,,67.86353,40.080160320641276,0.018158508382436395,0.01873,0.15545,0.03708,0.41838,299.00000000000006
"2026-03-01","617618",,"Kuber Industries 2-in-One Fruit Basket (Stainless Steel)","1 pc","Kitchen & Dining Needs","Kuber Industries",,,899,3999,,4.73196,77.51937984496124,0.005147526891816948,0.00199,,,,899
"2026-03-01","554456",,"Rabitat Kids Lunch Box - Munchbee Pink (1000ml)","1 pc","Kitchen & Dining Needs","Rabitat",,,999,999,,3.37415,0,0.00005912258943960279,0.0001,0,0,0,99.9
"2026-03-01","620905",,"Milton Helix Plastic Bottle Set","1 ltr","Kitchen & Dining Needs","Milton",,,379.0500403225807,699,,45.84003,45.777107031332854,0.5021736303426335,0.46871,0.19691,0.20953,0.16888,94.75453276978585
"2026-03-01","572973",,"P-Tal Sauce Pan (Brass)","1 pc","Kitchen & Dining Needs","P-Tal",,,1599,2190,,1.91657,26.986301369863014,0,0,,,,1599
"2026-03-01","653703",,"Ellementry Ceramic Chip N Dip Serving Platter for Gifting (Black)","1 pc","Kitchen & Dining Needs","Ellementry",,,1790,1950,,10.6384,8.205128205128204,0.001096342311680322,0.00173,0.00092,0.00001,0.00296,1789.9999999999998
"2026-03-01","752508",,"Pi Stainless Steel Carrot Theme Baby Fork & Spoon Set","1 set","Kitchen & Dining Needs","Pi",,,431.92526315789473,999,,28.72938,56.83496371908389,0.0025050241145559704,0.00183,0.00137,0.0005,0.0033,423.1378141239933
"2026-03-01","557065",,"Birch & Co. Airtight Container Set of 3 – Tea, Coffee & Sugar (1 Ltr, Metal)","3 pcs","Kitchen & Dining Needs","Birch & Co.",,,732.9190822732319,1999,,15.00633,63.30715363539811,0.007177523903571167,0.00409,0,0,0,264.4615232240553
"2026-03-01","526329",,"Nayasa Plastic Cushion Container Set","3 pcs","Kitchen & Dining Needs","Nayasa",,,162.73331920044149,188.97907439516132,,85.77871,14.39952708951679,0.3732417268589255,0.55033,1.34648,1.90274,0.11083,53.906865720926554
"2026-03-01","532784",,"Wonderchef Taurus Hard Anodized Large Pressure Cooker (Aluminium)","1 unit","Kitchen & Dining Needs","Wonderchef",,,1912.7721708993809,3985.7832064919357,,79.32345,52.138762169459966,0.5127871885233879,0.42902,0.5908,0.14186,1.58804,1913.718327955327
"2026-03-01","480970",,"Fackelmann Stainless Steel Sink Strainer (Stainless Steel)","1 pc","Kitchen & Dining Needs","Fackelmann",,,42.60689433544521,46.022509314516135,,73.91532,7.546331915811421,0.020549691507163133,0.03274,0.03552,0.05152,0,42.57506074654362
"2026-03-01","455532",,"Borosil Borosilicate Glass Endura Round Jar with Steel Lid","1 pc","Kitchen & Dining Needs","Borosil",,,518.8447007077289,684.6626458467741,,70.31718,24.240546309544143,0.11946878549415232,0.15593,0.21858,0.28844,0.0634,518.7314642410679
"2026-03-01","762264",,"Nestroots Wood Serving Platter (Brown)","1 pc","Kitchen & Dining Needs","Nestroots",,,997.3472727272728,2999,,16.68593,66.74400557761678,0.0007099445866266912,0.00041,0.0009,0.0001,0.00269,998.9954625627735
"2026-03-01","570123",,"Rusabl Bag for Fruits & Vegetables (Cotton)","6 pcs","Kitchen & Dining Needs","Rusabl",,,319.3340090646624,699,,65.91258,55.18436684600492,0.10161626562949731,0.08034,0.00638,0.00067,0.01907,52.16839954446521
"2026-03-01","635502",,"Corength by Decathlon Gym Gallon Plastic Bottle","1 pc","Kitchen & Dining Needs","Corength by Decathlon",,,869.2363632414741,999,,46.62069,12.985297827819059,0.015997150564394318,0.02396,0.00689,0.01,0,869.8222607538785
"2026-03-01","588141",,"P-Tal Moscow Mule Mugs Gift Box (Copper)","2 pcs","Kitchen & Dining Needs","P-Tal",,,1999,2946.483870967742,,3.48271,32.15642482565332,0.0001742903753976173,0.0002,,,,999.4999999999999
"2026-03-01","602090",,"Irida Naturals Rice Husk Curry & Snack Bowl (Multicolour)","4 pcs","Kitchen & Dining Needs","Irida Naturals",,,399,599,,61.61366,33.38898163606011,0.020785459610585685,0.02383,0.08091,0.01506,0.2272,99.75000000000001
"2026-03-01","728145",,"Jaypee Stainless Steel Luxura Klass Casserole with Glass Lid (Black)","1 pc","Kitchen & Dining Needs","Jaypee",,,769,1107,,52.83286,30.532971996386625,0.007177301261747874,0.00858,0.00301,0.00436,0,769
"2026-03-01","553654",,"HAZEL Samosa Maker Mould (Plastic)","1 pc","Kitchen & Dining Needs","Hazel",,,41,79,,0.62324,48.101265822784804,0.00046169078656824896,0.00041,0.00011,0.00015,0,40.99999999999999
"2026-03-01","630613",,"Yellocut Chopping Board (Stainless Steel)","1 pc","Kitchen & Dining Needs","Yellocut",,,399,999,,49.36843,60.06006006006006,0.0005711242139865628,0.00039,0.00061,0.00089,0,399
"2026-03-01","566116",,"The Artment Crystal Diamond Cut Whiskey Glass Set","4 pcs","Kitchen & Dining Needs","The Artment",,,996.7619761119255,1249,,28.72778,20.194804397778423,0.00540415781240851,0.00742,0.0004,0.00003,0.00123,249.39923577018158
"2026-03-01","499022",,"Homez it Coffee Mug (Ceramic)","1 pc","Kitchen & Dining Needs","Homez it",,,148.36320227189339,149,,19.61013,0.46142568114751137,0.0013189385058297992,0.00226,0.00118,0.0017,0,147.61882317906353
"2026-03-01","756754",,"Unify Stainless Steel Bowl Set with Lid (Red)","3 pcs","Kitchen & Dining Needs","Unify",,,414.625,1399,,10.55447,70.48685569057263,0.001448917654486973,0.00071,0.00091,0.00005,0.00283,399.0305928914602
"2026-03-01","580666",,"House of Quirk Kitchen Cutlery Holder (Plastic)","1 pc","Kitchen & Dining Needs","House of Quirk",,,799,999,,31.24854,20.02002002002002,0.003402505022249141,0.00468,0.001,0.00115,0.00066,798.9999999999998
"2026-03-01","635677",,"House of Quirk Stainless Steel Hot & Cold Tumbler Set","1 set","Kitchen & Dining Needs","House of Quirk",,,1299,1999,,53.58635,35.01750875437719,0.011185849044996924,0.01251,0.00586,0.0085,0,1299.0000000000002
"2026-03-01","606699",,"Speedex Printed Steel Wall Bottle","1 pc","Kitchen & Dining Needs","Speedex",,,749,749,,0.33898,0,0,0,0,0,0,749
"2026-03-01","480965",,"Fackelmann Apple Cutter With Ultra Sharp Blades (Stainless Steel)","1 pc","Kitchen & Dining Needs","Fackelmann",,,227.01016856317963,249.2582084821429,,27.38523,8.935928144380645,0.002375040349720642,0.00377,0.00344,0.00499,0,228.18954760949907
"2026-03-01","568055",,"The Earth Store Tritone Fringe Cup Set (Ceramic)","6 pcs","Kitchen & Dining Needs","The Earth Store",,,476.7914160331159,1299,,58.36263,63.077104513038655,0.25221662015843854,0.15967,0.48435,0.20623,1.10215,79.96621711397238
"2026-03-01","742331",,"Kavi The Poetry-Art Project Cork Round Trivet Set (Brown)","4 pcs","Kitchen & Dining Needs","Kavi The Poetry-Art Project",,,649,899,,2.93716,27.808676307007786,0.0005666557535330616,0.0007,,,,649
"2026-03-01","546074",,"Cello Detox Glass Bottle","750 ml","Kitchen & Dining Needs","Cello",,,348.9942428599901,374.9285714516129,,43.92143,6.924285651075135,0.036108920874032994,0.05791,0.05059,0.02692,0.10316,46.53242219870939
"2026-03-01","529059",,"Vinayak Sauce Pan (Stainless Steel)","1 pc","Kitchen & Dining Needs","Vinayak",,,239.12878458766139,500,,4.11124,52.17254506475368,0.008594411140661654,0.00707,0.00061,0.00089,0,239.134603758992
"2026-03-01","741566",,"Gluman Plastic Jug with Tumbler (Teal Green)","1 set","Kitchen & Dining Needs","Gluman",,,249,399,,8.0509,37.59398496240602,0.0006611787479672095,0.00071,0.00023,0.00033,0,249.00000000000006
"2026-03-01","581725",,"Shri & Sam Steel Stainless Steel Shagun Dinner Set (Silver)","1 set","Kitchen & Dining Needs","Shri & Sam",,,2499,6299,,7.55355,60.327036037466264,0.0003727860360386861,0.00025,0.00017,0.00025,0,2499
"2026-03-01","603163",,"Oliveware Glass Storage Container for Kitchen","1 pc","Kitchen & Dining Needs","Oliveware",,,299,549,,38.35845,45.537340619307834,0.002834496728516827,0.00266,0.00294,0.00427,0,298.99999999999994
"2026-03-01","429205",,"Pasabahce Glass Set","2 pcs","Kitchen & Dining Needs","Pasabahce",,,339,340,,32.50543,0.29411764705883436,0.0020670095281965484,0.00355,0.00079,0.00114,0,169.49999999999997
"2026-03-01","693158",,"Two Moustaches Serving Tray Set (Multicolour)","2 pcs","Kitchen & Dining Needs","Two Moustaches",,,695,1595,,15.31424,56.426332288401255,0.0007551598741041513,0.00057,0.00198,0.00006,0.00623,347.5
"2026-03-01","607587",,"Brick Brown Boat Cutlery Holder with Metallic Handle (Wood)","1 pc","Kitchen & Dining Needs","brick brown",,,1849,2799,,4.68986,33.94069310468024,0,0,,,,1848.9999999999998
"2026-03-01","553678",,"Hazel Round Bidding Cake Mould (Aluminium)","1 pc","Kitchen & Dining Needs","Hazel",,,151.91447659322594,399,,10.27558,60.487184044286685,0.020052184149385185,0.01391,0.00681,0.00988,0,159.4722880896555
"2026-03-01","674341",,"GKD Wood Vibrant India Theme Coaster Set with Stand (Multicolour)","7 pcs","Kitchen & Dining Needs","GKD",,,297.86086016817194,999,,47.15258,70.2164216851321,0.06310400261747875,0.03237,0.0125,0.0179,0.00051,42.485573789705384
"2026-03-01","402832",,"Borosil White Krip Drinking Glass Set (Borosilicate Glass)","6 pcs","Kitchen & Dining Needs","Borosil",,,516.6203967357718,705.7406578225807,,64.49144,26.405693637109994,0.04637134839819786,0.05598,0.03422,0.02018,0.06541,86.1340283905978
"2026-03-01","566805",,"Schott Zwiesel Gin Tonic Crystal Glass Set Bar Special (Tritan)","4 pcs","Kitchen & Dining Needs","schott zwiesel",,,2445.2580510752687,4000,,44.1474,38.86833756689744,0.004895515700286102,0.00516,0.00012,0.00018,0,2446.579694573598
"2026-03-01","477077",,"Wholesale Plaza Plain Bamboo Soop / Rice Cleaner / Sieve (Bamboo)","1 pc","Kitchen & Dining Needs","wholesale plaza",,,189,199,,0.56704,5.025125628140704,0,0,,,,189
"2026-03-01","582606",,"HAZEL Festive Christmas Baking Silicone Mould - Green (Silicone)","1 pc","Kitchen & Dining Needs","Hazel",,,181,349,,0.0541,48.137535816618914,0.00006196331445772184,0.00006,0,0,0,181
"2026-03-01","662834",,"Hazel Stainless Steel Parat/ Plate for Dough (Silver)","1 pc","Kitchen & Dining Needs","Hazel",,,268.5307322107583,939,,54.24218,70.69836863437322,0.08532156190271759,0.04376,0.01117,0.01619,0,277.78946713175264
"2026-03-01","567807",,"Nestasia Ceramic Gloss Bowl Set (Multicolour)","4 pcs","Kitchen & Dining Needs","Nestasia",,,734.8609353714284,1500,,31.11049,51.07863191283025,0.050362839758256873,0.04231,0.09872,0.04068,0.22765,730.9071269225949
"2026-03-01","606913",,"The Better Home Ceramic Jar Set","3 pcs","Kitchen & Dining Needs","The Better Home",,,1799,3695,,1.38078,51.31258457374832,0.005492489624210981,0.0046,0,0,0,599.6666666666667
"2026-03-01","440112",,"GHH Bakeware Muffin Tray Rectangular Shape 9 Cavity (Aluminium)","1 pc","Kitchen & Dining Needs","GHH",,,568.6666666666666,699,,1.50173,18.645684310920362,0,0,,,,568.6666666666666
"2026-03-01","543433",,"Happy Kitchen Sharp Vegetable Knife (Stainless Steel, Plastic)","1 pc","Kitchen & Dining Needs","Happy Kitchen",,,48.9995078362799,59,,84.70126,16.95246547146275,0.4029738544366869,0.57602,0.94115,1.36484,0,48.99804537183697
"2026-03-01","704165",,"Chumbak Palace Memoirs Bowls Gift Set (160 ml)","6 pcs","Kitchen & Dining Needs","Chumbak",,,936.9990072463768,1599,,56.22053,41.40100973305862,0.10793364409674311,0.10888,0.02021,0.02931,0,156.16621962190132
"2026-03-01","569236",,"Solara Pre Seasoned Dosa Tawa (30 cm) (Cast Iron)","1 unit","Kitchen & Dining Needs","Solara",,,960.9035660223936,2499,,47.30993,60.12184752642247,0.29539669203474084,0.19555,0.01758,0.02229,0.00713,1000.5320954030516
"2026-03-01","492404",,"Skip Hop Bee Kids Bottle Sipper","1 pc","Kitchen & Dining Needs","Skip Hop",,,638.2468984029096,799,,24.87137,20.119286808146494,0.000812376869692537,0.00111,0.00085,0.0012,0.00009,634.6538385926724
"2026-03-01","499908",,"Zenker Praline Mould (Colour may Vary) (Silicone)","1 pc","Kitchen & Dining Needs","Zenker",,,379,399,,2.3199,5.012531328320802,0,0,0,0,0,379
"2026-03-01","628087",,"Mokobara PU The Take-Out Polyurethane Lunch Bag (11 ltr, Seaweed Green)","1 pc","Kitchen & Dining Needs","Mokobara",,,2861.848556408545,4999,,25.54912,42.74644499842241,0.03488814007029803,0.03411,0.00623,0.00064,0.01865,2839.877626867951
"2026-03-01","602939",,"Cutting Edge Dish Drying Mat (Microfiber)","1 pc","Kitchen & Dining Needs","Cutting Edge",,,275,500,,61.91272,44.99999999999998,0.03705422964849373,0.03508,0.02015,0.01933,0.02196,275
"2026-03-01","553644",,"HAZEL Grocery & Grain Scoop Spoon (Exrta Small) (Stainless Steel)","1 pc","Kitchen & Dining Needs","Hazel",,,,,,0,,0,0,,,,
"2026-03-01","615876",,"Femora Premium Floral Gold Line Tea Cup Set of 6 (Ceramic)","6 pcs","Kitchen & Dining Needs","Femora",,,976.9381122079499,1486.4681284274193,,76.08628,34.39349182602235,0.12591213520214536,0.14247,0.30116,0.21816,0.48553,161.97052668434577
"2026-03-01","754464",,"Parage Stainless Steel Snack Plate / Dessert Bowl Set (Silver)","6 pcs","Kitchen & Dining Needs","Parage",,,379,999,,19.00035,62.06206206206206,0,0,0.05165,0.00076,0.16467,31.583333333333336
"2026-03-01","531325",,"Ocean Plaza Glass","6 pcs","Kitchen & Dining Needs","O'cean",,,664.9748677175259,891.6949333486237,,59.78031,25.442828643215066,0.023281743346896845,0.02976,0.02855,0.04141,0,110.80127986841906
"2026-03-01","577441",,"Glasafe Vego Sip Glass Bottle with Protective Vegan Sleeve","1 pc","Kitchen & Dining Needs","Glasafe",,,399,1649,,10.1939,75.80351728320194,0.0027022884984469983,0.00113,0.00006,0.00009,0,399
"2026-03-01","735314",,"Arrabi Ceramic Ocean Elegance Serving Platter (Blue & White)","1 pc","Kitchen & Dining Needs","Arrabi",,,699,3329,,41.96742,79.00270351456894,0.023905522529638012,0.00864,0.00128,0.00185,0,698.9999999999999
"2026-03-01","452796",,"Alina Refrigerator Cover (PVC)","1 pc","Kitchen & Dining Needs","alina",,,249,249,,1.76341,0,0.000014736261031492588,0.00003,,,,249.00000000000003
"2026-03-01","556807",,"Birch & Co. Peacock Serving Tray with Four Coaster Set – Wood & Vegan Leather (Green)","1 set","Kitchen & Dining Needs","Birch & Co.",,,683.3204995801821,1499,,60.37492,54.33940867809853,0.11185503683852846,0.08745,0.04125,0.05138,0.01877,684.3246168570521
"2026-03-01","603116",,"Gluman Plastic Bread Container","1 pc","Kitchen & Dining Needs","Gluman",,,349,349,,43.01388,0,0.010972902261098058,0.01889,0.00074,0.00107,0,348.99999999999994
"2026-03-01","526344",,"Nayasa Evolve Napkin Holder (Plastic)","1 pc","Kitchen & Dining Needs","Nayasa",,,60.687504256436135,69,,76.59562,10.619315043587273,0.0077174942413746495,0.0122,0.00307,0.00446,0,6217.233438746623
"2026-03-01","661706",,"Parage Stainless Steel Masala Spoon Set","12 pcs","Kitchen & Dining Needs","Parage",,,279,499,,43.39142,44.08817635270542,0.02883295235514017,0.02775,0.02679,0.02525,0.03023,279
"2026-03-01","568048",,"The Earth Store Ring Mug Set (Ceramic)","6 pcs","Kitchen & Dining Needs","The Earth Store",,,551.108870967742,2099,,11.72771,73.74421767662021,0.0006211129847663449,0.00029,0.00145,0.00009,0.00448,93.02909948476491
"2026-03-01","580488",,"House of Quirk Kitchen Cutlery Holder (Plastic)","1 pc","Kitchen & Dining Needs","House of Quirk",,,799,999,,43.45112,20.020020020020027,0.003264073296300554,0.00449,0.00134,0.00089,0.00234,799
"2026-03-01","571958",,"Pieces and Accents Floral Design Tissue Paper Holder","1 pc","Kitchen & Dining Needs","pieces and accents",,,719,1299,,57.29563,44.64973056197075,0.00019219280200711718,0.00018,0.00011,0.00016,0,719
"2026-03-01","624206",,"Treo Glass Cube Storage Jar","6 pcs","Kitchen & Dining Needs","Treo",,,557.5852073118808,694.4896173655914,,20.22953,20.094882791549622,0.023377759319873324,0.03187,0.01233,0.01314,0.01052,91.80955755168867
"2026-03-01","547485",,"Milton Pacific - Plastic Bottle Set","6 pcs","Kitchen & Dining Needs","Milton",,,,,,0,,0,0,,,,
"2026-03-01","579510",,"House of Quirk Sippease Insulated Thermal Bottle with Straw","1 pc","Kitchen & Dining Needs","House of Quirk",,,1249,1999,,3.3907,37.51875937968985,0.0007098259863571848,0.00076,,,,1249
"2026-03-01","572948",,"Vesta Homes Helsinki Acacia Wood Chopping Board (Brown)","1 pc","Kitchen & Dining Needs","Vesta Homes",,,599,999,,66.03324,40.040040040040054,0.04184091042661378,0.04319,0.01609,0.02334,0,599
"2026-03-01","567001",,"Cello Flipstyle Thermo Thermal Bottle (1 ltr)","1 ltr","Kitchen & Dining Needs","Cello",,,926.2016141157127,1199,,73.85285,22.83885879166668,0.1510727745563577,0.20118,0.11823,0.05563,0.25727,92.49881666559331
"2026-03-01","630807",,"ExclusiveLane Spice Box With Spoon (Stainless Steel)","9 pcs","Kitchen & Dining Needs","ExclusiveLane",,,2199,3849,,5.04331,42.868277474668744,0,0,0.00012,0.00004,0.00029,244.33333333333334
"2026-03-01","709744",,"Selvel Steel Casserole (Dark Grey)","1 pc","Kitchen & Dining Needs","Selvel",,,1299,1856,,84.8085,30.010775862068954,0.0037911753273172674,0.00457,0.00325,0.00472,0,1298.999999999999
"2026-03-01","694283",,"Femora Ceramic Bowl Set (Green)","2 units","Kitchen & Dining Needs","Femora",,,260.7406591792371,430,,66.34621,39.23287332912315,0.018973545946199034,0.01971,0.00852,0.01231,0.0001,130.81415822582738
"2026-03-01","532424",,"Prestige Pop Svachh Pressure Cooker (Aluminium)","1 unit","Kitchen & Dining Needs","Prestige",,,1917.9241117223667,2368.160341048387,,65.75031,19.308834567319014,0.15174397769027792,0.21222,0.09554,0.10159,0.08211,1910.054172075919
"2026-03-01","612953",,"Tramontina Vegetable & Fruit Knife (Stainless Steel)","1 pc","Kitchen & Dining Needs","Tramontina",,,145,145,,0.26126,0,0.000017162595287593524,0.00003,0.00001,0.00001,0,145
"2026-03-01","757663",,"Irida Naturals Bamboo, Rice Husk Bowl With Spoon Set (Multicolour)","4 pcs","Kitchen & Dining Needs","Irida Naturals",,,575,699,,20.72464,17.739628040057223,0.0008159849455561756,0.00116,0.00017,0.00008,0.00037,575
"2026-03-01","570118",,"Rusabl Chopping Board (Stainless Steel)","1 pc","Kitchen & Dining Needs","Rusabl",,,460.5852722783885,1442.5613368548386,,75.47848,68.6328038838747,0.2407916896593762,0.12858,0.03539,0.01519,0.08025,455.8641586494925
"2026-03-01","619277",,"The Better Home Glass Lunch Box Pack of 2","2 pcs","Kitchen & Dining Needs","The Better Home",,,889,3199,,0.5578,72.21006564551422,0,0,,,,444.5
"2026-03-01","674432",,"Irida Naturals Wheat Straw Ramen Bowl Set (Soft Beige, 1100 ml, 2 pcs)","2 pcs","Kitchen & Dining Needs","Irida Naturals",,,699,1499,,55.49993,53.368912608405616,0.022087832606017637,0.01773,0.06366,0.04151,0.11287,349.49999999999994
"2026-03-01","741894",,"Gluman Plastic Dinner Plate Set (Beige)","6 pcs","Kitchen & Dining Needs","Gluman",,,249,349,,14.44059,28.653295128939824,0.0007171215008396554,0.00088,0.00019,0.00028,0,249
"2026-03-01","587085",,"Lifelong Vacuum Insulated Thermal Bottle","1 pc","Kitchen & Dining Needs","Lifelong",,,819.2597758797662,1299.0387582812502,,67.14317,37.15390613503367,0.023229117318028368,0.02484,0.00173,0.00252,0,805.4624493978121
"2026-03-01","601043",,"Stacpro Acrylic Kitchen Container Set","4 pcs","Kitchen & Dining Needs","stacpro",,,899,1800,,37.36308,50.05555555555555,0.0033182457448507705,0.00285,0.00033,0.00049,0,224.75
"2026-03-01","588422",,"Nike Big Mouth Plastic Bottle","1 pc","Kitchen & Dining Needs","Nike",,,799,799,,4.8174,0,0.000047286176015668865,0.00008,0.00001,0.00001,0,799
"2026-03-01","552793",,"Femora Glass Storage Jar with Airtight Lid","2 pcs","Kitchen & Dining Needs","Femora",,,400,400,,1.31903,0,0.00002367264930255423,0.00004,,,,200
"2026-03-01","553674",,"HAZEL Round Muffin Mould (Silicone)","12 pcs","Kitchen & Dining Needs","Hazel",,,237.67382628132066,588,,51.53672,59.71383195329905,0.03545172908362872,0.02432,0.03029,0.04393,0,19.664980682414818
"2026-03-01","405912",,"Larah by Borosil Mug Set (Opalware)","2 pcs","Kitchen & Dining Needs","Larah by Borosil",,,397.12151450444884,472.2511117338709,,57.1089,15.832153941373797,0.012847958318370264,0.01868,0.14795,0.00812,0.45855,197.19545945837044
"2026-03-01","607848",,"Cutting Edge Plastic Kitchen Storage Container Set","8 pcs","Kitchen & Dining Needs","Cutting Edge",,,295,660,,55.56381,55.3030303030303,0.09619402749007504,0.07401,0.02612,0.02406,0.03068,36.875
"2026-03-01","622076",,"Joseph Joseph Cutlery Organiser Tray (Polypropylene)","1 pc","Kitchen & Dining Needs","Joseph Joseph",,,3314,5099,,10.67851,35.006864090998235,0,0,0.00005,0,0.00015,3314
"2026-03-01","741123",,"Habere India Cane Handcrafted Serving Tray (Green)","1 pc","Kitchen & Dining Needs","Habere India",,,1999,3499,,0.68246,42.869391254644185,0.0010353849689696416,0.00102,,,,1998.9999999999998
"2026-03-01","661333",,"Parage Stainless Steel Sapphire Dazzle Cutlery Set with Stand","25 pcs","Kitchen & Dining Needs","Parage",,,1499,1949,,59.22713,23.088763468445357,0.011664293007359532,0.01544,0.00669,0.0028,0.01533,59.96000000000001
"2026-03-01","579839",,"Oliveware Stainless Steel Lovely Stylo Lunch Set","4 pcs","Kitchen & Dining Needs","Oliveware",,,449,675,,64.28228,33.48148148148149,0.014215860270793619,0.01628,0.00567,0.00822,0,449
"2026-03-01","607306",,"Cutting EDGE Silica Glass Storage Jar Set (1.2 L)","2 pcs","Kitchen & Dining Needs","Cutting Edge",,,420,750,,56.6478,44.00000000000001,0.012053528084070321,0.01162,0.04087,0.00616,0.11799,209.99999999999997
"2026-03-01","609614",,"Solara Cast Iron Pre Seasoned Appe Pan (Cast Iron)","1 pc","Kitchen & Dining Needs","Solara",,,934.8346490570908,2499,,55.45364,62.373200387139974,0.19184595551894554,0.12448,0.12323,0.17302,0.01263,941.7060954656931
"2026-03-01","568407",,"Wonderchef Stainless Steel Venice Plate (Silver)","1 pc","Kitchen & Dining Needs","Wonderchef",,,225.84128883773826,287.142754717742,,90.93272,24.646516234591232,0.1005818969299029,0.13348,0.09596,0.13916,0,213.6898550255978
"2026-03-01","614328",,"DeliBohemi Clear Whiskey Glass Set","6 pcs","Kitchen & Dining Needs","DeliBohemi",,,460.85975135975144,1799,,1.79249,74.38244850696212,0.0005323403279501245,0.00022,0.00004,0.00005,0,80.03747590742763
"2026-03-01","711015",,"Selvel Polypropylene Dessert Bowl Set (White)","1 pc","Kitchen & Dining Needs","Selvel",,,1199,1856,,81.31674,35.39870689655171,0.011105590928786576,0.01235,0.0013,0.00189,0,1198.9999999999998
"2026-03-01","599315",,"Avias Riara Triply Sauce Pan with Lid (Stainless Steel)","1 pc","Kitchen & Dining Needs","Avias",,,1314,2324.375,,8.5113,43.46867437483194,0.0001266489312093699,0.00013,,,,1314
"2026-03-01","571901",,"Pieces and Accents Resin Round Coaster Set (Black, White)","4 pcs","Kitchen & Dining Needs","pieces and accents",,,278,599,,3.34834,53.58931552587646,0.00003544994013704856,0.00003,,,,278
"2026-03-01","595674",,"Jarsome Mandala Collection Kitchen Container Set","4 pcs","Kitchen & Dining Needs","jarsome",,,1192.4254838709678,1499,,13.29998,20.45193569906819,0.0000887135342267808,0.00012,0.00024,0.00029,0.00013,288.45052544558536
"2026-03-01","697187",,"Wonderchef Stainless Steel Ambrosia Spoon Rest","2 pcs","Kitchen & Dining Needs","Wonderchef",,,298.0714129773431,600,,71.8008,50.36609208275033,0.01064663114423262,0.00905,0.00294,0.00426,0,148.49222555985446
"2026-03-01","625483",,"New Dawn Stainless Steel Car Shaped 4 Sections Plate (Silver)","1 pc","Kitchen & Dining Needs","New Dawn",,,548,1000,,40.73675,45.2,0.0006009907091004986,0.00057,0,0,0,548
"2026-03-01","588392",,"Mad Over Print Mr & Mrs Couple Mug Set (Ceramic)","2 pcs","Kitchen & Dining Needs","Mad Over Print",,,228.5483870967742,598.233870967742,,0.7047,61.7959769730057,0.0011743193257011217,0.00077,0.0003,0.00043,0,115.15935825428325
"2026-03-01","572704",,"Femora Glass Mixing Bowl Set (Transparent)","3 pcs","Kitchen & Dining Needs","Femora",,,800.2773592920192,1095,,60.41643,26.91900664315814,0.013911483154278764,0.01749,0.0308,0.04466,0,799.8105416296785
"2026-03-01","502807",,"Jony Tea and Coffee Coaster Set (White)","6 pcs","Kitchen & Dining Needs","jony",,,178.40296774193544,210,,33.86191,15.345348761744768,0.001687002901797744,0.00237,0.00094,0.00136,0,28.55903762014452
"2026-03-01","598009",,"Home Focus 24 Hours Hot & Cold Hydra Thermal Bottle","1 pc","Kitchen & Dining Needs","home focus",,,499,895,,0.71402,44.245810055865924,0,0,,,,499
"2026-03-01","618157",,"Warmfinity Ice Tray for Freezer (Plastic)","2 pcs","Kitchen & Dining Needs","Warmfinity",,,260,499,,41.27338,47.895791583166336,0.12886035218967817,0.11558,0.56533,0.81982,0,129.99999999999997
"2026-03-01","559990",,"Nautica Active Hydrate Gift Box (Purple)","3 pcs","Kitchen & Dining Needs","Nautica",,,2289.6078894755433,3999,,47.4559,42.80059977054107,0.0242650530325609,0.02146,0.00397,0.00576,0,723.1030694091758
"2026-03-01","428723",,"Prestige Nakshatra Plus Svachh Handi 10760 Anodized Coating HA Nak+ IL Handi Pressure Cooker (Hard Anodised)","1 unit","Kitchen & Dining Needs","Prestige",,,1945.1741602427765,2359.7588336290323,,72.5781,17.46075874526626,0.4036749583319664,0.57862,0.28044,0.39907,0.01691,1957.7113449147628
"2026-03-01","566652",,"Schott Zwiesel Show Crystal Glass Set (Tritan)","8 pcs","Kitchen & Dining Needs","schott zwiesel",,,4288.070838709677,6300,,58.62529,31.935383512544806,0.007084058013934388,0.0083,0.00194,0.00281,0,536.1321037208081
"2026-03-01","664058",,"Ireka Homes Resin Coasters (Brown, Peach)","4 pcs","Kitchen & Dining Needs","Ireka Homes",,,450,570,,15.46081,21.05263157894737,0.00003373360959016376,0.00005,,,,450
"2026-03-01","596734",,"New Dawn Plastic Container Set for Fridge","4 pcs","Kitchen & Dining Needs","New Dawn",,,249,1000,,69.49621,75.1,0.03933490093556714,0.01686,0.02111,0.03061,0,249.00000000000006
"2026-03-01","553675",,"HAZEL Bread / Cake Mould (Aluminium)","1 pc","Kitchen & Dining Needs","Hazel",,,257.9034031597139,399,,26.01205,34.952914929596844,0.007530769657482095,0.00843,0.005,0.00726,0,261.9037218155653
"2026-03-01","594393",,"Artment Cotton Waffle Weave Kitchen Dish Cloth (Red)","6 pcs","Kitchen & Dining Needs","The Artment",,,592.1626309781531,699,,26.37377,15.26500159101077,0.006739442205083194,0.00982,0.00105,0.00152,0,98.7157192584469
"2026-03-01","562386",,"Wonderchef Gas Lighter (Stainless Steel)","1 pc","Kitchen & Dining Needs","Wonderchef",,,149.03854648774717,200,,83.15234,25.47402168626636,0.7910824160750172,1.01455,0.82339,1.19407,0,149.05195662746732
"2026-03-01","662937",,"HAZEL Stainless Steel Casserole with Lid (Silver)","1 pc","Kitchen & Dining Needs","Hazel",,,643.0547222996412,1029,,63.04388,37.446159274493034,0.029004848887074088,0.03117,0.0068,0.00986,0,644.5329774102005
"2026-03-01","571917",,"Pieces and Accents Resin Lazy Susan Serving Platter (White, Black)","1 pc","Kitchen & Dining Needs","pieces and accents",,,1138.3453444749894,2199,,37.93,48.21279995847364,0.007119998511773003,0.0064,0.00189,0.00274,0,1169.0458739348749
"2026-03-01","533958",,"Peacock Serving Tray Set (Multicolour) - Amaya Decors","2 pcs","Kitchen & Dining Needs","Amaya Decors",,,1201.5305381352916,1499,,33.70384,19.85145665051526,0.010282952117511396,0.01417,0.00883,0.0128,0,1199.6262975011273
"2026-03-01","624950",,"Zulaxy Chopping Board - 11.8"" x 7.87"" (Stainless Steel)","1 pc","Kitchen & Dining Needs","Zulaxy",,,499,1999,,0.63421,75.0375187593797,0.00011830430146864517,0.00005,,,,498.99999999999994
"2026-03-01","691349",,"Nayasa Plastic Jug Set with 6 Glasses (Clear)","1 set","Kitchen & Dining Needs","Nayasa",,,949,949,,26.97864,0,0,0,0.0005,0.00072,0,949
"2026-03-01","562416",,"Wonderchef Ferro Dosa Tawa 28 cm (Iron)","1 unit","Kitchen & Dining Needs","Wonderchef",,,1763.2427732906624,2979.4855988306454,,78.97023,41.322692415551344,0.16563014962955458,0.16745,0.01645,0.00932,0.0323,1741.1466496180121
"2026-03-01","477901",,"Borosil Borosilicate Glass Klip n Store Lunch Box","1 pc","Kitchen & Dining Needs","Borosil",,,709.2055916473893,945,,72.96881,25.236769646204568,0.06943278606303639,0.08917,0.02176,0.03156,0,705.8567371973735
"2026-03-01","574411",,"Vesta Homes Osaka Chopping Board (Wood)","1 pc","Kitchen & Dining Needs","Vesta Homes",,,499,999,,68.63507,50.05005005005006,0.0300446526038094,0.02583,0.01464,0.02067,0.00124,499
"2026-03-01","548898",,"Nayasa Plastic Use Max Container Set","9 pcs","Kitchen & Dining Needs","Nayasa",,,547.8671049345916,695,,76.53504,21.04628675575668,0.10096121894157231,0.13842,0.21378,0.31002,0,548.782097346737
"2026-03-01","569355",,"ExclusiveLane Mughal Cylindrical Airtight Ceramic Jar Set (Multicolor, 410 ml)","2 pcs","Kitchen & Dining Needs","ExclusiveLane",,,995.7716129032258,1750,,50.86908,43.09815771950677,0.010025291434100766,0.00981,0.00757,0.01044,0.0012,497.30855963546503
"2026-03-01","575930",,"Oliveware Stainless Steel Executive Lunch Box Set","1 set","Kitchen & Dining Needs","Oliveware",,,799,1185,,62.67233,32.573839662447256,0.03091388871528336,0.03588,0.00837,0.01214,0,799.0000000000001
"2026-03-01","500873",,"Homez it Cotton Fridge Bag (Large) (Cotton)","4 pcs","Kitchen & Dining Needs","Homez it",,,279,299,,3.67909,6.688963210702341,0.000035390817547608955,0.00006,,,,69.75
"2026-03-01","565235",,"Vinod Tope Set with LId (Stainless Steel)","3 pcs","Kitchen & Dining Needs","Vinod",,,1275.1720430107525,1542.4946234408599,,3.30455,17.33053563802951,0.0018168808496261475,0.00259,0.00003,0.00005,0,424.5019856691172
"2026-03-01","595106",,"ExclusiveLane Ceramic Hand-Painted Serving Bowl (Multicolour)","2 pcs","Kitchen & Dining Needs","ExclusiveLane",,,810.5714285714286,1325,,13.04138,38.82479784366577,0.0017643572644036353,0.00187,0.00133,0.00099,0.00208,408.53625936575827
"2026-03-01","532131",,"Full Houz Bag - Big (Jute)","1 pc","Kitchen & Dining Needs","fullhouz",,,169.03306451612906,399,,79.47755,57.63902780955185,0.041720884645784155,0.03042,0.02381,0.03453,0,169.01994542274056
"2026-03-01","552717",,"Femora Coffee Mug (Ceramic)","1 pc","Kitchen & Dining Needs","Femora",,,133.17012067124165,300,,32.82334,54.31072811122919,0.05347325291196794,0.04258,0.15491,0.1509,0.1638,137.9548959926002
"2026-03-01","480967",,"Fackelmann Gas Lighter - Piezo (Stainless Steel)","1 pc","Kitchen & Dining Needs","Fackelmann",,,159,159,,0.00662,0,0,0,,,,159
"2026-03-01","512903",,"Vinayak Lemon Squeezer (Stainless Steel)","1 pc","Kitchen & Dining Needs","Vinayak",,,109.23769570916151,169,,21.99497,35.40602732910036,0.01241962492287259,0.0138,0.002,0.00289,0,10915.810224572391
"2026-03-01","569366",,"ExclusiveLane Pastel Punch Glass Set With Iron Holder (Ceramic)","6 pcs","Kitchen & Dining Needs","ExclusiveLane",,,1199,2299,,4.19677,47.84688995215311,0.0020048276554577448,0.0018,0,0.00001,0,199.83333333333337
"2026-03-01","507830",,"Larah by Borosil Polka Opalware Mug Set (Opalware)","1 pc","Kitchen & Dining Needs","Larah by Borosil",,,231.79530575577553,264.6563695161291,,79.52657,12.445381271337517,0.04440102667444458,0.06698,0.3837,0.36125,0.43356,23174.979535088427
"2026-03-01","568451",,"Solara Motivational Plastic Sipper Bottle for Gym","1 pc","Kitchen & Dining Needs","Solara",,,574.7866996065824,1499,,41.16133,61.78908771810156,0.021697692225752636,0.01392,0.00567,0.00614,0.00462,558.4757990897459
"2026-03-01","607338",,"Cutting Edge Plastic Eco-Storage Organiser & Container Set","6 pcs","Kitchen & Dining Needs","Cutting Edge",,,299,500,,48.77877,40.20000000000001,0.04369416267655473,0.04498,0.01201,0.0063,0.02468,49.833333333333336
"2026-03-01","607644",,"Brick Brown Pastel Flora Cutlery Holder (Wood)","1 pc","Kitchen & Dining Needs","brick brown",,,1449,2199,,23.78185,34.106412005457024,0.0013664775063720808,0.00155,0.00118,0.0017,0,1449
"2026-03-01","595359",,"WonderStand Nova 2-Tier Countertop Home Organizer","1 pc","Kitchen & Dining Needs","WonderStand",,,559,599.1264830701755,,41.68361,6.72502540760454,0.0698685602050831,0.11219,0.04245,0.06156,0,559
"2026-03-01","620825",,"Chumbak Lady Chettiar Steel Wall Bottle","1 pc","Kitchen & Dining Needs","Chumbak",,,1324.875295970613,1695,,45.17634,21.87315915592801,0.013780932664802322,0.01836,0.28072,0.01533,0.87025,1325.9431017876013
"2026-03-01","588867",,"Indigifts Printed Frost Beer Mug - with Aao Chill Kare Quote (Glass)","1 pc","Kitchen & Dining Needs","Indigifts",,,499,2099,,2.92321,76.22677465459742,0.0009316693883768605,0.00038,0,0,0,499
"2026-03-01","440114",,"GHH Aluminium Donut Bakeware Tray Rectangular Shape 9 Cavity (Silver)","1 pc","Kitchen & Dining Needs","GHH",,,402.5092921146954,699,,14.78605,42.416410284020685,0.00022752431941997292,0.00024,0.00178,0.00257,0,417.0209705488622
"2026-03-01","634104",,"Earth Chakra Ghee Pot (Brass)","1 pc","Kitchen & Dining Needs","earth chakra",,,749,1299,,55.29917,42.34026173979984,0.015249601880340278,0.01514,0.03268,0.04094,0.01432,749
"2026-03-01","565193",,"Pasabahce Bowl & Whiskey Glass Set","6 pcs","Kitchen & Dining Needs","Pasabahce",,,949,1090,,38.26182,12.935779816513762,0.0017088189597556443,0.00256,0.00366,0.00531,0,158.16666666666669
"2026-03-01","717858",,"Picfest Stainless Steel Delux Dessert Spoon","6 pcs","Kitchen & Dining Needs","Picfest",,,189,349,,34.60003,45.845272206303726,0.004947358754321462,0.00461,0.00157,0.00228,0,31.500000000000004
"2026-03-01","570516",,"Chumbak Ceramic Suzani Blossom Plate Set Gift (Multicolour)","4 pcs","Kitchen & Dining Needs","Chumbak",,,1217.9853099483105,2595,,53.21155,53.0642855001146,0.10796611180824711,0.08723,0.04835,0.03663,0.07436,1217.9771037484024
"2026-03-01","563840",,"Urban Space Cotton Dining Table Cover 6 Seater (Ikat Orange)","1 pc","Kitchen & Dining Needs","Urban Space",,,1199.4569778843347,2299,,56.23172,47.81945340493961,0.14911334363968795,0.13389,0.11301,0.14607,0.03957,1199.6619827770876
"2026-03-01","595091",,"ExclusiveLane Ceramic Ceramic Hand Painted Dinner Set (Multicolour)","1 set","Kitchen & Dining Needs","ExclusiveLane",,,1049,1799,,19.20436,41.68982768204558,0.0020548329379516945,0.00206,0.00281,0.00187,0.00489,1049.0000000000002
"2026-03-01","625312",,"The Better Home Ice Tray with Storage Box (Silicone)","1 pc","Kitchen & Dining Needs","The Better Home",,,599,895,,0.09717,33.072625698324025,0.00005296762605190697,0.00006,,,,599
"2026-03-01","512902",,"Vinayak Tong/Pakad (Stainless Steel)","1 pc","Kitchen & Dining Needs","Vinayak",,,99,139,,9.08743,28.776978417266193,0.004093966609090753,0.00502,0.00141,0.00205,0,99.00000000000003
"2026-03-01","602956",,"Sakoraware Ice cream Scoop (Stainless Steel)","1 pc","Kitchen & Dining Needs","Sakoraware",,,269,599,,26.84686,55.09181969949916,0.01525342656148655,0.01179,0.03499,0.05074,0,268.99999999999994
"2026-03-01","742154",,"Unify Stainless Steel Insulated Casserole Hot Pot (Silver)","1 unit","Kitchen & Dining Needs","Unify",,,1439,2389,,21.71677,39.76559229803265,0.0011310817154722135,0.00117,0.00168,0.00075,0.00374,1438.9999999999998
"2026-03-01","599623",,"Aegon Gym Plastic Bottle","1 pc","Kitchen & Dining Needs","Aegon",,,449,999,,43.71554,55.05505505505506,0.016388162514603944,0.01268,0.00887,0.00976,0.00691,448.9999999999999
"2026-03-01","588423",,"Nike Big Mouth BPA-Free Plastic Bottle","1 pc","Kitchen & Dining Needs","Nike",,,799,799,,1.72901,0,0.00009457235203133773,0.00016,0.00003,0.00004,0,799
"2026-03-01","532905",,"Swastika Indian Wooden Belan - Roti Maker (Wood)","1 pc","Kitchen & Dining Needs","Swastika",,,100.12901703274288,250,,73.5099,60.16736408245883,0.3201773025693901,0.21921,0.05512,0.07993,0,99.58161073526819
"2026-03-01","503861",,"Ocean Traze Double Rock Whiskey Glass Set","6 pcs","Kitchen & Dining Needs","O'cean",,,1349.7540322580646,1420,,1.74716,4.94689913675602,0.00008403805593758411,0.00013,0,0,0,218.6549757713671
"2026-03-01","553647",,"Hazel Stainless Steel Pizza Cutter & Turner (Stainless Steel)","1 pc","Kitchen & Dining Needs","Hazel",,,143.11756123082145,349,,45.65936,58.938409671253744,0.007448142554151947,0.00538,0.01039,0.01507,0,144.52907686168268
"2026-03-01","625156",,"House of Quirk Draining Colander Basket With Handle (Plastic)","1 pc","Kitchen & Dining Needs","House of Quirk",,,549,899,,34.13193,38.932146829810904,0.0009736412780648829,0.00102,0.00033,0.00048,0,549
"2026-03-01","559249",,"Nestasia Stainless Steel Gourmet Cheese Knives Cutlery Set","3 pcs","Kitchen & Dining Needs","Nestasia",,,940.1958823529412,1530,,11.11691,38.549288735101875,0.001109214346918674,0.0012,0.00048,0.00051,0.0004,956.9391275713946
"2026-03-01","751436",,"Gluman Plastic Tumbler and Jug Set (Light Green)","1 set","Kitchen & Dining Needs","Gluman",,,249,299,,11.9504,16.722408026755847,0.0005041757822126695,0.00072,0.00148,0.00215,0,249
"2026-03-01","534072",,"Larah by Borosil Opalware Spiral Dinner Set (White, Grey)","1 set","Kitchen & Dining Needs","Larah by Borosil",,,1402.4258016187023,2199,,67.15523,36.544927721714366,0.16590207039746552,0.18203,0.11747,0.11136,0.13105,1393.115737017999
"2026-03-01","496556",,"Fackelmann Plastic Vegetable Chopper (650 ml)","1 pc","Kitchen & Dining Needs","Fackelmann",,,319.16580448201756,398.91400169354836,,67.2425,19.972340352255703,0.1462829221087549,0.20154,0.07799,0.1131,0,319.1999710142734
"2026-03-01","493510",,"Solara Insulated Sports Thermal Bottle for Travel","1 pc","Kitchen & Dining Needs","Solara",,,1108.579308614674,1999.004626963563,,45.39619,44.53746121540524,0.052410601243911906,0.05001,0.03992,0.05784,0.00013,1108.6647060546577
"2026-03-01","532212",,"Prestige Omega Granite Non-stick Dosa Tawa (Aluminium)","1 unit","Kitchen & Dining Needs","Prestige",,,1457.4242328383402,1847.7203812096777,,74.42837,21.094275338494576,0.182976934153962,0.25068,0.06654,0.09493,0.0035,1457.813947104347
"2026-03-01","534625",,"Milton Flip Lid 500 Thermal Bottle","1 pc","Kitchen & Dining Needs","Milton",,,668.3032623746386,810,,52.15189,17.570828083700636,0.24745878658778692,0.35144,0.23634,0.20785,0.29962,667.639410961208
"2026-03-01","638761",,"Gluman Stainless Steel, Plastic Frozen Cutlery Set","1 pack","Kitchen & Dining Needs","Gluman",,,299,499,,35.53911,40.08016032064128,0.0012149322835586017,0.00125,0.0016,0.00232,0,299
"2026-03-01","568371",,"Wonderchef Ambrosia Vegetable Chopping Board (Plastic)","1 pc","Kitchen & Dining Needs","Wonderchef",,,203.45277096565772,500,,79.9577,59.338036103831094,0.13985556799070292,0.09789,0.05621,0.08151,0,203.30742428532707
"2026-03-01","701362",,"Nestasia Aluminium Pomegranate Bowl Set (Golden)","2 pcs","Kitchen & Dining Needs","Nestasia",,,978.8097045455486,1530,,27.06424,36.010022699969895,0.023408718961483298,0.02578,0.06713,0.0041,0.20714,490.2920210683953
"2026-03-01","621820",,"WonderStand 3-Tier Corner Storage Kitchen Rack (Steel)","1 pc","Kitchen & Dining Needs","WonderStand",,,499,503.4002957327586,,40.56103,1.7073993035652644,0.03800817919827832,0.06442,0.03025,0.04387,0,499.00000000000006
"2026-03-01","527814",,"Archies Life Is Better With Friends Mug (Ceramic)","1 pc","Kitchen & Dining Needs","Archies",,,289,299,,0.69092,3.3444816053511706,0.000017695408773804478,0.00003,,,,289
"2026-03-01","553238",,"Prestige Popular Svachh Pressure Cooker (Hard Anodised)","1 unit","Kitchen & Dining Needs","Prestige",,,1751.9595600358234,2082.769422620968,,62.74711,16.408085953056254,0.22591681687098691,0.32625,0.22474,0.26236,0.14117,1739.875374550238
"2026-03-01","578560",,"Glimpse Homes Pretzel & Bagel Quirky Mug Set (Ceramic)","2 pcs","Kitchen & Dining Needs","glimpse homes",,,899,1399,,5.92293,35.7398141529664,0.00016559047748431404,0.00018,0,0,0,449.49999999999994
"2026-03-01","572070",,"Fabindia Cotton Table Runner (Rust)","1 pc","Kitchen & Dining Needs","Fabindia",,,799,799,,2.08382,0,0,0,,,,799
"2026-03-01","521008",,"Vinayak Stainless Steel Rice Server (Silver)","1 pc","Kitchen & Dining Needs","Vinayak",,,119.23566532258066,149,,53.08047,20.018356726549914,0.005189748765306565,0.00714,0.00402,0.00583,0,119.04245486164007
"2026-03-01","650672",,"Larah by Borosil Opalware 4.2"" Medley Bowl Set (White)","2 pcs","Kitchen & Dining Needs","Larah",,,144.33728252458806,170,,66.69832,15.151953363428834,0.015626000608420756,0.02281,0.01572,0.0228,0,144.19604584662494
"2026-03-01","554113",,"Pasabahce Echo Long Drink Glass Set","6 pcs","Kitchen & Dining Needs","Pasabahce",,,549.9638323901587,1499,,73.50261,63.321027664037786,0.040670791823033195,0.02566,0.01282,0.0186,0,91.57941543431821
"2026-03-01","588577",,"The Better Home Glass Bottle","1 pc","Kitchen & Dining Needs","The Better Home",,,849,2499,,3.14548,66.02641056422569,0.0011831619700465857,0.00069,,,,849
"2026-03-01","701445",,"Tied Ribbons Cotton Coaster Set with Holder (White)","6 pcs","Kitchen & Dining Needs","Tied Ribbons",,,399,1499,,9.47503,73.3822548365577,0,0,,,,66.5
"2026-03-01","572149",,"Fabindia Floral Design Mug Set (Ceramic)","2 pcs","Kitchen & Dining Needs","Fabindia",,,664,799,,9.18795,16.896120150187734,0,0,,,,664
"2026-03-01","559252",,"Nestasia Soap Dispenser (Ceramic)","1 pc","Kitchen & Dining Needs","Nestasia",,,570.8697420435659,1000,,15.11434,42.89665752955174,0.008130372139775303,0.0082,0.00049,0.0007,0,583.1423891713551
"2026-03-01","586517",,"FunBlast Cute Sipper Kids Bottle for Kids (Tritan)","1 pc","Kitchen & Dining Needs","FunBlast",,,650,999,,0.00144,34.93493493493494,0,0,,,,650
"2026-03-01","532595",,"Larah by Borosil Dreamer Opalware Mug Set (Opalware)","6 pcs","Kitchen & Dining Needs","Larah by Borosil",,,568.9533242357868,655,,36.14693,13.136897063238651,0.002670453735986133,0.00399,0.00659,0.00956,0,94.81701498708726
"2026-03-01","725772",,"Nestroots Stainless Steel Gold-Toned Cutlery Set for Dining","5 pcs","Kitchen & Dining Needs","Nestroots",,,1299,3399,,0.18906,61.7828773168579,0.00030173826051833316,0.0002,0,0,0,1299
"2026-03-01","738011",,"Habere India Cane Rustic Serving Tray (Yellow)","1 pc","Kitchen & Dining Needs","Habere India",,,1099,3399,,8.47527,67.66696087084436,0.0004023176806911109,0.00022,0.00015,0.00005,0.00037,1099
"2026-03-01","595107",,"ExclusiveLane Ceramic Coffee Mug Set","2 pcs","Kitchen & Dining Needs","ExclusiveLane",,,609.8051948051948,1160,,2.75657,47.430586654724586,0.00020595274135894496,0.00019,,,,303.95893710226005
"2026-03-01","608669",,"Stacpro Acrylic Kitchen Container Set","4 pcs","Kitchen & Dining Needs","stacpro",,,1499,2200,,31.00894,31.863636363636363,0.0008007290093916807,0.00094,0.00019,0.00023,0.0001,374.74999999999994
"2026-03-01","631141",,"Speedex Steel Wall Bottle with Lid","1 pc","Kitchen & Dining Needs","Speedex",,,549,549,,4.66867,0,0,0,0,0,0,549
"2026-03-01","557300",,"Archies Best Bro Ever Mug (Ceramic)","1 pc","Kitchen & Dining Needs","Archies",,,379,399,,0.01953,5.012531328320802,0,0,,,,379
"2026-03-01","549120",,"Borosil Borosilicate Glass Foodluck Lunch Box, Vertical","2 pcs","Kitchen & Dining Needs","Borosil",,,563.6860475929896,884.5644077419355,,66.39803,36.663800636473646,0.1991494634465265,0.21657,0.20479,0.28761,0.02084,279.9933828298317
"2026-03-01","724733",,"Poshio Wood Serving Tray Enamelled Platter (Black)","1 pc","Kitchen & Dining Needs","Poshio",,,957.7018279569893,2000,,16.09416,52.10849238523608,0.0028078560542062793,0.00232,0.00404,0.00047,0.01198,959.9955005735596
"2026-03-01","572999",,"Vesta Homes Rivika Large Teak Wood Serving Tray","1 pc","Kitchen & Dining Needs","Vesta Homes",,,849,1799,,71.82383,52.80711506392441,0.06599665875210874,0.05361,0.02258,0.0208,0.02654,849.0000000000001
"2026-03-01","615823",,"Femora Stainless Steel Stainless Steel Jug (Grey)","1 pc","Kitchen & Dining Needs","Femora",,,600.4581312831278,920,,55.15436,34.769052364279645,0.054568203268389404,0.06126,0.03514,0.05039,0.00128,600.1184030034664
"2026-03-01","639082",,"Boldfit Stainless Steel Wall Bottle","1 ltr","Kitchen & Dining Needs","Boldfit",,,326.8082593793122,999,,93.57901,67.32907084111184,0.7854534848302782,0.4423,0.15085,0.21876,0,326.3825822972927
"2026-03-01","638051",,"Yellocut Plastic Bottle Set","3 pcs","Kitchen & Dining Needs","Yellocut",,,399,999,,0.00164,60.06006006006006,0.00005912258943960279,0.00004,,,,133
"2026-03-01","597705",,"Indigo Plastic Glass & Jug Set (Multicolour)","5 pcs","Kitchen & Dining Needs","Indigo",,,399,599,,4.9566,33.3889816360601,0.00007089988027409712,0.00008,,,,79.80000000000001
"2026-03-01","553460",,"HAZEL Silicone Brush for Baking (Silicone)","1 pc","Kitchen & Dining Needs","Hazel",,,104.91848270551012,299,,75.76929,64.90725290640184,0.32440544869416804,0.19574,0.0644,0.09339,0,104.92658417457699
"2026-03-01","612289",,"Yellocut Plastic Airtight Fridge Container Set","3 pcs","Kitchen & Dining Needs","Yellocut",,,299,499,,47.74174,40.08016032064127,0.005390985192954179,0.00556,0.00934,0.01355,0,99.66666666666667
"2026-03-01","574402",,"Vesta Homes Chakla Belan Set with Stand (Wood)","3 pcs","Kitchen & Dining Needs","Vesta Homes",,,949,2999,,65.66556,68.3561187062354,0.183468006736938,0.09994,0.06241,0.0905,0,948.9999999999997
"2026-03-01","605416",,"Irida Naturals Flipping Spatula (Wood)","1 pc","Kitchen & Dining Needs","Irida Naturals",,,299,499,,0.89803,40.08016032064128,0,0,,,,299
"2026-03-01","537897",,"Rabitat Stainless Steel Kids Lunch Box","1 pc","Kitchen & Dining Needs","Rabitat",,,930,930,,4.82681,0,0.00006290181898558292,0.00011,0,0,0,186
"2026-03-01","611664",,"Digismart Auto-Off Safety Induction Cooktop (2500 W)","1 unit","Kitchen & Dining Needs","DigiSmart",,,1992.8090322580645,5490,,6.38526,63.631021463196355,0.07481731890420255,0.04766,0.00187,0.00185,0.00192,2032.9511998577896
"2026-03-01","630612",,"Yellocut Push Chopper (1100 ml)","1 pc","Kitchen & Dining Needs","Yellocut",,,299,499,,33.37452,40.0801603206413,0.0060953411857436616,0.00629,0.00753,0.01092,0,299
"2026-03-01","656745",,"Nestasia Glass Snacks Bowl Set (Transparent, 220 ml, 6 pcs)","6 pcs","Kitchen & Dining Needs","Nestasia",,,633.4221054103647,1095,,56.11237,42.31369446462846,0.24735066859359742,0.24535,0.17443,0.14537,0.23897,287.04525469825364
"2026-03-01","568054",,"The Earth Store Coffee Mug Set (Ceramic)","6 pcs","Kitchen & Dining Needs","The Earth Store",,,744.6133664194994,1099,,38.173,32.13536654244949,0.01733998205326089,0.01894,0.0213,0.00565,0.05604,124.54408040134146
"2026-03-01","634106",,"Earth Chakra Moscow Mule Mug (Copper)","1 pc","Kitchen & Dining Needs","earth chakra",,,599,999,,40.77001,40.04004004004005,0.004487460820330274,0.00463,0.00299,0.00434,0,598.9999999999999
"2026-03-01","426316",,"Vinod PCSB5 Pressure Cooker (Stainless Steel)","1 unit","Kitchen & Dining Needs","Vinod",,,2781,3190,,0.74608,12.821316614420063,0.0001887897909807242,0.00028,0,0,0,2781
"2026-03-01","692532",,"HomeCloud Stainless Steel Coffee Spoon Set","4 pcs","Kitchen & Dining Needs","HomeCloud",,,299,799,,43.75207,62.5782227784731,0.0030352232460236876,0.00196,0.00083,0.0012,0,298.99999999999994
"2026-03-01","546072",,"Cello H2O Glass Bottle","920 ml","Kitchen & Dining Needs","Cello",,,199.13725230414747,249,,62.5546,20.07052693339821,0.6429373145604067,0.88457,0.46407,0.56766,0.23397,21.633087311659214
"2026-03-01","616678",,"Impetus Water Steel Wall Bottle","1 pc","Kitchen & Dining Needs","Impetus",,,299,799,,67.45892,62.578222778473084,0.016658136320605615,0.01073,0.02407,0.02803,0.01529,299
"2026-03-01","615238",,"Fumato Hand Blender (Stainless Steel)","1 pc","Kitchen & Dining Needs","Fumato",,,929,1799,,1.13887,48.36020011117287,0,0,,,,928.9999999999999
"2026-03-01","608570",,"Cutting Edge Polypropylene Nesterware Container Set for Kitchen","3 pcs","Kitchen & Dining Needs","Cutting Edge",,,265,450,,61.84287,41.1111111111111,0.028196202421966274,0.02858,0.01671,0.01324,0.02443,88.33333333333333
"2026-03-01","693173",,"Zappfresh Plastic Dinner Plate Set (Colour May Vary)","6 pcs","Kitchen & Dining Needs","Zappfresh",,,299,500,,9.95118,40.2,0.000059181889574356026,0.00006,,,,299
"2026-03-01","568656",,"Solara Multipurpose Electric Kettle (1.5 ltr)","5 pcs","Kitchen & Dining Needs","Solara",,,1053.32555094797,2999,,33.92752,64.1486705537221,0.1504811001824994,0.09042,0.00163,0.00236,0,1087.8729442598687
"2026-03-01","534408",,"The Artment Impressionist Dual Delight Glass Set (Glass)","4 pcs","Kitchen & Dining Needs","The Artment",,,999.0074461551849,1999,,26.10875,50.024549081579714,0.01262204113912929,0.01086,0.0101,0.00308,0.0257,249.76003452283555
"2026-03-01","554123",,"Pasabahce Allegra Red Wine Glass Set","2 pcs","Kitchen & Dining Needs","Pasabahce",,,648.5008064516129,732,,38.1126,11.389645625253534,0.025216103977555127,0.03846,0.04293,0.06226,0,324.4314280678524
"2026-03-01","650677",,"Larah by Borosil Opalware 7"" Medley Serving Bowl (White)","1 pc","Kitchen & Dining Needs","Larah",,,229,290,,66.08863,21.034482758620705,0.007304654515216423,0.00993,0.00532,0.0051,0.00582,228.99999999999997
"2026-03-01","632929",,"WonderStand Storage Organiser","1 pc","Kitchen & Dining Needs","WonderStand",,,559,670.9999996666667,,5.50201,16.691505174710137,0.001010351789928722,0.00159,,,,559
"2026-03-01","499181",,"Zenker Carbon Steel 6 Cup Muffin Tray (Steel)","1 pc","Kitchen & Dining Needs","Zenker",,,449.000873655914,496.14516129032256,,21.48281,9.508751013579282,0.0026083515810931515,0.00404,0.00097,0.00141,0,449.00001096255403
"2026-03-01","570373",,"Chumbak Wood Marigold Cake Stand (Brown)","1 pc","Kitchen & Dining Needs","Chumbak",,,935,1295,,56.17374,27.79922779922779,0.04231058205257512,0.05259,0.0619,0.08976,0,934.9999999999999
"2026-03-01","532211",,"Prestige Nak+ Svachh Alu Pressure Cooker (Aluminium)","1 unit","Kitchen & Dining Needs","Prestige",,,1886.4671062921302,2422.528167782258,,66.76108,21.973463349565318,0.23267012252433977,0.31362,0.06949,0.05995,0.09068,1891.5804591552621
"2026-03-01","705871",,"ExclusiveLane Ceramic Warli Village Tales Handcrafted Bowl Set (Mud Brown)","6 pcs","Kitchen & Dining Needs","ExclusiveLane",,,999,2649,,0.28329,62.287655719139295,0.00015677251193744522,0.0001,0,0,0,166.5
"2026-03-01","548987",,"QIPS Polyester Insulated Lunch Bag (11 ltrs, Pink)","1 pc","Kitchen & Dining Needs","QIPS",,,282.00050151368026,499,,61.45074,43.48657791075855,0.02759361504786028,0.02687,0.01828,0.02651,0,282.0027743107339
"2026-03-01","558607",,"Nestasia Ceramic Mandala Appetizer Plate Set (Black, White)","2 pcs","Kitchen & Dining Needs","Nestasia",,,482.52070367011163,490,,52.00757,1.806978363677479,0.04475408955668246,0.07557,0.07699,0.06427,0.10523,240.31674503321128
"2026-03-01","620024",,"ExclusiveLane Ceramic Mediterranean Serving Bowl Set (Blue)","6 pcs","Kitchen & Dining Needs","ExclusiveLane",,,837.8571428571429,1799,,46.8951,53.423297504919994,0.004810225062160841,0.00386,0.014,0.00189,0.04092,139.91182710752668
"2026-03-01","615985",,"Am Safe-X Microfiber Kitchen Towel Set","4 pcs","Kitchen & Dining Needs","Am Safe-X",,,296.5897580645161,699,,76.64332,57.71984944639885,0.6480003668123598,0.47155,1.27227,1.79536,0.11031,295.5371858275258
"2026-03-01","570517",,"Chumbak Ceramic Saanjh Snack Plate Set Gift (Cream, Red)","4 pcs","Kitchen & Dining Needs","Chumbak",,,1218.0000115207372,2595,,62.18978,53.06358297712641,0.07193299923222887,0.05812,0.04052,0.01612,0.09473,1218.000041469388
"2026-03-01","626969",,"Solara Tumbler with 2 Straws (Black Knight)","1 pc","Kitchen & Dining Needs","Solara",,,1054.235786857788,1999,,52.46882,46.94782775329909,0.18497958936496212,0.1678,0.12253,0.09412,0.18562,1060.5615344353184
"2026-03-01","619712",,"The Better Home Steel Lunch Box with Bamboo lid and Strap","1 pc","Kitchen & Dining Needs","The Better Home",,,1099,3495,,1.70158,68.55507868383405,0.0044894685027368295,0.00243,,,,1099
"2026-03-01","568375",,"Wonderchef Stainless Steel Venice Fork Set","6 pcs","Kitchen & Dining Needs","Wonderchef",,,313.97235912598285,600,,81.23369,48.20203017153508,0.023236308790957047,0.02037,0.00879,0.01274,0,51.1977671187307
"2026-03-01","720440",,"CutTales Stainless Steel Dinner Spoon Set","6 pcs","Kitchen & Dining Needs","CutTales",,,279,899,,72.52607,68.96551724137932,0.04731947321887812,0.02528,0.06978,0.03816,0.14003,46.49999999999999
"2026-03-01","604193",,"Steellock Steel Pro Spice Container","1 set","Kitchen & Dining Needs","Steel Lock",,,1139,1350,,23.03588,15.62962962962963,0.00031958156453839345,0.00046,0.00106,0.00049,0.00231,1139
"2026-03-01","630868",,"Yellocut Stainless Steel, Plastic Lunch Box","1 set","Kitchen & Dining Needs","Yellocut",,,595,999,,50.76462,40.44044044044045,0.01969705286424348,0.02019,0.00493,0.00716,0,595
"2026-03-01","624996",,"House of Quirk Tumbler","1 pc","Kitchen & Dining Needs","House of Quirk",,,1099,1999,,41.03287,45.02251125562782,0.044803024063389894,0.0424,0.03008,0.03511,0.01892,1098.9999999999998
"2026-03-01","599359",,"Avias Stainless Steel Stylo Lunch Box","1 pc","Kitchen & Dining Needs","Avias",,,533,650,,6.41523,18,0,0,,,,533
"2026-03-01","675922",,"Two Moustaches Printed Serving Tray Set (Multicolour)","2 pcs","Kitchen & Dining Needs","Two Moustaches",,,645,1595,,17.32508,59.56112852664577,0.0026647696227701904,0.00186,0.0027,0.00055,0.00746,645
"2026-03-01","532628",,"Wonderchef Taurus Hard Anodized Pressure Cooker (Aluminium)","1 unit","Kitchen & Dining Needs","Wonderchef",,,1424.545471850174,3132.6266069354842,,53.43725,54.24875999638164,0.41142521501006574,0.3346,0.09644,0.13986,0,1434.6886033504284
"2026-03-01","602791",,"Smokey Cocktail Solid Coffee Mug (Ceramic)","1 pc","Kitchen & Dining Needs","SMOKEY COCKTAIL",,,249,499,,4.43442,50.100200400801604,0,0,,,,249.00000000000003
"2026-03-01","564490",,"Sammsara Leather Serving Tray (Black, Gold)","1 pc","Kitchen & Dining Needs","Sammsara",,,1399,1819,,0.01506,23.08960967564596,0.0004306065081481086,0.00057,,,,1399
"2026-03-01","630873",,"ExclusiveLane Wood Log Handcrafted Coasters (Light Brown)","6 pcs","Kitchen & Dining Needs","ExclusiveLane",,,599,915,,38.93425,34.535519125683045,0.005351775020619709,0.00603,0.0049,0.00526,0.00408,99.83333333333333
"2026-03-01","558623",,"Nestasia Ceramic Nitori Bowl Set (White, Blue)","4 pcs","Kitchen & Dining Needs","Nestasia",,,737.8278876336202,1500,,69.32627,50.94807376573713,0.26362086627337233,0.22277,0.40176,0.21915,0.80739,183.92531926351703
"2026-03-01","390177",,"Vinayak Strainer (Stainless Steel)","1 pc","Kitchen & Dining Needs","Vinayak",,,259.06862745098044,300.1210784705882,,5.12188,13.677168308354426,0.0011513762100922836,0.00169,0.00002,0.00003,0,259.1132967653464
"2026-03-01","593977",,"Melii Cloud Drying Rack (Plastic)","1 pc","Kitchen & Dining Needs","Melii",,,922.3715965690166,1099,,44.82609,16.056802050942977,0.002487157907190452,0.00377,0.0087,0.00825,0.0097,981.9699600665743
"2026-03-01","534630",,"Milton Stainless Steel, Plastic Executive Lunch Box","3 pcs","Kitchen & Dining Needs","Milton",,,358.844703854079,445,,73.49877,19.415039389417164,0.32726535357742814,0.45437,0.69375,0.92727,0.17503,358.6030747170936
"2026-03-01","614907",,"Borosil Stainless Steel Lunch Box","1 set","Kitchen & Dining Needs","Borosil",,,2812.0729285645493,3395,,13.91803,17.170164107082496,0.0018082995519823502,0.00251,0,0,0,2726.6871515149733
"2026-03-01","559723",,"Picfest Geometric Tissue Paper Holder (Steel)","1 pc","Kitchen & Dining Needs","Picfest",,,184.17052457605175,249,,12.98261,26.035933905200096,0.0004568240919762702,0.00053,0.00007,0.0001,0,171.66613084205918
"2026-03-01","684619",,"HAZEL Stainless Steel Dinner Wati/ Serving Bowl Set (Silver)","4 pcs","Kitchen & Dining Needs","Hazel",,,261.2858113860604,449,,66.08331,41.87151698083564,0.016802127345414655,0.01675,0.00831,0.01205,0,260.7083478789527
"2026-03-01","634306",,"Folello Stainless Steel Thermal Bottle","1 pc","Kitchen & Dining Needs","folello",,,1249,2999,,0.33601,58.352784261420474,0,0,,,,1249
"2026-03-01","554120",,"Pasabahce Allegra Liquor Stem Flute Wine Glass Set","2 pcs","Kitchen & Dining Needs","Pasabahce",,,602.6534020476553,732,,44.71212,17.657689284373703,0.03244528699821673,0.046,0.06331,0.09181,0,301.4363653528404
"2026-03-01","737385",,"Unify Stainless Steel Bowl (Silver)","4 pcs","Kitchen & Dining Needs","Unify",,,299,599,,53.59121,50.08347245409015,0,0,0.00482,0.00186,0.0114,33.97727272727273
"2026-03-01","662419",,"HAZEL Stainless Steel 3-in-1 Pav Bhaji Plate,22 cm","1 pc","Kitchen & Dining Needs","Hazel",,,186.9105698093325,549,,63.41091,65.84110805135987,0.0633270345078279,0.03745,0.01316,0.01909,0,187.724798301045
"2026-03-01","594595",,"BeastLife Classic Protein Gym Shaker for Workout","1 pc","Kitchen & Dining Needs","BeastLife",,,299,699,,51.20665,57.22460658082975,0.03754425631202709,0.02765,0.1446,0.20872,0.00217,299
"2026-03-01","624215",,"Milton Stainless Steel Casserole (Ivory)","1 pc","Kitchen & Dining Needs","Milton",,,438.79550166505527,535,,60.28477,18.025373875267654,0.12649093718567467,0.17841,0.11003,0.1426,0.03766,33.73539962838348
"2026-03-01","623660",,"Melii Plastic 2 Tier Bento Lunch Box","1 pc","Kitchen & Dining Needs","Melii",,,999,999,,16.65745,0,0.000591225894396028,0.00102,0.00012,0.00005,0.00026,999
"2026-03-01","650377",,"Larah by Borosil Opalware 10"" Medley Plate Set (Multicolour)","2 pcs","Kitchen & Dining Needs","Larah",,,258.61622093328145,325,,68.09346,20.610996686248424,0.05451860509729959,0.07474,0.02233,0.03238,0,258.0022294568661
"2026-03-01","558624",,"Nestasia Ceramic Mandala Bowl Set With Chopsticks (Multicolour)","6 pcs","Kitchen & Dining Needs","Nestasia",,,977.3027683962615,1615,,72.78817,39.75345821533444,0.19888821368460075,0.20681,0.34707,0.24338,0.57741,972.2228049537337
"2026-03-01","603244",,"Irida Naturals Wheat Straw Bowl Set (Dark Multicolour)","4 pcs","Kitchen & Dining Needs","Irida Naturals",,,475,999,,70.07014,52.45245245245244,0.07507539823946272,0.06145,0.1429,0.09918,0.24002,118.75
"2026-03-01","602954",,"New Dawn Carry Bag (Polyester)","2 pcs","Kitchen & Dining Needs","New Dawn",,,169,1000,,0.36859,83.1,0.0007397720217716277,0.00022,,,,84.5
"2026-03-01","521101",,"The Artment Boho Tumbler Crystal Glass Set (Glass)","4 pcs","Kitchen & Dining Needs","The Artment",,,1491.2003314794217,1499,,42.05222,0.5166214028590792,0.003149329133460866,0.00542,0.0018,0.00261,0,373.7782509436844
"2026-03-01","704172",,"ITEMY Stainless Steel Straw with Cleaning Brushes","10 pcs","Kitchen & Dining Needs","ITEMY",,,199,395,,79.05479,49.62025316455697,0.03907591895993247,0.03389,0.90641,0.40957,2.01004,19.900000000000002
"2026-03-01","570378",,"Chumbak Wood Marigold Design Mini Bowl Set (Brown)","2 pcs","Kitchen & Dining Needs","Chumbak",,,716.7007154471545,995,,19.79614,27.959613997084173,0.004506371171685264,0.00537,0.00284,0.00412,0,707.6705153810518
"2026-03-01","752352",,"Femora Ceramic Snack Plate with Dip Section (Blue & White)","1 pc","Kitchen & Dining Needs","Femora",,,637.8745161290323,1000,,31.76868,36.212548387096774,0,0,0.00295,0.00163,0.00589,637.8745161290323
"2026-03-01","534071",,"Larah by Borosil Opalware Plain Dinner Set (White)","1 set","Kitchen & Dining Needs","Larah by Borosil",,,1328.9396067424773,2199,,73.1214,39.782807570256935,0.19783435441556646,0.20535,0.19444,0.11562,0.36953,1322.6488394827222
"2026-03-01","570381",,"Chumbak Wood Marigold Casserole Set (Brown)","1 pc","Kitchen & Dining Needs","Chumbak",,,1219.6974689463323,1995,,55.85479,38.85253681610775,0.04588594572481274,0.04832,0.04279,0.06205,0,1220.585401774113
"2026-03-01","697222",,"Wonderchef Stainless Steel Plate Set","6 pcs","Kitchen & Dining Needs","Wonderchef",,,607.8461474841104,1163.7686486290322,,77.04653,49.87983943037789,0.09821602555281418,0.08537,0.00648,0.0094,0,94.64681750007794
"2026-03-01","549028",,"Larah by Borosil Orbit Mug Set (Opalware)","2 pcs","Kitchen & Dining Needs","Larah by Borosil",,,179.12452694681951,225,,52.071,20.360121576565835,0.050085317613246104,0.06868,0.09684,0.13129,0.02031,89.59992741039784
"2026-03-01","596112",,"Jarsome Premium Mandala Design Container Set","4 pcs","Kitchen & Dining Needs","jarsome",,,892.0356599190284,1199,,40.01985,25.635272917556946,0.009507082292753275,0.01213,0.00088,0.00048,0.00177,222.0785718488667
"2026-03-01","565182",,"Ocean Cookie Jar & Coffee Mug Set (Glass)","6 pcs","Kitchen & Dining Needs","O'cean",,,999.0987937203504,1029,,34.95463,2.9058509504032717,0.0012266605718865334,0.00205,0.0026,0.00377,0,166.489760394424
"2026-03-01","496184",,"Ocean Classic Wine Glass","6 pcs","Kitchen & Dining Needs","O'cean",,,1062.6744149272613,1152,,13.68405,7.753957037564131,0.0006306409540224298,0.00099,0.00002,0.00002,0,175.84045612609188
"2026-03-01","567710",,"Nestasia Fluted Tall Glass Set (300ml, Transparent)","6 pcs","Kitchen & Dining Needs","Nestasia",,,864.679428711229,1450,,54.37927,39.724331584016596,0.0446770064833158,0.04663,0.11118,0.02173,0.30989,149.24177906199643
"2026-03-01","614914",,"Femora Wood Mango Wooden Rectangle Tray (Wooden)","1 pc","Kitchen & Dining Needs","Femora",,,599.4499035942058,900,,61.26044,33.40315416266631,0.0462534412655958,0.05304,0.02248,0.0326,0,599.2620878334617
"2026-03-01","607752",,"Brick Brown Wood Pastel Flora Casserole (Multicolour)","1 pc","Kitchen & Dining Needs","brick brown",,,2399,3999,,3.81854,40.010002500625156,0,0,0.00008,0.00012,0,2399
"2026-03-01","616864",,"Larah by Borosil Women's Day Coffee Mug (Opalware)","1 pc","Kitchen & Dining Needs","Larah by Borosil",,,236.21825396825398,265,,2.09172,10.810662182384009,0.00019342514402903997,0.00028,,,,227.31975143667162
"2026-03-01","698431",,"HomeEssentials Stainless Steel Portable Cutlery Set with Case","1 set","Kitchen & Dining Needs","HomeEssentials",,,399,1999,,33.46385,80.040020010005,0.012800529928558374,0.0044,0.00854,0.01238,0,399.00000000000006
"2026-03-01","534069",,"Larah by Borosil Opalware Spiral Pudding Set (White)","5 pcs","Kitchen & Dining Needs","Larah by Borosil",,,579.0194758064516,595,,42.99371,2.685849177561803,0.003832596116351775,0.00642,0.03776,0.02016,0.07687,579.0225135985539
"2026-03-01","612569",,"Lifelong Stainless Steel Wall Bottle","1 pc","Kitchen & Dining Needs","Lifelong",,,310.2089795729625,549,,76.01256,43.45022478321031,0.0364152547174494,0.03541,0.06956,0.10087,0,310.6052593236971
"2026-03-01","566565",,"Cello Filtro Plastic Bottle with Activated Carbon Filter","1 ltr","Kitchen & Dining Needs","Cello",,,329,436.62032181451616,,61.19989,24.640817990524535,0.01100255463656375,0.01428,0.07102,0.00617,0.21506,32.900000000000006
"2026-03-01","558912",,"Melii Silicone Silicone Animal Straw with Cleaning Brush","6 pcs","Kitchen & Dining Needs","Melii",,,499,499,,28.78148,0,0.001155638362891344,0.00199,,,,83.16666666666666
"2026-03-01","626356",,"Newdru Rechargeable Electric Gas Lighter (Alloy)","1 pc","Kitchen & Dining Needs","newdru",,,599,999,,45.23534,40.04004004004003,0.0013098609690343997,0.00135,0.00677,0.00634,0.00774,599
"2026-03-01","603359",,"The Better Home Glass Container Set","3 pcs","Kitchen & Dining Needs","The Better Home",,,949,3299,,64.32358,71.23370718399516,0.10969699521185441,0.05432,0.00273,0.00396,0,316.3333333333333
"2026-03-01","570357",,"Chumbak Wood Marigold Coaster Set (Multicolour)","6 pcs","Kitchen & Dining Needs","Chumbak",,,468,695,,64.64868,32.66187050359713,0.017992866949447073,0.02086,0.03486,0.05056,0,78
"2026-03-01","701361",,"Nestasia Ceramic Abstract Pattern Small Dish (Multicolour)","8 pcs","Kitchen & Dining Needs","Nestasia",,,972.6345941992852,1530,,7.64283,36.427134149052584,0.006189863469996554,0.00674,0.00032,0.0002,0.00059,121.17398554963509
"2026-03-01","650410",,"Parage Stainless Steel Serving & Cooking Spoon Set","1 set","Kitchen & Dining Needs","Parage",,,399,799,,28.10677,50.062578222778484,0.016115746040177324,0.01385,0.00624,0.00699,0.00457,399.00000000000006
"2026-03-01","607628",,"Brick Brown Pastel Flora Masala Box (Wood)","1 pc","Kitchen & Dining Needs","brick brown",,,2599,4299,,15.15367,39.54408001860898,0.0005088448688705754,0.00053,0.00013,0.00019,0,2599
"2026-03-01","566539",,"Cello Classix Whiskey Glass Set","6 pcs","Kitchen & Dining Needs","Cello",,,375.0228826999315,375.0695681048386,,77.65907,0.012343027494507277,0.3428835531998585,0.59021,0.87292,1.11182,0.34225,62.50431199609854
"2026-03-01","563541",,"House of Quirk Double Insulated Tumbler (Jade Green)","1 pc","Kitchen & Dining Needs","House of Quirk",,,1099,1999,,7.32154,45.02251125562781,0.0005915216848885396,0.00056,0.00019,0.00028,0,1099
"2026-03-01","529327",,"Philips Home Induction Cooktop with Feather Touch Control (HD4938/01)","2100 W","Kitchen & Dining Needs","Philips Home",,,4725.782401162791,5995,,15.26291,21.60731374569482,0.1460482855016161,0.20032,0.02556,0.01591,0.047,4770.221422979211
"2026-03-01","597462",,"The Earth Store Ceramic Fringe Bowl Set (Grey)","2 pcs","Kitchen & Dining Needs","The Earth Store",,,368.59733820519256,999,,57.4851,62.86145000949879,0.0519458348398756,0.03224,0.06247,0.00685,0.18604,372.2584967829346
"2026-03-01","595127",,"ExclusiveLane Ceramic Plastic Oil Bottle Dispenser (1 L, White & Brown)","1 pc","Kitchen & Dining Needs","ExclusiveLane",,,649,1575,,0.00409,58.79365079365079,0,0,,,,649
"2026-03-01","558628",,"Nestasia Ceramic Stacking Cup Set (240 ml, Blue & White)","4 pcs","Kitchen & Dining Needs","Nestasia",,,976.0326858761746,1530,,3.54012,36.21964483938424,0.007394877539699706,0.0081,0.00715,0.00055,0.0218,242.56198442488054
"2026-03-01","570730",,"Chumbak Pixel Paisley Thermal Bottle with Tumblers","3 pcs","Kitchen & Dining Needs","Chumbak",,,1846.4772017167381,3385,,27.88383,45.52183085455513,0.04673204608401256,0.04315,0.18083,0.00938,0.56165,605.8329218235879
"2026-03-01","620884",,"Cello Athlete Plastic Bottle Set With Flip-Top Lid","800 ml","Kitchen & Dining Needs","Cello",,,275.31198587871614,328,,56.19162,15.836772309469078,0.06092037387038524,0.08808,0.10113,0.09302,0.11914,138.0385198555556
"2026-03-01","607854",,"Cutting EDGE Silica Glass Storage Jar Set (2 L)","2 pcs","Kitchen & Dining Needs","Cutting Edge",,,649.2427235023041,950,,38.18977,31.63796285004148,0.0455058291978648,0.05351,0.0202,0.01952,0.02172,324.7762584777006
"2026-03-01","616307",,"Kuber Industries Multipurpose Kitchen Basket & Storage Organizer (Stainless Steel)","1 pc","Kitchen & Dining Needs","Kuber Industries",,,699,3099,,1.26801,77.44433688286544,0.0008253193904204012,0.00032,,,,699
"2026-03-01","570750",,"Chumbak Ikat Design Mug Set (Ceramic)","6 pcs","Kitchen & Dining Needs","Chumbak",,,1213.3490860160205,2595,,63.02264,53.236402217211996,0.06536719012979224,0.05253,0.05232,0.02722,0.10807,202.16210921696316
"2026-03-01","581468",,"House of Quirk PVC Floral Waterproof Dining Table Cloth (Black)","1 set","Kitchen & Dining Needs","House of Quirk",,,1599,3999,,50,60.01500375093774,0,0,,,,1599
"2026-03-01","569240",,"ExclusiveLane Twelve Blends Spice Box (Wood)","1 pc","Kitchen & Dining Needs","ExclusiveLane",,,1399,2415,,38.74801,42.07039337474119,0.01926316904715103,0.01921,0.00438,0.00351,0.00631,1398.9999999999998
"2026-03-01","521440",,"Navum Jute Shopping And Lunch Bag (XL) (Beige, Blue)","1 pc","Kitchen & Dining Needs","Navum",,,210.97989637977878,499,,88.53896,57.89651540102781,0.19882256683752111,0.14381,0.24781,0.35936,0,210.09361169798882
"2026-03-01","544995",,"playR CSK - Whistle Podu Gym Shaker","1 pc","Kitchen & Dining Needs","PlayR",,,474,799,,27.74171,40.67584480600751,0.006773435208376573,0.00692,0.01747,0.02533,0,474.00000000000006
"2026-03-01","569179",,"The Indus Valley Premium Tawa with Handle (Iron)","1 unit","Kitchen & Dining Needs","The Indus Valley",,,1254.3759094982079,2114.289407137097,,45.4153,40.660148807462875,0.06456167023765749,0.06603,0.01296,0.00148,0.03844,1255.141506252739
"2026-03-01","704163",,"Chumbak Palace Memoirs Serving Gift Set","1 set","Kitchen & Dining Needs","Chumbak",,,1122.2589677419355,1999,,11.21,43.858981103454944,0.0022276704600478576,0.00215,0.00005,0.00007,0,160.42727789267303
"2026-03-01","553663",,"HAZEL Ice Cream Mould / Kulfi Mould (Aluminium)","4 pcs","Kitchen & Dining Needs","Hazel",,,251.6174781622693,549,,50.73465,54.11781038253044,0.08265428338712047,0.06546,0.27153,0.39377,0,63.01240355181811
"2026-03-01","598069",,"Home Focus Hydra Thermal Bottle","1 pc","Kitchen & Dining Needs","home focus",,,699,1195,,1.8039,41.50627615062761,0.00014851665485353675,0.00015,0,0,0,698.9999999999999
"2026-03-01","498610",,"Solara Motivational Plastic Bottle","1 pc","Kitchen & Dining Needs","Solara",,,849,1499,,0.26306,43.36224149432955,0.0000887135342267808,0.00009,,,,849
"2026-03-01","548495",,"Lifelong LLIC102 1800W Induction Cooktop","1 unit","Kitchen & Dining Needs","Lifelong",,,4399,4400,,0.60843,0.022727272727272728,0.0007838034370977866,0.00135,,,,4399.000000000001
"2026-03-01","566506",,"Judge by Prestige Stainless Steel Classic Bowl Set (Silver)","6 pcs","Kitchen & Dining Needs","Judge",,,319.0002223719676,449.94767660377363,,42.02922,29.096114030680923,0.02914623390176963,0.03557,0.02742,0.01831,0.04768,53.16677320672557
"2026-03-01","596707",,"Speedex Solid Steel Wall Bottle with Lid","1 pc","Kitchen & Dining Needs","Speedex",,,547.6434108527131,549,,5.11411,0.24020545115387834,0.002124138993945313,0.00364,0.00004,0.00006,0,546.0755750201154
"2026-03-01","620827",,"Chumbak Glass Set (Stainless Steel)","2 pcs","Kitchen & Dining Needs","Chumbak",,,753.6823141265426,895,,63.66728,15.78439398624911,0.02721417798682761,0.03944,0.1474,0.01339,0.4451,376.88951743558675
"2026-03-01","566515",,"Cello Tiffy Spiderman Insulated Lunch Set for Kids (Multicolour)","2 pcs","Kitchen & Dining Needs","Cello",,,337.1201001320475,440,,57.25222,23.221267403567914,0.06669179676975974,0.08828,0.09846,0.14279,0,338.0663175486913
"2026-03-01","595099",,"ExclusiveLane Spice Box (Wood)","2 pcs","Kitchen & Dining Needs","ExclusiveLane",,,999,1675,,4.58104,40.35820895522388,0.00019825881519268312,0.0002,,,,499.50000000000006
"2026-03-01","627659",,"Peepul Tree Brass Kitchen Storage Jar","1 pc","Kitchen & Dining Needs","Peepul Tree",,,1066.0059129960187,2099,,65.90504,49.21671628714915,0.02924204853836045,0.02559,0.01338,0.00745,0.02656,1066.1599189045535
"2026-03-01","563557",,"House of Quirk Double Insulated Tumbler (Orange)","1 pc","Kitchen & Dining Needs","House of Quirk",,,1199,1999,,7.13826,40.020010005002504,0,0,0,0.00001,0,1199
"2026-03-01","621889",,"ExclusiveLane Multi-Purpose Ceramic Jar Set (Wooden Lid, Multicolour, 480 ml)","2 pcs","Kitchen & Dining Needs","ExclusiveLane",,,1199,2840,,15.05671,57.78169014084507,0.0009025697114725035,0.00066,0.00013,0.00017,0.00003,599.4999999999999
"2026-03-01","582249",,"Homestrap Bamboo Chopping Board (Wood)","1 pc","Kitchen & Dining Needs","Homestrap",,,491.64851775810513,699,,81.56783,29.59259516348805,0.15348346050115097,0.18623,0.06495,0.09383,0.00079,492.14330494302624
"2026-03-01","599050",,"Kuber Industries PVC Fridge & Placemat Set (Transparent)","6 pcs","Kitchen & Dining Needs","Kuber Industries",,,229,399,,0.00252,42.606516290726816,0,0,,,,38.166666666666664
"2026-03-01","595667",,"Jarsome Premium Mandala Design Kitchen Container Set","4 pcs","Kitchen & Dining Needs","jarsome",,,1192.3142857142857,1499,,43.0056,20.459353853018836,0.0014637730484239127,0.00201,0,0,0,298.6036760967383
"2026-03-01","745197",,"Habere India Cane Serving Tray (Yellow, Green, White)","1 pc","Kitchen & Dining Needs","Habere India",,,999,2199,,24.35175,54.570259208731244,0.002967208299550804,0.00232,0.00036,0,0.00117,998.9999999999999
"2026-03-01","625695",,"Am Safe-X Check Design Cotton Kitchen Cloth","3 pcs","Kitchen & Dining Needs","Am Safe-X",,,299,599,,56.6619,50.08347245409014,0.13774799024606796,0.11836,0.14487,0.18167,0.06313,99.66666666666666
"2026-03-01","630583",,"ExclusiveLane Warli Design Ceramic Coffee Mug Set (300 ml, White)","2 pcs","Kitchen & Dining Needs","ExclusiveLane",,,599.0044147465437,1160,,48.77584,48.361693043961544,0.006982823451554308,0.00621,0.04032,0.0201,0.08523,299.50469039668184
"2026-03-01","620555",,"The Better Home Glass Container Set","6 pcs","Kitchen & Dining Needs","The Better Home",,,1299,3999,,1.67155,67.51687921980495,0.0024495127967956516,0.00137,0.00017,0.00002,0.00052,216.5
"2026-03-01","704856",,"Birch & Co. Serving Tray, Coaster Set & Tissue Box (Tan Brown)","1 set","Kitchen & Dining Needs","Birch & Co",,,1240.289991245791,2499,,17.66991,50.36706759975378,0.011056648610085342,0.00949,0.00152,0.0003,0.00423,1245.6581073623004
"2026-03-01","629607",,"Boldfit MI Plastic Sipper Bottle Bottle","800 ml","Kitchen & Dining Needs","Boldfit",,,399,699,,19.33178,42.918454935622314,0.0009858008239596282,0.00097,0.00017,0.00025,0,49.87499999999999
"2026-03-01","558610",,"Nestasia Ceramic Mandala Serving Platter (Blue, White)","1 pc","Kitchen & Dining Needs","Nestasia",,,581.0490315142597,1145,,61.09153,49.4053358081004,0.13713160014418954,0.11942,0.07191,0.06778,0.08109,579.2064229656629
"2026-03-01","741415",,"Femora Ceramic Serving Platter (Blue)","1 pc","Kitchen & Dining Needs","Femora",,,499,1000,,46.56403,50.099999999999994,0.003062656127523663,0.00263,0.00084,0.00068,0.00119,499.00000000000006
"2026-03-01","615915",,"Femora Premium Royal Crowned Tea Cup Set of 6 (Ceramic)","6 pcs","Kitchen & Dining Needs","Femora",,,985.5201081839384,1478.2387521370965,,75.18898,33.29249980425684,0.07412635568705629,0.08542,0.11865,0.11149,0.13457,163.75558248497822
"2026-03-01","575931",,"Oliveware Stainless Steel Teso Pro Lunch Box Set","1 set","Kitchen & Dining Needs","Oliveware",,,999,1950,,5.6287,48.76923076923077,0.00011540445386108653,0.0001,0,0,0,999
"2026-03-01","696819",,"Wonderchef Stainless Steel Ambrosia Rice Serving Spoon","1 pc","Kitchen & Dining Needs","Wonderchef",,,184.00134567107403,350,,79.43927,47.59772944748561,0.02708712389721253,0.02442,0.02551,0.03699,0,183.15218160944306
"2026-03-01","627383",,"House of Quirk Under Sliding Cabinet Basket Organizer (Plastic)","1 pc","Kitchen & Dining Needs","House of Quirk",,,1099,2499,,0.81702,56.022408963585434,0.0023145606039036326,0.00175,,,,1099
"2026-03-01","653057",,"Cutting EDGE Regalia Glass Mixing & Serving Bowl (1.1 L)","1 pc","Kitchen & Dining Needs","Cutting Edge",,,274.16129032258067,425,,57.1635,35.512892094306686,0.03277818321846036,0.03638,0.03309,0.02871,0.04283,274.0307560466953
"2026-03-01","624479",,"Shalimar Pressfit Medium Zip Lock Bag (Plastic)","15 pcs","Kitchen & Dining Needs","Shalimar",,,139,155,,30.69403,10.32258064516129,0.008111650696634016,0.01252,0.00301,0.00437,0,9.26666666666667
"2026-03-01","630178",,"Irida Naturals Rice Husk 9"" Plate Set (Multicolour)","4 pcs","Kitchen & Dining Needs","Irida Naturals",,,699,999,,72.64849,30.03003003003002,0.031072181015105498,0.03743,0.3375,0.0109,1.06299,699
"2026-03-01","534401",,"The Artment Highball Glass Set (Glass)","4 pcs","Kitchen & Dining Needs","The Artment",,,998.2656858341843,999,,28.89317,0.07187445815777661,0.007125221007173502,0.01226,0.07175,0.00037,0.23032,249.63983868623066
"2026-03-01","605636",,"Steellock Stainless Steel Container Set","3 pcs","Kitchen & Dining Needs","Steel Lock",,,850,1085.8552417741935,,35.5164,21.699825070691766,0.0057947658470296195,0.00804,0.02361,0.00015,0.07573,283.33333333333337
"2026-03-01","532408",,"Wonderchef Stainless Steel Gold Stanton Casserole Set (Silver)","3 pcs","Kitchen & Dining Needs","Wonderchef",,,1595.3538642610206,4500,,50.02586,64.57524203638737,0.05817316587495332,0.03546,0.00359,0.00521,0,531.0611249528469
"2026-03-01","480968",,"Fackelmann Juice/Soup Strainer (Stainless Steel)","1 pc","Kitchen & Dining Needs","Fackelmann",,,330.5883085277045,575.0869072580645,,66.19709,42.49667977205426,0.1336871472008697,0.13232,0.04431,0.06426,0,328.543960256501
"2026-03-01","571964",,"Pieces and Accents Striped Tissue Paper Holder (Resin)","1 pc","Kitchen & Dining Needs","pieces and accents",,,680.4198387096774,1299,,38.83622,47.61971988378157,0.00030750848321138747,0.00029,0.00009,0.00012,0,681.3925977653631
"2026-03-01","188773",,"Fackelmann Slotted Bamboo Turner (Withstands Temperature Up to 230°Celsius) (Bamboo)","1 pc","Kitchen & Dining Needs","Fackelmann",,,125.32854243218648,146.03600600806453,,52.30507,14.00673574784685,0.014694580671209549,0.02175,0.00166,0.00241,0,125.36513715443074
"2026-03-01","607111",,"Cutting Edge Polypropylene Food Storage Container Set","6 pcs","Kitchen & Dining Needs","Cutting Edge",,,349,725,,55.6369,51.862068965517246,0.04839074808527198,0.0401,0.0166,0.00664,0.03872,58.166666666666664
"2026-03-01","534068",,"Larah by Borosil Opalware Spiral Bowl Set (White, Grey)","6 pcs","Kitchen & Dining Needs","Larah by Borosil",,,379.43953237384574,505,,65.132,24.89841081431072,0.13112288704541872,0.16946,0.15228,0.22083,0,63.210302381404624
"2026-03-01","553659",,"Hazel Cookies/ Chocolate Mould (Yellow & Red) (Plastic)","5 pcs","Kitchen & Dining Needs","Hazel",,,120.73473282895715,180.6822429906542,,1.49757,33.21161797225947,0.0012206849292656066,0.00137,0.00076,0.0011,0,23.96876653162758
"2026-03-01","544031",,"Pigeon Idli Cooker - 4 Plates (Stainless Steel, 1 ltr, 21.6 cm, Silver)","1 pc","Kitchen & Dining Needs","Pigeon",,,1199,1895,,2.24439,36.72823218997362,0.000112149515626263,0.00012,,,,1199
"2026-03-01","604166",,"Irida Naturals Wheat Straw Cutlery Set","3 pcs","Kitchen & Dining Needs","Irida Naturals",,,249,499,,72.44021,50.100200400801604,0.011982505519984503,0.01029,0.15384,0.16431,0.13058,82.99999999999999
"2026-03-01","572964",,"Vesta Homes Casserole with Lid (Mango & Acacia Wood, 1500 ml, Brown, 23 cm)","1 pc","Kitchen & Dining Needs","Vesta Homes",,,899,2299,,69.65056,60.89604175728577,0.06790608651682829,0.04571,0.02194,0.03182,0,899
"2026-03-01","538790",,"Aravi Fabric Cotton Kitchen Cloth","6 pcs","Kitchen & Dining Needs","Aravi",,,106.23202931142634,199,,90.05626,46.32805196760562,1.3225104549505646,1.21509,1.43454,2.08034,0,17.801196097410806
"2026-03-01","569235",,"Amaya Decors Iron Step Serving Platter Set (White, Golden)","3 pcs","Kitchen & Dining Needs","Amaya Decors",,,998.918182123286,1999,,45.14756,49.77017707241969,0.034042195063247634,0.02993,0.00331,0.00481,0,340.3162447086991
"2026-03-01","633885",,"Tribord Plastic Sipper Bottle","1 pc","Kitchen & Dining Needs","tribord",,,459,499,,69.63603,8.016032064128263,0.008969074363301376,0.0142,0.00725,0.01051,0,458.99999999999994
"2026-03-01","752942",,"Suvrasa By Ekhasa Bronze Kansa Serving Bowl (Gold)","1 pc","Kitchen & Dining Needs","Suvrasa",,,499,999,,55.83532,50.05005005005006,0.011849349375485192,0.01019,0.00127,0.00184,0,499
"2026-03-01","626138",,"Thermador 2 Burners Auto Ignition Gas Stove","1 unit","Kitchen & Dining Needs","Thermador",,,2199,8000,,2.16552,72.5125,0.014864094012398573,0.00703,0.00017,0.00025,0,2199
"2026-03-01","623969",,"Unify Jupiter Stainless Steel Wall Bottle","1 pc","Kitchen & Dining Needs","Unify",,,275.4516129032258,399,,39.31381,31.001871859422597,0.018637953700367894,0.02214,0.03051,0.02218,0.04901,275.36902973699506
"2026-03-01","595982",,"Indigo Plastic Hand Held Vegetable Chopper (650 ml)","1 pc","Kitchen & Dining Needs","Indigo",,,349,873,,16.71283,60.02290950744559,0.001313341744908164,0.0009,0.00094,0.00137,0,348.99999999999994
"2026-03-01","599976",,"Kuber Industries Cylinder Cover (PVC)","1 pc","Kitchen & Dining Needs","Kuber Industries",,,258,1099,,0.73514,76.52411282984531,0.0002694543084139783,0.00011,,,,258
"2026-03-01","737486",,"ExclusiveLane Ceramic Mariana Blues Bowl Set (Deep Blue)","1 set","Kitchen & Dining Needs","ExclusiveLane",,,,,,0,,0,0,0.00003,0.00004,0,
"2026-03-01","664569",,"Cello Glass Nadir Serving Bowl (Transparent)","1 pc","Kitchen & Dining Needs","Cello",,,219.01525345622122,249,,65.85626,12.045958109403013,0.044232679628420805,0.06697,0.05573,0.06539,0.03427,19.90962154297908
"2026-03-01","566513",,"Judge by Prestige Ace Non-Stick Cookware Set (Aluminium)","6 pcs","Kitchen & Dining Needs","Judge",,,1372.7903748804413,2490.611377457627,,46.74247,45.07205117989533,0.29266751163536453,0.27655,0.06965,0.04339,0.128,228.4469158704442
"2026-03-01","565936",,"Borosil Borosilicate Shot Glasses","6 pcs","Kitchen & Dining Needs","Borosil",,,398.0943841424943,480.16390197580654,,67.48727,17.373897072645995,0.04668898690682386,0.06661,0.03178,0.04609,0,65.36785165625811
"2026-03-01","432592",,"Fackelmann Super Saver Kitchen Utility Set (Stainless Steel)","3 pcs","Kitchen & Dining Needs","Fackelmann",,,278.3589032258064,299,,9.56887,6.903376842929939,0.0004512328349593573,0.00072,0.00001,0.00001,0,92.90647045917605
"2026-03-01","595642",,"Jarsome Mandala Collection Kitchen Canister Set","4 pcs","Kitchen & Dining Needs","jarsome",,,892.2027419354839,1199,,9.08992,25.587761306465065,0.0004967128424994433,0.00064,0.00033,0.00043,0.00012,224.71307997286297
"2026-03-01","707138",,"HAZEL Stainless Steel Dinner Plate (Silver)","1 unit","Kitchen & Dining Needs","Hazel",,,163.20747536779348,319,,73.15295,48.57464730277452,0.16818471598842655,0.14964,0.03691,0.05353,0,164.06033842325363
"2026-03-01","498606",,"Solara Motivational Plastic Sipper Bottle","1 pc","Kitchen & Dining Needs","Solara",,,583.7424191834746,1499,,50.98092,61.40754455415162,0.046876780135959153,0.03133,0.01766,0.02428,0.00296,570.9090015546731
"2026-03-01","553656",,"HAZEL 3-Fold Modak Mould (Plastic)","2 pcs","Kitchen & Dining Needs","Hazel",,,,,,0,,0,0,,,,
"2026-03-01","620856",,"House of Quirk Plastic Desk & Drawer Organizer (Transparent, 300 ml, 6 pcs)","6 pcs","Kitchen & Dining Needs","House of Quirk",,,599,999,,2.04489,40.04004004004004,0,0,,,,99.83333333333336
"2026-03-01","639080",,"Boldfit Steel Wall Bottle","1 ltr","Kitchen & Dining Needs","Boldfit",,,281.9453203362279,799,,89.74486,63.994274015869365,1.6736020052318625,1.02248,3.26487,0.60843,9.16571,287.6857506132038
"2026-03-01","603257",,"Gluman Spout-Lid Plastic Bottle Set","3 pcs","Kitchen & Dining Needs","Gluman",,,349,380.3636363636364,,0.0054,8.245697896749522,0.00006906512700301947,0.00011,,,,116.33333333333336
"2026-03-01","701376",,"Nestasia Ceramic Leaf Design Snack Bowl Set","4 pcs","Kitchen & Dining Needs","Nestasia",,,776.8461538461538,1580,,13.26225,50.83252190847128,0.003163349531787792,0.00268,0.00153,0.00033,0.00419,777.6336869911252
"2026-03-01","611165",,"The Better Home Stainless Steel Fridge Water Bottle (Black, 1 ltr)","3 pcs","Kitchen & Dining Needs","The Better Home",,,1239,2233.5375,,0.17972,44.52760541638589,0.0010719001809884848,0.00101,,,,413
"2026-03-01","594458",,"BeastLife Classic Gym Shaker","1 pc","Kitchen & Dining Needs","BeastLife",,,342.4782608695652,699,,3.54637,50.9991630695147,0.0011789896551762232,0.001,0.00022,0.00032,0,343.7161410018553
"2026-03-01","655666",,"The Indian Rose Ceramic Ramen Bowl with Chopstick Holder (Light Yellow, 300 ml)","1 pc","Kitchen & Dining Needs","The Indian Rose",,,736,999,,31.48722,26.326326326326328,0.0021786674208493628,0.00276,0.00571,0.00828,0,736.0000000000001
"2026-03-01","531327",,"Ocean Glass Stack Bowl Set (Transparent)","6 pcs","Kitchen & Dining Needs","O'cean",,,440,785.1248958227848,,12.75001,43.95292281086496,0.003902038349600949,0.00376,0.00027,0.00039,0,73.33333333333334
"2026-03-01","480966",,"Fackelmann Arcadalina Egg Whisk (Steel)","1 pc","Kitchen & Dining Needs","Fackelmann",,,179.05717886405486,199,,61.22319,9.967191017565447,0.04856747828836954,0.07531,0.08682,0.12591,0,179.17159425767758
"2026-03-01","584052",,"FunBlast Thermal Bottle","1 pc","Kitchen & Dining Needs","FunBlast",,,999,999,,10.68639,0,0.00007863304395467171,0.00014,,,,999
"2026-03-01","521010",,"Vinayak Stainless Steel Tea-Sugar Canister Set","2 pcs","Kitchen & Dining Needs","Vinayak",,,279.0395367052464,449,,9.15477,37.84675984987784,0.008117312971776383,0.00868,0.00132,0.00191,0,139.5909891953725
"2026-03-01","568766",,"Wonderchef Ambrosia Brush & Spatula Set (Silicone)","3 pcs","Kitchen & Dining Needs","Wonderchef",,,545.4587903225806,900,,69.69468,39.75002790508881,0.04580186470290926,0.04733,0.01773,0.02571,0,180.07686583164022
"2026-03-01","571881",,"Pieces and Accents Aluminium Serving Platter Set (Golden)","2 pcs","Kitchen & Dining Needs","pieces and accents",,,2279,3399,,49.24108,32.95086790232421,0.011292051502797756,0.01303,0.00038,0.00055,0,2279
"2026-03-01","676401",,"HomeCloud Stainless Steel Premium Cutlery Set","1 set","Kitchen & Dining Needs","HomeCloud",,,284,999,,40.68686,71.57157157157158,0.0056329047088581555,0.00276,0.00449,0.00652,0,284
"2026-03-01","549119",,"Borosil Borosilicate Glass Universal Lunch Box","4 pcs","Kitchen & Dining Needs","Borosil",,,991.4662236162246,1555,,66.8461,36.488172067774364,0.40035037865805195,0.44067,0.2027,0.24245,0.11439,987.4582479637542
"2026-03-01","562379",,"Happy Kitchen Small Strainer (Stainless Steel)","1 pc","Kitchen & Dining Needs","Happy Kitchen",,,149.46346848536464,229.92568032258066,,79.43064,35.034436785840974,0.41996363688098276,0.4698,0.17504,0.25385,0,149.69354601599517
"2026-03-01","566545",,"Cello Stern Beer Mug Set (Glass)","2 pcs","Kitchen & Dining Needs","Cello",,,351.98843375158316,399,,71.93972,11.78995300607123,0.07645053551850722,0.1161,0.26761,0.24733,0.31266,175.97820076238608
"2026-03-01","642484",,"Parage Stainless Steel Dinner Spoon Set","6 pcs","Kitchen & Dining Needs","Parage",,,295,599,,50.09376,50.75125208681136,0.05071307097028764,0.04299,0.04735,0.04869,0.04437,49.16666666666665
"2026-03-01","718278",,"Habere India Cane Multipurpose Rectangular Serving Tray (Brown)","1 pc","Kitchen & Dining Needs","Habere India",,,2399,6599,,66.61924,63.64600697075314,0.004299851350594577,0.00269,0.00806,0.00329,0.01864,2399
"2026-03-01","698564",,"Milton Plastic Flora Insulated Inner Steel Casserole Set (Blue)","2 pcs","Kitchen & Dining Needs","Milton",,,549.0469444207765,875,,82.93823,37.24812818751922,0.10938507490514456,0.11817,0.06868,0.08659,0.02889,274.54222636675263
"2026-03-01","617381",,"Borosil Time Marker Glass Bottle with Husk Lid","1 pc","Kitchen & Dining Needs","Borosil",,,548.3158926359946,595,,67.49106,7.931552289476175,0.03983896717232131,0.06325,0.09778,0.03971,0.22675,547.6377966789593
"2026-03-01","562229",,"Agaro Knife Set (Stainless Steel)","6 pcs","Kitchen & Dining Needs","Agaro",,,1001.9936507936509,2299,,0.38747,56.41610914338187,0.002227283588809452,0.00166,0.00003,0.00004,0,998.8255991050377
"2026-03-01","595094",,"ExclusiveLane Tea & Coffee Mug Set (Ceramic)","2 pcs","Kitchen & Dining Needs","ExclusiveLane",,,649,1249,,30.00127,48.03843074459568,0.00044350801590852353,0.0004,0.00239,0.00006,0.00757,324.50000000000006
"2026-03-01","570280",,"Fackelmann Utsav Triply Cookware Set (Stainless Steel)","4 pcs","Kitchen & Dining Needs","Fackelmann",,,4151.169251240913,5990.669146497697,,26.07363,30.70347337922782,0.01554534674370632,0.01859,0.00003,0.00005,0,4155.972711230885
"2026-03-01","448483",,"Wine Server Fackelmann","1 pc","Kitchen & Dining Needs","Fackelmann",,,155.5310767535809,171.1408196370968,,86.2941,9.038754058331447,0.0014561778374520306,0.00234,0.00017,0.00024,0,146.4382213032909
"2026-03-01","752944",,"NB Crafted Wood Serving Tray (Brown)","1 pc","Kitchen & Dining Needs","NB Crafted",,,399,499,,17.3431,20.040080160320635,0.0021705800542680914,0.00299,,,,399
"2026-03-01","577724",,"Glasafe Glass Bottle","1 pc","Kitchen & Dining Needs","Glasafe",,,399,1949,,2.64198,79.52796305797845,0.0006920718100845679,0.00024,0.00032,0.00046,0,399.00000000000006
"2026-03-01","692169",,"Glasafe Glass 500ml Serving Bowl (Light Grey)","1 pc","Kitchen & Dining Needs","Glasafe",,,479,1149,,41.69011,58.311575282854655,0.009682887839857433,0.00695,0.00619,0.00898,0,478.99999999999994
"2026-03-01","615931",,"Femora Glass Storage Box for Kitchen","1 pc","Kitchen & Dining Needs","Femora",,,246.4003216029765,320,,70.02995,23.20764865303148,0.04006113796789932,0.05338,0.03378,0.02673,0.04946,245.6905633375598
"2026-03-01","579683",,"Indigifts Wood Ludo Coaster Set of 4, Board Game Gift Set for Kids","4 pcs","Kitchen & Dining Needs","Indigifts",,,399,1199,,17.11011,66.72226855713095,0.0008869872694762384,0.00051,0.00044,0.00064,0,399.00000000000006
"2026-03-01","480896",,"Godrej Cartini Versatile Kitchen Scissors (Stainless Steel)","1 pc","Kitchen & Dining Needs","Godrej Cartini",,,160.74196568309185,165,,86.4184,2.5848201618852795,0.3012152944053975,0.50511,0.17348,0.25158,0,160.73504673288926
"2026-03-01","552721",,"Femora Handcrafted Mug Set (Ceramic)","6 pcs","Kitchen & Dining Needs","Femora",,,608.9465385788492,808.8987728225807,,45.53589,24.674561238870314,0.018757946812859815,0.0244,0.01593,0.00722,0.03527,102.79082934251508
"2026-03-01","669748",,"Cello Opalware Dazzle Blue Swirl Dinner Set (White)","35 pcs","Kitchen & Dining Needs","Cello",,,2190.988624684336,4295,,76.45537,48.99308380650723,0.3063003136288252,0.26946,0.06186,0.07891,0.02398,2191.190451093129
"2026-03-01","598008",,"Home Focus 24 Hours Hot & Cold Thermal Bottle","1 pc","Kitchen & Dining Needs","home focus",,,699,1195,,0.58249,41.50627615062761,0,0,,,,699
"2026-03-01","697224",,"Wonderchef Plastic Ambrosia Jug With 4 Glasses (Blue)","1 set","Kitchen & Dining Needs","Wonderchef",,,598.8380797425441,1200,,67.2502,50.38200958679862,0.05148226100771096,0.04395,0.05999,0.00899,0.17328,593.4842287965678
"2026-03-01","500893",,"Fackelmann Tea Infuser with Holder (Stainless Steel)","1 pc","Kitchen & Dining Needs","Fackelmann",,,195.37703927151335,334.63975560483874,,60.06053,41.57775220760675,0.02425484169139264,0.02443,0.00022,0.00032,0,195.22192706157173
"2026-03-01","603911",,"Pasabahce Amber Stem Wine Glass Set","6 pcs","Kitchen & Dining Needs","Pasabahce",,,1149.1061693548388,1386,,25.42403,17.092139194816244,0.015134605248064602,0.0216,0.02411,0.03496,0,191.50005138827186
"2026-03-01","603411",,"Gluman Plastic Bottle Set","2 pcs","Kitchen & Dining Needs","Gluman",,,369,398,,33.33073,7.286432160804023,0.017349738878426252,0.02769,0.00493,0.00715,0,184.50000000000003
"2026-03-01","725760",,"Nestroots Wood Serving Platter (Brown)","1 pc","Kitchen & Dining Needs","Nestroots",,,999,3395,,15.16542,70.57437407952872,0.0004018443448849668,0.0002,0.00189,0.00018,0.0057,999
"2026-03-01","582206",,"Mad Over Print Thank You For Being There Design Mug (Ceramic)","1 pc","Kitchen & Dining Needs","Mad Over Print",,,219,499,,1.21768,56.1122244488978,0,0,,,,219
"2026-03-01","596495",,"Speedex Steel Wall Bottle","1 pc","Kitchen & Dining Needs","Speedex",,,294.7142857142857,549,,24.70246,46.48975324895023,0.005460681138456534,0.00499,0.00616,0.00404,0.01086,291.58042765903895
"2026-03-01","617406",,"New Dawn Plastic Storage Box for Eggs","1 pc","Kitchen & Dining Needs","New Dawn",,,1199,1500,,25.15382,20.066666666666666,0.0009764992249784245,0.00134,,,,1199
"2026-03-01","632867",,"Speedex Steel Wall Bottle with Sipper Cap","1 pc","Kitchen & Dining Needs","Speedex",,,369.0103629032258,549,,56.59941,32.78536998693729,0.019207960799241083,0.02222,0.06343,0.02908,0.13972,369.008689631682
"2026-03-01","568370",,"Wonderchef Chopping Board (Plastic)","1 pc","Kitchen & Dining Needs","Wonderchef",,,350.93548387096774,800,,73.3559,56.38989515717283,0.014177040520603822,0.01052,0.0045,0.00652,0,344.9032936934854
"2026-03-01","607765",,"Brick Brown Wood Roti Box Casserole (Multicolour)","1 pc","Kitchen & Dining Needs","brick brown",,,2299,3899,,30.12003,41.0361631187484,0.0006922495329435139,0.0007,0.00098,0.00142,0,2299
"2026-03-01","615699",,"Aquaminder Smart Silicon Water Bottle With Beep reminder (770 ml)","1 unit","Kitchen & Dining Needs","aquaminder",,,1125,1999,,0.54863,43.72186093046523,0.00011830430146864517,0.00011,,,,1125
"2026-03-01","563560",,"House of Quirk Double Insulated Tumbler (Bubblegum Pink)","1 pc","Kitchen & Dining Needs","House of Quirk",,,1199,1999,,3.66404,40.020010005002504,0,0,0.00002,0.00003,0,1199
"2026-03-01","572561",,"Metro Living Stainless Steel Hammered Jug Set with Glasses (Golden)","5 pcs","Kitchen & Dining Needs","metro living",,,1868.9354838709678,2689.648425290323,,8.44574,30.51376282871493,0.0011181216177583002,0.00133,,,,1868.9984485706605
"2026-03-01","548318",,"Ocean Munich Beer Mug Set (Glass)","2 pcs","Kitchen & Dining Needs","O'cean",,,449.0008791514381,510,,79.50468,11.960610666458743,0.03091529203344231,0.04685,0.0859,0.12457,0,224.5003257113717
"2026-03-01","595117",,"ExclusiveLane Coffee Mug Set (Ceramic)","2 pcs","Kitchen & Dining Needs","ExclusiveLane",,,608.9411764705883,1160,,1.02988,47.505070993914806,0.00020595274135894496,0.00019,,,,303.86870745411636
"2026-03-01","561898",,"Hazel 2 Fold Modak Mould (Plastic)","2 pcs","Kitchen & Dining Needs","Hazel",,,89,349,,0.02499,74.49856733524355,0.00003098165722886092,0.00001,,,,44.5
"2026-03-01","764264",,"green toys Silicone Collapsible Bowl (Black)","1 pc","Kitchen & Dining Needs","Green Toys",,,299,499,,10.29412,40.08016032064128,0,0,0,0,0,299
"2026-03-01","710205",,"Selvel Steel Casserole (Emerald Green)","1 pc","Kitchen & Dining Needs","Selvel",,,899,1713,,33.33763,47.5189725627554,0.003801182136284218,0.00343,0.00075,0.00108,0,899
"2026-03-01","500006",,"Oye Happy Secret Santa Mug (Ceramic)","1 pc","Kitchen & Dining Needs","Oye Happy",,,299,299,,0.80485,0,0.00004423843316185438,0.00008,,,,29900
"2026-03-01","553926",,"Party Propz Super Dad Printed Mug (Ceramic)","1 pc","Kitchen & Dining Needs","Party Propz",,,207.23502304147468,399,,13.39609,48.061397733966245,0.00023613526713114628,0.00023,,,,234.03798105984285
"2026-03-01","623567",,"ExclusiveLane Wood Hand Carved Elephant Multi-Utility Storage Box","1 pc","Kitchen & Dining Needs","ExclusiveLane",,,1399,2415,,4.1626,42.0703933747412,0.00028584795494822975,0.00029,,,,1399
"2026-03-01","592767",,"Kuber Industries Cotton Kitchen Cloth","6 pcs","Kitchen & Dining Needs","Kuber Industries",,,212,899,,0.11589,76.4182424916574,0.000053204471500292634,0.00002,,,,35.333333333333336
"2026-03-01","595129",,"ExclusiveLane Ceramic Pickle & Chutney Jar Set","2 pcs","Kitchen & Dining Needs","ExclusiveLane",,,809.9032258064516,1349,,28.86254,39.96269638202731,0.0013392530630703095,0.00137,0.0002,0.00024,0.0001,402.0881761819837
"2026-03-01","601923",,"Warmex Infrared Induction Cooktop Stove Grill (2200 W)","1 unit","Kitchen & Dining Needs","WARMEX",,,2499,4000,,0.72504,37.52499999999999,0.0022323359957994904,0.0024,,,,2499.0000000000005
"2026-03-01","549008",,"Borosil Borosilicate Glass Foodluck Glass Lunch Box","2 pcs","Kitchen & Dining Needs","Borosil",,,562.8313616505983,884.8903712903226,,72.78495,36.540778450594615,0.2139252213860351,0.23391,0.22564,0.29125,0.07991,280.7010816594734
"2026-03-01","568050",,"The Earth Store Check Mug Set (Ceramic)","6 pcs","Kitchen & Dining Needs","The Earth Store",,,913.5297155178299,2099,,34.83127,56.43559026072942,0.027364246210176982,0.02166,0.00767,0.00221,0.01981,154.6817479339999
"2026-03-01","579513",,"House of Quirk 3D Sticker Plastic Bottle with Straw","1 pc","Kitchen & Dining Needs","House of Quirk",,,549,999,,18.39787,45.04504504504504,0.0032635669370660735,0.00309,0.00331,0.0048,0,549.0000000000001
"2026-03-01","582264",,"Homestrap Sealing Clips (Plastic)","12 pcs","Kitchen & Dining Needs","Homestrap",,,159,199.4024414919355,,87.7023,20.406656736314943,0.0625656291222261,0.08499,0.01496,0.0217,0,13.250000000000004
"2026-03-01","608657",,"New Dawn Plastic 3 Grid Food Storage Box for Fridge","1 pc","Kitchen & Dining Needs","New Dawn",,,369,1000,,66.24265,63.1,0.024779577576014573,0.01574,0.01898,0.02752,0,369.00000000000006
"2026-03-01","624267",,"Steellock Stainless Steel Smart Lunch Box Set","3 pcs","Kitchen & Dining Needs","Steel Lock",,,743,885,,39.47766,16.045197740112993,0,0,,,,247.66666666666669
"2026-03-01","562398",,"Wonderchef Glory String Vegetable Chopper","1 pc","Kitchen & Dining Needs","Wonderchef",,,350.3011707408223,800,,66.8465,56.35297123262673,0.2251659651339181,0.16547,0.04677,0.06782,0,349.09226265378146
"2026-03-01","562404",,"Fackelmann Gas Lighter (ABS Plastic)","1 pc","Kitchen & Dining Needs","Fackelmann",,,199.57293929555547,349,,81.83803,42.8878574700529,0.12933212914796857,0.12708,0.1226,0.17779,0,199.32287316307864
"2026-03-01","567008",,"Cello Tulip Quick Bite Cup Set with Bowls (Opalware)","8 pcs","Kitchen & Dining Needs","Cello",,,650.3815717761694,808.3331386290323,,58.29241,19.441004904861988,0.018845296443987268,0.02666,0.07326,0.10624,0,649.9020714352619
"2026-03-01","546486",,"Solara Motivational Plastic Sipper Bottle","1 pc","Kitchen & Dining Needs","Solara",,,546.3732898802292,1499,,29.70568,63.648377844297244,0.025835031912146603,0.01615,0.00291,0.00397,0.00056,536.1868794729194
"2026-03-01","633154",,"Irida Naturals Eco-Friendly Soft Beige Bottle (300 ml)","1 pc","Kitchen & Dining Needs","Irida Naturals",,,420,699,,50.05684,39.91416309012875,0.03761680967180704,0.03891,0.11016,0.0701,0.19912,420
"2026-03-01","534070",,"Larah by Borosil Opalware Spiral Pudding Set (White)","7 pcs","Kitchen & Dining Needs","Larah by Borosil",,,529.8214573732719,675,,66.69302,21.573634273576538,0.0600122228444334,0.08101,0.10332,0.06156,0.19608,529.2814485522243
"2026-03-01","526328",,"Nayasa Plastic Fusion Container Set for Kitchen","3 pcs","Kitchen & Dining Needs","Nayasa",,,377.2825118789482,475,,76.10839,20.641463396259837,0.31932550087507894,0.43723,0.65719,0.92378,0.06501,125.65065622680164
"2026-03-01","606396",,"Speedex Bloom Stainless Steel Wall Bottle","1 pc","Kitchen & Dining Needs","Speedex",,,299,749,,0.34325,60.08010680907877,0.0004654355723233845,0.00032,,,,299
"2026-03-01","568056",,"The Earth Store Cup O'clock Cup Set (Ceramic)","6 pcs","Kitchen & Dining Needs","The Earth Store",,,524.1775708454533,1299,,37.96561,58.2926757860598,0.10227051229823901,0.07056,0.38431,0.03173,1.1675,91.20388392637928
"2026-03-01","668030",,"The Better Home Copper Pure Copper Water Jug","1 pc","Kitchen & Dining Needs","The Better Home",,,1199,2999,,0.52013,60.02000666888963,0,0,,,,1199
"2026-03-01","553645",,"HAZEL Grocery & Grain Scoop Spoon (Small) (Stainless Steel)","1 pc","Kitchen & Dining Needs","Hazel",,,134.20767555474814,339,,64.82739,60.28774749974902,0.006106321298119946,0.0041,0.00672,0.00975,0,136.89462974544892
"2026-03-01","596505",,"Basil Stainless Steel Kids Plate (Silver)","1 pc","Kitchen & Dining Needs","Basil",,,749,1499,,71.73935,50.03335557038026,0.005254056032994863,0.00452,0.00749,0.01086,0,748.9999999999999
"2026-03-01","499183",,"Zenker Food Grade Silicone Chocolate / Ice Tray (Silicone)","1 pc","Kitchen & Dining Needs","Zenker",,,449,449,,2.83924,0,0.00007971802336627954,0.00014,,,,449.00000000000006
"2026-03-01","572592",,"Metro Living Stainless Steel Cutlery Set","12 pcs","Kitchen & Dining Needs","metro living",,,2257.096754480287,3188.4637096774195,,22.44331,29.210523938858316,0.005111706769700976,0.00619,0.0005,0.00072,0,2257.781889106279
"2026-03-01","587633",,"Kuber Industries Sipper Thermal Bottle","1 pc","Kitchen & Dining Needs","Kuber Industries",,,785,1499,,1.06914,47.631754503002,0.00031049728102107595,0.00028,,,,785
"2026-03-01","432585",,"Fackelmann Reusable Clip Set (Plastic)","1 pc","Kitchen & Dining Needs","Fackelmann",,,149.37100443619596,297.35553221774194,,77.68544,49.72269774268916,0.059988123553742195,0.05196,0.0333,0.04829,0,149.1653014817957
"2026-03-01","566508",,"Cello Instyle Vacuum Insulated Thermal Bottle with Jacket (1 ltr)","1 ltr","Kitchen & Dining Needs","Cello",,,979,1259,,27.57902,22.239872915011933,0.01967454082865614,0.02634,0.01736,0.01392,0.02499,97.9
"2026-03-01","631177",,"Yellocut Single Wall Steel Wall Bottle","1 pc","Kitchen & Dining Needs","Yellocut",,,,,,0,,0,0,,,,
"2026-03-01","625553",,"Bengalen Baby Dinner Set for Rice Ceremony (Silver)","1 set","Kitchen & Dining Needs","BENGALEN",,,999,1910.9318181818182,,6.36759,47.72183965461876,0.00041406514391291503,0.00036,0.0001,0.00015,0,998.9999999999999
"2026-03-01","577758",,"Glasafe Glass Lunch Set","1 pc","Kitchen & Dining Needs","Glasafe",,,,,,0,,0,0,,,,
"2026-03-01","526347",,"Nayasa Square Masala Box with Spoons (Plastic)","1 pc","Kitchen & Dining Needs","Nayasa",,,197.35304972671818,229,,64.41854,15.55142764556359,0.04664226141890864,0.06788,0.04344,0.05119,0.02623,193.03236048090977
"2026-03-01","588880",,"Indigifts Printed Beer Mug - with I make Beer Quote","1 pc","Kitchen & Dining Needs","Indigifts",,,499,2099,,10.89853,76.22677465459742,0.0011180031950341071,0.00046,0.00001,0.00002,0,499.00000000000006
"2026-03-01","500870",,"Homez it Zip Lock Bag (XXL) (Plastic)","15 pcs","Kitchen & Dining Needs","Homez it",,,439.02104876858976,499,,63.95569,12.009515442604355,0.03670958845066269,0.0556,0.09151,0.1327,0,29.27264618893188
"2026-03-01","617985",,"Chumbak Wood Indian Say Foldable Breakfast Tray (Green)","1 pc","Kitchen & Dining Needs","Chumbak",,,2448.197199592924,2995,,53.67076,18.233784215281567,0.036219898057953344,0.05094,0.00081,0.00118,0,2455.396727747121
"2026-03-01","564391",,"Sammsara Stainless Steel Avani Round Floral Two Tier Platter (Gold)","1 pc","Kitchen & Dining Needs","Sammsara",,,1599,2079,,0.11341,23.08802308802309,0.0003063668668447309,0.00041,,,,1598.9999999999998
"2026-03-01","601225",,"Umai Stainless Steel Double Walled Insulated Casserole (Blue)","1 pc","Kitchen & Dining Needs","Umai",,,1099,2149,,0.482,48.85993485342019,0.0017805424727396818,0.00157,0,0,0,1099.0000000000002
"2026-03-01","715658",,"HomeEssentials Multi-Purpose Rattan Storage Basket / Tray Set","3 pcs","Kitchen & Dining Needs","HomeEssentials",,,1199,2999,,66.13018,60.020006668889614,0.04889933391552996,0.03365,0.01226,0.00852,0.02055,399.66666666666686
"2026-03-01","587632",,"Kuber Industries Sipper Dino Thermal Bottle","1 pc","Kitchen & Dining Needs","Kuber Industries",,,884,1499,,1.06917,41.02735156771181,0.00031049728102107595,0.00032,,,,884.0000000000001
"2026-03-01","607737",,"Brick Brown Wood Roti Casserole (Light Walnut)","1 pc","Kitchen & Dining Needs","brick brown",,,1999,3599,,2.67834,44.45679355376493,0,0,,,,1998.9999999999998
"2026-03-01","572650",,"Femora Gold Marble Design Tea Cup Set (Ceramic)","4 pcs","Kitchen & Dining Needs","Femora",,,649.4819912317793,700,,80.53023,7.195832517481887,0.028223900378619503,0.04505,0.10728,0.15557,0,162.42273009664373
"2026-03-01","572543",,"P-Tal Ghee Pot Set (Brass)","1 pc","Kitchen & Dining Needs","P-Tal",,,1599,1850,,3.24909,13.567567567567568,0.00021897267184355275,0.00033,0.00001,0.00002,0,1599
"2026-03-01","693764",,"Two Moustaches Traditional Design Serving Tray Set (Multicolour)","2 pcs","Kitchen & Dining Needs","Two Moustaches",,,695,1595,,14.56245,56.426332288401255,0.0012554527403076793,0.00094,0.00004,0.00003,0.00006,695
"2026-03-01","616821",,"Cutting Edge Polypropylene Nesterware Food Storage Container Set","6 pcs","Kitchen & Dining Needs","Cutting Edge",,,369,725,,66.60662,49.103448275862085,0.02703355776590837,0.02369,0.00553,0.00262,0.01199,61.49999999999999
"2026-03-01","498607",,"Solara Motivational Plastic Sipper Bottle with Lid","1 pc","Kitchen & Dining Needs","Solara",,,638.4635524493508,1499,,33.30739,57.40598209301545,0.014117144188687415,0.01052,0.00096,0.00118,0.00045,639.3718300853102
"2026-03-01","626617",,"The Better Home Glass Bottle with Sleeve","1 pc","Kitchen & Dining Needs","The Better Home",,,479,1699,,40.87052,71.80694526191877,0.04783910361046123,0.02322,0.07211,0.01165,0.20642,479
"2026-03-01","691088",,"Glasafe Glass 950 ml Serving Bowl (Mist Green)","1 pc","Kitchen & Dining Needs","Glasafe",,,499,1449,,10.78297,65.5624568668047,0.00008575438648446892,0.00005,,,,499
"2026-03-01","664570",,"Cello Opalware Dinner Set (Dazzle Blue Swirl)","18 pcs","Kitchen & Dining Needs","Cello",,,1633.8022435548503,2099,,63.87256,22.16559120945364,0.027980260626171736,0.03769,0.04361,0.02203,0.09156,1634.7397847070638
"2026-03-01","503510",,"Borosil Crysto Glass Bottle with Husk Lid","1 pc","Kitchen & Dining Needs","Borosil",,,328.87254682988697,395.0725806451613,,57.20979,16.74412922458464,0.09228403795114837,0.13221,0.08254,0.10155,0.04031,32899.50144770367
"2026-03-01","567166",,"Cello Opalware Dazzle Tropical Lagoon Dinner Set (White)","26 pcs","Kitchen & Dining Needs","Cello",,,1844.7407097677237,3499,,73.84215,47.415692711237334,0.27666754768793034,0.24996,0.10761,0.09372,0.13847,1839.2136275240562
"2026-03-01","570363",,"Chumbak Wood Marigold Platter (Multicolour)","1 pc","Kitchen & Dining Needs","Chumbak",,,935,1295,,19.03062,27.799227799227793,0.00591893961902164,0.00736,0.0044,0.00506,0.00293,935
"2026-03-01","592549",,"Kressa Kitchen Towel Roll","80 pulls","Kitchen & Dining Needs","Kressa",,,179,234.58712576612905,,70.68083,23.802506965322706,0.08005931446158768,0.10508,0.09921,0.14387,0,179.00000000000003
"2026-03-01","535274",,"Bulfyss Large Natural Chopping Board (Wood)","1 pc","Kitchen & Dining Needs","Bulfyss",,,321.0761355512482,999,,52.05091,67.92269388287208,0.24721173352668457,0.13645,0.03889,0.05639,0,320.45300271583113
"2026-03-01","573964",,"Femora Glass Round Container","1 pc","Kitchen & Dining Needs","Femora",,,272.28359576780355,330,,71.56021,17.63388792058418,0.013493731281928273,0.01924,0.00793,0.01149,0,71.3781958222798
"2026-03-01","572955",,"Vesta Homes Girare Round Chopping Board (Wood)","1 pc","Kitchen & Dining Needs","Vesta Homes",,,499,999,,67.16754,50.05005005005005,0.03952994067667836,0.03399,0.01803,0.02615,0,498.9999999999999
"2026-03-01","545127",,"Cello Aquaria Glass Bottle","1 ltr","Kitchen & Dining Needs","Cello",,,519.1776904880571,747,,67.29453,30.51522120906294,0.4431142848518357,0.52997,0.55524,0.49773,0.68299,173.01697462097707
"2026-03-01","627444",,"Glimpse Homes Ceramic Plain Serving Bowl (Black)","1 pc","Kitchen & Dining Needs","glimpse homes",,,699,999,,6.62568,30.03003003003003,0.00017736776831880837,0.00021,0.00001,0.00002,0,699
"2026-03-01","744165",,"Oicia Stainless Steel Spoon Set","6 pcs","Kitchen & Dining Needs","Oicia",,,399,461,,16.2345,13.449023861171364,0.001450080931381893,0.00216,,,,399
"2026-03-01","581706",,"UPC Tea Cup Set (Ceramic)","6 pcs","Kitchen & Dining Needs","U.P.C.",,,549,999,,59.00131,45.04504504504506,0.017580327274868888,0.01663,0.02508,0.03637,0,91.50000000000001
"2026-03-01","546494",,"Solara Motivational Sports Plastic Sipper Bottle","1 pc","Kitchen & Dining Needs","Solara",,,900.3666322992069,1999,,42.3878,54.7994070204637,0.03249881371446126,0.02513,0.00665,0.00675,0.00642,913.1611304602258
"2026-03-01","543207",,"Amaya Decors Iron Cake Serving Platter (Black, Golden)","2 pcs","Kitchen & Dining Needs","Amaya Decors",,,1979.794439525278,2999,,26.72798,33.98738248493379,0.007453908338212164,0.00843,0.00036,0.00052,0,979.88563114382
"2026-03-01","578940",,"The Better Home Pink Copper Bottle with Copper Lid","1 pc","Kitchen & Dining Needs","The Better Home",,,899,2999,,27.56141,70.02334111370457,0.01888186509714551,0.00974,0.00666,0.00966,0,899
"2026-03-01","603216",,"Irida Naturals Glass Set (Wheat Straw)","4 pcs","Kitchen & Dining Needs","Irida Naturals",,,399,599,,50.93137,33.388981636060095,0.016635655177902848,0.01908,0.29761,0.14461,0.63746,99.74999999999997
"2026-03-01","705884",,"ExclusiveLane Ceramic Dinner Bowl Set (Forest Green-Earthy Brown)","4 pcs","Kitchen & Dining Needs","ExclusiveLane",,,749,1599,,22.5315,53.15822388993121,0.0006151057390795912,0.0005,0.00351,0.00038,0.01048,187.25
"2026-03-01","549024",,"Borosil Borosilicate Glass Serving/Mixing Bowl Set With Lid (Transparent)","2 pcs","Kitchen & Dining Needs","Borosil",,,624.5042899753056,780,,75.02463,20.214924609328587,0.05155922583589873,0.07113,0.02109,0.03058,0,621.8088235158785
"2026-03-01","701377",,"Nestasia Aluminium Colocasia Leaf Trinket Serving Platter (Golden)","2 pcs","Kitchen & Dining Needs","Nestasia",,,1167.7536710526317,1800,,17.12007,35.109919948782924,0.011881170289411594,0.01329,0.01418,0.00086,0.04376,584.3937886846817
"2026-03-01","573003",,"Vesta Homes Wood Zak Large Serving Tray (Brown)","1 pc","Kitchen & Dining Needs","Vesta Homes",,,999,1799,,72.67271,44.46914952751528,0.056437665050374376,0.05395,0.01862,0.02068,0.01404,998.9999999999999
"2026-03-01","545209",,"FanCode LSG Official Mug","1 pc","Kitchen & Dining Needs","FanCode",,,171,399,,20.21039,57.142857142857146,0.00009445410685245851,0.00007,,,,171
"2026-03-01","566999",,"Cello Kidzbee Uranus 600 Dream Weavers Kids Bottle (Plastic)","1 pc","Kitchen & Dining Needs","Cello",,,349,489,,15.58801,28.62985685071574,0.0012947706826475242,0.00159,0.00001,0.00001,0,64.62962962962962
"2026-03-01","617959",,"Chumbak Wood Scenic Route Foldable Breakfast Tray (Multicolour)","1 pc","Kitchen & Dining Needs","Chumbak",,,2441.960241573817,2995,,37.44993,18.458971759969444,0.026188919492366312,0.0368,0.00092,0.00134,0,2446.435561112388
"2026-03-01","532025",,"Prestige Nak+ Savchh Alu Handi Pressure Cooker (Aluminium)","1 unit","Kitchen & Dining Needs","Prestige",,,1509.7936646831868,1814.5438740725808,,58.43323,15.93104822025578,0.16148888352854962,0.23614,0.1112,0.08546,0.16838,1525.6201583040493
"2026-03-01","482302",,"Pigeon Idli Cooker - 6 Plates (Stainless Steel, 2 ltrs, 21.6 cm, Steel Grey)","1 pc","Kitchen & Dining Needs","Pigeon",,,1475,2275,,12.12413,35.16483516483517,0.0009424694698051217,0.00105,0.00066,0.00096,0,1475
"2026-03-01","752423",,"Femora Ceramic Serving Bowl with Handle (Multicolour)","1 pc","Kitchen & Dining Needs","Femora",,,649,1000,,25.3211,35.099999999999994,0.001301999085001442,0.00145,0.00169,0.00024,0.00491,649
"2026-03-01","566130",,"Borosil Tumbler Glass Set (Borosilicate Glass)","6 pcs","Kitchen & Dining Needs","Borosil",,,601.3947002637169,795,,64.74199,24.37839224507437,0.0570887753811508,0.0744,0.02088,0.03028,0,100.21968423421467
"2026-03-01","567000",,"Cello Swift Thermo Thermal Bottle","1 ltr","Kitchen & Dining Needs","Cello",,,1043.5030300046449,1249.00252125,,71.19506,16.663767019830438,0.13187571645973617,0.18981,0.14575,0.0448,0.37001,104.03427010933225
"2026-03-01","571888",,"Nautica Stylish Fender Triple-Layer Thermal Bottle","1 pc","Kitchen & Dining Needs","Nautica",,,1833.677430734696,2850,,51.86908,35.65950028612343,0.014447944131412984,0.01572,0.00792,0.01107,0.00093,1834.2723121525034
"2026-03-01","622118",,"Metalux Pressure Cooker with Outer Lid (Stainless Steel)","1 unit","Kitchen & Dining Needs","Metalux",,,1675,3350,,4.01758,50,0,0,,,,1675
"2026-03-01","553676",,"Hazel 6-Cavity Non-Stick Muffin Tray (Aluminium)","1 pc","Kitchen & Dining Needs","Hazel",,,269.4369449759095,829,,70.53906,67.6357847692022,0.12548788037759245,0.06976,0.08431,0.12226,0,268.340265562827
"2026-03-01","613161",,"Voiish Ice Tray Set (Plastic)","2 pcs","Kitchen & Dining Needs","Voiish",,,189.92411188811187,400,,48.59821,52.507442700886514,0.025268663426930998,0.02066,0.07408,0.10603,0.00311,189.9676489322012
"2026-03-01","558604",,"Nestasia Ceramic Nitori Serving Bowl (Blue, Yellow)","1 pc","Kitchen & Dining Needs","Nestasia",,,640.0971009025566,1015,,16.38576,36.911588533919506,0.009929261612589821,0.0108,0.00206,0.00182,0.00259,91.51285795390295
"2026-03-01","697207",,"Lifelong Ceramic Bowl Set (Black)","2 pcs","Kitchen & Dining Needs","Lifelong",,,649.2768327698378,1099,,65.87157,41.024233457983875,0.015152776123188315,0.01505,0.00638,0.00925,0,320.9760814113188
"2026-03-01","603414",,"Home Focus 24 Hours Hot & Cold Steel Wall Bottle","1 pc","Kitchen & Dining Needs","home focus",,,499,895,,2.16107,44.245810055865924,0,0,,,,499
"2026-03-01","706908",,"G.Fidel Glass LED Coasters for Party (Transparent)","1 pc","Kitchen & Dining Needs","G.Fidel",,,135,299,,40.69002,54.8494983277592,0.0008473266646810831,0.00066,0.00121,0.00176,0,135
"2026-03-01","507814",,"Fackelmann Cologne Range Nonstick Cookware Set (Aluminium)","1 set","Kitchen & Dining Needs","Fackelmann",,,2542.3296814530013,4499,,6.38922,43.49122735156699,0.005295888016975742,0.00513,0.00101,0.00146,0,2540.074404980204
"2026-03-01","499606",,"The Wishing Chair Sereni Tea Mug & Coasters Gift Box","6 pcs","Kitchen & Dining Needs","The Wishing Chair",,,2150,2150,,7.10791,0,0,0,0.00002,0.00002,0,358.33333333333337
"2026-03-01","733916",,"HomeShastra MDF Royal Camel Serving Tray (Beige)","1 pc","Kitchen & Dining Needs","HomeShastra",,,702.3202150537634,1999,,70.83779,64.8671906305823,0.04581184186180884,0.02772,0.0066,0.00787,0.00379,702.3048592946595
"2026-03-01","637384",,"Strauss Blender Plastic Bottle","1 pc","Kitchen & Dining Needs","Strauss",,,349,699,,36.07147,50.07153075822604,0.005885098772062042,0.00506,0.01547,0.00229,0.04474,349.00000000000006
"2026-03-01","632922",,"WonderStand 3-Tier Storage Organiser Rack","1 pc","Kitchen & Dining Needs","WonderStand",,,898.7055812518536,899.2440810747663,,61.19001,0.07981731324354702,0.06451830870079966,0.11089,0.03052,0.04426,0,898.8512560347705
"2026-03-01","566269",,"The Artment Bohemian Skull Beer Mug Set (Glass)","4 pcs","Kitchen & Dining Needs","The Artment",,,996.5532227782969,1246.3961693548388,,31.63333,20.02912484811079,0.020167790294722557,0.02775,0.01186,0.00115,0.03566,250.00458034045442
"2026-03-01","619276",,"The Better Home Glass Lunch Box Pack of 3","3 pcs","Kitchen & Dining Needs","The Better Home",,,1249.0065177304964,5199,,30.88585,75.97602389439322,0,0,0.11532,0.00915,0.35116,41633.550591016545
"2026-03-01","532797",,"Ocean Vino Wine Glass","6 pcs","Kitchen & Dining Needs","O'cean",,,899,935,,1.32535,3.8502673796791442,0,0,,,,149.83333333333334
"2026-03-01","568401",,"Wonderchef Venice Glass Set (Stainless Steel)","6 pcs","Kitchen & Dining Needs","Wonderchef",,,528.5054077383746,999.9976613709676,,83.99491,47.610363026149194,0.1102797564558777,0.0997,0.16185,0.02366,0.46881,87.25540837475137
"2026-03-01","692060",,"Nori Home Goods MDF Round Tray Set (Light Green)","2 pcs","Kitchen & Dining Needs","Nori Home Goods",,,699,1499,,1.10739,53.3689126084056,0,0,,,,699
"2026-03-01","566930",,"Prestige Induction Cooktop (1200 W)","1 unit","Kitchen & Dining Needs","Prestige",,,1873.7121003362236,2995,,21.53139,35.57449773811876,1.493287181604509,1.65526,0.1821,0.15597,0.24013,1929.6455317280095
"2026-03-01","498597",,"Solara Protein Gym Shaker (Red, Black)","650 ml","Kitchen & Dining Needs","Solara",,,315.1620319221202,999,,48.13796,67.67021907002199,0.08537543767304871,0.04707,0.05673,0.07535,0.01538,324.5364049233978
"2026-03-01","549027",,"Larah by Borosil Kulhad Set (Opalware)","6 pcs","Kitchen & Dining Needs","Larah by Borosil",,,409.3417808919945,515,,38.75306,20.51394353981053,0.0038642062839908935,0.00528,0.02248,0.00972,0.05083,68.33960116837288
"2026-03-01","628441",,"Speedex Steel Wall Bottle with Sipper Lid","1 pc","Kitchen & Dining Needs","Speedex",,,549,549,,7.49216,0,0.0007118965198047662,0.00123,0,0,0,549.0000000000001
"2026-03-01","614909",,"Borosil Stainless Steel Carry Fresh Lunch Box","3 pcs","Kitchen & Dining Needs","Borosil",,,1054.4759862051674,1231.2027173387098,,45.34617,14.4871363975935,0.04386442792214698,0.06478,0.02464,0.01223,0.05221,350.85607264612145
"2026-03-01","532099",,"Full Houz Fabric Cotton Kitchen Cloth","6 pcs","Kitchen & Dining Needs","fullhouz",,,66.52638307405918,199,,82.72872,66.66059628676517,0.5752676264328644,0.32848,0.59925,0.86903,0,11.05756889822289
"2026-03-01","566089",,"The Artment Knife (Stainless Steel)","1 pc","Kitchen & Dining Needs","The Artment",,,249,399,,0.36346,37.59398496240601,0.0006611787479672095,0.00071,0.00003,0.00004,0,249.00000000000006
"2026-03-01","606530",,"Vesta Homes Wood Cooking / Serving Spoon Set","3 pcs","Kitchen & Dining Needs","Vesta Homes",,,449,899,,54.34084,50.05561735261403,0.043011934333748565,0.03698,0.01758,0.02106,0.00983,149.66666666666669
"2026-03-01","571580",,"House of Quirk Coffemate Insulated Tumbler (White)","1 pc","Kitchen & Dining Needs","House of Quirk",,,1149,1499,,11.13928,23.34889926617745,0.0017148318868924334,0.00226,0.00187,0.00271,0,1149
"2026-03-01","558608",,"Nestasia Ceramic All Purpose Serving Pot (Pink)","1 pc","Kitchen & Dining Needs","Nestasia",,,974.516129032258,1400,,61.04114,30.537209645785055,0.07001072553143205,0.08356,0.15336,0.15387,0.15221,970.6447577771647
"2026-03-01","627755",,"Parage Ladles & Spatula Kitchen Tool Set (Stainless Steel)","10 pcs","Kitchen & Dining Needs","Parage",,,799,1499,,32.98869,46.697798532354895,0.008729948345362091,0.00801,0.0034,0.0015,0.00761,79.90000000000002
"2026-03-01","620009",,"ExclusiveLane Ceramic Whispers of Warli Serving Bowl Set (Cream)","2 pcs","Kitchen & Dining Needs","ExclusiveLane",,,775,1325,,27.88025,41.509433962264154,0.005184465194318178,0.00522,0.00276,0.00307,0.00207,387.4999999999999
"2026-03-01","559341",,"Ratan Brooms Simpli Clean Cotton Kitchen Cloth","3 pcs","Kitchen & Dining Needs","ratan brooms",,,128.99673387096774,150,,79.80652,13.999995937454631,0.1674481713853661,0.24788,0.17128,0.24838,0,43.000002032241866
"2026-03-01","577454",,"Glasafe Glass Fresh Grip Lunch Box with Protective Silicone Sleeve","1 pc","Kitchen & Dining Needs","Glasafe",,,449,1149,,21.42047,60.922541340295915,0.01206686564312102,0.00812,0.00145,0.00211,0,449
"2026-03-01","696514",,"Vesta Homes Wood Serving Tray (Light Brown)","1 pc","Kitchen & Dining Needs","Vesta Homes",,,869,1999,,77.55402,56.528264132066035,0.0072735766284275725,0.00544,0.0032,0.00464,0,869
"2026-03-01","571905",,"Pieces and Accents Resin Square Coasters (Brown, White)","4 pcs","Kitchen & Dining Needs","pieces and accents",,,,,,0,,0,0,,,,
"2026-03-01","607859",,"New Dawn Kitchen Sink Waste Dustbin (Plastic)","1 pc","Kitchen & Dining Needs","New Dawn",,,249,900,,43.71397,72.33333333333334,0.026272958436030457,0.01251,0.02557,0.03708,0,249.00000000000009
"2026-03-01","565016",,"Nayasa Plastic Florentine Dry Fruit Serving Set (Pink, Peach)","5 pcs","Kitchen & Dining Needs","Nayasa",,,1043.9389034112342,1145,,59.96255,8.70523462235979,0.04863173974936692,0.0761,0.01819,0.01333,0.029,1042.0178102092702
"2026-03-01","757733",,"Nubilous Silicone Collapsible Ice Bowl (Black)","1 pc","Kitchen & Dining Needs","Nubilous",,,299,599,,13.84268,50.08347245409016,0.004469875844741548,0.00384,0.00001,0.00001,0,299.00000000000006
"2026-03-01","591269",,"Chumbak Jaali Gift Set Coffee Mug (Ceramic)","3 pcs","Kitchen & Dining Needs","Chumbak",,,932.3334907834102,1795,,70.68368,48.093705400841955,0.141826793065012,0.12665,0.5317,0.2139,1.23763,310.4992908768276
"2026-03-01","625038",,"Melii Spin Baby Food Container (177 ml, Multicolour)","1 pc","Kitchen & Dining Needs","Melii",,,814.6939340813465,899,,29.53479,9.377760391396393,0.0018781171160245442,0.00277,0.00019,0.00003,0.00055,771.688947727681
"2026-03-01","628096",,"Mokobara PU The Take-Out Polyurethane Lunch Bag (11 ltr, Tan Lines)","1 pc","Kitchen & Dining Needs","Mokobara",,,2861.389139784946,4999,,11.26719,42.760769358172716,0.003920007533248375,0.00393,0.00006,0.00009,0,2908.3023333018377
"2026-03-01","596111",,"Jarsome Premium Mandala Design Kitchen Container Set","4 pcs","Kitchen & Dining Needs","jarsome",,,1342.0562012987016,1699,,32.52471,21.008169588269823,0.00231264542260548,0.00316,0.00039,0.00024,0.00074,1346.7712720442662
"2026-03-01","587296",,"Ezypac Tulip Liners Muffin Mould","20 pcs","Kitchen & Dining Needs","Ezypac",,,198.95245357616565,199,,73.72094,0.040663687252266045,0.018218476442659524,0.03136,0.03812,0.05529,0,9.9454770139791
"2026-03-01","662421",,"HAZEL Steel Dinner Lunch Plate, 26.5 cm, 2 pcs Set","2 pcs","Kitchen & Dining Needs","Hazel",,,411.6343042311695,789,,71.08229,47.9800164259241,0.04338179584338109,0.03883,0.00829,0.01202,0,409.69535422037626
"2026-03-01","545210",,"FanCode MI Official Mug","1 pc","Kitchen & Dining Needs","FanCode",,,171,399,,0.43576,57.142857142857146,0,0,,,,171
"2026-03-01","535361",,"Mad Over Print MDF Coaster Set - Me And Tea Are a Thing (Yellow)","6 pcs","Kitchen & Dining Needs","Mad Over Print",,,312.6931654800855,599,,73.16496,47.8139140260649,0.006848510599336679,0.00613,0.00245,0.00355,0,52.312794438757834
"2026-03-01","621838",,"Joseph Joseph Delta Folding Potato Masher (Stainless Steel, Nylon)","1 pc","Kitchen & Dining Needs","Joseph Joseph",,,,,,0,,0,0,0.00003,0.00005,0,
"2026-03-01","565191",,"Sanjeev Kapoor Glass Dessert Bowl Set (Transparent)","5 pcs","Kitchen & Dining Needs","Sanjeev Kapoor",,,1689.4193548387098,1895,,13.36724,10.848582858115584,0.0020747650625866404,0.00344,0,0,0,1859.6824521376152
"2026-03-01","566854",,"Schott Zwiesel Vinos Crystal White Wine Glass Set (Tritan)","4 pcs","Kitchen & Dining Needs","schott zwiesel",,,2485.0377419354836,3800,,23.24487,34.604269949066214,0.0013493447386971771,0.00152,0.0012,0.00174,0,621.1535313041978
"2026-03-01","595050",,"Kolar Wooden Cutting Chopping Board (Wood)","1 pc","Kitchen & Dining Needs","Kolar",,,349,1499,,36.33276,76.71781187458306,0.044423283577416234,0.0178,0.00708,0.01026,0,349.00000000000006
"2026-03-01","569349",,"ExclusiveLane Ceramic Mughal Cylindrical Airtight Jar","1 pc","Kitchen & Dining Needs","ExclusiveLane",,,639.4546543778802,875,,60.43062,26.932580148707714,0.0049002162124645214,0.00615,0.0088,0.01176,0.00223,637.6237765490488
"2026-03-01","571815",,"House of Quirk Insulated Tumbler with Handle (Black)","1 pc","Kitchen & Dining Needs","House of Quirk",,,1499,1999,,23.07189,25.012506253126563,0.0020703257195645746,0.00267,0.00017,0.00024,0,1498.9999999999998
"2026-03-01","508314",,"Borosil Color Crush Thermal Bottle","1 pc","Kitchen & Dining Needs","Borosil",,,873.9124975672652,1195,,5.07048,26.86838612812097,0.0013790826910040428,0.00173,0,0,0,878.2510906063482
"2026-03-01","507829",,"Larah by Borosil Mimosa Cup Set (Opalware)","6 pcs","Kitchen & Dining Needs","Larah by Borosil",,,319.7615903075349,385,,50.64624,17.104628390057112,0.11444684563502391,0.16325,0.32848,0.47635,0,53.177675640534645
"2026-03-01","566128",,"Borosil Tea/Coffee Mug Set (Borosilicate Glass)","6 pcs","Kitchen & Dining Needs","Borosil",,,531.0134005756695,625,,64.73513,15.16021531685085,0.04919472244545156,0.07195,0.05713,0.08285,0,88.27410663729238
"2026-03-01","405905",,"Larah by Borosil Mug Set (Opalware)","1 set","Kitchen & Dining Needs","Larah by Borosil",,,315,315,,1.43327,0,0,0,,,,315
"2026-03-01","762270",,"HomeEssentials Steel Fork Set","3 pcs","Kitchen & Dining Needs","HomeEssentials",,,265.25,1299,,47.33333,79.58044649730562,0,0,0.00252,0.00066,0.00664,265.25
"2026-03-01","597236",,"Gluman Plastic Microwavable Container Set","4 pcs","Kitchen & Dining Needs","Gluman",,,299.0044825268817,349,,28.96443,14.325230889831344,0.03553567765672824,0.05241,0.0008,0.00116,0,299.0058130961591
"2026-03-01","628106",,"Mokobara PU The Take-Out Polyurethane Lunch Bag (11 ltr, Crypto Sunray)","1 pc","Kitchen & Dining Needs","Mokobara",,,2863.8506088435374,4999,,24.19322,42.70867188237094,0.01919500709315846,0.01886,0.0028,0.00032,0.00831,2855.6769462306065
"2026-03-01","704170",,"Chumbak Palace Memoirs Chip & Dip Platter Gift Set","3 pcs","Kitchen & Dining Needs","Chumbak",,,1215.4942816494004,2199,,34.09127,44.729060951005565,0.019259475039355593,0.01835,0.00452,0.00655,0,1212.846305470497
"2026-03-01","569130",,"Amaya Decors Floral Design Tray Set (Multicolor)","2 pcs","Kitchen & Dining Needs","Amaya Decors",,,999.7608244268582,1499,,50.11306,33.304828911881785,0.01785152081717521,0.02049,0.00588,0.00853,0,999.6725894885077
"2026-03-01","596521",,"Umai Ceramic Jar","1 pc","Kitchen & Dining Needs","Umai",,,1299,2595,,12.6125,49.94219653179191,0.004424544620174287,0.00381,,,,1299
"2026-03-01","697218",,"Wonderchef Stainless Steel Serving Bowl (Red)","1 pc","Kitchen & Dining Needs","Wonderchef",,,238.99682488410724,573.2102234677419,,65.80765,58.93255837681339,0.047278410361195886,0.03565,0.00769,0.01115,0,236.2416585301544
"2026-03-01","537896",,"Rabitat Stainless Steel Lunch Box for Kids","500 ml","Kitchen & Dining Needs","Rabitat",,,897.9437404359901,956.9998216939889,,47.99399,7.191564921890367,0.00701392495186987,0.01023,0.00629,0.00056,0.01903,159.87501759357326
"2026-03-01","654016",,"HomeEssentials Borosilicate Glass Stirring Spoon Set (2 pcs, Multicolour)","2 pcs","Kitchen & Dining Needs","HomeEssentials",,,299,999,,8.35325,70.07007007007007,0.001076031127800771,0.00055,0.00001,0.00001,0,149.49999999999997
"2026-03-01","533805",,"Larah by Borosil Opalware 10"" Plain Plate Set (White)","6 pcs","Kitchen & Dining Needs","Larah by Borosil",,,575.4314303908114,735,,67.91505,22.111779259165623,0.1533866549841648,0.20668,0.08925,0.12942,0,95.39729506466306
"2026-03-01","574377",,"Schott Zwiesel Stage Whiskey Glass Set (Tritan)","8 pcs","Kitchen & Dining Needs","schott zwiesel",,,4229.451193548388,6300,,61.95981,32.86585407066051,0.003542029006967194,0.00394,0.00303,0.00439,0,522.4461131886811
"2026-03-01","570515",,"Tex-RO Stainless Steel, Plastic Kitchen Vegetable Chopper (1.6 ltrs)","1 pc","Kitchen & Dining Needs","Texro",,,499,1799,,1.33408,72.26236798221234,0,0,,,,499
"2026-03-01","626136",,"Parage Stainless Steel Soup Spoon Set (6 pcs, Silver)","6 pcs","Kitchen & Dining Needs","Parage",,,299,599,,48.25401,50.08347245409015,0.011710995947019914,0.01006,0.02756,0.00328,0.08151,49.83333333333334
"2026-03-01","498591",,"Solara Insulated Sports Thermal Bottle for Gym","1 pc","Kitchen & Dining Needs","Solara",,,946.5965184798063,1999,,60.68033,51.59970840399276,0.10090321133670234,0.0822,0.37672,0.08212,1.03111,98106.41871421853
"2026-03-01","562376",,"Wonderchef Taurus Hard Anodized Outer Lid Pressure Cooker (Aluminium)","3 ltrs","Kitchen & Dining Needs","Wonderchef",,,1709.4557405953778,3500,,55.97852,50.871268652778085,0.12046344991280444,0.10304,0.01769,0.02565,0,1726.8751448539115
"2026-03-01","552790",,"Femora Glass Storage Jar With Airtight Steel Lid","2 pcs","Kitchen & Dining Needs","Femora",,,418.19982925283114,600,,75.97822,32.055406172613814,0.06535124229954052,0.07893,0.0922,0.1138,0.04422,203.1441450477251
"2026-03-01","541077",,"Ek Do Dhai Mr & Mrs Shot Glass","2 pcs","Kitchen & Dining Needs","EK DO DHAI",,,399,399,,30.97826,0,0.0004882939988176203,0.00084,0.00107,0.00155,0,199.5
"2026-03-01","613786",,"Cutting Edge Plastic Storage Container Set","6 pcs","Kitchen & Dining Needs","Cutting Edge",,,269,485,,47.88658,44.5360824742268,0.10353080527888699,0.09885,0.02914,0.03783,0.00984,44.83333333333332
"2026-03-01","568894",,"Solara Premium Electric Kettle Cool Touch","1 pc","Kitchen & Dining Needs","Solara",,,1411.4972640832063,2999,,4.75311,52.94976820718472,0.015590666250282886,0.01268,0.00001,0.00002,0,1403.3421913647458
"2026-03-01","567033",,"Judge by Prestige Everyday Fry Pan (Aluminium)","1 pc","Kitchen & Dining Needs","Judge",,,532.2924711719177,695.8037641935483,,50.04527,23.4718800139568,0.06746253784304297,0.08972,0.26326,0.25339,0.28518,532.4183835590271
"2026-03-01","534411",,"The Artment Minimalist Diamond Whiskey Glass Set","4 pcs","Kitchen & Dining Needs","The Artment",,,1001.283733215337,1297.4653916176474,,29.5022,22.806524249506865,0.011400443982042242,0.01517,0.00452,0.00141,0.01142,1004.1081238576159
"2026-03-01","751485",,"HomeEssentials Glass, Wood Textured Serving Tray (Brown)","1 pc","Kitchen & Dining Needs","HomeEssentials",,,602.2258064516129,2999,,17.11463,80.00179164149475,0.008563706099031433,0.00303,0.00276,0.0004,0.008,616.6056751858337
"2026-03-01","607990",,"Peher Lighter & Knife Set (Stainless Steel)","2 pcs","Kitchen & Dining Needs","Peher",,,199,299,,0.66029,33.44481605351171,0.000017695408773804478,0.00002,,,,199
"2026-03-01","512997",,"Ocean Delight Ice Cream Cup Set (Glass)","6 pcs","Kitchen & Dining Needs","O'cean",,,949,1010,,26.37791,6.03960396039604,0.0010545776173733084,0.00171,0.00002,0.00003,0,158.16666666666669
"2026-03-01","625489",,"Oliveware Stainless Steel Magma Lunch Box Set","1 set","Kitchen & Dining Needs","Oliveware",,,929.257308467742,1950,,58.75676,52.347331220545925,0.0361864407088712,0.02968,0.00439,0.00637,0,929.0003128980333
"2026-03-01","650506",,"Larah by Borosil Opalware Dark Forest Dinner Set (White)","1 set","Kitchen & Dining Needs","Larah",,,1468.7404943073047,2199,,78.10765,34.113605831339655,0.25667103677763153,0.29043,0.06811,0.06548,0.07396,1444.0136278482864
"2026-03-01","624568",,"Joseph Joseph Plastic Measuring Spoon","1 pc","Kitchen & Dining Needs","Joseph Joseph",,,1399,1599,,64.32149,12.507817385866167,0.0005204740869135002,0.00078,0.06999,0.00042,0.22453,1399
"2026-03-01","600963",,"Avias Stainless Steel Avistar Premium Casserole (Silver)","1 pc","Kitchen & Dining Needs","Avias",,,1459,1790,,2.54701,18.491620111731844,0.00021187085929825515,0.0003,0.00049,0.00004,0.00147,1459
"2026-03-01","577761",,"Glasafe Glass Lunch Box with Silicone Cover (Grey)","1 pc","Kitchen & Dining Needs","Glasafe",,,399,949,,61.03065,57.95574288724974,0.035272713694799396,0.02553,0.00847,0.01228,0,399
"2026-03-01","704158",,"Trisara Stainless Steel Dinner Plate Set (Silver)","6 pcs","Kitchen & Dining Needs","Trisara",,,1199,1992.0645161290322,,9.01917,39.8111863199145,0.0004914306918735647,0.00052,0.00015,0.00022,0,199.83333333333334
"2026-03-01","611687",,"Yellocut Plastic Fridge Storage Box Set","6 pcs","Kitchen & Dining Needs","Yellocut",,,436,449,,22.03271,2.89532293986637,0.0008681278736262599,0.00145,0.00016,0.00023,0,72.66666666666667
"2026-03-01","606517",,"New Dawn Kitchen Sink Organizer (Stainless Steel)","1 pc","Kitchen & Dining Needs","New Dawn",,,599,1000,,34.87182,40.10000000000001,0.01874406791814785,0.01933,0.00128,0.00186,0,599.0000000000001
"2026-03-01","621335",,"Newdru Rechargeable Electric Gas Lighter (Stainless Steel, Alloy)","1 pc","Kitchen & Dining Needs","newdru",,,599,999,,62.7508,40.04004004004004,0.0008868388415940418,0.00092,0.01813,0.01468,0.02578,599
"2026-03-01","499131",,"Zenker Silicone Transparent Cake Decorating Pen (Silicone)","1 pc","Kitchen & Dining Needs","Zenker",,,298.9916693548387,299.02605112903234,,31.92074,0.011333130362476596,0.0032571289664484475,0.00561,0.00491,0.00712,0,298.98011220213607
"2026-03-01","568461",,"Solara Insulated Sports Thermal Bottle","1 pc","Kitchen & Dining Needs","Solara",,,1326.777008800919,2999,,63.49803,55.40000112356483,0.18115933974972034,0.13919,0.1497,0.1468,0.15614,1339.7586372300846
"2026-03-01","562227",,"Agaro Spatula Set (Silicone)","6 pcs","Kitchen & Dining Needs","Agaro",,,519.3019953539886,899,,72.38845,42.16379111884512,0.0839544317397726,0.08343,0.02177,0.03157,0,86.67495683463669
"2026-03-01","595292",,"Trisara Stainless Steel Stainless Steel Dinner Set (6 pcs) (Silver)","1 set","Kitchen & Dining Needs","Trisara",,,549,740,,12.76359,25.81081081081081,0.0014264507154092966,0.00182,0.00073,0.00106,0,549
"2026-03-01","588064",,"Brayden Electric Vegetable Chopper (400 W, Black)","1 unit","Kitchen & Dining Needs","brayden",,,1699,2780,,1.54613,38.884892086330936,0,0,,,,1698.9999999999998
"2026-03-01","553258",,"Judge by Prestige Stainless Steel Classic Dinner Set (Silver)","1 set","Kitchen & Dining Needs","Judge",,,1613.83081115903,2227.4585677419363,,77.7782,27.592244203991704,0.05366947705786641,0.0672,0.03556,0.04292,0.01922,1608.4741907513996
"2026-03-01","428951",,"Polyset Colander (Plastic)","1 pc","Kitchen & Dining Needs","Polyset",,,92.52499118165785,127.89126925925927,,2.44494,27.653395171102282,0.00004580669091716973,0.00006,0,0,0,93.91458068783068
"2026-03-01","631116",,"Speedex Sipper Lid Steel Wall Bottle","1 pc","Kitchen & Dining Needs","Speedex",,,289,549,,11.29075,47.35883424408014,0.005882527560830018,0.00533,0.0031,0.00254,0.00435,289
"2026-03-01","579841",,"Oliveware Stainless Steel Container Set","2 pcs","Kitchen & Dining Needs","Oliveware",,,350,900,,62.53591,61.11111111111111,0.02404684185256752,0.0161,0.00151,0.00218,0,174.99999999999994
"2026-03-01","626140",,"Parage Stainless Steel Spoon & Fork Set","12 pcs","Kitchen & Dining Needs","Parage",,,318,410,,62.90071,22.43902439024389,0.12658746999305914,0.16901,0.31928,0.19327,0.59919,318.00000000000006
"2026-03-01","499041",,"Zenker BPA Free Baking Brush (Silicone)","1 pc","Kitchen & Dining Needs","Zenker",,,277.30411573965654,307.0320713306451,,61.37796,9.549661285864037,0.020446258223619028,0.03164,0.01198,0.01738,0,276.1488075196841
"2026-03-01","548890",,"Nayasa Plastic Electra Water Jug (Transparent)","1 pc","Kitchen & Dining Needs","Nayasa",,,273.6809043402681,295,,62.36694,8.133602396037096,0.0680005995687249,0.10864,0.043,0.06236,0,270.9193552804414
"2026-03-01","660722",,"Parage Stainless Steel Dinner Plate Set (Silver)","2 pcs","Kitchen & Dining Needs","Parage",,,471.06451612903226,999,,31.96607,52.849478606596286,0.013702554575918029,0.01112,0.00174,0.00252,0,235.5108756442494
"2026-03-01","595133",,"ExclusiveLane Ceramic Pickle & Chutney Jar Set","2 pcs","Kitchen & Dining Needs","ExclusiveLane",,,934.483870967742,1499,,28.22351,37.65347868622209,0.004325079296844552,0.00466,0.0014,0.00189,0.00033,469.3582273238691
"2026-03-01","692840",,"Irida Naturals Rice Husk Dinner Set (Beige)","1 set","Kitchen & Dining Needs","Irida Naturals",,,899,1999,,20.49262,55.02751375687844,0.0037150937870648066,0.00288,0.01515,0.00172,0.04498,899
"2026-03-01","507244",,"Ocean Ivory Glass","6 pcs","Kitchen & Dining Needs","O'cean",,,649,663,,0.88211,2.1116138763197587,0.00003923751431276942,0.00007,,,,108.16666666666666
"2026-03-01","559261",,"Nestasia Luxe Velvet Lunch Bag (5 ltrs, Grey & Green)","1 pc","Kitchen & Dining Needs","Nestasia",,,669.2923997751066,1500,,73.06174,54.98671822122298,0.11418721988008199,0.0874,0.07349,0.05798,0.10794,677.9057849736414
"2026-03-01","428957",,"Polyset Cylinder Trolley (Plastic)","1 pc","Kitchen & Dining Needs","Polyset",,,193.73387096774192,239,,1.98502,18.93980294236739,0.000028289005002311323,0.00004,,,,193.99650487384537
"2026-03-01","606423",,"Cutting Edge Glass Regalia Serving Bowl (Transparent)","2 pcs","Kitchen & Dining Needs","Cutting Edge",,,269,600,,44.09487,55.16666666666666,0.019378940132084767,0.01496,0.04177,0.021,0.0879,269
"2026-03-01","626107",,"House of Quirk 3D Sticker Plastic Bottle","1 pc","Kitchen & Dining Needs","House of Quirk",,,599,999,,11.95443,40.04004004004004,0.0008868388415940418,0.00092,0.00019,0.00027,0,599
"2026-03-01","716772",,"Habere India Bamboo Round Tray (Beige)","1 pc","Kitchen & Dining Needs","Habere India",,,799,1499,,7.8354,46.6977985323549,0.000465745921531614,0.00043,,,,799.0000000000001
"2026-03-01","611097",,"Prestige 4 Burners Magic Plus LPG Gas Stove","1 unit","Kitchen & Dining Needs","Prestige",,,5883.634115452835,7865.80424157258,,59.23067,25.17629805841493,0.15976735534260825,0.20574,0.04608,0.02586,0.09099,5889.696175746932
"2026-03-01","427641",,"Borosil Glass Round Container Set","1 pc","Kitchen & Dining Needs","Borosil",,,629.5765960176336,675,,12.75018,6.729393182572797,0.0009187969980478811,0.00146,0,0,0,624.5736306728097
"2026-03-01","607505",,"Vesta Homes Wood Gravitas Medium Serving Tray (Light Brown)","1 pc","Kitchen & Dining Needs","Vesta Homes",,,499,1299,,66.25346,61.58583525789068,0.06653413919443384,0.044,0.02565,0.0372,0,499
"2026-03-01","546823",,"Boldfit Motivational Time Mark Plastic Bottle","1 ltr","Kitchen & Dining Needs","Boldfit",,,618.7608264494683,1299,,76.3892,54.31855601854294,0.06423786327219996,0.04822,0.0252,0.03655,0,569.3996320654464
"2026-03-01","608278",,"The Better Home Spatula Set (Silicone)","10 pcs","Kitchen & Dining Needs","The Better Home",,,1429,5199,,4.67049,72.51394498942105,0.0003076860285250199,0.00015,0.00005,0.00007,0,142.89999999999998
"2026-03-01","532594",,"Larah by Borosil Nivaah Mug Set (Opalware)","6 pcs","Kitchen & Dining Needs","Larah by Borosil",,,409.25658659449465,495,,56.88225,17.30502591839189,0.04230167780000583,0.06025,0.43029,0.12654,1.10502,68.23174245870618
"2026-03-01","568446",,"Solara Kids Motivational Sipper Kids Bottle for Workout (Tritan)","1 pc","Kitchen & Dining Needs","Solara",,,561.2319209131334,999,,57.70805,44.355227251216384,0.062124835419072384,0.0599,0.06545,0.08609,0.0196,552.6352551710268
"2026-03-01","608279",,"The Better Home Spatula Set (Silicone)","5 pcs","Kitchen & Dining Needs","The Better Home",,,599,1999,,1.12428,70.03501750875438,0.00023660860293729034,0.00012,,,,599
"2026-03-01","507267",,"Chumbak Life Begins After Coffee Mug","1 pc","Kitchen & Dining Needs","Chumbak",,,581,695,,14.4528,16.402877697841728,0,0,,,,581
"2026-03-01","476117",,"Vinayak Colander (Stainless Steel)","1 pc","Kitchen & Dining Needs","Vinayak",,,,,,0,,0,0,,,,
"2026-03-01","566835",,"Schott Zwiesel Sparkling Wine Vinos Glass Set (Tritan)","4 pcs","Kitchen & Dining Needs","schott zwiesel",,,2488.1204193548383,3800,,46.32754,34.5231468590832,0.005689735898480019,0.00639,0.01382,0.02004,0,623.8582041442437
"2026-03-01","630849",,"ExclusiveLane Salt & Pepper Shaker Set (Iron)","2 pcs","Kitchen & Dining Needs","ExclusiveLane",,,599,1230,,22.15629,51.30081300813008,0.0032160203020753066,0.0027,0.00073,0.00101,0.00009,599.0000000000001
"2026-03-01","606689",,"Speedex Vacuum Insulated Printed Thermal Bottle","1 pc","Kitchen & Dining Needs","Speedex",,,1045,1045,,0.56112,0,0.00006184489173352902,0.00011,,,,1045
"2026-03-01","534913",,"Milton Plastic Jar Set","18 pcs","Kitchen & Dining Needs","Milton",,,549.0019524323108,1314,,31.04599,58.21927433565679,0.1398627527169097,0.10059,0.09385,0.10233,0.07502,30.499918571717597
"2026-03-01","571973",,"Pieces and Accents Solid Cutlery Holder (Wood)","1 pc","Kitchen & Dining Needs","pieces and accents",,,769,1399,,58.14396,45.03216583273767,0.0026175729295925924,0.00248,0.00045,0.00065,0,768.9999999999998
"2026-03-01","755861",,"HomeEssentials Steel Cutlery Set","3 pcs","Kitchen & Dining Needs","HomeEssentials",,,308.94,1299,,12.91881,76.2525631025394,0.002669358281401021,0.00107,0.0267,0.00036,0.08522,303.32328002233476
"2026-03-01","546819",,"Boldfit Gallon Plastic Bottle","2.2 ltr","Kitchen & Dining Needs","Boldfit",,,1003.232672415931,1999,,72.03064,49.88792583044208,0.10641855565895594,0.09176,0.03706,0.02735,0.05861,45.49468316495178
"2026-03-01","609262",,"Brick Brown Saga Masala Box (Wood)","1 pc","Kitchen & Dining Needs","brick brown",,,2499,4099,,8.29256,39.03391070992925,0.0006064651413010412,0.00064,,,,2499
"2026-03-01","617815",,"New Dawn Plastic Eggs Storage Box","1 pc","Kitchen & Dining Needs","New Dawn",,,899,1200,,10.88404,25.083333333333332,0.0002840725018119053,0.00037,,,,899
"2026-03-01","428950",,"Polyset Colander (Plastic)","1 pc","Kitchen & Dining Needs","Polyset",,,89.37857142857145,129,,1.96161,30.7142857142857,0.00004580669091716973,0.00006,0,0,0,88.60403726708074
"2026-03-01","528978",,"Fackelmann Quartz Non Stick Full Flat Dosa Tawa (30 cm) (Aluminium)","1 pc","Kitchen & Dining Needs","Fackelmann",,,1075.3569575807937,1915.169967096774,,30.98393,46.56707891524588,0.057671375414029294,0.0478,0.00131,0.0019,0,917.1993880614986
"2026-03-01","697264",,"Judge by Prestige Stainless Steel Ladle Medium","1 pc","Kitchen & Dining Needs","Judge",,,138.77049117433694,160,,56.64648,13.355625336353008,0.034148218732917644,0.05104,0.09451,0.13696,0.00024,138.62727284593382
"2026-03-01","712399",,"Cello Melamine Richmound Elegant Onex Serving Tray (Pastel Green)","2 pcs","Kitchen & Dining Needs","Cello",,,729,854,,17.55901,14.637002341920395,0.007302632629184776,0.01073,0.00225,0.00326,0,364.5
"2026-03-01","553888",,"Mad Over Print World's Coolest Dad Whiskey Glass","1 pc","Kitchen & Dining Needs","Mad Over Print",,,199.1645571578841,299,,12.58674,33.38747433123098,0.0011620569810697836,0.00134,0.00039,0.00057,0,199.97599965235884
"2026-03-01","611979",,"Impetus Stainless Steel Protein Gym Shaker (Black)","1 pc","Kitchen & Dining Needs","Impetus",,,649.301797235023,999,,53.72734,34.98090529893899,0.08443161885886,0.09442,0.12441,0.16225,0.04038,649.608060928246
"2026-03-01","594784",,"Tex-RO Plastic Container Set","4 pcs","Kitchen & Dining Needs","Texro",,,499,1299,,12.48114,61.585835257890686,0.00007687712080284687,0.00005,,,,124.75
"2026-03-01","615626",,"DeliBohemi Glass Container for Storage","1 pc","Kitchen & Dining Needs","DeliBohemi",,,223.07380905700006,899,,54.42839,75.42549581128796,0.23372190149493433,0.09864,0.04019,0.05828,0,220.8059848406887
"2026-03-01","566815",,"Schott Zwiesel Wheat Beer Bavaria Crystal Glass Set (Tritan)","4 pcs","Kitchen & Dining Needs","schott zwiesel",,,2920,4500,,52.70318,35.111111111111114,0.002796338689710943,0.00312,0.00119,0.00172,0,730
"2026-03-01","496181",,"Ocean Unity Water Glass","6 pcs","Kitchen & Dining Needs","O'cean",,,649,839.9375003225806,,4.05664,22.732346186382973,0.0001397281618287309,0.0002,0.00022,0.00032,0,108.16666666666667
"2026-03-01","578142",,"Travalate Polyester Insulated Lunch Bag (Black)","1 pc","Kitchen & Dining Needs","Travalate",,,377.03225806451616,1299,,35.8948,70.95688115775594,0.03353937324159673,0.01672,0.05023,0.00332,0.15442,376.135781463052
"2026-03-01","426330",,"Vinod Platinum Fry Pan (Stainless Steel)","1 pc","Kitchen & Dining Needs","Vinod",,,2079.0843780228665,2777.304456397849,,29.62042,25.14397856226881,0.005920365130344795,0.0076,0.00374,0.00542,0,2080.0843429349334
"2026-03-01","571890",,"Pieces and Accents Marble Square Coaster Set (White)","4 pcs","Kitchen & Dining Needs","pieces and accents",,,349,699,,1.50778,50.07153075822604,0,0,,,,349
"2026-03-01","718633",,"HomeEssentials Glass Elegant Multi-Dome Serving Tray with Wooden Base (Brown)","1 pc","Kitchen & Dining Needs","HomeEssentials",,,2115.1290322580644,4999,,2.98738,57.68895714626796,0.000295849615101086,0.00024,,,,2393.812339322527
"2026-03-01","603514",,"Irida Naturals Rice Husk & Coffee Husk Travel Mug (Coffee Brown, 250 ml)","1 pc","Kitchen & Dining Needs","Irida Naturals",,,299,699,,76.56336,57.224606580829764,0.044072022780111714,0.03245,0.096,0.045,0.20929,299
"2026-03-01","507242",,"Ocean Lexington White Wine Glass","6 pcs","Kitchen & Dining Needs","O'cean",,,1407.4580913978496,1517,,13.14945,7.220956400932792,0,0,0.00004,0.00006,0,234.57634856630824
"2026-03-01","606439",,"Cutting EDGE Lumina Borosilicate Glass Bowl (2.65 L)","1 pc","Kitchen & Dining Needs","Cutting Edge",,,549,845,,29.93845,35.02958579881657,0.02262589202361049,0.02531,0.03131,0.00634,0.08678,549
"2026-03-01","392619",,"Borosil Borosilicate Glass Klip N Store Lunch Box","1 pc","Kitchen & Dining Needs","Borosil",,,851.8657732691847,1444.6109959274195,,76.35796,40.942464667927126,0.27509267370650253,0.27915,0.16913,0.23037,0.0331,852.836017709898
"2026-03-01","546513",,"Solara Insulated Tumbler (Bezel)","1 pc","Kitchen & Dining Needs","Solara",,,1685.8295390060064,3499,,29.83004,51.82807176978936,0.017191733491830938,0.01441,0.01092,0.01584,0,1677.155018007616
"2026-03-01","569175",,"The Indus Valley Premium Tawa with Double Handles (Iron)","1 unit","Kitchen & Dining Needs","The Indus Valley",,,1380.7341778673833,2358.0288514919353,,42.32875,41.4543236091009,0.03943531452841698,0.03987,0.00774,0.00142,0.02178,1379.7970212950668
"2026-03-01","662976",,"HAZEL Steel Tea & Coffee Pot with Handle & Lid, 400 ml","1 pc","Kitchen & Dining Needs","Hazel",,,333.7580190519539,749,,1.4847,55.37473657413132,0.006587545087458095,0.00514,0.00152,0.00218,0.00005,339.63788174079804
"2026-03-01","605438",,"Cutting EDGE Silicone Brush Set for Cooking (Colour May Vary)","2 pcs","Kitchen & Dining Needs","Cutting Edge",,,216.25685483870967,500,,53.58956,56.788600890456024,0.04911892231452121,0.03636,0.00946,0.01049,0.00718,107.99160298662748
"2026-03-01","607188",,"Nestasia Ceramic Soup Bowl Set (White, 400 ml, 4 pcs)","8 pcs","Kitchen & Dining Needs","Nestasia",,,1075.2002479886062,1710,,61.1594,37.162521225074414,0.1047975577131355,0.11341,0.15858,0.12017,0.24389,268.63854636201665
"2026-03-01","545141",,"Cello H2O Steel Wall Bottle","1 ltr","Kitchen & Dining Needs","Cello",,,349.2386102059863,535,,76.14627,34.702581554161256,0.2367746431370541,0.26599,0.3816,0.4664,0.19322,34.93410430224548
"2026-03-01","596482",,"Basil Insulated Unicorn Thermal Bottle","1 pc","Kitchen & Dining Needs","Basil",,,899,1399,,0.80352,35.7398141529664,0,0,,,,899
"2026-03-01","110274",,"Scotch Brite Premium Cotton Kitchen Towel","3 pcs","Kitchen & Dining Needs","Scotch brite",,,168.83817650228585,179.80857374999997,,90.52886,6.100146217401248,0.11106958791146394,0.17953,0.2079,0.3015,0,56.26800261246937
"2026-03-01","627672",,"Peepul Tree Spice Box (Brass)","1 set","Kitchen & Dining Needs","Peepul Tree",,,2170.287285770922,4299,,73.10181,49.509467108189696,0.06885700891901546,0.05985,0.03419,0.00192,0.10589,2171.603636389163
"2026-03-01","607983",,"FunBlast Stainless Steel, Plastic Lunch Box","1 pc","Kitchen & Dining Needs","FunBlast",,,734,999,,37.6179,26.526526526526517,0.0019587313881340405,0.00248,0.00028,0.0004,0,733.9999999999999
"2026-03-01","566354",,"Judge by Prestige 3 ltr ACE Pressure Cooker (Aluminium)","1 unit","Kitchen & Dining Needs","Judge",,,1072.9369085693468,1431.8382397177418,,47.04726,25.104895287487416,0.1898731549075233,0.24899,0.14549,0.11493,0.21337,1073.572068251496
"2026-03-01","622114",,"Metalux Pressure Cooker (Stainless Steel)","1 unit","Kitchen & Dining Needs","Metalux",,,1499,2695,,49.87667,44.37847866419295,0.0020399391942270096,0.00195,,,,1499.0000000000002
"2026-03-01","738015",,"Habere India Cane Floral Serving Tray (Multicolour)","1 pc","Kitchen & Dining Needs","Habere India",,,1499,3499,,23.94098,57.15918833952558,0.0012424619272545074,0.00092,0.00358,0.00026,0.01097,1498.9999999999998
"2026-03-01","569339",,"ExclusiveLane Hand-Etched Spice Box (Peacock Design) (Brass)","1 pc","Kitchen & Dining Needs","ExclusiveLane",,,2999,5675,,4.26502,47.15418502202643,0.0005037848274320508,0.00046,,,,2999
"2026-03-01","626010",,"Shalimar Pressfit Zip Lock Bag Large (Plastic)","15 pcs","Kitchen & Dining Needs","Shalimar",,,179,203,,0.70997,11.822660098522167,0.00003604187621269912,0.00005,,,,11.933333333333335
"2026-03-01","569594",,"Corength by Decathlon Bodybuilding Gallon Water Bottle","1 pc","Kitchen & Dining Needs","Corength by Decathlon",,,959.4152409329567,1149,,76.42244,16.506552514056157,0.04229957974703462,0.06079,0.00096,0.00139,0,959.2458390117034
"2026-03-01","452789",,"Alina PVC Abstract Table Cover (White)","1 pc","Kitchen & Dining Needs","alina",,,599,599,,36.00173,0,0.0006026484496938847,0.00104,0.00117,0.0017,0,599
"2026-03-01","559046",,"Chumbak M Alphabet Mug (Ceramic)","1 pc","Kitchen & Dining Needs","Chumbak",,,631.5687390911905,695,,66.00882,9.178703711620336,0.0915109598489018,0.14246,0.19891,0.19565,0.20615,210.38212819539592
"2026-03-01","578565",,"Embassy 6 pcs Dinner Y Glass Set (Stainless Steel)","6 pcs","Kitchen & Dining Needs","Embassy",,,599,718.6143497757847,,20.30546,16.68246010608382,0.002770166202392444,0.00392,0.00037,0.00054,0,99.83333333333331
"2026-03-01","496406",,"Vinayak Allure Glass","1 pc","Kitchen & Dining Needs","Vinayak",,,92.14277961437507,129,,62.63469,27.609441823413764,0.01252161245492779,0.01553,0.02159,0.03132,0,93.73690477439298
"2026-03-01","711241",,"Jensons Stainless Steel Dinner Plate Set (Silver)","4 pcs","Kitchen & Dining Needs","Jensons",,,457.84483870967745,999,,16.3497,54.30601626777286,0.0032769682348843636,0.00254,0.01606,0.00041,0.0508,112.25371147324547
"2026-03-01","532430",,"Wonderchef Galaxy Kadai With Glass Lid (Aluminium)","1 pc","Kitchen & Dining Needs","Wonderchef",,,1204.4665869359114,1799.947002580645,,53.25788,33.10275416127952,0.027458980661079664,0.03147,0.00438,0.00635,0,1198.6196911359793
"2026-03-01","565910",,"Milton Charge 1000 Copper Bottle","850 ml","Kitchen & Dining Needs","Milton",,,874.3058225272188,1166.1417419327731,,21.98516,26.26988099434812,0.11378976853889222,0.14174,0.03517,0.02039,0.06801,873.0924073968068
"2026-03-01","507831",,"Larah by Borosil Waves Opalware Mug Set (Opalware)","1 pc","Kitchen & Dining Needs","Larah by Borosil",,,228.93398840423123,264.8338806451613,,66.17818,13.534560978623318,0.017269475613401804,0.0257,0.1029,0.11761,0.07022,228.5875639439806
"2026-03-01","562383",,"Happy Kitchen Medium Strainer (Stainless Steel)","1 pc","Kitchen & Dining Needs","Happy Kitchen",,,162.91896909136148,282.97918758064526,,71.18673,42.92246324133809,0.1840157844523631,0.18071,0.09217,0.13366,0,161.50508642513796
"2026-03-01","566640",,"Cello Glass Ornella Toughened Mixing Bowl Set (Transparent)","3 pcs","Kitchen & Dining Needs","Cello",,,749.0190972049921,799,,64.13137,6.2529215344971725,0.0527298845323234,0.0851,0.03766,0.04316,0.02544,749.0468511791236
"2026-03-01","568166",,"Larah by Borosil Opalware Red Lily Mixing Bowl Set (White)","3 pcs","Kitchen & Dining Needs","Larah by Borosil",,,837.6158125073853,1100,,34.89838,23.86495902297333,0.013737440809684292,0.01791,0.00188,0.00273,0,278.6744758861648
"2026-03-01","718568",,"Habere India Round Serving Tray (Teal & White)","1 pc","Kitchen & Dining Needs","Habere India",,,1599,3199,,4.22773,50.01562988433886,0.0006058318371673142,0.00052,0.00043,0,0.00138,1599.0000000000002
"2026-03-01","570641",,"P-TAL Copper Bottle (Rose Gold, 850 ml)","1 pc","Kitchen & Dining Needs","P-Tal",,,2750,2750,,1.37036,0,0.00040687473625611477,0.0007,,,,2750
"2026-03-01","610511",,"New Dawn Stainless Steel Chopping Board","1 pc","Kitchen & Dining Needs","New Dawn",,,749,2000,,12.4269,62.55,0.0003550908048101953,0.00023,0.00002,0.00003,0,749
"2026-03-01","623964",,"The Indus Valley Fry Pan (Stainless Steel)","1 pc","Kitchen & Dining Needs","The Indus Valley",,,843,1409.825292701613,,42.666,40.20549450877596,0.056286785622487,0.05795,0.04843,0.06672,0.00778,56.19999999999999
"2026-03-01","559247",,"Nestasia Stainless Steel Cake Knife & Server Set (2 pcs, Marble, Silver)","2 pcs","Kitchen & Dining Needs","Nestasia",,,1315.88808,2160,,15.20773,39.07925555555556,0.006786977654719202,0.0071,0.00023,0.00033,0,658.7092776683959
"2026-03-01","712944",,"Gluman Plastic Mixing Bowl Set (Multi Color)","4 pcs","Kitchen & Dining Needs","Gluman",,,329,386,,31.30891,14.766839378238325,0.004042276066479805,0.00593,0.00227,0.00329,0,82.25000000000001
"2026-03-01","620551",,"ExclusiveLane Coffee Mug with Coaster & Spoon (Ceramic)","1 set","Kitchen & Dining Needs","ExclusiveLane",,,599.175294117647,999,,37.85699,40.02293455379256,0.00872156625356019,0.009,0.0709,0.02167,0.18026,599.0620216770802
"2026-03-01","650675",,"Larah by Borosil Opalware 7"" Golden Lush Serving Bowl (White)","1 pc","Kitchen & Dining Needs","Larah",,,231.33147666992593,290,,67.34511,20.245756904585935,0.01479385957195997,0.0203,0.00784,0.01041,0.00212,231.24111255743637
"2026-03-01","711798",,"Cello Melamine Oceana Multipurpose Serving Platter (Black)","2 pcs","Kitchen & Dining Needs","Cello",,,219.00215832991847,252,,62.51196,13.09360569038087,0.005358946075837323,0.00802,0.00826,0.01198,0,109.50489992915395
"2026-03-01","599051",,"Kuber Industries Leather Leaf Design Table Runner (Golden)","1 pc","Kitchen & Dining Needs","Kuber Industries",,,283,599,,0.03941,52.75459098497496,0,0,,,,283
"2026-03-01","606610",,"New Dawn Plastic kitchen Storage Box","2 pcs","Kitchen & Dining Needs","New Dawn",,,549,1000,,13.59373,45.1,0.0010652715267040177,0.00101,,,,549
"2026-03-01","705877",,"ExclusiveLane Ceramic Forest Canopy Serving Bowl Set (Forest Green & Earthy Brown)","2 pcs","Kitchen & Dining Needs","ExclusiveLane",,,775,1699,,19.72728,54.38493231312537,0.0005530238243523629,0.00043,0.00065,0.00026,0.00151,387.5
"2026-03-01","613789",,"Cutting Edge Plastic Slim Storage Container Set","6 pcs","Kitchen & Dining Needs","Cutting Edge",,,349,545,,49.1677,35.96330275229357,0.08123753978418871,0.08955,0.01839,0.0211,0.01238,58.16666666666667
"2026-03-01","631415",,"Yellocut Spice Box (Plastic)","1 pc","Kitchen & Dining Needs","Yellocut",,,349,499,,31.49297,30.060120240480963,0.0015423597530517265,0.00186,0.00047,0.00068,0,349.00000000000006
"2026-03-01","607151",,"Nestasia Thermox Insulated Steel Flask","1 pc","Kitchen & Dining Needs","Nestasia",,,856.1428571428571,1350,,0.00155,36.58201058201058,0.00047937234680759023,0.00053,,,,868.9298634182353
"2026-03-01","574406",,"Vesta Homes Wood Alfa 360 Rotating Cake Stand (Brown)","1 pc","Kitchen & Dining Needs","Vesta Homes",,,799,1886.5298195564517,,65.78407,57.626234684256154,0.10027434335018184,0.07292,0.02815,0.04083,0,799
"2026-03-01","732887",,"ExclusiveLane Wood Hand-Painted Bowl (Brown)","3 pcs","Kitchen & Dining Needs","ExclusiveLane",,,1599,2415,,11.47309,33.7888198757764,0,0,0.00023,0.00002,0.00067,53300
"2026-03-01","486238",,"Wonderchef Tadka Pan (Aluminium)","1 pc","Kitchen & Dining Needs","Wonderchef",,,278.1698074330687,394.97983717741937,,75.72423,29.993031645752023,0.033581694185371366,0.04075,0.12236,0.17745,0,277.3426922879203
"2026-03-01","545185",,"Ocean Lumi Borosilicate Glass Bottle","1 pc","Kitchen & Dining Needs","O'cean",,,319.08134516560483,425,,58.33768,24.902239209463502,0.04970336207193957,0.06426,0.09099,0.13196,0,319.1849673827776
"2026-03-01","712904",,"Two Moustaches Kissing Swan Pair Design Tray Set (Multicolour)","2 pcs","Kitchen & Dining Needs","Two Moustaches",,,595,1599,,4.60353,62.78924327704816,0.0003501371130145365,0.00022,0,0,0.00001,297.5
"2026-03-01","573140",,"Nestroots Tissue Paper Holder (Wood)","1 pc","Kitchen & Dining Needs","Nestroots",,,699,2790,,0.64135,74.94623655913979,0.00016511714167816995,0.00007,0,0,0,699
"2026-03-01","762105",,"Jaypee Plus Stainless Steel Sip & Savour Soup Bowl & Sipper (White)","2 pcs","Kitchen & Dining Needs","Jaypee Plus",,,429,610,,15.88752,29.672131147540984,0.0002346556044873335,0.00028,0.00023,0.00033,0,429.00000000000006
"2026-03-01","668395",,"Shri & Sam Stainless Steel Double Walled Hot-Pot Casserole Set (Silver)","3 pcs","Kitchen & Dining Needs","Shri & Sam",,,1449,1500,,12.45772,3.4,0.0001775453136324408,0.0003,,,,483
"2026-03-01","697967",,"Unify Stainless Steel Insulated Casserole with Lid 2.2 L (Silver)","1 pc","Kitchen & Dining Needs","Unify",,,1299,2329,,54.14579,44.22498926577931,0.009992988129557224,0.00959,0.01058,0.00312,0.02715,1299
"2026-03-01","528893",,"Fackelmann Quartz Kadai with Glass Lid - 26 cm (Aluminium)","1 pc","Kitchen & Dining Needs","Fackelmann",,,1163.771052949087,2306.2073314919353,,61.30198,58.86540699453212,0.23979094733200243,0.15743,0.02696,0.0391,0,878.6641097384706
"2026-03-01","428156",,"Prestige Omega Select Plus 12 Pits Paniyarakal (Aluminium)","1 pc","Kitchen & Dining Needs","Prestige",,,1171.883198595515,1514.7151823333331,,50.26691,21.508940346034557,0.10259300347537723,0.14086,0.19093,0.23171,0.10034,1195.862118749058
"2026-03-01","639107",,"Bloomingdale Stainless Steel Reusable Straw with Cleaner","5 pcs","Kitchen & Dining Needs","Bloomingdale",,,117.18339407695291,349,,13.53562,66.48118809004711,0.025735910138998737,0.01488,0.11094,0.16088,0,116.90187114833005
"2026-03-01","598963",,"Pasabahce Allegra Red Wine Glass","2 pcs","Kitchen & Dining Needs","Pasabahce",,,699,768,,7.7873,8.984375,0.00027270960173942906,0.00043,,,,349.5
"2026-03-01","615115",,"Femora Glass Pure Flow Oil Dispenser","1000 ml","Kitchen & Dining Needs","Femora",,,,,,0,,0,0,,,,
"2026-03-01","559878",,"House of Quirk Tumbler with Handle (Raspberry)","1 pc","Kitchen & Dining Needs","House of Quirk",,,1099,1999,,48.10091,45.022511255627805,0.05200987472432155,0.04922,0.01207,0.0175,0,1099.0000000000005
"2026-03-01","602696",,"Irida Naturals Classic Green Coffee Mug (Rice Husk)","1 pc","Kitchen & Dining Needs","Irida Naturals",,,299,499,,72.99356,40.08016032064129,0.016737033196896338,0.01726,0.11483,0.04836,0.26248,299.00000000000006
"2026-03-01","571899",,"Nautica Iconic Thermal Bottle","1 pc","Kitchen & Dining Needs","Nautica",,,1813.7262680485965,2850,,55.31702,36.36970373833103,0.020938451472614642,0.02273,0.0156,0.01379,0.01963,1796.1611151775571
"2026-03-01","545745",,"Mad Over Print Shot Glass","6 pcs","Kitchen & Dining Needs","Mad Over Print",,,308.9985940510022,599,,49.09868,48.41424722907077,0.008646999885014267,0.00768,0.00608,0.00882,0,51.49964828706796
"2026-03-01","496182",,"Ocean Playboy Beer Mug Set (Glass)","6 pcs","Kitchen & Dining Needs","O'cean",,,1249,1329,,15.59105,6.019563581640331,0.0005505680175741989,0.00089,0.00003,0.00004,0,208.16666666666666
"2026-03-01","543210",,"Amaya Decors Iron Peacock Tray Set (Golden)","2 pcs","Kitchen & Dining Needs","Amaya Decors",,,1299.617822035088,1799,,41.54327,27.758825770686144,0.00571624376889597,0.0071,0.00052,0.00075,0,649.6701986424724
"2026-03-01","664565",,"Cello Glass Zenith Round Serving Bowl (Transparent)","1 pc","Kitchen & Dining Needs","Cello",,,159.03154141324794,175,,66.90597,9.135747927967788,0.1281527300732991,0.20043,0.32407,0.45768,0.02727,15.901244414238805
"2026-03-01","607110",,"Cutting Edge Swing Glass Bottle - 3 pcs","3 pcs","Kitchen & Dining Needs","Cutting Edge",,,599,750,,33.23817,20.13333333333333,0.024279862974897547,0.03338,0.01543,0.01338,0.01998,199.66666666666663
"2026-03-01","742297",,"Kavi The Poetry-Art Project Cork Coasters (Brown)","10 pcs","Kitchen & Dining Needs","Kavi The Poetry-Art Project",,,599,750,,67.0082,20.133333333333333,0.0036265849625846443,0.00499,0.00575,0.00033,0.01778,599
"2026-03-01","544836",,"Nayasa Ice Tray Set without Lid (Blue) (Plastic)","2 pcs","Kitchen & Dining Needs","Nayasa",,,210.05947312593804,235.3390725423729,,9.93977,10.751560654166447,0.002663073177298433,0.00407,0.00045,0.00066,0,103.81762743399361
"2026-03-01","567712",,"Nestasia Ceramic Stacking Cup Set (220 ml, Navy Blue)","4 pcs","Kitchen & Dining Needs","Nestasia",,,740.7959990027122,1170,,34.00467,36.69073978911137,0.012279990149878831,0.01338,0.11025,0.01617,0.31921,185.18533727459925
"2026-03-01","596726",,"FunBlast Stainless Steel, Plastic Lunch Box for Kids","1 pc","Kitchen & Dining Needs","FunBlast",,,734,999,,11.66799,26.526526526526524,0.0009264509765185758,0.00117,0.00001,0.00001,0,734.0000000000001
"2026-03-01","572147",,"Fabindia Scorpio Zodiac Mug (Ceramic)","1 pc","Kitchen & Dining Needs","Fabindia",,,,,,0,,0,0,,,,
"2026-03-01","614985",,"Femora Floral Block Print Tea Cup Set (Ceramic)","6 pcs","Kitchen & Dining Needs","Femora",,,666.6923351273442,850,,76.75126,21.58929562647843,0.10420534715243006,0.14107,0.31821,0.33245,0.28658,666.6320263293787
"2026-03-01","526348",,"Nayasa Plastic Microfresh Lunch Box","1 set","Kitchen & Dining Needs","Nayasa",,,376.6032039374308,487.7266065322581,,66.10058,23.727277402136878,0.0110371267926702,0.0142,0.09845,0.00275,0.31103,362.11086856022087
"2026-03-01","480972",,"Happy Kitchen Stainless Steel Dessert Spoon Set","6 pcs","Kitchen & Dining Needs","Happy Kitchen",,,274.94567636280806,294.74036524193554,,76.96506,6.825012838069185,0.020621474142736608,0.03309,0.02775,0.04024,0,45.889955855273314
"2026-03-01","613800",,"Cutting Edge Glass Casserole Set (Transparent)","3 pcs","Kitchen & Dining Needs","Cutting Edge",,,1385.5168539325844,2235,,1.91278,38.00819445491793,0.0001322712586561684,0.00014,,,,465.8531412565025
"2026-03-01","559284",,"Nestasia Stainless Steel Gold Floral Dessert Cutlery Set","4 pcs","Kitchen & Dining Needs","Nestasia",,,1112.4365174129355,1800,,17.80382,38.1970664460987,0.00929850436638696,0.00992,0.00101,0.00047,0.00222,1111.1562673556327
"2026-03-01","314329",,"Ocean Madison Wine Glass 22.3 cm","2 pcs","Kitchen & Dining Needs","O'cean",,,598.7485129587744,648.7801983064516,,32.65611,7.630560195098766,0.02737846048798639,0.04364,0.03218,0.04666,0,299.3415043460453
"2026-04-01","541077",,"Ek Do Dhai Mr & Mrs Shot Glass","2 pcs","Kitchen & Dining Needs","EK DO DHAI",,,399,399,,25.94026,0,0.00035138245036664075,0.00061,0.00118,0.00171,0,199.5
"2026-04-01","578941",,"The Better Home DoodlyDoo Copper Bottle","1 pc","Kitchen & Dining Needs","The Better Home",,,899,2999,,0.00023,70.02334111370457,0.00040982472205712556,0.00021,,,,899
"2026-04-01","477762",,"Pasabahce Water Glass Set","6 pcs","Kitchen & Dining Needs","Pasabahce",,,809,918,,0.75365,11.87363834422658,0,0,,,,134.83333333333337
"2026-04-01","582671",,"The Better Home Stainless Steel 304 Grade Container Set","2 pcs","Kitchen & Dining Needs","The Better Home",,,1099,3795,,1.92777,71.04084321475626,0,0,0.00129,0.00004,0.00405,549.5
"2026-04-01","562376",,"Wonderchef Taurus Hard Anodized Outer Lid Pressure Cooker (Aluminium)","3 ltrs","Kitchen & Dining Needs","Wonderchef",,,1666.4607770633295,3500,,45.50703,52.51190100875431,0.0625148799266105,0.05193,0.00829,0.01208,0,1644.4297148089884
"2026-04-01","588423",,"Nike Big Mouth BPA-Free Plastic Bottle","1 pc","Kitchen & Dining Needs","Nike",,,799,799,,0.29985,0,0,0,0.00001,0.00001,0,799
"2026-04-01","570515",,"Tex-RO Stainless Steel, Plastic Kitchen Vegetable Chopper (1.6 ltrs)","1 pc","Kitchen & Dining Needs","Texro",,,499,1799,,0.63134,72.26236798221234,0.00010926235927612775,0.00005,,,,499.00000000000006
"2026-04-01","427629",,"Borosil Borosilicate Glass Square Container Set","1 pc","Kitchen & Dining Needs","Borosil",,,477.91006869945977,574.9522440416666,,73.89993,17.160840600186425,0.2071939562434071,0.30059,0.15287,0.13073,0.20138,476.28799213260464
"2026-04-01","718446",,"Habere India Multipurpose Rectangular Serving Tray (Multicolour)","1 pc","Kitchen & Dining Needs","Habere India",,,1699,2599,,32.09475,34.62870334744132,0.0005777319650459356,0.00066,0,0,0,1699
"2026-04-01","630807",,"ExclusiveLane Spice Box With Spoon (Stainless Steel)","9 pcs","Kitchen & Dining Needs","ExclusiveLane",,,2199,3849,,4.37841,42.868277474668744,0,0,,,,244.33333333333331
"2026-04-01","589473",,"Nestroots Jar Set","3 pcs","Kitchen & Dining Needs","Nestroots",,,1199,3390,,1.4048,64.63126843657817,0.00020589171320420222,0.00013,,,,1199
"2026-04-01","546049",,"Cello Classix Whiskey Glass Set (325 ml)","6 pcs","Kitchen & Dining Needs","Cello",,,489.0275070341374,515.0938111666667,,75.5146,5.089058256723304,0.2067387615513974,0.34269,0.85278,0.31828,2.02387,81.51291707588777
"2026-04-01","611823",,"Yellocut Power Free Hand Blender (Stainless Steel, Plastic)","1 pc","Kitchen & Dining Needs","Yellocut",,,249,399,,50.11848,37.59398496240601,0.0031746798558815017,0.00346,,,,248.99999999999997
"2026-04-01","566640",,"Cello Glass Ornella Toughened Mixing Bowl Set (Transparent)","3 pcs","Kitchen & Dining Needs","Cello",,,748.9737152691876,799,,63.55227,6.257393145729252,0.03725702108470646,0.06096,0.04274,0.04094,0.0467,749.0216903980266
"2026-04-01","572948",,"Vesta Homes Helsinki Acacia Wood Chopping Board (Brown)","1 pc","Kitchen & Dining Needs","Vesta Homes",,,599,999,,68.76428,40.04004004004005,0.03434379692045108,0.03594,0.01612,0.02347,0,599
"2026-04-01","594393",,"Artment Cotton Waffle Weave Kitchen Dish Cloth (Red)","6 pcs","Kitchen & Dining Needs","The Artment",,,563.3515370194764,699,,25.2686,19.35924311778354,0.0025105041639442533,0.00358,0.00059,0.00087,0,96.45027369437858
"2026-04-01","711241",,"Jensons Stainless Steel Dinner Plate Set (Silver)","4 pcs","Kitchen & Dining Needs","Jensons",,,449,999,,20.66215,55.05505505505506,0.0033109956574524377,0.0026,0.00044,0.00065,0,112.25000000000001
"2026-04-01","501036",,"Larah by Borosil Mug Set (Kazak Blue, 2 x 350 ml) (Opalware)","2 pcs","Kitchen & Dining Needs","Larah by Borosil",,,402.97181125006836,473.15750741666676,,30.89391,14.806665519393926,0.01037038150583776,0.01554,0.02893,0.03893,0.00701,201.3591197399485
"2026-04-01","546526",,"Solara Triple Vacuum Insulated Thermal Bottle","1 pc","Kitchen & Dining Needs","Solara",,,1274.6676244710131,2998.0517778602616,,54.94005,57.803012484063544,0.23038670352798252,0.16206,0.08379,0.09153,0.06682,1254.1237942222692
"2026-04-01","735314",,"Arrabi Ceramic Ocean Elegance Serving Platter (Blue & White)","1 pc","Kitchen & Dining Needs","Arrabi",,,699,3329,,54.28107,79.00270351456894,0.032515550478194856,0.01192,0.00148,0.00216,0,698.9999999999999
"2026-04-01","553237",,"Prestige Nakshatra Essential Svachh Pressure Cooker (Hard Anodised)","1 unit","Kitchen & Dining Needs","Prestige",,,2134.467778108409,2597.46934625,,66.76262,17.71197526641781,0.0832540982038218,0.12087,0.04337,0.05204,0.02437,2140.111635077574
"2026-04-01","622106",,"ExclusiveLane Deer & Floral Tea Cup Set (Ceramic)","6 pcs","Kitchen & Dining Needs","ExclusiveLane",,,849,1825,,49.00152,53.479452054794514,0.029920447049140503,0.02429,0.09778,0.08653,0.12245,141.49999999999997
"2026-04-01","559247",,"Nestasia Stainless Steel Cake Knife & Server Set (2 pcs, Marble, Silver)","2 pcs","Kitchen & Dining Needs","Nestasia",,,1302.9370000000001,2160,,6.95683,39.678842592592595,0.001399116183497724,0.00146,0.00013,0.00019,0,648.2368638080944
"2026-04-01","500872",,"Homez it Cotton Fridge Bag (Medium) (Cotton)","4 pcs","Kitchen & Dining Needs","Homez it",,,269,279,,0.54621,3.5842293906810037,0,0,,,,67.25
"2026-04-01","559990",,"Nautica Active Hydrate Gift Box (Purple)","3 pcs","Kitchen & Dining Needs","Nautica",,,2109.1380350477784,3999,,56.3843,47.239145369800426,0.015674507337837082,0.01427,0.00425,0.00618,0,731.9680701393293
"2026-04-01","532593",,"Larah by Borosil Dreamer Mug Set (Opalware)","6 pcs","Kitchen & Dining Needs","Larah by Borosil",,,413.1327103981993,500.05366787500003,,27.0376,17.339419491379388,0.023624383409468205,0.03393,0.41663,0.07129,1.17327,69.53798687044898
"2026-04-01","569339",,"ExclusiveLane Hand-Etched Spice Box (Peacock Design) (Brass)","1 pc","Kitchen & Dining Needs","ExclusiveLane",,,2999,5675,,9.36651,47.15418502202643,0.0022162360748204588,0.00204,,,,2999.0000000000005
"2026-04-01","709805",,"Selvel Steel Casserole Set (Mint Green)","1 set","Kitchen & Dining Needs","Selvel",,,2099,3856,,78.40373,45.56535269709544,0.011539362318004016,0.01096,0.00438,0.00638,0,2099.000000000001
"2026-04-01","607857",,"Cutting Edge Plastic Kitchen Storage Container Set","6 pcs","Kitchen & Dining Needs","Cutting Edge",,,549,1350,,47.36876,59.33333333333333,0.061817749899436995,0.04388,0.03853,0.04921,0.01512,91.5
"2026-04-01","627672",,"Peepul Tree Spice Box (Brass)","1 set","Kitchen & Dining Needs","Peepul Tree",,,2734.713428959908,4299,,74.0094,36.534815155287426,0.039068052975483186,0.04223,0.02659,0.00152,0.08151,2663.5176139256673
"2026-04-01","707514",,"HAZEL Stainless Steel Fork Set","6 pieces","Kitchen & Dining Needs","Hazel",,,134.4301381336358,319,,57.50231,57.76001370799159,0.08690795148368893,0.06413,0.04415,0.05053,0.03017,22.4601748901369
"2026-04-01","582608",,"HAZEL Christmas Baking Silicone Mould - Green (Silicone)","1 pc","Kitchen & Dining Needs","Hazel",,,,,,0,,0,0,,,,
"2026-04-01","692911",,"HomeCloud Stainless Steel Different Shapes Dessert Spoon Set","4 pcs","Kitchen & Dining Needs","HomeCloud",,,299,799,,21.83097,62.57822277847309,0.0008895043116881507,0.00058,0.00018,0.00026,0,74.75
"2026-04-01","728145",,"Jaypee Stainless Steel Luxura Klass Casserole with Glass Lid (Black)","1 pc","Kitchen & Dining Needs","Jaypee",,,769,1107,,44.67052,30.53297199638662,0.0042283252320523285,0.00513,0.00141,0.00206,0,769
"2026-04-01","624229",,"Milton Stainless Steel Casserole Set (Ivory)","3 pcs","Kitchen & Dining Needs","Milton",,,969.0106612480116,1200,,43.80655,19.247443169980183,0.11643707746302255,0.16412,0.0361,0.04547,0.01558,969.0352216481516
"2026-04-01","607842",,"Cutting EDGE Rectangle Glass Lunch Box Set","3 pcs","Kitchen & Dining Needs","Cutting Edge",,,899,1875,,23.77345,52.053333333333335,0.02481028305430817,0.02076,0.01661,0.0053,0.04138,299.6666666666667
"2026-04-01","602696",,"Irida Naturals Classic Green Coffee Mug (Rice Husk)","1 pc","Kitchen & Dining Needs","Irida Naturals",,,299,499,,63.898,40.08016032064129,0.011056284786284901,0.01156,0.08905,0.02171,0.23658,298.99999999999994
"2026-04-01","694283",,"Femora Ceramic Bowl Set (Green)","2 units","Kitchen & Dining Needs","Femora",,,261.09089953417936,430,,61.88245,39.21277441293405,0.023197985679933537,0.02457,0.01524,0.01711,0.01115,130.7174483732942
"2026-04-01","662423",,"HAZEL Stainless Steel Mixing Bowl, 1500 ml","1 pc","Kitchen & Dining Needs","Hazel",,,226.22037609589444,749,,60.88626,69.75530809765739,0.17518555130938468,0.09292,0.05758,0.08386,0,226.53785646104186
"2026-04-01","606403",,"Speedex Vacuum Insulated Printed Thermal Bottle","1 pc","Kitchen & Dining Needs","Speedex",,,1045,1045,,0.00559,0,0,0,,,,1045
"2026-04-01","714652",,"HAZEL Stainless Steel Serving Pot (Silver)","1 pc","Kitchen & Dining Needs","Hazel",,,307,749,,0.50597,59.012016021361816,0.00018196235879841972,0.00013,0.00018,0.00026,0,306.99999999999994
"2026-04-01","711815",,"Cello Melamine Earthen Series Dinner Set (Black)","6 pcs","Kitchen & Dining Needs","Cello",,,999,1264,,47.93841,20.965189873417717,0.015360334439582946,0.02119,0.0086,0.01253,0,999.0000000000002
"2026-04-01","568053",,"The Earth Store Glam Studio Coffee Mug Set (Ceramic)","2 pcs","Kitchen & Dining Needs","The Earth Store",,,444.3166361640066,849,,60.24377,48.16771785318688,0.02829751764534206,0.02576,0.05146,0.0079,0.14692,433.0199688226915
"2026-04-01","603355",,"Umai Insulated Printed Steel Wall Bottle","1 pc","Kitchen & Dining Needs","Umai",,,1349,2795,,0.57002,51.735241502683365,0,0,0,0,0,1349
"2026-04-01","571810",,"House of Quirk Insulated Tumbler with Handle (Neon Pink)","1 pc","Kitchen & Dining Needs","House of Quirk",,,1499,1999,,33.70693,25.012506253126563,0.0026200117712256673,0.00343,0.00172,0.00251,0,1498.9999999999998
"2026-04-01","602090",,"Irida Naturals Rice Husk Curry & Snack Bowl (Multicolour)","4 pcs","Kitchen & Dining Needs","Irida Naturals",,,399,599,,52.25298,33.3889816360601,0.018151293909565783,0.0211,0.07281,0.00875,0.21318,99.74999999999997
"2026-04-01","625038",,"Melii Spin Baby Food Container (177 ml, Multicolour)","1 pc","Kitchen & Dining Needs","Melii",,,725.9666666666667,899,,24.35998,19.24915033528131,0.0038941301846118397,0.00551,0.00121,0.00091,0.00186,728.755538357097
"2026-04-01","566511",,"Judge by Prestige Ace 3 Pcs Non-Stick Cookware Set (Aluminium)","3 pcs","Kitchen & Dining Needs","Judge",,,1168.6177458704353,2173.352262375,,51.07125,46.39465563240618,0.07980280009817464,0.07437,0.01265,0.01387,0.00996,387.1715410155571
"2026-04-01","588102",,"The Indus Valley Preseasoned Fry Pan (Iron)","1 pc","Kitchen & Dining Needs","The Indus Valley",,,788.9981666666666,1310.9665290833332,,25.81758,39.81456939057676,0.012911573374122461,0.01352,0.01134,0.01297,0.00776,788.9897224679063
"2026-04-01","532905",,"Swastika Indian Wooden Belan - Roti Maker (Wood)","1 pc","Kitchen & Dining Needs","Swastika",,,99.92211384859303,250,,57.37413,60.15361774681763,0.2286743467895019,0.15877,0.04448,0.06478,0,99.616086028835
"2026-04-01","767516",,"Dancing Panda Ceramic Bohemian Mandala Bowl Set (Multicolour)","6 pcs","Kitchen & Dining Needs","Dancing Panda",,,1149,2089,,9.34256,44.99760651029201,0.0005709395427658122,0.00055,0.00001,0,0.00002,1149
"2026-04-01","566288",,"The Artment Crystal Frost Whiskey Glass Set with Ice Bucket","7 pcs","Kitchen & Dining Needs","The Artment",,,1299,1625,,25.41201,20.061538461538454,0.013765026411238668,0.01921,0.01994,0.02687,0.00474,185.57142857142856
"2026-04-01","725756",,"Nestroots MDF Serving Tray with Golden Handle (Black)","1 pc","Kitchen & Dining Needs","Nestroots",,,902.3333333333334,3190,,19.53413,71.71368861024034,0.002927482438702362,0.00144,0.00025,0.00018,0.0004,899.0062154398238
"2026-04-01","595115",,"ExclusiveLane Tea Cups (Ceramic)","6 pcs","Kitchen & Dining Needs","ExclusiveLane",,,949,1825,,35.31787,48,0.004157659369774471,0.00377,0.03052,0.01954,0.05459,158.1666666666667
"2026-04-01","531325",,"Ocean Plaza Glass","6 pcs","Kitchen & Dining Needs","O'cean",,,664.9966440227753,890.7215479047618,,41.54168,25.35003967282566,0.017993998835649668,0.02336,0.00792,0.01153,0,110.8240754636471
"2026-04-01","628587",,"NB Crafted Chopping Board - 12.2"" x 7.87"" (Stainless Steel)","1 pc","Kitchen & Dining Needs","NB Crafted",,,249,1999,,18.12056,87.54377188594297,0.03776808658845227,0.00821,0.00202,0.00277,0.00036,248.99999999999997
"2026-04-01","596734",,"New Dawn Plastic Container Set for Fridge","4 pcs","Kitchen & Dining Needs","New Dawn",,,249,1000,,67.98999,75.1,0.03820761292108712,0.01661,0.08801,0.12819,0,249.00000000000009
"2026-04-01","598518",,"Kuber Industries Leather Leaf Table Runner (Golden)","1 pc","Kitchen & Dining Needs","Kuber Industries",,,284,599,,2.76565,52.587646076794655,0.000036380336902958806,0.00003,,,,284
"2026-04-01","566625",,"Cello Steel Midas Insulated Inner Casserole (Off, White, Green)","1500 ml","Kitchen & Dining Needs","Cello",,,531.8397389055098,720,,60.4672,26.404919490562243,0.11484024401394997,0.14727,0.14898,0.02257,0.42595,35.31223083394114
"2026-04-01","611979",,"Impetus Stainless Steel Protein Gym Shaker (Black)","1 pc","Kitchen & Dining Needs","Impetus",,,649.2759047619048,999,,47.20993,35.0052204320372,0.07057203614871425,0.08002,0.08112,0.11814,0,649.333340216976
"2026-04-01","691074",,"Nayasa Steel Casserole (Brown)","1 pc","Kitchen & Dining Needs","Nayasa",,,808.6248308823529,859,,57.92448,6.444863076795974,0.008116037061363874,0.01275,0.00336,0.0049,0,773.319472063408
"2026-04-01","559284",,"Nestasia Stainless Steel Gold Floral Dessert Cutlery Set","4 pcs","Kitchen & Dining Needs","Nestasia",,,1127.0425974025975,1800,,14.01786,37.38652236652236,0.0025324680724116877,0.00276,0,0,0,1123.9675808980755
"2026-04-01","577213",,"Metro Living Stainless Steel Stainless Steel Dinner Set (Silver)","1 set","Kitchen & Dining Needs","metro living",,,4559,6599,,3.74114,30.913774814365812,0,0,0.00003,0.00004,0,4559
"2026-04-01","697972",,"Unify Stainless Steel Casserole / Hot Pot (Silver)","1 pc","Kitchen & Dining Needs","Unify",,,1469,2269,,12.36162,35.25782282944028,0.0037869558952767033,0.00428,0.00336,0.00227,0.00574,1469.0000000000005
"2026-04-01","624206",,"Treo Glass Cube Storage Jar","6 pcs","Kitchen & Dining Needs","Treo",,,549.7330601590485,694.8772617777778,,23.66744,20.880395922886766,0.04708177552076377,0.06502,0.04778,0.05787,0.02568,91.62694655011394
"2026-04-01","605702",,"Bombay Kookware Greblon Coating Roti Tawa (Aluminium)","1 unit","Kitchen & Dining Needs","Bombay Kookware",,,589,990,,2.74036,40.505050505050505,0,0,,,,589
"2026-04-01","739622",,"Two Moustaches Metal Serving Tray (Multicolour)","2 pcs","Kitchen & Dining Needs","Two Moustaches",,,645,1595,,0.82727,59.56112852664577,0.00009687241547268903,0.00007,,,,645
"2026-04-01","170657",,"Prestige Omega DlxGranite Nonstick Kadai, 24 cm (Granite)","1 unit","Kitchen & Dining Needs","Prestige",,,1370.766416791253,1725.2707077500004,,70.60997,20.686060922507952,0.20096779812431423,0.28114,0.06505,0.08879,0.01304,1365.547835548663
"2026-04-01","620031",,"ExclusiveLane Ceramic Whispers of Warli Bowl Set (Cream)","4 pcs","Kitchen & Dining Needs","ExclusiveLane",,,999,1449,,38.27563,31.055900621118013,0.0028797550997361246,0.00347,0.01408,0.01197,0.01871,249.74999999999997
"2026-04-01","609614",,"Solara Cast Iron Pre Seasoned Appe Pan (Cast Iron)","1 pc","Kitchen & Dining Needs","Solara",,,1022.0035451833138,2499,,53.48614,58.80021042182129,0.16783902177176757,0.11983,0.1362,0.19058,0.01706,1032.3753536804932
"2026-04-01","635696",,"FunBlast Kids Kids Bottle (Polypropylene, Silicone)","1 pc","Kitchen & Dining Needs","FunBlast",,,444,699,,1.04956,36.48068669527897,0,0,,,,444.00000000000006
"2026-04-01","624947",,"Zulaxy Chopping Board - 14.7"" x 9.84"" (Stainless Steel)","1 pc","Kitchen & Dining Needs","Zulaxy",,,699,3399,,0.82265,79.4351279788173,0.00020643832837200104,0.00007,,,,699
"2026-04-01","538648",,"Nayasa Smart Plastic Water Bottle","1 pc","Kitchen & Dining Needs","Nayasa",,,246.088191796002,331.1858894583333,,62.58223,27.010968159952917,0.025784330147539083,0.03215,0.07744,0.032,0.17699,239.35750361209173
"2026-04-01","544636",,"Milton Stainless Steel, Plastic Ernesto Casserole Set (Grey)","3 pcs","Kitchen & Dining Needs","Milton",,,1004.822355621403,2999,,65.16258,66.2938608746465,0.6560384203342554,0.38691,0.08332,0.08694,0.07539,337.12178122456345
"2026-04-01","586724",,"New Dawn Colander for Kitchen (ABS Plastic)","1 pc","Kitchen & Dining Needs","New Dawn",,,310,600,,8.5994,48.33333333333333,0.0015726118377570528,0.00142,0.00006,0.00009,0,310
"2026-04-01","496182",,"Ocean Playboy Beer Mug Set (Glass)","6 pcs","Kitchen & Dining Needs","O'cean",,,1249,1329,,12.67698,6.019563581640331,0.001089677337006842,0.00179,0.00044,0.00064,0,208.16666666666663
"2026-04-01","529059",,"Vinayak Sauce Pan (Stainless Steel)","1 pc","Kitchen & Dining Needs","Vinayak",,,239,500,,2.2574,52.20000000000001,0.010216847690891276,0.00852,0.0285,0.04151,0,239.00000000000003
"2026-04-01","562420",,"Wonderchef Pre-Seasoned Ferro Light Fry Pan (Iron)","1 pc","Kitchen & Dining Needs","Wonderchef",,,1346.197163169571,2378.644996916667,,70.68011,43.403618931884864,0.08194159374027697,0.08203,0.0625,0.09102,0,1347.1042938017295
"2026-04-01","595674",,"Jarsome Mandala Collection Kitchen Container Set","4 pcs","Kitchen & Dining Needs","jarsome",,,1199,1499,,10.76532,20.0133422281521,0.0002731255610485065,0.00038,0.00031,0.00014,0.00068,299.75000000000006
"2026-04-01","597681",,"Indigo Butter Dish with Lid (Stainless Steel)","1 set","Kitchen & Dining Needs","Indigo",,,329,499,,2.86815,34.06813627254509,0,0,0,0,0,329
"2026-04-01","532784",,"Wonderchef Taurus Hard Anodized Large Pressure Cooker (Aluminium)","1 unit","Kitchen & Dining Needs","Wonderchef",,,1846.8856121750891,3953.868865875,,65.80739,53.50335934478547,0.448752742976717,0.37658,0.55675,0.088,1.58378,1848.490470118175
"2026-04-01","709744",,"Selvel Steel Casserole (Dark Grey)","1 pc","Kitchen & Dining Needs","Selvel",,,1299,1856,,87.82498,30.01077586206896,0.004074980181543789,0.00498,0.00524,0.0035,0.00903,1299.0000000000002
"2026-04-01","675967",,"Irida Naturals Rice Husk Square Coaster Set (Soft Beige)","6 pcs","Kitchen & Dining Needs","Irida Naturals",,,349,599,,54.18979,41.736227045075125,0.008666518256039429,0.00881,0.01869,0.00725,0.04376,58.16666666666667
"2026-04-01","533958",,"Peacock Serving Tray Set (Multicolour) - Amaya Decors","2 pcs","Kitchen & Dining Needs","Amaya Decors",,,1200.8813691333144,1499,,41.66915,19.911594803533706,0.013208534089562834,0.01841,0.0049,0.00714,0,1197.287126954289
"2026-04-01","562386",,"Wonderchef Gas Lighter (Stainless Steel)","1 pc","Kitchen & Dining Needs","Wonderchef",,,149.0278504120592,200,,59.41017,25.479826331336017,0.5610852891489942,0.72964,0.46256,0.67368,0,149.04035694566528
"2026-04-01","553257",,"Judge by Prestige 4 Plates Idli Maker (Stainless Steel)","1 pc","Kitchen & Dining Needs","Judge",,,1268.938158701181,1689.8510103750002,,57.69092,25.08864261065828,0.2837432312562565,0.3723,0.23253,0.18979,0.32615,1268.9955434725748
"2026-04-01","572728",,"Femora Stainless Steel Curry Server Bowl (Silver)","1 pc","Kitchen & Dining Needs","Femora",,,471.55895855205216,650,,66.513,27.459571248201886,0.024374364381780773,0.03084,0.00592,0.00862,0,52.384235169038384
"2026-04-01","691381",,"Nayasa Melamine Moon Square Melamine Plate Set (White)","2 pcs","Kitchen & Dining Needs","Nayasa",,,520.8382352941177,649,,64.21156,21.00434906833244,0.0037576239787574543,0.00462,0.00046,0.00066,0,457.5357628177452
"2026-04-01","477077",,"Wholesale Plaza Plain Bamboo Soop / Rice Cleaner / Sieve (Bamboo)","1 pc","Kitchen & Dining Needs","wholesale plaza",,,189,199,,0.50083,5.025125628140704,0,0,,,,189
"2026-04-01","507830",,"Larah by Borosil Polka Opalware Mug Set (Opalware)","1 pc","Kitchen & Dining Needs","Larah by Borosil",,,231.04497256062558,263.14490766666665,,72.88186,12.360849237099925,0.05730893838648658,0.08762,0.21333,0.30422,0.01419,23138.411667782966
"2026-04-01","428950",,"Polyset Colander (Plastic)","1 pc","Kitchen & Dining Needs","Polyset",,,86,129,,1.65203,33.333333333333336,0.000019587043512789154,0.00002,0,0,0,86
"2026-04-01","617815",,"New Dawn Plastic Eggs Storage Box","1 pc","Kitchen & Dining Needs","New Dawn",,,899,1200,,2.90739,25.083333333333332,0.0003352573029165771,0.00044,,,,899
"2026-04-01","532131",,"Full Houz Bag - Big (Jute)","1 pc","Kitchen & Dining Needs","fullhouz",,,169.00166666666667,399,,76.383,57.64385503374471,0.043996660199971616,0.03253,0.01954,0.02847,0,169.00101897629978
"2026-04-01","569607",,"QUECHUA By Decathlon Plastic Water Bottle (750 ml, Blue)","1 pc","Kitchen & Dining Needs","Quechua By Decathlon",,,184.40321661979505,299,,84.58808,38.255978571744954,0.09744669738500085,0.10571,0.0813,0.1184,0,184.61338103095753
"2026-04-01","633693",,"Sipologie Inspire Teapot with Infuser - Transparent, 400 m","1 pc","Kitchen & Dining Needs","Sipologie",,,720.001375,1399,,49.21699,48.53458127073542,0.04615046189032609,0.04146,0.0331,0.03497,0.029,720.0020226738264
"2026-04-01","480967",,"Fackelmann Gas Lighter - Piezo (Stainless Steel)","1 pc","Kitchen & Dining Needs","Fackelmann",,,159,159,,0.16363,0,0.000009656867964444884,0.00002,,,,159
"2026-04-01","718590",,"CutTales Stainless Steel 2 Section Plate Set (Silver)","2 pcs","Kitchen & Dining Needs","CutTales",,,389,999,,55.2711,61.06106106106106,0.024577090282138142,0.0167,0.0156,0.02098,0.0038,194.5
"2026-04-01","534361",,"The Artment Minimal Tea Cup Set (Glass)","6 pcs","Kitchen & Dining Needs","The Artment",,,974.7585749214056,999,,42.10794,2.4145241918078115,0.004766571721632097,0.00814,0.01789,0.02605,0,161.59516782632224
"2026-04-01","568055",,"The Earth Store Tritone Fringe Cup Set (Ceramic)","6 pcs","Kitchen & Dining Needs","The Earth Store",,,468.6046393397768,1299,,35.6627,63.786247603286455,0.13215343839543778,0.08328,0.10843,0.04828,0.24021,78.42963087334317
"2026-04-01","499020",,"Homez it Coffee Mug (Ceramic)","1 pc","Kitchen & Dining Needs","Homez it",,,108.83783783783784,149,,1.41388,26.954471249773263,0.00002714855333400543,0.00004,0,0,0,110.29257880434781
"2026-04-01","500881",,"Ocean Scirocco Rock Whiskey Glass Set","6 pcs","Kitchen & Dining Needs","O'cean",,,699.820987654321,793.6543209876543,,0.59078,11.822947453566872,0.00012183450813549936,0.00019,0,0,0,708.6867990696394
"2026-04-01","572083",,"Homestrap Anti Slip Placemat (EVA)","1 pc","Kitchen & Dining Needs","Homestrap",,,439.36341057722444,799.0008763333334,,67.3405,45.541399979344504,0.11766176911088583,0.11172,0.06666,0.04328,0.1179,434.7560547280995
"2026-04-01","565196",,"Pasabahce Penguen Mug Set (Glass)","4 pcs","Kitchen & Dining Needs","Pasabahce",,,850.0957494733916,999,,47.01357,14.90556570561896,0.003147175091663147,0.00467,0.0001,0.00015,0,212.44828016392864
"2026-04-01","546504",,"Solara Galaxia Insulated Kids Bottle for Kids (Stainless Steel)","1 unit","Kitchen & Dining Needs","Solara",,,1018.5637968655652,1699,,50.38776,39.64522518870215,0.13055056721742672,0.1378,0.10823,0.15763,0,1027.6775489901393
"2026-04-01","579839",,"Oliveware Stainless Steel Lovely Stylo Lunch Set","4 pcs","Kitchen & Dining Needs","Oliveware",,,449,675,,35.66697,33.48148148148148,0.010614002966589162,0.01232,0.01761,0.02565,0,449
"2026-04-01","606699",,"Speedex Printed Steel Wall Bottle","1 pc","Kitchen & Dining Needs","Speedex",,,749,749,,0.55648,0,0,0,0,0,0,749
"2026-04-01","440112",,"GHH Bakeware Muffin Tray Rectangular Shape 9 Cavity (Aluminium)","1 pc","Kitchen & Dining Needs","GHH",,,567.8571428571429,699,,1.24083,18.7614960147149,0.00008490755606474181,0.00012,,,,548.0877192982456
"2026-04-01","687823",,"Femora Ceramic Bowl Set (Green)","2 pcs","Kitchen & Dining Needs","Femora",,,319.6890011631638,510,,64.80581,37.32051195485913,0.013436302981627846,0.01476,0.01677,0.01933,0.01114,159.85326305796494
"2026-04-01","543156",,"Amaya Decors Aluminium Double Leaf Serving Platter (Golden)","1 pc","Kitchen & Dining Needs","Amaya Decors",,,677.5793581525312,1499,,1.53114,54.779972475304604,0.004590783198948907,0.00364,0.00013,0.00018,0,679.3625255658889
"2026-04-01","691399",,"Nayasa Plastic Lorenzo Insulated Casserole with Glass Lid (Classic Brown)","1 pc","Kitchen & Dining Needs","Nayasa",,,945.8648272875818,1015,,53.66026,7.6086290993469206,0.0119926170727832,0.01831,0.00481,0.00701,0,888.0344475473352
"2026-04-01","709072",,"International Gift Silver Plated Serving Set Set for Home & Gifting (Silver)","1 set","Kitchen & Dining Needs","International Gift",,,329,900,,13.33461,63.44444444444444,0.0006060287746424303,0.00037,0,0,0,317.1460478834444
"2026-04-01","736751",,"CutTales Stainless Steel 2-Section Snack Plate Set (Silver)","12 pcs","Kitchen & Dining Needs","CutTales",,,699,1699,,8.55487,58.858151854031775,0.004016992329262801,0.00288,0.00025,0.00037,0,5825.000000000001
"2026-04-01","579681",,"Oliveware Stainless Steel Teso Pro Lunch Box Set with Fork & Spoon","1 set","Kitchen & Dining Needs","Oliveware",,,999,1950,,1.546,48.76923076923077,0,0,,,,999
"2026-04-01","662834",,"Hazel Stainless Steel Parat/ Plate for Dough (Silver)","1 pc","Kitchen & Dining Needs","Hazel",,,278.1484349426103,939,,67.36461,69.86451479869025,0.18276153021629765,0.09722,0.01749,0.02548,0,283.9294257638158
"2026-04-01","587085",,"Lifelong Vacuum Insulated Thermal Bottle","1 pc","Kitchen & Dining Needs","Lifelong",,,846.3463023481836,1299.1087878333333,,57.27131,34.88874616499224,0.025706166911619695,0.02908,0.00077,0.00113,0,844.1286030721147
"2026-04-01","774878",,"The Better Home Stainless Steel Casserole (Multicolor)","1 pc","Kitchen & Dining Needs","The Better Home",,,799,1999,,10.13216,60.03001500750375,0.0018818442459195626,0.00131,0.00002,0.00003,0,799.0000000000001
"2026-04-01","532625",,"Wonderchef Purple Venice Cookware Set (Aluminium)","3 pcs","Kitchen & Dining Needs","Wonderchef",,,1343.5869112299695,2895.505206952381,,30.81652,53.79026865462175,0.045242647792567245,0.03511,0.00235,0.00343,0,444.1566139185188
"2026-04-01","770347",,"Selvel Stainless Steel Insulated Casserole (Dark Grey)","1200 ml","Kitchen & Dining Needs","Selvel",,,799,1141,,18.5,29.97370727432077,0,0,,,,66.58333333333334
"2026-04-01","607643",,"Brick Brown Ikat Bloom Masala Box (Wood)","1 pc","Kitchen & Dining Needs","brick brown",,,2599,4499,,3.85688,42.23160702378306,0,0,,,,2599
"2026-04-01","653703",,"Ellementry Ceramic Chip N Dip Serving Platter for Gifting (Black)","1 pc","Kitchen & Dining Needs","Ellementry",,,1790,1950,,16.13132,8.205128205128204,0.00037898651634047845,0.00061,0.00001,0,0.00003,1789.9999999999995
"2026-04-01","696049",,"HomeCloud Premium Cutlery Box(4 pcs, Pink)","1 set","Kitchen & Dining Needs","HomeCloud",,,284,999,,14.25824,71.57157157157157,0.004368548421047746,0.00217,0.00212,0.00308,0,284
"2026-04-01","527814",,"Archies Life Is Better With Friends Mug (Ceramic)","1 pc","Kitchen & Dining Needs","Archies",,,289,299,,0.01351,3.3444816053511706,0.000018159831309666572,0.00003,,,,289
"2026-04-01","619996",,"ExclusiveLane Ceramic Hut Goblets Serving Bowl Set (Multicolour)","4 pcs","Kitchen & Dining Needs","ExclusiveLane",,,825.0069444444445,1449,,49.4113,43.06370443358101,0.005341466025136933,0.00531,0.00854,0.00253,0.02171,206.25001271933002
"2026-04-01","553494",,"HAZEL Wooden Chopping Board, Small (Wood)","1 pc","Kitchen & Dining Needs","Hazel",,,220.89776389724358,399,,50.36901,44.49845011086705,0.09835857501991714,0.0952,0.04681,0.06817,0,221.34051301342745
"2026-04-01","660987",,"Parage Stainless Steel Raj Bhog Plate Set (Silver)","4 pieces","Kitchen & Dining Needs","Parage",,,495,1999,,30.6677,75.2376188094047,0.03715235375473591,0.01606,0.00095,0.00139,0,123.74999999999999
"2026-04-01","697269",,"Judge by Prestige Stainless Steel Ladle - L","1 pc","Kitchen & Dining Needs","Judge",,,223.89097992654746,260,,60.81207,13.807763560513306,0.014369225482709422,0.02186,0.02997,0.04123,0.00529,224.46495567004743
"2026-04-01","544635",,"Milton Aqua 1000 Steel Wall Bottle","950 ml","Kitchen & Dining Needs","Milton",,,338.96738430054455,441,,7.44197,23.124374075697876,0.024868044607909687,0.03338,0.00762,0.0111,0,339.0369940363437
"2026-04-01","630810",,"ExclusiveLane Ceramic Pickle & Chutney Jar Set","2 pcs","Kitchen & Dining Needs","ExclusiveLane",,,763.0903225806452,1820,,17.35684,58.07196029776675,0.003370296661571534,0.00246,0.00148,0.00202,0.00029,380.85273046378705
"2026-04-01","559005",,"Chumbak S Alphabet Mug (Ceramic)","1 pc","Kitchen & Dining Needs","Chumbak",,,642.1364712434349,695,,76.66927,7.426505228459586,0.10996151086839681,0.17741,0.17995,0.26208,0,643.1080644482163
"2026-04-01","662369",,"HAZEL Steel Serving Bowl Set - 600 ml, 2 Pcs","2 pcs","Kitchen & Dining Needs","Hazel",,,308.5314381333413,749,,72.03229,58.90068268464834,0.027423334227987078,0.01973,0.00908,0.01323,0,153.53985801338294
"2026-04-01","556805",,"Birch & Co. Heritage Serving Tray with Four Coaster Set – Wood & Vegan Leather (Tan)","1 set","Kitchen & Dining Needs","Birch & Co.",,,678.9054127439795,1499,,61.51679,54.72038185432616,0.2311114687781944,0.18268,0.10108,0.1232,0.05261,678.7242609151247
"2026-04-01","532408",,"Wonderchef Stainless Steel Gold Stanton Casserole Set (Silver)","3 pcs","Kitchen & Dining Needs","Wonderchef",,,1418.1089942296649,4499.581629541667,,33.24387,68.48223210055716,0.06033423032126429,0.03328,0.00089,0.00129,0,473.2024368782929
"2026-04-01","429205",,"Pasabahce Glass Set","2 pcs","Kitchen & Dining Needs","Pasabahce",,,339,340,,19.18732,0.29411764705883026,0.0020044884733236286,0.00349,0.00015,0.00022,0,169.49999999999997
"2026-04-01","528894",,"Fackelmann Royale Range 4 Pieces Cookware Set (Aluminium)","4 pcs","Kitchen & Dining Needs","Fackelmann",,,1969,3999,,0.60669,50.762690672668164,0,0,0,0,0,492.25000000000006
"2026-04-01","440114",,"GHH Aluminium Donut Bakeware Tray Rectangular Shape 9 Cavity (Silver)","1 pc","Kitchen & Dining Needs","GHH",,,412.0581460674157,699,,8.5537,41.05033675716514,0.00014858822311329816,0.00017,0.00087,0.00127,0,428.4140714549825
"2026-04-01","566808",,"Schott Zwiesel Gin Tonic Vina Tritan Crystal Glass Set (Transparent)","4 pcs","Kitchen & Dining Needs","schott zwiesel",,,2423.2746388888895,3500,,57.11861,30.763581746031733,0.0030525425229430405,0.00335,0.0006,0.00087,0,551.538233299723
"2026-04-01","607852",,"Cutting EDGE Rectangle Glass Lunch Box Set","2 pcs","Kitchen & Dining Needs","Cutting Edge",,,649,1250,,39.404,48.08,0.06718134655066754,0.06088,0.03096,0.01315,0.06997,324.49999999999994
"2026-04-01","568824",,"The Indus Valley 7 Pit Pre Seasoned Appe Pan (Iron)","1 pc","Kitchen & Dining Needs","The Indus Valley",,,998.9856666666667,1431.0708333333334,,30.30432,30.174059669611495,0.0015268803729735045,0.0019,0.00399,0.0055,0.00068,998.9286394762711
"2026-04-01","525506",,"Boldfit Typhoon Gym Shaker (Black)","700 ml","Kitchen & Dining Needs","Boldfit",,,190.58255924426504,699,,66.09141,72.54049889715589,2.4351888021593533,1.1594,0.63617,0.47594,0.98723,27.420273244125767
"2026-04-01","697169",,"Lifelong Ceramic Leaf Serving Platter","1 pc","Kitchen & Dining Needs","Lifelong",,,505.92664633090556,1099,,46.95694,53.96552553908612,0.012548113097213192,0.01005,0.00453,0.00659,0,506.3911813367452
"2026-04-01","619276",,"The Better Home Glass Lunch Box Pack of 3","3 pcs","Kitchen & Dining Needs","The Better Home",,,1249.1571904761904,5199,,37.97342,75.97312578426254,0,0,0.20534,0.02087,0.60949,41638.57301587302
"2026-04-01","594593",,"BeastLife Regular Gym Shaker","1 pc","Kitchen & Dining Needs","BeastLife",,,249,699,,0.67513,64.37768240343348,0.000042453778032370906,0.00003,0.00002,0.00002,0,249.00000000000006
"2026-04-01","552794",,"Femora Glass Oil Dispenser with Silicone Brush & Dropper","1 pc","Kitchen & Dining Needs","Femora",,,363.4619198091643,437.9137227916666,,61.69496,17.07855475075455,0.015900821140325413,0.02323,0.01032,0.01503,0,103.54094164114517
"2026-04-01","625707",,"Borosil Vera 100% Pure Copper Bottle","1 pc","Kitchen & Dining Needs","Borosil",,,1149.475546749226,1644.4430743333335,,2.00783,30.09940175550133,0.00197777593668847,0.00243,0.0006,0.00087,0,1140.380287422796
"2026-04-01","402832",,"Borosil White Krip Drinking Glass Set (Borosilicate Glass)","6 pcs","Kitchen & Dining Needs","Borosil",,,515.7249597760862,707.4793293333333,,65.52963,27.224748394940477,0.05773290039883355,0.07021,0.0842,0.02621,0.21126,85.56618646092866
"2026-04-01","578066",,"Oliveware Stainless Steel Infinite Lunch Box","1 set","Kitchen & Dining Needs","Oliveware",,,599,1130,,0.00239,46.991150442477874,0,0,,,,599
"2026-04-01","619142",,"Kuber Industries Plastic Dry Fruit Serving Tray (Black)","1 pc","Kitchen & Dining Needs","Kuber Industries",,,299,1299,,0.40606,76.98229407236336,0,0,,,,299
"2026-04-01","532212",,"Prestige Omega Granite Non-stick Dosa Tawa (Aluminium)","1 unit","Kitchen & Dining Needs","Prestige",,,1475.5652022657189,1863.3781754166666,,66.3567,20.8550778711679,0.20066345118031648,0.27964,0.08165,0.11631,0.00572,1473.6870198972622
"2026-04-01","534625",,"Milton Flip Lid 500 Thermal Bottle","1 pc","Kitchen & Dining Needs","Milton",,,668.8391024748659,810,,54.02003,17.46417645357227,0.4285089214794666,0.6175,0.33827,0.43152,0.13395,668.5401707260646
"2026-04-01","568371",,"Wonderchef Ambrosia Vegetable Chopping Board (Plastic)","1 pc","Kitchen & Dining Needs","Wonderchef",,,199.00120238095235,500,,71.42965,60.1997581201889,0.1305428612189962,0.09068,0.04003,0.0583,0,199.00122324189985
"2026-04-01","631447",,"Yellocut Plastic Fridge Storage Box","6 pcs","Kitchen & Dining Needs","Yellocut",,,349,599,,4.52922,41.736227045075125,0.001446117435316069,0.00147,0.00088,0.00128,0,58.16666666666666
"2026-04-01","569312",,"ExclusiveLane Spice Box with Spoon (Wood)","1 pc","Kitchen & Dining Needs","ExclusiveLane",,,1199,1999,,20.12783,40.020010005002504,0.0029769553021044364,0.00312,0.00167,0.0008,0.00356,1199.0000000000002
"2026-04-01","706908",,"G.Fidel Glass LED Coasters for Party (Transparent)","1 pc","Kitchen & Dining Needs","G.Fidel",,,135,299,,39.02191,54.84949832775919,0.0006827562347210634,0.00054,0.00062,0.0009,0,135
"2026-04-01","503861",,"Ocean Traze Double Rock Whiskey Glass Set","6 pcs","Kitchen & Dining Needs","O'cean",,,1349.8804855275444,1420,,8.32008,4.937993976933495,0.0003570488454010987,0.00059,,,,223.2707351467809
"2026-04-01","754999",,"Gluman Plastic Round Dinner Set (Beige)","24 x 1 set","Kitchen & Dining Needs","Gluman",,,799,1499,,18.2473,46.6977985323549,0,0,0.0001,0.00015,0,799
"2026-04-01","526329",,"Nayasa Plastic Cushion Container Set","3 pcs","Kitchen & Dining Needs","Nayasa",,,177.44672036909841,188.96789950000002,,89.77613,6.000391375085064,0.47798333417113203,0.78341,1.39906,2.02814,0.02074,59.19929137650282
"2026-04-01","597961",,"Borosil Bracelet Cut Design Glass Set","6 pcs","Kitchen & Dining Needs","Borosil",,,573.3508296041412,749.7586770416668,,66.76131,23.461420310253565,0.08886019247501878,0.11771,0.05323,0.06239,0.03317,95.567216492871
"2026-04-01","567170",,"Kleeno Multipurpose Microfiber Kitchen Cloth","5 pcs","Kitchen & Dining Needs","Kleeno",,,179.02295922802134,189.99878820833334,,75.88559,5.7675128242325,0.5038694876099236,0.82861,0.47231,0.68787,0,35.807467939259055
"2026-04-01","566094",,"The Artment Ambrosia Goblets Wine Glass","4 pcs","Kitchen & Dining Needs","The Artment",,,,,,0,,0,0,0,0,0,
"2026-04-01","635680",,"House of Quirk Stainless Steel Hot & Cold Printed Tumbler Set","1 set","Kitchen & Dining Needs","House of Quirk",,,1499,1999,,60.6773,25.012506253126567,0.00506540678048285,0.00663,0.00191,0.00279,0,1499.0000000000002
"2026-04-01","650377",,"Larah by Borosil Opalware 10"" Medley Plate Set (Multicolour)","2 pcs","Kitchen & Dining Needs","Larah",,,260.0868302503703,326.26503891666664,,59.34818,20.455942084105807,0.05057399651756339,0.07039,0.02501,0.03643,0,259.11751243202673
"2026-04-01","622118",,"Metalux Pressure Cooker with Outer Lid (Stainless Steel)","1 unit","Kitchen & Dining Needs","Metalux",,,1675,3350,,2.27992,50,0.0002034623731934486,0.00018,,,,1675
"2026-04-01","564422",,"Nayasa Plastic Desire Insulated Inner Steel Casserole Set (Pink, White)","3 pcs","Kitchen & Dining Needs","Nayasa",,,1057.87041600438,1757.3772779166663,,58.08092,39.83276020547117,0.027476183533280657,0.02951,0.02941,0.0025,0.08837,360.10399774394966
"2026-04-01","571888",,"Nautica Stylish Fender Triple-Layer Thermal Bottle","1 pc","Kitchen & Dining Needs","Nautica",,,1822.344833448736,2850,,50.24295,36.05807601934259,0.006057452635753987,0.00723,0.00639,0.00911,0.00042,1851.432768899859
"2026-04-01","662716",,"HAZEL Stainless Steel Kids Quarter Snack Plate - - 16 cm","2 pcs","Kitchen & Dining Needs","Hazel",,,141.9212960728587,399,,89.18164,64.32305820487174,0.09903582775092377,0.06166,0.01541,0.02244,0,71.17854391151228
"2026-04-01","624224",,"Milton Stainless Steel Casserole (Light Green)","1 pc","Kitchen & Dining Needs","Milton",,,638.836313975274,790,,72.41662,19.141677601312555,0.11616311794943304,0.16388,0.08224,0.10632,0.02947,638.7786749200363
"2026-04-01","690936",,"Glasafe Glass 1.6 l Serving Bowl (Mist Green)","1 pc","Kitchen & Dining Needs","Glasafe",,,749,1949,,10.95161,61.570035915854284,0.007142600719480449,0.00479,0.00101,0.00148,0,748.9999999999999
"2026-04-01","607963",,"House of Quirk Kitchen Organizer Set (Plastic)","1 pc","Kitchen & Dining Needs","House of Quirk",,,1399,3499,,44.16658,60.017147756501856,0.011462583476099611,0.008,0.00546,0.00795,0,1398.9999999999998
"2026-04-01","697182",,"Wonderchef Stainless Steel Modena Bowl Set (Blue)","1 set","Kitchen & Dining Needs","Wonderchef",,,824.449126293253,2000,,72.19177,58.77913260567056,0.0134277347888726,0.00982,0.00073,0.00106,0,822.7455517199803
"2026-04-01","720440",,"CutTales Stainless Steel Dinner Spoon Set","6 pcs","Kitchen & Dining Needs","CutTales",,,279,899,,73.62536,68.9655172413793,0.09749325861160917,0.05281,0.19872,0.07754,0.46422,46.499999999999986
"2026-04-01","562382",,"Wonderchef Taurus Hard Anodized Pressure Cooker with Outer Lid (Aluminium)","5 ltrs","Kitchen & Dining Needs","Wonderchef",,,2057.7192468972717,4500,,41.62224,54.26812277757364,0.05838137675653644,0.0466,0.01133,0.0165,0,2058.362257782898
"2026-04-01","599359",,"Avias Stainless Steel Stylo Lunch Box","1 pc","Kitchen & Dining Needs","Avias",,,533,650,,2.66798,18,0.000039477822853818484,0.00006,,,,533
"2026-04-01","724733",,"Poshio Wood Serving Tray Enamelled Platter (Black)","1 pc","Kitchen & Dining Needs","Poshio",,,898,2000,,19.77864,55.1,0.003522631931660093,0.00276,0.00357,0.00058,0.01014,898
"2026-04-01","566999",,"Cello Kidzbee Uranus 600 Dream Weavers Kids Bottle (Plastic)","1 pc","Kitchen & Dining Needs","Cello",,,349,489,,9.57322,28.629856850715747,0.0004603410738145283,0.00057,0,0,0,64.62962962962963
"2026-04-01","559092",,"House of Quirk Kitchen Trash Dustbin with Lid (Plastic)","1 pc","Kitchen & Dining Needs","House of Quirk",,,799,1499,,65.218,46.697798532354895,0.0340538689557596,0.03168,0.00036,0.00053,0,799.0000000000001
"2026-04-01","492405",,"Skip Hop Butterfly Kids Bottle Sipper (Plastic)","1 pc","Kitchen & Dining Needs","Skip Hop",,,709.1868268981541,799,,20.50808,11.240697509617755,0.001662543333829033,0.00257,0.00075,0.00107,0.00006,709.4439280981529
"2026-04-01","586517",,"FunBlast Cute Sipper Kids Bottle for Kids (Tritan)","1 pc","Kitchen & Dining Needs","FunBlast",,,650,999,,0.07371,34.93493493493494,0.00006067428362566314,0.00007,,,,650
"2026-04-01","633704",,"Tinums Plastic Bottle with Time Marker","1 pc","Kitchen & Dining Needs","Tinums",,,229,499,,60.91814,54.10821643286574,0.09854211090157859,0.07893,0.08451,0.12309,0,229
"2026-04-01","772378",,"The Better Home Glass Sakura Inspired Serving Bowl (Transparent)","1 pc","Kitchen & Dining Needs","The Better Home",,,316,699,,12.73239,54.79256080114449,0.00008490755606474181,0.00007,0.00014,0.0002,0,316
"2026-04-01","553679",,"Hazel Heart Shape Cake Mould (Aluminium)","1 pc","Kitchen & Dining Needs","Hazel",,,180.64037061787027,452.6312681666666,,49.68613,60.2746948288693,0.1208026728867288,0.08429,0.11109,0.15709,0.01029,180.7261434581201
"2026-04-01","528935",,"Fackelmann Quartz Non Stick Roti Tawa (28 cm) (Aluminium)","1 pc","Kitchen & Dining Needs","Fackelmann",,,758.7628380573,1390.3023060833334,,35.50427,45.31872736658854,0.026493929559920408,0.02559,0.04217,0.00181,0.13061,759.9374558315563
"2026-04-01","557300",,"Archies Best Bro Ever Mug (Ceramic)","1 pc","Kitchen & Dining Needs","Archies",,,379,399,,0.67129,5.012531328320802,0,0,,,,379
"2026-04-01","629718",,"Parage Stainless Steel Cutlery Set with Stand","25 pcs","Kitchen & Dining Needs","Parage",,,628.0666666666667,799,,47.77046,21.343807283758974,0.029663972479333472,0.04075,0.02961,0.0059,0.08155,25.15095970314658
"2026-04-01","659422",,"Trisara Stainless Steel 20 cm Casserole / Biryani Pot (Silver)","1 pc","Kitchen & Dining Needs","Trisara",,,1749,3067.1428571428573,,0.38883,42.97624592454588,0.00017613161480351024,0.00019,0.00002,0.00002,0,1748.9999999999998
"2026-04-01","508314",,"Borosil Color Crush Thermal Bottle","1 pc","Kitchen & Dining Needs","Borosil",,,882.9092887205387,1195,,3.08382,26.116377512925634,0.0013064091578087176,0.00166,0,0,0,878.2259619337052
"2026-04-01","541075",,"Ek Do Dhai Love Getting Drunk Shot Glass","2 pcs","Kitchen & Dining Needs","EK DO DHAI",,,399,399,,18.07439,0,0.00025444936061032607,0.00044,0.00057,0.00083,0,199.5
"2026-04-01","554456",,"Rabitat Kids Lunch Box - Munchbee Pink (1000ml)","1 pc","Kitchen & Dining Needs","Rabitat",,,999,999,,0.00501,0,0,0,,,,99.90000000000005
"2026-04-01","738011",,"Habere India Cane Rustic Serving Tray (Yellow)","1 pc","Kitchen & Dining Needs","Habere India",,,1099,3399,,0.70381,67.66696087084436,0.0006709245672090033,0.00038,,,,1099
"2026-04-01","620905",,"Milton Helix Plastic Bottle Set","1 ltr","Kitchen & Dining Needs","Milton",,,379.71880673351353,699,,34.11298,45.7619033826263,0.6531410840864673,0.61817,0.20132,0.20543,0.19231,94.78112529985766
"2026-04-01","566854",,"Schott Zwiesel Vinos Crystal White Wine Glass Set (Tritan)","4 pcs","Kitchen & Dining Needs","schott zwiesel",,,2704.839266666667,3800,,17.35945,28.831550197849918,0.002391016639134226,0.00273,0.00039,0.00057,0,621.1825910687396
"2026-04-01","574438",,"Nestroots Stainless Steel & Teak Wood Cake Server Set (2 pcs, Brown & Golden)","2 pcs","Kitchen & Dining Needs","Nestroots",,,699,2990,,5.7069,76.62207357859532,0,0,0.00001,0,0.00002,699
"2026-04-01","595107",,"ExclusiveLane Ceramic Coffee Mug Set","2 pcs","Kitchen & Dining Needs","ExclusiveLane",,,625,1160,,23.87302,46.12068965517241,0.00007045268236241528,0.00007,,,,312.50000000000006
"2026-04-01","477901",,"Borosil Borosilicate Glass Klip n Store Lunch Box","1 pc","Kitchen & Dining Needs","Borosil",,,707.0796473309789,945,,66.25486,25.372972802523993,0.07444896034548425,0.09666,0.03842,0.05595,0,704.6000104134508
"2026-04-01","545141",,"Cello H2O Steel Wall Bottle","1 ltr","Kitchen & Dining Needs","Cello",,,349.1882431782427,535,,76.78695,34.74001942743156,0.40986706669432926,0.46669,0.38265,0.49413,0.13842,34.91409227592297
"2026-04-01","579801",,"The Better Home Glass Two Compartments Lunch Box","1 pc","Kitchen & Dining Needs","The Better Home",,,749,1895,,0.00017,60.47493403693932,0,0,,,,749
"2026-04-01","600967",,"Avias Spice Box (Stainless Steel)","1 pc","Kitchen & Dining Needs","Avias",,,2654.733333333333,3790,,22.68304,29.95159074554613,0.007214019817459532,0.00886,0.00188,0.00054,0.00481,2666.944458227871
"2026-04-01","601134",,"Thermador 3 Burners Automatic Ignition Gas Stove","1 unit","Kitchen & Dining Needs","Thermador",,,2899,9000,,1.85531,67.78888888888889,0.004864874993409027,0.00274,0.00001,0.00001,0,2899
"2026-04-01","616440",,"The Better Home Anti Fall Solid Tumbler with Lid","1 pc","Kitchen & Dining Needs","The Better Home",,,799,1695,,26.57603,52.86135693215339,0.005421889514775165,0.00446,0.00047,0.00069,0,799
"2026-04-01","568407",,"Wonderchef Stainless Steel Venice Plate (Silver)","1 pc","Kitchen & Dining Needs","Wonderchef",,,183.6990866559953,277.1219132916667,,67.44185,34.086004302455365,0.14987664753885593,0.17415,0.04943,0.07199,0,182.94653410537194
"2026-04-01","549005",,"Larah by Borosil Cup Set (Opalware)","6 pcs","Kitchen & Dining Needs","Larah by Borosil",,,434.6540950862447,556.3330650434782,,9.08771,21.885372141600854,0.01038385648074928,0.01406,0.00478,0.00697,0,74.15386358034401
"2026-04-01","572055",,"Pieces and Accents Cutlery Holder / Pen Stand","1 pc","Kitchen & Dining Needs","pieces and accents",,,529,799,,8.32825,33.79224030037547,0,0,,,,529
"2026-04-01","426315",,"Vinod TCSB3 Pressure Cooker (Stainless Steel)","1 unit","Kitchen & Dining Needs","Vinod",,,2282.864894623251,2772.5694135,,44.85684,17.662415553872105,0.00939872749381147,0.01373,0.00767,0.01117,0,2305.884277223961
"2026-04-01","577420",,"Glasafe Glass Bottle with Protective Silicone Sleeve","1 pc","Kitchen & Dining Needs","Glasafe",,,599,1449,,1.4532,58.66114561766736,0,0,,,,599
"2026-04-01","534359",,"The Artment Crinkled Tea Cup Set (Glass)","6 pcs","Kitchen & Dining Needs","The Artment",,,873.4963724099899,1799,,28.74479,51.41314924744721,0.006934663936728455,0.00587,0.00284,0.00414,0,889.7414738630139
"2026-04-01","553674",,"HAZEL Round Muffin Mould (Silicone)","12 pcs","Kitchen & Dining Needs","Hazel",,,234.4722822822761,588,,68.52151,60.064226265696625,0.0638940089442926,0.04484,0.07847,0.11429,0,19.576084417063857
"2026-04-01","630028",,"Tinums Cylinder Trolley with Wheels (Stainless Steel)","1 pc","Kitchen & Dining Needs","Tinums",,,291,699,,48.86924,58.369098712446345,0.05899534420546588,0.04287,0.00029,0.00042,0,291
"2026-04-01","568819",,"The Indus Valley Pre-Seasoned 12 Pit Appe Pan (Iron)","1 pc","Kitchen & Dining Needs","The Indus Valley",,,1219,2031.1246752717386,,27.12796,39.98446537879032,0.012348645205460964,0.01294,0.00982,0.01005,0.00933,1219.0000000000002
"2026-04-01","581196",,"Cutting Edge Plastic Kitchen Modular Storage Container Set","2 pcs","Kitchen & Dining Needs","Cutting Edge",,,299,500,,36.5687,40.20000000000001,0.07270426038752494,0.07589,0.02665,0.02868,0.0222,149.5
"2026-04-01","632929",,"WonderStand Storage Organiser","1 pc","Kitchen & Dining Needs","WonderStand",,,559,615.4226802061855,,3.41438,9.168118436467475,0.0007656059668840989,0.00119,,,,559
"2026-04-01","532305",,"Vinayak Cookware Set (Stainless Steel)","3 pcs","Kitchen & Dining Needs","Vinayak",,,1067.1922962962963,1206.7314815555555,,0.41159,10.967711594892409,0.004257572058810458,0.00694,0.05192,0.07562,0,387.4491179537601
"2026-04-01","607990",,"Peher Lighter & Knife Set (Stainless Steel)","2 pcs","Kitchen & Dining Needs","Peher",,,,,,0,,0,0,,,,
"2026-04-01","663135",,"Hazel Stainless Steel Lunch/Dinner Plate with 5 Divider (Silver)","1 pc","Kitchen & Dining Needs","Hazel",,,374.9791162464916,450,,64.8737,16.858012079989674,0.06229245274017027,0.09094,0.01538,0.0224,0,374.1528280730867
"2026-04-01","595136",,"ExclusiveLane Tea Cups (Ceramic)","6 pcs","Kitchen & Dining Needs","ExclusiveLane",,,799,1415,,52.42576,43.533568904593636,0.007927420209512672,0.00781,0.05419,0.04427,0.07594,133.16666666666669
"2026-04-01","534072",,"Larah by Borosil Opalware Spiral Dinner Set (White, Grey)","1 set","Kitchen & Dining Needs","Larah by Borosil",,,1405.082172479197,2199.02841275,,71.79217,36.35104482909507,0.17451172294019932,0.19406,0.06681,0.09409,0.00704,1397.5820614286718
"2026-04-01","548988",,"QIPS Polyester Lunch Bag (11 ltrs, White, Green)","1 pc","Kitchen & Dining Needs","QIPS",,,281.00121779937854,499,,68.40359,43.68684438672984,0.04926781056094817,0.04842,0.03219,0.04689,0,281.00309534686653
"2026-04-01","615985",,"Am Safe-X Microfiber Kitchen Towel Set","4 pcs","Kitchen & Dining Needs","Am Safe-X",,,299,699,,72.15969,57.22460658082976,0.6055678875000631,0.45212,0.9268,1.33286,0.03713,299
"2026-04-01","570517",,"Chumbak Ceramic Saanjh Snack Plate Set Gift (Cream, Red)","4 pcs","Kitchen & Dining Needs","Chumbak",,,1218.0010725220852,2595,,55.89158,53.06354274841939,0.039624520517271423,0.03246,0.06382,0.01995,0.15994,1218.0017096482952
"2026-04-01","638761",,"Gluman Stainless Steel, Plastic Frozen Cutlery Set","1 pack","Kitchen & Dining Needs","Gluman",,,299,499,,24.86746,40.08016032064128,0.0016214096314268963,0.0017,0.00066,0.00096,0,299.00000000000006
"2026-04-01","745494",,"ADA Wood Serving Tray Set (Brown)","3 pcs","Kitchen & Dining Needs","Ada",,,1399,1999,,9.23772,30.015007503751875,0.0004127853720109796,0.0005,0.00037,0.00054,0,46633.33333333333
"2026-04-01","630102",,"Aravi Ice Cream Mould (Plastic)","1 set","Kitchen & Dining Needs","Aravi",,,129.1339102282025,174,,61.84835,25.62767154061599,0.36579699972142365,0.47366,1.31344,1.91292,0,129.40812171173812
"2026-04-01","553647",,"Hazel Stainless Steel Pizza Cutter & Turner (Stainless Steel)","1 pc","Kitchen & Dining Needs","Hazel",,,143.26169251370922,349,,61.26782,58.86712723891777,0.009975288244757867,0.00725,0.01444,0.02103,0,144.65602980785448
"2026-04-01","570722",,"Birch & Co. Royal Gaja Gift Set – Serving Tray, Tissue Box & Laddo Candles (Green, Box)","4 pcs","Kitchen & Dining Needs","Birch & Co.",,,1127.088435890345,2499,,60.82396,56.72445643518101,0.12815621586135884,0.08978,0.03516,0.00315,0.10531,1008.667421563217
"2026-04-01","577454",,"Glasafe Glass Fresh Grip Lunch Box with Protective Silicone Sleeve","1 pc","Kitchen & Dining Needs","Glasafe",,,449,1149,,8.2166,60.92254134029591,0.003254750778736504,0.00222,0.00012,0.00018,0,449
"2026-04-01","574402",,"Vesta Homes Chakla Belan Set with Stand (Wood)","3 pcs","Kitchen & Dining Needs","Vesta Homes",,,949,2999,,55.07964,68.3561187062354,0.14821360077245738,0.08186,0.04738,0.069,0,949
"2026-04-01","619712",,"The Better Home Steel Lunch Box with Bamboo lid and Strap","1 pc","Kitchen & Dining Needs","The Better Home",,,1099,3495,,0.00003,68.55507868383405,0,0,,,,1099
"2026-04-01","771660",,"Selvel Polypropylene, Stainless Steel Casserole (White)","1 pc","Kitchen & Dining Needs","Selvel",,,1199,1713,,14,30.005837711617048,0,0,,,,1199
"2026-04-01","691651",,"Nayasa Melamine Bowl Set (White)","2 pcs","Kitchen & Dining Needs","Nayasa",,,287,329,,62.69708,13.54470960047166,0.0025474841376862878,0.00367,0.0002,0.0003,0,271.64611565287754
"2026-04-01","572999",,"Vesta Homes Rivika Large Teak Wood Serving Tray","1 pc","Kitchen & Dining Needs","Vesta Homes",,,849,1799,,72.26181,52.80711506392441,0.051640802564924246,0.04254,0.01817,0.02034,0.01341,849
"2026-04-01","624035",,"UPC Melamine Serving Tray (Blue, Yellow)","3 pcs","Kitchen & Dining Needs","U.P.C.",,,599,799,,64.38771,25.03128911138925,0.040069925331625844,0.05243,0.01055,0.01536,0,199.6666666666667
"2026-04-01","581725",,"Shri & Sam Steel Stainless Steel Shagun Dinner Set (Silver)","1 set","Kitchen & Dining Needs","Shri & Sam",,,2499,6299,,7.28908,60.327036037466264,0.0005088180043808738,0.00035,0.00026,0.00037,0,2499
"2026-04-01","603163",,"Oliveware Glass Storage Container for Kitchen","1 pc","Kitchen & Dining Needs","Oliveware",,,299,549,,34.52243,45.53734061930783,0.0018801357091100797,0.00179,0.00203,0.00295,0,299
"2026-04-01","616941",,"Warmfinity Rechargeable Electric Gas Lighter (Stainless Steel)","1 pc","Kitchen & Dining Needs","Warmfinity",,,270,499,,68.18286,45.891783567134254,0.1669417163506097,0.15766,0.20174,0.29382,0,270
"2026-04-01","567001",,"Cello Flipstyle Thermo Thermal Bottle (1 ltr)","1 ltr","Kitchen & Dining Needs","Cello",,,927.8611068667914,1199,,78.35283,22.747434058996326,0.19841494312819422,0.268,0.10346,0.05365,0.21259,92.607840409931
"2026-04-01","614748",,"DeliBohemi Wine Glass Set","2 pcs","Kitchen & Dining Needs","DeliBohemi",,,239.3454952077372,899,,18.13814,73.39899463748371,0.1344193708992639,0.06238,0.00758,0.01104,0,119.53855055888184
"2026-04-01","772053",,"Selvel Polypropylene Serving Pot & Tray Set (Pista Green)","1 set","Kitchen & Dining Needs","Selvel",,,1359,2427,,5,44.00494437577256,0,0,,,,1359
"2026-04-01","772066",,"Selvel Stainless Steel Insulated Casserole Set (Lime Green)","3 pcs","Kitchen & Dining Needs","Selvel",,,2519,3599,,19,30.00833564879133,0,0,,,,2519
"2026-04-01","721135",,"Parage Stainless Steel Table Fork Set","6 pcs","Kitchen & Dining Needs","Parage",,,289,499,,61.36425,42.08416833667335,0.02867797000135752,0.02899,0.03864,0.00457,0.11329,48.16666666666668
"2026-04-01","564504",,"Sammsara Leather Square Serving Tray (Tan Brown)","1 pc","Kitchen & Dining Needs","Sammsara",,,1302,1819,,0.58555,28.422210005497526,0,0,,,,1302
"2026-04-01","567708",,"Nestasia Embossed Tall Water Glass Set (350ml, Transparent)","6 pcs","Kitchen & Dining Needs","Nestasia",,,838.6342373015873,1189.9636904583335,,55.19975,31.94237967037999,0.10990946381196454,0.12489,0.25357,0.06958,0.65668,134.10535280259518
"2026-04-01","543433",,"Happy Kitchen Sharp Vegetable Knife (Stainless Steel, Plastic)","1 pc","Kitchen & Dining Needs","Happy Kitchen",,,48.5986045479233,59,,83.77106,17.38255484227061,0.4324119700549512,0.62228,0.74391,1.06889,0.03189,48.74429264306034
"2026-04-01","565935",,"Pasabahce Karat Whiskey Glass Set with Ice Bucket & Tong","8 pcs","Kitchen & Dining Needs","Pasabahce",,,949,1700,,5.25131,44.1764705882353,0.0011522653203349688,0.00112,0.00022,0.00032,0,118.62499999999999
"2026-04-01","498604",,"Solara Motivational Pink Plastic Sipper Bottle","1 pc","Kitchen & Dining Needs","Solara",,,677.0864962078705,1499,,38.93295,54.320153119092915,0.027801860494356272,0.02172,0.03305,0.01448,0.07374,714.5425155074807
"2026-04-01","572955",,"Vesta Homes Girare Round Chopping Board (Wood)","1 pc","Kitchen & Dining Needs","Vesta Homes",,,499,999,,69.42953,50.05005005005004,0.04161264333247115,0.03628,0.01629,0.02372,0,499.00000000000006
"2026-04-01","720641",,"CutTales Stainless Steel 3 Section Apple Plate Set (Silver)","2 pcs","Kitchen & Dining Needs","CutTales",,,449,999,,60.99444,55.055055055055064,0.031253014840214324,0.02452,0.00462,0.00562,0.00244,224.50000000000003
"2026-04-01","662431",,"Parage Stainless Steel Cutlery Set with Gift Box","18 pcs","Kitchen & Dining Needs","Parage",,,1149,1899,,44.74029,39.49447077409164,0.005430586162094843,0.00574,0.00544,0.00475,0.00696,63.83333333333332
"2026-04-01","534354",,"The Artment Mandala Dreams Cup & Saucer Set (Glass)","12 pcs","Kitchen & Dining Needs","The Artment",,,1169.7591748040632,1499,,32.98523,21.956944400111322,0.0062627361484814854,0.00852,0.00585,0.00852,0,97.18479235464136
"2026-04-01","596355",,"FunBlast Stainless Steel Portable Cutlery Set with Case","8 pcs","Kitchen & Dining Needs","FunBlast",,,629,1299,,5.58653,51.57813702848345,0.00034713707256340366,0.00029,0.00005,0.00008,0,78.625
"2026-04-01","603807",,"Sanjeev Kapoor Infinity Goblet Wine Glass (Glass)","6 pcs","Kitchen & Dining Needs","Sanjeev Kapoor",,,1029,1495,,16.95234,31.17056856187291,0.0009306875738655013,0.00112,,,,171.5
"2026-04-01","546072",,"Cello H2O Glass Bottle","920 ml","Kitchen & Dining Needs","Cello",,,199.0007810416441,256.586201991342,,19.63447,25.517468899995524,0.22888313884278644,0.29563,0.10823,0.08911,0.15014,21.630731491366788
"2026-04-01","632916",,"WonderStand 2-Tier Spice Rack Organizer (Stainless Steel)","1 pc","Kitchen & Dining Needs","WonderStand",,,449,498.59367710280384,,47.38472,9.890318041987936,0.030106438326135698,0.04735,0.01714,0.02496,0,449.00000000000006
"2026-04-01","708207",,"Tied Ribbons Cotton Coaster Set with Holder (White & Beige)","1 set","Kitchen & Dining Needs","Tied Ribbons",,,399,1499,,0.53793,73.3822548365577,0.00012108564535561508,0.00006,,,,399
"2026-04-01","771663",,"Selvel Stainless Steel Casserole Set (White)","3 pcs","Kitchen & Dining Needs","Selvel",,,2349,3356,,19.375,30.00595947556615,0,0,,,,2349
"2026-04-01","480971",,"Happy Kitchen Stainless Steel Baby Spoon Set (6 pcs, Silver)","6 pcs","Kitchen & Dining Needs","Happy Kitchen",,,226.2674891376586,258.19787175,,80.78953,12.296665183528013,0.020422564657120668,0.03118,0.02442,0.03557,0,37.64095033301151
"2026-04-01","564949",,"Lifelong Induction Cooktop with Sensor Touch (2100 W)","1 unit","Kitchen & Dining Needs","Lifelong",,,1805.6666666666667,3999,,0.0258,54.84704509460698,0.0014087001694397957,0.00112,0.00056,0.00082,0,1817.6134671079851
"2026-04-01","526344",,"Nayasa Evolve Napkin Holder (Plastic)","1 pc","Kitchen & Dining Needs","Nayasa",,,58.092527814612936,69,,84.96225,14.409113824589763,0.009338252542516997,0.01398,0.00391,0.00569,0,5906.879695769103
"2026-04-01","545039",,"playR CSK Thala 7 Mug (Ceramic)","1 pc","Kitchen & Dining Needs","PlayR",,,224,399,,0.08935,43.85964912280702,0.000024233272439078672,0.00002,,,,224.00000000000003
"2026-04-01","630943",,"Irida Naturals Bamboo Bowl With Spoon (Multicolour)","8 pcs","Kitchen & Dining Needs","Irida Naturals",,,575,701.145054875,,57.46557,17.92018017823703,0.03271790814213418,0.0469,0.15423,0.05154,0.37923,71.87499999999999
"2026-04-01","556807",,"Birch & Co. Peacock Serving Tray with Four Coaster Set – Wood & Vegan Leather (Green)","1 set","Kitchen & Dining Needs","Birch & Co.",,,683.1008387652556,1499,,62.50245,54.402214742708125,0.10958600720170053,0.08668,0.03967,0.04921,0.01879,683.2591021215163
"2026-04-01","452796",,"Alina Refrigerator Cover (PVC)","1 pc","Kitchen & Dining Needs","alina",,,249,249,,0.59215,0,0.000015123019642432555,0.00003,,,,249.00000000000003
"2026-04-01","587084",,"Lifelong Thermos Steel Wall Bottle","1 pc","Kitchen & Dining Needs","Lifelong",,,965.0885401763629,1899,,20.14318,49.31837798367905,0.02304384803743169,0.02035,0.00423,0.00616,0,960.5777621773867
"2026-04-01","60819",,"Premier Kitchen Towel Roll - 60 Pulls (2 Ply)","60 pulls","Kitchen & Dining Needs","Premier",,,69.04943261556532,100,,80.3289,30.94030197540512,0.11829028526912135,0.1425,0.2061,0.29011,0.02204,69.05969802459488
"2026-04-01","588141",,"P-Tal Moscow Mule Mugs Gift Box (Copper)","2 pcs","Kitchen & Dining Needs","P-Tal",,,1999,2946.4,,4.8477,32.154493619332065,0.00017916824426568833,0.00021,,,,999.4999999999999
"2026-04-01","554113",,"Pasabahce Echo Long Drink Glass Set","6 pcs","Kitchen & Dining Needs","Pasabahce",,,549.8273415384208,1499,,68.1068,63.33409594456959,0.06507548738345036,0.04163,0.01154,0.01681,0,91.57041435496492
"2026-04-01","416297",,"Princeware Plastic Jug (Green) - with 4 Glasses","1 set","Kitchen & Dining Needs","Princeware",,,,,,0,,0,0,,,,
"2026-04-01","758799",,"Lazer Bagasse Round Disposable Bowl (White)","50 pcs","Kitchen & Dining Needs","Lazer",,,199,799,,10.79112,74.86665495310726,0.0012651058224995072,0.00058,,,,208.91951867456808
"2026-04-01","606517",,"New Dawn Kitchen Sink Organizer (Stainless Steel)","1 pc","Kitchen & Dining Needs","New Dawn",,,599,1000,,46.29287,40.09999999999999,0.04618650788095141,0.04829,0.00577,0.0084,0,599.0000000000001
"2026-04-01","741566",,"Gluman Plastic Jug with Tumbler (Teal Green)","1 set","Kitchen & Dining Needs","Gluman",,,249,399,,46.65142,37.59398496240601,0.0022397602051818467,0.00244,0.00446,0.00649,0,249.00000000000003
"2026-04-01","704158",,"Trisara Stainless Steel Dinner Plate Set (Silver)","6 pcs","Kitchen & Dining Needs","Trisara",,,1199,1993.9666666666667,,5.93074,39.86860362092312,0.00023686657271279908,0.00025,,,,199.83333333333331
"2026-04-01","577761",,"Glasafe Glass Lunch Box with Silicone Cover (Grey)","1 pc","Kitchen & Dining Needs","Glasafe",,,399,949,,32.8894,57.95574288724975,0.0210561380988887,0.01545,0.00578,0.00841,0,398.99999999999994
"2026-04-01","772315",,"Teal By Chumbak Metal Roar Trail Tray Set (Blue)","2 pcs","Kitchen & Dining Needs","Teal By Chumbak",,,1291.857142857143,1999,,39.77254,35.566207730979805,0.0012213775201008856,0.00117,0.00003,0.00005,0,1099.4021859251907
"2026-04-01","579513",,"House of Quirk 3D Sticker Plastic Bottle with Straw","1 pc","Kitchen & Dining Needs","House of Quirk",,,549,999,,20.39502,45.04504504504504,0.0024651961437106933,0.00236,0.00323,0.00471,0,549
"2026-04-01","566644",,"Schott Zwiesel Longdrink Conventional Crystal Glass Set (Tritan)","6 pcs","Kitchen & Dining Needs","schott zwiesel",,,2090.310736842105,3200,,74.70509,34.858711311227125,0.009625286544305086,0.01065,0.0005,0.00073,0,337.98911850588956
"2026-04-01","604036",,"Steellock Stainless Steel Smart Meal Lunch Box","1 pc","Kitchen & Dining Needs","Steel Lock",,,732.5119166666666,899,,12.51001,18.430483153409273,0.003475010636036409,0.00501,0.0069,0,0.02201,742.2013319919962
"2026-04-01","537897",,"Rabitat Stainless Steel Kids Lunch Box","1 pc","Kitchen & Dining Needs","Rabitat",,,930,930,,0.20042,0,0.00005648356733920592,0.0001,,,,186
"2026-04-01","566479",,"Judge by Prestige Stainless Steel Sparkle Fork Set","6 pcs","Kitchen & Dining Needs","Judge",,,279.8476115080237,300,,65.2022,6.761796722620963,0.02028114055460159,0.03324,0.03148,0.03627,0.02097,46.63408591081511
"2026-04-01","720477",,"CutTales Stainless Steel Dessert Fork Set","6 pcs","Kitchen & Dining Needs","CutTales",,,279.53333333333336,899,,85.27972,68.91798104397623,0.004931192532027043,0.00267,0.01961,0.0027,0.05667,46.55905138198553
"2026-04-01","428723",,"Prestige Nakshatra Plus Svachh Handi 10760 Anodized Coating HA Nak+ IL Handi Pressure Cooker (Hard Anodised)","1 unit","Kitchen & Dining Needs","Prestige",,,1965.567892901362,2365.5782957916667,,63.80095,16.779457730146046,0.3457910633231487,0.50813,0.24882,0.33408,0.06201,1974.7161707125695
"2026-04-01","611720",,"Digismart Induction Cooktop (2000 W)","1 unit","Kitchen & Dining Needs","DigiSmart",,,1479,3990,,0.16965,62.6918753700067,0.01270065808532113,0.00828,0.00192,0.00279,0,1489.8414424728105
"2026-04-01","704172",,"ITEMY Stainless Steel Straw with Cleaning Brushes","10 pcs","Kitchen & Dining Needs","ITEMY",,,199,395,,80.1641,49.62025316455696,0.058615224009267365,0.05154,0.97838,0.43552,2.16779,19.900000000000002
"2026-04-01","562824",,"Cello Plastic Modustack Container Set","9 pcs","Kitchen & Dining Needs","Cello",,,804.9920164189095,1298.084566708333,,68.36643,37.994618810857844,0.2627747651285411,0.28445,0.08644,0.05094,0.16422,805.1027132887405
"2026-04-01","731825",,"Palak Greens Bagasse Disposable Plates (White)","50 pcs","Kitchen & Dining Needs","Palak Greens",,,249,599,,68.7393,58.43071786310517,0.03862476848136466,0.02802,0.01307,0.01903,0,4.9799999999999995
"2026-04-01","620880",,"Cello H2O Plastic Bottle Set of 3","1 ltr","Kitchen & Dining Needs","Cello",,,486.6192708333333,591,,14.31335,17.96472967137294,0.052970272687842185,0.07573,0.01891,0.00852,0.04168,161.4055476275652
"2026-04-01","572348",,"Indigifts Birthday Gift Hamper For Friends","3 pcs","Kitchen & Dining Needs","Indigifts",,,499.1587777777778,1799,,5.55201,72.25354209128528,0.00027315580708779137,0.00013,0,0,0,166.33633637988095
"2026-04-01","558624",,"Nestasia Ceramic Mandala Bowl Set With Chopsticks (Multicolour)","6 pcs","Kitchen & Dining Needs","Nestasia",,,988.6324960741354,1615,,69.02536,39.102922567940055,0.17957748137644008,0.19092,0.2458,0.18928,0.36965,982.901699132859
"2026-04-01","566805",,"Schott Zwiesel Gin Tonic Crystal Glass Set Bar Special (Tritan)","4 pcs","Kitchen & Dining Needs","schott zwiesel",,,2713.3867499999997,4000,,63.8992,32.20207112346247,0.005587621411601191,0.00611,0.00024,0.00036,0,2505.7201991406673
"2026-04-01","624950",,"Zulaxy Chopping Board - 11.8"" x 7.87"" (Stainless Steel)","1 pc","Kitchen & Dining Needs","Zulaxy",,,499,1999,,0.06857,75.0375187593797,0,0,,,,499
"2026-04-01","549024",,"Borosil Borosilicate Glass Serving/Mixing Bowl Set With Lid (Transparent)","2 pcs","Kitchen & Dining Needs","Borosil",,,626.9815044108116,780.0208333333334,,71.49257,19.801252860536902,0.03511546922246741,0.04939,0.0298,0.03104,0.02708,624.3981342407593
"2026-04-01","480965",,"Fackelmann Apple Cutter With Ultra Sharp Blades (Stainless Steel)","1 pc","Kitchen & Dining Needs","Fackelmann",,,195.0124314614454,249.25233276923075,,26.63972,21.77399459189656,0.0018954943198898333,0.0026,0.00519,0.0052,0.00515,197.03439189155046
"2026-04-01","607587",,"Brick Brown Boat Cutlery Holder with Metallic Handle (Wood)","1 pc","Kitchen & Dining Needs","brick brown",,,1849,2799,,4.78469,33.94069310468024,0,0,,,,1848.9999999999998
"2026-04-01","578940",,"The Better Home Pink Copper Bottle with Copper Lid","1 pc","Kitchen & Dining Needs","The Better Home",,,899,2999,,39.16472,70.02334111370459,0.05629499020805692,0.02945,0.05235,0.02067,0.12178,899.0000000000002
"2026-04-01","650410",,"Parage Stainless Steel Serving & Cooking Spoon Set","1 set","Kitchen & Dining Needs","Parage",,,399,799,,31.43347,50.06257822277848,0.01932655587662521,0.01685,0.00969,0.0109,0.00702,399
"2026-04-01","619359",,"Chumbak Let's Work Together Mug (Ceramic)","1 pc","Kitchen & Dining Needs","Chumbak",,,342.5363815175316,395,,78.27842,12.577767539480828,0.03058275222397353,0.04642,0.04906,0.07145,0,346.135573802344
"2026-04-01","598009",,"Home Focus 24 Hours Hot & Cold Hydra Thermal Bottle","1 pc","Kitchen & Dining Needs","home focus",,,499,895,,0.88005,44.245810055865924,0,0,,,,499
"2026-04-01","603137",,"New Dawn Plastic Fridge Storage Box","3 pcs","Kitchen & Dining Needs","New Dawn",,,499,899,,69.95236,44.49388209121245,0.022511599738293232,0.02181,0.02224,0.03239,0,166.33333333333334
"2026-04-01","566652",,"Schott Zwiesel Show Crystal Glass Set (Tritan)","8 pcs","Kitchen & Dining Needs","schott zwiesel",,,4622.054099999999,6300,,79.305,26.939909728089358,0.014348648154717633,0.01706,0.00328,0.00478,0,536.2244173985049
"2026-04-01","664058",,"Ireka Homes Resin Coasters (Brown, Peach)","4 pcs","Kitchen & Dining Needs","Ireka Homes",,,450,570,,14.15177,21.05263157894737,0.0002509874645476005,0.00035,,,,450
"2026-04-01","626999",,"Solara Tumbler with 2 Straws (Blue Hawaii)","1 pc","Kitchen & Dining Needs","Solara",,,1203.2594972075267,1999,,58.57701,39.72883212734219,0.14343347900743075,0.15102,0.09358,0.07831,0.12702,1205.17564008276
"2026-04-01","599623",,"Aegon Gym Plastic Bottle","1 pc","Kitchen & Dining Needs","Aegon",,,449,999,,20.8326,55.05505505505505,0.009528422692470027,0.00747,0.00235,0.00325,0.00038,449
"2026-04-01","587121",,"The Better Home Insulated Thermal Bottle with Lid","1 pc","Kitchen & Dining Needs","The Better Home",,,1299,4999,,61.95556,74.01480296059212,0.1511071178200681,0.06853,0.01341,0.01694,0.00568,1299.0000000000002
"2026-04-01","704165",,"Chumbak Palace Memoirs Bowls Gift Set (160 ml)","6 pcs","Kitchen & Dining Needs","Chumbak",,,937,1599,,51.55682,41.40087554721702,0.08919556748240148,0.09123,0.01315,0.01908,0.00015,156.16666666666666
"2026-04-01","698233",,"The Better Home Wood Dish Serving Platter (Multicolour)","2 pcs","Kitchen & Dining Needs","The Better Home",,,999,3499,,3.54796,71.44898542440697,0.0019126061077177742,0.00095,0.00003,0.00005,0,998.9999999999999
"2026-04-01","432829",,"Nirosta Vegetable Knife With Anti-Slip Handle (Stainless Steel, Plastic)","1 pc","Kitchen & Dining Needs","Nirosta",,,119,149,,0.01232,20.13422818791946,0.00002714855333400543,0.00004,,,,119
"2026-04-01","552981",,"Prestige Platina Popular Kadai Glass Lid (Stainless Steel)","1 unit","Kitchen & Dining Needs","Prestige",,,1264.6572096438767,1590.2926774583334,,58.34441,20.531356033496422,0.17965813499106395,0.25144,0.07691,0.10184,0.02228,1263.4139424392333
"2026-04-01","567807",,"Nestasia Ceramic Gloss Bowl Set (Multicolour)","4 pcs","Kitchen & Dining Needs","Nestasia",,,744.1044876912243,1500,,32.82197,50.417012732566974,0.03953329117458604,0.03417,0.0642,0.02469,0.15075,742.5784659371348
"2026-04-01","561156",,"Godrej Cartini Classic Kitchen Stainless Steel Knife Set (Green)","3 pcs","Kitchen & Dining Needs","Godrej Cartini",,,368.9828929560072,370,,53.51578,0.2823167722949395,0.07391399773762755,0.12865,0.18356,0.26733,0,122.98440038728057
"2026-04-01","604000",,"Irida Naturals Classic Blue Coffee Mug (Rice Husk)","1 pc","Kitchen & Dining Needs","Irida Naturals",,,299,499,,68.24242,40.08016032064128,0.01248067718396186,0.01305,0.24946,0.02474,0.74183,299.00000000000006
"2026-04-01","607737",,"Brick Brown Wood Roti Casserole (Light Walnut)","1 pc","Kitchen & Dining Needs","brick brown",,,1999,3599,,2.23156,44.45679355376493,0,0,0,0.00001,0,1998.9999999999998
"2026-04-01","756754",,"Unify Stainless Steel Bowl Set with Lid (Red)","3 pcs","Kitchen & Dining Needs","Unify",,,362.96500000000003,1399,,18.3078,73.92488663302908,0.010885994665574598,0.00496,0.00504,0.00055,0.0149,364.6789833288764
"2026-04-01","565942",,"Borosil Princess Kids Thermal Bottle with Bag","1 pc","Kitchen & Dining Needs","Borosil",,,895.4761904761906,995,,1.52289,9.998501124449115,0.0010575493016992457,0.00166,,,,895.5747641129351
"2026-04-01","701360",,"Nestasia Aluminium Flower Trinket Bowl Set (Golden)","2 pcs","Kitchen & Dining Needs","Nestasia",,,1054.6590942760943,1620,,13.20606,34.897586773080604,0.0041407738806260004,0.00469,0.00673,0.00017,0.02111,527.1293953992446
"2026-04-01","588867",,"Indigifts Printed Frost Beer Mug - with Aao Chill Kare Quote (Glass)","1 pc","Kitchen & Dining Needs","Indigifts",,,499,2099,,1.62983,76.22677465459742,0.00016955219023377243,0.00007,0,0,0,499
"2026-04-01","543434",,"Happy Kitchen Sharp Vegetable Peeler (Stainless Steel, Plastic)","1 pc","Kitchen & Dining Needs","Happy Kitchen",,,48.970330311977435,59,,81.87749,16.983766241962513,0.18914398674765062,0.27404,0.17326,0.24903,0.00724,48.979577917242125
"2026-04-01","601225",,"Umai Stainless Steel Double Walled Insulated Casserole (Blue)","1 pc","Kitchen & Dining Needs","Umai",,,1099,2149,,0.63582,48.85993485342019,0.00046987021603476424,0.00042,,,,1099
"2026-04-01","545211",,"FanCode PBKS Official Mug","1 pc","Kitchen & Dining Needs","FanCode",,,171,399,,3.15789,57.142857142857146,0.000024233272439078672,0.00002,,,,171
"2026-04-01","603408",,"Gluman Plastic Fridge Jug","1 pc","Kitchen & Dining Needs","Gluman",,,269,269,,23.34383,0,0.007200421671930201,0.01257,0.00766,0.01115,0,269.00000000000006
"2026-04-01","617827",,"Warmfinity Stainless Steel Straw with Cleaning Brush","10 pcs","Kitchen & Dining Needs","Warmfinity",,,200,399,,52.97242,49.87468671679196,0.09948076557371983,0.08704,0.34703,0.50542,0,19.999999999999996
"2026-04-01","614328",,"DeliBohemi Clear Whiskey Glass Set","6 pcs","Kitchen & Dining Needs","DeliBohemi",,,467.6501784511785,1799,,1.23035,74.00499285985667,0.0006009428849161746,0.00026,0,0,0,93.78007661399286
"2026-04-01","532211",,"Prestige Nak+ Svachh Alu Pressure Cooker (Aluminium)","1 unit","Kitchen & Dining Needs","Prestige",,,1973.5804469410707,2413.163209083334,,50.98617,18.32738381140872,0.08290162726045103,0.11799,0.04349,0.03814,0.05522,1972.592203999099
"2026-04-01","620884",,"Cello Athlete Plastic Bottle Set With Flip-Top Lid","800 ml","Kitchen & Dining Needs","Cello",,,275.2218274281135,328.1084838222223,,29.14172,16.061195023802156,0.046460995606998075,0.06787,0.05053,0.02785,0.10021,137.9360614253658
"2026-04-01","625483",,"New Dawn Stainless Steel Car Shaped 4 Sections Plate (Silver)","1 pc","Kitchen & Dining Needs","New Dawn",,,548,1000,,47.36719,45.2,0.00092317197971838,0.00088,0.00003,0.00004,0,548
"2026-04-01","548987",,"QIPS Polyester Insulated Lunch Bag (11 ltrs, Pink)","1 pc","Kitchen & Dining Needs","QIPS",,,281.99959020738095,499,,65.40937,43.487109724034376,0.04445501870057253,0.04385,0.0249,0.03627,0,281.9991827245753
"2026-04-01","588577",,"The Better Home Glass Bottle","1 pc","Kitchen & Dining Needs","The Better Home",,,849,2499,,0.07287,66.02641056422569,0,0,,,,849
"2026-04-01","594595",,"BeastLife Classic Protein Gym Shaker for Workout","1 pc","Kitchen & Dining Needs","BeastLife",,,298.25991257861637,699,,30.20909,57.3221059263532,0.01885479400769975,0.01408,0.06579,0.09406,0.00384,298.5793765255087
"2026-04-01","737385",,"Unify Stainless Steel Bowl (Silver)","4 pcs","Kitchen & Dining Needs","Unify",,,323.59016393442624,599,,40.61067,45.08827030078777,0.00523876031479855,0.00525,0.03627,0.00226,0.11078,39.062251379033256
"2026-04-01","764382",,"Classic Essentials Stainless Steel 5 in 1 Dinner Plate (Silver)","1 pc","Kitchen & Dining Needs","Classic Essentials",,,349,475,,17.5767,26.526315789473685,0,0,0.0001,0.00014,0,349
"2026-04-01","614907",,"Borosil Stainless Steel Lunch Box","1 set","Kitchen & Dining Needs","Borosil",,,2817.074468864469,3395,,14.61122,17.02284333241623,0.0006185863470973272,0.0009,0,0,0,2734.193046588799
"2026-04-01","755714",,"CutTales Stainless Steel Spoon Set","12 pcs","Kitchen & Dining Needs","CutTales",,,319,899,,49.31047,64.51612903225806,0.026870748382710453,0.01664,0.07384,0.01775,0.19672,319
"2026-04-01","615238",,"Fumato Hand Blender (Stainless Steel)","1 pc","Kitchen & Dining Needs","Fumato",,,929,1799,,1.39201,48.36020011117287,0,0,,,,928.9999999999999
"2026-04-01","569366",,"ExclusiveLane Pastel Punch Glass Set With Iron Holder (Ceramic)","6 pcs","Kitchen & Dining Needs","ExclusiveLane",,,1199,2299,,1.87575,47.84688995215311,0.0006283339531796268,0.00057,0,0.00001,0,199.83333333333334
"2026-04-01","717784",,"Shree Shyam Stainless Steel Plate","1 pc","Kitchen & Dining Needs","Shree Shyam",,,190.23288002421714,349,,71.39468,45.47697008880743,0.002327072139164679,0.0022,0.00302,0.0044,0,190.76737017960437
"2026-04-01","692782",,"HomeCloud Stainless Steel Cutlery Set","1 set","Kitchen & Dining Needs","HomeCloud",,,284,999,,10.20181,71.57157157157157,0.002787376589762965,0.00138,0.00006,0.00008,0,284
"2026-04-01","626349",,"Newdru Rechargeable Electric Gas Lighter (Alloy)","1 pc","Kitchen & Dining Needs","newdru",,,599,999,,49.71294,40.04004004004004,0.00042471998537964203,0.00044,0.00936,0.00922,0.00965,599
"2026-04-01","693153",,"Two Moustaches Village Cow Design Serving Tray Set (Multicolour)","2 pcs","Kitchen & Dining Needs","Two Moustaches",,,695,1599,,14.13952,56.53533458411507,0.0003554419790128263,0.00027,0.00002,0.00001,0.00003,347.5
"2026-04-01","428957",,"Polyset Cylinder Trolley (Plastic)","1 pc","Kitchen & Dining Needs","Polyset",,,193.5,239,,0.87946,19.03765690376569,0.000014515730191008124,0.00002,,,,193.21634563378453
"2026-04-01","574411",,"Vesta Homes Osaka Chopping Board (Wood)","1 pc","Kitchen & Dining Needs","Vesta Homes",,,499,999,,69.11459,50.05005005005007,0.029627469154017757,0.02583,0.01093,0.0143,0.00353,499.00000000000006
"2026-04-01","558609",,"Nestasia Ceramic Mandala Serving Platter (Pink, Blue)","1 pc","Kitchen & Dining Needs","Nestasia",,,586.9621544540199,1145,,63.54218,48.68686595504246,0.06797615871258228,0.06098,0.03956,0.03041,0.05962,146.9173959075188
"2026-04-01","754464",,"Parage Stainless Steel Snack Plate / Dessert Bowl Set (Silver)","6 pcs","Kitchen & Dining Needs","Parage",,,362.98333333333335,999,,39.0934,63.45354875818128,0.004752920007816322,0.00309,0.06276,0.00241,0.19499,30.959566696952223
"2026-04-01","548989",,"QIPS Polyester Insulated Lunch Bag (7 ltrs, Sea Green)","1 pc","Kitchen & Dining Needs","QIPS",,,334.0016709689574,599,,67.63574,44.24086580407202,0.04933963470076661,0.04802,0.02565,0.03736,0,333.9961561911775
"2026-04-01","618723",,"Clearline Dough Kneader / Atta Maker with Non-Stick Bowl (3 ltr, 650 W)","1 unit","Kitchen & Dining Needs","Clearline",,,4099,6645,,15.97771,38.314522197140704,0.0009080644475057016,0.00098,,,,4099
"2026-04-01","591267",,"Chumbak Mad About India Mugs Gift Set (Ceramic)","2 pcs","Kitchen & Dining Needs","Chumbak",,,647.4165277777777,970,,5.97913,33.25602806414663,0.0006774987078321191,0.00078,0,0,0,319.31503029093153
"2026-04-01","604001",,"Irida Naturals Classic Pink Coffee Mug (Rice Husk)","1 pc","Kitchen & Dining Needs","Irida Naturals",,,299.02316666666667,499,,66.21201,40.07606810479465,0.012179335530156639,0.01274,0.16987,0.02635,0.4843,299.01381798208155
"2026-04-01","602939",,"Cutting Edge Dish Drying Mat (Microfiber)","1 pc","Kitchen & Dining Needs","Cutting Edge",,,275,500,,51.34457,45.00000000000001,0.036836036120768384,0.03536,0.10339,0.03824,0.24611,274.99999999999994
"2026-04-01","744876",,"Palak Greens Bagasse Round Disposable Plates (White)","25 pcs","Kitchen & Dining Needs","Palak Greens",,,349,599,,28.31917,41.73622704507512,0.011421664775663472,0.01162,0.00079,0.00115,0,348.99999999999994
"2026-04-01","704856",,"Birch & Co. Serving Tray, Coaster Set & Tissue Box (Tan Brown)","1 set","Kitchen & Dining Needs","Birch & Co",,,1246.0950910364145,2499,,4.40834,50.136250858886974,0.005008634782540103,0.00437,0.00005,0,0.00015,1247.2735645774662
"2026-04-01","390177",,"Vinayak Strainer (Stainless Steel)","1 pc","Kitchen & Dining Needs","Vinayak",,,260.7647058823529,299,,4.73975,12.790602841580016,0.00048123470978341236,0.00073,0.00002,0.00003,0,259.06600246189186
"2026-04-01","570123",,"Rusabl Bag for Fruits & Vegetables (Cotton)","6 pcs","Kitchen & Dining Needs","Rusabl",,,404.4372953402551,699,,67.33897,42.4804272975968,0.0753364771644223,0.07628,0.00469,0.00069,0.01346,66.97321575825806
"2026-04-01","675371",,"Parage Stainless Steel 5 Compartments Plate Set (Silver)","2 pcs","Kitchen & Dining Needs","Parage",,,549.041625,1199,,33.87991,54.20860194287978,0.055975386505905646,0.04474,0.00848,0.00345,0.01951,274.52571974618326
"2026-04-01","772060",,"Selvel Glass, Polypropylene, Stainless Steel Insulated Casserole (White)","1 pc","Kitchen & Dining Needs","Selvel",,,1349,2141,,10,36.99205978514713,0,0,,,,1349
"2026-04-01","557065",,"Birch & Co. Airtight Container Set of 3 – Tea, Coffee & Sugar (1 Ltr, Metal)","3 pcs","Kitchen & Dining Needs","Birch & Co.",,,762.0314286150908,1999,,19.57872,61.84204318344042,0.005675883362745659,0.0033,,,,274.4695361783598
"2026-04-01","384747",,"Vinayak Stainless Steel Fork Set","6 pcs","Kitchen & Dining Needs","Vinayak",,,163.18683116569846,295.72663788990826,,43.29483,45.29909289124189,0.03254375399880271,0.03089,0.02258,0.03289,0,27.14704869924968
"2026-04-01","602791",,"Smokey Cocktail Solid Coffee Mug (Ceramic)","1 pc","Kitchen & Dining Needs","SMOKEY COCKTAIL",,,249,499,,4.55328,50.100200400801604,0,0,,,,249.00000000000003
"2026-04-01","521011",,"Vinayak Stainless Steel Storage Canister Set","2 pcs","Kitchen & Dining Needs","Vinayak",,,340.87642089416363,489,,3.75327,30.33321496366511,0.0020389598478555773,0.00232,0.00043,0.00063,0,161.15874580173394
"2026-04-01","499181",,"Zenker Carbon Steel 6 Cup Muffin Tray (Steel)","1 pc","Kitchen & Dining Needs","Zenker",,,422.5557419191919,495.60555555555555,,13.93967,14.754762639338667,0.0014344468370734533,0.00203,0.001,0.00082,0.00138,407.5551540958501
"2026-04-01","630609",,"ExclusiveLane Napkin Holder (Wood)","1 pc","Kitchen & Dining Needs","ExclusiveLane",,,875,1375,,28.46011,36.36363636363637,0.0014196802105204255,0.00158,0.00058,0.00085,0,875.0000000000001
"2026-04-01","581898",,"Mad Over Print MDF Bloom & Melon Coaster Set (Yellow, Green)","2 pcs","Kitchen & Dining Needs","Mad Over Print",,,119,149,,1.35986,20.13422818791946,0,0,,,,59.5
"2026-04-01","624193",,"Milton Plastic Vintage Container Set","3 pcs","Kitchen & Dining Needs","Milton",,,259.05475627085576,430,,39.00422,39.771005012517705,0.334425060370022,0.35149,0.28395,0.34069,0.15966,86.32820254032289
"2026-04-01","521439",,"Navum Jute Shopping And Lunch Bag (Large) (Beige, Blue)","1 pc","Kitchen & Dining Needs","Navum",,,203.39770871140533,399,,83.62001,49.595065137504434,0.1291978076442595,0.11318,0.17029,0.24802,0,200.9090035211004
"2026-04-01","701445",,"Tied Ribbons Cotton Coaster Set with Holder (White)","6 pcs","Kitchen & Dining Needs","Tied Ribbons",,,399,1499,,8.2916,73.3822548365577,0.0000910418536828355,0.00004,,,,66.5
"2026-04-01","549118",,"Borosil Glass Classic Jar Set (with Spin n Store Tray)","7 pcs","Kitchen & Dining Needs","Borosil",,,2033.310671315252,3495,,11.98154,41.822298388690925,0.004537247527209641,0.0046,0.00027,0.00039,0,2031.1822760088003
"2026-04-01","452793",,"Alina PVC Abstract Table Cover","1 pc","Kitchen & Dining Needs","alina",,,699,699,,7.77226,0,0.000186796623342432,0.00033,,,,699
"2026-04-01","554123",,"Pasabahce Allegra Red Wine Glass Set","2 pcs","Kitchen & Dining Needs","Pasabahce",,,648.837625,732,,23.67589,11.359401438542164,0.010487237260819893,0.01623,0.0039,0.00569,0,324.62760368404355
"2026-04-01","635660",,"Gluman Co-Pura Copper Bottle","1 pc","Kitchen & Dining Needs","Gluman",,,999,1499,,0.55648,33.3555703802535,0,0,,,,999
"2026-04-01","607858",,"Cutting EDGE Silica Glass Storage Jar Set (310 ml)","6 pcs","Kitchen & Dining Needs","Cutting Edge",,,699,1200,,52.26604,41.750000000000014,0.11628980403159284,0.11823,0.12172,0.03063,0.32131,116.50000000000001
"2026-04-01","546518",,"Solara Double wall Vacuum Insulated Tumbler (Icy Mint)","1 pc","Kitchen & Dining Needs","Solara",,,1767.2784307608097,3499,,31.01978,49.49189966388084,0.006515611439613606,0.00581,0.00128,0.00187,0,1771.2402814805214
"2026-04-01","661333",,"Parage Stainless Steel Sapphire Dazzle Cutlery Set with Stand","25 pcs","Kitchen & Dining Needs","Parage",,,1499,1949,,48.34374,23.088763468445364,0.006505756514753363,0.00873,0.00312,0.00187,0.00584,59.960000000000015
"2026-04-01","627003",,"Borosil Square Dish (Borosilicate Glass)","1 pc","Kitchen & Dining Needs","Borosil",,,809.0050235880703,875.0507621666667,,68.10998,7.553264887568548,0.04907952677993923,0.0792,0.00912,0.01328,0,809.015441088319
"2026-04-01","693173",,"Zappfresh Plastic Dinner Plate Set (Colour May Vary)","6 pcs","Kitchen & Dining Needs","Zappfresh",,,299,500,,8.19923,40.2,0.000030367570057172368,0.00003,,,,299
"2026-04-01","605585",,"Bombay Kookware Smart Tawa (Aluminium)","1 unit","Kitchen & Dining Needs","Bombay Kookware",,,649,1000,,0.6967,35.1,0.00018220487372786642,0.00021,,,,649
"2026-04-01","770235",,"Tinums Stainless Steel Noodle & Soup Bowl with Lid (Blue)","1 pc","Kitchen & Dining Needs","Tinums",,,187,499,,10.07984,62.5250501002004,0.00021214735938954727,0.00014,0.00003,0.00002,0.00005,187
"2026-04-01","546176",,"Borosil Prime Glass Bottle with Steel Lid","1 pc","Kitchen & Dining Needs","Borosil",,,329.68600806556094,395.378745,,38.64247,16.617175577345087,0.24162396968104477,0.35147,0.25654,0.34917,0.05359,329.51950463779554
"2026-04-01","752942",,"Suvrasa By Ekhasa Bronze Kansa Serving Bowl (Gold)","1 pc","Kitchen & Dining Needs","Suvrasa",,,499,999,,71.83947,50.05005005005004,0.02093579639677646,0.01825,0.00293,0.00426,0,498.99999999999994
"2026-04-01","512902",,"Vinayak Tong/Pakad (Stainless Steel)","1 pc","Kitchen & Dining Needs","Vinayak",,,99,139,,1.71238,28.776978417266196,0.0003039173044758908,0.00038,0.00001,0.00002,0,98.99999999999999
"2026-04-01","635430",,"ExclusiveLane Wood Warli Hand-Painted Tray (Dark Brown)","1 pc","Kitchen & Dining Needs","ExclusiveLane",,,1199,2299,,7.77735,47.84688995215311,0,0,,,,1199
"2026-04-01","639409",,"Frenchware Stainless Steel Spoon Set","1 set (6 pieces)","Kitchen & Dining Needs","Frenchware",,,488.0651505610271,649,,65.4113,24.925895633479247,0.0609527221039376,0.08001,0.1222,0.05735,0.26429,81.21483329526748
"2026-04-01","745197",,"Habere India Cane Serving Tray (Yellow, Green, White)","1 pc","Kitchen & Dining Needs","Habere India",,,999,2199,,25.29175,54.570259208731244,0.0020954984411216755,0.00166,0.00397,0.00001,0.01264,999
"2026-04-01","596361",,"FunBlast Stainless Steel Portable Cutlery Set with Travel Pouch","8 pcs","Kitchen & Dining Needs","FunBlast",,,629,1299,,11.48677,51.57813702848345,0.0011360849647529573,0.00096,0.0053,0.00771,0,78.625
"2026-04-01","599050",,"Kuber Industries PVC Fridge & Placemat Set (Transparent)","6 pcs","Kitchen & Dining Needs","Kuber Industries",,,229,399,,0.25609,42.606516290726816,0,0,,,,38.16666666666667
"2026-04-01","597705",,"Indigo Plastic Glass & Jug Set (Multicolour)","5 pcs","Kitchen & Dining Needs","Indigo",,,399,599,,4.72317,33.3889816360601,0.00012114650184429668,0.00014,,,,79.8
"2026-04-01","559006",,"Chumbak A Alphabet Mug (Ceramic)","1 pc","Kitchen & Dining Needs","Chumbak",,,627.9229097277379,695,,75.38667,8.573619063221784,0.11762593630017591,0.18673,0.18347,0.2672,0,212.01680469119387
"2026-04-01","691384",,"Nayasa Jumbo Plastic Water Jug (Grey, 2200 ml)","1 pc","Kitchen & Dining Needs","Nayasa",,,169,169,,55.72829,0,0.006038434983040988,0.01054,0.00577,0.00841,0,169
"2026-04-01","639082",,"Boldfit Stainless Steel Wall Bottle","1 ltr","Kitchen & Dining Needs","Boldfit",,,326.12829810858995,999,,88.87046,67.34011041325822,1.207104672711332,0.6884,0.13095,0.19072,0,326.2722969715504
"2026-04-01","563554",,"House of Quirk Double Insulated Tumbler (Toffee Brown)","1 pc","Kitchen & Dining Needs","House of Quirk",,,1099,1999,,15.6559,45.02251125562781,0.0004449649713494049,0.00043,0.00037,0.00055,0,1099
"2026-04-01","501035",,"Homez it Large Zip Lock Bag (25 cm x 30 cm) (Plastic)","15 pcs","Kitchen & Dining Needs","Homez it",,,279.09870916074794,399,,65.3602,29.999048423814433,0.07116033764684981,0.08686,0.04489,0.06537,0,18.621315384758738
"2026-04-01","759627",,"ReeQ Silicone Ice Facial Collapsible Bowl (Black)","1 pc","Kitchen & Dining Needs","ReeQ",,,499,1499,,11.09777,66.711140760507,0.0018663571805753757,0.00108,0.00001,0.00002,0,499.0000000000001
"2026-04-01","602956",,"Sakoraware Ice cream Scoop (Stainless Steel)","1 pc","Kitchen & Dining Needs","Sakoraware",,,269,599,,10.88171,55.09181969949917,0.022327366193472607,0.0175,0.01594,0.02322,0,268.99999999999994
"2026-04-01","718586",,"Habere India Serving Tray (Blue & White)","1 pc","Kitchen & Dining Needs","Habere India",,,1599,3399,,37.9006,52.9567519858782,0.0011354108060460054,0.00093,0.00246,0.00003,0.00776,1599
"2026-04-01","586802",,"The Better Home Insulated Thermal Bottle","1 pc","Kitchen & Dining Needs","The Better Home",,,899.2308035714286,2450,,38.95393,63.296849670794934,0.01847064616873986,0.01183,0.00024,0.00036,0,899.5849454733009
"2026-04-01","541070",,"EK DO DHAI Couple Drinking Glass (280 ml)","2 pcs","Kitchen & Dining Needs","EK DO DHAI",,,750,750,,13.82838,0,0.00046605465995847294,0.00081,0.00058,0.00085,0,375
"2026-04-01","601043",,"Stacpro Acrylic Kitchen Container Set","4 pcs","Kitchen & Dining Needs","stacpro",,,899,1800,,11.66753,50.05555555555555,0.005190657633417092,0.00452,0.00027,0.00039,0,224.75
"2026-04-01","616678",,"Impetus Water Steel Wall Bottle","1 pc","Kitchen & Dining Needs","Impetus",,,299,799,,56.74045,62.5782227784731,0.017057760202550114,0.01114,0.0156,0.02273,0,299
"2026-04-01","558603",,"Nestasia Ceramic Nitori Chip & Dip Platter (White)","1 pc","Kitchen & Dining Needs","Nestasia",,,530.7346177111674,760,,9.76032,30.166497669583233,0.002003743619054974,0.00242,0.00052,0.0007,0.00015,524.9373716008116
"2026-04-01","428141",,"Prestige 20265 Deluxe Alpha Svachh OL SS Handi Pressure Cooker (Stainless Steel)","1 unit","Kitchen & Dining Needs","Prestige",,,2085.341477104255,2491.395199875,,60.76986,16.617178479762483,0.17735802136535997,0.25807,0.08204,0.10959,0.02168,2070.6433744686615
"2026-04-01","756490",,"Parage Stainless Steel Rose Gold Spoon & Fork Set","6 pcs","Kitchen & Dining Needs","Parage",,,358.3,999,,22.34276,64.13069673537642,0.00258590899752187,0.00161,0.02219,0.00048,0.06976,356.93833677632773
"2026-04-01","605635",,"Steellock Stainless Steel Container Set","3 pcs","Kitchen & Dining Needs","Steel Lock",,,679.5405607142858,716.0865922916668,,54.95571,5.03549419272182,0.010097647685659511,0.01665,0.03911,0.00098,0.12264,226.2587351523014
"2026-04-01","650682",,"Larah by Borosil Opalware 7"" Dark Forest Serving Bowl (White)","1 pc","Kitchen & Dining Needs","Larah",,,229.93361607807068,290.020200625,,67.95666,20.750413125112605,0.007145271663395368,0.00987,0.00982,0.00841,0.01291,229.6038938520687
"2026-04-01","575930",,"Oliveware Stainless Steel Executive Lunch Box Set","1 set","Kitchen & Dining Needs","Oliveware",,,799,1185,,46.79417,32.57383966244725,0.025340193115963843,0.02982,0.02246,0.03271,0,799
"2026-04-01","676988",,"House of Quirk Silicone Cute Tumbler Straw Topper","3 pcs","Kitchen & Dining Needs","House of Quirk",,,389,799,,35.48316,51.31414267834793,0.007073234708071618,0.00601,0.01467,0.02137,0,129.66666666666666
"2026-04-01","665904",,"Wedtree Wood Meenakari Design Serving Tray (Multicolour)","1 pc","Kitchen & Dining Needs","Wedtree",,,810,972,,1.48221,16.666666666666668,0,0,,,,810
"2026-04-01","548898",,"Nayasa Plastic Use Max Container Set","9 pcs","Kitchen & Dining Needs","Nayasa",,,557.0026284558801,695,,77.31209,20.188969733699743,0.1741840900078482,0.24353,0.24926,0.36303,0,554.4630303390131
"2026-04-01","580666",,"House of Quirk Kitchen Cutlery Holder (Plastic)","1 pc","Kitchen & Dining Needs","House of Quirk",,,799,999,,39.88661,20.02002002002001,0.005848567475685862,0.00816,0.00148,0.00158,0.00125,799.0000000000001
"2026-04-01","392620",,"Borosil Microwave Safe Drinking Glasses","3 pcs","Kitchen & Dining Needs","Borosil",,,543.8781912537083,641.3770382916666,,69.99672,15.255982422442635,0.0285078143479785,0.04216,0.04561,0.01457,0.11362,543.5977605850636
"2026-04-01","565936",,"Borosil Borosilicate Shot Glasses","6 pcs","Kitchen & Dining Needs","Borosil",,,406.1140304113402,487.77763937500004,,70.33486,16.81974981761305,0.044500543180412536,0.06466,0.02931,0.04269,0,67.16830162907527
"2026-04-01","664569",,"Cello Glass Nadir Serving Bowl (Transparent)","1 pc","Kitchen & Dining Needs","Cello",,,219.02852259411623,249.31484974999998,,65.44878,12.35692306303413,0.034636146572540945,0.05287,0.05373,0.05703,0.04649,19.91003499872847
"2026-04-01","562416",,"Wonderchef Ferro Dosa Tawa 28 cm (Iron)","1 unit","Kitchen & Dining Needs","Wonderchef",,,1638.9624507200683,2979.8938702469136,,41.65786,45.21048243126956,0.1690449009298108,0.16247,0.02816,0.0161,0.05458,1632.064762328031
"2026-04-01","742331",,"Kavi The Poetry-Art Project Cork Round Trivet Set (Brown)","4 pcs","Kitchen & Dining Needs","Kavi The Poetry-Art Project",,,649,899,,0.67348,27.808676307007786,0.0002730040302761993,0.00034,,,,649
"2026-04-01","566944",,"Philips Home Induction Cooktop (HD4995/00)","2100 W","Kitchen & Dining Needs","Philips Home",,,4795.016052631579,6295,,0.72992,26.30090382815172,0.021872923461728738,0.02705,0.01153,0.00534,0.02508,4332.441355122858
"2026-04-01","595982",,"Indigo Plastic Hand Held Vegetable Chopper (650 ml)","1 pc","Kitchen & Dining Needs","Indigo",,,349,873,,29.75403,60.02290950744559,0.0014490822759862093,0.00101,0.00093,0.00136,0,349
"2026-04-01","619356",,"Chumbak Friends Forever Mug (Ceramic)","1 pc","Kitchen & Dining Needs","Chumbak",,,342.66766320911734,395,,77.14007,12.243663614963886,0.030993111171254653,0.04733,0.06822,0.09936,0,347.7286765957898
"2026-04-01","521101",,"The Artment Boho Tumbler Crystal Glass Set (Glass)","4 pcs","Kitchen & Dining Needs","The Artment",,,1388.6274820057479,1499,,62.3518,6.694070330596854,0.006418446949436256,0.01097,0.002,0.00291,0,368.1895344919319
"2026-04-01","566086",,"The Artment Floral Design Knife (Stainless Steel)","1 pc","Kitchen & Dining Needs","The Artment",,,249,399,,0.03504,37.59398496240601,0.000048466544878157344,0.00005,0.00001,0.00002,0,249.00000000000006
"2026-04-01","568410",,"Wonderchef Blueberry Non-Stick Fry Pan (Aluminium)","1 pc","Kitchen & Dining Needs","Wonderchef",,,646.7685322247305,1115.610298875,,58.92653,42.4454135379293,0.40177432728244233,0.40708,0.70606,1.02832,0,643.9562381173278
"2026-04-01","566947",,"Philips Home Induction Cooktop (HD4934/00)","1300 W","Kitchen & Dining Needs","Philips Home",,,3027.4775193798446,4023.1501058139534,,1.10676,28.35974862932799,0.04657446034368424,0.05625,0.04167,0.0487,0.02627,2841.2653398330817
"2026-04-01","570118",,"Rusabl Chopping Board (Stainless Steel)","1 pc","Kitchen & Dining Needs","Rusabl",,,487.7164645543926,1452.7361224583333,,71.46174,68.07163618463616,0.18043820129780203,0.09997,0.01702,0.01252,0.02688,464.45204334157097
"2026-04-01","674432",,"Irida Naturals Wheat Straw Ramen Bowl Set (Soft Beige, 1100 ml, 2 pcs)","2 pcs","Kitchen & Dining Needs","Irida Naturals",,,696.0027690732207,1499,,49.42903,53.59293372703683,0.0184804795934035,0.01503,0.07604,0.04511,0.14382,347.12660534820213
"2026-04-01","639789",,"Ocean Glass Divano Pitcher Water Jug (Transparent)","1 pc","Kitchen & Dining Needs","Ocean",,,726.0000625,820,,46.36804,11.463390536607516,0.05192128684156673,0.08024,0.03742,0.0545,0,726.000258205642
"2026-04-01","566506",,"Judge by Prestige Stainless Steel Classic Bowl Set (Silver)","6 pcs","Kitchen & Dining Needs","Judge",,,319.0009030168589,449.94469509316764,,53.41491,29.09586521220821,0.030542596051696475,0.03779,0.08379,0.02851,0.20489,53.16705446430505
"2026-04-01","633976",,"BTWIN Cycling Plastic Sipper Bottle","1 pc","Kitchen & Dining Needs","BTWIN",,,179.043035714542,199,,83.96643,10.024751387800578,0.08348109199557888,0.1311,0.24466,0.35633,0,179.0507814720536
"2026-04-01","603120",,"Cutting Edge Borosilicate Glass Bottle with Black Sleeve","1 pc","Kitchen & Dining Needs","Cutting Edge",,,325,575,,43.40577,43.47826086956522,0.02943498299559877,0.02904,0.32145,0.05534,0.90448,324.99999999999994
"2026-04-01","735420",,"Habere India Bamboo Multipurpose Serving Tray (Blue)","1 pc","Kitchen & Dining Needs","Habere India",,,1699,3199,,11.31531,46.88965301656768,0.00038858252781624183,0.00036,0.00001,0.00001,0,169900
"2026-04-01","570516",,"Chumbak Ceramic Suzani Blossom Plate Set Gift (Multicolour)","4 pcs","Kitchen & Dining Needs","Chumbak",,,1217.956235209532,2595,,60.0925,53.06510239321173,0.059967353881761346,0.04913,0.0763,0.04073,0.15423,1217.9531438796575
"2026-04-01","586519",,"FunBlast Anti-Leak Kids Bottle for Kids (Tritan)","1 pc","Kitchen & Dining Needs","FunBlast",,,681,999,,3.62692,31.83183183183183,0.000978372823463818,0.00116,0.00005,0.00008,0,681
"2026-04-01","717858",,"Picfest Stainless Steel Delux Dessert Spoon","6 pcs","Kitchen & Dining Needs","Picfest",,,189,349,,28.23431,45.845272206303726,0.0035256840485520255,0.00333,0.00126,0.00184,0,31.500000000000004
"2026-04-01","613892",,"averX Plastic Pull & Chop Vegetable & Fruit Chopper (1000 ml)","1 pc","Kitchen & Dining Needs","averx",,,249,699,,48.67154,64.37768240343348,0.2317726546673689,0.14411,0.11424,0.09591,0.15441,249.0000000000001
"2026-04-01","499022",,"Homez it Coffee Mug (Ceramic)","1 pc","Kitchen & Dining Needs","Homez it",,,148.15494436040063,149,,14.86934,0.5709441261488055,0.0007450499568838586,0.00129,0.00021,0.00031,0,147.96724209783142
"2026-04-01","639080",,"Boldfit Steel Wall Bottle","1 ltr","Kitchen & Dining Needs","Boldfit",,,277.25704113104825,799,,78.45749,64.20501012863963,2.1535298119870427,1.31649,3.92247,0.31732,11.82134,286.0017458941819
"2026-04-01","566116",,"The Artment Crystal Diamond Cut Whiskey Glass Set","4 pcs","Kitchen & Dining Needs","The Artment",,,973.2567474342706,1249,,28.61069,22.027423378850678,0.0048090176648470625,0.00658,0.00074,0.00091,0.00036,245.00427749471893
"2026-04-01","575996",,"Agaro Regency Electric Citrus Juicer (Black, Grey)","350 W","Kitchen & Dining Needs","Agaro",,,3485.7941808333335,5999,,22.08702,41.8937459437684,0.013005451978321116,0.01312,0.00057,0.00083,0,3468.3912480439235
"2026-04-01","546648",,"Kent Bread & Atta Maker (2 Pounds, 550 W)","1 unit","Kitchen & Dining Needs","Kent",,,7538.253000000001,10000,,52.97905,24.61747,0.00708777612917551,0.00941,0.00002,0.00003,0,7583.967362843782
"2026-04-01","558628",,"Nestasia Ceramic Stacking Cup Set (240 ml, Blue & White)","4 pcs","Kitchen & Dining Needs","Nestasia",,,981.9398703622554,1530,,2.77377,35.81904807160959,0.003854511517249786,0.00432,0.00518,0.00019,0.0161,246.67774140119965
"2026-04-01","563573",,"House of Quirk Double Insulated Tumbler (Sunshine Yellow)","1 pc","Kitchen & Dining Needs","House of Quirk",,,1199,1999,,1.48221,40.020010005002504,0,0,,,,1199
"2026-04-01","607504",,"Vesta Homes Chakla Belan Set With Stand (Wood)","3 pcs","Kitchen & Dining Needs","Vesta Homes",,,949,2999,,44.83777,68.3561187062354,0.12699323615491478,0.07014,0.03246,0.04727,0,949
"2026-04-01","708013",,"HAZEL Stainless Steel Spoon Set","6 pieces","Kitchen & Dining Needs","Hazel",,,156.43553156154985,319,,55.76981,51.03860610381419,0.1714184003748677,0.14693,0.07728,0.10464,0.01736,26.031218193698137
"2026-04-01","604193",,"Steellock Steel Pro Spice Container","1 set","Kitchen & Dining Needs","Steel Lock",,,1217.0285039370078,1362.3963257480316,,26.12209,10.670009824872999,0.0004139092127959739,0.00065,0.00399,0.00045,0.01174,1219.7593529091555
"2026-04-01","580488",,"House of Quirk Kitchen Cutlery Holder (Plastic)","1 pc","Kitchen & Dining Needs","House of Quirk",,,799,999,,33.7414,20.02002002002002,0.0035776591339872275,0.00499,0.00133,0.00087,0.00235,798.9999999999999
"2026-04-01","674341",,"GKD Wood Vibrant India Theme Coaster Set with Stand (Multicolour)","7 pcs","Kitchen & Dining Needs","GKD",,,299,999,,45.60867,70.07007007007007,0.08223132619894344,0.04296,0.01099,0.01564,0.00081,42.71428571428572
"2026-04-01","521008",,"Vinayak Stainless Steel Rice Server (Silver)","1 pc","Kitchen & Dining Needs","Vinayak",,,119.22083333333335,149,,53.15231,20.010733561205615,0.0032304592006795257,0.0045,0.0033,0.0048,0,119.03487276117319
"2026-04-01","598069",,"Home Focus Hydra Thermal Bottle","1 pc","Kitchen & Dining Needs","home focus",,,699,1195,,0.59307,41.50627615062761,0,0,,,,699
"2026-04-01","572070",,"Fabindia Cotton Table Runner (Rust)","1 pc","Kitchen & Dining Needs","Fabindia",,,799,799,,0.77498,0,0.00004852721916178301,0.00008,,,,799
"2026-04-01","521007",,"Vinayak Turner (Stainless Steel)","1 pc","Kitchen & Dining Needs","Vinayak",,,119.88408333333335,149,,8.60575,19.56385704157051,0.0022374975827972716,0.00313,0.00069,0.001,0,119.25758236791218
"2026-04-01","617618",,"Kuber Industries 2-in-One Fruit Basket (Stainless Steel)","1 pc","Kitchen & Dining Needs","Kuber Industries",,,899,3999,,1.18919,77.51937984496124,0.0016134128337270562,0.00063,,,,899
"2026-04-01","582063",,"FunBlast Cartoon Kids Bottle (Polypropylene)","1 pc","Kitchen & Dining Needs","FunBlast",,,489,999,,3.69884,51.051051051051054,0.0007784510589172581,0.00067,0.00002,0.00003,0,488.99999999999983
"2026-04-01","569240",,"ExclusiveLane Twelve Blends Spice Box (Wood)","1 pc","Kitchen & Dining Needs","ExclusiveLane",,,1399,2415,,50.10744,42.070393374741194,0.02157443605012471,0.02181,0.015,0.00772,0.03094,1399
"2026-04-01","521440",,"Navum Jute Shopping And Lunch Bag (XL) (Beige, Blue)","1 pc","Kitchen & Dining Needs","Navum",,,210.78974887960894,499,,85.43103,57.87894050030369,0.2725680458276466,0.1999,0.1883,0.27424,0,210.18971443186174
"2026-04-01","620825",,"Chumbak Lady Chettiar Steel Wall Bottle","1 pc","Kitchen & Dining Needs","Chumbak",,,1414.5527182494359,1695,,46.17786,16.519350731960355,0.016120610361965843,0.02344,0.01406,0.00617,0.03135,1418.0198358275497
"2026-04-01","624479",,"Shalimar Pressfit Medium Zip Lock Bag (Plastic)","15 pcs","Kitchen & Dining Needs","Shalimar",,,143.58632635882637,155,,50.12445,7.406989389726828,0.007277039444565163,0.0118,0.00682,0.00994,0,9.590287168391436
"2026-04-01","624559",,"Yellocut Fridge Square Plastic Bottle Set","6 pcs","Kitchen & Dining Needs","Yellocut",,,299,499,,3.13316,40.08016032064128,0.012872121424386583,0.01346,0.00008,0.00012,0,49.83333333333334
"2026-04-01","752508",,"Pi Stainless Steel Carrot Theme Baby Fork & Spoon Set","1 set","Kitchen & Dining Needs","Pi",,,412.536,999,,43.50386,58.67208015914964,0.006071372191001982,0.00437,0.00477,0.00371,0.00709,412.4285360533111
"2026-04-01","559249",,"Nestasia Stainless Steel Gourmet Cheese Knives Cutlery Set","3 pcs","Kitchen & Dining Needs","Nestasia",,,920.25,1530,,0.65627,39.85294117647059,0,0,0,0,0,920.25
"2026-04-01","625156",,"House of Quirk Draining Colander Basket With Handle (Plastic)","1 pc","Kitchen & Dining Needs","House of Quirk",,,549,899,,41.44798,38.932146829810904,0.0006006090852537053,0.00064,0.00003,0.00005,0,549
"2026-04-01","581818",,"Pigeon Elegant Milk Boiler with Whistle Indication (Stainless Steel)","1 pc","Kitchen & Dining Needs","Pigeon",,,749,1245,,8.8344,39.83935742971887,0.0007561509821216278,0.00079,,,,749
"2026-04-01","639116",,"Frenchware Stainless Steel Fork Set","1 pack (6 pieces)","Kitchen & Dining Needs","Frenchware",,,411.05248278379383,621.5420815833332,,73.81957,35.58013723972772,0.047332306379441205,0.05211,0.01988,0.02729,0.00365,64.92510237366841
"2026-04-01","650076",,"Sipologie Stainless Steel, Ceramic Tea Pot with Infuser (White)","1 pc","Kitchen & Dining Needs","Sipologie",,,899,1399,,6.16288,35.7398141529664,0,0,0.00023,0.00033,0,899
"2026-04-01","429203",,"Pasabahce Karat Whisky Glass Set","6 pcs","Kitchen & Dining Needs","Pasabahce",,,645.1666666666666,645.1666666666666,,2.68031,0,0,0,0,0,0,107.52777777777777
"2026-04-01","608669",,"Stacpro Acrylic Kitchen Container Set","4 pcs","Kitchen & Dining Needs","stacpro",,,1499,2200,,11.94622,31.863636363636363,0.0006680850836173447,0.00079,0.00007,0.00011,0,374.7499999999999
"2026-04-01","620885",,"Cello Venice Plastic Bottle Set of 3","1 ltr","Kitchen & Dining Needs","Cello",,,249.40207015437286,404.90497033333327,,5.52714,38.200783324769155,0.03287485429336817,0.03534,0.00234,0.00009,0.00727,83.40757918417684
"2026-04-01","546502",,"Solara Motivational Workout Plastic Sipper Bottle","1 pc","Kitchen & Dining Needs","Solara",,,1298.0257735303908,2999,,46.22769,56.71668134061374,0.03915700129307336,0.02951,0.02365,0.01224,0.04864,1300.3723266204395
"2026-04-01","582294",,"UPC Coffee Mug (Ceramic)","6 pcs","Kitchen & Dining Needs","U.P.C.",,,499,999,,50.95047,50.05005005005005,0.0029545342411516663,0.00258,0.0009,0.00132,0,83.16666666666667
"2026-04-01","762156",,"Lifelong Stainless Steel Dessert Spoon Set","6 pcs","Kitchen & Dining Needs","Lifelong",,,217.32167832167832,599,,77.26791,63.936098669180474,0.03517045561086201,0.02211,0.00798,0.01162,0,215.75950221461608
"2026-04-01","717793",,"HAZEL Stainless Steel Flip-Lid Jug (Silver)","1 pc","Kitchen & Dining Needs","Hazel",,,554,1419,,34.24036,60.9584214235377,0.00017236598291254452,0.00012,,,,554
"2026-04-01","532595",,"Larah by Borosil Dreamer Opalware Mug Set (Opalware)","6 pcs","Kitchen & Dining Needs","Larah by Borosil",,,568.9514001704324,655,,38.03652,13.137190813674438,0.0020618701293835273,0.00313,0.00316,0.0046,0,94.81123080288398
"2026-04-01","771830",,"CutTales Stainless Steel Bowl Set (Silver)","6 pcs","Kitchen & Dining Needs","CutTales",,,379,1499,,13.35312,74.71647765176785,0,0,0.00014,0,0.00044,379
"2026-04-01","711015",,"Selvel Polypropylene Dessert Bowl Set (White)","1 pc","Kitchen & Dining Needs","Selvel",,,1199,1856,,83.78955,35.39870689655174,0.0167176447662272,0.01885,0.01066,0.0027,0.0281,1199.0000000000002
"2026-04-01","662937",,"HAZEL Stainless Steel Casserole with Lid (Silver)","1 pc","Kitchen & Dining Needs","Hazel",,,647.296621447686,1029,,62.06798,37.06692412243993,0.038820809460424904,0.04292,0.00977,0.01424,0,648.4524614834008
"2026-04-01","581341",,"KoolTech Li'l Sisters Break The Rules Printed Coffee Mug (Ceramic)","1 pc","Kitchen & Dining Needs","kooltech",,,349,999,,1.3471,65.06506506506507,0,0,,,,349
"2026-04-01","542126",,"Ocean Madison Wine Glass","2 pcs","Kitchen & Dining Needs","O'cean",,,598.9994255050505,635.057435,,56.88985,5.6807867199355035,0.04685407349795428,0.07714,0.03868,0.05633,0,299.49946438633157
"2026-04-01","741894",,"Gluman Plastic Dinner Plate Set (Beige)","6 pcs","Kitchen & Dining Needs","Gluman",,,249,349,,26.13981,28.653295128939828,0.00124200950960945,0.00155,0.00048,0.0007,0,249.00000000000003
"2026-04-01","481158",,"Walton Plastic Pull and Chop Vegetable Chopper","1 pc","Kitchen & Dining Needs","Walton",,,275,495,,2.83091,44.44444444444444,0.000030063834228932187,0.00003,,,,275
"2026-04-01","603244",,"Irida Naturals Wheat Straw Bowl Set (Dark Multicolour)","4 pcs","Kitchen & Dining Needs","Irida Naturals",,,475,999,,69.01396,52.45245245245244,0.06219586000945844,0.05162,0.18722,0.13189,0.30844,118.74999999999999
"2026-04-01","615701",,"New Dawn Plastic Container Set for Fridge","3 pcs","Kitchen & Dining Needs","New Dawn",,,399,700,,63.46585,43.000000000000014,0.15809538848850768,0.15729,0.12494,0.18196,0,132.99999999999997
"2026-04-01","701368",,"Nestasia Aluminium Decorative Bloom Bowl","1 pc","Kitchen & Dining Needs","Nestasia",,,1489.1957512408756,2250,,32.83481,33.8135221670722,0.00883603418746707,0.01021,0.02577,0.00443,0.07253,1488.1614196984203
"2026-04-01","548702",,"Prestige PIC 20 Neo Induction Cooktop (1600 W)","1 unit","Kitchen & Dining Needs","Prestige",,,2315.5,3206.05,,0.206,27.76137237536536,0.031819056711076675,0.04003,0.00718,0.00889,0.00345,2361.329047279926
"2026-04-01","633486",,"Earth Chakra Masala Box (Brass)","1 set","Kitchen & Dining Needs","earth chakra",,,1999,3200,,36.92062,37.53125,0.004431377279459816,0.00483,0.01193,0.00006,0.03794,1999.0000000000002
"2026-04-01","480966",,"Fackelmann Arcadalina Egg Whisk (Steel)","1 pc","Kitchen & Dining Needs","Fackelmann",,,178.84505396535448,199,,46.29535,10.070709535765884,0.03577104647561012,0.05618,0.04771,0.06949,0,178.9797491049969
"2026-04-01","622076",,"Joseph Joseph Cutlery Organiser Tray (Polypropylene)","1 pc","Kitchen & Dining Needs","Joseph Joseph",,,3314,5099,,9.5216,35.006864090998235,0,0,,,,3314
"2026-04-01","569175",,"The Indus Valley Premium Tawa with Double Handles (Iron)","1 unit","Kitchen & Dining Needs","The Indus Valley",,,1399,2347.4419789166664,,40.7861,40.40477591829063,0.048103967931359244,0.05014,0.00987,0.00183,0.0275,1399.0000000000002
"2026-04-01","188776",,"Fackelmann Bamboo Solid Rice Spoon","1 pc","Kitchen & Dining Needs","Fackelmann",,,150.39713846030847,240.72281866666665,,78.67153,37.528892248811474,0.02697287613861142,0.02913,0.04802,0.06994,0,150.66101605361635
"2026-04-01","588422",,"Nike Big Mouth Plastic Bottle","1 pc","Kitchen & Dining Needs","Nike",,,799,799,,2.17614,0,0.00019410887664713205,0.00034,0,0,0,799
"2026-04-01","761849",,"Lifelong Stainless Steel Fork Set","6 pcs","Kitchen & Dining Needs","Lifelong",,,217.32335329341316,599,,65.34352,63.83987177363607,0.023246282227494502,0.01463,0.00391,0.00569,0,216.0192992451664
"2026-04-01","650497",,"Larah by Borosil Opalware Golden Lush Dinner Set (White)","1 set","Kitchen & Dining Needs","Larah",,,1465.7902473107645,2199,,78.02144,34.363358837816335,0.1500476263946777,0.17089,0.04631,0.06238,0.0111,1433.9201703012907
"2026-04-01","568054",,"The Earth Store Coffee Mug Set (Ceramic)","6 pcs","Kitchen & Dining Needs","The Earth Store",,,907.4808693299279,1099,,35.4655,17.947429389671072,0.010318610490065206,0.01292,0.00049,0.00071,0,136.5178511727439
"2026-04-01","579841",,"Oliveware Stainless Steel Container Set","2 pcs","Kitchen & Dining Needs","Oliveware",,,350,900,,26.51838,61.111111111111114,0.012319248241736747,0.00836,0.00076,0.0011,0,175
"2026-04-01","428951",,"Polyset Colander (Plastic)","1 pc","Kitchen & Dining Needs","Polyset",,,90.69607843137256,127.59803924369749,,2.86621,28.920476389019157,0.000015669634810231324,0.00002,0,0,0,87.51149425287356
"2026-04-01","764386",,"Classic Essentials Stainless Steel 3-in-1 Serving Plate (Silver)","1 pc","Kitchen & Dining Needs","Classic Essentials",,,299,350,,15.0806,14.571428571428571,0.00012754353915304562,0.00019,0.00004,0.00006,0,299
"2026-04-01","704848",,"Birch & Co. Glass Clink & Charm Glasses & Jug Set (Transparent)(Box)","1 set","Kitchen & Dining Needs","Birch & Co",,,1205.7590460641788,1999,,12.93313,39.68188864111162,0.0026102989663090506,0.00269,0.00002,0.00003,0,1206.2200601979425
"2026-04-01","676267",,"Femora Ceramic Floral Japanese Ramen Bowl (Blue)","2 pcs","Kitchen & Dining Needs","Femora",,,364.1398031940049,550,,36.96208,33.627641939890495,0.027889419680600023,0.03289,0.0089,0.00887,0.00897,1.1639267794595058
"2026-04-01","480896",,"Godrej Cartini Versatile Kitchen Scissors (Stainless Steel)","1 pc","Kitchen & Dining Needs","Godrej Cartini",,,158.93848014582056,165,,73.63387,3.6704097180251853,0.26891010113324854,0.45195,0.12421,0.18089,0,158.94381977831523
"2026-04-01","577756",,"Glasafe Glass Lunch Set with Bottle","1 pc","Kitchen & Dining Needs","Glasafe",,,2309,6295,,2.6584,63.320095313741064,0,0,0,0,0,2309
"2026-04-01","611750",,"Yellocut Plastic Container Set","4 pcs","Kitchen & Dining Needs","Yellocut",,,389,499,,44.91557,22.04408817635271,0.00962642259282883,0.0131,0.00086,0.00125,0,97.24999999999996
"2026-04-01","619593",,"Chumbak Wood Jaipur Gardens Kasuti Serving Tray (Multicolour)","1 pc","Kitchen & Dining Needs","Chumbak",,,971.9503849893964,1295,,56.79413,24.736521115120873,0.01353694194001678,0.0178,0.0093,0.01354,0,1009.4178682469404
"2026-04-01","741123",,"Habere India Cane Handcrafted Serving Tray (Green)","1 pc","Kitchen & Dining Needs","Habere India",,,,,,0,,0,0,,,,
"2026-04-01","613765",,"Cutting Edge Plastic Slim Container Set","2 pcs","Kitchen & Dining Needs","Cutting Edge",,,235,275,,54.4135,14.545454545454511,0.016307007409620614,0.02432,0.00745,0.00189,0.01965,117.5
"2026-04-01","650677",,"Larah by Borosil Opalware 7"" Medley Serving Bowl (White)","1 pc","Kitchen & Dining Needs","Larah",,,229.01170833333336,290.0003900416667,,67.61289,21.031106702263866,0.006270659153133671,0.00864,0.00732,0.00772,0.00644,229.0098063345702
"2026-04-01","595106",,"ExclusiveLane Ceramic Hand-Painted Serving Bowl (Multicolour)","2 pcs","Kitchen & Dining Needs","ExclusiveLane",,,799,1325,,27.61382,39.698113207547166,0.0029984585961904714,0.00316,0.00562,0.00576,0.00533,399.50000000000006
"2026-04-01","607306",,"Cutting EDGE Silica Glass Storage Jar Set (1.2 L)","2 pcs","Kitchen & Dining Needs","Cutting Edge",,,420,750,,31.87748,44,0.008665737507374755,0.00847,0.01807,0.00244,0.05233,209.99999999999997
"2026-04-01","718278",,"Habere India Cane Multipurpose Rectangular Serving Tray (Brown)","1 pc","Kitchen & Dining Needs","Habere India",,,2399,6599,,63.45486,63.64600697075314,0.004007904487688035,0.00254,0.0111,0.00009,0.03523,2399
"2026-04-01","716554",,"The Earth Store Ceramic Bowl (Green)","2 pcs","Kitchen & Dining Needs","The Earth Store",,,496.0178526086957,1099,,41.06853,54.852478763431066,0.12279529835327069,0.0968,0.14105,0.01859,0.40935,248.1558255027992
"2026-04-01","626146",,"The Better Home 2 Layer Ice Tray Set with Storage Box (Plastic)","1 set","Kitchen & Dining Needs","The Better Home",,,539,995,,27.35903,45.82914572864322,0.03170217344313109,0.02997,0.0923,0.09328,0.09014,539.0000000000001
"2026-04-01","534069",,"Larah by Borosil Opalware Spiral Pudding Set (White)","5 pcs","Kitchen & Dining Needs","Larah by Borosil",,,579,595,,45.17669,2.6890756302520975,0.00536783674508716,0.00912,0.06816,0.03354,0.144,579
"2026-04-01","711798",,"Cello Melamine Oceana Multipurpose Serving Platter (Black)","2 pcs","Kitchen & Dining Needs","Cello",,,219.02355825715293,252,,65.64421,13.081221423951927,0.004698915340263083,0.00713,0.00952,0.01387,0,109.5400258695628
"2026-04-01","764264",,"green toys Silicone Collapsible Bowl (Black)","1 pc","Kitchen & Dining Needs","Green Toys",,,271,499,,12.54941,45.704311849505466,0.0007122089531923967,0.00067,0.00006,0.00009,0,269.01527949247634
"2026-04-01","594784",,"Tex-RO Plastic Container Set","4 pcs","Kitchen & Dining Needs","Texro",,,499,1299,,13.2391,61.585835257890686,0.00007889478921895537,0.00005,,,,124.75
"2026-04-01","553926",,"Party Propz Super Dad Printed Mug (Ceramic)","1 pc","Kitchen & Dining Needs","Party Propz",,,208.64603174603172,399,,11.44945,47.70776146715997,0.00018174954329309002,0.0002,,,,241.8712766660062
"2026-04-01","572704",,"Femora Glass Mixing Bowl Set (Transparent)","3 pcs","Kitchen & Dining Needs","Femora",,,801.0647439437336,1095,,66.7013,26.85066477695238,0.014571480747407314,0.01862,0.03334,0.04855,0,799.5385851070524
"2026-04-01","623567",,"ExclusiveLane Wood Hand Carved Elephant Multi-Utility Storage Box","1 pc","Kitchen & Dining Needs","ExclusiveLane",,,1375.0869565217392,2415,,0.71288,43.06058151048699,0.0006409700560136308,0.00063,,,,1360.907879322464
"2026-04-01","552721",,"Femora Handcrafted Mug Set (Ceramic)","6 pcs","Kitchen & Dining Needs","Femora",,,626.8326058881737,823.8617099999999,,68.46968,23.9645504077904,0.041879569184286494,0.05559,0.00687,0.01001,0,105.1626105321162
"2026-04-01","496186",,"Ocean Solo Shot Glass","6 pcs","Kitchen & Dining Needs","O'cean",,,479.7497880476841,535,,77.50074,10.419083323732224,0.03458221369377974,0.05412,0.07966,0.11602,0,79.84390969953503
"2026-04-01","772056",,"Selvel Polypropylene, Stainless Steel Insulated Coral Casserole Set (White & Black)","3 pcs","Kitchen & Dining Needs","Selvel",,,1950,3571,,14,45.39344721366564,0,0,,,,1950
"2026-04-01","581998",,"FunBlast Polypropylene Unicorn Lunch Box With Spoon For Kids","1 pc","Kitchen & Dining Needs","FunBlast",,,,,,0,,0,0,,,,
"2026-04-01","552717",,"Femora Coffee Mug (Ceramic)","1 pc","Kitchen & Dining Needs","Femora",,,140.25026195448015,300,,66.98583,53.53927616259668,0.11965949085284217,0.09713,0.37799,0.54807,0.00535,139.3792284713579
"2026-04-01","705877",,"ExclusiveLane Ceramic Forest Canopy Serving Bowl Set (Forest Green & Earthy Brown)","2 pcs","Kitchen & Dining Needs","ExclusiveLane",,,775,1699,,52.25334,54.38493231312537,0.0011422996148007173,0.00091,0.0029,0.00186,0.00516,387.5000000000001
"2026-04-01","577724",,"Glasafe Glass Bottle","1 pc","Kitchen & Dining Needs","Glasafe",,,399,1949,,1.02054,79.52796305797845,0.0011245393591787119,0.0004,0.00008,0.00011,0,399
"2026-04-01","634306",,"Folello Stainless Steel Thermal Bottle","1 pc","Kitchen & Dining Needs","folello",,,1249,2999,,0.03826,58.352784261420474,0.0007285773443921308,0.00053,,,,1249.0000000000002
"2026-04-01","500893",,"Fackelmann Tea Infuser with Holder (Stainless Steel)","1 pc","Kitchen & Dining Needs","Fackelmann",,,192.25687401275664,337.2647465833333,,67.04179,43.18625584981025,0.022631869104998266,0.02252,0.00695,0.01011,0,190.71482502279963
"2026-04-01","562379",,"Happy Kitchen Small Strainer (Stainless Steel)","1 pc","Kitchen & Dining Needs","Happy Kitchen",,,150.79750161439728,229.95392174999998,,82.79149,33.97183357831926,0.4250699007148982,0.48528,0.13992,0.20377,0,152.08976603571335
"2026-04-01","692708",,"Nayasa Melamine Moon Dip Serving Bowl Set (White)","1 set","Kitchen & Dining Needs","Nayasa",,,150.14285714285714,169,,63.50549,11.16434578580368,0.00016525360855420293,0.00024,0.00007,0.0001,0,141.1972849999732
"2026-04-01","662302",,"HAZEL Stainless Steel Snack Plate Set (Silver)","6 pcs","Kitchen & Dining Needs","Hazel",,,398.58421314613196,499,,60.59018,20.29837622083894,0.016354178112140974,0.02281,0.01205,0.01755,0,65.98554855338318
"2026-04-01","563560",,"House of Quirk Double Insulated Tumbler (Bubblegum Pink)","1 pc","Kitchen & Dining Needs","House of Quirk",,,1199,1999,,2.16185,40.020010005002504,0,0,,,,1199
"2026-04-01","565910",,"Milton Charge 1000 Copper Bottle","850 ml","Kitchen & Dining Needs","Milton",,,874.3251728279959,1198.3845375423728,,25.82733,28.25340558911894,0.11833827297911248,0.14556,0.02458,0.01691,0.04138,870.5785921318111
"2026-04-01","553675",,"HAZEL Bread / Cake Mould (Aluminium)","1 pc","Kitchen & Dining Needs","Hazel",,,260.79918620251436,399,,33.43893,34.14705665596419,0.013416070385601886,0.01554,0.00906,0.01319,0,264.2546112342917
"2026-04-01","570280",,"Fackelmann Utsav Triply Cookware Set (Stainless Steel)","4 pcs","Kitchen & Dining Needs","Fackelmann",,,3487.6270701445314,5991.801948166667,,20.72487,41.79335197800299,0.006922638949652049,0.00672,0.00006,0.00009,0,3397.348605878886
"2026-04-01","599323",,"Avias Idli Maker (Stainless Steel)","1 pc","Kitchen & Dining Needs","Avias",,,1926.2105263157894,2626.5789473684213,,41.22734,26.825751312882286,0.0027541751844708676,0.0034,0.00487,0.00585,0.00271,1783.8496490142106
"2026-04-01","400408",,"Vinayak Stainless Steel Oil Dispenser for Kitchen","1 pc","Kitchen & Dining Needs","Vinayak",,,479,849,,5.30693,43.580683156654885,0,0,,,,479
"2026-04-01","571958",,"Pieces and Accents Floral Design Tissue Paper Holder","1 pc","Kitchen & Dining Needs","pieces and accents",,,719,1299,,61.32494,44.64973056197075,0.00007889478921895537,0.00008,0.00015,0.00022,0,719
"2026-04-01","588077",,"The Indus Valley Kadai with Steel Lid (Steel)","1 unit","Kitchen & Dining Needs","The Indus Valley",,,979,1639.57847225,,35.90888,40.28862126174519,0.0352655591796517,0.03675,0.00661,0.00729,0.00513,978.9999999999999
"2026-04-01","568375",,"Wonderchef Stainless Steel Venice Fork Set","6 pcs","Kitchen & Dining Needs","Wonderchef",,,267.81701533044145,600,,73.32837,55.269410896167386,0.025490709615184074,0.01972,0.0108,0.01573,0,44.879503905609
"2026-04-01","545158",,"Aravi Kulfi Ice Cream Mould (Plastic)","1 pc","Kitchen & Dining Needs","Aravi",,,150.19908286282563,199,,70.08595,24.22341216960911,0.24708949074733377,0.32592,0.8303,1.20925,0,150.7956719232695
"2026-04-01","609607",,"Solara Cast Iron Pre Seasoned Kadai (Cast Iron)","1 unit","Kitchen & Dining Needs","Solara",,,1235.8614212391824,2499,,36.75101,50.46706918073261,0.04365980805620045,0.03799,0.00395,0.00532,0.00094,1242.9049079862828
"2026-04-01","568048",,"The Earth Store Ring Mug Set (Ceramic)","6 pcs","Kitchen & Dining Needs","The Earth Store",,,548.7563492063492,2099,,2.75288,73.85629589298003,0.00076489718921652,0.00035,,,,91.60897019617194
"2026-04-01","622114",,"Metalux Pressure Cooker (Stainless Steel)","1 unit","Kitchen & Dining Needs","Metalux",,,1499,2695,,59.43815,44.37847866419295,0.0029184295804983345,0.00283,,,,1499
"2026-04-01","607628",,"Brick Brown Pastel Flora Masala Box (Wood)","1 pc","Kitchen & Dining Needs","brick brown",,,2599,4299,,12.33475,39.54408001860898,0.00032637480643984713,0.00034,,,,2599
"2026-04-01","566539",,"Cello Classix Whiskey Glass Set","6 pcs","Kitchen & Dining Needs","Cello",,,375.0294917998423,375.08474950000004,,77.18609,0.023683794420410867,0.345044199697138,0.60219,0.78874,0.89078,0.56515,62.50816350038792
"2026-04-01","698564",,"Milton Plastic Flora Insulated Inner Steel Casserole Set (Blue)","2 pcs","Kitchen & Dining Needs","Milton",,,549.0662530711601,875,,77.53939,37.246404907436485,0.15398809588013965,0.16869,0.07904,0.10656,0.01874,274.548802783837
"2026-04-01","697266",,"Judge by Prestige Stainless Steel Pan Spoon - M","1 pc","Kitchen & Dining Needs","Judge",,,147.83591121419437,160,,66.12255,7.454909526139883,0.03005838228924857,0.04876,0.07223,0.08528,0.04364,148.0823916126661
"2026-04-01","582206",,"Mad Over Print Thank You For Being There Design Mug (Ceramic)","1 pc","Kitchen & Dining Needs","Mad Over Print",,,219,499,,0.30345,56.1122244488978,0.000030306713568490772,0.00002,,,,218.99999999999997
"2026-04-01","627383",,"House of Quirk Under Sliding Cabinet Basket Organizer (Plastic)","1 pc","Kitchen & Dining Needs","House of Quirk",,,,,,0,,0,0,,,,
"2026-04-01","718568",,"Habere India Round Serving Tray (Teal & White)","1 pc","Kitchen & Dining Needs","Habere India",,,1599,3199,,36.29233,50.01562988433886,0.0012201492758188417,0.00106,,,,1599.0000000000002
"2026-04-01","571973",,"Pieces and Accents Solid Cutlery Holder (Wood)","1 pc","Kitchen & Dining Needs","pieces and accents",,,769,1399,,43.4493,45.03216583273767,0.0009117092774445839,0.00087,0.00032,0.00046,0,769.0000000000001
"2026-04-01","562398",,"Wonderchef Glory String Vegetable Chopper","1 pc","Kitchen & Dining Needs","Wonderchef",,,315.0797211616098,800,,74.95899,60.842833702610115,0.31392720566850907,0.20979,0.04724,0.0688,0,313.13706766854017
"2026-04-01","626895",,"Borosil Borosilicate Glass Venus Bowl Set (Transparent)","6 pcs","Kitchen & Dining Needs","Borosil",,,513.0367815729542,537.2116987916667,,59.77963,4.195148433101751,0.0159291055599781,0.02703,0.01519,0.02213,0,8633.913589057336
"2026-04-01","608657",,"New Dawn Plastic 3 Grid Food Storage Box for Fridge","1 pc","Kitchen & Dining Needs","New Dawn",,,369,1000,,65.84284,63.1,0.019758843020182798,0.01273,0.02929,0.04265,0,369.00000000000006
"2026-04-01","579510",,"House of Quirk Sippease Insulated Thermal Bottle with Straw","1 pc","Kitchen & Dining Needs","House of Quirk",,,1249,1999,,5.36734,37.51875937968985,0.0019729004938018172,0.00215,0.00161,0.00235,0,1249
"2026-04-01","507831",,"Larah by Borosil Waves Opalware Mug Set (Opalware)","1 pc","Kitchen & Dining Needs","Larah by Borosil",,,228.923527626935,264.8710220833333,,70.07043,13.55917389449298,0.03868688929092938,0.05837,0.11934,0.16828,0.01212,228.68188337746844
"2026-04-01","616728",,"Kressa Kitchen Towel Roll","2 x 80 pulls","Kitchen & Dining Needs","Kressa",,,260.1009,470.33294804166667,,48.05945,44.69855852476707,0,0,0.06383,0.09296,0,260.1009
"2026-04-01","574406",,"Vesta Homes Wood Alfa 360 Rotating Cake Stand (Brown)","1 pc","Kitchen & Dining Needs","Vesta Homes",,,799,1891.9115386666667,,65.96945,57.75925891000712,0.08414486373890712,0.06212,0.02125,0.03095,0,799.0000000000001
"2026-04-01","752944",,"NB Crafted Wood Serving Tray (Brown)","1 pc","Kitchen & Dining Needs","NB Crafted",,,399,499,,4.41936,20.040080160320656,0.0006809930363948007,0.00095,,,,399
"2026-04-01","712308",,"Irida Naturals Rice Husk Plate Set (Multicolour)","4 pcs","Kitchen & Dining Needs","Irida Naturals",,,499,999,,52.60313,50.05005005005005,0.06446369600950393,0.0562,0.07036,0.00892,0.20497,124.75000000000003
"2026-04-01","392619",,"Borosil Borosilicate Glass Klip N Store Lunch Box","1 pc","Kitchen & Dining Needs","Borosil",,,858.5275936568465,1444.8865059583331,,68.51894,40.55969224973779,0.2856659929271767,0.29644,0.17834,0.25973,0,858.8707335514223
"2026-04-01","598963",,"Pasabahce Allegra Red Wine Glass","2 pcs","Kitchen & Dining Needs","Pasabahce",,,699,768,,12.09947,8.984375,0.00033817258381150383,0.00054,,,,349.5
"2026-04-01","569236",,"Solara Pre Seasoned Dosa Tawa (30 cm) (Cast Iron)","1 unit","Kitchen & Dining Needs","Solara",,,1080.8866128450743,2499,,48.25832,56.13692272058699,0.2876098032905685,0.21552,0.03101,0.04516,0,1098.8895691730568
"2026-04-01","691426",,"Nayasa Melamine Plate Set (Beige)","1 set","Kitchen & Dining Needs","Nayasa",,,966.5182481751825,1249,,53.38001,23.79865365356189,0.009900230329606748,0.01163,0.0012,0.00175,0,840.6759584595084
"2026-04-01","546494",,"Solara Motivational Sports Plastic Sipper Bottle","1 pc","Kitchen & Dining Needs","Solara",,,976.9076797016367,1999,,43.33268,50.98037055390698,0.018708022915609267,0.01628,0.01742,0.01096,0.03158,1044.832013990525
"2026-04-01","606439",,"Cutting EDGE Lumina Borosilicate Glass Bowl (2.65 L)","1 pc","Kitchen & Dining Needs","Cutting Edge",,,549,845,,58.9833,35.02958579881655,0.051352846969963256,0.05823,0.07265,0.02105,0.18571,549
"2026-04-01","625695",,"Am Safe-X Check Design Cotton Kitchen Cloth","3 pcs","Kitchen & Dining Needs","Am Safe-X",,,299,599,,58.21907,50.08347245409014,0.16327956873218633,0.14226,0.16435,0.20129,0.08341,99.6666666666667
"2026-04-01","668395",,"Shri & Sam Stainless Steel Double Walled Hot-Pot Casserole Set (Silver)","3 pcs","Kitchen & Dining Needs","Shri & Sam",,,1449,1500,,10.63708,3.4,0.00009110252796646117,0.00015,,,,483
"2026-04-01","428156",,"Prestige Omega Select Plus 12 Pits Paniyarakal (Aluminium)","1 pc","Kitchen & Dining Needs","Prestige",,,1185.23171347801,1519.636431095238,,45.48722,21.25529646599139,0.08059404541391448,0.11225,0.13782,0.1477,0.11617,1203.8481128352087
"2026-04-01","521005",,"Vinayak Stainless Steel Jar Set","2 pcs","Kitchen & Dining Needs","Vinayak",,,214.67164179104478,299,,4.78887,28.37374866627051,0.0017434181453908114,0.00203,0.00001,0.00001,0,99.60873572455274
"2026-04-01","577441",,"Glasafe Vego Sip Glass Bottle with Protective Vegan Sleeve","1 pc","Kitchen & Dining Needs","Glasafe",,,399,1649,,5.61336,75.80351728320194,0.001335027377123878,0.00056,0,0,0,398.99999999999994
"2026-04-01","650675",,"Larah by Borosil Opalware 7"" Golden Lush Serving Bowl (White)","1 pc","Kitchen & Dining Needs","Larah",,,231.2828618292509,290.0153881666667,,70.1545,20.26424771254754,0.009132797210421754,0.01264,0.00824,0.01104,0.00211,231.17809445088537
"2026-04-01","599051",,"Kuber Industries Leather Leaf Design Table Runner (Golden)","1 pc","Kitchen & Dining Needs","Kuber Industries",,,283,599,,0.93476,52.75459098497496,0.000036380336902958806,0.00003,,,,283
"2026-04-01","617985",,"Chumbak Wood Indian Say Foldable Breakfast Tray (Green)","1 pc","Kitchen & Dining Needs","Chumbak",,,2439.2796594840884,2995,,52.18276,18.547133509402922,0.032979503767243255,0.04703,0.00119,0.00174,0,2444.582824635875
"2026-04-01","623964",,"The Indus Valley Fry Pan (Stainless Steel)","1 pc","Kitchen & Dining Needs","The Indus Valley",,,843,1410.7410512499996,,39.09144,40.24918007299034,0.054508878867190254,0.05684,0.05946,0.08361,0.00656,56.19999999999999
"2026-04-01","615876",,"Femora Premium Floral Gold Line Tea Cup Set of 6 (Ceramic)","6 pcs","Kitchen & Dining Needs","Femora",,,981.2169054509158,1488.239549625,,73.02641,34.097055590855476,0.15750768516957075,0.18214,0.2822,0.256,0.33961,163.5120215647426
"2026-04-01","615626",,"DeliBohemi Glass Container for Storage","1 pc","Kitchen & Dining Needs","DeliBohemi",,,222.43118513741172,899,,56.11057,75.45933715327581,0.35843323231007984,0.15295,0.05675,0.08265,0,220.53372041974617
"2026-04-01","668030",,"The Better Home Copper Pure Copper Water Jug","1 pc","Kitchen & Dining Needs","The Better Home",,,1199,2999,,2.55183,60.02000666888963,0.0001821443816492967,0.00013,,,,1199
"2026-04-01","546522",,"Solara Insulated Tumbler Green","1 pc","Kitchen & Dining Needs","Solara",,,1858.837554286752,3499,,33.88896,46.87292628207798,0.018327017385044,0.01642,0.01104,0.01608,0,1832.0528365962714
"2026-04-01","628441",,"Speedex Steel Wall Bottle with Sipper Lid","1 pc","Kitchen & Dining Needs","Speedex",,,549,549,,2.02459,0,0.00048348111591800947,0.00084,0,0,0,549
"2026-04-01","616821",,"Cutting Edge Polypropylene Nesterware Food Storage Container Set","6 pcs","Kitchen & Dining Needs","Cutting Edge",,,369,725,,70.20763,49.103448275862064,0.015761664761932484,0.014,0.00852,0.0024,0.02191,61.49999999999999
"2026-04-01","672104",,"Home Lane Stainless Steel Straw with Brush","10 pcs","Kitchen & Dining Needs","HomeLane",,,125.12269938650307,279,,14.62053,55.70074392345836,0.012445841217112992,0.00958,0.0303,0.04413,0,12.30215674265005
"2026-04-01","624568",,"Joseph Joseph Plastic Measuring Spoon","1 pc","Kitchen & Dining Needs","Joseph Joseph",,,1399,1599,,60.07896,12.507817385866167,0,0,0.05001,0.00265,0.15378,1399
"2026-04-01","553238",,"Prestige Popular Svachh Pressure Cooker (Hard Anodised)","1 unit","Kitchen & Dining Needs","Prestige",,,1758.0570895692151,2085.51248025,,51.21197,15.979981452993279,0.10673903024491155,0.15697,0.06577,0.0893,0.01422,1751.7173743710312
"2026-04-01","563756",,"Cutting Edge Glass Silica Oil Dispenser","2 pcs","Kitchen & Dining Needs","Cutting Edge",,,305.2891669257391,599,,60.7258,49.075600804788245,0.05509127491725795,0.04894,0.03107,0.04317,0.00457,152.49825655279156
"2026-04-01","701362",,"Nestasia Aluminium Pomegranate Bowl Set (Golden)","2 pcs","Kitchen & Dining Needs","Nestasia",,,995.2691550127887,1530,,21.89043,34.95029321084998,0.009515476841040937,0.01081,0.02963,0.00681,0.07963,497.4768614924029
"2026-04-01","552720",,"Femora Gold Line Coffee Mug (Ceramic)","2 pcs","Kitchen & Dining Needs","Femora",,,317.2430332550109,600,,62.28661,46.54707551248105,0.039532988531988125,0.03718,0.02811,0.03616,0.01046,162.19130915465323
"2026-04-01","621820",,"WonderStand 3-Tier Corner Storage Kitchen Rack (Steel)","1 pc","Kitchen & Dining Needs","WonderStand",,,499,502.4598644859812,,52.87838,1.2245886009592475,0.056109063978266684,0.09608,0.03506,0.05107,0,498.99999999999994
"2026-04-01","566513",,"Judge by Prestige Ace Non-Stick Cookware Set (Aluminium)","6 pcs","Kitchen & Dining Needs","Judge",,,1376.1396800228051,2497.1715635416667,,43.7328,45.174089280099004,0.2421581792354052,0.23093,0.03728,0.04309,0.02454,228.8621225418005
"2026-04-01","566168",,"The Artment Cotton Kitchen Cloth","6 pcs","Kitchen & Dining Needs","The Artment",,,504.33942692410994,748.9037430508472,,43.70485,32.51489600489427,0.014831924472152773,0.01783,0.01499,0.01523,0.01446,86.10611107814836
"2026-04-01","608890",,"Cutting Edge Plastic Modular Container Set","6 pcs","Kitchen & Dining Needs","Cutting Edge",,,749,1710,,57.80491,56.198830409356724,0.09075048301851116,0.06938,0.05373,0.00364,0.16347,124.83333333333333
"2026-04-01","617406",,"New Dawn Plastic Storage Box for Eggs","1 pc","Kitchen & Dining Needs","New Dawn",,,1199,1500,,20.31183,20.066666666666666,0.0008654740156813811,0.00121,,,,1199
"2026-04-01","529327",,"Philips Home Induction Cooktop with Feather Touch Control (HD4938/01)","2100 W","Kitchen & Dining Needs","Philips Home",,,5373.390243902439,6017.079790975609,,0.56461,10.697975762165733,0.004824455534826147,0.00747,0.00456,0.00664,0,5382.025392335355
"2026-04-01","614914",,"Femora Wood Mango Wooden Rectangle Tray (Wooden)","1 pc","Kitchen & Dining Needs","Femora",,,603.5883937635523,900,,59.18784,33.04396846865352,0.05173440968358956,0.06063,0.01916,0.02791,0,602.3692413634863
"2026-04-01","624199",,"Treo Glass Cube Storage Jar","1 pc","Kitchen & Dining Needs","Treo",,,229.1084973690085,244.99972641666668,,52.06069,6.530768383702292,0.050580589243102186,0.08254,0.15394,0.17806,0.1011,228.99641030145602
"2026-04-01","563557",,"House of Quirk Double Insulated Tumbler (Orange)","1 pc","Kitchen & Dining Needs","House of Quirk",,,1199,1999,,12.86461,40.020010005002504,0.00012140924153495193,0.00013,0.00011,0.00015,0,1199
"2026-04-01","627444",,"Glimpse Homes Ceramic Plain Serving Bowl (Black)","1 pc","Kitchen & Dining Needs","glimpse homes",,,699,999,,4.01765,30.03003003003003,0,0,,,,699
"2026-04-01","596759",,"Speedex Solid Steel Wall Bottle with Lid","1 pc","Kitchen & Dining Needs","Speedex",,,369,549.0101190416666,,40.53487,32.7903504749252,0.07022973388731005,0.08238,0.09709,0.05729,0.1843,369
"2026-04-01","742154",,"Unify Stainless Steel Insulated Casserole Hot Pot (Silver)","1 unit","Kitchen & Dining Needs","Unify",,,1439,2389,,25.49173,39.76559229803265,0.0009634369284138285,0.00101,0.00115,0.00028,0.00307,1439
"2026-04-01","701366",,"Nestasia Aluminium Pomegranate Serving Platter (Golden)","1 pc","Kitchen & Dining Needs","Nestasia",,,1785.6126066741308,2700,,17.66203,33.865967615596965,0.007269435116555803,0.00838,0.00043,0.00008,0.0012,1784.3718999433622
"2026-04-01","566515",,"Cello Tiffy Spiderman Insulated Lunch Set for Kids (Multicolour)","2 pcs","Kitchen & Dining Needs","Cello",,,337.6245411798015,440,,44.53734,23.771946017564375,0.09677778126412341,0.12894,0.17495,0.15594,0.21662,335.3411115403761
"2026-04-01","595091",,"ExclusiveLane Ceramic Ceramic Hand Painted Dinner Set (Multicolour)","1 set","Kitchen & Dining Needs","ExclusiveLane",,,1010.6666666666666,1799,,31.01846,43.80857498218443,0.0055335899599047314,0.00546,0.01229,0.00788,0.02195,1016.8340485954578
"2026-04-01","744165",,"Oicia Stainless Steel Spoon Set","6 pcs","Kitchen & Dining Needs","Oicia",,,399,461,,54.9721,13.449023861171376,0.0033279901052243577,0.00503,0.05981,0.00237,0.18565,399
"2026-04-01","620827",,"Chumbak Glass Set (Stainless Steel)","2 pcs","Kitchen & Dining Needs","Chumbak",,,754.9489181551738,895,,60.0002,15.648815254573577,0.015711352297632666,0.02313,0.00979,0.00697,0.01597,377.4451974161874
"2026-04-01","500006",,"Oye Happy Secret Santa Mug (Ceramic)","1 pc","Kitchen & Dining Needs","Oye Happy",,,299,299,,42.74366,0,0.00005084741834403284,0.00009,,,,29900
"2026-04-01","634106",,"Earth Chakra Moscow Mule Mug (Copper)","1 pc","Kitchen & Dining Needs","earth chakra",,,599,999,,69.34486,40.04004004004005,0.006134395644413789,0.00642,0.00249,0.00363,0,598.9999999999999
"2026-04-01","589457",,"Nestroots Wood Classic Acacia Storage Box with Tong","1 pc","Kitchen & Dining Needs","Nestroots",,,1499,4390,,9.59442,65.85421412300683,0.0013331333555674553,0.00079,0.00078,0.00057,0.00125,1499.0000000000002
"2026-04-01","605500",,"Cutting Edge Plastic Fridge Storage Box (1.5 ltrs)","6 pcs","Kitchen & Dining Needs","Cutting Edge",,,389,650,,27.01889,40.15384615384616,0.04814148158371011,0.05029,0.02757,0.03798,0.00474,64.83333333333331
"2026-04-01","498592",,"Solara Insulated Sports Gym Thermal Bottle (Black Knight)","1 pc","Kitchen & Dining Needs","Solara",,,1256.2052149408482,2994.936936936937,,44.2913,55.95353532243682,0.12496598571497876,0.09537,0.0409,0.04475,0.03246,1371.6306406066135
"2026-04-01","566565",,"Cello Filtro Plastic Bottle with Activated Carbon Filter","1 ltr","Kitchen & Dining Needs","Cello",,,329.00061309523807,436.4261715416667,,60.15349,24.620134377306744,0.010210780991348933,0.0134,0.29983,0.00873,0.93763,32.90019906096569
"2026-04-01","582295",,"UPC Coffee Mug (Ceramic)","2 pcs","Kitchen & Dining Needs","U.P.C.",,,299,699,,68.97404,57.224606580829764,0.005040537065783398,0.00376,0.00462,0.00672,0,149.5
"2026-04-01","558912",,"Melii Silicone Silicone Animal Straw with Cleaning Brush","6 pcs","Kitchen & Dining Needs","Melii",,,499,499,,17.45344,0,0.0007923046559350058,0.00138,0.00245,0.00357,0,83.16666666666669
"2026-04-01","626356",,"Newdru Rechargeable Electric Gas Lighter (Alloy)","1 pc","Kitchen & Dining Needs","newdru",,,599,999,,42.01882,40.04004004004004,0.0007250576893266746,0.00076,0.01852,0.01415,0.0281,599
"2026-04-01","606423",,"Cutting Edge Glass Regalia Serving Bowl (Transparent)","2 pcs","Kitchen & Dining Needs","Cutting Edge",,,269,600,,58.03877,55.16666666666668,0.060428499755307924,0.04729,0.08461,0.04032,0.18165,269
"2026-04-01","603216",,"Irida Naturals Glass Set (Wheat Straw)","4 pcs","Kitchen & Dining Needs","Irida Naturals",,,399,599,,46.58539,33.3889816360601,0.018408097723908872,0.0214,0.1122,0.12031,0.09443,99.74999999999999
"2026-04-01","722498",,"Cello Melamine Round Trioplate Kids Plate (Multicolour)","1 pc","Kitchen & Dining Needs","Cello",,,299,369,,62.97371,18.970189701897038,0.02989756719585688,0.04228,0.00414,0.00602,0,299
"2026-04-01","692840",,"Irida Naturals Rice Husk Dinner Set (Beige)","1 set","Kitchen & Dining Needs","Irida Naturals",,,899,1999,,19.87812,55.02751375687844,0.0025289547945231894,0.00199,0.00913,0.00268,0.02325,899
"2026-04-01","772063",,"Selvel Polypropylene, Stainless Steel Insulated Casserole (Dark Green)","3 pcs","Kitchen & Dining Needs","Selvel",,,1950,3356,,14,41.895113230035754,0.0004586101257831656,0.00047,,,,1950
"2026-04-01","600963",,"Avias Stainless Steel Avistar Premium Casserole (Silver)","1 pc","Kitchen & Dining Needs","Avias",,,1459,1790,,0.88065,18.491620111731844,0.00010871574410832898,0.00015,,,,1459
"2026-04-01","716772",,"Habere India Bamboo Round Tray (Beige)","1 pc","Kitchen & Dining Needs","Habere India",,,799,1499,,0.3061,46.6977985323549,0.00012745844939192498,0.00012,,,,799.0000000000001
"2026-04-01","597236",,"Gluman Plastic Microwavable Container Set","4 pcs","Kitchen & Dining Needs","Gluman",,,299,349,,30.84548,14.32664756446991,0.035297759914776614,0.05278,0.00222,0.00323,0,299.0000000000001
"2026-04-01","751153",,"Irida Naturals Rice Husk Mixing Bowl (Soft Beige)","1 pc","Kitchen & Dining Needs","Irida Naturals",,,299,499,,43.06181,40.08016032064128,0.003956094662238564,0.00414,0.00779,0.00126,0.02209,299
"2026-04-01","607644",,"Brick Brown Pastel Flora Cutlery Holder (Wood)","1 pc","Kitchen & Dining Needs","brick brown",,,1449,2199,,11.66111,34.106412005457024,0.0022143635534606354,0.00255,0.00013,0.00019,0,1449.0000000000002
"2026-04-01","596482",,"Basil Insulated Unicorn Thermal Bottle","1 pc","Kitchen & Dining Needs","Basil",,,899,1399,,0.71103,35.7398141529664,0,0,,,,899
"2026-04-01","534913",,"Milton Plastic Jar Set","18 pcs","Kitchen & Dining Needs","Milton",,,549.5443720007696,1314,,33.72442,58.208603092263886,0.16322222260611238,0.11913,0.05208,0.05998,0.03476,30.507376319876784
"2026-04-01","662976",,"HAZEL Steel Tea & Coffee Pot with Handle & Lid, 400 ml","1 pc","Kitchen & Dining Needs","Hazel",,,333.5878260869565,749,,0.53487,55.462239507749466,0.0004776507363332118,0.00039,0.00039,0.00057,0,348.6365629834904
"2026-04-01","499131",,"Zenker Silicone Transparent Cake Decorating Pen (Silicone)","1 pc","Kitchen & Dining Needs","Zenker",,,272.81642750998554,299.10707054166664,,38.70574,8.938555280563902,0.0028678565629685366,0.00445,0.00752,0.00693,0.00881,266.97977600612546
"2026-04-01","569130",,"Amaya Decors Floral Design Tray Set (Multicolor)","2 pcs","Kitchen & Dining Needs","Amaya Decors",,,999.6169974177869,1499,,64.04365,33.313264815445585,0.02470497509136095,0.02876,0.00579,0.00844,0,999.6610385321834
"2026-04-01","568446",,"Solara Kids Motivational Sipper Kids Bottle for Workout (Tritan)","1 pc","Kitchen & Dining Needs","Solara",,,643.5953114364399,999,,55.10318,35.58535443927906,0.056473193858756494,0.06341,0.05735,0.08156,0.00431,643.5180461032218
"2026-04-01","608279",,"The Better Home Spatula Set (Silicone)","5 pcs","Kitchen & Dining Needs","The Better Home",,,599,1999,,0.00198,70.03501750875438,0.00012140924153495193,0.00006,,,,599
"2026-04-01","611687",,"Yellocut Plastic Fridge Storage Box Set","6 pcs","Kitchen & Dining Needs","Yellocut",,,436,449,,32.79972,2.89532293986636,0.0015767531764733524,0.00267,0.00294,0.00428,0,72.66666666666666
"2026-04-01","758935",,"Lazer Bagasse Round Disposable Bowl (White)","50 pcs","Kitchen & Dining Needs","Lazer",,,234.63649999999998,899,,14.36502,73.90027808676307,0.0009009132634704463,0.00041,,,,232.4463664850615
"2026-04-01","690928",,"Glasafe Glass 1.6 l Serving Bowl (Light Grey)","1 pc","Kitchen & Dining Needs","Glasafe",,,799,1949,,16.90922,59.00461775269369,0.0089146379952117,0.00638,0.00109,0.00159,0,798.9999999999999
"2026-04-01","626138",,"Thermador 2 Burners Auto Ignition Gas Stove","1 unit","Kitchen & Dining Needs","Thermador",,,2199,8000,,4.98968,72.5125,0.0034400316382186295,0.00165,0.00004,0.00006,0,2199.0000000000005
"2026-04-01","623969",,"Unify Jupiter Stainless Steel Wall Bottle","1 pc","Kitchen & Dining Needs","Unify",,,283.69611306818183,399,,34.65207,29.09571102815783,0.025740539348806275,0.0318,0.03442,0.01999,0.06602,282.4403158268722
"2026-04-01","621889",,"ExclusiveLane Multi-Purpose Ceramic Jar Set (Wooden Lid, Multicolour, 480 ml)","2 pcs","Kitchen & Dining Needs","ExclusiveLane",,,1138.7222222222222,2840,,10.12329,59.90414710485133,0.0004588167463165935,0.00034,0,0,0,598.4587867649035
"2026-04-01","572964",,"Vesta Homes Casserole with Lid (Mango & Acacia Wood, 1500 ml, Brown, 23 cm)","1 pc","Kitchen & Dining Needs","Vesta Homes",,,899,2299,,64.0718,60.896041757285786,0.062190948854380805,0.04245,0.01944,0.02831,0,899
"2026-04-01","568056",,"The Earth Store Cup O'clock Cup Set (Ceramic)","6 pcs","Kitchen & Dining Needs","The Earth Store",,,499.29237047515016,1299,,34.58923,60.302363197155756,0.09086841997829517,0.06147,0.12093,0.04701,0.28289,86.91408112335458
"2026-04-01","534070",,"Larah by Borosil Opalware Spiral Pudding Set (White)","7 pcs","Kitchen & Dining Needs","Larah by Borosil",,,530.4365830674607,675.4664692500002,,65.79968,21.52627956809232,0.060165155872687184,0.08239,0.13062,0.07602,0.25027,530.2270590259211
"2026-04-01","627755",,"Parage Ladles & Spatula Kitchen Tool Set (Stainless Steel)","10 pcs","Kitchen & Dining Needs","Parage",,,777.9883333333333,1499,,24.353,48.082205695016,0.00855110264981939,0.00784,0.00207,0.0015,0.0033,78.75567623341004
"2026-04-01","568370",,"Wonderchef Chopping Board (Plastic)","1 pc","Kitchen & Dining Needs","Wonderchef",,,299.0049346187943,800,,71.27576,62.62420972752502,0.01475189399882019,0.00962,0.00338,0.00492,0,299.0167525385171
"2026-04-01","567168",,"Judge by Prestige ACE 5 Ltr Pressure Cooker (Stainless Steel)","1 unit","Kitchen & Dining Needs","Judge",,,1272.5768074974403,2564.441314857143,,25.5247,50.281755544716795,0.2650083593324251,0.22998,0.16716,0.16179,0.17892,1270.1593387619923
"2026-04-01","593977",,"Melii Cloud Drying Rack (Plastic)","1 pc","Kitchen & Dining Needs","Melii",,,967.0555528888934,1099,,47.37776,12.005864159336353,0.0028701536221086834,0.00451,0.00601,0.00875,0,996.9159892320674
"2026-04-01","626157",,"Parage Spatulas & Ladle Set (Stainless Steel)","5 pcs","Kitchen & Dining Needs","Parage",,,414.80536666666666,699,,47.41185,40.91644137071644,0.09346206722454256,0.09639,0.07896,0.07338,0.09117,412.8261173995669
"2026-04-01","559252",,"Nestasia Soap Dispenser (Ceramic)","1 pc","Kitchen & Dining Needs","Nestasia",,,597.6581870792974,1000,,17.99463,40.21424783351656,0.004704533268752663,0.0049,0.0003,0.00044,0,598.4425666807883
"2026-04-01","572149",,"Fabindia Floral Design Mug Set (Ceramic)","2 pcs","Kitchen & Dining Needs","Fabindia",,,664,799,,0.16992,16.896120150187734,0.00004852721916178301,0.00007,,,,664
"2026-04-01","427641",,"Borosil Glass Round Container Set","1 pc","Kitchen & Dining Needs","Borosil",,,625.0436876352704,675,,13.42508,7.400935165145124,0.000773187154851356,0.00125,0,0,0,621.0720208174257
"2026-04-01","704170",,"Chumbak Palace Memoirs Chip & Dip Platter Gift Set","3 pcs","Kitchen & Dining Needs","Chumbak",,,1215.0264812671646,2199,,29.77399,44.74691615378089,0.009515219020886792,0.0092,0.00213,0.00307,0.00009,1213.7103236984965
"2026-04-01","620873",,"Cello Texas Plastic Bottle Set (Black)","1 ltr","Kitchen & Dining Needs","Cello",,,192.54932975589227,275,,12.1823,32.23794071112902,0.10692787831497871,0.12648,0.13113,0.15312,0.08298,31.031264685531642
"2026-04-01","718633",,"HomeEssentials Glass Elegant Multi-Dome Serving Tray with Wooden Base (Brown)","1 pc","Kitchen & Dining Needs","HomeEssentials",,,1999,4999,,0.95826,60.01200240048009,0.0006072285949357486,0.00042,,,,1998.9999999999998
"2026-04-01","669748",,"Cello Opalware Dazzle Blue Swirl Dinner Set (White)","35 pcs","Kitchen & Dining Needs","Cello",,,2192.904372071368,4296.1625,,72.91329,48.94361142120684,0.19222528341488054,0.1714,0.04124,0.03957,0.0449,2194.093124448383
"2026-04-01","696531",,"Larah by Borosil Opalware Golden Lush Dinner Set (Multicolour)","1 set","Kitchen & Dining Needs","Larah",,,2142.295263418386,3095.01767875,,77.65489,30.685360004666077,0.07190282252095626,0.08762,0.01805,0.02367,0.00574,82.98367148430229
"2026-04-01","582051",,"Pencil 1060 Pristine Pressure Cooker With Outer Lid (Stainless Steel)","1 unit","Kitchen & Dining Needs","Pencil",,,1399,2695,,4.86486,48.08905380333952,0,0,,,,1399
"2026-04-01","655666",,"The Indian Rose Ceramic Ramen Bowl with Chopstick Holder (Light Yellow, 300 ml)","1 pc","Kitchen & Dining Needs","The Indian Rose",,,736,999,,46.45896,26.326326326326328,0.0025870219060035084,0.00333,0.01021,0.01487,0,735.9999999999999
"2026-04-01","741415",,"Femora Ceramic Serving Platter (Blue)","1 pc","Kitchen & Dining Needs","Femora",,,489.5,1000,,58.9272,51.1897317648419,0.008532358851305459,0.00726,0.00763,0.00367,0.01629,487.523507948137
"2026-04-01","554118",,"Pasabahce Bistro White Wine Glass Set","6 pcs","Kitchen & Dining Needs","Pasabahce",,,829,900,,0.90042,7.888888888888889,0,0,,,,138.1666666666666
"2026-04-01","620555",,"The Better Home Glass Container Set","6 pcs","Kitchen & Dining Needs","The Better Home",,,1299,3999,,0.27254,67.51687921980495,0.00024287933955858548,0.00014,0.00001,0.00002,0,216.5
"2026-04-01","507814",,"Fackelmann Cologne Range Nonstick Cookware Set (Aluminium)","1 set","Kitchen & Dining Needs","Fackelmann",,,2537.7804292929295,4499,,8.59279,43.59234431444922,0.001639481457694547,0.00161,0.00029,0.00042,0,2530.8749827974143
"2026-04-01","617374",,"Borosil Charm Whiskey Glass Set (Borosilicate Glass)","6 pcs","Kitchen & Dining Needs","Borosil",,,779.3992885713328,995,,65.87641,21.671560935889634,0.05734892875216274,0.07845,0.15506,0.05051,0.38415,129.90438729244792
"2026-04-01","630849",,"ExclusiveLane Salt & Pepper Shaker Set (Iron)","2 pcs","Kitchen & Dining Needs","ExclusiveLane",,,599,1230,,31.36694,51.30081300813009,0.005178175311650295,0.0044,0.0058,0.00567,0.00607,599
"2026-04-01","607188",,"Nestasia Ceramic Soup Bowl Set (White, 400 ml, 4 pcs)","8 pcs","Kitchen & Dining Needs","Nestasia",,,1087.9019409809466,1710,,61.29463,36.380818628004434,0.09127167019531911,0.10135,0.23215,0.11519,0.48841,271.967494780165
"2026-04-01","697178",,"Wonderchef Stainless Steel Ambrosia Mixing Bowl Set (Silver)","1 set","Kitchen & Dining Needs","Wonderchef",,,426.0153276321123,977.7248004583332,,69.50577,56.561169173365045,0.07499142287785324,0.05767,0.01877,0.02733,0,425.8277801300758
"2026-04-01","507267",,"Chumbak Life Begins After Coffee Mug","1 pc","Kitchen & Dining Needs","Chumbak",,,581,695,,20.63492,16.402877697841728,0,0,,,,581
"2026-04-01","532594",,"Larah by Borosil Nivaah Mug Set (Opalware)","6 pcs","Kitchen & Dining Needs","Larah by Borosil",,,411.7464639096728,497.13984725000006,,57.92412,17.210497153446468,0.0818055609031579,0.11821,0.85262,0.19971,2.28316,68.50911628511038
"2026-04-01","624267",,"Steellock Stainless Steel Smart Lunch Box Set","3 pcs","Kitchen & Dining Needs","Steel Lock",,,800.0666666666667,885,,50,9.596986817325801,0,0,,,,266.6888888888889
"2026-04-01","553643",,"HAZEL Spatula (Plastic)","1 pc","Kitchen & Dining Needs","Hazel",,,107.70793833337846,429,,48.29286,74.9294175332041,0.017977346022357624,0.0079,0.00766,0.01115,0,107.3488293960718
"2026-04-01","567707",,"Nestasia Rose Crystal Wine Glass Set (300ml, Mauve)","6 pcs","Kitchen & Dining Needs","Nestasia",,,1281.434506875095,2500,,10.66767,48.73922745170162,0.009438653905512993,0.00849,0.0063,0.0015,0.01683,213.87071878062235
"2026-04-01","553676",,"Hazel 6-Cavity Non-Stick Muffin Tray (Aluminium)","1 pc","Kitchen & Dining Needs","Hazel",,,265.43897649603514,829,,72.38205,68.05988096046165,0.11706948825432871,0.0648,0.06891,0.10036,0,264.8113352957948
"2026-04-01","470872",,"Vahdam Ardour Stainless Steel Tumbler with Lid","1 pc","Kitchen & Dining Needs","Vahdam",,,1199,1199,,13.3778,0,0.0005337804614537959,0.00093,0.00048,0.0007,0,1199
"2026-04-01","432585",,"Fackelmann Reusable Clip Set (Plastic)","1 pc","Kitchen & Dining Needs","Fackelmann",,,149.36418397375792,298.0917863333333,,76.02603,49.916265497010095,0.06342185624552217,0.05545,0.04797,0.06987,0,149.2445168506708
"2026-04-01","595151",,"Smokey Cocktail Whiskey Glass Set","6 pcs","Kitchen & Dining Needs","SMOKEY COCKTAIL",,,2999,3999,,3.45757,25.00625156289072,0,0,0,0,0,499.83333333333326
"2026-04-01","553645",,"HAZEL Grocery & Grain Scoop Spoon (Small) (Stainless Steel)","1 pc","Kitchen & Dining Needs","Hazel",,,132.90736778082066,339,,73.70309,60.4384668913386,0.008782259644899475,0.00598,0.00531,0.00773,0,136.43773612611585
"2026-04-01","566815",,"Schott Zwiesel Wheat Beer Bavaria Crystal Glass Set (Tritan)","4 pcs","Kitchen & Dining Needs","schott zwiesel",,,3186.4781666666668,4500,,77.69874,29.189374074074074,0.0046462289262895196,0.00576,0.00119,0.00173,0,798.4968488217334
"2026-04-01","676271",,"Femora Ceramic Japanese Ramen Bowl (Blue Sapphire)","2 pcs","Kitchen & Dining Needs","Femora",,,376.97165251018816,550,,68.4751,31.480222028821146,0.026177706308171858,0.03133,0.02128,0.02356,0.01627,1.1955761454886893
"2026-04-01","627690",,"Parage Ladle Set (Stainless Steel)","3 pcs","Kitchen & Dining Needs","Parage",,,399,549,,17.86327,27.3224043715847,0.004056573280178278,0.00515,0.00321,0.00385,0.0018,133.00000000000003
"2026-04-01","499183",,"Zenker Food Grade Silicone Chocolate / Ice Tray (Silicone)","1 pc","Kitchen & Dining Needs","Zenker",,,449,449,,1.3417,0,0.000054540168212625384,0.0001,,,,449.00000000000006
"2026-04-01","498607",,"Solara Motivational Plastic Sipper Bottle with Lid","1 pc","Kitchen & Dining Needs","Solara",,,641.2396274505444,1499,,32.817,57.22232579610155,0.004993058801128621,0.00375,0.00134,0.00196,0,637.0829505585475
"2026-04-01","697264",,"Judge by Prestige Stainless Steel Ladle Medium","1 pc","Kitchen & Dining Needs","Judge",,,138.74561094523742,160,,40.32636,13.301946885087261,0.02285578071602918,0.03465,0.05499,0.08009,0,138.71584835382475
"2026-04-01","573183",,"Nestroots Stainless Steel Miaa Cutlery Set","5 pcs","Kitchen & Dining Needs","Nestroots",,,899,3390,,20.91844,73.48082595870207,0.00326750148855069,0.00151,0.00315,0.00059,0.00874,899.0000000000001
"2026-04-01","503510",,"Borosil Crysto Glass Bottle with Husk Lid","1 pc","Kitchen & Dining Needs","Borosil",,,329.3069304704943,394.0042194092827,,26.27597,16.62416043191833,0.04622727298252541,0.0672,0.01953,0.01449,0.03059,32904.857577001945
"2026-04-01","684878",,"HABERE INDIA Rattan Serving Tray (Light Brown)","1 unit","Kitchen & Dining Needs","Habere India",,,1099,3999,,43.459,72.5181295323831,0.05260159296490064,0.02523,0.00894,0.00198,0.0242,1099
"2026-04-01","603514",,"Irida Naturals Rice Husk & Coffee Husk Travel Mug (Coffee Brown, 250 ml)","1 pc","Kitchen & Dining Needs","Irida Naturals",,,299,699,,65.24524,57.22460658082974,0.041192626423995266,0.03075,0.08693,0.04291,0.18337,298.9999999999999
"2026-04-01","599700",,"Irida Naturals Wheat Straw Plate Set (Multicolour)","4 pcs","Kitchen & Dining Needs","Irida Naturals",,,499,999,,65.09042,50.05005005005005,0.07560168026743377,0.06591,0.33336,0.1669,0.69806,124.75000000000001
"2026-04-01","539797",,"Cork Wine Bottle Opener Full Houz","1 pc","Kitchen & Dining Needs","fullhouz",,,107.75362213111283,150,,87.3867,27.77991366786989,0.015671528649582687,0.01972,0.0111,0.01616,0,108.33991966806995
"2026-04-01","615931",,"Femora Glass Storage Box for Kitchen","1 pc","Kitchen & Dining Needs","Femora",,,249.69588794529125,320,,71.88653,22.107571625865294,0.04452479248689654,0.06097,0.01241,0.01808,0,249.37706072278522
"2026-04-01","614909",,"Borosil Stainless Steel Carry Fresh Lunch Box","3 pcs","Kitchen & Dining Needs","Borosil",,,1056.9697341867302,1224.5283402083335,,61.48988,13.788687393254335,0.08025983068832793,0.12158,0.04222,0.05972,0.00389,351.96924141313946
"2026-04-01","579838",,"Oliveware Stainless Steel Container Set","3 pcs","Kitchen & Dining Needs","Oliveware",,,449,1325,,29.27004,66.11320754716981,0.007840757289939073,0.00464,0.00044,0.00064,0,149.66666666666666
"2026-04-01","543210",,"Amaya Decors Iron Peacock Tray Set (Golden)","2 pcs","Kitchen & Dining Needs","Amaya Decors",,,1299.3363328176724,1799,,43.63975,27.77462568518341,0.005100131237837492,0.00642,0.00053,0.00078,0,649.6967496845436
"2026-04-01","664565",,"Cello Glass Zenith Round Serving Bowl (Transparent)","1 pc","Kitchen & Dining Needs","Cello",,,159.01732240362946,176.91113470833335,,57.07877,10.180342698599976,0.11059505843704692,0.17259,0.2691,0.38275,0.02011,15.90247370746253
"2026-04-01","605438",,"Cutting EDGE Silicone Brush Set for Cooking (Colour May Vary)","2 pcs","Kitchen & Dining Needs","Cutting Edge",,,216.1133988095238,500,,45.66182,56.776755664533184,0.057076117677040794,0.04284,0.02446,0.02563,0.02191,108.07208460620055
"2026-04-01","549119",,"Borosil Borosilicate Glass Universal Lunch Box","4 pcs","Kitchen & Dining Needs","Borosil",,,996.78545912954,1555.011583125,,58.80331,36.20777225305919,0.38263324084753225,0.42753,0.16628,0.24217,0,991.866952919766
"2026-04-01","638291",,"Ekhasa Brass Filter Coffee Maker (300 ml, Golden)","1 pc","Kitchen & Dining Needs","Ekhasa",,,1199,3599,,2.63611,66.6851903306474,0.00021858539283588116,0.00013,,,,1199
"2026-04-01","697187",,"Wonderchef Stainless Steel Ambrosia Spoon Rest","2 pcs","Kitchen & Dining Needs","Wonderchef",,,272.9758911287977,600,,70.95352,55.554993161422324,0.012026383860363856,0.00893,0.0039,0.00569,0,125.78526552066927
"2026-04-01","521010",,"Vinayak Stainless Steel Tea-Sugar Canister Set","2 pcs","Kitchen & Dining Needs","Vinayak",,,279.0905828344883,449,,3.91713,37.835828106686435,0.0033763045088808104,0.00366,0.00007,0.00011,0,139.73945298440944
"2026-04-01","570750",,"Chumbak Ikat Design Mug Set (Ceramic)","6 pcs","Kitchen & Dining Needs","Chumbak",,,1215.6424076417507,2595,,65.52879,53.172341202168326,0.06739050246744878,0.05502,0.11992,0.02133,0.33594,202.3602805434115
"2026-04-01","569594",,"Corength by Decathlon Bodybuilding Gallon Water Bottle","1 pc","Kitchen & Dining Needs","Corength by Decathlon",,,959.7757842807691,1149,,77.93922,16.48673665417971,0.05001073910436583,0.07289,0.00732,0.01066,0,959.3062081381775
"2026-04-01","607859",,"New Dawn Kitchen Sink Waste Dustbin (Plastic)","1 pc","Kitchen & Dining Needs","New Dawn",,,249.22142857142856,900,,13.93125,72.30933023615951,0.010069159014139118,0.00486,0,0,0,249.00083979302735
"2026-04-01","546513",,"Solara Insulated Tumbler (Bezel)","1 pc","Kitchen & Dining Needs","Solara",,,1886.2891019570707,3499,,19.95726,46.09062297922062,0.007292696689431591,0.00665,0.00319,0.00465,0,1864.7772402763642
"2026-04-01","581706",,"UPC Tea Cup Set (Ceramic)","6 pcs","Kitchen & Dining Needs","U.P.C.",,,549,999,,54.45957,45.045045045045036,0.015490009960095466,0.01486,0.02216,0.03227,0,91.50000000000001
"2026-04-01","588421",,"Nike Big Mouth Plastic Bottle","1 pc","Kitchen & Dining Needs","Nike",,,699,699,,54.62505,0,0.03357620254979158,0.0586,0.03561,0.05186,0,698.9999999999999
"2026-04-01","607983",,"FunBlast Stainless Steel, Plastic Lunch Box","1 pc","Kitchen & Dining Needs","FunBlast",,,734,999,,24.81137,26.526526526526528,0.0014968345770451097,0.00192,0.00015,0.00022,0,734
"2026-04-01","545127",,"Cello Aquaria Glass Bottle","1 ltr","Kitchen & Dining Needs","Cello",,,519.2541313539305,755.461763875,,56.63418,32.01685666178754,0.5820178155116318,0.6883,1.10151,0.78114,1.80346,173.04688272547082
"2026-04-01","631151",,"Speedex Steel Wall Bottle with Sipper","1 pc","Kitchen & Dining Needs","Speedex",,,549,549,,1.37512,0,0.0002167329140322111,0.00038,0,0,0,549
"2026-04-01","569380",,"ExclusiveLane Ceramic Shades of a Leaf Jar Set","4 pcs","Kitchen & Dining Needs","ExclusiveLane",,,1699,3175,,0.07638,46.488188976377955,0.00038566724692131507,0.00036,,,,424.74999999999994
"2026-04-01","549008",,"Borosil Borosilicate Glass Foodluck Glass Lunch Box","2 pcs","Kitchen & Dining Needs","Borosil",,,566.086793646146,884.9445218333332,,51.42777,36.233426936630046,0.15321550872653752,0.17072,0.1432,0.20856,0,281.99173726577527
"2026-04-01","619277",,"The Better Home Glass Lunch Box Pack of 2","2 pcs","Kitchen & Dining Needs","The Better Home",,,889,3199,,0.82142,72.21006564551422,0,0,,,,444.5
"2026-04-01","757663",,"Irida Naturals Bamboo, Rice Husk Bowl With Spoon Set (Multicolour)","4 pcs","Kitchen & Dining Needs","Irida Naturals",,,575,699,,25.86435,17.739628040057216,0.0009339831167121599,0.00134,0.00051,0.00039,0.00077,575
"2026-04-01","545745",,"Mad Over Print Shot Glass","6 pcs","Kitchen & Dining Needs","Mad Over Print",,,309,599,,63.73252,48.41402337228714,0.010590504344935603,0.00954,0.00915,0.01332,0,51.5
"2026-04-01","532424",,"Prestige Pop Svachh Pressure Cooker (Aluminium)","1 unit","Kitchen & Dining Needs","Prestige",,,1935.6927167395256,2367.2283704999995,,62.08466,18.37942266775054,0.0845853340759368,0.12062,0.11767,0.0639,0.23547,1930.4786510569281
"2026-04-01","566545",,"Cello Stern Beer Mug Set (Glass)","2 pcs","Kitchen & Dining Needs","Cello",,,352.01542971972464,399.114885625,,77.70986,11.848818125973132,0.08758212203396942,0.13474,0.25197,0.21511,0.33275,176.0097134184357
"2026-04-01","578565",,"Embassy 6 pcs Dinner Y Glass Set (Stainless Steel)","6 pcs","Kitchen & Dining Needs","Embassy",,,599,714.3539325842696,,7.85385,16.148162703464028,0.0012823843279536264,0.00187,0.00003,0.00005,0,99.8333333333333
"2026-04-01","642484",,"Parage Stainless Steel Dinner Spoon Set","6 pcs","Kitchen & Dining Needs","Parage",,,279.09875595238094,599,,40.04607,53.41231991435111,0.06688320915497596,0.05439,0.12122,0.01721,0.34909,46.508769673411706
"2026-04-01","568766",,"Wonderchef Ambrosia Brush & Spatula Set (Silicone)","3 pcs","Kitchen & Dining Needs","Wonderchef",,,449,900,,67.95094,50.11111111111111,0.037956053697074006,0.03305,0.02866,0.04174,0,149.66666666666669
"2026-04-01","773392",,"The Better Home Stainless Steel Casserole (Multicolor)","1 pc","Kitchen & Dining Needs","The Better Home",,,799,1999,,8.99654,60.03001500750375,0,0,,,,799
"2026-04-01","626632",,"The Better Home Glass Bottle with Silicone Cover","1 pc","Kitchen & Dining Needs","The Better Home",,,479,1699,,11.82852,71.80694526191877,0.0028376905117032257,0.0014,0.0034,0.00093,0.00881,479.00000000000006
"2026-04-01","620024",,"ExclusiveLane Ceramic Mediterranean Serving Bowl Set (Blue)","6 pcs","Kitchen & Dining Needs","ExclusiveLane",,,825.0122549019608,1799,,31.07656,54.140508343415185,0.004097337288521926,0.00328,0.00711,0.00248,0.01728,137.5000138240657
"2026-04-01","581468",,"House of Quirk PVC Floral Waterproof Dining Table Cloth (Black)","1 set","Kitchen & Dining Needs","House of Quirk",,,1599,3999,,58.33333,60.01500375093774,0,0,,,,1599
"2026-04-01","603414",,"Home Focus 24 Hours Hot & Cold Steel Wall Bottle","1 pc","Kitchen & Dining Needs","home focus",,,444.8333333333333,895,,2.37243,50.29795158286778,0.00010871556190327306,0.0001,,,,448.6181258840386
"2026-04-01","654016",,"HomeEssentials Borosilicate Glass Stirring Spoon Set (2 pcs, Multicolour)","2 pcs","Kitchen & Dining Needs","HomeEssentials",,,299,999,,10.52359,70.07007007007007,0.00045505712719247354,0.00024,0.00001,0.00001,0,149.5
"2026-04-01","546299",,"Bajaj Splendid 120 TS Induction Cooktop (1200 W)","1 unit","Kitchen & Dining Needs","Bajaj",,,2029,4090,,0.04653,50.391198044009776,0.0026082651934747274,0.00226,0.00083,0.0012,0,2029
"2026-04-01","628096",,"Mokobara PU The Take-Out Polyurethane Lunch Bag (11 ltr, Tan Lines)","1 pc","Kitchen & Dining Needs","Mokobara",,,2870.2936666666665,4999,,7.19129,42.590444162096134,0.0039044801606090535,0.00386,0.00004,0.00006,0,2833.307789852745
"2026-04-01","617959",,"Chumbak Wood Scenic Route Foldable Breakfast Tray (Multicolour)","1 pc","Kitchen & Dining Needs","Chumbak",,,2479.6260815153473,2995,,38.90403,17.20730479251279,0.014023684344230933,0.02032,0.00067,0.00097,0,2481.874185534952
"2026-04-01","566130",,"Borosil Tumbler Glass Set (Borosilicate Glass)","6 pcs","Kitchen & Dining Needs","Borosil",,,604.1219393390784,795.0408073437501,,34.6029,24.148958713271995,0.0324713885277631,0.04301,0.01478,0.02152,0,100.4747121106881
"2026-04-01","570730",,"Chumbak Pixel Paisley Thermal Bottle with Tumblers","3 pcs","Kitchen & Dining Needs","Chumbak",,,1830.5303296703298,3385,,41.24884,46.113826537952086,0.030810099857949233,0.02774,0.02997,0.01221,0.06887,581.5293890964791
"2026-04-01","591269",,"Chumbak Jaali Gift Set Coffee Mug (Ceramic)","3 pcs","Kitchen & Dining Needs","Chumbak",,,930.9972738095238,1795,,67.80363,48.13727907343009,0.10628829374621038,0.09607,0.48865,0.0925,1.35663,310.1675453684427
"2026-04-01","563541",,"House of Quirk Double Insulated Tumbler (Jade Green)","1 pc","Kitchen & Dining Needs","House of Quirk",,,1099,1999,,5.78642,45.02251125562781,0.00012140924153495193,0.00012,0.00011,0.00017,0,1099
"2026-04-01","556822",,"Birch & Co. Cake Stand – Metal 8"" (White & Golden)","1 pc","Kitchen & Dining Needs","Birch & Co.",,,709,1499,,61.22449,52.70180120080053,0,0,,,,709
"2026-04-01","572592",,"Metro Living Stainless Steel Cutlery Set","12 pcs","Kitchen & Dining Needs","metro living",,,2258.2009558404557,3197.6458333333335,,18.41966,29.37926607442854,0.0031550308626496952,0.00395,0.00055,0.0008,0,2260.5236938067765
"2026-04-01","594458",,"BeastLife Classic Gym Shaker","1 pc","Kitchen & Dining Needs","BeastLife",,,299,699,,1.55846,57.22460658082976,0.0005051999585852138,0.00038,0.00028,0.00041,0,299.00000000000006
"2026-04-01","630613",,"Yellocut Chopping Board (Stainless Steel)","1 pc","Kitchen & Dining Needs","Yellocut",,,399,999,,44.94909,60.06006006006006,0.0008615748274844168,0.0006,0.00062,0.0009,0,398.99999999999994
"2026-04-01","608472",,"Brick Brown Wood Cresta Serving Tray (Dark Brown)","1 pc","Kitchen & Dining Needs","brick brown",,,1499,2399,,19.53647,37.51563151313047,0.002476956386840828,0.0027,0.00009,0.00014,0,1499.0000000000002
"2026-04-01","564391",,"Sammsara Stainless Steel Avani Round Floral Two Tier Platter (Gold)","1 pc","Kitchen & Dining Needs","Sammsara",,,1602,2079,,0.00043,22.943722943722943,0.00012626810376151519,0.00017,,,,1602
"2026-04-01","596505",,"Basil Stainless Steel Kids Plate (Silver)","1 pc","Kitchen & Dining Needs","Basil",,,749,1499,,71.14898,50.03335557038025,0.003236406009295066,0.00282,0.00163,0.00238,0,748.9999999999999
"2026-04-01","662421",,"HAZEL Steel Dinner Lunch Plate, 26.5 cm, 2 pcs Set","2 pcs","Kitchen & Dining Needs","Hazel",,,415.40293011843005,789,,73.06269,47.49802292665945,0.04624753418474514,0.04252,0.01081,0.01574,0,413.94312886524744
"2026-04-01","701361",,"Nestasia Ceramic Abstract Pattern Small Dish (Multicolour)","8 pcs","Kitchen & Dining Needs","Nestasia",,,988.2237406746033,1530,,5.39928,35.41021302780371,0.002229725261726341,0.00249,0.0001,0.00015,0,123.16252590588694
"2026-04-01","697207",,"Lifelong Ceramic Bowl Set (Black)","2 pcs","Kitchen & Dining Needs","Lifelong",,,661.3690564271778,1099,,68.28482,39.794450721862376,0.011781736220737445,0.0122,0.00608,0.00885,0,329.62130278882506
"2026-04-01","603359",,"The Better Home Glass Container Set","3 pcs","Kitchen & Dining Needs","The Better Home",,,949,3299,,50.66769,71.23370718399516,0.07075806678200154,0.03553,0.00135,0.00197,0,316.33333333333337
"2026-04-01","623660",,"Melii Plastic 2 Tier Bento Lunch Box","1 pc","Kitchen & Dining Needs","Melii",,,999,999,,13.11985,0,0.0007074621470752323,0.00123,,,,998.9999999999999
"2026-04-01","587296",,"Ezypac Tulip Liners Muffin Mould","20 pcs","Kitchen & Dining Needs","Ezypac",,,198.9562440476191,199,,77.22251,0.04432528178288068,0.014859923923097986,0.02594,0.07234,0.10536,0,9.944854790296288
"2026-04-01","565810",,"Milton Stainless Steel Insulated Lunch Box with Plastic Cover","6 pcs","Kitchen & Dining Needs","Milton",,,358.68354822192487,445,,53.79327,19.38531776521197,0.5165885771942927,0.72686,0.71643,0.90617,0.30073,358.7351821187986
"2026-04-01","562404",,"Fackelmann Gas Lighter (ABS Plastic)","1 pc","Kitchen & Dining Needs","Fackelmann",,,199.47048665682203,349,,72.12116,42.917666846110656,0.15803093472540677,0.15743,0.17258,0.25135,0,199.218114730865
"2026-04-01","545003",,"HOOM Plastic by HMI Disney Frozen Lunch Box","1 pc","Kitchen & Dining Needs","HOOM",,,381.4561786422172,399,,32.34528,4.403527416398484,0.001332829984149327,0.00221,0.00365,0.00532,0,379.93106753184674
"2026-04-01","549026",,"Larah by Borosil Opalware Bowl Set with Lid (White)","3 pcs","Kitchen & Dining Needs","Larah by Borosil",,,842.8419918613533,1199.5295192916667,,67.64865,29.664666760363772,0.11132326772722606,0.13633,0.05348,0.05313,0.05424,280.82521760272795
"2026-04-01","544031",,"Pigeon Idli Cooker - 4 Plates (Stainless Steel, 1 ltr, 21.6 cm, Silver)","1 pc","Kitchen & Dining Needs","Pigeon",,,1199,1895,,1.28458,36.72823218997362,0.00011509292106598126,0.00013,,,,1199
"2026-04-01","553659",,"Hazel Cookies/ Chocolate Mould (Yellow & Red) (Plastic)","5 pcs","Kitchen & Dining Needs","Hazel",,,124.44361207897794,179.3780487804878,,0.76917,30.624949415485823,0.0002573693788367071,0.00027,0.00006,0.00008,0,24.855298839415045
"2026-04-01","604166",,"Irida Naturals Wheat Straw Cutlery Set","3 pcs","Kitchen & Dining Needs","Irida Naturals",,,249,499,,47.07531,50.1002004008016,0.007588552877822896,0.00661,0.1573,0.10108,0.28049,83.00000000000001
"2026-04-01","592549",,"Kressa Kitchen Towel Roll","80 pulls","Kitchen & Dining Needs","Kressa",,,179.00204166666666,233.64254941666664,,68.68814,23.659584516925456,0.06501234604336738,0.08683,0.07187,0.10467,0,179.00210171250478
"2026-04-01","614936",,"Femora Stripes Matte Coffee Mug (Ceramic)","1 pc","Kitchen & Dining Needs","Femora",,,170.2400540564886,300,,62.31545,43.38321095593954,0.07740239188163739,0.07665,0.12283,0.1743,0.01006,169.8630411539684
"2026-04-01","568374",,"Wonderchef Venice Sauce Pan (Stainless Steel)","1 pc","Kitchen & Dining Needs","Wonderchef",,,491.2932458587717,942.0673838818565,,25.66076,48.08733375217283,0.09571755263707667,0.08783,0.0654,0.09525,0,490.18898493254966
"2026-04-01","543718",,"Holi Thandai Glass Set by Ek Do Dhai","2 pcs","Kitchen & Dining Needs","EK DO DHAI",,,600,600,,45.92009,0,0.00012754353915304562,0.00022,0.00042,0.00062,0,300
"2026-04-01","553663",,"HAZEL Ice Cream Mould / Kulfi Mould (Aluminium)","4 pcs","Kitchen & Dining Needs","Hazel",,,256.061668955304,549,,39.32473,53.068248234315256,0.16103199994712747,0.13299,0.32202,0.469,0,64.44690550087965
"2026-04-01","601130",,"Thermador 2 Burners Super Sleek Manual Ignition Gas Stove","1 unit","Kitchen & Dining Needs","Thermador",,,1599,8000,,17.4736,80.0125,0.02282665177594224,0.00796,0.0029,0.00422,0,1599
"2026-04-01","526348",,"Nayasa Plastic Microfresh Lunch Box","1 set","Kitchen & Dining Needs","Nayasa",,,335.8558555247202,488.88876624999995,,58.79713,31.0509333266526,0.033618561398989805,0.04019,0.12183,0.02207,0.3404,336.1097333004109
"2026-04-01","737046",,"Habere India Cane Floral Themed Serving Tray (Blue)","1 pc","Kitchen & Dining Needs","Habere India",,,1399,2699,,25.18475,48.165987402741756,0.0003524363244101568,0.00032,0.00404,0.00002,0.01285,1399.0000000000002
"2026-04-01","526328",,"Nayasa Plastic Fusion Container Set for Kitchen","3 pcs","Kitchen & Dining Needs","Nayasa",,,378.41862902183755,475,,77.31436,20.350074372614237,0.44390618378214547,0.6175,0.71618,1.03574,0.01603,126.11238224336078
"2026-04-01","626010",,"Shalimar Pressfit Zip Lock Bag Large (Plastic)","15 pcs","Kitchen & Dining Needs","Shalimar",,,191.42681520061728,203.50865783950616,,36.90075,5.846947579355115,0.009390586571912387,0.01547,0.00268,0.00391,0,12.807632848106389
"2026-04-01","622063",,"Sizzle Stainless Steel Dzire Container Set","2 pcs","Kitchen & Dining Needs","Sizzle",,,667.8201296296296,740,,7.32755,9.754036536536546,0.0005492152339469298,0.00084,0.00078,0,0.00247,32592.100188499142
"2026-04-01","771829",,"CutTales Stainless Steel Plate Set (Silver)","6 pcs","Kitchen & Dining Needs","CutTales",,,479,2999,,11.68831,84.02800933644548,0.00040982472205712556,0.00011,,,,479
"2026-04-01","612751",,"Metalux Triply Fry Pan (Stainless Steel)","1 pc","Kitchen & Dining Needs","Metalux",,,1476,3690,,1.89994,60,0,0,,,,1476
"2026-04-01","609262",,"Brick Brown Saga Masala Box (Wood)","1 pc","Kitchen & Dining Needs","brick brown",,,2499,4099,,5.78892,39.03391070992925,0.0009958113049570465,0.00106,,,,2498.9999999999995
"2026-04-01","684619",,"HAZEL Stainless Steel Dinner Wati/ Serving Bowl Set (Silver)","4 pcs","Kitchen & Dining Needs","Hazel",,,262.1414393736547,449,,66.39592,41.66867547810832,0.015087093178323926,0.01535,0.01035,0.01508,0,261.4517431899137
"2026-04-01","596517",,"The Better Home Ceramic Jar Set","3 pcs","Kitchen & Dining Needs","The Better Home",,,2099,4595,,5.95519,54.31991294885746,0.002372158233640113,0.00189,0.00154,0.00022,0.00444,699.6666666666671
"2026-04-01","544995",,"playR CSK - Whistle Podu Gym Shaker","1 pc","Kitchen & Dining Needs","PlayR",,,474,799,,5.08046,40.67584480600751,0.0008734904915272619,0.0009,0.00054,0.00078,0,474
"2026-04-01","571889",,"Nautica Stylish Fender Triple-Layer Thermal Bottle Flask","1 pc","Kitchen & Dining Needs","Nautica",,,1795.7959032305346,2850,,52.6409,36.98951291057445,0.006630396434135061,0.00729,0.00858,0.01188,0.00134,1796.6056854444064
"2026-04-01","528978",,"Fackelmann Quartz Non Stick Full Flat Dosa Tawa (30 cm) (Aluminium)","1 pc","Kitchen & Dining Needs","Fackelmann",,,908.7949902883639,1917.1250232499997,,20.24049,52.96006317629034,0.032408066622469686,0.0258,0.00041,0.0006,0,872.5284340262808
"2026-04-01","617403",,"Skitch Stainless Steel Casserole (Silver)","1 pc","Kitchen & Dining Needs","Skitch",,,526,1499,,12.75315,64.90993995997331,0.0005462509398919571,0.00033,0.00035,0.00051,0,526
"2026-04-01","572042",,"Bajaj Induction Cooktop (1400 W)","1 unit","Kitchen & Dining Needs","Bajaj",,,1966.5,3990,,0.00506,50.65162907268171,0.0032714917792756207,0.00282,,,,1969
"2026-04-01","701377",,"Nestasia Aluminium Colocasia Leaf Trinket Serving Platter (Golden)","2 pcs","Kitchen & Dining Needs","Nestasia",,,1188.6512904060976,1800,,11.05253,33.963817199661236,0.0029790526645032804,0.00343,0.00394,0.00051,0.01146,593.4044996263896
"2026-04-01","599976",,"Kuber Industries Cylinder Cover (PVC)","1 pc","Kitchen & Dining Needs","Kuber Industries",,,258,1099,,0.90111,76.52411282984531,0.00017821640505349476,0.00007,,,,258
"2026-04-01","691783",,"Nayasa Steel Sapphire Insulated Casserole with Lid (Grey)","1 pc","Kitchen & Dining Needs","Nayasa",,,1021.7867699184965,1089,,55.54958,7.117712003078311,0.018435654234363108,0.02892,0.00429,0.00626,0,978.8423938334271
"2026-04-01","578142",,"Travalate Polyester Insulated Lunch Bag (Black)","1 pc","Kitchen & Dining Needs","Travalate",,,393.20683333333335,1299,,34.52478,69.68871162542317,0.03395535924565429,0.018,0.02969,0.00424,0.08545,394.39321542978627
"2026-04-01","732887",,"ExclusiveLane Wood Hand-Painted Bowl (Brown)","3 pcs","Kitchen & Dining Needs","ExclusiveLane",,,1599,2415,,9.96324,33.7888198757764,0,0,0.00018,0.00001,0.00057,53300
"2026-04-01","572650",,"Femora Gold Marble Design Tea Cup Set (Ceramic)","4 pcs","Kitchen & Dining Needs","Femora",,,650.6520889684954,700,,73.16921,7.104752807898826,0.03782941243735794,0.06132,0.09922,0.13887,0.01233,162.4570643637412
"2026-04-01","486238",,"Wonderchef Tadka Pan (Aluminium)","1 pc","Kitchen & Dining Needs","Wonderchef",,,245.16969777875804,389.777004375,,68.50266,37.37220312023577,0.030233622374713394,0.03373,0.12834,0.18692,0,244.79558545777354
"2026-04-01","543207",,"Amaya Decors Iron Cake Serving Platter (Black, Golden)","2 pcs","Kitchen & Dining Needs","Amaya Decors",,,1999.8242857142855,2999,,4.60394,32.51673981347342,0.010238637229120183,0.01265,0.00001,0.00001,0,1066.4254431695574
"2026-04-01","582677",,"The Better Home Regular Copper Bottle","1 pc","Kitchen & Dining Needs","The Better Home",,,849,2495,,1.78885,65.97194388777555,0.00469465593267054,0.00279,0.00806,0.00208,0.02115,849
"2026-04-01","545185",,"Ocean Lumi Borosilicate Glass Bottle","1 pc","Kitchen & Dining Needs","O'cean",,,319.0297135835499,425,,53.35326,24.92681176205672,0.11724691370723435,0.15362,0.14112,0.20553,0,319.06321152574037
"2026-04-01","603911",,"Pasabahce Amber Stem Wine Glass Set","6 pcs","Kitchen & Dining Needs","Pasabahce",,,1148.9851449275363,1386,,19.65772,17.101428184787665,0.026954018644142586,0.039,0.00601,0.00875,0,191.48841276239293
"2026-04-01","624215",,"Milton Stainless Steel Casserole (Ivory)","1 pc","Kitchen & Dining Needs","Milton",,,438.8559613162591,535,,29.37766,17.985099565924322,0.03638949963081157,0.05209,0.02285,0.03021,0.00673,33.74745127930914
"2026-04-01","631141",,"Speedex Steel Wall Bottle with Lid","1 pc","Kitchen & Dining Needs","Speedex",,,549,549,,7.13246,0,0.00003334352523572479,0.00006,,,,549
"2026-04-01","507244",,"Ocean Ivory Glass","6 pcs","Kitchen & Dining Needs","O'cean",,,649,663,,1.6691,2.1116138763197587,0.00004026731736117584,0.00007,,,,108.16666666666667
"2026-04-01","565191",,"Sanjeev Kapoor Glass Dessert Bowl Set (Transparent)","5 pcs","Kitchen & Dining Needs","Sanjeev Kapoor",,,1597.7333333333333,1895,,13.96225,15.686895338610379,0.00011509292106598126,0.0002,0,0,0,1869.1756881391466
"2026-04-01","534071",,"Larah by Borosil Opalware Plain Dinner Set (White)","1 set","Kitchen & Dining Needs","Larah by Borosil",,,1328.0100639511707,2199.003620708333,,70.86686,39.96326433810777,0.165723118186432,0.1736,0.08734,0.121,0.01358,1316.5283223165504
"2026-04-01","526325",,"Nayasa Bumpy Plastic Water Bottle Set","6 pcs","Kitchen & Dining Needs","Nayasa",,,284.8274452425995,395,,18.11784,26.857116134181855,0.05855169511903042,0.07336,0.04401,0.0181,0.10077,48.26535075175543
"2026-04-01","569349",,"ExclusiveLane Ceramic Mughal Cylindrical Airtight Jar","1 pc","Kitchen & Dining Needs","ExclusiveLane",,,630.117766931217,875,,52.95204,28.00931325319101,0.006111464409304406,0.00761,0.00622,0.00836,0.00153,624.2156943158714
"2026-04-01","571815",,"House of Quirk Insulated Tumbler with Handle (Black)","1 pc","Kitchen & Dining Needs","House of Quirk",,,1499,1999,,37.1205,25.012506253126563,0.005686204003728866,0.00744,0.00185,0.00269,0,1499.0000000000002
"2026-04-01","566354",,"Judge by Prestige 3 ltr ACE Pressure Cooker (Aluminium)","1 unit","Kitchen & Dining Needs","Judge",,,1085.4690534475415,1446.6937884810127,,28.23648,25.25212947653101,0.11554362422115715,0.15201,0.09231,0.05607,0.17173,1083.10344962107
"2026-04-01","606396",,"Speedex Bloom Stainless Steel Wall Bottle","1 pc","Kitchen & Dining Needs","Speedex",,,,,,0,,0,0,,,,
"2026-04-01","500871",,"Homez it Cotton Fridge Bag (Small) (Cotton)","4 pcs","Kitchen & Dining Needs","Homez it",,,179,199,,2.58829,10.050251256281408,0.000012086207975198538,0.00002,0,0,0,4475
"2026-04-01","595094",,"ExclusiveLane Tea & Coffee Mug Set (Ceramic)","2 pcs","Kitchen & Dining Needs","ExclusiveLane",,,649,1249,,35.07523,48.03843074459568,0.0011568348409327104,0.00105,0.00366,0.00051,0.01055,324.5
"2026-04-01","607670",,"Brick Brown Spice Box (Wood)","1 pc","Kitchen & Dining Needs","brick brown",,,2099,3599,,6.1476,41.678243956654626,0,0,,,,2099
"2026-04-01","110274",,"Scotch Brite Premium Cotton Kitchen Towel","3 pcs","Kitchen & Dining Needs","Scotch brite",,,179.8442023809524,179.91607133333335,,91.47297,0.009082214161980047,0.10045202529400507,0.17529,0.26683,0.28111,0.23553,59.955296896200295
"2026-04-01","752423",,"Femora Ceramic Serving Bowl with Handle (Multicolour)","1 pc","Kitchen & Dining Needs","Femora",,,566.2666666666667,1000,,26.55172,43.904872264727246,0.003291837342436258,0.00309,0.00202,0.00092,0.00444,538.5751595502888
"2026-04-01","480895",,"Godrej Cartini Premium Knife Set (Stainless Steel)","3 pcs","Kitchen & Dining Needs","Godrej Cartini",,,511.6666666666667,550,,0.3599,6.96969696969697,0.0002839361514271187,0.00048,0.00003,0.00004,0,175.96865670973492
"2026-04-01","627659",,"Peepul Tree Brass Kitchen Storage Jar","1 pc","Kitchen & Dining Needs","Peepul Tree",,,1071.5658957341286,2099,,67.01125,49.17786369467249,0.048394211110797496,0.04257,0.01007,0.01169,0.00651,1059.844963606
"2026-04-01","757733",,"Nubilous Silicone Collapsible Ice Bowl (Black)","1 pc","Kitchen & Dining Needs","Nubilous",,,299,599,,44.28704,50.08347245409015,0.012602491285131094,0.01098,0.00211,0.00307,0,299
"2026-04-01","595087",,"ExclusiveLane Ceramic Bowl Set for Chutney & Pickle (Multicolour)","2 pcs","Kitchen & Dining Needs","ExclusiveLane",,,487.68201923076924,790,,25.05534,38.29364178203532,0.00310410782920745,0.00333,0.00054,0.00079,0,485.73396948605813
"2026-04-01","615915",,"Femora Premium Royal Crowned Tea Cup Set of 6 (Ceramic)","6 pcs","Kitchen & Dining Needs","Femora",,,995.6184645561957,1485.4595253749999,,73.07825,32.977493468539706,0.08972675899221552,0.10538,0.17452,0.15388,0.21975,165.4226973514752
"2026-04-01","692060",,"Nori Home Goods MDF Round Tray Set (Light Green)","2 pcs","Kitchen & Dining Needs","Nori Home Goods",,,699,1499,,1.19454,53.3689126084056,0,0,,,,699
"2026-04-01","568401",,"Wonderchef Venice Glass Set (Stainless Steel)","6 pcs","Kitchen & Dining Needs","Wonderchef",,,462.6855251452137,999.8894149583334,,69.47834,53.91806083645389,0.10935877982306173,0.08885,0.15997,0.03282,0.43856,76.74156269003737
"2026-04-01","634104",,"Earth Chakra Ghee Pot (Brass)","1 pc","Kitchen & Dining Needs","earth chakra",,,749,1299,,57.63076,42.34026173979986,0.012129284894522202,0.01221,0.02282,0.02361,0.02111,749
"2026-04-01","721136",,"Parage Stainless Steel Bowl Set (Silver)","6 pcs","Kitchen & Dining Needs","Parage",,,398,699,,55.3244,43.0615164520744,0.06663345448983682,0.06622,0.01966,0.01689,0.02572,66.3333333333333
"2026-04-01","588064",,"Brayden Electric Vegetable Chopper (400 W, Black)","1 unit","Kitchen & Dining Needs","brayden",,,1699,2780,,1.48221,38.884892086330936,0,0,,,,1698.9999999999998
"2026-04-01","562227",,"Agaro Spatula Set (Silicone)","6 pcs","Kitchen & Dining Needs","Agaro",,,519.2919582389048,899,,71.1295,42.16329191183974,0.07371769547651712,0.07428,0.05683,0.08277,0,86.68575401389135
"2026-04-01","558610",,"Nestasia Ceramic Mandala Serving Platter (Blue, White)","1 pc","Kitchen & Dining Needs","Nestasia",,,588.9281829194302,1145,,64.91065,48.56224505377043,0.1239077425764265,0.11116,0.06072,0.06298,0.05579,588.8958601342109
"2026-04-01","482302",,"Pigeon Idli Cooker - 6 Plates (Stainless Steel, 2 ltrs, 21.6 cm, Steel Grey)","1 pc","Kitchen & Dining Needs","Pigeon",,,1475,2275,,2.96531,35.16483516483517,0.0005526884267231232,0.00063,0.00005,0.00007,0,1475.0000000000002
"2026-04-01","617381",,"Borosil Time Marker Glass Bottle with Husk Lid","1 pc","Kitchen & Dining Needs","Borosil",,,548.6556704888037,595.0958333333333,,58.87973,7.8669733832446855,0.04840830448966884,0.07794,0.25933,0.02025,0.78317,548.2563125530135
"2026-04-01","606530",,"Vesta Homes Wood Cooking / Serving Spoon Set","3 pcs","Kitchen & Dining Needs","Vesta Homes",,,449,899,,47.83347,50.05561735261402,0.024173425548612,0.02107,0.00882,0.01144,0.00306,149.66666666666663
"2026-04-01","571580",,"House of Quirk Coffemate Insulated Tumbler (White)","1 pc","Kitchen & Dining Needs","House of Quirk",,,1149.0133870967743,1499,,10.54742,23.34800619768017,0.001729794673358707,0.00231,0.00141,0.00205,0,1149.0002153680402
"2026-04-01","626969",,"Solara Tumbler with 2 Straws (Black Knight)","1 pc","Kitchen & Dining Needs","Solara",,,1125.0795701800866,1999,,60.72592,42.70490814075555,0.21437071403369803,0.2109,0.12465,0.0808,0.22071,1150.512291769643
"2026-04-01","597462",,"The Earth Store Ceramic Fringe Bowl Set (Grey)","2 pcs","Kitchen & Dining Needs","The Earth Store",,,372.57823714866123,999,,47.70475,62.181109648408935,0.044267494896851875,0.02822,0.03529,0.01551,0.07863,379.19857725838256
"2026-04-01","558604",,"Nestasia Ceramic Nitori Serving Bowl (Blue, Yellow)","1 pc","Kitchen & Dining Needs","Nestasia",,,645.4438937165509,1015,,9.83685,36.40831151112128,0.0023406988908877906,0.00261,0.00216,0.00005,0.00677,92.39858281596524
"2026-04-01","604198",,"Cutting Edge Microfiber Cleaning Cloth (Multicolor, 40 x 30 cm)","4 pcs","Kitchen & Dining Needs","Cutting Edge",,,229.23363777584203,499,,39.46752,53.98871620498974,0.08253190368474407,0.06611,0.37494,0.0917,0.99551,57.40315162245878
"2026-04-01","498597",,"Solara Protein Gym Shaker (Red, Black)","650 ml","Kitchen & Dining Needs","Solara",,,320.57570602328946,999,,47.62488,68.29723430437994,0.07528952674781454,0.0411,0.08404,0.10964,0.02796,314.2758323331993
"2026-04-01","696696",,"Wonderchef Stainless Steel Straw with a Cleaning Brush","5 pcs","Kitchen & Dining Needs","Wonderchef",,,206.43140227385132,449.7101260416668,,90.80439,54.07682742303922,0.16127697701349497,0.12966,0.43425,0.63245,0,41.292686680562184
"2026-04-01","629607",,"Boldfit MI Plastic Sipper Bottle Bottle","800 ml","Kitchen & Dining Needs","Boldfit",,,399,699,,20.44773,42.918454935622314,0.000630438603780708,0.00063,0.00026,0.00038,0,49.87499999999999
"2026-04-01","626107",,"House of Quirk 3D Sticker Plastic Bottle","1 pc","Kitchen & Dining Needs","House of Quirk",,,599,999,,6.66709,40.04004004004004,0.0008045410008762932,0.00084,0.00019,0.00027,0,599
"2026-04-01","493051",,"Borosil Drinking Glass (Microwave Safe) (Borosilicate Glass)","6 pcs","Kitchen & Dining Needs","Borosil",,,604.7570326498084,712.1909698750001,,75.34455,15.269283328011282,0.21611517475641887,0.31897,0.24322,0.34155,0.02779,100.7373142282028
"2026-04-01","707424",,"Jensons Stainless Steel Premium Curry Bowl Set (Silver)","4 pcs","Kitchen & Dining Needs","Jensons",,,349,890,,81.16466,60.78651685393258,0.026434334841251152,0.01809,0.0108,0.01572,0,87.24999999999997
"2026-04-01","569179",,"The Indus Valley Premium Tawa with Handle (Iron)","1 unit","Kitchen & Dining Needs","The Indus Valley",,,1268.9868333333334,2112.489873375,,41.15023,39.9196233321594,0.07203182370055675,0.07561,0.02398,0.006,0.06336,1268.9719090038468
"2026-04-01","720623",,"CutTales Stainless Steel 6 Section Temple Dinner Plate Set (Silver)","2 pcs","Kitchen & Dining Needs","CutTales",,,584.017380952381,1499,,47.49389,61.02258449164372,0.0036351832744008668,0.0025,0.00139,0.00196,0.00014,295.3707356037493
"2026-04-01","567033",,"Judge by Prestige Everyday Fry Pan (Aluminium)","1 pc","Kitchen & Dining Needs","Judge",,,542.1394252915954,705.1610299583333,,51.41896,23.196111032229048,0.06827983823946021,0.09162,0.23813,0.24179,0.2301,540.7234715937643
"2026-04-01","582182",,"Rabitat Stainless Steel Lunch Box For Kids","1 pc","Kitchen & Dining Needs","Rabitat",,,1085.3815789473683,1099,,0.193,1.2391647909582875,0.00006674772475507525,0.00012,,,,219.33096641311664
"2026-04-01","567712",,"Nestasia Ceramic Stacking Cup Set (220 ml, Navy Blue)","4 pcs","Kitchen & Dining Needs","Nestasia",,,748.9616790044033,1170,,15.3693,35.985929355432674,0.004518602119425913,0.00505,0.04627,0.01156,0.12231,187.31395269126705
"2026-04-01","563559",,"House of Quirk Double Insulated Tumbler (Forest Green)","1 pc","Kitchen & Dining Needs","House of Quirk",,,999,1999,,1.0895,50.02501250625313,0.0001821139534049559,0.00016,,,,999
"2026-04-01","571801",,"Pieces and Accents Wood Plate Set (Brown)","4 pcs","Kitchen & Dining Needs","pieces and accents",,,997.5714285714286,1499,,11.32491,33.45087200991137,0.000182083707365671,0.00021,0,0,0,998.9515660629216
"2026-04-01","614985",,"Femora Floral Block Print Tea Cup Set (Ceramic)","6 pcs","Kitchen & Dining Needs","Femora",,,667.7675929298806,850,,78.71928,21.444542314950723,0.13658133974904552,0.18777,0.23668,0.32845,0.03563,667.8065906334956
"2026-04-01","559047",,"Chumbak N Alphabet Mug (Ceramic)","1 pc","Kitchen & Dining Needs","Chumbak",,,657.2741116138006,695,,77.05218,5.096889351686304,0.050218906376513564,0.08328,0.05789,0.08431,0,220.1162933775329
"2026-04-01","499606",,"The Wishing Chair Sereni Tea Mug & Coasters Gift Box","6 pcs","Kitchen & Dining Needs","The Wishing Chair",,,2150,2150,,6.15647,0,0,0,0.00003,0.00004,0,358.3333333333333
"2026-04-01","767149",,"Two Moustaches Iron Indian Traditional Serving Tray Set (Multicolour)","2 pcs","Kitchen & Dining Needs","Two Moustaches",,,825,1595,,13.71571,48.275862068965516,0,0,,,,825
"2026-04-01","566175",,"The Artment Tiki Tower Glass Set","4 pcs","Kitchen & Dining Needs","The Artment",,,993.9963110709008,1248.4855142079207,,23.87078,20.345716236497086,0.00789686679029845,0.01107,0.00615,0.00896,0,248.95916881340355
"2026-04-01","571964",,"Pieces and Accents Striped Tissue Paper Holder (Resin)","1 pc","Kitchen & Dining Needs","pieces and accents",,,679,1299,,29.60743,47.729022324865284,0.0004733687353137323,0.00043,0.00005,0.00008,0,679
"2026-04-01","631144",,"Speedex Steel Wall Bottle with Cap","1 pc","Kitchen & Dining Needs","Speedex",,,549,549,,0.70348,0,0,0,,,,549
"2026-04-01","650371",,"Larah by Borosil Opalware 10"" Golden Lush Plate Set (White)","2 pcs","Kitchen & Dining Needs","Larah",,,261.55332335673427,328.09241533333335,,42.94403,20.407349305226536,0.05065219783433946,0.07045,0.06267,0.09127,0,261.0288016766508
"2026-04-01","534068",,"Larah by Borosil Opalware Spiral Bowl Set (White, Grey)","6 pcs","Kitchen & Dining Needs","Larah by Borosil",,,380.63906613191847,505.86579479166664,,63.29453,24.832346759728598,0.11889617884761226,0.15585,0.13263,0.19317,0,63.42455862080501
"2026-04-01","608690",,"Brick Brown Wood Floral Roti Casserole (Multicolour)","1 pc","Kitchen & Dining Needs","brick brown",,,2249,3899,,4.85143,42.318543216209285,0,0,0.00001,0.00001,0,2249
"2026-04-01","481118",,"Happy Kitchen Tong/Pakad (Stainless Steel)","1 pc","Kitchen & Dining Needs","Happy Kitchen",,,159.909630334787,182.05109358333337,,67.7047,12.287715881208802,0.02804679036961433,0.04322,0.03261,0.04749,0,159.41378488724175
"2026-04-01","616307",,"Kuber Industries Multipurpose Kitchen Basket & Storage Organizer (Stainless Steel)","1 pc","Kitchen & Dining Needs","Kuber Industries",,,699,3099,,0.15314,77.44433688286544,0,0,,,,699
"2026-04-01","597978",,"Borosil Cascade Cut Design Glass Set","6 pcs","Kitchen & Dining Needs","Borosil",,,574.6474644846495,751.2964914583334,,66.74309,23.412691984143077,0.07827759200320447,0.10346,0.16669,0.0247,0.47778,95.89924847986572
"2026-04-01","691499",,"Nayasa Melamine Snack Plate Set (Beige)","2 pcs","Kitchen & Dining Needs","Nayasa",,,486.42857142857144,615,,60.27106,21.19424167092057,0.002389036252381291,0.00294,0.00037,0.00053,0,434.6328506074469
"2026-04-01","603094",,"Cutting Edge Borosilicate Glass Bottle with Black Sleeve","1 pc","Kitchen & Dining Needs","Cutting Edge",,,355.0248945147679,650,,21.04509,45.38150624650595,0.01788614145955984,0.01705,0.09183,0.00819,0.27508,355.0107976039869
"2026-04-01","455532",,"Borosil Borosilicate Glass Endura Round Jar with Steel Lid","1 pc","Kitchen & Dining Needs","Borosil",,,519.2589232300211,685.2464287500001,,66.3702,24.224669512200002,0.11362892075104053,0.15031,0.14497,0.20108,0.02203,519.207890938974
"2026-04-01","733916",,"HomeShastra MDF Royal Camel Serving Tray (Beige)","1 pc","Kitchen & Dining Needs","HomeShastra",,,699,1999,,79.14053,65.03251625812906,0.0936506532837393,0.05716,0.01255,0.01689,0.00303,699
"2026-04-01","534630",,"Milton Stainless Steel, Plastic Executive Lunch Box","3 pcs","Kitchen & Dining Needs","Milton",,,358.76674521154143,445,,58.62557,19.36713130214133,0.32598244516137587,0.4589,0.55284,0.71007,0.20837,358.8161262316732
"2026-04-01","696819",,"Wonderchef Stainless Steel Ambrosia Rice Serving Spoon","1 pc","Kitchen & Dining Needs","Wonderchef",,,170.05667423367643,350,,83.32003,51.488519943057575,0.022292544438618098,0.01897,0.0243,0.03539,0,169.69879274325922
"2026-04-01","566835",,"Schott Zwiesel Sparkling Wine Vinos Glass Set (Tritan)","4 pcs","Kitchen & Dining Needs","schott zwiesel",,,2707.7231,3800,,48.53017,28.744128947368424,0.003794238813567398,0.00461,0.01404,0.02044,0,663.0967892365421
"2026-04-01","734677",,"Exclusivish Stainless Steel Cutlery Set","12 pcs","Kitchen & Dining Needs","EXCLUSIVISH",,,799,1999,,81.27413,60.03001500750375,0.008588493313757495,0.00599,0.02226,0.00211,0.06641,6658.333333333334
"2026-04-01","737051",,"Habere India Cane Floral Shell Serving Tray (Green)","1 pc","Kitchen & Dining Needs","Habere India",,,2199,2999,,15.68653,26.675558519506502,0.0005464331449478901,0.0007,0,0,0,219900.00000000003
"2026-04-01","549028",,"Larah by Borosil Orbit Mug Set (Opalware)","2 pcs","Kitchen & Dining Needs","Larah by Borosil",,,179.73000690804,225.83242237288135,,54.93596,20.429839967449478,0.08465437612675618,0.11757,0.08553,0.12338,0.00261,89.99908918593111
"2026-04-01","532099",,"Full Houz Fabric Cotton Kitchen Cloth","6 pcs","Kitchen & Dining Needs","fullhouz",,,66.97861123050357,199,,79.04606,66.38916297069227,0.5985663756257987,0.34844,0.42874,0.62442,0,11.147594281387063
"2026-04-01","426330",,"Vinod Platinum Fry Pan (Stainless Steel)","1 pc","Kitchen & Dining Needs","Vinod",,,2080.047662365956,2778.7252424999997,,27.05648,25.143816648293306,0.002088362015695951,0.00274,0.00278,0.00405,0,2118.1071963286154
"2026-04-01","757730",,"Jensons Plastic, Stainless Steel Bowl Set (Red)","3 pcs","Kitchen & Dining Needs","Jensons",,,499,1395,,37.52482,64.2293906810036,0.0030573142911528694,0.00191,0.00019,0.00028,0,499
"2026-04-01","630250",,"Zulaxy Stackable & Foldable Storage Organiser (Polypropylene)","3 pcs","Kitchen & Dining Needs","Zulaxy",,,899,2299,,1.51124,60.89604175728578,0.00027925949425648835,0.00019,,,,299.6666666666667
"2026-04-01","507829",,"Larah by Borosil Mimosa Cup Set (Opalware)","6 pcs","Kitchen & Dining Needs","Larah by Borosil",,,319.03852506337734,385,,66.40602,17.14077576891666,0.1736535808559686,0.25112,0.40891,0.59554,0,53.16801060068887
"2026-04-01","570378",,"Chumbak Wood Marigold Design Mini Bowl Set (Brown)","2 pcs","Kitchen & Dining Needs","Chumbak",,,491.95160350877177,995,,25.10731,50.557627788063144,0.0022804008607026282,0.00202,0.00044,0.00064,0,485.6786791486351
"2026-04-01","481162",,"Walton Automatic Yoghurt Maker (Polypropylene)","1 pc","Kitchen & Dining Needs","Walton",,,944.8222222222224,1199,,0.16239,21.199147437679535,0.00007282134808954327,0.00013,,,,1007.513879594898
"2026-04-01","570381",,"Chumbak Wood Marigold Casserole Set (Brown)","1 pc","Kitchen & Dining Needs","Chumbak",,,1228.7571970739366,1995,,52.7089,38.44581289874283,0.055610481889518004,0.05963,0.02485,0.03619,0,1226.9977437716705
"2026-04-01","696617",,"Larah by Borosil Opalware Golden Lush Dinner Set (Multicolour)","1 set","Kitchen & Dining Needs","Larah",,,2399.5458787813486,3995.018510291667,,64.17196,40.91136280207743,0.17110370090400184,0.17141,0.03551,0.0513,0.00093,2305.6264356259435
"2026-04-01","499041",,"Zenker BPA Free Baking Brush (Silicone)","1 pc","Kitchen & Dining Needs","Zenker",,,266.72530983905034,308.75881675,,63.75288,13.591916533109822,0.020216818707961205,0.03014,0.03905,0.02356,0.07297,265.9746144711659
"2026-04-01","561898",,"Hazel 2 Fold Modak Mould (Plastic)","2 pcs","Kitchen & Dining Needs","Hazel",,,89,349,,0.00102,74.49856733524355,0.000021196460771844655,0.00001,,,,44.5
"2026-04-01","521097",,"The Artment Tip-Toe Shell Whiskey Glass Set","4 pcs","Kitchen & Dining Needs","The Artment",,,925.6223668223951,999,,20.85806,7.24551152990028,0.004114929915492474,0.00704,0.00456,0.00453,0.00464,976.6843793464238
"2026-04-01","596571",,"FunBlast Stainless Steel Glossy Cutlery Set","8 pcs","Kitchen & Dining Needs","FunBlast",,,629,1299,,33.95074,51.57813702848345,0.0024851858603970943,0.0021,0.021,0.03058,0,78.625
"2026-04-01","570363",,"Chumbak Wood Marigold Platter (Multicolour)","1 pc","Kitchen & Dining Needs","Chumbak",,,935,1295,,12.94368,27.7992277992278,0.002839251098007291,0.00358,0.00006,0.00002,0.00014,935.0000000000001
"2026-04-01","573964",,"Femora Glass Round Container","1 pc","Kitchen & Dining Needs","Femora",,,273.69674325893374,330,,72.8947,17.314143994991756,0.015029029893149783,0.0219,0.00666,0.00969,0,71.62046638236988
"2026-04-01","535274",,"Bulfyss Large Natural Chopping Board (Wood)","1 pc","Kitchen & Dining Needs","Bulfyss",,,320.3342442527434,999,,55.60028,67.99822454907265,0.25311938286412233,0.14135,0.02752,0.04008,0,319.64344764008956
"2026-04-01","448483",,"Wine Server Fackelmann","1 pc","Kitchen & Dining Needs","Fackelmann",,,116.75841133084607,170.93234504166668,,84.71443,32.195580443584575,0.0011783436011704243,0.00123,0.00013,0.00019,0,95.79077219138884
"2026-04-01","496181",,"Ocean Unity Water Glass","6 pcs","Kitchen & Dining Needs","O'cean",,,673.390243902439,843.1402438211381,,4.18785,20.133068153571557,0.0007513615400213749,0.00102,0.00008,0.00012,0,110.50503907443914
"2026-04-01","565908",,"Milton Vacuum Insulated Travel Mug","300 ml","Kitchen & Dining Needs","Milton",,,802,830,,60.35548,3.3734939759036284,0.021362531934484834,0.03603,0.00187,0.00272,0,801.9999999999998
"2026-04-01","496406",,"Vinayak Allure Glass","1 pc","Kitchen & Dining Needs","Vinayak",,,92.36495556764748,129,,45.13574,26.216118340427705,0.013035784200597441,0.01679,0.02041,0.02972,0,96.21328996572537
"2026-04-01","637384",,"Strauss Blender Plastic Bottle","1 pc","Kitchen & Dining Needs","Strauss",,,349,699,,32.11481,50.07153075822603,0.007183179243077157,0.00626,0.00858,0.00338,0.01996,349
"2026-04-01","774118",,"HomeEssentials Borosilicate Glass Jug (Transparent & Brown)","1 pc","Kitchen & Dining Needs","HomeEssentials",,,864.5,2499,,32.88288,65.39870386024234,0.0025650281159069013,0.00156,0.00006,0.00008,0,864.6863905325444
"2026-04-01","432823",,"Fackelmann Power Free Blender With Steel Blades (Stainless Steel, Plastic)","1 pc","Kitchen & Dining Needs","Fackelmann",,,238.87056493506495,299,,14.07595,20.848524475304508,0.0034852689628904884,0.00464,0.00002,0.00003,0,227.92770084394886
"2026-04-01","566930",,"Prestige Induction Cooktop (1200 W)","1 unit","Kitchen & Dining Needs","Prestige",,,1975.973768115942,3128.346790652174,,1.29264,39.696408577166046,0.153329195935597,0.16028,0.24018,0.05365,0.64887,1966.7676461583028
"2026-04-01","553888",,"Mad Over Print World's Coolest Dad Whiskey Glass","1 pc","Kitchen & Dining Needs","Mad Over Print",,,199.28236561691844,299,,10.31788,33.345349859618246,0.0007899458292808983,0.00092,0.00008,0.00011,0,199.9609474865177
"2026-04-01","452789",,"Alina PVC Abstract Table Cover (White)","1 pc","Kitchen & Dining Needs","alina",,,599,599,,7.28745,0,0.00023647209876670426,0.00041,0.00022,0.00032,0,599
"2026-04-01","615918",,"Femora Premium Coffee Mug (Ceramic)","1 pc","Kitchen & Dining Needs","Femora",,,258.95032532951154,411.1154225833334,,64.38033,36.93668924879527,0.051252565315689,0.05662,0.03345,0.04433,0.00961,266.3287533855046
"2026-04-01","742297",,"Kavi The Poetry-Art Project Cork Coasters (Brown)","10 pcs","Kitchen & Dining Needs","Kavi The Poetry-Art Project",,,599,750,,67.25006,20.133333333333326,0.00432418148992808,0.00603,0.00412,0.0001,0.01291,599
"2026-04-01","567008",,"Cello Tulip Quick Bite Cup Set with Bowls (Opalware)","8 pcs","Kitchen & Dining Needs","Cello",,,650.1600509742443,793.86281825,,63.59084,17.941365790181358,0.025408447858736534,0.03738,0.11776,0.1715,0,649.6578781489729
"2026-04-01","568166",,"Larah by Borosil Opalware Red Lily Mixing Bowl Set (White)","3 pcs","Kitchen & Dining Needs","Larah by Borosil",,,834.0052035677286,1100,,33.53605,24.17877770889554,0.010736848530580032,0.01421,0.00249,0.00362,0,278.03239045371043
"2026-04-01","756210",,"Two Moustaches Iron Serving Bowl Set (Golden)","2 pcs","Kitchen & Dining Needs","Two Moustaches",,,795,1449,,3.14361,45.13457556935818,0.00006411795918279537,0.00006,,,,795
"2026-04-01","572536",,"BeastLife Protein Gym Shaker for Workout","1 pc","Kitchen & Dining Needs","BeastLife",,,249.00516976473008,499,,44.54094,50.09975225365556,0.07397653616118047,0.06443,0.14616,0.20998,0.00632,249.0016916128648
"2026-04-01","571240",,"House of Quirk Mug Tumbler with Handle (Black)","1 pc","Kitchen & Dining Needs","House of Quirk",,,1499,1999,,33.32317,25.012506253126563,0.003128716261856694,0.0041,0.00065,0.00095,0,1498.9999999999998
"2026-04-01","565907",,"Treo Glass by Milton All Fresh Borosilicate Lunch Box","1 pc","Kitchen & Dining Needs","Treo",,,742.5649030351716,1448.9082142083337,,53.91345,48.650001806825436,0.21891569962742805,0.19601,0.14011,0.19306,0.02409,744.2936246753753
"2026-04-01","603411",,"Gluman Plastic Bottle Set","2 pcs","Kitchen & Dining Needs","Gluman",,,369,398,,28.00769,7.2864321608040346,0.02685415314621608,0.04346,0.0201,0.02927,0,184.5
"2026-04-01","573003",,"Vesta Homes Wood Zak Large Serving Tray (Brown)","1 pc","Kitchen & Dining Needs","Vesta Homes",,,999,1799,,70.02541,44.469149527515285,0.05216977408833679,0.05057,0.01776,0.02343,0.00534,999.0000000000006
"2026-04-01","559261",,"Nestasia Luxe Velvet Lunch Bag (5 ltrs, Grey & Green)","1 pc","Kitchen & Dining Needs","Nestasia",,,648.7205717857256,1500,,68.03626,56.003878014085224,0.18124693119291424,0.1381,0.11054,0.04519,0.25372,662.2913113849518
"2026-04-01","649699",,"Cutting Edge Glass Regalia Serving Bowl (Transparent)","1 pc","Kitchen & Dining Needs","Cutting Edge",,,295,475,,50.27401,37.89473684210526,0.046937379289372326,0.05088,0.03529,0.0339,0.03832,295.00000000000006
"2026-04-01","697224",,"Wonderchef Plastic Ambrosia Jug With 4 Glasses (Blue)","1 set","Kitchen & Dining Needs","Wonderchef",,,582.5559644654442,1200,,71.26589,51.985337081799116,0.04049032687497483,0.0332,0.07076,0.00666,0.21119,564.620233723101
"2026-04-01","773412",,"The Better Home Borosilicate Glass Infuser Jug (Transparent)","1 pc","Kitchen & Dining Needs","The Better Home",,,999,2609,,7.26644,61.70946722882331,0,0,,,,999
"2026-04-01","188767",,"Fackelmann Stainless Steel Vegetable Peeler (Stainless Steel)","1 pc","Kitchen & Dining Needs","Fackelmann",,,198.82138695272886,296.12586054166667,,73.42558,33.2539683729695,0.10082944448245443,0.11753,0.0687,0.09226,0.01707,198.76116720418537
"2026-04-01","712944",,"Gluman Plastic Mixing Bowl Set (Multi Color)","4 pcs","Kitchen & Dining Needs","Gluman",,,329,386,,38.39918,14.766839378238336,0.0049768689708837004,0.0074,0.00308,0.00448,0,82.25000000000001
"2026-04-01","569675",,"Solara Motivational Plastic Sipper Bottle","1 pc","Kitchen & Dining Needs","Solara",,,1199.182965226249,2999,,53.2979,59.99005021222481,0.08122855557187504,0.05661,0.05814,0.01561,0.15131,272.6236409365977
"2026-04-01","653212",,"Hubow Stand With Assorted Cutlery (Silver)","25 pcs","Kitchen & Dining Needs","hubow",,,699,1665,,18.87517,58.01801801801802,0.0001011238060427719,0.00007,,,,27.959999999999997
"2026-04-01","611097",,"Prestige 4 Burners Magic Plus LPG Gas Stove","1 unit","Kitchen & Dining Needs","Prestige",,,5910.710979421024,7904.606565041666,,59.5352,25.150699479469758,0.2721949250386718,0.35641,0.03761,0.02848,0.05762,5912.841731785529
"2026-04-01","572561",,"Metro Living Stainless Steel Hammered Jug Set with Glasses (Golden)","5 pcs","Kitchen & Dining Needs","metro living",,,1789,2690.127697841727,,5.89924,33.49758074922227,0.0004917716281680134,0.00057,,,,1788.9999999999998
"2026-04-01","548318",,"Ocean Munich Beer Mug Set (Glass)","2 pcs","Kitchen & Dining Needs","O'cean",,,449.0091084261686,510,,80.91615,11.959331810427116,0.03470401248972428,0.05333,0.06903,0.10054,0,224.50337080067155
"2026-04-01","632867",,"Speedex Steel Wall Bottle with Sipper Cap","1 pc","Kitchen & Dining Needs","Speedex",,,369,549.035,,37.55457,32.791613214846954,0.034064390568919495,0.03995,0.02806,0.02751,0.02928,369.00000000000006
"2026-04-01","546823",,"Boldfit Motivational Time Mark Plastic Bottle","1 ltr","Kitchen & Dining Needs","Boldfit",,,473.8618252386024,1299,,77.06144,63.01193316855958,0.1664959529567052,0.10663,0.07623,0.11102,0,481.39465484057973
"2026-04-01","613800",,"Cutting Edge Glass Casserole Set (Transparent)","3 pcs","Kitchen & Dining Needs","Cutting Edge",,,1399,2235,,3.62214,37.40492170022372,0.00027148553334005427,0.0003,,,,466.33333333333326
"2026-04-01","691729",,"Nayasa Melamine Kids Plate (Pink)","1 pc","Kitchen & Dining Needs","Nayasa",,,415,415,,61.05722,0,0.0009238895032286437,0.00161,0.00044,0.00064,0,415.00000000000017
"2026-04-01","612345",,"Yellocut Plastic Container Set","3 pcs","Kitchen & Dining Needs","Yellocut",,,299,399,,39.68944,25.062656641603997,0.028439051981919976,0.0372,0.00233,0.00339,0,99.66666666666666
"2026-04-01","697967",,"Unify Stainless Steel Insulated Casserole with Lid 2.2 L (Silver)","1 pc","Kitchen & Dining Needs","Unify",,,1299,2329,,60.55105,44.22498926577931,0.01551466777031487,0.0151,0.00718,0.00359,0.01505,1298.9999999999998
"2026-04-01","596495",,"Speedex Steel Wall Bottle","1 pc","Kitchen & Dining Needs","Speedex",,,319,549,,0.02601,41.89435336976321,0.000050015287853587186,0.00005,0,0,0,319
"2026-04-01","543993",,"Aravi Atta Chalni / Flour Sieve (Steel)","1 pc","Kitchen & Dining Needs","Aravi",,,236.88028357411568,299,,81.14791,20.662623716893815,0.10369675752774112,0.14336,0.03477,0.05063,0,237.2403787062688
"2026-04-01","711246",,"Selvel Snacks & Dryfruits Serving Box (Dark Grey)","1 pc","Kitchen & Dining Needs","Selvel",,,820,1356,,60.20699,39.528023598820056,0.004800982968495588,0.00507,0.00002,0.00002,0,820
"2026-04-01","767164",,"Two Moustaches Iron Blue Pichwai Theme Serving Tray Set (Multicolour)","2 pcs","Kitchen & Dining Needs","Two Moustaches",,,799,1595,,15.21197,49.905956112852664,0,0,,,,799
"2026-04-01","571896",,"Nautica Stylish Fender Triple-Layer Flask Thermal Bottle","1 pc","Kitchen & Dining Needs","Nautica",,,1852.0504789238803,2850,,32.13314,35.01577266933753,0.0046008598673622225,0.00546,0.00316,0.00455,0.0001,1902.109439512344
"2026-04-01","548495",,"Lifelong LLIC102 1800W Induction Cooktop","1 unit","Kitchen & Dining Needs","Lifelong",,,,,,0,,0,0,0.00048,0.0007,0,
"2026-04-01","612150",,"Infantino My 1st Tumbler","1 pc","Kitchen & Dining Needs","Infantino",,,1199,1199,,27.17267,0,0.0012379623709070679,0.00216,0.00023,0.00033,0,1198.9999999999998
"2026-04-01","558916",,"Melii Reusable Animal Snack Zip Lock Bag (PVA)","4 pcs","Kitchen & Dining Needs","Melii",,,599,599,,13.13775,0,0.0003819930819684276,0.00067,0.0001,0.00015,0,149.75
"2026-04-01","566950",,"The Artment Floral Design Knife (Stainless Steel)","1 pc","Kitchen & Dining Needs","The Artment",,,249,399,,0.01686,37.59398496240601,0.00009693308975631469,0.00011,0.00001,0.00001,0,249.00000000000006
"2026-04-01","566269",,"The Artment Bohemian Skull Beer Mug Set (Glass)","4 pcs","Kitchen & Dining Needs","The Artment",,,874.2625163161865,1241.4572315833332,,27.27438,28.798975120980295,0.017185855458612526,0.02218,0.00216,0.0016,0.00339,233.82294830469172
"2026-04-01","620009",,"ExclusiveLane Ceramic Whispers of Warli Serving Bowl Set (Cream)","2 pcs","Kitchen & Dining Needs","ExclusiveLane",,,775,1325,,26.14913,41.509433962264154,0.0026500065497384,0.00271,0.00229,0.00178,0.00339,387.50000000000006
"2026-04-01","696514",,"Vesta Homes Wood Serving Tray (Light Brown)","1 pc","Kitchen & Dining Needs","Vesta Homes",,,869,1999,,86.61003,56.52826413206603,0.008303788439199397,0.0063,0.00249,0.00363,0,869.0000000000001
"2026-04-01","480972",,"Happy Kitchen Stainless Steel Dessert Spoon Set","6 pcs","Kitchen & Dining Needs","Happy Kitchen",,,264.9222501858253,296.062422,,76.90784,10.964371311512258,0.0193397030646411,0.02994,0.0267,0.03889,0,43.77050033323933
"2026-04-01","566089",,"The Artment Knife (Stainless Steel)","1 pc","Kitchen & Dining Needs","The Artment",,,249,399,,0.12071,37.59398496240601,0.00014539963463447203,0.00016,0.00001,0.00001,0,249.00000000000003
"2026-04-01","545157",,"Aravi Pop Up Ice Tray (Plastic)","1 pc","Kitchen & Dining Needs","Aravi",,,149.01649343149182,200,,79.73921,25.470285608079827,0.13538743911578943,0.17602,1.25269,1.82443,0,149.05944318015727
"2026-04-01","595363",,"WonderStand 3-Tier Step Countertop Home Organizer","1 pc","Kitchen & Dining Needs","WonderStand",,,559,654.7174630000001,,55.3626,18.218299247017722,0.09443364580367568,0.13393,0.03754,0.05467,0,559
"2026-04-01","721460",,"Yellow Gold Bamboo Skewer","100 pcs","Kitchen & Dining Needs","Yellow Gold",,,125.83666666666667,150,,13.99735,16.125671430019263,0.00046658159698023086,0.00068,,,,124.56270470256061
"2026-04-01","575931",,"Oliveware Stainless Steel Teso Pro Lunch Box Set","1 set","Kitchen & Dining Needs","Oliveware",,,999,1950,,2.52648,48.76923076923077,0.00035529985906919854,0.00032,,,,999
"2026-04-01","588394",,"Mad Over Print Cute Couple Teddy Mug Set (Ceramic)","2 pcs","Kitchen & Dining Needs","Mad Over Print",,,229.0642307692308,598.3076923076923,,0.55643,61.714784623576364,0.001647108925746011,0.0011,0,0,0,114.50045699016536
"2026-04-01","620551",,"ExclusiveLane Coffee Mug with Coaster & Spoon (Ceramic)","1 set","Kitchen & Dining Needs","ExclusiveLane",,,599.0948095238094,999,,35.11532,40.030575736720664,0.00490880973413602,0.00514,0.03534,0.00679,0.09787,599.0853065707078
"2026-04-01","606610",,"New Dawn Plastic kitchen Storage Box","2 pcs","Kitchen & Dining Needs","New Dawn",,,549,1000,,6.02307,45.1,0.00024293983163715526,0.00023,0.00004,0.00006,0,549
"2026-04-01","545210",,"FanCode MI Official Mug","1 pc","Kitchen & Dining Needs","FanCode",,,171,399,,0.42808,57.142857142857146,0,0,,,,171
"2026-04-01","767145",,"Two Moustaches Iron Wedding Pichwai Tray Set (Multicolour)","2 pcs","Kitchen & Dining Needs","Two Moustaches",,,845,1595,,15.6276,47.02194357366771,0.0009687236081117227,0.0009,,,,844.9999999999998
"2026-04-01","631116",,"Speedex Sipper Lid Steel Wall Bottle","1 pc","Kitchen & Dining Needs","Speedex",,,289,549,,0.40447,47.35883424408014,0.00014170998225183036,0.00013,0,0,0,289
"2026-04-01","579802",,"The Better Home Steel Lunch Box","2 pcs","Kitchen & Dining Needs","The Better Home",,,1399,4995,,4.43321,71.991991991992,0.0016048348018987903,0.00078,0.00092,0.00004,0.00284,699.5
"2026-04-01","620856",,"House of Quirk Plastic Desk & Drawer Organizer (Transparent, 300 ml, 6 pcs)","6 pcs","Kitchen & Dining Needs","House of Quirk",,,599,999,,1.72925,40.04004004004004,0,0,,,,99.83333333333334
"2026-04-01","553258",,"Judge by Prestige Stainless Steel Classic Dinner Set (Silver)","1 set","Kitchen & Dining Needs","Judge",,,1607.751378285616,2206.269523458334,,80.06698,27.13574732261769,0.05026244099493772,0.06446,0.03357,0.04321,0.01245,1603.275206410719
"2026-04-01","603257",,"Gluman Spout-Lid Plastic Bottle Set","3 pcs","Kitchen & Dining Needs","Gluman",,,349,369,,0.01661,5.420054200542006,0.00006723366563924835,0.00011,,,,116.33333333333333
"2026-04-01","595292",,"Trisara Stainless Steel Stainless Steel Dinner Set (6 pcs) (Silver)","1 set","Kitchen & Dining Needs","Trisara",,,549,740,,4.9046,25.81081081081081,0.000776245831125302,0.00101,0.00033,0.00048,0,549
"2026-04-01","770682",,"Selvel Polypropylene, Stainless Steel Casserole (Dark Grey)","1 pc","Kitchen & Dining Needs","Selvel",,,899,2141,,17.75,58.01027557216254,0,0,,,,899
"2026-04-01","573031",,"Cutting EDGE Glass Seal N Kiss Container Set","2 pcs","Kitchen & Dining Needs","Cutting Edge",,,334.93569302713615,750,,34.79227,55.57595110162876,0.07489671250757424,0.05784,0.03122,0.04077,0.01029,166.4520318246472
"2026-04-01","611165",,"The Better Home Stainless Steel Fridge Water Bottle (Black, 1 ltr)","3 pcs","Kitchen & Dining Needs","The Better Home",,,1239,2248.3046875,,5.9299,44.89185302168418,0.0013222316626608768,0.00125,0.00011,0.00016,0,413
"2026-04-01","566121",,"Borosil Glass Designer Serving Bowl (Transparent)","4 pcs","Kitchen & Dining Needs","Borosil",,,555.448275862069,695,,2.64126,20.079384768047632,0.000042210898692812324,0.00006,,,,555.0500641205851
"2026-04-01","639107",,"Bloomingdale Stainless Steel Reusable Straw with Cleaner","5 pcs","Kitchen & Dining Needs","Bloomingdale",,,117.76566117507697,349,,23.38248,66.35824819558479,0.019274038366738494,0.0114,0.11014,0.16041,0,117.24074811494452
"2026-04-01","559341",,"Ratan Brooms Simpli Clean Cotton Kitchen Cloth","3 pcs","Kitchen & Dining Needs","ratan brooms",,,128.99462499999998,150,,69.07884,13.967143238805209,0.17583427856344955,0.26392,0.1353,0.19706,0,43.016432087588036
"2026-04-01","607752",,"Brick Brown Wood Pastel Flora Casserole (Multicolour)","1 pc","Kitchen & Dining Needs","brick brown",,,2399,3999,,2.82486,40.010002500625156,0,0,,,,2399
"2026-04-01","665833",,"Cello Opalware Dazzle Tree of Life Dinner Set (White)","18 pcs","Kitchen & Dining Needs","Cello",,,1395.8953641017454,2099.366666666667,,63.46522,33.4466318801836,0.20720986748212147,0.24064,0.10483,0.13618,0.03614,1398.4968719046005
"2026-04-01","612575",,"Lifelong Stainless Steel Wall Bottle","1 pc","Kitchen & Dining Needs","Lifelong",,,311.1848454173557,649,,58.5297,52.165759069875904,0.3408994149366157,0.28422,0.18776,0.27345,0,310.44342701904384
"2026-04-01","574377",,"Schott Zwiesel Stage Whiskey Glass Set (Tritan)","8 pcs","Kitchen & Dining Needs","schott zwiesel",,,4541.5649,6300,,78.23438,28.186637314475394,0.013772242460273833,0.01596,0.00392,0.00571,0,523.5196006432759
"2026-04-01","568406",,"Wonderchef Stainless Steel Venice Bowl (Silver)","1 pc","Kitchen & Dining Needs","Wonderchef",,,64.5595376053674,110.75808575,,51.34088,43.23754566945112,0.04323254612808548,0.04112,0.0468,0.06815,0,62.842315894297656
"2026-04-01","566656",,"Schott Zwiesel Beer Tumbler Convention Tritan Crystal Glass","6 pcs","Kitchen & Dining Needs","schott zwiesel",,,2400,3200,,66.86621,25.051652892561982,0.004961808447575453,0.00595,0.0012,0.00174,0,366.7399911956794
"2026-04-01","625506",,"Oliveware Stainless Steel Magma Lunch Box","1 set","Kitchen & Dining Needs","Oliveware",,,929,1950,,22.29303,52.358974358974365,0.017660235796396796,0.01469,0.00171,0.0025,0,929
"2026-04-01","546819",,"Boldfit Gallon Plastic Bottle","2.2 ltr","Kitchen & Dining Needs","Boldfit",,,987.8303328592654,1999,,72.94006,50.45075424059898,0.10515297112741147,0.09021,0.05529,0.04212,0.08415,44.95422095253417
"2026-04-01","755861",,"HomeEssentials Steel Cutlery Set","3 pcs","Kitchen & Dining Needs","HomeEssentials",,,411,1299,,14.20674,68.36027713625866,0.0015009733648906262,0.00084,0.04315,0.00036,0.13691,399.8002713893255
"2026-04-01","622269",,"Milton Steel Pro Lunch Box Set","1 set","Kitchen & Dining Needs","Milton",,,899.0060969752834,1999,,41.81487,55.039395132887954,0.7310091791545102,0.57374,0.20417,0.24749,0.10927,898.7601675831095
"2026-04-01","513233",,"Milton Hector Plastic Bottle","1 pc","Kitchen & Dining Needs","Milton",,,177.03839532084987,215,,37.99741,17.690462278227482,0.18602164383644543,0.26697,0.26946,0.25095,0.31001,176.96542034725414
"2026-04-01","712399",,"Cello Melamine Richmound Elegant Onex Serving Tray (Pastel Green)","2 pcs","Kitchen & Dining Needs","Cello",,,729.1126972704662,854,,60.73012,14.623678553433143,0.028622852425322642,0.04265,0.01324,0.01929,0,364.5376068953807
"2026-04-01","496408",,"Vinayak Stainless Steel Signature Hammered Quarter Plate (Silver)","1 pc","Kitchen & Dining Needs","Vinayak",,,168.43785201055704,239,,36.6413,29.345593552001812,0.010731212017174746,0.01328,0.00316,0.00461,0,169.10833211969396
"2026-04-01","635502",,"Corength by Decathlon Gym Gallon Plastic Bottle","1 pc","Kitchen & Dining Needs","Corength by Decathlon",,,870.3357627051499,999,,50.74025,12.885462447300636,0.012235521556639505,0.01861,0.00573,0.00834,0,870.5737569017408
"2026-04-01","691778",,"Nayasa Melamine Plate Set (White)","2 pcs","Kitchen & Dining Needs","Nayasa",,,427.5882352941176,535,,64.38027,21.48828677007379,0.0010097272161039234,0.00122,0.00021,0.00031,0,369.35784165434933
"2026-04-01","650396",,"Larah by Borosil Opalware 10"" Dark Forest Plate Set (White)","1 set (2 pieces)","Kitchen & Dining Needs","Larah",,,261.64259370331644,327.803770875,,46.18104,20.328956717101036,0.06066248439065103,0.08454,0.03063,0.04461,0,260.5583865641299
"2026-04-01","767157",,"Two Moustaches Iron Pichwai Theme Serving Tray (Multicolour)","2 pcs","Kitchen & Dining Needs","Two Moustaches",,,815,1595,,18.78637,48.90282131661442,0.00024218094757919457,0.00022,,,,815
"2026-04-01","566345",,"Judge by Prestige 3 ltr ACE Pressure Cooker (Stainless Steel)","1 unit","Kitchen & Dining Needs","Judge",,,1001.3700311127026,2035.574200890411,,6.61973,50.79226073375791,0.10214686921132965,0.08776,0.02271,0.02147,0.02543,1000.3349355812396
"2026-04-01","533805",,"Larah by Borosil Opalware 10"" Plain Plate Set (White)","6 pcs","Kitchen & Dining Needs","Larah by Borosil",,,580.8359597418978,738.8899708749999,,61.37891,21.622315677474912,0.13451623056038273,0.18458,0.08052,0.11726,0,96.39279364923611
"2026-04-01","562773",,"Agaro Scissor & Knife Set (Stainless Steel)","6 pcs","Kitchen & Dining Needs","Agaro",,,792.2589285714286,849,,0.24934,6.683282853777557,0.0004640762774611532,0.00076,0.00001,0.00002,0,131.79929431011536
"2026-04-01","605636",,"Steellock Stainless Steel Container Set","3 pcs","Kitchen & Dining Needs","Steel Lock",,,959.4439861111111,1087.6305552499998,,35.6311,11.780044495579281,0.0036416269562039335,0.00575,0.02245,0.00075,0.07,322.22498412245005
"2026-04-01","480968",,"Fackelmann Juice/Soup Strainer (Stainless Steel)","1 pc","Kitchen & Dining Needs","Fackelmann",,,330.3008458780224,572.7575632916667,,65.16805,42.387770177353325,0.14738496716144522,0.14784,0.04664,0.06793,0,330.08410105515895
"2026-04-01","427659",,"Prestige PIC 20 Induction Cooktop (1600 W)","1 unit","Kitchen & Dining Needs","Prestige",,,2628.2773790517663,4029.1726101886793,,7.66684,37.3398650306671,1.2496157609753806,1.36716,0.93369,0.35068,2.21106,2555.2130637684377
"2026-04-01","545151",,"Aravi Flexible Honeycomb Ice Tray (Silicone)","1 pc","Kitchen & Dining Needs","Aravi",,,88.4464462956124,149,,94.50044,40.6135661896579,1.3364383043857164,1.38538,2.66489,3.88119,0,88.48578637740975
"2026-04-01","607111",,"Cutting Edge Polypropylene Food Storage Container Set","6 pcs","Kitchen & Dining Needs","Cutting Edge",,,349,725,,43.2732,51.86206896551724,0.042440477792108015,0.03566,0.02209,0.00681,0.05558,58.16666666666668
"2026-04-01","626853",,"Borosil Borosilicate Glass Rectangle Storage Container","1 pc","Kitchen & Dining Needs","Borosil",,,342.1193434955993,395,,68.23174,13.541797923592911,0.05158179181345925,0.07819,0.04134,0.03915,0.04616,341.50037310052517
"2026-04-01","578239",,"Embassy 22 cm Heavy-Weight Deep Hammered Kadai (Stainless Steel)","1 unit","Kitchen & Dining Needs","Embassy",,,1599,2380.283105022831,,4.92145,32.823116854217105,0.003831654986213336,0.0045,0.00007,0.00011,0,1598.9999999999995
"2026-04-01","593861",,"New Dawn Stainless Steel Container Set with Lid","3 pcs","Kitchen & Dining Needs","New Dawn",,,899,1500,,67.38023,40.06666666666666,0.04615059854411804,0.04828,0.0002,0.00029,0,899
"2026-04-01","573126",,"Nestroots Cutlery Holder (Wood)","1 pc","Kitchen & Dining Needs","Nestroots",,,899,1899,,3.44065,52.6592943654555,0,0,0,0,0,899
"2026-04-01","571890",,"Pieces and Accents Marble Square Coaster Set (White)","4 pcs","Kitchen & Dining Needs","pieces and accents",,,349,699,,0.65969,50.07153075822604,0,0,,,,349
"2026-04-01","716301",,"Tiara Stainless Steel Butter Spreader/ Butter Knife","3 pcs","Kitchen & Dining Needs","Tiara",,,179,230,,58.19828,22.173913043478258,0.02096450626523475,0.02848,0.1214,0.17681,0,59.666666666666664
"2026-04-01","507242",,"Ocean Lexington White Wine Glass","6 pcs","Kitchen & Dining Needs","O'cean",,,1407.5131666666666,1517,,5.8892,7.217325862447821,0.00032247252075693174,0.00052,0.00003,0.00005,0,234.88870105798097
"2026-04-01","500894",,"Fackelmann Tea Infuser (Stainless Steel)","1 pc","Kitchen & Dining Needs","Fackelmann",,,266.6676898291422,290.11788987500006,,79.04714,8.251016095049737,0.045075290626642284,0.07258,0.01132,0.01649,0,265.56469023734445
"2026-04-01","38264",,"Scotch Brite Kitchen Gloves (Large)","1 pair","Kitchen & Dining Needs","Scotch brite",,,119,130,,76.424,8.461538461538469,0.15716602682083425,0.25111,0.10289,0.14985,0,118.99999999999999
"2026-04-01","566605",,"Cello Plastic MF All in One Insulated Lunch Box with Bag","6 pcs","Kitchen & Dining Needs","Cello",,,893.4413302976888,1899.090985,,63.3312,52.967732545078526,0.2806323847552604,0.23032,0.44036,0.08746,1.21355,893.1667094860488
"2026-04-01","559046",,"Chumbak M Alphabet Mug (Ceramic)","1 pc","Kitchen & Dining Needs","Chumbak",,,644.1039523900822,695,,77.10002,7.194575517411593,0.061957598110427316,0.10016,0.07798,0.11357,0,214.83761796906361
"2026-04-01","693002",,"Two Moustaches Serving Tray Set (Blue)","2 pcs","Kitchen & Dining Needs","Two Moustaches",,,695,1595,,7.31733,56.426332288401255,0.0007023250577282595,0.00053,,,,347.5
"2026-04-01","563843",,"Urban Space Cotton Floral Dining Table Cover 6 Seater (Mustard Motif)","1 pc","Kitchen & Dining Needs","Urban Space",,,1169.614865159536,2299,,66.10072,49.12203711277643,0.15065327709382906,0.13378,0.15969,0.11779,0.25151,1169.7904323809792
"2026-04-01","717778",,"Shree Shyam Stainless Steel Bowl","1 pc","Kitchen & Dining Needs","Shree Shyam",,,99.95995553103397,199,,56.60783,49.34586631469424,0.0037609845688090816,0.00327,0.00006,0.00009,0,101.75659172951796
"2026-04-01","673645",,"GKD Wood Coaster Set With Stand (Multicolour)","1 set","Kitchen & Dining Needs","GKD",,,299,999,,40.83443,70.07007007007007,0.08383037817677703,0.04379,0.01219,0.01689,0.00188,298.99999999999994
"2026-04-01","693158",,"Two Moustaches Serving Tray Set (Multicolour)","2 pcs","Kitchen & Dining Needs","Two Moustaches",,,695,1595,,9.60397,56.426332288401255,0.0006916687950320225,0.00053,0.00028,0.00001,0.00086,347.49999999999994
"2026-04-01","526327",,"Nayasa Plastic Fusion Container Set","3 pcs","Kitchen & Dining Needs","Nayasa",,,381.5481189043988,418.9734453333333,,79.23063,9.941361967543731,0.2715380727145477,0.42454,0.52621,0.76638,0,125.76223099895653
"2026-04-01","691154",,"Nayasa Plastic Cold Water Jug (Green)","1 pc","Kitchen & Dining Needs","Nayasa",,,432.1599153806584,469,,51.26986,10.713772035146123,0.02605510653880145,0.03975,0.0158,0.02301,0,19.511944524155258
"2026-04-01","100000042","100000042","Dummy Product","100g","Kitchen & Dining Needs","dummy",0.09149999999999998,,,,0,,,1.6671762617862392e-8,,,,,
"2026-04-01","607505",,"Vesta Homes Wood Gravitas Medium Serving Tray (Light Brown)","1 pc","Kitchen & Dining Needs","Vesta Homes",,,499,1299,,68.58494,61.58583525789067,0.059614898425820295,0.03997,0.01694,0.02467,0,499.0000000000002
"2026-04-01","595092",,"ExclusiveLane Ceramic Handcrafted Multicolour Dinner Set (Multicolour)","1 set","Kitchen & Dining Needs","ExclusiveLane",,,2699,5175,,15.8022,47.84541062801932,0.004067090156006726,0.0037,0.00179,0.0003,0.00507,2699
"2026-04-01","630178",,"Irida Naturals Rice Husk 9"" Plate Set (Multicolour)","4 pcs","Kitchen & Dining Needs","Irida Naturals",,,699,999,,64.45066,30.030030030030012,0.023436265435060152,0.02862,0.22659,0.01072,0.69956,698.9999999999998
"2026-04-01","654227",,"New Dawn Glass Tea Pot with Removable Filter","1 pc","Kitchen & Dining Needs","New Dawn",,,499,1000,,2.89079,50.1,0.00012146991581857763,0.00011,0,0,0,499
"2026-04-01","534401",,"The Artment Highball Glass Set (Glass)","4 pcs","Kitchen & Dining Needs","The Artment",,,972.1122437593009,999,,30.64318,2.6080513920929866,0.006511804811585056,0.01115,0.00494,0.00093,0.01373,245.99768671875296
"2026-04-01","537896",,"Rabitat Stainless Steel Lunch Box for Kids","500 ml","Kitchen & Dining Needs","Rabitat",,,564.811520091393,935.1288632000001,,13.85643,43.6631059708286,0.037041062906572074,0.03364,0.01694,0.0145,0.02228,97.91931705068284
"2026-04-01","552719",,"Femora Gold Line Coffee Mug (Ceramic)","2 pcs","Kitchen & Dining Needs","Femora",,,362.8297724941887,600,,69.75068,39.916728788682775,0.06254562866964468,0.06494,0.03955,0.04999,0.01668,180.08217712415842
"2026-04-01","512997",,"Ocean Delight Ice Cream Cup Set (Glass)","6 pcs","Kitchen & Dining Needs","O'cean",,,949,1010,,26.75814,6.03960396039604,0.0019936283231698016,0.00327,0.00002,0.00003,0,158.1666666666667
"2026-04-01","565182",,"Ocean Cookie Jar & Coffee Mug Set (Glass)","6 pcs","Kitchen & Dining Needs","O'cean",,,999.1203006256349,1029,,24.75826,2.903760872144331,0.0004887213333266403,0.00083,0.00255,0.00371,0,166.49561969053372
"2026-04-01","707138",,"HAZEL Stainless Steel Dinner Plate (Silver)","1 unit","Kitchen & Dining Needs","Hazel",,,165.96792189893645,319,,77.23463,47.763620841000304,0.3401127116285102,0.31123,0.0551,0.08025,0,166.63399187432796
"2026-04-01","650506",,"Larah by Borosil Opalware Dark Forest Dinner Set (White)","1 set","Kitchen & Dining Needs","Larah",,,1473.2560399587635,2199.00422975,,81.07565,34.03577069979926,0.1837026038427615,0.20952,0.06667,0.094,0.00678,1439.6376562541736
"2026-04-01","572350",,"Vesta Homes Mika Acacia Wood Reversible Chopping Board (Brown)","1 pc","Kitchen & Dining Needs","Vesta Homes",,,499,999,,73.66654,50.050050050050075,0.026306850883151392,0.02294,0.0127,0.0185,0,499
"2026-04-01","606520",,"Chumbak Hamsa Mug Set (Ceramic)","1 set","Kitchen & Dining Needs","Chumbak",,,603.3245276249129,1115,,54.84526,45.90993227147753,0.08042895724755103,0.07591,0.04125,0.05997,0.00024,602.9537048722556
"2026-04-01","540995",,"Skip Hop Zoo Plastic Sipper Bottle","1 unit","Kitchen & Dining Needs","Skip Hop",,,799,799,,41.56569,0,0.004755308169484435,0.0083,0.00681,0.00975,0.00037,799
"2026-04-01","752352",,"Femora Ceramic Snack Plate with Dip Section (Blue & White)","1 pc","Kitchen & Dining Needs","Femora",,,455,1000,,9.61686,54.5,0,0,0.0001,0.00013,0.00004,455
"2026-04-01","751485",,"HomeEssentials Glass, Wood Textured Serving Tray (Brown)","1 pc","Kitchen & Dining Needs","HomeEssentials",,,699,2999,,44.15714,76.69223074358119,0.01962605197541889,0.00798,0.00935,0.00191,0.02563,698.9999999999999
"2026-04-01","712904",,"Two Moustaches Kissing Swan Pair Design Tray Set (Multicolour)","2 pcs","Kitchen & Dining Needs","Two Moustaches",,,595,1599,,11.17276,62.78924327704816,0.0005049995330236876,0.00033,0.00001,0,0.00002,297.5
"2026-04-01","573140",,"Nestroots Tissue Paper Holder (Wood)","1 pc","Kitchen & Dining Needs","Nestroots",,,699,2790,,0.15389,74.94623655913979,0.00016945070201761778,0.00007,0,0,0,699
"2026-04-01","380543",,"Vinod Tawa (Aluminium)","1 unit","Kitchen & Dining Needs","Vinod",,,843.0642202524192,1003.442037611111,,45.16439,15.982768445749231,0.002620528504764293,0.00391,0.00491,0.00716,0,849.0685034752073
"2026-04-01","428958",,"Polyset Cylinder Trolley (Plastic)","1 pc","Kitchen & Dining Needs","Polyset",,,194.67005555555554,239,,4.15046,18.548093909809392,0.00002903146038201625,0.00004,,,,194.60727497768414
"2026-04-01","619358",,"Chumbak Couple Goals Mug (Ceramic)","1 pc","Kitchen & Dining Needs","Chumbak",,,338.3371688005957,395,,77.37962,13.268469021678195,0.017905822703086546,0.02712,0.05813,0.08466,0,345.29071495526966
"2026-04-01","738015",,"Habere India Cane Floral Serving Tray (Multicolour)","1 pc","Kitchen & Dining Needs","Habere India",,,1499,3499,,23.25182,57.15918833952558,0.0002125117695014131,0.00016,0.00712,0.00001,0.02268,1499
"2026-04-01","578550",,"Embassy Stainless Steel 6 pcs 29 cm Dinner Plate Set (Silver)","6 pcs","Kitchen & Dining Needs","Embassy",,,1649,2264.5734777419357,,2.2172,27.18275576984485,0.0020972530758103093,0.00263,,,,274.83333333333337
"2026-04-01","578567",,"Embassy Stainless Steel Canister Set for Tea/Coffee/Sugar","3 pcs","Kitchen & Dining Needs","Embassy",,,699,988.0309523809524,,11.60177,29.253228523301516,0.0013896597410948054,0.00172,0.00031,0.00045,0,233
"2026-04-01","691092",,"Nayasa Steel Bethany Insulated Casserole (White)","1 pc","Kitchen & Dining Needs","Nayasa",,,983.9579831932773,1069,,57.08315,8.973401792595979,0.0206321857434097,0.03202,0.00565,0.00823,0,950.410562668243
"2026-04-01","621475",,"averX Plastic Pull N Chop Manual Chopper (450 ml)","1 pc","Kitchen & Dining Needs","averx",,,199,499,,44.36653,60.12024048096192,0.4467014961309146,0.31093,0.19458,0.23883,0.09763,199
"2026-04-01","577753",,"Glasafe Glass Lunch Set","1 pc","Kitchen & Dining Needs","Glasafe",,,1749,4846,,0.70786,63.90837804374742,0,0,,,,1748.9999999999998
"2026-04-01","708130",,"CutTales Stainless Steel Kanjak 3 Compartments Plate Set (Silver)","12 pcs","Kitchen & Dining Needs","CutTales",,,819,2999,,14.26257,72.69089696565521,0.005193715398665758,0.00248,0.00029,0.00043,0,68.25
"2026-04-01","613900",,"Mrs The Club Virgin Paper Kitchen Towel Roll","4 x 100 pulls","Kitchen & Dining Needs","mrs the club",,,199,396,,10.20408,49.74747474747475,0,0,,,,199
"2026-04-01","741045",,"Gluman Plastic Dinner Plate Set (White)","6 pcs","Kitchen & Dining Needs","Gluman",,,349,599,,29.27796,41.73622704507513,0.0024127413123632203,0.00245,0.00214,0.00311,0,348.99999999999994
"2026-04-01","710972",,"Two Moustaches Ethnic Floral Serving Tray (Multicolour)","2 pcs","Kitchen & Dining Needs","Two Moustaches",,,895,1595,,9.64224,43.8871473354232,0,0,0,0,0,447.49999999999994
"2026-04-01","188768",,"Fackelmann Arcadalina Vegetable Peeler (Stainless Steel, Plastic)","1 pc","Kitchen & Dining Needs","Fackelmann",,,179.2646617188823,298.59721287499997,,70.16702,40.057457839244385,0.17937313840621127,0.18778,0.07628,0.09622,0.0326,178.98567576120428
"2026-04-01","477761",,"Pasabahce Karat Ice Bucket with Tong (Glass)","1 pc","Kitchen & Dining Needs","Pasabahce",,,629.5091388888889,644,,1.92033,2.2501337129054546,0.00011734023822585793,0.00019,0,0,0,633.9947127401936
"2026-04-01","405912",,"Larah by Borosil Mug Set (Opalware)","2 pcs","Kitchen & Dining Needs","Larah by Borosil",,,401.78957685812435,472.1527147500001,,66.99976,14.888515216695463,0.03228813160204228,0.04783,0.00968,0.00376,0.02265,200.29793478678158
"2026-04-01","753288",,"Parage Stainless Steel Rose Gold Spoon Set","6 pcs","Kitchen & Dining Needs","Parage",,,379.6333333333333,999,,34.99227,62.007827893479714,0.004354896707231972,0.00289,0.00493,0.00063,0.01434,379.2647050517581
"2026-04-01","735418",,"Habere India Cane Small Rustic Serving Tray (Blue)","1 pc","Kitchen & Dining Needs","Habere India",,,1699,3199,,12.09107,46.88965301656768,0.0010686022248022487,0.00099,,,,169900
"2026-04-01","571897",,"Pieces and Accents Marble Round Coaster Set (White)","4 pcs","Kitchen & Dining Needs","pieces and accents",,,419,699,,1.03774,40.05722460658083,0,0,,,,419.00000000000006
"2026-04-01","772302",,"Chumbak Bone China Dessert Bowl Set (Multicolour)","6 Pcs","Kitchen & Dining Needs","Chumbak",,,1049,1599,,39.77752,36.69746421702243,0.0032193720230260085,0.00338,0.00009,0.00013,0,962.4025328200181
"2026-04-01","697750",,"Lifelong Silicone Non-Stick Cooking Spoon Set","3 pcs","Kitchen & Dining Needs","Lifelong",,,391.6919840765098,999,,64.94605,60.30123121178207,0.11781240604764798,0.07836,0.02513,0.03659,0,397.69856981934475
"2026-04-01","655690",,"New Dawn Stainless Steel Straw with Cleaning Brush","5 pcs","Kitchen & Dining Needs","New Dawn",,,165,700,,46.99187,76.42857142857143,0.009021851458633863,0.00371,0.04829,0.07033,0,33
"2026-04-01","513204",,"Philips Home Viva Collection Induction Cooktop (HD4928/01)","2100 W","Kitchen & Dining Needs","Philips Home",,,4549.631381528272,6094.10704909091,,7.13812,26.855684809582794,0.3963209177506312,0.50339,0.19175,0.22106,0.12753,4424.174925150056
"2026-04-01","188759",,"Nirosta 2 in 1 Multi-Purpose Scissors (Stainless Steel)","1 pc","Kitchen & Dining Needs","Nirosta",,,238.41290486297174,498.43731570833336,,83.26231,52.128769937050954,0.084827476031634,0.0709,0.07217,0.10511,0,238.6639968490967
"2026-04-01","704847",,"Birch & Co. Happy Home Decor Gift Set (Beige)(Box)","10 pieces","Kitchen & Dining Needs","Birch & Co",,,1252.0245854166667,2499,,35.06222,49.89893994453533,0.011452670063416411,0.01,0.00931,0.00365,0.02172,125.70511544878617
"2026-04-01","568465",,"Solara Insulated Gym Sports Thermal Bottle","1 pc","Kitchen & Dining Needs","Solara",,,1865.5350477523536,2999,,56.22237,37.63542446448708,0.35077992138671266,0.37147,0.05904,0.06908,0.03704,1871.093906015661
"2026-04-01","626394",,"Parage Stainless Steel Spoon Rest","2 pcs","Kitchen & Dining Needs","Parage",,,299,599,,5.1457,50.08347245409015,0.00021828183921269689,0.00019,0.00001,0.00001,0,149.5
"2026-04-01","566147",,"Larah by Borosil Opalware Premia Dinner Set (White, Blue)","1 set","Kitchen & Dining Needs","Larah by Borosil",,,3709.272907385411,5995,,20.92324,38.100947996852675,0.023140782949238554,0.02456,0.00155,0.00226,0,3922.9111412092034
"2026-04-01","595203",,"Speedex Thermal Bottle Bottle","1 pc","Kitchen & Dining Needs","Speedex",,,899,1395,,44.86263,35.555555555555564,0.031700858651447485,0.03566,0.02025,0.02038,0.01997,899
"2026-04-01","611175",,"The Better Home Stainless Steel Fridge Water Bottle (Green, 1 ltr)","5 pcs","Kitchen & Dining Needs","The Better Home",,,1899,3799,,31.24198,50.01316135825217,0.09507498500713263,0.08295,0.05605,0.01574,0.14435,379.8
"2026-04-01","428953",,"Polyset Drainer (Plastic)","1 pc","Kitchen & Dining Needs","Polyset",,,474.74888888888876,545.5066666666667,,4.778,12.971019806255564,0.000099423104050694,0.00015,0,0.00001,0,478.6745866947553
"2026-04-01","569343",,"ExclusiveLane Hand-Painted Coffee Mug (Ceramic)","2 pcs","Kitchen & Dining Needs","ExclusiveLane",,,625,1160,,64.32515,46.12068965517242,0.01171107436697082,0.01101,0.07725,0.01572,0.21206,624.9999999999999
"2026-04-01","553887",,"Mad Over Print Super Cool Dad Whiskey Glass","1 pc","Kitchen & Dining Needs","Mad Over Print",,,199.22524573214503,299,,6.61839,33.369301434050165,0.0005266347435702187,0.00062,0.00028,0.0004,0,199.93732778653205
"2026-04-01","717861",,"Picfest Stainless Steel Delux Bowl (Silver)","1 pc","Kitchen & Dining Needs","Picfest",,,69,150,,20.75915,54,0.0015743746716732037,0.00126,0.00006,0.00008,0,69
"2026-04-01","635677",,"House of Quirk Stainless Steel Hot & Cold Tumbler Set","1 set","Kitchen & Dining Needs","House of Quirk",,,1299,1999,,48.33881,35.01750875437719,0.00941303387039321,0.01068,0.00415,0.00605,0,1299
"2026-04-01","480974",,"Happy Kitchen Stainless Steel Lemon Squeezer (Stainless Steel)","1 pc","Kitchen & Dining Needs","Happy Kitchen",,,252.58969301046957,271.5629577916667,,67.30818,7.114860580590027,0.01988953360506192,0.03205,0.01311,0.01909,0,253.3763202262124
"2026-04-01","564456",,"Sammsara Aluminium Leaf Design Platter (Golden)","2 pcs","Kitchen & Dining Needs","Sammsara",,,1402,1819,,0.00172,22.92468389224849,0.00011047693817897661,0.00015,,,,1402
"2026-04-01","614751",,"DeliBohemi Glass Oil Dispenser Bottle","2 pcs","Kitchen & Dining Needs","DeliBohemi",,,224.47285849095348,599.0840403333333,,48.10101,62.94328375735129,0.12133814931284323,0.07773,0.043,0.06262,0,110.8235386194738
"2026-04-01","616334",,"Kuber Industries Nylon Placemat Set for Dining Table (Dark Brown)","6 pcs","Kitchen & Dining Needs","Kuber Industries",,,,,,0,,0,0,,,,
"2026-04-01","676272",,"Femora Ceramic Japanese Ramen Mandala Print Bowl (Red)","2 pcs","Kitchen & Dining Needs","Femora",,,362.33169443762233,550,,66.31496,34.20228694526347,0.03683450614491372,0.04241,0.02573,0.03747,0,180.9704399189104
"2026-04-01","634379",,"G.Fidel Reusable Ice Cream Mould (Silicone)","1 pc","Kitchen & Dining Needs","G.Fidel",,,79,499,,1.19446,84.16833667334669,0.00030306768230007556,0.00008,,,,79
"2026-04-01","610511",,"New Dawn Stainless Steel Chopping Board","1 pc","Kitchen & Dining Needs","New Dawn",,,749,2000,,2.39513,62.55,0.0003644101118658447,0.00024,,,,749
"2026-04-01","541013",,"Adidas Plastic Sipper Bottle","1 pc","Kitchen & Dining Needs","Adidas",,,675.2411104328904,799,,14.79992,15.489351582647773,0.0029151003297163284,0.0043,0.00005,0.00007,0,675.1398582627523
"2026-04-01","627705",,"Parage Stainless Steel Spoon Set (Golden)","6 pcs","Kitchen & Dining Needs","Parage",,,399,999,,38.21256,60.06006006006006,0.02052336413816387,0.01431,0.00766,0.00399,0.01572,66.50000000000001
"2026-04-01","617021",,"Borosil Plastic EazyPull Chopper with 6 Blades","1 pc","Kitchen & Dining Needs","Borosil",,,389.6588739678822,496.3324877916666,,48.66163,21.487607748603313,0.2297638111287983,0.31503,0.05731,0.08346,0,389.06153754081953
"2026-04-01","544836",,"Nayasa Ice Tray Set without Lid (Blue) (Plastic)","2 pcs","Kitchen & Dining Needs","Nayasa",,,210.35319224028746,237.91900948387095,,6.47093,11.796083073676895,0.0015762610406172774,0.00244,0,0,0,102.97267812440526
"2026-04-01","571917",,"Pieces and Accents Resin Lazy Susan Serving Platter (White, Black)","1 pc","Kitchen & Dining Needs","pieces and accents",,,1138.0087443319692,2199,,40.20483,48.24531882119194,0.005809699310949196,0.00532,0.00196,0.00285,0,1152.206167420954
"2026-04-01","314329",,"Ocean Madison Wine Glass 22.3 cm","2 pcs","Kitchen & Dining Needs","O'cean",,,598.6577695381397,648.588608375,,27.23858,7.66561452764394,0.05952745548640228,0.09629,0.00795,0.01158,0,299.3068909562022
"2026-04-01","549022",,"Borosil Borosilicate Glass Classic Jar Set with Wooden Tray","2 pcs","Kitchen & Dining Needs","Borosil",,,739.9299330285781,995,,61.81958,25.82132754125294,0.12057128831753383,0.15602,0.03564,0.03833,0.02976,368.8812037152847
"2026-04-01","608547",,"Gluman Flip Lid Plastic Bottle Set","3 pcs","Kitchen & Dining Needs","Gluman",,,299,356.7659009583333,,25.87134,16.202659406983074,0.021261019849467867,0.0311,0.01332,0.0194,0,99.66666666666666
"2026-04-01","390244",,"Vinayak Ghee Pot (Stainless Steel)","1 pc","Kitchen & Dining Needs","Vinayak",,,209.15461235377364,299,,28.26128,30.123355895507423,0.00755946730253927,0.00922,0.00395,0.00575,0,208.482741976811
"2026-04-01","632926",,"WonderStand 2-Tier Spice Rack Organizer","1 pc","Kitchen & Dining Needs","WonderStand",,,569,600.5805153140097,,56.83044,5.2236508964178014,0.03990765332660693,0.06608,0.02108,0.03069,0,569
"2026-04-01","572079",,"Homestrap Melamine Serving Platter Set (Black)","1 set","Kitchen & Dining Needs","Homestrap",,,397.7563333333334,999,,35.90962,60.23158432637105,0.0073009365486760465,0.00502,0.00751,0.00036,0.02319,393.23272840567785
"2026-04-01","534629",,"Milton Duo DLX 1000 Thermal Bottle","1 pc","Kitchen & Dining Needs","Milton",,,991.6159332697074,1251.8045043749999,,45.89243,20.61290554774421,0.3848948818756761,0.53404,0.12228,0.13588,0.09247,997.7657699134494
"2026-04-01","607834",,"Cutting Edge Polypropylene Nesterware Container Set","3 pcs","Kitchen & Dining Needs","Cutting Edge",,,225,375,,41.22639,40.00000000000001,0.04844973573292731,0.05074,0.02331,0.02383,0.02217,75
"2026-04-01","524543",,"Prestige Xpress Induction Cooktop - IndianMenu (1200 W)","1 unit","Kitchen & Dining Needs","Prestige",,,1799,2565,,0.04731,29.863547758284604,0.0014628241813046704,0.00179,0.00083,0.00121,0,1798.9999999999998
"2026-04-01","210988",,"Nayasa Chopping Board (Plastic)","1 pc","Kitchen & Dining Needs","Nayasa",,,271.61346656744223,357.00679075000005,,70.20623,24.436924508785726,0.011953434057709884,0.01532,0.00752,0.00205,0.0195,266.053908108025
"2026-04-01","729484",,"Chumbak Wood Snack Bowl with Serving Platter (Multicolour)","1 set","Kitchen & Dining Needs","Chumbak",,,999,1999,,39.47923,50.02501250625312,0.12333573367218742,0.10758,0.03027,0.02376,0.04453,249.75000000000009
"2026-04-01","572532",,"BeastLife Spill Proof Bold Gym Shaker for Workout","1 pc","Kitchen & Dining Needs","BeastLife",,,249.07325416666666,499,,36.27398,50.07836970572114,0.037842059472495304,0.03296,0.07679,0.11016,0.00365,249.13462426487203
"2026-04-01","618157",,"Warmfinity Ice Tray for Freezer (Plastic)","2 pcs","Kitchen & Dining Needs","Warmfinity",,,260,499,,47.8383,47.89579158316633,0.23977170004877896,0.21806,0.46098,0.67137,0,129.99999999999991
"2026-04-01","627686",,"Parage Stainless Steel Spoon Set for Cooking & Serving","4 pcs","Kitchen & Dining Needs","Parage",,,337.23333333333335,449,,43.0292,24.84439351950406,0.020462790431729088,0.02686,0.02856,0.02394,0.03869,84.41874934109761
"2026-04-01","502807",,"Jony Tea and Coffee Coaster Set (White)","6 pcs","Kitchen & Dining Needs","jony",,,178.3407095726496,210,,38.53509,15.45867449710191,0.0027104647381677276,0.00386,0.00191,0.00278,0,28.575988034397703
"2026-04-01","546524",,"Solara Insulated Thermal Bottle","1 pc","Kitchen & Dining Needs","Solara",,,940.6468939423611,1999,,47.75236,50.89332655321035,0.14078214272519413,0.11631,0.051,0.05816,0.03529,997.8813327775497
"2026-04-01","626594",,"The Better Home Glass Bottle with Silicone Sleeve","1 pc","Kitchen & Dining Needs","The Better Home",,,479,1699,,5.95067,71.80694526191877,0.001767107353532874,0.00087,0.00001,0.00001,0,479.00000000000017
"2026-04-01","532414",,"Wonderchef Fry Pan (Aluminium)","1 pc","Kitchen & Dining Needs","Wonderchef",,,819.8061180018777,1200,,45.40841,31.695106811402493,0.012170204505983615,0.01444,0.02102,0.03061,0,817.9798454771283
"2026-04-01","526280",,"Nayasa Saki Insulated Ice Pail (Plastic)","1 pc","Kitchen & Dining Needs","Nayasa",,,444.5852280067042,619,,18.32266,28.23483616834242,0.0027098426901067726,0.00328,0.00049,0.00071,0,438.6908914884834
"2026-04-01","603851",,"Quinze Gas Stove Nozzle (Steel)","1 pc","Kitchen & Dining Needs","quinze",,,274,399,,2.38284,31.328320802005013,0.000024233272439078672,0.00003,,,,274
"2026-04-01","571574",,"P-Tal Roti Tawa (Brass)","1 unit","Kitchen & Dining Needs","P-Tal",,,2466,3289,,2.33446,25.02280328367285,0,0,,,,2466
"2026-04-01","694388",,"Femora Ceramic Bowl Set (Grey)","2 pcs","Kitchen & Dining Needs","Femora",,,260.27694337877483,430,,67.15109,39.457588404400795,0.016637383074678637,0.0176,0.01505,0.01365,0.0181,130.22282212043737
"2026-04-01","603116",,"Gluman Plastic Bread Container","1 pc","Kitchen & Dining Needs","Gluman",,,349,349,,36.59896,0,0.01020538098010625,0.01781,0.00167,0.00243,0,348.99999999999994
"2026-04-01","725513",,"Wrap Arts Glass Handpainted Casserole with Mango Wood Lid (Brown)","1 pc","Kitchen & Dining Needs","Wrap Arts",,,952,4999,,2.10446,80.95619123824765,0.0006072285949357486,0.0002,0.00002,0.00002,0,952
"2026-04-01","499130",,"Zenker Heart/Star Shaped Cookie Cutter (Steel)","4 pcs","Kitchen & Dining Needs","Zenker",,,154.97408539847885,197.88582347280334,,6.13073,21.721489616355164,0.0005042207886146303,0.00059,0.00074,0.00043,0.00141,33.37743843700926
"2026-04-01","607627",,"Brick Brown Cranny Cutlery Holder (Wood)","1 pc","Kitchen & Dining Needs","brick brown",,,999,1699,,12.31627,41.20070629782225,0.0014962369444616497,0.00154,0.00025,0.00037,0,999
"2026-04-01","617850",,"Packmate Greaseproof Food Wrapping Paper","1 roll","Kitchen & Dining Needs","packmate",,,129.00300000000001,299,,36.61011,56.854944081734494,0.005027679583806435,0.00379,0.00049,0.00072,0,129.00706634355063
"2026-04-01","771665",,"Selvel Stainless Steel Insulated Casserole Set (White)","2 pcs","Kitchen & Dining Needs","Selvel",,,1399,1999,,16.5,30.015007503751875,0,0,,,,1399
"2026-04-01","676534",,"House of Quirk 3D Turtle Plastic Coaster (Green)","1 pc","Kitchen & Dining Needs","House of Quirk",,,249,699,,60.44342,64.37768240343348,0.023526397903308825,0.01463,0.02442,0.03371,0.00404,249
"2026-04-01","697782",,"Larah by Borosil Opalware Dark Forest Dinner Set (White)","1 set","Kitchen & Dining Needs","Larah",,,2475.424802749306,3995,,71.77847,38.17721332043296,0.199907082463153,0.21646,0.03269,0.0468,0.00176,68.42207464770466
"2026-04-01","762105",,"Jaypee Plus Stainless Steel Sip & Savour Soup Bowl & Sipper (White)","2 pcs","Kitchen & Dining Needs","Jaypee Plus",,,429,610,,12.03728,29.67213114754097,0.0007594909830019341,0.00093,0.00065,0.00095,0,429
"2026-04-01","532410",,"Wonderchef Midnight Blue Dosa Tawa (Aluminium)","1 unit","Kitchen & Dining Needs","Wonderchef",,,822.7020693276014,1277.7123136666667,,45.16721,35.700831145689754,0.05529621697771063,0.06237,0.00803,0.0117,0,820.9107217972928
"2026-04-01","496180",,"Ocean Pyramid Whiskey Glass Set","6 pcs","Kitchen & Dining Needs","O'cean",,,649,849,,0.61118,23.557126030624264,0.00005156403082901703,0.00007,,,,108.16666666666667
"2026-04-01","444919",,"Frestol Designer- 2 Pieces Glass Set (Copper)","2 pcs","Kitchen & Dining Needs","frestol",,,499,499,,2.62238,0,0,0,,,,249.5
"2026-04-01","605836",,"Lifelong Stainless Steel Electric Lunch Box","1 pc","Kitchen & Dining Needs","Lifelong",,,1591.4062216229581,2299,,72.67774,30.706352643060296,0.07238985080490315,0.08825,0.00402,0.00585,0,1597.2011750581103
"2026-04-01","599315",,"Avias Riara Triply Sauce Pan with Lid (Stainless Steel)","1 pc","Kitchen & Dining Needs","Avias",,,1314,2324.375,,8.22713,43.46867437483194,0.00014788983113390728,0.00014,,,,1314
"2026-04-01","571901",,"Pieces and Accents Resin Round Coaster Set (Black, White)","4 pcs","Kitchen & Dining Needs","pieces and accents",,,278,599,,2.96262,53.58931552587646,0,0,,,,278
"2026-04-01","570855",,"Tex-RO Plastic Container Set for Kitchen","4 pcs","Kitchen & Dining Needs","Texro",,,649,2499,,1.16702,74.0296118447379,0,0,,,,162.25
"2026-04-01","578560",,"Glimpse Homes Pretzel & Bagel Quirky Mug Set (Ceramic)","2 pcs","Kitchen & Dining Needs","glimpse homes",,,899,1399,,9.18459,35.7398141529664,0.00008496823034836749,0.0001,0,0,0,449.49999999999994
"2026-04-01","571722",,"Homestrap Melamine Serving Platter Set (Black)","4 pcs","Kitchen & Dining Needs","Homestrap",,,408,999,,34.51661,59.05116472939817,0.003889221580405007,0.00294,0.00274,0.00035,0.00796,107.9480589654323
"2026-04-01","757246",,"Two Moustaches Metal Serving Tray Set (Multicolor)","2 pcs","Kitchen & Dining Needs","Two Moustaches",,,695,1595,,10.78756,56.426332288401255,0.0005812344928361341,0.00044,,,,695
"2026-04-01","481231",,"Godrej Cartini Classic Cut Scissors (Stainless Steel)","1 pc","Kitchen & Dining Needs","Godrej Cartini",,,359,375,,10.32806,4.266666666666671,0.0010135156236268806,0.00169,0.00002,0.00004,0,359
"2026-04-01","611092",,"Prestige 2 Burners Magic Plus LPG Gas Stove","1 unit","Kitchen & Dining Needs","Prestige",,,3211.382567827031,4296.407690791667,,70.04787,25.20116013689264,0.1755265387791053,0.2296,0.06161,0.06575,0.05254,3204.560967243941
"2026-04-01","697184",,"Wonderchef Stainless Steel Venice Cooking Spoon Set with Stand","1 set","Kitchen & Dining Needs","Wonderchef",,,794.7423564158245,1600,,70.8738,50.397181734501984,0.05004507765141197,0.04408,0.01333,0.01942,0,791.8866359222661
"2026-04-01","562193",,"Navum Modak Mould (Silicone)","1 pc","Kitchen & Dining Needs","Navum",,,169,399,,5.97458,57.64411027568922,0.000048466544878157344,0.00004,,,,169
"2026-04-01","612147",,"Infantino My 1st Tumbler for Kids","1 pc","Kitchen & Dining Needs","Infantino",,,1199,1199,,33.5425,0,0.0012123272127676416,0.00212,0.00007,0.00009,0,1198.9999999999995
"2026-04-01","499019",,"Homez it Coffee Mug (Ceramic)","1 pc","Kitchen & Dining Needs","Homez it",,,110.30239015533743,149,,5.8786,25.576625136515677,0.0007330142197091534,0.00098,0.00014,0.00021,0,113.83976409510593
"2026-04-01","604182",,"Steellock Stainless Steel Container Set","4 pcs","Kitchen & Dining Needs","Steel Lock",,,617.994063888889,651.9793055833335,,38.47021,5.414007632315164,0.02369299017240897,0.03862,0.02433,0.00208,0.0731,153.80169674304773
"2026-04-01","548899",,"Nayasa Plastic Fridge Bot Container Set","4 pcs","Kitchen & Dining Needs","Nayasa",,,283.87839282085696,305,,74.82274,7.000156931623058,0.40515523447324137,0.65907,1.2241,1.73215,0.11096,283.64895137083
"2026-04-01","553670",,"HAZEL Square Cake Mould (Aluminium)","1 pc","Kitchen & Dining Needs","Hazel",,,212.2584121046845,499,,47.15989,57.444655858207135,0.19879226556575885,0.14749,0.1147,0.15519,0.026,212.36283242222865
"2026-04-01","629622",,"Boldfit RCB Plastic Sipper Bottle Bottle","800 ml","Kitchen & Dining Needs","Boldfit",,,400,699,,4.16821,42.77539341917024,0.0006792604485179345,0.00068,0.00002,0.00002,0,400
"2026-04-01","628106",,"Mokobara PU The Take-Out Polyurethane Lunch Bag (11 ltr, Crypto Sunray)","1 pc","Kitchen & Dining Needs","Mokobara",,,2876.5893181818183,4999,,19.1886,42.45670497735911,0.011385536974968039,0.01151,0.01094,0.00223,0.03001,2892.3490958405987
"2026-04-01","671980",,"Parage Stainless Steel Cutlery Set With Stand","25 pcs","Kitchen & Dining Needs","Parage",,,839,849,,46.5439,1.1778563015312304,0.010368518641345904,0.01788,0.01023,0.00354,0.0249,33.55999999999999
"2026-04-01","697218",,"Wonderchef Stainless Steel Serving Bowl (Red)","1 pc","Kitchen & Dining Needs","Wonderchef",,,275.2265388290347,567.2723122916666,,68.71931,52.38402570664515,0.046687820494668304,0.04153,0.00979,0.01426,0,270.91097391359415
"2026-04-01","766651",,"Unify Stainless Steel Serving & Mixing Bowl Set (Silver)","3 pcs","Kitchen & Dining Needs","Unify",,,749,1399,,19.375,46.461758398856325,0.0006372620009203401,0.0006,0.00014,0,0.00044,749
"2026-04-01","608573",,"Cutting Edge Polypropylene Modular Container Set","6 pcs","Kitchen & Dining Needs","Cutting Edge",,,985,2100,,57.57901,53.095238095238095,0.04934157518461229,0.0404,0.0191,0.00233,0.05582,164.16666666666669
"2026-04-01","571127",,"Oliveware Stainless Steel Teso Pro Lunch Box","1 pc","Kitchen & Dining Needs","Oliveware",,,999,1950,,55.69137,48.769230769230774,0.03209063735545592,0.0287,0.02486,0.03621,0,999.0000000000001
"2026-04-01","665846",,"Cello Opalware Dazzle Secret Garden Swirl Dinner Set (White)","35 pcs","Kitchen & Dining Needs","Cello",,,2179.1301273284853,4295,,71.52488,49.19675510798751,0.15754233000331594,0.14037,0.0481,0.03199,0.08341,2190.7605479730883
"2026-04-01","500873",,"Homez it Cotton Fridge Bag (Large) (Cotton)","4 pcs","Kitchen & Dining Needs","Homez it",,,279,299,,2.71053,6.688963210702341,0.000018159831309666572,0.00003,,,,69.75
"2026-04-01","569355",,"ExclusiveLane Mughal Cylindrical Airtight Ceramic Jar Set (Multicolor, 410 ml)","2 pcs","Kitchen & Dining Needs","ExclusiveLane",,,999,1750,,49.22651,42.91428571428571,0.010022793840171032,0.00999,0.00742,0.01017,0.00139,499.50000000000017
"2026-04-01","543994",,"Aravi Mortar & Pestle (Steel)","1 pc","Kitchen & Dining Needs","Aravi",,,509.2416696435103,799,,56.15688,40.67303158373149,0.13203886749185703,0.13378,0.00985,0.01434,0,464.7177577185024
"2026-04-01","722486",,"Cello Melamine Serving Platter (Multicolour)","2 pcs","Kitchen & Dining Needs","Cello",,,729.6978880246786,854,,64.52835,14.545008689206584,0.011000377533537607,0.0164,0.00825,0.01201,0,365.3831619093597
"2026-04-01","631588",,"Vesta Homes Potato Masher (Wood)","1 pc","Kitchen & Dining Needs","Vesta Homes",,,199,499,,44.71116,60.120240480961925,0.04054148768601506,0.02822,0.01783,0.02597,0,198.99999999999997
"2026-04-01","638641",,"Gluman Stainless Steel, Plastic Cutlery Set","1 set","Kitchen & Dining Needs","Gluman",,,299,499,,27.32755,40.08016032064128,0.0018644699006060228,0.00195,0.00065,0.00095,0,299.0000000000001
"2026-04-01","691349",,"Nayasa Plastic Jug Set with 6 Glasses (Clear)","1 set","Kitchen & Dining Needs","Nayasa",,,878.5000850271002,949,,49.04562,8.428969315731436,0.014667504633934523,0.0226,0.0127,0.0185,0,837.2813896553394
"2026-04-01","595050",,"Kolar Wooden Cutting Chopping Board (Wood)","1 pc","Kitchen & Dining Needs","Kolar",,,349,1499,,47.18561,76.71781187458305,0.04586263529654469,0.01864,0.01699,0.02475,0,349.00000000000006
"2026-04-01","623965",,"Unify Stainless Steel Saturn Water Bottle","1 pc","Kitchen & Dining Needs","Unify",,,281.85787274305557,399,,35.99675,29.535824958437065,0.04245344860562979,0.0522,0.05581,0.04256,0.08484,281.049911394447
"2026-04-01","653064",,"Cutting Edge Borosilicate Glass Bowl (800 ml)","1 pc","Kitchen & Dining Needs","Cutting Edge",,,245,375,,47.09867,34.66666666666665,0.03148887800968411,0.03591,0.04501,0.0307,0.07636,245
"2026-04-01","635699",,"FunBlast Cartoon Designed Steel Wall Bottle","1 pc","Kitchen & Dining Needs","FunBlast",,,1094,1299,,5.69885,15.781370284834487,0.000749500497580076,0.0011,0,0,0,1094
"2026-04-01","595125",,"ExclusiveLane Ceramic Serving Bowl (Multicolour)","2 pcs","Kitchen & Dining Needs","ExclusiveLane",,,482,999,,3.39062,51.751751751751755,0,0,,,,482
"2026-04-01","546047",,"Cello Executive Beer Mug Set (Glass)","2 pcs","Kitchen & Dining Needs","Cello",,,238.99918016970088,249,,52.42104,4.016705938350554,0.019050205650496806,0.03192,0.05578,0.04491,0.0796,119.49902201452028
"2026-04-01","568049",,"The Earth Store Absinthe Mug Set (Ceramic)","6 pcs","Kitchen & Dining Needs","The Earth Store",,,1049.233260167546,2099,,19.35451,50.08463974761398,0.003514701821010725,0.00282,0.00019,0.00028,0,158.6763978472613
"2026-04-01","650672",,"Larah by Borosil Opalware 4.2"" Medley Bowl Set (White)","2 pcs","Kitchen & Dining Needs","Larah",,,144.32631521300559,170,,67.51916,15.157338127165161,0.01172060897534273,0.01735,0.01778,0.02589,0,144.20006218421452
"2026-04-01","568347",,"Wonderchef Non-Stick Dosa Tawa (Aluminium)","1 unit","Kitchen & Dining Needs","Wonderchef",,,647.7003920196262,1117.9939960416666,,57.40709,42.1740950364609,0.7737072203738395,0.78491,0.23206,0.33789,0.00019,647.1592081934456
"2026-04-01","566128",,"Borosil Tea/Coffee Mug Set (Borosilicate Glass)","6 pcs","Kitchen & Dining Needs","Borosil",,,536.1015893975565,625.00449625,,64.18819,14.548217012925042,0.08232465818797427,0.12208,0.06126,0.08922,0,88.94343464085335
"2026-04-01","595359",,"WonderStand Nova 2-Tier Countertop Home Organizer","1 pc","Kitchen & Dining Needs","WonderStand",,,559,599.1840194491525,,69.9692,6.700107039060915,0.1357929909470799,0.22115,0.07087,0.10322,0,559.0000000000001
"2026-04-01","627131",,"Nyrwana Mr. & Mrs. Coffee Mug Set (Ceramic)","1 set","Kitchen & Dining Needs","nyrwana",,,999,1499,,0.66947,33.3555703802535,0.000182083707365671,0.00021,0.00005,0.00003,0.00011,999.0000000000001
"2026-04-01","567000",,"Cello Swift Thermo Thermal Bottle","1 ltr","Kitchen & Dining Needs","Cello",,,1043.208435149472,1249.0238095833333,,79.13892,16.71281883601479,0.16953879032734395,0.24763,0.12102,0.05009,0.27643,103.94870674167916
"2026-04-01","581893",,"Mad Over Print MDF Rainbow & Be-Kind Coaster Set (Pink)","2 pcs","Kitchen & Dining Needs","Mad Over Print",,,119,149,,0.33059,20.13422818791946,0,0,,,,59.5
"2026-04-01","553960",,"Mad Over Print Beer Mug for Father's Day (Glass)","1 pc","Kitchen & Dining Needs","Mad Over Print",,,302,599,,0.33121,49.58263772954925,0,0,0.00002,0.00003,0,302
"2026-04-01","620877",,"Cello Texas Plastic Bottle Set (Blue)","1 ltr","Kitchen & Dining Needs","Cello",,,193.38027401881092,275,,7.54749,29.367884157744577,0.03841084043196348,0.04713,0.00396,0.00215,0.00794,32.37900357775112
"2026-04-01","376890",,"Iveo Melamine Bowl Set (Lemon Yellow)","2 pcs","Kitchen & Dining Needs","Iveo",,,223,238,,0.55648,6.302521008403361,0,0,,,,223
"2026-04-01","577762",,"Glasafe Glass Lunch Box","1 pc","Kitchen & Dining Needs","Glasafe",,,429,1149,,11.61749,62.66318537859007,0.007363863615613264,0.0048,0.00038,0.00055,0,429.00000000000006
"2026-04-01","674732",,"Irida Naturals Rice Husk Round Coaster Set (Soft Beige)","6 pcs","Kitchen & Dining Needs","Irida Naturals",,,349,599,,46.17236,41.736227045075125,0.014654117117449855,0.0149,0.01862,0.00454,0.04946,58.16666666666666
"2026-04-01","558607",,"Nestasia Ceramic Mandala Appetizer Plate Set (Black, White)","2 pcs","Kitchen & Dining Needs","Nestasia",,,489.99742847096815,490,,56.76426,0.0010201324042228242,0.040380932963648315,0.07048,0.06231,0.06644,0.05326,244.9969193637793
"2026-04-01","568897",,"The Indus Valley Non Stick 5 Plates Multi Pot Idli Maker (Stainless Steel)","1 pc","Kitchen & Dining Needs","The Indus Valley",,,2199,3850.114864864865,,35.7522,42.88541122982256,0.025591576694303036,0.02544,0.0381,0.01582,0.08691,2199.0000000000005
"2026-04-01","709741",,"Selvel Steel Royal Casserole (Ceramica White)","1 pc","Kitchen & Dining Needs","Selvel",,,1410,2014,,61.65067,29.990069513406148,0.002629886556437008,0.00321,0.001,0.0008,0.00146,1410
"2026-04-01","613786",,"Cutting Edge Plastic Storage Container Set","6 pcs","Kitchen & Dining Needs","Cutting Edge",,,269,485,,40.98675,44.536082474226816,0.08958404979743698,0.08672,0.02433,0.03174,0.00808,44.83333333333333
"2026-04-01","700704",,"DeliBohemi Glass Serving Plate Set (Clear)","1 set","Kitchen & Dining Needs","DeliBohemi",,,199,599,,3.67554,66.77796327212019,0.0006730359593971538,0.00039,0.00002,0.00003,0,199.00000000000006
"2026-04-01","548317",,"Ocean Playboy Beer Mug Set (Glass)","2 pcs","Kitchen & Dining Needs","O'cean",,,499,510,,25.40362,2.156862745098039,0.0006872435808385795,0.00117,0.00098,0.00143,0,249.5
"2026-04-01","552790",,"Femora Glass Storage Jar With Airtight Steel Lid","2 pcs","Kitchen & Dining Needs","Femora",,,442.1517926132379,600,,72.48446,27.359630381781773,0.05720914832145325,0.0736,0.06113,0.08903,0,217.51584033242207
"2026-04-01","578006",,"Embassy Multipurpose Utensil Cover Lid (Stainless Steel)","8 pcs","Kitchen & Dining Needs","Embassy",,,899,1181.1102362204724,,3.39127,23.88517409883934,0.0006924479038511915,0.00094,0.00001,0.00002,0,112.375
"2026-04-01","565193",,"Pasabahce Bowl & Whiskey Glass Set","6 pcs","Kitchen & Dining Needs","Pasabahce",,,949,1090,,36.03387,12.935779816513762,0.004552652053663489,0.00692,0.00288,0.0042,0,158.16666666666666
"2026-04-01","611424",,"New Dawn Plastic 6 Grid Storage Box for Fridge","1 pc","Kitchen & Dining Needs","New Dawn",,,299,1000,,49.60707,70.1,0.06326207079290157,0.03302,0.03988,0.05809,0,298.99999999999994
"2026-04-01","549027",,"Larah by Borosil Kulhad Set (Opalware)","6 pcs","Kitchen & Dining Needs","Larah by Borosil",,,409.3578253852057,515,,33.22901,20.496669504700325,0.004150329989194515,0.0058,0.02356,0.01117,0.05068,68.45085249608371
"2026-04-01","603354",,"Umai Insulated Thermal Bottle","1 pc","Kitchen & Dining Needs","Umai",,,1249,2795,,0.01627,55.31305903398927,0.0004243860035121169,0.00033,,,,1249
"2026-04-01","533967",,"Amaya Decors Elephant Pichwai Tray Set (8"" x 8"" x 2"" 10"" x 10"" x 2"", Multicolour)","2 pcs","Kitchen & Dining Needs","Amaya Decors",,,1200.0762618487583,1499,,42.67939,19.942756926140675,0.008384755993134646,0.01169,0.00444,0.00647,0,1196.0938775182362
"2026-04-01","595670",,"Jarsome Premium Mandala Design Kitchen Canister Set","2 pcs","Kitchen & Dining Needs","jarsome",,,699,999,,27.73402,30.030030030030026,0.0023551198744497133,0.00288,0.00143,0.00138,0.00155,349.5
"2026-04-01","604037",,"Steellock Stainless Steel 3 Partition Lunch Box","1 pc","Kitchen & Dining Needs","Steel Lock",,,832.5714444444444,999,,12.44299,16.347464009415013,0.004159456640446194,0.00617,0.00274,0,0.00872,849.2661430997844
"2026-04-01","538643",,"Nayasa Nippy Plastic Bottle 350 ml","1 pc","Kitchen & Dining Needs","Nayasa",,,241.63365636194177,277.56611172995775,,28.21604,13.068879055301485,0.005076739752756822,0.00766,0.00014,0.00021,0,239.97162816440093
"2026-04-01","760967",,"Avias Stainless Steel Astra Plus Casserole (Silver)","1 pc","Kitchen & Dining Needs","Avias",,,1104.6,1440,,19.4,23.291666666666668,0.000028861280859774897,0.00003,,,,808.4088669950739
"2026-04-01","639046",,"Boldfit Gym Shaker Bottle for Workout","700 ml","Kitchen & Dining Needs","Boldfit",,,695.9905572202223,999,,51.90431,30.260587759876227,0.17032485227365252,0.20723,0.25321,0.08946,0.61198,696.8176387411961
"2026-04-01","654050",,"The Green Chapter Stainless Steel Straw Set","5 pcs","Kitchen & Dining Needs","The Green Chapter",,,199,299,,11.38091,33.4448160535117,0.0013647069408898478,0.00159,,,,39.8
"2026-04-01","567309",,"Cello Athlete Plastic Bottle","800 ml","Kitchen & Dining Needs","Cello",,,148.48480685523285,164,,35.33476,9.7205311951417,0.037511134641398707,0.05923,0.08088,0.03443,0.18265,18.503652100217067
"2026-04-01","624943",,"Zulaxy Countertop Chopping Board (Stainless Steel)","1 pc","Kitchen & Dining Needs","Zulaxy",,,1199,3999,,0.86091,70.01750437609402,0,0,,,,1199
"2026-04-01","687679",,"Femora Ceramic Serving Bowl (Beige)","2 pcs","Kitchen & Dining Needs","Femora",,,320.3759752794081,510,,63.83847,37.18205666721257,0.01919301068513479,0.0212,0.02438,0.0305,0.01097,160.3996092430459
"2026-04-01","480961",,"Aravi Grocery Bag","1 pc","Kitchen & Dining Needs","Aravi",,,511.304271388889,699,,32.4397,26.85203556668255,0.0007429411155664908,0.00097,0,0,0,513.5820671469507
"2026-04-01","747672",,"Metallure Home Wood Natural Coasters (Brown)","4 pcs","Kitchen & Dining Needs","Metallure Home",,,449,899,,31.01205,50.055617352614014,0.000884532664531965,0.00077,,,,448.99999999999994
"2026-04-01","691429",,"Nayasa Melamine Meraki Dahi Bhalla Plate Set (White)","2 pcs","Kitchen & Dining Needs","Nayasa",,,512.0877192982456,725,,62.45269,30.245923183262303,0.0024066183114585947,0.00252,0.00044,0.00064,0,434.73631335331083
"2026-04-01","532447",,"Wonderchef Tivoli Cookware Set (Aluminium)","3 pcs","Kitchen & Dining Needs","Wonderchef",,,1310.741330648018,2874.2897447500004,,61.37981,55.85445161787093,0.29127167322848657,0.23016,0.02007,0.02368,0.01217,426.4605776049687
"2026-04-01","188764",,"Fackelmann Peeling Knife with Rosewood Handle (Stainless Steel)","1 pc","Kitchen & Dining Needs","Fackelmann",,,128.936804919766,149.91137266666667,,71.41805,13.800625290601184,0.07990486244246053,0.12045,0.32352,0.45397,0.0377,128.91809150299267
"2026-04-01","718258",,"Habere India Serving Tray (Green)","1 pc","Kitchen & Dining Needs","Habere India",,,1799,3499,,0.63134,48.58531008859674,0.0004250235390028262,0.00038,0.00002,0,0.00006,1798.9999999999998
"2026-04-01","660722",,"Parage Stainless Steel Dinner Plate Set (Silver)","2 pcs","Kitchen & Dining Needs","Parage",,,485,999,,28.13607,51.451451451451454,0.008262907637414895,0.007,0.00165,0.0024,0,242.5
"2026-04-01","631961",,"Boldfit Gym Gallon Plastic Bottle","2.5 ltr","Kitchen & Dining Needs","Boldfit",,,637.6070616426338,1990,,65.10645,66.93454015412433,0.4838952333911845,0.27391,0.09632,0.09798,0.09267,658.1762080751582
"2026-04-01","664251",,"HAZEL Stainless Steel Lunch/Dinner Plate with 4 Divider (Silver)","1 pc","Kitchen & Dining Needs","Hazel",,,290.77567898796354,395,,66.84939,25.817597582474992,0.05391021372767829,0.06967,0.01421,0.02069,0,293.2686467364927
"2026-04-01","568656",,"Solara Multipurpose Electric Kettle (1.5 ltr)","5 pcs","Kitchen & Dining Needs","Solara",,,966.1596830034911,2999,,24.81158,67.41889271469286,0.1145823316640466,0.06507,0.0016,0.00234,0,993.8662359496134
"2026-04-01","626140",,"Parage Stainless Steel Spoon & Fork Set","12 pcs","Kitchen & Dining Needs","Parage",,,318,410,,55.98516,22.439024390243894,0.11859542425849728,0.16055,0.17817,0.13062,0.28236,318
"2026-04-01","534408",,"The Artment Impressionist Dual Delight Glass Set (Glass)","4 pcs","Kitchen & Dining Needs","The Artment",,,998.9615432025437,1999,,29.21967,50.02727678063031,0.012674087304219487,0.01105,0.00272,0.00165,0.00504,249.71479773963543
"2026-04-01","496409",,"Vinayak Stainless Steel Allure Dinner Plate (Silver)","1 pc","Kitchen & Dining Needs","Vinayak",,,224.21192932809674,349,,55.80598,35.58803715985181,0.015123632398035658,0.01704,0.005,0.00728,0,225.76642387173925
"2026-04-01","632933",,"WonderStand Storage Organiser","1 pc","Kitchen & Dining Needs","WonderStand",,,559,599,,0.76195,6.67779632721202,0,0,,,,559
"2026-04-01","608570",,"Cutting Edge Polypropylene Nesterware Container Set for Kitchen","3 pcs","Kitchen & Dining Needs","Cutting Edge",,,265,450,,59.60962,41.11111111111111,0.024501416696103027,0.02518,0.02321,0.01409,0.04319,88.33333333333331
"2026-04-01","544840",,"Nayasa Ice Tray Set with Lid (Plastic)","2 pcs","Kitchen & Dining Needs","Nayasa",,,218.72255755210446,344.812578125,,56.65843,37.76407235727911,0.06083338471609364,0.06454,0.24533,0.3338,0.05149,106.98667019607817
"2026-04-01","676987",,"House of Quirk Silicone Cute Flower Silicone Straw Topper","5 pcs","Kitchen & Dining Needs","House of Quirk",,,399,699,,26.48459,42.918454935622314,0.009490160906159506,0.00946,0.02746,0.03999,0,79.80000000000001
"2026-04-01","662874",,"Hazel Stainless Steel Bowl Set - 300 ml (Silver)","2 pcs","Kitchen & Dining Needs","Hazel",,,220.55140700570388,589,,76.802,62.50884545075643,0.03423358071770714,0.02242,0.01269,0.01849,0,220.98217508799232
"2026-04-01","615899",,"One Living Hammered Copper Bottle","1 pc","Kitchen & Dining Needs","O.n.e living",,,899,1199,,32.71574,25.02085070892411,0.015281045540828013,0.02,0.41622,0.02101,1.28211,899
"2026-04-01","630800",,"ExclusiveLane Brass Mandala Pattern Pure Coasters (Multicolour)","2 pcs","Kitchen & Dining Needs","ExclusiveLane",,,822.3333333333334,1299,,3.48207,36.694893507826535,0,0,,,,822.3333333333334
"2026-04-01","606691",,"Speedex Stainless Steel Wall Bottle","1 pc","Kitchen & Dining Needs","Speedex",,,319,749,,0.09339,57.409879839786385,0.00004549058969960493,0.00003,,,,318.99999999999994
"2026-04-01","607614",,"Brick Brown Boat Cutlery Holder (Wood)","1 pc","Kitchen & Dining Needs","brick brown",,,999,1699,,1.12259,41.20070629782225,0,0,,,,999
"2026-04-01","692848",,"Cutting Edge Glass 1.2 ltrs Tea Pot with Handle (Transparent)","1 pc","Kitchen & Dining Needs","Cutting Edge",,,575,1195,,6.48308,51.88284518828452,0.0027353736269542057,0.0023,0.00821,0.00019,0.0258,574.9999999999999
"2026-04-01","491613",,"Borosil Borosilicate Glass Klip N Store Container (Round)","1 pc","Kitchen & Dining Needs","Borosil",,,339.95728681093937,395.0011904583333,,62.36257,14.632207832790717,0.061875852905313326,0.09308,0.05179,0.05992,0.03397,33700.18104101207
"2026-04-01","772084",,"HomeShastra MDF Swan Serving Tray (Blue)","1 pc","Kitchen & Dining Needs","HomeShastra",,,699,1999,,15.09017,65.03251625812906,0.000957919212705012,0.00058,0.00016,0.00001,0.00051,699
"2026-04-01","558608",,"Nestasia Ceramic All Purpose Serving Pot (Pink)","1 pc","Kitchen & Dining Needs","Nestasia",,,990.0093160065269,1400,,59.91841,29.284861304602867,0.062019770301817795,0.07655,0.13974,0.11437,0.19532,990.0157413940289
"2026-04-01","577455",,"Glasafe Vego Sip Glass Bottle with Protective Vegan Cover","1 pc","Kitchen & Dining Needs","Glasafe",,,599,1649,,33.82692,63.67495451788962,0.01239231629547202,0.00786,0.00993,0.01447,0,599.0000000000001
"2026-04-01","774217",,"Morovik Plastic Beverage Jug (Blue & Transparent)","1 pc","Kitchen & Dining Needs","Morovik",,,299,999,,14.40443,70.07007007007007,0,0,,,,299
"2026-04-01","710565",,"Parage Stainless Steel Dinner Set (Silver)","1 set","Kitchen & Dining Needs","Parage",,,489,999,,61.84312,51.05105105105106,0.04738437985560662,0.04048,0.03971,0.05684,0.0022,97.79999999999998
"2026-04-01","577752",,"Glasafe Glass Lunch Set","1 pc","Kitchen & Dining Needs","Glasafe",,,1749,4846,,1.3471,63.90837804374742,0,0,0,0,0,1748.9999999999998
"2026-04-01","427644",,"Borosil Borosilicate Glass Endura Jar with Steel Lid","1 pc","Kitchen & Dining Needs","Borosil",,,428.5664323727623,574.0263660416666,,60.31259,25.323414856031377,0.04059529611872307,0.05285,0.06655,0.09331,0.00793,427.25825490827134
"2026-04-01","717595",,"Habere India Cane Serving Tray (Yellow-Green)","1 pc","Kitchen & Dining Needs","Habere India",,,1099,2199,,0.42882,50.02273760800364,0,0,,,,1099
"2026-04-01","578064",,"Oliveware Stainless Steel Cleo Lunch Box","1 set","Kitchen & Dining Needs","Oliveware",,,499,899,,46.90393,44.49388209121245,0.02180087338764096,0.02112,0.02191,0.03192,0,498.99999999999994
"2026-04-01","697183",,"Wonderchef Stainless Steel Modena Bowl Set (Multicolour)","1 set","Kitchen & Dining Needs","Wonderchef",,,1136.7834886939104,2500,,71.09754,54.52924464235962,0.019710570523689214,0.01566,0.00219,0.00319,0,1137.3362727111084
"2026-04-01","675922",,"Two Moustaches Printed Serving Tray Set (Multicolour)","2 pcs","Kitchen & Dining Needs","Two Moustaches",,,645,1595,,11.49822,59.561128526645774,0.004452254699178723,0.00314,0.00049,0.00004,0.00148,645
"2026-04-01","650668",,"Larah by Borosil Opalware 4.2"" Golden Lush Bowl Set (White)","2 pcs","Kitchen & Dining Needs","Larah",,,129.0182470246066,170,,64.74004,24.103307618488543,0.028614495590432276,0.03791,0.09283,0.13515,0.00009,129.0241691756314
"2026-04-01","556802",,"Birch & Co. Mandala Serving Tray with Four Coaster Set – Wood & Vegan Leather (Brown)","1 set","Kitchen & Dining Needs","Birch & Co.",,,679,1499,,56.24784,54.70313542361575,0.1686663876000006,0.13335,0.04227,0.05858,0.00653,679.0000000000001
"2026-04-01","760046",,"Fackelmann Stainless Steel Food Grade Pan Serving Spatula (Silver)","1 pc","Kitchen & Dining Needs","Steelchef",,,155.2921348314607,219,,57.85478,28.871104101747694,0.0025418816966264624,0.00314,0.00258,0.00376,0,155.2381697744868
"2026-04-01","707986",,"Cello Glass Square Stack Bowl Set (Transparent)","2 pcs","Kitchen & Dining Needs","Cello",,,439,479,,66.46869,8.350730688935286,0.022104354128802836,0.03536,0.03146,0.01948,0.0577,219.5
"2026-04-01","630868",,"Yellocut Stainless Steel, Plastic Lunch Box","1 set","Kitchen & Dining Needs","Yellocut",,,595,999,,14.73369,40.440440440440426,0.03417109258274967,0.03552,0.00563,0.0082,0,595
"2026-04-01","608278",,"The Better Home Spatula Set (Silicone)","10 pcs","Kitchen & Dining Needs","The Better Home",,,1429,5199,,34.07953,72.51394498942105,0.001578806809658772,0.00076,0.00045,0.00065,0,142.9
"2026-04-01","572967",,"Femora Glass 1.8 ltrs Jug (Transparent)","1 pc","Kitchen & Dining Needs","Femora",,,649.5748226755015,720,,7.27909,9.766265109034526,0.015675309586698348,0.02472,0.00464,0.00675,0,36.11206240419077
"2026-04-01","568404",,"Wonderchef Stainless Steel Venice Bowl Set (Silver)","6 pcs","Kitchen & Dining Needs","Wonderchef",,,288.0916648193844,566.3792631666668,,55.38857,49.89370087518871,0.0641199685401522,0.05743,0.01611,0.02347,0,47.3479349391504
"2026-04-01","710193",,"Artstreet MDF Gingko Leaf Shaped Serving Platter Set (Golden)","2 pcs","Kitchen & Dining Needs","Art Street",,,699,2000,,51.49939,65.05,0.0032675443067388334,0.00199,0.00076,0.0011,0,349.5
"2026-04-01","624996",,"House of Quirk Tumbler","1 pc","Kitchen & Dining Needs","House of Quirk",,,1099,1999,,40.94525,45.022511255627826,0.04944642927476519,0.04745,0.02633,0.03117,0.01572,1099
"2026-04-01","634102",,"Earth Chakra Hand Engraved Copper Bottle","1 pc","Kitchen & Dining Needs","earth chakra",,,999,1499,,22.79225,33.355570380253496,0.010928332561191396,0.01271,0.18955,0.00746,0.5885,998.9999999999999
"2026-04-01","611657",,"Skitch Stainless Steel Table Coaster Set (Silver)","6 pcs","Kitchen & Dining Needs","Skitch",,,284,999,,34.39364,71.57157157157157,0.005268348047216331,0.00261,0.0017,0.00248,0,47.33333333333333
"2026-04-01","586800",,"The Better Home Thermo Thermal Bottle","1 pc","Kitchen & Dining Needs","The Better Home",,,699,2199,,0.68394,68.21282401091405,0.00013355630599883207,0.00007,,,,699
"2026-04-01","566510",,"Cello Opalware Orchard Mixing Bowl Set with Premium Lid (White, Green)","3 pcs","Kitchen & Dining Needs","Cello",,,1000.6666666666666,1299,,7.25427,22.96638439825507,0.0004710018916371636,0.00064,0,0.00001,0,1004.7461720588395
"2026-04-01","612761",,"Indigo Tong/Pakad (Stainless Steel)","1 pc","Kitchen & Dining Needs","Indigo",,,229,299,,0.85927,23.411371237458194,0,0,,,,229
"2026-04-01","638004",,"Rusabl Stainless Steel Cutlery Set for Gifting","1 set","Kitchen & Dining Needs","Rusabl",,,109.39022789431205,499,,21.62763,78.1881661089305,0.012681212979546915,0.00483,0.00068,0.00003,0.0021,107.8281968192348
"2026-04-01","532906",,"Swastika Indian White Marble Chakla - Roti Maker (Marble)","1 pc","Kitchen & Dining Needs","Swastika",,,423.42204835178705,900,,58.24465,53.07985242805368,0.19669606490635158,0.16087,0.05952,0.08668,0,422.3315017099826
"2026-04-01","553664",,"HAZEL Big Spatula (Plastic)","1 pc","Kitchen & Dining Needs","Hazel",,,116,429,,10.29849,72.96037296037296,0.000026055322998407897,0.00001,0,0,0,115.99999999999999
"2026-04-01","572549",,"Tex-RO Plastic Container Set for Fridge Storage","6 pcs","Kitchen & Dining Needs","Texro",,,,,,0,,0,0,,,,
"2026-04-01","582189",,"Rabitat Tritan Kids Lunch Box - Peppa Pig","1 pc","Kitchen & Dining Needs","Rabitat",,,1099,1099,,0.03492,0,0.00006674772475507525,0.00012,,,,109.89999999999999
"2026-04-01","607862",,"Cutting Edge Borosilicate Glass Onyx Oval Serving Bowl","1 pc","Kitchen & Dining Needs","Cutting Edge",,,289,475,,45.24024,39.15789473684208,0.030784559264233825,0.03269,0.05947,0.02903,0.12619,289
"2026-04-01","540996",,"Skip Hop Zoo Plastic Sipper Bottle","1 pc","Kitchen & Dining Needs","Skip Hop",,,799,799,,41.95146,0,0.004911928720283482,0.00857,0.00718,0.01013,0.00071,798.9999999999999
"2026-04-01","491612",,"Borosil Borosilicate Glass Klip N Store Container (Square)","1 pc","Kitchen & Dining Needs","Borosil",,,323.50410069973407,374.8375804583333,,64.53884,14.140987577909753,0.056932509482516235,0.08585,0.06209,0.05771,0.07169,32169.05828909017
"2026-04-01","640473",,"Cosco Hydrator Steel Wall Bottle","1 pc","Kitchen & Dining Needs","Cosco",,,325.00342194981465,749.0003865416667,,57.05048,56.60469850100592,0.09885284741247785,0.07487,0.05532,0.08056,0,325.03428895591423
"2026-04-01","748922",,"HomeEssentials Borosilicate Glass Reusable Straw With Cleaning Brush","4 pcs","Kitchen & Dining Needs","HomeEssentials",,,349,1199,,23.13814,70.89241034195163,0.0027067679797879037,0.00138,0.06768,0.00031,0.21528,348.99999999999994
"2026-04-01","719242",,"CutTales Stainless Steel 5 Sections Dinner Plate Set (Silver)","2 pcs","Kitchen & Dining Needs","CutTales",,,575.9320473644003,1499,,63.39613,61.53863810535985,0.058594381937329326,0.03932,0.01642,0.02122,0.00591,288.1276124370223
"2026-04-01","535361",,"Mad Over Print MDF Coaster Set - Me And Tea Are a Thing (Yellow)","6 pcs","Kitchen & Dining Needs","Mad Over Print",,,312.35873379783845,599,,71.84685,47.87857215289629,0.006036282048100084,0.00548,0.00503,0.00733,0,51.87252657215724
"2026-04-01","625477",,"House of Quirk Nylon Insulated Lunch Bag (Pink)","1 pc","Kitchen & Dining Needs","House of Quirk",,,399,499,,53.37042,20.04008016032063,0.002922176991883707,0.00408,0.02406,0.0101,0.05466,398.99999999999994
"2026-04-01","737999",,"Habere India Cane Serving Tray (Green)","1 pc","Kitchen & Dining Needs","Habere India",,,1699,3199,,31.44203,46.88965301656767,0.003244664817865337,0.00301,0.00985,0.00023,0.03093,169900
"2026-04-01","581527",,"New Dawn ABS Plastic Fridge Storage Container Set","4 pcs","Kitchen & Dining Needs","New Dawn",,,349,799,,59.54926,56.32040050062578,0.09630753242598243,0.07342,0.13379,0.19485,0,87.25
"2026-04-01","568894",,"Solara Premium Electric Kettle Cool Touch","1 pc","Kitchen & Dining Needs","Solara",,,1353.8406153846156,2999,,4.03961,54.85693179777874,0.005464330356248566,0.0043,0.00001,0.00002,0,1352.4417863353399
"2026-04-01","656745",,"Nestasia Glass Snacks Bowl Set (Transparent, 220 ml, 6 pcs)","6 pcs","Kitchen & Dining Needs","Nestasia",,,644.8172669919761,1095,,56.84042,41.10469609601588,0.2600637958645735,0.26731,0.14828,0.12483,0.19967,293.14005009855697
"2026-04-01","605416",,"Irida Naturals Flipping Spatula (Wood)","1 pc","Kitchen & Dining Needs","Irida Naturals",,,299,499,,1.33399,40.08016032064128,0.000030306713568490772,0.00003,,,,299
"2026-04-01","753703",,"Tiara Stainless Steel Masala Spoon Set","12 pcs","Kitchen & Dining Needs","Tiara",,,225,299,,58.12819,24.74916387959869,0.0020783861066785672,0.00273,0.00225,0.00327,0,225.00000000000003
"2026-04-01","606450",,"Cutting Edge Glass Ruby Bake & Serve Casserole (Transparent)","1 pc","Kitchen & Dining Needs","Cutting Edge",,,595,895,,52.60813,33.5195530726257,0.007558495238565866,0.00877,0.02685,0.00426,0.07635,595.0000000000002
"2026-04-01","625489",,"Oliveware Stainless Steel Magma Lunch Box Set","1 set","Kitchen & Dining Needs","Oliveware",,,929,1950,,33.9235,52.358974358974365,0.01561728911971235,0.01299,0.01091,0.01589,0,929.0000000000001
"2026-04-01","534620",,"Milton Flip Lid 1000 Thermal Bottle","1 pc","Kitchen & Dining Needs","Milton",,,1158.1100025963178,1205,,43.88809,3.767926665924048,0.15671890290177704,0.26372,0.13014,0.08712,0.22442,1160.6659937157228
"2026-04-01","521099",,"The Artment Impressionist Regal Reflection Goblets Wine Glass (Glass)","4 pcs","Kitchen & Dining Needs","The Artment",,,1184.1376146788991,1199,,6.27872,1.2395650809925702,0.0002548746272108735,0.00044,0.0033,0.00481,0,295.5070037625413
"2026-04-01","603358",,"The Better Home Glass Container Set","3 pcs","Kitchen & Dining Needs","The Better Home",,,1179,3999,,37.93446,70.51762940735183,0.009061828158930823,0.00466,0.00129,0.00188,0,393.00000000000006
"2026-04-01","569182",,"Amaya Decors Aluminium Pineapple Serving Platter Set (Golden)","4 pcs","Kitchen & Dining Needs","Amaya Decors",,,1299.0612795698926,1499,,1.86548,13.050232053925987,0.006097994353929398,0.00968,0.00021,0.0003,0,1361.0075173613448
"2026-04-01","566829",,"Schott Zwiesel Wheat Crystal Beer Basic Glass Set (Tritan)","4 pcs","Kitchen & Dining Needs","schott zwiesel",,,2517.0576666666666,3600,,79.49548,30.081731481481487,0.0030610449396730956,0.00399,0.00151,0.0022,0,673.064142026233
"2026-04-01","501037",,"Larah by Borosil Mug Set (Red Striped, 2 x 390 ml) (Opalware)","2 pcs","Kitchen & Dining Needs","Larah by Borosil",,,415.81100094816816,479.5936890833333,,67.28139,13.457050064468934,0.047429663460362675,0.07178,0.10467,0.14747,0.01089,207.37950666604112
"2026-04-01","579512",,"House of Quirk 3D Sticker Plastic Bottle With Straw","1 pc","Kitchen & Dining Needs","House of Quirk",,,549,999,,27.8604,45.04504504504504,0.002610207681576029,0.0025,0.00609,0.00886,0,548.9999999999999
"2026-04-01","532596",,"Larah by Borosil Nivaah Abstract Design Mug Set (Opalware)","6 pcs","Kitchen & Dining Needs","Larah by Borosil",,,559.5142218943118,655,,17.07969,14.577981390181396,0.0022198025565852895,0.00333,0.00289,0.0042,0,93.4333582059516
"2026-04-01","691885",,"Cutting Edge Glass Cutting Edge Tea Pot with Bamboo Lid","1 pc","Kitchen & Dining Needs","Cutting Edge",,,495,1065,,44.21067,53.521126760563384,0.0027709735796026033,0.00225,0.01019,0.00051,0.03141,495.00000000000006
"2026-04-01","692532",,"HomeCloud Stainless Steel Coffee Spoon Set","4 pcs","Kitchen & Dining Needs","HomeCloud",,,299,799,,26.73548,62.5782227784731,0.003079215703286118,0.00201,0.00061,0.00089,0,299
"2026-04-01","597372",,"The Earth Store Mug Set (Ceramic)","6 pcs","Kitchen & Dining Needs","The Earth Store",,,509.5033554858526,2099,,16.6659,75.72637658476167,0.005947074452715326,0.00236,0.00008,0.00012,0,81.44476641937338
"2026-04-01","426316",,"Vinod PCSB5 Pressure Cooker (Stainless Steel)","1 unit","Kitchen & Dining Needs","Vinod",,,,,,0,,0,0,0,0,0,
"2026-04-01","595121",,"ExclusiveLane Handcrafted Coffee Mug Set (Ceramic)","2 pcs","Kitchen & Dining Needs","ExclusiveLane",,,649,1249,,2.28653,48.03843074459568,0,0,,,,324.5
"2026-04-01","620560",,"The Better Home Glass Container Set","2 pcs","Kitchen & Dining Needs","The Better Home",,,649,1449,,63.4644,55.21048999309869,0.03934221765196569,0.03076,0.26754,0.00631,0.83992,324.5
"2026-04-01","528977",,"Fackelmann Quartz Non Stick Flat Tawa (28 cm) (Aluminium)","1 pc","Kitchen & Dining Needs","Fackelmann",,,766.3903388285285,1503.7424503765692,,31.77301,49.21422855961764,0.06880992667986563,0.06114,0.02703,0.00925,0.06601,768.6611197277217
"2026-04-01","627669",,"Peepul Tree Brass Kitchen Storage Jar","1 pc","Kitchen & Dining Needs","Peepul Tree",,,870.9046395788799,1999,,69.56521,56.767932563910456,0.02473145549875485,0.018,0.00741,0.00924,0.0034,832.7313792736492
"2026-04-01","615640",,"Femora Borosilicate Oval Baking Dish (Glass)","1 pc","Kitchen & Dining Needs","Femora",,,383.8918415183841,465,,57.25736,17.7155503786793,0.04427163842202885,0.06375,0.04155,0.05032,0.02234,382.4691833873802
"2026-04-01","624974",,"House of Quirk Double Insulated Tumbler","1 pc","Kitchen & Dining Needs","House of Quirk",,,1199,1999,,54.02386,40.0200100050025,0.009102573400153711,0.00953,0.00636,0.00926,0,1199.0000000000002
"2026-04-01","628272",,"Cutting Edge Utensil Basket with Cutlery Holder & Tray (Stainless Steel)","1 pc","Kitchen & Dining Needs","Cutting Edge",,,1249,2999,,34.77213,58.352784261420474,0.33233105910784505,0.24158,0.01018,0.00613,0.01905,1248.9999999999998
"2026-04-01","696625",,"Larah by Borosil Opalware Dark Forest Dinner Set (White, Black)","1 set","Kitchen & Dining Needs","Larah",,,2146.263669895882,3095.029909375,,72.1938,30.554288183334176,0.10380098975203811,0.12616,0.04314,0.05881,0.0088,2156.1352308027926
"2026-04-01","568050",,"The Earth Store Check Mug Set (Ceramic)","6 pcs","Kitchen & Dining Needs","The Earth Store",,,963.3956751015135,2099,,53.80658,54.49380850804562,0.028965795319703527,0.0214,0.00581,0.00846,0,151.80627710298705
"2026-04-01","626133",,"Parage Stainless Steel Ice Cream Dessert Spoon Set (12 Pcs, Silver)","12 pcs","Kitchen & Dining Needs","Parage",,,299,599,,32.90108,50.083472454090156,0.0007821767879009744,0.00068,,,,298.99999999999994
"2026-04-01","737133",,"Habere India Cane Handmade Serving Tray (Light Blue)","1 pc","Kitchen & Dining Needs","Habere India",,,1399,2799,,16.50039,50.017863522686675,0.0006799892687416662,0.00059,0.00063,0.00006,0.00186,1399
"2026-04-01","507828",,"Larah by Borosil Opalware Solid Serving Bowl (White)","1 set","Kitchen & Dining Needs","Larah by Borosil",,,681.8307627825902,840.8822526250001,,63.49125,19.58681887349071,0.08796667837666472,0.12451,0.06699,0.08926,0.01818,676.094124100549
"2026-04-01","376291",,"Omega Stainless Steel Heavy Traditional Dinner Plate (Silver)","1 pc","Kitchen & Dining Needs","Omega",,,245,245,,1.01719,0,0,0,,,,245.00000000000003
"2026-04-01","611101",,"Prestige 4 Burners Magic Plus Manual Ignition LPG Gas Stove","1 unit","Kitchen & Dining Needs","Prestige",,,5478.776300670795,7246.349237791666,,62.44375,24.63446756877531,0.2769936887495862,0.36067,0.03584,0.04328,0.01955,5455.098755479461
"2026-04-01","440113",,"GHH Aluminium Donut Bakeware Tray Rectangular Shape 6 Cavity (Silver)","1 pc","Kitchen & Dining Needs","GHH",,,186,499,,1.41136,62.725450901803605,0,0,0.00001,0.00002,0,186
"2026-04-01","598008",,"Home Focus 24 Hours Hot & Cold Thermal Bottle","1 pc","Kitchen & Dining Needs","home focus",,,592.3333333333334,1195,,0.56764,50.432357043235704,0,0,,,,592.3333333333334
"2026-04-01","606702",,"The Better Home Glass Round Glass Lunch Box","2 pcs","Kitchen & Dining Needs","The Better Home",,,,,,0,,0,0,,,,
"2026-04-01","691455",,"Nayasa Steel Casserole (Beige)","1 pc","Kitchen & Dining Needs","Nayasa",,,1169.1680672268908,1269,,55.11935,8.805580100273486,0.02394479336899198,0.03676,0.00502,0.00732,0,1116.2221362250634
"2026-04-01","725760",,"Nestroots Wood Serving Platter (Brown)","1 pc","Kitchen & Dining Needs","Nestroots",,,900.6666666666666,3395,,30.91048,73.47079037800687,0.0015464655944357343,0.00071,0.00134,0.00018,0.00389,899.0058744045263
"2026-04-01","735413",,"Habere India Cane Handmade Serving Tray - Small (Blue)","1 pc","Kitchen & Dining Needs","Habere India",,,1099,2199,,14.96078,50.02273760800364,0.00026711261199766415,0.00023,,,,109900
"2026-04-01","626887",,"Borosil Borosilicate Glass Rectangle Storage Container for Kitchen","1 pc","Kitchen & Dining Needs","Borosil",,,459.7971804075205,545.0053791666667,,63.35586,15.789120359341418,0.11732398917896984,0.17297,0.0804,0.10893,0.01788,45896.53941595326
"2026-04-01","633850",,"House of Quirk Tumbler (Pistachio)","1 pc","Kitchen & Dining Needs","House of Quirk",,,1349,1999,,18.54879,32.51625812906453,0.0025580932092730377,0.00301,0.00053,0.00077,0,1349.0000000000002
"2026-04-01","596000",,"FunBlast Unbreakable Kids Bottle (Plastic)","1 pc","Kitchen & Dining Needs","FunBlast",,,482,999,,0.00535,51.751751751751755,0,0,,,,482
"2026-04-01","499179",,"Vahdam Sparkle Tea Infuser Mug (Glass)","1 pc","Kitchen & Dining Needs","Vahdam",,,1499,1499,,2.41562,0,0,0,,,,1499
"2026-04-01","566123",,"Larah by Borosil Opalware Casserole Set - (White)","2 pcs","Kitchen & Dining Needs","Larah by Borosil",,,1149,1499,,0.48128,23.34889926617745,0,0,,,,1149
"2026-04-01","566635",,"Cello Plastic Diamond Kitchen Storage Container Set","24 pcs","Kitchen & Dining Needs","Cello",,,882.0102341400402,2176,,63.23832,59.46725636888149,0.37805376638758487,0.26746,0.32395,0.37477,0.2126,881.992171314065
"2026-04-01","615879",,"Femora Premium Peacock Motif Tea Cup Set of 6 (Ceramic)","6 pcs","Kitchen & Dining Needs","Femora",,,1019.6015412108246,1497.842086625,,76.52091,32.012918215350616,0.2900151170138267,0.34482,0.34728,0.46035,0.09954,169.52202664902575
"2026-04-01","520923",,"Stainless Steel Straw with a Cleaning Brush by Picfest","5 pcs","Kitchen & Dining Needs","Picfest",,,70.08349861204799,199,,93.34053,64.97090202653523,0.735937705662159,0.44874,1.02611,1.49445,0,69.7079049671949
"2026-04-01","597240",,"Gluman Masala Spice Box (Plastic)","8 pcs","Kitchen & Dining Needs","Gluman",,,299,349,,36.48188,14.326647564469909,0.028952750895339184,0.04329,0.00779,0.01135,0,37.375
"2026-04-01","566620",,"Schott Zwiesel Convention Crystal Whiskey Glass Set (Tritan)","6 pcs","Kitchen & Dining Needs","schott zwiesel",,,2137.1863826719577,3200.5966928333332,,25.55183,33.22537677247893,0.00301245777504791,0.00315,0.00067,0.00098,0,319.2574572292175
"2026-04-01","603124",,"Cutting Edge Borosilicate Glass Bottle with Black Sleeve","1 pc","Kitchen & Dining Needs","Cutting Edge",,,285,500,,42.1019,42.99999999999999,0.04722615699354569,0.04698,0.2005,0.08594,0.45149,285.00000000000006
"2026-04-01","650504",,"Larah by Borosil Opalware Medley Dinner Set (White)","1 set","Kitchen & Dining Needs","Larah",,,1325.8274895173452,2201.3541666666665,,71.95628,39.75590783732348,0.08650495088759169,0.09142,0.02319,0.03327,0.00109,1326.0607342688872
"2026-04-01","662416",,"HAZEL Stainless Steel Kids Plate Set, 2 pcs","2 pcs","Kitchen & Dining Needs","Hazel",,,203.3473076251776,489,,69.02818,58.31710514906641,0.048042803516133124,0.03482,0.02001,0.02914,0,203.9003274996036
"2026-04-01","669253",,"Ireka Homes Wood Serving Tray (Dark Brown)","1 pc","Kitchen & Dining Needs","Ireka Homes",,,450,742,,2.79883,39.35309973045822,0.00013519596929717246,0.00014,,,,450.00000000000006
"2026-04-01","635449",,"House of Quirk Stainless Steel Tumbler Set","1 set","Kitchen & Dining Needs","House of Quirk",,,1349,1999,,16.96394,32.51625812906453,0.0004856369661398077,0.00057,0.00056,0.00081,0,1349
"2026-04-01","544639",,"Milton Pacific Pet Plastic Bottle Set","6 pcs","Kitchen & Dining Needs","Milton",,,269,270,,5.57106,0.37037037037037035,0.014749750538542198,0.02565,0.00062,0.0009,0,44.83333333333332
"2026-04-01","606701",,"The Better Home Glass Glass Lunch Box","2 pcs","Kitchen & Dining Needs","The Better Home",,,779,1295,,1.19391,39.84555984555985,0.00023595572963819037,0.00025,,,,779.0000000000001
"2026-04-01","562229",,"Agaro Knife Set (Stainless Steel)","6 pcs","Kitchen & Dining Needs","Agaro",,,1041.0869565217392,2299,,0.17681,54.71566087334758,0.0018347354931182174,0.0015,0.00001,0.00002,0,1066.3717022227393
"2026-04-01","553789",,"Judge by Prestige Kadai With Lid (240mm) (Non Stick)","1 unit","Kitchen & Dining Needs","Judge",,,806.8098623232357,1050.3702851249998,,53.74168,23.603785076126766,0.08629926142199958,0.11557,0.05863,0.08528,0.00024,806.3421444967054
"2026-04-01","569758",,"ExclusiveLane Unique Half Cup Set (Ceramic)","2 pcs","Kitchen & Dining Needs","ExclusiveLane",,,399,985,,26.10475,59.49238578680203,0.0010562919046082525,0.00075,0.00031,0.00016,0.00064,199.50000000000009
"2026-04-01","717862",,"Picfest Stainless Steel Delux Fork Set","6 pcs","Kitchen & Dining Needs","Picfest",,,137,300,,8.54379,54.333333333333336,0.0006468279485618743,0.00052,0.00004,0.00006,0,22.83333333333333
"2026-04-01","562438",,"Wonderchef Pre-Seasoned Kadai (Iron)","1 unit","Kitchen & Dining Needs","Wonderchef",,,1612.0574879728922,2299.9083333333333,,70.67362,29.779197743032764,0.08685175671136343,0.10633,0.00888,0.01293,0,1618.0428379962063
"2026-04-01","722651",,"GKD Wood Armrest Foldable Tray (Brown)","1 pc","Kitchen & Dining Needs","GKD",,,331.59358695652173,999,,33.64556,66.77638458358005,0.0036738278735339034,0.00214,0.00004,0.00005,0.00001,332.97608851014996
"2026-04-01","532023",,"Prestige Pop Svachh Aluminium Pressure Cooker (Aluminium)","1 unit","Kitchen & Dining Needs","Prestige",,,1440.9290893141033,1745.844586625,,65.44799,17.743129360318957,0.11886995115863097,0.17134,0.20406,0.11336,0.40277,1428.9887816540784
"2026-04-01","497313",,"Sleepy Owl Brighten Up Ceramic Coffee Mug (Ceramic)","1 pc","Kitchen & Dining Needs","Sleepy Owl",,,307,399,,0.14856,23.05764411027569,0,0,,,,153.5
"2026-04-01","634223",,"Sipologie Inspire Tea Mug (Stainless Steel, Borosilicate Glass)","1 pc","Kitchen & Dining Needs","Sipologie",,,687.70573,1199,,45.48498,42.646277477586295,0.013888340424428344,0.01389,0.00518,0.00176,0.01267,686.7763302245536
"2026-04-01","545001",,"Marvel Avengers Plastic Sipper Bottle","1 pc","Kitchen & Dining Needs","Marvel",,,280.0035842293907,299,,3.61308,6.353316311240572,0.00009987879889558226,0.00017,,,,285.45281287536636
"2026-04-01","735318",,"CutTales Stainless Steel Mini Dessert Bowl Set (Silver)","6 pcs","Kitchen & Dining Needs","CutTales",,,333.0094615936827,1499,,85.08817,78.48228845162468,0.11973431007937005,0.04481,0.11773,0.03996,0.28813,5344.065009055576
"2026-04-01","604034",,"Gluman Stainless Steel Lunch Box","1 pc","Kitchen & Dining Needs","Gluman",,,,,,0,,0,0,,,,
"2026-04-01","772081",,"CutTales Stainless Steel Quarter Plate Set (Silver)","6 pcs","Kitchen & Dining Needs","CutTales",,,379,2199,,14.54006,82.76489313324238,0.0008053445251729574,0.00024,,,,379
"2026-04-01","498609",,"Solara Motivational Sipper Water Bottle","1 pc","Kitchen & Dining Needs","Solara",,,620.9466302711321,1499,,44.48603,58.801454401739676,0.031200220196437544,0.02084,0.04412,0.02001,0.09694,618.3579557381361
"2026-04-01","528896",,"Fackelmann Quartz Non Stick Fry Pan -24 cm (Aluminium)","1 pc","Kitchen & Dining Needs","Fackelmann",,,744.567938371111,1367.0338475833335,,32.47642,45.50835977600461,0.020710913632797423,0.02012,0.02125,0.02544,0.01207,746.2482816311407
"2026-04-01","575639",,"The Better Home Copper Bottle (Teal Green)","1 pc","Kitchen & Dining Needs","The Better Home",,,899,2999,,18.10251,70.02334111370457,0.1135043806800295,0.05939,0.07137,0.01379,0.19752,899
"2026-04-01","607183",,"Nestasia Ceramic Ramen Bowl Set (Multicolour, 360 ml, 6 pcs)","6 pcs","Kitchen & Dining Needs","Nestasia",,,1230.6979471225566,1550,,64.26007,20.382686307330747,0.11582375501999113,0.16123,0.17622,0.11078,0.3196,205.8436064419407
"2026-04-01","630804",,"ExclusiveLane Mango Wood & Brass Floral-Etched Chapati Box (Golden)","1 pc","Kitchen & Dining Needs","ExclusiveLane",,,1899,3499,,8.89997,45.727350671620464,0,0,0.00015,0.00021,0,1898.9999999999998
"2026-04-01","429389",,"Vinod Steamer Pot (Stainless Steel)","1 pc","Kitchen & Dining Needs","Vinod",,,1201.5273949579832,1393.7731092436975,,9.63624,13.793185778281547,0.00017188022423342736,0.00027,0.00007,0.0001,0,1225.004248783874
"2026-04-01","568440",,"Solara Kids Motivational Sipper Kids Bottle (Tritan)","1 pc","Kitchen & Dining Needs","Solara",,,634.4082316398699,999,,35.3124,36.57335636988859,0.014397636170465874,0.01581,0.01254,0.0175,0.00166,632.1767137392612
"2026-04-01","622137",,"House of Quirk Trek Tumbler (Electro)","1 pc","Kitchen & Dining Needs","House of Quirk",,,1099,1999,,46.67289,45.022511255627805,0.09112649540172364,0.08744,0.03282,0.04199,0.01273,1099.0000000000002
"2026-04-01","566384",,"The Indus Valley Tawa (Iron)","1 unit","Kitchen & Dining Needs","The Indus Valley",,,999,1720.4416666666666,,43.3995,41.93678313249705,0.11614996256218962,0.11777,0.02959,0.01246,0.06712,999.0000000000001
"2026-04-01","557106",,"Super Mom by Apex Lemon Squeezer with Bottle Opener (Steel)","1 pc","Kitchen & Dining Needs","super mom by apex",,,201.3872176650283,249,,68.92962,18.995183621102402,0.05070217759220714,0.07148,0.02013,0.02932,0,201.78843085362766
"2026-04-01","744748",,"Oicia Stainless Steel Premium Golden Dinner Spoon Set","6 pcs","Kitchen & Dining Needs","Oicia",,,699,749,,63.09309,6.675567423230975,0.0022068107894821047,0.00359,0.00584,0.00314,0.01176,698.9999999999999
"2026-04-01","553475",,"Hazel Cake Icing Piping Bag with Steel Nozzle (Stainless Steel, Cotton)","1 pack","Kitchen & Dining Needs","Hazel",,,251.35694444444442,499,,2.69913,49.62786684480072,0.0004849079637110203,0.00043,,,,251.00790478042973
"2026-04-01","584052",,"FunBlast Thermal Bottle","1 pc","Kitchen & Dining Needs","FunBlast",,,999,999,,0.00125,0,0,0,,,,999
"2026-04-01","627375",,"Royalkart 2-Tier Vegetable Fruit Basket","1 pc","Kitchen & Dining Needs","Royalkart",,,699,1999,,4.81128,65.03251625812906,0.0020518166010123164,0.00125,0.00001,0.00001,0.00001,698.9999999999999
"2026-04-01","688385",,"The Better Home Glass Solid Salt & Pepper Shaker (Multicolour)","2 pcs","Kitchen & Dining Needs","The Better Home",,,299,999,,11.25667,70.07007007007006,0.004367334935375232,0.00228,0.00216,0.00315,0,299.00000000000006
"2026-04-01","607165",,"Nestasia Thermal Insulated Lunch Bag (7ltrs, Blue)","7 ltrs","Kitchen & Dining Needs","Nestasia",,,474.87341774664924,785,,67.96869,38.643732541024754,0.09661651630644866,0.10355,0.15354,0.03223,0.41933,483.0507555617644
"2026-04-01","568047",,"The Earth Store Stag Design Mug Set (Ceramic)","6 pcs","Kitchen & Dining Needs","The Earth Store",,,1083.1367231444883,2099,,12.56052,48.39748817796626,0.0034739068378075665,0.00313,0.00002,0.00003,0,178.54802613472404
"2026-04-01","535382",,"Bulfyss Nylon Insulated Travel Lunch Bag (7 ltrs, Grey)","1 pc","Kitchen & Dining Needs","Bulfyss",,,340.43912504739507,999,,21.65187,65.96640276314915,0.06760915199646435,0.04008,0.0099,0.01443,0,339.84365678246917
"2026-04-01","603973",,"Speedex School Steel Wall Bottle (Stainless Steel)","1 pc","Kitchen & Dining Needs","Speedex",,,319,549,,1.73372,41.89435336976321,0.00034343830992796535,0.00035,0.00039,0.00057,0,319
"2026-04-01","676401",,"HomeCloud Stainless Steel Premium Cutlery Set","1 set","Kitchen & Dining Needs","HomeCloud",,,284,999,,22.61973,71.57157157157158,0.008166151833178,0.00405,0.0043,0.00626,0,284.00000000000006
"2026-04-01","595124",,"ExclusiveLane Salt & Pepper Shaker Set (Ceramic)","2 pcs","Kitchen & Dining Needs","ExclusiveLane",,,527.735632183908,875,,2.06864,39.68735632183908,0.00010628640409757531,0.00011,0,0,0,524.4862838042056
"2026-04-01","569330",,"ExclusiveLane Rectangular Spice Box with Spoon (Wood)","1 pc","Kitchen & Dining Needs","ExclusiveLane",,,1425,2549,,12.34438,44.0957238132601,0.001324430513275875,0.00129,,,,1425.0000000000002
"2026-04-01","767162",,"Two Moustaches Iron Pichwai Cow Motif Serving Tray Set (Multicolour)","2 pcs","Kitchen & Dining Needs","Two Moustaches",,,815,1595,,19.03574,48.90282131661442,0.00024218094757919457,0.00022,,,,815
"2026-04-01","741183",,"Shri & Sam Stainless Steel Casa Nova Baby Spoon Set","6 pcs","Kitchen & Dining Needs","Shri & Sam",,,149,149,,22.20505,0,0.0007643680657340906,0.00133,0.00219,0.00319,0,149
"2026-04-01","586805",,"Kuber Industries Stainess Steel Cylinder Trolley with 4 Wheels (Steel)","1 pc","Kitchen & Dining Needs","Kuber Industries",,,347,798,,0.00014,56.51629072681704,0,0,,,,347
"2026-04-01","545004",,"HOOM Plastic by HMI Original Disney Frozen Lunch Box","1 pc","Kitchen & Dining Needs","HOOM",,,325.044787515006,399,,26.5607,18.53747040562825,0.0008464335873363907,0.00119,0.00608,0.00885,0,323.4253065003572
"2026-04-01","543205",,"Amaya Decors Iron Flower Tray (Green)","1 pc","Kitchen & Dining Needs","Amaya Decors",,,579,1099,,0.62067,47.315741583257505,0,0,,,,579
"2026-04-01","518746",,"Larah by Borosil Opalware Ice Cream/Dessert Set (White)","6 pcs","Kitchen & Dining Needs","Larah by Borosil",,,449.21993318620775,595.5299274999999,,66.31263,24.576863106719575,0.050162375982474985,0.06602,0.07884,0.11483,0,74.86230592535847
"2026-04-01","546486",,"Solara Motivational Plastic Sipper Bottle","1 pc","Kitchen & Dining Needs","Solara",,,559.9417778616885,1499,,32.99128,63.07185053711296,0.023267892475948376,0.01431,0.00483,0.00567,0.00297,525.6541048956758
"2026-04-01","566558",,"Cello Shooter Shot Glass","6 pcs","Kitchen & Dining Needs","Cello",,,324.99574187355876,371.816981827957,,28.14227,15.895725306093766,0.01058969626551254,0.01477,0.00288,0.00419,0,36.23060278941726
"2026-04-01","543235",,"Amaya Decors Aluminium White Elephant Print Tray (Red, Golden)","1 pc","Kitchen & Dining Needs","Amaya Decors",,,,,,0,,0,0,,,,
"2026-04-01","693003",,"Two Moustaches Serving Tray Set (Red, Gold)","2 pcs","Kitchen & Dining Needs","Two Moustaches",,,695,1595,,14.56165,56.426332288401255,0.0010074729751519212,0.00077,0.00031,0.00018,0.00062,347.5
"2026-04-01","630417",,"The Better Home Steel Wall Bottle for Refrigerator","1 pc","Kitchen & Dining Needs","The Better Home",,,399,1099,,29.7917,63.69426751592356,0.019446150902418233,0.01232,0.00841,0.01053,0.00377,399.0000000000001
"2026-04-01","521102",,"The Artment Minimal Frosted Beer Mug Set (Glass)","4 pcs","Kitchen & Dining Needs","The Artment",,,932.7208784802765,999,,23.94169,6.566206856174403,0.003084073836692457,0.00508,0.00281,0.00409,0,238.55191083989948
"2026-04-01","664587",,"Cello Opalware Dazzle Scarlet Bliss Dinner Set (White)","18 pcs","Kitchen & Dining Needs","Cello",,,1391.6655673262605,2099.0023148333335,,64.41525,33.74116127976162,0.0608488963791204,0.07033,0.04437,0.01697,0.10441,1390.792405432782
"2026-04-01","589483",,"Basil Stainless Steel Space Bento Lunch Box for Kids","1 pc","Kitchen & Dining Needs","Basil",,,1599,3000,,0.6696,46.7,0,0,,,,1599
"2026-04-01","524360",,"Mad Over Print Things Workout I Don't Mug (Ceramic)","1 pc","Kitchen & Dining Needs","Mad Over Print",,,135.79371309366826,494.72175179166675,,83.5479,72.61720884346484,0.6941772940293262,0.33348,0.36385,0.52991,0,135.47585516061358
"2026-04-01","587027",,"The Better Home Solid Copper Bottle","1 pc","Kitchen & Dining Needs","The Better Home",,,899,2999,,10.36952,70.02334111370456,0.019554758416723342,0.01023,0.00665,0.00104,0.01894,899
"2026-04-01","565939",,"Borosil Superhero Kids Kids Bottle with Bag (Stainless Steel)","1 pc","Kitchen & Dining Needs","Borosil",,,831.5806451612904,995,,0.03866,16.42405576268439,0.00006043140428610455,0.0001,,,,902.3640614156116
"2026-04-01","596291",,"FunBlast Kids Kids Bottle (Polypropylene)","1 pc","Kitchen & Dining Needs","FunBlast",,,663,999,,15.59965,33.633633633633636,0.004880639374848343,0.00565,0.00132,0.00192,0,662.9999999999998
"2026-04-01","662357",,"Hazel Stainless Steel Snack Plate Set (Silver)","2 pcs","Kitchen & Dining Needs","Hazel",,,219.98298203154584,669,,60.61021,67.17541629914088,0.042039865175473805,0.02417,0.02117,0.03084,0,109.61852836564698
"2026-04-01","546501",,"Solara Motivational Gym Plastic Sipper Bottle","1 pc","Kitchen & Dining Needs","Solara",,,979.9015401540396,1999,,35.27093,50.97895026177669,0.013829385245505402,0.01182,0.0118,0.00984,0.01611,979.3017099605757
"2026-04-01","606694",,"Speedex Steel Wall Bottle With Sipper Cap","1 pc","Kitchen & Dining Needs","Speedex",,,549,549,,4.36819,0,0.00004668093533001471,0.00008,,,,549
"2026-04-01","545209",,"FanCode LSG Official Mug","1 pc","Kitchen & Dining Needs","FanCode",,,171,399,,17.4536,57.142857142857146,0.000048466544878157344,0.00004,,,,171
"2026-04-01","707744",,"ReeQ Plastic Floral Printed Tray Set (White)","3 pcs","Kitchen & Dining Needs","ReeQ",,,399,1499,,46.49327,73.38225483655769,0.001771413952234905,0.00082,,,,133.00000000000003
"2026-04-01","552952",,"Prestige Dosa Tawa (Cast Iron)","1 pc","Kitchen & Dining Needs","Prestige",,,1452.9610011456532,1779.403821083333,,62.2612,18.365546879236984,0.21921185882282732,0.31307,0.04452,0.06303,0.00397,1450.4391093334652
"2026-04-01","705884",,"ExclusiveLane Ceramic Dinner Bowl Set (Forest Green-Earthy Brown)","4 pcs","Kitchen & Dining Needs","ExclusiveLane",,,749,1599,,48.58321,53.15822388993121,0.0014101140806738353,0.00115,0.00653,0.002,0.01645,187.25
"2026-04-01","582674",,"The Better Home Glass 2 Compartments Lunch Box","1 pc","Kitchen & Dining Needs","The Better Home",,,849,2395,,49.17546,64.55114822546972,0.05466756926742466,0.03382,0.43918,0.01097,1.37736,849.0000000000005
"2026-04-01","621335",,"Newdru Rechargeable Electric Gas Lighter (Stainless Steel, Alloy)","1 pc","Kitchen & Dining Needs","newdru",,,599,999,,50.70819,40.04004004004004,0.0009101142543849471,0.00095,0.02611,0.01483,0.0508,599
"2026-04-01","402838",,"Borosil Steel Thermal Bottle (Black)","1 pc","Kitchen & Dining Needs","Borosil",,,998.6258962441132,1164.6320775,,64.97125,14.273679465276548,0.4469020202653762,0.66854,0.19386,0.28233,0,997.3296502498049
"2026-04-01","675212",,"Umami Studio Polypropylene Coaster Set (Grey)","6 pcs","Kitchen & Dining Needs","Umami Studio",,,349,582,,1.79503,40.034364261168385,0,0,,,,58.16666666666666
"2026-04-01","607853",,"Cutting EDGE Silica Glass Storage Jar Set (1.6 L)","2 pcs","Kitchen & Dining Needs","Cutting Edge",,,549,850,,28.47013,35.41176470588234,0.034694223523094286,0.03911,0.03999,0.00804,0.11001,274.50000000000006
"2026-04-01","626418",,"House of Quirk Nylon Insulated Lunch Bag (3.7 ltrs, Dark Blue)","1 pc","Kitchen & Dining Needs","House of Quirk",,,349,499,,57.63105,30.060120240480956,0.018678631053626618,0.0228,0.02051,0.01742,0.02729,349
"2026-04-01","607798",,"Brick Brown Wood Serving Tray (Brown)","1 pc","Kitchen & Dining Needs","brick brown",,,1649,2699,,8.61118,38.903297517599114,0.00016392387605600444,0.00017,0.00006,0.00009,0,1648.9999999999998
"2026-04-01","541101",,"Ek Do Dhai Couple Beer Mug (Glass)","1 pc","Kitchen & Dining Needs","EK DO DHAI",,,600,600,,27.28648,0,0.00010932303355975342,0.00019,0.00098,0.00143,0,600
"2026-04-01","554110",,"Pasabahce Echo Whiskey Glass Set","6 pcs","Kitchen & Dining Needs","Pasabahce",,,549.0199386110557,1499,,74.34097,63.37214660827895,0.05491151596420092,0.03511,0.02973,0.0433,0,91.51456779287868
"2026-04-01","549023",,"Borosil Glass Serving/Mixing Bowl Set (Transparent)","2 pcs","Kitchen & Dining Needs","Borosil",,,709.4538808373592,865,,8.28663,17.982210307819756,0.0008316410876654205,0.00122,0.00063,0.00092,0,713.3047734604289
"2026-04-01","544996",,"Disney Frozen Character Plastic Sipper Bottle","1 pc","Kitchen & Dining Needs","Disney",,,279,299,,4.16289,6.688963210702341,0.000127118819167666,0.00021,0,0,0,279
"2026-04-01","570745",,"Chumbak Valley Bloom Mug Set (Ceramic)","6 pcs","Kitchen & Dining Needs","Chumbak",,,1217.815989685791,2595,,72.27208,53.07175165149406,0.05338919345070158,0.04374,0.228,0.00996,0.70572,202.94794774142093
"2026-04-01","500870",,"Homez it Zip Lock Bag (XXL) (Plastic)","15 pcs","Kitchen & Dining Needs","Homez it",,,439.0082764445147,499,,46.55421,12.018991097655238,0.01760481248027806,0.02704,0.00999,0.01455,0,29.26950378454156
"2026-04-01","566508",,"Cello Instyle Vacuum Insulated Thermal Bottle with Jacket (1 ltr)","1 ltr","Kitchen & Dining Needs","Cello",,,979,1259,,7.95469,22.239872915011905,0.004954994707303785,0.00673,0.00414,0.00225,0.00829,97.9
"2026-04-01","697222",,"Wonderchef Stainless Steel Plate Set","6 pcs","Kitchen & Dining Needs","Wonderchef",,,533.9478590991097,1146.9537507916668,,74.09769,53.22674652856625,0.1357151700744606,0.11272,0.02022,0.02945,0,89.19818961063599
"2026-04-01","630181",,"Irida Naturals Rice Husk 8"" Plate Set (Multicolour)","4 pcs","Kitchen & Dining Needs","Irida Naturals",,,499,699.2291666666666,,60.77468,28.633000910696467,0.01948532243857303,0.02428,0.11389,0.01332,0.33423,499
"2026-04-01","691623",,"Nayasa Steel Sapphire Insulated Casserole (Grey)","1 pc","Kitchen & Dining Needs","Nayasa",,,848.6260446307588,899,,57.45986,6.533745438190762,0.012685676821212214,0.02002,0.0042,0.00612,0,812.639401824465
"2026-04-01","675919",,"Two Moustaches Lotus Print Serving Tray Set (Multicolour)","2 pcs","Kitchen & Dining Needs","Two Moustaches",,,595,1595,,16.5009,62.69592476489028,0.003163852502637744,0.00206,0.00025,0.00035,0.00004,594.9999999999999
"2026-04-01","726059",,"Nestroots Stainless Steel Golden Salad Serving Spoon Set","2 pcs","Kitchen & Dining Needs","Nestroots",,,910.1666666666666,2990,,22.0856,69.55964325529543,0.00036319553296299586,0.00019,0.00038,0.00005,0.00112,899.1657321353126
"2026-04-01","496184",,"Ocean Classic Wine Glass","6 pcs","Kitchen & Dining Needs","O'cean",,,1062.953560371517,1152,,16.12005,7.7297256621947055,0.00016582117730343398,0.00027,0.00002,0.00003,0,178.04892628366864
"2026-04-01","767996",,"Classic Essentials Stainless Steel Mixing Bowl With Lid (Blue)","3 pcs","Kitchen & Dining Needs","Classic Essentials",,,414.76900000000006,1315,,25.61798,68.45863117870722,0.0008254206070558706,0.00044,0.00001,0.00001,0,399.0347704410018
"2026-04-01","691708",,"Nayasa Melamine Tray & Bowl Set (Multicolour)","1 set","Kitchen & Dining Needs","Nayasa",,,826.1333333333333,865,,58.20148,4.85749200253888,0.005452124803961731,0.0087,0.0001,0.00014,0,791.4892871666194
"2026-04-01","618756",,"averX Polypropylene Rectangular Lunch Box","1 pack","Kitchen & Dining Needs","averx",,,299,999,,35.84687,70.07007007007007,0.11694441632675932,0.06109,0.05018,0.04699,0.05716,299.00000000000006
"2026-04-01","606331",,"Housegoods Premium Chopping Board 35 x 25 cm (Stainless Steel)","1 pc","Kitchen & Dining Needs","housegoods",,,599,1999,,13.70181,70.03501750875438,0.0006070463898798157,0.00032,0.00012,0.00018,0,599
"2026-04-01","173888",,"Prestige Omega Deluxe Induction Base Non-Stick Cookware Set (Aluminium)","3 pcs","Kitchen & Dining Needs","Prestige",,,1993.5338834702904,3824.2880117083337,,53.31269,47.824169308681086,0.6868628371366797,0.62993,2.17569,3.16684,0.00408,2000.1205812639482
"2026-04-01","585955",,"UPC Melamine Crystal Serving Tray Set (White)","3 pcs","Kitchen & Dining Needs","U.P.C.",,,599,799,,48.55096,25.031289111389235,0.052330788514059666,0.06848,0.01658,0.02415,0,199.66666666666669
"2026-04-01","603946",,"Irida Naturals Rice Husk & Bamboo Fiber Coffee Sipper Cup (Soft Beige, 350 ml)","1 pc","Kitchen & Dining Needs","Irida Naturals",,,299,399,,52.21012,25.062656641604015,0.0030549120996954497,0.004,0.03268,0.03041,0.03765,299
"2026-04-01","762103",,"Jaypee Plus Stainless Steel Bowl With Spoon & Lid (Pink)","1 pc","Kitchen & Dining Needs","Jaypee Plus",,,259,365,,4.94881,29.041095890410958,0.00024385158573704356,0.0003,0.00043,0.00063,0,259
"2026-04-01","693764",,"Two Moustaches Traditional Design Serving Tray Set (Multicolour)","2 pcs","Kitchen & Dining Needs","Two Moustaches",,,695,1595,,12.22512,56.426332288401255,0.0006626070886107214,0.0005,0.00002,0.00003,0,694.9999999999999
"2026-04-01","572543",,"P-Tal Ghee Pot Set (Brass)","1 pc","Kitchen & Dining Needs","P-Tal",,,1599,1850,,1.30953,13.567567567567568,0,0,,,,1599
"2026-04-01","566504",,"Cello Opalware Opalware Dazzle Lush Fiesta Pudding Set (White)","7 pcs","Kitchen & Dining Needs","Cello",,,529.0344355938488,563.5045727500001,,62.15286,6.142917678241451,0.005971128070969256,0.00989,0.0285,0.04151,0,75.5889168519147
"2026-04-01","706345",,"Hazel Stainless Steel Serving Bowl (Silver)","1 pc","Kitchen & Dining Needs","Hazel",,,103.27251989635016,129,,64.88482,20.514001912831493,0.06264811099658449,0.08739,0.28727,0.41839,0,102.52579588531145
"2026-04-01","626093",,"Nestroots Canister Set For Tea, Coffee & Sugar","3 pcs","Kitchen & Dining Needs","Nestroots",,,1199,2599,,4.13301,53.86687187379761,0.0001578502527215364,0.00013,0,0,0,1199
"2026-04-01","771657",,"Selvel Polypropylene Serving Tray With Bowls (Ivory)","1 set","Kitchen & Dining Needs","Selvel",,,1699,2427,,18.83333,29.995879686856203,0,0,0,0,0,1698.9999999999998
"2026-04-01","567166",,"Cello Opalware Dazzle Tropical Lagoon Dinner Set (White)","26 pcs","Kitchen & Dining Needs","Cello",,,1859.6588694652078,3499,,71.12518,47.00436419606809,0.20217473352506665,0.18526,0.12884,0.05263,0.29581,1852.661557195111
"2026-04-01","626617",,"The Better Home Glass Bottle with Sleeve","1 pc","Kitchen & Dining Needs","The Better Home",,,479,1699,,18.27758,71.80694526191877,0.01986059689130899,0.00977,0.01426,0.0038,0.03719,479
"2026-04-01","548891",,"Nayasa Smart Butter Dish with Lid (Plastic)","1 pc","Kitchen & Dining Needs","Nayasa",,,386.48172474835684,545,,39.14972,28.96121168091378,0.012421822946639911,0.01538,0.00117,0.00144,0.00059,388.7673518684465
"2026-04-01","568377",,"Wonderchef Stainless Steel Venice Spoon Set","6 pcs","Kitchen & Dining Needs","Wonderchef",,,266.5786342279033,600,,75.77159,55.5449372102346,0.07280568738278077,0.05583,0.07553,0.04747,0.13702,44.44993266244199
"2026-04-01","705465",,"ExclusiveLane Ceramic Forest Canopy Serving Bowl (Green & Brown)","1 pc","Kitchen & Dining Needs","ExclusiveLane",,,699,1549,,37.41372,54.87411233053583,0.0027724937163842514,0.00218,0.00182,0.00153,0.00248,699.0000000000001
"2026-04-01","532129",,"Full Houz Bag - Small (Jute)","1 pc","Kitchen & Dining Needs","fullhouz",,,119.63954688660105,299,,53.84912,60.079173798955814,0.03602487998313139,0.02514,0.04789,0.06975,0,119.36444260433974
"2026-04-01","559257",,"Nestasia Chef Showpiece with Salt & Pepper Shaker (Resin)","1 set","Kitchen & Dining Needs","Nestasia",,,899,1360,,1.05402,33.89705882352941,0,0,,,,899
"2026-04-01","605501",,"Cutting Edge Dish Drying Rack with Microfiber Dish Mat (Colour may Vary)","2 pcs","Kitchen & Dining Needs","Cutting Edge",,,385.1402351190476,799,,47.50428,51.776037000812465,0.06887340728576277,0.05792,0.04504,0.0264,0.08586,192.66869926405056
"2026-04-01","603787",,"Sanjeev Kapoor Infinity Goblet Wine Glass","2 pcs","Kitchen & Dining Needs","Sanjeev Kapoor",,,566.3584905660377,595,,7.95128,4.813699064531473,0.000036137275358344284,0.00006,,,,268.45473229658097
"2026-04-01","613798",,"Cutting Edge Plastic Modular Storage Container Set","16 pcs","Kitchen & Dining Needs","Cutting Edge",,,1299,2220,,7.75412,41.486486486486484,0.0002696634827807251,0.00028,0.00002,0.00003,0,81.1875
"2026-04-01","622078",,"ExclusiveLane Ceramic Multi-Purpose Jar","1 pc","Kitchen & Dining Needs","ExclusiveLane",,,749,1420,,0.03979,47.25352112676056,0.00008624366573989794,0.00008,,,,748.9999999999999
"2026-04-01","493504",,"Solara Insulated Sports Thermal Bottle (Angel Pink)","1 pc","Kitchen & Dining Needs","Solara",,,1185.8718128973774,1999,,47.06735,40.621996007485144,0.03574843337052839,0.03725,0.02514,0.01714,0.04265,119253.94488006104
"2026-04-01","558625",,"Nestasia Ceramic Leaf-Shaped Serving Platter (White, Blue)","4 pcs","Kitchen & Dining Needs","Nestasia",,,1588.8958232717423,3260.744759952381,,72.40055,51.35497923213021,0.17905159349139413,0.15161,0.14486,0.0322,0.39169,1586.0911933322632
"2026-04-01","663021",,"New Dawn Plastic Stackable Egg Tray Set (White)","3 pcs","Kitchen & Dining Needs","New Dawn",,,199,900,,1.34683,77.88888888888889,0,0,,,,66.33333333333333
"2026-04-01","546691",,"Borosil Swan Wide Mouth Steel Wall Bottle","1 pc","Kitchen & Dining Needs","Borosil",,,358.9497087599672,417.30584775,,65.20585,13.917494174212434,0.19170369648017993,0.28832,0.12173,0.17099,0.01378,359.60294095886263
"2026-04-01","596707",,"Speedex Solid Steel Wall Bottle with Lid","1 pc","Kitchen & Dining Needs","Speedex",,,549,549,,1.33863,0,0.00038345054021083507,0.00067,0,0,0,549
"2026-04-01","760067",,"Fackelmann Stainless Steel Noodle Server (Silver)","1 pc","Kitchen & Dining Needs","Steelchef",,,165.2921348314607,229,,62.84888,27.522645973554244,0.000581645000827151,0.00077,0.00003,0.00004,0,173.8929082924119
"2026-04-01","563757",,"Cutting EDGE Glass Borosilicate Container Set","5 pcs","Kitchen & Dining Needs","Cutting Edge",,,1357.7790584056322,2400,,47.82965,43.68062531753304,0.21320299736020976,0.20935,0.06395,0.06305,0.06591,270.00427320679717
"2026-04-01","594265",,"Kressa Virgin Paper Kitchen Towel Roll 2 Ply","2 rolls","Kitchen & Dining Needs","Kressa",,,129.12258333333335,185,,73.10015,30.229045631059194,0.10435147203994397,0.1271,0.41864,0.37367,0.51717,64.53827165238252
"2026-04-01","567167",,"Cello Opalware 16 Pcs Dazzle Swirl Dinner Set (Blue, White)","16 pcs","Kitchen & Dining Needs","Cello",,,1157.4261644469173,2249.0592262083333,,66.59924,48.86493842599823,0.7451261821868033,0.66438,0.29084,0.21222,0.4631,1149.9727624517889
"2026-04-01","535360",,"Mad Over Print MDF Tribal Pattern Coaster Set (Multicolour)","6 pcs","Kitchen & Dining Needs","Mad Over Print",,,311.4646145676679,599,,83.65725,48.04428138542676,0.012575406139156555,0.01138,0.00814,0.01185,0,51.79870083840098
"2026-04-01","579042",,"The Better Home Copper Bottle with Lid","1 pc","Kitchen & Dining Needs","The Better Home",,,899,2999,,12.15965,70.02334111370456,0.01981145053936715,0.01037,0.0067,0.00154,0.01799,899
"2026-04-01","554087",,"MuscleBlaze Champion Mindset Tornado Shaker (Black)","1 pc","Kitchen & Dining Needs","Muscleblaze",,,308.4165640655122,599,,27.80178,49.33552493226422,0.10484236398210195,0.09229,0.05321,0.07749,0,302.2116690143441
"2026-04-01","630873",,"ExclusiveLane Wood Log Handcrafted Coasters (Light Brown)","6 pcs","Kitchen & Dining Needs","ExclusiveLane",,,599,915,,27.48819,34.53551912568307,0.003516908324238072,0.00402,0.00187,0.00273,0,99.83333333333336
"2026-04-01","570732",,"Chumbak Marigold Thermal Bottle with Tumblers","3 pcs","Kitchen & Dining Needs","Chumbak",,,1838.5302361111112,3385,,51.9996,45.66752518043866,0.045342785504847306,0.04229,0.02568,0.00823,0.06391,614.2335075969548
"2026-04-01","754379",,"Cpensus Silicone Collapsible Ice Face Bowl (Black)","1 pc","Kitchen & Dining Needs","Cpensus",,,499,799,,40.3775,37.546933667083856,0.005182228463119524,0.00565,0.0002,0.00029,0,499
"2026-04-01","532628",,"Wonderchef Taurus Hard Anodized Pressure Cooker (Aluminium)","1 unit","Kitchen & Dining Needs","Wonderchef",,,1538.567427234758,3051.589674458334,,58.52209,50.28940960562678,0.4142338725062223,0.36852,0.07974,0.11614,0,1533.0949609008248
"2026-04-01","625488",,"Housegoods Premium Rechargeable Electric Gas Lighter","1 pc","Kitchen & Dining Needs","housegoods",,,399,999,,5.66756,60.06006006006006,0.00018202285087698944,0.00013,0.00274,0.004,0,399
"2026-04-01","604096",,"New Dawn Silicone Reusable Straw","4 pcs","Kitchen & Dining Needs","New Dawn",,,598,1200,,51.76583,50.16666666666667,0.02920787951639802,0.0254,0.09853,0.14351,0,149.5
"2026-04-01","558623",,"Nestasia Ceramic Nitori Bowl Set (White, Blue)","4 pcs","Kitchen & Dining Needs","Nestasia",,,743.1749555887258,1500,,67.3681,50.41256254111172,0.23922814756576535,0.20699,0.28527,0.1669,0.5446,185.9272756759861
"2026-04-01","534416",,"The Artment Impressionist Scotch Savvy Whiskey Glass Set (Glass)","4 pcs","Kitchen & Dining Needs","The Artment",,,899.6817473917391,999,,27.38783,9.793157309962522,0.004173177227773111,0.00683,0.00493,0.00254,0.01016,936.8748129894368
"2026-04-01","569761",,"ExclusiveLane The Hut Coffee Hangouts Mug Set (Ceramic)","6 pcs","Kitchen & Dining Needs","ExclusiveLane",,,1084.7142857142858,2075,,0.04727,47.72461273666093,0.0001260252244219566,0.00013,0.00003,0.00001,0.00009,197.1755271281034
"2026-04-01","623612",,"Oliveware Stainless Steel Falcon Lunch Box Set","4 pcs","Kitchen & Dining Needs","Oliveware",,,699,999,,23.45935,30.03003003003003,0.0011376428179811838,0.00139,0.0002,0.00029,0,699
"2026-04-01","582668",,"The Better Home Stainless Steel 304 Grade Container Set (Microwave Safe)","2 pcs","Kitchen & Dining Needs","The Better Home",,,1199,3995,,0.977,69.98748435544431,0.00024263646021902688,0.00013,,,,599.5
"2026-04-01","614912",,"Femora Wood Mango Wooden Round Tray","1 pc","Kitchen & Dining Needs","Femora",,,607.1345695239435,820,,62.07279,26.147733227435644,0.055935237075215666,0.07249,0.00493,0.00718,0,604.8973967008503
"2026-04-01","662419",,"HAZEL Stainless Steel 3-in-1 Pav Bhaji Plate,22 cm","1 pc","Kitchen & Dining Needs","Hazel",,,189.77910839354158,549,,62.08157,65.40096111219603,0.09451155723220778,0.05723,0.01788,0.02604,0,190.02515716855575
"2026-04-01","576205",,"Cutting Edge Round Air Fryer Mould with Liners (Silicone)","2 pcs","Kitchen & Dining Needs","Cutting Edge",,,258.0062631822566,500,,82.13741,48.39795114883824,0.23450719835029338,0.21121,0.05853,0.08508,0.00035,129.00514697327608
"2026-04-01","188773",,"Fackelmann Slotted Bamboo Turner (Withstands Temperature Up to 230°Celsius) (Bamboo)","1 pc","Kitchen & Dining Needs","Fackelmann",,,124.85632122982217,145.9983724583334,,55.23193,14.426422120971283,0.019368052531498765,0.02883,0.00377,0.00549,0,124.53900042127087
"2026-04-01","646129",,"Wonderchef Stainless Steel Venice Dinner Set (Silver)","1 set","Kitchen & Dining Needs","Wonderchef",,,1340.9502282676392,2599,,72.71046,48.521108040466025,0.09783879792803706,0.08938,0.15024,0.02357,0.4278,1333.773065136456
"2026-04-01","578067",,"Oliveware Stainless Steel Container Set","2 pcs","Kitchen & Dining Needs","Oliveware",,,399,900,,67.69233,55.666666666666664,0.042322499289571235,0.03275,0.00346,0.00504,0,199.5
"2026-04-01","554466",,"Rabitat Kids Lunch Box - Munchbee Blue (1000ml)","1 pc","Kitchen & Dining Needs","Rabitat",,,973.5698279311725,999,,15.31111,2.7544456513815865,0.001130968646782361,0.00159,0.00061,0.00088,0,81.32631345076025
"2026-04-01","758244",,"Borosil Borosilicate Glass Marina Jug With Handle (Transparent)","1 pc","Kitchen & Dining Needs","Borosil",,,695.0101472437298,695.0101581642513,,43.31381,0.000005525964362669822,0.04905611507009736,0.08562,0.01057,0.01539,0,53.46485633642191
"2026-04-01","566096",,"The Artment Modern Art Vintage Embossed Glass Set","4 pcs","Kitchen & Dining Needs","The Artment",,,999,1249,,40.29014,20.016012810248206,0.0077985125011058596,0.01089,0.00066,0.00096,0,998.9999999999998
"2026-04-01","566549",,"Cello Tierra Porcelain Coffee/Tea Mug (Ceramic)","1 pc","Kitchen & Dining Needs","Cello",,,169.02765570133226,279,,64.88988,39.411035628533156,0.13555240830225135,0.14332,0.43304,0.22451,0.88992,56.347777664512755
"2026-04-01","620545",,"Sizzle Stainless Steel Wall Bottle","2 pcs","Kitchen & Dining Needs","Sizzle",,,540,609.1382978723404,,40.34074,11.381536866021852,0.003187471926243385,0.00487,0.05224,0.00281,0.16054,26999.999999999996
"2026-04-01","717779",,"Shree Shyam Stainless Steel Fork Set","6 pcs","Kitchen & Dining Needs","Shree Shyam",,,190.29018530612845,399,,66.57984,52.143136140455475,0.006249587867235253,0.00517,0.00211,0.00308,0,31.967978065137373
"2026-04-01","707295",,"CutTales Stainless Steel Apple Shaped Plate Set (Silver)","12 pcs","Kitchen & Dining Needs","CutTales",,,999,2999,,23.41586,66.68889629876625,0.0035892193159659472,0.00209,0.00093,0.00136,0,83.25
"2026-04-01","507320",,"Ocean Centra Whiskey Glass Set","6 pcs","Kitchen & Dining Needs","O'cean",,,649.1717734911505,898.3008502083334,,83.76934,27.696050372761338,0.06154474277167486,0.07758,0.11243,0.16374,0,108.19275297708593
"2026-04-01","648959",,"Sipologie Ceramic Tea Pot with Infuser (Red)","1 pc","Kitchen & Dining Needs","Sipologie",,,899,1399,,3.1565,35.7398141529664,0,0,0.00006,0.00009,0,899
"2026-04-01","697271",,"Judge by Prestige Stainless Steel Pan Spoon - L","1 pc","Kitchen & Dining Needs","Judge",,,211.51559268781833,240,,61.00048,12.187436477566783,0.011283721518532946,0.01725,0.04066,0.02488,0.07522,210.34358038069138
"2026-04-01","715697",,"Irida Naturals Wheat Straw Bowl Set (Sky Blue)","2 pcs","Kitchen & Dining Needs","Irida Naturals",,,694.2180000000001,1499,,52.0496,53.686162781385555,0.0020484407057359912,0.00167,0.01805,0.00886,0.03819,349.4872892416092
"2026-04-01","570357",,"Chumbak Wood Marigold Coaster Set (Multicolour)","6 pcs","Kitchen & Dining Needs","Chumbak",,,445.21441648273725,695,,69.24778,35.76274161387153,0.018141420399789828,0.0202,0.01793,0.02611,0,74.7876705139428
"2026-04-01","693000",,"Two Moustaches Serving Tray Set (Gold, Orange)","2 pcs","Kitchen & Dining Needs","Two Moustaches",,,895,1595,,15.22889,43.8871473354232,0.0005327981939972616,0.00052,0.00052,0.00018,0.00124,447.49999999999994
"2026-04-01","751870",,"Jensons Stainless Steel Dinner Plate (Silver)","2 pcs","Kitchen & Dining Needs","Jensons",,,499,1999,,59.94581,75.0375187593797,0.012523368192977053,0.00546,0.01529,0.00168,0.04512,499
"2026-04-01","424618",,"Ocean Glass","6 pcs","Kitchen & Dining Needs","O'cean",,,574.2129626611675,645.7358492083333,,19.92733,11.076585555249439,0.00573122924171562,0.00888,0.00272,0.00397,0,95.74074569304254
"2026-04-01","588115",,"The Indus Valley Wooden Ladle Set (Wood)","3 pcs","Kitchen & Dining Needs","The Indus Valley",,,519,539.2833333333333,,47.21611,3.752962517465057,0.019190527412427483,0.03223,0.02348,0.02378,0.02282,518.9999999999999
"2026-04-01","599349",,"Avias Tawa with Side Handles (Iron)","1 unit","Kitchen & Dining Needs","Avias",,,1245.2962962962963,2299.574074074074,,35.68603,45.8466543723878,0.0012335282286658842,0.00119,0.00061,0.00089,0,1248.8993095512083
"2026-04-01","383297",,"Princeware Polypropylene High Insulated Water Jug (Multicolour)","1 pc","Kitchen & Dining Needs","Princeware",,,1027,1027,,0.89345,0,0,0,,,,1027
"2026-04-01","498606",,"Solara Motivational Plastic Sipper Bottle","1 pc","Kitchen & Dining Needs","Solara",,,654.2352888627331,1499,,46.74542,57.3894378909838,0.049723028028589876,0.03612,0.01789,0.0207,0.01175,602.4667046451049
"2026-04-01","595642",,"Jarsome Mandala Collection Kitchen Canister Set","4 pcs","Kitchen & Dining Needs","jarsome",,,899,1199,,6.68496,25.020850708924105,0,0,0.00042,0.00035,0.00058,224.75
"2026-04-01","432592",,"Fackelmann Super Saver Kitchen Utility Set (Stainless Steel)","3 pcs","Kitchen & Dining Needs","Fackelmann",,,252.61897777777776,299,,10.2657,15.796672622057573,0.0010260285558430743,0.00137,0.00003,0.00004,0,76.56214294279167
"2026-04-01","692793",,"HomeCloud Stainless Steel Premium Cutlery Set","1 pack","Kitchen & Dining Needs","HomeCloud",,,284,999,,20.62161,71.57157157157157,0.0033516906100798886,0.00166,0.00194,0.00283,0,283.99999999999994
"2026-04-01","569332",,"ExclusiveLane Mandala-Etched Spice Box with Spoon (Brass)","1 pc","Kitchen & Dining Needs","ExclusiveLane",,,2799,5425,,1.61351,48.40552995391705,0.0006589748308206986,0.00059,,,,2798.9999999999995
"2026-04-01","554106",,"Pasabahce Rain Whiskey Glass Set","6 pcs","Kitchen & Dining Needs","Pasabahce",,,550.1818115525178,1499,,65.79787,63.31193181619465,0.03614649766725034,0.02312,0.01151,0.01677,0,91.57760235545433
"2026-04-01","617597",,"Solara Stainless Steel Wall Bottle","1 pc","Kitchen & Dining Needs","Solara",,,221.32353607428007,599,,48.27787,63.027675663965326,0.05650245835940504,0.03624,0.03536,0.0515,0,220.83137622479651
"2026-04-01","582186",,"Rabitat Tritan Kids Lunch Box - Peppa Pig","1 pc","Kitchen & Dining Needs","Rabitat",,,1099,1099,,0.50952,0,0.00027867188295110473,0.00049,,,,109.89999999999999
"2026-04-01","598071",,"Indigo Soap Dispenser (Plastic)","1 pc","Kitchen & Dining Needs","Indigo",,,199,497,,4.51985,59.95975855130785,0.0001605858794313133,0.00011,,,,199.00000000000003
"2026-04-01","609911",,"WonderStand 2-Tier Vegetable Basket","1 pc","Kitchen & Dining Needs","WonderStand",,,699,799.8466666666666,,45.81005,12.582328072326291,0.05266646379537456,0.08039,0.00355,0.00518,0,699.0000000000001
"2026-04-01","541025",,"Adidas Solid Plastic Sipper Bottle","1 pc","Kitchen & Dining Needs","Adidas",,,751.452876005048,799,,29.26585,5.962144786527358,0.008049456783055204,0.0132,0.00133,0.00194,0,75055.46115300129
"2026-04-01","496185",,"Ocean Connexion Double Rock Whiskey Glass Set","6 pcs","Kitchen & Dining Needs","O'cean",,,821,949,,0.08407,13.487881981032666,0.00005763747195842912,0.00009,,,,136.83333333333334
"2026-04-01","613893",,"Mrs The Club Premium Tissue Paper Virgin Paper Napkins","4 x 100 pulls","Kitchen & Dining Needs","mrs the club",,,199,396,,22.87356,49.74747474747475,0,0,,,,199
"2026-04-01","612355",,"Yellocut Soap Dispenser Pump with Sponge (Plastic)","1 pc","Kitchen & Dining Needs","Yellocut",,,195,299,,25.45616,34.78260869565218,0.016218525901383746,0.01846,0.00002,0.00003,0,195.00000000000003
"2026-04-01","596373",,"FunBlast Stainless Steel Cutlery Set","8 pcs","Kitchen & Dining Needs","FunBlast",,,629,1299,,7.50011,51.57813702848345,0.0008141942247396193,0.00069,0.00046,0.00067,0,78.62500000000001
"2026-04-01","611087",,"Prestige 3 Burners Magic Plus LPG Gas Stove","1 unit","Kitchen & Dining Needs","Prestige",,,4358.090911296689,5815.766573500001,,70.76166,25.100888719495227,0.20379720249668878,0.26607,0.07141,0.04153,0.13689,4347.967435574054
"2026-04-01","572973",,"P-Tal Sauce Pan (Brass)","1 pc","Kitchen & Dining Needs","P-Tal",,,1599,2190,,1.89401,26.986301369863014,0,0,,,,1599
"2026-04-01","698340",,"Milton Plastic Flora Jr Insulated Casserole Set (Green)","3 pcs","Kitchen & Dining Needs","Milton",,,748.7614090394388,1105,,77.81812,32.21174906349165,0.09361436313833901,0.11075,0.04396,0.05223,0.02584,249.7132677758133
"2026-04-01","531327",,"Ocean Glass Stack Bowl Set (Transparent)","6 pcs","Kitchen & Dining Needs","O'cean",,,440.0082996632997,796.7802256565657,,13.90197,44.772787444654405,0.0037974997374534305,0.00365,0.00121,0.00176,0,73.33875502528164
"2026-04-01","301937",,"KVG Gas Lighter (Stainless Steel)","1 pc","Kitchen & Dining Needs","Kvg",,,89,89,,0.19493,0,0.000008108124989015044,0.00001,,,,89
"2026-04-01","480970",,"Fackelmann Stainless Steel Sink Strainer (Stainless Steel)","1 pc","Kitchen & Dining Needs","Fackelmann",,,41.050611072197704,45.808028125,,81.60772,10.928129024195695,0.026627143138209037,0.04141,0.03198,0.04658,0,40.78994434736451
"2026-04-01","569235",,"Amaya Decors Iron Step Serving Platter Set (White, Golden)","3 pcs","Kitchen & Dining Needs","Amaya Decors",,,1077.0355061728394,1999,,1.30352,45.42695784886609,0.006255873212844714,0.00696,0.00003,0.00005,0,424.6491714202776
"2026-04-01","538790",,"Aravi Fabric Cotton Kitchen Cloth","6 pcs","Kitchen & Dining Needs","Aravi",,,106.25428669120056,199,,86.86643,46.31074365204801,1.3893566251281653,1.29344,1.13031,1.6462,0,17.806936688737412
"2026-04-01","720449",,"CutTales Stainless Steel Dinner Plate Set (Silver)","2 pcs","Kitchen & Dining Needs","CutTales",,,468.1252777777778,1499,,85.14848,68.9981462569921,0.010320261632282071,0.00554,0.00425,0.00584,0.00075,230.23174182575357
"2026-04-01","627677",,"Parage Kitchen Ladle Skimmer & Turner Set (Stainless Steel)","3 pcs","Kitchen & Dining Needs","Parage",,,384.6666666666667,549,,46.89137,29.811304317630867,0.05533367943044076,0.06781,0.06527,0.08847,0.01445,128.4820717234662
"2026-04-01","614344",,"DeliBohemi Glass Container","1 pc","Kitchen & Dining Needs","DeliBohemi",,,222.03945166779457,899,,20.66042,75.29741814418514,0.022329779135028326,0.00957,0.00249,0.00363,0,222.9682484360867
"2026-04-01","616435",,"The Better Home Anti Fall Tumbler with Lid","1 pc","Kitchen & Dining Needs","The Better Home",,,799,1895,,0.00006,57.83641160949868,0,0,,,,799
"2026-04-01","617805",,"Chumbak MDF Country Wooden Coasters (Multicolour)","6 pcs","Kitchen & Dining Needs","Chumbak",,,554.5116195301931,695,,49.72347,20.24332403970383,0.005365909926620671,0.00732,0.00403,0.00587,0,91.42176589588223
"2026-04-01","620558",,"The Better Home Glass Container Set","4 pcs","Kitchen & Dining Needs","The Better Home",,,1139,3699,,29.21721,69.20789402541227,0.020324884708840082,0.01092,0.00262,0.00004,0.00826,284.75
"2026-04-01","618250",,"Kuber Industries Plastic Container Set for Fridge","8 pcs","Kitchen & Dining Needs","Kuber Industries",,,548,2499,,0.00053,78.07122849139655,0,0,,,,68.5
"2026-04-01","732357",,"ExclusiveLane Wood Serving Bowl (Multicolor With Natural Wood Color)","1 pc","Kitchen & Dining Needs","ExclusiveLane",,,1099,1970,,11.18404,44.213197969543145,0.00011964804746430433,0.00012,0.0001,0.00001,0.0003,109899.99999999999
"2026-04-01","704163",,"Chumbak Palace Memoirs Serving Gift Set","1 set","Kitchen & Dining Needs","Chumbak",,,1123,1999,,12.09427,43.82191095547774,0.00460323254160058,0.00451,0.00039,0.00057,0,160.42857142857147
"2026-04-01","548903",,"Nayasa Nicola Plastic Container Set","6 pcs","Kitchen & Dining Needs","Nayasa",,,830.036006276083,1259,,75.94545,30.76972185883436,0.09517782008306072,0.11754,0.61052,0.29422,1.30354,147.4032184356658
"2026-04-01","557301",,"Archies Best Sister Ever Mug (Ceramic)","1 pc","Kitchen & Dining Needs","Archies",,,,,,0,,0,0,,,,
"2026-04-01","591265",,"Kuber Industries Stainless Steel Oil Dispenser","1 pc","Kitchen & Dining Needs","Kuber Industries",,,499,639,,0.06647,21.90923317683881,0.00003880967691371246,0.00005,,,,499
"2026-04-01","619279",,"The Better Home Glass Lunch Box Pack of 2","2 pcs","Kitchen & Dining Needs","The Better Home",,,,,,0,,0,0,,,,
"2026-04-01","545098",,"Cello Venice Plastic Bottle Set","1 ltr","Kitchen & Dining Needs","Cello",,,512.096800676457,810,,28.98069,36.78322092668721,0.26615943776902573,0.29365,0.25438,0.18303,0.41072,85.34285342124859
"2026-04-01","701828",,"Chumbak Palace Memoirs Snack Plates Gift Set","Snack Plate","Kitchen & Dining Needs","Chumbak",,,1218,1999,,27.48289,39.06953476738369,0.00796263224759699,0.00847,0.00036,0.00052,0,1218
"2026-04-01","402106",,"KVG Cylinder Trolley (Plastic)","1 pc","Kitchen & Dining Needs","Kvg",,,159,159,,2.33803,0,0,0,,,,159
"2026-04-01","764218",,"Picfest Stainless Steel Chopstick Set","5 pair","Kitchen & Dining Needs","Picfest",,,179.16489385333253,179.16489369369367,,48.87641,3.839069507855001e-14,0.013018778091701934,0.02272,0.01084,0.01578,0,179.74466187258128
"2026-04-01","570736",,"Chumbak Marigold Kulhad Set with Coasters (Ceramic)","1 set","Kitchen & Dining Needs","Chumbak",,,1409,2630,,0.31102,46.42585551330799,0,0,0.00006,0.00008,0,1409
"2026-04-01","605616",,"Sakoraware Skewer with Silicone Oil Brush (Bamboo)","2 pcs","Kitchen & Dining Needs","Sakoraware",,,229,599,,29.54385,61.769616026711184,0.005858682589365978,0.00391,0.00084,0.00122,0,114.5
"2026-04-01","765287",,"HomeEssentials PET Fruit Stand Bowl With Drain Tray (White)","1 pc","Kitchen & Dining Needs","HomeEssentials",,,549,1599,,14.70588,65.66604127579737,0.0013596141273714665,0.00081,0,0.00001,0,549
"2026-04-01","543206",,"Amaya Decors Iron Bird Tray (Blue)","1 pc","Kitchen & Dining Needs","Amaya Decors",,,,,,0,,0,0,,,,
"2026-04-01","616879",,"Impetus Gym Shaker with Steel Mixing Ball","1 pc","Kitchen & Dining Needs","Impetus",,,299,599,,52.39841,50.08347245409015,0.0758185217756793,0.06606,0.07798,0.10185,0.02568,299.00000000000006
"2026-04-01","544033",,"Pigeon Steamer Pot (Stainless Steel)","1 pc","Kitchen & Dining Needs","Pigeon",,,,,,0,,0,0,,,,
"2026-04-01","721145",,"Parage Stainless Steel Dinner Spoon Set","6 pcs","Kitchen & Dining Needs","Parage",,,289,499,,56.4023,42.08416833667334,0.0720977474940489,0.07288,0.09683,0.06447,0.16776,48.166666666666664
"2026-04-01","698133",,"The Better Home Wood Meena Art Floral Serving Platter (Green)","2 pcs","Kitchen & Dining Needs","The Better Home",,,899,6999,,0.42142,87.15530790112874,0.0008501687909830157,0.00019,,,,449.5
"2026-04-01","630583",,"ExclusiveLane Warli Design Ceramic Coffee Mug Set (300 ml, White)","2 pcs","Kitchen & Dining Needs","ExclusiveLane",,,604.4931650793651,1160,,63.40578,47.890507347283005,0.007296780451350214,0.00662,0.04966,0.01319,0.12957,301.653936070665
"2026-04-01","548888",,"Nayasa Turbo Inner Steel Wall Bottle","1 pc","Kitchen & Dining Needs","Nayasa",,,492.0309410819317,579,,45.4284,13.69710484709731,0.06165965366988995,0.09288,0.01669,0.02431,0,500.4421599113072
"2026-04-01","476119",,"Vinayak Whisk (Stainless Steel)","1 pc","Kitchen & Dining Needs","Vinayak",,,119,179,,4.06995,33.519553072625705,0.00258588257778876,0.003,0.00251,0.00366,0,119.00000000000001
"2026-04-01","498593",,"Solara Insulated Sports Sipper Thermal Bottle","1 pc","Kitchen & Dining Needs","Solara",,,1249.7924596838973,2999,,56.88109,57.60481996664355,0.158907926833699,0.11496,0.10326,0.07043,0.1752,1283.9838950606
"2026-04-01","721155",,"Unify Stainless Steel Thali Set (Gold)","5 pcs","Kitchen & Dining Needs","Unify",,,999,2649,,0.51655,62.287655719139295,0.00016088706438877043,0.00011,,,,199.80000000000007
"2026-04-01","603360",,"The Better Home Glass Container Set","2 pcs","Kitchen & Dining Needs","The Better Home",,,899,2599,,39.72295,65.40977298961138,0.017187641250365725,0.01038,0.00099,0.00145,0,449.5
"2026-04-01","582249",,"Homestrap Bamboo Chopping Board (Wood)","1 pc","Kitchen & Dining Needs","Homestrap",,,506.5086851302665,699,,77.97762,27.35468598714496,0.10613689719657,0.13571,0.04152,0.05661,0.00845,507.95357313477905
"2026-04-01","614866",,"DeliBohemi Beer Mug Set (Glass)","2 pcs","Kitchen & Dining Needs","DeliBohemi",,,249.35462492761783,599,,45.86887,58.349298486624626,0.04897006508833192,0.0356,0.0243,0.03539,0,124.79734348912807
"2026-04-01","596111",,"Jarsome Premium Mandala Design Kitchen Container Set","4 pcs","Kitchen & Dining Needs","jarsome",,,1349,1699,,37.8506,20.600353148911122,0.0013793389179065406,0.00191,0.0002,0.00006,0.00053,1349.0000000000002
"2026-04-01","493510",,"Solara Insulated Sports Thermal Bottle for Travel","1 pc","Kitchen & Dining Needs","Solara",,,1191.5248953884732,1999,,50.95217,40.20372060711926,0.0810310347233505,0.08486,0.03715,0.0538,0.00066,1201.74292451006
"2026-04-01","571579",,"House of Quirk Coffemate Insulated Tumbler (Red)","1 pc","Kitchen & Dining Needs","House of Quirk",,,1149,1499,,16.68366,23.348899266177458,0.003926176956464492,0.00525,0.00124,0.0018,0,1149
"2026-04-01","571818",,"House of Quirk Tumbler with Handle and Straw Lid (Turquoise)","1 pc","Kitchen & Dining Needs","House of Quirk",,,1599,1999,,26.15528,20.010005002501252,0.0019425480467642872,0.00271,0.00203,0.00295,0,1599
"2026-04-01","496556",,"Fackelmann Plastic Vegetable Chopper (650 ml)","1 pc","Kitchen & Dining Needs","Fackelmann",,,318.5528973058474,396.92382725,,73.14299,19.92973739591571,0.1470179821277289,0.20547,0.11714,0.11824,0.11474,318.811172222336
"2026-04-01","565016",,"Nayasa Plastic Florentine Dry Fruit Serving Set (Pink, Peach)","5 pcs","Kitchen & Dining Needs","Nayasa",,,919.0720188920169,1145,,51.17829,20.838056408307303,0.04091927602190772,0.05591,0.03554,0.01015,0.09116,901.9702818181603
"2026-04-01","769440",,"GKD Wood Evil Eye Theme Coaster Set with Stand (Blue & White)","7 pcs","Kitchen & Dining Needs","GKD",,,299,999,,14.47768,70.07007007007007,0.0003640457017539789,0.00019,0,0,0,299
"2026-04-01","751436",,"Gluman Plastic Tumbler and Jug Set (Light Green)","1 set","Kitchen & Dining Needs","Gluman",,,249,299,,17.19189,16.722408026755854,0.00035516192984185737,0.00052,0.00124,0.00181,0,249.00000000000006
"2026-04-01","407970",,"Borosil Stainless Steel Lunch Box","3 pcs","Kitchen & Dining Needs","Borosil",,,1136.926394704047,1324.595765583333,,40.2697,14.250597087625174,0.03562548522509103,0.05331,0.04414,0.02189,0.09288,1135.8251495640754
"2026-04-01","595204",,"Speedex Steel Wall Bottle","1 pc","Kitchen & Dining Needs","Speedex",,,1349,1349,,0.92938,0,0,0,,,,1349
"2026-04-01","631404",,"Yellocut ABS Plastic Air Tight Container Set","3 pcs","Kitchen & Dining Needs","Yellocut",,,449,999,,37.98369,55.05505505505506,0.002451761071706423,0.00192,0.0015,0.00219,0,149.66666666666666
"2026-04-01","572598",,"Metro Living Stainless Steel Snack Bowl Set (Golden)","4 pcs","Kitchen & Dining Needs","metro living",,,1079,1565.6555557142858,,40.93139,31.0781904646141,0.0019503837751946823,0.00233,0.00213,0.00311,0,1079
"2026-04-01","594397",,"Artment 100% Cotton Waffle Weave Kitchen Dish Cloth (Navy Blue)","6 pcs","Kitchen & Dining Needs","The Artment",,,542.1452155301967,699,,28.79937,22.425689522724447,0.0022935653581988382,0.00316,0.00205,0.00299,0,92.83237444903389
"2026-04-01","532540",,"Boldfit Steel Wall Bottle (Black)","1 ltr","Kitchen & Dining Needs","Boldfit",,,289.3621690195539,799,,85.92372,63.67141684349205,2.2110033163402028,1.39257,1.03416,0.54691,2.10173,29.02653794204985
"2026-04-01","532797",,"Ocean Vino Wine Glass","6 pcs","Kitchen & Dining Needs","O'cean",,,899,935,,2.92449,3.8502673796791442,0.0005394789245780981,0.00091,,,,149.83333333333334
"2026-04-01","569227",,"Amaya Decors Aluminium Cards Serving Platter Set (Golden)","4 pcs","Kitchen & Dining Needs","Amaya Decors",,,,,,0,,0,0,,,,
"2026-04-01","632922",,"WonderStand 3-Tier Storage Organiser Rack","1 pc","Kitchen & Dining Needs","WonderStand",,,899,900.1924998095238,,68.8095,0.11099779779103058,0.08911234514089904,0.15528,0.03751,0.05463,0,899
"2026-04-01","657958",,"Shri & Sam Stainless Steel Shagun Bidding Bowl Set (Silver)","6 pcs","Kitchen & Dining Needs","Shri & Sam",,,549,599,,29.29606,8.347245409015025,0.0005093243522313115,0.00081,0.00027,0.00039,0,91.49999999999997
"2026-04-01","753021",,"HomeEssentials Stainless Steel Butter Knife","1 pc","Kitchen & Dining Needs","HomeEssentials",,,353.2074166666667,1399,,25.75498,74.66648451027768,0.0051737193048024,0.0023,0.0712,0.00146,0.22401,356.3828426395867
"2026-04-01","718457",,"Habere India Multipurpose Serving Tray (Blue)","1 pc","Kitchen & Dining Needs","Habere India",,,1799,3499,,49.76595,48.58531008859674,0.0023801318912978495,0.00214,0.00774,0.00028,0.0241,1798.9999999999998
"2026-04-01","569166",,"ExclusiveLane Sheesham Spice Box with Spoon Gift Box (Wood)","1 pc","Kitchen & Dining Needs","ExclusiveLane",,,1025,1749,,50.64008,41.395082904516855,0.013698897272648483,0.01401,0.01387,0.00591,0.03131,1025
"2026-04-01","676711",,"HomeCloud Stainless Steel, Plastic Cutlery Set","1 set","Kitchen & Dining Needs","HomeCloud",,,284,999,,21.39282,71.57157157157157,0.031361800186654035,0.01556,0.00842,0.01227,0,283.9999999999999
"2026-04-01","675692",,"Irida Naturals Wheat Straw Dinner Set (Beige)","1 set","Kitchen & Dining Needs","Irida Naturals",,,899,1596.2598295714286,,46.79737,43.6840417163067,0.004536401366929888,0.00437,0.04025,0.02262,0.07889,149.83333333333331
"2026-04-01","566391",,"Judge by Prestige Stainless Steel Sparkle Dessert Spoon Set","6 pcs","Kitchen & Dining Needs","Judge",,,283.46621825569395,300,,84.38486,5.300057565380493,0.02154470255366218,0.03584,0.04369,0.0441,0.04278,47.38985385060873
"2026-04-01","528897",,"Fackelmann Quartz Non Stick Fry Pan -26 cm (Aluminium)","1 pc","Kitchen & Dining Needs","Fackelmann",,,861.2570112302687,1662.0283012083335,,32.54558,47.93777968315849,0.03141036749092812,0.02876,0.06723,0.08581,0.02651,874.9215559010469
"2026-04-01","697968",,"Unify Stainless Steel 3 Layer Insulated Single Casserole (Silver)","1 pc","Kitchen & Dining Needs","Unify",,,1449,2629,,24.50863,44.88398630658045,0.0062671396802732714,0.00603,0.00036,0.00053,0,1449.0000000000005
"2026-04-01","578556",,"Embassy Stainless Steel 26.6 cm Plate Set (Silver)","6 pcs","Kitchen & Dining Needs","Embassy",,,1349,1738.9050279329608,,6.13468,22.422445255474454,0.0023755833242815397,0.00321,0.00005,0.00008,0,224.83333333333331
"2026-04-01","595666",,"Jarsome Premium Mandala Design Kitchen Canister Set","2 pcs","Kitchen & Dining Needs","jarsome",,,699,999,,28.54197,30.030030030030023,0.003945605299373562,0.00482,0.00283,0.00167,0.00535,349.5
"2026-04-01","535374",,"Bulfyss Multipurpose Shelf Liner Mat","1 pc","Kitchen & Dining Needs","Bulfyss",,,359.0707916666667,999,,50.65513,64.05860327141889,0.23370098324936311,0.14658,0.02696,0.03926,0,359.05659894590576
"2026-04-01","613161",,"Voiish Ice Tray Set (Plastic)","2 pcs","Kitchen & Dining Needs","Voiish",,,189.99692118226602,400,,31.16869,52.50105963995792,0.033867154142487275,0.02808,0.11332,0.07939,0.18768,189.9952111633932
"2026-04-01","627654",,"Peepul Tree Brass Coaster Set (Golden)","4 pcs","Kitchen & Dining Needs","Peepul Tree",,,1043.9198008801582,1999,,65.15405,47.855926272602474,0.022812249195090964,0.02085,0.00654,0.00356,0.01307,260.4221332933826
"2026-04-01","578942",,"The Better Home Copper Bottle (Foliage)","1 pc","Kitchen & Dining Needs","The Better Home",,,999,2999,,15.16236,66.68889629876625,0.005297364384578705,0.00308,0.00395,0.0005,0.01152,998.9999999999999
"2026-04-01","615823",,"Femora Stainless Steel Stainless Steel Jug (Grey)","1 pc","Kitchen & Dining Needs","Femora",,,608.0016415079513,920,,57.03449,33.977002935041774,0.050374431328311285,0.05824,0.02939,0.0428,0,607.8499757233405
"2026-04-01","606499",,"Mecturing Smart Mixer Grinder (800 W, Black)","1 set","Kitchen & Dining Needs","mecturing",,,5999,9999,,2.16185,40.004000400040006,0,0,,,,5999
"2026-04-01","545406",,"Milton Prime Plastic Bottle Set","1 ltr","Kitchen & Dining Needs","Milton",,,475.3279558593539,799,,13.85569,41.53136455912024,0.05050081239920748,0.05151,0.00892,0.00767,0.01165,93.14848199398173
"2026-04-01","596521",,"Umai Ceramic Jar","1 pc","Kitchen & Dining Needs","Umai",,,1299,2595,,6.12164,49.94219653179191,0.0011032516136738448,0.00096,,,,1299
"2026-04-01","534066",,"Larah by Borosil Opalware Plain Bowl Set (White)","2 pcs","Kitchen & Dining Needs","Larah by Borosil",,,389.17148251033,510,,65.78958,23.685449433456395,0.03703276328406928,0.04934,0.05298,0.06625,0.02392,389.22648408540573
"2026-04-01","767156",,"Two Moustaches Iron Round Kamdhenu Cow Pichwai Tray Set (Golden)","2 x 1 set","Kitchen & Dining Needs","Two Moustaches",,,795,1595,,18.86949,50.156739811912225,0,0,,,,795
"2026-04-01","612289",,"Yellocut Plastic Airtight Fridge Container Set","3 pcs","Kitchen & Dining Needs","Yellocut",,,299,499,,43.54955,40.08016032064128,0.007088101182995298,0.00741,0.00542,0.00789,0,99.66666666666664
"2026-04-01","665857",,"Cello Opalware Dazzle Lush Fiesta Dinner Set (White)","35 pcs","Kitchen & Dining Needs","Cello",,,2228.9056153180736,4295.7375,,66.11845,48.50316212109428,0.2837862500521673,0.25305,0.0856,0.06195,0.13741,2208.517873121551
"2026-04-01","553460",,"HAZEL Silicone Brush for Baking (Silicone)","1 pc","Kitchen & Dining Needs","Hazel",,,103.28551896443047,299,,56.53912,65.42514185416724,0.26547835053261704,0.15989,0.14792,0.21544,0,103.37882585603997
"2026-04-01","662844",,"HAZEL Stainless Steel Parat / Plate for Dough (Silver)","1 unit","Kitchen & Dining Needs","Hazel",,,426.6637902706451,1419,,67.99152,69.7337173323625,0.18453900704176873,0.09968,0.01092,0.01591,0,430.8091001995901
"2026-04-01","405905",,"Larah by Borosil Mug Set (Opalware)","1 set","Kitchen & Dining Needs","Larah by Borosil",,,315,315,,1.38458,0,0,0,,,,315
"2026-04-01","577419",,"Glasafe Glass Bottle with Protective Silicone Sleeve","1 unit","Kitchen & Dining Needs","Glasafe",,,699,1449,,45.65456,51.75983436853001,0.04855859450800454,0.04089,0.04877,0.07102,0,699
"2026-04-01","611176",,"The Better Home Stainless Steel Fridge Water Bottle (Purple, 1 ltr)","5 pcs","Kitchen & Dining Needs","The Better Home",,,1999,3799,,0.90008,47.38088970781784,0.0010382955112337579,0.00095,,,,1999
"2026-04-01","762270",,"HomeEssentials Steel Fork Set","3 pcs","Kitchen & Dining Needs","HomeEssentials",,,263.6363333333333,1299,,10.39643,79.70936651675378,0.0016962379682075404,0.00059,0.02771,0.00001,0.08841,259.0149182174077
"2026-04-01","615133",,"Bathla Anti Slip Shelf Liner (White, Plastic)","1 pc","Kitchen & Dining Needs","Bathla",,,248.00002032520328,299,,29.51808,17.056841183249006,0.016710640803877144,0.02419,0.00237,0.00346,0,248.00006186884605
"2026-04-01","634260",,"Gluman Activo Disney Mandolorian Gym Shaker","1 pc","Kitchen & Dining Needs","Gluman",,,569,599,,0.00426,5.008347245409015,0,0,,,,569
"2026-04-01","591224",,"The Better Home Leaf Designed Thermal Bottle","1 pc","Kitchen & Dining Needs","The Better Home",,,999,2835,,9.11567,64.76190476190476,0,0,,,,999
"2026-04-01","562403",,"Fackelmann Gas Lighter (Stainless Steel)","1 pc","Kitchen & Dining Needs","Fackelmann",,,167.12888067712635,299,,70.11342,44.08396056174463,0.6059807459363017,0.59054,0.50364,0.73351,0,167.1889579203836
"2026-04-01","563840",,"Urban Space Cotton Dining Table Cover 6 Seater (Ikat Orange)","1 pc","Kitchen & Dining Needs","Urban Space",,,1199.7044140509427,2299,,60.79332,47.812399653590276,0.1623220179381044,0.14787,0.12862,0.16948,0.0391,1199.8761423326753
"2026-04-01","702059",,"Chumbak Palace Memoirs Bowls Gift Set (220 ml)","3 pcs","Kitchen & Dining Needs","Chumbak",,,937,1799,,13.46632,47.91550861589772,0.001311148129108477,0.00119,0.0001,0.00014,0,312.33333333333337
"2026-04-01","595260",,"FunBlast Stainless Steel Straw Set","5 pcs","Kitchen & Dining Needs","FunBlast",,,249,499,,58.33191,50.10020040080161,0.014668352616264835,0.01278,0.222,0.32333,0,49.79999999999999
"2026-04-01","532025",,"Prestige Nak+ Savchh Alu Handi Pressure Cooker (Aluminium)","1 unit","Kitchen & Dining Needs","Prestige",,,1523.461411340354,1809.1770497083332,,36.64958,15.488328457528592,0.058784088739825116,0.08737,0.03743,0.03487,0.04304,1534.3287218611918
"2026-04-01","639075",,"Boldfit Gym Shaker Water Bottle","700 ml","Kitchen & Dining Needs","Boldfit",,,603.9117519530256,999,,38.65774,39.6016909918147,0.3302049893914136,0.34897,0.19017,0.06076,0.4737,603.092873120281
"2026-04-01","572597",,"Metro Living Stainless Steel Hammered Dessert Bowl Set (Golden)","12 pcs","Kitchen & Dining Needs","metro living",,,1489,2240.0185185555556,,7.81096,33.52733525791739,0.0009997491206258685,0.00113,,,,1489.0000000000002
"2026-04-01","595329",,"FunBlast Mermaid Kids Bottle with Sipper (Tritan)","1 pc","Kitchen & Dining Needs","FunBlast",,,524.0095652173912,999,,14.81607,47.54538667629548,0.008078005582244053,0.0074,0.00232,0.0016,0.0039,524.1037987553946
"2026-04-01","620711",,"House of Quirk Cutlery Organiser (Plastic)","1 pc","Kitchen & Dining Needs","House of Quirk",,,899,1299,,5.14846,30.792917628945343,0.000631158313751643,0.00076,0,0,0,899
"2026-04-01","624364",,"Shalimar Pressfit Small Zip Lock Bag (Plastic)","15 pcs","Kitchen & Dining Needs","Shalimar",,,94.00309145880574,99,,70.46173,5.040354435246827,0.010185544133461776,0.01688,0.04836,0.07043,0,6.2673825974454775
"2026-04-01","630837",,"ExclusiveLane Wood Storage Air Tight Jar","1 pc","Kitchen & Dining Needs","ExclusiveLane",,,725,1230,,20.64868,41.05691056910569,0.00022411221879749447,0.00023,0.00022,0.00029,0.00007,725
"2026-04-01","188775",,"Fackelmann Bamboo Slotted Spoon (30 x 6 cm)","1 pc","Kitchen & Dining Needs","Fackelmann",,,125.79577820717934,144.962424125,,52.15692,13.321718632640492,0.0033283508712351043,0.00501,0.0058,0.00845,0,125.48236861134308
"2026-04-01","576210",,"Cutting EDGE Packet Sealer Clip Set (Plastic)","18 pcs","Kitchen & Dining Needs","Cutting Edge",,,129.0202886301118,240,,55.37765,46.246345155885706,0.13059593700517425,0.12253,0.07461,0.10791,0.00167,7.1671561453978
"2026-04-01","627689",,"Parage Heavy Bottom Cooking Kadai 1.2 L (Stainless Steel)","1 unit","Kitchen & Dining Needs","Parage",,,599.0006845238095,1999,,44.40815,70.03496781336783,0.11532825784504443,0.06032,0.02736,0.01071,0.06386,599.0012969967075
"2026-04-01","548890",,"Nayasa Plastic Electra Water Jug (Transparent)","1 pc","Kitchen & Dining Needs","Nayasa",,,263.44003644204196,295,,68.45074,10.877640496659959,0.0709429365868775,0.10976,0.05328,0.0776,0,262.77114953123447
"2026-04-01","568461",,"Solara Insulated Sports Thermal Bottle","1 pc","Kitchen & Dining Needs","Solara",,,1372.0824538021443,2999,,59.18665,54.03456423120263,0.18419310094656322,0.1471,0.06868,0.08234,0.03874,1380.7168840758322
"2026-04-01","558692",,"Lifelong Insulated Coffee Mug with Temperature Display (500 ml)","1 unit","Kitchen & Dining Needs","Lifelong",,,611.5463333333332,2400,,6.66529,74.51890277777778,0.0045186853871364745,0.002,0.00003,0.00004,0,627.1625574770292
"2026-04-01","547249",,"Cello Plastic Checkers Container Set","18 pcs","Kitchen & Dining Needs","Cello",,,579.0344782040974,1257.9170730416665,,47.96557,53.963288637732234,0.39315897585021,0.31588,0.2436,0.34157,0.02896,579.1012595237131
"2026-04-01","603361",,"The Better Home Glass Container Set","3 pcs","Kitchen & Dining Needs","The Better Home",,,1449,5199,,56.63646,72.12925562608193,0.05144226227911178,0.02502,0.00108,0.00158,0,483
"2026-04-01","569228",,"Amaya Decors Iron Elephant Design Tray Set (Golden)","2 pcs","Kitchen & Dining Needs","Amaya Decors",,,998.8356957879787,1499,,56.90326,33.36604803982797,0.01127533334437296,0.0131,0.00305,0.00444,0,998.7012386898812
"2026-04-01","605499",,"Cutting EDGE Cooking Spatula Set (Color May Vary)","2 pcs","Kitchen & Dining Needs","Cutting Edge",,,235,500,,54.14495,52.999999999999986,0.03401340922985936,0.0279,0.03128,0.03653,0.01978,235.00000000000006
"2026-04-01","540813",,"Vinayak Stainless Steel Measuring Spoon & Cups Set (Silver)","8 pcs","Kitchen & Dining Needs","Vinayak",,,304.29147465437785,599,,0.71668,49.20008770377665,0.00023647209876670426,0.00021,0.00042,0.00061,0,38.00667879842922
"2026-04-01","620883",,"Cello H2O Plastic Bottle Set","1 ltr","Kitchen & Dining Needs","Cello",,,399.04073846153847,591,,10.48702,32.48296844126394,0.10124559080892713,0.11931,0.01629,0.01327,0.0229,133.00899124204375
"2026-04-01","740747",,"Yellocut Plastic Jug Set (‎Transparent)","1 set","Kitchen & Dining Needs","Yellocut",,,399,499,,24.98345,20.04008016032064,0.00016668719793428314,0.00023,0.00053,0.00077,0,399
"2026-04-01","548894",,"Nayasa Plastic Boxy Serving Tray (Pink)","1 pc","Kitchen & Dining Needs","Nayasa",,,211.93248432745594,275,,63.92961,23.997642379184935,0.06922871242877858,0.09097,0.06521,0.0942,0.00172,208.74082404805512
"2026-04-01","735152",,"ReeQ Plastic Cake Stand (White)","1 pc","Kitchen & Dining Needs","ReeQ",,,499,1499,,62.61644,66.711140760507,0.013463260219653123,0.00782,0.00227,0.0033,0,498.99999999999994
"2026-04-01","580461",,"The Better Home Glass Jar Set","6 pcs","Kitchen & Dining Needs","The Better Home",,,2199,6799,,25.30794,67.65700838358583,0.025048780180066517,0.01414,0.00967,0.00087,0.02894,366.50000000000006
"2026-04-01","626094",,"Nestroots Wood Canister Set For Tea, Coffee & Sugar","3 pcs","Kitchen & Dining Needs","Nestroots",,,1199,3390,,2.55636,64.63126843657817,0.00020589171320420222,0.00013,0.00003,0.00002,0.00005,1199
"2026-04-01","614987",,"Femora Jackson Tea Cup Set (Ceramic)","6 pcs","Kitchen & Dining Needs","Femora",,,500.3280916666648,750,,69.80876,33.31625966756461,0.0780233294027765,0.09119,0.16613,0.23234,0.02107,83.34484691172467
"2026-04-01","601047",,"Stacpro Acrylic Kitchen Container Set for Storage","4 pcs","Kitchen & Dining Needs","stacpro",,,799,1400,,8.82244,42.92857142857142,0.0022733668345183383,0.00226,0.00014,0.0002,0,199.75
"2026-04-01","710808",,"Irida Naturals Fluted Rice Husk Bowl (Multicolour)","4 pcs","Kitchen & Dining Needs","Irida Naturals",,,499,899,,62.96968,44.493882091212456,0.041391489759371895,0.0401,0.16416,0.03281,0.45195,124.75
"2026-04-01","595133",,"ExclusiveLane Ceramic Pickle & Chutney Jar Set","2 pcs","Kitchen & Dining Needs","ExclusiveLane",,,949,1499,,24.90279,36.69112741827885,0.004329948644358468,0.00478,0.00112,0.0015,0.00028,474.49999999999994
"2026-04-01","602954",,"New Dawn Carry Bag (Polyester)","2 pcs","Kitchen & Dining Needs","New Dawn",,,169,1000,,0.68642,83.1,0,0,,,,84.5
"2026-04-01","597724",,"Travel Likes Me Food Storage Bag (ABS Plastic)","3 pcs","Kitchen & Dining Needs","Travel Likes Me",,,1299,1999,,1.37832,35.01750875437719,0,0,0.00003,0.00005,0,433
"2026-04-01","565081",,"Nayasa Plastic Fancy Dryfruit Serving Set (Brown)","5 pcs","Kitchen & Dining Needs","Nayasa",,,933.9329386133395,1245,,63.07633,25.074929598585992,0.01429505545279586,0.01871,0.00199,0.00031,0.00566,941.5040868770453
"2026-04-01","566764",,"Schott Zwiesel Convention Shot Glass Set (Tritan)","6 pcs","Kitchen & Dining Needs","schott zwiesel",,,2137.2,3200,,79.15058,33.2125,0.0026237531698441933,0.00286,0.0017,0.00248,0,332.9771710991989
"2026-04-01","129877",,"Prestige Omega Deluxe Alu Granite NonStick Tawa (Aluminium)","1 unit","Kitchen & Dining Needs","Prestige",,,957.7061033782666,1191.4243203750002,,54.63081,19.900054686421885,0.3818772412778121,0.53397,0.67241,0.9793,0,956.8794028280967
"2026-04-01","498591",,"Solara Insulated Sports Thermal Bottle for Gym","1 pc","Kitchen & Dining Needs","Solara",,,967.8922677357008,1999,,49.91626,49.9476428101461,0.10064652919121346,0.0859,0.14295,0.0806,0.27956,102494.55766219596
"2026-04-01","547405",,"Ek Do Dhai Mother's Day Printed Transparent Glass Bottle","1 pc","Kitchen & Dining Needs","EK DO DHAI",,,650,650,,6.21812,0,0.00015791129141527394,0.00028,0.00187,0.00273,0,650
"2026-04-01","624966",,"Parage Stainless Steel Spoon Set (Silver)","12 pcs","Kitchen & Dining Needs","Parage",,,318.53333333333336,410,,55.60379,22.301304312232478,0.1229940727725801,0.1668,0.10862,0.13836,0.04347,318.5712302084454
"2026-04-01","570373",,"Chumbak Wood Marigold Cake Stand (Brown)","1 pc","Kitchen & Dining Needs","Chumbak",,,935,1295,,64.15334,27.7992277992278,0.04682695610168485,0.05901,0.03693,0.05379,0,934.9999999999998
"2026-04-01","615903",,"Femora Premium Royal Leaves Tea Cup Set of 6 (Ceramic)","6 pcs","Kitchen & Dining Needs","Femora",,,998.8042036735429,1495.6585826250002,,68.70603,33.38915402949883,0.15020588988846612,0.17595,0.16331,0.20688,0.06784,165.41686958480238
"2026-04-01","621803",,"House of Quirk Plastic Egg Container Drawer for Refrigerator (Transparent, 18 eggs)","1 pc","Kitchen & Dining Needs","House of Quirk",,,549,899,,12.10752,38.932146829810904,0.0011105809942538027,0.00118,0.00016,0.00024,0,549
"2026-04-01","626136",,"Parage Stainless Steel Soup Spoon Set (6 pcs, Silver)","6 pcs","Kitchen & Dining Needs","Parage",,,319.8371388888889,599,,39.60688,46.642560807474865,0.006976966666769458,0.00647,0.02058,0.00206,0.06115,52.99785179148967
"2026-04-01","556581",,"Birch & Co. Mandala Coaster Set – Re-engineered Wood (Brown)","6 pcs","Kitchen & Dining Needs","Birch & Co.",,,370.29810743253057,799,,57.55358,53.43591166282709,0.01836911549880719,0.0151,0.0127,0.01125,0.01588,62.95713471777312
"2026-04-01","770686",,"Selvel Polypropylene, Stainless Steel Casserole (Emerald Green)","1 pc","Kitchen & Dining Needs","Selvel",,,710,1014,,19.375,29.98027613412229,0,0,,,,710
"2026-04-01","646018",,"Chumbak Dessert Ceramic Bowl Gift Set (Multicolour, 160 ml, 6 pcs)","6 pcs","Kitchen & Dining Needs","Chumbak",,,935.1718999999999,1599,,16.29154,41.50952842046631,0.009860705315643443,0.01006,0.00116,0.00169,0,155.9202745915082
"2026-04-01","427640",,"Borosil Borosilicate Glass Round Container","1 pc","Kitchen & Dining Needs","Borosil",,,441.7596348763366,525.075236625,,68.07857,16.509486723630157,0.03513197062335797,0.05165,0.08451,0.01764,0.23103,43685.3888871093
"2026-04-01","626427",,"House of Quirk Insulated Lunch Bag (5 ltrs, Multicolour)","1 pc","Kitchen & Dining Needs","House of Quirk",,,449,999,,54.71655,55.05505505505505,0.08168654929795396,0.06408,0.03366,0.03915,0.02163,449.00000000000006
"2026-04-01","760437",,"Rousrie Wood Modern Coasters (Multicolour)","6 pcs","Kitchen & Dining Needs","Rousrie",,,379,999,,16.85308,62.06206206206206,0.004255527718082889,0.00282,0.00255,0.00048,0.00709,379
"2026-04-01","496407",,"Vinayak Stainless Steel Allure Mini Bowl (Silver)","1 pc","Kitchen & Dining Needs","Vinayak",,,50.834328520746645,79,,2.81322,35.47966026152909,0.0008907225346921182,0.00101,0.00006,0.00009,0,51.81767323303657
"2026-04-01","565607",,"House of Quirk Tumbler (Cotton Candy Haze) (Blue, Pink)","1 pc","Kitchen & Dining Needs","House of Quirk",,,1199,1999,,50.52477,40.020010005002526,0.05472582678318845,0.05729,0.02764,0.02705,0.02895,1199.0000000000002
"2026-04-01","582265",,"Homestrap Adhesive Hooks (Plastic)","12 pcs","Kitchen & Dining Needs","Homestrap",,,139.09319784038476,376.8584387500001,,77.98449,63.09109608268845,1.083881850601281,0.68564,0.08208,0.11955,0,11.61562359354403
"2026-04-01","579844",,"Oliveware Stainless Steel Mega Lunch Set","4 pcs","Kitchen & Dining Needs","Oliveware",,,799,900,,0.18175,11.222222222222221,0,0,0,0,0,799
"2026-04-01","549120",,"Borosil Borosilicate Glass Foodluck Lunch Box, Vertical","2 pcs","Kitchen & Dining Needs","Borosil",,,568.3075438027428,884.0899804583333,,60.26295,36.604387665214304,0.19394232100124817,0.21408,0.2774,0.40401,0,280.13657106936233
"2026-04-01","528936",,"Fackelmann Quartz Non Stick Kadai with Glass Lid (24 cm) (Aluminium)","1 pc","Kitchen & Dining Needs","Fackelmann",,,837.5385600075582,2089.9469385833336,,28.69856,60.4660686389856,0.0771420757004311,0.05224,0.02077,0.0103,0.04371,814.3155185696196
"2026-04-01","617379",,"Borosil Time Marker Glass Bottle with Blue Husk Lid","1 pc","Kitchen & Dining Needs","Borosil",,,529.2010808052913,595,,57.22212,11.098027329114908,0.05438862480570991,0.0845,0.15658,0.02156,0.4524,528.9742129125431
"2026-04-01","557991",,"Mad Over Print Best Sister Ever Printed Mug (Ceramic)","1 pc","Kitchen & Dining Needs","Mad Over Print",,,289,499,,1.10841,42.08416833667334,0,0,,,,289
"2026-04-01","630612",,"Yellocut Push Chopper (1100 ml)","1 pc","Kitchen & Dining Needs","Yellocut",,,299,499,,41.00088,40.08016032064128,0.01774832647478869,0.01856,0.00828,0.01206,0,299.00000000000006
"2026-04-01","611664",,"Digismart Auto-Off Safety Induction Cooktop (2500 W)","1 unit","Kitchen & Dining Needs","DigiSmart",,,2704.7666,5490,,0.16531,53.20994552394574,0.015164635277207633,0.01206,0.00006,0.00009,0,2490.4575738786284
"2026-04-01","534411",,"The Artment Minimalist Diamond Whiskey Glass Set","4 pcs","Kitchen & Dining Needs","The Artment",,,962.4480512473112,1296.0548147263682,,23.26797,25.690770416181984,0.009744520804087367,0.01292,0.00207,0.00209,0.00204,980.5765561207113
"2026-04-01","546311",,"Borosil Prime Glass Bottle","1 pc","Kitchen & Dining Needs","Borosil",,,260.05450129498035,309.81697537499997,,52.67867,16.341710254369605,0.2071844912373665,0.3023,0.25709,0.24844,0.27604,259.2578826681918
"2026-04-01","607720",,"WonderStand Kitchen & Bathroom 2 Tier Organizer","1 pc","Kitchen & Dining Needs","WonderStand",,,559,601.0392434170855,,44.95919,6.8759648423153985,0.03637009041943335,0.05914,0.00548,0.00798,0,559.0000000000002
"2026-04-01","543196",,"Amaya Decors Aluminium Pomegranate Serving Platter (Golden)","4 pcs","Kitchen & Dining Needs","Amaya Decors",,,732.7284248385203,1699,,1.57898,56.05114400042425,0.00933794097187135,0.00864,0.00006,0.00009,0,223.76486277754182
"2026-04-01","544914",,"Nayasa Plastic See Saw Oil Dispenser","1 pc","Kitchen & Dining Needs","Nayasa",,,173.67160188486235,255,,34.99775,33.532159204918386,0.0315709233065252,0.03581,0.01628,0.02371,0,167.93884331886144
"2026-04-01","628087",,"Mokobara PU The Take-Out Polyurethane Lunch Bag (11 ltr, Seaweed Green)","1 pc","Kitchen & Dining Needs","Mokobara",,,2868.7239505571783,4999,,22.79273,42.614043797615956,0.007283707056381972,0.00734,0.02067,0.00243,0.06065,2883.243868897661
"2026-04-01","616598",,"New Dawn Big & Small Plate Stand","2 pcs","Kitchen & Dining Needs","New Dawn",,,849,1500,,55.16651,43.4,0.025343877302194798,0.02504,0.01092,0.01591,0,849
"2026-04-01","553504",,"Hazel Muffin Mould (Multicolour)","100 pcs","Kitchen & Dining Needs","Hazel",,,122.52853607962132,299,,75.65795,59.03630164406817,0.1304972019074148,0.09334,0.14717,0.21434,0,1.2248140262362974
"2026-04-01","585984",,"FunBlast Cartoon Design Insulated Kids Bottle for Kids (Stainless Steel)","1 pc","Kitchen & Dining Needs","FunBlast",,,944,1499,,7.91424,37.024683122081385,0.0008193766831455197,0.0009,0.00006,0.00001,0.00017,944
"2026-04-01","582237",,"Homestrap Anti Slip Shelf Liner Mat (EVA)","1 pc","Kitchen & Dining Needs","Homestrap",,,528.2335156341238,885.9948703333332,,66.87846,40.656676683253636,0.24633011819761821,0.25081,0.06707,0.09768,0,528.0341228548098
"2026-04-01","553259",,"Judge by Prestige Stainless Steel Casserole With Lid (Silver)","1 pc","Kitchen & Dining Needs","Judge",,,846.4060786316929,1149.3951737916666,,64.80815,26.42944108374772,0.04180885048254242,0.05401,0.03032,0.03633,0.01715,849.7614606615879
"2026-04-01","556785",,"Birch & Co. Heritage Coaster Set – Re-engineered Wood (Multicolour)","6 pcs","Kitchen & Dining Needs","Birch & Co.",,,381.3414874516641,799,,60.41529,52.44954315631459,0.05039825427496441,0.04168,0.05471,0.07301,0.01461,63.274765658373376
"2026-04-01","565201",,"Vinod Stainless Steel Kraft Serving Bowl Set (Silver)","2 pcs","Kitchen & Dining Needs","Vinod",,,645.6666666666666,681.1111111111111,,3.59526,5.204738184190241,0.0004679632579193703,0.00082,,,,312.6612386066204
"2026-04-01","659435",,"Parage Stainless Steel Table Spoon Set","12 pcs","Kitchen & Dining Needs","Parage",,,325.0296267281106,410,,46.87436,20.642197412307034,0.021150522322117567,0.0293,0.11175,0.01314,0.32778,325.4784828314529
"2026-04-01","621881",,"ExclusiveLane Ceramic Pickel Jar Set","2 pcs","Kitchen & Dining Needs","ExclusiveLane",,,649,1125,,23.8254,42.31111111111111,0.0025977885849636406,0.00262,0.00051,0.00054,0.00045,324.5
"2026-04-01","596115",,"Jarsome Mandala Design Airtight Storage Container Set for Kitchen","2 pcs","Kitchen & Dining Needs","jarsome",,,499,699,,34.41663,28.612303290414875,0.007804611815353213,0.00972,0.00489,0.00532,0.00394,249.49999999999997
"2026-04-01","282513",,"Milton Pacific Plastic Bottle Set","6 pcs","Kitchen & Dining Needs","Milton",,,196,270,,0.00001,27.40740740740741,0,0,,,,32.666666666666664
"2026-04-01","606913",,"The Better Home Ceramic Jar Set","3 pcs","Kitchen & Dining Needs","The Better Home",,,1799,3695,,2.90891,51.31258457374831,0.0006732476816721481,0.00057,0,0,0,599.6666666666667
"2026-04-01","600958",,"Avias Stainless Steel Casserole (Silver)","1 pc","Kitchen & Dining Needs","Avias",,,1219,1510.4,,7.16861,19.292902542372882,0.0006787140155551916,0.00097,0,0,0,1219
"2026-04-01","499180",,"Zenker Square Cake Baking Dish -23.4 cm (Steel)","1 pc","Kitchen & Dining Needs","Zenker",,,457.1556798053933,477.1586387083334,,80.44743,4.543189946315208,0.09147422136102781,0.15305,0.51331,0.67598,0.15691,454.00436156796775
"2026-04-01","587309",,"Ezypac Muffin Mould","20 pcs","Kitchen & Dining Needs","Ezypac",,,154.8329871600148,199,,73.56612,31.100718701325928,0.0394810586334068,0.04719,0.10807,0.1574,0,6.826165875938524
"2026-04-01","548889",,"Nayasa Halo Plastic Water Bottle","1 pc","Kitchen & Dining Needs","Nayasa",,,226.65409572407333,265,,53.48303,16.973610408185596,0.04910182612791464,0.07016,0.04652,0.02116,0.10209,219.42599047200363
"2026-04-01","499908",,"Zenker Praline Mould (Colour may Vary) (Silicone)","1 pc","Kitchen & Dining Needs","Zenker",,,379,399,,0.23212,5.012531328320802,0.000024233272439078672,0.00004,,,,379
"2026-04-01","738545",,"Two Moustaches Metal Serving Tray (Multicolor)","2 pcs","Kitchen & Dining Needs","Two Moustaches",,,645,1595,,0.03309,59.56112852664577,0.00009687241547268903,0.00007,,,,645
"2026-04-01","492404",,"Skip Hop Bee Kids Bottle Sipper","1 pc","Kitchen & Dining Needs","Skip Hop",,,703.2186602564102,799,,24.70711,11.987652032989965,0.00106130873861831,0.00164,0.00155,0.00216,0.00021,710.0742927187949
"2026-04-01","582641",,"Pencil Pre-Seasoned Appe Pan (Iron)","1 pc","Kitchen & Dining Needs","Pencil",,,1199,1345,,3.06165,10.855018587360595,0.00008168853934157488,0.00013,,,,1199
"2026-04-01","566370",,"Judge by Prestige Stainless Steel Spoon Set","6 pcs","Kitchen & Dining Needs","Judge",,,178.9946786449696,200,,73.26445,10.493671819139754,0.13739235413114903,0.21463,0.19141,0.26923,0.0209,29.835452066474694
"2026-04-01","526278",,"Nayasa Stone Meraki Tea Coaster Set (Beige)","6 pcs","Kitchen & Dining Needs","Nayasa",,,488.41959430878336,678.5378627499998,,72.02749,28.01536645260475,0.021831118880310658,0.02741,0.00809,0.01077,0.00221,80.74009309019885
"2026-04-01","605437",,"New Dawn Multipurpose Steamer / Strainer (Stainless Steel)","1 set","Kitchen & Dining Needs","New Dawn",,,289,500,,26.51195,42.199999999999996,0.031907629321841505,0.03219,0.00025,0.00037,0,288.99999999999994
"2026-04-01","572072",,"Fabindia Floral Design Ceramic Mug (Multicolor)","2 pcs","Kitchen & Dining Needs","Fabindia",,,959,999,,12.46648,4.004004004004004,0.00018202285087698944,0.0003,,,,959
"2026-04-01","553678",,"Hazel Round Bidding Cake Mould (Aluminium)","1 pc","Kitchen & Dining Needs","Hazel",,,163.56372161651973,399,,30.90819,58.40220336470707,0.0961831302841987,0.07031,0.04532,0.06186,0.00908,166.13996778173245
"2026-04-01","392624",,"Borosil Tea Cup Set (Microwave Safe) (Borosilicate Glass)","6 pcs","Kitchen & Dining Needs","Borosil",,,569.0189633609649,651.05720375,,67.72137,12.829956378531406,0.1439500363537674,0.2183,0.31587,0.46004,0,569.003929797554
"2026-04-01","627099",,"House of Quirk Nylon Lunch Bag (10 ltr, Multicolour)","1 pc","Kitchen & Dining Needs","House of Quirk",,,649,999,,0.00123,35.03503503503504,0,0,,,,649
"2026-04-01","480969",,"Fackelmann Arcadania Pizza Cutter (Stainless Steel)","1 pc","Kitchen & Dining Needs","Fackelmann",,,217.613979172801,261.68542904166674,,69.2361,17.320866513282816,0.018379032920001617,0.02652,0.01706,0.02056,0.0094,211.38967395794452
"2026-04-01","613750",,"Slovic Stainless Steel Gym Shaker Bottle for Gym","750 ml","Kitchen & Dining Needs","Slovic",,,499,599,,56.55945,16.694490818030044,0.42983952473562725,0.625,0.72019,0.31733,1.60285,499.00000000000006
"2026-04-01","595261",,"Speedex Double Wall Vacuum Insulated Thermal Bottle","1 pc","Kitchen & Dining Needs","Speedex",,,799,869,,2.03083,8.055235903337174,0.0011686723390065606,0.00188,0,0,0,799
"2026-04-01","563551",,"House of Quirk Double Insulated Tumbler (Tricolour)","1 pc","Kitchen & Dining Needs","House of Quirk",,,1099,1999,,18.37738,45.02251125562781,0.004001649934733026,0.00384,0.00381,0.00555,0,1099
"2026-04-01","572962",,"Vesta Homes Zgodan Acacia Wood Sofa Armrest Tray (Brown)","1 pc","Kitchen & Dining Needs","Vesta Homes",,,689,2191.5433507083335,,66.76329,68.57207187078971,0.06585232210131642,0.03603,0.00016,0.00023,0,689.0000000000001
"2026-04-01","622111",,"ExclusiveLane Terra Tones Tea Cup Set (Ceramic)","6 pcs","Kitchen & Dining Needs","ExclusiveLane",,,645,1460,,31.39556,55.82191780821918,0.003516777136597801,0.00271,0.02675,0.01402,0.05464,107.49999999999997
"2026-04-01","621447",,"REFFO Plastic 4-in-1 Food Storage Container","1 pc","Kitchen & Dining Needs","Reffo",,,349,1499,,33.48564,76.71781187458306,0.03712491768182363,0.01509,0.00329,0.00479,0,349.00000000000017
"2026-04-01","498605",,"Solara Motivational Plastic Sipper Bottle with Level Marks","1 pc","Kitchen & Dining Needs","Solara",,,501.94870990823637,1499,,42.43024,66.51764608744651,0.0412038850566064,0.02407,0.01542,0.01697,0.01202,501.23763825750143
"2026-04-01","635444",,"House of Quirk Tumbler Set","1 set","Kitchen & Dining Needs","House of Quirk",,,1249,1999,,26.40845,37.51875937968985,0.0009847571064186516,0.00107,0.00008,0.00012,0,1249.0000000000005
"2026-04-01","697973",,"Unify Stainless Steel Insulated Casserole with Lid 1.6 L (Silver)","1 pc","Kitchen & Dining Needs","Unify",,,1299,2099,,2.93461,38.11338732729871,0.000509931277272624,0.00055,0.00011,0.00001,0.00034,1299
"2026-04-01","772059",,"Selvel Polypropylene, Stainless Steel Insulated Casserole Set (Grey)","3 pcs","Kitchen & Dining Needs","Selvel",,,2099,4284,,14,51.00373482726424,0,0,,,,2099
"2026-04-01","541882",,"Agaro Classic Portable 1.2 ltrs Yogurt Maker (White)","1 unit","Kitchen & Dining Needs","Agaro",,,692.7381120629558,1295,,56.03068,46.42221301508282,0.07999397948193246,0.07484,0.00722,0.01052,0,694.0789347683916
"2026-04-01","562439",,"Navum Modak Mould (Plastic)","2 pcs","Kitchen & Dining Needs","Navum",,,129,299,,42.42028,56.85618729096989,0.0017070192235721475,0.00129,0.00043,0.00062,0,64.49999999999999
"2026-04-01","710943",,"House of Quirk Plastic 3D Turtle Coasters & Interactive Toy (Pink & White)","1 pc","Kitchen & Dining Needs","House of Quirk",,,499,899,,49.96272,44.493882091212456,0.00005460084249625103,0.00005,0.00163,0.00184,0.00117,499
"2026-04-01","565244",,"Vinod PCEU3 3 Ltr Handi Pressure Cooker (Stainless Steel)","1 unit","Kitchen & Dining Needs","Vinod",,,2475.247402281536,3172.6143593333327,,29.54561,21.980829627157583,0.012249798416002187,0.01683,0.00743,0.01083,0,2488.2548945421563
"2026-04-01","574376",,"Schott Zwiesel Wine Glass Set (Tritan)","16 pcs","Kitchen & Dining Needs","schott zwiesel",,,6819.906199999999,9100,,20.41372,25.055975824175828,0.002686376500953171,0.00336,0.00461,0.00672,0,408.0566055914454
"2026-04-01","629145",,"Parage Stainless Steel Measuring Cups & Spoons Set (Silver, 8 pcs)","8 pcs","Kitchen & Dining Needs","Parage",,,429,1099,,53.27455,60.964513193812564,0.0946455976570402,0.06449,0.11153,0.13015,0.07074,53.62500000000001
"2026-04-01","607810",,"Brick Brown Wood Roti Box Casserole (Brown)","1 pc","Kitchen & Dining Needs","brick brown",,,1899,3199,,26.65479,40.63769928102532,0.0023276096440796815,0.00241,0.0016,0.00233,0,1899.0000000000002
"2026-04-01","432825",,"Fackelmann Universal Grater (Stainless Steel)","1 pc","Kitchen & Dining Needs","Fackelmann",,,181.91495359423922,378.07160795833335,,82.35137,52.08133440359439,0.206908430717277,0.17211,0.07446,0.10212,0.01384,181.63585018671932
"2026-04-01","582203",,"Mad Over Print Always Stay Pawsitive Design Mug (Ceramic)","1 pc","Kitchen & Dining Needs","Mad Over Print",,,219,499,,0.40225,56.1122244488978,0,0,,,,219
"2026-04-01","718637",,"CutTales Stainless Steel 6 Section Dinner Plate Set (Silver)","2 pcs","Kitchen & Dining Needs","CutTales",,,585.0533888888889,1499,,54.42271,60.98340238527424,0.002768126261193539,0.00189,0.00114,0.00149,0.00036,292.6934132445624
"2026-04-01","599351",,"Avias Riara Triply Kadai with Lid (Stainless Steel)","1 unit","Kitchen & Dining Needs","Avias",,,1914,3187.214285714286,,18.70647,39.9475583245557,0.0019945030896433365,0.00209,0.0006,0.00088,0,1913.9999999999995
"2026-04-01","582508",,"Rabitat Stainless Steel Lunch Box for Kids","500 ml","Kitchen & Dining Needs","Rabitat",,,1025.923076923077,1038.6615384615384,,1.1904,1.2264304652437308,0.00024901381938173507,0.00043,0,0,0,205.00840531552151
"2026-04-01","533964",,"Green Cow Pichwai Serving Tray Set (Blue, Golden) - Amaya Decors","2 pcs","Kitchen & Dining Needs","Amaya Decors",,,1197.0548821465911,1499,,47.85148,20.14320924932732,0.008159287257695727,0.01135,0.01475,0.02148,0,1194.0890404024976
"2026-04-01","753101",,"ExclusiveLane Ceramic Serving Bowl Set (Deep Blue & Earthy Brown)","2 pcs","Kitchen & Dining Needs","ExclusiveLane",,,765.1,1775,,8.00766,56.89577464788732,0.00010780471882866437,0.00008,0.00001,0.00001,0.00003,68.16165409734427
"2026-04-01","488692",,"Wingz Modak Mould Set (Plastic)","5 pcs","Kitchen & Dining Needs","Wingz",,,499,499,,52.33501,0,0.00019699372929771796,0.00034,,,,99.80000000000001
"2026-04-01","631972",,"Mumma's Life Stainless Steel Casserole (Silver)","1 pc","Kitchen & Dining Needs","Mumma's Life",,,899,999,,49.62792,10.01001001001001,0.009944296986794237,0.01562,0.00787,0.00519,0.01373,899
"2026-04-01","630875",,"Yellocut Silicone Storage Container Set","4 pcs","Kitchen & Dining Needs","Yellocut",,,499,999,,22.60273,50.050050050050054,0.004006842961032169,0.00349,0.00258,0.00376,0,124.75000000000003
"2026-04-01","591878",,"Ezypac Cake Mould","10 pcs","Kitchen & Dining Needs","Ezypac",,,172.88202247191012,399,,0.34701,56.67117231280449,0.00024233272439078672,0.00018,0.00028,0.00041,0,17.383581033262562
"2026-04-01","597351",,"The Earth Store Ceramic Marble & Bowl Set (White)","2 pcs","Kitchen & Dining Needs","The Earth Store",,,408.71941642343523,1299,,40.16884,68.09300959846304,0.13771406175508116,0.07486,0.16671,0.00636,0.51803,415.58305297351035
"2026-04-01","428954",,"Polyset Drainer (Plastic)","1 pc","Kitchen & Dining Needs","Polyset",,,465.0507777777778,541.492592,,3.71168,14.116871652829966,0.00008609188892830581,0.00013,0,0.00001,0,475.95716115579387
"2026-04-01","546074",,"Cello Detox Glass Bottle","750 ml","Kitchen & Dining Needs","Cello",,,348.8969111111111,374.7897970000001,,18.61859,6.929998370942635,0.017510860265236815,0.02846,0.04501,0.00931,0.12322,46.52093892355666
"2026-04-01","721149",,"Parage Stainless Steel Spoon Set & Fork Set","6 pcs","Kitchen & Dining Needs","Parage",,,299,499,,65.02825,40.080160320641276,0.053247404027045364,0.05569,0.10152,0.08302,0.14206,49.83333333333333
"2026-04-01","188772",,"Fackelmann Solid Turner - 30 x 6 cm (Bamboo)","1 pc","Kitchen & Dining Needs","Fackelmann",,,130.14372710394892,146.3574105833333,,59.63495,11.346607366693988,0.03718533068339908,0.05715,0.01704,0.02481,0,130.19205188227562
"2026-04-01","611834",,"Yellocut Potato Masher (Steel)","1 pc","Kitchen & Dining Needs","Yellocut",,,169,299,,15.20381,43.478260869565226,0.03635631608161494,0.03587,0.00448,0.00652,0,168.99999999999994
"2026-04-01","664122",,"Ireka Homes Wood Wild Grove Serving Platter (Dark Brown)","1 pc","Kitchen & Dining Needs","Ireka Homes",,,350,460,,1.97053,23.91304347826087,0.000027938047841362784,0.00004,,,,350
"2026-04-01","606415",,"Cutting Edge Glass Mimosa Jar Set","6 pcs","Kitchen & Dining Needs","Cutting Edge",,,599,1250,,2.97145,52.08,0.0013073220051389414,0.00109,0.001,0.00011,0.00295,99.83333333333334
"2026-04-01","408169",,"Borosil Coffeemate Insulated Travel Mug","1 pc","Kitchen & Dining Needs","Borosil",,,796.9059557562658,928.5863938235292,,31.75562,14.178473918563819,0.1996136920557836,0.29866,0.02997,0.04364,0,79624.65444186245
"2026-04-01","553654",,"HAZEL Samosa Maker Mould (Plastic)","1 pc","Kitchen & Dining Needs","Hazel",,,41.81481481481482,79,,0.28007,47.06985466479137,0.00003838441031316502,0.00003,0.00002,0.00004,0,41.279661609452575
"2026-04-01","572801",,"Nestroots Classis Acacia Wood Spice Box (Stainless Steel)","1 pc","Kitchen & Dining Needs","Nestroots",,,1999,4390,,24.17626,54.464692482915716,0.0028529059093090167,0.00227,0.00277,0.00076,0.00718,1998.9999999999995
"2026-04-01","599311",,"Avias Riara Triply Fry Pan (Stainless Steel)","1 pc","Kitchen & Dining Needs","Avias",,,1314,2163,,8.45065,39.25104022191401,0.00025812370776826936,0.00028,0.00055,0.00081,0,1314
"2026-04-01","764312",,"Classic Essentials Stainless Steel Silverware & Flatware Cutlery Set","1 set","Kitchen & Dining Needs","Classic Essentials",,,408.0911111111111,699,,17.31669,41.617866793832455,0,0,0.00009,0.00014,0,408.0911111111111
"2026-04-01","596446",,"Basil Stainless Steel Plate (Silver)","1 pc","Kitchen & Dining Needs","Basil",,,649,1399,,69.698,53.609721229449605,0.0016568813117159174,0.00134,0.00278,0.00405,0,649.0000000000002
"2026-04-01","631135",,"Speedex Steel Wall Bottle With Wide Cap","1 pc","Kitchen & Dining Needs","Speedex",,,549,549,,7.15325,0,0.0006001834542430462,0.00105,0,0,0,549
"2026-04-01","596726",,"FunBlast Stainless Steel, Plastic Lunch Box for Kids","1 pc","Kitchen & Dining Needs","FunBlast",,,734,999,,4.32782,26.526526526526528,0.0011218675042385115,0.00144,0.00003,0.00004,0,734
"2026-04-01","630878",,"Yellocut Plastic Container Set for Kitchen","3 pcs","Kitchen & Dining Needs","Yellocut",,,499,799,,34.61988,37.546933667083856,0.0024508003044464892,0.00267,0.00031,0.00045,0,166.33333333333337
"2026-04-01","630820",,"ExclusiveLane Wood Jar Set","1 set","Kitchen & Dining Needs","ExclusiveLane",,,1499,2725,,17.64148,44.99082568807339,0.002648046023336562,0.00254,0.00054,0.00072,0.00015,1499
"2026-04-01","607110",,"Cutting Edge Swing Glass Bottle - 3 pcs","3 pcs","Kitchen & Dining Needs","Cutting Edge",,,599,750,,14.96337,20.13333333333334,0.009268039277598079,0.01292,0.00525,0.00417,0.00763,199.6666666666666
"2026-04-01","480963",,"Fackelmann Ladle Set (Stainless Steel)","4 pcs","Kitchen & Dining Needs","Fackelmann",,,219,240,,1.44329,8.75,0.00007288202237316893,0.00012,,,,219
"2026-04-01","607848",,"Cutting Edge Plastic Kitchen Storage Container Set","8 pcs","Kitchen & Dining Needs","Cutting Edge",,,295,660,,38.35106,55.303030303030305,0.07013652014936049,0.05472,0.05411,0.05224,0.0582,36.87499999999999
"2026-04-01","578566",,"Embassy 6 pcs Oak-Tree Glass Set (Stainless Steel)","6 pcs","Kitchen & Dining Needs","Embassy",,,649,918.1621866129034,,8.84391,29.31532037992564,0.0011707972143688503,0.00144,0.00001,0.00002,0,108.16666666666667
"2026-04-01","687274",,"Habere India Cane Serving Tray (Multicolour)","1 pc","Kitchen & Dining Needs","Habere India",,,1499,3199,,16.1948,53.141606752110036,0.0025257866130106274,0.00207,0.00062,0.00016,0.00163,1499.0000000000002
"2026-04-01","627380",,"House of Quirk Under Sliding Cabinet Basket Organizer (Plastic)","1 pc","Kitchen & Dining Needs","House of Quirk",,,1099,2499,,37.05027,56.02240896358544,0.009763802289721357,0.00749,0.00028,0.00041,0,1099
"2026-04-01","631415",,"Yellocut Spice Box (Plastic)","1 pc","Kitchen & Dining Needs","Yellocut",,,349,499,,48.82749,30.060120240480966,0.0034118632831865673,0.00417,0.00136,0.00197,0,349.0000000000001
"2026-04-01","618269",,"Metalux Cookware Set with Common Lid (Stainless Steel)","3 pcs","Kitchen & Dining Needs","Metalux",,,1828,4250,,0.22222,56.98823529411764,0.0002581238899733253,0.00019,,,,609.3333333333334
"2026-04-01","631452",,"Vesta Homes Belan with Stand (Wood)","1 pc","Kitchen & Dining Needs","Vesta Homes",,,299,1299,,34.86261,76.98229407236336,0.10188156881081831,0.04093,0.00855,0.01245,0,299.00000000000006
"2026-04-01","601215",,"Umai Stainless Steel Double Wall Insulated Casserole (Multicolour)","1 pc","Kitchen & Dining Needs","Umai",,,1299,1900,,0.39379,31.63157894736842,0.0001153964746891655,0.00014,,,,1299
"2026-04-01","613789",,"Cutting Edge Plastic Slim Storage Container Set","6 pcs","Kitchen & Dining Needs","Cutting Edge",,,349,545,,43.41924,35.96330275229358,0.06336671152093395,0.07083,0.01271,0.01357,0.01083,58.16666666666665
"2026-04-01","762177",,"Lifelong Glass Jug with Bamboo Lid (Transparent)","1 pc","Kitchen & Dining Needs","Lifelong",,,399,999,,39.57067,60.06006006006007,0.018960410261601602,0.01322,,,,398.99999999999994
"2026-04-01","476118",,"Vinayak Potato Masher (Stainless Steel)","1 pc","Kitchen & Dining Needs","Vinayak",,,139.90688940688943,199,,2.33499,29.683323284627704,0.0010575476618537424,0.00129,0.00053,0.00077,0,140.47977720535985
"2026-04-01","587042",,"The Better Home Solid Design Copper Bottle","1 pc","Kitchen & Dining Needs","The Better Home",,,899,2999,,1.05366,70.02334111370457,0.0004553608630207137,0.00024,,,,899
"2026-04-01","736777",,"CutTales Stainless Steel Cutlery Set","12 pcs","Kitchen & Dining Needs","CutTales",,,305.5217391304348,1499,,84.12446,79.79311258272612,0.14952432327055523,0.0527,0.07006,0.01209,0.19709,2522.194752214305
"2026-04-01","512903",,"Vinayak Lemon Squeezer (Stainless Steel)","1 pc","Kitchen & Dining Needs","Vinayak",,,109.13900000000001,169,,6.85756,35.437486043567574,0.004823196315684595,0.00543,0.00038,0.00055,0,10909.492847452644
"2026-04-01","571899",,"Nautica Iconic Thermal Bottle","1 pc","Kitchen & Dining Needs","Nautica",,,1793.4835005105847,2850,,45.63747,37.07040473367461,0.013151743142294267,0.01444,0.00761,0.00962,0.0032,1794.649215989145
"2026-04-01","581208",,"Pigeon Stainless Steel Insulated Hot Pot Casserole (Silver)","1 pc","Kitchen & Dining Needs","Pigeon",,,1199,1695,,0.72712,29.262536873156343,0,0,,,,1199
"2026-04-01","565235",,"Vinod Tope Set with LId (Stainless Steel)","3 pcs","Kitchen & Dining Needs","Vinod",,,1276.7777777777776,1544.4444433333333,,1.86012,17.33093519232442,0.0012119673577821739,0.00175,,,,423.62459464841766
"2026-04-01","607338",,"Cutting Edge Plastic Eco-Storage Organiser & Container Set","6 pcs","Kitchen & Dining Needs","Cutting Edge",,,299,500,,53.63418,40.19999999999999,0.04844450444356641,0.05056,0.02216,0.01311,0.042,49.83333333333334
"2026-04-01","603914",,"Pasabahce Wavy Red Wine Glass Set","2 pcs","Kitchen & Dining Needs","Pasabahce",,,459,495,,0.00621,7.2727272727272725,0.00012025533691572875,0.00019,,,,229.5
"2026-04-01","568451",,"Solara Motivational Plastic Sipper Bottle for Gym","1 pc","Kitchen & Dining Needs","Solara",,,511.599062052719,1499,,42.87015,65.88131451225867,0.021334501144269997,0.01263,0.01206,0.00649,0.02427,509.5577282644827
"2026-04-01","568765",,"Wonderchef Venice Glass (Stainless Steel)","1 pc","Kitchen & Dining Needs","Wonderchef",,,91.11763735268313,149.98283783333335,,71.8669,40.573158045952624,0.05723687154953364,0.05678,0.01605,0.02338,0,89.02157856572961
"2026-04-01","567711",,"Nestasia Crystal Whiskey Glass Set (200ml, Amber)","6 pcs","Kitchen & Dining Needs","Nestasia",,,1170.901261498498,1700,,37.34221,31.03837091550487,0.08530062812513625,0.10237,0.54036,0.04953,1.61577,195.58963699455472
"2026-04-01","498611",,"Solara Motivational Plastic Sipper Bottle with Flap Cap","1 pc","Kitchen & Dining Needs","Solara",,,499.0026849116161,1499,,28.22873,66.71173717558892,0.009828571631979113,0.00573,0.02788,0.00548,0.07696,503.77018194083035
"2026-04-01","598919",,"Kuber Industries LPG Cylinder Trolley (Plastic)","2 pcs","Kitchen & Dining Needs","Kuber Industries",,,,,,0,,0,0,,,,
"2026-04-01","697974",,"Unify Stainless Steel 3 Layer Insulated Casserole","1 pc","Kitchen & Dining Needs","Unify",,,1299,2039,,8.47435,36.292300147130945,0.004713301704864379,0.00524,0.00132,0.00018,0.00383,1299.0000000000002
"2026-04-01","572943",,"Vesta Homes Ladle Set (Wood)","6 pcs","Kitchen & Dining Needs","Vesta Homes",,,659,1299,,65.21763,49.26866820631256,0.02904279390090539,0.02572,0.02101,0.0306,0,109.83333333333336
"2026-04-01","129876",,"Prestige Omega DlxAlu Granite NonStick Fry Pan 24 cm (Aluminium)","1 pc","Kitchen & Dining Needs","Prestige",,,943.4354618932443,1243.6871709166667,,67.49317,23.954649767537017,0.3166713929184288,0.4213,2.91217,4.23721,0.00901,945.8235602789861
"2026-04-01","559878",,"House of Quirk Tumbler with Handle (Raspberry)","1 pc","Kitchen & Dining Needs","House of Quirk",,,1099.0087209302326,1999,,43.02774,45.02162547402197,0.04556742083436037,0.04373,0.01092,0.0159,0,1099.0365156588937
"2026-04-01","661706",,"Parage Stainless Steel Masala Spoon Set","12 pcs","Kitchen & Dining Needs","Parage",,,279,499,,28.07604,44.0881763527054,0.015116861111542021,0.01475,0.0138,0.01485,0.01149,279.00000000000006
"2026-04-01","570641",,"P-TAL Copper Bottle (Rose Gold, 850 ml)","1 pc","Kitchen & Dining Needs","P-Tal",,,2750,2750,,0.00292,0,0,0,,,,2750
"2026-04-01","519566",,"Archies My Amazing Mom Printed Mug (Ceramic)","1 pc","Kitchen & Dining Needs","Archies",,,519,599,,0.57394,13.35559265442404,0,0,,,,519
"2026-04-01","595109",,"Speedex Simplex Steel Wall Bottle","1 pc","Kitchen & Dining Needs","Speedex",,,279,549,,0.59228,49.18032786885246,0.0008788877696941071,0.00078,0,0,0,278.99999999999994
"2026-04-01","562383",,"Happy Kitchen Medium Strainer (Stainless Steel)","1 pc","Kitchen & Dining Needs","Happy Kitchen",,,164.29028190175939,281.42206287500005,,79.36339,41.34234193607268,0.18963187850135757,0.19294,0.07788,0.11343,0,164.8370778573647
"2026-04-01","532430",,"Wonderchef Galaxy Kadai With Glass Lid (Aluminium)","1 pc","Kitchen & Dining Needs","Wonderchef",,,1060.8970804587811,1795.8805087500004,,44.82298,40.97017553246874,0.01910605222896047,0.01964,0.0044,0.00641,0,1055.4150169079749
"2026-04-01","624196",,"Milton Plastic Quadra Container Set","3 pcs","Kitchen & Dining Needs","Milton",,,329.0002043963255,410,,48.74161,19.755899894233202,0.2535039016725761,0.35506,0.19992,0.29116,0,329.0008164039779
"2026-04-01","615934",,"Femora Glass Kitchen Storage Box","1 pc","Kitchen & Dining Needs","Femora",,,143.70115371880104,440,,50.67302,68.04399194073295,0.03920662484005669,0.02212,0.00779,0.01135,0,139.32217970710315
"2026-04-01","503509",,"Borosil Neo Glass Bottle with Husk Lid","1 pc","Kitchen & Dining Needs","Borosil",,,289.12754135802464,355.0657147499999,,43.3037,18.600074996037808,0.053360208270403775,0.07581,0.07646,0.05667,0.11981,28912.17250250543
"2026-04-01","498594",,"Solara Insulated Sports Hot and Cold Thermal Bottle","1 pc","Kitchen & Dining Needs","Solara",,,1258.0813525061387,2993.653756291666,,54.24306,57.20670952614473,0.15442888981334868,0.11223,0.06828,0.0729,0.05815,1283.950020830241
"2026-04-01","692805",,"House This Resin Coaster Set (Multicolour)","4 pcs","Kitchen & Dining Needs","House This",,,999,2499,,3.73785,60.024009603841534,0,0,,,,999
"2026-04-01","553648",,"Hazel Stainless Steel Pallet Knife (10"") (Steel)","1 pc","Kitchen & Dining Needs","Hazel",,,155.66917548500882,349,,0.7415,55.41507669117165,0.0003073493189094433,0.00022,0.00005,0.00008,0,152.2068575280251
"2026-04-01","507281",,"Ocean Ivory Hiball Glass Set","6 pcs","Kitchen & Dining Needs","O'cean",,,668.5631571557483,946.645730625,,32.78043,29.423113803247023,0.06100782729002867,0.07514,0.02057,0.02996,0,111.45424298920604
"2026-04-01","558939",,"House of Quirk Double Vacuum Insulated Tumbler with Lid & Straw (Black)","1 pc","Kitchen & Dining Needs","House of Quirk",,,1099,1699,,0.17279,35.31489111241907,0.0001031887359416597,0.00012,,,,1099
"2026-04-01","606687",,"Speedex Vacuum Insulated Thermal Bottle","1 pc","Kitchen & Dining Needs","Speedex",,,1045,1045,,1.6651,0,0,0,0,0,0,1045
"2026-04-01","566507",,"Judge by Prestige Glass Set (Stainless Steel)","6 pcs","Kitchen & Dining Needs","Judge",,,529.3286581093039,749.7123384166667,,77.3296,29.385681239797748,0.02461971587953826,0.03037,0.10797,0.01033,0.3219,88.27783665413145
"2026-04-01","607854",,"Cutting EDGE Silica Glass Storage Jar Set (2 L)","2 pcs","Kitchen & Dining Needs","Cutting Edge",,,649.04976984127,950,,34.31909,31.673634828683213,0.047726901491898184,0.05691,0.02668,0.01243,0.05789,324.56450871604164
"2026-04-01","567710",,"Nestasia Fluted Tall Glass Set (300ml, Transparent)","6 pcs","Kitchen & Dining Needs","Nestasia",,,902.2379539687122,1450,,35.12499,37.544997111967255,0.03624217682181172,0.03954,0.06997,0.00739,0.20706,151.06728570685866
"2026-04-01","566380",,"The Indus Valley Small Fry Pan (Iron)","1 pc","Kitchen & Dining Needs","The Indus Valley",,,489,779.0922107499999,,54.27938,37.24295083465161,0.11955134231307299,0.13092,0.35231,0.50289,0.0224,122.24999999999996
"2026-04-01","596112",,"Jarsome Premium Mandala Design Container Set","4 pcs","Kitchen & Dining Needs","jarsome",,,899,1199,,41.62946,25.020850708924105,0.00810761754793427,0.01061,0.00133,0.00019,0.00384,224.75
"2026-04-01","701538",,"Tied Ribbons Cotton Coaster Set with Holder (Grey)","6 pcs","Kitchen & Dining Needs","Tied Ribbons",,,399,1499,,3.45019,73.3822548365577,0,0,,,,66.5
"2026-04-01","691647",,"Nayasa Plastic Jug (Light Brown)","1 pc","Kitchen & Dining Needs","Nayasa",,,249.15700476190477,275,,56.56632,9.763879196245135,0.003910638873704642,0.00614,0.00517,0.00753,0,247.0794176986866
"2026-04-01","595127",,"ExclusiveLane Ceramic Plastic Oil Bottle Dispenser (1 L, White & Brown)","1 pc","Kitchen & Dining Needs","ExclusiveLane",,,595.6666666666666,1575,,1.38065,62.17989417989418,0,0,0,0,0,595.6666666666666
"2026-04-01","599690",,"Irida Naturals Wheat Straw Bowl Set (Light Multicolour)","4 pcs","Kitchen & Dining Needs","Irida Naturals",,,475,999,,67.79536,52.45245245245246,0.1964975688963677,0.16307,0.47676,0.36624,0.71892,475.00000000000006
"2026-04-01","709381",,"Parage Stainless Steel Heavy Gauge Dinner Set (Silver)","1 set","Kitchen & Dining Needs","Parage",,,1730.5398230088495,2999,,53.36353,42.337923807784776,0.033261874959444965,0.03326,0.01743,0.01095,0.03163,1717.8850710739962
"2026-04-01","556806",,"Birch & Co. Mughal Serving Tray with Four Coaster Set – Wood & Vegan Leather (Green)","1 set","Kitchen & Dining Needs","Birch & Co.",,,690.6535545634921,1499,,61.092,54.23061434462178,0.07461981712391848,0.05899,0.02813,0.03313,0.01719,679.1050269998975
"2026-04-01","498608",,"Solara Motivational Plastic Sipper Bottle with Flap Lid","1 pc","Kitchen & Dining Needs","Solara",,,561.8293768873145,1499,,50.03277,60.46704901201439,0.061086580505919176,0.03839,0.02117,0.01774,0.02868,628.4901752419781
"2026-04-01","574408",,"Vesta Homes Evo Chopping Board (Wood)","1 pc","Kitchen & Dining Needs","Vesta Homes",,,456.37269920634924,999,,67.63261,54.26281366589398,0.02526200510015685,0.02026,0.01346,0.01774,0.00408,458.75855059368814
"2026-04-01","569131",,"Amaya Decors Pichwai Peacock Design Tray Set (Golden & Green)","2 pcs","Kitchen & Dining Needs","Amaya Decors",,,988.1563740150227,1499,,54.62089,34.07177580865118,0.012554666648664992,0.01446,0.00566,0.00824,0,988.5422723390761
"2026-04-01","697970",,"Unify Stainless Steel Floral Print Serving Casserole (Silver)","1 pc","Kitchen & Dining Needs","Unify",,,999,1989,,19.53862,49.7737556561086,0.0034083407128402163,0.00299,0.00311,0.00072,0.00835,998.9999999999999
"2026-04-01","646118",,"Wonderchef Stainless Steel Venice Solid Dinner Set (Silver)","1 set","Kitchen & Dining Needs","Wonderchef",,,1962.0464081457192,3999,,71.68432,51.07822118467476,0.10178377625981315,0.08691,0.06735,0.01296,0.18652,1944.30229399739
"2026-04-01","684622",,"HAZEL Stainless Steel Dinner Wati / Serving Bowl Set (Silver)","4 pcs","Kitchen & Dining Needs","Hazel",,,304.6640516611794,649,,67.8965,53.11507624759075,0.02916405883603605,0.02401,0.01135,0.01653,0,303.797802751647
"2026-04-01","622080",,"Thermador 4 Burners Manual Ignition Gas Stove","1 unit","Kitchen & Dining Needs","Thermador",,,3299,10000,,3.81905,67.01,0.0027330756567887794,0.00157,0.00003,0.00004,0,3299
"2026-04-01","612369",,"Yellocut Manual Vegetable Chopper (450 ml)","1 pc","Kitchen & Dining Needs","Yellocut",,,195,399,,36.95075,51.127819548872175,0.046867249838779136,0.03998,0.03029,0.04411,0,195
"2026-04-01","595080",,"ExclusiveLane Ceramic Chutney and Dip Bowl Set (Multicolour)","2 pcs","Kitchen & Dining Needs","ExclusiveLane",,,449,749,,0.48902,40.053404539385845,0.00009098117939920986,0.0001,,,,449
"2026-04-01","554120",,"Pasabahce Allegra Liquor Stem Flute Wine Glass Set","2 pcs","Kitchen & Dining Needs","Pasabahce",,,602.7014686169734,732,,30.62562,17.652300724154994,0.019859917995270582,0.02855,0.03458,0.05036,0,301.5138929730112
"2026-04-01","599456",,"KoolTech Coffee Mug (Ceramic)","1 pc","Kitchen & Dining Needs","kooltech",,,349,999,,1.3471,65.06506506506507,0,0,,,,349
"2026-04-01","559723",,"Picfest Geometric Tissue Paper Holder (Steel)","1 pc","Kitchen & Dining Needs","Picfest",,,183.0502676774458,249,,12.42622,26.48583627411816,0.0002041607651728395,0.00025,0.00005,0.00008,0,180.38117131892534
"2026-04-01","767136",,"Two Moustaches Iron Peacock On Tree Pichwai Tray Set (Multicolour)","2 pcs","Kitchen & Dining Needs","Two Moustaches",,,815,1595,,19.78387,48.90282131661442,0.0008718511926390334,0.00078,,,,815
"2026-04-01","595687",,"Jarsome Premium Mandala Design Kitchen Canister Set","2 pcs","Kitchen & Dining Needs","jarsome",,,499,699,,41.47544,28.612303290414882,0.004349191320315545,0.00542,0.00464,0.00408,0.00587,249.5
"2026-04-01","684608",,"Hazel Stainless Steel Lunch/DinnerSet Plate (Silver)","2 pcs","Kitchen & Dining Needs","Hazel",,,504.7000799570394,999,,67.6163,49.47273024036508,0.12795350490181606,0.11338,0.01645,0.02396,0,252.38644741993713
"2026-04-01","577723",,"Oliveware Stainless Steel Infinite Lunch Set","1 set","Kitchen & Dining Needs","Oliveware",,,599,1130,,41.61889,46.991150442477874,0.017051368266982933,0.01578,0.01462,0.0213,0,598.9999999999999
"2026-04-01","587731",,"Glimpse Homes Cotton Napkins","4 pcs","Kitchen & Dining Needs","glimpse homes",,,1299,1399,,4.59154,7.147962830593281,0,0,,,,1299
"2026-04-01","595202",,"Speedex Thermoflask Double Wall Vacuum Insulated Thermal Bottle","1 pc","Kitchen & Dining Needs","Speedex",,,999,1395,,3.50514,28.387096774193548,0.0024993978547598623,0.00312,0.00001,0.00001,0,999
"2026-04-01","401902",,"GHH Anodized Coating Cookware Set (Aluminium)","1 unit","Kitchen & Dining Needs","GHH",,,670,1600,,0.29824,58.125,0,0,,,,670
"2026-04-01","603301",,"Irida Naturals Tea Glass (Rice Husk)","4 pcs","Kitchen & Dining Needs","Irida Naturals",,,420,599,,55.43377,29.883138564273775,0.007701689645408382,0.00943,0.10834,0.03775,0.26299,104.99999999999999
"2026-04-01","543158",,"Amaya Decors Aluminium Pineapple Serving Platter (Golden)","1 pc","Kitchen & Dining Needs","Amaya Decors",,,734.0583408206049,1499,,2.23909,50.57675711087443,0.005134238020052519,0.00464,0.00001,0.00002,0,749.0804049945046
"2026-04-01","631690",,"Yellocut H2O Round Unbreakable Plastic Bottle Set","3 pcs","Kitchen & Dining Needs","Yellocut",,,399,499,,1.07328,20.04008016032064,0,0,,,,133
"2026-04-01","595141",,"ExclusiveLane Brass Pure Coaster Set (Golden)","4 pcs","Kitchen & Dining Needs","ExclusiveLane",,,1195.6666666666667,1799,,9.49285,33.53715026866778,0,0,,,,1195.6666666666667
"2026-04-01","566631",,"Cello Nomad Anti-Slip Diamond Grip Thermal Bottle","350 ml","Kitchen & Dining Needs","Cello",,,947.0910876426591,1599,,55.78319,40.728211678567874,0.12628630458896242,0.13125,0.05937,0.04725,0.08593,271.4160070323076
"2026-04-01","566882",,"Schott Zwiesel Vina After Work Crystal Glass Set (Tritan)","9 pcs","Kitchen & Dining Needs","schott zwiesel",,,3189.4383333333335,4500,,79.6497,29.213525356967004,0.005854248447124795,0.00707,0.07167,0.10438,0,3110.6967425179473
"2026-04-01","559876",,"House Of Festivals They Don't Know - Friends Official Mug (Ceramic)","1 pc","Kitchen & Dining Needs","House of Festivals",,,409.07721773490726,599,,21.82237,31.706662369358146,0.0016049599767722158,0.00193,0.00068,0.00099,0,409.1418963267175
"2026-04-01","610540",,"G.Fidel Pull & Chop Vegetable & Fruit Chopper (300 ml)","1 pc","Kitchen & Dining Needs","G.Fidel",,,199,499,,1.0194,60.120240480961925,0.00018184028141094463,0.00013,0.00001,0.00001,0,199
"2026-04-01","662869",,"Hazel Stainless Steel Bowl Set (Silver)","2 pcs","Kitchen & Dining Needs","Hazel",,,174.83497429875248,349,,56.03231,50.01748171067493,0.06076959381498627,0.05381,0.03008,0.0438,0,174.433596507739
"2026-04-01","735414",,"Habere India Cane Decorative Serving Tray (Multicolor)","1 pc","Kitchen & Dining Needs","Habere India",,,1399,2799,,59.64309,50.017863522686675,0.00821937028591489,0.00717,0.01144,0.00059,0.03521,139900
"2026-04-01","627680",,"Parage Stainless Steel Dessert Fork & Knife Set","4 pcs","Kitchen & Dining Needs","Parage",,,319,899,,0.00229,64.51612903225806,0,0,,,,79.75
"2026-04-01","711571",,"House of Quirk Plastic Turtle Cup Holder Set (Multicolour)","4 pcs","Kitchen & Dining Needs","House of Quirk",,,499,1299,,19.55181,61.585835257890686,0.0011045270490653751,0.00074,0.00216,0.00233,0.00178,124.75
"2026-04-01","612698",,"Voiish Kitchen Towel Roll","2 x 80 pulls","Kitchen & Dining Needs","Voiish",,,249,500,,41.61661,50.2,0,0,0.09047,0.08855,0.09469,249.00000000000003
"2026-04-01","741386",,"Unify Stainless Steel Insulated Casserole (Silver)","1 unit","Kitchen & Dining Needs","Unify",,,1399,2319,,12.37796,39.67227253126348,0.0020774564964831975,0.00219,0.00032,0.00009,0.00082,1399
"2026-04-01","630808",,"ExclusiveLane Chai Kulhad Mug Set (Ceramic)","6 pcs","Kitchen & Dining Needs","ExclusiveLane",,,699,1599,,42.55904,56.285178236397755,0.008167396293710024,0.00623,0.02451,0.02024,0.03387,116.5
"2026-04-01","599620",,"KoolTech Printed BTS Mug (Ceramic)","1 pc","Kitchen & Dining Needs","kooltech",,,349,999,,1.3471,65.06506506506507,0,0,,,,349
"2026-04-01","707393",,"Cello Opalware Kids 7-Piece Dinner Set (Multicolour)","7 pcs","Kitchen & Dining Needs","Cello",,,1180.140404040404,1299.4333333333334,,35.47558,9.180380880865709,0.0003155791568758215,0.00053,,,,1218.5745712155108
"2026-04-01","568373",,"Wonderchef Blueberry Non-stick Kadai With Lid (Aluminium)","1 unit","Kitchen & Dining Needs","Wonderchef",,,945.3603186149668,1890.9170386666667,,68.25678,50.48007493222474,0.529228423066761,0.46575,0.09966,0.14332,0.00401,941.8613336941509
"2026-04-01","721472",,"Parage Stainless Steel Golden Spoon & Fork Set","6 pcs","Kitchen & Dining Needs","Parage",,,399,999,,60.77429,60.06006006006005,0.0688042473482722,0.04796,0.06681,0.03516,0.13614,66.5
"2026-04-01","631110",,"Speedex Sipper Cap Steel Wall Bottle","1 pc","Kitchen & Dining Needs","Speedex",,,289,549,,1.03122,47.35883424408014,0.0003334352523572479,0.00031,,,,289
"2026-04-01","568315",,"Wonderchef Alfa Pressure Cooker (Aluminium)","3 ltrs","Kitchen & Dining Needs","Wonderchef",,,1075.1412962760635,1889.061298833333,,60.51757,43.55540218830362,0.37107871906887463,0.37595,0.22214,0.22693,0.21163,1068.219753256995
"2026-04-01","607616",,"House of Quirk Travel Mug (Oat)","1 pc","Kitchen & Dining Needs","House of Quirk",,,1599,1999,,66.4044,20.010005002501245,0.012237882205344172,0.01709,0.0048,0.00699,0,1598.9999999999998
"2026-04-01","650674",,"Larah by Borosil Opalware 4.2"" Dark Forest Bowl Set (White)","2 pcs","Kitchen & Dining Needs","Larah",,,144.00311665131844,170.02186508333335,,68.84952,15.294680357741608,0.021814227925010508,0.03225,0.07064,0.10285,0.00006,144.0084258530071
"2026-04-01","623635",,"Oliveware Stainless Steel Falcon Lunch Box With Bag","4 pcs","Kitchen & Dining Needs","Oliveware",,,699,999,,50.81983,30.030030030030037,0.008798101463487562,0.01074,0.0059,0.0086,0,699
"2026-04-01","629144",,"New Dawn Plastic Container Set","3 pcs","Kitchen & Dining Needs","New Dawn",,,549,1200,,55.06492,54.249999999999986,0.05539171374501102,0.04423,0.00168,0.00244,0,549
"2026-04-01","612569",,"Lifelong Stainless Steel Wall Bottle","1 pc","Kitchen & Dining Needs","Lifelong",,,309.944817466584,549,,72.56378,43.513023986406395,0.07166673214178171,0.07061,0.05019,0.0731,0,310.1371449465371
"2026-04-01","603262",,"Gluman Fresco Plastic Bottle Set","3 pcs","Kitchen & Dining Needs","Gluman",,,329,349,,0.0032,5.730659025787966,0.00004239292154368931,0.00007,,,,109.66666666666667
"2026-04-01","566134",,"Borosil Borosilicate Glass 3 Pcs Serving Bowl Set (Transparent)","3 pcs","Kitchen & Dining Needs","Borosil",,,1299.5161112051783,1845.1493055416665,,60.804,29.582676111071184,0.1392349574207875,0.17112,0.04094,0.05963,0,433.04888346407677
"2026-04-01","698431",,"HomeEssentials Stainless Steel Portable Cutlery Set with Case","1 set","Kitchen & Dining Needs","HomeEssentials",,,437.50129166666665,1999,,32.6499,78.13851385126038,0.012029838468224346,0.00452,0.0062,0.00903,0,429.68590652018105
"2026-04-01","568255",,"Boldfit Tumbler With Lid & Straw (Blue, Pink)","1.2 ltr","Kitchen & Dining Needs","Boldfit",,,1180.080114169264,2299,,45.44889,47.72728225034584,0.7427930358776886,0.66627,0.23786,0.07535,0.59392,400.6466924260294
"2026-04-01","211001",,"Ocean Munich Beer Mug Set (Glass)","6 pcs","Kitchen & Dining Needs","O'cean",,,1249,1329,,18.36409,6.019563581640331,0.0013721862762308382,0.00225,,,,208.16666666666663
"2026-04-01","581891",,"Mad Over Print MDF Lemon & Peach Coaster Set (Pink, Yellow)","2 pcs","Kitchen & Dining Needs","Mad Over Print",,,119,149,,8.83688,20.13422818791946,0.000009049578513020455,0.00001,,,,59.5
"2026-04-01","597842",,"Bear Grips Plastic Oil Dispenser","2 pcs","Kitchen & Dining Needs","Bear Grips",,,348,500,,18.82533,30.4,0.00021257299040020657,0.00026,0.00023,0.00034,0,173.99999999999997
"2026-04-01","596321",,"Kuber Industries Kitchen Dry Placemat (Microfiber)","1 pc","Kitchen & Dining Needs","Kuber Industries",,,299,699,,0.26466,57.22460658082976,0.00008490755606474181,0.00006,,,,299
"2026-04-01","620547",,"Sizzle Steel Wall Bottle","1 pc","Kitchen & Dining Needs","Sizzle",,,297,340.2080555416667,,25.42961,12.700479849859052,0.000657840968757628,0.001,0.04192,0.0028,0.12763,297
"2026-04-01","615281",,"Cutting Edge Baking Mat with Basting Brush (Silicone)","2 pcs","Kitchen & Dining Needs","Cutting Edge",,,269,595,,52.94813,54.789915966386566,0.04884405808441556,0.03854,0.1392,0.19382,0.01955,268.99999999999994
"2026-04-01","606529",,"New Dawn Steel Chopping Board","1 pc","Kitchen & Dining Needs","New Dawn",,,399,1000,,45.28444,60.09999999999999,0.029110180254381515,0.02027,0.00503,0.00733,0,398.99999999999994
"2026-04-01","615612",,"DeliBohemi Glass Container for Kitchen","1 pc","Kitchen & Dining Needs","DeliBohemi",,,131.13529943977446,549,,27.59145,76.2349643615851,0.040333410058754834,0.01659,0.00175,0.00256,0,130.24003352722355
"2026-04-01","718627",,"Habere India Bamboo Round Serving Tray (Beige)","1 pc","Kitchen & Dining Needs","Habere India",,,999,1799,,65.95448,44.469149527515285,0.005332000472481217,0.00517,0.01018,0.001,0.0303,999
"2026-04-01","762264",,"Nestroots Wood Serving Platter (Brown)","1 pc","Kitchen & Dining Needs","Nestroots",,,895.6666666666666,2999,,12.37858,70.13399746777445,0.0029143093775685232,0.00152,0.00048,0.00018,0.00114,898.9937549445227
"2026-04-01","633885",,"Tribord Plastic Sipper Bottle","1 pc","Kitchen & Dining Needs","tribord",,,459,499,,71.92814,8.016032064128243,0.015691908467293843,0.02519,0.00685,0.00998,0,458.99999999999994
"2026-04-01","567169",,"Judge by Prestige ACE 3 ltr Pressure Cooker (Aluminium)","1 unit","Kitchen & Dining Needs","Judge",,,1000.2783089407872,1350.9226445539905,,24.18863,26.290531654555775,0.10154815706291331,0.13081,0.06482,0.05707,0.08182,999.3883778450623
"2026-04-01","512994",,"Ocean Glass Divano Pitcher Water Jug (Transparent)","1 pc","Kitchen & Dining Needs","O'cean",,,780.9289340101523,820,,15.58846,4.765161502482599,0.002415429747963511,0.00401,0.00001,0.00001,0,779.4342208340387
"2026-04-01","631278",,"Biogreen Bamboo Towel Roll","20 sheets","Kitchen & Dining Needs","Biogreen",,,249,350,,0.6196,28.857142857142858,0.000021257317260526254,0.00003,,,,249.00000000000003
"2026-04-01","625484",,"New Dawn Stainless Steel Apple Shaped 4 Section Dinner Plate (Silver)","1 pc","Kitchen & Dining Needs","New Dawn",,,699,1500,,39.0995,53.4,0.0038529862787265714,0.00313,0.00042,0.00061,0,699
"2026-04-01","603158",,"New Dawn Egg Carrier Set (Plastic)","1 pc","Kitchen & Dining Needs","New Dawn",,,599,1000,,14.79541,40.1,0.0030871607547500735,0.00323,,,,599
"2026-04-01","691923",,"Glasafe Glass 500 ml Bowl (Mist Green)","1 pc","Kitchen & Dining Needs","Glasafe",,,299,1149,,8.88421,73.97737162750218,0.00817324780908131,0.00371,0.00022,0.00032,0,299
"2026-04-01","653057",,"Cutting EDGE Regalia Glass Mixing & Serving Bowl (1.1 L)","1 pc","Kitchen & Dining Needs","Cutting Edge",,,275,425,,49.72022,35.29411764705881,0.03009831580694727,0.03399,0.04482,0.03744,0.061,275
"2026-04-01","571879",,"Nautica Fender Triple-Layer Thermal Bottle","1 pc","Kitchen & Dining Needs","Nautica",,,1810.5423821523502,2850,,41.10637,36.47302022654207,0.00912951442192901,0.01005,0.00493,0.00697,0.00045,1806.351628749492
"2026-04-01","626994",,"Borosil Square Dish with Handle (Borosilicate Glass)","1 pc","Kitchen & Dining Needs","Borosil",,,699.2042201727975,755,,67.47597,7.3807871090909405,0.03431126839843054,0.05547,0.00609,0.00887,0,699.3633015065386
"2026-04-01","701376",,"Nestasia Ceramic Leaf Design Snack Bowl Set","4 pcs","Kitchen & Dining Needs","Nestasia",,,790,1580,,3.18593,50,0.0010632519555398346,0.00093,0.00013,0.00003,0.00035,790
"2026-04-01","499182",,"Zenker Steel Cake Server (Grey)","1 pc","Kitchen & Dining Needs","Zenker",,,211.72023122485012,249,,21.54848,15.024584594561102,0.0011528277873426335,0.00163,0.00027,0.00039,0,201.16378073028935
"2026-04-01","426378",,"Vinod Platinum with Lid Kadai with Lid (Stainless Steel)","1 set","Kitchen & Dining Needs","Vinod",,,2424.373348140127,3481.7346602222224,,29.78947,30.368869246077207,0.008725106473979713,0.01058,0.00673,0.0098,0,2437.0280891724788
"2026-04-01","521006",,"Vinayak Stainless Steel Ladle (Stainless Steel)","1 pc","Kitchen & Dining Needs","Vinayak",,,130.53495726495728,159,,14.15938,18.119186114381574,0.004168787179155464,0.00594,0.0008,0.00117,0,129.71656414034112
"2026-04-01","599319",,"Avias Deep Frying Kadai (Iron)","1 unit","Kitchen & Dining Needs","Avias",,,1959,2590,,5.28656,24.362934362934364,0,0,,,,1959
"2026-04-01","562430",,"Wonderchef Pre-Seasoned Ferro Light Grill Pan (Iron)","1 pc","Kitchen & Dining Needs","Wonderchef",,,1405.6000853355592,2380,,65.70937,40.988212565716324,0.06710382194346917,0.0695,0.05856,0.06809,0.03768,1403.704770573394
"2026-04-01","535288",,"Bulfyss Anti-Slip Kitchen Shelf Liner","1 pack","Kitchen & Dining Needs","Bulfyss",,,359.4207917825719,999,,40.51036,64.0464839578678,0.2680398391331074,0.16769,0.01858,0.02706,0,359.1817402684548
"2026-04-01","671990",,"Parage Stainless Steel Regal Cutlery Set with Stand","25 pcs","Kitchen & Dining Needs","Parage",,,1349,1699,,45.22642,20.600353148911125,0.006577767414754114,0.00912,0.00182,0.00265,0.00002,53.96000000000002
"2026-04-01","615930",,"Femora Glass Kitchen Storage Box","1 pc","Kitchen & Dining Needs","Femora",,,291.9794260212201,360,,59.70187,19.072872607795443,0.01946296879349096,0.02772,0.00375,0.00546,0,291.13875643515985
"2026-04-01","620549",,"ExclusiveLane Hand-Painted Kulhad Set (Clay)","4 pcs","Kitchen & Dining Needs","ExclusiveLane",,,799,1415,,2.41984,43.533568904593636,0.00038673041342268357,0.00038,0.00005,0.00002,0.00013,199.75
"2026-04-01","573018",,"Vesta Homes Wood Romper Large Serving Tray (Brown)","1 pc","Kitchen & Dining Needs","Vesta Homes",,,799,1799,,71.27828,55.586436909394116,0.039473144010187186,0.0306,0.01337,0.01529,0.00915,799
"2026-04-01","588392",,"Mad Over Print Mr & Mrs Couple Mug Set (Ceramic)","2 pcs","Kitchen & Dining Needs","Mad Over Print",,,229,597.2798355555555,,0.14748,61.659488951318366,0.0005739419176774748,0.00038,0,0,0,114.5
"2026-04-01","528893",,"Fackelmann Quartz Kadai with Glass Lid - 26 cm (Aluminium)","1 pc","Kitchen & Dining Needs","Fackelmann",,,998.9018747262545,2282.4884552500002,,63.71373,56.881235180943236,0.17660228253107482,0.13421,0.46253,0.61726,0.12351,980.0073726939305
"2026-04-01","561899",,"Hazel Modak Mould Strip (Plastic)","1 pc","Kitchen & Dining Needs","Hazel",,,139,399,,0.51187,65.16290726817043,0,0,,,,139
"2026-04-01","729501",,"Chumbak Wood Hamsa Platter with Dip Bowl (Brown)","1 set","Kitchen & Dining Needs","Chumbak",,,974.2608698907476,1999,,43.07126,51.40654584959626,0.06833716031446681,0.05753,0.01273,0.00601,0.02748,963.9751290923658
"2026-04-01","595116",,"ExclusiveLane Ceramic Coral Reef Serving Platter for Snacks (Red)","1 pc","Kitchen & Dining Needs","ExclusiveLane",,,1350.6097560975609,2249,,4.10714,39.94620915528853,0.0007989770050832696,0.00082,,,,1325.470530980768
"2026-04-01","762182",,"VarietyHome Silicone Collapsible Ice Face Bowl (Black)","1 pc","Kitchen & Dining Needs","VarietyHome",,,694.2380952380952,999,,8.99471,38.56726078948301,0.003158096462715767,0.00247,0.00001,0.00001,0,443.31663845579345
"2026-04-01","616339",,"Kuber Industries Cotton Floral Print Table Runner for Centre Table (Multicolour)","1 pc","Kitchen & Dining Needs","Kuber Industries",,,436,1999,,0.55662,78.18909454727364,0.00015176150636742595,0.00006,,,,436.0000000000001
"2026-04-01","501034",,"Homez it Small Zip Lock Bag (20 cm x 20 cm) (Plastic)","15 pcs","Kitchen & Dining Needs","Homez it",,,248.96985103646247,299,,89.2917,16.766904536214884,0.04196473146301942,0.06099,0.05269,0.07673,0,16.59056720175142
"2026-04-01","713733",,"Gluman Plastic Mixing Bowl (Multicolor)","4 pcs","Kitchen & Dining Needs","Gluman",,,329,386,,50.45902,14.766839378238341,0.0063398972565932386,0.00943,0.00471,0.00686,0,82.25000000000003
"2026-04-01","595667",,"Jarsome Premium Mandala Design Kitchen Container Set","4 pcs","Kitchen & Dining Needs","jarsome",,,1199,1499,,41.98896,20.0133422281521,0.0013340052067600942,0.00186,0,0,0,299.74999999999994
"2026-04-01","758767",,"Frenchware Wood Serving Tray (Brown)","1 pc","Kitchen & Dining Needs","Frenchware",,,1299,1299,,8.78338,0,0.0007889478921895538,0.00138,0,0,0,1299
"2026-04-01","559722",,"Picfest Round Tissue Paper Holder (Steel)","1 pc","Kitchen & Dining Needs","Picfest",,,153.64612558921777,199,,51.19829,23.073088163349414,0.006149111800166322,0.00831,0.00036,0.00053,0,153.0345142477808
"2026-04-01","570387",,"Chumbak Marigold Kulhad Set (Ceramic)","4 pcs","Kitchen & Dining Needs","Chumbak",,,1292.3276597222223,1595,,66.96532,18.993272685592654,0.02163213674723755,0.03044,0.37622,0.02574,1.14413,322.20468461942374
"2026-04-01","552860",,"Femora Coffee Mug (Ceramic)","1 pc","Kitchen & Dining Needs","Femora",,,139.05632035785223,300,,74.30179,53.708451305550334,0.2386987784709207,0.1931,0.21198,0.30062,0.01775,38.580767432169544
"2026-04-01","571902",,"Nautica Iconic 24-Hour Hot & Cold Thermal Bottle","1 pc","Kitchen & Dining Needs","Nautica",,,1827.1482692438315,2850,,46.39253,35.88882137231441,0.00884168254420099,0.00986,0.00887,0.01228,0.0014,1849.7266155602886
"2026-04-01","595099",,"ExclusiveLane Spice Box (Wood)","2 pcs","Kitchen & Dining Needs","ExclusiveLane",,,972.5955056179776,1675,,3.12435,41.93459667952373,0.00044151309656475563,0.00045,,,,487.9119208384442
"2026-04-01","480964",,"Fackelmann 4-sided Grater (Stainless Steel)","1 pc","Kitchen & Dining Needs","Fackelmann",,,322.2780552604125,348.3165965,,63.91136,7.468004903689909,0.07059327961839054,0.114,0.03797,0.04753,0.01703,320.6697997354801
"2026-04-01","565909",,"Milton Aura 1000 Thermal Bottle","1.05 ltr","Kitchen & Dining Needs","Milton",,,959,1165,,41.57166,17.682403433476377,0.014003933680577913,0.02012,,,,959.0000000000002
"2026-04-01","624960",,"Parage Stainless Steel Dinner Fork Set","12 pcs","Kitchen & Dining Needs","Parage",,,313.30803347280334,410,,43.8901,23.68684747251958,0.01972271193979636,0.02626,0.0245,0.00957,0.05722,312.766378912018
"2026-04-01","722835",,"CutTales Stainless Steel 5 Section Dinner Plate Set (Silver)","2 pcs","Kitchen & Dining Needs","CutTales",,,574,1499,,69.18049,61.7758300752464,0.041297697884779876,0.02739,0.01658,0.02301,0.0025,284.8042397997018
"2026-04-01","601054",,"Mush Rayon Kitchen Towel Set","5 pcs","Kitchen & Dining Needs","Mush",,,379.3625,599,,46.8236,36.66843557081896,0.004217569485395553,0.00466,0.00652,0.0095,0,75.80626941695871
"2026-04-01","701897",,"Lifelong Aluminium Casserole (Light Brown)","1 pc","Kitchen & Dining Needs","Lifelong",,,1664.1173115799872,3999,,71.5253,58.30920202970226,0.05582084327494931,0.04022,0.01059,0.01543,0,1669.8103792094023
"2026-04-01","524389",,"HOOM Polyester Insulated Lunch Bag (Grey)","1 pc","Kitchen & Dining Needs","HOOM",,,282.017125,498.87226325,,57.53688,43.44327250983924,0.13586200074760435,0.13405,0.13718,0.19979,0,282.0068758923508
"2026-04-01","595129",,"ExclusiveLane Ceramic Pickle & Chutney Jar Set","2 pcs","Kitchen & Dining Needs","ExclusiveLane",,,825,1349,,36.54585,38.84358784284655,0.0007103468175207622,0.00076,0.00017,0.00023,0.00001,412.5
"2026-04-01","712036",,"Cello Melamine Multipurpose Buffet Serving Platter (Black)","1 pc","Kitchen & Dining Needs","Cello",,,899,1050,,69.24447,14.380952380952383,0.010075118577108572,0.01506,0.00743,0.01082,0,449.5
"2026-04-01","671733",,"Parage Stainless Steel Aura Cutlery Set With Stand","25 pcs","Kitchen & Dining Needs","Parage",,,888.2525991228069,949,,47.4697,6.379778515598404,0.006851419366209214,0.01124,0.02029,0.00229,0.05974,35.66953457576269
"2026-04-01","601203",,"Umai Stainless Steel Double Walled Insulated Casserole (Multicolour)","1 pc","Kitchen & Dining Needs","Umai",,,1199,1900,,7.06313,36.89473684210526,0.0004038877525146073,0.00044,,,,1199
"2026-04-01","548897",,"Nayasa Fusion Bread Box (Plastic)","1 pc","Kitchen & Dining Needs","Nayasa",,,228.0811784951347,279,,66.54471,19.324968288144586,0.020872182234573315,0.02886,0.01554,0.00148,0.04634,222.8630489049476
"2026-04-01","603898",,"Pasabahce Enoteca Red Wine Glass Set","2 pcs","Kitchen & Dining Needs","Pasabahce",,,799,950,,12.15482,15.894736842105264,0.0002596363741426245,0.00038,,,,399.5
"2026-04-01","710205",,"Selvel Steel Casserole (Emerald Green)","1 pc","Kitchen & Dining Needs","Selvel",,,899,1713,,75.70866,47.51897256275541,0.00393267748624501,0.0036,0.00295,0.00297,0.00292,898.9999999999999
"2026-04-01","498787",,"Sashaa World Jute Jute Placemat (Natural)","4 pcs","Kitchen & Dining Needs","sashaa world",,,1130.2,1499,,6.45492,24.603068712474983,0.0000910418536828355,0.00011,0,0,0,300.58055022043544
"2026-04-01","401903",,"GHH Anodized Coating Glossy Cookware Set (Aluminium)","1 unit","Kitchen & Dining Needs","GHH",,,1363,3300,,0.0137,58.696969696969695,0.00020042556152621458,0.00014,,,,1363
"2026-04-01","603352",,"The Better Home Insulated Thermal Bottle","1 pc","Kitchen & Dining Needs","The Better Home",,,799,2170,,0.00031,63.17972350230415,0.00026359004165131295,0.00017,,,,799
"2026-04-01","540357",,"Vinayak Butter/Jam Knife (Stainless Steel)","1 pc","Kitchen & Dining Needs","Vinayak",,,48.53773635525513,149,,7.12128,67.50386338622222,0.003642438679728115,0.00205,0.00227,0.00331,0,48.1516286464941
"2026-04-01","595353",,"Smokey Cocktail Premium Whiskey Glass Set","6 pcs","Kitchen & Dining Needs","SMOKEY COCKTAIL",,,2999,2999,,1.66709,0,0,0,0.00007,0.0001,0,499.83333333333326
"2026-04-01","595262",,"Speedex Thermoflask Double Wall Thermal Bottle","1 pc","Kitchen & Dining Needs","Speedex",,,699,895,,43.17729,21.899441340782126,0.02353361340572882,0.03208,0.00563,0.00344,0.0104,699.0000000000002
"2026-04-01","553672",,"Hazel Round Springform Cake Mould (Aluminium)","1 pc","Kitchen & Dining Needs","Hazel",,,256.43213017288036,749,,32.17982,65.55715228747039,0.08696183753575079,0.05241,0.0199,0.02764,0.00294,258.2899350750446
"2026-04-01","539793",,"Bottle Opener Full Houz","1 pc","Kitchen & Dining Needs","fullhouz",,,108.49449773284987,149,,86.4606,27.16801286878792,0.004973915426927027,0.00633,0.007,0.0102,0,108.52781702061097
"2026-04-01","526345",,"Nayasa Round Shape Salt & Pepper Shaker (Plastic)","1 set","Kitchen & Dining Needs","Nayasa",,,103.73048615495367,114.52812740425533,,54.06225,8.677451831765275,0.0066950723051991245,0.01088,0.02913,0.04243,0,105.50273940677198
"2026-04-01","606684",,"Cutting EDGE Rectangle Glass Lunch Box Set","2 pcs","Kitchen & Dining Needs","Cutting Edge",,,599,1100,,48.67546,45.54545454545454,0.07176799478807712,0.06821,0.05346,0.04124,0.08023,299.4999999999999
"2026-04-01","493502",,"Solara Insulated Thermal Bottle","1 pc","Kitchen & Dining Needs","Solara",,,1038.193178571567,1999,,55.15441,47.62336948770982,0.05821774477298004,0.0538,0.08223,0.06349,0.12328,1066.2492838938435
"2026-04-01","400577",,"Walton Milk Mug (Bone China)","1 pc","Kitchen & Dining Needs","Walton",,,397,399,,0.49187,0.5012531328320802,0,0,,,,397
"2026-04-01","595068",,"Lynrex Plastic Mini Pull & Chop Chopper (400 ml)","1 pc","Kitchen & Dining Needs","Lynrex",,,149,349,,3.94108,57.306590257879655,0.0009485438515519835,0.00071,,,,148.99999999999997
"2026-04-01","607765",,"Brick Brown Wood Roti Box Casserole (Multicolour)","1 pc","Kitchen & Dining Needs","brick brown",,,2299,3899,,26.75234,41.0361631187484,0.0009472235937166936,0.00097,0.00091,0.00133,0,2299
"2026-04-01","582268",,"Rabitat Stainless Steel Kids Water Bottle & Lunch Box Set","1 set","Kitchen & Dining Needs","Rabitat",,,1474.6413995418804,1999,,50.34734,26.123410892039196,0.0407293766286678,0.05224,0.02097,0.03055,0,1469.5349897482606
"2026-04-01","521100",,"The Artment Amethyst Noir Glass Set (Glass)","4 pcs","Kitchen & Dining Needs","The Artment",,,1196.5675675675675,1199,,2.51917,0.20287176250479003,0.0003641065582426604,0.00064,0,0.00001,0,299.72826437666583
"2026-04-01","507282",,"Ocean Unity Hiball Water Glass","6 pcs","Kitchen & Dining Needs","O'cean",,,599.0485083503262,798.922093,,59.86588,25.010430311271016,0.04550175850512348,0.05961,0.04267,0.06214,0,99.84145021694663
"2026-04-01","595117",,"ExclusiveLane Coffee Mug Set (Ceramic)","2 pcs","Kitchen & Dining Needs","ExclusiveLane",,,625,1160,,1.03243,46.12068965517241,0.00007045268236241528,0.00007,,,,312.5
"2026-04-01","611329",,"WonderStand 2-Tier Multipurpose Shelf Organizer","1 pc","Kitchen & Dining Needs","WonderStand",,,449,499,,58.53773,10.020040080160324,0.05854652505056831,0.09195,0.0273,0.03976,0,449.0000000000001
"2026-04-01","568806",,"The Indus Valley Pre-Seasoned 9 Pit Appe Pan (Iron)","1 pc","Kitchen & Dining Needs","The Indus Valley",,,1309,2033.6303614166666,,48.22858,35.620101395192485,0.06398238604903242,0.07193,0.03724,0.04407,0.02228,1309.0000000000002
"2026-04-01","597227",,"Gluman Plastic Squeezy Sauce Bottle Set","4 pcs","Kitchen & Dining Needs","Gluman",,,289,316,,37.10658,8.544303797468357,0.020715006140558732,0.03307,0.00148,0.00216,0,72.25
"2026-04-01","526326",,"Nayasa Dorino Plastic Bottle","1 pc","Kitchen & Dining Needs","Nayasa",,,128.9998210335648,158.31704824034335,,35.46562,18.30612638814526,0.026085919600220372,0.03716,0.08823,0.04783,0.17673,128.99886136992313
"2026-04-01","594596",,"BeastLife Classic Protein Gym Shaker for Workout","1 pc","Kitchen & Dining Needs","BeastLife",,,299.58672916666666,699,,16.69519,57.15279662305284,0.013988004585768037,0.01044,0.04449,0.0639,0.00195,299.16570312069746
"2026-04-01","752117",,"Gluman Polypropylene Lightweight Serving Tray (Brown)","1 pc","Kitchen & Dining Needs","Gluman",,,169,169,,7.93317,1.400371137886978e-14,0.0006987432707387301,0.00122,0.00027,0.00039,0,168.99999999999997
"2026-04-01","577751",,"Glasafe SYP Glass Bottle","1 pc","Kitchen & Dining Needs","Glasafe",,,399,1949,,0.43548,79.52796305797845,0,0,,,,399
"2026-04-01","635369",,"REFFO Motivational Time Mark Plastic Bottle","1 pc","Kitchen & Dining Needs","Reffo",,,399,1499,,37.54664,73.38225483655769,0.11234982467773133,0.0522,0.01432,0.02085,0,399.00000000000006
"2026-04-01","620923",,"Milton Mayo Plastic Bottle Set","6 pcs","Kitchen & Dining Needs","Milton",,,204.99062788889077,270,,23.46806,22.595954193719937,0.17313628831223127,0.23456,0.18224,0.26542,0,34.84184874371868
"2026-04-01","384262",,"Vinayak Stainless Steel Dessert Spoon Set","6 pcs","Kitchen & Dining Needs","Vinayak",,,162.82717508518274,295.0554168907563,,42.35499,46.180490184030035,0.06656540235908628,0.06199,0.0942,0.13719,0,26.568718964409843
"2026-04-01","627376",,"Royalkart 2-Tier Vegetable Fruit Basket","1 pc","Kitchen & Dining Needs","Royalkart",,,699,1999,,5.5038,65.03251625812906,0.002898650492856592,0.00177,0.00002,0.00002,0.00002,699.0000000000001
"2026-04-01","638994",,"Ritualistic Wood Cake Stand (Light Blue)","1 pc","Kitchen & Dining Needs","RITUALISTIC",,,2499,2499,,3.21909,0,0,0,0.00004,0.00007,0,2499
"2026-04-01","603416",,"Home Focus Steel Wall Bottle","1 pc","Kitchen & Dining Needs","home focus",,,252.71896103896106,495,,6.31328,48.90536398467433,0.0005360381643018608,0.00046,,,,245.18858882843313
"2026-04-01","626843",,"Borosil Borosilicate Glass Round Storage Container","1 pc","Kitchen & Dining Needs","Borosil",,,271.06559920946296,315.05962304166667,,62.7831,14.376544998386636,0.05124123471208075,0.07724,0.05863,0.07505,0.02267,269.73347286773696
"2026-04-01","676269",,"Femora Ceramic Japanese Ramen Mandala Print Bowl Set (Blue)","2 pcs","Kitchen & Dining Needs","Femora",,,362.9393327920332,550,,59.53388,34.128252396420855,0.027796133971653363,0.03206,0.02107,0.03068,0,114.82816467100709
"2026-04-01","539713",,"Big Blue Apron (Cotton)","1 pc","Kitchen & Dining Needs","Big Blue",,,191.36122389302153,310.1301785,,78.28115,38.193788648093275,0.14413189576670923,0.15502,0.18219,0.26535,0,192.1805309622548
"2026-04-01","499042",,"Zenker Cookie Cutter (Colour may Vary)","6 pcs","Kitchen & Dining Needs","Zenker",,,237.80142474747475,249,,5.63916,4.497419780130617,0.0006939953713912299,0.00113,0.00003,0.00004,0,39.376146618063686
"2026-04-01","452783",,"Alina PVC Floral Table Cover (Transparent)","1 pc","Kitchen & Dining Needs","alina",,,599,599,,4.07106,0,0.00018190150230973812,0.00032,,,,599
"2026-04-01","554115",,"Pasabahce Rain Water Glass Set","6 pcs","Kitchen & Dining Needs","Pasabahce",,,549.0072653990152,1499,,54.70846,63.37464376396862,0.030266615701831614,0.01935,0.00216,0.00315,0,91.50559756903273
"2026-04-01","571881",,"Pieces and Accents Aluminium Serving Platter Set (Golden)","2 pcs","Kitchen & Dining Needs","pieces and accents",,,2279,3399,,50.57014,32.95086790232421,0.005057739045114025,0.00592,0.00075,0.00109,0,2279
"2026-04-01","543154",,"Amaya Decors Napkin Ring (Aluminium)","6 pcs","Kitchen & Dining Needs","Amaya Decors",,,630.278590713544,1299,,2.55587,51.00500946454527,0.009385719692663363,0.00834,0,0,0,110.23310043872534
"2026-04-01","579683",,"Indigifts Wood Ludo Coaster Set of 4, Board Game Gift Set for Kids","4 pcs","Kitchen & Dining Needs","Indigifts",,,399,1199,,13.51205,66.72226855713095,0.0006189811854535339,0.00036,0.00008,0.00011,0,399
"2026-04-01","587124",,"The Better Home Insulated Thermosteel Rustproof Thermal Bottle with Lid","1 pc","Kitchen & Dining Needs","The Better Home",,,1399,4999,,65.14084,72.0144028805761,0.0898596958010242,0.04389,0.01074,0.01463,0.00222,1399.0000000000002
"2026-04-01","568405",,"Wonderchef Stainless Steel Venice Plate Set (Silver)","6 pcs","Kitchen & Dining Needs","Wonderchef",,,948.5801225826754,1999.9460793243245,,61.34037,52.644654427531854,0.0702337252712653,0.05896,0.00612,0.00891,0,157.96681543507498
"2026-04-01","701243",,"Tied Ribbons Ceramic Marble Coaster Set With Holder (Multicolour)","6 pcs","Kitchen & Dining Needs","Tied Ribbons",,,499,1699,,29.8416,70.62978222483814,0.004657941249489945,0.00239,0.00073,0.00106,0,83.16666666666664
"2026-04-01","676710",,"HomeCloud Stainless Steel, Plastic Cutlery Set","1 set","Kitchen & Dining Needs","HomeCloud",,,284,999,,18.1014,71.57157157157157,0.026665875924589143,0.01323,0.00853,0.01242,0,284
"2026-04-01","692169",,"Glasafe Glass 500ml Serving Bowl (Light Grey)","1 pc","Kitchen & Dining Needs","Glasafe",,,479,1149,,37.65158,58.31157528285465,0.0033670040340057703,0.00245,0.00198,0.00288,0,479.00000000000006
"2026-04-01","637179",,"Yellocut Plastic Container Set","2 pcs","Kitchen & Dining Needs","Yellocut",,,331,499,,40.62957,33.66733466933868,0.002800343212568431,0.00324,0.00012,0.00018,0,165.5
"2026-04-01","519979",,"Super Mom by Apex Coconut Opener","1 pc","Kitchen & Dining Needs","super mom by apex",,,83.8925897811901,150,,90.62538,44.41550462803094,0.7599470418925242,0.73922,0.04954,0.07215,0,83.37674305795359
"2026-04-01","549025",,"Borosil Borosilicate Glass Glass Foodluck Lunch Box","3 pcs","Kitchen & Dining Needs","Borosil",,,924.7134108188322,1445,,67.69036,36.12188554804977,0.0701197702207736,0.07812,0.02818,0.04104,0,307.34336535590444
"2026-04-01","498598",,"Solara Protein Gym Shaker (Blue, Black)","650 ml","Kitchen & Dining Needs","Solara",,,324.39105311146534,999,,49.06149,68.21363397740801,0.12749452581079462,0.07047,0.14338,0.1928,0.03509,316.3969999075324
"2026-04-01","659996",,"Trisara Stainless Steel 14 cm Milk Warmer Jug (Silver)","1 pc","Kitchen & Dining Needs","Trisara",,,1109,1786.9509202453987,,2.78856,37.93897820944612,0.0019894971879366352,0.00217,,,,1109
"2026-04-01","615808",,"Femora Borosilicate Straight Visionary Glass Set","6 pcs","Kitchen & Dining Needs","Femora",,,344.8007811382111,660,,66.08348,47.726416390580354,0.5097059829074236,0.4683,0.48792,0.71061,0,57.506418024031944
"2026-04-01","559872",,"House Of Festivals Friends Infographic Printed Mug (Ceramic)","1 pc","Kitchen & Dining Needs","House of Festivals",,,444,599,,48.42355,25.876460767946586,0.0011443940619186666,0.00148,0.00225,0.00328,0,444.00000000000006
"2026-04-01","496183",,"Ocean White Wine Glass","6 pcs","Kitchen & Dining Needs","O'cean",,,1049,1152,,11.10855,8.940972222222221,0.00020990022443472656,0.00033,,,,174.83333333333326
"2026-04-01","439645",,"Acroware Melamine 8"" Swiss Platter (White)","1 pc","Kitchen & Dining Needs","acroware",,,248.1960504201681,255,,27.36049,2.668215521502713,0.0000309748595085968,0.00005,0.00064,0.00093,0,252.17885017421602
"2026-04-01","565260",,"Vinod Anodized Coating Black Pearl Multifunctional Kadai with Idli & Dhokla Stand","1 unit","Kitchen & Dining Needs","Vinod",,,2417.9752319033937,3419.06603275,,46.7484,29.284179365945963,0.00889482519963461,0.01046,0.02333,0.03397,0,2351.340514640246
"2026-04-01","558940",,"House of Quirk Double Insulated Tumbler (Khaki)","1 pc","Kitchen & Dining Needs","House of Quirk",,,1099,1999,,34.15391,45.02251125562782,0.036249865328556924,0.03478,0.0126,0.01835,0,1099
"2026-04-01","537877",,"Mad Over Print Pineapple Slogan Coffee Mug (Ceramic)","1 pc","Kitchen & Dining Needs","Mad Over Print",,,499,499,,7.04976,0,0.00010607358859224567,0.00019,,,,499.0000000000001
"2026-04-01","760700",,"HomeEssentials Steel Designer Spoon Set","3 pcs","Kitchen & Dining Needs","HomeEssentials",,,323.2105263157895,1299,,2.92728,75.11851221587456,0.0009467374706274646,0.0004,0.01032,0.00001,0.03291,312.3685423468408
"2026-04-01","595960",,"Jarsome Mandala Design Airtight Storage Container Set","2 pcs","Kitchen & Dining Needs","jarsome",,,799,1099,,41.54507,27.297543221110107,0.007991518308344374,0.01014,0.00446,0.00282,0.00805,399.5000000000001
"2026-04-01","622054",,"ExclusiveLane Ceramic Pickle & Chutney Jar","1 pc","Kitchen & Dining Needs","ExclusiveLane",,,649,999,,29.49472,35.03503503503504,0.0037348488933810066,0.00423,0.0018,0.00245,0.00038,649
"2026-04-01","576483",,"Glasafe Glass Bottle with Silicone Cover","1 pc","Kitchen & Dining Needs","Glasafe",,,699,1449,,47.96529,51.759834368530015,0.0500110442978345,0.04211,0.04638,0.06754,0,699.0000000000002
"2026-04-01","664487",,"Ireka Homes Wood Cake Stand (Light Brown)","1 set","Kitchen & Dining Needs","Ireka Homes",,,389,515,,1.14731,24.466019417475728,0.00007819639723956449,0.0001,,,,388.99999999999994
"2026-04-01","715658",,"HomeEssentials Multi-Purpose Rattan Storage Basket / Tray Set","3 pcs","Kitchen & Dining Needs","HomeEssentials",,,1268.5652173913043,2999,,68.78202,57.694328273187296,0.04641583772373061,0.03421,0.01671,0.00996,0.0315,422.176756739127
"2026-04-01","480973",,"Happy Kitchen Stainless Steel Dinner Fork Set","6 pcs","Kitchen & Dining Needs","Happy Kitchen",,,248.76213414634145,269,,39.47882,7.523370205821022,0.00024343196749323004,0.0004,0.00153,0.00223,0,42.32555534328148
"2026-04-01","701244",,"Tied Ribbons Cotton Coaster Set with Holder (Grey)","6 pcs","Kitchen & Dining Needs","Tied Ribbons",,,399,1499,,16.53168,73.3822548365577,0.0006008760156606472,0.00028,0.00005,0.00007,0,66.5
"2026-04-01","596302",,"FunBlast Stainless Steel Lunch Box for Kids","1 pc","Kitchen & Dining Needs","FunBlast",,,734,999,,3.5522,26.526526526526528,0.0010921371052619365,0.0014,0.00001,0.00001,0,734
"2026-04-01","706367",,"Hazel Stainless Steel Snack Plate (Silver)","1 pc","Kitchen & Dining Needs","Hazel",,,99.16353677516234,169,,88.56806,40.97908210136077,0.08569817696375494,0.08849,0.01374,0.02001,0,99.764095251637
"2026-04-01","542070",,"Milton Steel Deluxe Mini Lunch Box","1 pc","Kitchen & Dining Needs","Milton",,,509,690,,8.73303,26.23188405797101,0.0061274259366142425,0.00789,0.0006,0.00052,0.00079,509
"2026-04-01","625553",,"Bengalen Baby Dinner Set for Rice Ceremony (Silver)","1 set","Kitchen & Dining Needs","BENGALEN",,,999,1899,,2.70505,47.39336492890995,0.0004856369661398077,0.00042,0.00004,0.00006,0,999.0000000000001
"2026-04-01","188774",,"Fackelmann Bamboo Solid Spoon","1 pc","Kitchen & Dining Needs","Fackelmann",,,126.09025229782881,146.11097991666665,,50.66638,13.778207003650882,0.004404484724229397,0.00667,0.00977,0.01422,0,125.86189032651026
"2026-04-01","526347",,"Nayasa Square Masala Box with Spoons (Plastic)","1 pc","Kitchen & Dining Needs","Nayasa",,,169.0959667780577,229,,63.74574,26.47382972670364,0.0906264478377101,0.11532,0.05088,0.05084,0.05098,168.35710491375903
"2026-04-01","588880",,"Indigifts Printed Beer Mug - with I make Beer Quote","1 pc","Kitchen & Dining Needs","Indigifts",,,499,2099,,10.35306,76.22677465459742,0.00038244859460826,0.00016,0.00001,0.00001,0,499
"2026-04-01","553254",,"Judge by Prestige Classic 1.4 ltr Milk Pan (Stainless Steel)","1 pc","Kitchen & Dining Needs","Judge",,,381.3869047619048,575,,1.65028,33.671842650103514,0.00048891756817188,0.00056,0.00001,0.00001,0,376.6656464688607
"2026-04-01","709728",,"Selvel Stainless Steel Royal Coral Casserole (Black)","1 pc","Kitchen & Dining Needs","Selvel",,,999,1070,,61.78977,6.635514018691586,0.0019690905860822593,0.00321,0.00184,0.00222,0.00102,999.0000000000001
"2026-04-01","675918",,"Two Moustaches Traditional Print Serving Tray Set (Multicolour)","2 pcs","Kitchen & Dining Needs","Two Moustaches",,,675,1595,,10.36208,57.68025078369906,0.002497370459102497,0.00184,0.00029,0.00042,0.00001,674.9999999999998
"2026-04-01","588426",,"Nike Fuel Jug Plastic Bottle","1 pc","Kitchen & Dining Needs","Nike",,,2594.218193493607,2599,,14.85108,0.18398639886082385,0.0066249763803362255,0.01156,0.00439,0.0064,0,2593.981677834864
"2026-04-01","625494",,"Oliveware Stainless Steel Magma Lunch Box","1 set","Kitchen & Dining Needs","Oliveware",,,929,1950,,18.05346,52.358974358974365,0.014190676371223792,0.0118,0.00113,0.00164,0,928.9999999999998
"2026-04-01","764317",,"Classic Essentials Stainless Steel Cutlery Set","1 set","Kitchen & Dining Needs","Classic Essentials",,,288.0911111111111,499,,15.86063,42.26631039857492,0.0001562313607995724,0.00015,0.00009,0.00013,0,279.0949796157168
"2026-04-01","552718",,"Femora Coffee Mug (Ceramic)","1 pc","Kitchen & Dining Needs","Femora",,,141.0660134482546,300,,88.28398,53.062902804400665,0.1601385113574812,0.13174,0.30607,0.44014,0.01232,140.81129158679798
"2026-04-01","599911",,"Kuber Industries Cylinder Cover (PVC)","1 pc","Kitchen & Dining Needs","Kuber Industries",,,259,1099,,0.43817,76.43312101910828,0.0008343471971561363,0.00034,,,,259
"2026-04-01","663136",,"HAZEL Stainless Steel Mixing Bowl Set (Silver)","1 set (2 pieces)","Kitchen & Dining Needs","Hazel",,,243.19312227850224,399,,52.48003,39.33656051586807,0.03284154702693859,0.03527,0.01459,0.02125,0,241.5306416774305
"2026-04-01","601231",,"Umai Stainless Steel Double-Walled Insulated Casserole (Multicolour)","1 pc","Kitchen & Dining Needs","Umai",,,1279,2149,,0.6967,40.4839460214053,0,0,,,,1279
"2026-04-01","621639",,"Unify Soup & Juice Strainer for Kitchen (Stainless Steel)","2 pcs","Kitchen & Dining Needs","Unify",,,408.6242916666667,599,,50.17966,32.26460589133527,0.092383261334403,0.10918,0.02496,0.02693,0.02065,405.60167022296434
"2026-04-01","664570",,"Cello Opalware Dinner Set (Dazzle Blue Swirl)","18 pcs","Kitchen & Dining Needs","Cello",,,1640.0607724401714,2099.524475458333,,72.68911,21.886257171250044,0.018209996187871082,0.02507,0.08197,0.00806,0.2439,1642.0316567929603
"2026-04-01","597216",,"Gluman Stainless Steel Mixing Bowl Set (Silver)","3 pcs","Kitchen & Dining Needs","Gluman",,,799,999,,16.37545,20.02002002002002,0.0008442826566511025,0.00118,0.00008,0.00012,0,266.33333333333337
"2026-04-01","756488",,"Ramila Stainless Steel Aura Insulated Casserole (White)","1 pc","Kitchen & Dining Needs","Ramila",,,359,529,,31.72414,32.136105860113425,0.001124508930934371,0.00133,0.00063,0.0004,0.00112,359.00000000000006
"2026-04-01","607089",,"Cutting Edge Glass 2 Compartments Lunch Box","1 pc","Kitchen & Dining Needs","Cutting Edge",,,495,795,,43.80681,37.73584905660378,0.07730212207069177,0.08401,0.07071,0.05498,0.10517,495.00000000000006
"2026-04-01","562791",,"Pasabahce Amber Red Wine Glass Set (365 ml)","2 pcs","Kitchen & Dining Needs","Pasabahce",,,599,649,,14.87986,7.70416024653313,0.003521118718670571,0.00567,0.00048,0.0007,0,299.5
"2026-04-01","606548",,"Vesta Homes Wood Spoon Set","2 pcs","Kitchen & Dining Needs","Vesta Homes",,,349,899,,39.21209,61.179087875417125,0.04841676682128657,0.03281,0.01687,0.0241,0.00103,174.5
"2026-04-01","633154",,"Irida Naturals Eco-Friendly Soft Beige Bottle (300 ml)","1 pc","Kitchen & Dining Needs","Irida Naturals",,,420,699,,29.91182,39.91416309012877,0.02807497767397222,0.02944,0.08526,0.05162,0.15897,419.99999999999983
"2026-04-01","772024",,"Unify Stainless Steel Serving & Mixing Bowl Set (Silver)","3 pcs","Kitchen & Dining Needs","Unify",,,611.5,1249,,18,51.11065596663377,0.0008571958933751806,0.00072,0.00007,0,0.00022,599.0212469088403
"2026-04-01","595016",,"New Dawn Kitchen Sink Organizer with Drain Tray (Stainless Steel)","1 pc","Kitchen & Dining Needs","New Dawn",,,899,1200,,32.84777,25.083333333333336,0.008170549169997888,0.01068,0.00073,0.00106,0,899
"2026-04-01","717783",,"Shree Shyam Stainless Steel Dessert Spoon Set (6 units)","6 pcs","Kitchen & Dining Needs","Shree Shyam",,,189,399,,42.71837,52.63157894736842,0.002665659968298654,0.0022,0.00001,0.00001,0,31.5
"2026-04-01","607576",,"Brick Brown Prism Cutlery Holder (Wood)","1 pc","Kitchen & Dining Needs","brick brown",,,1399,2299,,2.10231,39.147455415398,0,0,,,,1399
"2026-04-01","572025",,"Pieces and Accents Solid Round Chopping Board (Wood)","1 pc","Kitchen & Dining Needs","pieces and accents",,,679.6,1099,,11.01993,38.16196542311192,0.0001334954495101505,0.00018,,,,702.0771245198285
"2026-04-01","582264",,"Homestrap Sealing Clips (Plastic)","12 pcs","Kitchen & Dining Needs","Homestrap",,,159.00028571428572,232.7041119583333,,82.0811,32.70540461642203,0.0848836106762911,0.09123,0.02145,0.03123,0,13.250028917818106
"2026-04-01","587684",,"Adidas FM9935 Perf Plastic Bottle","1 pc","Kitchen & Dining Needs","Adidas",,,689.0625268817205,699,,8.94297,1.421669974002796,0.0011462520068740145,0.00197,0.00051,0.00074,0,689.0506737918215
"2026-04-01","603157",,"Oliveware Glass Storage Container","1 pc","Kitchen & Dining Needs","Oliveware",,,299,549,,50.67911,45.53734061930782,0.0028738784400671197,0.00273,0.00326,0.00475,0,299
"2026-04-01","630177",,"The Better Home Steel Wall Bottle for Fridge","1 pc","Kitchen & Dining Needs","The Better Home",,,399.00373888888885,1099,,40.32122,63.6939451129099,0.016055953622432652,0.01017,0.01292,0.01746,0.00298,399.00001016805527
