"Date","Product ID","Item ID","Product Name","Grammage","Category","Brand","Offtake MRP","Offtake SP","SP","MRP","Units","Wt. OSA %","Wt. Discount %","Est. Category Share","Est. Category Share SP","Overall SOV","Organic SOV","Ad SOV","Wt. PPU (x100)"
"2026-03-01","579846",,"Resin Ganesha Idol (6"") by Tied Ribbons","1 pc","Home Decor","Tied Ribbons",,,599.3199847204316,1299,,65.31797,53.86467640627271,0.12509493067690844,0.13021,0.06933,0.11845,0,599.1300738050103
"2026-03-01","579528",,"House of Quirk Cotton Foldable Cloth Organizer with Metal Frame (Grey)","2 pcs","Home Decor","House of Quirk",,,699,1999,,42.98371,65.03251625812906,0.10984091094559682,0.0867,0.01979,0.03382,0,349.5
"2026-03-01","596372",,"FunBlast Paper Foldable Ottoman (Green)","1 unit","Home Decor","FunBlast",,,629,999,,0.02483,37.03703703703704,0.003919179012494937,0.00557,,,,629
"2026-03-01","540644",,"Scented Candle (Apple Cinnamon) by Auradecor","1 pc","Home Decor","Auradecor",,,182.54379646088088,999,,85.95208,82.27340559080514,0.2791448374426092,0.10475,0.31016,0.52993,0,171.9079528573174
"2026-03-01","637075",,"ExclusiveLane Joyful Family Modern Showpiece (7.7"" x 10.5"", Multicolour)","1 pc","Home Decor","ExclusiveLane",,,1299,2825,,0.56675,54.017699115044245,0,0,,,,1299
"2026-03-01","554601",,"Homestrap Plastic Multi-Functional Small Basket (Brown)","1 unit","Home Decor","Homestrap",,,167.1521824670771,299,,70.34026,44.17872984301765,1.0941694555943897,1.37537,4.08779,3.867,4.39941,166.90556285111663
"2026-03-01","559285",,"Tealight Candle Set (Unscented) by Auradecor","10 pcs","Home Decor","Auradecor",,,115.2105272868718,299,,75.90565,61.42718727074406,0.03463088716206296,0.03012,0.02989,0.05106,0,11.602918489329076
"2026-03-01","599777",,"Kuber Industries Foldable Drawer Organizer (Black)","12 pcs","Home Decor","Kuber Industries",,,887,3999,,0.34606,77.81945486371593,0,0,,,,73.91666666666666
"2026-03-01","564426",,"Sammsara Glasgow Globe Showpiece (13.5"", Golden)","1 pc","Home Decor","Sammsara",,,1299,1689,,0.13598,23.090586145648313,0.0018931769918787212,0.00329,0,0.00001,0,1299
"2026-03-01","606557",,"House of Quirk Plastic Lazy Susan 360 Degree Storage Box (Green)","1 unit","Home Decor","House of Quirk",,,499,699,,44.34478,28.61230329041487,0.03851004296700623,0.06205,0.00297,0.00507,0,498.99999999999994
"2026-03-01","535395",,"Painted Diya Set (Multicolour) by Satvik","12 pcs","Home Decor","Satvik",,,244.0192258064516,399,,22.34539,38.84229929662867,0.0009503714872641625,0.00131,0.001,0.00172,0,244.00100548291863
"2026-03-01","571800",,"Pieces and Accents Decorative Poly Resin Horse Figurines (11"", Golden)","1 pc","Home Decor","pieces and accents",,,1284.7648019431504,2499,,28.00294,48.58646686412059,0.03583500741609428,0.04131,0.00056,0.00095,0,1297.1742004445887
"2026-03-01","599803",,"Kuber Industries Brocade Jewellery Organizer (Red)","10 pcs","Home Decor","Kuber Industries",,,442,949,,0.39922,53.42465753424658,0.0017285462534117684,0.00182,,,,44.199999999999996
"2026-03-01","570534",,"Multipurpose Tea Light Candles (Unscented) by IRIS","50 pcs","Home Decor","Iris",,,224.9891255911718,299,,4.37644,24.868336115419872,0.0023998851412232697,0.00314,0.00001,0.00001,0,3.577950511481721
"2026-03-01","559248",,"7 Chakras Essential Oil by Auradecor","7 pcs","Home Decor","Auradecor",,,449.78485638810855,1499,,78.86187,70.07994908486342,0.33293959869519546,0.21502,0.00067,0.00114,0,64.64370231429531
"2026-03-01","561738",,"Soulflower Reed Diffuser Set (Walk in the Wood)","1 pc","Home Decor","Soulflower",,,455.16960373005406,799,,78.83151,42.838112974123725,0.49843611760073075,0.64033,1.09684,0.31166,2.20502,457.40011187133706
"2026-03-01","531773",,"Stone Studded Matki Design Wax Diya Set (Multicolour) by DiaCraft","6 pcs","Home Decor","DiaCraft",,,,,,0,,0,0,,,,
"2026-03-01","608611",,"House Of Wemy Vastu Elephant Showpiece (2"", Silver)","1 pc","Home Decor","House Of Wemy",,,799,899,,0.4065,11.123470522803114,0,0,,,,799
"2026-03-01","570585",,"Oil Vaporizer Set (Colour may Vary) by IRIS","1 set","Home Decor","Iris",,,1076.0740740740741,1750,,0.74435,38.51005291005291,0.0004903874841046136,0.00016,,,,320.1016606085179
"2026-03-01","587071",,"Satyam Kraft Mini Couples Miniature Figurines (3 x 5 cm, Multicolour)","2 pcs","Home Decor","Satyam Kraft",,,199.0476761904762,1200,,26.72559,83.40601691043788,0.10476605414398174,0.03922,0.02639,0.04508,0,199.20767007220246
"2026-03-01","477886",,"Votive Scented Candle (Raspberry, Red) by Auradecor","6 pcs","Home Decor","Auradecor",,,99.00270161290324,449,,89.37724,77.95054130326508,3.8192859774334273,1.90084,1.87055,3.19591,0,16.50034497017501
"2026-03-01","605417",,"Butterfly Evil Eye Wall Hanging by (Dark Blue) - Tied Ribbons","1 pc","Home Decor","Tied Ribbons",,,299,999,,30.59038,70.07007007007007,0.09424474318756948,0.06367,0.07176,0.1226,0,299
"2026-03-01","625382",,"House of Quirk Polyester Foldable Cloth Organizer (Grey)","8 pcs","Home Decor","House of Quirk",,,855.6833802816902,1999,,42.58739,57.19608382253463,0.10034570696277123,0.10056,0.01882,0.03215,0,106.95305699591977
"2026-03-01","547449",,"Surreal Bull Showpiece (Black) - The Artment","1 pc","Home Decor","The Artment",,,1300.7992905519673,2499,,40.53944,47.94138216060518,0.14527126102698912,0.17287,0.35942,0.00523,0.85932,1303.1647831047128
"2026-03-01","631016",,"Ceramic Clay Oil Diffuser (Yellow) by Prosperro Lumo","1 pc","Home Decor","Prosperro lumo",,,199,599,,38.27196,66.7779632721202,0.005956860388327923,0.00447,0.00779,0.01331,0,199.00000000000006
"2026-03-01","571989",,"Taper Candle Holder (Golden) - Pieces and Accents","3 pcs","Home Decor","pieces and accents",,,1409,3399,,49.92454,58.54663136216534,0.0019049462982225498,0.00178,0.00243,0.00415,0,469.66666666666663
"2026-03-01","604502",,"2 Wicks Scented Candle (Teak Wood Aroma, Blue) by The Better Home","1 pc","Home Decor","The Better Home",,,559,1999,,0.00044,72.03601800900451,0.0005601626574287406,0.00035,,,,559
"2026-03-01","606588",,"House of Quirk Plastic Multifunctional Desk Organizer With Drawer (Pink)","1 unit","Home Decor","House of Quirk",,,549,999,,26.55338,45.04504504504504,0.007964331636105782,0.00988,0.00167,0.00286,0,549
"2026-03-01","563916",,"House of Quirk Paper Foldable Cloth Storage Box (Grey, White)","6 pcs","Home Decor","House of Quirk",,,699,999,,58.09906,30.030030030030037,0.09450927011695338,0.14926,0.01675,0.01879,0.01386,116.49999999999999
"2026-03-01","612627",,"Ekhasa Pure Brass Lord Krishna God Idol with Flute (4.5"" x 2.7"", Golden)","1 pc","Home Decor","Ekhasa",,,1199,1999,,5.26201,40.020010005002504,0.0005601626574287406,0.00076,,,,1199
"2026-03-01","564380",,"Sammsara Antique Finish Giraffe Decorative Showpiece (2 pcs) (Golden)","2 pcs","Home Decor","Sammsara",,,1299,1689,,0.00002,23.090586145648313,0.0011785026774445036,0.00205,,,,1299
"2026-03-01","602152",,"Satyam Kraft Hanging Legs Cute Boy and Girl Showpiece (4.7"" x 1"", Multicolour)","2 pcs","Home Decor","Satyam Kraft",,,299,1200,,10.26272,75.08333333333333,0.01349050770941712,0.00759,0.0014,0.00239,0,149.5
"2026-03-01","565970",,"The Artment Nordic Elephant Sculpture Showpiece (8"", Golden, Black)","1 pc","Home Decor","The Artment",,,999,1249,,8.09529,20.0160128102482,0.0049849527517840326,0.009,0.01839,0.0002,0.04406,999
"2026-03-01","597893",,"Storite Nylon Multipurpose Storage Bag (Black)","1 pc","Home Decor","Storite",,,399,1999,,10.87921,80.04002001000501,0.03978406281274302,0.01792,0.00032,0.00055,0,399.0000000000001
"2026-03-01","605351",,"Blue Evil Eye Ganesha Hangings (Dark Blue) - Tied Ribbons","2 pcs","Home Decor","Tied Ribbons",,,299.0141091260261,3999,,41.96029,92.52286119853643,0.5517784381348592,0.09312,0.0403,0.06885,0,149.50076515155035
"2026-03-01","570354",,"Chumbak Wood Marigold Tissue Box (Multicolour)","1 unit","Home Decor","Chumbak",,,749.0005184331796,995,,62.8847,24.723520567387183,0.20434760694711981,0.34722,0.10605,0.18119,0,749.0014176485709
"2026-03-01","568431",,"Sacred Puja Diya with Ghee by Shubhkart","20 pcs","Home Decor","Shubh kart",,,190.1836353076448,284.0357554032258,,75.40836,33.01381101561481,0.525295804921796,0.78323,1.13466,1.93862,0,190.19070613220103
"2026-03-01","559003",,"Peacock Pride Wall Clock (Red) - Teal By Chumbak","1 pc","Home Decor","Teal By Chumbak",,,865.6326072388227,1595,,55.38221,45.45331555782079,0.21730729960514125,0.26415,0.93116,0.70657,1.24813,874.6845538503629
"2026-03-01","579456",,"Tied Ribbons Buddha Monk Showpiece Set (3"", Multicolour)","4 pcs","Home Decor","Tied Ribbons",,,299.1470344827586,899,,24.97544,66.72272312980941,0.020821126089427877,0.01592,0.0275,0.04699,0,299.3242810557012
"2026-03-01","602783",,"Solid Tea Light Candles (Kesar Chandan, White) By Prosperro Lumo","25 pcs","Home Decor","Prosperro lumo",,,389,1299,,9.5427,70.05388760585065,0.004004086151118272,0.00271,0.00103,0.00175,0,15.56
"2026-03-01","607959",,"House of Quirk Polyester Foldable Storage Box with Lid and Handle (Black)","3 pcs","Home Decor","House of Quirk",,,799,1999,,53.24039,60.03001500750375,0.05351195406845621,0.04828,0.00462,0.00789,0,266.33333333333337
"2026-03-01","531995",,"Candle (White) by Auradecor","10 pcs","Home Decor","Auradecor",,,59,149,,81.07675,60.40268456375838,1.1906934502144875,1.06423,0.48305,0.82532,0,5.8999999999999995
"2026-03-01","627706",,"Acrylic Lotus Wall Hanging Latkan with Bells - Tied Ribbons","10 pcs","Home Decor","Tied Ribbons",,,399,1749,,35.75647,77.1869639794168,0.19342146043508102,0.0996,0.06927,0.11835,0,39.90000000000001
"2026-03-01","553550",,"Shot Glass Scented Candle by IRIS","3 pcs","Home Decor","Iris",,,193.50920474759033,349,,46.79752,44.364380340783,0.029331728398152995,0.03509,0.23068,0.03086,0.5127,68.53560306557912
"2026-03-01","559041",,"Aroma Oil Set by Auradecor","6 pcs","Home Decor","Auradecor",,,209.7643949414806,699,,78.0035,70.00013358486805,1.5821542753201534,1.07109,0.20774,0.35493,0,34.94967896004368
"2026-03-01","571352",,"Fabindia Scented Pillar Candle (Mogra)","1 pc","Home Decor","Fabindia",,,429,449,,0.83347,4.4543429844097995,0.0005032782372100614,0.00109,,,,428.99999999999994
"2026-03-01","610174",,"Mosaic Glass Votive Tealight & Candle Holder (Multicolour) by Tied Ribbons","2 pcs","Home Decor","Tied Ribbons",,,299,599,,59.27951,50.083472454090156,0.0286081968400303,0.03223,0.03617,0.0618,0,149.49999999999997
"2026-03-01","532003",,"Fragrance Votive Candle Set (Rose, Pink) by Auradecor","3 pcs","Home Decor","Auradecor",,,149.02151564422607,599,,61.84123,75.10916292619198,0.8096822181156985,0.45472,0.67107,1.14656,0,49.69924491526432
"2026-03-01","559096",,"House of Quirk Plastic Rotating Storage Organizer","1 unit","Home Decor","House of Quirk",,,1199,1499,,7.19076,20.0133422281521,0.00042005242806441597,0.00076,,,,1199.0000000000002
"2026-03-01","536650",,"Small Flower Design Enamelled Diya Set (Multicolour) by Satvik","4 pcs","Home Decor","Satvik",,,148.23916935483874,199,,30.79085,25.507955098070987,0.00027483600107634754,0.00048,0.00068,0.00117,0,151.68326213090225
"2026-03-01","533965",,"Amaya Decors Floral Design with Tealight Stand Urli (5"", Golden)","1 pc","Home Decor","Amaya Decors",,,683.7272727272727,999,,3.58271,31.55883155883156,0.0023963913385686305,0.0037,0.00011,0.00019,0,689.578182170461
"2026-03-01","565969",,"The Artment Artisanal Pineapple Sculpture Showpiece (Medium) (7"", Black, White)","1 pc","Home Decor","The Artment",,,999,1244.388349514563,,14.81237,19.71997791968866,0.0073499292897267685,0.01327,0.00126,0,0.00304,998.9999999999997
"2026-03-01","625458",,"House of Quirk Foldable Cloth Organizer (Grey)","1 unit","Home Decor","House of Quirk",,,859.6461032863849,1999,,72.36762,57.03726060265628,0.1309642139754025,0.12715,0.04609,0.06679,0.01687,857.0467379621302
"2026-03-01","571849",,"Pieces and Accents Decorative Reindeer Figurines (9"", Golden)","1 pc","Home Decor","pieces and accents",,,909.4603331039776,1299,,29.51741,29.987499164613098,0.012347145658721071,0.0199,0.00098,0.00167,0,910.6126051605381
"2026-03-01","598997",,"Kuber Industries Wood Bangle Box (Maroon)","1 unit","Home Decor","Kuber Industries",,,699,1699,,6.83488,58.85815185403178,0.0004760961835442503,0.00044,,,,699
"2026-03-01","598298",,"Kuber Industries PVC Brocade Jewellery Organizer (Maroon)","1 unit","Home Decor","Kuber Industries",,,499,1319,,1.9603,62.1683093252464,0.004250542991940693,0.00363,,,,499.00000000000006
"2026-03-01","599933",,"Kuber Industries Wood Bangle Box (Multicolour)","1 unit","Home Decor","Kuber Industries",,,899,3899,,0.18213,76.94280584765325,0.004370336035896614,0.00227,,,,899
"2026-03-01","559836",,"House Of Festivals Joey Doesn't Share Food Fridge Magnet (12 x 8 cm, Orange, Black)","1 pc","Home Decor","House of Festivals",,,349.4940812375675,399,,8.32497,12.407498436699871,0.0006708504615982324,0.00132,0.00911,0.01557,0,350.26439365021963
"2026-03-01","575855",,"Fancy Clay Diya Set (Multicolour) by Swastika","12 pcs","Home Decor","Swastika",,,169,329,,0.57522,48.632218844984806,0,0,,,,169
"2026-03-01","572805",,"Soy Wax Scented Candle Set by Ekam","4 pcs","Home Decor","Ekam",,,524.1635290772315,851.9412273387097,,88.12587,38.78834103902572,0.4361158591415766,0.60375,0.28823,0.42473,0.09558,522.3200287196693
"2026-03-01","580963",,"Tea Light Candles (Unscented) by Prosperro Lumo","100 pcs","Home Decor","Prosperro lumo",,,382.2054710264355,699,,17.06187,45.41397105382485,0.038313407281266705,0.04677,0.03046,0.05205,0,3.778349988376714
"2026-03-01","608537",,"Zulaxy Foldable Cloth Organizer (Light Grey)","4 pcs","Home Decor","Zulaxy",,,997,2499,,40.24578,60.104041616646676,1.8209777727087761,1.63985,0.19729,0.33708,0,249.25000000000009
"2026-03-01","534873",,"eCraftIndia Golden Handcrafted Palm Buddha Showpiece Set (7"", Black)","1 set","Home Decor","Ecraftindia",,,352.781220076276,999,,52.10358,64.18082405957138,1.0250714494867086,0.82439,0.10883,0.17937,0.00928,358.29736932415403
"2026-03-01","608646",,"House Of Wemy Krishnaji Divine Hands Idol Showpiece (4.5"", White, Golden)","1 pc","Home Decor","House Of Wemy",,,899,999,,0.54645,10.01001001001001,0,0,,,,899
"2026-03-01","556564",,"Art Print - Jaali at Fatehpur Sikri by Hiroshi Yoshida - Daak Vaak","1 pc","Home Decor","Daak Vaak",,,189,354,,51.16365,46.610169491525426,0.003025552395102805,0.00365,0.00174,0.00297,0,189
"2026-03-01","630995",,"Pillar Candle Set (Lavender, Purple) by Prosperro Lumo","3 pcs","Home Decor","Prosperro lumo",,,399,999,,72.47205,60.06006006006006,0.04409769433067508,0.03976,0.00157,0.00269,0,132.99999999999997
"2026-03-01","553757",,"Backflow Incense/ Dhoop Cone Holder by Amogha","1 pc","Home Decor","Amogha",,,483.37092598854343,600,,4.54021,19.450063041977195,0.01241481580753913,0.02289,,,,486.51386294984525
"2026-03-01","596832",,"FunBlast Plastic Pill Organizer Box (Blue)","1 unit","Home Decor","FunBlast",,,199,499,,12.9125,60.120240480961925,0.0061876657330425305,0.00557,0.00663,0.01133,0,199.00000000000003
"2026-03-01","631020",,"Paraffin Wax Pillar Candle (White Sage, Pink) by Prosperro Lumo","3 pcs","Home Decor","Prosperro lumo",,,399.0398724082935,999,,51.4865,60.055742160841945,0.05867390878100404,0.0529,0.00526,0.00899,0,133.04721840113066
"2026-03-01","611198",,"Ekhasa Cute Couple Showpiece for Home Decor (2.6"" x 1.4"" x 3.4"", White)","1 pc","Home Decor","Ekhasa",,,699,1999,,1.47443,65.03251625812906,0.003641058534283922,0.00287,0,0.00001,0,699
"2026-03-01","496230",,"Reed Oil Diffuser Set (Apple Cinnamon) by IRIS","1 set","Home Decor","Iris",,,414.8156878993328,597.0568564516129,,48.79084,30.177195153363066,0.09831341761057323,0.15428,0.29192,0.12616,0.52587,420.0496650784053
"2026-03-01","496225",,"Fragrance Oil Diffuser Set (Lavender) by IRIS","1 set","Home Decor","Iris",,,515.4432969730778,625,,45.69254,17.430469819087932,0.06804974761822576,0.12601,0.09543,0.11767,0.06405,517.7228159207709
"2026-03-01","572005",,"Candle Holder Set (Black) - Pieces and Accents","3 pcs","Home Decor","pieces and accents",,,2039,3499,,6.72015,41.72620748785367,0.0009804950268511921,0.00129,0.00089,0.00153,0,679.6666666666666
"2026-03-01","532353",,"Nugget Floating Candles (Rose) by Auradecor","12 pcs","Home Decor","Auradecor",,,128.25312701174133,499,,84.4884,74.27414817934323,0.13877066372956476,0.08086,0.35251,0.60227,0,10.706644393031691
"2026-03-01","475869",,"Handmade Wax Filled 6 Pcs Diya Set (Unscented, Golden) by Walton","1 pc","Home Decor","Walton",,,89.0367741935484,299,,30.52649,70.22181465098716,0.000679508467743596,0.00046,0.0003,0.00051,0,89.12744337332333
"2026-03-01","556563",,"Art Print - Shalimar Garden, Lahore by Hiroshi Yoshida - Daak Vaak","1 pc","Home Decor","Daak Vaak",,,190.26231677937088,354,,37.75386,46.25358283068619,0.0027279570775517094,0.00339,0.00038,0.00064,0,191.18185330129404
"2026-03-01","534612",,"Candle and Reed Oil Diffuser Set (Rose & Black Oud) by FlowerAura","1 set","Home Decor","Flower Aura",,,599.9821170227622,799,,9.21432,24.908370835699355,0.0011194838094538977,0.00194,0.00091,0.00156,0,603.5453706927019
"2026-03-01","619402",,"ExclusiveLane Warli Design Miniature Pots Showpiece Set (White, Black)","3 pcs","Home Decor","ExclusiveLane",,,699.3598742138365,1199,,18.80317,41.67159090909091,0.01209212916952773,0.01591,0.01947,0.00091,0.04566,233.00131395160565
"2026-03-01","602648",,"Tin Can Scented Candle (Multicolour) by Satyam Kraft","2 pcs","Home Decor","Satyam Kraft",,,254.06650234717998,1200,,74.63474,78.81955323298567,0.13117488371829228,0.06271,0.06216,0.10621,0,126.9268456774167
"2026-03-01","605487",,"Aegon Contact Lens Case (Rose Gold)","5 pcs","Home Decor","Aegon",,,249.00763440860214,499,,36.40577,50.09831722688459,0.3350704601913468,0.3774,0.00653,0.01115,0,249.00981292599494
"2026-03-01","538070",,"Mini Reindeer Tealight & Candle Holder (Multicolour) Quace","2 pcs","Home Decor","Quace",,,576.5806451612904,699,,0.76596,17.513498546310398,0,0,,,,576.5806451612904
"2026-03-01","541490",,"Premium Real Metal 3D Dial Wall Clock (White, Rose Gold) - Nautica","1 pc","Home Decor","Nautica",,,1702.1316067096598,2599,,57.71234,34.465277941740084,0.12110754433082736,0.18057,0.07742,0.10343,0.04072,1721.7182743826957
"2026-03-01","587087",,"Satyam Kraft Monk Buddha Miniature Figurines (2"", Multicolour)","4 pcs","Home Decor","Satyam Kraft",,,249.83971836846405,1200,,59.46558,79.09160596528578,0.415904569748331,0.1948,0.29211,0.49908,0,251.13282966388624
"2026-03-01","628192",,"Wall Hanging Latkan Toran With Bells (Multicolour) - Tied Ribbons","4 pcs","Home Decor","Tied Ribbons",,,337.7573964497041,799,,28.65442,57.85335971630176,0.032703187432018825,0.03071,0.05386,0.09202,0,83.11144196193777
"2026-03-01","576712",,"Traditional Urli with Stand (Green, Golden) - Ekhasa","1 pc","Home Decor","Ekhasa",,,899,1899,,0.42077,52.6592943654555,0.011090379616084323,0.01185,0.00003,0.00005,0,899
"2026-03-01","531458",,"Reed Oil Diffuser Set (Lavender) by Iris Celeste","1 set","Home Decor","Iris Celeste",,,889.3398496240602,1199,,14.31581,26.677219022453308,0.009455570843712716,0.01055,0.00161,0.00276,0,594.7505200852963
"2026-03-01","606577",,"Cutting Edge Plastic 14 pcs Drawer & Cutlery Organiser (Black)","14 pcs","Home Decor","Cutting Edge",,,389,795,,50.8556,51.0691823899371,0.36806306411367246,0.40651,0.17049,0.05742,0.33007,27.78571428571429
"2026-03-01","591347",,"Bubble Scented Candle (Floral) by Auradecor","1 pc","Home Decor","Auradecor",,,131.68425628764223,399,,90.39569,67.06135381156773,0.19617748478626854,0.1442,0.07826,0.13371,0,131.61483915238028
"2026-03-01","594917",,"Mukut Ganesha Idol for Car Dashboard (2.5"") by Ekhasa","1 pc","Home Decor","Ekhasa",,,499,1499,,6.57155,66.711140760507,0.012076501212032603,0.00907,0.00047,0.0008,0,498.99999999999994
"2026-03-01","531982",,"Votive Wax Filled Candle Set (Jasmine, White) by Auradecor","2 pcs","Home Decor","Auradecor",,,149.06826261962155,399,,65.48008,62.64892131549492,1.3182401274810234,1.11128,2.45497,4.19442,0,149.030910279938
"2026-03-01","576708",,"Traditional Urli with Stand (Golden, Black) - Ekhasa","1 pc","Home Decor","Ekhasa",,,899,1899,,5.42379,52.6592943654555,0.016648785094153493,0.01779,,,,899
"2026-03-01","564150",,"Swastik Design Shimmer Wax Clay Diya Set (Silver) by DiaCraft","6 pcs","Home Decor","DiaCraft",,,,,,0,,0,0,,,,
"2026-03-01","556514",,"Art Print - Jama Masjid Delhi by Hiroshi Yoshida - Daak Vaak","1 pc","Home Decor","Daak Vaak",,,191.14929398510108,354,,29.8127,46.00302429799404,0.003363697176332084,0.00405,0.00112,0.00192,0,191.05512027748398
"2026-03-01","594260",,"See You Soon Scented Candle (Atlantic Coast) by The Better Home","1 pc","Home Decor","The Better Home",,,377,1999,,0.00009,81.14057028514257,0.0005601626574287406,0.00024,,,,377
"2026-03-01","536140",,"Beak Shaped Designer Clay Diya Set (Multicolour) by Satvik","4 pcs","Home Decor","Satvik",,,201.28890151515154,205.10454545454544,,31.93942,1.860340993875988,0.0012677972453398706,0.00278,0.04145,0.07083,0,203.81066596621574
"2026-03-01","571866",,"Fabindia Tea Light Candles (Alaya Khus)","24 pcs","Home Decor","Fabindia",,,379,399,,4.14553,5.012531328320802,0.00022361682053274415,0.00048,0.00007,0.00012,0,379
"2026-03-01","630211",,"Water Floating Tealight Set (Unscented, White) by Tied Ribbons","12 pcs","Home Decor","Tied Ribbons",,,399,1499,,11.92616,73.3822548365577,0.003990496805614844,0.0024,0.00352,0.00601,0,399
"2026-03-01","576507",,"Glow Clay Diya Set by DiaCraft","6 pcs","Home Decor","DiaCraft",,,136,199,,0.76195,31.65829145728643,0,0,,,,22.66666666666666
"2026-03-01","494208",,"Scented Tea Light Candles (Jasmine, Vanilla) by Auradecor","2 x 10 pcs","Home Decor","Auradecor",,,98.87972227871116,298,,89.66789,66.79464278848143,0.49933772128582987,0.37436,0.45424,0.77608,0,4.9476276699994175
"2026-03-01","561531",,"Soulflower Ceramic Reed Diffuser Set (Lavender)","1 set","Home Decor","Soulflower",,,707.5662981560838,1000,,66.23076,29.246073633097144,0.06251318092874228,0.09984,0.07862,0.10227,0.04524,707.4302345083584
"2026-03-01","602736",,"Round Tea Light Candles (Unscented, White) by Prosperro Lumo","10 pcs","Home Decor","Prosperro lumo",,,199,999,,36.75352,80.08008008008008,0.05699734839437769,0.02563,0.03133,0.05354,0,19.9
"2026-03-01","570501",,"House of Quirk Plastic Large Stackable Shoe Rack with Magnetic Door (Clear White)","4 pcs","Home Decor","House of Quirk",,,2099,2999,,3.58776,30.010003334444814,0.007983655155792871,0.01261,0.00002,0.00003,0,524.75
"2026-03-01","587077",,"Satyam Kraft Cute Penguin Figurines (2"", Multicolour)","4 pcs","Home Decor","Satyam Kraft",,,299,1200,,57.41651,75.08333333333334,0.5154674892175326,0.28991,0.02103,0.03594,0,299
"2026-03-01","631019",,"Ceramic Clay Oil Diffuser (Red) by Prosperro Lumo","1 pc","Home Decor","Prosperro lumo",,,199,599,,20.273,66.7779632721202,0.003286561142554631,0.00246,0.00461,0.00787,0,199.00000000000003
"2026-03-01","571031",,"Tied Ribbons Buddha Monks Figurines (5 cm)","4 pcs","Home Decor","Tied Ribbons",,,199,899,,35.72153,77.8642936596218,0.48128362637101507,0.24047,0.20921,0.35745,0,49.75000000000001
"2026-03-01","630766",,"Pranah Senses Himalayan Drizzle Scented Candle (Himalayan Drizzle)","1 pc","Home Decor","pranah",,,899,899,,70.56829,1.4232548649683335e-14,0.058882883743780326,0.13291,2.3044,0.06421,5.46607,899.0000000000001
"2026-03-01","569230",,"Big Flower Foil Detachable Tealight & Candle Holder (Golden) - Amaya Decors","3 pcs","Home Decor","Amaya Decors",,,,,,0,,0,0,,,,
"2026-03-01","570228",,"Chakra Candle & Budha Idol Gift Set by FlowerAura","2 pcs","Home Decor","Flower Aura",,,1013.4366595370923,1299,,26.33237,21.98492068183486,0.01234532561956147,0.02165,0.00167,0.00285,0,505.15732383649896
"2026-03-01","554600",,"Homestrap Regular Cloth Organizer (Grey)","2 pcs","Home Decor","Homestrap",,,233.21492450946786,299,,61.04737,24.0119409733485,1.423823502785382,2.44126,1.03091,1.76135,0,113.60041291895801
"2026-03-01","598497",,"Kuber Industries PVC Jewellery Organizer (Golden)","10 pcs","Home Decor","Kuber Industries",,,468,899,,1.61107,47.94215795328142,0.0021413143215140928,0.00252,,,,46.80000000000001
"2026-03-01","564726",,"Swastik Shape Terracotta Clay Diya Set (Multicolour) by Satvik","12 pcs","Home Decor","Satvik",,,,,,0,,0,0,,,,
"2026-03-01","536145",,"Floral Design Beak Shaped Diya Set (Multicolour) by Satvik","7 pcs","Home Decor","Satvik",,,267.9583333333333,399,,25.104,32.88101396654028,0.001836677596110433,0.00254,0.00933,0.01594,0,244.6643805267514
"2026-03-01","566156",,"The Artment Rainbow Tagged Frog Showpiece (5"", Multicolour)","1 pc","Home Decor","The Artment",,,891.235210371966,1116.773886751269,,17.76846,20.14982699051609,0.0187529605288349,0.03365,0.00094,0.00161,0,886.1838236332675
"2026-03-01","602160",,"Tied Ribbons Flower Dome Showpiece With Led Light (4.4"" x 8.5"", Multicolour)","1 pc","Home Decor","Tied Ribbons",,,494.8806553287982,1599,,34.31365,69.02864781803068,0.09283427504807078,0.06488,0.02579,0.04407,0,494.16189962285046
"2026-03-01","609029",,"Crystal Akhand Diya (Golden) for Puja by Tied Ribbons","2 pcs","Home Decor","Tied Ribbons",,,499,1899,,28.90835,73.7230121116377,0.007814867330192331,0.00464,0.06282,0.10733,0,249.49999999999997
"2026-03-01","595553",,"Ritualistic Madhubani Art Fridge Magnet (Standard, Multicolour)","5 pcs","Home Decor","RITUALISTIC",,,987.9949808954988,1503.215053763441,,18.07091,34.246623980413055,0.07869890602745683,0.11591,0.07623,0.09328,0.05217,197.36506372150328
"2026-03-01","493773",,"Crystal Brass Akhand Diya by Shubhkart","1 pc","Home Decor","Shubh kart",,,513.1634295485577,672.4105038306452,,83.13632,23.569002277669437,0.22914619365405728,0.39654,0.64007,1.09359,0,513.1288977975266
"2026-03-01","553468",,"Glass Jar Candle (Fleur) by Trinket Collection Iris Celeste","113 g","Home Decor","Iris",,,773.6451612903226,999,,2.58241,22.558041912880622,0,0,,,,684.6417356551527
"2026-03-01","627468",,"Handwoven Table Runner & Table Mat Set (Teal) - Peepul Tree","7 pcs","Home Decor","Peepul Tree",,,1189,1999,,2.86782,40.52026013006503,0.0011203253148574812,0.0015,0.00002,0.00004,0,169.85714285714292
"2026-03-01","496226",,"Reed Oil Diffuser Set (Lemon Grass) by IRIS","1 set","Home Decor","Iris",,,316.07493951612906,395.10483870967744,,17.01919,20.12323568044895,0.044537383846374165,0.07942,0.03159,0.0297,0.03427,316.03073735806777
"2026-03-01","626729",,"LED Tea Light Candles Set by Island Rangoli","1 set","Home Decor","island rangoli",,,399,899,,4.39797,55.61735261401557,0.0012595974014771771,0.00126,0.00005,0.00008,0,399
"2026-03-01","567746",,"Airwick Essential Automatic Fragrance Mist Diffuser Refill (Lavender) - Pack of 2","2 x 20 ml","Home Decor","Air wick",,,,,,0,,0,0,,,,
"2026-03-01","618236",,"Ekhasa Brass Bullock Cart Showpiece (5"" x 3"", Golden)","1 pc","Home Decor","Ekhasa",,,875,1575,,0.65671,44.44444444444444,0.00044134898789357396,0.00055,,,,875
"2026-03-01","569134",,"Lotus Etching Votive Tea Light & Candle Holder Set Set (Golden) - Amaya Decors","4 pcs","Home Decor","Amaya Decors",,,399,1299,,5.94406,69.28406466512702,0.00036400783191984287,0.00025,,,,399
"2026-03-01","497342",,"Screw Jar Candle (Multicolour) Set TradeFT","4 pcs","Home Decor","tradeft",,,874,1600,,2.57689,45.375,0,0,,,,218.5
"2026-03-01","571870",,"Pieces and Accents Human Figurine Bookends (Silver)","2 pcs","Home Decor","pieces and accents",,,1309,1899,,4.36182,31.068983675618746,0,0,,,,1309
"2026-03-01","602857",,"Chime Candle Set (Unscented, Red) By Prosperro Lumo","20 pcs","Home Decor","Prosperro lumo",,,179,400,,19.14563,55.24999999999999,0.01618475244961167,0.01635,0.00195,0.00333,0,178.99999999999997
"2026-03-01","571863",,"Metal Hammered Cylindrical Vase Flower Vase with Flared Opening (Golden) - Pieces and Accents","1 pc","Home Decor","pieces and accents",,,779,1299,,7.56796,40.03079291762894,0.0010920234957595286,0.00148,,,,779
"2026-03-01","602773",,"Premium Tea Light Candles (Panch Amrit, White) By Prosperro Lumo","25 pcs","Home Decor","Prosperro lumo",,,389,1299,,20.10534,70.05388760585065,0.021151973060059247,0.0143,0.00412,0.00705,0,15.560000000000002
"2026-03-01","612003",,"Lotus Wall Hanging (Pink) - Divyakosh","10 pcs","Home Decor","Divyakosh",,,399,799,,2.07195,50.06257822277847,0,0,,,,39.900000000000006
"2026-03-01","571804",,"Pieces and Accents Decorative Aluminum Elephant Figurines (7"", Golden)","1 pc","Home Decor","pieces and accents",,,1799.4320165408017,3099,,29.10268,41.935117993994915,0.05949454131978701,0.07796,0.00293,0.00501,0,1799.5387098339554
"2026-03-01","604490",,"Paraffin & Vegetable Wax Scented Candle (Patchouli Aroma) by The Better Home","1 pc","Home Decor","The Better Home",,,499,1899,,0.00469,73.7230121116377,0.0013303519492220586,0.00079,,,,499
"2026-03-01","625321",,"Tea Light Candles (Unscented, Multicolour) by Prosperro Lumo","10 pcs","Home Decor","Prosperro lumo",,,160,160,,69.79796,0,0.005333392313405207,0.01204,0.00964,0.01647,0,16
"2026-03-01","561637",,"12"" Classic Silent Sweep Wall Clock (Black) - Random","1 pc","Home Decor","Random",,,600.7927027135837,1499,,57.56653,59.77194127059882,0.6305294796674249,0.56945,0.97111,1.65919,0,603.5069265066919
"2026-03-01","565967",,"The Artment Chromatic Triad Globe Showpiece Set (8"", Multicolour)","1 pc","Home Decor","The Artment",,,1306.9860211500372,1723.4632707804876,,15.67257,24.151370875808983,0.04743833627654434,0.08182,0.00218,0.00373,0,1326.5564047786224
"2026-03-01","494204",,"Scented Tea Light Candles (English Rose, Red) by Auradecor","2 x 10 pcs","Home Decor","Auradecor",,,159.09507667594698,298,,93.9957,46.576722999345186,0.27295847473991186,0.32893,0.60738,1.03773,0,7.960602805598896
"2026-03-01","494202",,"Unscented Tea Light Candles (White) by Auradecor","100 pcs","Home Decor","Auradecor",,,435.5806451612903,999,,3.98566,56.53819980061114,0.00377920833347726,0.00247,0.00022,0.00038,0,3.0673146098148805
"2026-03-01","425602",,"Pidilite Fevicreate DIY Shell Tastic Fridge Magnet Art & Craft Kit","1 pc","Home Decor","pidilite fevicreate",,,151.8138562305354,198.59470249999998,,76.21942,23.45399102128564,0.08862005045417767,0.15437,1.16519,1.99078,0,152.1113016515867
"2026-03-01","577062",,"Dual Shaded Clay Diya Set by DiaCraft","4 pcs","Home Decor","DiaCraft",,,93,199,,0.36469,53.266331658291456,0,0,,,,23.25
"2026-03-01","643151",,"New Dawn Linen Storage Organiser (Light Grey)","1 unit","Home Decor","New Dawn",,,489,900,,1.0404,45.666666666666664,0.0010087976866138832,0.00124,,,,488.9999999999999
"2026-03-01","602850",,"Pillar Candle (Unscented, White) By Prosperro Lumo","3 pcs","Home Decor","Prosperro lumo",,,329,999,,51.79345,67.06706706706707,0.07907403417254208,0.05878,0.01796,0.03069,0,109.66666666666667
"2026-03-01","535394",,"Stone Studded Diya Set (Golden) by Satvik","4 pcs","Home Decor","Satvik",,,142,199,,0.56704,28.64321608040201,0,0,,,,142
"2026-03-01","576506",,"Radiance Clay Diya Set by DiaCraft","6 pcs","Home Decor","DiaCraft",,,136,199,,0.51559,31.65829145728643,0,0,,,,22.666666666666664
"2026-03-01","616933",,"Votive Glass Soy Scented Candle (Oud Wood, Beige) by Prosperro Lumo","3 pcs","Home Decor","Prosperro lumo",,,299,499,,40.10153,40.08016032064128,0.009480306562988487,0.01282,0.00187,0.00319,0,99.66666666666671
"2026-03-01","531981",,"Auradecor Reed Lavender Oil Diffuser Set","5 pcs","Home Decor","Auradecor",,,341.83937492810946,999,,72.01724,65.30414830089488,1.0932773505801745,0.83893,0.26113,0.44615,0,346.84062882857125
"2026-03-01","534869",,"eCraftIndia Brass Horse Showpiece (5"", Brown)","1 pc","Home Decor","Ecraftindia",,,733.0313442028985,1999,,27.55312,63.330103171416795,0.033546664194415175,0.02777,0.03788,0.00562,0.08341,733.0143068743222
"2026-03-01","616895",,"Kuber Industries Leather Wrist Watch Organiser (Black)","1 unit","Home Decor","Kuber Industries",,,799,3999,,83.78378,80.02000500125031,0,0,,,,799
"2026-03-01","579041",,"Votive Scented Candle (Raspberry, Red) by Auradecor - Pack of 3","3 x 6 pcs","Home Decor","Auradecor",,,284,1347,,0.84788,78.91610987379362,0,0,,,,284
"2026-03-01","598480",,"Kuber Industries Foldable Drawer Organizer Set (Navy Blue)","6 pcs","Home Decor","Kuber Industries",,,499,999,,2.49017,50.050050050050054,0,0,,,,83.16666666666666
"2026-03-01","559279",,"Grandeur Wooden Urli Candle (Vanilla Oudha) by Auradecor","1 pc","Home Decor","Auradecor",,,449.90249702000614,1200,,77.47049,62.501831858231014,0.12793427751368658,0.10753,0.05353,0.09146,0,451.22208040177884
"2026-03-01","633282",,"Rose Petal Pillar Candle (Rose, White) by Prosperro Lumo","3 pcs","Home Decor","Prosperro lumo",,,399,999,,51.96523,60.06006006006006,0.04618612495546264,0.04164,0.02322,0.03967,0,133.00000000000003
"2026-03-01","579845",,"Ganesha Idol Showpiece (7"") by Tied Ribbons","1 pc","Home Decor","Tied Ribbons",,,499,1399,,51.54373,64.33166547533952,0.03185112580130941,0.02564,0.02521,0.04308,0,498.99999999999994
"2026-03-01","572014",,"Taper Stick Candle Holder Set (Black) - Pieces and Accents","3 pcs","Home Decor","pieces and accents",,,1639,2799,,45.05585,41.44337263308324,0.0015686804026845884,0.00207,0.00172,0.00294,0,546.3333333333333
"2026-03-01","569315",,"Hanging Lantern Tealight & Candle Holder (Golden) - Amaya Decors","2 pcs","Home Decor","Amaya Decors",,,,,,0,,0,0,,,,
"2026-03-01","566139",,"ZenLeaf Serenity Table Water Fountain (Black, Golden) - The Artment","1 pc","Home Decor","The Artment",,,1299.1355403774412,1593.9883219354838,,41.50004,18.562677544874262,0.11161780550946904,0.20494,0.14027,0.01619,0.31539,1299.5955786776196
"2026-03-01","547426",,"The Artment Minimalist Regal Lion Showpiece (14"", Black)","1 pc","Home Decor","The Artment",,,1421.7702439480593,2999,,40.3181,52.57493979207953,0.13547240809982805,0.1455,0.00564,0.00963,0,1426.7443563957054
"2026-03-01","547428",,"The Artment Minimalist Regal Lion Showpiece (11"", Golden)","1 pc","Home Decor","The Artment",,,2056.1891882637465,2999,,19.89494,31.43644737832423,0.0673204364900235,0.10646,0.0011,0.00188,0,2067.6991952891785
"2026-03-01","579509",,"House of Quirk Polyester Polyester Sanitary Napkin Storage Bag","1 pc","Home Decor","House of Quirk",,,299,499,,19.98155,40.080160320641276,0.008745697565602041,0.01183,0.00031,0.00054,0,299
"2026-03-01","604008",,"Round Evil Eye Candle (Unscented) by Prosperro Lumo","2 pcs","Home Decor","Prosperro lumo",,,299,899,,29.69396,66.74082313681869,0.020433175285080995,0.01534,,,,149.5
"2026-03-01","599966",,"Kuber Industries PVC Fridge Placemat Set (Multicolour)","6 pcs","Home Decor","Kuber Industries",,,,,,0,,0,0,,,,
"2026-03-01","604661",,"Turkish Evil Eye Hanging Accessory for Cars & Home (Blue) - Linensutra","1 pc","Home Decor","linensutra",,,299,899,,38.07235,66.74082313681869,0.03414009699954843,0.02563,,,,299.00000000000006
"2026-03-01","621810",,"Ekhasa Brick Thinking Man Showpiece (4.7"" x 2.7"", White)","1 pc","Home Decor","Ekhasa",,,299,899,,0.52736,66.74082313681869,0.0018893948412186574,0.00142,,,,299.00000000000006
"2026-03-01","536144",,"Floral Enameled Designer Diya Set (Multicolour) by Satvik","7 pcs","Home Decor","Satvik",,,244,399,,30.41031,38.847117794486216,0.0013763615303790402,0.0019,0.00545,0.00932,0,244
"2026-03-01","494218",,"Fragrance Heat Oil Diffuser Set (Lavender) by Auradecor","1 set","Home Decor","Auradecor",,,315.141081313953,999,,62.48155,68.2949307806019,0.636228060946708,0.42514,0.28645,0.48942,0,317.2490498745366
"2026-03-01","556557",,"Art Print - Hungarian Gypsy Girl - Daak Vaak","1 pc","Home Decor","Daak Vaak",,,190.37980992048986,354,,46.35187,46.220392677827725,0.004488729373062358,0.00551,0.00096,0.00163,0,191.66538361271887
"2026-03-01","564107",,"Paisley Design Clay Diya Set (Multicolour) by DiaCraft","12 pcs","Home Decor","DiaCraft",,,127,375.9230769230769,,0.93279,66.21649273582975,0.00009499511548947402,0.00008,,,,10.583333333333334
"2026-03-01","616898",,"Kuber Industries Leather Watch Organiser (Black)","1 unit","Home Decor","Kuber Industries",,,,,,0,,0,0,,,,
"2026-03-01","534726",,"Bliss Velvet Musk Fragrance Oil Diffuser Set (Velvet Musk) by Iris Celeste","1 set","Home Decor","Iris",,,2234.1322360248446,2499,,9.95744,10.619136595676705,0.017552726667891257,0.03532,0.00013,0.00022,0,2233.873057600594
"2026-03-01","598516",,"Kuber Industries Satin Satin Jewellery Organizer (Green)","12 pcs","Home Decor","Kuber Industries",,,719,899,,0.8534,20.022246941045605,0.001637475360923222,0.00296,,,,718.9999999999999
"2026-03-01","531997",,"Stick Candle (Black) by Auradecor","10 pcs","Home Decor","Auradecor",,,58.99998694760395,399,,80.73139,85.21304321190662,0.6594762752476435,0.22012,0.07984,0.13641,0,5.89999572261791
"2026-03-01","559837",,"House Of Festivals Milkshake Friends Fridge Magnet (8 x 12 cm, Grey)","1 pc","Home Decor","House of Festivals",,,329.67607526881716,399,,15.62979,17.37441722586036,0.0013036860637058985,0.00243,0.06603,0.11281,0,329.7107684641148
"2026-03-01","561737",,"Soulflower Natural Home Aroma Oil Set","8 x 10 ml","Home Decor","Soulflower",,,918.3644353037482,1500,,65.66056,38.776054107354106,0.08986856453173792,0.12423,0.047,0.06024,0.02832,1147.9661579860008
"2026-03-01","493757",,"Brass Aaradhya Akhand Diya by Shubhkart (9.5 x 12 cm)","1 pc","Home Decor","Shubh kart",,,504.84923714006095,666.4944606048387,,87.1287,24.30385503410871,1.4703492773119557,2.5222,1.88638,3.22296,0,505.4459939791164
"2026-03-01","547433",,"The Artment Surreal Bricked Man Showpiece (12"", Brown)","1 pc","Home Decor","The Artment",,,1110.0140009208462,1999,,32.41832,44.4603307773253,0.09859945294730045,0.12336,0.16459,0.00435,0.39075,1113.0644688346788
"2026-03-01","504852",,"Glitter Reed Oil Diffuser Set (Gold Musk) by IRIS","1 set","Home Decor","Iris",,,657.0712389380532,799,,26.98184,17.67298739629272,0.0253509757375261,0.04841,0.07846,0.05015,0.11841,675.9094528919644
"2026-03-01","566163",,"7 Crystal Healing Gemstone Wall Hanging (Multicolour) - The Artment","1 pc","Home Decor","The Artment",,,799,996.5156542056075,,22.08469,19.82724465761397,0.04158902633158054,0.07576,0.01165,0.0199,0,799
"2026-03-01","547443",,"Marvel Musclecraft Accent Triangle Shape Showpiece (Black) - The Artment","1 pc","Home Decor","The Artment",,,889.3847368236264,999,,40.5431,10.983174992153964,0.03258092115240123,0.06285,0.02789,0.00459,0.06077,876.457393274089
"2026-03-01","559001",,"Begum Baag Wall Clock (Teal) - Teal By Chumbak","1 pc","Home Decor","Teal By Chumbak",,,936.4654536019365,1595,,63.03069,41.07892308140728,0.2617798001063067,0.34349,1.58529,0.39862,3.2601,936.8917647248805
"2026-03-01","536520",,"Floral Designed Stone Studded Clay Diya Set (Multicolour) by Satvik","7 pcs","Home Decor","Satvik",,,179.00926881720432,399,,35.0765,55.135521599698166,0.0014121402216642793,0.00143,0.01387,0.02371,0,179.00048955298473
"2026-03-01","536146",,"Floral Design Enameled Stone Studded Diya Set (Multicolour) by Satvik","7 pcs","Home Decor","Satvik",,,244,399,,27.98272,38.847117794486216,0.00015972630038053152,0.00022,0.00514,0.00879,0,244
"2026-03-01","594928",,"Wind Chime by (Black) - Ekhasa","1 pc","Home Decor","Ekhasa",,,575,1499,,3.96959,61.641094062708476,0.0005850732349701927,0.00051,,,,575
"2026-03-01","563224",,"Homestrap Cotton Quilted Jewellery Organizer (Blue)","1 pc","Home Decor","Homestrap",,,336.68710159983135,607.073542139535,,71.05019,43.06700494136054,0.3128825981827997,0.40811,0.44135,0.09397,0.93163,356.4379373486748
"2026-03-01","559277",,"Frosted Glass Wooden Lid Candle (Vanilla) by Auradecor","1 pc","Home Decor","Auradecor",,,249.75642811923566,999,,81.21733,74.9983232066597,1.2697747611810088,0.71648,0.29046,0.49627,0,249.78381721675223
"2026-03-01","572012",,"Casted Iron Stick Candle Holder Set (Black) - Pieces and Accents","3 pcs","Home Decor","pieces and accents",,,1579,2699,,8.99919,41.49685068543905,0,0,0.00115,0.00196,0,526.3333333333334
"2026-03-01","445047",,"eCraftIndia Reversible Single Bed Dohar (Multicolour)","2 pcs","Home Decor","Ecraftindia",,,917.4041028004252,2398,,54.15999,61.742948173460164,0.003023870224960376,0.00234,0.00001,0.00002,0,931.7142449810684
"2026-03-01","563218",,"Homestrap Cotton Quilted Saree Cover (Navy Blue)","3 pcs","Home Decor","Homestrap",,,416.71383421968955,797.1792600806452,,44.62036,47.784819930295384,1.0909083531427863,1.29228,0.62758,0.95688,0.16283,138.87372213605312
"2026-03-01","631286",,"Rose Flower Shaped Jar Candle (Unscented, Red, White) by Prosperro Lumo","1 pc","Home Decor","Prosperro lumo",,,299,699,,16.72289,57.22460658082974,0.025514662409491327,0.02464,0.01245,0.02127,0,299
"2026-03-01","570581",,"Shot Glass Candle Gift Set by IRIS","4 pcs","Home Decor","Iris",,,310.6902371710597,425,,39.16666,26.919573222022493,0.01923494556887476,0.03138,0.23638,0.05342,0.49461,77.06638301834585
"2026-03-01","494206",,"Scented Tea Light Candles (Assorted) by Auradecor","2 x 10 pcs","Home Decor","Auradecor",,,98.95850324334577,298,,84.20143,66.78757777216191,0.4940713240674574,0.37041,0.1985,0.33915,0,4.948652165972237
"2026-03-01","540722",,"Scented Candle (Deep Vanilla, White) by Quace","1 pc","Home Decor","Quace",,,459,996.8494625806451,,6.74185,53.954933294367216,0.00027994135803535264,0.00018,0.00104,0.00177,0,327.94736842105266
"2026-03-01","569133",,"Detachable Lotus Design Tea Light & Candle Holder Set (Antique Golden) - Amaya Decors","6 pcs","Home Decor","Amaya Decors",,,,,,0,,0,0,,,,
"2026-03-01","536150",,"Red Enameled Diya Set (Red) by Satvik","10 pcs","Home Decor","Satvik",,,244,399,,20.79044,38.847117794486216,0.0011180841026637205,0.00154,0.00093,0.00158,0,244
"2026-03-01","594929",,"Ekhasa Solar Powered Wind Chime by (6"" x 6"" x 4"", Multicolour)","1 pc","Home Decor","Ekhasa",,,,,,0,,0,0,,,,
"2026-03-01","597569",,"Christmas Nativity Set (Multicolour) - Svasti","1 set","Home Decor","Svasti",,,762.0971577060933,1500,,57.30393,49.30320696052416,0.02983827513986768,0.03233,0.01079,0.01843,0,715.6431374610946
"2026-03-01","595156",,"Satyam Kraft Hanging Legs Showpiece (3"" x 3"" x 7"", Multicolour)","4 pcs","Home Decor","Satyam Kraft",,,449,1200,,0.00483,62.583333333333336,0.0003362658955379611,0.00028,,,,112.25
"2026-03-01","597618",,"Storite Nylon Big Underbed Storage Bag (Black)","1 pc","Home Decor","Storite",,,399,1199,,5.19028,66.72226855713095,0.01976604224295794,0.01485,0.00002,0.00003,0,398.99999999999994
"2026-03-01","604512",,"Soy Wax Scented Candle (Atlantic Coast, White) by The Better Home","1 pc","Home Decor","The Better Home",,,549,1999,,0.00106,72.53626813406703,0,0,,,,549
"2026-03-01","599939",,"Lazer Polyester Luggage Storage Organiser Set (Dark Blue)","7 pcs","Home Decor","Lazer",,,599,1499,,48.29448,60.040026684456315,0.3664144625549307,0.3305,0.16076,0.13297,0.19999,598.9999999999999
"2026-03-01","598521",,"Kuber Industries Cotton Brocade Jewellery Organizer (Maroon)","12 pcs","Home Decor","Kuber Industries",,,889,1808,,2.02229,50.82964601769911,0,0,,,,889
"2026-03-01","574405",,"3 Wick Soy Wax Scented Candle (Lavender) by Ekam","1 pc","Home Decor","Ekam",,,592.9422484923731,1358.2799962499998,,90.35339,56.59483368597928,0.33408208561389835,0.33015,2.05899,0.30613,4.53289,589.0938048461577
"2026-03-01","608632",,"House Of Wemy Lord Buddha Statue Showpiece (3.5"", Black, Golden)","1 pc","Home Decor","House Of Wemy",,,999,1499,,0.507,33.3555703802535,0.0021002612996573414,0.00316,,,,999.0000000000001
"2026-03-01","477888",,"3 X 3"" Pillar Candle (White) by Auradecor","1 pc","Home Decor","Auradecor",,,108.88908788704775,399,,84.78245,72.69938436761063,0.8764864545108112,0.54014,0.10269,0.17545,0,108.92894610000903
"2026-03-01","604525",,"Soy Wax Scented Candle (Lemon Grass, White) by The Better Home","1 pc","Home Decor","The Better Home",,,,,,0,,0,0,,,,
"2026-03-01","559477",,"Premium Reed Candle & Diffuser Set (Blue Sage & Lavender) by Auradecor","2 pcs","Home Decor","Auradecor",,,630.0954975169738,1999,,76.82918,68.47808130621499,0.22673444673336887,0.16379,0.02855,0.04877,0,315.93488183636583
"2026-03-01","570231",,"All-in-1 Aroma Candle & Diffuser Gift Set (Jasmine, Marigold) by FlowerAura","5 pcs","Home Decor","Flower Aura",,,1753.8612782982711,2050,,11.76236,14.445791302523363,0.011535038301054729,0.02228,0.00251,0.00429,0,1754.2470564316843
"2026-03-01","579122",,"Ganesha Idol Showpiece (6"") by Tied Ribbons","1 pc","Home Decor","Tied Ribbons",,,501.41676923076926,999,,38.23539,49.827841879167224,0.1140073160071502,0.1298,0.09411,0.1608,0,501.1214615464986
"2026-03-01","560469",,"Jai Shri Krishna Aesthetic Wall Hanging (Multicolour) - Mad Over Print","1 pc","Home Decor","Mad Over Print",,,419,599,,30.64329,30.0500834724541,0.010440450777841722,0.01648,0.04799,0.08199,0,419.00000000000017
"2026-03-01","604625",,"Handmade Turkish Evil Eye Wall Hanging (Blue, Golden) - Linensutra","1 pc","Home Decor","linensutra",,,299,899,,67.58968,66.74082313681868,0.03217332905709597,0.02415,0.01459,0.02493,0,299.00000000000006
"2026-03-01","597288",,"Tied Ribbons Boat Couple Showpiece (9"" x 7"", Multicolour)","1 pc","Home Decor","Tied Ribbons",,,599.0984627831715,1699,,29.17951,64.73412027943377,0.15929998752215693,0.12677,0.01802,0.03079,0,599.2518881105873
"2026-03-01","494217",,"Fragrance Heat English Oil Diffuser Set (Rose, Red) by Auradecor","1 set","Home Decor","Auradecor",,,314.68762000821096,999,,80.42775,69.19957611535914,0.24983318832174353,0.1687,0.09683,0.16545,0,309.27445597826016
"2026-03-01","564449",,"Sammsara Glass Bowl Showpiece with Metal Stand (8"", Brown)","2 pcs","Home Decor","Sammsara",,,1199,1559,,0.83881,23.091725465041694,0.0004368657228413141,0.00076,,,,599.5
"2026-03-01","597940",,"Coconut Shell Soy Wax Candle (Fresh Cut Grass, Brown) by Soi Flamecraft","1 pc","Home Decor","soi flamecraft",,,500,600,,58.92124,16.666666666666668,0.0005043988433069416,0.00095,,,,500
"2026-03-01","595182",,"Latte Coffee Scented Candle (Vanilla Coffee, Brown) by Prosperro Lumo","250 g","Home Decor","Prosperro lumo",,,399,999,,26.55361,60.06006006006006,0.028642970096287888,0.02582,0.01252,0.0214,0,159.60000000000002
"2026-03-01","564202",,"Swastik Design Clay Mini Diya Set (Maroon) by DiaCraft","10 pcs","Home Decor","DiaCraft",,,93,199,,6.67977,53.266331658291456,0,0,,,,9.299999999999999
"2026-03-01","564486",,"Sammsara Deer Decorative Accent Showpiece (Golden)","2 pcs","Home Decor","Sammsara",,,1035,1299,,1.35037,20.323325635103927,0.002366050907478979,0.00415,,,,1008.6016845060537
"2026-03-01","625304",,"House of Quirk Acrylic Sunglasses Organizer Box (Transparent)","1 pc","Home Decor","House of Quirk",,,899,2499,,71.36974,64.02561024409765,0.09857203046351933,0.08004,0.00574,0.0098,0,89900
"2026-03-01","536920",,"Flower Design Floating Candles (Multicolour) by Auradecor","5 pcs","Home Decor","Auradecor",,,169,399,,100,57.64411027568922,0,0,,,,33.800000000000004
"2026-03-01","571878",,"Fabindia Tea Light Candles (Rose)","12 pcs","Home Decor","Fabindia",,,379,399,,0.27174,5.012531328320802,0,0,,,,379
"2026-03-01","559479",,"Morrocan Tin Fragrance Candle Set by Auradecor","4 pcs","Home Decor","Auradecor",,,423.97184656745793,1400,,82.91497,69.16553251999746,0.5397658997401464,0.36785,0.18878,0.32253,0,108.66882477770636
"2026-03-01","595081",,"Tea-Light Candle Holder Oil Burner (White) by ExclusiveLane","1 pc","Home Decor","ExclusiveLane",,,599,1499,,2.42365,60.04002668445631,0,0,,,,599
"2026-03-01","571828",,"Decorative Wood & Resin Inlay Wall Wall Mirror (Brown, Black) - Pieces and Accents","1 pc","Home Decor","pieces and accents",,,2149,3099,,54.57958,30.655050016134236,0.005792272523762652,0.00907,0.1761,0.30088,0,2149
"2026-03-01","637079",,"ExclusiveLane Seven Tuskers In Maroon Hand Painted Showpiece (Multicolour)","7 pcs","Home Decor","ExclusiveLane",,,,,,0,,0,0,,,,
"2026-03-01","559274",,"Amber Jar Candle Gift Set by Auradecor","4 pcs","Home Decor","Auradecor",,,657.7510916543189,1999,,75.95473,67.01630775965437,1.1631787808194345,0.86688,0.54223,0.92643,0,164.92935921796052
"2026-03-01","566264",,"The Artment Modern Art Zen Table Water Fountain (8"", Black, Silver)","1 pc","Home Decor","The Artment",,,999,1245.358024691358,,20.79195,19.807932852346475,0.11741509091706943,0.21211,0.09016,0.00842,0.20552,998.9999999999997
"2026-03-01","569953",,"Welspun Anti Skid Bath Mat (19"" x 31"", Drylon, Navy Blue)","1 pc","Home Decor","Welspun",,,429.0049644209151,449,,53.89868,4.453228478456433,0.018331283095830292,0.03953,,,,429.00914844999863
"2026-03-01","604054",,"Gluman Plastic Smart Storage Box (Grey)","1 unit","Home Decor","Gluman",,,249,299,,37.02541,16.722408026755833,0.05374486275634741,0.10103,0.00637,0.01088,0,249.0000000000001
"2026-03-01","559268",,"Votive Fragrance Candle Set by Auradecor","12 pcs","Home Decor","Auradecor",,,398.817225798578,999,,78.99192,60.100151793384114,0.3703597374822488,0.33341,0.02094,0.03578,0,33.23157241235897
"2026-03-01","543195",,"Amaya Decors Wine Planter with Stand (12"", Golden)","2 pcs","Home Decor","Amaya Decors",,,798.1702629272569,1299,,52.68201,38.5550821326362,0.03716519963901596,0.05153,0.08875,0.15163,0,399.41258014482946
"2026-03-01","548906",,"Nayasa Plastic Shutter Bathroom Cabinet (Grey)","1 unit","Home Decor","Nayasa",,,1863.948970732265,2825,,41.28508,34.0153913356621,0.09436186459898536,0.13924,0.18471,0.03826,0.39139,1850.593811760229
"2026-03-01","611996",,"Yellocut Plastic Rectangular Medicine Box (White)","1 unit","Home Decor","Yellocut",,,214.51817307692306,499,,40.10635,57.16663518478339,0.08899368978201044,0.08602,0.17661,0.30175,0,213.6802493451544
"2026-03-01","484281",,"Votive Scented Candle (Raspberry, Red) by Auradecor - Pack of 2","2 x 6 pcs","Home Decor","Auradecor",,,190,898,,0.84788,78.84187082405346,0,0,,,,190
"2026-03-01","560640",,"Bal Krishna Wall Hanging (Round) (Multicolour) - Mad Over Print","1 pc","Home Decor","Mad Over Print",,,381.1289784946237,599,,15.85185,36.372457680363325,0.003531625001904787,0.00518,0.0111,0.01896,0,382.4258864338319
"2026-03-01","544946",,"Brass Antique Finish Angel Horse Statue Showpiece by (Brown) - eCraftIndia","1 pc","Home Decor","Ecraftindia",,,567.3292343054782,1199,,25.5041,52.678938665978805,0.04936495575239904,0.0527,0.30586,0.02275,0.70542,567.6726637783444
"2026-03-01","579783",,"Tied Ribbons Ram Lala Idol Showpiece (4"", Black, Gold)","1 pc","Home Decor","Tied Ribbons",,,337.66106683016557,499,,52.29573,32.99765205927619,0.11706147958597482,0.17623,0.04388,0.07498,0,332.8648624850157
"2026-03-01","594269",,"Wood Aroma Scented Candle (Teak Wood, White) by The Better Home","1 pc","Home Decor","The Better Home",,,569,2099,,0.21347,72.89185326345878,0.0035291114143356406,0.00216,0.00002,0.00003,0,569
"2026-03-01","571851",,"Fabindia Tea Light Candles (Alalaya Alta)","24 pcs","Home Decor","Fabindia",,,383.1197258064516,399,,2.1025,3.98001859487429,0.00011180841026637207,0.00025,0.00048,0.00082,0,381.60783101045297
"2026-03-01","559287",,"Lotus Urli Candle Set (Vanilla Oudh) by Auradecor","3 pcs","Home Decor","Auradecor",,,788.9050304393957,1999,,81.30567,60.51058217010507,0.33830677143980165,0.3032,0.88584,0.05015,2.06528,264.56917077722613
"2026-03-01","553694",,"Chumbak 3 Wise Owls Figurine Showpiece (2"", Multicolour)","3 pcs","Home Decor","Chumbak",,,1224.0350877192982,1495,,5.69662,18.12474329636802,0.002932518550449056,0.00541,0,0,0,1259.10249556315
"2026-03-01","566159",,"Nordic Minimalist Needle Wall Clock (Black) - The Artment","1 pc","Home Decor","The Artment",,,901.26767492051,1118.036075021645,,43.91646,19.324713070280673,0.06210954416103331,0.11335,0.7787,0.03884,1.82289,906.2240219444622
"2026-03-01","496238",,"Lakshmi Diya (Multicolour) by Satvik","6 pcs","Home Decor","Satvik",,,454.55384615384617,559,,16.74761,18.684464015412136,0.00014731977016465845,0.00033,0.00013,0.00023,0,88.35672626486766
"2026-03-01","536147",,"Floral Design Diya Set (Multicolour) by Satvik","7 pcs","Home Decor","Satvik",,,201.69500460829494,399,,27.12151,49.44987353175565,0.0007826588718646045,0.00079,0.00783,0.01337,0,198.21272369373278
"2026-03-01","445044",,"eCraftIndia Reversible Single Bed Dohar (Multicolour)","1 pc","Home Decor","Ecraftindia",,,2398,2398,,21.63735,0,0.0006719710676951126,0.00152,0.0008,0.00136,0,2398
"2026-03-01","611843",,"Flameless LED Candle (Light Brown) with Remote Control by VEROX","3 pcs","Home Decor","VEROX",,,999,1498,,4.59927,33.31108144192256,0.0004197716460416419,0.00063,,,,332.99999999999994
"2026-03-01","547442",,"Marvel Musclecraft Accent Sphere Shape Showpiece (Black) - The Artment","1 pc","Home Decor","The Artment",,,887.7837779546645,999,,37.30405,11.10306885932851,0.0392185442802631,0.07884,0.01631,0.00639,0.03033,895.183925589101
"2026-03-01","533952",,"Amaya Decors Sunflower Design Urli (Golden)","1 pc","Home Decor","Amaya Decors",,,497.81449367088607,899,,64.44593,44.62577289985492,0.062420192479984433,0.078,0.22731,0.05856,0.46546,497.79233097305706
"2026-03-01","597974",,"Shot Glass Scented Candle Gift Set by Soi Flamecraft","4 pcs","Home Decor","soi flamecraft",,,600,600,,2.20856,0,0,0,,,,600
"2026-03-01","543209",,"Bowl Planter (Golden) - Amaya Decors","4 pcs","Home Decor","Amaya Decors",,,990.2524259837395,1499,,49.25593,33.9390567503287,0.04425670774735706,0.06584,0.06201,0.10595,0,247.46969314587562
"2026-03-01","602173",,"Birthday Girl Candle (Unscented, Multicolour) By Prosperro Lumo","1 pc","Home Decor","Prosperro lumo",,,160,249,,7.64934,35.7429718875502,0.015176100197997606,0.02201,0.04646,0.07938,0,160
"2026-03-01","548845",,"Party Propz Best MOM Ever Fridge Magnet (Green)","1 pc","Home Decor","Party Propz",,,181.4225865209472,299,,3.05088,39.32354965854609,0.0003351461301058197,0.00049,,,,185.03385652889432
"2026-03-01","602800",,"Tea Light Candles (Loban, White) Prosperro Lumo","25 pcs","Home Decor","Prosperro lumo",,,389,1299,,41.07986,70.05388760585066,0.02752991232809772,0.01861,0.00714,0.0122,0,15.560000000000004
"2026-03-01","494201",,"Unscented Tea Light Candles (White) by Auradecor","50 pcs","Home Decor","Auradecor",,,178.01188163214084,599,,95.5912,70.28142673390131,4.658560950348689,3.12494,4.31593,7.37395,0,3.5602850731378326
"2026-03-01","531799",,"Swastik Shaped Designer Diya Set (Multicolour) by DiaCraft","6 pcs","Home Decor","DiaCraft",,,58,199,,2.57164,70.85427135678393,0.00011152762824359787,0.00007,,,,57.99999999999999
"2026-03-01","576801",,"Designer Clay Diya Set (Multicolour) by House Of Festivals","6 pcs","Home Decor","House of Festivals",,,131,199,,0.22247,34.17085427135678,0,0,,,,21.833333333333332
"2026-03-01","602675",,"Ceramic Clay Diffuser Set (Black) By Prosperro Lumo","1 pc","Home Decor","Prosperro lumo",,,199,599,,56.79021,66.77796327212022,0.04992243248598719,0.03744,0.01833,0.03133,0,199.00000000000003
"2026-03-01","630362",,"StarAndDaisy Multi Purpose Study/ Laptop Bed Table - Grey (Grey)","1 pc","Home Decor","StarAndDaisy",,,1433.766052631579,1999,,2.7598,28.27711377299585,0.026585326295566286,0.04284,0.01193,0.02038,0,1427.0460793589132
"2026-03-01","570540",,"Twin Pack Jar Candle (Romance) by IRIS","2 pcs","Home Decor","Iris",,,282.3781362024559,349,,61.15676,19.049803183028878,0.02191225175524632,0.04077,0.2878,0.16454,0.46177,142.72028363603786
"2026-03-01","554598",,"Homestrap Plastic Stackable Cloth Organizer (White)","3 pcs","Home Decor","Homestrap",,,1061.4749634479656,1999,,58.75857,46.936105022414274,2.179075874427545,2.59534,0.35735,0.40705,0.28721,353.5619712519308
"2026-03-01","534181",,"Airwick Essential Automatic Fragrance Mist Diffuser Refill (Lavender)","20 ml","Home Decor","Air wick",,,399,399,,4.60556,0,0.001900742974528325,0.00429,,,,1995
"2026-03-01","477887",,"Scented Votive Candle (Jasmine, White) by Auradecor","6 pcs","Home Decor","Auradecor",,,69.58624399577076,448.3076585483871,,90.3671,84.3679678523678,3.311252435220951,1.15481,0.99221,1.69524,0,11.667789366007426
"2026-03-01","596836",,"FunBlast Plastic Pill Organizer Box (White)","1 unit","Home Decor","FunBlast",,,199,499,,12.92673,60.120240480961925,0.012793089720077174,0.01152,0.00728,0.01245,0,198.99999999999994
"2026-03-01","569229",,"Ram Naam Design Akhand Diya (Golden) by Amaya Decors","1 pc","Home Decor","Amaya Decors",,,,,,0,,0,0,,,,
"2026-03-01","570137",,"Trendy Home 3-Layer Multipurpose Foldable Organizer","1 unit","Home Decor","Senego by Trendy Home",,,1283.6600921943345,2499,,44.33489,47.19655803844216,1.6401061985254897,1.98091,1.09344,0.88861,1.38252,1325.3101718774526
"2026-03-01","553553",,"Ribbed Jar Scented Candle (Cool Blue) by IRIS","110 g","Home Decor","Iris",,,122.26702505544301,149,,48.37219,17.5737276594385,0.08690058590193961,0.16141,0.76256,0.93995,0.5122,111.69642554569567
"2026-03-01","605478",,"Tree Of Life Evil Eye Wall Hanging (Dark Blue) - Tied Ribbons","1 pc","Home Decor","Tied Ribbons",,,299,999,,43.12639,70.07007007007006,0.11493658680946935,0.07765,0.03323,0.05678,0,298.99999999999994
"2026-03-01","536510",,"Round Floral Design Clay Diya Set (Multicolour) by Satvik","4 pcs","Home Decor","Satvik",,,142,199,,6.04702,28.64321608040201,0,0,0.00006,0.00009,0,142
"2026-03-01","496088",,"Tulsi Diya Set (Red, Golden) by DiaCraft","2 pcs","Home Decor","DiaCraft",,,125,150,,0.1954,16.666666666666668,0,0,,,,62.5
"2026-03-01","532354",,"Flower Floating Candles (Blue, White) by Auradecor","6 pcs","Home Decor","Auradecor",,,117.02206826110945,399,,92.37867,70.56613761058236,0.11805903506303618,0.07878,0.41398,0.7073,0,19.611044204351025
"2026-03-01","564373",,"Sand Wax with Wicks by Auradecor","1 set","Home Decor","Auradecor",,,189.3551697882018,499,,67.96486,61.80138745803511,0.06111150950507084,0.05259,0.00023,0.00039,0,193.70747439002992
"2026-03-01","576843",,"Traditional Diya Set (Multicolour) by House Of Festivals","12 pcs","Home Decor","House of Festivals",,,,,,0,,0,0,,,,
"2026-03-01","637081",,"ExclusiveLane Owl Buddies Modern Showpiece (5.7"" x 8.5"", Multicolour)","1 pc","Home Decor","ExclusiveLane",,,1035.1402142857144,1999,,10.60204,48.2170978346316,0.01157016211450841,0.0135,0.00348,0.00003,0.00835,1034.9847273852836
"2026-03-01","532002",,"Fragrance Votive Candle Set with Frosted Glass by Auradecor","4 pcs","Home Decor","Auradecor",,,398.487357404098,1299,,68.32489,69.35629692721433,1.8142352774954085,1.2561,0.77119,1.31762,0,398.0453248356445
"2026-03-01","570590",,"Fragrance Gift Set (Lavender) by IRIS","1 set","Home Decor","Iris",,,556.8709677419355,799,,23.08318,30.304009043562516,0.007388594823725201,0.01107,0.07594,0.00701,0.17322,531.2453638210188
"2026-03-01","533961",,"Om Diya Set (Golden) by Amaya Decors","2 pcs","Home Decor","Amaya Decors",,,601.2043010752689,999,,0.00012,39.819389281754866,0.0005598827160707053,0.00073,,,,557.6978417266187
"2026-03-01","559004",,"Scooting Around Wall Clock (Red, Blue) - Chumbak","1 pc","Home Decor","Chumbak",,,907.7166986885208,1595,,60.8443,42.95378476295753,0.12189526820774348,0.15931,0.36868,0.29052,0.47898,924.8406851085019
"2026-03-01","569956",,"Welspun Anti Skid Bath Mat (19"" x 31"", Drylon, Green)","1 pc","Home Decor","Welspun",,,429,449,,40.09013,4.454342984409817,0.01516691929838468,0.03271,,,,429.00000000000017
"2026-03-01","594920",,"Ekhasa Brass Ram Darbar God Idol (2.9"", Golden)","1 pc","Home Decor","Ekhasa",,,799,1299,,4.76239,38.49114703618168,0.018377111093403686,0.02551,0.00004,0.00006,0,799.0000000000001
"2026-03-01","620820",,"Chumbak Wood Floral Design Tissue Box (Multicolour)","1 unit","Home Decor","Chumbak",,,815.0053272325508,995,,55.94124,18.32585772940473,0.1408796511292113,0.25679,0.00074,0.00127,0,808.8957029219595
"2026-03-01","559275",,"Aroma Jar Candle by Auradecor","4 pcs","Home Decor","Auradecor",,,424.73941541999693,499.5287214919356,,76.48304,14.93972663040578,0.2020009518564955,0.38973,0.30212,0.51618,0,152.10951650781246
"2026-03-01","531452",,"Taper Jar Candle (Ocean Dreams) by IRIS","2 pcs","Home Decor","Iris",,,230.59870384051055,381.5107477142857,,8.60945,39.85386144107379,0.007404247160497754,0.00981,0.00038,0.00003,0.00086,121.34684234593371
"2026-03-01","576695",,"Ekhasa Lord Krishna Hands with Flute Figurines (4"", White, Golden)","1 pc","Home Decor","Ekhasa",,,799,1999,,0.43164,60.03001500750375,0.0022406506297149623,0.00202,0,0,0,798.9999999999999
"2026-03-01","559276",,"Black Glass Wooden Lid Candle (Oudh) by Auradecor","1 pc","Home Decor","Auradecor",,,259.63613827587653,999,,89.47459,73.11562296732042,0.6919755426339608,0.41005,0.12112,0.20694,0,269.78081340559584
"2026-03-01","533962",,"Amaya Decors Lotus Design Urli with Attached Diyas (Golden)","1 pc","Home Decor","Amaya Decors",,,557,999,,0.1051,44.24424424424424,0.00027994135803535264,0.00035,,,,557
"2026-03-01","598471",,"Kuber Industries Rubber Multiple Drawer Storage Organiser (Transparent)","25 pcs","Home Decor","Kuber Industries",,,1199,2299,,100,47.84688995215311,0,0,,,,47.96
"2026-03-01","521836",,"Time Piece Buzzer Table Clock - Orpat","1 pc","Home Decor","Orpat",,,235,235,,6.24593,0,0.0036024358741871703,0.00813,0.00848,0.0145,0,235
"2026-03-01","541452",,"Homestrap Shoe Cover Bag (Grey)","4 pcs","Home Decor","Homestrap",,,202.09553199226968,349,,82.08015,42.168908813376945,0.5098262664933807,0.66323,0.33545,0.2674,0.4315,50.45703380146868
"2026-03-01","631317",,"Rose Flower Shaped Wax Floating Candles (Unscented, Multicolour) by Prosperro Lumo","12 pcs","Home Decor","Prosperro lumo",,,229,399,,67.87514,42.60651629072682,0.011047789018420224,0.01431,0.00788,0.01346,0,19.08333333333333
"2026-03-01","603936",,"Tied Ribbons Couple Showpiece Set (2"", Multicolour)","2 pcs","Home Decor","Tied Ribbons",,,199.51184343434343,599,,24.19617,66.69442232848088,0.044832841353494385,0.03362,0.01259,0.02152,0,99.72129989408117
"2026-03-01","604005",,"Soy Wax Scented Candle (Rose Oudh Wood) by Prosperro Lumo","250 g","Home Decor","Prosperro lumo",,,459,999,,47.39004,54.054054054054056,0.022162556318578438,0.02298,0.00057,0.00098,0,183.60000000000002
"2026-03-01","595641",,"Madhubani Wall Decor Plates (Multicolour) - Ritualistic","5 pcs","Home Decor","RITUALISTIC",,,2628.5154334308,5471.748387096774,,13.79134,52.00418141522122,0.2370776670681806,0.2557,0.00012,0.0002,0,2626.739911510266
"2026-03-01","624151",,"Wooden Pooja Temple for Home Wall Mounted (Dark Brown) - Ekhasa","1 pc","Home Decor","Ekhasa",,,699,1599,,0.50715,56.28517823639775,0.002688445834825999,0.00265,,,,699
"2026-03-01","587095",,"Satyam Kraft Rabbits Miniature Showpiece Set (3 x 4 cm, Multicolour)","7 pcs","Home Decor","Satyam Kraft",,,299.1384024577573,1200,,66.25008,75.06908021329136,0.2629817144560632,0.14791,0.06421,0.10971,0,42.7471960350756
"2026-03-01","543150",,"Apple Planter (White) - Amaya Decors","2 pcs","Home Decor","Amaya Decors",,,895.611968457336,1499,,43.27356,40.25286370865443,0.027215068251435003,0.03668,0.0587,0.10029,0,447.6483170525671
"2026-03-01","496559",,"Soy Wax Scented Candle (Orange Blossom) by Ekam","1 pc","Home Decor","Ekam",,,843,1200,,1.87993,29.75,0,0,,,,843
"2026-03-01","598335",,"Handcrafted Hanging Wind Chime (Blue) - Kuber Industries","2 pcs","Home Decor","Kuber Industries",,,375,899,,0.39799,58.28698553948832,0.00025191948029543545,0.00024,,,,187.5
"2026-03-01","612629",,"Ekhasa Pure Brass Maa Durga God Idol (3.5"" x 3.1"", Golden)","1 pc","Home Decor","Ekhasa",,,1199,1699,,13.02931,29.42907592701589,0.00476096351677198,0.00758,,,,1199.0000000000002
"2026-03-01","413404",,"Nilkamal Plastic 3 Door Corner Cabinet (Maroon)","1 unit","Home Decor","Nilkamal",,,1393,1895,,0.83775,26.49076517150396,0,0,,,,1393
"2026-03-01","559042",,"Aroma Oil Set By Auradecor","6 pcs","Home Decor","Auradecor",,,208.84078808472455,699,,66.05403,70.13761336815955,0.7430047808644752,0.50111,0.16861,0.28807,0,34.7893126803736
"2026-03-01","536522",,"Floral Silver Stone Studded Clay Diya Set (Multicolour) by Satvik","7 pcs","Home Decor","Satvik",,,241.6413291925466,399,,27.49097,39.43826336026401,0.0012477818585727122,0.00166,0.00926,0.01583,0,239.89205303850707
"2026-03-01","536988",,"Stone Studded Flower Designed Clay Diya Set (Multicolour) by Satvik","7 pcs","Home Decor","Satvik",,,179.2956989247312,399,,28.63761,55.063734605330524,0.0012857967180632788,0.0013,0.00215,0.00368,0,179.01157772866014
"2026-03-01","477885",,"Scented Jar Candle by Auradecor","4 pcs","Home Decor","Auradecor",,,298.5711542174956,1347.9565508467738,,95.37476,77.85431031541175,0.708854736279072,0.35448,0.16743,0.28606,0,74.56959771428335
"2026-03-01","602178",,"Magical Pillar Candle (Unscented) By Prosperro Lumo","1 pc","Home Decor","Prosperro lumo",,,269,999,,0.86863,73.07307307307308,0.00797832870400755,0.00485,,,,269
"2026-03-01","535367",,"Floral Enamelled Diya Set (Multicolour) by Satvik","4 pcs","Home Decor","Satvik",,,171.79862096774195,199,,39.02504,13.669034689576906,0.00025651371309322286,0.00058,0.00527,0.009,0,182.1849597925205
"2026-03-01","564773",,"Clay Terracotta Diya (Multicolour) by Satvik","6 pcs","Home Decor","Satvik",,,133,259,,0.22526,48.648648648648646,0.00007257710889869699,0.00008,,,,22.16666666666667
"2026-03-01","616931",,"Chime/Spell Candle Set (Unscented, Gold) by Prosperro Lumo","20 pcs","Home Decor","Prosperro lumo",,,289,400,,0.46674,27.75,0,0,,,,289
"2026-03-01","576511",,"Diwali Diya Set (Red, Green) by Aravi","4 pcs","Home Decor","Aravi",,,79,149,,1.63296,46.97986577181208,0.00008350659116841957,0.0001,,,,79
"2026-03-01","559260",,"7 Chakras Jar Candle (Unscented) by Auradecor","7 pcs","Home Decor","Auradecor",,,348.4069290480878,999,,82.25859,65.15498438637468,0.15755559473841796,0.12469,1.50925,0.15224,3.42446,49.73185325177484
"2026-03-01","564460",,"Sammsara Chess Queen Decorative Accent Showpiece (9"", Golden)","1 pc","Home Decor","Sammsara",,,999,1299,,0.27668,23.094688221709006,0.00036400783191984287,0.00063,0,0,0,999
"2026-03-01","625003",,"Tea Light Candles (Unscented) by Kritilife","50 pcs","Home Decor","kritilife",,,899.6959408602152,899.8790322580645,,61.32284,0.01944088771284407,0.052579796423423864,0.11867,0.17533,0.13902,0.22659,17.991951151515153
"2026-03-01","623608",,"ExclusiveLane Old Italian Couple Showpiece (6.9"" x 3.1"" x 7.5"")","1 pc","Home Decor","ExclusiveLane",,,899.6351290322582,1549,,28.84475,41.921553968220906,0.015228381138106373,0.01995,0.02325,0.01015,0.04173,900.017496224621
"2026-03-01","633264",,"Soy Wax Scented Urli bowl Candle 7 Wick By Prosperro Lumo","1 pc","Home Decor","Prosperro lumo",,,490,999,,41.65879,50.950950950950954,0.008818152778113608,0.00976,0.00528,0.00903,0,490.0000000000001
"2026-03-01","577063",,"Shimmer Clay Diya Set by DiaCraft","4 pcs","Home Decor","DiaCraft",,,93,199,,31.81818,53.266331658291456,0.000055763814121798935,0.00006,,,,23.25
"2026-03-01","599924",,"Kuber Industries Foldable Storage Box (Grey)","1 unit","Home Decor","Kuber Industries",,,299,799,,0.87971,62.57822277847309,0.0002238967618907795,0.00019,,,,299
"2026-03-01","536524",,"Earthly Elegance Clay Diya Set (Multicolour) by Satvik","7 pcs","Home Decor","Satvik",,,244,399,,6.30451,38.847117794486216,0.002124359795061069,0.00293,0.01569,0.02681,0,244
"2026-03-01","535409",,"Floral Design Diya Set (Golden) by Satvik","4 pcs","Home Decor","Satvik",,,142,199,,11.1898,28.64321608040201,0.00016729144236539683,0.00027,0.00114,0.00194,0,142
"2026-03-01","604521",,"Soy Wax Scented Candle (Rose Jasmine Fragrance) by The Better Home","1 pc","Home Decor","The Better Home",,,,,,0,,0,0,,,,
"2026-03-01","457913",,"Aroma Candle Set by Bella Vita Organic","4 x 60 g","Home Decor","Bella Vita Organic",,,296.0012594542931,499,,91.66288,40.704592195704556,1.6489232357414945,2.20689,0.82249,1.40526,0,123.2841114526379
"2026-03-01","564506",,"Sammsara Dog Origami Mini Animal Decorative Showpiece (4"", Golden)","1 pc","Home Decor","Sammsara",,,1039,1039,,0.01753,0,0,0,,,,1039
"2026-03-01","543211",,"Long Striped Wall Clock (Golden) - Amaya Decors","1 pc","Home Decor","Amaya Decors",,,1310.8023162470336,2499,,21.26153,47.39716642316643,0.04862984235616929,0.06155,0.01802,0.03079,0,1402.4006721605251
"2026-03-01","556515",,"Morning of Darjeeling by Hiroshi Yoshida Art Print - Daak Vaak","1 pc","Home Decor","Daak Vaak",,,189,354,,65.00033,46.61016949152543,0.05976249984263488,0.07202,0.05606,0.09577,0,188.99999999999997
"2026-03-01","599920",,"Lazer Polyester Electronics Accessories Organizer Bag (Black)","1 unit","Home Decor","Lazer",,,399,999,,52.62889,60.06006006006007,0.1439680179936006,0.12979,0.10324,0.17639,0,399.00000000000006
"2026-03-01","604006",,"Evil Eye Candle (Unscented) by Prosperro Lumo","2 pcs","Home Decor","Prosperro lumo",,,299,899,,42.44888,66.74082313681869,0.057795357804373615,0.04339,0.00344,0.00588,0,149.5
"2026-03-01","570110",,"Estele","1 pc","Home Decor","Estele",,,423,1199,,11.43688,64.72060050041702,0.007499201924079764,0.00597,0.00064,0.00109,0,423
"2026-03-01","569233",,"Swastik Design Akhand Diya by Amaya Decors","1 pc","Home Decor","Amaya Decors",,,463,899,,0.29073,48.49833147942158,0.00025191948029543545,0.00029,,,,463
"2026-03-01","564515",,"Sammsara Colorado 3-in-1 Globe Showpiece (8"", Multicolour)","1 pc","Home Decor","Sammsara",,,1299,1689,,1.50753,23.090586145648313,0.0007572707967514883,0.00131,,,,1299
"2026-03-01","605399",,"Horse Shoe Evil Eye Wall Hanging (Dark Blue) - Tied Ribbons","1 pc","Home Decor","Tied Ribbons",,,379,1249,,36.18314,69.65572457966374,0.07868024411091917,0.05389,0.03372,0.0576,0,379
"2026-03-01","494215",,"Nuggets Floating Candles (Unscented, White) by Auradecor","20 pcs","Home Decor","Auradecor",,,231.1966040068238,599,,67.63214,61.03033371355993,0.05449593365064991,0.04875,0.17987,0.30732,0,12.33991257160968
"2026-03-01","629540",,"Zulaxy Storage Cloth Organizer with Lid (Light Grey)","2 pcs","Home Decor","Zulaxy",,,699,1599,,45.87303,56.28517823639774,0.924361127732076,0.9121,0.10394,0.17759,0,349.49999999999994
"2026-03-01","598459",,"Kuber Industries Blouse & Cloth Organizer (Maroon)","3 pcs","Home Decor","Kuber Industries",,,229,229,,0.076,0,0.0002979349461055889,0.00067,,,,76.33333333333331
"2026-03-01","533955",,"Rose Wall Decor (Multicolour) - Amaya Decors","4 pcs","Home Decor","Amaya Decors",,,1279.5558525345623,2499,,8.34634,48.79728481254253,0.011554516503053766,0.01383,0.00174,0.00298,0,1331.2870125120999
"2026-03-01","612303",,"Ekhasa Brass Radha Krishna God Idol (3.5"" x 4.5"", Golden)","1 pc","Home Decor","Ekhasa",,,1199,2199,,7.74879,45.47521600727603,0.006760673747680822,0.00832,,,,1199
"2026-03-01","538607",,"Belle Femme Antique Wine Bottle Holder (Multicolour) - The Artment","1 pc","Home Decor","The Artment",,,2014.5772972215448,2299,,39.1513,12.354307564354563,0.08468777892903995,0.16702,0.0114,0.00158,0.02527,2021.6707461650014
"2026-03-01","536504",,"Leaf Shaped Enameled Clay Design Diya Set (Multicolour) by Satvik","6 pcs","Home Decor","Satvik",,,163,299,,19.04059,45.48494983277592,0.001942170092193863,0.00239,0.0049,0.00837,0,163
"2026-03-01","630316",,"G.Fidel Vacuum Storage Bags with Hand Pump","6 pcs","Home Decor","G.Fidel",,,427.9775510204082,999,,14.83072,57.14457807408801,0.06639928987174054,0.06423,0.00177,0.00302,0,71.44069259828998
"2026-03-01","579525",,"Tied Ribbons Modern Art Thinker Men Showpiece Set (5"", Golden)","3 pcs","Home Decor","Tied Ribbons",,,599.0063211125158,1899,,47.99618,68.45624161727831,0.16397009787860772,0.11674,0.00731,0.0125,0,199.67979541537144
"2026-03-01","541551",,"Real Wood Wall Clock (Mahogany) - Nautica","1 pc","Home Decor","Nautica",,,1867.2847223622682,2599,,57.31552,27.973669133778753,0.17836274141390357,0.28941,0.2529,0.13388,0.42088,1895.6038001558074
"2026-03-01","570505",,"House of Quirk Plastic Large Stackable Shoe Rack with Magnetic Door (Clear Black)","4 pcs","Home Decor","House of Quirk",,,2499,2999,,5.46161,16.672224074691563,0.009664424750766605,0.01818,0.013,0.00865,0.01914,624.75
"2026-03-01","633605",,"Tied Ribbons Acrylic Shoe Rack Case Organizer (Transparent)","1 unit","Home Decor","Tied Ribbons",,,949,2199,,0.19364,56.84402000909504,0.0012324145071466275,0.0012,0.00016,0.00028,0,949
"2026-03-01","559481",,"7 Chakras Pillar Candle Set (Unscented, Multicolour) by Auradecor","7 pcs","Home Decor","Auradecor",,,342.4099008277337,999,,82.04678,65.67463120405942,0.1376757777703695,0.10762,0.02706,0.04623,0,49.297611401910515
"2026-03-01","630553",,"Pranah Senses Forest Spa Scented Candle (Forest Spa)","1 pc","Home Decor","pranah",,,997.5190885816692,997.5115205376343,,69.81171,0,0.07336555070330011,0.1656,3.1691,0.1041,7.49485,996.4458314247189
"2026-03-01","602826",,"Tied Ribbons Love Hug Couple Showpiece (Multicolour)","1 pc","Home Decor","Tied Ribbons",,,199,599,,2.26185,66.7779632721202,0,0,,,,199
"2026-03-01","633602",,"Tied Ribbons Plastic 3 Layer Shoe Rack Organizer (White)","1 unit","Home Decor","Tied Ribbons",,,999,2699,,18.72613,62.986291218969995,0.15890856309110912,0.13276,0.06107,0.10435,0,998.9999999999999
"2026-03-01","608120",,"FunBlast Plastic Weekly Pill Organizer 4 Times, 7 Days (Multicolour)","1 unit","Home Decor","FunBlast",,,230,799,,6.18387,71.21401752190238,0.007599597469851578,0.00494,0.00091,0.00155,0,229.99999999999994
"2026-03-01","583453",,"Travalate Polyester Multiple Sizes Packing Cubes Storage Organiser (Grey)","4 pcs","Home Decor","Travalate",,,598,1399,,43.33999,57.25518227305217,0.08931727004663922,0.08618,0.00536,0.00424,0.00693,598.0000000000001
"2026-03-01","605480",,"Hamsa Palm Evil Eye Wall Hanging by (Dark Blue) - Tied Ribbons","1 pc","Home Decor","Tied Ribbons",,,299,999,,43.67695,70.07007007007006,0.13711401028395426,0.09263,0.03474,0.05935,0,299.00000000000006
"2026-03-01","599725",,"Kuber Industries Polyester Cloth Organizer (Red)","3 pcs","Home Decor","Kuber Industries",,,,,,0,,0,0,,,,
"2026-03-01","594247",,"Relaxing Scented Candle (Patchouli, Beige) by The Better Home","1 pc","Home Decor","The Better Home",,,559,1999,,1.39799,72.03601800900451,0,0,0.00092,0.00158,0,559
"2026-03-01","579123",,"Murli Ganesha Idol Showpiece (6"") by Tied Ribbons","1 pc","Home Decor","Tied Ribbons",,,499.04424778761063,899,,43.84647,44.48751945737625,0.09875127531780634,0.12372,0.10709,0.18298,0,499.1147033996769
"2026-03-01","547430",,"Modern Art Balance it out Showpiece (Black) - The Artment","1 pc","Home Decor","The Artment",,,1118.1396163674779,1699,,16.59695,34.20528693630184,0.040714264230928075,0.05955,0.00373,0.00581,0.0008,1101.0382495575413
"2026-03-01","541489",,"Abs Chrome Dial Modern Wall Clock (Navy, Rosegold) - Nautica","1 pc","Home Decor","Nautica",,,1865.2356675746494,2699,,65.39962,30.827054126426603,0.38471273442779597,0.59716,0.6172,0.61942,0.61405,1864.2010869661194
"2026-03-01","445050",,"eCraftIndia Reversible Single Bed Dohar (White, Orange)","2 pcs","Home Decor","Ecraftindia",,,2398,2398,,9.98992,0,0,0,0.00001,0.00002,0,2398
"2026-03-01","602168",,"My First Birthday Candle (Unscented, Orange) by Prosperro Lumo","1 pc","Home Decor","Prosperro lumo",,,169,499,,23.14408,66.13226452905812,0.057206985800968196,0.04373,0.17056,0.29141,0,169
"2026-03-01","553701",,"Classic Owl Dream Catcher Wind Chime (Golden) - Chumbak","1 pc","Home Decor","Chumbak",,,1072.3737903225806,1295,,27.49168,17.191213102503422,0.004351017560197958,0.00805,0.01346,0.023,0,1060.1467522826058
"2026-03-01","597937",,"Coconut Shell Scented Candle (Lemongrass Lime & Breezy Blossom) by Soi Flamecraft","2 pcs","Home Decor","soi flamecraft",,,1071.0714285714287,1535.357142857143,,3.01059,30.23959060246569,0.000560442598786776,0.00127,,,,1005.5226693086672
"2026-03-01","537948",,"Cactus Family Print Planter (White) - Mad Over Print","1 pc","Home Decor","Mad Over Print",,,239.2173913043478,499,,3.70729,52.060643025180795,0.0004194908640188677,0.00038,,,,296.6757188362565
"2026-03-01","587468",,"Satyam Kraft Penguin Miniature Figurines (2"", Multicolour)","1 set","Home Decor","Satyam Kraft",,,349,1200,,52.37181,70.91666666666666,0.3008884728678617,0.19752,0.01258,0.02149,0,349
"2026-03-01","595157",,"Chime Candle Set (Unscented, Black) by Prosperro Lumo","20 pcs","Home Decor","Prosperro lumo",,,159,400,,18.3666,60.25,0.005770036100755466,0.00518,0.00201,0.00344,0,158.99999999999997
"2026-03-01","553779",,"Chumbak Tropical Jungle Storage Box","1 unit","Home Decor","Chumbak",,,1086.2489347101496,1295,,61.60052,16.04825464165516,0.13091912408146983,0.24964,0.00237,0.00404,0,1093.58720228959
"2026-03-01","632439",,"Luxehome International Bamboo Storage Box (Beige)","1 unit","Home Decor","LUXE HOME INTERNATIONAL",,,449,1299,,19.64521,65.43494996150885,0.00778612752476544,0.00607,0.00049,0.00084,0,448.99999999999994
"2026-03-01","556565",,"Art Print - Jaipur by Hiroshi Yoshida - Daak Vaak","1 pc","Home Decor","Daak Vaak",,,189.26798161634122,354,,66.50425,46.53388292713604,0.014406958374468891,0.01747,0.01246,0.02129,0,189.40923812642203
"2026-03-01","557327",,"Archies Sis Photo Frame Fridge Magnet (13.5 cm x 12.5 cm, Pink, Green)","1 pc","Home Decor","Archies",,,359.35747462919596,399,,33.97682,9.933995928023194,0.009621233077814232,0.0196,0.27751,0.47414,0,359.0750281537147
"2026-03-01","629360",,"Ekhasa Buddha with Lotus Showpiece (4"" x 3"", White)","1 pc","Home Decor","Ekhasa",,,599,1199,,4.96352,50.04170141784821,0.001007957862539777,0.00114,,,,599
"2026-03-01","583930",,"Glimpse Homes Pomegranate Ceramic Showpiece (4"", Off White)","1 pc","Home Decor","glimpse homes",,,799,1199,,3.88672,33.36113427856547,0.0006719719083598515,0.00101,,,,799
"2026-03-01","496567",,"3 Wick Soy Wax Scented Candle (Temple Bloom) by Ekam","1 pc","Home Decor","Ekam",,,688.1982860377761,1400,,52.41744,50.906466856597724,0.03477439199564274,0.03881,0.09516,0.03076,0.18606,702.789272894975
"2026-03-01","611845",,"Flameless LED Candle (Light Brown) by VEROX","1 pc","Home Decor","VEROX",,,499,999,,14.55631,50.050050050050054,0.0008398240741060579,0.00095,,,,499
"2026-03-01","547447",,"Surreal Bull Showpiece (Golden) - The Artment","1 pc","Home Decor","The Artment",,,1657.9645355136133,2499,,35.36561,33.71305528875387,0.0898092169638344,0.12434,0.20381,0.00648,0.48232,1536.1257829791045
"2026-03-01","609692",,"Tied Ribbons Romantic Love Figurines (1.5"" x 2"", Multicolour)","2 pcs","Home Decor","Tied Ribbons",,,199.1278798503974,599,,22.78588,66.71578451151122,0.09113961851227606,0.06834,0.01687,0.02882,0,99.77999814303996
"2026-03-01","536158",,"Ethnic Motif Design Enameled Diya Set (Multicolour) by Satvik","6 pcs","Home Decor","Satvik",,,179,399,,37.71219,55.13784461152882,0.0011739883077969066,0.00119,0.01432,0.02446,0,29.833333333333332
"2026-03-01","579549",,"House of Quirk Polyester Foldable Storage Box with Lid and Handle (Grey)","3 pcs","Home Decor","House of Quirk",,,675,1999,,16.21357,66.23311655827914,0.034220345174189086,0.02608,0.00257,0.00438,0,225.00000000000006
"2026-03-01","529105",,"Unscented Wax Tea Light Candles (White) by Quace","100 pcs","Home Decor","Quace",,,498.44795698924736,499,,2.17112,0.11062986187427869,0.0003495761403480924,0.00072,0.00001,0.00001,0,4.863127144444027
"2026-03-01","627670",,"Artificial Garland Wall Hanging Toran with Bells (Multicolour) - Tied Ribbons","4 pcs","Home Decor","Tied Ribbons",,,498.9845555555556,1199,,42.41244,58.383105362634375,0.09017223113003293,0.08471,0.09886,0.16891,0,124.74223792881051
"2026-03-01","559480",,"Maharaja Royal Votive Candle Set by Auradecor","12 pcs","Home Decor","Auradecor",,,1033.0071175515343,3499,,77.9924,70.4474293659527,0.45021405901142725,0.30502,0.05195,0.08875,0,86.66503726891759
"2026-03-01","569765",,"Elegant Peacock Design Pure Brass Hanging Bell (Golden) - ExclusiveLane","1 pc","Home Decor","ExclusiveLane",,,2499,3675,,0.051,32,0,0,,,,2499
"2026-03-01","599922",,"Lazer Polyester Electronics Accessories Organizer Bag (Grey)","1 unit","Home Decor","Lazer",,,349,999,,50.712,65.06506506506506,0.2819213538374708,0.22231,0.09592,0.16388,0,349.00000000000006
"2026-03-01","495610",,"Lakshmi Ganesh Design with Plate Candle Holder (Golden) by Satvik","2 pcs","Home Decor","Satvik",,,354.347132034632,559,,48.78217,36.69028769060373,0.006417691781544229,0.00913,0.00887,0.01516,0,169.6773306329365
"2026-03-01","609547",,"Starry Mosaic Glass Tealight Candle Holder (Multicolour) by Tied Ribbons","2 pcs","Home Decor","Tied Ribbons",,,,,,0,,0,0,,,,
"2026-03-01","619350",,"Premium Tea Light Candles (Rose Oudh) by Prosperro Lumo","10 pcs","Home Decor","Prosperro lumo",,,169,499,,32.04499,66.13226452905812,0.010437641276284503,0.00798,0.01125,0.01922,0,16.9
"2026-03-01","549568",,"Mangalam Kapoor Dani/ Diffuser Set","1 pc","Home Decor","Mangalam",,,285.0010803151703,399,,90.0729,28.720350050643617,4.805858838010195,7.7319,0.41281,0.7053,0,284.405803297932
"2026-03-01","541552",,"Luxury Real Wood Numbers Wall Clock with Silent Sweep Technology (Teak, White) - Nautica","1 pc","Home Decor","Nautica",,,1851.254531175287,2599,,43.98871,28.76392998536962,0.051810062771919,0.08067,0.03241,0.0522,0.00449,1854.933291315299
"2026-03-01","445053",,"eCraftIndia Reversible Single Bed Dohar (Blue)","1 pc","Home Decor","Ecraftindia",,,2398,2398,,16.54251,0,0,0,0.00002,0.00004,0,2398
"2026-03-01","598549",,"Kuber Industries Drawer Cloth Organizer Set (Black)","12 pcs","Home Decor","Kuber Industries",,,899,1998,,10.9163,55.005005005005,0,0,,,,74.91666666666666
"2026-03-01","531453",,"Reed Oil Diffuser Set (Choco Orange) by Iris Celeste","1 set","Home Decor","Iris Celeste",,,784.9879275653924,1099,,20.79656,28.807324024506716,0.006967672307656079,0.01019,0.00005,0.00008,0,712.8516046427085
"2026-03-01","599846",,"Kuber Industries Jute Multipurpose Storage Box (Brown)","2 pcs","Home Decor","Kuber Industries",,,599,2599,,0.38493,76.95267410542516,0.0010924438281289513,0.00057,,,,299.5
"2026-03-01","611982",,"Yellocut Plastic Makeup Organizer (Peach)","1 unit","Home Decor","Yellocut",,,249,399,,18.79694,37.59398496240601,0.013879097418965524,0.01955,0.00395,0.00674,0,249.00000000000006
"2026-03-01","536642",,"Flower Design Stone Studded Diya Set (Red) by Satvik","6 pcs","Home Decor","Satvik",,,162.53209677419352,299,,33.05754,45.642398106496046,0.0019208012351971642,0.00233,0.00496,0.00848,0,26.990302552241086
"2026-03-01","616317",,"Kuber Industries Foldable Multi-purpose Storage Box (Black)","1 unit","Home Decor","Kuber Industries",,,269,1199,,22.05598,77.56463719766472,0,0,,,,269
"2026-03-01","531873",,"Tejas Premium Quality Candle by Shubhkart","10 pcs","Home Decor","Shubh kart",,,54.13115564617162,74.88103739130435,,72.13905,27.679237655889008,0.04913420421022774,0.0814,0.09878,0.16877,0,5.396436597110252
"2026-03-01","532004",,"Taper Candle (White) by Auradecor","4 pcs","Home Decor","Auradecor",,,99.72970666666463,399,,81.78402,74.84603598319673,1.5002801794147442,0.8493,0.51774,0.88457,0,25.0912231474126
"2026-03-01","598851",,"Kuber Industries Wood Bangle Box (Peach)","1 unit","Home Decor","Kuber Industries",,,949,4499,,0.41343,78.90642364969993,0.013237528150885998,0.0063,,,,948.9999999999999
"2026-03-01","618031",,"Ekhasa Brick Thinking Man Showpiece (7 x 12 cm, Golden)","1 pc","Home Decor","Ekhasa",,,299,899,,0.22313,66.74082313681869,0.0005038389605908709,0.00038,,,,299
"2026-03-01","630623",,"ExclusiveLane Chatting Birds Showpiece (6.3"" x 8.1"", Multicolour)","1 pc","Home Decor","ExclusiveLane",,,999,1999,,3.80648,50.02501250625313,0,0,,,,999
"2026-03-01","566174",,"The Artment Wholeness Trio Showpiece Set (14.5 x 27 x 21.6 cm, White)","1 set","Home Decor","The Artment",,,1199,1496.4614441013825,,27.73186,19.880089466511144,0.052382722751355415,0.09473,0.00271,0.00463,0,1199.0000000000002
"2026-03-01","565978",,"Modern Art Scholar Deep in Thought Table Accent Showpiece (Black, Golden) - The Artment","1 pc","Home Decor","The Artment",,,1302.7019967169745,1620.314038663968,,36.61351,19.61167833125201,0.09336536920015973,0.16932,0.03108,0.01025,0.06048,1302.2963345893475
"2026-03-01","534754",,"Milton Plastic First Aid Medical Box (White)","1 unit","Home Decor","Milton",,,288.97310325657054,350.83621725806444,,78.46384,17.107102590134268,0.2949147411788899,0.53774,0.46533,0.79503,0,288.953491304428
"2026-03-01","382788",,"Nilkamal Chester Drawers Stand (Pink & White)","1 pc","Home Decor","Nilkamal",,,2092,2600,,0.00103,19.53846153846154,0,0,,,,2092
"2026-03-01","536154",,"Matki Shaped Stone Studded Diya Set (Multicolour) by Satvik","12 pcs","Home Decor","Satvik",,,244,399,,5.69135,38.847117794486216,0.00011180841026637207,0.00015,,,,244
"2026-03-01","595193",,"Satyam Kraft Sitting Couple Figurines (3"" x 6"", Multicolour)","2 pcs","Home Decor","Satyam Kraft",,,219,1200,,30.20921,81.75,0.13191057296986813,0.05434,0.02328,0.03977,0,219
"2026-03-01","614876",,"Islamic Car Hanging Accessory (Multicolour) - Rumeha","1 pc","Home Decor","rumeha",,,120,120,,18.82495,0,0.0016477028881360094,0.00372,,,,120
"2026-03-01","561530",,"Soulflower Reed Diffuser Set (Lemongrass)","50 ml","Home Decor","Soulflower",,,501.6203778443133,799,,76.42669,37.279040501903935,0.3084963323907666,0.43629,0.81711,0.10893,1.81659,1002.015776130416
"2026-03-01","536156",,"Flower Shaped Enameled Big Diya Set (Multicolour) by Satvik","6 pcs","Home Decor","Satvik",,,244,399,,6.03242,38.847117794486216,0,0,,,,40.666666666666664
"2026-03-01","623638",,"Soul & Scents Lavender Reed Diffuser Set by (Lavender)","1 set","Home Decor","Soul & Scents",,,599,699,,56.24869,14.306151645207448,0.3190706245610151,0.61717,0.72275,0.02548,1.70684,599
"2026-03-01","559838",,"House Of Festivals Central Perk Friends Official Fridge Magnet (8 x 12 cm, White)","1 pc","Home Decor","House of Festivals",,,316,399,,14.68141,20.80200501253133,0.00011180841026637207,0.0002,0.01518,0.02593,0,316
"2026-03-01","588870",,"Elegantlue Pottery Tree Design Plate (Blue) - Nestroots","1 pc","Home Decor","Nestroots",,,699,2299,,5.03188,69.59547629404089,0.0006442291313132309,0.00044,,,,699
"2026-03-01","617387",,"Tea Light Candles (Jasmine Mogra) by Prosperro Lumo","10 pcs","Home Decor","Prosperro lumo",,,149,499,,58.97367,70.14028056112224,0.021012162948006688,0.01416,0.01252,0.0214,0,14.900000000000004
"2026-03-01","602763",,"Glass Scented Candle (Multicolour) By Prosperro Lumo","12 pcs","Home Decor","Prosperro lumo",,,449,999,,69.1923,55.05505505505506,0.016364499180747793,0.0166,0.07969,0.13615,0,449
"2026-03-01","553558",,"Fragranced Pillar Candle (Lavender) by IRIS","2 pcs","Home Decor","Iris",,,252.20401254439062,359,,57.72554,28.580877578893638,0.09204942372256726,0.1467,0.27973,0.22207,0.36109,129.60260982964783
"2026-03-01","547451",,"The Artment Wall Decor Mirror Tiles (4 pieces) (35 x 30 cm)","4 pcs","Home Decor","The Artment",,,856.0146954956375,1599,,5.43309,46.462439879101616,0.033364252556056906,0.03793,0.13626,0.04518,0.26481,214.99944965645673
"2026-03-01","547435",,"The Artment Modern Art Geometric Elephant Showpiece (8"", Black)","1 pc","Home Decor","The Artment",,,1257.4204660659514,2799,,38.52854,55.37164764072527,0.12179334265214696,0.09878,0.01328,0.00959,0.01849,1006.7812819612161
"2026-03-01","613138",,"Elephant Tealight Candle Holder (Unscented, Multicolour) by Tied Ribbons","6 pcs","Home Decor","Tied Ribbons",,,,,,0,,0,0,,,,
"2026-03-01","536141",,"Enameled Stone Studded Designer Clay Diya Set (Multicolour) by Satvik","4 pcs","Home Decor","Satvik",,,178.52080645161288,399,,32.35634,55.2579432452098,0.0014378561560255449,0.00146,0.02347,0.0401,0,178.43349136317755
"2026-03-01","595111",,"Round Tealight & Candle Holder (Unscented, Multicolour) by ExclusiveLane","1 set","Home Decor","ExclusiveLane",,,699,960,,6.72259,27.1875,0,0,0,0,0,699
"2026-03-01","570168",,"Dancing Ganpati Pure Brass Hanging Bell (Golden) - ExclusiveLane","2 pcs","Home Decor","ExclusiveLane",,,4199,7799,,12.45157,46.15976407231696,0,0,,,,4199
"2026-03-01","556847",,"Modern Wall Clock With Quartz Silent Sweep Technology (Black, Golden) - Nautica","1 pc","Home Decor","Nautica",,,1824.6114181659086,2599,,56.51916,29.700723270035503,0.07692202323289093,0.13111,0.15378,0.14029,0.17283,1912.3193042151825
"2026-03-01","576824",,"Fancy Diya Set by House Of Festivals","6 pcs","Home Decor","House of Festivals",,,199,199,,0.69757,0,0,0,,,,33.16666666666667
"2026-03-01","531774",,"Shagun Matki Wax Diya Set (Red, Green) by DiaCraft","4 pcs","Home Decor","DiaCraft",,,179,350,,0.01445,48.857142857142854,0.00009807783308681827,0.00011,,,,179
"2026-03-01","480510",,"Heart Shape Tea Light Candles (Rose, Red) by Auradecor","10 pcs","Home Decor","Auradecor",,,139.04797811059905,399,,88.11569,65.157914448648,3.814125632593854,2.99921,4.30478,7.35491,0,13.901992134989447
"2026-03-01","573017",,"Crafted Essence Diya Set by Ttyohar","4 pcs","Home Decor","Ttyohar",,,91,249,,0.15168,63.45381526104418,0,0,,,,91
"2026-03-01","630624",,"ExclusiveLane Ceramic Fridge Magnet Planter (1.9"" x 1.5"" x 7.2"", White, Green)","1 pc","Home Decor","ExclusiveLane",,,575,960,,0.00809,40.104166666666664,0.0002690127164303689,0.00036,,,,575
"2026-03-01","564334",,"Traditional Designer Diya Set (Pink, Golden) by Satvik","4 pcs","Home Decor","Satvik",,,,,,0,,0,0,,,,
"2026-03-01","534732",,"Enamelled Diya Set (Red) by Satvik","12 pcs","Home Decor","Satvik",,,,,,0,,0,0,,,,
"2026-03-01","566182",,"The Artment Quest for Knowledge Sculpture Showpiece (6"", Grey)","1 pc","Home Decor","The Artment",,,999,1240.1956823195878,,30.72918,19.447704222606536,0.05594321870238634,0.10201,0.00733,0.01253,0,999.0000000000002
"2026-03-01","570580",,"Homefragrances Jar Candle Set (Ocean Dream) by IRIS","2 pcs","Home Decor","Iris",,,227.95025983388362,349,,51.73675,34.27247639826302,0.050579126994048006,0.07529,0.2935,0.10136,0.56468,114.88820557245808
"2026-03-01","616925",,"Scented Tea Light Candles (Lemon Grass) by Prosperro Lumo","10 pcs","Home Decor","Prosperro lumo",,,169,499,,70.73517,66.13226452905812,0.01177752131965663,0.009,0.03479,0.05944,0,16.900000000000006
"2026-03-01","602183",,"Dripless Taper Candle Set (Unscented, White) by Prosperro Lumo","4 pcs","Home Decor","Prosperro lumo",,,194,699,,21.42318,72.24606580829757,0.03531931928600939,0.02213,0.01074,0.01834,0,194
"2026-03-01","561532",,"Soulflower Aromatherapy Reed Diffuser Set (Lavender)","1 pc","Home Decor","Soulflower",,,448.21566985248637,799,,73.60238,43.912704985705155,0.22483943961435376,0.28458,0.12683,0.12485,0.12962,448.07251108721806
"2026-03-01","610183",,"Stars Votive Tealight & Candle Holder (Multicolour) by Tied Ribbons","2 pcs","Home Decor","Tied Ribbons",,,299,599,,0.0033,50.08347245409015,0.00016785300641094521,0.00019,,,,149.5
"2026-03-01","612736",,"Yellocut Plastic 6 Layer Shoe Rack For Home (Green, White)","1 unit","Home Decor","Yellocut",,,452.48378774289984,999,,43.98271,54.554463732659016,0.3843902327360271,0.39296,0.42161,0.72033,0,455.06721084263756
"2026-03-01","630768",,"Pranah Senses Ethereal Spa Scented Candle (Ethereal Spa)","1 pc","Home Decor","pranah",,,999,999,,73.72969,0,0.05456476980146075,0.12316,4.64421,0.02961,11.157,999
"2026-03-01","626519",,"International Gift Blessing Hand Buddha God Idol (6"", Black)","1 pc","Home Decor","INTERNATIONAL GIFT",,,199,800,,0.64683,75.125,0.00022417754391355365,0.00013,,,,199
"2026-03-01","612447",,"Decorative Floral Design Tealight & Candle Holder (Multicolour) by Tied Ribbons","6 pcs","Home Decor","Tied Ribbons",,,299,1249,,17.07721,76.06084867894316,0.0010499894181525446,0.00057,0.00109,0.00186,0,49.833333333333336
"2026-03-01","604619",,"Evil Eye Hangings for Good Luck (Blue) - Linensutra","1 pc","Home Decor","linensutra",,,299,899,,0.43497,66.74082313681869,0.00025191948029543545,0.00019,,,,299
"2026-03-01","560465",,"Jai Shri Krishna Wall Hanging (Multicolour) - Mad Over Print","1 pc","Home Decor","Mad Over Print",,,404.7475308488776,599,,23.21442,32.42829246208557,0.007913065378336803,0.01225,0.00447,0.00764,0,413.6571843054668
"2026-03-01","576809",,"Traditional Diya Set by House Of Festivals","6 pcs","Home Decor","House of Festivals",,,199,199,,0.11441,0,0,0,,,,33.16666666666667
"2026-03-01","494209",,"Mini Scented Jar Candle (Multicolour) Set by Auradecor","6 pcs","Home Decor","Auradecor",,,208.9338906606579,599,,71.24209,65.12522383868283,0.37837358006814886,0.29791,0.13203,0.22557,0,34.816451034346805
"2026-03-01","532571",,"Rose Design Floating Candles (Purple) by Auradecor","6 pcs","Home Decor","Auradecor",,,68.86575307971937,199,,74.49493,65.43179350174618,0.1920809826790795,0.15013,0.59741,1.0207,0,11.464379127900077
"2026-03-01","601250",,"Relax & Calm Scented Candle (Orange & Peach) By EM5","1 pc","Home Decor","Em5",,,249,599,,46.39453,58.43071786310516,0.17176569969497993,0.16117,0.16299,0.27847,0,249.00000000000006
"2026-03-01","609693",,"Tied Ribbons Love Couple Figurines (1"" x 2"", Multicolour)","2 pcs","Home Decor","Tied Ribbons",,,199,599,,26.68282,66.77796327212019,0.08760819358857912,0.0657,0.03333,0.05694,0,99.49999999999999
"2026-03-01","605483",,"Turkish Om Elephant Evil Eye Hanging Accessory (Dark Blue) - Tied Ribbons","2 pcs","Home Decor","Tied Ribbons",,,399,1249,,25.82405,68.05444355484389,0.09640996937691527,0.06952,0.02165,0.03698,0,199.5
"2026-03-01","611125",,"WonderStand Multi Purpose Storage Organiser Basket (Black)","1 unit","Home Decor","WonderStand",,,299,299,,55.59881,0,0.10773840591175149,0.24319,0.07208,0.12316,0,299.00000000000006
"2026-03-01","617434",,"Satyam Kraft Rabbit Miniature Figurines (1.1"" x 1.7"", Multicolour)","4 pcs","Home Decor","Satyam Kraft",,,266.32456155632985,1200,,67.65839,77.8444201387193,0.7978733349572945,0.39965,0.05254,0.08977,0,265.7484547412856
"2026-03-01","595572",,"Ritualistic Holland Art Fridge Magnet (Standard, Multicolour)","5 pcs","Home Decor","RITUALISTIC",,,986.4827881973813,1499.510397567568,,22.9361,34.174205218736454,0.07015934618113745,0.10334,0.09919,0.15155,0.0253,197.71455104012978
"2026-03-01","566265",,"Nordic Minimalist Needle Wall Clock (Golden) - The Artment","1 pc","Home Decor","The Artment",,,897.5716284194323,1119.6702470564514,,48.43723,19.837092338385876,0.08883155749914734,0.16059,2.09532,0.07949,4.94037,897.8305917024185
"2026-03-01","547422",,"Surreal Faces Planter (Gold) - The Artment","1 pc","Home Decor","The Artment",,,1403.0472293948837,1999,,37.19894,29.81363189266228,0.07370661006917899,0.11705,0.05422,0.06156,0.04386,1404.9623694388363
"2026-03-01","602166",,"Heart Shaped Tea Light Candles (Rose, Red) by Prosperro Lumo","10 pcs","Home Decor","Prosperro lumo",,,199,499,,3.82538,60.120240480961925,0.0050338979342090615,0.00453,0.0229,0.03912,0,19.900000000000002
"2026-03-01","565968",,"The Artment Artisanal Pineapple Sculpture Showpiece (Small) (6"", Black, White)","1 pc","Home Decor","The Artment",,,899,1125,,3.74135,20.088888888888896,0.0045125672623970445,0.00814,0.0001,0,0.00023,899
"2026-03-01","591349",,"Christmas Soy Wax Scented Candle (Floral) by Auradecor","4 pcs","Home Decor","Auradecor",,,449.22667519649497,999,,20.58736,55.03146355296429,0.010077888889272694,0.01034,0.0008,0.00137,0,112.734242460992
"2026-03-01","570028",,"Playing Cards Candle Set (White, Red) by Auradecor","4 pcs","Home Decor","Auradecor",,,196.1543234208763,499,,76.78647,60.71010385600126,0.04995510576172713,0.04517,0.00527,0.00901,0,195.77484912842272
"2026-03-01","595635",,"Holland Art Wall Decor Plates (Blue, White) - Ritualistic","5 pcs","Home Decor","RITUALISTIC",,,2629.008312322638,5498.294727464789,,18.32946,52.18502532888049,0.2752111443533981,0.29728,0.0003,0.00051,0,2629.3265700606216
"2026-03-01","633724",,"3 Wick Soy Wax Scented Candle (Mahogany) by Ekam","1 pc","Home Decor","Ekam",,,557.8209126703302,1360.5143823790324,,92.155,59.577403220049455,0.4141155906288379,0.37939,1.56725,0.25659,3.41705,544.4956858367614
"2026-03-01","572043",,"Fabindia Sughandham Vapourizer Aroma Oil (4 Fragrance) Gift Set","4 pcs","Home Decor","Fabindia",,,,,,0,,0,0,,,,
"2026-03-01","531747",,"Tejas Puja Ghee Tea Light Candles by Shubhkart","25 pcs","Home Decor","Shubh kart",,,114.05465251618223,187.60270983870967,,92.97777,39.28363446626905,0.32807356974002744,0.45048,0.93572,1.59872,0,4.563990694323089
"2026-03-01","564772",,"Clay Terracotta Diya Set (Multicolour) by Satvik","6 pcs","Home Decor","Satvik",,,133,259,,0.70583,48.648648648648646,0,0,,,,22.166666666666664
"2026-03-01","604707",,"Evil Eye Hanging Accessory with OM (Blue) - Linensutra","1 pc","Home Decor","linensutra",,,299,999,,71.89289,70.07007007007006,0.0741679963011229,0.05011,,,,299.00000000000006
"2026-03-01","556848",,"Modern Wall Clock With Quartz Silent Sweep Technology (White, Golden) - Nautica","1 pc","Home Decor","Nautica",,,1858.7871505376343,2599,,21.07761,28.480679086662782,0.0032773306437221144,0.00567,0.01129,0.00564,0.01927,1952.092617307915
"2026-03-01","602864",,"Chime Candle Set (Unscented, White) By Prosperro Lumo","20 pcs","Home Decor","Prosperro lumo",,,149,400,,37.93244,62.75000000000001,0.029744107238481223,0.02501,0.04784,0.08174,0,149
"2026-03-01","535373",,"Enamelled Diya Set (White) by Satvik","4 pcs","Home Decor","Satvik",,,142,199,,8.86918,28.64321608040201,0.00011152762824359787,0.00018,,,,142
"2026-03-01","536151",,"Pentagon Flower Shaped Diya Set (Multicolour) by Satvik","10 pcs","Home Decor","Satvik",,,184,399,,2.27917,53.88471177944862,0.00022361682053274415,0.00023,,,,184
"2026-03-01","602659",,"Dripless Taper Candle Set (Unscented, Red) by Prosperro Lumo","4 pcs","Home Decor","Prosperro lumo",,,194,699,,11.19763,72.24606580829757,0.026666966611014472,0.01671,0.01381,0.0236,0,194
"2026-03-01","564784",,"Traditional Small Clay Diya Set (Multicolour) Soul","6 pcs","Home Decor","Soul",,,122,149,,0.61449,18.120805369127517,0.00004175329558420978,0.00008,,,,20.333333333333332
"2026-03-01","536152",,"Swastik Shaped Enameled Diya Set (Multicolour) by Satvik","12 pcs","Home Decor","Satvik",,,244,399,,1.65777,38.847117794486216,0,0,0.00009,0.00015,0,244
"2026-03-01","559282",,"Sanskrit Serenity Metallic Candle Set by Auradecor","3 pcs","Home Decor","Auradecor",,,959.0121433596073,2599,,58.61568,63.07230814247402,0.16825935768509592,0.13971,1.80972,0.04703,4.29747,321.8967269214953
"2026-03-01","608421",,"House of Quirk Plastic Drawer Drawer Divider Set for Bedroom (Ivory)","6 pcs","Home Decor","House of Quirk",,,1999,1999,,1.62242,0,0.0005601626574287406,0.00126,,,,333.1666666666667
"2026-03-01","556559",,"Art Print - Shakuntala by Raja Ravi Varma - Daak Vaak","1 pc","Home Decor","Daak Vaak",,,189.52276467717655,354,,67.42395,46.459621234722405,0.016499534317083713,0.01999,0.0136,0.02324,0,190.1599354526984
"2026-03-01","579000",,"Urli Soy Wax Candle Set (Vanilla, Oudh) by Auradecor - Pack of 2","2 x 2 pcs","Home Decor","Auradecor",,,1288,5000,,0.84788,74.24,0,0,,,,1288
"2026-03-01","559478",,"Ladoo Candle Set (Unscented) by Auradecor","4 pcs","Home Decor","Auradecor",,,185.75,399,,0.004,53.446115288220554,0,0,,,,46.4375
"2026-03-01","531996",,"Blue Diamond Candle (Multicolour) by Auradecor","10 pcs","Home Decor","Auradecor",,,66.93695664247983,149,,94.4334,55.05522093155835,0.8025397194876228,0.81412,0.97261,1.66175,0,6.696772081197804
"2026-03-01","602832",,"Pillar Candle (Unscented, Red) By Prosperro Lumo","3 pcs","Home Decor","Prosperro lumo",,,329,999,,17.57303,67.06706706706707,0.0016796481482121157,0.00125,0.00008,0.00013,0,109.66666666666666
"2026-03-01","541554",,"Modern Abs Matt Rim Wall Clock (Blue, Black) - Nautica","1 pc","Home Decor","Nautica",,,1076.0905117608377,1599,,53.28086,32.71201241930639,0.07293977587035835,0.11036,0.07382,0.08849,0.05313,1077.6953837227622
"2026-03-01","565053",,"Sammsara Horse Origami Mini Animal Showpiece (5"", Golden)","1 pc","Home Decor","Sammsara",,,,,,0,,0,0,,,,
"2026-03-01","577070",,"Designer Wax Matki Diya Set by DiaCraft","6 pcs","Home Decor","DiaCraft",,,129,249,,1.0118,48.19277108433735,0,0,,,,21.5
"2026-03-01","556558",,"Art Print - Bharat Mata - Daak Vaak","1 pc","Home Decor","Daak Vaak",,,132.56118711473243,354,,68.57527,62.551464154366535,0.004534360655086859,0.00384,0.00088,0.0015,0,132.83856697381006
"2026-03-01","598986",,"Kuber Industries Saree Cover & Cloth Organizer (Maroon)","12 pcs","Home Decor","Kuber Industries",,,,,,0,,0,0,,,,
"2026-03-01","553505",,"Lamp Shaped Scented Candle (Raspberry) by IRIS","1 pc","Home Decor","Iris",,,378.75714285714287,499,,0.10787,24.096764958488404,0.0005593211520251568,0.00071,,,,289.4526152281044
"2026-03-01","604506",,"Scented Candle (Patchouli Aroma, Blue) by The Better Home","1 pc","Home Decor","The Better Home",,,569,2099,,1.94601,72.89185326345878,0,0,,,,569
"2026-03-01","602170",,"Birthday Boy Candle (Unscented, Multicolour) By Prosperro Lumo","1 pc","Home Decor","Prosperro lumo",,,169,298.83495967741936,,18.35335,43.44081788440744,0.026278969570106944,0.03354,0.07717,0.13185,0,169.00000000000003
"2026-03-01","496565",,"Votive Candle Gift Set (Jasmine) by Ekam","4 pcs","Home Decor","Ekam",,,402,570,,1.42931,29.473684210526315,0,0,,,,401.99999999999994
"2026-03-01","598378",,"Kuber Industries PVC PVC Jewellery Organizer Bag (Brown)","1 unit","Home Decor","Kuber Industries",,,324,799,,0.22158,59.449311639549435,0.0007836390869500979,0.00072,,,,323.99999999999994
"2026-03-01","610530",,"Votive Mosaic Glass Tealight Candle Holder (Multicolour) by Tied Ribbons","2 pcs","Home Decor","Tied Ribbons",,,299,599,,21.19816,50.08347245409015,0.00016785300641094521,0.00019,,,,298.99999999999994
"2026-03-01","564505",,"Sammsara Leather Tissue Box (Brown, Tan)","1 unit","Home Decor","Sammsara",,,799,1039,,0.11781,23.099133782483158,0.0011646006046582258,0.00202,,,,799
"2026-03-01","553462",,"Pillar Candle (Unscented, Brown) by Iris Celeste","520 g","Home Decor","Iris",,,391.9925869464123,499,,21.6573,21.669504062467194,0.01878778758763576,0.03282,0.001,0.00172,0,74.49292933055024
"2026-03-01","535485",,"Designer Clay Diya (Multicolour) by Satvik","12 pcs","Home Decor","Satvik",,,281.1703225806452,399,,4.3008,29.531247473522512,0.0001844838769395139,0.00025,0.00128,0.00219,0,261.3547001408734
"2026-03-01","533968",,"Apple Planter (Golden) - Amaya Decors","3 pcs","Home Decor","Amaya Decors",,,662,1099,,0.00509,39.76342129208371,0.001231853783765818,0.00167,0.00001,0.00002,0,220.66666666666666
"2026-03-01","554602",,"Homestrap Under-Bed Storage Organiser (Grey)","2 pcs","Home Decor","Homestrap",,,386.7808243531002,499,,55.16352,22.04771229058284,1.5696297645335013,2.76717,0.436,0.72366,0.03001,194.4987894596909
"2026-03-01","604436",,"Gluman Polypropylene Pick N Carry Multipurpose Storage Box with Lid (Yellow)","1 unit","Home Decor","Gluman",,,349.01561517152135,369,,41.26187,5.409586901448597,0.0983904763031947,0.21006,0.07514,0.12838,0,349.05036963223733
"2026-03-01","617480",,"Satyam Kraft Panda Miniature Figurines (0.8"" x 1.6"", Multicolour)","4 pcs","Home Decor","Satyam Kraft",,,258.90195544554456,1200,,49.44205,78.42535404523538,0.2100160638461512,0.10191,0.0109,0.01862,0,64.4969371672894
"2026-03-01","538853",,"New Year Resolutions Scented Candle (Hot Cocoa) by Rad Living","1 pc","Home Decor","Rad Living",,,732,999,,12.99411,26.726726726726728,0,0,0.00007,0.00013,0,73200
"2026-03-01","531295",,"Reed Oil Diffuser Set (Lavender Khus) by Amogha","1 set","Home Decor","Amogha",,,418.83238034758295,650,,28.68241,35.6996016041857,0.03767976716300397,0.05277,0.01648,0.02816,0,412.74424551835824
"2026-03-01","532356",,"Flower Floating Candles (Pink) by Auradecor","6 pcs","Home Decor","Auradecor",,,117.9614489507529,399,,84.20104,70.42267877094496,0.07802557728620846,0.05228,0.22512,0.38462,0,19.67882704415391
"2026-03-01","582506",,"Christmas Elf Jar Candle (Vanilla, Red) by Quace","1 pc","Home Decor","Quace",,,237,499,,0.00234,52.50501002004008,0,0,,,,237
"2026-03-01","604491",,"Paraffin & Vegetable Wax Scented Candle (Black Snake) by The Better Home","1 pc","Home Decor","The Better Home",,,499,1899,,0.86724,73.7230121116377,0.0005321407796888234,0.00032,,,,499
"2026-03-01","582514",,"Hoppy Holidays Jar Candle (Jasmine, White) by Quace","1 pc","Home Decor","Quace",,,239.99428571428575,499,,4.37391,51.90495276266819,0.0004194908640188677,0.00045,0.00007,0.00011,0,237.81342682903045
"2026-03-01","603970",,"Magical Sand Wax (Lavender) by Prosperro Lumo","200 g","Home Decor","Prosperro lumo",,,,,,0,,0,0,,,,
"2026-03-01","547109",,"Homestrap Plastic Vacuum Storage Bag With Pump","6 pcs","Home Decor","Homestrap",,,471.48314712167854,999,,31.76988,52.209626807243595,1.2733046586168755,1.37715,0.08698,0.13626,0.01742,79.70958130212674
"2026-03-01","553607",,"Modern Wall Clock with Quartz Silent Sweep Technology (Black) - Nautica","1 pc","Home Decor","Nautica",,,1889,2699,,2.04955,30.01111522786217,0,0,,,,1889
"2026-03-01","564274",,"Decorative Akhand Diya (Pink, Golden) by Satvik","1 pc","Home Decor","Satvik",,,119,229,,0.00676,48.03493449781659,0,0,,,,119
"2026-03-01","531746",,"Tejas Puja Ghee Tea Light Candles by Shubhkart","50 pcs","Home Decor","Shubh kart",,,230.94653982728735,376.85118861751147,,90.72903,38.68567207798291,0.4508724583875784,0.62619,0.75388,1.28804,0,4.619345595365666
"2026-03-01","557062",,"Birch & Co. Ring Vase – 6"" (White, Pack)","1 pc","Home Decor","Birch & Co.",,,378.9992015330565,799,,60.85407,52.566198793728326,0.6358564568682081,0.6808,1.13876,1.65695,0.40741,378.99586325273026
"2026-03-01","617382",,"Kuber Industries Leather Wrist Watch & Sunglass Organizer Box","1 unit","Home Decor","Kuber Industries",,,1338,4499,,0.37399,70.26005779062014,0,0,,,,1338
"2026-03-01","603967",,"Magical Sand Wax (Rose Oudh) by Prosperro Lumo","200 g","Home Decor","Prosperro lumo",,,299,999,,46.10778,70.07007007007007,0.01005789199712979,0.00679,0.00049,0.00084,0,149.5
"2026-03-01","559379",,"Luxury Wooden Finish Modern Wall Clock with Silent Sweep Technology (Teak) - Nautica","1 pc","Home Decor","Nautica",,,1870.9236128854834,2599,,45.27724,28.01803704813709,0.056179695171429206,0.08914,0.05387,0.09037,0.00237,1839.1160404266057
"2026-03-01","602073",,"Storite Nylon Cloth Storage Organiser (Magenta)","1 unit","Home Decor","Storite",,,277.5423041474654,1299,,14.37563,78.66559187218762,0.05773528138014154,0.02795,0.00066,0.00113,0,277.5026490149845
"2026-03-01","596991",,"Bell Jar Scented Candle (Peony Allure) by Soi Flamecraft","1 pc","Home Decor","soi flamecraft",,,799,2499,,60.72571,68.02721088435375,0.09896094551032167,0.07142,0.04368,0.07462,0,799
"2026-03-01","564137",,"House of Quirk Foldable Clothing Storage Box (Grey)","6 pcs","Home Decor","House of Quirk",,,699,999,,51.73941,30.03003003003003,0.09454842743982404,0.14933,0.04674,0.06094,0.02669,116.5
"2026-03-01","598524",,"Kuber Industries Collapsible Storage Organiser (Grey)","6 pcs","Home Decor","Kuber Industries",,,479,2199,,1.86627,78.21737153251478,0.004005347148226539,0.00197,,,,79.83333333333334
"2026-03-01","603993",,"House of Quirk Cotton Versatile Cloth Organizer (White)","2 pcs","Home Decor","House of Quirk",,,699.022033898305,999,,54.57132,30.025936916314095,0.08225055566344087,0.1299,0.02425,0.04143,0,349.54310832515876
"2026-03-01","543304",,"Every Women There Is A Queen Showpiece (White, Pink) - Archies","1 pc","Home Decor","Archies",,,709,799,,11.46646,11.264080100125156,0.001343380571344677,0.00269,0.00004,0.00007,0,709
"2026-03-01","602740",,"Mini Jar Candle (Multicolour) by Prosperro Lumo","6 pcs","Home Decor","Prosperro lumo",,,289,499,,74.70597,42.08416833667334,0.012428134458996648,0.01625,0.14499,0.24773,0,48.16666666666667
"2026-03-01","601256",,"Focus & Meditate Scented Candle (Mahogany & Sage) By EM5","1 pc","Home Decor","Em5",,,249.26663505631979,599,,42.43982,58.33791033423687,0.17794785234866511,0.16839,0.11655,0.19913,0,249.7357599353326
"2026-03-01","576476",,"Colourful Cow Dung Diya Set by Sumukhi","4 pcs","Home Decor","sumukhi",,,100,100,,15.40075,0,0.0008266500169836194,0.00187,0.00411,0.00702,0,100
"2026-03-01","553473",,"Oil Diffuser Set (Cool Mist, White) by Iris Celeste","1 pc","Home Decor","Iris",,,,,,0,,0,0,,,,
"2026-03-01","579729",,"Tied Ribbons Buddha Head Showpiece (5"", Black, Golden)","1 pc","Home Decor","Tied Ribbons",,,199,999,,42.45318,80.08008008008008,0.15170468668978557,0.06821,0.0123,0.02101,0,199.00000000000006
"2026-03-01","547424",,"Surreal Faces Planter (White) - The Artment","1 pc","Home Decor","The Artment",,,1110.0479113310996,1799,,25.23691,38.296000593752915,0.04990822777389492,0.07024,0.02924,0.04996,0,1115.8826494439609
"2026-03-01","495611",,"Metal Om Design Candle Holder (Golden) by Satvik","1 pc","Home Decor","Satvik",,,225.66666666666669,299,,10.73826,24.526198439241917,0,0,,,,225.66666666666669
"2026-03-01","547436",,"Modern Art Geometric Elephant Showpiece (Golden) - The Artment","1 pc","Home Decor","The Artment",,,1060.9075902955208,2799,,33.85106,62.155985846508614,0.09415641706545326,0.0758,0.0151,0.01464,0.01574,1003.7169719166722
"2026-03-01","602755",,"Tea Light Candles (Unscented, White) Prosperro Lumo","25 pcs","Home Decor","Prosperro lumo",,,189,349,,72.02684,45.84527220630372,0.010785080446866454,0.01318,0.19966,0.34113,0,7.56
"2026-03-01","599930",,"Kuber Industries Foldable Storage Box (Black)","6 pcs","Home Decor","Kuber Industries",,,496,2199,,1.34456,77.44429286039109,0.007394487042879765,0.00376,,,,82.66666666666667
"2026-03-01","576713",,"Multicolor Traditional Diya Set by House Of Festivals","4 pcs","Home Decor","House of Festivals",,,90,149,,1.77665,39.59731543624161,0,0,,,,90
"2026-03-01","602683",,"Tied Ribbons Hug Couple Showpiece (Boy - 2"" x 1"" Girl - 2"" x 1.5"", Multicolour)","1 pc","Home Decor","Tied Ribbons",,,199.05913043478262,599,,5.75505,66.76833105710423,0.015328318521595517,0.01149,0.00106,0.0018,0,199.310786089095
"2026-03-01","536646",,"Enamelled Tear Drop Shaped Diya Set (Multicolour) by Satvik","6 pcs","Home Decor","Satvik",,,194,299,,35.82252,35.11705685618729,0.0003351452894410809,0.00051,0.01087,0.01858,0,32.33660754799158
"2026-03-01","611342",,"Couple Shape Valentines Special Scented Candle (Vanilla, White) by Prosperro Lumo","1 pc","Home Decor","Prosperro lumo",,,199,350.2387096774194,,25.08357,43.160518210060445,0.006359037762050281,0.00873,0.01757,0.03001,0,199
"2026-03-01","573014",,"Eco-Light Floral Design Clay Diya Set by Ttyohar","4 pcs","Home Decor","Ttyohar",,,91,249,,100,63.45381526104418,0,0,,,,22.75
"2026-03-01","605154",,"FunBlast Foldable Storage Organiser Box (Beige)","4 pcs","Home Decor","FunBlast",,,478,1499,,13.99873,68.11207471647765,0.002520314568386496,0.00181,0.00009,0.00015,0,478
"2026-03-01","559833",,"House Of Festivals Party Friends Official Fridge Magnet (12 x 8 cm, Grey, Black)","1 pc","Home Decor","House of Festivals",,,336.2222579968619,399,,6.74965,15.73376992559852,0.0015496645662919169,0.00293,0.00907,0.0155,0,334.08522530907163
"2026-03-01","538604",,"Minimal Frenzy Glass Vase (Multicolour) - The Artment","1 pc","Home Decor","The Artment",,,1158.9346887535019,1499,,51.42959,22.393694357939218,0.13602908872390848,0.24345,1.17638,0.05647,2.75696,1180.0384828155147
"2026-03-01","627464",,"Handwoven Table Mat Set (Beige) - Peepul Tree","6 pcs","Home Decor","Peepul Tree",,,605.1433722454361,1299,,68.6637,53.42154874245052,0.1312799432720352,0.13663,0.03765,0.00035,0.0903,100.89910693061998
"2026-03-01","564268",,"Floral Design Two Shaded Clay Diya Set (Multicolour) by Satvik","12 pcs","Home Decor","Satvik",,,129,299,,5.24017,56.8561872909699,0,0,,,,10.75
"2026-03-01","571987",,"Fabindia Varda Scented Pillar Candle (Clove)","1 pc","Home Decor","Fabindia",,,379.16129032258067,399,,0.80875,4.97210768857628,0.00011180841026637207,0.00025,,,,385.8556701030928
"2026-03-01","531969",,"Golden Lace Katori Studded Wax Diya Set (Golden) by DiaCraft","6 pcs","Home Decor","DiaCraft",,,134.26315789473685,299,,0.52027,55.095933814469284,0,0,,,,22.37719298245614
"2026-03-01","577069",,"Shine Clay Wax Diya Set by DiaCraft","4 pcs","Home Decor","DiaCraft",,,,,,0,,0,0,,,,
"2026-03-01","565971",,"The Artment Modern Art The Thinker Table Accent Showpiece (10"", Black, Golden)","1 pc","Home Decor","The Artment",,,1297.8016141367668,1623.7758539919357,,40.67673,20.065706891304313,0.10462775975045334,0.19018,0.00663,0.01133,0,1298.0362039099302
"2026-03-01","569137",,"Rose Design Hammered Urli Set (Golden, Red) - Amaya Decors","2 pcs","Home Decor","Amaya Decors",,,,,,0,,0,0,,,,
"2026-03-01","543138",,"Wine Planter (Golden) - Amaya Decors","2 pcs","Home Decor","Amaya Decors",,,499.9540304437635,899,,61.25849,44.38787357928884,0.03625559955092104,0.04551,0.05183,0.08855,0,249.9729016422949
"2026-03-01","604004",,"Premium Fragrance Tealight Candles (Assorted) by Prosperro Lumo","16 pcs","Home Decor","Prosperro lumo",,,1999,4999,,35.93406,60.01200240048009,0.02451448069578587,0.02213,0.0091,0.01556,0,124.93749999999997
"2026-03-01","493751",,"Fragrance Potpourri (Rose) by Auradecor","150 g","Home Decor","Auradecor",,,81.15180360050041,299,,61.7852,72.11387111399796,0.30955192736139786,0.18989,0.10123,0.17296,0,55.647969719755835
"2026-03-01","564508",,"Nayasa Square Side Table (White)","1 pc","Home Decor","Nayasa",,,1249.6404911036902,1649,,36.2191,23.96042738431519,0.2579420167758209,0.44901,0.07317,0.12501,0,1264.7019470192006
"2026-03-01","536514",,"Small Flower Design Stone Studded Clay Diya Set (Multicolour) by Satvik","4 pcs","Home Decor","Satvik",,,142,199,,26.33673,28.64321608040201,0.00022305525648719574,0.00036,0.00189,0.00323,0,142
"2026-03-01","564395",,"Decorated Wax Diya Set (Multicolour) by Satvik","4 pcs","Home Decor","Satvik",,,119,269,,10,55.762081784386616,0,0,,,,29.75
"2026-03-01","571823",,"Pieces and Accents Decorative American Swan Figurines (5"", Golden)","1 pc","Home Decor","pieces and accents",,,1096.1870374523437,1599,,23.74772,31.44546357396225,0.012546080562521328,0.01969,0.00113,0.00194,0,1116.9748736978252
"2026-03-01","603956",,"Tied Ribbons Miniature Love Couple Showpiece (2"", Multicolour)","1 pc","Home Decor","Tied Ribbons",,,199,599,,16.46838,66.7779632721202,0.06544114223564208,0.04907,0.00725,0.01238,0,199.00000000000003
"2026-03-01","535389",,"Designer Clay Diya Set (Multicolour) by Satvik","4 pcs","Home Decor","Satvik",,,142,199,,20.97605,28.643216080402006,0.0008364588931564617,0.00135,0.01078,0.01842,0,142.00000000000006
"2026-03-01","564108",,"Flicker Clay Diya Set (Multicolour) by DiaCraft","12 pcs","Home Decor","DiaCraft",,,127,399,,1.0614,68.17042606516291,0.00011180841026637207,0.00008,,,,10.583333333333332
"2026-03-01","533953",,"Standing Swastik Design Diya Set (Golden) by Amaya Decors","2 pcs","Home Decor","Amaya Decors",,,563.9193548387096,999,,1.97127,43.551616132261294,0,0,,,,563.9193548387096
"2026-03-01","566170",,"The Artment Cotton Handwoven Storage Box (Beige, Brown)","3 pcs","Home Decor","The Artment",,,872.027712920375,1120.5528183870967,,20.32566,22.1676754291411,0.03240993498850861,0.05785,0.15237,0.0002,0.36713,293.5557010541317
"2026-03-01","627743",,"Handwoven Table Runner & Table Mat Set (Green) - Peepul Tree","7 pcs","Home Decor","Peepul Tree",,,1191.5,1599,,6.4278,25.484677923702314,0.005551640648915688,0.00935,0.00002,0.00004,0,170.42960398671298
"2026-03-01","620864",,"Premium Scented Tea Light Candles (Lavender Vanilla) by Prosperro Lumo","10 pcs","Home Decor","Prosperro lumo",,,169,499,,74.04639,66.13226452905812,0.013260128581725103,0.01014,0.01724,0.02945,0,16.900000000000006
"2026-03-01","595175",,"Parkash Wax Chime Candle Set (Unscented, Green) by Prosperro Lumo","20 pcs","Home Decor","Prosperro lumo",,,184,400,,51.37851,54,0.022928177438180875,0.02381,0.00083,0.00142,0,9.199999999999998
"2026-03-01","631510",,"Scented Candle (Multicolour) For Gift & Home Decor by Floryn Decor","6 pcs","Home Decor","Floryn decor",,,349,799,,30.44363,56.32040050062578,0.04403646955840974,0.04342,0.0123,0.00033,0.0292,193.88888888888886
"2026-03-01","564275",,"Designer Clay Akhand Diya (Multicolour) Satvik","1 pc","Home Decor","Satvik",,,119,229,,0.56546,48.03493449781659,0,0,,,,119
"2026-03-01","556947",,"Numic Fridge Magnet Grocery List (A5, White)","1 pc","Home Decor","numic",,,212,225,,7.54782,5.777777777777778,0.0008826979757871479,0.00188,0.00617,0.01055,0,212
"2026-03-01","601718",,"Portronics My Buddy D Adjustable Laptop Table (Crimson Red)","1 pc","Home Decor","Portronics",,,1610.7894852170105,2999,,52.70715,46.25594900119237,2.282062577585288,2.75891,1.88538,1.37177,2.61025,1611.8948938512535
"2026-03-01","616927",,"Premium Scented Candle (French Vanilla Essence) by Prosperro Lumo","1 pc","Home Decor","Prosperro lumo",,,349,999,,76.0668,65.06506506506507,0.03714389887586311,0.02929,0.00726,0.0124,0,348.9999999999999
"2026-03-01","545760",,"Sneakare Stack'em Shoe Organizer Crate","1 pc","Home Decor","Sneakare",,,999.48988549937,1999.995499233871,,57.44117,50.013524106605416,0.2916915300090604,0.32879,0.55545,0.949,0,1000.1317260457351
"2026-03-01","576034",,"Birch & Co. Watch Storage Organiser – Re-engineered Wood & Vegan Leather (Brown)","1 unit","Home Decor","Birch & Co.",,,1025.7314144663458,2499,,60.85008,59.27107304871535,2.1832655322757746,1.98418,0.05183,0.07379,0.02085,1016.9722711593249
"2026-03-01","553430",,"Oil Diffuser Set (Lemon Grass) by Amogha","1 set","Home Decor","Amogha",,,437.8714495271183,550,,13.05575,20.641673057364667,0.005768554849485622,0.0097,0.00226,0.00386,0,411.3364797227941
"2026-03-01","556566",,"Art Print - Golden Temple in Amritsar - Daak Vaak","1 pc","Home Decor","Daak Vaak",,,189,354,,68.00985,46.610169491525426,0.007253389873112036,0.00874,0.00093,0.00159,0,189
"2026-03-01","626527",,"7 Gods Premium Scented Candle (Assorted) Set by Prosperro Lumo","7 pcs","Home Decor","Prosperro lumo",,,1490,2999,,22.22965,50.31677225741914,0.02170713544362134,0.02434,0.00232,0.00396,0,212.85714285714292
"2026-03-01","591344",,"Amber Jar Candle (Dark Love) by Auradecor","1 pc","Home Decor","Auradecor",,,334.9196334745307,499,,75.22677,33.13801597716462,0.20771800338075574,0.31553,0.17961,0.30687,0,333.4481363573961
"2026-03-01","559280",,"Single Lotus Urli Multiwick Candle (Vanilla Oudh) by Auradecor","1 pc","Home Decor","Auradecor",,,393.4310476116277,999,,78.58399,60.53450427732396,0.13190316755418366,0.11818,0.03347,0.05718,0,396.74051828934057
"2026-03-01","583445",,"Kuber Industries Plastic Multi-Purpose Organizer Box (Brown)","1 unit","Home Decor","Kuber Industries",,,,,,0,,0,0,,,,
"2026-03-01","595630",,"Birds of Paradise Wall Decor Plates (Multicolour) - Ritualistic","5 pcs","Home Decor","RITUALISTIC",,,2625.6081836534554,5455.375838926175,,16.21716,51.9761807558099,0.2648569407337734,0.28497,0.00046,0.00078,0,2617.603638142508
"2026-03-01","620857",,"House of Quirk Plastic Storage Organiser (White)","8 pcs","Home Decor","House of Quirk",,,599,999,,6.19296,40.04004004004004,0,0,,,,74.875
"2026-03-01","579764",,"Tied Ribbons Black Panther Jaguar Sculpture Showpiece (10"", Black)","1 pc","Home Decor","Tied Ribbons",,,699.0132604237867,1999,,57.35981,65.0315461092002,0.10471684583349344,0.08265,0.00705,0.01205,0,699.0666493384124
"2026-03-01","633610",,"Tied Ribbons Plastic Shoe Rack Organizer (Transparent)","1 unit","Home Decor","Tied Ribbons",,,499,699,,0.00354,28.61230329041488,0.00019587488415086235,0.00032,,,,499
"2026-03-01","604508",,"Scented Candle (Sea Anemone Algae, White) by The Better Home","1 pc","Home Decor","The Better Home",,,549,1999,,0.28131,72.53626813406703,0,0,,,,549
"2026-03-01","560716",,"Secret Message Happy Anniversary Scented Jar Candle (4 Layered, Black) Divine Senses","1 pc","Home Decor","divine senses",,,259,599,,1.25163,56.76126878130217,0,0,,,,259
"2026-03-01","531301",,"Reed Oil Diffuser Set (Lemon Grass) by Amogha","1 set","Home Decor","Amogha",,,472.63867012709346,650,,50.98809,27.270110987885932,0.06044180486951169,0.09714,0.03725,0.06364,0,475.6416080624727
"2026-03-01","531665",,"Vaporizer Oil Diffuser Set (Coral Blue) by Iris Celeste","1 set","Home Decor","Iris Celeste",,,849,849,,0.06603,0,0,0,,,,849
"2026-03-01","535912",,"Lantern (Multicolour) - Archies","1 pc","Home Decor","Archies",,,477,999,,1.5224,52.252252252252255,0.00027994135803535264,0.0003,,,,47700
"2026-03-01","543152",,"Amaya Decors Apple Planter (5"", Black)","2 pcs","Home Decor","Amaya Decors",,,895.0646939273647,1499,,36.22805,40.28850512130464,0.03945490810023095,0.0532,0.05848,0.09992,0,446.9448617522348
"2026-03-01","583901",,"Glimpse Homes Ceramic Pomegranate Showpiece (4"", Red)","1 pc","Home Decor","glimpse homes",,,799,1199,,8.61436,33.36113427856547,0.0006719719083598515,0.00101,,,,799
"2026-03-01","529120",,"Unscented Wax Tea Light Candles (White) by Quace","50 pcs","Home Decor","Quace",,,303.8240349110971,394.56396446236556,,25.13922,22.997536177736034,0.0049474523791136395,0.00865,0.00504,0.00861,0,6.093326976064984
"2026-03-01","576806",,"Diya Set by House Of Festivals","6 pcs","Home Decor","House of Festivals",,,,,,0,,0,0,,,,
"2026-03-01","599917",,"Lazer Polyester Luggage Storage Organiser Set (Black)","7 pcs","Home Decor","Lazer",,,599,1499,,55.66906,60.040026684456315,0.8433793360784249,0.76071,0.185,0.2047,0.15721,598.9999999999999
"2026-03-01","614311",,"Lotus Design Urli (Golden) Attached Diyas by Tied Ribbons","3 pcs","Home Decor","Tied Ribbons",,,1499,5099,,1.12994,70.60207883898804,0.0014288501146782994,0.00095,,,,499.6666666666667
"2026-03-01","602665",,"Smokey Cocktail Storage Bulldog Showpiece (11.8"" x 6.7"" x 7.7"", Red)","1 pc","Home Decor","SMOKEY COCKTAIL",,,3499,4999,,7.78599,30.006001200240046,0.0014008273962736433,0.00221,,,,3499
"2026-03-01","495608",,"Om Design with Plate Candle Holder (Golden) by Satvik","1 pc","Home Decor","Satvik",,,185.96236559139786,399,,8.34892,53.392890829223596,0.0002795210256659301,0.00063,,,,214.47239915074312
"2026-03-01","564423",,"Hurricane Glass Candle Holder Set (Golden) by Sammsara","2 pcs","Home Decor","Sammsara",,,,,,0,,0,0,,,,
"2026-03-01","602807",,"Premium Tea Light Candles (Vibhuti, White) By Prosperro Lumo","25 pcs","Home Decor","Prosperro lumo",,,389,1299,,31.24062,70.05388760585065,0.011739252579414935,0.00794,0.00696,0.01189,0,15.559999999999995
"2026-03-01","637083",,"ExclusiveLane Yoga Lady Modern Showpiece Statue (8"" x 9.6"", Multicolour)","1 pc","Home Decor","ExclusiveLane",,,899,1825,,0.36056,50.73972602739726,0,0,,,,899
"2026-03-01","497337",,"Skiindle Electric Lamp Oil Diffuser Set","4 pcs","Home Decor","skiindle",,,1600,1600,,4.39798,0,0,0,,,,800
"2026-03-01","541553",,"Luxury Wooden Finish Wall Clock with Silent Sweep Technology (Teak, White) - Nautica","1 pc","Home Decor","Nautica",,,1268.16892302558,1999,,59.84065,37.136510569193675,0.34140263451166725,0.47004,0.4016,0.52929,0.22138,1232.3773903024653
"2026-03-01","594933",,"Ekhasa Elephant Cute Showpiece (4.5"" x 2.7"", White, Golden)","2 pcs","Home Decor","Ekhasa",,,499,1199,,1.82788,58.381984987489574,0.008567637207932044,0.00805,,,,249.49999999999997
"2026-03-01","559725",,"Pure Kuber Brass Diya by ServDharm","1 pc","Home Decor","Servdharm",,,130.47120826973014,175,,91.58108,25.646939844094593,0.6161228256135914,1.03294,0.91153,1.55739,0,130.11843359740655
"2026-03-01","604615",,"Handmade Turkish Evil Eye Wall Hanging (Blue) - Linensutra","1 pc","Home Decor","linensutra",,,299,899,,51.7307,66.74082313681868,0.0517346786834573,0.03884,0.02959,0.05056,0,299.0000000000001
"2026-03-01","579767",,"House of Quirk Polyester Drawer Divider Socks Closet Organizer (Grey)","2 pcs","Home Decor","House of Quirk",,,499,545.5220305376342,,31.75324,8.565176456933115,0.010382621450456583,0.02162,0.0045,0.00768,0,249.49999999999997
"2026-03-01","599958",,"Kuber Industries PVC Laminated PVC Travel Jewellery Organizer (Black)","13 pcs","Home Decor","Kuber Industries",,,,,,0,,0,0,,,,
"2026-03-01","563974",,"Sacred Designer Clay Diya Set (Green, Pink) by DiaCraft","4 pcs","Home Decor","DiaCraft",,,84,199,,2.51276,57.78894472361809,0,0,,,,21
"2026-03-01","559233",,"Premium Scented Diffuser Set (Oudh) by Auradecor","1 pc","Home Decor","Auradecor",,,270.0196984072886,599,,72.5087,54.76011244559852,1.1174866758604134,1.13693,0.41757,0.71343,0,270.9935174230395
"2026-03-01","579508",,"House of Quirk Plastic 4 Tier Transparent Cosmetic Drawer Storage Box (Pink)","1 unit","Home Decor","House of Quirk",,,600.1707305936072,899,,56.42801,33.24061686021319,0.13263619526119635,0.19948,0.04204,0.06199,0.01387,600.6160642778393
"2026-03-01","602159",,"Tied Ribbons Couple Dome Showpiece With Led Light (3.1"" x 5.1"", Multicolour)","1 pc","Home Decor","Tied Ribbons",,,499,1799,,0.70583,72.26236798221234,0,0,,,,499
"2026-03-01","495613",,"Metal Lakshmi Ganesh Design Candle Holder (Golden) by Satvik","2 pcs","Home Decor","Satvik",,,259,499,,0.58249,48.09619238476954,0,0,,,,129.5
"2026-03-01","559278",,"Tomb Lid Jar Candle (Dark Amber, Oudh) by Auradecor","1 pc","Home Decor","Auradecor",,,248.3429721761213,499,,69.95754,50.20802035821598,0.22389291837159345,0.25208,0.07653,0.13076,0,248.54929413878324
"2026-03-01","541453",,"Homestrap Saree Cover","10 pcs","Home Decor","Homestrap",,,364.49797608468594,499,,59.56794,27.1155854183619,0.7785380846344397,1.28815,0.97767,1.6704,0,36.37129437562389
"2026-03-01","594924",,"Ekhasa Brass Panchmukhi Hanuman God Idol (4"" x 3.5"", Golden)","1 pc","Home Decor","Ekhasa",,,699,1310,,3.19538,46.6412213740458,0.004037995204024319,0.00486,,,,699.0000000000001
"2026-03-01","538849",,"Happy Birthday Scented Candle (Tarte Au Chocolat) by Rad Living","1 pc","Home Decor","Rad Living",,,783,1199,,4.53858,34.69557964970809,0,0,,,,783
"2026-03-01","553448",,"Oil Diffuser Set (Lavender Khus) by Amogha","1 set","Home Decor","Amogha",,,449.1600940479446,550,,45.30427,20.532908093821007,0.041325153439363466,0.06927,0.01882,0.03216,0,415.41983459572754
"2026-03-01","563222",,"Homestrap Cloth Organizer (Grey)","4 pcs","Home Decor","Homestrap",,,699.8512913507266,999,,62.91131,30.05887501713425,0.5751181251660283,0.90738,0.12383,0.21156,0,174.629671835764
"2026-03-01","553561",,"Fragrance Tealight Candles (Lavender) by IRIS","15 pcs","Home Decor","Iris",,,117.51337520965474,149,,22.70025,21.520956459886822,0.06529526672749875,0.11508,0.78466,1.04081,0.42314,7.7772450661588985
"2026-03-01","588034",,"Kuber Industries Wood 4 Rods Bangle Box","1 unit","Home Decor","Kuber Industries",,,554,1399,,0.09867,60.40028591851323,0.00039202970965976006,0.00035,,,,554
"2026-03-01","618663",,"Kuber Industries Travel Storage Organiser (Grey)","1 unit","Home Decor","Kuber Industries",,,649,2899,,0.32697,77.6129699896516,0.006905078933195906,0.00349,,,,648.9999999999999
"2026-03-01","601257",,"Refresh & Rejuvenate Scented Candle (Citrus & Sea Salt) EM5","1 pc","Home Decor","Em5",,,250.1992692560895,599,,45.99873,58.2674550446694,0.07573097279355444,0.07106,0.05708,0.09752,0,249.53821328987735
"2026-03-01","596971",,"Scented Candle (Breezy Blossom, Lemongrass Lime) by Soi Flamecraft","2 pcs","Home Decor","soi flamecraft",,,599,1637.5916666666667,,69.94101,63.72650312709496,0.046953651021363306,0.03176,0.02236,0.0382,0,599.0000000000001
"2026-03-01","576705",,"Terracotta Diya Set by House Of Festivals","4 pcs","Home Decor","House of Festivals",,,90,149,,0.99338,39.59731543624161,0,0,,,,90
"2026-03-01","579770",,"Tied Ribbons Terracotta Clay Lakshmi Ganesh Idol (5"", Multicolour)","2 pcs","Home Decor","Tied Ribbons",,,499.4424037558685,1499,,38.58056,66.68177194909764,0.05742504919023613,0.04315,0.00555,0.00948,0,249.5084893378816
"2026-03-01","630219",,"Main Door Ganesh Design Toran / Bandhanwar (Multicolour) - Tied Ribbons","1 pc","Home Decor","Tied Ribbons",,,199,599,,23.97948,66.7779632721202,0.04409627528859591,0.03307,0.01945,0.03322,0,198.99999999999997
"2026-03-01","601252",,"Sleep & Destress Scented Candle (Cacao & Orris) By EM5","1 pc","Home Decor","Em5",,,249.04434985422742,599,,42.58412,58.418164873501894,0.15751869207837688,0.14782,0.12092,0.2066,0,249.09770400772493
"2026-03-01","571797",,"Pieces and Accents Decorative Aluminium Leopard Figurines (4"", Golden)","1 pc","Home Decor","pieces and accents",,,1152.582078947825,2199,,19.6328,47.58546610185233,0.029442382575732926,0.03485,0.00067,0.00115,0,1152.6368985061629
"2026-03-01","531999",,"Urli Soy Wax Candle Set (Vanilla, Oudh) by Auradecor","2 pcs","Home Decor","Auradecor",,,696.5317880798913,2500,,69.60579,72.15318354088849,0.6195274774540058,0.39315,0.61976,1.05888,0,697.0634742687446
"2026-03-01","605479",,"FunBlast Vacuum Storage Bags (Transparent)","6 pcs","Home Decor","FunBlast",,,549,1499,,28.56375,63.37558372248164,0.35916042368864015,0.29691,0.01248,0.02132,0,91.50000000000003
"2026-03-01","616934",,"Premium Scented Candle (Mukhallat Enigma, White) by Prosperro Lumo","1 pc","Home Decor","Prosperro lumo",,,349,999,,18.90199,65.06506506506507,0.002799413580353526,0.00221,0.00118,0.00202,0,349
"2026-03-01","564139",,"House of Quirk Foldable Clothing Storage Box (Beige)","6 pcs","Home Decor","House of Quirk",,,699,999,,16.46714,30.03003003003003,0.016190208363766775,0.02557,0.00069,0.00072,0.00065,116.5
"2026-03-01","609160",,"Akhand Diya (Golden) for Puja by Tied Ribbons","2 pcs","Home Decor","Tied Ribbons",,,499,2999,,54.89863,83.36112037345781,0.12062881182266208,0.0453,0.26572,0.45399,0,249.49999999999997
"2026-03-01","531978",,"Auradecor Aroma Oil Diffuser Set","4 pcs","Home Decor","Auradecor",,,249.03486613075924,699,,80.05931,64.37122253714574,0.41312609040130416,0.33223,0.20589,0.35177,0,249.04685710037646
"2026-03-01","564787",,"Swastik Design Terracotta Clay Diya Set (Red, Golden) Satvik","6 pcs","Home Decor","Satvik",,,,,,0,,0,0,,,,
"2026-03-01","553463",,"Glass Jar Candle (Black Oudh) by Iris Celeste","113 g","Home Decor","Iris",,,696.2258064516129,899,,1.29378,22.555527647206574,0,0,,,,616.1290322580645
"2026-03-01","602151",,"Smokeless Tea Light Candles (Unscented) by Prosperro Lumo","50 pcs","Home Decor","Prosperro lumo",,,179,424.4736842105263,,38.06768,57.56616168229377,0.026260672502065985,0.02653,0.00601,0.01026,0,3.58
"2026-03-01","496568",,"3 Wick Soy Wax Scented Candle (Rose) by Ekam","1 pc","Home Decor","Ekam",,,595.2009953771807,1364.9835682258065,,92.55112,56.48243787039575,0.3222044856790765,0.32064,3.46473,0.29859,7.93325,591.3351667113935
"2026-03-01","100000034","100000034","Dummy Product","100g","Home Decor","dummy",0.09454999999999998,,,,0,,,7.948485105778554e-8,,,,,
"2026-03-01","594916",,"Ekhasa Figurines Showpiece (12.5"", Multicolour)","3 pcs","Home Decor","Ekhasa",,,1199,2199,,1.96132,45.47521600727603,0.004313450775013196,0.00531,,,,399.66666666666663
"2026-03-01","504853",,"Glitter Votive Candle Set (Gold Musk) by Iris Celeste","2 pcs","Home Decor","Iris",,,546.4560037878788,649,,9.7816,16.055986046661538,0.0047544365957395895,0.00861,0.00181,0.00309,0,260.8677989079704
"2026-03-01","547431",,"Abstract Thought Thinker Showpiece (Golden) - The Artment","3 pcs","Home Decor","The Artment",,,1100.6669787572673,1499,,49.79122,26.484423617622344,0.14224258135905782,0.23542,0.41485,0.01534,0.97868,369.6228389957593
"2026-03-01","587090",,"Satyam Kraft Eiffel Tower Antique Statue (10"", Bronze)","1 pc","Home Decor","Satyam Kraft",,,349,1200,,21.92488,70.91666666666667,0.0020175953732277665,0.00132,0.0004,0.00068,0,349
"2026-03-01","598314",,"Kuber Industries Cotton Quilted Jewellery Organizer Pouch (Green)","1 unit","Home Decor","Kuber Industries",,,322,828,,3.50901,61.111111111111114,0,0,,,,322
"2026-03-01","576701",,"Traditional Diya Set by House Of Festivals","4 pcs","Home Decor","House of Festivals",,,90,149,,0.4486,39.59731543624161,0.00008350659116841957,0.00011,,,,89.99999999999999
"2026-03-01","609895",,"Mukut Ganesha Idol for Car Dashboard (2"") by Ekhasa","1 pc","Home Decor","Ekhasa",,,499,1499,,0.51547,66.711140760507,0.003116788057880165,0.00234,0.00003,0.00004,0,499
"2026-03-01","604489",,"Parrafin & Vegetable Wax Scented Candle (Teak Wood) by The Better Home","1 pc","Home Decor","The Better Home",,,499,1899,,0.42483,73.7230121116377,0,0,,,,499
"2026-03-01","553482",,"Fragrance Gift Set (Rose) by IRIS","1 set","Home Decor","Iris",,,121.26835409759323,150,,5.8838,19.14767410236797,0.01682800725049258,0.03084,0.00284,0.00486,0,122.53807070027462
"2026-03-01","611345",,"3D Heart Shape Scented Candle (Winter Water, Red) By Prosperro Lumo","1 pc","Home Decor","Prosperro lumo",,,199.00243581303488,399,,41.33628,50.12474166312842,0.02426434174340731,0.02732,0.15126,0.25844,0,199.0054714723359
"2026-03-01","561513",,"Soulflower Reed Diffuser Set (Soul Green)","8 pcs","Home Decor","Soulflower",,,500.3663613451451,799,,70.93136,37.351429591296736,0.06804522063860706,0.09629,0.3349,0.04636,0.74212,62.68894713706208
"2026-03-01","591309",,"Holiday Memories Photo Frame Gift Set - Chumbak","2 pcs","Home Decor","Chumbak",,,975.3521126760563,1585,,2.15052,38.46358910561159,0.006306945130843017,0.00876,,,,975.3500393142349
"2026-03-01","598531",,"Kuber Industries PVC Flower Printed Jewellery Organizer (Blue)","10 pcs","Home Decor","Kuber Industries",,,472,1198,,0.55408,60.60100166944908,0,0,,,,47.199999999999996
"2026-03-01","555843",,"Anadigi Wall Clock with Digital Display (Silver) - Titan","1 pc","Home Decor","Titan",,,2959.48,2995,,0.41441,1.1859766277128547,0,0,,,,2959.48
"2026-03-01","547421",,"Wall Decor Mirror Tiles (8 pieces) - The Artment","8 pcs","Home Decor","The Artment",,,1527.0601087460009,2599,,14.65877,41.27652681238293,0.13388990044351895,0.17588,0.5962,0.05002,1.36705,189.41617713021031
"2026-03-01","595179",,"Satyam Kraft Plate Ring Holder Showpiece (7 x 10 cm, Golden)","1 pc","Home Decor","Satyam Kraft",,,299,1200,,1.37931,75.08333333333333,0.0006725317910759222,0.00038,,,,299
"2026-03-01","557330",,"Archies Bro Photo Frame Fridge Magnet (13.5 cm x 12.5 cm, Multicolour)","1 pc","Home Decor","Archies",,,358.9979496992892,399,,42.21148,10.025574110436235,0.008689749645902438,0.01765,0.41168,0.70337,0,358.9935775251625
"2026-03-01","571856",,"Wooden Resin Photo Frame (Beige) - Pieces and Accents","1 pc","Home Decor","pieces and accents",,,479,899,,2.05164,46.71857619577308,0,0,,,,479
"2026-03-01","572703",,"Shot Glass Scented Candle (Jasmine & Lime) by Ekam","2 pcs","Home Decor","Ekam",,,163.81331206883456,187.48428120967745,,93.02443,12.365591816139794,0.524574582669711,1.03806,1.95141,0.65701,3.77825,82.18219752482214
"2026-03-01","571786",,"Fabindia Tealight & Candle Holder (Golden)","2 pcs","Home Decor","Fabindia",,,999,999,,0.25184,0,0.0006522633642223716,0.00147,0.00001,0.00001,0,999
"2026-03-01","543208",,"Leaves Wall Decor (Golden) - Amaya Decors","3 pcs","Home Decor","Amaya Decors",,,739.6174155982906,1499,,29.52684,49.76389404395914,0.0485307977586328,0.06382,0.00009,0.00015,0,291.397185691117
"2026-03-01","569132",,"Rose Design Hanging Urli (Golden) - Amaya Decors","2 pcs","Home Decor","Amaya Decors",,,1782,2499,,1.0561,28.691476590636256,0.001400547454915608,0.00225,0.00001,0.00002,0,1782
"2026-04-01","602170",,"Birthday Boy Candle (Unscented, Multicolour) By Prosperro Lumo","1 pc","Home Decor","Prosperro lumo",,,169,298.3619848333334,,9.89153,43.34317245987502,0.009041053240195966,0.01129,0.0072,0.01047,0,169.00000000000003
"2026-04-01","556848",,"Modern Wall Clock With Quartz Silent Sweep Technology (White, Golden) - Nautica","1 pc","Home Decor","Nautica",,,1859.8908055555553,2599,,24.47217,28.438214484203336,0.0007708431590310448,0.00118,0.0196,0.00618,0.04913,1926.506549396912
"2026-04-01","556559",,"Art Print - Shakuntala by Raja Ravi Varma - Daak Vaak","1 pc","Home Decor","Daak Vaak",,,190.00609043048775,354,,65.62605,46.328862935074966,0.02081847143360071,0.02433,0.00932,0.01355,0,189.85680022345846
"2026-04-01","538070",,"Mini Reindeer Tealight & Candle Holder (Multicolour) Quace","2 pcs","Home Decor","Quace",,,530.3333333333334,699,,0.97259,24.12970910824988,0.00020731803596796316,0.00045,,,,533.5801526717557
"2026-04-01","595641",,"Madhubani Wall Decor Plates (Multicolour) - Ritualistic","5 pcs","Home Decor","RITUALISTIC",,,5382.269927536232,5382.270048333333,,11.3954,0.000002244352296028867,0.011957419186358745,0.02604,,,,5496.42005160513
"2026-04-01","556558",,"Art Print - Bharat Mata - Daak Vaak","1 pc","Home Decor","Daak Vaak",,,132.40416540857723,354,,67.69078,62.59769338740756,0.0030038692835498895,0.00245,0.00053,0.00077,0,132.5454040348353
"2026-04-01","604436",,"Gluman Polypropylene Pick N Carry Multipurpose Storage Box with Lid (Yellow)","1 unit","Home Decor","Gluman",,,349.0016025641026,369,,36.05309,5.419193010630711,0.09408285286897389,0.19382,0.07065,0.10274,0,349.0041056788634
"2026-04-01","496559",,"Soy Wax Scented Candle (Orange Blossom) by Ekam","1 pc","Home Decor","Ekam",,,843,1200,,1.85185,29.75,0.0010677323740839303,0.00163,,,,843
"2026-04-01","633605",,"Tied Ribbons Acrylic Shoe Rack Case Organizer (Transparent)","1 unit","Home Decor","Tied Ribbons",,,949,2199,,4.45051,56.84402000909504,0.0006522065251696007,0.00061,0.0002,0.00028,0,949
"2026-04-01","531295",,"Reed Oil Diffuser Set (Lavender Khus) by Amogha","1 set","Home Decor","Amogha",,,478.3750295272725,650,,15.73491,26.603425482508605,0.024462366195485863,0.03901,0.00505,0.00735,0,478.86349362447964
"2026-04-01","565978",,"Modern Art Scholar Deep in Thought Table Accent Showpiece (Black, Golden) - The Artment","1 pc","Home Decor","The Artment",,,1299,1619.8494072500002,,35.60428,19.806169739910487,0.03900375823196225,0.06875,0.00766,0.00949,0.00362,1298.9999999999998
"2026-04-01","547451",,"The Artment Wall Decor Mirror Tiles (4 pieces) (35 x 30 cm)","4 pcs","Home Decor","The Artment",,,734.3472959183674,1599,,0.97687,54.07459062424219,0.0067580785952174776,0.00692,0.00004,0.00006,0,187.77044584432073
"2026-04-01","617480",,"Satyam Kraft Panda Miniature Figurines (0.8"" x 1.6"", Multicolour)","4 pcs","Home Decor","Satyam Kraft",,,299.079625,1200,,53.74011,75.07804611531294,0.1972310223065678,0.10704,0.00863,0.01256,0,74.75939243001771
"2026-04-01","576511",,"Diwali Diya Set (Red, Green) by Aravi","4 pcs","Home Decor","Aravi",,,79.8125,149,,0.22264,46.4456926635656,0.00026515442934115446,0.00031,,,,79.02145207441559
"2026-04-01","553607",,"Modern Wall Clock with Quartz Silent Sweep Technology (Black) - Nautica","1 pc","Home Decor","Nautica",,,1889,2699,,1.97786,30.01111522786217,0,0,,,,1889
"2026-04-01","536156",,"Flower Shaped Enameled Big Diya Set (Multicolour) by Satvik","6 pcs","Home Decor","Satvik",,,244,399,,6.13022,38.847117794486216,0,0,,,,40.666666666666664
"2026-04-01","576824",,"Fancy Diya Set by House Of Festivals","6 pcs","Home Decor","House of Festivals",,,199,199,,0.6967,0,0,0,,,,33.166666666666664
"2026-04-01","549568",,"Mangalam Kapoor Dani/ Diffuser Set","1 pc","Home Decor","Mangalam",,,269.002,399,,92.8079,32.581385284774676,4.894799102772064,7.18776,0.55117,0.80155,0,269.00027271374904
"2026-04-01","637083",,"ExclusiveLane Yoga Lady Modern Showpiece Statue (8"" x 9.6"", Multicolour)","1 pc","Home Decor","ExclusiveLane",,,910.7776666666667,1825,,1.29592,50.09437442922374,0,0,,,,910.7776666666667
"2026-04-01","559282",,"Sanskrit Serenity Metallic Candle Set by Auradecor","3 pcs","Home Decor","Auradecor",,,1146.9815058721326,2599,,61.48738,55.75943013358889,0.1797409734276054,0.17607,0.02983,0.04339,0,389.92350080995647
"2026-04-01","629360",,"Ekhasa Buddha with Lotus Showpiece (4"" x 3"", White)","1 pc","Home Decor","Ekhasa",,,599,1199,,0.67358,50.04170141784821,0.001422457092733029,0.00155,,,,599.0000000000001
"2026-04-01","541552",,"Luxury Real Wood Numbers Wall Clock with Silent Sweep Technology (Teak, White) - Nautica","1 pc","Home Decor","Nautica",,,2023.2712944781722,2599,,38.66503,22.151931724579757,0.024158227077612938,0.03941,0.02387,0.03446,0.00055,1981.1991646443876
"2026-04-01","598851",,"Kuber Industries Wood Bangle Box (Peach)","1 unit","Home Decor","Kuber Industries",,,949,4499,,3.61817,78.90642364969993,0.0033359224847892724,0.00153,,,,949
"2026-04-01","580963",,"Tea Light Candles (Unscented) by Prosperro Lumo","100 pcs","Home Decor","Prosperro lumo",,,389,699,,10.19159,44.34907010014307,0.008500039474686489,0.0103,0.00035,0.0005,0,3.8899999999999992
"2026-04-01","619350",,"Premium Tea Light Candles (Rose Oudh) by Prosperro Lumo","10 pcs","Home Decor","Prosperro lumo",,,169.00403174603173,499,,40.23078,66.13146835900969,0.007579334738290894,0.00559,0.01923,0.02796,0,16.900008378871878
"2026-04-01","547435",,"The Artment Modern Art Geometric Elephant Showpiece (8"", Black)","1 pc","Home Decor","The Artment",,,993.1294871148748,2799,,39.53782,64.51264005030538,0.08230047416891455,0.06397,0.0041,0.00501,0.00211,998.408471999036
"2026-04-01","554602",,"Homestrap Under-Bed Storage Organiser (Grey)","2 pcs","Home Decor","Homestrap",,,397.0829061145961,499,,79.21166,20.390554217995657,1.73354107652313,3.01252,1.0144,1.37867,0.21253,198.62976382369686
"2026-04-01","543211",,"Long Striped Wall Clock (Golden) - Amaya Decors","1 pc","Home Decor","Amaya Decors",,,1495.0296111111113,2499,,1.18793,39.616618698296016,0.023506128215457726,0.04117,0.00005,0.00008,0,2008.6062732643738
"2026-04-01","633724",,"3 Wick Soy Wax Scented Candle (Mahogany) by Ekam","1 pc","Home Decor","Ekam",,,665.9794300513141,1356.0957256666666,,94.33883,50.98056016511373,0.2811865110179528,0.30358,1.61317,0.26481,4.58133,664.1930806502772
"2026-04-01","598459",,"Kuber Industries Blouse & Cloth Organizer (Maroon)","3 pcs","Home Decor","Kuber Industries",,,,,,0,,0,0,,,,
"2026-04-01","629540",,"Zulaxy Storage Cloth Organizer with Lid (Light Grey)","2 pcs","Home Decor","Zulaxy",,,699.5737083333333,1599,,46.65734,56.25171312184311,0.9447435909937851,0.89954,0.10205,0.14841,0,349.7842658759816
"2026-04-01","599846",,"Kuber Industries Jute Multipurpose Storage Box (Brown)","2 pcs","Home Decor","Kuber Industries",,,599,2599,,0.00076,76.95267410542516,0,0,,,,299.5
"2026-04-01","564426",,"Sammsara Glasgow Globe Showpiece (13.5"", Golden)","1 pc","Home Decor","Sammsara",,,,,,0,,0,0,0.00001,0.00001,0,
"2026-04-01","611996",,"Yellocut Plastic Rectangular Medicine Box (White)","1 unit","Home Decor","Yellocut",,,249.14179140239605,499,,20.2536,50.06768517148166,0.0481739270094943,0.05236,0.10442,0.15185,0,249.27015574957036
"2026-04-01","606557",,"House of Quirk Plastic Lazy Susan 360 Degree Storage Box (Green)","1 unit","Home Decor","House of Quirk",,,499,699,,27.72834,28.612303290414875,0.015614157878927145,0.02428,0.00122,0.00177,0,498.9999999999999
"2026-04-01","535395",,"Painted Diya Set (Multicolour) by Satvik","12 pcs","Home Decor","Satvik",,,244,399,,20.21426,38.847117794486216,0.0005917016906381781,0.00079,0.00034,0.00049,0,244
"2026-04-01","496238",,"Lakshmi Diya (Multicolour) by Satvik","6 pcs","Home Decor","Satvik",,,486,559,,20.29905,13.059033989266547,0.001160564585794701,0.00253,0.00044,0.00065,0,92.37795042300162
"2026-04-01","598378",,"Kuber Industries PVC PVC Jewellery Organizer Bag (Brown)","1 unit","Home Decor","Kuber Industries",,,,,,0,,0,0,,,,
"2026-04-01","602783",,"Solid Tea Light Candles (Kesar Chandan, White) By Prosperro Lumo","25 pcs","Home Decor","Prosperro lumo",,,389,1299,,6.28069,70.05388760585065,0.001926367158243091,0.00126,0.00058,0.00084,0,15.560000000000002
"2026-04-01","607959",,"House of Quirk Polyester Foldable Storage Box with Lid and Handle (Black)","3 pcs","Home Decor","House of Quirk",,,799.3642213316641,1999,,56.83755,60.01148624584168,0.04846774293486379,0.04452,0.00186,0.0027,0,266.70707591415515
"2026-04-01","534754",,"Milton Plastic First Aid Medical Box (White)","1 unit","Home Decor","Milton",,,288.91604967406204,361.66579062499994,,76.32949,19.875959290532638,0.3151903134432022,0.53796,0.51673,0.75146,0,288.93195095906674
"2026-04-01","543304",,"Every Women There Is A Queen Showpiece (White, Pink) - Archies","1 pc","Home Decor","Archies",,,709,799,,9.32143,11.264080100125156,0.0016588396937005354,0.00321,0.00016,0.00024,0,709
"2026-04-01","531746",,"Tejas Puja Ghee Tea Light Candles by Shubhkart","50 pcs","Home Decor","Shubh kart",,,231.14071255479544,376.54318966666665,,89.73111,38.607787311721,0.5644722853179299,0.75793,0.67072,0.97542,0,4.6246787704602585
"2026-04-01","535485",,"Designer Clay Diya (Multicolour) by Satvik","12 pcs","Home Decor","Satvik",,,321.5,399,,3.30795,19.423558897243108,0,0,,,,321.5
"2026-04-01","563975",,"Lumina Clay Diya Set (Pink, Green) by DiaCraft","4 pcs","Home Decor","DiaCraft",,,84,199,,0.33361,57.78894472361809,0,0,,,,21
"2026-04-01","533968",,"Apple Planter (Golden) - Amaya Decors","3 pcs","Home Decor","Amaya Decors",,,,,,0,,0,0,,,,
"2026-04-01","608611",,"House Of Wemy Vastu Elephant Showpiece (2"", Silver)","1 pc","Home Decor","House Of Wemy",,,799,899,,0.67348,11.123470522803114,0,0,,,,799
"2026-04-01","570585",,"Oil Vaporizer Set (Colour may Vary) by IRIS","1 set","Home Decor","Iris",,,1562,1750,,0.00671,10.742857142857142,0,0,,,,1562
"2026-04-01","576698",,"Fancy Diya Set by House Of Festivals","4 pcs","Home Decor","House of Festivals",,,149,149,,0.18579,0,0,0,,,,149
"2026-04-01","616925",,"Scented Tea Light Candles (Lemon Grass) by Prosperro Lumo","10 pcs","Home Decor","Prosperro lumo",,,169,499,,71.90769,66.13226452905812,0.01589699395638313,0.01173,0.01841,0.02678,0,16.900000000000002
"2026-04-01","601250",,"Relax & Calm Scented Candle (Orange & Peach) By EM5","1 pc","Home Decor","Em5",,,249,599,,45.76627,58.43071786310517,0.1937623433170468,0.17544,0.16087,0.23395,0,249.00000000000003
"2026-04-01","535394",,"Stone Studded Diya Set (Golden) by Satvik","4 pcs","Home Decor","Satvik",,,142,199,,0.55648,28.64321608040201,0,0,,,,142
"2026-04-01","547443",,"Marvel Musclecraft Accent Triangle Shape Showpiece (Black) - The Artment","1 pc","Home Decor","The Artment",,,878.5332777936162,999,,44.31058,12.013390193481515,0.027312540742448238,0.05273,0.00928,0.01102,0.00545,883.5110246733177
"2026-04-01","538853",,"New Year Resolutions Scented Candle (Hot Cocoa) by Rad Living","1 pc","Home Decor","Rad Living",,,732,999,,12.92482,26.726726726726728,0,0,0.00819,0.01191,0,73200
"2026-04-01","625304",,"House of Quirk Acrylic Sunglasses Organizer Box (Transparent)","1 pc","Home Decor","House of Quirk",,,899,2499,,72.15427,64.02561024409763,0.06727580510528029,0.05271,0.00445,0.00647,0,89900
"2026-04-01","566182",,"The Artment Quest for Knowledge Sculpture Showpiece (6"", Grey)","1 pc","Home Decor","The Artment",,,999,1241.3009164285713,,23.84361,19.52448692855517,0.026753199350737607,0.04732,0.00313,0.00456,0,999.0000000000001
"2026-04-01","564772",,"Clay Terracotta Diya Set (Multicolour) by Satvik","6 pcs","Home Decor","Satvik",,,133,259,,0.09289,48.648648648648646,0.00007681711587648997,0.00009,,,,22.166666666666668
"2026-04-01","596739",,"FunBlast Plastic Pill Organizer Box (Pink)","1 unit","Home Decor","FunBlast",,,199,499,,0.1981,60.120240480961925,0.0004439987122232344,0.00039,0.00014,0.00021,0,199
"2026-04-01","553505",,"Lamp Shaped Scented Candle (Raspberry) by IRIS","1 pc","Home Decor","Iris",,,,,,0,,0,0,,,,
"2026-04-01","602832",,"Pillar Candle (Unscented, Red) By Prosperro Lumo","3 pcs","Home Decor","Prosperro lumo",,,329,999,,18.39368,67.06706706706707,0.0011851829352331627,0.00085,0.00009,0.00013,0,109.66666666666663
"2026-04-01","630623",,"ExclusiveLane Chatting Birds Showpiece (6.3"" x 8.1"", Multicolour)","1 pc","Home Decor","ExclusiveLane",,,999,1999,,2.87356,50.02501250625313,0.0005928877633503896,0.00065,,,,999.0000000000001
"2026-04-01","602763",,"Glass Scented Candle (Multicolour) By Prosperro Lumo","12 pcs","Home Decor","Prosperro lumo",,,449,999,,76.96875,55.055055055055064,0.011136179059270937,0.0109,0.08434,0.12266,0,449
"2026-04-01","570534",,"Multipurpose Tea Light Candles (Unscented) by IRIS","50 pcs","Home Decor","Iris",,,283,299,,0.00412,5.351170568561873,0.00013302165827128965,0.00027,,,,5.66
"2026-04-01","571878",,"Fabindia Tea Light Candles (Rose)","12 pcs","Home Decor","Fabindia",,,379,399,,0.17139,5.012531328320802,0.00011834033812763563,0.00024,0.00001,0.00001,0,379
"2026-04-01","536920",,"Flower Design Floating Candles (Multicolour) by Auradecor","5 pcs","Home Decor","Auradecor",,,169,399,,96.66667,57.64411027568922,0,0,,,,33.8
"2026-04-01","587468",,"Satyam Kraft Penguin Miniature Figurines (2"", Multicolour)","1 set","Home Decor","Satyam Kraft",,,349,1200,,40.38397,70.91666666666667,0.29676895101693074,0.18799,0.00594,0.00864,0,349
"2026-04-01","612003",,"Lotus Wall Hanging (Pink) - Divyakosh","10 pcs","Home Decor","Divyakosh",,,399,799,,1.25406,50.06257822277847,0.00023697697198907954,0.00026,,,,39.900000000000006
"2026-04-01","559268",,"Votive Fragrance Candle Set by Auradecor","12 pcs","Home Decor","Auradecor",,,572.7212040288383,999,,83.93424,42.713206589736544,0.2565503446852753,0.32026,0.05579,0.08113,0,47.68004181866236
"2026-04-01","480510",,"Heart Shape Tea Light Candles (Rose, Red) by Auradecor","10 pcs","Home Decor","Auradecor",,,139.44113413311754,399,,91.57018,65.10481848137093,4.683950343665874,3.55669,4.6225,6.72237,0,13.923177425933005
"2026-04-01","531747",,"Tejas Puja Ghee Tea Light Candles by Shubhkart","25 pcs","Home Decor","Shubh kart",,,114.164879973924,187.41155516666672,,90.32809,39.200008966192954,0.41891652560503884,0.55642,0.94987,1.38137,0,4.567448390695522
"2026-04-01","571800",,"Pieces and Accents Decorative Poly Resin Horse Figurines (11"", Golden)","1 pc","Home Decor","pieces and accents",,,1284.569012559157,2499,,30.0828,48.59667816890128,0.019196671375957142,0.02135,0.00016,0.00023,0,1294.15066365905
"2026-04-01","556565",,"Art Print - Jaipur by Hiroshi Yoshida - Daak Vaak","1 pc","Home Decor","Daak Vaak",,,189.20945937002074,354,,65.92313,46.550774028364124,0.013294411420762185,0.01546,0.00766,0.01114,0,189.27734284114803
"2026-04-01","632439",,"Luxehome International Bamboo Storage Box (Beige)","1 unit","Home Decor","LUXE HOME INTERNATIONAL",,,449,1299,,20.3159,65.43494996150885,0.011908801772258788,0.00897,0.01807,0.01631,0.02194,449
"2026-04-01","602160",,"Tied Ribbons Flower Dome Showpiece With Led Light (4.4"" x 8.5"", Multicolour)","1 pc","Home Decor","Tied Ribbons",,,499,1599,,41.46283,68.79299562226392,0.022792509283238727,0.01549,0.00564,0.0082,0,499.0000000000001
"2026-04-01","595193",,"Satyam Kraft Sitting Couple Figurines (3"" x 6"", Multicolour)","2 pcs","Home Decor","Satyam Kraft",,,219,1200,,41.34701,81.75000000000001,0.17205699023933055,0.06839,0.09236,0.13432,0,218.99999999999997
"2026-04-01","564784",,"Traditional Small Clay Diya Set (Multicolour) Soul","6 pcs","Home Decor","Soul",,,,,,0,,0,0,,,,
"2026-04-01","603971",,"Tied Ribbons Kissing Love Couple Showpiece Set (1.5"", Multicolour)","1 pc","Home Decor","Tied Ribbons",,,216.13186363636365,599,,10.0913,64.12177225487348,0.015448366624318241,0.01157,0.00472,0.00687,0,209.04631164897756
"2026-04-01","536151",,"Pentagon Flower Shaped Diya Set (Multicolour) by Satvik","10 pcs","Home Decor","Satvik",,,184,399,,1.69336,53.88471177944862,0,0,,,,184
"2026-04-01","571851",,"Fabindia Tea Light Candles (Alalaya Alta)","24 pcs","Home Decor","Fabindia",,,383.1875333333333,399,,2.81362,3.963024227234758,0.00023668067625527125,0.00049,0.00065,0.00094,0,381.208309178744
"2026-04-01","565968",,"The Artment Artisanal Pineapple Sculpture Showpiece (Small) (6"", Black, White)","1 pc","Home Decor","The Artment",,,899,1125,,0.08494,20.08888888888889,0.0018351650179567556,0.00319,0,0,0,899
"2026-04-01","564505",,"Sammsara Leather Tissue Box (Brown, Tan)","1 unit","Home Decor","Sammsara",,,,,,0,,0,0,,,,
"2026-04-01","559287",,"Lotus Urli Candle Set (Vanilla Oudh) by Auradecor","3 pcs","Home Decor","Auradecor",,,950.134595479926,1999,,85.34827,52.43343350114884,0.22055846017056072,0.22985,0.05914,0.08601,0,319.2645094606724
"2026-04-01","572012",,"Casted Iron Stick Candle Holder Set (Black) - Pieces and Accents","3 pcs","Home Decor","pieces and accents",,,1579,2699,,9.44816,41.49685068543905,0,0,0.00048,0.0007,0,526.3333333333333
"2026-04-01","595572",,"Ritualistic Holland Art Fridge Magnet (Standard, Multicolour)","5 pcs","Home Decor","RITUALISTIC",,,972.2655409776913,1499,,18.2689,35.139056635443474,0.004445921934678294,0.00642,0.00062,0.0009,0,198.42752303507424
"2026-04-01","579549",,"House of Quirk Polyester Foldable Storage Box with Lid and Handle (Grey)","3 pcs","Home Decor","House of Quirk",,,675,1999,,12.20619,66.23311655827914,0.025328170802536996,0.01863,0.00004,0.00005,0,225
"2026-04-01","531799",,"Swastik Shaped Designer Diya Set (Multicolour) by DiaCraft","6 pcs","Home Decor","DiaCraft",,,58,199,,1.73945,70.85427135678393,0.00005902157630842446,0.00004,,,,57.99999999999999
"2026-04-01","577059",,"Multicolor Sparkle Diya Set by DiaCraft","4 pcs","Home Decor","DiaCraft",,,93,199,,0.4654,53.266331658291456,0,0,,,,93
"2026-04-01","570540",,"Twin Pack Jar Candle (Romance) by IRIS","2 pcs","Home Decor","Iris",,,269.96595051005477,349,,57.08278,22.136797615675373,0.035096617612354615,0.06028,0.08902,0.0957,0.07432,137.63438687521992
"2026-04-01","612736",,"Yellocut Plastic 6 Layer Shoe Rack For Home (Green, White)","1 unit","Home Decor","Yellocut",,,499.2289423076923,999,,24.39141,50.0410721154679,0.41458384291707107,0.45105,0.18893,0.27475,0,499.03369023634036
"2026-04-01","605480",,"Hamsa Palm Evil Eye Wall Hanging by (Dark Blue) - Tied Ribbons","1 pc","Home Decor","Tied Ribbons",,,299,999,,41.07378,70.07007007007006,0.19662991567326787,0.12818,0.0871,0.12667,0,299
"2026-04-01","617382",,"Kuber Industries Leather Wrist Watch & Sunglass Organizer Box","1 unit","Home Decor","Kuber Industries",,,1338,4499,,27.52294,70.26005779062014,0,0,,,,1338
"2026-04-01","603967",,"Magical Sand Wax (Rose Oudh) by Prosperro Lumo","200 g","Home Decor","Prosperro lumo",,,299,999,,36.65508,70.07007007007007,0.005111101408193015,0.00333,0.00445,0.00647,0,149.5
"2026-04-01","606588",,"House of Quirk Plastic Multifunctional Desk Organizer With Drawer (Pink)","1 unit","Home Decor","House of Quirk",,,549.1897841726619,999,,37.73298,45.026047630364175,0.022104719686925806,0.02646,0.00284,0.00413,0,549.1230525212026
"2026-04-01","623638",,"Soul & Scents Lavender Reed Diffuser Set by (Lavender)","1 set","Home Decor","Soul & Scents",,,599,699,,40.19025,14.306151645207459,0.31196211180830336,0.58228,0.75695,0.01461,2.39109,598.9999999999998
"2026-04-01","536141",,"Enameled Stone Studded Designer Clay Diya Set (Multicolour) by Satvik","4 pcs","Home Decor","Satvik",,,178.8608,399,,22.00784,55.172731829573934,0.001005892874084903,0.00097,0.01286,0.0187,0,178.16378369243768
"2026-04-01","604489",,"Parrafin & Vegetable Wax Scented Candle (Teak Wood) by The Better Home","1 pc","Home Decor","The Better Home",,,499,1899,,0.36897,73.7230121116377,0.0011264576546585468,0.00064,,,,499
"2026-04-01","566174",,"The Artment Wholeness Trio Showpiece Set (14.5 x 27 x 21.6 cm, White)","1 set","Home Decor","The Artment",,,1199,1498.4619046666664,,19.21642,19.98528315322213,0.05305667694372689,0.09259,0.00249,0.00361,0,1199
"2026-04-01","609693",,"Tied Ribbons Love Couple Figurines (1"" x 2"", Multicolour)","2 pcs","Home Decor","Tied Ribbons",,,199.01221367521367,599,,25.4708,66.77396994609583,0.09907997651556438,0.0717,0.06328,0.09203,0,99.52048255149464
"2026-04-01","605483",,"Turkish Om Elephant Evil Eye Hanging Accessory (Dark Blue) - Tied Ribbons","2 pcs","Home Decor","Tied Ribbons",,,399,1249,,26.31575,68.05444355484389,0.09784048337312344,0.06808,0.01685,0.02451,0,199.49999999999997
"2026-04-01","627670",,"Artificial Garland Wall Hanging Toran with Bells (Multicolour) - Tied Ribbons","4 pcs","Home Decor","Tied Ribbons",,,499,1199,,34.95333,58.38198498748957,0.046227320984100456,0.0419,0.01576,0.02292,0,124.75
"2026-04-01","561530",,"Soulflower Reed Diffuser Set (Lemongrass)","50 ml","Home Decor","Soulflower",,,500.295697053627,799,,76.87812,37.368733959722434,0.30126934954711176,0.41076,0.87084,0.13244,2.49632,1001.011010712226
"2026-04-01","537948",,"Cactus Family Print Planter (White) - Mad Over Print","1 pc","Home Decor","Mad Over Print",,,262.8888888888889,499,,6.83705,47.316855934090405,0.0005179979044091211,0.00064,,,,318.89551842379353
"2026-04-01","547431",,"Abstract Thought Thinker Showpiece (Golden) - The Artment","3 pcs","Home Decor","The Artment",,,801.3134513327917,1499,,44.59059,46.32200143557813,0.11616966312487838,0.13767,0.06637,0.0278,0.15126,278.61878973713704
"2026-04-01","564202",,"Swastik Design Clay Mini Diya Set (Maroon) by DiaCraft","10 pcs","Home Decor","DiaCraft",,,93,199,,2.85491,53.266331658291456,0.00005902157630842446,0.00006,,,,9.3
"2026-04-01","609692",,"Tied Ribbons Romantic Love Figurines (1.5"" x 2"", Multicolour)","2 pcs","Home Decor","Tied Ribbons",,,199.068669527897,599,,15.58468,66.76927984017782,0.08341307888579633,0.06041,0.02216,0.03222,0,99.51459018799352
"2026-04-01","555843",,"Anadigi Wall Clock with Digital Display (Silver) - Titan","1 pc","Home Decor","Titan",,,2995,2995,,0.67348,0,0.0022207347453391817,0.00484,,,,2995
"2026-04-01","532571",,"Rose Design Floating Candles (Purple) by Auradecor","6 pcs","Home Decor","Auradecor",,,99.0079956676665,199,,76.04075,50.250157259915895,0.19540779097744543,0.21174,0.76011,1.10541,0,16.500364144064655
"2026-04-01","494201",,"Unscented Tea Light Candles (White) by Auradecor","50 pcs","Home Decor","Auradecor",,,178.00372150398456,599,,92.54655,70.28271685874911,5.59319423917832,3.62038,2.95945,4.30384,0,3.560130520321855
"2026-04-01","445053",,"eCraftIndia Reversible Single Bed Dohar (Blue)","1 pc","Home Decor","Ecraftindia",,,2398,2398,,16.01975,0,0.0014224562029560505,0.0031,0,0,0,2398
"2026-04-01","630316",,"G.Fidel Vacuum Storage Bags with Hand Pump","6 pcs","Home Decor","G.Fidel",,,399,999,,4.62861,60.06006006006005,0.030951052353614047,0.02693,0.0047,0.00683,0,66.5
"2026-04-01","531453",,"Reed Oil Diffuser Set (Choco Orange) by Iris Celeste","1 set","Home Decor","Iris Celeste",,,645,1099,,0.65358,41.31028207461328,0.0003259546698294071,0.00042,,,,645
"2026-04-01","570028",,"Playing Cards Candle Set (White, Red) by Auradecor","4 pcs","Home Decor","Auradecor",,,260.204251191424,499,,77.76324,47.87058456502119,0.03350044135213511,0.03884,0.00124,0.0018,0,260.17667009523694
"2026-04-01","564419",,"Sammsara Wooden Round Printed Design Ottoman Stool (Dark Blue)","1 pc","Home Decor","Sammsara",,,1305,1689,,0.35029,22.735346358792185,0,0,,,,1305
"2026-04-01","561532",,"Soulflower Aromatherapy Reed Diffuser Set (Lavender)","1 pc","Home Decor","Soulflower",,,318.348322406664,799,,70.2645,60.17806696115883,0.39866221103615596,0.3456,0.27215,0.14047,0.56201,318.14248393954665
"2026-04-01","536158",,"Ethnic Motif Design Enameled Diya Set (Multicolour) by Satvik","6 pcs","Home Decor","Satvik",,,179,399,,29.40252,55.13784461152882,0.0005467323621496766,0.00053,0.01865,0.02713,0,29.833333333333336
"2026-04-01","571804",,"Pieces and Accents Decorative Aluminum Elephant Figurines (7"", Golden)","1 pc","Home Decor","pieces and accents",,,1799.6810536678931,3099,,31.72168,41.92703924918061,0.04221148698836504,0.0535,0.00253,0.00368,0,1800.2042620195718
"2026-04-01","531996",,"Blue Diamond Candle (Multicolour) by Auradecor","10 pcs","Home Decor","Auradecor",,,67.00552153554963,149,,92.58781,55.05271105335982,0.7868927283845766,0.77049,1.22663,1.78385,0,6.697146053049387
"2026-04-01","626519",,"International Gift Blessing Hand Buddha God Idol (6"", Black)","1 pc","Home Decor","INTERNATIONAL GIFT",,,,,,0,,0,0,,,,
"2026-04-01","630768",,"Pranah Senses Ethereal Spa Scented Candle (Ethereal Spa)","1 pc","Home Decor","pranah",,,999,999,,80.32378,0,0.051280859160452656,0.1117,3.86781,0.0326,12.31035,999
"2026-04-01","597974",,"Shot Glass Scented Candle Gift Set by Soi Flamecraft","4 pcs","Home Decor","soi flamecraft",,,600,600,,0.18579,0,0.00017795539568065506,0.00039,,,,600
"2026-04-01","564486",,"Sammsara Deer Decorative Accent Showpiece (Golden)","2 pcs","Home Decor","Sammsara",,,,,,0,,0,0,,,,
"2026-04-01","617434",,"Satyam Kraft Rabbit Miniature Figurines (1.1"" x 1.7"", Multicolour)","4 pcs","Home Decor","Satyam Kraft",,,269.04112612612613,1200,,48.92289,77.57714974541295,0.6076884168232792,0.29671,0.0349,0.05076,0,269.0850150217684
"2026-04-01","611125",,"WonderStand Multi Purpose Storage Organiser Basket (Black)","1 unit","Home Decor","WonderStand",,,299,299,,53.068,0,0.09536542100471629,0.20772,0.0431,0.06268,0,299.00000000000006
"2026-04-01","531969",,"Golden Lace Katori Studded Wax Diya Set (Golden) by DiaCraft","6 pcs","Home Decor","DiaCraft",,,137.33333333333334,299,,0.3856,54.06911928651059,0.00008868140210651925,0.00008,,,,21.8712862096876
"2026-04-01","633602",,"Tied Ribbons Plastic 3 Layer Shoe Rack Organizer (White)","1 unit","Home Decor","Tied Ribbons",,,999.3148333333332,2699,,6.28481,62.9746264048413,0.03822933727970105,0.03082,0.00447,0.0065,0,1002.5485245392448
"2026-04-01","608120",,"FunBlast Plastic Weekly Pill Organizer 4 Times, 7 Days (Multicolour)","1 unit","Home Decor","FunBlast",,,230.0550716845878,799,,15.55474,71.17914898745555,0.08915448851794344,0.0559,0.03525,0.05126,0,230.5190135003691
"2026-04-01","595635",,"Holland Art Wall Decor Plates (Blue, White) - Ritualistic","5 pcs","Home Decor","RITUALISTIC",,,5494.040577342048,5494.040577666668,,17.06789,5.908570744737108e-9,0.010046721000705337,0.02188,,,,5488.998940613785
"2026-04-01","536510",,"Round Floral Design Clay Diya Set (Multicolour) by Satvik","4 pcs","Home Decor","Satvik",,,142,199,,7.65293,28.643216080402006,0.0007459525378371917,0.00116,0.00006,0.00009,0,142.00000000000006
"2026-04-01","605399",,"Horse Shoe Evil Eye Wall Hanging (Dark Blue) - Tied Ribbons","1 pc","Home Decor","Tied Ribbons",,,379,1249,,37.2722,69.65572457966373,0.12113859952657002,0.08006,0.02178,0.03168,0,379.00000000000006
"2026-04-01","557330",,"Archies Bro Photo Frame Fridge Magnet (13.5 cm x 12.5 cm, Multicolour)","1 pc","Home Decor","Archies",,,359,399,,32.67611,10.025062656641603,0.006952494864998593,0.01363,0.28311,0.41172,0,359
"2026-04-01","630553",,"Pranah Senses Forest Spa Scented Candle (Forest Spa)","1 pc","Home Decor","pranah",,,997.4847777777778,997.487301111111,,82.65451,0.00073875108819443,0.08251466395248672,0.17973,3.18456,0.0773,10.02467,995.7726035816794
"2026-04-01","602166",,"Heart Shaped Tea Light Candles (Rose, Red) by Prosperro Lumo","10 pcs","Home Decor","Prosperro lumo",,,199,499,,4.34833,60.120240480961925,0.0017759930693389808,0.00154,0.00416,0.00606,0,19.9
"2026-04-01","630766",,"Pranah Senses Himalayan Drizzle Scented Candle (Himalayan Drizzle)","1 pc","Home Decor","pranah",,,899,899,,59.8456,0,0.039503622481551516,0.08604,1.50165,0.02916,4.74307,899
"2026-04-01","601718",,"Portronics My Buddy D Adjustable Laptop Table (Crimson Red)","1 pc","Home Decor","Portronics",,,1610.2759782235698,2999,,60.58371,46.25270796763799,3.0183920943737252,3.5317,1.59273,0.72897,3.49415,1611.8936616980675
"2026-04-01","569132",,"Rose Design Hanging Urli (Golden) - Amaya Decors","2 pcs","Home Decor","Amaya Decors",,,,,,0,,0,0,,,,
"2026-04-01","547430",,"Modern Art Balance it out Showpiece (Black) - The Artment","1 pc","Home Decor","The Artment",,,1061.2913,1699,,19.36333,37.5343555032372,0.012849711564279966,0.01778,0.00452,0.00657,0,1078.854030410924
"2026-04-01","553701",,"Classic Owl Dream Catcher Wind Chime (Golden) - Chumbak","1 pc","Home Decor","Chumbak",,,1072.1076666666665,1295,,21.16047,17.211763191763193,0.002711655846518513,0.00476,0.00001,0.00001,0,1060.2342990058596
"2026-04-01","570168",,"Dancing Ganpati Pure Brass Hanging Bell (Golden) - ExclusiveLane","2 pcs","Home Decor","ExclusiveLane",,,4199,7799,,9.89939,46.15976407231696,0.0063148272956561015,0.00741,,,,4198.999999999999
"2026-04-01","556847",,"Modern Wall Clock With Quartz Silent Sweep Technology (Black, Golden) - Nautica","1 pc","Home Decor","Nautica",,,1957.1527186020608,2599,,55.48099,24.69593233543437,0.032691465910917615,0.05209,0.24028,0.1145,0.51716,1964.0543102291726
"2026-04-01","494206",,"Scented Tea Light Candles (Assorted) by Auradecor","2 x 10 pcs","Home Decor","Auradecor",,,160.9932036480864,298,,86.1051,45.97341188863774,0.40093126067142243,0.47181,0.31218,0.45399,0,8.049970457430367
"2026-04-01","612447",,"Decorative Floral Design Tealight & Candle Holder (Multicolour) by Tied Ribbons","6 pcs","Home Decor","Tied Ribbons",,,299,1249,,14.89469,76.06084867894316,0.003509304426800935,0.00183,0.00084,0.00122,0,49.833333333333336
"2026-04-01","595111",,"Round Tealight & Candle Holder (Unscented, Multicolour) by ExclusiveLane","1 set","Home Decor","ExclusiveLane",,,646.0588235294117,960,,5.33815,32.70220588235294,0.0011389145323561925,0.00155,0,0.00001,0,603.0143369175627
"2026-04-01","534873",,"eCraftIndia Golden Handcrafted Palm Buddha Showpiece Set (7"", Black)","1 set","Home Decor","Ecraftindia",,,356.57079386062503,999,,52.84503,64.02211115189148,1.0770443056887695,0.83946,0.13248,0.16229,0.06687,359.9322226176522
"2026-04-01","535389",,"Designer Clay Diya Set (Multicolour) by Satvik","4 pcs","Home Decor","Satvik",,,142,199,,16.34287,28.64321608040201,0.0006079241045084266,0.00094,0.01374,0.01999,0,141.99999999999997
"2026-04-01","576809",,"Traditional Diya Set by House Of Festivals","6 pcs","Home Decor","House of Festivals",,,175.55172413793105,199,,0.46171,11.78305319701958,0.00005902157630842446,0.00013,,,,31.96524899381269
"2026-04-01","553430",,"Oil Diffuser Set (Lemon Grass) by Amogha","1 set","Home Decor","Amogha",,,447.3,550,,1.15573,18.67272727272727,0.0007014405547155893,0.0012,,,,431.75413991645286
"2026-04-01","576034",,"Birch & Co. Watch Storage Organiser – Re-engineered Wood & Vegan Leather (Brown)","1 unit","Home Decor","Birch & Co.",,,1017.67223832917,2499,,61.78622,59.63753187604842,2.4153092913185468,2.11609,0.13689,0.13599,0.13886,1008.1729447405705
"2026-04-01","616927",,"Premium Scented Candle (French Vanilla Essence) by Prosperro Lumo","1 pc","Home Decor","Prosperro lumo",,,349,999,,79.29598,65.06506506506506,0.022798995757411296,0.01735,0.00308,0.00449,0,349
"2026-04-01","553482",,"Fragrance Gift Set (Rose) by IRIS","1 set","Home Decor","Iris",,,133.46879488982526,150,,26.3612,8.795000664085396,0.044261411247160154,0.08894,0.04177,0.06075,0,138.86779764918927
"2026-04-01","559280",,"Single Lotus Urli Multiwick Candle (Vanilla Oudh) by Auradecor","1 pc","Home Decor","Auradecor",,,520.4565840813382,999,,83.47465,47.83653978012604,0.13935036697758585,0.15917,0.04634,0.0674,0,523.7753809095482
"2026-04-01","547436",,"Modern Art Geometric Elephant Showpiece (Golden) - The Artment","1 pc","Home Decor","The Artment",,,994.5816969090215,2799,,44.66831,64.46508572989494,0.08576402804303992,0.06646,0.00927,0.0127,0.00171,996.4219384571173
"2026-04-01","602183",,"Dripless Taper Candle Set (Unscented, White) by Prosperro Lumo","4 pcs","Home Decor","Prosperro lumo",,,194,699,,12.30648,72.24606580829756,0.014898103627118261,0.00901,0.00153,0.00223,0,194
"2026-04-01","604005",,"Soy Wax Scented Candle (Rose Oudh Wood) by Prosperro Lumo","250 g","Home Decor","Prosperro lumo",,,459,999,,55.87342,54.054054054054056,0.014457115030412965,0.01447,0.00478,0.00695,0,183.59999999999997
"2026-04-01","603936",,"Tied Ribbons Couple Showpiece Set (2"", Multicolour)","2 pcs","Home Decor","Tied Ribbons",,,200.40790681720173,599,,26.85431,66.4735990310791,0.07490492108595889,0.05459,0.03333,0.04847,0,100.95074600967709
"2026-04-01","604004",,"Premium Fragrance Tealight Candles (Assorted) by Prosperro Lumo","16 pcs","Home Decor","Prosperro lumo",,,2000.8164940476192,4999,,51.91924,59.97616842086525,0.08051612253464045,0.07013,0.01649,0.02399,0,124.93780041170803
"2026-04-01","631510",,"Scented Candle (Multicolour) For Gift & Home Decor by Floryn Decor","6 pcs","Home Decor","Floryn decor",,,349.14358109222894,799,,23.08419,56.302128216294385,0.03769503866104757,0.03586,0.14978,0.00365,0.47145,194.03656851084133
"2026-04-01","576695",,"Ekhasa Lord Krishna Hands with Flute Figurines (4"", White, Golden)","1 pc","Home Decor","Ekhasa",,,813.2857142857143,1999,,2.38552,59.101427894687056,0.0029585111225218256,0.00334,,,,958.3447773346322
"2026-04-01","561513",,"Soulflower Reed Diffuser Set (Soul Green)","8 pcs","Home Decor","Soulflower",,,500.35833134934666,799,,75.338,37.348734149401935,0.06450062185183474,0.08804,0.37007,0.0672,1.03679,62.710266649616294
"2026-04-01","591344",,"Amber Jar Candle (Dark Love) by Auradecor","1 pc","Home Decor","Auradecor",,,335.606661611153,499,,74.02873,33.017580429906076,0.31110366298753267,0.45714,0.26367,0.38345,0,334.12050222507656
"2026-04-01","556566",,"Art Print - Golden Temple in Amritsar - Daak Vaak","1 pc","Home Decor","Daak Vaak",,,189,354,,60.91948,46.610169491525426,0.003076314035354506,0.00358,0.00076,0.0011,0,189
"2026-04-01","553779",,"Chumbak Tropical Jungle Storage Box","1 unit","Home Decor","Chumbak",,,1082.5086578304142,1295,,63.76908,16.379039031743226,0.09658384956697053,0.17521,0.00225,0.00328,0,1085.669615137481
"2026-04-01","598997",,"Kuber Industries Wood Bangle Box (Maroon)","1 unit","Home Decor","Kuber Industries",,,,,,0,,0,0,,,,
"2026-04-01","598298",,"Kuber Industries PVC Brocade Jewellery Organizer (Maroon)","1 unit","Home Decor","Kuber Industries",,,499,1319,,0.96046,62.1683093252464,0.0007824111495272657,0.00064,,,,499
"2026-04-01","553757",,"Backflow Incense/ Dhoop Cone Holder by Amogha","1 pc","Home Decor","Amogha",,,497.2881355932203,600,,0.27284,17.11864406779661,0.0011567100719242578,0.00197,,,,471.1890694239291
"2026-04-01","611342",,"Couple Shape Valentines Special Scented Candle (Vanilla, White) by Prosperro Lumo","1 pc","Home Decor","Prosperro lumo",,,199,351.38730158333334,,20.68917,43.36733310984316,0.0029792954229603476,0.00383,0.00343,0.00498,0,199
"2026-04-01","579729",,"Tied Ribbons Buddha Head Showpiece (5"", Black, Golden)","1 pc","Home Decor","Tied Ribbons",,,199.13838034188035,999,,45.39103,80.03998803882682,0.213939439480636,0.09282,0.02642,0.03842,0,199.59774928197317
"2026-04-01","601257",,"Refresh & Rejuvenate Scented Candle (Citrus & Sea Salt) EM5","1 pc","Home Decor","Em5",,,249.00297959183672,599,,54.94393,58.43017039564529,0.1175246733430945,0.10641,0.13584,0.19754,0,249.0046472973011
"2026-04-01","602864",,"Chime Candle Set (Unscented, White) By Prosperro Lumo","20 pcs","Home Decor","Prosperro lumo",,,149,400,,32.30236,62.75,0.02300444882083252,0.01866,0.05459,0.07939,0,148.99999999999997
"2026-04-01","564449",,"Sammsara Glass Bowl Showpiece with Metal Stand (8"", Brown)","2 pcs","Home Decor","Sammsara",,,,,,0,,0,0,,,,
"2026-04-01","570501",,"House of Quirk Plastic Large Stackable Shoe Rack with Magnetic Door (Clear White)","4 pcs","Home Decor","House of Quirk",,,2099.410545112782,2999,,6.4007,29.996313934218666,0.01000665701269877,0.01525,0.03385,0.03711,0.02667,524.7512006615564
"2026-04-01","493751",,"Fragrance Potpourri (Rose) by Auradecor","150 g","Home Decor","Auradecor",,,111.00272091781494,299,,60.85444,62.156455784703255,0.28049090206155364,0.22687,0.23312,0.33901,0,75.51251330558821
"2026-04-01","541554",,"Modern Abs Matt Rim Wall Clock (Blue, Black) - Nautica","1 pc","Home Decor","Nautica",,,1121.045351185867,1599,,52.86097,29.884463444186395,0.04769780734835072,0.07318,0.13146,0.07531,0.25506,1124.8194667099494
"2026-04-01","556564",,"Art Print - Jaali at Fatehpur Sikri by Hiroshi Yoshida - Daak Vaak","1 pc","Home Decor","Daak Vaak",,,189,354,,52.242,46.610169491525426,0.004042781781303339,0.0047,0.00009,0.00013,0,188.99999999999997
"2026-04-01","564137",,"House of Quirk Foldable Clothing Storage Box (Grey)","6 pcs","Home Decor","House of Quirk",,,699.2498909482172,999,,60.69169,30.00147041773273,0.14190535712218594,0.21656,0.03933,0.04414,0.02875,116.57115100837085
"2026-04-01","535367",,"Floral Enamelled Diya Set (Multicolour) by Satvik","4 pcs","Home Decor","Satvik",,,163.6021142857143,199,,44.87788,17.752040570495602,0.001121412619191,0.00196,0.00954,0.01388,0,175.72955797630783
"2026-04-01","564395",,"Decorated Wax Diya Set (Multicolour) by Satvik","4 pcs","Home Decor","Satvik",,,119,269,,1.66667,55.762081784386616,0.00007978363232248649,0.00008,,,,29.75
"2026-04-01","569765",,"Elegant Peacock Design Pure Brass Hanging Bell (Golden) - ExclusiveLane","1 pc","Home Decor","ExclusiveLane",,,2499,3675,,1.88133,32,0.0021799535970880245,0.00323,0,0,0,2499
"2026-04-01","576506",,"Radiance Clay Diya Set by DiaCraft","6 pcs","Home Decor","DiaCraft",,,136,199,,0.86356,31.65829145728643,0,0,,,,22.666666666666668
"2026-04-01","559833",,"House Of Festivals Party Friends Official Fridge Magnet (12 x 8 cm, Grey, Black)","1 pc","Home Decor","House of Festivals",,,336.20616109537923,399,,6.82811,15.73780423674706,0.001005892874084903,0.00181,0.00189,0.00276,0,331.5343934755873
"2026-04-01","535409",,"Floral Design Diya Set (Golden) by Satvik","4 pcs","Home Decor","Satvik",,,142,199,,9.71384,28.64321608040201,0.00005902157630842446,0.00009,0.00122,0.00177,0,142
"2026-04-01","614876",,"Islamic Car Hanging Accessory (Multicolour) - Rumeha","1 pc","Home Decor","rumeha",,,120,120,,19.80864,0,0.0018720907625604912,0.00408,,,,120
"2026-04-01","602168",,"My First Birthday Candle (Unscented, Orange) by Prosperro Lumo","1 pc","Home Decor","Prosperro lumo",,,169,499,,7.04255,66.13226452905812,0.013898625155270666,0.01025,0.00609,0.00886,0,168.99999999999997
"2026-04-01","626527",,"7 Gods Premium Scented Candle (Assorted) Set by Prosperro Lumo","7 pcs","Home Decor","Prosperro lumo",,,1490,2999,,13.07005,50.31677225741914,0.015677257303127592,0.01697,0.00055,0.0008,0,212.8571428571429
"2026-04-01","445044",,"eCraftIndia Reversible Single Bed Dohar (Multicolour)","1 pc","Home Decor","Ecraftindia",,,2398,2398,,8.9645,0,0.0031080666166058055,0.00677,0.00036,0.00052,0,2398
"2026-04-01","494208",,"Scented Tea Light Candles (Jasmine, Vanilla) by Auradecor","2 x 10 pcs","Home Decor","Auradecor",,,160.89635499913763,298,,86.35839,45.99689389457065,0.3543430443653276,0.41688,0.37678,0.54794,0,8.046532165052744
"2026-04-01","547426",,"The Artment Minimalist Regal Lion Showpiece (14"", Black)","1 pc","Home Decor","The Artment",,,1417.6207264304237,2999,,35.63315,52.64313245918665,0.1075439559986471,0.11344,0.00529,0.00769,0,1455.4590465102526
"2026-04-01","547422",,"Surreal Faces Planter (Gold) - The Artment","1 pc","Home Decor","The Artment",,,1383.6946318149307,1999,,43.95676,30.77563542820922,0.038506941468524014,0.05861,0.07821,0.11374,0,1395.376356379962
"2026-04-01","603956",,"Tied Ribbons Miniature Love Couple Showpiece (2"", Multicolour)","1 pc","Home Decor","Tied Ribbons",,,199,599,,16.85866,66.77796327212019,0.07645969513359631,0.05533,0.01473,0.02142,0,198.99999999999997
"2026-04-01","543208",,"Leaves Wall Decor (Golden) - Amaya Decors","3 pcs","Home Decor","Amaya Decors",,,816.0585597381341,1499,,0.67321,44.47704678857183,0.016824205631821788,0.02241,0,0.00001,0,306.08988137332085
"2026-04-01","598497",,"Kuber Industries PVC Jewellery Organizer (Golden)","10 pcs","Home Decor","Kuber Industries",,,468,899,,0.2805,47.94215795328142,0.00026663679778717427,0.0003,,,,46.800000000000004
"2026-04-01","496565",,"Votive Candle Gift Set (Jasmine) by Ekam","4 pcs","Home Decor","Ekam",,,402,570,,1.29955,29.473684210526315,0,0,,,,401.99999999999994
"2026-04-01","576705",,"Terracotta Diya Set by House Of Festivals","4 pcs","Home Decor","House of Festivals",,,90,149,,0.19854,39.59731543624161,0.00004419255318635548,0.00006,,,,89.99999999999999
"2026-04-01","612629",,"Ekhasa Pure Brass Maa Durga God Idol (3.5"" x 3.1"", Golden)","1 pc","Home Decor","Ekhasa",,,1199,1699,,14.71179,29.42907592701589,0.0019299760936674945,0.00297,,,,1199.0000000000002
"2026-04-01","547421",,"Wall Decor Mirror Tiles (8 pieces) - The Artment","8 pcs","Home Decor","The Artment",,,1370.1228220858898,2599,,4.37081,47.282692493809556,0.01850023759629903,0.02128,0.00097,0.00141,0,172.88795901514376
"2026-04-01","594916",,"Ekhasa Figurines Showpiece (12.5"", Multicolour)","3 pcs","Home Decor","Ekhasa",,,1199,2199,,1.3777,45.47521600727603,0.0013044130503392015,0.00155,,,,399.6666666666667
"2026-04-01","598480",,"Kuber Industries Foldable Drawer Organizer Set (Navy Blue)","6 pcs","Home Decor","Kuber Industries",,,499,999,,2.49169,50.050050050050054,0.0002962957338082907,0.00032,,,,83.16666666666667
"2026-04-01","560465",,"Jai Shri Krishna Wall Hanging (Multicolour) - Mad Over Print","1 pc","Home Decor","Mad Over Print",,,418.13818398646595,599,,37.35547,30.19313307285198,0.008659095117568882,0.01319,0.00997,0.0145,0,418.38094829775935
"2026-04-01","594247",,"Relaxing Scented Candle (Patchouli, Beige) by The Better Home","1 pc","Home Decor","The Better Home",,,559,1999,,3.2088,72.03601800900451,0.0005928877633503896,0.00036,0.00051,0.00075,0,559
"2026-04-01","566265",,"Nordic Minimalist Needle Wall Clock (Golden) - The Artment","1 pc","Home Decor","The Artment",,,794.3827087337179,1107.301915695067,,36.78333,27.83683903451115,0.0626645439226981,0.1032,0.1893,0.09402,0.39904,852.0926352346341
"2026-04-01","531999",,"Urli Soy Wax Candle Set (Vanilla, Oudh) by Auradecor","2 pcs","Home Decor","Auradecor",,,698.4437753986999,2500,,73.49178,72.07269227258338,0.587053305290726,0.36084,0.76802,1.11691,0,699.4449651200487
"2026-04-01","565971",,"The Artment Modern Art The Thinker Table Accent Showpiece (10"", Black, Golden)","1 pc","Home Decor","The Artment",,,1236.9315555555556,1616.0686032500005,,37.33628,23.229036248304848,0.06824830820847362,0.11802,0.00847,0.01231,0,1288.611052939774
"2026-04-01","579508",,"House of Quirk Plastic 4 Tier Transparent Cosmetic Drawer Storage Box (Pink)","1 unit","Home Decor","House of Quirk",,,599,899,,69.59377,33.37041156840936,0.1659078109441898,0.24078,0.15738,0.12458,0.22957,599.0000000000001
"2026-04-01","496230",,"Reed Oil Diffuser Set (Apple Cinnamon) by IRIS","1 set","Home Decor","Iris",,,436.76448516403923,596.2113958823529,,20.00497,26.530123500906484,0.03825672194576536,0.06125,0.04279,0.03466,0.06068,441.85408804994063
"2026-04-01","557062",,"Birch & Co. Ring Vase – 6"" (White, Pack)","1 pc","Home Decor","Birch & Co.",,,379,799,,58.68587,52.5657071339174,0.49267051216144025,0.50901,1.13301,1.39753,0.5507,379
"2026-04-01","595175",,"Parkash Wax Chime Candle Set (Unscented, Green) by Prosperro Lumo","20 pcs","Home Decor","Prosperro lumo",,,184,400,,37.19203,54,0.013125715934095769,0.01315,0.00131,0.0019,0,9.200000000000001
"2026-04-01","536522",,"Floral Silver Stone Studded Clay Diya Set (Multicolour) by Satvik","7 pcs","Home Decor","Satvik",,,241.47252747252745,399,,21.14425,39.48056955575754,0.000946722705021085,0.00126,0.01095,0.01593,0,239.382651581085
"2026-04-01","564274",,"Decorative Akhand Diya (Pink, Golden) by Satvik","1 pc","Home Decor","Satvik",,,119,229,,0.07695,48.03493449781659,0.00006791934609245721,0.00008,,,,119.00000000000001
"2026-04-01","604615",,"Handmade Turkish Evil Eye Wall Hanging (Blue) - Linensutra","1 pc","Home Decor","linensutra",,,299,899,,58.19127,66.74082313681869,0.0798882469609453,0.05787,0.04423,0.06433,0,298.9999999999999
"2026-04-01","553462",,"Pillar Candle (Unscented, Brown) by Iris Celeste","520 g","Home Decor","Iris",,,367.15106666666674,499,,1.05084,26.42263193052771,0.0012084150121392722,0.00195,,,,71.75869745872059
"2026-04-01","604491",,"Paraffin & Vegetable Wax Scented Candle (Black Snake) by The Better Home","1 pc","Home Decor","The Better Home",,,499,1899,,0.8768,73.7230121116377,0,0,,,,499
"2026-04-01","627464",,"Handwoven Table Mat Set (Beige) - Peepul Tree","6 pcs","Home Decor","Peepul Tree",,,680.13923295649,1299,,68.00529,48.07939871196608,0.124410345957015,0.14007,0.00655,0.00061,0.0196,112.16575077890269
"2026-04-01","620857",,"House of Quirk Plastic Storage Organiser (White)","8 pcs","Home Decor","House of Quirk",,,599,999,,8.06376,40.04004004004004,0,0,,,,74.875
"2026-04-01","595553",,"Ritualistic Madhubani Art Fridge Magnet (Standard, Multicolour)","5 pcs","Home Decor","RITUALISTIC",,,1000.6660085838221,1499,,14.02981,33.24442904710993,0.0035567366579656564,0.00519,0.00033,0.00049,0,195.77386518466963
"2026-04-01","610530",,"Votive Mosaic Glass Tealight Candle Holder (Multicolour) by Tied Ribbons","2 pcs","Home Decor","Tied Ribbons",,,299,599,,15.33333,50.08347245409015,0.0014212710200208172,0.00155,,,,299
"2026-04-01","608537",,"Zulaxy Foldable Cloth Organizer (Light Grey)","4 pcs","Home Decor","Zulaxy",,,997,2499,,42.34332,60.10404161664665,1.439158922888126,1.2506,0.08376,0.12181,0,249.25000000000003
"2026-04-01","582506",,"Christmas Elf Jar Candle (Vanilla, Red) by Quace","1 pc","Home Decor","Quace",,,237,499,,0.72322,52.50501002004008,0,0,,,,237
"2026-04-01","532356",,"Flower Floating Candles (Pink) by Auradecor","6 pcs","Home Decor","Auradecor",,,159.11195823994993,399,,85.67254,60.09083837768907,0.0829791746933931,0.07211,0.22641,0.32926,0,26.559477428361685
"2026-04-01","543138",,"Wine Planter (Golden) - Amaya Decors","2 pcs","Home Decor","Amaya Decors",,,499.9641989006312,899,,64.44741,44.38650733299262,0.05816174922311424,0.07046,0.09707,0.14116,0,249.98680225660738
"2026-04-01","556563",,"Art Print - Shalimar Garden, Lahore by Hiroshi Yoshida - Daak Vaak","1 pc","Home Decor","Daak Vaak",,,192.16401651493928,354,,40.54854,45.716379515553875,0.0032908766354806285,0.00383,0.00172,0.0025,0,195.20787928486328
"2026-04-01","559278",,"Tomb Lid Jar Candle (Dark Amber, Oudh) by Auradecor","1 pc","Home Decor","Auradecor",,,331.6986120594329,499,,74.81198,33.19050736419026,0.27930868920187424,0.40844,0.20033,0.29134,0,333.936358071803
"2026-04-01","564108",,"Flicker Clay Diya Set (Multicolour) by DiaCraft","12 pcs","Home Decor","DiaCraft",,,127,399,,0.05525,68.17042606516291,0,0,,,,10.583333333333332
"2026-04-01","594917",,"Mukut Ganesha Idol for Car Dashboard (2.5"") by Ekhasa","1 pc","Home Decor","Ekhasa",,,499,1499,,0.97826,66.711140760507,0.0031121435747208485,0.00226,,,,499.00000000000006
"2026-04-01","565465",,"Designer Oil Lamp Diya Set (Brown) by Satvik","12 pcs","Home Decor","Satvik",,,83,129,,0.53428,35.65891472868217,0,0,0.00023,0.00033,0,83
"2026-04-01","556947",,"Numic Fridge Magnet Grocery List (A5, White)","1 pc","Home Decor","numic",,,212,225,,8.54776,5.777777777777778,0.000567232823732088,0.00116,0.00253,0.00368,0,212
"2026-04-01","536646",,"Enamelled Tear Drop Shaped Diya Set (Multicolour) by Satvik","6 pcs","Home Decor","Satvik",,,200.9,299,,29.77815,32.80936454849498,0.00008868140210651925,0.0001,0.01562,0.02271,0,31.83543206842003
"2026-04-01","531665",,"Vaporizer Oil Diffuser Set (Coral Blue) by Iris Celeste","1 set","Home Decor","Iris Celeste",,,849,849,,0.99272,0,0,0,,,,849
"2026-04-01","595157",,"Chime Candle Set (Unscented, Black) by Prosperro Lumo","20 pcs","Home Decor","Prosperro lumo",,,159,400,,11.997,60.25,0.0029955765621111716,0.00259,0.0006,0.00087,0,158.99999999999997
"2026-04-01","609160",,"Akhand Diya (Golden) for Puja by Tied Ribbons","2 pcs","Home Decor","Tied Ribbons",,,499,2999,,27.94037,83.36112037345782,0.04625743815526546,0.01676,0.08087,0.1176,0,249.49999999999997
"2026-04-01","604490",,"Paraffin & Vegetable Wax Scented Candle (Patchouli Aroma) by The Better Home","1 pc","Home Decor","The Better Home",,,499,1899,,0.47866,73.7230121116377,0.006195517100622006,0.00355,,,,499
"2026-04-01","531301",,"Reed Oil Diffuser Set (Lemon Grass) by Amogha","1 set","Home Decor","Amogha",,,483.1419451249654,650,,39.03924,25.721818952758923,0.03636616297224113,0.05807,0.03126,0.04546,0,477.102236465286
"2026-04-01","587087",,"Satyam Kraft Monk Buddha Miniature Figurines (2"", Multicolour)","4 pcs","Home Decor","Satyam Kraft",,,255.77579290731833,1200,,64.23369,78.65922979211014,0.5013173381442539,0.23297,0.29994,0.4362,0,256.2526661342302
"2026-04-01","602807",,"Premium Tea Light Candles (Vibhuti, White) By Prosperro Lumo","25 pcs","Home Decor","Prosperro lumo",,,389,1299,,17.0274,70.05388760585065,0.012282791942044277,0.00801,0.00439,0.00639,0,15.56
"2026-04-01","602857",,"Chime Candle Set (Unscented, Red) By Prosperro Lumo","20 pcs","Home Decor","Prosperro lumo",,,179,400,,10.94425,55.25,0.00771731868277074,0.00752,0.01283,0.01866,0,178.99999999999997
"2026-04-01","564275",,"Designer Clay Akhand Diya (Multicolour) Satvik","1 pc","Home Decor","Satvik",,,119,229,,1.2987,48.03493449781659,0,0,,,,119
"2026-04-01","533953",,"Standing Swastik Design Diya Set (Golden) by Amaya Decors","2 pcs","Home Decor","Amaya Decors",,,524,999,,0.24492,47.547547547547545,0.0011851829352331627,0.00197,,,,757.8082901554404
"2026-04-01","616895",,"Kuber Industries Leather Wrist Watch Organiser (Black)","1 unit","Home Decor","Kuber Industries",,,799,3999,,61.22449,80.02000500125031,0,0,,,,799
"2026-04-01","534869",,"eCraftIndia Brass Horse Showpiece (5"", Brown)","1 pc","Home Decor","Ecraftindia",,,733.0270083874458,1999,,18.98534,63.33031473799671,0.03162959182845949,0.02526,0.01415,0.00059,0.04402,733.0215990475118
"2026-04-01","587090",,"Satyam Kraft Eiffel Tower Antique Statue (10"", Bronze)","1 pc","Home Decor","Satyam Kraft",,,349,1200,,23.96037,70.91666666666667,0.0031747242589428865,0.00201,0.00006,0.00009,0,349
"2026-04-01","620864",,"Premium Scented Tea Light Candles (Lavender Vanilla) by Prosperro Lumo","10 pcs","Home Decor","Prosperro lumo",,,169,499,,73.30193,66.1322645290581,0.015021552174878907,0.01108,0.01692,0.02461,0,16.900000000000006
"2026-04-01","504853",,"Glitter Votive Candle Set (Gold Musk) by Iris Celeste","2 pcs","Home Decor","Iris",,,512,649,,0.00011,21.10939907550077,0.00019248812306891578,0.00033,0.0003,0.00044,0,256
"2026-04-01","571823",,"Pieces and Accents Decorative American Swan Figurines (5"", Golden)","1 pc","Home Decor","pieces and accents",,,1095.2857312548006,1599,,21.7443,31.501830440600347,0.013985665808629007,0.02075,0.00131,0.0019,0,1114.948400722368
"2026-04-01","560716",,"Secret Message Happy Anniversary Scented Jar Candle (4 Layered, Black) Divine Senses","1 pc","Home Decor","divine senses",,,259,599,,1.13705,56.76126878130217,0.0003553181998936936,0.00033,,,,259
"2026-04-01","545760",,"Sneakare Stack'em Shoe Organizer Crate","1 pc","Home Decor","Sneakare",,,998.259690097487,1999.9976442499997,,65.8587,50.08269715041679,0.29184195781222405,0.3172,0.72085,1.04831,0,998.534386580716
"2026-04-01","591309",,"Holiday Memories Photo Frame Gift Set - Chumbak","2 pcs","Home Decor","Chumbak",,,995,1585,,0.92326,37.22397476340694,0,0,,,,994.9999999999999
"2026-04-01","496226",,"Reed Oil Diffuser Set (Lemon Grass) by IRIS","1 set","Home Decor","Iris",,,316,393.75,,10.1449,19.75568774083611,0.008916737159881375,0.01534,0.00365,0.0053,0,316.00000000000006
"2026-04-01","557327",,"Archies Sis Photo Frame Fridge Magnet (13.5 cm x 12.5 cm, Pink, Green)","1 pc","Home Decor","Archies",,,364.9350848385331,399,,3.86796,8.547218386101306,0.002222565016583758,0.00435,0.00308,0.00447,0,361.33266623047973
"2026-04-01","493773",,"Crystal Brass Akhand Diya by Shubhkart","1 pc","Home Decor","Shubh kart",,,513.3945837175733,668.5851431666666,,79.23226,23.14707920340808,0.3896982587506925,0.65265,0.77477,1.12673,0,513.3302221542258
"2026-04-01","553468",,"Glass Jar Candle (Fleur) by Trinket Collection Iris Celeste","113 g","Home Decor","Iris",,,729,999,,2.74036,27.027027027027028,0,0,,,,645.1327433628318
"2026-04-01","100000034","100000034","Dummy Product","100g","Home Decor","dummy",0.0915,,,,0,,,8.14145935238997e-8,,,,,
"2026-04-01","618236",,"Ekhasa Brass Bullock Cart Showpiece (5"" x 3"", Golden)","1 pc","Home Decor","Ekhasa",,,875,1575,,0.3938,44.44444444444444,0,0,,,,875
"2026-04-01","633610",,"Tied Ribbons Plastic Shoe Rack Organizer (Transparent)","1 unit","Home Decor","Tied Ribbons",,,499,699,,0.81718,28.61230329041488,0.00020731803596796316,0.00032,,,,499
"2026-04-01","553463",,"Glass Jar Candle (Black Oudh) by Iris Celeste","113 g","Home Decor","Iris",,,717.6142857142858,899,,1.45093,20.176386461147306,0,0,,,,635.0568900126424
"2026-04-01","602773",,"Premium Tea Light Candles (Panch Amrit, White) By Prosperro Lumo","25 pcs","Home Decor","Prosperro lumo",,,389,1299,,17.18391,70.05388760585065,0.01530498707224136,0.00998,0.00328,0.00477,0,15.559999999999997
"2026-04-01","531978",,"Auradecor Aroma Oil Diffuser Set","4 pcs","Home Decor","Auradecor",,,249.02252484460476,699,,83.58405,64.37288538115689,0.3773346483656999,0.29277,0.2084,0.30306,0,249.03658351755757
"2026-04-01","536514",,"Small Flower Design Stone Studded Clay Diya Set (Multicolour) by Satvik","4 pcs","Home Decor","Satvik",,,142,199,,23.84025,28.64321608040201,0.00023608630523369784,0.00037,0.00213,0.0031,0,142
"2026-04-01","604512",,"Soy Wax Scented Candle (Atlantic Coast, White) by The Better Home","1 pc","Home Decor","The Better Home",,,549,1999,,0.45762,72.53626813406703,0.0005928877633503896,0.00035,,,,549
"2026-04-01","564508",,"Nayasa Square Side Table (White)","1 pc","Home Decor","Nayasa",,,1250.6849171249137,1649,,28.75601,23.982083667350434,0.1692289497844829,0.28594,0.07252,0.10547,0,1274.623434399149
"2026-04-01","579767",,"House of Quirk Polyester Drawer Divider Socks Closet Organizer (Grey)","2 pcs","Home Decor","House of Quirk",,,499,542.9121716666666,,20.08286,8.088264356251619,0.006152928815327712,0.01276,0.00251,0.00365,0,249.49999999999994
"2026-04-01","572703",,"Shot Glass Scented Candle (Jasmine & Lime) by Ekam","2 pcs","Home Decor","Ekam",,,164.69849882186824,187.24591562500004,,93.9256,11.708356904778798,0.3412403042523681,0.65743,1.34482,0.42183,3.37664,82.72858764853072
"2026-04-01","579123",,"Murli Ganesha Idol Showpiece (6"") by Tied Ribbons","1 pc","Home Decor","Tied Ribbons",,,499.4217013027853,899,,44.74008,44.450865862625136,0.09039407775629806,0.10928,0.07503,0.10911,0,499.19706583981764
"2026-04-01","559233",,"Premium Scented Diffuser Set (Oudh) by Auradecor","1 pc","Home Decor","Auradecor",,,269.61134080063266,599,,71.96763,54.85181527511424,1.116977193065559,1.0946,0.56438,0.82076,0,270.44326649475613
"2026-04-01","564107",,"Paisley Design Clay Diya Set (Multicolour) by DiaCraft","12 pcs","Home Decor","DiaCraft",,,127,399,,0.00138,68.17042606516291,0.00011834033812763563,0.00008,,,,10.583333333333336
"2026-04-01","579764",,"Tied Ribbons Black Panther Jaguar Sculpture Showpiece (10"", Black)","1 pc","Home Decor","Tied Ribbons",,,700.2691789819377,1999,,42.58739,64.96949075164682,0.06678374508956861,0.05086,0.00474,0.00689,0,699.0035443099567
"2026-04-01","538849",,"Happy Birthday Scented Candle (Tarte Au Chocolat) by Rad Living","1 pc","Home Decor","Rad Living",,,783,1199,,4.6252,34.69557964970809,0,0,,,,783
"2026-04-01","564207",,"Clay Mini Diya Set (Multicolour) by DiaCraft","10 pcs","Home Decor","DiaCraft",,,93,199,,0.97286,53.266331658291456,0,0,,,,9.300000000000002
"2026-04-01","553448",,"Oil Diffuser Set (Lavender Khus) by Amogha","1 set","Home Decor","Amogha",,,457.4571341772361,550,,4.73814,16.976057707639214,0.00746544684416319,0.01305,0.00093,0.00135,0,437.5131582667749
"2026-04-01","596971",,"Scented Candle (Breezy Blossom, Lemongrass Lime) by Soi Flamecraft","2 pcs","Home Decor","soi flamecraft",,,599,1649.25,,73.40862,64.24388024132081,0.05774517521691935,0.03769,0.01186,0.01724,0,599
"2026-04-01","571856",,"Wooden Resin Photo Frame (Beige) - Pieces and Accents","1 pc","Home Decor","pieces and accents",,,479,899,,3.29502,46.71857619577308,0,0,,,,479
"2026-04-01","538607",,"Belle Femme Antique Wine Bottle Holder (Multicolour) - The Artment","1 pc","Home Decor","The Artment",,,1996.1402200547705,2299,,40.27875,13.176631399123217,0.05277981038001901,0.09881,0.00551,0.00115,0.0151,1993.7810216370156
"2026-04-01","602151",,"Smokeless Tea Light Candles (Unscented) by Prosperro Lumo","50 pcs","Home Decor","Prosperro lumo",,,179,424.54696132596683,,21.05425,57.785095279969475,0.01191028681003574,0.01161,0.00267,0.00388,0,3.58
"2026-04-01","559477",,"Premium Reed Candle & Diffuser Set (Blue Sage & Lavender) by Auradecor","2 pcs","Home Decor","Auradecor",,,751.525580150041,1999,,77.88863,62.39091626031203,0.2102023788406732,0.17462,0.04266,0.06203,0,377.0010385477441
"2026-04-01","579846",,"Resin Ganesha Idol (6"") by Tied Ribbons","1 pc","Home Decor","Tied Ribbons",,,600.7385291858678,1299,,45.77518,53.75258760288196,0.06915850645830822,0.06946,0.05766,0.08385,0,599.9327066111349
"2026-04-01","604661",,"Turkish Evil Eye Hanging Accessory for Cars & Home (Blue) - Linensutra","1 pc","Home Decor","linensutra",,,299,899,,47.92183,66.74082313681869,0.04455363447173829,0.03228,0.00216,0.00314,0,298.99999999999994
"2026-04-01","536144",,"Floral Enameled Designer Diya Set (Multicolour) by Satvik","7 pcs","Home Decor","Satvik",,,244,399,,42.01546,38.847117794486216,0.0015147563280337362,0.00202,0.01945,0.02828,0,243.99999999999997
"2026-04-01","601252",,"Sleep & Destress Scented Candle (Cacao & Orris) By EM5","1 pc","Home Decor","Em5",,,250.30836805555555,599,,49.22882,57.98883885152596,0.1916705612798567,0.17354,0.21002,0.30543,0,252.31089823957285
"2026-04-01","583901",,"Glimpse Homes Ceramic Pomegranate Showpiece (4"", Red)","1 pc","Home Decor","glimpse homes",,,799,1199,,7.33459,33.36113427856547,0.0007112289912550036,0.00103,,,,799
"2026-04-01","569953",,"Welspun Anti Skid Bath Mat (19"" x 31"", Drylon, Navy Blue)","1 pc","Home Decor","Welspun",,,429.0161175596603,449,,68.69327,4.450318735936497,0.047999912436051,0.09993,,,,429.02002269082027
"2026-04-01","559274",,"Amber Jar Candle Gift Set by Auradecor","4 pcs","Home Decor","Auradecor",,,801.786840680027,1999,,76.58094,59.8285183780041,1.0317199036890432,0.9051,0.4268,0.62069,0,200.9396541412539
"2026-04-01","611345",,"3D Heart Shape Scented Candle (Winter Water, Red) By Prosperro Lumo","1 pc","Home Decor","Prosperro lumo",,,199,399,,43.4304,50.12531328320802,0.011197829036773566,0.01216,0.14271,0.20754,0,199
"2026-04-01","602740",,"Mini Jar Candle (Multicolour) by Prosperro Lumo","6 pcs","Home Decor","Prosperro lumo",,,289,499,,78.47315,42.08416833667335,0.007335601689704797,0.00925,0.08309,0.12084,0,48.16666666666668
"2026-04-01","531873",,"Tejas Premium Quality Candle by Shubhkart","10 pcs","Home Decor","Shubh kart",,,54.328872163670724,74.8509944329897,,63.23015,27.29180831924943,0.06535264025438245,0.10378,0.18086,0.26302,0,5.416154791465315
"2026-04-01","595081",,"Tea-Light Candle Holder Oil Burner (White) by ExclusiveLane","1 pc","Home Decor","ExclusiveLane",,,599,1499,,1.85262,60.04002668445631,0.002222960967339147,0.00193,,,,599
"2026-04-01","559479",,"Morrocan Tin Fragrance Candle Set by Auradecor","4 pcs","Home Decor","Auradecor",,,542.8729924196398,1400,,85.28039,60.7514335850135,0.5282581078207008,0.44631,0.5125,0.74531,0,138.04210937646522
"2026-04-01","616317",,"Kuber Industries Foldable Multi-purpose Storage Box (Black)","1 unit","Home Decor","Kuber Industries",,,269,1199,,2.59524,77.56463719766472,0,0,,,,269
"2026-04-01","571987",,"Fabindia Varda Scented Pillar Candle (Clove)","1 pc","Home Decor","Fabindia",,,379,399,,0.69033,5.012531328320802,0.00011834033812763563,0.00024,,,,379
"2026-04-01","602152",,"Satyam Kraft Hanging Legs Cute Boy and Girl Showpiece (4.7"" x 1"", Multicolour)","2 pcs","Home Decor","Satyam Kraft",,,306.32488764044945,1200,,25.91945,74.46419741239582,0.059835722243663465,0.03306,0.02464,0.03584,0,156.86923205379406
"2026-04-01","495611",,"Metal Om Design Candle Holder (Golden) by Satvik","1 pc","Home Decor","Satvik",,,221.38888888888886,299,,11.29442,25.956893348197703,0.0002217030603778089,0.00048,,,,254.30938997344578
"2026-04-01","618031",,"Ekhasa Brick Thinking Man Showpiece (7 x 12 cm, Golden)","1 pc","Home Decor","Ekhasa",,,299,899,,0.43756,66.74082313681869,0,0,,,,299
"2026-04-01","598524",,"Kuber Industries Collapsible Storage Organiser (Grey)","6 pcs","Home Decor","Kuber Industries",,,479,2199,,0.55736,78.21737153251478,0.0006522065251696007,0.00031,,,,79.83333333333333
"2026-04-01","603993",,"House of Quirk Cotton Versatile Cloth Organizer (White)","2 pcs","Home Decor","House of Quirk",,,699.0287356321838,999,,48.14135,30.02233073679434,0.07609403505588264,0.11655,0.01536,0.02234,0,349.60559756025185
"2026-04-01","594924",,"Ekhasa Brass Panchmukhi Hanuman God Idol (4"" x 3.5"", Golden)","1 pc","Home Decor","Ekhasa",,,699,1310,,2.09399,46.6412213740458,0.0017484126523394142,0.00203,,,,699.0000000000001
"2026-04-01","596991",,"Bell Jar Scented Candle (Peony Allure) by Soi Flamecraft","1 pc","Home Decor","soi flamecraft",,,799,2499,,64.73538,68.02721088435375,0.08584554140180845,0.05978,0.04039,0.05873,0,798.9999999999998
"2026-04-01","609895",,"Mukut Ganesha Idol for Car Dashboard (2"") by Ekhasa","1 pc","Home Decor","Ekhasa",,,499,1499,,0.00043,66.711140760507,0,0,,,,499
"2026-04-01","529120",,"Unscented Wax Tea Light Candles (White) by Quace","50 pcs","Home Decor","Quace",,,303.73405333865384,392.11391301675985,,28.40006,22.54103555163326,0.003837311812119518,0.00658,0.00986,0.01433,0,6.0507696411202145
"2026-04-01","594933",,"Ekhasa Elephant Cute Showpiece (4.5"" x 2.7"", White, Golden)","2 pcs","Home Decor","Ekhasa",,,499,1199,,0.59384,58.381984987489574,0.0016891677420094108,0.00153,,,,249.5
"2026-04-01","598549",,"Kuber Industries Drawer Cloth Organizer Set (Black)","12 pcs","Home Decor","Kuber Industries",,,899,1998,,27.52294,55.005005005005,0,0,,,,74.91666666666666
"2026-04-01","547424",,"Surreal Faces Planter (White) - The Artment","1 pc","Home Decor","The Artment",,,1110.2371602310243,1799,,22.85676,38.273818932334244,0.03977762396338893,0.05402,0.03161,0.04597,0,1110.7448597712412
"2026-04-01","382788",,"Nilkamal Chester Drawers Stand (Pink & White)","1 pc","Home Decor","Nilkamal",,,2092,2600,,1.35993,19.53846153846154,0,0,,,,2092
"2026-04-01","563222",,"Homestrap Cloth Organizer (Grey)","4 pcs","Home Decor","Homestrap",,,699.333975793959,999,,62.92295,30.123325349708917,0.47844844951541204,0.72702,0.05536,0.08051,0,174.4405025658164
"2026-04-01","576476",,"Colourful Cow Dung Diya Set by Sumukhi","4 pcs","Home Decor","sumukhi",,,100,100,,17.52984,0,0.0008205674556921332,0.00179,0.00883,0.01284,0,100.00000000000003
"2026-04-01","618663",,"Kuber Industries Travel Storage Organiser (Grey)","1 unit","Home Decor","Kuber Industries",,,,,,0,,0,0,,,,
"2026-04-01","568431",,"Sacred Puja Diya with Ghee by Shubhkart","20 pcs","Home Decor","Shubh kart",,,190.23835507945483,283.42649058333336,,77.6535,33.19899266332606,0.5658760357394692,0.8188,1.60958,2.34076,0,190.18999093879913
"2026-04-01","599930",,"Kuber Industries Foldable Storage Box (Black)","6 pcs","Home Decor","Kuber Industries",,,496,2199,,1.00229,77.44429286039109,0.0014674646816316018,0.00072,,,,82.66666666666666
"2026-04-01","579770",,"Tied Ribbons Terracotta Clay Lakshmi Ganesh Idol (5"", Multicolour)","2 pcs","Home Decor","Tied Ribbons",,,547.3955254960317,1499,,36.28514,63.481333425284475,0.04637417066639313,0.03681,0.0012,0.00175,0,273.1768813191243
"2026-04-01","566163",,"7 Crystal Healing Gemstone Wall Hanging (Multicolour) - The Artment","1 pc","Home Decor","The Artment",,,798.0915238095238,992.7084769047619,,23.91094,19.60182471745903,0.021511010659424352,0.03735,0.00664,0.00966,0,797.7675554856557
"2026-04-01","570580",,"Homefragrances Jar Candle Set (Ocean Dream) by IRIS","2 pcs","Home Decor","Iris",,,172.0833789195915,349,,22.86448,51.491916546915064,0.04491314441097723,0.04592,0.0385,0.03847,0.03858,81.92637816835399
"2026-04-01","504852",,"Glitter Reed Oil Diffuser Set (Gold Musk) by IRIS","1 set","Home Decor","Iris",,,799,799,,17.68854,0,0.02005893022174934,0.04369,0.01793,0.02073,0.01174,799.0000000000001
"2026-04-01","553694",,"Chumbak 3 Wise Owls Figurine Showpiece (2"", Multicolour)","3 pcs","Home Decor","Chumbak",,,1208.7155555555555,1495,,0.80462,19.14946116685247,0.0015519187533137272,0.00256,,,,1211.2787567568992
"2026-04-01","564268",,"Floral Design Two Shaded Clay Diya Set (Multicolour) by Satvik","12 pcs","Home Decor","Satvik",,,129,299,,1.25,56.8561872909699,0.00008868140210651925,0.00008,,,,10.750000000000002
"2026-04-01","605479",,"FunBlast Vacuum Storage Bags (Transparent)","6 pcs","Home Decor","FunBlast",,,549,1499,,53.1143,63.37558372248165,0.17183131521452116,0.13707,0.13498,0.1963,0,91.50000000000001
"2026-04-01","624151",,"Wooden Pooja Temple for Home Wall Mounted (Dark Brown) - Ekhasa","1 pc","Home Decor","Ekhasa",,,,,,0,,0,0,,,,
"2026-04-01","532002",,"Fragrance Votive Candle Set with Frosted Glass by Auradecor","4 pcs","Home Decor","Auradecor",,,538.0771797827236,1299,,68.30875,58.60594686341579,1.1685741517260282,1.05528,1.1104,1.61482,0,537.6931729694386
"2026-04-01","561738",,"Soulflower Reed Diffuser Set (Walk in the Wood)","1 pc","Home Decor","Soulflower",,,452.78686566214424,799,,79.86336,43.209595625574856,0.4859257419604889,0.5989,0.73343,0.20778,1.89056,454.28802586515377
"2026-04-01","575913",,"Terracotta Clay Elegant Diya Set (Brown) by Swastika","12 pcs","Home Decor","Swastika",,,98,249,,0.57366,60.6425702811245,0,0,,,,98
"2026-04-01","576801",,"Designer Clay Diya Set (Multicolour) by House Of Festivals","6 pcs","Home Decor","House of Festivals",,,131,199,,10,34.17085427135678,0.00005902157630842446,0.00008,,,,21.833333333333332
"2026-04-01","497342",,"Screw Jar Candle (Multicolour) Set TradeFT","4 pcs","Home Decor","tradeft",,,874,1600,,2.59291,45.375,0,0,,,,218.5
"2026-04-01","627706",,"Acrylic Lotus Wall Hanging Latkan with Bells - Tied Ribbons","10 pcs","Home Decor","Tied Ribbons",,,399,1749,,38.31347,77.18696397941682,0.15939002196065205,0.0792,0.05212,0.07579,0,39.900000000000006
"2026-04-01","591349",,"Christmas Soy Wax Scented Candle (Floral) by Auradecor","4 pcs","Home Decor","Auradecor",,,541.2357188075378,999,,21.71783,45.82257284177208,0.00666665401068654,0.00789,0.00024,0.00035,0,135.6744785229666
"2026-04-01","494209",,"Mini Scented Jar Candle (Multicolour) Set by Auradecor","6 pcs","Home Decor","Auradecor",,,277.602884049796,599,,70.49859,53.70656782897962,0.4322416165360164,0.43645,0.26497,0.38534,0,46.21098465384099
"2026-04-01","609533",,"Pour & Massage Scented Candle (Dark Rose, White) by Odd To Ordinary","40 g","Home Decor","ODD TO ORDINARY",,,375,599,,20,37.39565943238731,0,0,,,,937.5
"2026-04-01","564139",,"House of Quirk Foldable Clothing Storage Box (Beige)","6 pcs","Home Decor","House of Quirk",,,699,999,,9.37361,30.03003003003003,0.005407397142001305,0.00824,0.00012,0.00008,0.00021,116.5
"2026-04-01","595156",,"Satyam Kraft Hanging Legs Showpiece (3"" x 3"" x 7"", Multicolour)","4 pcs","Home Decor","Satyam Kraft",,,449,1200,,0.00162,62.583333333333336,0.0003559107913613101,0.00029,,,,112.25
"2026-04-01","597569",,"Christmas Nativity Set (Multicolour) - Svasti","1 set","Home Decor","Svasti",,,764.4131705723904,1500,,50.23164,49.03912196184064,0.010443757284008443,0.01114,0.00783,0.01139,0,729.9519768768366
"2026-04-01","596372",,"FunBlast Paper Foldable Ottoman (Green)","1 unit","Home Decor","FunBlast",,,629,999,,0.5556,37.03703703703704,0.0005925914676165814,0.00081,,,,629
"2026-04-01","595182",,"Latte Coffee Scented Candle (Vanilla Coffee, Brown) by Prosperro Lumo","250 g","Home Decor","Prosperro lumo",,,399,999,,18.08236,60.06006006006006,0.006708639916966456,0.00584,0.00028,0.0004,0,159.60000000000005
"2026-04-01","594920",,"Ekhasa Brass Ram Darbar God Idol (2.9"", Golden)","1 pc","Home Decor","Ekhasa",,,799,1299,,7.08119,38.49114703618168,0.008445193621737712,0.01131,0,0,0,798.9999999999999
"2026-04-01","571031",,"Tied Ribbons Buddha Monks Figurines (5 cm)","4 pcs","Home Decor","Tied Ribbons",,,219.4526318590106,899,,36.85069,77.08097496101134,0.7113546197563615,0.34569,0.19792,0.28783,0,50.7673224940832
"2026-04-01","577062",,"Dual Shaded Clay Diya Set by DiaCraft","4 pcs","Home Decor","DiaCraft",,,93,199,,0.06487,53.266331658291456,0.00005902157630842446,0.00006,,,,23.25
"2026-04-01","602173",,"Birthday Girl Candle (Unscented, Multicolour) By Prosperro Lumo","1 pc","Home Decor","Prosperro lumo",,,160,249,,3.54292,35.7429718875502,0.0028432823344876662,0.00398,0.00021,0.0003,0,160
"2026-04-01","605417",,"Butterfly Evil Eye Wall Hanging by (Dark Blue) - Tied Ribbons","1 pc","Home Decor","Tied Ribbons",,,299,999,,12.82454,70.07007007007007,0.03382512097155446,0.02205,0.00635,0.00923,0,299
"2026-04-01","598314",,"Kuber Industries Cotton Quilted Jewellery Organizer Pouch (Green)","1 unit","Home Decor","Kuber Industries",,,322,828,,61.22449,61.111111111111114,0,0,,,,322
"2026-04-01","576507",,"Glow Clay Diya Set by DiaCraft","6 pcs","Home Decor","DiaCraft",,,136,199,,0.13053,31.65829145728643,0.00011804315261684892,0.00018,,,,22.666666666666668
"2026-04-01","566156",,"The Artment Rainbow Tagged Frog Showpiece (5"", Multicolour)","1 pc","Home Decor","The Artment",,,833.8923076923077,1125,,0.46357,25.876239316239317,0.003837163219364125,0.0063,0.00001,0.00001,0,847.3602242819544
"2026-04-01","571786",,"Fabindia Tealight & Candle Holder (Golden)","2 pcs","Home Decor","Fabindia",,,999,999,,0.00733,0,0.0008888872014248721,0.00194,,,,999
"2026-04-01","560640",,"Bal Krishna Wall Hanging (Round) (Multicolour) - Mad Over Print","1 pc","Home Decor","Mad Over Print",,,379,599,,43.63199,36.72787979966611,0.003283137355322476,0.00452,0.01021,0.01485,0,379.0000000000001
"2026-04-01","544946",,"Brass Antique Finish Angel Horse Statue Showpiece by (Brown) - eCraftIndia","1 pc","Home Decor","Ecraftindia",,,571.8866475998145,1199,,14.72831,52.30316509196316,0.032328897808203895,0.03359,0.17692,0.00477,0.5559,571.7461140711052
"2026-04-01","565967",,"The Artment Chromatic Triad Globe Showpiece Set (8"", Multicolour)","1 pc","Home Decor","The Artment",,,1213.1442611440814,1717.4194532673268,,14.9251,29.339371292658043,0.03369951738395212,0.0519,0.00108,0.00157,0,1225.090256499343
"2026-04-01","625321",,"Tea Light Candles (Unscented, Multicolour) by Prosperro Lumo","10 pcs","Home Decor","Prosperro lumo",,,160,160,,77.00048,0,0.0025367141254637104,0.00553,0.01089,0.01584,0,16
"2026-04-01","477887",,"Scented Votive Candle (Jasmine, White) by Auradecor","6 pcs","Home Decor","Auradecor",,,99.15579960965871,448.47519133333327,,85.12861,77.86668206742632,2.610531789799348,1.25839,1.17344,1.70649,0,16.545563692079945
"2026-04-01","554598",,"Homestrap Plastic Stackable Cloth Organizer (White)","3 pcs","Home Decor","Homestrap",,,1024.447819973552,1999,,59.17506,48.785039772208485,2.255606257383993,2.49693,1.3442,1.6122,0.75423,341.2142545600482
"2026-04-01","531974",,"Tulsi Wax Diya Set (Unscented, Multicolour) Small DiaCraft","4 pcs","Home Decor","DiaCraft",,,100,159,,1.01457,37.106918238993714,0,0,,,,100
"2026-04-01","596836",,"FunBlast Plastic Pill Organizer Box (White)","1 unit","Home Decor","FunBlast",,,199,499,,12.87868,60.12024048096193,0.02055226261854014,0.01785,0.01822,0.0265,0,199.00000000000006
"2026-04-01","611843",,"Flameless LED Candle (Light Brown) with Remote Control by VEROX","3 pcs","Home Decor","VEROX",,,999,1498,,0.81282,33.31108144192256,0.0005909124584583344,0.00086,,,,332.99999999999994
"2026-04-01","561531",,"Soulflower Ceramic Reed Diffuser Set (Lavender)","1 set","Home Decor","Soulflower",,,707.5346709251851,1000,,70.51469,29.2654701942963,0.06160961899844132,0.09479,0.09883,0.09634,0.10432,706.565250619983
"2026-04-01","566139",,"ZenLeaf Serenity Table Water Fountain (Black, Golden) - The Artment","1 pc","Home Decor","The Artment",,,1298.3769703872838,1573.6194707916666,,40.00299,17.64392145282644,0.09147674859607241,0.16058,0.04789,0.01385,0.12282,1296.7904305852055
"2026-04-01","594928",,"Wind Chime by (Black) - Ekhasa","1 pc","Home Decor","Ekhasa",,,575,1499,,0.3251,61.641094062708476,0.0004445921934678293,0.00037,,,,575
"2026-04-01","563224",,"Homestrap Cotton Quilted Jewellery Organizer (Blue)","1 pc","Home Decor","Homestrap",,,363.73079915876826,613.1901287134503,,66.98039,42.697126215955485,0.25557873758749927,0.31608,0.90553,0.08573,2.71017,357.9048350054373
"2026-04-01","559285",,"Tealight Candle Set (Unscented) by Auradecor","10 pcs","Home Decor","Auradecor",,,165.41903688713683,299,,78.14911,44.610630953021605,0.036986997740706185,0.04455,0.06899,0.10033,0,16.65057004684987
"2026-04-01","543152",,"Amaya Decors Apple Planter (5"", Black)","2 pcs","Home Decor","Amaya Decors",,,894.4773138329076,1499,,45.16508,40.32828075120212,0.03564848042856176,0.04634,0.10142,0.14749,0,446.983769057881
"2026-04-01","606577",,"Cutting Edge Plastic 14 pcs Drawer & Cutlery Organiser (Black)","14 pcs","Home Decor","Cutting Edge",,,389.7249705750695,795,,42.93898,50.99857629873928,0.29832090358176966,0.31951,0.16016,0.05407,0.3937,27.830276777493747
"2026-04-01","599917",,"Lazer Polyester Luggage Storage Organiser Set (Black)","7 pcs","Home Decor","Lazer",,,599.0122950819673,1499,,41.33123,60.03751717508833,0.7803111450610182,0.67916,0.14574,0.08862,0.27147,599.0409376913227
"2026-04-01","541553",,"Luxury Wooden Finish Wall Clock with Silent Sweep Technology (Teak, White) - Nautica","1 pc","Home Decor","Nautica",,,1296.0196418822463,1999,,53.9763,35.1770068291122,0.296807092196887,0.4129,0.44131,0.57692,0.14278,1296.8421697537176
"2026-04-01","596832",,"FunBlast Plastic Pill Organizer Box (Blue)","1 unit","Home Decor","FunBlast",,,200.66216216216216,499,,9.30959,59.791590676320986,0.016602637817544695,0.01442,0.01169,0.01699,0,199.01637613451325
"2026-04-01","577070",,"Designer Wax Matki Diya Set by DiaCraft","6 pcs","Home Decor","DiaCraft",,,129,249,,1.03278,48.19277108433735,0,0,,,,21.5
"2026-04-01","564150",,"Swastik Design Shimmer Wax Clay Diya Set (Silver) by DiaCraft","6 pcs","Home Decor","DiaCraft",,,134,199,,0.04389,32.663316582914575,0,0,,,,22.333333333333332
"2026-04-01","494204",,"Scented Tea Light Candles (English Rose, Red) by Auradecor","2 x 10 pcs","Home Decor","Auradecor",,,159.08171998753485,298,,92.33913,46.580792694492764,0.4648325091755111,0.54065,0.5584,0.81207,0,7.959597203999253
"2026-04-01","570354",,"Chumbak Wood Marigold Tissue Box (Multicolour)","1 unit","Home Decor","Chumbak",,,749.0155,995,,59.51435,24.722379397613828,0.2091853521872576,0.34298,0.01,0.01455,0,749.0106138611519
"2026-04-01","631016",,"Ceramic Clay Oil Diffuser (Yellow) by Prosperro Lumo","1 pc","Home Decor","Prosperro lumo",,,199,599,,16.36356,66.7779632721202,0.0037308384295528475,0.0027,0.00315,0.00458,0,199.00000000000003
"2026-04-01","602665",,"Smokey Cocktail Storage Bulldog Showpiece (11.8"" x 6.7"" x 7.7"", Red)","1 pc","Home Decor","SMOKEY COCKTAIL",,,,,,0,,0,0,,,,
"2026-04-01","533965",,"Amaya Decors Floral Design with Tealight Stand Urli (5"", Golden)","1 pc","Home Decor","Amaya Decors",,,697.6153846153846,999,,1.27168,30.16863016863017,0.0006785172304209856,0.00103,0,0,0,698.9542316640604
"2026-04-01","536524",,"Earthly Elegance Clay Diya Set (Multicolour) by Satvik","7 pcs","Home Decor","Satvik",,,244.01007407407405,399,,50.45417,38.84460289927968,0.002947857822759403,0.00393,0.04677,0.06802,0,244.00024163244035
"2026-04-01","604508",,"Scented Candle (Sea Anemone Algae, White) by The Better Home","1 pc","Home Decor","The Better Home",,,549,1999,,0.39937,72.53626813406703,0,0,,,,549
"2026-04-01","475869",,"Handmade Wax Filled 6 Pcs Diya Set (Unscented, Golden) by Walton","1 pc","Home Decor","Walton",,,89,299,,15.5067,70.23411371237458,0.0002660442063195577,0.00017,,,,89
"2026-04-01","554601",,"Homestrap Plastic Multi-Functional Small Basket (Brown)","1 unit","Home Decor","Homestrap",,,168.0668839956042,299,,75.63324,44.024053658409855,1.243131281235554,1.5196,3.76395,3.95881,3.33501,167.3682863684206
"2026-04-01","536152",,"Swastik Shaped Enameled Diya Set (Multicolour) by Satvik","12 pcs","Home Decor","Satvik",,,244,399,,0.77849,38.847117794486216,0.00011834033812763563,0.00016,0.00012,0.00017,0,244
"2026-04-01","495608",,"Om Design with Plate Candle Holder (Golden) by Satvik","1 pc","Home Decor","Satvik",,,191.36111111111111,399,,7.59049,52.039821776663885,0.00011834033812763563,0.0001,,,,162.2378472222222
"2026-04-01","587071",,"Satyam Kraft Mini Couples Miniature Figurines (3 x 5 cm, Multicolour)","2 pcs","Home Decor","Satyam Kraft",,,199,1200,,31.29012,83.41666666666666,0.14583470123651265,0.05268,0.0709,0.10311,0,199
"2026-04-01","625458",,"House of Quirk Foldable Cloth Organizer (Grey)","1 unit","Home Decor","House of Quirk",,,849.714923580786,1999,,65.90208,57.49406994001663,0.09174433122678761,0.08487,0.03376,0.04058,0.01874,849.0015856668941
"2026-04-01","564460",,"Sammsara Chess Queen Decorative Accent Showpiece (9"", Golden)","1 pc","Home Decor","Sammsara",,,,,,0,,0,0,,,,
"2026-04-01","547449",,"Surreal Bull Showpiece (Black) - The Artment","1 pc","Home Decor","The Artment",,,1271.7086875,2499,,42.76836,49.05272810569393,0.10028790215036551,0.11306,0.05072,0.01563,0.12797,1294.6677113093583
"2026-04-01","591347",,"Bubble Scented Candle (Floral) by Auradecor","1 pc","Home Decor","Auradecor",,,183.44939362833355,399,,93.22716,54.11237546534993,0.17285625554438272,0.17076,0.09695,0.141,0,183.26845144947305
"2026-04-01","531982",,"Votive Wax Filled Candle Set (Jasmine, White) by Auradecor","2 pcs","Home Decor","Auradecor",,,149.1627169998567,399,,67.85066,62.63510697435517,1.467745992631317,1.19399,3.28151,4.77221,0,149.08613890857467
"2026-04-01","536140",,"Beak Shaped Designer Clay Diya Set (Multicolour) by Satvik","4 pcs","Home Decor","Satvik",,,200.53850000000006,203.11666666666667,,38.53856,1.2938190663567186,0.0016240147125428093,0.00353,0.13584,0.19755,0,202.13248748765503
"2026-04-01","571866",,"Fabindia Tea Light Candles (Alaya Khus)","24 pcs","Home Decor","Fabindia",,,379,399,,6.35239,5.012531328320802,0.00011834033812763563,0.00024,0.00009,0.00013,0,379
"2026-04-01","559003",,"Peacock Pride Wall Clock (Red) - Teal By Chumbak","1 pc","Home Decor","Teal By Chumbak",,,869.787301311694,1595,,58.69619,45.07952741748807,0.2587162727278528,0.30481,1.16231,0.75145,2.06673,883.0541323727618
"2026-04-01","531773",,"Stone Studded Matki Design Wax Diya Set (Multicolour) by DiaCraft","6 pcs","Home Decor","DiaCraft",,,176.5,369,,0.2692,52.1680216802168,0,0,,,,29.416666666666664
"2026-04-01","625003",,"Tea Light Candles (Unscented) by Kritilife","50 pcs","Home Decor","kritilife",,,903.6772333333333,903.6766670000001,,67.47298,0,0.04251338297847541,0.0926,0.14599,0.06542,0.32336,18.125604663515606
"2026-04-01","604707",,"Evil Eye Hanging Accessory with OM (Blue) - Linensutra","1 pc","Home Decor","linensutra",,,299,999,,26.39652,70.07007007007007,0.03781918746329022,0.02465,0.00033,0.00048,0,298.99999999999994
"2026-04-01","605487",,"Aegon Contact Lens Case (Rose Gold)","5 pcs","Home Decor","Aegon",,,249.64492881944446,499,,20.84237,49.97135953150647,0.21956725217572737,0.23925,0.00045,0.00065,0,249.73772904019884
"2026-04-01","602648",,"Tin Can Scented Candle (Multicolour) by Satyam Kraft","2 pcs","Home Decor","Satyam Kraft",,,249,1200,,72.99689,79.25,0.21864255678958366,0.09882,0.13995,0.20352,0,124.5
"2026-04-01","540722",,"Scented Candle (Deep Vanilla, White) by Quace","1 pc","Home Decor","Quace",,,459,993.7222227500001,,6.42743,53.810029654989926,0.0010072275395525078,0.00072,0.00136,0.00198,0,296.28
"2026-04-01","631020",,"Paraffin Wax Pillar Candle (White Sage, Pink) by Prosperro Lumo","3 pcs","Home Decor","Prosperro lumo",,,399,999,,32.39592,60.06006006006006,0.02682059639774374,0.02333,,,,133
"2026-04-01","553561",,"Fragrance Tealight Candles (Lavender) by IRIS","15 pcs","Home Decor","Iris",,,121.35393658163137,149,,12.76115,18.644952021753262,0.020994779852094338,0.03718,0.04725,0.0647,0.00886,8.077172447558375
"2026-04-01","630219",,"Main Door Ganesh Design Toran / Bandhanwar (Multicolour) - Tied Ribbons","1 pc","Home Decor","Tied Ribbons",,,199,599,,25.38683,66.7779632721202,0.04273566439388918,0.03092,0.00804,0.01169,0,198.99999999999997
"2026-04-01","559725",,"Pure Kuber Brass Diya by ServDharm","1 pc","Home Decor","Servdharm",,,132.0163734044873,175,,67.75797,25.49586755492765,0.37593669840028304,0.61014,0.72517,1.0546,0,130.36978012853683
"2026-04-01","628192",,"Wall Hanging Latkan Toran With Bells (Multicolour) - Tied Ribbons","4 pcs","Home Decor","Tied Ribbons",,,349,799,,22.58657,56.32040050062578,0.015708031129702645,0.01494,0.00889,0.01294,0,87.25000000000001
"2026-04-01","604506",,"Scented Candle (Patchouli Aroma, Blue) by The Better Home","1 pc","Home Decor","The Better Home",,,569,2099,,2.50648,72.89185326345878,0,0,,,,569
"2026-04-01","495613",,"Metal Lakshmi Ganesh Design Candle Holder (Golden) by Satvik","2 pcs","Home Decor","Satvik",,,259,499,,0.57394,48.09619238476954,0,0,,,,129.5
"2026-04-01","556557",,"Art Print - Hungarian Gypsy Girl - Daak Vaak","1 pc","Home Decor","Daak Vaak",,,191.01739104105593,354,,43.73542,46.04264968252171,0.004698467334458495,0.00546,0.00079,0.00114,0,190.83745403304158
"2026-04-01","625382",,"House of Quirk Polyester Foldable Cloth Organizer (Grey)","8 pcs","Home Decor","House of Quirk",,,849,1999,,22.35431,57.5287643821911,0.03366888681147059,0.03115,0.00473,0.00688,0,106.12500000000001
"2026-04-01","630211",,"Water Floating Tealight Set (Unscented, White) by Tied Ribbons","12 pcs","Home Decor","Tied Ribbons",,,399,1499,,9.49456,73.3822548365577,0.004112478012021667,0.00238,0.00138,0.002,0,399.00000000000006
"2026-04-01","608632",,"House Of Wemy Lord Buddha Statue Showpiece (3.5"", Black, Golden)","1 pc","Home Decor","House Of Wemy",,,,,,0,,0,0,,,,
"2026-04-01","602826",,"Tied Ribbons Love Hug Couple Showpiece (Multicolour)","1 pc","Home Decor","Tied Ribbons",,,199,599,,0.0449,66.7779632721202,0,0,,,,199
"2026-04-01","534726",,"Bliss Velvet Musk Fragrance Oil Diffuser Set (Velvet Musk) by Iris Celeste","1 set","Home Decor","Iris",,,2249,2499,,0.62559,10.004001600640256,0.0014823684460198566,0.00291,,,,2249
"2026-04-01","559277",,"Frosted Glass Wooden Lid Candle (Vanilla) by Auradecor","1 pc","Home Decor","Auradecor",,,329.7283223390951,999,,74.76723,67.00590784309951,0.8550029111740308,0.61518,0.41175,0.5988,0,329.6469747304914
"2026-04-01","587077",,"Satyam Kraft Cute Penguin Figurines (2"", Multicolour)","4 pcs","Home Decor","Satyam Kraft",,,299,1200,,55.89872,75.08333333333334,0.4545419848338384,0.24669,0.01111,0.01616,0,299
"2026-04-01","597618",,"Storite Nylon Big Underbed Storage Bag (Black)","1 pc","Home Decor","Storite",,,399,1199,,0.5017,66.72226855713095,0.0021336860839880328,0.00155,,,,399.00000000000006
"2026-04-01","619402",,"ExclusiveLane Warli Design Miniature Pots Showpiece Set (White, Black)","3 pcs","Home Decor","ExclusiveLane",,,699.1319666666667,1199,,23.55091,41.69042879225735,0.018273635423878137,0.0232,0.02627,0.00178,0.08018,233.02043547270614
"2026-04-01","561637",,"12"" Classic Silent Sweep Wall Clock (Black) - Random","1 pc","Home Decor","Random",,,601.4469233095109,1499,,44.74184,59.62413804992945,0.41760140853764954,0.36347,0.79426,1.15507,0,606.6562605608566
"2026-04-01","554600",,"Homestrap Regular Cloth Organizer (Grey)","2 pcs","Home Decor","Homestrap",,,239.02053860683466,299,,88.08144,20.072260431990166,1.5260839034597233,2.65704,1.74212,2.53352,0,119.49195885605074
"2026-04-01","631019",,"Ceramic Clay Oil Diffuser (Red) by Prosperro Lumo","1 pc","Home Decor","Prosperro lumo",,,199,599,,13.22491,66.7779632721202,0.004718863692134433,0.00341,0.0019,0.00277,0,199.00000000000003
"2026-04-01","571870",,"Pieces and Accents Human Figurine Bookends (Silver)","2 pcs","Home Decor","pieces and accents",,,1309,1899,,4.42924,31.068983675618746,0,0,,,,1309
"2026-04-01","536504",,"Leaf Shaped Enameled Clay Design Diya Set (Multicolour) by Satvik","6 pcs","Home Decor","Satvik",,,163,299,,21.46598,45.48494983277592,0.0008868140210651925,0.00105,0.00392,0.00571,0,162.99999999999994
"2026-04-01","566170",,"The Artment Cotton Handwoven Storage Box (Beige, Brown)","3 pcs","Home Decor","The Artment",,,893.108363849328,1120.3962532083335,,16.78967,20.286839011961785,0.012888197087926843,0.0224,0.00838,0.00174,0.02301,297.8924306606698
"2026-04-01","570505",,"House of Quirk Plastic Large Stackable Shoe Rack with Magnetic Door (Clear Black)","4 pcs","Home Decor","House of Quirk",,,2499.0210694444445,2999,,9.67871,16.671521525693752,0.006671104675132513,0.01211,0.02378,0.02598,0.01893,624.750143645938
"2026-04-01","570581",,"Shot Glass Candle Gift Set by IRIS","4 pcs","Home Decor","Iris",,,293.9773227895193,425,,34.29768,30.83751396879429,0.017886718574150404,0.02688,0.03625,0.03733,0.03385,73.45510000102682
"2026-04-01","592800",,"For Her Jar Candle (Citrus Aroma) by The Better Home","1 pc","Home Decor","The Better Home",,,849,3199,,32.50614,73.46045639262269,0.0018975971094233998,0.0011,0.00104,0.00151,0,849
"2026-04-01","572005",,"Candle Holder Set (Black) - Pieces and Accents","3 pcs","Home Decor","pieces and accents",,,2039,3499,,15.56612,41.72620748785367,0,0,0.00034,0.0005,0,679.6666666666666
"2026-04-01","541551",,"Real Wood Wall Clock (Mahogany) - Nautica","1 pc","Home Decor","Nautica",,,1906.0721868356334,2599,,52.9281,26.67573240786528,0.11147774632853488,0.18534,0.60201,0.13863,1.62208,1944.1685404097623
"2026-04-01","494202",,"Unscented Tea Light Candles (White) by Auradecor","100 pcs","Home Decor","Auradecor",,,438.1504340566841,999,,3.89686,56.141097692023614,0.002962957338082907,0.00186,0.00071,0.00103,0,3.155457719086751
"2026-04-01","597937",,"Coconut Shell Scented Candle (Lemongrass Lime & Breezy Blossom) by Soi Flamecraft","2 pcs","Home Decor","soi flamecraft",,,1108.5454545454545,1817.6363636363637,,2.76273,39.01170351105332,0.000296592029542099,0.00065,,,,1015.4130941592892
"2026-04-01","602736",,"Round Tea Light Candles (Unscented, White) by Prosperro Lumo","10 pcs","Home Decor","Prosperro lumo",,,199,999,,32.86308,80.08008008008008,0.04837229833794443,0.02099,0.02188,0.03183,0,19.900000000000002
"2026-04-01","608646",,"House Of Wemy Krishnaji Divine Hands Idol Showpiece (4.5"", White, Golden)","1 pc","Home Decor","House Of Wemy",,,899,999,,0.6967,10.01001001001001,0,0,,,,899
"2026-04-01","536150",,"Red Enameled Diya Set (Red) by Satvik","10 pcs","Home Decor","Satvik",,,244,399,,28.46263,38.847117794486216,0.0005917016906381781,0.00079,0.00357,0.00519,0,244
"2026-04-01","559480",,"Maharaja Royal Votive Candle Set by Auradecor","12 pcs","Home Decor","Auradecor",,,1247.904768157294,3499,,83.28344,64.30621815376693,0.41269991545136675,0.32619,0.11111,0.16158,0,104.77462775894122
"2026-04-01","529105",,"Unscented Wax Tea Light Candles (White) by Quace","100 pcs","Home Decor","Quace",,,499,499,,1.3501,0,0.000295998548297504,0.00064,,,,4.990000000000001
"2026-04-01","597940",,"Coconut Shell Soy Wax Candle (Fresh Cut Grass, Brown) by Soi Flamecraft","1 pc","Home Decor","soi flamecraft",,,500,600,,37.90848,16.666666666666668,0.0008007992805629479,0.00145,,,,500
"2026-04-01","547447",,"Surreal Bull Showpiece (Golden) - The Artment","1 pc","Home Decor","The Artment",,,1498.9217609360287,2499,,42.18639,40.01901814382252,0.10237392288162048,0.13375,0.0321,0.01354,0.07296,1498.913996849665
"2026-04-01","595630",,"Birds of Paradise Wall Decor Plates (Multicolour) - Ritualistic","5 pcs","Home Decor","RITUALISTIC",,,5498.810432065756,5498.810239666666,,12.01788,0,0.009785767208479223,0.02131,,,,5496.219622984117
"2026-04-01","611845",,"Flameless LED Candle (Light Brown) by VEROX","1 pc","Home Decor","VEROX",,,499,999,,14.51897,50.050050050050054,0.0002962957338082907,0.00032,,,,499
"2026-04-01","496567",,"3 Wick Soy Wax Scented Candle (Temple Bloom) by Ekam","1 pc","Home Decor","Ekam",,,1343.4624998437582,1400,,47.37922,4.038392870796306,0.012760003359540369,0.02684,0.12935,0.03156,0.34461,1339.3469245035346
"2026-04-01","559096",,"House of Quirk Plastic Rotating Storage Organizer","1 unit","Home Decor","House of Quirk",,,1199.1582278481012,1499,,7.14044,20.002786667905184,0.002982532431607779,0.0052,0.00011,0.00016,0,1199.0036485697606
"2026-04-01","579845",,"Ganesha Idol Showpiece (7"") by Tied Ribbons","1 pc","Home Decor","Tied Ribbons",,,499,1399,,41.04572,64.33166547533953,0.04127847129769626,0.03207,0.00521,0.00758,0,499.00000000000006
"2026-04-01","541490",,"Premium Real Metal 3D Dial Wall Clock (White, Rose Gold) - Nautica","1 pc","Home Decor","Nautica",,,1839.47219949181,2599,,55.06924,29.228495527676166,0.08956171808631115,0.13811,0.11102,0.12624,0.07752,1848.6422506850722
"2026-04-01","631286",,"Rose Flower Shaped Jar Candle (Unscented, Red, White) by Prosperro Lumo","1 pc","Home Decor","Prosperro lumo",,,299,699,,7.04063,57.22460658082976,0.0023820842332718966,0.00222,0.00058,0.00085,0,299
"2026-04-01","643151",,"New Dawn Linen Storage Organiser (Light Grey)","1 unit","Home Decor","New Dawn",,,489,900,,0.02482,45.666666666666664,0.0002669330935209826,0.00032,,,,488.99999999999994
"2026-04-01","583930",,"Glimpse Homes Pomegranate Ceramic Showpiece (4"", Off White)","1 pc","Home Decor","glimpse homes",,,799,1199,,7.0301,33.36113427856547,0,0,,,,799
"2026-04-01","532353",,"Nugget Floating Candles (Rose) by Auradecor","12 pcs","Home Decor","Auradecor",,,178.81250983514894,499,,86.46927,64.16819369106724,0.1368703120705529,0.10691,0.32174,0.46789,0,14.900263816585843
"2026-04-01","609029",,"Crystal Akhand Diya (Golden) for Puja by Tied Ribbons","2 pcs","Home Decor","Tied Ribbons",,,499,1899,,24.49637,73.7230121116377,0.006009651587603347,0.00344,0.06825,0.09925,0,249.5
"2026-04-01","565970",,"The Artment Nordic Elephant Sculpture Showpiece (8"", Golden, Black)","1 pc","Home Decor","The Artment",,,999,1249,,1.32804,20.0160128102482,0.0014817749647752618,0.00258,0,0,0,998.9999999999999
"2026-04-01","605351",,"Blue Evil Eye Ganesha Hangings (Dark Blue) - Tied Ribbons","2 pcs","Home Decor","Tied Ribbons",,,299.008,3999,,32.10528,92.52296379046243,0.5486498386563515,0.08935,0.07424,0.10796,0,149.50000155665742
"2026-04-01","559041",,"Aroma Oil Set by Auradecor","6 pcs","Home Decor","Auradecor",,,278.93366535721356,699,,75.147,60.116467017434,2.0321225833249965,1.76561,0.43194,0.62816,0,46.46429337176098
"2026-04-01","496225",,"Fragrance Oil Diffuser Set (Lavender) by IRIS","1 set","Home Decor","Iris",,,543.2387473986234,625,,37.57976,13.108013588713506,0.046907382867355955,0.08855,0.0571,0.08304,0,540.3412198068875
"2026-04-01","612627",,"Ekhasa Pure Brass Lord Krishna God Idol with Flute (4.5"" x 2.7"", Golden)","1 pc","Home Decor","Ekhasa",,,1199,1999,,0.00459,40.020010005002504,0,0,,,,1199
"2026-04-01","601256",,"Focus & Meditate Scented Candle (Mahogany & Sage) By EM5","1 pc","Home Decor","Em5",,,251.92340077503925,599,,36.5479,57.57094673683982,0.191589220537822,0.17584,0.15865,0.23072,0,255.32877203433546
"2026-04-01","559248",,"7 Chakras Essential Oil by Auradecor","7 pcs","Home Decor","Auradecor",,,566.5486252734302,1499,,79.50872,62.44776861211663,0.2935222722732983,0.23819,0.00131,0.00191,0,81.59851431337515
"2026-04-01","571989",,"Taper Candle Holder (Golden) - Pieces and Accents","3 pcs","Home Decor","pieces and accents",,,1409,3399,,57.92006,58.54663136216534,0.007429824622832813,0.00671,0.00423,0.00615,0,469.6666666666667
"2026-04-01","572805",,"Soy Wax Scented Candle Set by Ekam","4 pcs","Home Decor","Ekam",,,524.5967042631257,852.8610792499999,,89.29718,38.7435871445859,0.29202765515739376,0.39046,0.99149,0.53874,1.98813,521.8352367598513
"2026-04-01","575855",,"Fancy Clay Diya Set (Multicolour) by Swastika","12 pcs","Home Decor","Swastika",,,169,329,,0.57394,48.632218844984806,0,0,,,,169
"2026-04-01","532003",,"Fragrance Votive Candle Set (Rose, Pink) by Auradecor","3 pcs","Home Decor","Auradecor",,,198.99941991570296,599,,65.25461,66.77828478081037,0.7441087918100548,0.53838,1.59399,2.31809,0,66.33267789471942
"2026-04-01","536147",,"Floral Design Diya Set (Multicolour) by Satvik","7 pcs","Home Decor","Satvik",,,202.17583717948716,399,,29.22826,49.32936411541676,0.00031241849265695805,0.00031,0.01077,0.01566,0,182.63219348292694
"2026-04-01","610174",,"Mosaic Glass Votive Tealight & Candle Holder (Multicolour) by Tied Ribbons","2 pcs","Home Decor","Tied Ribbons",,,299.09054761904764,599,,41.54441,50.0683559901423,0.015085019076971434,0.0164,0.03413,0.04964,0,149.58775640877377
"2026-04-01","559379",,"Luxury Wooden Finish Modern Wall Clock with Silent Sweep Technology (Teak) - Nautica","1 pc","Home Decor","Nautica",,,1920.1999047566758,2599,,39.46789,26.117741255995544,0.0406487663425335,0.06353,0.03644,0.04487,0.01788,1899.377575290033
"2026-04-01","495610",,"Lakshmi Ganesh Design with Plate Candle Holder (Golden) by Satvik","2 pcs","Home Decor","Satvik",,,312.4500441100581,559,,51.77942,43.941109643327934,0.005317043848952365,0.00741,0.01846,0.02685,0,165.47994616555303
"2026-04-01","559001",,"Begum Baag Wall Clock (Teal) - Teal By Chumbak","1 pc","Home Decor","Teal By Chumbak",,,899.8046525622938,1595,,65.43059,43.110699908795766,0.23649018123263393,0.28796,1.58313,0.29211,4.4251,914.7133680475283
"2026-04-01","588870",,"Elegantlue Pottery Tree Design Plate (Blue) - Nestroots","1 pc","Home Decor","Nestroots",,,699,2299,,2.09011,69.59547629404089,0.0006818654611907172,0.00045,,,,699
"2026-04-01","576708",,"Traditional Urli with Stand (Golden, Black) - Ekhasa","1 pc","Home Decor","Ekhasa",,,899,1899,,3.44199,52.6592943654555,0.005447228008439528,0.00562,,,,899
"2026-04-01","571352",,"Fabindia Scented Pillar Candle (Mogra)","1 pc","Home Decor","Fabindia",,,429,449,,0.80106,4.4543429844097995,0,0,,,,429
"2026-04-01","553550",,"Shot Glass Scented Candle by IRIS","3 pcs","Home Decor","Iris",,,247.09893295498995,349,,33.55136,28.320770043470308,0.015816269829794467,0.02511,0.02743,0.02636,0.02979,87.06217379374573
"2026-04-01","563916",,"House of Quirk Paper Foldable Cloth Storage Box (Grey, White)","6 pcs","Home Decor","House of Quirk",,,699.0462958333334,999,,69.43215,30.025657598762066,0.07145425296203474,0.1089,0.01761,0.02053,0.01116,116.50002302335999
"2026-04-01","597288",,"Tied Ribbons Boat Couple Showpiece (9"" x 7"", Multicolour)","1 pc","Home Decor","Tied Ribbons",,,599.7138308457711,1699,,34.9009,64.71110070589948,0.2089738797825774,0.16047,0.04269,0.06208,0,599.0006107274047
"2026-04-01","602683",,"Tied Ribbons Hug Couple Showpiece (Boy - 2"" x 1"" Girl - 2"" x 1.5"", Multicolour)","1 pc","Home Decor","Tied Ribbons",,,199.27713483146067,599,,25.88278,66.73688215947445,0.03760151598240156,0.02721,0.00511,0.00743,0,199.05734761322338
"2026-04-01","553558",,"Fragranced Pillar Candle (Lavender) by IRIS","2 pcs","Home Decor","Iris",,,246.7078145842632,359,,27.50216,31.309579260085858,0.06346521596515314,0.09365,0.03817,0.04458,0.02406,124.33126687357928
"2026-04-01","571849",,"Pieces and Accents Decorative Reindeer Figurines (9"", Golden)","1 pc","Home Decor","pieces and accents",,,909.4407714677504,1299,,28.04289,29.989163089472637,0.010691337728249156,0.01659,0.00082,0.00119,0,910.5441356718262
"2026-04-01","599777",,"Kuber Industries Foldable Drawer Organizer (Black)","12 pcs","Home Decor","Kuber Industries",,,887,3999,,2.00334,77.81945486371593,0,0,,,,73.91666666666666
"2026-04-01","531995",,"Candle (White) by Auradecor","10 pcs","Home Decor","Auradecor",,,59,149,,75.12384,60.402684563758385,1.4199221786263925,1.22464,1.37887,2.00525,0,5.9
"2026-04-01","602755",,"Tea Light Candles (Unscented, White) Prosperro Lumo","25 pcs","Home Decor","Prosperro lumo",,,189.02071872571872,349,,66.17518,45.839350623492024,0.007834865339833639,0.00924,0.08448,0.12285,0,7.560021589632102
"2026-04-01","536145",,"Floral Design Beak Shaped Diya Set (Multicolour) by Satvik","7 pcs","Home Decor","Satvik",,,265.74305555555554,399,,30.0098,33.39773043720412,0.0013017437194039918,0.00183,0.01687,0.02453,0,251.61358635863584
"2026-04-01","576712",,"Traditional Urli with Stand (Green, Golden) - Ekhasa","1 pc","Home Decor","Ekhasa",,,899,1899,,0.18262,52.6592943654555,0.0005632288273292734,0.00058,0.00001,0.00002,0,899
"2026-04-01","602850",,"Pillar Candle (Unscented, White) By Prosperro Lumo","3 pcs","Home Decor","Prosperro lumo",,,329,999,,28.1176,67.06706706706707,0.027238466808996165,0.01954,0.00141,0.00205,0,109.66666666666667
"2026-04-01","565969",,"The Artment Artisanal Pineapple Sculpture Showpiece (Medium) (7"", Black, White)","1 pc","Home Decor","The Artment",,,999,1249,,0.48806,20.0160128102482,0.00042336389431708404,0.00074,0,0,0,998.9999999999999
"2026-04-01","564763",,"Matki Shape Terracotta Clay Diya Set (Multicolour) by Satvik","10 pcs","Home Decor","Satvik",,,139,299,,1.16959,53.51170568561873,0,0,,,,139
"2026-04-01","477888",,"3 X 3"" Pillar Candle (White) by Auradecor","1 pc","Home Decor","Auradecor",,,149.02261050484512,399,,80.53661,62.64857052982146,0.8469120009415607,0.68902,0.27773,0.4039,0,149.03252498410657
"2026-04-01","559478",,"Ladoo Candle Set (Unscented) by Auradecor","4 pcs","Home Decor","Auradecor",,,274,399,,0.43969,31.328320802005013,0.0003550210143829069,0.00036,,,,48.39105504587156
"2026-04-01","494217",,"Fragrance Heat English Oil Diffuser Set (Rose, Red) by Auradecor","1 set","Home Decor","Auradecor",,,406.4986381147122,999,,81.44062,59.928138684076934,0.2021402911538647,0.17005,0.16912,0.24595,0,396.52666332698647
"2026-04-01","543195",,"Amaya Decors Wine Planter with Stand (12"", Golden)","2 pcs","Home Decor","Amaya Decors",,,797.9996296296297,1299,,54.00432,38.56815750309725,0.047960876140454495,0.06417,0.11493,0.16714,0,398.9999901254987
"2026-04-01","531458",,"Reed Oil Diffuser Set (Lavender) by Iris Celeste","1 set","Home Decor","Iris Celeste",,,763.0492105263158,1199,,0.54369,36.359532066195506,0.0010881794490476377,0.00133,0,0,0,722.8664437431436
"2026-04-01","457913",,"Aroma Candle Set by Bella Vita Organic","4 x 60 g","Home Decor","Bella Vita Organic",,,294.0034429383431,499,,90.88755,41.08110075734346,1.6332525604266495,2.09598,1.70833,2.48438,0,122.50221367248965
"2026-04-01","611198",,"Ekhasa Cute Couple Showpiece for Home Decor (2.6"" x 1.4"" x 3.4"", White)","1 pc","Home Decor","Ekhasa",,,699,1999,,1.07264,65.03251625812906,0.0077668329920649246,0.00592,,,,699
"2026-04-01","535373",,"Enamelled Diya Set (White) by Satvik","4 pcs","Home Decor","Satvik",,,135.80833333333334,199,,32.22203,31.75460636515913,0.00005902157630842446,0.00009,,,,130.69549121141281
"2026-04-01","570110",,"Estele","1 pc","Home Decor","Estele",,,424.3952100840337,1199,,9.5942,64.60423602301638,0.004711890509954688,0.00362,0.00942,0.0137,0,423.03073157928446
"2026-04-01","599920",,"Lazer Polyester Electronics Accessories Organizer Bag (Black)","1 unit","Home Decor","Lazer",,,399,999,,50.08801,60.06006006006005,0.16387522398981894,0.14256,0.10727,0.156,0,398.99999999999994
"2026-04-01","579122",,"Ganesha Idol Showpiece (6"") by Tied Ribbons","1 pc","Home Decor","Tied Ribbons",,,499.06233050847453,999,,30.85112,50.0366407535779,0.1324156516361697,0.14406,0.05337,0.07762,0,499.24674092978256
"2026-04-01","604006",,"Evil Eye Candle (Unscented) by Prosperro Lumo","2 pcs","Home Decor","Prosperro lumo",,,299,899,,37.78838,66.74082313681868,0.031839237521002955,0.02307,0.00107,0.00155,0,149.5
"2026-04-01","497337",,"Skiindle Electric Lamp Oil Diffuser Set","4 pcs","Home Decor","skiindle",,,1600,1600,,39.33333,0,0,0,,,,800
"2026-04-01","570231",,"All-in-1 Aroma Candle & Diffuser Gift Set (Jasmine, Marigold) by FlowerAura","5 pcs","Home Decor","Flower Aura",,,2050,2050,,9.31798,0,0.010792250894477785,0.02351,,,,2050
"2026-04-01","536650",,"Small Flower Design Enamelled Diya Set (Multicolour) by Satvik","4 pcs","Home Decor","Satvik",,,146.15408888888888,199,,35.36869,26.55573422668901,0.0004721726104673956,0.00073,0.00162,0.00236,0,149.60027803724975
"2026-04-01","602659",,"Dripless Taper Candle Set (Unscented, Red) by Prosperro Lumo","4 pcs","Home Decor","Prosperro lumo",,,194,699,,5.08266,72.24606580829757,0.010960904561626211,0.00663,0.00411,0.00597,0,194.00000000000003
"2026-04-01","604054",,"Gluman Plastic Smart Storage Box (Grey)","1 unit","Home Decor","Gluman",,,249.00698484848485,299,,41.73503,16.71657386519652,0.07218605270725345,0.13103,0.02847,0.04141,0,249.02331017883836
"2026-04-01","608421",,"House of Quirk Plastic Drawer Drawer Divider Set for Bedroom (Ivory)","6 pcs","Home Decor","House of Quirk",,,1999,1999,,3.01592,0,0,0,,,,333.16666666666663
"2026-04-01","571797",,"Pieces and Accents Decorative Aluminium Leopard Figurines (4"", Golden)","1 pc","Home Decor","pieces and accents",,,1151.989247521778,2199,,17.60678,47.61513683684555,0.020544505542842425,0.0234,0.00068,0.00099,0,1143.0429348712264
"2026-04-01","630995",,"Pillar Candle Set (Lavender, Purple) by Prosperro Lumo","3 pcs","Home Decor","Prosperro lumo",,,399,999,,70.22526,60.06006006006005,0.03254828388932994,0.02831,0.00047,0.00068,0,132.99999999999997
"2026-04-01","536520",,"Floral Designed Stone Studded Clay Diya Set (Multicolour) by Satvik","7 pcs","Home Decor","Satvik",,,179,399,,30.96035,55.13784461152882,0.0011289668257376438,0.0011,0.01865,0.02712,0,179
"2026-04-01","623608",,"ExclusiveLane Old Italian Couple Showpiece (6.9"" x 3.1"" x 7.5"")","1 pc","Home Decor","ExclusiveLane",,,899.0906666666667,1549,,41.3946,41.95671406869634,0.031570776680410056,0.03991,0.0503,0.03452,0.08504,899.1333385879552
"2026-04-01","559836",,"House Of Festivals Joey Doesn't Share Food Fridge Magnet (12 x 8 cm, Orange, Black)","1 pc","Home Decor","House of Festivals",,,349.48282044299197,399,,8.98682,12.410320690979452,0.000946722705021085,0.0018,0.00651,0.00947,0,350.91222372807925
"2026-04-01","598516",,"Kuber Industries Satin Satin Jewellery Organizer (Green)","12 pcs","Home Decor","Kuber Industries",,,719,899,,0.00036,20.022246941045605,0,0,,,,719
"2026-04-01","541453",,"Homestrap Saree Cover","10 pcs","Home Decor","Homestrap",,,375.5854732743229,499,,66.43441,24.993058118519837,0.853908434773307,1.40423,0.71472,1.0394,0,37.42990944421851
"2026-04-01","559279",,"Grandeur Wooden Urli Candle (Vanilla Oudha) by Auradecor","1 pc","Home Decor","Auradecor",,,595.7657155160058,1200,,82.79615,50.35473880137564,0.15304803689206112,0.16566,0.07847,0.11411,0,597.3891893771018
"2026-04-01","559042",,"Aroma Oil Set By Auradecor","6 pcs","Home Decor","Auradecor",,,287.1493285858441,699,,66.9196,58.93947870621245,0.6500944428706485,0.5826,0.24911,0.36227,0,47.83711103391511
"2026-04-01","569233",,"Swastik Design Akhand Diya by Amaya Decors","1 pc","Home Decor","Amaya Decors",,,,,,0,,0,0,,,,
"2026-04-01","493757",,"Brass Aaradhya Akhand Diya by Shubhkart (9.5 x 12 cm)","1 pc","Home Decor","Shubh kart",,,504.72430514268046,664.6317508749999,,81.70526,24.53279078686458,1.4218319247506792,2.34852,2.48563,3.61478,0,504.9806047284195
"2026-04-01","599924",,"Kuber Industries Foldable Storage Box (Grey)","1 unit","Home Decor","Kuber Industries",,,299,799,,0.23458,62.57822277847309,0.00023697697198907954,0.00019,,,,299
"2026-04-01","569325",,"Dual Shaded Flower Design Urli (Pink, Golden) - Amaya Decors","1 pc","Home Decor","Amaya Decors",,,569,899,,1.52717,36.70745272525028,0,0,,,,569
"2026-04-01","564216",,"Floral Design Mini Clay Diya Set (Red, Golden) Satvik","12 pcs","Home Decor","Satvik",,,148,549,,0.55894,73.04189435336977,0,0,,,,12.333333333333332
"2026-04-01","563218",,"Homestrap Cotton Quilted Saree Cover (Navy Blue)","3 pcs","Home Decor","Homestrap",,,425.55930342285427,797.9499102083333,,64.7768,46.68415169271164,0.9888363832750988,1.15344,0.99046,1.24128,0.43832,141.91402877611753
"2026-04-01","602159",,"Tied Ribbons Couple Dome Showpiece With Led Light (3.1"" x 5.1"", Multicolour)","1 pc","Home Decor","Tied Ribbons",,,499,1799,,0.34835,72.26236798221234,0.000533569891308157,0.00032,,,,499.00000000000006
"2026-04-01","494218",,"Fragrance Heat Oil Diffuser Set (Lavender) by Auradecor","1 set","Home Decor","Auradecor",,,416.7542823891183,999,,64.61785,57.84134577746903,0.47268083862058197,0.42094,0.32858,0.47784,0,423.1540537100847
"2026-04-01","563974",,"Sacred Designer Clay Diya Set (Green, Pink) by DiaCraft","4 pcs","Home Decor","DiaCraft",,,84,199,,2.51317,57.78894472361809,0,0,,,,21
"2026-04-01","564067",,"Lustrous Clay Diya Set (Multicolour) by DiaCraft","12 pcs","Home Decor","DiaCraft",,,127,399,,0.4742,68.17042606516291,0,0,,,,10.583333333333334
"2026-04-01","569956",,"Welspun Anti Skid Bath Mat (19"" x 31"", Drylon, Green)","1 pc","Home Decor","Welspun",,,429,449,,66.31527,4.454342984409799,0.036756338185263776,0.07649,,,,429.00000000000006
"2026-04-01","531981",,"Auradecor Reed Lavender Oil Diffuser Set","5 pcs","Home Decor","Auradecor",,,340.98347433950244,999,,82.72936,65.58102687412567,1.1832015789678774,0.87561,0.31391,0.4565,0,343.92310176900116
"2026-04-01","571863",,"Metal Hammered Cylindrical Vase Flower Vase with Flared Opening (Golden) - Pieces and Accents","1 pc","Home Decor","pieces and accents",,,779,1299,,5.07032,40.03079291762894,0.0007705468632972365,0.00101,,,,779
"2026-04-01","616933",,"Votive Glass Soy Scented Candle (Oud Wood, Beige) by Prosperro Lumo","3 pcs","Home Decor","Prosperro lumo",,,299.00407960199004,499,,28.65576,40.07934276513225,0.0025152722798381473,0.00328,0.00125,0.00182,0,99.66672854478917
"2026-04-01","573017",,"Crafted Essence Diya Set by Ttyohar","4 pcs","Home Decor","Ttyohar",,,91,249,,0.5534,63.45381526104418,0,0,,,,91
"2026-04-01","532354",,"Flower Floating Candles (Blue, White) by Auradecor","6 pcs","Home Decor","Auradecor",,,167.14516183954595,399,,95.49961,58.03344981673513,0.12277576247352272,0.11262,0.37889,0.55101,0,27.9444597105581
"2026-04-01","536154",,"Matki Shaped Stone Studded Diya Set (Multicolour) by Satvik","12 pcs","Home Decor","Satvik",,,244,399,,2.52575,38.847117794486216,0,0,,,,244
"2026-04-01","626729",,"LED Tea Light Candles Set by Island Rangoli","1 set","Home Decor","island rangoli",,,399,899,,0.37836,55.61735261401557,0,0,0.00003,0.00004,0,399
"2026-04-01","577058",,"Antique Sunahara Akhand Diya by DiaCraft","1 pc","Home Decor","DiaCraft",,,79,149,,9.27419,46.97986577181208,0,0,,,,79
"2026-04-01","496568",,"3 Wick Soy Wax Scented Candle (Rose) by Ekam","1 pc","Home Decor","Ekam",,,665.2195760881219,1359.1325759166668,,94.82902,51.02761388618675,0.22726940816900915,0.24683,3.67948,0.55093,10.56646,666.3035400026614
"2026-04-01","616934",,"Premium Scented Candle (Mukhallat Enigma, White) by Prosperro Lumo","1 pc","Home Decor","Prosperro lumo",,,349,999,,16.5619,65.06506506506507,0.0041822142827040235,0.00318,0,0,0,348.99999999999994
"2026-04-01","630362",,"StarAndDaisy Multi Purpose Study/ Laptop Bed Table - Grey (Grey)","1 pc","Home Decor","StarAndDaisy",,,1499,1999,,11.75805,25.012506253126567,0.05055560550446405,0.08257,0.01802,0.02621,0,1499
"2026-04-01","572014",,"Taper Stick Candle Holder Set (Black) - Pieces and Accents","3 pcs","Home Decor","pieces and accents",,,1639,2799,,58.62324,41.44337263308324,0.0058941496380368165,0.00752,0.00276,0.00401,0,546.3333333333331
"2026-04-01","531452",,"Taper Jar Candle (Ocean Dreams) by IRIS","2 pcs","Home Decor","Iris",,,225.74,399,,0.9279,43.423558897243105,0.00011834033812763563,0.00014,,,,110.87738853503184
"2026-04-01","425602",,"Pidilite Fevicreate DIY Shell Tastic Fridge Magnet Art & Craft Kit","1 pc","Home Decor","pidilite fevicreate",,,160.25215932088278,198.6173247083333,,75.57059,19.02163035045244,0.08632175804864264,0.15463,1.43166,2.08202,0,161.02813495704478
"2026-04-01","627468",,"Handwoven Table Runner & Table Mat Set (Teal) - Peepul Tree","7 pcs","Home Decor","Peepul Tree",,,992.2142857142857,1999,,1.36272,50.36446794825984,0.0017786632900511688,0.00193,,,,142.21817764610188
"2026-04-01","620820",,"Chumbak Wood Floral Design Tissue Box (Multicolour)","1 unit","Home Decor","Chumbak",,,824.3992682056422,995,,58.8042,17.42800849875549,0.12800562241502322,0.22639,0.00733,0.01066,0,816.9428297967178
"2026-04-01","534181",,"Airwick Essential Automatic Fragrance Mist Diffuser Refill (Lavender)","20 ml","Home Decor","Air wick",,,360,399,,3.09973,9.774436090225564,0.0005917016906381781,0.00116,,,,1800
"2026-04-01","633282",,"Rose Petal Pillar Candle (Rose, White) by Prosperro Lumo","3 pcs","Home Decor","Prosperro lumo",,,399.01264285714285,999,,52.00428,60.058048478206004,0.02285970968953264,0.01989,0.02172,0.03159,0,133.04753476432722
"2026-04-01","536146",,"Floral Design Enameled Stone Studded Diya Set (Multicolour) by Satvik","7 pcs","Home Decor","Satvik",,,244,399,,26.19615,38.847117794486216,0.00024181646897461492,0.00032,0.0129,0.01876,0,244.00000000000003
"2026-04-01","604008",,"Round Evil Eye Candle (Unscented) by Prosperro Lumo","2 pcs","Home Decor","Prosperro lumo",,,299,899,,21.02764,66.74082313681869,0.006437373609560649,0.00466,0.00014,0.00021,0,149.49999999999994
"2026-04-01","595179",,"Satyam Kraft Plate Ring Holder Showpiece (7 x 10 cm, Golden)","1 pc","Home Decor","Satyam Kraft",,,299,1200,,0.46194,75.08333333333333,0.0003559107913613101,0.00019,,,,299
"2026-04-01","445047",,"eCraftIndia Reversible Single Bed Dohar (Multicolour)","2 pcs","Home Decor","Ecraftindia",,,925.355126887501,2398,,17.53224,61.411379195683864,0.007375436115250935,0.00616,0,0,0,966.2604170006871
"2026-04-01","532004",,"Taper Candle (White) by Auradecor","4 pcs","Home Decor","Auradecor",,,149.58955488011574,399,,72.10068,62.20410807545158,1.1780294299611962,0.97303,0.98581,1.43364,0,37.7029586746838
"2026-04-01","477886",,"Votive Scented Candle (Raspberry, Red) by Auradecor","6 pcs","Home Decor","Auradecor",,,99.0001565935025,449,,85.10888,77.95086949930388,4.783275918202574,2.29718,2.34301,3.40738,0,16.500099324687586
"2026-04-01","543209",,"Bowl Planter (Golden) - Amaya Decors","4 pcs","Home Decor","Amaya Decors",,,990.3405057394019,1499,,63.27441,33.933482163785975,0.03693225866099481,0.05301,0.09874,0.14359,0,247.41591054673307
"2026-04-01","536988",,"Stone Studded Flower Designed Clay Diya Set (Multicolour) by Satvik","7 pcs","Home Decor","Satvik",,,179,399,,22.21531,55.13784461152882,0.001005892874084903,0.00098,0.00218,0.00318,0,179
"2026-04-01","579456",,"Tied Ribbons Buddha Monk Showpiece Set (3"", Multicolour)","4 pcs","Home Decor","Tied Ribbons",,,299,899,,32.92599,66.74082313681869,0.04128601215758822,0.02991,0.05165,0.07511,0,298.99999999999994
"2026-04-01","582514",,"Hoppy Holidays Jar Candle (Jasmine, White) by Quace","1 pc","Home Decor","Quace",,,240.01380702630703,499,,2.94833,51.90104067609078,0.000591997096595008,0.00061,0.00003,0.00005,0,244.53113799141806
"2026-04-01","605478",,"Tree Of Life Evil Eye Wall Hanging (Dark Blue) - Tied Ribbons","1 pc","Home Decor","Tied Ribbons",,,299,999,,26.31141,70.07007007007007,0.10068808557484121,0.06564,0.03204,0.0466,0,299.0000000000001
"2026-04-01","547109",,"Homestrap Plastic Vacuum Storage Bag With Pump","6 pcs","Home Decor","Homestrap",,,479.74053277388487,999,,60.20806,52.08080115912523,2.685543566871974,2.80149,1.07888,1.48961,0.17472,79.78511309604212
"2026-04-01","548906",,"Nayasa Plastic Shutter Bathroom Cabinet (Grey)","1 unit","Home Decor","Nayasa",,,1786.1342680654552,2825,,38.9686,37.03021668697855,0.11924915989248465,0.15903,0.70591,0.06606,2.11443,1726.6812005707159
"2026-04-01","547442",,"Marvel Musclecraft Accent Sphere Shape Showpiece (Black) - The Artment","1 pc","Home Decor","The Artment",,,861.369258511793,999,,34.87979,13.66958425069459,0.023733288278044083,0.0449,0.00576,0.0069,0.00325,872.6727873995237
"2026-04-01","566159",,"Nordic Minimalist Needle Wall Clock (Black) - The Artment","1 pc","Home Decor","The Artment",,,859.8764583567835,1118.9373156637168,,34.30328,23.071310745858728,0.048695575668845824,0.08155,0.14091,0.10327,0.22377,868.7955261815715
"2026-04-01","566264",,"The Artment Modern Art Zen Table Water Fountain (8"", Black, Silver)","1 pc","Home Decor","The Artment",,,999,1240.5916666666667,,18.60687,19.50749919298757,0.04813913406030781,0.08392,0.02216,0.0098,0.04936,999
"2026-04-01","531997",,"Stick Candle (Black) by Auradecor","10 pcs","Home Decor","Auradecor",,,59,399,,88.13246,85.21303258145363,0.9069319532881567,0.2921,0.1921,0.27937,0,5.899999999999999
"2026-04-01","602073",,"Storite Nylon Cloth Storage Organiser (Magenta)","1 unit","Home Decor","Storite",,,252.56428571428572,1299,,27.97265,80.55702188496646,0.010710601399831586,0.00452,0.00057,0.00084,0,251.70842000098276
"2026-04-01","561737",,"Soulflower Natural Home Aroma Oil Set","8 x 10 ml","Home Decor","Soulflower",,,574.5006242039249,1500,,63.81648,61.70324473615301,0.12169511587637423,0.10134,0.04828,0.06024,0.02194,717.3436588494031
"2026-04-01","576827",,"Colorful Diya Set by House Of Festivals","4 pcs","Home Decor","House of Festivals",,,90,149,,0.80292,39.59731543624161,0.000006312967661771238,0.00001,,,,90.00000000000001
"2026-04-01","599922",,"Lazer Polyester Electronics Accessories Organizer Bag (Grey)","1 unit","Home Decor","Lazer",,,349,999,,45.00524,65.06506506506506,0.23135204306117516,0.17604,0.15086,0.21938,0,349.00000000000006
"2026-04-01","559838",,"House Of Festivals Central Perk Friends Official Fridge Magnet (8 x 12 cm, White)","1 pc","Home Decor","House of Festivals",,,316,399,,20.09343,20.80200501253133,0.0010650630431487205,0.00184,0.01962,0.02853,0,316
"2026-04-01","594269",,"Wood Aroma Scented Candle (Teak Wood, White) by The Better Home","1 pc","Home Decor","The Better Home",,,569,2099,,0.09854,72.89185326345878,0,0,0,0,0,569
"2026-04-01","617387",,"Tea Light Candles (Jasmine Mogra) by Prosperro Lumo","10 pcs","Home Decor","Prosperro lumo",,,149,499,,49.53985,70.14028056112224,0.01594401511058383,0.01037,0.01344,0.01955,0,14.899999999999997
"2026-04-01","538604",,"Minimal Frenzy Glass Vase (Multicolour) - The Artment","1 pc","Home Decor","The Artment",,,980.1615644013905,1499,,55.67912,33.34105531622981,0.1945973865544006,0.28063,0.62635,0.55176,0.79055,1031.2673065705196
"2026-04-01","540644",,"Scented Candle (Apple Cinnamon) by Auradecor","1 pc","Home Decor","Auradecor",,,232.60048092643422,999,,90.13401,77.19531155462492,0.2029625705404633,0.09345,0.35685,0.51896,0,220.27370122067526
"2026-04-01","496088",,"Tulsi Diya Set (Red, Golden) by DiaCraft","2 pcs","Home Decor","DiaCraft",,,125,150,,0.89262,16.666666666666668,0,0,,,,62.5
"2026-04-01","564506",,"Sammsara Dog Origami Mini Animal Decorative Showpiece (4"", Golden)","1 pc","Home Decor","Sammsara",,,859.2068965517242,1039,,0.07817,17.304437290498157,0.0009244782805610032,0.00201,,,,1034.1134020618556
"2026-04-01","570228",,"Chakra Candle & Budha Idol Gift Set by FlowerAura","2 pcs","Home Decor","Flower Aura",,,1299,1299,,31.44823,0,0.005393828043080655,0.01175,0.00131,0.00191,0,649.5
"2026-04-01","599939",,"Lazer Polyester Luggage Storage Organiser Set (Dark Blue)","7 pcs","Home Decor","Lazer",,,599,1499,,41.59621,60.0400266844563,0.38869682632860036,0.33831,0.17652,0.07164,0.40741,599
"2026-04-01","547433",,"The Artment Surreal Bricked Man Showpiece (12"", Brown)","1 pc","Home Decor","The Artment",,,1099,1999,,34.26687,45.022511255627805,0.0478917342407937,0.05735,0.02994,0.00477,0.08535,1099.0000000000002
"2026-04-01","598531",,"Kuber Industries PVC Flower Printed Jewellery Organizer (Blue)","10 pcs","Home Decor","Kuber Industries",,,472,1198,,0.20183,60.60100166944908,0.00035531731011671514,0.0003,,,,47.20000000000001
"2026-04-01","559260",,"7 Chakras Jar Candle (Unscented) by Auradecor","7 pcs","Home Decor","Auradecor",,,429.1331504893177,999,,81.3685,57.151059305263914,0.179994861500846,0.16911,0.08876,0.12909,0,60.98775188579112
"2026-04-01","579528",,"House of Quirk Cotton Foldable Cloth Organizer with Metal Frame (Grey)","2 pcs","Home Decor","House of Quirk",,,699,1999,,49.65163,65.03251625812906,0.0977443527581537,0.07444,0.01503,0.02185,0,349.5000000000001
"2026-04-01","576713",,"Multicolor Traditional Diya Set by House Of Festivals","4 pcs","Home Decor","House of Festivals",,,90,149,,0.22748,39.59731543624161,0.00008838510637271096,0.00012,,,,89.99999999999999
"2026-04-01","531774",,"Shagun Matki Wax Diya Set (Red, Green) by DiaCraft","4 pcs","Home Decor","DiaCraft",,,,,,0,,0,0,0,0,0,
"2026-04-01","602675",,"Ceramic Clay Diffuser Set (Black) By Prosperro Lumo","1 pc","Home Decor","Prosperro lumo",,,199,599,,39.06629,66.7779632721202,0.029585545436383722,0.02141,0.0184,0.02676,0,199
"2026-04-01","612303",,"Ekhasa Brass Radha Krishna God Idol (3.5"" x 4.5"", Golden)","1 pc","Home Decor","Ekhasa",,,1199,2199,,9.59178,45.47521600727603,0.007167749711613913,0.00851,,,,1199
"2026-04-01","611982",,"Yellocut Plastic Makeup Organizer (Peach)","1 unit","Home Decor","Yellocut",,,249,399,,9.91692,37.59398496240601,0.0038726875652268762,0.00526,0.00055,0.0008,0,249.00000000000003
"2026-04-01","597893",,"Storite Nylon Multipurpose Storage Bag (Black)","1 pc","Home Decor","Storite",,,399,1999,,1.27838,80.04002001000501,0.0029644388167519484,0.00129,,,,399
"2026-04-01","616931",,"Chime/Spell Candle Set (Unscented, Gold) by Prosperro Lumo","20 pcs","Home Decor","Prosperro lumo",,,289,400,,50,27.75,0,0,,,,289
"2026-04-01","536642",,"Flower Design Stone Studded Diya Set (Red) by Satvik","6 pcs","Home Decor","Satvik",,,162.67340000000002,299,,30.57494,45.59418060200669,0.0012149335182830548,0.00144,0.01362,0.01981,0,27.06037632762793
"2026-04-01","533961",,"Om Diya Set (Golden) by Amaya Decors","2 pcs","Home Decor","Amaya Decors",,,839,999,,0.54285,16.016016016016017,0.0005925914676165814,0.00108,0,0,0,839
"2026-04-01","633264",,"Soy Wax Scented Urli bowl Candle 7 Wick By Prosperro Lumo","1 pc","Home Decor","Prosperro lumo",,,490,999,,48.64363,50.950950950950954,0.004084455375863834,0.00436,0.00436,0.00634,0,490
"2026-04-01","604625",,"Handmade Turkish Evil Eye Wall Hanging (Blue, Golden) - Linensutra","1 pc","Home Decor","linensutra",,,299,899,,59.00563,66.7408231368187,0.032733874461262275,0.02371,0.01535,0.02233,0,299
"2026-04-01","605154",,"FunBlast Foldable Storage Organiser Box (Beige)","4 pcs","Home Decor","FunBlast",,,478,1499,,14.60128,68.11207471647765,0.004863836834779636,0.00338,0.00004,0.00006,0,478.0000000000001
"2026-04-01","598471",,"Kuber Industries Rubber Multiple Drawer Storage Organiser (Transparent)","25 pcs","Home Decor","Kuber Industries",,,1199,2299,,2.5641,47.84688995215311,0.0035797943385839997,0.00407,,,,47.959999999999994
"2026-04-01","541452",,"Homestrap Shoe Cover Bag (Grey)","4 pcs","Home Decor","Homestrap",,,200.79090841539104,349,,77.04601,42.434448890442994,0.5234178376189712,0.65316,1.41283,0.12535,4.24701,50.22560840083357
"2026-04-01","559837",,"House Of Festivals Milkshake Friends Fridge Magnet (8 x 12 cm, Grey)","1 pc","Home Decor","House of Festivals",,,329.8947777777778,399,,13.79154,17.31960456697298,0.0023372216780208036,0.0042,0.03335,0.04851,0,329.29431311049376
"2026-04-01","573014",,"Eco-Light Floral Design Clay Diya Set by Ttyohar","4 pcs","Home Decor","Ttyohar",,,91,249,,16.66667,63.45381526104418,0.00007385148920747185,0.00006,,,,22.75
"2026-04-01","560469",,"Jai Shri Krishna Aesthetic Wall Hanging (Multicolour) - Mad Over Print","1 pc","Home Decor","Mad Over Print",,,419,599,,28.70757,30.0500834724541,0.007256859986224022,0.01106,0.06991,0.10167,0,419.00000000000006
"2026-04-01","556515",,"Morning of Darjeeling by Hiroshi Yoshida Art Print - Daak Vaak","1 pc","Home Decor","Daak Vaak",,,189,354,,64.53132,46.610169491525426,0.04736803998416885,0.05508,0.03385,0.04922,0,189.00000000000003
"2026-04-01","637075",,"ExclusiveLane Joyful Family Modern Showpiece (7.7"" x 10.5"", Multicolour)","1 pc","Home Decor","ExclusiveLane",,,1299,2825,,0.37495,54.017699115044245,0,0,,,,1299
"2026-04-01","587095",,"Satyam Kraft Rabbits Miniature Showpiece Set (3 x 4 cm, Multicolour)","7 pcs","Home Decor","Satyam Kraft",,,300.6292380952381,1200,,61.43391,74.96505248564957,0.29674685251589517,0.16105,0.03167,0.04605,0,42.97728810294772
"2026-04-01","577063",,"Shimmer Clay Diya Set by DiaCraft","4 pcs","Home Decor","DiaCraft",,,,,,0,,0,0,,,,
"2026-04-01","602178",,"Magical Pillar Candle (Unscented) By Prosperro Lumo","1 pc","Home Decor","Prosperro lumo",,,269,999,,0.02831,73.07307307307308,0.0011851829352331627,0.0007,,,,269
"2026-04-01","559481",,"7 Chakras Pillar Candle Set (Unscented, Multicolour) by Auradecor","7 pcs","Home Decor","Auradecor",,,419.67190224765193,999,,82.73328,57.985050911156286,0.10349957617789055,0.09555,0.06562,0.09543,0,60.367124481046254
"2026-04-01","598521",,"Kuber Industries Cotton Brocade Jewellery Organizer (Maroon)","12 pcs","Home Decor","Kuber Industries",,,889,1808,,1.13501,50.82964601769911,0,0,,,,889
"2026-04-01","579509",,"House of Quirk Polyester Polyester Sanitary Napkin Storage Bag","1 pc","Home Decor","House of Quirk",,,299.1913875598086,499,,42.01684,40.04246678826436,0.016099379958559798,0.02101,0.00046,0.00067,0,299.00219229435936
"2026-04-01","547428",,"The Artment Minimalist Regal Lion Showpiece (11"", Golden)","1 pc","Home Decor","The Artment",,,1399.3752298850575,2999,,16.46528,53.3386052055666,0.026470943407871542,0.0269,0.00091,0.00132,0,1400.8491863422514
"2026-04-01","579783",,"Tied Ribbons Ram Lala Idol Showpiece (4"", Black, Gold)","1 pc","Home Decor","Tied Ribbons",,,349.06533637923445,499,,47.68483,30.034100999294125,0.09620676475285414,0.1467,0.02976,0.04328,0,349.20107263794716
"2026-04-01","602800",,"Tea Light Candles (Loban, White) Prosperro Lumo","25 pcs","Home Decor","Prosperro lumo",,,389,1299,,33.41932,70.05388760585065,0.01606192390687694,0.01048,0.00464,0.00675,0,15.560000000000002
"2026-04-01","543150",,"Apple Planter (White) - Amaya Decors","2 pcs","Home Decor","Amaya Decors",,,895.4115644168754,1499,,57.85388,40.26736448756064,0.05055900267296761,0.06572,0.10863,0.15798,0,447.2625859772089
"2026-04-01","567746",,"Airwick Essential Automatic Fragrance Mist Diffuser Refill (Lavender) - Pack of 2","2 x 20 ml","Home Decor","Air wick",,,719,798,,0.05285,9.899749373433584,0,0,0.0001,0.00014,0,1797.5000000000002
"2026-04-01","553553",,"Ribbed Jar Scented Candle (Cool Blue) by IRIS","110 g","Home Decor","Iris",,,124.74402190441289,149,,50.50376,15.497208683380844,0.05661979597195863,0.1035,0.21587,0.31394,0,114.72212207214311
"2026-04-01","533952",,"Amaya Decors Sunflower Design Urli (Golden)","1 pc","Home Decor","Amaya Decors",,,497.79188888888893,899,,56.83079,44.632322320208914,0.04950847057765319,0.05965,0.17108,0.15365,0.20947,497.4785697191283
"2026-04-01","413404",,"Nilkamal Plastic 3 Door Corner Cabinet (Maroon)","1 unit","Home Decor","Nilkamal",,,1393,1895,,0.53267,26.49076517150396,0.0016861273740742069,0.0027,,,,1393
"2026-04-01","534612",,"Candle and Reed Oil Diffuser Set (Rose & Black Oud) by FlowerAura","1 set","Home Decor","Flower Aura",,,799,799,,7.64988,0,0.002034448367809737,0.00443,0.00093,0.00135,0,799
"2026-04-01","571828",,"Decorative Wood & Resin Inlay Wall Wall Mirror (Brown, Black) - Pieces and Accents","1 pc","Home Decor","pieces and accents",,,2149,3099,,47.40933,30.655050016134236,0.0009191396186905835,0.00139,0.00013,0.00019,0,2149
"2026-04-01","548845",,"Party Propz Best MOM Ever Fridge Magnet (Green)","1 pc","Home Decor","Party Propz",,,192.6868686868687,299,,2.43979,35.556231208405116,0.0002217030603778089,0.00018,,,,157.493713308764
"2026-04-01","494215",,"Nuggets Floating Candles (Unscented, White) by Auradecor","20 pcs","Home Decor","Auradecor",,,303.27227323437273,599,,68.42333,49.19635035144526,0.04009555729375802,0.04451,0.15641,0.22746,0,15.781800031881732
"2026-04-01","477885",,"Scented Jar Candle by Auradecor","4 pcs","Home Decor","Auradecor",,,407.60368328409606,1348.0296585833335,,95.28035,69.83565125013195,0.6822012087459709,0.44877,0.22158,0.32224,0,101.54287639300156
"2026-04-01","559276",,"Black Glass Wooden Lid Candle (Oudh) by Auradecor","1 pc","Home Decor","Auradecor",,,348.6772869616501,999,,91.69461,63.91082607899737,0.49375105198535135,0.37974,0.20562,0.29902,0,363.213552382884
"2026-04-01","445050",,"eCraftIndia Reversible Single Bed Dohar (White, Orange)","2 pcs","Home Decor","Ecraftindia",,,2398,2398,,9.55092,0,0,0,0,0,0,2398
"2026-04-01","541489",,"Abs Chrome Dial Modern Wall Clock (Navy, Rosegold) - Nautica","1 pc","Home Decor","Nautica",,,1901.1562806559582,2699,,67.46122,29.590407492711073,0.29978929363145884,0.4593,0.4729,0.53796,0.3297,1898.418851886942
"2026-04-01","559275",,"Aroma Jar Candle by Auradecor","4 pcs","Home Decor","Auradecor",,,425.624382690867,499.62856495833336,,69.28445,14.908108842828103,0.5110000843048428,0.94893,0.39945,0.58091,0,152.13705587313535
"2026-04-01","579525",,"Tied Ribbons Modern Art Thinker Men Showpiece Set (5"", Golden)","3 pcs","Home Decor","Tied Ribbons",,,599.0509305555555,1899,,47.244,68.45327407204476,0.29832169993216523,0.20496,0.02053,0.02985,0,199.70814124176684
"2026-04-01","604647",,"Owl Shaped Blue Evil Eye Wall Hanging (Multicolour) - Linensutra","1 pc","Home Decor","linensutra",,,299,1099,,23.20142,72.79344858962693,0.006705435830067225,0.00397,0.00234,0.0034,0,299.00000000000006
"2026-04-01","627743",,"Handwoven Table Runner & Table Mat Set (Green) - Peepul Tree","7 pcs","Home Decor","Peepul Tree",,,988.5,1599,,2.65339,38.18011257035647,0,0,,,,141.2142857142857
"2026-04-01","556514",,"Art Print - Jama Masjid Delhi by Hiroshi Yoshida - Daak Vaak","1 pc","Home Decor","Daak Vaak",,,191.20658305161834,354,,37.05576,45.98996493917127,0.004596623461510457,0.00545,0.00259,0.00377,0,189.6286201053646
"2026-04-01","570137",,"Trendy Home 3-Layer Multipurpose Foldable Organizer","1 unit","Home Decor","Senego by Trendy Home",,,1245.2033572214189,2499,,48.94308,49.85181081058877,2.128931664807842,2.32634,1.83091,1.15184,3.32578,1254.022219061832
"2026-04-01","621810",,"Ekhasa Brick Thinking Man Showpiece (4.7"" x 2.7"", White)","1 pc","Home Decor","Ekhasa",,,299,899,,0.0635,66.74082313681869,0.00026663679778717427,0.00019,,,,299
"2026-04-01","574405",,"3 Wick Soy Wax Scented Candle (Lavender) by Ekam","1 pc","Home Decor","Ekam",,,663.7088726931695,1351.9401429166667,,93.08815,51.00172816285185,0.26474046949972213,0.28548,2.02143,0.27762,5.86014,664.173416511749
"2026-04-01","521836",,"Time Piece Buzzer Table Clock - Orpat","1 pc","Home Decor","Orpat",,,235,235,,19.84816,0,0.015482973610116255,0.03372,0.05823,0.08468,0,235.00000000000003
"2026-04-01","631317",,"Rose Flower Shaped Wax Floating Candles (Unscented, Multicolour) by Prosperro Lumo","12 pcs","Home Decor","Prosperro lumo",,,229.00652841781877,399,,56.24422,42.60012616614696,0.01195780445979039,0.01495,0.01991,0.02896,0,19.096976300974095
"2026-04-01","533962",,"Amaya Decors Lotus Design Urli with Attached Diyas (Golden)","1 pc","Home Decor","Amaya Decors",,,,,,0,,0,0,,,,
"2026-04-01","533955",,"Rose Wall Decor (Multicolour) - Amaya Decors","4 pcs","Home Decor","Amaya Decors",,,1487.3169014084508,2499,,0.42545,40.20802765550665,0.015833812672700672,0.0242,0,0.00001,0,1752.3135588567175
"2026-04-01","570590",,"Fragrance Gift Set (Lavender) by IRIS","1 set","Home Decor","Iris",,,434.32755154302737,799,,18.01276,45.641107441423365,0.006931577987790288,0.00765,0.01354,0.00718,0.02756,407.88747308886036
"2026-04-01","583453",,"Travalate Polyester Multiple Sizes Packing Cubes Storage Organiser (Grey)","4 pcs","Home Decor","Travalate",,,604.2257211538462,1399,,44.73119,56.88610525254271,0.12153939333805297,0.11316,0.00354,0.00358,0.00345,598.0343413389812
"2026-04-01","559004",,"Scooting Around Wall Clock (Red, Blue) - Chumbak","1 pc","Home Decor","Chumbak",,,924.1897047706511,1595,,63.47339,42.0121268685435,0.16469318706829522,0.20639,0.62222,0.44456,1.01331,929.256557637151
"2026-04-01","637081",,"ExclusiveLane Owl Buddies Modern Showpiece (5.7"" x 8.5"", Multicolour)","1 pc","Home Decor","ExclusiveLane",,,1054.3664833333332,1999,,29.67964,47.25530348507588,0.0175367772965372,0.02026,0.00555,0.00172,0.01398,1060.1166408269232
"2026-04-01","604521",,"Soy Wax Scented Candle (Rose Jasmine Fragrance) by The Better Home","1 pc","Home Decor","The Better Home",,,559,1999,,0.15636,72.03601800900451,0.0005928877633503896,0.00036,,,,559
"2026-04-01","564373",,"Sand Wax with Wicks by Auradecor","1 set","Home Decor","Auradecor",,,249.19552684401324,499,,69.56164,49.8809465992508,0.04737647329037016,0.05194,0.00013,0.00018,0,253.396677522376
