"Date","Product ID","Item ID","Product Name","Grammage","Category","Brand","Offtake MRP","Offtake SP","SP","MRP","Units","Wt. OSA %","Wt. Discount %","Est. Category Share","Est. Category Share SP","Overall SOV","Organic SOV","Ad SOV","Wt. PPU (x100)"
"2026-03-01","UHEN6J4ZHJ",,"The Earth Store Ceramic Bowls (400ml, Set of 2, Sage Blue)","2 pieces","Plates Bowls Crockery","The Earth Store",,,299,1299,,25.38326,76.98229407236337,0.035785935311766846,0.01731,0.06188,0.03428,0.11637,14950.000000000004
"2026-03-01","4XNDCSLQYU",,"Wonderchef Gold Stanton Stainless Steel Casserole Set (3.7L, 2.9L, 2L, Set of 3, Silver, Induction Base)","3 pieces","Plates Bowls Crockery","Wonderchef",,,1860.2231695733203,4498.379151411291,,52.31781,58.68125812015327,0.3894047474686432,0.33093,0.02924,0.04405,0,604.4042897393034
"2026-03-01","IAOGAZ9SZO",,"Cello Dazzle Series Tropical Lagoon Dinner Set (37 Pieces, Opalware, White)","37 pieces","Plates Bowls Crockery","Cello",,,2041.172708158744,3649,,54.38866,44.03178878805995,0.39224280529295763,0.46275,0.19268,0.29028,0,55.44557751020983
"2026-03-01","LFJTWYPYQX",,"Nestasia Costola Ceramic Dinner Plate Set (10 Inch, Pink)","6 pieces","Plates Bowls Crockery","Nestasia",,,3469.016666666667,5310,,0.90076,34.67011927181419,0,0,0.00007,0.00011,0,578.1694444444445
"2026-03-01","2PQ6ST3Q1L",,"Mad Over Print Banana Leaf Plate (Set of 2)","2 pieces","Plates Bowls Crockery","Mad Over Print",,,,,,0,,0.00044232927946775757,0.00023,0.34035,0.51275,0,
"2026-03-01","2ZLMI4OSND",,"Larah by Borosil Orbit Series Opalware Pudding Set, Microwave Dishwasher Safe Crockery Set for Dining, Gifting Bowls Set (1U-1.065 L, 6U-180ml, Grey, 7 Pieces)","7 pieces","Plates Bowls Crockery","Larah",,,942.1730468653441,1250,,45.50639,24.628827000766297,0.052063486506977535,0.08214,0.03105,0.04678,0,134.5633373615885
"2026-03-01","O37KKTU6P8",,"La Opala Diva Persian Silver Full Plate Deco (Set of 6)","6 pieces","Plates Bowls Crockery","La Opala",,,1092.5431034482758,1350,,11.56249,19.076398574306523,0.028061302973753418,0.04762,0.00319,0.00481,0,1090.5597145865013
"2026-03-01","KKTXCGHJHH",,"iVeo Solid Square Serving Bowl (1325ml, 8 inch, Black)","2 pieces","Plates Bowls Crockery","Iveo",,,399,700,,7.93419,43,0.00232788255010118,0.00279,0.00931,0.01402,0,199.50000000000003
"2026-03-01","U9N377ORW4",,"Kuber Industries Square Bamboo Coasters/Pan Pot Holder Heat Insulation Pad (Pencil Design, Brown, Pack of 2)","2 pieces","Plates Bowls Crockery","Kuber",,,186.91666666666666,899,,2.57256,79.20837968112718,0,0,0,0,0,93.45833333333333
"2026-03-01","H3SLQQJ21L",,"iVeo Solid Waves Snack Bowls (2 Pieces, 270 ml, Black)","2 pieces","Plates Bowls Crockery","Iveo",,,200,372,,3.91505,46.236559139784944,0,0,0.00004,0.00005,0,100
"2026-03-01","P6WA2BY0I4",,"Nestasia Hearty Half Plate (15cm, Red)","2 pieces","Plates Bowls Crockery","Nestasia",,,530.6326530612245,1080,,1.25673,50.86734693877551,0,0,0.00504,0.0076,0,26531.632653061224
"2026-03-01","CG5Z85AGBK",,"Glass ideas Aster Pudding Set (Pack of 5, 1U Big Bowl 700ml, 4U Small Bow 150ml each)","5 pieces","Plates Bowls Crockery","Glass ideas",,,221.58242294948738,348.88229544354846,,50.0247,36.632338416371496,0.149231921540253,0.19835,0.73951,1.09937,0.02903,44.14025055286517
"2026-03-01","HCZGNP77GH",,"La Opala Opalware Novo Vegetable Bowl Set (6 Pieces, 175ml, White, Radiant Curves)","6 pieces","Plates Bowls Crockery","La opala",,,,,,0,,,,,,,
"2026-03-01","7546PZ1C6M",,"Classic Essentials Stainless Steel Beggy China Dinner Plate","1 Piece","Plates Bowls Crockery","Classic Essentials",,,107.11214277567316,220,,57.9802,51.340083796989504,0.513119091970488,0.5245,0.22624,0.33816,0.0053,10704.085551584252
"2026-03-01","2PQSRTC8SY",,"Clay Craft Fine Ceramic Bowls (380ml, Microwave Safe)","4 pieces","Plates Bowls Crockery","Clay Craft",,,1215.6588133475177,1338.6611477987421,,21.70489,9.19264560557357,0.010019755915161554,0.01898,0.01647,0.02481,0,301.9376291766697
"2026-03-01","DMGPQBM7VX",,"Home Centre Caraway Somber Stoneware Bowls with Metal Stand (Set of 6)","1 pack","Plates Bowls Crockery","Home Centre",,,1312.5876757650951,2299,,23.94081,42.90758089249432,0.07008624288565216,0.08394,0.00586,0.00883,0,1310.5525458105926
"2026-03-01","7HQJ5TI5LI",,"Femora Porcelain Bowls (Exquisite Mandala Core Pattern)","2 pieces","Plates Bowls Crockery","Femmora",,,383.62068965517244,600,,23.29223,36.45462300400065,0.018933688631653713,0.02342,0.16721,0.02372,0.45051,17676.206987081416
"2026-03-01","EWZGXW78TU",,"HomeStop Garce Footed Bowls","1 Piece","Plates Bowls Crockery","HomeStop",,,2376.704821368327,3595,,31.40053,33.93492112955261,0.18795069952193438,0.26302,0.0216,0.03255,0,2397.4027279304346
"2026-03-01","U6GHEO4V2T",,"ExclusiveLane Mango Wood Floral Chronicles Chapati Box (1080 ml, Multicolored)","1 Piece","Plates Bowls Crockery","ExclusiveLane",,,1588.468560572492,2918.2467790322585,,21.68176,45.56770962669389,0.017847487558915597,0.02024,0.00313,0.00064,0.00805,1599.8996782095776
"2026-03-01","YXAPT0AABP",,"iVeo Solid Waves Nappy Bowl (825ml, Red)","2 pieces","Plates Bowls Crockery","Iveo",,,351.4368686868687,536,,2.64957,34.433420021106585,0.0017829528325012391,0.00244,0.00416,0.00627,0,174.60334561343385
"2026-03-01","09NU9LAHVX",,"CHUMBAK Ceramic Saanjh Snack Platter Gift Box and Dip Bowls Set (3 Pieces, Ivory)","3 pieces","Plates Bowls Crockery","Chumbak",,,1266.3914029606628,2795,,19.13416,54.69082636992261,0.0015493165025568035,0.00143,0.00319,0.00132,0.00689,410.7989646951716
"2026-03-01","0K5OCPR0EL",,"Sumeet Stainless Steel 3 in 1 Idli Wada Compartment Plate / Snack Plate / Breakfast Plate (21.7cm Dia, Set of 2, Silver)","2 pieces","Plates Bowls Crockery","Sumeet",,,372.85734895820514,921.8953524596774,,28.83764,59.61175379985513,0.122595883323762,0.1034,0.19009,0.04526,0.47604,186.2671840178759
"2026-03-01","7BIXADDYIS",,"Borosil Serving Mixing Glass Bowl Set Borosilicate Glass for Kitchen Dining Microwave Dishwasher Safe (500ml + 1.3L, Transparent, Pack of 2)","2 pieces","Plates Bowls Crockery","Borosil",,,700.573617895392,866.3253043951615,,80.19498,19.048139471928746,0.17068389385922236,0.28963,0.65138,0.98043,0.00176,35192.733782663316
"2026-03-01","5OKRZ7UUBG",,"Selvel Elegance Thermoware Casserole Set (3 Pieces, 600ml, 1.2L, 1.7L, Emerald Green)","3 pieces","Plates Bowls Crockery","Selvel",,,1276.291059844568,4998.999606935484,,63.95292,74.67445978017071,8.778258519945998,4.53325,2.82187,0.67357,7.06323,421.9687411104104
"2026-03-01","0K3EFSSG9I",,"Nestasia Hearty Half Plate (15cm, Cream)","2 pieces","Plates Bowls Crockery","Nestasia",,,530.5384615384615,1080,,3.42105,50.876068376068375,0.003591846780640438,0.0037,0.00756,0.01139,0,26451.810774105932
"2026-03-01","0VZKB5XXMU",,"Asian Venus Inner Steel Casserole (1.5L, Red, PU Insulated, BPA Free)","1 Piece","Plates Bowls Crockery","Asian",,,233.03743364071022,400,,31.53265,41.730751289640544,0.03358160563935159,0.0412,0.00896,0.0135,0,233.45601499808078
"2026-03-01","KYFTXFS69T",,"Home Centre Glass Triffle Ice Cream Cups (260ml, Pack of 6, Transparent)","6 pieces","Plates Bowls Crockery","Home Centre",,,473.51612903225805,499,,10.77449,5.106988169888163,0.0002765389442687523,0.00055,0.00056,0.00084,0,78.48928447977875
"2026-03-01","RLSPIUNSHX",,"Nestasia Ceramic Ruby Floral Dip Bowl (50 ml, Red)","1 Piece","Plates Bowls Crockery","Nestasia",,,481.93548387096774,490,,1.68767,1.6458196181698486,0,0,0,0,0,481.9354838709678
"2026-03-01","AZW3VD398W",,"Cello Aurum Luxury Inner Steel Insulated Hot Pot (1250ml, Beige, Easy Grip Lid and Firm Twist Lock)","1 Piece","Plates Bowls Crockery","Cello",,,427.15270981709,597.9384155502393,,15.75483,28.62882913350088,0.0486422524484175,0.07273,0.02344,0.03532,0,425.03996797409815
"2026-03-01","1WOVNGLYW8",,"Chumbak Cheerful Marigold MDF Coaster Set","6 pieces","Plates Bowls Crockery","Chumbak",,,475.41693747064386,695,,19.78064,31.583168938164125,0.02882490299304512,0.04153,0.01564,0.02356,0,79.45367803062545
"2026-03-01","UEPXUN08SC",,"HomeStop Essential Spectra Ice Cream Bowl (Set of 6, 120ml)","6 pieces","Plates Bowls Crockery","HomeStop",,,522.6036866359448,895,,16.73369,41.61465098554774,0.01116166387084016,0.01365,0.03606,0.05433,0,86.8537218797489
"2026-03-01","LDFPNKKMQY",,"Cello Jewel Hot-Pot Set with Golden Handles (3 Pieces, 500ml, 1L, 1.5L, Plastic, Burgundy)","3 pieces","Plates Bowls Crockery","Cello",,,1341.6666666666667,1720,,1.04678,21.996124031007753,0,0,0.00001,0.00001,0,447.2222222222223
"2026-03-01","N5APRALCNX",,"The Earth Store Spiral Brown 8 Piece Ceramic Dinner Set (4 Plates & 4 Bowls, White and Brown)","8 pieces","Plates Bowls Crockery","The Earth Store",,,1565.0837271976336,5316.089733913043,,15.51357,70.65280033297783,0.23145777509845575,0.1342,0.05495,0.01522,0.13339,180.47165078376767
"2026-03-01","SUZILAIPMA",,"Birch & Co. Serving Tray with 4 Pieces Matching Coasters (Green, Royal Gaja)","4 pieces","Plates Bowls Crockery","Birch & Co.",,,593.564342682415,1499,,27.13639,60.41473397059265,0.18820146363976803,0.15634,0.05106,0.07692,0,148.18086470364472
"2026-03-01","JF4LDTTKR2",,"Dynore Stainless Steel 2 in 1 Two Compartment Nasta or Dinner Plate (Set of 6)","6 pieces","Plates Bowls Crockery","Dynore",,,414.1494898670703,798.6441443568465,,16.46173,48.01065775864696,0.03830804365074711,0.04355,0.01504,0.02245,0.0004,72.75885851684039
"2026-03-01","4L754004LL",,"Milton Curve 2500 Inner Stainless Steel Casserole (2.15L, Light Green, BPA Free)","1 Piece","Plates Bowls Crockery","Milton",,,592.2537262872629,790,,7.13036,25.032841353627486,0.014804727725945287,0.02331,0.00055,0.00083,0,592.1482576430528
"2026-03-01","QKC267YAJY",,"Cello Dazzle Series Lightweight Tropical Lagoon Dinner Set (13 Pieces, Opalware, White)","13 pieces","Plates Bowls Crockery","Cello",,,798.6656731975318,1598.9103857258067,,78.97823,50.25507481465563,0.44845238049353275,0.46551,0.73536,1.08084,0.05327,60.7031968934834
"2026-03-01","RFZX0SC6I0",,"Eha Earth Friendly Rice Husk Biocomposite Soup Bowls with Spoons Set (6 Pieces, 250ml)","6 pieces","Plates Bowls Crockery","Eha",,,731.7405111664275,1149,,17.73196,36.31501208299151,0.005786199100887253,0.00762,0.00066,0.001,0,124.09460406935791
"2026-03-01","DG7D1L7D09",,"La Opala Diva Morocann Gold Full Plate Deco Set (Set of 6)","6 pieces","Plates Bowls Crockery","La Opala",,,1092.8621031746031,1350,,4.31233,19.04725161669607,0.013686432837065334,0.02333,0.00791,0.01191,0,1095.4147538703073
"2026-03-01","LVZC383V25",,"Jaypee Glasserole Casserole Set with Glass Lid (800ml, 1200ml, 1700ml, Black)","3 pieces","Plates Bowls Crockery","Jaypee",,,1321.6923076923076,1916.6153846153845,,13.17663,31.08488078818245,0.03339270110496236,0.04752,0.00857,0.00013,0.02524,439.783128930177
"2026-03-01","W5314FWHN9",,"Eha Earth Friendly Rice Husk Biocomposite Square Plates (4 Pieces, 11 inch, Off White)","4 pieces","Plates Bowls Crockery","Eha",,,640.7367845927354,1138.2878408064514,,13.10806,43.710477998360446,0.008117906302653004,0.00969,0.00037,0.00056,0,156.25710775480027
"2026-03-01","K2KG2T62GG",,"Cello Dazzle Series Lush Fiesta Dinner Set (26 Pieces, Opalware, White)","26 pieces","Plates Bowls Crockery","Cello",,,1754.194481210156,3498.993880967742,,85.4126,49.88174673095182,0.8784172262865441,0.92325,0.16653,0.23671,0.02798,67.3508544491188
"2026-03-01","J4L6H6NUSJ",,"iVeo Solid Round Veg Bowl Set (6 Pieces, 130ml, 3.5 inch, Red)","6 pieces","Plates Bowls Crockery","Iveo",,,299,456,,1.21105,34.42982456140351,0,0,0.00002,0.00003,0,49.83333333333333
"2026-03-01","9COKLCQ6F3",,"Corelle Winter Frost White Soup Plate (Set of 2, 17cm each)","1 pack","Plates Bowls Crockery","Corelle",,,1150.7731179014263,1350,,41.93888,14.760271174117188,0.04527223546432218,0.08095,0.08919,0.05968,0.14747,1148.4992393260634
"2026-03-01","X3YAIFHHES",,"CLASSIC ESSENTIALS Stainless Steel Microwave Safe Mixing Bowl Set (500ml, 750ml, 1.25L, Set of 3, Purple)","3 pieces","Plates Bowls Crockery","Classic Essentials",,,402.9399917542775,1488.0739468163265,,14.8718,73.51879892182488,0.27530374807029867,0.13134,0.00931,0.01399,0.00006,116.50883977623171
"2026-03-01","J378PZYAVA",,"CHUMBAK Wooden Country Coasters (Set of 6, Multicolor)","6 pieces","Plates Bowls Crockery","Chumbak",,,499.05841595680306,694.8013841532257,,24.44172,28.17250696062459,0.013322924639728296,0.02009,0.00985,0.01484,0,83.19014235151944
"2026-03-01","BCSCD6IGEC",,"Cello Melamine Kidzbee Cereal Bowl Set (200ml, Bamboo Buddies, Peach)","3 pieces","Plates Bowls Crockery","Cello",,,184.7525635190355,239,,9.86808,22.697672167767575,0,0,0.00117,0.00176,0,61.5841878396785
"2026-03-01","0H7NKOKELV",,"CHUMBAK MDF Wood Marigold Casserole Set (800ml)","1 Piece","Plates Bowls Crockery","Chumbak",,,1381.6431641249976,1995,,41.16041,30.816506191809648,0.11367895740161932,0.16285,0.02079,0.03132,0,1355.6007126590284
"2026-03-01","CTMC5T2YT0",,"BlackCarrot Red & White Stoneware Chip & Dip Platter (9 Inch)","1 Piece","Plates Bowls Crockery","BLACKCARROT",,,836.282572595761,1399,,15.32084,40.22283255212573,0.016539955557240794,0.02101,0.03981,0.00347,0.11156,845.7913262629447
"2026-03-01","FLZLGG53DO",,"iVeo Solid Manchurian Bowl (400 ml, Yellow)","2 pieces","Plates Bowls Crockery","Iveo",,,199,364,,8.92891,45.32967032967033,0.0009077727581257477,0.00104,0.00047,0.0007,0,99.49999999999999
"2026-03-01","OWSUQP571P",,"Sumeet Stainless Steel Rectangular 5 in 1 Compartment Lunch / Dinner Plate (37.4cm Dia, Set of 2, Silver)","2 pieces","Plates Bowls Crockery","Sumeet",,,1199.7289319050324,1543.8712859677419,,37.72954,22.306906102054185,0.07929484006951908,0.12706,0.03092,0.02424,0.0441,599.6809200314115
"2026-03-01","5OJLJ48ZCT",,"Coconut Stainless Steel Laser Engrave Design Dinner Set (5 Pieces)","5 pieces","Plates Bowls Crockery","Coconut",,,699,699,,1.11087,0,0,0,0.00003,0.00004,0,139.79999999999998
"2026-03-01","K8AO6XW1CS",,"Home Centre Bone China Mandarin Begonaia Printed Bowls (470ml, Pack of 3, Teal)","3 pieces","Plates Bowls Crockery","Home Centre",,,939,999,,1.08152,6.006006006006006,0,0,0,0,0,313
"2026-03-01","0QNCBRFYLG",,"Sumeet Stainless Steel Snack Serve / Namkeen Set (2 Plates - 800ml, 6 Small Bowls - 200ml, 2 Spoons, Set of 10, Silver)","10 pieces","Plates Bowls Crockery","Sumeet",,,878.6944146285435,1752.9158430241937,,26.22593,49.87801647875096,0.0388114010676452,0.04062,0.05209,0.02705,0.10153,87.69581722438598
"2026-03-01","84O7Q2JIQF",,"Nestasia Ferris Wheel Snack Stand","1 Piece","Plates Bowls Crockery","Nestasia",,,1739.032258064516,2700,,22.08574,35.58232345354553,0.050136194646439446,0.06827,0.04403,0.04897,0.03427,1749.955060635099
"2026-03-01","4Z7AAOUP57",,"Birch & Co. Coasters (Set of 4, The Royal Safari)","4 pieces","Plates Bowls Crockery","Birch & Co",,,139,150.88933874493927,,17.34872,7.787701196940781,0.010036717413847911,0.01966,0.0041,0.00618,0,139
"2026-03-01","0A473O5FK4",,"Larah by Borosil Opalware Veg Bowl Set Microwave Dishwasher Safe Katorie Set for Gifting Dining (170ml Each, White, Pack of 6)","6 pieces","Plates Bowls Crockery","Larah by Borosil",,,299.1658765736049,385,,41.9892,22.278674353024734,0.09377663416361233,0.15316,0.29244,0.44056,0,49.90063969229662
"2026-03-01","6N31F227HC",,"Ireka Homes Sanchay Mango Wood Tray (Set of 3, 16x12x2.5 Inch, 14x10x2.5 Inch, 12x8x2.5 Inch)","3 pieces","Plates Bowls Crockery","Ireka Homes",,,1331.654722702847,2215,,37.17503,39.881583800743634,0.1359725193759971,0.17156,0.07878,0.11868,0,1330.4125457050106
"2026-03-01","RM7DJUCHP0",,"Castleite Melamine Black Ivory Medium Tray with Handle for Serving, Aroma Series (31 cm, Black)","1 Piece","Plates Bowls Crockery","castleite",,,198.94235777158474,699,,16.71888,71.50177024822327,0.025959407450267532,0.01568,0.05624,0.08472,0,236.47850095704118
"2026-03-01","1JAYSUHUAL",,"Birch & Co. Coaster Holder with 6 sets of Coasters (Royal Gaja)","6 pieces","Plates Bowls Crockery","Birch & Co",,,383.6990438795554,799,,20.8371,51.96953475799389,0.03383403264921327,0.03411,0.01052,0.01585,0,64.2251931369511
"2026-03-01","U51S2MSJNZ",,"Castleite Melamine Spicy Destin Trays with Handle for Serving Snacks/Tea, Aroma Series (Black)","3 pieces","Plates Bowls Crockery","castleite",,,691.6721970839618,1983.04137841629,,24.77433,65.12060580183966,0.046259660750592686,0.03415,0.03452,0.052,0,229.99057383756735
"2026-03-01","JFEEIJFKYT",,"La Opala Novo Collection Opal Glass Pudding Set (7 Pieces, 850ml + 175ml x 6, English Lavender)","7 pieces","Plates Bowls Crockery","La opala",,,421.55555555555554,540,,1.07221,21.93415637860082,0.0004489808475800547,0.00073,0.00009,0.00013,0,60.22222222222222
"2026-03-01","B77K01BK1N",,"Nayasa Plastic Diva Multipurpose Serving Tray Set (Grey)","3 pieces","Plates Bowls Crockery","Nayasa",,,776.9010943393858,995,,27.89146,21.919488006091875,0.017208438152526657,0.02804,0.05597,0.08432,0,261.55995075954934
"2026-03-01","DND2ZF0OYC",,"VAYA HauteCase Premium Stainless Steel Casserole with Glass Lid (1500ml, Azure Blue)","1 Piece","Plates Bowls Crockery","Vaya",,,1721.4175824175825,4890,,4.31641,64.79718645362817,0.008131542017283213,0.00601,0.00005,0.00007,0,1719.044194455605
"2026-03-01","H2SIG3DZJ0",,"HAZEL Steel Parat Big Size Flour and Dough Kneading Plate (39cm, 4700ml)","1 Piece","Plates Bowls Crockery","Hazel",,,377.55434782608694,1419,,8.98509,73.3967582804792,0.06371038227160976,0.03538,0.00727,0.01095,0,37513.495241562225
"2026-03-01","FLKOXKKDYU",,"La Opala Diva Opal Glass Ivory Collection Quarter Plates (6 Pieces, 190mm, Autumn Shadow, White)","6 pieces","Plates Bowls Crockery","La Opala",,,499,630,,1.27451,20.793650793650794,0,0,0,0,0,83.16666666666666
"2026-03-01","JO90VFIRUQ",,"Cello Flabio Insulated Casserole Set (500ml, 1000ml, 1500ml, Pink)","3 pieces","Plates Bowls Crockery","Cello",,,1399,1399,,1.17666,0,0,0,0.00009,0.00013,0,466.33333333333337
"2026-03-01","HP7RRXUZ9Z",,"Nayasa Plastic Meraki Premium Tea Coaster Set (Red)","6 pieces","Plates Bowls Crockery","Nayasa",,,547.8100142909402,679,,25.4459,19.32105827821204,0.009220237428063442,0.01668,0.00224,0.00338,0,94.66590350814408
"2026-03-01","TFTV8SPPA9",,"Nestasia Hearty Ceramic Bowl (540ml)","3 pieces","Plates Bowls Crockery","Nestasia",,,899,1800,,3.49903,50.05555555555556,0,0,0.00541,0.00814,0,29966.66666666667
"2026-03-01","KB90PVX53O",,"Larah by Borosil Snow Opalware Serving Mixing Bowl Microwave Dishwasher Safe for Gifting Dining (800ml, White, 7"" Inch)","1 Piece","Plates Bowls Crockery","Larah by Borosil",,,199.18317442772482,254.24064375000006,,64.90059,21.619270185972173,0.1042066255420998,0.1722,0.43972,0.66245,0,199.46153169130446
"2026-03-01","KJ8GNAI32Y",,"Cello Toughened Glass Ornella Mixing Bowl (1.5L, Transparent)","1 Piece","Plates Bowls Crockery","Cello",,,420.2989689774928,461.5,,9.82159,9.071144023973579,0.01626757384304223,0.02963,0.00049,0.00074,0,42788.05123723378
"2026-03-01","BOSSO8NSGA",,"Cello Opalware Dazzle Series Lush Fiesta Pudding Set (790ml, 180ml, White)","7 pieces","Plates Bowls Crockery","Cello",,,434.61682148495885,542.3855708870968,,78.52375,20.821906019791914,0.3382043019242362,0.55978,0.57395,0.56486,0.5919,61.04567638459357
"2026-03-01","IL5G2USJEI",,"Nayasa Round Deluxe Plastic Full Plates (Set of 6, White)","6 pieces","Plates Bowls Crockery","Nayasa",,,849.3893807676342,1325,,20.0681,35.90387471421648,0.019463319742595374,0.02568,0.015,0.00225,0.04019,138.66183185301009
"2026-03-01","48HQDHXG8Y",,"Femora Green Ceramic Bowls (450ml Each)","2 pieces","Plates Bowls Crockery","Femmora",,,363.7255523731588,550,,18.57662,33.98933979158787,0.007468380676487191,0.00836,0.12756,0.04063,0.29918,14689.145434072243
"2026-03-01","UVSMHR82J5",,"La Opala Novo Collection Coral Charm Opal Glass Dinner Set (35 Pieces, White)","35 pieces","Plates Bowls Crockery","La opala",,,2699,3393.301424319249,,14.95458,20.460941646483313,0,0,0.00347,0.00522,0,77.11428571428573
"2026-03-01","M4V67HDMGQ",,"Femora Borosilicate Microwave Safe Mixing Bowl (1650ml, Transparent)","1 Piece","Plates Bowls Crockery","Femora",,,394,525,,15.83673,24.952380952380956,0.03647171198414469,0.0575,0.04068,0.00056,0.11988,39400
"2026-03-01","RV9D8CNRBJ",,"Corelle Winter Frost White Veg/Dessert Bowl (Set of 2, 296ml each)","1 pack","Plates Bowls Crockery","Corelle",,,850.546496665761,998,,22.38534,14.776349906342132,0.02083903031742122,0.03722,0.01383,0.01034,0.02073,848.5805394707602
"2026-03-01","MWYW60IHZN",,"Milton Micronova Jr Casserole Set (3 Pieces, 380ml, 775ml, 1345ml, Grey)","3 pieces","Plates Bowls Crockery","Milton",,,1017.5945945945946,2999,,4.78194,66.068869803448,0.01745504504029007,0.01245,0.00167,0.00251,0,339.284156999444
"2026-03-01","42Z6B9AO5R",,"Eha Earth Friendly Rice Husk Biocomposite Soup Bowls with Spoons Set (4 Pieces, 250ml, Multicolor)","4 pieces","Plates Bowls Crockery","Eha",,,541.3617886178862,751,,4.75074,27.91454212811103,0,0,0.04574,0.0689,0,135.34044715447155
"2026-03-01","JRBBQ5YWXK",,"La Opala Diva Opal Glass Ivory Collection Quarter Plates (6 Pieces, 190mm, White)","6 pieces","Plates Bowls Crockery","La Opala",,,499,540,,0.76218,7.592592592592593,0,0,0.00004,0.00006,0,83.16666666666667
"2026-03-01","K2AA2214OE",,"ExclusiveLane Ceramic 'The Hut Handled Bowls' (260 ml, Multicolored)","2 pieces","Plates Bowls Crockery","ExclusiveLane",,,700.6439516129033,1325,,19.83301,47.12121119902616,0.021534784341967497,0.02387,0.03397,0.00545,0.09027,349.51357014881086
"2026-03-01","40CF4SQOPJ",,"Kitchen Essentials Stainless Steel Begi China Half Dinner Plate Set (Size 9, Set of 2, Grade 304)","2 pieces","Plates Bowls Crockery","Kitchen Essentials",,,151.58818600754083,310,,32.06285,50.990869460867806,0.2206534667244488,0.22716,0.17486,0.26343,0,151.87751625603048
"2026-03-01","ZI2GPGPMSJ",,"HomeStop Melora Pasta Plate (22.8cm, White with Platinum edge finish)","1 Piece","Plates Bowls Crockery","HomeStop",,,692.5490196078431,999,,1.52642,30.675773813028716,0,0,0,0,0,692.5490196078431
"2026-03-01","A14JP8YNSH",,"Castleite Melamine Italian Marble Print Serving Platter/Tray Plates with Sauce Dip (Black)","2 pieces","Plates Bowls Crockery","castleite",,,392.85678516312163,998.1171321198158,,28.66279,60.635983939990005,0.0395927940316373,0.03272,0.00813,0.01225,0,196.7876334220937
"2026-03-01","6L8QA0LWNY",,"Sumeet Stainless Steel Heavy Gauge Mirror Finish Dinner Set (2 Plates - 500ml, 2 Bowls - 200ml, 2 Spoons, Set of 6, Silver)","6 pieces","Plates Bowls Crockery","Sumeet",,,481.5843573127148,1346.2802868951612,,75.75984,64.2141714713101,0.38244803866919447,0.28727,1.39382,0.76327,2.63871,80.29597336832948
"2026-03-01","2VW52UG8IP",,"IKEA HEAT Cork Pot Stand (Natural)","1 Piece","Plates Bowls Crockery","IKEA",,,249,297.76335877862596,,19.44615,16.379509121595365,0.019369698921414793,0.03401,0.0136,0.02049,0,24900
"2026-03-01","LXCQZ1T9R1",,"Femora Ceramic Bowl Set (450ml, 2 Pieces, 5 inch, Green, Microwave Safe)","2 pieces","Plates Bowls Crockery","Femora",,,259,430,,1.96664,39.76744186046512,0.00035752178603596946,0.00045,0.00472,0.00672,0.00075,129.50000000000003
"2026-03-01","V8OXVAUTWT",,"Heart Home Nested Serving Trays, Wooden Damask Blue Design Farmhouse Platter, Rectangular Shape Coffee Table Trays with Handle (Brown, Pack of 3)","3 pieces","Plates Bowls Crockery","Heart Home",,,849,2092.5786183333335,,36.70236,59.430095297886524,0.10968352672576526,0.09359,0.05992,0.09027,0,283.00000000000006
"2026-03-01","9F7CRCX94V",,"Cello Dazzle Series Lush Fiesta Dinner Set (35 Pieces, Opalware, White)","35 pieces","Plates Bowls Crockery","Cello",,,2110.036816662149,4292.032664331798,,43.89893,50.840482272151625,0.13451116986172543,0.13811,0.03688,0.05555,0,60.728922532670126
"2026-03-01","NZPN7XBL62",,"Java Transparent Wave Pet Bowl (500ml, White)","1 Piece","Plates Bowls Crockery","Java",,,67.15030656553732,100,,28.77415,33.17174876048516,0.031224622478759113,0.04299,0.40174,0.60523,0,66.2557436131212
"2026-03-01","T8KYZ8QBBZ",,"Nestasia Ice Cream Dessert Glass Bowls (120ml)","6 pieces","Plates Bowls Crockery","Nestasia",,,804.7894736842105,990,,28.20824,21.23340491768464,0.11467336683440772,0.16867,0.23303,0.03332,0.62733,11554.994893270317
"2026-03-01","TM5X50WJCW",,"Birch & Co. Coaster Holder with 6 sets of Coasters (Mughal)","6 pieces","Plates Bowls Crockery","Birch & Co",,,384.0313113519976,799,,17.70755,51.95157026193836,0.03764305312872021,0.03751,0.00158,0.00237,0,64.48730769377757
"2026-03-01","F7V44Q8IJH",,"Home Centre Niko Stoneware Dip Bowls with Platter (3 Pieces)","3 pieces","Plates Bowls Crockery","Home Centre",,,952.597072879331,999,,14.2536,4.644937649716619,0.01524456266737093,0.03047,0.00997,0.01501,0,950.5849692466165
"2026-03-01","XBQON7E75H",,"Cello Melamine Kidzbee Cone Bowl Set for Kids (200ml, Bamboo Buddies, Peach)","3 pieces","Plates Bowls Crockery","Cello",,,184.72103881956826,229.4869773039216,,5.98856,19.506962447401747,0,0,0.00045,0.00068,0,61.57367960652275
"2026-03-01","DI0WEM7004",,"Milton New Orchid Casserole (850ml, Pink)","1 Piece","Plates Bowls Crockery","Milton",,,297.15231010506363,370,,33.12307,19.6891100668436,0.012474350837801991,0.02104,0.00328,0.00494,0,297.5259969926703
"2026-03-01","SY3B8MPAKM",,"Nayasa Plastic Round Full Plate Set (Yellow)","6 pieces","Plates Bowls Crockery","Nayasa",,,582.7474490445303,849.196153846154,,24.52545,31.376030993964896,0.035167838344931646,0.05072,0.0381,0.05739,0,96.91035766826744
"2026-03-01","PFN4LII4XN",,"Home Centre Frostra Hernan Frosted Glass Chip & Dip","1 pack","Plates Bowls Crockery","Home Centre",,,987.588347029704,999,,45.38629,1.1939990468406936,0.1990706248028699,0.41261,0.03559,0.05362,0,985.598201977097
"2026-03-01","ZFFN3BDJ73",,"Femora Borosilicate Glass Microwave Safe All-Purpose Mixing Bowls (400ml, 700ml, 1.50L, 3 Pieces, Transparent)","3 pieces","Plates Bowls Crockery","Femora",,,736.7039106145252,1037.5489824022345,,12.03103,28.995746407187788,0.005450128622013442,0.00814,0.00028,0.00042,0,244.92135374697827
"2026-03-01","PQZP4ECER0",,"Larah by Borosil Vanam Opalware Veg Bowl Set (210ml, 2 Pieces, for Dining, Microwave Safe Crockery)","2 pieces","Plates Bowls Crockery","Larah",,,171.5873527779385,190.00761439516123,,64.56783,9.735787276055806,0.025211438616039722,0.04755,0.25504,0.38421,0,85.42604384795351
"2026-03-01","0QADFT9QS2",,"Femora Borosilicate Microwave Safe Mixing Bowl (1050ml, Transparent)","1 Piece","Plates Bowls Crockery","Femora",,,358.0625152737048,420,,9.19052,14.747998925012341,0.007389227015950856,0.01324,0.0022,0.00331,0,357.9352514997033
"2026-03-01","B0YTRZACR6",,"Larah by Borosil Fluted Cascade Opalware Dinner Set, Family of 2, Microwave Dishwasher Safe Crockery Set for Dining, Gifting (Blue and White, 6 Pieces)","6 pieces","Plates Bowls Crockery","Larah by Borosil",,,599.4372990383805,845,,42.53648,29.06122025076456,0.04011860049091439,0.05975,0.0299,0.02163,0.04622,99.90007622348986
"2026-03-01","AB0C804L5J",,"Home Centre Melamine Jalsa Candy Bowls with Tray (Set of 4)","4 pieces","Plates Bowls Crockery","Home Centre",,,690,699,,42.57115,1.2875536480686793,0.06935440410409667,0.14383,0.04485,0.06756,0,172.5
"2026-03-01","W54XC8HPKR",,"Saaj Plastic Medium Ruby Tray (37cm, Brown)","1 Piece","Plates Bowls Crockery","saaj",,,99,175,,13.1014,43.42857142857142,0.007418493915644965,0.00882,0.10276,0.15481,0,99
"2026-03-01","93L2EW7GK7",,"Home Centre Niko Stoneware Pudding Set (4 Pieces)","4 pieces","Plates Bowls Crockery","Home Centre",,,1239.5694619311394,1299,,30.44241,4.576493555927158,0.05052464622419759,0.10122,0.00355,0.00535,0,309.664678426991
"2026-03-01","YQ15C8S62M",,"Cello Hot N Fresh Stainless Steel Casserole Set with Inner Steel (3 Pieces, 500ml, 1L, 1.5L)","3 pieces","Plates Bowls Crockery","Cello",,,679,999,,4.18278,32.032032032032035,0.0005537430453487341,0.00079,0.00002,0.00003,0,226.3333333333333
"2026-03-01","TZSU0R5LSO",,"Pasabahce Glass Mixing/Serving Bowl with White Lid (1.135L, Transparent)","1 Piece","Plates Bowls Crockery","Pasabahce",,,345,440,,17.20814,21.59090909090909,0.0007318387815554891,0.00121,0.00334,0.00504,0,345
"2026-03-01","2US1AUF71K",,"Corelle Winter Frost White Medium Plate (Set of 2, 21.5cm each)","2 pieces","Plates Bowls Crockery","Corelle",,,809.7493746124151,944.7191993010752,,30.89849,14.280461515463289,0.03814142186953407,0.0689,0.27844,0.29503,0.24569,814.7906437169728
"2026-03-01","J8OGOOHSSF",,"Nayasa Plastic Dinner Partition Plate (White)","1 Piece","Plates Bowls Crockery","Nayasa",,,241.58911874707806,285,,20.42137,15.228397810985006,0.008846585589355152,0.01581,0.05604,0.02437,0.11857,242.36084309084382
"2026-03-01","6JPRJEST2M",,"Larah by Borosil Meadow Opalware Dinner Set (16 Pieces, Crockery for Gifting and Dining)","16 pieces","Plates Bowls Crockery","Larah",,,915.9372292664443,2525.025308064516,,69.79351,64.37067159518301,2.160262701092887,1.60685,1.08443,1.06623,1.12034,895.6464054616432
"2026-03-01","4U79C5YL51",,"Kraft Stainless Steel Serving Bowl with Lid (2 Pieces, 1.6L, Silver)","2 pieces","Plates Bowls Crockery","Vinod",,,535.8916666666667,667.8442676612902,,11.72615,19.75798960687431,0.0007316724923526818,0.00123,0.00002,0.00002,0,265.26029062870697
"2026-03-01","KWIYOBKCW7",,"The Earth Store Ceramic Grooved Snack Bowl Set (2 Pieces, 500ml each, Pink, Dishwasher and Microwave Safe)","2 pieces","Plates Bowls Crockery","The Earth Store",,,285,999,,0.26072,71.47147147147147,0,0,0.00008,0,0.00023,142.5
"2026-03-01","WDN8AOH3WM",,"HAZEL Stainless Steel Parat Atta Kneading Plate (33cm, 2700ml)","1 Piece","Plates Bowls Crockery","Hazel",,,265.97777777777776,1149,,2.52429,76.851368339619,0.001273775293504896,0.00063,0.00903,0.01361,0,26834.83915126626
"2026-03-01","GSVLQ1AMGZ",,"Clay Craft JCPL Fine Porcelain Muse Bowl (750ml, Microwave Safe)","1 Piece","Plates Bowls Crockery","Clay Craft",,,800,899,,3.44022,11.012235817575084,0,0,0.00003,0.00004,0,800
"2026-03-01","JJTMRQVBM3",,"Embassy Stainless Steel Dynasty Compartment Plates (2 Pieces, 19.7x23.6cm, Silver)","1 Piece x 2","Plates Bowls Crockery","Embassy",,,398,483.15066393442623,,7.9309,17.624039516166945,,,,,,398
"2026-03-01","IT4RXBZIUV",,"Milton Micronova Casserole Set (4 Pieces, 500ml, 1L, 1.5L, 2.5L, Grey)","4 pieces","Plates Bowls Crockery","Milton",,,1600.0914124909223,4493.1902689542485,,15.80038,64.39476057964765,0.032419410400930486,0.02361,0.00614,0.00926,0,397.9338821133727
"2026-03-01","RNF1VBROO2",,"La Opala Diva Sovrana Collection Opal Glass Dinner Set (27 Pieces)","27 pieces","Plates Bowls Crockery","La opala",,,4419.654523375834,4995,,8.51774,11.518427960443749,0.024918437040693034,0.04547,0.00332,0.005,0,160.7153787552492
"2026-03-01","K44HQYPU81",,"Anwaliya Ceramic Dessert Bowls Set (6 Pieces, 175ml, Pink)","6 pieces","Plates Bowls Crockery","Anwaliya",,,386.71041656409596,1024,,10.90864,62.69737187016096,0.24803747377516752,0.18806,0.0121,0.01822,0,61.83436005468997
"2026-03-01","CXXSMVD0I7",,"iVeo Trento Round 3 Part Plate (25cm, Red)","1 Piece","Plates Bowls Crockery","Iveo",,,299.01636904761904,383,,15.96021,21.927840979733936,0.0007431464473463942,0.00122,0.00056,0.00084,0,299.00437660622924
"2026-03-01","JP8FUX55HY",,"Sippin' Hollywood Themed Quirky Cool MDF Printed Coasters (9x9cm, 4 Pieces, Multicolor)","4 pieces","Plates Bowls Crockery","sippin",,,413.44,420,,0.83316,1.561904761904762,0,0,,,,413.44
"2026-03-01","IOMQKHUFSJ",,"iVeo Square 3 Part Plate (23cm, Red)","1 Piece","Plates Bowls Crockery","Iveo",,,299.7617981520967,401.7365552985075,,6.28538,25.383489702757874,0,0,0.00111,0.00167,0,299.7617981520967
"2026-03-01","QI8UGJXRD9",,"Oye Happy Ceramic Mug (330ml, Rakhi Gift)","1 Piece","Plates Bowls Crockery","Oye Happy",,,399,399,,0.21819,0,0,0,0.00014,0.00021,0,399
"2026-03-01","IZPEE1Z0Y1",,"Home Centre Frostra Hernan Frosted Glass Bowls (Set of 3)","1 pack","Plates Bowls Crockery","Home Centre",,,888.1804932820138,898.0892628110598,,41.46911,1.1044285111796155,0.23395976244389632,0.48605,0.04853,0.0731,0,888.6181458828414
"2026-03-01","B1T6XZZ967",,"Lucky Glass Thailand Glass Dal/Veg Bowl Set (6 Pieces, 180ml)","6 pieces","Plates Bowls Crockery","Lucky Glass Thailand",,,241.88659793814432,372,,0.96562,34.976720984369805,0.0002061986114812103,0.00028,0.00004,0.00006,0,40.04545454545454
"2026-03-01","KPCW7W1HQN",,"Java Plastic Plate with Bowl Set (4 Pieces, Yellow)","8 pieces","Plates Bowls Crockery","Java",,,189.3445887321099,425,,31.43407,55.294362437752675,0.050263738464992734,0.04608,0.019,0.02863,0,24.588312219441676
"2026-03-01","G7Z73KK8IX",,"Nestasia Ceramic Snack Bowls (Set of 4, 300ml, Multicoloured)","4 pieces","Plates Bowls Crockery","Nestasia",,,736.8131160288823,1170,,40.281,37.22442463417713,0.42149473895881223,0.55339,0.9362,0.46966,1.8573,182.93072452063075
"2026-03-01","PP9K0IJZZT",,"Birch & Co. Coaster Holder with 6 sets of Coasters (Peacock)","6 pieces","Plates Bowls Crockery","Birch & Co",,,382.1805220685112,799,,18.10358,52.15409832073414,0.02701451244208066,0.02733,0.00144,0.00217,0,64.12144712533373
"2026-03-01","WL2OHUPWQ5",,"The Earth Store Mughal Blue Ceramic Bowl (200 ml, White and Blue)","1 Piece","Plates Bowls Crockery","The Earth Store",,,494.1933013363448,1399,,14.49979,64.7286552269994,0.03486386168219967,0.02553,0.00735,0.00169,0.01852,482.4177092915423
"2026-03-01","JWLVCQZPCY",,"Cello Opalware Dazzle Series Blue Swirl Dinner Set (35 Pieces)","35 pieces","Plates Bowls Crockery","Cello",,,2086.7164892493115,4294.441559153226,,74.75185,51.41732028543108,0.43567222381176796,0.43847,0.19023,0.28658,0,59.826072186084886
"2026-03-01","0DD22RPD68",,"Cello Dazzle Series Secret Garden Dinner Set (16 Pieces, Opalware, White)","16 pieces","Plates Bowls Crockery","Cello",,,1099.4507366576595,2249.6454083870963,,69.48045,51.13209458317021,1.15975594210513,1.18611,0.58073,0.85701,0.03529,68.69708492869421
"2026-03-01","8GOYVLV5LF",,"Ireka Homes Wooden Moonlight Acacia Coasters (4 Pieces, 10 cm, Brown and Black)","4 pieces","Plates Bowls Crockery","Ireka Homes",,,299.5402958658919,450,,24.06453,33.437395613103014,0.013170104862348273,0.01839,0.0028,0.00422,0,75.07371069397828
"2026-03-01","WTKKZ2QY7V",,"Cello Roti Plus Big Stainless Steel Double Walled Insulated Casserole (2.5L, Silver)","1 Piece","Plates Bowls Crockery","Cello",,,1149.846398063449,1599,,12.07907,28.113190611225505,0.005317928705781537,0.00736,0.00104,0.00088,0.00134,1073.0239355591143
"2026-03-01","P78P47I3GL",,"Corelle Winter Frost White Curry/Noodle Bowl (Set of 2, 828ml each)","2 pieces","Plates Bowls Crockery","Corelle",,,1280.8767753107395,1495.5734795161293,,38.75347,14.362878239596517,0.06102946774394842,0.10959,0.12253,0.07611,0.21416,1278.7031986075517
"2026-03-01","T5C10OVZ17",,"La Opala Opal Glass Vegetable Bowl Set (6 Pieces, 200ml, White, Plainware, Ivory Collection)","6 pieces","Plates Bowls Crockery","La opala",,,350,480,,1.40523,27.083333333333332,0,0,0.00002,0.00003,0,58.333333333333336
"2026-03-01","NN5I1CSKDQ",,"Sumeet Stainless Steel Round 4 in 1 Compartment Lunch / Dinner Plate (32.5cm Dia, Set of 4, Silver)","4 pieces","Plates Bowls Crockery","Sumeet",,,1430.445757397609,2360,,19.46068,39.38789163569453,0.025508929999862213,0.03177,0.00253,0.00237,0.00286,349.87267643811083
"2026-03-01","AEVG7H59GE",,"Corelle Winter Frost White Dinner Plate (Set of 2, 26cm each)","2 pieces","Plates Bowls Crockery","Corelle",,,938.074293808514,1098,,29.23445,14.580765516148517,0.06787925258599198,0.12165,0.07337,0.04989,0.11972,936.6255470793335
"2026-03-01","CLD9QHODG7",,"Pure Home + Living Ribbed Small Bowls (Pack of 2, Green)","2 pieces","Plates Bowls Crockery","Pure Home + Living",,,1399,1399,,17.63727,0,0,0,0.00031,0,0.0009,69950
"2026-03-01","OH51QIES9L",,"iVeo Solid Octa Chanti Bowl (80ml, Black)","3 pieces","Plates Bowls Crockery","Iveo",,,149.81251920122887,222,,7.87405,32.5168832426897,0,0,0.00327,0.00492,0,49.937506400409625
"2026-03-01","TY1BAZ3FKE",,"CLASSIC ESSENTIALS Stainless Steel Microwave Safe Mixing Bowl Set (500ml, 750ml, 1.25L, Set of 3, Dark Blue)","3 pieces","Plates Bowls Crockery","Classic Essentials",,,381.0510413126796,1316.726501814516,,37.66339,71.96120425004088,1.1666607686733026,0.66698,0.35568,0.51127,0.04849,122.2806389112571
"2026-03-01","JUWGZUGNAJ",,"Castleite Melamine Laurel Peony Marble Print Serving Platter/Tray Plates with Bowl (Black)","8 pieces","Plates Bowls Crockery","castleite",,,775.8879975128827,1999,,35.64974,61.20394439520019,0.21532489550968756,0.17483,0.02856,0.04303,0,96.73213809693593
"2026-03-01","1FGFYN0QDT",,"CHUMBAK Ikat Paisley Ice Cream Bowls Gift Set (160ml)","6 pieces","Plates Bowls Crockery","Chumbak",,,899,1599,,28.36034,43.777360850531586,0.08889837411005365,0.10501,0.02182,0.01883,0.02772,149.83333333333334
"2026-03-01","PC5YU727TP",,"Kitchen Essentials Beggy China Plate, Set of 2 (1 Pack) & Kitchen Essentials Thumbsup Glass ,Set of 4 (1 Pack)","1 combo","Plates Bowls Crockery","Kitchen Essentials",,,313.1893838539,580,,19.15472,46.00183037001724,,,0.00296,0.00446,0,313.1893838539
"2026-03-01","BHAVR73IS6",,"Neelam Stainless Steel Thali Set (4 Pieces, Silver)","4 pieces","Plates Bowls Crockery","Neelam",,,705,893.582207298387,,61.81129,21.024089205613503,0.027973169696265482,0.04721,0.12471,0.18787,0,176.25
"2026-03-01","9HKWOOXEP6",,"Nayasa Tyson Plastic Insulated Steel Casserole (1.5L, Sand)","1 Piece","Plates Bowls Crockery","Nayasa",,,831.5939654340775,1025,,22.62373,18.869897765637678,0.018039551588158176,0.03068,0.02415,0.03224,0.00818,829.9827531697398
"2026-03-01","IC3HORFK4C",,"Glass ideas Sunflower Pudding set (7 Pieces, Small Bowl - 150ml, Big Bowl - 1.5L)","7 pieces","Plates Bowls Crockery","Glass ideas",,,572.91368463789,1299,,11.80955,55.8616012142997,0.024977968575298094,0.02298,0.01432,0.02156,0.00002,81.48167731502662
"2026-03-01","FM6PZL61EL",,"Femora Matte Finish Ceramic Bowl Set (300ml, 4 Pieces, Pink)","4 pieces","Plates Bowls Crockery","Femora",,,399,800,,5.58036,50.125,0.002217466519437048,0.00232,0.00048,0.00072,0,99.75
"2026-03-01","KF9Z7OUHYP",,"Larah by Borosil Opalware Serving Mixing Bowl with Lid Microwave Dishwasher Safe Crockery for Dining Gifting (500ml + 750ml + 1L, White, Pack of 3)","3 pieces","Plates Bowls Crockery","Larah by Borosil",,,628.9741687428544,840.2781096370968,,81.76157,25.151271223346903,0.5350250338131216,0.84123,1.07644,1.62166,0,209.63510516627593
"2026-03-01","KLTOF9R6I0",,"Dynore Double Wall Stainless Steel Insulated Casserole With Lid (2000 ml)","1 Piece","Plates Bowls Crockery","Dynore",,,600.2662810873337,849,,18.69444,29.302501367154633,0.05254705550874152,0.07789,0.01582,0.01692,0.01365,600.1577174502553
"2026-03-01","I2VZ63DPBP",,"Glass ideas Curry Bowls (300 ml)","2 pieces x 2","Plates Bowls Crockery","Glass Ideas",,,263.16129032258067,398,,6.8866,33.8790727832712,,,,,,263.16129032258067
"2026-03-01","V9BTB9VJU8",,"Classic Essentials Stainless Steel Dinner Set (10 Pieces, Silver, Permanent Laser-Glory)","10 pieces","Plates Bowls Crockery","Classic Essentials",,,451.6872578208692,1365.1577845161291,,69.97061,67.37067576192861,1.0785022152265393,0.73216,0.52822,0.77511,0.04078,44.50564424689053
"2026-03-01","GB0PKHJOHH",,"Femora Borosilicate Microwave Safe Mixing Bowl (700ml, Transparent)","1 Piece","Plates Bowls Crockery","Femora",,,321.6507666066876,375,,18.07626,14.192738246948524,0.022663056583015893,0.04101,0.13038,0.01642,0.35535,32347.648125260646
"2026-03-01","VNBZETUASX",,"HomeStop Essential Borosilicate Glass Round Mixing Bowl (Set of 3, Transparent)","3 pieces","Plates Bowls Crockery","HomeStop",,,1111.5977505272201,1695,,41.93563,34.42137131632203,0.0807999236441291,0.1112,0.02744,0.04135,0,370.13299293409233
"2026-03-01","7RDRVPPNFE",,"Cello Midas Insulated Inner Steel Casserole For Roti (1500ml, White)","1 Piece","Plates Bowls Crockery","Cello",,,480.7949109966567,720,,14.64978,33.22292902824212,0.007782334691387616,0.01091,0.00504,0.0076,0,480.31476255023495
"2026-03-01","KIR86DCPKC",,"Birch & Co. Coaster Holder with 6 sets of Coasters (Heritage)","6 pieces","Plates Bowls Crockery","Birch & Co",,,385.4997670317343,798.8450394298246,,21.19836,51.765048557812094,0.030184982382807084,0.03005,0.00507,0.00764,0,64.0453089963593
"2026-03-01","Q1HLLZNDTC",,"SAFFRON Wooden Coaster Set with Holder (Set of 6, 7 Inches, Cart Design, Handmade)","6 pieces","Plates Bowls Crockery","Saffron",,,177.3893343296915,699,,4.52713,74.62507562276522,0.006199261480660904,0.00318,0.00001,0.00001,0,29.09256339951947
"2026-03-01","P8FWVPO4D3",,"Nestasia Glass Square Bowls (Set of 4, 300ml, Transparent)","4 pieces","Plates Bowls Crockery","Nestasia",,,543.1339528829062,900,,23.54113,39.720434891511964,0.08955172438788403,0.11293,0.14002,0.02549,0.36614,134.70653620686062
"2026-03-01","9Z9QMB1OI9",,"Embassy Stainless Steel Lotus Vati / Katori / Curry Bowl (120 ml, Pack of 6)","6 pieces","Plates Bowls Crockery","Embassy",,,322.3879192664404,471.9121436619718,,27.19274,31.682495355910216,0.012330344388170758,0.01772,0.02646,0.03957,0.00056,54.06715823231882
"2026-03-01","VNEDTAU0P0",,"Cello Dazzle Series Tropical Lagoon Dinner Set (20 Pieces, Opalware, White)","20 pieces","Plates Bowls Crockery","Cello",,,1076.38589949301,2239.4509138709673,,59.18596,53.13719500844143,8.126304073683983,8.01883,3.42757,4.84575,0.62768,52.48036333919197
"2026-03-01","N4LOLZOUZ0",,"Glass ideas Delight Bowls (200ml each)","6 pieces","Plates Bowls Crockery","Glass ideas",,,172.5837580740981,299,,56.66199,42.49577476913045,0.26685642285688416,0.32204,0.88521,1.315,0.0367,28.62268955265282
"2026-03-01","3ZXH04FIQS",,"Sumeet Stainless Steel Heavy Gauge Dinner Plates with Mirror Finish (30cm Dia, Set of 6, Silver)","6 pieces","Plates Bowls Crockery","Sumeet",,,1363.3324761185456,2536.220805241935,,29.50555,46.24656288214935,0.07757956694256048,0.08969,0.20015,0.12016,0.35805,226.31418242182727
"2026-03-01","JSGBPWTW5H",,"Ellementry Carbon Ceramic Pasta Bowl (400 ml, 4.5 cm, Brown)","1 Piece","Plates Bowls Crockery","Ellementry",,,728.6565963243922,956.5695396774194,,27.97997,23.82607159223211,0.005920394487552847,0.0101,0.08251,0.005,0.23554,715.5337194814306
"2026-03-01","8AXK5ULGZB",,"Cello Opalware Dazzle Lush Fiesta Dinner Set (13 Pieces, White)","13 pieces","Plates Bowls Crockery","Cello",,,801.4791833706892,1591.9153575806451,,54.38955,49.6400368852209,0.10082812780866132,0.10538,0.04127,0.06217,0,61.27632112414975
"2026-03-01","VP0FMZVAWO",,"Nestasia Ceramic Mandala Platter (27.5 cm, Blue and White)","1 Piece","Plates Bowls Crockery","Nestasia",,,575.7917509325218,1145,,21.08807,49.70270992927617,0.06970045193513891,0.07319,0.19357,0.27757,0.02772,572.9371222912449
"2026-03-01","D3M63KC152",,"Eha Earth Friendly Rice Husk Biocomposite Kids 3 Partition Plates (2 Pieces, 8 inch)","2 pieces","Plates Bowls Crockery","Eha",,,400.4077629571614,993,,31.71768,60.09287798856909,0.10457927964559126,0.0839,0.00735,0.01107,0,189.4164085763851
"2026-03-01","H10TW9X5B4",,"Ireka Homes Wooden Dark Acacia Tray (40x25cm, Black)","1 Piece","Plates Bowls Crockery","Ireka Homes",,,702.79334247916,1170,,32.49976,39.940459867804,0.09679927300304296,0.12251,0.06238,0.09397,0,703.6377918987805
"2026-03-01","TVBLFBRCT6",,"Nestasia Nutcracker Tree Sectioned Bamboo Platter with Pack of 3 Ceramic Bowls (White)","1 pack","Plates Bowls Crockery","Nestasia",,,1463.1522988505749,2233.9655172413795,,1.9439,34.50425767281521,0,0,0.00153,0.0023,0,1463.1522988505749
"2026-03-01","JVJUAKV3IW",,"Birch & Co. Coaster Holder with 6 sets of Coasters (Tulip)","6 pieces","Plates Bowls Crockery","Birch & Co",,,365.4273042509287,799,,22.38941,54.26230485122105,0.007749908296840167,0.0074,0.00626,0.00942,0,60.57538589444034
"2026-03-01","4QMOVJAC7O",,"La Opala Novo Collection Lush Green Opal Glass Dinner Set (12 Pieces)","12 pieces","Plates Bowls Crockery","La opala",,,945,1495,,0.00859,36.78929765886288,0,0,0.00077,0.00117,0,78.75
"2026-03-01","AKSGEKIUM0",,"iVeo Solid Popcorn Bowl (750 ml, Red)","2 pieces","Plates Bowls Crockery","Iveo",,,251.41610738255034,400,,3.68148,37.145973154362416,0,0,0.00271,0.00409,0,125.70805369127517
"2026-03-01","FGBDLW55A1",,"Sumeet Stainless Steel Heavy Gauge Mirror Finish Dinner Set (3 Plates, 3 Small / Halwa Plates, 6 Bowls / Wati, 3 Glasses, 3 Spoons, Set of 18, Silver)","18 pieces","Plates Bowls Crockery","Sumeet",,,1283.902348686246,2121.8586520276494,,17.78926,39.492615711805946,0.0400673834164497,0.05068,0.04759,0.04958,0.04366,71.11304727793078
"2026-03-01","DU8S9IX8GB",,"Birch & Co. Coaster Holder with 6 sets of Coasters (Indus)","6 pieces","Plates Bowls Crockery","Birch & Co",,,362.30908491852523,799,,24.43602,54.65678567904135,0.03328594343675999,0.03169,0.00178,0.00268,0,60.493311484233125
"2026-03-01","D3M9VGEMP5",,"Cello Opalware Dazzle Series Blue Swirl Dinner Set (18 Pieces, Bone Ash-Free)","18 pieces","Plates Bowls Crockery","Cello",,,1347.5854109069487,2099,,47.53424,35.79486523061257,0.2379299171609236,0.32104,0.02556,0.03851,0,74.89361445427018
"2026-03-01","99K0SIZ5AM",,"Nestasia Ceramic Red Mini Fondue Set with 2 Dipping Forks (Set of 1 Fondue Pot 350ml + 1 Fondue Stand + 2 Metal Skewers + 1 Tealight Candle, Red, Silver, White)","1 pack","Plates Bowls Crockery","Nestasia",,,1117.2096774193549,1800,,1.41599,37.93279569892473,0.001496602825266849,0.00201,0,0,0,1147.8844953173777
"2026-03-01","O41HVS4R88",,"Cello Melamine Kidzbee Pentameal Lion King Kids Meal Set (Orange)","5 pieces","Plates Bowls Crockery","Cello",,,835.4815068069151,1199,,41.83899,29.83013856485507,0.1818628518071545,0.27117,0.00845,0.01273,0,171.42043020986685
"2026-03-01","MUOTP91ZSF",,"Sumeet Stainless Steel 3 in 1 Pav Bhaji Plate / Compartment Plate (21.5cm Dia, Set of 6, Silver)","6 pieces","Plates Bowls Crockery","Sumeet",,,804.9338142851428,1699.3637119105692,,27.03992,52.63089870960642,0.05966739288375278,0.0583,0.03997,0.00395,0.1111,134.59529985068306
"2026-03-01","B3SR7Q7BI0",,"Pasabahce Sip and Savour Luzia Party Set (6 Pieces, 4 x 300 ml Whisky Glass + 2 x 175 ml Bowl)","6 pieces","Plates Bowls Crockery","Pasabahce",,,699.2001170872138,1077.5826884274195,,25.05491,35.10592250670183,0.07366877747093538,0.10053,0.00516,0.00777,0,11650.018581558119
"2026-03-01","6V20YZ64HU",,"LIFELONG Aluminium DIECAST CASSEROLE (24cm, Glass Lid with Wooden Finish Handle)","1 Piece","Plates Bowls Crockery","Lifelong",,,1580,3999,,32.27509,60.49012253063266,0.027486274910445335,0.02282,0.00026,0.00039,0,1580
"2026-03-01","X1FMZIIT2C",,"Sumeet Stainless Steel Apple Shape Heavy Gauge Dinner Plates with Mirror Finish (27cm Dia, Set of 2, Silver)","2 pieces","Plates Bowls Crockery","Sumeet",,,579.5443795724974,1197.5280250691246,,26.38782,51.69783658241032,0.15432253290579676,0.15442,0.16887,0.05781,0.38812,288.5306104541906
"2026-03-01","FML45CNGUN",,"Glass ideas Dessert Bowls (300 ml)","2 pieces x 2","Plates Bowls Crockery","Glass Ideas",,,223.16129032258064,398,,15.41096,43.929324039552604,,,,,,223.16129032258064
"2026-03-01","DPH6SSMMJY",,"Nestasia Christmas Tree and Star Bamboo Platter with Ceramic Bowls (Pack of 4)","1 pack","Plates Bowls Crockery","Nestasia",,,1190,1800,,0.89479,33.888888888888886,0,0,0.00028,0.00042,0,1190
"2026-03-01","KKDQZUMXIL",,"Cello Opalware Solitaire Series Argento Opalglass Dinner Set (Set of 18, White)","18 pieces","Plates Bowls Crockery","Cello",,,1861.5830346475504,3499,,36.42256,46.80036532699512,0.2637682660715474,0.29471,0.02646,0.03986,0,1860.84289184664
"2026-03-01","HLAWZZFY3T",,"Heart Home Coaster for Tea, Office Table, Kitchen, Dining Table, Office Desk, Round Lining-Design (Purple, 12 Piece Set)","12 pieces","Plates Bowls Crockery","Heart Home",,,192.58064516129033,499,,9.49175,61.40668433641476,0.009265301802024254,0.00742,0.00004,0.00006,0,15.866313990817762
"2026-03-01","TOVUBW4R45",,"Cello Dazzle Series Tropical Lagoon Dinner Set (18 Pieces, Opalware, White)","18 pieces","Plates Bowls Crockery","Cello",,,1272.819261556842,2099,,38.35097,39.37112518676574,0.3426437247715861,0.43589,0.02889,0.04353,0,70.631554957714
"2026-03-01","PZ9FZ2FDP9",,"Anwaliya Breakfast Set (Coffee Mug 350ml and Snack Bowl 550ml, 2 Pieces, Teal)","2 pieces","Plates Bowls Crockery","Anwaliya",,,239.22801290967598,499,,15.22964,52.30041921785575,0.05640296954344018,0.05458,0.02574,0.0296,0.01812,11670.292704339223
"2026-03-01","ALG4OC5WTK",,"Femora Porcelain Ramen Abstract Design Bowls and Spoons Set (2 Bowls, 2 Spoons)","1 pack","Plates Bowls Crockery","Femmora",,,610.448489010989,818,,17.65666,25.37304535317983,0.006121604422949834,0.00749,0.00892,0.01344,0,478.5350324701479
"2026-03-01","G8QL64G6Z5",,"CLASSIC ESSENTIALS Stainless Steel Glory Dinner Set with Permanent Laser Design (Set of 12)","12 pieces","Plates Bowls Crockery","Classic Essentials",,,732.6780328512556,1052.202106451613,,57.80992,30.29829668078744,0.041801946090933975,0.06281,0.03239,0.04363,0.0102,60.94679997003338
"2026-03-01","NFLMDZW0UP",,"Signoraware BPA Free Plastic Round Full Plate (Set of 6, Microwave Safe and Crack Resistant, Yellow)","6 pieces","Plates Bowls Crockery","Signoraware",,,572.9845793098914,710,,24.72041,19.290394414663567,0.029911104065783255,0.05054,0.17572,0.06916,0.38611,96.27715893040906
"2026-03-01","CBE1YDDVTC",,"iVeo 3 Part Plate, Tumbler and Spoon Square Set (Red)","3 pieces","Plates Bowls Crockery","Iveo",,,375,695,,5.01906,46.0431654676259,0.0007705841658096198,0.00087,0.00451,0.0068,0,125
"2026-03-01","QTR28VYFJ0",,"Larah by Borosil Vanam Opalware Dinner Set (6 Pieces, 2 Full Plates, 2 Veg Bowls 210ml each, 2 Mini Veg Bowls 150ml each, Crockery for Gifting and Dining)","6 pieces","Plates Bowls Crockery","Larah",,,472.2621248683947,748.6786879838709,,70.82484,37.03901826563378,0.2530153410612078,0.33332,0.59932,0.50343,0.78865,78.46406960183218
"2026-03-01","VB09RVXDXJ",,"Agaro Elite Glass Casserole (1500ml)","1 Piece","Plates Bowls Crockery","Agaro",,,555.0667867879969,899,,22.03187,38.2638581502654,0.06139014902483772,0.07911,0.00377,0.00568,0,558.946506699402
"2026-03-01","YX8X3FKOA9",,"BlackCarrot Ceramic Stoneware Dinner Plates (10"", Pack of 2, Beige, White)","2 pieces","Plates Bowls Crockery","BLACKCARROT",,,841.4907135874878,1599,,8.82265,47.3857474395799,0.0500771619794428,0.05509,0.00187,0.00005,0.00546,837.4025253445398
"2026-03-01","ZLBBNIMZKN",,"Avias Platina Premium Double Wall Insulated Stainless Steel Casserole (2500ml, Silver, Steel Lid)","1 Piece","Plates Bowls Crockery","Avias",,,692.820951087558,1577.1502590673574,,9.39875,56.08079085862147,0.029967974973143387,0.02666,0.00183,0.00276,0,67020.73282102392
"2026-03-01","PV8BHVFRPR",,"Ireka Homes Wooden Rose Garden Oval Acacia Server with Enamel (33cm x 24cm, White and Blue)","1 Piece","Plates Bowls Crockery","Ireka Homes",,,699.6000343269067,1150,,22.4181,39.170203383415355,0.11499829593669346,0.14685,0.06215,0.09363,0,699.2739353551941
"2026-03-01","87KR7WMYKY",,"Nestasia Ceramic Mandala Square Snack Plate with Handle (16 cm, White, Yellow, and Blue)","1 Piece","Plates Bowls Crockery","Nestasia",,,434.4604516636631,570,,50.00264,24.092880417467793,0.10965026888520378,0.17294,0.16018,0.20804,0.06569,427.71143385067086
"2026-03-01","430G6X8NU4",,"Cello Roti Plus Big Solid Stainless Steel Double Walled Casserole (2.5L, Silver)","1 Piece","Plates Bowls Crockery","Cello",,,1582.5806451612902,1599,,9.13636,1.0268514595815934,0,0,0.00049,0.00074,0,1582.5806451612902
"2026-03-01","CGML44NCY1",,"Embassy Stainless Steel Mixing Bowl (2.6L, Silver)","1 Piece","Plates Bowls Crockery","Embassy",,,349.6516450072981,456.9117303225807,,56.20532,23.53129717680998,0.07327932815796037,0.11728,0.18322,0.27417,0.00364,348.52855599151377
"2026-03-01","Z69TB0DHLA",,"Nestasia Wooden Cart Platter (Yellow)","1 Piece","Plates Bowls Crockery","Nestasia",,,988.5483870967741,1250,,29.73667,20.91336909376879,0.019400628713136976,0.03244,0.14286,0.16835,0.09253,99493.20467518347
"2026-03-01","XDIQZRPNF5",,"Bathla Vera Premium Jute Table Mats (45x30 cm, Cream)","6 pieces","Plates Bowls Crockery","Bathla",,,1279.4301075268816,1299,,2.15766,1.5065352173301336,0,0,,,,213.23835125448028
"2026-03-01","15F09P411A",,"Milton Microwave Safe Insulation One-Touch Casserole (1.34L, 1500 Warm)","1 Piece","Plates Bowls Crockery","Milton",,,773.3090698690495,895,,15.91698,13.596751969938602,0.003551937371966655,0.006,0.00022,0.00034,0,721.9556531750515
"2026-03-01","PM6RJD5T19",,"Cello Ornella Toughened Glass Mixing Bowl with Premium Lid (500ml, 1000ml, 1500ml, Transparent)","3 pieces","Plates Bowls Crockery","Cello",,,745.4325587683693,1093.8080201612902,,19.392,31.80598944392437,0.04653619969486144,0.06636,0.00693,0.01045,0,246.98739068765764
"2026-03-01","MIAV2UHKJS",,"Embassy Stainless Steel Deep Dinner Plate / Chapti Beeding Khumcha (26 cm)","1 Piece","Plates Bowls Crockery","Embassy",,,199.83062093609297,327.20394683937826,,32.58511,38.88287538120174,0.04330353759228504,0.05562,0.0146,0.02133,0.00131,202.12997121591255
"2026-03-01","PH0WOC41I1",,"Eha Earth Friendly Rice Husk Biocomposite Soup Bowls with Spoons Set (4 Pieces, 250ml, Multicolour)","4 pieces","Plates Bowls Crockery","Eha",,,551.2916666666666,751,,5.2199,26.59232134931203,0.0008324437492539828,0.00128,0.00145,0.00218,0,137.3783846872082
"2026-03-01","OATDJQCXL2",,"Larah by Borosil Opalware Snack Plates (6 Pieces, 7.5 inch/19cm, White)","6 pieces","Plates Bowls Crockery","Larah",,,426.3600611754424,524.7041637185929,,8.45962,18.742771516464273,0.0008730183147389953,0.00147,0.0032,0.00483,0,70.41323443687308
"2026-03-01","C4WB79WVZV",,"Lucky Glass Thailand Glass Chatni/Sauce Bowl (Set of 6, 50ml, Transparent)","6 pieces","Plates Bowls Crockery","Lucky Glass Thailand",,,189,300,,2.84074,37,0.0009145906154408522,0.00121,0.00008,0.00012,0,31.5
"2026-03-01","U28UNYJCWN",,"Trisara Stainless Steel Halwa/Snacks Plate Plain (Size 5.5, Pack of 6)","6 pieces","Plates Bowls Crockery","Trisara",,,321.5374366995267,569.7542389035087,,21.98846,43.49038635276002,0.045288698095400114,0.05432,0.01197,0.01803,0,54.1190109275354
"2026-03-01","YLWZTWF52B",,"Nestasia Glass Ice Cream Dessert Bowls (Set of 6, 120ml, Transparent)","6 pieces","Plates Bowls Crockery","Nestasia",,,639.9901519235353,980,,53.56466,34.87522756624336,0.3155074886330505,0.42736,0.5393,0.35027,0.9125,105.95848787779545
"2026-03-01","IKGMG1A1ZH",,"Birch & Co. Coasters (Set of 4, The Royal Mayur)","4 pieces","Plates Bowls Crockery","Birch & Co",,,50.67705600551293,149,,18.92239,65.93359343765124,0.006857600434575509,0.00502,0.00874,0.01317,0,51.9663929310045
"2026-03-01","2YZYX3QFZG",,"Heart Home Coaster, Round Drink Coasters for Tea, Kitchen, Dining Table, Office Desk, Lining Round Design (Grey, 6 Piece Set)","6 pieces","Plates Bowls Crockery","Heart Home",,,241.90585120524636,499,,30.28361,51.52451534731525,0.018818450214108173,0.01907,0.00337,0.00507,0,40.121906979913426
"2026-03-01","W5D1F93IMM",,"Glass ideas Flory Plate Plain (5 Inches, 300ml)","2 pieces","Plates Bowls Crockery","Glass ideas",,,127.77516821909535,249,,10.81026,48.68467139795367,0.0008281202299809899,0.00087,0.0066,0.00994,0,62.963779803867766
"2026-03-01","IV3C4MBYC1",,"La Opala Opalware Lush Green Dinner Set (23 Pieces, Microwave Safe)","23 pieces","Plates Bowls Crockery","La opala",,,2121.3883928571427,2695,,13.09513,21.28446517471316,0.03286406772923754,0.05429,0.00212,0.0032,0,92.13131055956745
"2026-03-01","TOQKKTNY75",,"Java Plastic Plate with Bowl Set (4 Pieces, 12 Inch, 2 Plates and 2 Bowls, Blue)","4 pieces","Plates Bowls Crockery","Java",,,195.98811332511627,425,,38.6629,53.836415413249924,0.10084143094488589,0.09719,0.21853,0.32922,0,49.25459014515977
"2026-03-01","2148Q784R6",,"Milton Galaxia Insulated Stainless Steel Casseroles Set (3 Pieces, 2.5L, Silver)","3 pieces","Plates Bowls Crockery","Milton",,,3145.9624947544785,3535.774418525346,,27.22099,11.024796201038319,0.03735504022945775,0.07019,0.00444,0.00668,0,1051.2313502473653
"2026-03-01","FD9GBX1WE2",,"La Opala Novo Radiant Curve Multiutilty Bowl Set (Set of 2)","2 pieces","Plates Bowls Crockery","La Opala",,,192.3846153846154,235,,3.56385,18.134206219312603,0.0026699394402760587,0.00461,0.01215,0.0183,0,193.015873015873
"2026-03-01","006ZU0JYGS",,"Home Centre Glass Elvo Seong Icecream Bowls (4 Pieces)","4 pieces","Plates Bowls Crockery","Home Centre",,,795.0958440006827,799,,32.36644,0.4889236789542017,0.024353885197161817,0.05091,0.007,0.01054,0,198.75030091799948
"2026-03-01","T446PJCRH7",,"Melli Silicone Divided Plate (Blue)","1 Piece","Plates Bowls Crockery","Melii",,,825.9791901619452,896.8037136693549,,29.73086,7.881127993083594,0.06009575387018472,0.11699,0.66181,0.01652,1.93578,824.0743245529274
"2026-03-01","3NJCA327LA",,"Femora Borosilicate Glass Microwave Safe All-Purpose Mixing Bowls (700ml, 2 Pieces, Transparent)","2 pieces","Plates Bowls Crockery","Femora",,,591.584485407066,750,,23.10975,21.126251896813354,0.026689417050592138,0.04414,0.00075,0.00113,0,295.24652884753624
"2026-03-01","RX56Y5NURZ",,"Nestasia Ceramic Soup Bowls (Set of 6, 280ml, White and Blue)","6 pieces","Plates Bowls Crockery","Nestasia",,,1021.7571422268862,1500.4111993442623,,49.62105,31.923722710455632,0.05728663036715883,0.08083,0.08294,0.04832,0.15129,170.5545062868686
"2026-03-01","WBJVKHHJV9",,"Cello Opalware Dazzle Series Secret Garden Dinner Set (35 Pieces, Bone Ash-Free)","35 pieces","Plates Bowls Crockery","Cello",,,2255.8870634357286,4295,,64.28371,47.478239817415904,0.10808482232997463,0.11852,0.06456,0.09319,0.00803,64.3239076524994
"2026-03-01","Z59V5FPZT6",,"Nestasia Ceramic Snack Bowls (Set of 4, 310ml, Multicoloured)","4 pieces","Plates Bowls Crockery","Nestasia",,,751.1286212050826,1500,,53.99251,49.86470163596037,0.2422210100393693,0.2498,0.28976,0.04931,0.76447,189.63463457401457
"2026-03-01","LCVSLRLV1T",,"Sumeet Stainless Steel Heavy Gauge Small Halwa Plates with Mirror Finish (13.5cm Dia, Set of 6, Silver)","6 pieces","Plates Bowls Crockery","Sumeet",,,431.5841465618505,926.1055204838708,,26.20682,53.44856245510978,0.1429415335764536,0.13926,0.0816,0.04935,0.14529,71.78243396227144
"2026-03-01","Y6J6YG6COA",,"Home Centre Jalsa Melamine Platter with Dips (Set of 3)","3 pieces","Plates Bowls Crockery","Home Centre",,,295,299,,24.94129,1.3377926421404704,0.05908820759037449,0.12246,0.0635,0.09567,0,295.00000000000006
"2026-03-01","7ZFRWYSR01",,"Cello Melamine Kidzbee Cone Bowl Set for Kids (200ml, Cosmic Explorer, Navy Blue)","3 pieces","Plates Bowls Crockery","Cello",,,173.67670686967918,229,,13.04232,24.158643288349705,0.000761271970452404,0.00124,0.00063,0.00095,0,58.317879838850246
"2026-03-01","NAYNEM93R1",,"La Opala Novo Collection Opal Glass Dinner Set (12 Pieces, English Lavender)","12 pieces","Plates Bowls Crockery","La opala",,,945,1495,,2.94695,36.78929765886288,0.0024858572927682365,0.0033,0.00012,0.00019,0,78.75
"2026-03-01","LIS6JF1YKW",,"Neelam Stainless Steel Prem Vati Set (4 Pieces, 100ml, 4.5 inch, Silver)","4 pieces","Plates Bowls Crockery","Neelam",,,177.28187919463087,227.3338602013423,,51.1741,22.007527815030265,0.014076214728445946,0.02272,0.01649,0.02484,0,44.546108794917615
"2026-03-01","IBP6MHJ7KZ",,"Cello Ornella Toughened Glass Mixing Bowl (1L, Clear, Microwave and Dishwasher Safe)","1 Piece","Plates Bowls Crockery","Cello",,,221.8329013638691,249,,9.31908,11.125931665193043,0.037656189975741994,0.06975,0.09082,0.13681,0,219.4799185911222
"2026-03-01","FL9T04KIVF",,"Castleite Melamine Black Ivory Trays with Handle for Serving Snacks/Tea, Aroma Series (Black)","3 pieces","Plates Bowls Crockery","castleite",,,719.3121790651744,1999,,29.76029,63.964165788333815,0.15235450019057084,0.11192,0.08271,0.12461,0,243.18770293157255
"2026-03-01","FUS7K2T57J",,"The Earth Store Solid Ceramic Snack Bowl Set (500ml, 2 Pieces, Mustard, Dishwasher and Microwave Safe)","2 pieces","Plates Bowls Crockery","The Earth Store",,,328.29282896590587,1099,,22.45147,70.12804104040893,0.001017191053573035,0.00068,0.00344,0.00266,0.00497,174.0765404696504
"2026-03-01","0GIZ9IRIDQ",,"Castleite Melamine Bliss Non Breakable Coastal Charm Quarter Plate (7 Inch, Multicolor)","2 pieces","Plates Bowls Crockery","Castleite",,,172.2073732718894,499,,19.79308,65.4902508707142,0.019497741607576512,0.01403,0.00066,0.00099,0,85.72623507080345
"2026-03-01","TF8QDQILDH",,"HomeStop Grace Cherish Glass Pudding Bowls (1 Large + 6 Small Bowls, Transparent)","7 pieces","Plates Bowls Crockery","HomeStop",,,1310.9647036710096,1990.6951863870968,,31.16229,34.14639635794211,0.062479177014023564,0.0862,0.033,0.04971,0,1308.895338993744
"2026-03-01","XQ8XMWJN5E",,"HomeStop Essential Lumina Ice Cream Bowl (Set of 6, 120ml)","6 pieces","Plates Bowls Crockery","HomeStop",,,579,895,,8.94772,35.3072625698324,0.0004960406919745568,0.00067,0.0001,0.00016,0,96.5
"2026-03-01","KX7ZYVXZC5",,"Castleite Melamine Black Ivory Small Tray with Handle for Serving, Aroma Series (24 cm, Black)","1 Piece","Plates Bowls Crockery","castleite",,,171.84381381112328,499,,15.50783,65.56127088781938,0.016316629157870417,0.01162,0.05796,0.08732,0,170.61932366795617
"2026-03-01","FHA3AP36OC",,"Borosil Serving Mixing Glass Bowl with Lid Borosilicate Glass Multipurpose Bowl for Kitchen Dining Microwave Dishwasher Safe (2.5L, Transparent)","1 Piece","Plates Bowls Crockery","Borosil",,,615,845,,0.97609,27.218934911242602,0.0011710085661699057,0.00179,0,0.00001,0,61500
"2026-03-01","4WLRMRICP0",,"Home Centre Vamos Louisa Glass Bowls with Bamboo Tray (Set of 3, 240ml)","3 pieces","Plates Bowls Crockery","Home Centre",,,789.7208090489933,799,,50.88358,1.149587258652249,0.08436815735797087,0.17509,0.10072,0.15173,0,263.48563420422636
"2026-03-01","SR8TMKGBMT",,"Saaj Plastic Nova Mixing Bowl Set (3 Pieces, 850ml, 1.3L, 1.9L, Red)","3 pieces","Plates Bowls Crockery","saaj",,,132.06677527452965,175,,35.16726,24.381261900142388,0.03736418613561215,0.05927,0.35117,0.52905,0,44.225102922360136
"2026-03-01","6V2I0SJAHV",,"Castleite Melamine Tulip Armena Medium Tray with Handle for Serving, Aroma Series (31 cm, Black)","1 Piece","Plates Bowls Crockery","castleite",,,217.00104869250333,699,,8.84783,68.97497781893856,0.020147599812147934,0.01288,0.01512,0.02278,0,216.88374263513586
"2026-03-01","OPT71CVH2O",,"Avias Platina Premium Double Wall Insulated Stainless Steel Casserole (1500ml, Silver, Steel Lid)","1 Piece","Plates Bowls Crockery","Avias",,,533.7311168782009,1183.2821542741938,,67.84106,55.051088811592386,0.4250174094310848,0.39735,0.15026,0.22638,0,530.7126500288604
"2026-03-01","SURF0XSSKB",,"Cello Melamine Kidzbee Cereal Bowl Set (200ml, Cosmic Explorer, Peach)","3 pieces","Plates Bowls Crockery","Cello",,,169.82411822901452,239,,9.62806,28.943883586186395,0.001457691151809911,0.00221,0.00084,0.00126,0,57.577931423592645
"2026-03-01","EO49RHBPNL",,"SELVEL Camry Insulated Casserole (Set of 3, 1.7L, 1.2L, 600ml, Inner Steel, Hot Pot)","3 pieces","Plates Bowls Crockery","Selvel",,,1916.1651009361021,3773.2868083467743,,23.76489,49.24397163925664,0.11955445380441415,0.12489,0.27317,0.01431,0.78424,1875.7086342504892
"2026-03-01","CDHSVQFO5U",,"Home Centre Stellar Fantasy Ceramic Swan Decorative Platter (Gold)","1 Piece","Plates Bowls Crockery","Home Centre",,,1009,1249.400181827957,,49.11045,19.024983093857454,0.020899725876445934,0.04347,0.01482,0.02233,0,1009
"2026-03-01","IFB036UGFS",,"Cello Opalware Dazzle Series Lush Fiesta Dinner Set (27 Pieces, White)","27 pieces","Plates Bowls Crockery","Cello",,,2099,2749,,8.55321,23.64496180429247,0,0,0.00012,0.00019,0,77.74074074074075
"2026-03-01","LVPM5JRSGX",,"Opalware by Cello Ruby Solitaire Collection Dinner Set (27 Pieces)","27 pieces","Plates Bowls Crockery","opalware by cello",,,4873.322580645161,5295,,2.79855,7.963690639373724,0,0,0.00014,0.0002,0,180.4934289127838
"2026-03-01","SMTKN97DL2",,"Agaro Elite Glass Casserole (1000ml)","1 Piece","Plates Bowls Crockery","Agaro",,,460.70055783748984,628.5303926829268,,25.38498,26.73640446939042,0.03050974519588999,0.04605,0.00821,0.01237,0,451.6200861006213
"2026-03-01","U8T2KQ07FF",,"Borosil Serving Mixing Borosilicate Glass Bowl Set for Kitchen, Microwave Dishwasher Safe (500ml, 900ml, 1.3L, Transparent, Pack of 3)","3 pieces","Plates Bowls Crockery","Borosil",,,1040.961685192608,1293.8310356451611,,58.39606,19.59634223266976,0.4471992250611759,0.7528,0.24933,0.37554,0.00014,34668.855124214584
"2026-03-01","4NOZWQGIY7",,"Home Centre Velto Stoneware Dip Bowls with Spoon (Set of 3, 110ml each)","3 pieces","Plates Bowls Crockery","Home Centre",,,383.16465053763443,399,,31.28344,3.968759263750765,0.005639698313213909,0.01131,0.03017,0.04546,0,126.94341077874782
"2026-03-01","82EWQCHNN3",,"iVeo Triple Sauce Dish (15.5cm, Yellow)","1 Piece","Plates Bowls Crockery","Iveo",,,117.58064516129032,145,,6.51026,18.909899888765295,0.0010446287720362608,0.00174,0.00044,0.00067,0,115.66809830589355
"2026-03-01","10KQ7LFRNX",,"Kuber Industries EVA Foam Non-Slip Heat Insulation Coasters for Tea, Coffee, Beer (Green, Pack of 12)","12 pieces","Plates Bowls Crockery","Kuber",,,223.78066787823718,899,,14.25146,75.11887748628416,0.017690843129871,0.00913,0.00005,0.00007,0,18.40908179525088
"2026-03-01","6H0FLANT4L",,"Nestasia MDF and Wood Cutting Chai Stand (16 cm, Green, Orange, Yellow)","1 Piece","Plates Bowls Crockery","Nestasia",,,1003.1235478580497,1090,,34.50253,7.880785856328226,0.06500195050981505,0.12678,0.11943,0.04729,0.26185,1010.6520096731987
"2026-03-01","1STBKSR7PL",,"Magique by the Wishing Chair Ceramic Nysa Bowls and Platter Set Gift Box (3 Pieces)","3 pieces","Plates Bowls Crockery","The Wishing Chair",,,871.4632198402691,1190,,11.47237,26.767796652078225,0.0036279315376496492,0.00558,0.00068,0.00103,0,290.28878480625104
"2026-03-01","8UCM8WIZEB",,"Selvel Elegance Royal Casserole Ceramica (1.7L, White)","1 Piece","Plates Bowls Crockery","Selvel",,,737.5467017263235,2999,,31.12612,75.54856406789361,0.3761656325871298,0.19821,0.19607,0.05763,0.46938,724.0807185593317
"2026-03-01","BB2PTNTTNI",,"Nestasia Mandala Snack Dish (14 cm, Ceramic, Multicolour)","2 pieces","Plates Bowls Crockery","Nestasia",,,490,490,,3.08555,0,0,0,0.00007,0.0001,0,245.00000000000006
"2026-03-01","8RCSTM2RAF",,"Nestasia Ceramic Bread-Shaped Snack Plate (17 cm, White)","1 Piece","Plates Bowls Crockery","Nestasia",,,391.3676489109625,632.7387442396313,,23.41776,38.147038967674874,0.01403164922209355,0.01808,0.02212,0.03032,0.00595,390.2691794833988
"2026-03-01","AKDMKKUPG9",,"VAYA HauteCase Premium Stainless Steel Casserole with Glass Lid (1100ml, Iris Purple)","1 Piece","Plates Bowls Crockery","Vaya",,,1537.4418604651162,4490,,2.5725,65.75853317449629,0,0,0.00008,0.00013,0,1537.4418604651162
"2026-03-01","LAQEC854F3",,"Cello Roti Plus Insulated Casserole for Roti (Red)","1 Piece","Plates Bowls Crockery","Cello",,,619.0085773747584,835,,13.10277,25.867236242543903,0.003470954530199438,0.00541,0.00076,0.00115,0,615.5735572546665
"2026-03-01","KVD9CGHJX3",,"La Opala Novo Opalware English Lavender Dinner Set (23 Pieces, White)","23 pieces","Plates Bowls Crockery","La Opala",,,1762.586127617431,2692.8252828225804,,19.40875,34.544125766094844,0.07170340538295439,0.09854,0.01308,0.01971,0,76.64846896188088
"2026-03-01","A7TKVCF8FA",,"Larah by Borosil Meadow Opalware Full Plate Set (2 Pieces, for Dining, Microwave Safe Crockery)","2 pieces","Plates Bowls Crockery","Larah",,,261.9940289035299,354.39881158119664,,46.14876,25.98588123732572,0.0936411084633243,0.14686,0.05669,0.0854,0,131.73164527681365
"2026-03-01","V6HX52ZR00",,"CLASSIC ESSENTIALS Stainless Steel Microwave Safe Mixing Bowl Set (500ml, 750ml, 1.25L, Set of 3, Red)","3 pieces","Plates Bowls Crockery","Classic Essentials",,,384.5332257871291,1355.9841556451613,,30.36615,72.01930389309744,0.3033005308333627,0.16779,0.08914,0.13319,0.00215,125.0405436006647
"2026-03-01","KTBUMC6K4G",,"Nayasa Plastic Desire Insulated Stainless Steel Casserole (1200ml, Green)","1 Piece","Plates Bowls Crockery","Nayasa",,,451.5806451612903,545,,11.19131,17.141166025451316,0.0006042949630021921,0.00105,0.00127,0.00192,0,449.77459333849725
"2026-03-01","ARMF7R80KL",,"Sumeet Heavy Gauge Stainless Steel Big Size Apple Bowl / Wati / Katori with Mirror Finish (12.2cm Dia, 550ml Each, Set of 6, Silver)","6 pieces","Plates Bowls Crockery","Sumeet",,,717.5866546685933,1321.7609397177418,,36.64514,45.74379701776267,0.11554588628153832,0.13146,0.16003,0.10134,0.27589,119.5778605615948
"2026-03-01","41MRHPNMUH",,"ExclusiveLane Mango Wood Circles of Wood Log Coasters (Light Brown)","6 pieces","Plates Bowls Crockery","ExclusiveLane",,,535.1834067474653,912.7650380241936,,31.46583,41.37936069938351,0.03879443956895884,0.04729,0.03684,0.01498,0.08,90.74783518412441
"2026-03-01","GFAYNMQLRV",,"Corelle Denham Veg/Dessert Bowl (Set of 2, 296ml each)","2 pieces","Plates Bowls Crockery","Corelle",,,900.4013538765169,1050,,34.81335,14.246292895720826,0.02240747007830088,0.04038,0.09691,0.04955,0.19043,900.8700464798505
"2026-03-01","U8VGPYW8UG",,"Sumeet Stainless Steel Heavy Gauge Mirror Finish Dinner Set (2 Plates - 500ml, 2 Bowls - 200ml, 2 Glasses - 300ml, 2 Spoons, Set of 8, Silver)","8 pieces","Plates Bowls Crockery","Sumeet",,,595.8495945424233,1554.3514322177416,,76.17871,61.64855980841544,0.7165519814306054,0.57533,1.40962,0.83311,2.54782,74.47113788454503
"2026-03-01","YX7JQMODAX",,"The Earth Store Dual Tone Green Ceramic Bowl with Multipurpose Use Lid and Coaster (400 ml, Green)","2 pieces","Plates Bowls Crockery","The Earth Store",,,519.1349206349206,1548.0629801075268,,7.95314,66.4655167583129,0.002210316083716329,0.00159,0.00222,0.00008,0.00645,257.44111035056636
"2026-03-01","ANXB67PBL4",,"Eha Earth Friendly Rice Husk Biocomposite Square Plates (4 Pieces, 9 inch)","4 pieces","Plates Bowls Crockery","Eha",,,522.1524198568316,858,,7.33396,39.1467160716753,0.005469251880336296,0.00679,0.00001,0.00002,0,126.9700382600225
"2026-03-01","IBQ7NCCXK5",,"Sumeet Heavy Gauge Stainless Steel Multi Utility Serving Plates (230ml, 11.5cm Dia, Pack of 6)","6 pieces","Plates Bowls Crockery","Sumeet",,,324.269973723717,995.6655613709679,,57.1236,67.37616949777329,0.5861247081006272,0.40124,0.79833,0.33058,1.72179,54.13294108044637
"2026-03-01","6K78NU2TZ3",,"Home Centre Melamine Melina Happiness Printed Coasters (Pack of 6, Multicolour)","6 pieces","Plates Bowls Crockery","Home Centre",,,689.0119047619048,699,,3.28177,1.4289120512296387,0,0,0.00005,0.00007,0,114.83531746031744
"2026-03-01","XO5ME9YC3B",,"Corelle Winter Frost White Katori/Bowl (Set of 2, 177ml each)","1 pack","Plates Bowls Crockery","Corelle",,,768.0634625181256,898,,35.87458,14.507011157204287,0.06664937764202826,0.11942,0.11713,0.10547,0.14017,765.7472911614232
"2026-03-01","CMZG2D3L9K",,"Home Centre Olen Gleam Oval Glass Platters (2 Pieces)","2 pieces","Plates Bowls Crockery","Home Centre",,,587.3816434461596,597.31421172043,,51.01776,1.6631609150223987,0.06059761468425753,0.12517,0.16199,0.24405,0,293.825449507354
"2026-03-01","9RFAWN8262",,"CLASSIC ESSENTIALS Stainless Steel Microwave Safe Mixing Bowl Set (500ml, 750ml, 1.25L, Set of 3, Navy Blue)","3 pieces","Plates Bowls Crockery","Classic Essentials",,,382.80294117647065,1315.0004999999999,,13.16544,70.86897575433686,0.1225548098906686,0.07533,0.00577,0.00869,0.00002,128.24463544753056
"2026-03-01","Z2JJC65X5A",,"Home Centre Bone China Mandarin Crane Printed Bowls (470ml, Pack of 3, Multicolour)","3 pieces","Plates Bowls Crockery","Home Centre",,,581.0826173222912,999,,9.98313,41.83357183961049,0.0022149721813949363,0.00269,0.00197,0.00297,0,196.7963722320203
"2026-03-01","JS12UG9RSE",,"Home Centre Tuscany Zinnia Glass Bowls with Stainless Steel Spoons (Set of 6, 150ml each)","1 pack","Plates Bowls Crockery","Home Centre",,,379.6626139817629,399,,3.26563,4.846462661212312,0.001105823198669394,0.00218,0.00033,0.0005,0,62.55151454093626
"2026-03-01","X8EZT7TJNE",,"Sumeet Stainless Steel Heavy Gauge Bowl Set/Wati Set with Mirror Finish (350ml Each, 12cm Dia, Set of 6, Silver)","6 pieces","Plates Bowls Crockery","Sumeet",,,399,882.4488860483871,,35.43203,54.78559143784371,0.09837769011609102,0.09305,0.17539,0.09154,0.34093,66.5
"2026-03-01","HZ1J5FCYR2",,"Nayasa Plastic Partition Plate (Orange)","1 Piece","Plates Bowls Crockery","Nayasa",,,168.14717273270463,225,,11.15045,25.267923229909048,0.001496602825266849,0.00242,0.00307,0.00462,0,172.61842584098363
"2026-03-01","ERI3P3DKKC",,"iVeo Solid Round Veg Bowl Set (6 Pieces, 180ml, 4 inch, Red)","6 pieces","Plates Bowls Crockery","Iveo",,,351.5860215053763,612,,3.30314,42.5513036755921,0.0013569198949086097,0.00163,0.00062,0.00094,0,58.235609448457744
"2026-03-01","2MUSXQYWA3",,"Judge by Prestige Classic Stainless Steel Plate Set of 6 (Stainless Steel)","1 pack","Plates Bowls Crockery","Prestige",,,1079,1550,,67.88243,30.387096774193566,0.08190474910758165,0.11979,0.06069,0.08693,0.00889,1078.9999999999998
"2026-03-01","OQI7B5M9J1",,"iVeo Solid Octa Nappy Bowl (450ml, Black)","2 pieces","Plates Bowls Crockery","Iveo",,,251.26415094339623,384,,16.67309,34.566627358490564,0.0030863276041058576,0.00422,0.02017,0.03039,0,125.10266666666666
"2026-03-01","E47WNSLY27",,"Home Centre Jalsa Melamine Bowls (Set of 4)","1 pack","Plates Bowls Crockery","Home Centre",,,453.8382966308993,493.6064559274194,,28.18229,8.113413770412155,0.084589987154516,0.16281,0.01017,0.01532,0,457.0794108449237
"2026-03-01","S8P6RHCWRF",,"Cello Glass Mixing Bowls (500ml, 1L, 1.5L, Transparent)","3 pieces","Plates Bowls Crockery","Cello",,,695.5765893034479,800.41952,,70.32394,13.087385063641765,0.11490085046384829,0.20938,0.22939,0.34558,0,232.0015362427571
"2026-03-01","L6C129QPAI",,"Cello Wow Casserole with Insulated Stainless Steel Inner Body (Set of 3, 500ml, 1L, 1.5L, Mop Red)","3 pieces","Plates Bowls Crockery","Cello",,,668.2353199933399,1132,,67.18541,40.149135880212654,1.0924320954565143,1.37578,0.51161,0.68936,0.16069,226.05716734966782
"2026-03-01","KLKD61RDI0",,"Ireka Homes Wooden Dawn Acacia Tray with Metal Handles (34x19cm, Black)","1 Piece","Plates Bowls Crockery","Ireka Homes",,,841.5428698995108,1249.0851380241938,,73.98784,32.626930983734,0.16386786572534867,0.23167,0.40025,0.60298,0,841.0387612243277
"2026-03-01","DWOVP4JN1R",,"La Opala Novo Collection Silken Charm Opal Glass Dinner Set (12 Pieces, White, Microwave Safe)","12 pieces","Plates Bowls Crockery","La opala",,,945,1495,,2.57865,36.78929765886288,0.0012431780801883292,0.00165,0.00002,0.00003,0,78.75
"2026-03-01","100000056","100000056","Dummy Product","100g","Plates Bowls Crockery","dummy",0.04247000000000001,,,,0,,,7.062302443231454e-8,,,,,
"2026-03-01","14NMKSKLN8",,"Larah by Borosil Opalware Orbit Serving Bowl (1.3L, Black, Microwave and Dishwasher Safe)","1 Piece","Plates Bowls Crockery","Larah by Borosil",,,371.2988505747126,445,,26.31706,16.564027348293735,0.005179409799842949,0.00902,0.00121,0.00182,0,369.1219995730015
"2026-03-01","YTPOKU07LR",,"Castleite Melamine Tulip Armena Small Tray with Handle for Serving, Aroma Series (24 cm, Black)","1 Piece","Plates Bowls Crockery","castleite",,,173.40918035913555,499,,12.98967,65.24866125067425,0.006360395718181301,0.00454,0.05017,0.07558,0,173.5984040523069
"2026-03-01","MYKBAGYWKV",,"The Earth Store White Marble Ceramic Bowl (550 ml, White)","2 pieces","Plates Bowls Crockery","The Earth Store",,,463.8541529377266,1296.556806169355,,56.3337,64.61343558878944,0.5969719190889586,0.4253,1.21075,0.43043,2.75134,228.14609698535313
"2026-03-01","G4NGZZL9KN",,"Sanjeev Kapoor Bahamas Glass Bowl and Wooden Tray Set (5 Pieces, 270 ml, Transparent)","5 pieces","Plates Bowls Crockery","Sanjeev Kapoor",,,1079.8735031300068,1895,,25.14737,43.014590863851886,0.0010504488941345206,0.00124,0.00292,0.0044,0,214.29527894751587
"2026-03-01","O0ZC3WEN8A",,"La Opala Diva Ivory Plain Full Plate (Set of 6)","6 pieces","Plates Bowls Crockery","La Opala",,,641.6027397260274,720,,5.28599,10.888508371385084,0.003591846780640438,0.0067,0.00081,0.00122,0,639.239898989899
"2026-03-01","871I1B0CQ1",,"Femora Mango Wooden Rectangular Serving Trays for Breakfast (2 Pieces, Brown)","2 pieces","Plates Bowls Crockery","Femora",,,1312.8757567136515,1796.611052105263,,27.26531,26.92487557462013,0.01694420460926565,0.02597,0.04025,0.06064,0,656.8144792542827
"2026-03-01","NQ9LX3DEB6",,"Borosil Serving Mixing Glass Bowl with Lid Borosilicate Glass Multipurpose Bowl for Kitchen Dining Microwave Dishwasher Safe (1.3L, Transparent)","1 Piece","Plates Bowls Crockery","Borosil",,,445.22861826697897,595.1096152459016,,5.63117,25.185443679479324,0.0016489237350384525,0.0025,0,0,0,451.3576370590157
"2026-03-01","0VUPBFYFNM",,"HomeStop Essential Celestia Dessert Bowl (Set of 6, 230ml)","6 pieces","Plates Bowls Crockery","HomeStop",,,591.5806451612904,895,,9.77497,33.90160389259326,0.0028077931894034164,0.00388,0.01716,0.02585,0,98.18919553177507
"2026-03-01","FQ6NJ87955",,"Birch & Co. Serving Tray with 4 Pieces Matching Coasters (Tan, Heritage)","4 pieces","Plates Bowls Crockery","Birch & Co.",,,598.106774438594,1499,,21.59528,60.07640005956151,0.20792818547961037,0.17294,0.10992,0.1656,0,150.3553974232398
"2026-03-01","OOHOPAD8W0",,"Larah by Borosil Fluted Chrys Red Opalware Dinner Set, Family of 4, Microwave Dishwasher Safe Crockery Set for Dining, Gifting (Red and White, 12 Pieces)","12 pieces","Plates Bowls Crockery","Larah by Borosil",,,1219.4280663934264,1630,,64.69028,25.192073639179473,0.07528760286026567,0.11798,0.09806,0.09669,0.10077,101.51574055057083
"2026-03-01","J8QYO0TY0Z",,"Glass ideas Curry Bowls (300 ml)","2 pieces","Plates Bowls Crockery","Glass ideas",,,131.8854972288323,199,,58.05308,33.77980676373907,0.07834582758909708,0.10882,1.13811,1.69741,0.03389,65.82797668613513
"2026-03-01","Z9KOP1XZIG",,"Larah by Borosil Fluted Erba Opalware Dinner Set, Family of 4, Microwave Dishwasher Safe Crockery Set for Dining, Gifting (Green and White, 12 Pieces)","12 pieces","Plates Bowls Crockery","Larah by Borosil",,,1152.6963315132596,1630.1300858064512,,50.39025,29.278085829174376,0.12106851699597579,0.17943,0.06867,0.05848,0.08877,96.24224357127845
"2026-03-01","AJI9511F48",,"Cello Tropical Lagoon Dazzle Series Opalware Dinner Set (White, 35 Pieces)","35 pieces","Plates Bowls Crockery","Cello",,,2041.4175824175825,4295,,5.82908,52.46990494953242,0,0,0.00055,0.00083,0,58.326216640502366
"2026-03-01","7EJ975EXAR",,"Anwaliya Ceramic Dessert Bowls with Spoons Set (6 Bowls + 6 Spoons, 175ml, Pink)","1 pack","Plates Bowls Crockery","Anwaliya",,,546.1116883116883,1624,,3.35491,66.37243298573347,0,0,0.00102,0.00154,0,546.1116883116883
"2026-03-01","C6UGVR696H",,"Castleite Melamine Islewight Marble Print Serving Platter/Tray Plates with Bowl (White)","6 pieces","Plates Bowls Crockery","castleite",,,631.1642819289877,1999,,2.03305,68.42529393479913,0.012077418510700665,0.00808,0.00161,0.00242,0,106.23535903725283
"2026-03-01","N9M8XI2YAY",,"Ireka Homes Wooden Dandelions Mango Chopping Board/Serving Platter (17 x 40 cm, Brown)","1 Piece","Plates Bowls Crockery","Ireka Homes",,,423.6595960303232,610,,21.5168,30.548431154528085,0.021229144787207443,0.03084,0.01649,0.02484,0,423.48083682036196
"2026-03-01","56I0FBT4MI",,"Nestasia Wooden Serving Board with Handle (50 cm, Brown)","1 Piece","Plates Bowls Crockery","Nestasia",,,961.5137427257077,2015.0032991129033,,33.92368,52.29481443713657,0.0916221912520393,0.09217,0.04572,0.0523,0.03273,965.6767289872033
"2026-03-01","TB72Y0Y6A6",,"La Opala Novo Collection Trinity Green Opal Glass Dinner Set (23 Pieces)","23 pieces","Plates Bowls Crockery","La opala",,,2081.59460547504,2695,,6.35273,22.760868071427076,0,0,0.00479,0.00722,0,90.5041132815235
"2026-03-01","4141GCRB73",,"Sumeet Heavy Gauge Stainless Steel Apple Square Bowl / Wati / Katori with Mirror Finish (11cm Dia, 350ml Each, Set of 6, Silver)","6 pieces","Plates Bowls Crockery","Sumeet",,,838.652754074629,1546.4637564814814,,24.83313,45.76968325105475,0.009897034483489671,0.0111,0.07528,0.05136,0.12248,140.2125183312528
"2026-03-01","PPSCKIE4OY",,"CHUMBAK Marigold Design Mini MDF Wood Bowl Set (2 Pieces, 90ml, 10cm, Teal)","2 pieces","Plates Bowls Crockery","Chumbak",,,542.1917405623051,995,,19.81775,45.51920632661162,0.020408008703744363,0.02223,0.01403,0.01103,0.01994,265.9027043769547
"2026-03-01","JDT6XC1MSJ",,"Larah by Borosil Meadow Opalware Dinner Set (31 Pieces, Crockery for Gifting and Dining)","31 pieces","Plates Bowls Crockery","Larah",,,1595.3123019207278,3290.3636491532257,,76.44067,51.75643741528538,4.4367043514624,4.49386,1.6577,1.65347,1.66606,51.180660546976846
"2026-03-01","1J1R1I1HHO",,"Nestasia Christmas Bamboo Platter with Ceramic Snack Bowl and Pine Tree (Pack of 4)","1 pack","Plates Bowls Crockery","Nestasia",,,950,1440,,1.53023,34.02777777777778,0,0,0.00035,0.00052,0,237.5
"2026-03-01","M2C5DT54ZD",,"Nestasia Frill Metal Bowls for Dry Fruits & Chocolates (Set of 2, 4.5x12.5cm)","2 pieces","Plates Bowls Crockery","Nestasia",,,971.9324113448856,1521.6107112903226,,89.98549,36.140622113570565,0.02332206069374173,0.03079,0.09934,0.14965,0,961.6078731915607
"2026-03-01","H2QC1MS3XX",,"Asian Plastowares Cosmos Casserole (1.5L, Bluish Grey, BPA-Free)","1 Piece","Plates Bowls Crockery","Asian",,,261.8619047619047,350.96097960000003,,6.62785,25.405581713218208,0.012685039257759005,0.01978,0.00121,0.00182,0,260.3722700723975
"2026-03-01","9ICMGTC2YB",,"Saaj Plastic Nova Mixing Bowl (850Ml, 1.3L, 1.9L, Orange)","3 pieces","Plates Bowls Crockery","saaj",,,141.67103379806775,175,,31.22215,19.066952927324035,0.013550075690763242,0.02299,0.10036,0.1512,0,47.17017383096646
"2026-03-01","U4CHKX1ID8",,"Glass ideas Cake and Dessert Plate Set (14.5cm)","6 pieces","Plates Bowls Crockery","Glass ideas",,,199,349,,0.00172,42.97994269340974,0,0,0,0,0,33.166666666666664
"2026-03-01","NE8RS9PC4G",,"Larah by Borosil Vanam Opalware Dinner Set (16 Pieces, Crockery for Gifting and Dining)","16 pieces","Plates Bowls Crockery","Larah",,,917.7445273066049,2522.735559314516,,70.42121,63.90505799894564,1.0180429531590176,0.76139,0.81682,0.8129,0.82454,900.5512273168451
"2026-03-01","YPANSW83JB",,"Basil Stainless Steel Kids Plate (3 Compartments, Unbreakable, Funky Tiger)","1 Piece","Plates Bowls Crockery","Basil",,,774.5978260869565,1499,,12.12713,48.494134978874804,0.007478025450250022,0.00761,0.0014,0.00211,0,72591.31806108898
"2026-03-01","95JS0P2L69",,"Home Centre Velto Stoneware Oval Dip Bowls (Set of 3, 50ml)","3 pieces","Plates Bowls Crockery","Home Centre",,,382.5992063492064,399,,39.13797,4.083179037806985,0.01658734798004091,0.03352,0.04998,0.07529,0,127.90672473087494
"2026-03-01","F5HJ5OQP3V",,"Jaypee Plus Stainless Steel Ribtok Meal Bowl with Lid and Spoon (900ml, Pink)","1 pack","Plates Bowls Crockery","Jaypee Plus",,,299.09014408057294,373.1164463306451,,40.28429,19.866164844577167,0.05436060555455933,0.09107,0.05307,0.07922,0.00144,299.2487055686599
"2026-03-01","LF7XVDCULI",,"Home Centre Niko Beacon Mango Wood Chip and Dip Platter (1 Chip Platter, 2 Dip Bowls, Brown)","1 pack","Plates Bowls Crockery","Home Centre",,,1241.5077468267443,1299,,40.08138,4.426425936210969,0.08262378362052097,0.16579,0.1629,0.2454,0,1240.6053482881698
"2026-03-01","05X787RE3I",,"Femora Porcelain Bowls (Elegant Floral Medallion Pattern)","2 pieces","Plates Bowls Crockery","Femmora",,,489.1859390753872,600,,27.76885,18.469010154102133,0.002993205650533698,0.00491,0.20441,0.00704,0.59408,23408.35399524842
"2026-03-01","W9LPN8W3D2",,"Corelle Country Cottage Veg/Dessert Bowl (Set of 2, 296ml each)","2 pieces","Plates Bowls Crockery","Corelle",,,887.4495879624084,1033.0645161290322,,41.89998,14.08900260031308,0.010767225881780942,0.01944,0.12747,0.06706,0.24675,901.9483653984081
"2026-03-01","KTFPV2ABV7",,"Cello Dazzle Series Lush Fiesta Dinner Set (35 Pieces, Opalware, White)","35 pieces","Plates Bowls Crockery","Cello",,,2002.545703510053,4294.404517137096,,50.72615,53.35856184103607,0.5120704722575845,0.50085,0.34132,0.49935,0.02932,57.401835002559004
"2026-03-01","9VMHL00LQ1",,"Borosil Borosilicate Glass Oval Dish with Venus Katori (700ml each, Set of 6)","6 pieces","Plates Bowls Crockery","Borosil",,,627.5865102639297,845,,24.66971,25.729407069357446,0.0018737467372340949,0.00292,0.00511,0.0077,0,627.5104938886439
"2026-03-01","OGMBWBZ3BX",,"La Opala Diva Opal Glass Classique Collection Quarter Plates (6 Pieces, 190mm, White)","6 pieces","Plates Bowls Crockery","La Opala",,,410,480,,0.59825,14.583333333333334,0,0,0,0,0,68.33333333333334
"2026-03-01","3GHE5CZF22",,"Birch & Co. Serving Tray with 4 Pieces Matching Coasters (Mandala)","4 pieces","Plates Bowls Crockery","Birch & Co.",,,593.5342093556801,1499,,50.3339,60.401963780096466,0.7846655355033528,0.65277,0.84347,1.27069,0,148.40581877876642
"2026-03-01","36KKSYJQK4",,"Kavi The Poetry-Art Project Bombay Sapphire Platter With Glasses","1 pack","Plates Bowls Crockery","Kavi The Poetry-Art Project",,,941.7989881290747,1299,,24.303,27.49793321994611,0.043986653637417966,0.06704,0.01074,0.01618,0,942.4326470629792
"2026-03-01","1LGO649G9C",,"Hawkins Die Cast Aluminum Square Mini Casserole with Glass Lid (750ml, Grey, MCSG75)","1 Piece","Plates Bowls Crockery","Hawkins",,,791.9364289795832,899.2867721774194,,21.37633,11.958316273395432,0.017111990414898345,0.03092,0.00279,0.0042,0,792.4363850431789
"2026-03-01","Q2W4OIFDUM",,"Castleite Melamine Bliss Non Breakable Tropicana Cabana Quarter Plate (7 Inch, Sea Green)","6 pieces","Plates Bowls Crockery","Castleite",,,506.51465839497337,1349,,10.52602,62.45258277279664,0.005608435943086113,0.00428,0.00123,0.00186,0,83.60286833461883
"2026-03-01","JTCHJQLGU4",,"Home Centre Bone China Melina Happiness Cooper Bowl (350ml, Pack of 2, White)","2 pieces","Plates Bowls Crockery","Home Centre",,,476.6623824569323,497.2300949289099,,12.39411,4.136457684629541,0.0002765389442687523,0.00055,0.00666,0.01003,0,237.96606789584462
"2026-03-01","DNHX7LD1AI",,"Castleite Melamine Lille Marble Print Serving Platter/Tray Plates with Sauce Dip (Black)","2 pieces","Plates Bowls Crockery","castleite",,,349.68693248095985,993.7123534274193,,19.48288,64.81004475038954,0.025195308563367404,0.01814,0.04119,0.06206,0,173.34403554310734
"2026-03-01","ZUUPJEY0I4",,"Cello Dazzle Series Lush Fiesta Dinner Set (18 Pieces, Opalware, White)","18 pieces","Plates Bowls Crockery","Cello",,,1281.557724447861,2099,,35.01694,38.9500821394145,0.1518454889407773,0.19411,0.03662,0.05516,0,70.9908371357167
"2026-03-01","C0JM5JLPAG",,"Ireka Homes Wooden Cloud Acacia Server (40 x 17 cm, White)","1 Piece","Plates Bowls Crockery","Ireka Homes",,,600.1475048756062,971.9965609274194,,15.38483,38.256211081345576,0.02338691348283662,0.03014,0.01421,0.0214,0,603.9589983486158
"2026-03-01","S1VJUO4XTZ",,"iVeo Melamine Salad Bowl (510ml, Green)","1 Piece","Plates Bowls Crockery","Iveo",,,187.66666666666666,216,,0.06409,13.117283950617283,0,0,0,0,0,187.66666666666666
"2026-03-01","1MLIRON01K",,"Home Centre Vamos Louisa Glass Bowls with Bamboo Tray Set","1 pack","Plates Bowls Crockery","Home Centre",,,781.6164669410637,799,,34.27517,2.174806838577788,0.027901166471449867,0.05728,0.00509,0.00766,0,780.6272969532876
"2026-03-01","04F2U6CEPH",,"Embassy Stainless Steel Dinner Plate / Khumcha / Thali (27cm)","1 Piece x 2","Plates Bowls Crockery","Embassy",,,317.11945484741926,459.88693508064523,,57.72487,31.044039163276175,,,2.60424,3.90847,0.0293,317.11945484741926
"2026-03-01","HQCRW8YNGW",,"Home Centre Velto Stoneware Triangle Dip Bowls (Set of 3, 90ml)","3 pieces","Plates Bowls Crockery","Home Centre",,,382.5940860215054,399,,42.06615,4.105943872025739,0.023443451811791152,0.04718,0.01416,0.02133,0,127.40654608096469
"2026-03-01","SI2I95ZETP",,"CLASSIC ESSENTIALS Stainless Steel Peacock Laser Design Dinner Set (Set of 5, Silver)","5 pieces","Plates Bowls Crockery","Classic Essentials",,,473.8462205581157,700,,14.8142,32.30768277741204,0.0009699649199757256,0.00138,0.0024,0.00357,0.00008,94.94352003753346
"2026-03-01","IY1Z15CR08",,"Nayasa Plastic Round Quarter Plate Set (Yellow)","6 pieces","Plates Bowls Crockery","Nayasa",,,392.16929207668557,525,,23.13329,25.308439109773406,0.0331294652969182,0.05179,0.04992,0.07521,0,65.32431817599704
"2026-03-01","KW7KD8GP48",,"Corelle Country Cottage Small Plate (Set of 2, 17cm each)","1 pack","Plates Bowls Crockery","Corelle",,,772.6564936940388,898,,29.9442,13.953500288952696,0.08860021756941994,0.16017,0.19212,0.11722,0.34001,773.0167685219004
"2026-03-01","7UQJAWMTWG",,"Nestasia Aluminium Silver Tray with Handles (Set of 2, 22.86 cm, Silver)","2 pieces","Plates Bowls Crockery","Nestasia",,,967.5181315845612,1530,,16.93669,36.76352081146659,0.010176899211814574,0.01353,0.03373,0.05082,0,501.41739422156735
"2026-03-01","OXTJB9O7LI",,"La Opala Diva Classique Collection Royal Iris Opalware Dinner Set (33 Pieces, White, Microwave Safe)","33 pieces","Plates Bowls Crockery","La opala",,,3476.709485817073,3983.3752439784953,,12.51778,12.71950863598222,0.013173098067998806,0.02768,0.00552,0.00832,0,104.9403139788462
"2026-03-01","L38MLUT83X",,"Ellementry Carbon Ceramic Snack Platter (Grey)","1 pack","Plates Bowls Crockery","Ellementry",,,1685.9417194579792,1860.5882352941176,,24.13493,9.398717796791532,0.011410598807442881,0.02156,0.03537,0.00358,0.09812,1598.0736147799046
"2026-03-01","7IIO8MSK9L",,"CHUMBAK Ceramic Saanjh Snack Plates Gift Set (4 Pieces, Multicolor)","4 pieces","Plates Bowls Crockery","Chumbak",,,1375.6862358106541,2604.598450184332,,32.32326,47.21104953984812,0.126451464780055,0.13765,0.0289,0.04354,0,337.5155545063524
"2026-03-01","7P5W27NOBS",,"Larah by Borosil Vanam Opalware Dinner Set (10 Pieces, Crockery for Gifting and Dining)","10 pieces","Plates Bowls Crockery","Larah",,,760.6636628772444,1590,,63.29389,52.89480832069251,0.6641416156465713,0.64726,1.21877,1.5035,0.65664,738.4299895233981
"2026-03-01","3S7M8CPR30",,"iVeo Solid Square Veg/Snack Bowl Set (2 Pieces, 220ml, 4.4 inch, Red)","2 pieces","Plates Bowls Crockery","Iveo",,,200,260,,14.76328,23.076923076923077,0.004503943058039178,0.00728,0.00612,0.00922,0,100
"2026-03-01","KXO0FKFZ3R",,"Magique by The Wishing Chair Ceramic Portrait of a Rose Snack Plates (4 Pieces, 5.5 inches, White)","4 pieces","Plates Bowls Crockery","The Wishing Chair",,,967.6602370906168,1099,,13.18344,11.95494237661657,0.03228471614665647,0.05963,0.00701,0.00078,0.0193,241.53710264282824
"2026-03-01","F8XB9NAC3J",,"iVeo 3 Part Plate, Tumbler and Spoon Round Set (3 Pieces, Red)","3 pieces","Plates Bowls Crockery","Iveo",,,397.9546562980031,695,,12.14536,42.740337223308906,0.0012829211996593043,0.00153,0.00289,0.00435,0,131.9071901401296
"2026-03-01","AL238YPXWT",,"HomeStop Bella Ripple Mugs and Bowl Set (4 Pieces, 350ml)","4 pieces","Plates Bowls Crockery","HomeStop",,,419,695,,1.43757,39.71223021582734,0.0017337312284702406,0.0022,0.00001,0.00002,0,104.75000000000001
"2026-03-01","H38HY8UWRZ",,"Chumbak Elegant Jaipur Gardens Kasuti Serving Tray","1 Piece","Plates Bowls Crockery","Chumbak",,,935.2614614041554,1295,,24.63367,27.775531638856798,0.07872047716302222,0.11946,0.00321,0.00483,0,935.1918450692095
"2026-03-01","U2JKJF7OKT",,"Castleite Melamine Spicy Destin Small Tray with Handle for Serving, Aroma Series (24 cm, Black)","1 Piece","Plates Bowls Crockery","castleite",,,195.38945615923652,499,,13.35404,60.847184613945224,0.0059458367355823835,0.00508,0.03983,0.06001,0,207.83885690654003
"2026-03-01","DYM3OJLFSZ",,"Castleite Melamine Bliss Non Breakable Tropicana Cabana Quarter Plate (7 Inch, Sea Green)","1 Piece","Plates Bowls Crockery","Castleite",,,99.29109775035933,249,,12.46847,60.11882406503507,0.008350212318974981,0.00697,0.00093,0.00141,0,100.52829717574143
"2026-03-01","4U89Y1QOYS",,"Melli Silicone Divided Plate (Pink)","1 Piece","Plates Bowls Crockery","Melii",,,829.0976800438041,899,,40.31994,7.846934571156351,0.07101081085326147,0.13708,0.49179,0.01472,1.43367,825.6661733943256
"2026-03-01","4LMU0P6VD7",,"Embassy Stainless Steel Deep Dinner Plate / Chapti Beeding Khumcha (28 cm)","1 Piece","Plates Bowls Crockery","Embassy",,,281.86931365055943,386.1998824390244,,39.62867,26.996941177888967,0.04810214511769898,0.07487,0.10525,0.15534,0.00635,281.84691084007665
"2026-03-01","G2KCLHVZJW",,"Sumeet Stainless Steel Small Apple Square Shape Plate/Dessert Plate/Halwa Plate Set (9cm Dia, 120ml Each, Set of 6, Silver)","6 pieces","Plates Bowls Crockery","Sumeet",,,424.2827494959121,980.0672733064516,,20.20474,56.710512325173326,0.0932632993945458,0.08358,0.0151,0.01011,0.02494,71.35090689419192
"2026-03-01","6221C7WGPQ",,"Nestasia Ceramic Mandala Snack Plate (Set of 2, 14 cm, Red and Green)","2 pieces","Plates Bowls Crockery","Nestasia",,,481.78779087651094,643.0793972983871,,55.02675,25.10316306234449,0.08201682803027385,0.12774,0.14397,0.15444,0.1233,240.82074876047403
"2026-03-01","4C7NFRRL7O",,"Cello Opalware Dazzle Series Tropical Lagoon Dinner Set (9 Pieces, White)","9 pieces","Plates Bowls Crockery","Cello",,,660.3456087183761,1392.3078355241935,,81.72033,53.166216314735614,1.3242472260518037,1.30372,0.79902,0.74477,0.90611,72.1595642495185
"2026-03-01","X5B25HIDZ8",,"UrbanFix Acacia Wood Multipurpose Food Serving Platter with Handle (20.5 x 37 cm, Brown)","1 Piece","Plates Bowls Crockery","UrbanFix",,,760.5740713395476,4999,,32.88859,84.93172591266399,1.2718558172368897,0.39113,0.04861,0.07322,0,745.5064443790225
"2026-03-01","1ZZ4RF0QFC",,"Home Centre Frostra Hernan Frosted Glass Pudding Set (785ml, 295ml, Set of 5, White)","5 pieces","Plates Bowls Crockery","Home Centre",,,2451.8626472094215,2499,,49.1494,1.8862486110675614,0.014544485123551661,0.02994,0.00477,0.00718,0,489.81386672123324
"2026-03-01","64N7498MD4",,"Signoraware Stainless Steel Serving Bowl (200ml x 3, Leakproof and Microwave Safe, Blue)","3 pieces","Plates Bowls Crockery","Signoraware",,,371.6595662016382,435,,23.0127,14.535316770317475,0.02515606431150485,0.04544,0.02869,0.01318,0.05931,12444.630720883593
"2026-03-01","02QNNK78LK",,"Cello Melamine Kidzbee Pentameal Tinker Bell Kids Meal Set (Light Pink)","5 pieces","Plates Bowls Crockery","Cello",,,755.3317003200758,1197.3899352016128,,34.95721,36.948944319578,0.07981981508278213,0.10493,0.00816,0.01229,0,150.5781881262108
"2026-03-01","W38J7ISJ8N",,"Nestasia Ceramic Noodle Bowls (Set of 2, 450ml, Sage Green and Black)","2 pieces","Plates Bowls Crockery","Nestasia",,,953.3885669455291,1440,,26.52572,33.85551239500486,0.11613637924070748,0.15998,0.12444,0.10933,0.15427,471.3760230410848
"2026-03-01","20T107KK37",,"Coconut Stainless Steel Happy Dinner Set (30 Pieces, Silver)","30 pieces","Plates Bowls Crockery","Coconut",,,3384,3384,,1.08951,0,0,0,0.00003,0.00004,0,112.79999999999998
"2026-03-01","PJ9K7G540C",,"HomeStop Grace Glitz 2 Tier Bowls Set (450ml)","1 pack","Plates Bowls Crockery","HomeStop",,,527.3636363636364,795,,11.39821,33.664951400800454,0.0004406663874396833,0.00061,0.00034,0.00051,0,525.4075235109718
"2026-03-01","5NKKME52PC",,"Hawkins Die Cast Aluminum Oval Mini Casserole with Glass Lid (750ml, Red, DCR75G)","1 Piece","Plates Bowls Crockery","Hawkins",,,790.2858194885711,869.4844758064517,,15.34751,9.109079266192547,0.01923849674039973,0.03646,0.00354,0.00533,0,791.5213809058978
"2026-03-01","QYSH5KXRJV",,"Home Centre Melamine Melina Happiness Copper Printed Noodle Bowls (650ml, Pack of 2, Multicolour)","2 pieces","Plates Bowls Crockery","Home Centre",,,548.9795544061673,582.7573230322581,,2.22758,5.796198055536245,0.0024903471012440366,0.00489,0.00111,0.00168,0,279.4816190012612
"2026-03-01","P351OTM5FN",,"Nestasia Aloha Ceramic Ramen Bowls (6 Pieces, Colour May Vary)","6 pieces","Plates Bowls Crockery","Nestasia",,,1210.830693968894,1550,,13.86743,21.881890058930157,0.01604142052722412,0.02672,0.0625,0.00686,0.17234,1226.8429145289565
"2026-03-01","H4BH6FCW6H",,"Sumeet Stainless Steel Medium Square Shape Plate / Snacks Plate / Breakfast Plate (20cm Dia, Set of 3, Silver)","3 pieces","Plates Bowls Crockery","Sumeet",,,931.6188490408674,1598.1609018348622,,13.90804,41.70681763198763,0.007227593910822036,0.0087,0.00778,0.0063,0.0107,311.29535811100203
"2026-03-01","J7VN6M0VUV",,"Cello Maxima Double Walled Casserole (Stainless Steel, Silver)","1 Piece","Plates Bowls Crockery","Cello",,,751.3033707865169,999,,3.7027,24.794457378727042,0.003045586749418038,0.00481,0.00147,0.00221,0,751.6851159311892
"2026-03-01","VHQ7MGF1OD",,"Jaypee Luxura Klass 2000 Casserole with Glass Lid (Black)","1 Piece","Plates Bowls Crockery","Jaypee",,,774.8421622163805,1047.412794884793,,20.42933,26.044710112729263,0.07024904001520062,0.10926,0.03077,0.00294,0.08572,770.121331919538
"2026-03-01","AFF4J97573",,"Kavi The Poetry-Art Project Old Monk Platter With Glasses","1 pack","Plates Bowls Crockery","Kavi The Poetry-Art Project",,,1036.3313552109544,1394.608372137097,,31.22873,25.69310735630695,0.10926065328302596,0.17068,0.01512,0.02277,0,1033.0137070541791
"2026-03-01","EO9D7KYQWD",,"BlackCarrot Ceramic Stoneware Snack Bowl (750ml, Pack of 2, White, Black)","2 pieces","Plates Bowls Crockery","BLACKCARROT",,,1044.560845813546,2199,,27.45625,52.50232494526398,0.10054709905591676,0.10042,0.14422,0.03148,0.36681,1047.275500881929
"2026-03-01","HUND7Z566R",,"La Opala Novo Collection Lush Greens Opal Glass Dinner Set (35 Pieces)","35 pieces","Plates Bowls Crockery","La opala",,,2417.5806451612902,3395,,8.08084,28.789966269181434,0.001881894908171659,0.00282,0.00114,0.00172,0,69.26015844620495
"2026-03-01","QJJQIA2YPM",,"Nestasia Christmas Tree Sustainable Large Wooden Platter","1 Piece","Plates Bowls Crockery","Nestasia",,,1379.6710826296078,2250.4752727188943,,12.73532,38.69423497540726,0.003741507063167123,0.00443,0.01081,0.01628,0,1306.1045555724938
"2026-03-01","QSBSWLFKAO",,"iVeo Solid Round Full Plates (6 Pieces, 11 inch/28cm, Black)","6 pieces","Plates Bowls Crockery","Iveo",,,1100,1692,,14.68767,34.988179669030735,0.002813613311501676,0.00384,0.00191,0.00288,0,183.3333333333332
"2026-03-01","4PPA7TVLJ1",,"Judge by Prestige Classic Stainless Steel Dinner Set (Set of 24)","24 pieces","Plates Bowls Crockery","Prestige",,,2251.594690892017,3195,,27.29766,29.525792421355238,0.09511941947628232,0.14048,0.01731,0.02167,0.0087,2254.355630851215
"2026-03-01","VCQHBYNKVX",,"Borosil Serving Mixing Glass Bowl with Lid Borosilicate Glass Multipurpose Bowl for Kitchen Dining Microwave Dishwasher Safe (900ml Each, Transparent, Pack of 2)","2 pieces","Plates Bowls Crockery","Borosil",,,751.6376137880812,1045,,9.01772,28.072955618365434,0.008688444557485289,0.01311,0.00189,0.00285,0,37618.63352237585
"2026-03-01","6DI77RXEY8",,"Classic Essentials Stainless Steel Dinner Set (5 Pieces, Silver, Permanent Laser-Glory)","5 pieces","Plates Bowls Crockery","Classic Essentials",,,231.3010104040122,700,,51.5649,67.47198147460283,1.4887839069508437,1.01624,0.69691,1.048,0.00376,45.50457692391684
"2026-03-01","EI1Y72EY0J",,"Ellementry Iore Ceramic Dinner Plate (25.5cm)","1 Piece","Plates Bowls Crockery","Ellementry",,,1123.5433618000145,1279.3385535080647,,27.14989,12.20856687782906,0.04347082453030932,0.07968,0.13369,0.20141,0,1095.6792016439156
"2026-03-01","OFA8HGCEMQ",,"Home Centre Frostra Hernan Frosted Glass Partitioned Platter","1 pack","Plates Bowls Crockery","Home Centre",,,889.0220473970475,902.7163976612901,,41.32257,1.3496308195352924,0.39317086533382584,0.81681,0.02769,0.04172,0,889.0000231102836
"2026-03-01","AOFVI296XX",,"Nestasia Ceramic Mandala Platter (27.5 cm, Yellow and Green)","1 Piece","Plates Bowls Crockery","Nestasia",,,586.6230177547478,1145.0054215207374,,20.45129,48.79886050034546,0.06304456030356882,0.06676,0.09687,0.09525,0.10007,583.4310551644712
"2026-03-01","D1M01FZ6AO",,"Chumbak Decorative Marigold MDF Trivet Coasters","2 pieces","Plates Bowls Crockery","Chumbak",,,434.5750763372862,595.0702224423962,,20.66844,26.975049089504274,0.011483932345880955,0.0176,0.0053,0.00798,0,217.2263021151207
"2026-03-01","CEM6BEYG72",,"Eha Earth Friendly Rice Husk Biocomposite Multipurpose Veg Bowls (Set of 4, 600ml)","4 pieces","Plates Bowls Crockery","Eha",,,500.5522875816994,689,,4.44167,27.35090165722796,0.002100565209863426,0.0032,0.00024,0.00035,0,124.79204432799885
"2026-03-01","ZKBRHF86ZX",,"Nestasia Snowman Bamboo Board with Candy Cane Knife and Ceramic Bowl (100ml, White)","1 pack","Plates Bowls Crockery","Nestasia",,,1350,2070,,2.28537,34.78260869565217,0.010326559494341258,0.01415,0.0007,0.00105,0,1350
"2026-03-01","6VRLTL16BA",,"SAFFRON Wooden Round Carved Coaster Set (6 Pieces)","6 pieces","Plates Bowls Crockery","Saffron",,,191.59166666666667,699,,9.64405,72.59180530119649,0.022085035314057276,0.01268,0.00009,0.00014,0,31.8372530225235
"2026-03-01","XKPKLTYYFH",,"Nestasia Ceramic Mandala Platter (27.5 cm, Green and Blue)","1 Piece","Plates Bowls Crockery","Nestasia",,,582.1527971488883,1145,,55.49142,49.198274623798014,0.1868131150855288,0.19894,0.2638,0.2318,0.32697,580.0782660185495
"2026-03-01","776CR2ZZM5",,"Chumbak Teal Wooden Rectangular Breakfast Tray for Easy Mornings","1 Piece","Plates Bowls Crockery","Chumbak",,,2399,2995,,20.09023,19.89983305509182,0.0207512296183389,0.03492,0.01405,0.02117,0,2398.9999999999995
"2026-03-01","G3N5E2NE2K",,"iVeo Solid Salad Bowl (510 ml, Red)","2 pieces","Plates Bowls Crockery","Iveo",,,295,432,,4.96743,31.712962962962962,0.00023945645204269584,0.00034,0.00021,0.00032,0,147.5
"2026-03-01","72XRYP1RNV",,"Kitchen Essentials Beggy China Plate, Set of 2 (1 Pack) & Kitchen Essentials Mukta Vati, Set of 6 (1Pack)","1 combo","Plates Bowls Crockery","Kitchen Essentials",,,295.57153608273086,570.6490694193548,,13.5432,48.204325228554225,,,0.01391,0.02095,0,295.57153608273086
"2026-03-01","LW9CZ03TUL",,"Magique by the Wishing Chair Ceramic Nysa Dessert Plates (4 Pieces)","4 pieces","Plates Bowls Crockery","The Wishing Chair",,,692.4238320920786,890,,3.39573,22.19956942785634,0,0,0.0001,0.00015,0,173.10595802301964
"2026-03-01","UOK1W6N4R2",,"Home Centre Whirl Emily Bone China Bowls (Set of 3, 320ml)","3 pieces","Plates Bowls Crockery","Home Centre",,,867.5483870967741,1299,,29.55668,35.03052437474265,0.16452736870368298,0.20083,0.01273,0.01918,0,251.63828945929353
"2026-03-01","KQY96AR2SU",,"iVeo Melamine Round Bowls Set (6 Pieces, 190ml, Black)","6 pieces","Plates Bowls Crockery","Iveo",,,529.2857142857143,612,,0.60013,13.515406162464986,0,0,0.00005,0.00008,0,88.2142857142857
"2026-03-01","0I1J15SC4L",,"Castleite Melamine Bliss Non Breakable Coastal Charm Quarter Plate (7 Inch, Multicolor)","6 pieces","Plates Bowls Crockery","Castleite",,,528.331054923236,1349,,25.60236,60.83129256021967,0.1357330629239544,0.11128,0.02285,0.03442,0,88.15430710106459
"2026-03-01","DCJVFOBED5",,"Jaypee Crinkle Casserole Set with Inner Stainless Steel (1L, 1.5L & 2L, Green)","3 pieces","Plates Bowls Crockery","Jaypee",,,2278,2278,,27.78772,0,0.018308940096706208,0.03847,0.00459,0.00019,0.01327,75933.33333333334
"2026-03-01","8SKRF1V2S0",,"Neelam Stainless Steel Lazer Etching Prem Vati/Bowl (200ml, Silver)","1 Piece","Plates Bowls Crockery","Neelam",,,86.0528358229211,95.92585346774193,,40.41024,10.24992699718522,0.013677952087722154,0.02631,0.25369,0.38218,0,8601.520375656217
"2026-03-01","UO9CPG2BKM",,"Nestasia Ceramic Shell-Shaped Section Snack Plate (22 cm, White and Blue)","1 Piece","Plates Bowls Crockery","Nestasia",,,557.2342729784269,840,,12.64217,33.66258655018727,0.015830732107267112,0.02197,0.01473,0.02104,0.00227,553.3468430789613
"2026-03-01","7KVAECKXRY",,"Larah by Borosil Vanam Opalware Full Plate Set (2 Pieces, for Dining, Microwave Safe Crockery)","2 pieces","Plates Bowls Crockery","Larah",,,259.3341866409446,355.0201370967742,,68.21834,27.009456314234725,0.24215565838266598,0.36975,0.30275,0.4561,0,258.85144598161844
"2026-03-01","OMKPEUYS5A",,"Birch & Co. Coaster Holder with 6 sets of Coasters (Mandala)","6 pieces","Plates Bowls Crockery","Birch & Co",,,366.0591615774479,798.8415230769231,,23.37764,54.23449596860583,0.06279928372942786,0.05971,0.01877,0.02827,0,60.59296628796021
"2026-03-01","ZRSVKJM4RK",,"Home Centre Mandarin Iris Hoja Bone China Emily Bowl (Set of 3, 320ml each)","3 pieces","Plates Bowls Crockery","Home Centre",,,951.3529411764706,999,,10.12289,4.7717620533154514,0.003322458272092405,0.00663,0.00013,0.0002,0,316.37144672066063
"2026-03-01","KRM9M09XON",,"Larah by Borosil Fluted Verona Opalware Dinner Set Family of 4 Microwave Dishwasher Safe Crockery Set for Dining Gifting (White, 13 Pieces)","13 pieces","Plates Bowls Crockery","Larah by Borosil",,,1331.7753229863677,1894.5875062903226,,77.36683,29.726183714277944,0.5739458531762142,0.84687,0.27107,0.24155,0.32935,102.36176461750905
"2026-03-01","RWWPL3AB3L",,"Cello Hot Serve Insulated Inner Steel Casserole Set (500ml, 850ml, 1500ml, Pink)","3 pieces","Plates Bowls Crockery","Cello",,,722.4077697859541,999,,12.13578,27.68690993133593,0,0,0.00032,0.00049,0,240.8025899286514
"2026-03-01","40ME597LGY",,"Birch & Co. Coaster Holder with 6 sets of Coasters (Pink Bloom)","6 pieces","Plates Bowls Crockery","Birch & Co",,,384.6339078395511,799,,19.11017,51.860587254123764,0.00376428868395174,0.00391,0.00089,0.00134,0,65.77826571564843
"2026-03-01","ZBFMKYIQN5",,"Home Centre Vamos Louisa Glass Bowls with Bamboo Stand Set (400ml each)","1 pack","Plates Bowls Crockery","Home Centre",,,889,900.6483516483516,,13.06223,1.2910426697113828,0.02142835925217075,0.04451,0.00186,0.0028,0,888.9999999999999
"2026-03-01","WSX7QN5AV3",,"Milton Ernesto JR. Casserole Set (3 Pieces, 420ml, 850ml, 1.43L, Red)","3 pieces","Plates Bowls Crockery","Milton",,,1000.2956336129362,2999,,20.62768,66.64610569288274,0.4046531347876787,0.28319,0.03597,0.05419,0,333.77769790467875
"2026-03-01","1J2DWPJVG5",,"Ellementry Glass Platter with Wooden Stand (2L, Transparent)","1 Piece","Plates Bowls Crockery","Ellementry",,,1739.0145723100386,2088.493903898305,,33.9549,16.713025834004675,0.052630865266956484,0.09183,0.0223,0.03359,0,1739.7552148815635
"2026-03-01","2RCBL12CWB",,"Asian Plastowares Stainless Steel Casserole Set (3 Pieces, 600ml, 1L, 1.5L, Color May Vary)","3 pieces","Plates Bowls Crockery","Asian",,,495.7176767676767,887,,18.52942,44.11360980793207,0.006883541550213468,0.00807,0.00059,0.0009,0,166.09523135647748
"2026-03-01","6X746F5UMB",,"Nestasia Ceramic Soup Bowls with Spoons (Pack of 4 Bowls 400ml + 4 Spoons, Assorted Design)","4 pieces","Plates Bowls Crockery","Nestasia",,,1066.618129764442,1710.0474275403226,,23.76105,37.626400730965024,0.06128788116511115,0.08113,0.3327,0.14233,0.70853,269.5665063377845
"2026-03-01","M2L22DN8TU",,"Avias Avistar Premium Double Wall Insulated Stainless Steel Casserole (2500ml, Silver)","1 Piece","Plates Bowls Crockery","Avias",,,885.3588822635696,1943.3377404326925,,8.25394,54.441327215389705,0.00972791836423452,0.00849,0.00024,0.00037,0,967.8648456195928
"2026-03-01","TQC6FU9OF4",,"Femora Wooden Round Mango Serving Tray (28cm x 4cm, Brown)","1 Piece","Plates Bowls Crockery","Femora",,,627.8672414002426,797.9883352419354,,51.34301,21.32977396904642,0.10129340499811648,0.16724,0.63746,0.40897,1.08855,627.2759713655682
"2026-03-01","EEGOKYVM68",,"Eha Earth Friendly Rice Husk Biocomposite Square Plates (4 Pieces, 11 inch, Light Green)","4 pieces","Plates Bowls Crockery","Eha",,,642.1358847542785,1138,,4.68826,43.57329659452737,0.0056769470946427735,0.00662,0,0.00001,0,159.0798624168894
"2026-03-01","95TX1D1SM6",,"ExclusiveLane Ceramic 'Earthen Turquoise' Chip-N-Dip (40 ml dip, Turquoise & Brown)","1 Piece","Plates Bowls Crockery","ExclusiveLane",,,853.2930107526881,1499,,8.78825,43.075849849720605,0,0,0.00037,0.00035,0.00041,853.2930107526881
"2026-03-01","O1VAV568UL",,"Ireka Homes Marble Coasters Set (4 Pieces, 4 Inches)","4 pieces","Plates Bowls Crockery","Ireka Homes",,,500.1631262031855,700,,36.17076,28.5472960362143,0.0717795658378402,0.10772,0.0343,0.05168,0,125.03625394218035
"2026-03-01","I4KIMHR7E4",,"Home Centre Mandarin Monalisa Bone China Emily Bowls (Set of 3, 470ml each)","3 pieces","Plates Bowls Crockery","Home Centre",,,941.1137396267029,986.9926082488478,,48.91019,4.653225998238397,0.03200584915354841,0.06398,0.02035,0.03066,0,309.8736570313466
"2026-03-01","ACGSTGIBOJ",,"The Earth Store White Matte Brown 4 Pieces Ceramic Dinner Set (2 Plates & 2 Bowls, White and Brown)","4 pieces","Plates Bowls Crockery","The Earth Store",,,1080,2199,,4.67836,50.886766712141885,0,0,0,0.00001,0,270
"2026-03-01","073Q2UYG9O",,"Clay Craft JCPL Fine Porcelain Textures Aroma Dinner Set (Pack of 4, 2 Plates and 2 Bowls)","4 pieces","Plates Bowls Crockery","Clay Craft",,,1510,1699,,16.63685,11.124190700412006,0.00612127184454422,0.01143,0.00329,0.00496,0,377.49999999999994
"2026-03-01","AYY7CY3K63",,"HAZEL Steel Atta Parat Roti and Puri Dough Plate (29cm, 2000ml)","1 Piece","Plates Bowls Crockery","Hazel",,,199,939,,5.82018,78.80724174653888,0.048311669513236344,0.02151,0.007,0.01054,0,19900
"2026-03-01","0MRP8ANQ6Y",,"Signoraware Borosilicate Glass Mixing Bowl with Lid (1L, Steam Release Knob and Stain and Heat Resistant , Clear)","1 Piece","Plates Bowls Crockery","Signoraware",,,423.5531394278132,526.92089281106,,21.81919,19.643573185324644,0.027767137373987075,0.04597,0.01744,0.01305,0.0261,42356.94863748338
"2026-03-01","XM353ZI5LS",,"Nestasia Detachable Swing Wooden Platter","1 Piece","Plates Bowls Crockery","Nestasia",,,1741.1570247933885,2700,,20.57643,35.50825281803543,0.016462631077935337,0.02242,0.03495,0.04689,0.01139,174989.31815912947
"2026-03-01","7P5FL89KIA",,"Home Centre Melina Leonard Melamine Printed French Platters (4 Pieces, 19cm)","4 pieces","Plates Bowls Crockery","Home Centre",,,985.3628131804679,996.5384909274193,,39.22485,1.1369832803855817,0.08970637334649492,0.18584,0.02644,0.03983,0,245.58685154647085
"2026-03-01","JUJ5F030WP",,"Femora Borosilicate Microwave Safe Mixing Bowl (400ml, Transparent)","1 Piece","Plates Bowls Crockery","Femora",,,251.75641025641025,300,,7.3361,16.081196581196583,0.001273775293504896,0.00222,0.00146,0.00221,0,24947.045951859956
"2026-03-01","V35U7VYO3Z",,"iVeo Trento Dishes (2 Pieces, 6.5 inch, 390 ml)","2 pieces","Plates Bowls Crockery","Iveo",,,342.0658078631139,490.33992909482754,,9.92643,30.239046921067427,0.0024544286334376325,0.00356,0.01259,0.01896,0,170.26213132299557
"2026-03-01","A74LC1HUBJ",,"Larah by Borosil Meadow Opalware Veg Bowl Set (210ml, 2 Pieces, for Dining, Microwave Safe Crockery)","2 pieces","Plates Bowls Crockery","Larah",,,151.63503458736722,190,,73.6869,20.29199853968137,0.07983494740023762,0.13383,1.13598,1.71136,0,75.65180306629301
"2026-03-01","I5HZ8OFDHZ",,"Pure Home + Living Dessert Plates with Gold Foil Rim (Pack of 2, Gold)","2 pieces","Plates Bowls Crockery","Pure Home + Living",,,2199,2199,,14.97504,0,0,0,0.00189,0.00009,0.00543,109950
"2026-03-01","CKRZCJRWQ9",,"Magique by the Wishing Chair Ceramic Kalahari Dessert Plates Gift Box Set (4 Pieces)","4 pieces","Plates Bowls Crockery","The Wishing Chair",,,704.3553791186979,890,,8.69593,20.880337250078036,0.03946840970793735,0.06462,0.02854,0.01096,0.06325,173.06758796237878
"2026-03-01","XS6HVT8UZO",,"Ireka Homes Wooden Chopping Board or Serving Platter with Rattan Handle (48 x 25 cm, Green)","1 Piece","Plates Bowls Crockery","Ireka Homes",,,791.3291130464518,1148.602023548387,,24.35527,31.160390314084285,0.07595675061236278,0.10696,0.00616,0.00928,0,770.9644084762186
"2026-03-01","4GBFIKZQRO",,"Castleite Melamine Hilton Tree Trays with Handle for Serving Snacks/Tea, Aroma Series (Black)","3 pieces","Plates Bowls Crockery","castleite",,,582.8894902186022,1999,,22.33105,70.83809908316138,0.13360472741722215,0.08165,0.06413,0.09662,0,194.14471361126004
"2026-03-01","89HDA500Z3",,"Nestasia Ceramic Round Dessert Plate (Set of 6, 11.5 cm, Beige)","6 pieces","Plates Bowls Crockery","Nestasia",,,1218.9093088477387,1900,,36.23538,35.84687848169796,0.03422664145704161,0.04574,0.04409,0.04522,0.04187,201.14943488255497
"2026-03-01","73LEFNHSO2",,"Corelle Country Cottage Curry/Noodle Bowl (Set of 2, 828ml each)","2 pieces","Plates Bowls Crockery","Corelle",,,1401.7658736788478,1650,,41.28331,15.045463991264905,0.05167436977240815,0.09215,0.2095,0.10602,0.4138,700.2811446694924
"2026-03-01","TCLVNRIRX1",,"Cello Ornella Mixing Bowl with Premium Lid (500ml, Toughened Glass, Transparent)","1 Piece","Plates Bowls Crockery","Cello",,,220,239,,1.97269,7.949790794979079,0,0,0.00002,0.00003,0,220.00000000000003
"2026-03-01","782NM4JM9H",,"Nestasia Ceramic Off-White Pasta Plates (Set of 2, 300ml, Off-white)","2 pieces","Plates Bowls Crockery","Nestasia",,,1021.519171676363,1620,,56.70948,36.992272048786276,0.04579604645316558,0.05983,0.01924,0.02029,0.01716,506.3232683759945
"2026-03-01","6T5SGTM6RU",,"The Earth Store Glossy Grey Marble Ceramic Bowl with Multipurpose Use Lid (500ml, Grey)","4 pieces","Plates Bowls Crockery","The Earth Store",,,1129.3143358266166,2299,,20.46901,50.9523498272658,0.08284395052503801,0.08451,0.00543,0.00069,0.0148,277.91302518911175
"2026-03-01","5FZPITQB7V",,"Jaypee Luxura Klass Casserole Set with Glass lid (1500ml, 2000ml, 2500ml, Ivory)","3 pieces","Plates Bowls Crockery","Jaypee",,,2361.584485407066,3046.3802494470046,,23.94059,22.47899828539941,0.0050620096226609065,0.00825,0.04683,0.01367,0.1123,787.4278192129702
"2026-03-01","989F6XWCVF",,"Dynore Stainless Steel Daal and Soup Bowls with Soup Spoons (10 x 10 x 12 cm)","12 pieces","Plates Bowls Crockery","Dynore",,,357.46238658720716,729.634010921659,,11.16572,51.00798739690493,0.009306042656712078,0.00888,0.00339,0.0051,0.00002,29.134018497726817
"2026-03-01","68MIPBDCE8",,"Nayasa Plastic Tyson Insulated Steel Casserole (2000ml, Sand)","1 Piece","Plates Bowls Crockery","Nayasa",,,995.2132772497439,1225,,24.39768,18.757194760191574,0.03428949877570281,0.05852,0.01752,0.02639,0,996.2594808629825
"2026-03-01","8FC3UV7J9T",,"La Opala Novo Opalware Radiant Curve Dinner Set (15 Pieces, White)","15 pieces","Plates Bowls Crockery","La Opala",,,1361.5831413210446,1850,,28.71727,26.40091127994354,0.01025472255872845,0.01583,0.01926,0.02901,0,90.60666499212027
"2026-03-01","YGPCJWVH79",,"Larah by Borosil Opalware Casseroles with Lid (1L, Set of 2, Microwave Safe, Royal Brown)","2 pieces","Plates Bowls Crockery","Larah",,,1081.5163042889028,1499,,32.15574,27.858396398188106,0.16537560992720368,0.25058,0.01288,0.01941,0,54057.129649237766
"2026-03-01","91850RPAQX",,"Pure Home + Living Ribbed Dessert Plates (Pack of 2, Green)","2 pieces","Plates Bowls Crockery","Pure Home + Living",,,1899,1899,,11.84939,0,0,0,0.00049,0.00003,0.0014,94950
"2026-03-01","2R9PDYXSCF",,"Ireka Homes TossWell Acacia Wood Salad Bowl with Tossers (1L)","1 pack","Plates Bowls Crockery","Ireka Homes",,,971.5879956317204,1480,,29.79118,34.357709560286075,0.10817860944035804,0.14898,0.03653,0.05503,0,970.1475254439275
"2026-03-01","OQ25VKMEX8",,"Neelam Stainless Steel Plate (24cm, Silver)","1 Piece x 2","Plates Bowls Crockery","Neelam",,,345.850937065661,399.2439478527607,,3.05712,13.373530412736725,,,0.11971,0.18035,0,345.850937065661
"2026-03-01","XYRU75MCAC",,"La Opala Novo Collection Radiant Curves Opal Glass Dinner Set (20 Pieces, White)","20 pieces","Plates Bowls Crockery","La opala",,,1479,2150,,9.80915,31.209302325581394,0,0,0.00002,0.00002,0,73.95
"2026-03-01","BEQRWDF0PR",,"iVeo Soup Bowl and Spoon Set (2 Pieces, 300ml, 4.5 inch)","2 pieces","Plates Bowls Crockery","Iveo",,,331.27272727272725,550,,3.25342,39.768595041322314,0.00030480810874601496,0.00039,0.00011,0.00016,0,16563.636363636364
"2026-03-01","Q3NMSF6R8I",,"Ireka Homes Wooden Pisces Acacia Server with Enamel (20 x 30 cm, Black)","1 Piece","Plates Bowls Crockery","Ireka Homes",,,671.4223025879097,979.6453917741935,,20.45839,31.459570001604263,0.0578476901374311,0.08654,0.00943,0.01421,0,668.4170054957261
"2026-03-01","6SIBRREYC8",,"SOLARA Belmont Ceramic Kadai with Glass Lid (24cm, Ivory)","1 Piece","Plates Bowls Crockery","Solara",,,1418.6265841695222,3003.737661532258,,53.10527,52.74441935561845,0.25353299934954737,0.2461,0.03253,0.049,0,1368.9397618023615
"2026-03-01","CWHZX1XR3V",,"HomeStop Bella Ripple Mug and Bowl (350ml)","2 pieces","Plates Bowls Crockery","HomeStop",,,420,695,,16.15309,39.568345323741006,0.0019264604145240495,0.00245,0.00004,0.00005,0,210
"2026-03-01","9LNJPYWLOP",,"Larah by Borosil Moon Riva Opalware Dinner Set Family of 6 Microwave Dishwasher Safe Crockery Set for Dining Gifting (White, 19 Pieces)","19 pieces","Plates Bowls Crockery","Larah by Borosil",,,2194.0659442657757,3114.4011369758064,,80.64806,29.570197663466306,0.3896455342343083,0.57424,0.13428,0.06594,0.26919,115.3462038387813
"2026-03-01","CR9RM8VP09",,"Cello Opalware Dazzle Series Scarlet Bliss Dinner Set (18 Pieces, Bone Ash-Free)","18 pieces","Plates Bowls Crockery","Cello",,,1146.6246019054026,2099,,43.29988,45.435960139449456,0.12421371097787545,0.13567,0.04599,0.06929,0,60.46853391659351
"2026-03-01","B4RPYOH7IE",,"La Opala Novo Radiant Curve Pudding Set (Set of 7)","7 pieces","Plates Bowls Crockery","La Opala",,,439.5703794369645,540,,9.85702,18.605111043504717,0.009326828807063002,0.01572,0.00192,0.0029,0,61.938419672006226
"2026-03-01","O91CZH2Z9B",,"The Earth Store Grey Fringe Ceramic Bowl (550 ml, Grey)","2 pieces","Plates Bowls Crockery","The Earth Store",,,409.25351421652596,991.8660520967742,,46.59594,60.608743567296685,0.7743404726118368,0.62217,1.42608,0.76594,2.72939,190.72856179666124
"2026-03-01","EMNFWFPW9O",,"Agaro Elite Glass Casserole Set (2 Pieces, 700ml, 1000ml)","2 pieces","Plates Bowls Crockery","Agaro",,,826.5534580306477,1200.0965794354838,,41.33312,31.233054760863432,0.231450624662735,0.33238,0.02588,0.03899,0,409.93371563891367
"2026-03-01","BR4KWDP4G1",,"Nestasia Ceramic Side Bowls (Set of 4, 350ml, White and Blue)","4 pieces","Plates Bowls Crockery","Nestasia",,,734.4845928536334,1500,,69.57203,51.15156812618082,1.4021588725323706,1.43794,1.75222,1.25525,2.73338,183.04208503665737
"2026-03-01","4A70VIRLA3",,"Cello Kidzbee Racers Plate (Car Shaped, Blue, Kid-Friendly, Break-Resistant)","1 Piece","Plates Bowls Crockery","Cello",,,495,679,,31.27451,27.098674521354933,0,0,0.0003,0.00046,0,495
"2026-03-01","K8HW6AIC2H",,"Saaj Plastic Small Ruby Tray (31cm, Yellow)","1 Piece","Plates Bowls Crockery","saaj",,,92.59618485898122,120,,16.61891,22.74737736781121,0.00498867608422283,0.00812,0.13887,0.20921,0,93.30700589022008
"2026-03-01","6S2RX9TNG5",,"Ireka Homes Wooden Gardenia Oval Acacia Server (22x13cm, Beige and Yellow)","1 Piece","Plates Bowls Crockery","Ireka Homes",,,499.30652136740036,720,,20.12201,30.689163767736243,0.06480290233405456,0.09383,0.06333,0.09541,0,496.8020692623978
"2026-03-01","93GLQNC8HV",,"Castleite Melamine Bliss Non Breakable Coastal Charm Quarter Plate (7 Inch, Multicolor)","1 Piece","Plates Bowls Crockery","Castleite",,,99,250.43074866935487,,52.72485,60.39063863606951,0.10905478724995035,0.09094,0.24081,0.36279,0,98.99999999999999
"2026-03-01","RRP28YWZYT",,"Cello Ornella Toughened Glass Mixing Bowl (500ml, Microwave and Dishwasher Safe)","1 Piece","Plates Bowls Crockery","Cello",,,139.12255483106105,149,,17.18436,6.631049289411931,0.014982823462152042,0.02935,0.4235,0.63801,0,139.04050691350653
"2026-03-01","E0CSHPV170",,"Kuber Industries SS Soup Bowl with Spoon and Holder (600ml, Airtight-Lid, Blue)","1 Piece","Plates Bowls Crockery","Kuber Industries",,,302.2055244884393,1299,,15.00485,76.7495215105699,0.07116080371419375,0.03442,0.01148,0.0173,0,299.01565711217836
"2026-03-01","C3L2XKN1XI",,"Ellementry Amber Love Ceramic Pasta Bowl (Yellow and White)","1 Piece","Plates Bowls Crockery","Ellementry",,,777.3496238753481,944.143756862745,,11.08514,17.663995425012917,0.014647917007697879,0.02601,0.01749,0.00149,0.04908,775.9884043814516
"2026-03-01","ANN4H0KBSO",,"iVeo Solid Square Nappy Bowl Set (2 Pieces, 535ml, 5.7 inch, Black)","2 pieces","Plates Bowls Crockery","Iveo",,,321.5945216049383,432,,8.20952,25.556823702560582,0.0019156516163415667,0.00301,0.0054,0.00814,0,161.2866532159452
"2026-03-01","ZP3IHVUILG",,"Nayasa Diva Tray Medium (40x30cm, Beige With Flower Foil)","1 Piece","Plates Bowls Crockery","Nayasa",,,231.59893768084876,289,,23.86199,19.998899393147017,0.05942527580446517,0.09947,0.17226,0.25951,0,230.27967677569652
"2026-03-01","HLEYOGJ1HB",,"iVeo Solid Round Quarter Plates (6 Pieces, 8 inch/20cm, Green)","6 pieces","Plates Bowls Crockery","Iveo",,,599,1127.9732141071431,,14.11939,46.89590209159854,0.005627226623003352,0.00628,0.004,0.00603,0,99.83333333333334
"2026-03-01","2HW2RI5U83",,"The Earth Store Handcrafted Tritone Green Matte 8 Pieces Ceramic Dinner Set (4 Plates & 4 Bowls, White and Green)","8 pieces","Plates Bowls Crockery","The Earth Store",,,1674.2625475181924,3430.411930967742,,12.18617,51.19354231473094,0.009973860095186703,0.00971,0.01059,0.00004,0.03142,198.29032033663484
"2026-03-01","WRWX1B7SM5",,"Ikea KLIPPKAKTUS Storage Turntable","1 Piece","Plates Bowls Crockery","IKEA",,,694.8924731182796,1038,,12.71055,33.05467503677461,0,0,0.00517,0.00779,0,69489.24731182796
"2026-03-01","7YDMFO8D9C",,"Sumeet Stainless Steel Heavy Gauge Shallow Dinner Plates with Mirror Finish (23.3cm Dia, Set of 6, Silver)","6 pieces","Plates Bowls Crockery","Sumeet",,,852.9624872027454,1501.7039529032256,,24.81553,43.232164699260345,0.10382349521883152,0.12099,0.07571,0.04446,0.13741,141.91785175481408
"2026-03-01","Z5WFCGX9BL",,"Chumbak Hand Painted Ceramic Bowl with Wooden Lid","1 Piece","Plates Bowls Crockery","Chumbak",,,799,999,,2.65501,20.02002002002003,0.006091173498836076,0.01023,0.00188,0.00168,0.00228,799
"2026-03-01","GV2ZI1TRXS",,"Cello Opalware Royale Pine Mixing Bowl Set with Lid (500ml + 1L + 1.5L, Pack of 3, White)","3 pieces","Plates Bowls Crockery","Cello",,,620.5844706447443,1049,,23.17322,40.8489527335217,0.018991723563433507,0.02238,0.00212,0.0032,0,197.2732347388624
"2026-03-01","0BRRA4H70N",,"Jaypee Plus Stainless Steel Disney Princess Soup Tok Prime Bowl with Lid and Spoon (700ml, Pink)","1 pack","Plates Bowls Crockery","Jaypee Plus",,,199,302.8129031182796,,15.30154,34.27822081691805,0.012127138982340085,0.01712,0.01434,0.02155,0.00011,198.99999999999997
"2026-03-01","R0OFQOOM45",,"Nestasia Cosmos 3 Section Snack Platter with Dip Bowl","1 Piece","Plates Bowls Crockery","Nestasia",,,1465.7283227729745,2250,,27.82012,34.85716069724051,0.014966028252668491,0.02038,0.03589,0.01095,0.08512,1458.2953978174658
"2026-03-01","DH36D2LJ2C",,"Nestasia Jingle Bells Wooden Platters with Rattan Weave (Pack of 2)","2 pieces","Plates Bowls Crockery","Nestasia",,,1366.5248213216971,2160,,25.15504,36.734961975847355,0.0011972822602134793,0.00164,0.03317,0.04997,0,698.5461971081965
"2026-03-01","WUP3AI82LG",,"Sanjeev Kapoor Marino Hammered Glass Bowl and Tray Set (7 Pieces, 270 ml, Transparent)","7 pieces","Plates Bowls Crockery","Sanjeev Kapoor",,,1282.5790904597131,2146.843487394958,,15.06691,40.25744783025465,0.0036502142908258453,0.00448,0.00679,0.01022,0,183.3227805751328
"2026-03-01","0RVNNWG58W",,"iVeo Melamine Octa Chatni Bowl (Set of 6, 80ml, Black)","6 pieces","Plates Bowls Crockery","Iveo",,,375,444,,1.23995,15.54054054054054,0,0,0.00006,0.00009,0,62.5
"2026-03-01","BR2YLN872A",,"La Opala Novo English Lavender Full Plate Set (Set of 6)","6 pieces","Plates Bowls Crockery","La Opala",,,651.1142857142858,810,,2.42965,19.61552028218695,0.003591846780640438,0.00606,0.00035,0.00052,0,649.1797862001944
"2026-03-01","91JST9LL3I",,"Larah by Borosil Orbit Series Opalware Pudding Set, Microwave Dishwasher Safe Crockery Set for Dining, Gifting Bowls Set (1U-1.065 L, 6U-180ml, White, 7 Pieces)","7 pieces","Plates Bowls Crockery","Larah by Borosil",,,692.5729065108578,890,,45.42618,22.186031094520118,0.030997138849318557,0.05081,0.02448,0.03688,0,98.88555628337153
"2026-03-01","10Z1W4SKA4",,"Femora Ceramic Bowl Set (450ml, 2 Pieces, 5 inch, Grey, Microwave Safe)","2 pieces","Plates Bowls Crockery","Femora",,,271.5806451612903,430,,0.00292,36.8417104276069,0,0,0.00113,0.00171,0,135.79032258064515
"2026-03-01","IYQXS5M8DI",,"Eha Earth-Friendly Small Curry Bowl Set (175ml, Bamboo Fiber & Rice Husk, Multicolor)","4 pieces","Plates Bowls Crockery","Eha",,,342.9037058371736,429,,9.05377,20.069066238421073,0.0019023484801169725,0.00324,0.00549,0.00828,0,86.67029564350992
"2026-03-01","1V1T921Z00",,"Femora Borosilicate Glass Microwave Safe All-Purpose Mixing Bowls (400ml, 700ml, 2 Pieces, Transparent)","2 pieces","Plates Bowls Crockery","Femora",,,541.4580738765416,675,,29.60159,19.78398905532718,0.001683678178425205,0.00277,0.00124,0.00187,0,26997.432328817595
"2026-03-01","6FJOIOD16F",,"Heart Home Nested Serving Trays, Wooden Leaf Design Farmhouse Platter, Rectangular Shape Coffee Table Trays with Handle (Brown, Pack of 3)","3 pieces","Plates Bowls Crockery","Heart Home",,,971.6720539229265,2099,,33.38286,53.70873229413584,0.07252454146641746,0.07045,0.04173,0.06287,0,323.5822304440067
"2026-03-01","Q6R9PZ6AXV",,"La Opala Novo Opalware English Lavender Dinner Set (15 Pieces, White)","15 pieces","Plates Bowls Crockery","La Opala",,,1368.930561725026,1850,,24.80105,25.954770705290034,0.02153461805276469,0.03323,0.01191,0.01795,0,95.20292409442897
"2026-03-01","A0P9IQ0M88",,"IKEA KALAS Plate (Polypropylene Plastic, Mixed Colours)","1 pack","Plates Bowls Crockery","IKEA",,,130,139,,6.3354,6.4748201438848865,0.0021181918653610135,0.00416,0.00027,0.00041,0,130.00000000000003
"2026-03-01","SX7HQ0MT1O",,"Sumeet Square Stainless Steel Heavy Gauge Mirror Finish Dinner Set (1 Plate - 900ml, 1 Halwa Plate - 100ml, 1 Bowl - 160ml, 1 Glass - 300ml, 1 Spoon, Set of 5, Silver)","5 pieces","Plates Bowls Crockery","Sumeet",,,907.6727783890873,2353.127432096774,,26.80044,61.461025440053305,0.23732246270306812,0.19002,0.21309,0.07522,0.48528,180.36945328254077
"2026-03-01","T4WHUDGYG7",,"CHUMBAK Ceramic Marigold Chip and Dip Platter (3 Pieces, Orange Flower)","3 pieces","Plates Bowls Crockery","Chumbak",,,1002.9732706356504,1595.141077217742,,40.40504,37.15542374688374,0.3163395998038988,0.41664,0.14129,0.10751,0.20798,333.74811207236564
"2026-03-01","MUQ5YC3ROO",,"Pure Home + Living Ceramic Printed Dinner Plate (Ivory)","1 Piece","Plates Bowls Crockery","Pure Home + Living",,,899,899,,10.10638,0,0,0,0.00098,0.00006,0.0028,89900
"2026-03-01","FOWBZAYKGC",,"Hawkins Die Cast Aluminum Round Mini Casserole with Glass Lid (750ml, Yellow, MCRY75)","1 Piece","Plates Bowls Crockery","Hawkins",,,791.0797060067268,902.2133547465437,,14.27637,12.321639533287415,0.006339443278627566,0.01149,0.00268,0.00403,0,789.1253578597267
"2026-03-01","W0L0RPRFZZ",,"Glass ideas Mixing Bowl (1 L)","1 Piece","Plates Bowls Crockery","Glass ideas",,,138.97754579747627,299,,41.51378,53.68870850615465,0.35625615891340223,0.34333,1.09594,1.64422,0.01347,138.41334175289703
"2026-03-01","X7DZARKD5K",,"Exclusivelane 'Bowl Dancing' Warli Hand-Painted Ceramic Soup Dishes with Spoons Set (2 Pieces, 380ml, Red Mud, Brown)","2 pieces","Plates Bowls Crockery","ExclusiveLane",,,899,1575,,4.16468,42.92063492063492,0,0,0.00009,0.00009,0.00009,449.5
"2026-03-01","4H3IF6138F",,"Glass ideas Munching Flory Bowl Plain (7 Inches, 600ml)","1 Piece","Plates Bowls Crockery","Glass ideas",,,133.95282809212063,305.0457911063829,,15.36581,56.0882374680983,0.005885307465760481,0.00539,0.03003,0.045,0.00047,131.29144761338466
"2026-03-01","T36AD8LUE3",,"Nestasia Holiday Season Bamboo Snack Platter with Ceramic Bowls and Spoons (Pack of 5)","1 pack","Plates Bowls Crockery","Nestasia",,,884.1428571428571,1350,,0.14704,34.507936507936506,0,0,0.00008,0.00012,0,176.82857142857142
"2026-03-01","RIEJTFJVFR",,"Pure Home + Living Ribbed Dinner Plates (Pack of 2, Green)","2 pieces","Plates Bowls Crockery","Pure Home + Living",,,2799,2799,,11.48087,0,0,0,0.00051,0.00007,0.00139,139950
"2026-03-01","NSIQ6GF8D2",,"Asian Plastic Casserole Inner Stainless Steel Set (3 Pieces, 600ml, 1L, 1.5L, Green)","3 pieces","Plates Bowls Crockery","Asian",,,547.7210884353741,789,,15.32251,30.58632280817766,0.03768129964536592,0.05486,0.00617,0.0093,0,182.25565028856786
"2026-03-01","2OTBQD0E5F",,"Home Centre Olen Gleam Glass Chip n Dip","1 pack","Plates Bowls Crockery","Home Centre",,,755.5275426456467,798.6248444700461,,51.1221,5.56809381011525,0.16142940085538057,0.31904,0.08056,0.12136,0,751.2362716235358
"2026-03-01","UAZCD0GCFD",,"Sumeet Stainless Steel Heavy Gauge Bowl Set / Wati Set with Mirror Finish (10cm Dia, 200ml Each, Set of 6, Silver)","6 pieces","Plates Bowls Crockery","Sumeet",,,373.0881713921432,725.6281058467742,,60.87145,48.66081528461546,0.1407791087831458,0.15064,0.89369,0.41312,1.84247,62.10396473553497
"2026-03-01","F2K7HQXXMM",,"Nestasia Ceramic Mandala Platter (27.5 cm, Red and Blue)","1 Piece","Plates Bowls Crockery","Nestasia",,,574.8876147168517,1144.4547857258062,,59.66053,50.11084600703151,0.526389635511332,0.54972,0.8232,0.81765,0.83415,568.4693366597347
"2026-03-01","S7IN01KTNC",,"ExclusiveLane Ceramic 'Two Dips Of Hut' Bowls (80 ml, Multicolored)","2 pieces","Plates Bowls Crockery","ExclusiveLane",,,484.45045762218854,790,,17.67682,38.701747577425394,0.06143371679597328,0.07838,0.04827,0.02485,0.09452,239.98453022844916
"2026-03-01","2GB4O552KH",,"HAZEL Steel Atta Parat Dough and Flour Kneading Plate (31cm, 2400ml)","1 Piece","Plates Bowls Crockery","Hazel",,,228.96886068360723,1069,,8.02949,78.58495408779525,0.0781035442206067,0.03502,0.01544,0.02326,0,22818.344859971025
"2026-03-01","MO1Q9ONHEC",,"Nestasia Sectioned Acacia Wood Lazy Susan Platter (30cm)","1 Piece","Plates Bowls Crockery","Nestasia",,,1460.826348129426,2313.7207552073733,,38.99753,36.84963642511392,0.15708642574565898,0.20957,0.10425,0.13688,0.03982,1473.417477573499
"2026-03-01","IIB1V9BWL3",,"Mad Over Print Melon and Take A Break Coaster Set (2 Pieces, 3.75 Inches)","2 pieces","Plates Bowls Crockery","Mad Over Print",,,59,149,,4.47923,60.40268456375839,0.0002479372013858747,0.00021,0,0,0,29.5
"2026-03-01","C30VMYLODV",,"Jaypee Plus Stainless Steel Soup Bowl with Lid and Spoon Holder (700ml, Ivory)","1 pack","Plates Bowls Crockery","Jaypee Plus",,,261.5869884581832,365,,39.52562,28.38964216255779,0.07741810012663446,0.11614,0.10192,0.14705,0.01282,260.69477008615166
"2026-03-01","XGEJD5FOK0",,"Cello Opalware Dazzle Series Tree of Life Dinner Set (18 Pieces, White)","18 pieces","Plates Bowls Crockery","Cello",,,1301.3684544695072,2099,,16.27067,38.000550049094464,0.01687053849242196,0.02193,0.00304,0.00458,0,72.5477299725982
"2026-03-01","9SQZQQM1UP",,"Dynore Stainless Steel Apple Design Ice Cream Cups (Set of 6)","6 pieces","Plates Bowls Crockery","Dynore",,,363.26968371617227,548.879649233871,,24.0331,33.861262226054535,0.04569211570141094,0.06315,0.00684,0.00973,0.00113,60.457399340685996
"2026-03-01","3CPHCWKPKY",,"La Opala Novo Collection Opal Glass Dinner Set (46 Pieces, English Lavender)","46 pieces","Plates Bowls Crockery","La opala",,,3513.7193847072876,4495,,9.28667,21.830491997613176,0.01744074416884863,0.02853,0.0039,0.00588,0,77.86401437312624
"2026-03-01","E4W8M9Z0KI",,"Eha Earth-Friendly Snack Plate Set (8 inch, Bamboo Fiber & Rice Husk, Multicolor)","4 pieces","Plates Bowls Crockery","Eha",,,467.5806451612903,579,,8.07042,19.24932312640013,0.0060978250669483725,0.0103,0.00085,0.00128,0,116.39810896588207
"2026-03-01","5GMLLCG3VV",,"Java Plastic Plate with Bowl Set (8 Pieces, 12 Inch, 4 Plates and 4 Bowls, Yellow)","8 pieces","Plates Bowls Crockery","Java",,,395.99442416225753,850,,28.2959,53.411376209154845,0.024720386600149392,0.02396,0.00582,0.00877,0,49.35228520783661
"2026-03-01","XSI8EJZT2T",,"Nestasia Glass Snack Bowls (6 Pieces, 220 ml, Transparent)","6 pieces","Plates Bowls Crockery","Nestasia",,,623.6637817611536,1091.7683389855072,,47.60479,43.089314366173035,0.17808525998697816,0.20962,0.07274,0.07283,0.07257,102.35757456129957
"2026-03-01","GGMBY2LA7U",,"Chumbak Palace Memoirs Chip & Dip Platter Gift Set","1 Piece","Plates Bowls Crockery","Chumbak",,,967.7574578340458,1996.8130055241936,,61.29502,51.52468615334848,0.26275074243956875,0.26686,0.34121,0.31423,0.39448,970.3512368143929
"2026-03-01","8IZ1GMD6PT",,"Eha Earth Friendly Rice Husk Biocomposite Multipurpose Bowls (4 Pieces, 750 ml)","4 pieces","Plates Bowls Crockery","Eha",,,499,689,,0.56282,27.576197387518143,0.0007639325976973228,0.00116,0.00002,0.00003,0,124.75
"2026-03-01","DKZ70O9NAC",,"Cello Dazzle Tropical Lagoon Dinner Set (Opalware, White)","5 pieces","Plates Bowls Crockery","Cello",,,587.9120480632234,768.0421038709678,,72.36963,23.49093312790613,0.08852887950141554,0.14036,0.11534,0.17376,0,116.73490720831481
"2026-03-01","IXOI3XN34I",,"HomeStop Grace Tessa Dessert Bowls (Set of 2)","2 pieces","Plates Bowls Crockery","HomeStop",,,538.1041270711502,795,,30.55818,32.24836028988514,0.059930628691796925,0.08665,0.02574,0.03877,0,273.1354542870422
"2026-03-01","7B1V1TZL2B",,"Birch & Co. Serving Tray with 4 Pieces Matching Coasters (Pink Bloom)","4 pieces","Plates Bowls Crockery","Birch & Co.",,,596.1813423722944,1499,,29.79412,60.22871681307751,0.04507767709703749,0.03755,0.01136,0.01711,0,149.1107254795074
"2026-03-01","QQSYWS1ZLS",,"Ganesh Stainless Steel Noodle and Soup Bowl (500ml, Multicolor)","1 Piece","Plates Bowls Crockery","Ganesh",,,182.0054055920556,279.49893497695854,,35.00128,34.80580182903792,0.030718105567007697,0.04208,0.17042,0.25674,0,183.8361262184053
"2026-03-01","814WSV3UOV",,"iVeo Solid Waves Serving Bowl (1190ml, Black)","1 Piece","Plates Bowls Crockery","Iveo",,,395,736.0485470161291,,0.45364,46.33506151173147,0,0,0.00143,0.00215,0,395
"2026-03-01","70MMG4NDV6",,"Glass ideas Bon Bon Plate with Goody Bag (5 Inch, 350ml each)","2 pieces","Plates Bowls Crockery","Glass ideas",,,147.79569356181992,229,,11.92658,35.46039582453279,0.0026014282887193976,0.00359,0.00047,0.00071,0,73.94231921729506
"2026-03-01","0YYAUHQJFW",,"Castleite Melamine Hilton Tree Medium Tray with Handle for Serving, Aroma Series (31 cm, Black)","1 Piece","Plates Bowls Crockery","castleite",,,202.6134897984898,819.1180351351352,,12.8122,74.85306264370051,0.09233291130483828,0.05411,0.04658,0.07017,0,200.59808053704725
"2026-03-01","7Y105W6GYS",,"Femora Porcelain Bowls (Harmonious Symmetrical Pattern)","2 pieces","Plates Bowls Crockery","Femmora",,,449.4020917678812,600,,21.9457,25.338483041924338,0.006450358176900119,0.00769,0.13285,0.01037,0.37466,17112.81688542768
"2026-03-01","ZE19SRE3NS",,"Chumbak Farmlife Snack Plate Gift Set","4 pieces","Plates Bowls Crockery","Chumbak",,,861.1098432817182,1999,,10.15456,56.97026475610886,0.0654620727339832,0.05909,0.02546,0.02504,0.02628,21414.72328935986
"2026-03-01","FHA76B24BM",,"Ireka Homes Pakshi Printed Mango Wood Tray with MDF Base (Set of 3, 12x16 Inch, 10x14 Inch, 8x12 Inch)","3 pieces","Plates Bowls Crockery","Ireka Homes",,,1451.6113063304228,2460,,34.4516,40.992858941502014,0.15272000385834159,0.18919,0.06616,0.09968,0,1450.6263704753692
"2026-03-01","KJ61AZIYIC",,"Cello Melmoware Kids Meal (Zebra Design, Orange)","4 pieces","Plates Bowls Crockery","Cello",,,414.2219170225126,683,,26.60368,39.46157972501886,0.026312273138624893,0.0345,0.00122,0.00184,0,104.80756986629764
"2026-03-01","GCGG4JYGC3",,"CHUMBAK Ikat Paisley Bowls Gift Set (10.8cm)","2 pieces","Plates Bowls Crockery","Chumbak",,,832.9884673496808,1499,,15.97762,44.429749958122066,0.039758418077633494,0.04637,0.04218,0.01584,0.09419,415.83471144751684
"2026-03-01","LPXUTSC3BN",,"Castleite Melamine Marvella Lazuli Dream Break Resistant Dinner Plate (11 Inch, White & Blue)","1 Piece","Plates Bowls Crockery","Castleite",,,223.61827856180074,449,,22.30776,50.19964331773036,0.013564210273001875,0.01403,0.01095,0.01649,0,222.4938065842554
"2026-03-01","3OY8GH8JAP",,"Nestasia Ceramic Bowls with Staircase Wooden Stand (Set of 4 Bowls 150ml + 1 Stand, White and Beige)","1 pack","Plates Bowls Crockery","Nestasia",,,1561.8837511543188,2430,,18.701,35.72676494275619,0.08002185646419316,0.10644,0.17662,0.03167,0.46279,1552.1949188047195
"2026-03-01","G8NXKO9ZCH",,"La Opala Diva Opal Glass Classique Collection Vegetable Bowl Set (6 Pieces, 200ml, White)","6 pieces","Plates Bowls Crockery","La opala",,,390.3888888888889,450,,1.41261,13.246913580246913,0,0,0.00011,0.00017,0,65.0648148148148
"2026-03-01","4GRGNN9S51",,"Home Centre Nuqta Wooden Condiment Bowl with Tray (35 x 35 x 6 cm)","1 pack","Plates Bowls Crockery","Home Centre",,,2014.3172043010754,2068.623656129032,,13.2582,2.625245615221245,0,0,0.00031,0.00046,0,2014.3172043010754
"2026-03-01","VUB3VT97G7",,"Sumeet Stainless Steel Hammered Royal Dinner Set (12 Pieces, Heavy Gauge Mirror Finish)","12 pieces","Plates Bowls Crockery","Sumeet",,,1791.5897996295294,3063.608284919355,,12.22118,41.52027175116841,0.0016961498686357622,0.00208,0.04973,0.03375,0.08128,149.12557684215503
"2026-03-01","742ZR8WBG1",,"Jaypee Plus Electric Cook Smart Casserole (1.5 ltr, Off White)","1 Piece","Plates Bowls Crockery","Jaypee Plus",,,1871.5707186544344,2650,,29.97298,29.37498562452326,0.08152278280873299,0.12081,0.01085,0.01382,0.00499,1869.1906590105737
"2026-03-01","ONT4UP1R4U",,"Ireka Homes TrioBite Snack Bowl with Wooden Tray","1 pack","Plates Bowls Crockery","Ireka Homes",,,847.6555458167176,1425,,37.24593,40.521070550400836,0.10175951363358571,0.12691,0.02233,0.03364,0,845.9383222390401
"2026-03-01","ZGY3RKZSKX",,"Ireka Homes Acacia Wood Coasters with Enamel (4 Pieces, 4 Inches)","4 pieces","Plates Bowls Crockery","Ireka Homes",,,483.79613285606007,700.0248883870967,,25.94743,30.891465663559178,0.023086428893363604,0.03339,0.01696,0.02555,0,120.59961748504806
"2026-03-01","298V9C6336",,"Cello Ornella Toughened Glass Mixing Bowl with Premium Lid (500ml, 2 Pieces, Transparent)","2 pieces","Plates Bowls Crockery","Cello",,,364.71635069629787,419.2695362903226,,22.33318,13.011483275581801,0.00454202328548208,0.00828,0.00046,0.00069,0,181.50834425203269
"2026-03-01","6880MPCR4N",,"Cello Melmoware Kids Meal (Penguin Design, Pink)","4 pieces","Plates Bowls Crockery","Cello",,,384.1906005185576,683,,16.5739,43.74954604413506,0,0,0.00054,0.00082,0,96.0476501296394
"2026-03-01","PT5PUHNF9S",,"Nestasia Ceramic Linear Pattern Serving Bowl with Handle (700ml, White and Blue)","1 Piece","Plates Bowls Crockery","Nestasia",,,676.0499809176135,1015.5830295564517,,16.76404,33.43232790992251,0.026160451096461715,0.03576,0.04656,0.02232,0.09442,662.7851153209516
"2026-03-01","5E7XADOYNZ",,"Saaj Plastic Large Opal Tray (39x25.5x2.5cm, Red)","1 Piece","Plates Bowls Crockery","saaj",,,142.02508960573476,249.59293382488477,,7.69489,43.09731151869065,0.0014545316569565697,0.00173,0.01738,0.02618,0,141.9386611558352
"2026-03-01","RA02VF5ZFI",,"Sumeet Stainless Steel Snack Serve / Namkeen Set (2 Plates - 500ml, 2 Small Plates - 100ml, 3 Spoons, Set of 7, Silver)","7 pieces","Plates Bowls Crockery","Sumeet",,,499,1306.465020120968,,27.2688,61.80538999063976,0.03011763525567007,0.02411,0.06482,0.0406,0.11264,71.28571428571429
"2026-03-01","Z78F9W0H8Z",,"Java Plastic Wave/Mixing Bowl Set (3 Pieces, 1.15L, 850ml, 500ml, Multicolor)","3 pieces","Plates Bowls Crockery","Java",,,129.81159944850953,279.99102657258067,,66.98761,53.66176973214131,0.9932464061039824,0.96104,3.37987,5.09181,0,43.24493010105095
"2026-03-01","SVMYDLIDG6",,"Neelam Stainless Steel Prem Vati (200ml, Silver)","6 pieces","Plates Bowls Crockery","Neelam",,,499,632.0611300403225,,60.83591,21.06751849694233,0.04024464770664241,0.06682,0.06294,0.09482,0,83.16666666666667
"2026-03-01","4NJYGXP2VP",,"Celebration Pinewooden Boat (85 inch)","10 pieces","Plates Bowls Crockery","Celebration",,,169,169,,2.04424,0,0,0,0.00243,0.00366,0,16.9
"2026-03-01","8OBN5JOXFB",,"Femora Ceramic Bowl Set (2 Pieces, 5 inch, Pink, Microwave Safe)","2 pieces","Plates Bowls Crockery","Femora",,,271.5846774193548,430,,13.54711,36.856507618803825,0.014323985640629016,0.01892,0.04723,0.00878,0.12313,135.18804536040466
"2026-03-01","MS68W76813",,"Home Centre Abaco Barney 6 Pieces Glass Snack Bowls with Metal Stand","6 pieces","Plates Bowls Crockery","Home Centre",,,1699.1874588545095,1799,,3.59709,5.548223521150106,0.0029917090477084318,0.0059,0.00277,0.00417,0,1690.9903524769898
"2026-03-01","9M76UU9WG3",,"Magique by The Wishing Chair River of Flowers Snack Plates (4 Pieces, 5.5 inches)","4 pieces","Plates Bowls Crockery","The Wishing Chair",,,967.5806451612904,1099,,28.105,11.95808506266694,0.004872938799068862,0.00905,0.0076,0.01145,0,242.75760841590525
"2026-03-01","1LS760NQNP",,"Castleite Melamine Marvella Lazuli Dream Break Resistant Dinner Plate (11 Inch, White & Blue)","2 pieces","Plates Bowls Crockery","Castleite",,,354.14937899778914,899,,19.17951,60.61285035940902,0.034410058447738194,0.0282,0.00795,0.01197,0,177.95822487212732
"2026-03-01","UYVUKXUKLC",,"Glass ideas Twin Glass Bowl Set (2 Pieces, 200ml, Transparent)","2 pieces x 2","Plates Bowls Crockery","Glass Ideas",,,83.19354838709677,298,,16.6603,72.08270188352458,,,,,,83.19354838709677
"2026-03-01","KUH65CAOKN",,"Clay Craft Fine Ceramic Ramekin Snack Bowls (180ml, Pack of 4, Perfect For Snacks)","4 pieces","Plates Bowls Crockery","Clay Craft",,,812.6293060533652,899,,6.74366,9.607418681494416,0.002740778640672023,0.00519,0.00444,0.0067,0,202.56683945521618
"2026-03-01","C9IQT1VX09",,"iVeo Solid Round Plates (2 Pieces, 12 inch/30cm, Red)","2 pieces","Plates Bowls Crockery","Iveo",,,499,736,,8.87294,32.20108695652174,0.0032635918942985754,0.00465,0.0021,0.00317,0,249.5
"2026-03-01","MZDA647IFR",,"Neelam Stainless Steel Buffet Plate (25cm, Silver)","1 Piece","Plates Bowls Crockery","Neelam",,,186.37088811640373,232.23677544354834,,48.11125,19.729793096647242,0.012701335599634135,0.02175,0.11233,0.16923,0,188.40642369074672
"2026-03-01","JQ83EW8JNT",,"Anwaliya Ceramic Zenform Dinnerware Spiral Edition Dinner Set (Brown)","4 pieces","Plates Bowls Crockery","Anwaliya",,,2482.421592775041,2599,,21.01785,4.485510089455904,0,0,0.00212,0.00319,0,2482.421592775041
"2026-03-01","02DH1H8LGA",,"Larah by Borosil Orbit Series Opalware Pudding Set, Microwave Dishwasher Safe Crockery Set for Dining, Gifting Bowls Set (1U-1.065 L, 6U-180ml, Green, 7 Pieces)","7 pieces","Plates Bowls Crockery","Larah by Borosil",,,901.8598111658457,1250,,11.86362,27.851215106732337,0.002944981781719544,0.00443,0.00342,0.00516,0,127.96900752034728
"2026-03-01","I4K8RA3ODQ",,"Cello Zenith Round Glass Bowl with Lid (1L, 17cm, Stackable)","1 Piece","Plates Bowls Crockery","Cello",,,153.6627906976744,175,,3.98139,12.192691029900333,0.000581679631420382,0.00105,0.00874,0.01317,0,156.06052344601963
"2026-03-01","OOVMTIIBJM",,"Jaypee Plus Plastic Mixing Bowl Set (4 Pieces, 2.8L, 2L, 1.2L, 800ml, Multicolor, BPA Free)","4 pieces","Plates Bowls Crockery","Jaypee Plus",,,430.12661975517796,599,,25.69804,27.97618553323784,0.055638205499728796,0.08472,0.15554,0.23428,0.00011,108.53857918634242
"2026-03-01","MZ26QT66IY",,"Selvel Elegance Royal Thermoware Casserole (1.7L, Coral Black)","1 Piece","Plates Bowls Crockery","Selvel",,,899,2998.993647096774,,75.05922,70.0232682722541,0.9766327844298981,0.61508,0.54494,0.03592,1.5499,898.9999999999999
"2026-03-01","23VA4TUF4G",,"ExclusiveLane Ceramic 'The Hut Curved Serving' Bowls (190 ml, Multicolored)","2 pieces","Plates Bowls Crockery","ExclusiveLane",,,799,1325,,13.12574,39.698113207547166,0.008005993669163606,0.01014,0.02228,0.00112,0.06406,399.5
"2026-03-01","2AOG4M2S99",,"Femora Borosilicate Glass Microwave Safe All-Purpose Mixing Bowls (400ml, 2 Pieces, Transparent)","2 pieces","Plates Bowls Crockery","Femora",,,428.82915537488714,600,,9.78915,28.531057879742086,0.009145906154408523,0.01393,0.00575,0.00867,0,212.8423509272191
"2026-03-01","PXVIMW3CRU",,"HomeStop Essential Astra Dessert Bowl (Set of 6, 230ml)","6 pieces","Plates Bowls Crockery","HomeStop",,,602.3673862369515,895,,11.09386,32.700278958359974,0.0074407766688211596,0.01023,0.01405,0.02117,0,97.71349649787548
"2026-03-01","QLRBSW7NU0",,"Larah by Borosil Meadow Opalware Dinner Set (10 Pieces, Crockery for Gifting and Dining)","10 pieces","Plates Bowls Crockery","Larah",,,707.6045155186393,1589.9903561802573,,49.62622,56.036233514424296,0.9528264895775808,0.87493,0.99168,1.09016,0.79724,695.6725443486796
"2026-03-01","08FZFGRZF7",,"Corelle Winter Frost White Bachelor Set (2 Pieces)","2 pieces","Plates Bowls Crockery","Corelle",,,850.7908882090642,998,,35.62919,14.752473528653006,0.039553882358180366,0.07081,0.85603,0.43562,1.68605,850.4224939466078
"2026-03-01","QPXVE6JK1U",,"HomeStop Flavius Cereal Bowl (6.5cm, White)","1 Piece","Plates Bowls Crockery","HomeStop",,,487.5806451612903,699,,8.57655,30.245973510545017,0.000774907685082613,0.00114,0.00018,0.00028,0,489.48979591836735
"2026-03-01","YPY5IADRFY",,"HomeStop Essential Prisma Ice Cream Bowl (Set of 6, 120ml)","6 pieces","Plates Bowls Crockery","HomeStop",,,579,895,,19.26944,35.3072625698324,0.0009920813839491135,0.00135,0.00141,0.00213,0,96.5
"2026-03-01","PVCDA0MCD0",,"Glass ideas Stack Bowl (7.5 cm, 70ml each)","6 pieces","Plates Bowls Crockery","Glass ideas",,,121.68487394957984,199,,20.13133,38.878026878900684,0.010035220811022646,0.0129,0.00378,0.00569,0.00001,20.306199381354563
"2026-03-01","64GHUNX2HS",,"Ireka Homes Wooden Mediterranean Rectangular Acacia Server (10 x 30 cm, Blue)","1 Piece","Plates Bowls Crockery","Ireka Homes",,,644.8283183864651,1050.0536731330471,,14.73314,38.590918265874016,0.006256631255629466,0.00831,0.01251,0.01884,0,654.3980652193189
"2026-03-01","GRTYIFQSTP",,"Clay Craft JCPL Fine Porcelain Soup Plate (300ml, Dia 23cm)","1 Piece","Plates Bowls Crockery","Clay Craft",,,812.7343943650333,899,,15.2656,9.595729214123104,0.001495106222441582,0.00283,0.00609,0.00918,0,811.8122829741549
"2026-03-01","JQGCSQ5371",,"Asian Steel Cosmos Inner Casserole (600ml, Orange, PU Insulated)","1 Piece","Plates Bowls Crockery","Asian",,,171.58064516129033,215,,13.06724,20.220315052828756,0.01075824626482934,0.01791,0.02227,0.03355,0,170.47468564363902
"2026-03-01","LZEXPFB225",,"Wonderchef Venice Stainless Steel Dinner Set (16 Pieces, Silver)","16 pieces","Plates Bowls Crockery","Wonderchef",,,1224.5115243384066,2599,,39.04009,52.8942263953853,0.32442724147164087,0.3206,0.01525,0.02297,0,76.40690679755707
"2026-03-01","6YXH0NMI1P",,"Timberluxe Arm Rest Tray with Holder (Brown Wood)","1 Piece","Plates Bowls Crockery","Timberluxe",,,659.0578728782955,1300,,44.92051,49.30129933524655,0.06132030755965861,0.06531,0.04974,0.07494,0,65943.33107101428
"2026-03-01","D4TAUW8IDO",,"Pure Home + Living Ribbed Side Bowls (Pack of 2, Green)","2 pieces","Plates Bowls Crockery","Pure Home + Living",,,1599,1599,,13.34895,0,0,0,0.00029,0,0.00087,79950
"2026-03-01","M75BNSUUZG",,"ExclusiveLane Brass 'Mughal Arc' Coasters (Golden)","2 pieces","Plates Bowls Crockery","ExclusiveLane",,,672.8279793503424,1125,,18.11575,40.193068502191785,0.017772158550043833,0.0223,0.01125,0.00196,0.0296,337.6836167783417
"2026-03-01","02MMCTB4MS",,"La Opala Novo Opalware Dinner Set (23 Pieces, English Lavender)","23 pieces","Plates Bowls Crockery","La opala",,,2652.0967741935483,2695,,4.50758,1.591956430666108,0,0,0.00013,0.0002,0,115.30855539971952
"2026-03-01","KJIV1Q5RP4",,"CHUMBAK Suzani Ceramic Blossom Plates (4 Pieces, Multicolor)","4 pieces","Plates Bowls Crockery","Chumbak",,,1201.5972991972483,2595,,40.70244,53.71962586346713,0.5402285555473717,0.52441,0.0424,0.06387,0,299.89527747973926
"2026-03-01","CN32W93GT0",,"CHUMBAK Take the Scenic Route Foldable Breakfast Tray (56cm, Black)","1 Piece","Plates Bowls Crockery","Chumbak",,,2403.267635658914,2994.903346976744,,22.86839,19.754975999433572,0.04814305226158962,0.08102,0.00655,0.00986,0,2400.0409620031655
"2026-03-01","IJBXRS5QSR",,"Larah by Borosil Orbit Opalware Dinner Set, Family of 4, Microwave Dishwasher Safe Crockery Set for Dining, Gifting (White, 13 Pieces)","13 pieces","Plates Bowls Crockery","Larah by Borosil",,,1451.783493561167,1945.053422488479,,51.09982,25.364983713101484,0.11912925231283558,0.18669,0.04401,0.03287,0.06602,111.62546786733363
"2026-03-01","Q9JIXMFNM9",,"Clazkit Cotton Roti Cloth Wrap Rumal (2 Pieces, Round, Color May Vary)","2 pieces","Plates Bowls Crockery","Clazkit",,,178.48591894868719,198.9996622983871,,34.60031,10.334584683862152,0.01846924288821257,0.03461,0.00612,0.00857,0.00129,88.72854547916253
"2026-03-01","8D17GMOZ3B",,"Nestasia Ceramic Chip and Dip Snack Plate (18.5 cm, White and Blue)","1 Piece","Plates Bowls Crockery","Nestasia",,,532.2798788447777,759.2570931854838,,38.20997,29.922421676677626,0.0481023114069018,0.07059,0.07952,0.0815,0.07561,528.0971634937749
"2026-03-01","ITP92TC2TU",,"Classic Essentials Stainless Steel Dinner Set (32 Pieces, Silver, Permanent Laser-Glory)","32 pieces","Plates Bowls Crockery","Classic Essentials",,,1066.2671147776955,3448.608262137097,,73.8489,69.2377054595655,3.061647459492787,2.04571,0.7774,1.13728,0.0669,33.36618037737017
"2026-03-01","6QY5PR8VUI",,"Nestasia Floral Metal Bowls for Dry Fruits & Chocolates (Set of 2, 11x15x3.5cm)","2 pieces","Plates Bowls Crockery","Nestasia",,,975.5634526663317,1530,,86.51252,36.231365601657714,0.054700833263503335,0.07321,0.25144,0.3788,0,978.7554451324035
"2026-03-01","3QY6Q3SM4U",,"Nestasia Ceramic Square Dessert Plate (Set of 6, 8 cm, Beige)","6 pieces","Plates Bowls Crockery","Nestasia",,,1173.0947018920372,1750,,21.16335,32.96601703474074,0.002909894759927177,0.00404,0.02955,0.02656,0.03544,192.93628084789765
"2026-03-01","8DX4DQVJP5",,"Cello Opalware Twilight Floral Mixing Bowl Set with Lids (3 Pieces, 500ml, 1L, 1.5L)","3 pieces","Plates Bowls Crockery","Cello",,,761.5837173579108,1049,,14.54115,27.40132310284063,0.03368553639110624,0.05125,0.00272,0.00409,0,253.23664977942184
"2026-03-01","2523UJ44ZS",,"Selvel Elegance Thermoware Casserole (1.7L, White)","1 Piece","Plates Bowls Crockery","Selvel",,,842.4329457637261,2998.992770080645,,39.33581,71.9493760046066,0.28008190202376737,0.15659,0.24646,0.02556,0.68258,803.5804422903359
"2026-03-01","7FGW0VSISY",,"Cello Tropical Lagoon Dazzle Series Opalware Dinner Set (35 Pieces, White, Light-Weight)","35 pieces","Plates Bowls Crockery","Cello",,,2313.8584126244814,4295,,48.67055,46.150249955074514,0.1884818272357013,0.20937,0.01631,0.02457,0,64.88884214035119
"2026-03-01","0A4WURQYTO",,"HomeStop Amora Steel Round Snack Jars with Tray (Set of 3)","3 pieces","Plates Bowls Crockery","HomeStop",,,1961.600499560177,2995,,38.18587,34.50561044175959,0.12230055369957604,0.1681,0.01083,0.01631,0,1959.4127994762368
"2026-03-01","TNWSKOTRLG",,"Jaypee Palazio 1500 Casserole (White)","1 Piece","Plates Bowls Crockery","Jaypee",,,372.9175874769798,520.4033149171271,,3.6274,28.340658718446864,0.0017229224302877583,0.00255,0.00482,0.00009,0.01415,366.1823144405027
"2026-03-01","KP7P3QC6Y6",,"Nestasia Ceramic Leaf-Shaped Serving Platter (Set of 1 Tray + 4 Small Plates, 33 cm, Blue, White and Natural Wood)","5 pieces","Plates Bowls Crockery","Nestasia",,,1555.2411199927587,3254.155512983871,,87.35171,52.452589073196826,3.150065756674336,3.13475,3.55398,2.21068,6.20606,308.8024945585799
"2026-03-01","VDTUPJZO4C",,"Anwaliya Ceramic Zenform Dinnerware Spiral Edition Dinner Bowls (4 Inches, Brown)","2 pieces","Plates Bowls Crockery","Anwaliya",,,476.4762908324553,499,,24.50782,4.513769372253455,0.0002765389442687523,0.00052,0.01333,0.02009,0,22870.84960779883
"2026-03-01","FSWHGKGIZX",,"Jaypee Palazio 2500 Casserole (White)","1 Piece","Plates Bowls Crockery","Jaypee",,,561.7053140096618,740.074531352657,,5.58988,24.104361154598482,0.004264985473604904,0.00662,0.00971,0.00143,0.02604,559.2023998843429
"2026-03-01","MQX64H14PS",,"Sumeet Stainless Steel Square Bowl / Katori (190ml Each, Set of 6)","6 pieces","Plates Bowls Crockery","Sumeet",,,478.5464834766924,1151.0414927419354,,69.08889,58.42366344887292,0.2568848908105366,0.22301,0.45317,0.36103,0.63507,79.69615573970549
"2026-03-01","IVTN9F2I6B",,"Nestasia Hearty Ceramic Bowl with Handle (370ml)","3 pieces","Plates Bowls Crockery","Nestasia",,,899,1800,,4.06113,50.05555555555556,0,0,0.00749,0.01128,0,29966.666666666664
"2026-03-01","8IS0GNLRDF",,"Judge by Prestige Classic Stainless Steel Bowls (Set of 6, 190ml each)","6 pieces","Plates Bowls Crockery","Prestige",,,361.67334925811053,449.569117688172,,60.51772,19.58097372885166,0.05181222352153551,0.0877,0.07906,0.11072,0.01656,360.75985590431515
"2026-03-01","IXHZOT0VY8",,"Sumeet Stainless Steel Apple Shape Heavy Gauge Small Dessert Plates with Mirror Finish (12.8cm Dia, Set of 12, Silver)","12 pieces","Plates Bowls Crockery","Sumeet",,,1095.487588325653,1846.936035391705,,33.69202,40.67935453625661,0.04227071535364811,0.05217,0.01492,0.0075,0.02958,92.14510340090473
"2026-03-01","BV9X7RUY1G",,"Castleite Melamine Hilton Tree Small Tray with Handle for Serving, Aroma Series (24 cm, Black)","1 Piece","Plates Bowls Crockery","castleite",,,141.52830286669632,498.4844509174312,,12.8874,71.60610260444008,0.02212328183070298,0.01302,0.06316,0.09515,0,143.19647635924466
"2026-03-01","TZ844I6H1J",,"Clay Craft Fine Ceramic ""Happiness is..."" Urmi Delight Snack Plates (4 Pieces)","4 pieces","Plates Bowls Crockery","Clay Craft",,,669.7147465437788,781.0633887903225,,33.13731,14.255956310416604,0.0038861786696095845,0.00701,0.00213,0.00321,0,167.25902163797113
"2026-03-01","JB0PT85WT4",,"Home Centre Wooden Oakland Reversible Coasters with Holder (9.5cmx9.5cm, Pack of 6, Brown)","6 pieces","Plates Bowls Crockery","Home Centre",,,882.5700865285784,997.8085686976746,,13.73664,11.572911354864406,0.061188606511035123,0.11339,0.00436,0.00657,0,146.86519053076262
"2026-03-01","72P3ELHPE5",,"iVeo Solid Octa Snack Bowl (300 ml, Black)","1 Piece","Plates Bowls Crockery","Iveo",,,200,312,,1.63391,35.8974358974359,0.0015564669382775232,0.0021,0.00115,0.00173,0,200
"2026-03-01","KIR7KL2R0G",,"Ireka Homes Wooden Signature Acacia Chopping Board or Serving Platter (32 x 20 cm, Blue and Brown)","1 Piece","Plates Bowls Crockery","Ireka Homes",,,442.9382589703491,625,,19.69656,29.13715389362346,0.06062372208909828,0.0902,0.0148,0.0223,0,442.72976795866606
"2026-03-01","ZRO28DZMIG",,"Larah by Borosil Meadow Opalware Dinner Set (6 Pieces, 3 Full Plates, 3 Veg Bowls 210ml each, Crockery for Gifting and Dining)","6 pieces","Plates Bowls Crockery","Larah",,,508.76766527425053,850,,73.39367,40.81185990882136,0.3675669841991606,0.45156,0.59392,0.50497,0.76952,497.92297260712786
"2026-03-01","Z4CST17TJA",,"HomeStop Adele Snack Bowl with Lid (15x17cm, Brown)","1 Piece","Plates Bowls Crockery","HomeStop",,,1145.0882253711202,1645,,24.19382,30.39788513504089,0.06428324857528134,0.09351,0.00584,0.0088,0,1144.224134723776
"2026-03-01","BK0PAAJXOO",,"BlackCarrot Red Stoneware Snack Bowl","1 pack","Plates Bowls Crockery","BLACKCARROT",,,1048.1731528642392,2198.7762183870973,,19.04793,52.28870894713113,0.028034696701304228,0.02925,0.01501,0.00138,0.0419,1073.830322952388
"2026-03-01","KHMFWM7Q1F",,"Glass ideas Rose Donga (8.5 Inches, 1.2L)","2 pieces","Plates Bowls Crockery","Glass ideas",,,568.4682478177126,1199,,9.97383,52.58813612863114,0.0018875487410671117,0.00165,0.00891,0.0133,0.00025,255.41161997494385
"2026-03-01","C39CPZG6V3",,"Home Centre Velto Stoneware Ramkain Dip Bowls (Set of 3, 160ml)","3 pieces","Plates Bowls Crockery","Home Centre",,,383.1623655913978,399,,30.63681,3.977370549313733,0.022669375572722576,0.04556,0.02859,0.04307,0,127.21477429732545
"2026-03-01","6O7IM8M8PN",,"Ireka Homes Wooden Fostera Enamel Serving Bowl (1.2L, Acacia Wood, Blue, Brown)","1 Piece","Plates Bowls Crockery","Ireka Homes",,,761.6044186827957,1125,,24.83815,32.30368148148148,0.044898084758005476,0.06375,0.00523,0.00789,0,760.1353400904212
"2026-03-01","YFWXIL3AID",,"iVeo Solid Round Soup Bowl Set (6 Pieces, 300ml, 4.5 inch, Red)","6 pieces","Plates Bowls Crockery","Iveo",,,395,696,,0.88781,43.247126436781606,0.0003857909505132322,0.00046,0.00004,0.00007,0,65.83333333333336
"2026-03-01","2Y7XXSZDXK",,"Magique by The Wishing Chair River of Flowers Dessert Cups Set (4 Pieces, 130ml, White)","4 pieces","Plates Bowls Crockery","The Wishing Chair",,,1317.5806451612902,1499,,21.06667,12.103061579219958,0.004985516589369489,0.00919,0.00256,0.00386,0,328.78174502396746
"2026-03-01","L1CJX8RYUL",,"Castleite Melamine Tulip Armena Trays with Handle for Serving Snacks/Tea, Aroma Series (Black)","3 pieces","Plates Bowls Crockery","castleite",,,647.3963257812248,1999,,26.04552,67.61483667542251,0.05872453310383465,0.03936,0.14219,0.21422,0,220.6883011252941
"2026-03-01","2O0HJ6RDWM",,"Embassy Stainless Steel Mixing Bowl (2.1 L)","1 Piece","Plates Bowls Crockery","Embassy",,,293.884609379951,406.57157052419353,,43.76538,27.70662547303562,0.09787100691513682,0.14855,0.30049,0.44512,0.01494,295.7844814490755
"2026-03-01","4XTSJFP5U4",,"Eha Earth Friendly Frosty Rice Husk Biocomposite Mixing Bowls Set (2 Pieces, 1.8L)","2 pieces","Plates Bowls Crockery","Eha",,,483.12143128675393,765.8160095698925,,6.08473,36.914164074724575,0.002886614271534137,0.00384,0.00403,0.00608,0,237.68174344971516
"2026-03-01","G12MYOPA9C",,"Cello Nadir Square Glass Bowl (1.1L, 17cm, Stackable)","1 Piece","Plates Bowls Crockery","Cello",,,197.79224537037038,249,,5.09807,20.565363305072133,0.002084102578785491,0.00349,0.00845,0.01273,0,198.51785413508506
"2026-03-01","PXABQQOM23",,"Glass ideas Stack Bowl (9.0cm, 120ml each)","6 pieces","Plates Bowls Crockery","Glass ideas",,,152.947050307217,249,,14.24652,38.57345001060917,0.008143182261479733,0.01076,0.01479,0.02178,0.00097,25.590593090601914
"2026-03-01","4TPU1QA3DX",,"Larah by Borosil Fluted Chrys Red Opalware Dinner Set, Family of 4, Microwave Dishwasher Safe Crockery Set for Dining, Gifting (Red and White, 10 Pieces)","10 pieces","Plates Bowls Crockery","Larah by Borosil",,,1022.1358300529763,1445.0117327822584,,61.92587,29.267218011074675,0.10663677595192755,0.15824,0.10239,0.10834,0.09066,102.23057129609396
"2026-03-01","BF8VQ5AO86",,"Chumbak Palace Memoir Snack Plates (Set of 4)","1 pack","Plates Bowls Crockery","Chumbak",,,1150.9363604488078,1999,,27.19219,42.42735888191223,0.12592100222309935,0.1522,0.03043,0.04584,0,1150.065034136776
"2026-03-01","FNQ4NF0PY4",,"Glass ideas Dessert Bowls (300 ml)","2 pieces","Plates Bowls Crockery","Glass ideas",,,111.5912047819561,198.70503383064516,,64.61743,43.90837295504635,0.046750047609671795,0.055,0.35427,0.52462,0.01795,111.15030591804825
"2026-03-01","UALPG92MPS",,"HomeStop Amora Steel Round Snack with Lotus Handle Tray (Set of 3)","3 pieces","Plates Bowls Crockery","HomeStop",,,2032.618492270374,3295,,30.79606,38.31322596971243,0.18506807619126767,0.23975,0.0091,0.01371,0,677.2706256630256
"2026-03-01","LBFADI72K6",,"Sumeet Heavy Gauge Stainless Steel Apple Bowl/Wati/Katori (200ml Each, 8.8cm Dia, Mirror Finish, Pack of 6)","6 pieces","Plates Bowls Crockery","Sumeet",,,282.3207582942892,912.108649233871,,70.70364,69.06788613346026,1.363462377303865,0.88475,3.63467,3.15542,4.58084,47.03346925912887
"2026-03-01","LHCZD0Z8BP",,"iVeo Solid Idli/Pasta Plate (23 cm, Red)","2 pieces","Plates Bowls Crockery","Iveo",,,299,535.9538022580646,,6.56927,44.21160951927906,0,0,0.00563,0.00848,0,149.5
"2026-03-01","0KO1BC62ID",,"Ireka Homes SnackMate Chip & Dip Platter (12x1.75 Inch)","1 pack","Plates Bowls Crockery","Ireka Homes",,,883.8096003036703,1480,,28.64714,40.277788455771855,0.08695628251046568,0.10867,0.01886,0.02841,0,888.6249254586036
"2026-03-01","WLSJQH0ZRA",,"Cello Melmoware Kids Meal (Crocodile Design, Yellow and Green)","4 pieces","Plates Bowls Crockery","Cello",,,406.8879119491273,683,,26.73292,40.54228620742001,0.016848255739245768,0.01981,0.00214,0.00322,0,99.3438579574594
"2026-03-01","6IHGAZJJBH",,"Home Centre Caraway Somber Stoneware Bowls with Vented Lids (Set of 3)","3 pieces","Plates Bowls Crockery","Home Centre",,,687.4137931034483,1799,,13.79674,61.7928628204012,0.08859240197688799,0.07109,0.00142,0.00214,0,687.1685020021841
"2026-03-01","7OT4Y0IU0M",,"Home Centre Noori Platina Bone China Emily Bowls (Set of 3, 320ml each)","3 pieces","Plates Bowls Crockery","Home Centre",,,950.7304266747309,996.9265922463767,,41.29285,4.660486276025521,0.04263821449185253,0.08522,0.01752,0.0264,0,316.68904305438207
"2026-03-01","PE2HEEV0UM",,"Home Centre Haze Dietes Wooden Chip n Dip Set (Set of 3)","3 pieces","Plates Bowls Crockery","Home Centre",,,1329.4604846815712,1494.48426016129,,34.42513,11.022901892016616,0.029913432114622537,0.05629,0.00254,0.00383,0,1341.6271710224323
"2026-03-01","LO9YOG3JQB",,"Eha Earth Friendly Rice Husk Biocomposite Husk Kids Bowls (4 Pieces, 400 ml)","4 pieces","Plates Bowls Crockery","Eha",,,425.48061056105615,700,,5.37836,39.21705563413484,0,0,0.00004,0.00007,0,106.37015264026404
"2026-03-01","K9XACV9DB9",,"Nestasia Santa Snowman Reindeer Bamboo Platter with Ceramic Bowls (Pack of 4)","1 pack","Plates Bowls Crockery","Nestasia",,,1152.5806451612902,1800,,1.44202,35.96774193548387,0,0,0.00101,0.00152,0,288.14516129032256
"2026-03-01","168WWLGWGI",,"Castleite Melamine Marvella Lazuli Dream Break Resistant Dinner Plate (11 Inch, White & Blue)","6 pieces","Plates Bowls Crockery","Castleite",,,981.7046302391925,2499,,29.10716,60.71610123092468,0.032551942895568,0.02679,0.03419,0.0515,0,163.17161231271248
"2026-03-01","A5INYQMTCD",,"Home Centre Whirl Emily Bone China Bowls (Set of 3, 320ml each)","1 pack","Plates Bowls Crockery","Home Centre",,,778.7849566352477,1299,,32.90045,40.088062289226414,0.043561951013447786,0.05226,0.00876,0.01319,0,247.37380018304626
"2026-03-01","03K0EKOB5U",,"Signoraware BPA Free Plastic Stack Thali 5 in 1 (Set of 3, Microwave Safe and Durable , White)","3 pieces","Plates Bowls Crockery","Signoraware",,,499.0989126686564,599,,38.03132,16.67853537899195,0.03676687531912787,0.06434,0.39664,0.06872,1.04404,166.35887446027914
"2026-03-01","333IB73Q5W",,"Avias Avistar Premium Double Wall Insulated Stainless Steel Casserole (1500ml, Silver)","1 Piece","Plates Bowls Crockery","Avias",,,821.0336402114986,1650,,21.44072,50.240385441727355,0.008597151785144011,0.00801,0.00589,0.00887,0,734.8899714179404
"2026-03-01","32BZJ2SE8Y",,"Irida Naturals Unbreakable Wheat Straw Plates (4 Pieces, 8 inches, Multicolor)","4 pieces","Plates Bowls Crockery","Irida Naturals",,,501.61967557678344,999.3983856923077,,20.73262,49.70085126360047,0.055269376047901934,0.058,0.03574,0.00553,0.09536,126.99870868744317
"2026-03-01","3WLXI6L58F",,"Ireka Homes Wooden Signature Acacia 2-Tier Stand (35 x 27 cm, Brown)","1 Piece","Plates Bowls Crockery","Ireka Homes",,,869.9558565630293,1250,,43.68457,30.41798491384606,0.7561928330418538,1.10491,0.23955,0.36088,0,869.6442260082172
"2026-03-01","5XKRB7C7SN",,"Nestasia Ceramic Mandala Snack Bowl with Chopsticks (Set of 6 Bowls 250ml + 6 Pairs of Chopsticks, Multicoloured)","6 pieces","Plates Bowls Crockery","Nestasia",,,969.1974122726997,1614.9704991935484,,55.08846,40.31072368162957,0.8101222506935336,1.01154,1.19757,0.27213,3.02465,16002.315595989376
"2026-03-01","9LDVCOXKWW",,"Home Centre Bone China Mandarin Harvey Printed Bowls (470ml, Pack of 3, Multicolour)","3 pieces","Plates Bowls Crockery","Home Centre",,,951.5794870555636,999,,11.62156,4.748942220236174,0.009275279154192701,0.01868,0.00242,0.00365,0,316.3644143573866
"2026-03-01","QN7468FQD4",,"Clay Craft happiness Is Fine Ceramic Nikko Delight Bowls (470ml, Pack of 4)","4 pieces","Plates Bowls Crockery","Clay Craft",,,1209.9050541522943,1338.2255966046514,,19.00358,9.588857273237954,0.007792977200367289,0.01476,0.0058,0.00873,0,301.75841080160035
"2026-03-01","GB0FKZO629",,"Castleite Melamine Nantes Marble Print Serving Platter/Tray Plates with Sauce Dip (Black)","2 pieces","Plates Bowls Crockery","castleite",,,380,999,,8.94734,61.96196196196196,0,0,0.0017,0.00257,0,190
"2026-03-01","X5LLR5RR6T",,"Cello Kidzbee Racers Plate (Car Shaped, Red, Kid-Friendly, Break-Resistant)","1 Piece","Plates Bowls Crockery","Cello",,,495,679,,26.07843,27.098674521354933,0.003387311061187302,0.00519,0.00009,0.00013,0,495
"2026-03-01","4FPLSW7EQ3",,"Borosil Serving Mixing Glass Bowl with Lid Borosilicate Glass Multipurpose Bowl for Kitchen Dining Microwave Dishwasher Safe (1.7L, Transparent)","1 Piece","Plates Bowls Crockery","Borosil",,,431.2927072927073,595,,9.34821,27.51852972927855,0.018302953685405143,0.02773,0.00018,0.00027,0,43215.74315538398
"2026-03-01","DFGY2CHS21",,"Swastik Housewares Plastic Serving Tray Set (3 Pieces, Small, Medium and Large)","3 pieces","Plates Bowls Crockery","Soham Housewares",,,295.8665414148806,599,,19.94037,50.622475062822936,0.04127564076404847,0.04225,0.0882,0.13288,0,98.00823845831962
"2026-03-01","2S5NHAC8UB",,"Mad Over Print Be Kind and Wonderful Coaster Set (2 Pieces)","2 pieces","Plates Bowls Crockery","Mad Over Print",,,88.50021505376344,149,,4.58072,40.603882514252724,0.00008264573379529156,0.00008,0.00001,0.00001,0,41.9190803469154
"2026-03-01","RUEME6CYCD",,"Eha Earth-Friendly Multipurpose Bowl Set (600ml, Bamboo Fiber & Rice Husk, Multicolor)","4 pieces","Plates Bowls Crockery","Eha",,,458.5377112135177,689.5185615053764,,5.2424,33.49885894116828,0,0,0.00004,0.00006,0,114.63442780337941
"2026-03-01","QXWNU4OL47",,"La Opala Diva Opal Glass Cosmo Collection Quarter Plates (6 Pieces, 190mm, White)","6 pieces","Plates Bowls Crockery","La Opala",,,439,540,,0.67776,18.703703703703702,0,0,,,,73.16666666666669
"2026-03-01","WZ44DB567L",,"Neelam Stainless Steel Plate (24cm, Silver)","1 Piece","Plates Bowls Crockery","Neelam",,,172.32553907898313,197.47152844262297,,41.03296,12.705038216365601,0.01663923021131683,0.03013,0.07021,0.10578,0,175.17114922762877
"2026-03-01","NTJBPZQJ85",,"Larah by Borosil Vanam Opalware Dinner Set (6 Pieces, 3 Full Plates, 3 Veg Bowls 210ml each, Crockery for Gifting and Dining)","6 pieces","Plates Bowls Crockery","Larah",,,533.9902708651027,849.8348775403225,,76.61917,37.7293989767507,0.269823521102577,0.34781,0.39203,0.38216,0.41152,520.7387873188471
"2026-03-01","6HB7C63JK7",,"Home Centre Zyra Vista Rectangular Bamboo Tray (35 x 24 x 5 cm)","1 Piece","Plates Bowls Crockery","Home Centre",,,1141.5882894525673,1199,,42.77208,4.7994689829673804,0.0659296779722777,0.13171,0.03395,0.05114,0,1140.1983105528375
"2026-03-01","ECH1JEO8L6",,"Neelam Stainless Steel Buffet Plate (25cm, Silver)","1 Piece x 2","Plates Bowls Crockery","Neelam",,,373.11172814113996,460.4885899547512,,2.69546,18.974815819474944,,,0.2202,0.33174,0,373.11172814113996
"2026-03-01","SN05UCAHS8",,"Sumeet Stainless Steel Heavy Gauge Deep Wall Dinner Plates with Mirror Finish (26.6cm Dia, Set of 6, Silver)","6 pieces","Plates Bowls Crockery","Sumeet",,,1166.3044674574685,2023.732929377593,,20.75249,42.42582361199327,0.12135885794407754,0.1427,0.05544,0.03423,0.09732,192.39575916639714
"2026-03-01","366T9RG3SH",,"Borosil Serving Mixing Glass Bowl with Lid Borosilicate Glass Multipurpose Bowl for Kitchen Dining Microwave Dishwasher Safe (900ml, Transparent)","1 Piece","Plates Bowls Crockery","Borosil",,,395,530,,17.77194,25.471698113207545,0.0161057744487106,0.02522,0.00123,0.00184,0,395
"2026-03-01","GKLUWDVX2L",,"Embassy Stainless Steel Lotus Vati / Katori / Curry Bowl (150 ml, Pack of 6)","6 pieces","Plates Bowls Crockery","Embassy",,,315.9594298510629,571.7284568548387,,15.58444,44.73610224175273,0.0038993155166313713,0.00465,0.01223,0.01677,0.00328,53.149376285239114
"2026-03-01","SNJ8AQ9HPS",,"Signoraware Glass Mixing Bowl Set (13x7cm, Set of 2, 500ml each)","2 pieces","Plates Bowls Crockery","Signoraware",,,351.6023166023166,499,,21.21098,29.53861390735138,0.00041505785020733946,0.00061,0.01774,0.02673,0,350.11287233339937
"2026-03-01","WS1QMVQVK2",,"Nayasa Plastic Kids BPA-Free Partition Plate (Red)","1 Piece","Plates Bowls Crockery","Nayasa",,,200.79519420671497,265,,13.93628,24.231336086451186,0.0035979994811443125,0.00568,0.0327,0.04926,0,199.77355841520784
"2026-03-01","WSF6D7QF8K",,"Cello Opalware Mixing Bowl Set with Lid (500ml, 1L, 1.5L, Green Orchard)","3 pieces","Plates Bowls Crockery","Cello",,,891.8988015365886,1049,,67.9271,14.98938935077346,0.30409822013923005,0.543,0.24571,0.37016,0,297.1306400643392
"2026-03-01","JUJUS4ATYI",,"Agaro Borosilicate Glass Mixing Bowls with Lid (3 Pieces, 500ml, 800ml, 1.6L, Transparent)","3 pieces","Plates Bowls Crockery","Agaro",,,1003.6379493090062,1494.9523687096776,,72.93003,32.6572297573692,0.41169531623737055,0.58525,0.4863,0.73262,0,337.62908954317885
"2026-03-01","MVAIO3W2MC",,"HomeStop Grace Lexa Dessert Bowls (Set of 2)","2 pieces","Plates Bowls Crockery","HomeStop",,,539.8788399038735,791.938780107527,,30.93609,31.847951122106945,0.020270653822225433,0.02785,0.02035,0.03065,0,259.81737293105516
"2026-03-01","5CZODNXC5B",,"Trisara Stainless Steel Katoris / Dinner Vatis / Bowls (150 ml, Pack of 6)","6 pieces","Plates Bowls Crockery","Trisara",,,259.6234797067826,537.084949233871,,17.73754,51.63067291481826,0.04173426638539136,0.04396,0.03534,0.05324,0,44.284605623858255
"2026-03-01","OOJR02MFMQ",,"Nestasia Ceramic Mandala Platter (27.5 cm, Pink and Blue)","1 Piece","Plates Bowls Crockery","Nestasia",,,584.0681724822741,1145,,37.89892,49.02623842126996,0.17886282829930567,0.19036,0.12553,0.17141,0.03495,581.6230154186862
"2026-03-01","6JLB61WZIO",,"Castleite Melamine Spicy Destin Medium Tray with Handle for Serving, Aroma Series (31 cm, Black)","1 Piece","Plates Bowls Crockery","castleite",,,196.617527981278,699,,15.62942,71.87280848442587,0.04346101346734368,0.02528,0.07236,0.10901,0,201.25319567038287
"2026-03-01","CMU14UGA7K",,"Nayasa Plastic Desire Insulated Stainless Steel Casserole (1800ml, Green)","1 Piece","Plates Bowls Crockery","Nayasa",,,501.25604838709677,709,,14.99239,29.305616483176884,0.018965117290984313,0.02782,0.00152,0.00228,0,495.13345203382113
"2026-03-01","LCGWT455HD",,"Dynore Stainless Steel Sauce Cup (75 ml each, Set of 6)","6 pieces","Plates Bowls Crockery","Dynore",,,106.39066337344221,500,,12.2903,78.7278636531335,0.01829330891164231,0.00697,0.0122,0.01837,0,16.489133925891522
"2026-03-01","1WDYJ2HUYJ",,"Neelam Stainless Steel N.P. Thali Set (4 Pieces, 26cm, Silver)","4 pieces","Plates Bowls Crockery","Neelam",,,972.900629298416,1148,,62.61253,15.252897604740943,0.031881298540645656,0.05674,0.21105,0.31795,0,243.25634406108162
"2026-03-01","AJWIIAH0HP",,"Glass ideas Dazzle Bowls (300ml, 5 Inch each)","4 pieces","Plates Bowls Crockery","Glass ideas",,,199.20189687634323,299,,18.06743,33.377706840077025,0.03592661597734195,0.05022,0.05896,0.08649,0.0046,49.85614353133013
"2026-03-01","NX7GQFGQPU",,"Selvel Elegance Thermoware Casserole (1.7L, Emerald Green)","1 Piece","Plates Bowls Crockery","Selvel",,,723.802906899362,2995.8758680241936,,75.31985,75.80238003881487,1.5897655196936966,0.80715,0.77504,0.12369,2.061,723.5793768967609
"2026-03-01","B841AGDGOQ",,"Home Centre Melina Leonard Melamine Printed Chip and Dip Platter (Set of 2)","2 pieces","Plates Bowls Crockery","Home Centre",,,755.1515456385343,799.9745059274194,,58.3543,5.613330280676074,0.21988870268073737,0.43635,0.16923,0.25495,0,376.661776910977
"2026-03-01","ZP8AG0H1D5",,"Cello Dazzle Series Dinner Set (18 Pieces, Opalware, Plain, White)","18 pieces","Plates Bowls Crockery","Cello",,,1332.8749502190362,2099,,32.51039,36.474744885454385,0.12391106462876596,0.16561,0.01277,0.01924,0,74.18516302096687
"2026-03-01","2W72O1I7AX",,"HomeStop Barton Pudding Set (7 Pieces, Transparent)","7 pieces","Plates Bowls Crockery","HomeStop",,,2418.2220159739672,2995,,32.40947,19.262917036125835,0.06889461445833413,0.11642,0.00197,0.00296,0,344.51502041348164
"2026-03-01","YX3X8U633B",,"La Opala Opalware Diva Classique Vegetable Bowl Set (6 Pieces, 200ml, White, Plain)","6 pieces","Plates Bowls Crockery","La opala",,,450,450,,0.9827,0,0,0,0,0,0,75
"2026-03-01","C0WA879OW2",,"Larah by Borosil Blue Strips Opalware Breakfast Set Mug with Bowl Set Microwave Dishwasher Safe (Mug 390ml, Snack Bowl 515ml, White)","4 pieces","Plates Bowls Crockery","Larah by Borosil",,,589.2077126824078,730,,32.24543,19.28661470104004,0.013049046322704465,0.02199,0.0039,0.00248,0.00671,148.53595712767594
"2026-03-01","XCTTTOQ7DH",,"Cello Toughened Glass Ornella Mixing Bowl (1L, Transparent)","1 Piece","Plates Bowls Crockery","Cello",,,319,329,,11.07549,3.03951367781155,0.013131858345702562,0.02674,0.00016,0.00025,0,31900.000000000004
"2026-03-01","3595LKR5UK",,"Nestasia Handmade Tray (Yellow)","1 Piece","Plates Bowls Crockery","Nestasia",,,1425.3548387096773,1800,,40.141,20.81362007168459,0.002993205650533698,0.00501,0.09421,0.11599,0.05122,143385.33916849014
"2026-03-01","BTEWRUDBEQ",,"Milton Venice Double Walled Inner Steel Casserole Set (3 Pieces, 450ml, 850ml, 1350ml, Marble Green)","3 pieces","Plates Bowls Crockery","Milton",,,1239,1545,,7.53426,19.805825242718445,0.0025691681833747574,0.00433,0.00041,0.00062,0,413
"2026-03-01","DU85FC5B43",,"Borosil Stackable Serving Katori Bowls (Pack of 6)","6 pieces","Plates Bowls Crockery","Borosil",,,260,393.4788017741935,,10.74643,33.922742768438454,0,0,0.00014,0.00022,0,43.333333333333336
"2026-03-01","VGHZHTXW4L",,"Glass ideas Checker Donga (700 ml)","2 pieces","Plates Bowls Crockery","Glass ideas",,,168.2161256150348,299,,13.2749,43.740423155977076,0.007956605775929798,0.00981,0.02843,0.04189,0.00186,84.55742942164986
"2026-03-01","BR6TK3G58H",,"ExclusiveLane Ceramic 'The Serving Hut Goblets' Bowls (170 ml, Multicolored)","6 pieces","Plates Bowls Crockery","ExclusiveLane",,,1005.0321437746842,2175,,21.38695,53.81484098168849,0.11573728515396967,0.10962,0.26672,0.03356,0.72706,163.44153790900526
"2026-03-01","4GEH1V49QS",,"Glass ideas Nastha Plate Plain (5 Inches, 400ml)","1 Piece","Plates Bowls Crockery","Glass ideas",,,92.22311076604555,148.91669249999998,,5.88907,38.070669434156585,0.0023546551117531764,0.003,0.00025,0.00038,0,90.45699517781794
"2026-03-01","FSW4YO912J",,"Corelle Denham Katori/Bowl (Set of 2, 177ml each)","1 pack","Plates Bowls Crockery","Corelle",,,848.948789920126,995.957225107527,,39.60354,14.757658601275454,0.08758302651584689,0.15671,0.18606,0.11258,0.33113,849.0843063601773
"2026-03-01","YKTOSF6I8H",,"Sumeet Stainless Steel Round 5 in 1 Compartment Lunch / Dinner Plate (34cm Dia, Set of 2, Silver)","2 pieces","Plates Bowls Crockery","Sumeet",,,717.8135600608548,1455.4394229959514,,19.69678,50.68893179275277,0.07855452053862041,0.08045,0.07608,0.05402,0.11963,358.02837106115317
"2026-03-01","OKU7CYPLDF",,"Sumeet Heavy Gauge Stainless Steel Big Size Apple Shape Serving Bowl/Wati (370ml Each, 10.5cm Dia, Set of 6)","6 pieces","Plates Bowls Crockery","Sumeet",,,491.1428700095336,1212.326325201613,,63.97334,59.478403639122135,0.4050084948140782,0.34388,1.26299,0.70518,2.36428,81.86647571661608
"2026-03-01","9USMBS5MQ0",,"Castleite Melamine Bliss Non Breakable Tropicana Cabana Quarter Plate (7 Inch, Sea Green)","2 pieces","Plates Bowls Crockery","Castleite",,,198.5143578234597,499,,19.15686,60.20996242392186,0.0200506532069112,0.01649,0.0182,0.02742,0,99.34421642889222
"2026-03-01","CYSD9A5M1V",,"Cello Aurum Luxury Plastic Inner Stainless Steel Insulated Hot-Pot (1.5L, Grey)","1 Piece","Plates Bowls Crockery","Cello",,,598,598,,77.34104,0,0.0163229481475771,0.03429,,,,59800
"2026-03-01","AW445XN42I",,"Nayasa Boxy Tray Medium (24.5x35.5x3cm, Pink)","1 Piece","Plates Bowls Crockery","Nayasa",,,199,275,,7.51992,27.63636363636363,0.022575422173136385,0.03431,0.06661,0.10034,0,198.99999999999997
"2026-03-01","I2TDLOPUWP",,"Kitchen Essentials Mukta Vati (Set of 6)","6 pieces","Plates Bowls Crockery","Kitchen Essentials",,,143.98413481827777,260.8137292258065,,31.96256,44.035062831175466,0.07996764618407794,0.09137,0.18153,0.27348,0,147.30605635471113
"2026-03-01","M7LWF06C0M",,"Corelle Winter Frost White Divided Dish (Set of 2, 26cm each)","2 pieces","Plates Bowls Crockery","Corelle",,,1399.928524480673,1650,,24.48971,15.156255159468817,0.10517792077569801,0.18744,0.20687,0.11661,0.38507,1399.663658314106
"2026-03-01","262RQ7TT3H",,"BlackCarrot Stoneware Platter (Brown & White)","1 Piece","Plates Bowls Crockery","BLACKCARROT",,,916.4552671482727,1399,,42.65872,34.49211814522712,0.010856190605282916,0.01488,0.17159,0.0407,0.43,912.9065305579177
"2026-03-01","H5T8P9ECEY",,"Cello Opalware Dazzle Lush Fiesta Dinner Set (20 Pieces, White)","20 pieces","Plates Bowls Crockery","Cello",,,1499,2245,,9.04048,33.229398663697104,0,0,0.0006,0.0009,0,74.94999999999999
"2026-03-01","W1KV4L4J8X",,"Chumbak Jaali Ceramic Gift Set (2 Mugs, 1 Bowl, Pink)","3 pieces","Plates Bowls Crockery","Chumbak",,,955.9997612231925,1795,,22.47554,46.747975650920125,0.03532082441151448,0.03896,0.02394,0.01036,0.05074,314.1190016701252
"2026-03-01","86259WLCOY",,"Glass ideas Hybrid Bowls (200ml, 3.5 Inches, 6 Pieces, Pale Pink)","6 pieces","Plates Bowls Crockery","Glass ideas",,,286.0410429975444,552.1652421370967,,17.58188,48.205931184833794,0.019036455358988704,0.02033,0.01936,0.02915,0.00001,47.401423256507506
"2026-03-01","9W01OKH9QZ",,"Milton New Orchid Casserole (1500ml, Pink)","1 Piece","Plates Bowls Crockery","Milton",,,352.53968253968253,475,,8.12644,25.78111946532999,0.00131617904022079,0.00205,0.00162,0.00243,0,352.0400235432608
"2026-03-01","TH6DQGKGSW",,"Nestasia Ceramic Mandala Side Bowls (Set of 6, 300ml, White and Blue)","6 pieces","Plates Bowls Crockery","Nestasia",,,922.5047852008064,1440,,49.29352,35.99461400978058,0.7034033278754189,0.94258,1.21753,0.8166,2.00908,153.46718821817748
"2026-03-01","W2MFWAVDWA",,"Sumeet 22 Gauge Stainless Steel Traditional Dinner Plate / Thali (25.8cm, 1.5L Each, Set of 3, Silver)","3 pieces","Plates Bowls Crockery","Sumeet",,,640.7853831579866,1225.5380728629032,,32.80067,47.80387374354969,0.18900746740577565,0.20455,0.2251,0.16014,0.35335,212.76430714793875
"2026-03-01","WBM6RNAX3N",,"SELVEL Royal Insulated Casserole (Set of 3, 1.7L, 1.2L, 600ml, Inner Steel, Coral)","3 pieces","Plates Bowls Crockery","Selvel",,,2055.560288697182,3570.0011845967742,,48.82038,42.59271465837178,0.33727674075097636,0.39355,0.35931,0.05394,0.96222,1983.3671901949103
"2026-03-01","VI4AHHWN8V",,"Home Centre Tuscany Zinnia Glass Pudding Set (Set of 7)","7 pieces","Plates Bowls Crockery","Home Centre",,,387.6583034647551,399,,16.03381,2.8486420730188127,0.015923854060839272,0.03249,0.00274,0.00413,0,387.3062428407789
"2026-03-01","O6X591RXRK",,"Borosil Designer Mixing Serving Bowls Set Borosilicate Glass Microwave Oven Dishwasher Safe Bowls (430ml Each, Transparent, Pack of 4)","4 pieces","Plates Bowls Crockery","Borosil",,,559.4271275345016,694.6334548790323,,68.58981,19.502056972197636,0.20222562984773526,0.34191,0.28214,0.42468,0.00074,139.72116195292008
"2026-03-01","9FULKBBXPI",,"Nestasia Snowflake Ceramic Snack Plates (Pack of 3)","3 pieces","Plates Bowls Crockery","Nestasia",,,1091.89954912229,1800,,7.62975,39.33891393765056,0.0016662178121304254,0.00215,0.008,0.01205,0,361.77079589480894
"2026-03-01","C6322DREAQ",,"Larah by Borosil Meadow Opalware Dinner Set (6 Pieces, 2 Full Plates, 2 Veg Bowls 210ml each, 2 Mini Veg Bowls 150ml each, Crockery for Gifting and Dining)","6 pieces","Plates Bowls Crockery","Larah",,,541.5860574226082,750,,75.28476,27.80724117022134,0.11712995722748187,0.17747,0.28711,0.24507,0.3701,540.8677064906226
"2026-03-01","YM5YHDUY12",,"Ikea MATA Kids Eating Set (Set of 4, Bright Green)","1 pack","Plates Bowls Crockery","IKEA",,,237.47151785442048,355.39128592857145,,23.41994,32.66990509934828,0.020825062024385395,0.0314,0.00095,0.00143,0,243.99230806878276
"2026-03-01","M04QO62WAW",,"Trisara Stainless Steel Dinner Set (8 Pieces, 2 Plates, 2 Spoons, 4 Vatis)","8 pieces","Plates Bowls Crockery","Trisara",,,474.1057999786471,999.8842342995168,,18.42243,52.58672546952888,0.024145192247638496,0.02429,0.0086,0.01295,0,59.30866042181773
"2026-03-01","6SQB6N38Z2",,"Nestasia Ceramic Abstract Round Serving Bowl with Handle (700ml, White and Blue)","1 Piece","Plates Bowls Crockery","Nestasia",,,635.1998293628022,1015.6058676209677,,64.41757,37.577432588609305,0.2927634492082673,0.382,0.76212,0.53519,1.21015,631.5369882849708
"2026-03-01","XQT2WDKG5D",,"Home Centre Melina Leonard Melamine Printed Snack Bowls Set (4 Pieces, 470ml)","4 pieces","Plates Bowls Crockery","Home Centre",,,889.2869293223112,900.2403330645161,,41.46828,1.2191003655873123,0.22274854439061956,0.46284,0.1245,0.18756,0,222.37812325325922
"2026-03-01","O4I0NQSFYS",,"Castleite Melamine Orleans Marble Print Serving Platter/Tray Plates for Serving Snacks (Black)","2 pieces","Plates Bowls Crockery","castleite",,,292.1779807855036,799,,16.81333,63.55159673792902,0.06653164488644059,0.04804,0.01362,0.02052,0,143.35866328827123
"2026-03-01","PQSMGOC56Q",,"Lucky Glass Thailand Glass Mixing Bowl Set with Airtight Lid (2 Pieces, 405ml)","2 pieces","Plates Bowls Crockery","Lucky Glass Thailand",,,211.11111111111111,315,,0.50207,32.98059964726632,0,0,0.00046,0.00069,0,105.55555555555556
"2026-03-01","75413TZ1KR",,"Eha Earth-Friendly Multipurpose Bowl Set (600ml, Bamboo Fiber & Rice Husk, Tortilla)","2 pieces","Plates Bowls Crockery","Eha",,,295,438,,0.75706,32.64840182648402,0.0002427822360988444,0.00034,0,0,0,147.5
"2026-03-01","LWFRRELI9R",,"Glass Ideas Flory Big Bowl with Bowls Set (700ml Big Bowl, 100ml each Small Bowl, Set of 6)","7 pieces","Plates Bowls Crockery","Glass Ideas",,,262.5813814123033,399,,17.21458,34.30069189704403,0.04847047570191744,0.06629,0.01019,0.01534,0.00003,259.72556071500946
"2026-03-01","DS9I3VW7KD",,"P-TAL Brass Coasters (Pack of 4, Golden)","4 pieces","Plates Bowls Crockery","P-Tal",,,991.1920932011734,1096.2688724056602,,15.04462,9.584945978982844,0,0,0.00004,0.00006,0,247.79802330029335
"2026-03-01","72IT6WKQXF",,"Wonderchef Venice Stainless Steel Bowl Set (200ml, Set of 6, Silver)","6 pieces","Plates Bowls Crockery","Wonderchef",,,287.7442611190818,571.7789268292682,,42.22108,49.67283076106703,0.00670627726002075,0.00731,0.01611,0.02426,0,47.59412997188269
"2026-03-01","OIC4WMGMOK",,"Asian Plastowares Cosmos Casserole (2.5L, Orange, Insulated)","1 Piece","Plates Bowls Crockery","Asian",,,377.5806451612903,534,,6.30338,29.31460213478539,0.01553673279670358,0.02297,0.00197,0.00296,0,375.8827996456145
"2026-03-01","IQ6CA250XA",,"Selvel Elegance Royal Thermoware Ceramica Casserole Set (3 Pieces, 600ml, 1.2L, 1.7L, White)","3 pieces","Plates Bowls Crockery","Selvel",,,1719.1006845465165,4999,,72.27451,65.66518761319904,0.5167333877935074,0.3681,0.4815,0.12922,1.17702,567.4935541858545
"2026-03-01","4IIRG895AK",,"Nestasia Handmade Tray (Green)","1 Piece","Plates Bowls Crockery","Nestasia",,,1425.3548387096773,1800,,41.59368,20.81362007168459,0.005986411301067396,0.01002,0.078,0.08124,0.07159,143392.61300992282
"2026-03-01","XCET4WRR83",,"Signoraware Delicious Glass Bowl Gift Pack Set (10x5.5cm, Set of 6, 220ml each)","6 pieces","Plates Bowls Crockery","Signoraware",,,599.4955922865014,898.8401962396696,,31.7897,33.30381872086901,0.03475810174921415,0.04866,0.0191,0.02878,0,599.005680759624
"2026-03-01","DR4UH06QK5",,"Nestasia Hugs and Kisses Ceramic Snack Plate","2 pieces","Plates Bowls Crockery","Nestasia",,,852.6229508196722,1800,,6.92588,52.63205828779599,0,0,0.01827,0.02753,0,42631.147540983606
"2026-03-01","3MNZFPNR8Z",,"ExclusiveLane Ceramic 'The Hut' Coasters (Multicolored)","4 pieces","Plates Bowls Crockery","ExclusiveLane",,,699,1460,,3.06751,52.12328767123287,0.0020232407305579726,0.00203,0.00323,0.00041,0.00881,174.75
"2026-03-01","4WMTYOVTEG",,"Femora Porcelain Bowls (Dazzling Starburst Pattern)","2 pieces","Plates Bowls Crockery","Femmora",,,437.42587850334326,600,,21.76636,27.30099835564952,0.005454285852083628,0.00583,0.10097,0.00886,0.28282,15390.752056493075
"2026-03-01","U0NJWPCJ06",,"La Opala Novo Collection Silken Charm Opalware Dinner Set (35 Pieces, White, Microwave Safe)","35 pieces","Plates Bowls Crockery","La opala",,,2687.6141304347825,3395,,3.35514,20.83610808734072,0.022582073741248678,0.03756,0.00085,0.00128,0,76.78575789036543
"2026-03-01","07ZW64GCMJ",,"Java Plastic Plate with Bowl Set (8 Pieces, 12 Inch, 4 Plates and 4 Bowls, Blue)","8 pieces","Plates Bowls Crockery","Java",,,401.75537634408613,850.1124797580645,,39.74622,52.73375672627255,0.04664644943632277,0.046,0.13598,0.20485,0,50.47519602082761
"2026-03-01","9DYQRI6WCR",,"Trisara Stainless Steel Dinner Set (6 Pcs. - 1 Plate, 1 Snacks Plate, 1 Spoon, 1 Glass, 2 Vatis)","6 pieces","Plates Bowls Crockery","Trisara",,,549.1473438527073,744.4025535887097,,73.13012,26.227681333510453,0.13729734545476385,0.213,0.35983,0.54209,0,91.5148822232625
"2026-03-01","3FSMQTOFC0",,"The Earth Store Brown Spiral Snack Bowl (500 ml, White and Brown)","2 pieces","Plates Bowls Crockery","The Earth Store",,,432.28516525346487,1099,,41.08725,60.723585151112296,0.19320510575224353,0.16004,0.14881,0.04733,0.34915,215.3491652630207
"2026-03-01","MNNT7I5GQS",,"Embassy Stainless Steel Dinner Plate / Khumcha / Thali (27 cm)","1 Piece x 2","Plates Bowls Crockery","Embassy",,,,,,0,,,,,,,
"2026-03-01","IHVF1UJJ19",,"La Opala Novo Radiant Curve Full Plate (Set of 6)","6 pieces","Plates Bowls Crockery","La Opala",,,651.3298429319372,810,,5.25324,19.588908280007757,0.002357149449795287,0.00397,0.00029,0.00044,0,649.2776911076443
"2026-03-01","HI8T1Z5WZH",,"Nestasia Ceramic Teardrop Serving Bowl with Handle (700ml, White and Blue)","1 Piece","Plates Bowls Crockery","Nestasia",,,637.8457381184774,1015.0774066255144,,22.14168,37.12479795772261,0.09629791105657856,0.12738,0.06044,0.04694,0.08708,637.0372272612701
"2026-03-01","I7XCRNQH30",,"Signoraware BPA Free Plastic Round Full Plate (Set of 3, Microwave and Dishwasher Safe and Lightweight, Yellow)","3 pieces","Plates Bowls Crockery","Signoraware",,,292.4146462090424,359.3579216194332,,44.44402,18.6149506446139,0.12347122968734033,0.21076,0.89336,0.68131,1.31201,97.47633071301783
"2026-03-01","EG84AA0UT9",,"Neelam Stainless Steel Prem Vati (200ml, Silver)","4 pieces","Plates Bowls Crockery","Neelam",,,332.606225028278,417.36554778225803,,48.55762,20.30472172171769,0.01956259439667141,0.03319,0.06318,0.09519,0,82.87145794036152
"2026-03-01","Y0SRP4EL94",,"CLASSIC ESSENTIALS Stainless Steel Microwave Safe Mixing Bowl Set (500ml, 750ml, 1.25L, Set of 3, Purple)","3 pieces","Plates Bowls Crockery","Classic Essentials",,,344.8346756510337,1319.474112419355,,54.30509,73.80218333632934,1.8101638987810384,0.97945,1.31973,1.98107,0.01406,115.33299620962251
"2026-03-01","HMEEUQ81EK",,"Home Centre Zyra Vista Square Bamboo Tray (30 x 30 x 6 cm)","1 Piece","Plates Bowls Crockery","Home Centre",,,952.6073516525645,999,,33.76975,4.660388776509393,0.05703553367091962,0.11408,0.04758,0.07168,0,951.0812819328758
"2026-03-01","YI5A3TFL9R",,"iVeo Solid Recta Vati Set (3 Pieces, 9cm, Red)","3 pieces","Plates Bowls Crockery","Iveo",,,167.7417695473251,293.29398131687236,,8.2467,42.80763321696046,0.0001629634187512791,0.00019,0.00135,0.00203,0,55.6531862745098
"2026-03-01","VPTVDCHU5H",,"Trisara Stainless Steel Dinner Set (6 Pcs. - 2 Plates, 2 Spoons, 2 Vatis)","6 pieces","Plates Bowls Crockery","Trisara",,,445.732058747412,860.8477802173912,,12.313,48.21192254729356,0.01170343409358676,0.01295,0.00109,0.00164,0,74.35734843589707
"2026-03-01","2W9KU0TRRB",,"Nayasa Plastic Lorenzo Insulated Stainless Steel Casserole (2000ml, White)","1 Piece","Plates Bowls Crockery","Nayasa",,,736.4470818070819,963.3538564615386,,17.39123,23.552331278942326,0.007355802886186563,0.0119,0.00093,0.0014,0,722.0644993928117
"2026-03-01","EAK4U22R74",,"Cello Dazzle Tropical Lagoon Opalglass Full Dinner Plate (Set of 6, 10 Inch, White)","6 pieces","Plates Bowls Crockery","Cello",,,744.0101467160291,799,,22.56441,6.882334578719763,0.009743050681689996,0.01851,0.00297,0.00448,0,12004.660927616997
"2026-03-01","7R50XF2KLL",,"Signoraware BPA Free Plastic Katori (220ml x 6, Microwave and Dishwasher Safe, Yellow)","6 pieces","Plates Bowls Crockery","Signoraware",,,221.58639181479043,265,,28.62601,16.354990367924394,0.01822230342204354,0.032,0.16008,0.07673,0.32465,3691.1575059033235
"2026-03-01","J6O3QKX1JC",,"Cello Kidzbee Fossil Friends Opalglass Dinner Set for Kids (Set of 7, White)","7 pieces","Plates Bowls Crockery","Cello",,,1075,1299,,30.64688,17.40304647963756,0.02723168614094716,0.04485,0.00826,0.01245,0,14553.704029989492
"2026-03-01","OUSZSWAUTL",,"Attro Stainless Steel Dinner Set (Set of 6, Thali, Plate, Bowls, Glass and Spoon)","6 pieces","Plates Bowls Crockery","attro",,,259.3242247277672,498.9807265725807,,49.70254,47.771919309046666,0.13332087174802987,0.14532,0.23906,0.35137,0.01734,263.84534636256524
"2026-03-01","OXA1SQW08M",,"Corelle Country Cottage Katori/Bowl (Set of 2, 177ml each)","2 pieces","Plates Bowls Crockery","Corelle",,,850.7934380645212,998,,46.40788,14.762531545761531,0.05781010877759662,0.10332,0.25278,0.16777,0.4206,849.0293297580453
"2026-03-01","HU1D4WX6KH",,"BlackCarrot Ceramic Stoneware Quarter Plates (7"", Pack of 2, Beige, White)","2 pieces","Plates Bowls Crockery","BLACKCARROT",,,758.1047988652302,1399,,13.15927,45.83626823311423,0.055366156363935846,0.06249,0.01222,0.00626,0.02398,751.529377965121
"2026-03-01","970Z9AN6V5",,"Eha Earth Friendly Rice Husk Biocomposite Mixing Bowls with Lid (2 Pieces, 2900ml + 1600ml)","2 pieces","Plates Bowls Crockery","Eha",,,871.3272819999257,1909.7142663440861,,21.07064,54.37394497408374,0.01394717430706738,0.01245,0.00636,0.00958,0,415.26736971771686
"2026-03-01","FSZ0HBENY4",,"Irida Naturals Unbreakable Wheat Straw Serving Bowls (4 Pieces, 6 inch, Multicolor)","4 pieces","Plates Bowls Crockery","Irida Naturals",,,481.53306816010974,998.9908462222221,,15.91959,51.83350613777637,0.07576867752398758,0.0759,0.1438,0.00195,0.42385,120.32859235091932
"2026-03-01","UKW35SMM3R",,"Glass ideas Sapphire Bowl (5 Inches, 300ml each)","2 pieces","Plates Bowls Crockery","Glass ideas",,,131.59564218135935,199,,26.35032,33.913092991243545,0.015345666502677846,0.02129,0.06202,0.093,0.00086,65.50305656609463
"2026-03-01","8CFGH9U433",,"Glass ideas Daisy Diamond Glass Bowls (300ml, 5 Inch, Pack of 6)","6 pieces","Plates Bowls Crockery","Glass ideas",,,323.0877172288759,399,,24.91085,19.02769612889244,0.011168814306560878,0.01886,0.03407,0.05133,0,320.83263709451376
"2026-03-01","7SVC4VWGJ9",,"Nestasia Festive Holly Berry Bamboo Platter with Ceramic Bowls and Board (Pack of 4)","1 pack","Plates Bowls Crockery","Nestasia",,,1335,2070,,0.00414,35.507246376811594,0,0,0.00189,0.00284,0,333.75
"2026-03-01","VXYOVALZIY",,"Glass ideas Twin Bowls (200ml)","2 pieces","Plates Bowls Crockery","Glass ideas",,,41.58147767726654,149,,61.83254,71.71064048832406,0.9854748802107769,0.58577,2.65788,3.99072,0.02648,42.15414178494098
"2026-03-01","C5PVPHGBRM",,"Ikea GARNITYREN Bowl Containers with Lid (Pack of 5, Mixed Colours)","5 pieces","Plates Bowls Crockery","IKEA",,,537.8332349460967,758.9703857258064,,74.53532,29.584499251020116,0.5497549313978037,0.80324,0.36967,0.55691,0,538.841249951425
"2026-03-01","17XVT36EU5",,"Larah by Borosil Vanam Opalware Dinner Set (31 Pieces, Crockery for Gifting and Dining)","31 pieces","Plates Bowls Crockery","Larah",,,1597.0489020617288,3290,,71.80967,51.73129380634115,1.2622338250948435,1.27356,0.81591,0.64211,1.15904,50.941076238726396
"2026-03-01","XW26BF1W3Z",,"Nestasia Ceramic Dip Bowls (Set of 8, 70ml, Multicoloured)","8 pieces","Plates Bowls Crockery","Nestasia",,,968.0037967068107,1530,,39.11441,36.6909331381962,0.2874465182377026,0.38626,0.15357,0.11408,0.23155,120.85043317499151
"2026-03-01","Q14VCX0N9D",,"Neelam Stainless Steel Lazer Etching Prem Vati/Bowl (200ml, Silver)","1 Piece x 2","Plates Bowls Crockery","Neelam",,,172,191.3480207949791,,4.36516,10.11142979927117,,,0.31986,0.48187,0,172
"2026-03-01","KSR95Z3BUO",,"HomeStop Modern Solid Matte Platter (30x15cm, Grey)","1 Piece","Plates Bowls Crockery","HomeStop",,,239.3679435483871,295,,13.70991,18.85832422088573,0.0003269245727194028,0.00055,0.01076,0.01621,0,237.64592091434577
"2026-03-01","Y9TUCUEEAO",,"Hawkins Die Cast Square Mini Casserole Cookware Set (3 Pieces, Kitchen Gift Pack, 23DGP, Red, Yellow, Grey)","3 pieces","Plates Bowls Crockery","Hawkins",,,2101.5245365349424,2717.2933897975713,,62.56989,22.973807189202407,0.4751768845659172,0.75429,0.65746,0.04217,1.87223,2058.929772706163
"2026-03-01","2PRDTQ8DM6",,"Embassy Stainless Steel Dinner Plates / Khumcha / Thali (27 cm, Pack of 6)","6 pieces","Plates Bowls Crockery","Embassy",,,1065.7534364261169,1830.8247422680413,,9.29112,41.78834206130225,0,0,0.00152,0.00229,0,177.62557273768613
"2026-03-01","O0JLSKYWTQ",,"SELVEL Volvo Casserole (1.7L, Insulated, Inner Steel, Keeps Food Hot-Fresh, Lid Grey)","1 Piece","Plates Bowls Crockery","Selvel",,,949.7419571209399,1855.3061955284554,,25.81305,48.78784023228217,0.04885709809844471,0.05192,0.19074,0.01361,0.54045,941.5925717243439
"2026-03-01","I06AIG5QLY",,"Judge by Prestige Classic Stainless Steel Dinner Set (Set of 16)","1 pack","Plates Bowls Crockery","Prestige",,,1588.951019884825,2244.8790416129036,,48.92571,29.19945042212709,0.12474999365692942,0.18626,0.05303,0.07253,0.01453,1605.2150333097145
"2026-03-01","0FZY296WL6",,"Nestasia Ceramic Mandala Platter (27.5 cm, Pink and Green)","1 Piece","Plates Bowls Crockery","Nestasia",,,609.8843725963102,1140.0907536111113,,16.02501,46.50562942778292,0.02288754700680592,0.02451,0.04782,0.05715,0.0294,588.9108347444338
"2026-03-01","YQDW9DJXZP",,"Magique by the Wishing Chair Ceramic Kalahari Bowls and Platter Gift Box Set (3 Pieces)","3 pieces","Plates Bowls Crockery","The Wishing Chair",,,1051.5883256528418,1191.8244857526881,,9.80372,11.766950128722993,0.016490567664006986,0.03054,0.00071,0.00108,0,349.6825667330978
"2026-03-01","8AZ5TTBU3P",,"Borosil Serving Mixing Glass Bowl Set Borosilicate Glass for Kitchen Dining Microwave Dishwasher Safe (350ml + 500ml + 900ml, Transparent, Pack of 3)","3 pieces","Plates Bowls Crockery","Borosil",,,999.3715420222848,1144.9919230645162,,79.84575,12.71880924089205,0.10281993987988867,0.18846,0.17341,0.26109,0.00031,333.15895600889183
"2026-03-01","D2M370V7N7",,"La Opala Novo Opalware Radiant Curve Dinner Set (23 Pieces, White)","23 pieces","Plates Bowls Crockery","La Opala",,,1951.5951646090534,2695,,15.90493,27.585038796225813,0.025395188185141936,0.03858,0.00684,0.01031,0,84.74070488265153
"2026-03-01","QXENE4AFH7",,"Nestasia Wooden Cart Platter (Green)","1 Piece","Plates Bowls Crockery","Nestasia",,,988.5483870967741,1250,,32.97206,20.916129032258066,0.019400628713136976,0.03239,0.13251,0.1269,0.14361,99316.6224895504
"2026-03-01","HWU29MACEK",,"Exclusivelane Sheesham Wood 'Paints and Planks' Warli Hand-Painted Tray (13 inch, Brown)","1 Piece","Plates Bowls Crockery","ExclusiveLane",,,1085.7313236961454,2299,,6.31724,52.77375712500456,0.0012742741611133182,0.00122,0.02964,0.00019,0.08777,1054.6803107450128
"2026-03-01","BC6ANSWN7V",,"Cello Kidzbee Pentameal Pixar Car Kids Meal Set (Melamine, Red)","5 pieces","Plates Bowls Crockery","Cello",,,663.3073911418506,1195.2593179032258,,51.21655,44.23630688384632,0.15370443593896155,0.17476,0.0066,0.00994,0,131.35547469692958
"2026-04-01","DY8L5M3JU9",,"Selvel Elegance Glass Lid Casserole (1700ml, White, Premium Stainless Steel Insulated Hot Pot, See-Through Lid)","1 pack","Plates Bowls Crockery","Selvel",,,1171,1171,,0.59113,0,0,0,0,0,0,1171
"2026-04-01","G7Z73KK8IX",,"Nestasia Ceramic Snack Bowls (Set of 4, 300ml, Multicoloured)","4 pieces","Plates Bowls Crockery","Nestasia",,,738.8444181977137,1170.061791447964,,42.91042,37.1596708520844,0.7103180658439991,0.90218,1.36764,0.26778,4.8243,183.2751627021182
"2026-04-01","I7XCRNQH30",,"Signoraware BPA Free Plastic Round Full Plate (Set of 3, Microwave and Dishwasher Safe and Lightweight, Yellow)","3 pieces","Plates Bowls Crockery","Signoraware",,,299.7921881796849,359.3939700833334,,30.47849,16.554297570931237,0.16210697756029102,0.27361,0.43738,0.414,0.51083,99.97549536380899
"2026-04-01","073Q2UYG9O",,"Clay Craft JCPL Fine Porcelain Textures Aroma Dinner Set (Pack of 4, 2 Plates and 2 Bowls)","4 pieces","Plates Bowls Crockery","Clay Craft",,,1510,1699,,9.50905,11.124190700412006,0.002467137012824454,0.00444,0.00416,0.00548,0,377.5
"2026-04-01","7P5FL89KIA",,"Home Centre Melina Leonard Melamine Printed French Platters (4 Pieces, 19cm)","4 pieces","Plates Bowls Crockery","Home Centre",,,993.1973862250337,997.1559011666667,,36.30154,0.3970228436100391,0.0464238248431174,0.0937,0.01346,0.01774,0,248.4580141229956
"2026-04-01","D1M01FZ6AO",,"Chumbak Decorative Marigold MDF Trivet Coasters","2 pieces","Plates Bowls Crockery","Chumbak",,,446.6280531608862,595.1797704285714,,15.08148,24.95913413870191,0.005831731600506471,0.00885,0.016,0.02109,0,222.8665294873028
"2026-04-01","C9IQT1VX09",,"iVeo Solid Round Plates (2 Pieces, 12 inch/30cm, Red)","2 pieces","Plates Bowls Crockery","Iveo",,,496.19349474373865,736,,10.15362,32.582405605470285,0.004274904103538753,0.00587,0.00113,0.00149,0,249.3669133524095
"2026-04-01","4WMTYOVTEG",,"Femora Porcelain Bowls (Dazzling Starburst Pattern)","2 pieces","Plates Bowls Crockery","Femmora",,,315.9390968508615,600,,15.25152,47.35204374610794,0.019528415433490404,0.02041,0.18898,0.06667,0.57339,15462.419036360428
"2026-04-01","K2KG2T62GG",,"Cello Dazzle Series Lush Fiesta Dinner Set (26 Pieces, Opalware, White)","26 pieces","Plates Bowls Crockery","Cello",,,1840.5885382192328,3498.994254208333,,84.0227,47.43829462320209,0.6114432914881686,0.6475,0.23726,0.29093,0.06856,69.60954240745374
"2026-04-01","89HDA500Z3",,"Nestasia Ceramic Round Dessert Plate (Set of 6, 11.5 cm, Beige)","6 pieces","Plates Bowls Crockery","Nestasia",,,1230.998591865755,1899.633997826087,,30.87253,35.19811746502265,0.0096570355985826,0.01287,0.01358,0.0179,0,203.49338184603107
"2026-04-01","73LEFNHSO2",,"Corelle Country Cottage Curry/Noodle Bowl (Set of 2, 828ml each)","2 pieces","Plates Bowls Crockery","Corelle",,,1446.0478793818459,1650,,32.80987,12.377708770178494,0.09584498372265228,0.16955,0.11169,0.14722,0,720.071526899317
"2026-04-01","Z78F9W0H8Z",,"Java Plastic Wave/Mixing Bowl Set (3 Pieces, 1.15L, 850ml, 500ml, Multicolor)","3 pieces","Plates Bowls Crockery","Java",,,132.44401951901642,279.95130483333327,,60.9718,52.74856922237083,1.1888387416564072,1.13513,4.12592,5.43873,0,44.08719438363851
"2026-04-01","9SQZQQM1UP",,"Dynore Stainless Steel Apple Design Ice Cream Cups (Set of 6)","6 pieces","Plates Bowls Crockery","Dynore",,,386.79763755980855,548.5890954583333,,21.63257,29.48444267096791,0.03207365248475175,0.04617,0.00524,0.00691,0,64.62803306933368
"2026-04-01","H38HY8UWRZ",,"Chumbak Elegant Jaipur Gardens Kasuti Serving Tray","1 Piece","Plates Bowls Crockery","Chumbak",,,1086.8938922432344,1295,,22.71846,16.128038841054995,0.07193340291991823,0.12161,0.00382,0.00504,0,1080.862461850993
"2026-04-01","XCET4WRR83",,"Signoraware Delicious Glass Bowl Gift Pack Set (10x5.5cm, Set of 6, 220ml each)","6 pieces","Plates Bowls Crockery","Signoraware",,,599,898.7800293392072,,20.98698,33.35414018574876,0.028023330604435848,0.03789,0.02177,0.02869,0,598.9999999999998
"2026-04-01","QSBSWLFKAO",,"iVeo Solid Round Full Plates (6 Pieces, 11 inch/28cm, Black)","6 pieces","Plates Bowls Crockery","Iveo",,,1039.4510545935545,1692,,4.00816,38.56672254175209,0.002457116855435268,0.00243,0.00203,0.00268,0,142.4261344853037
"2026-04-01","ANN4H0KBSO",,"iVeo Solid Square Nappy Bowl Set (2 Pieces, 535ml, 5.7 inch, Black)","2 pieces","Plates Bowls Crockery","Iveo",,,299.7520325203252,432,,8.7036,30.612955435109903,0.0026662331835574185,0.00424,0.00344,0.00454,0,166.67690058479533
"2026-04-01","BEQRWDF0PR",,"iVeo Soup Bowl and Spoon Set (2 Pieces, 300ml, 4.5 inch)","2 pieces","Plates Bowls Crockery","Iveo",,,327.4634146341463,550,,0.01188,40.46119733924612,0,0,0,0,0,16373.170731707318
"2026-04-01","OQ25VKMEX8",,"Neelam Stainless Steel Plate (24cm, Silver)","1 Piece x 2","Plates Bowls Crockery","Neelam",,,327.07731604553635,405.1916951977401,,3.15383,19.278376155780446,,,0.22574,0.29757,0,327.07731604553635
"2026-04-01","FHA76B24BM",,"Ireka Homes Pakshi Printed Mango Wood Tray with MDF Base (Set of 3, 12x16 Inch, 10x14 Inch, 8x12 Inch)","3 pieces","Plates Bowls Crockery","Ireka Homes",,,1466.579155393218,2460,,21.7697,40.38759735059908,0.101813512254472,0.12283,0.04757,0.06271,0,1464.5613419434017
"2026-04-01","BN14SJXU18",,"CHUMBAK Chip n Dip Mango wood dia platter | comes in a gift box|","1 Piece","Plates Bowls Crockery","Chumbak",,,1316.3469387755101,1799,,3.54998,26.828963936881035,0,0,0.00002,0.00002,0,131634.693877551
"2026-04-01","08FZFGRZF7",,"Corelle Winter Frost White Bachelor Set (2 Pieces)","2 pieces","Plates Bowls Crockery","Corelle",,,863.5324201233601,998,,19.43533,13.461795535524955,0.019203195977358766,0.03385,0.01369,0.01804,0,867.8933819395756
"2026-04-01","TCLVNRIRX1",,"Cello Ornella Mixing Bowl with Premium Lid (500ml, Toughened Glass, Transparent)","1 Piece","Plates Bowls Crockery","Cello",,,,,,0,,,,,,,
"2026-04-01","GCGG4JYGC3",,"CHUMBAK Ikat Paisley Bowls Gift Set (10.8cm)","2 pieces","Plates Bowls Crockery","Chumbak",,,845.54671458344,1499,,8.2166,43.59261410383989,0.00217698810755497,0.0025,0.02644,0.00943,0.07991,424.16849131411016
"2026-04-01","VI4AHHWN8V",,"Home Centre Tuscany Zinnia Glass Pudding Set (Set of 7)","7 pieces","Plates Bowls Crockery","Home Centre",,,395.0288888888889,399,,18.29094,0.9952659426343596,0.0023177059700205008,0.00465,0.00429,0.00565,0,395.00358719646795
"2026-04-01","XM353ZI5LS",,"Nestasia Detachable Swing Wooden Platter","1 Piece","Plates Bowls Crockery","Nestasia",,,1766.726643598616,2700,,5.8551,34.56567986671793,0,0,0.00559,0.005,0.00747,176672.6643598616
"2026-04-01","989F6XWCVF",,"Dynore Stainless Steel Daal and Soup Bowls with Soup Spoons (10 x 10 x 12 cm)","12 pieces","Plates Bowls Crockery","Dynore",,,380.24818216175356,729.6888916666668,,7.55541,47.888999475757835,0.00847988493486166,0.00892,0.00136,0.00179,0,31.57456850085337
"2026-04-01","4LMU0P6VD7",,"Embassy Stainless Steel Deep Dinner Plate / Chapti Beeding Khumcha (28 cm)","1 Piece","Plates Bowls Crockery","Embassy",,,303.98451838501074,385.28143057692307,,26.40444,21.063106625211056,0.05584233712993568,0.08962,0.17952,0.23664,0,303.29188826887037
"2026-04-01","4GRGNN9S51",,"Home Centre Nuqta Wooden Condiment Bowl with Tray (35 x 35 x 6 cm)","1 pack","Plates Bowls Crockery","Home Centre",,,2018.4595238095237,2087.4523820000004,,11.24117,3.305122492153526,0,0,0.00014,0.00019,0,2018.4595238095237
"2026-04-01","OMKPEUYS5A",,"Birch & Co. Coaster Holder with 6 sets of Coasters (Mandala)","6 pieces","Plates Bowls Crockery","Birch & Co",,,340.96363792529644,799,,16.98398,57.23308186325772,0.060621734375069104,0.053,0.00296,0.0039,0,59.69662058699584
"2026-04-01","2VW52UG8IP",,"IKEA HEAT Cork Pot Stand (Natural)","1 Piece","Plates Bowls Crockery","IKEA",,,249,297.8333333333333,,12.75235,16.39679341123058,0.010168281454939563,0.01722,0.0105,0.01385,0,24900.000000000004
"2026-04-01","PQSMGOC56Q",,"Lucky Glass Thailand Glass Mixing Bowl Set with Airtight Lid (2 Pieces, 405ml)","2 pieces","Plates Bowls Crockery","Lucky Glass Thailand",,,247.88135593220338,315,,0.90033,21.307506053268764,0,0,0.002,0.00264,0,123.94067796610169
"2026-04-01","7UQJAWMTWG",,"Nestasia Aluminium Silver Tray with Handles (Set of 2, 22.86 cm, Silver)","2 pieces","Plates Bowls Crockery","Nestasia",,,979.449741049451,1530,,16.07233,35.98367705559144,0.0033327914794467725,0.00439,0.03311,0.04365,0,496.4439552495383
"2026-04-01","ZRSVKJM4RK",,"Home Centre Mandarin Iris Hoja Bone China Emily Bowl (Set of 3, 320ml each)","3 pieces","Plates Bowls Crockery","Home Centre",,,959,999,,8.54808,4.004004004004004,0,0,0.00027,0.00036,0,319.6666666666667
"2026-04-01","782NM4JM9H",,"Nestasia Ceramic Off-White Pasta Plates (Set of 2, 300ml, Off-white)","2 pieces","Plates Bowls Crockery","Nestasia",,,1035.7173722565642,1619.7385503571427,,54.02432,36.051665593198585,0.030583262987864502,0.03996,0.00943,0.01214,0.00092,523.7159483348838
"2026-04-01","E4W8M9Z0KI",,"Eha Earth-Friendly Snack Plate Set (8 inch, Bamboo Fiber & Rice Husk, Multicolor)","4 pieces","Plates Bowls Crockery","Eha",,,485.3615819209039,579,,3.1793,16.172438355629716,0.0029428766593023463,0.00504,0.00042,0.00056,0,122.17668488160288
"2026-04-01","ZP3IHVUILG",,"Nayasa Diva Tray Medium (40x30cm, Beige With Flower Foil)","1 Piece","Plates Bowls Crockery","Nayasa",,,246.555796957672,289,,12.93081,14.679389597515781,0.033569705548858964,0.05804,0.05565,0.07336,0,246.49133609687053
"2026-04-01","V35U7VYO3Z",,"iVeo Trento Dishes (2 Pieces, 6.5 inch, 390 ml)","2 pieces","Plates Bowls Crockery","Iveo",,,325.20920558239396,488.782181932367,,11.37863,33.465413101455226,0.0016075817724390314,0.00238,0.00983,0.01296,0,175.7912542712384
"2026-04-01","GV2ZI1TRXS",,"Cello Opalware Royale Pine Mixing Bowl Set with Lid (500ml + 1L + 1.5L, Pack of 3, White)","3 pieces","Plates Bowls Crockery","Cello",,,787.7820528332325,1049,,18.75892,24.90161555450596,0.005332248537606376,0.00777,0.00234,0.00308,0,252.04161974147698
"2026-04-01","Q3NMSF6R8I",,"Ireka Homes Wooden Pisces Acacia Server with Enamel (20 x 30 cm, Black)","1 Piece","Plates Bowls Crockery","Ireka Homes",,,686.1671708367943,985.1032690833333,,12.19241,30.345654189658767,0.02126016002575196,0.03328,0.00423,0.00558,0,689.1364223418745
"2026-04-01","5E7XADOYNZ",,"Saaj Plastic Large Opal Tray (39x25.5x2.5cm, Red)","1 Piece","Plates Bowls Crockery","saaj",,,149.44484702093396,249.18813681159418,,5.72363,40.02730269060681,0,0,0.0088,0.01161,0,149.44484702093396
"2026-04-01","A0P9IQ0M88",,"IKEA KALAS Plate (Polypropylene Plastic, Mixed Colours)","1 pack","Plates Bowls Crockery","IKEA",,,130,139,,5.64534,6.474820143884892,0.00035331946272305003,0.00067,0.00004,0.00005,0,130
"2026-04-01","9F7CRCX94V",,"Cello Dazzle Series Lush Fiesta Dinner Set (35 Pieces, Opalware, White)","35 pieces","Plates Bowls Crockery","Cello",,,2170.5965392443904,4292.667578428572,,36.21799,49.43413812051458,0.15905017606806374,0.16388,0.02727,0.03595,0,62.585929788989716
"2026-04-01","WY3RQTYTSX",,"Pure Home + Living Ceramic Printed Dessert Plate (Ivory)","1 Piece","Plates Bowls Crockery","Pure Home + Living",,,599,599,,6.14298,0,0,0,0.00761,0.00006,0.03132,59900
"2026-04-01","UALPG92MPS",,"HomeStop Amora Steel Round Snack with Lotus Handle Tray (Set of 3)","3 pieces","Plates Bowls Crockery","HomeStop",,,2046.8229946524066,3295,,23.16403,37.88094098171755,0.05981206209212115,0.07527,0.0119,0.01568,0,681.9784941765564
"2026-04-01","VB09RVXDXJ",,"Agaro Elite Glass Casserole (1500ml)","1 Piece","Plates Bowls Crockery","Agaro",,,570.5637416702103,899,,19.13483,36.537893642938386,0.04046684127524609,0.05156,0.00357,0.00471,0,570.3943884074437
"2026-04-01","1WHMPKUERZ",,"Kitchen Essentials Stainless Steel ATTA Parat (35cm, 570gms, Grade 304)","1 Piece","Plates Bowls Crockery","Kitchen Essentials",,,492.5,755,,0.13072,34.7682119205298,,,0,0,0,49250
"2026-04-01","Q6R9PZ6AXV",,"La Opala Novo Opalware English Lavender Dinner Set (15 Pieces, White)","15 pieces","Plates Bowls Crockery","La Opala",,,1387.734458827348,1850,,14.67058,24.938014985393774,0.029552493753829068,0.0446,0.00684,0.00901,0,97.11610180039861
"2026-04-01","BF8VQ5AO86",,"Chumbak Palace Memoir Snack Plates (Set of 4)","1 pack","Plates Bowls Crockery","Chumbak",,,1162.5449767385785,1983.5302256249997,,23.41688,41.39261644848251,0.054720079502346794,0.06482,0.03587,0.02792,0.06084,1165.2670337122136
"2026-04-01","ZGY3RKZSKX",,"Ireka Homes Acacia Wood Coasters with Enamel (4 Pieces, 4 Inches)","4 pieces","Plates Bowls Crockery","Ireka Homes",,,497.7843924826027,700,,19.75966,28.89487690697431,0.01397703041037269,0.01992,0.01416,0.01867,0,123.36468317429582
"2026-04-01","4TPU1QA3DX",,"Larah by Borosil Fluted Chrys Red Opalware Dinner Set, Family of 4, Microwave Dishwasher Safe Crockery Set for Dining, Gifting (Red and White, 10 Pieces)","10 pieces","Plates Bowls Crockery","Larah by Borosil",,,1037.0949962771883,1445.0254656249997,,61.04879,28.221515403199604,0.13587921559409566,0.19773,0.07809,0.05593,0.14773,103.95518227366729
"2026-04-01","T4WHUDGYG7",,"CHUMBAK Ceramic Marigold Chip and Dip Platter (3 Pieces, Orange Flower)","3 pieces","Plates Bowls Crockery","Chumbak",,,1178.3702979146808,1595.0121290833333,,39.66531,26.149321777340663,0.5543610687960754,0.8286,0.13574,0.07515,0.32616,392.3333273020954
"2026-04-01","ZLBBNIMZKN",,"Avias Platina Premium Double Wall Insulated Stainless Steel Casserole (2500ml, Silver, Steel Lid)","1 Piece","Plates Bowls Crockery","Avias",,,724.1560531880336,1584.8051948051948,,6.17164,54.306304928723605,0.013276708540671948,0.01203,0.00457,0.00602,0,71140.91106429875
"2026-04-01","PV8BHVFRPR",,"Ireka Homes Wooden Rose Garden Oval Acacia Server with Enamel (33cm x 24cm, White and Blue)","1 Piece","Plates Bowls Crockery","Ireka Homes",,,699.9299672290326,1150,,23.48689,39.14215436617307,0.15673573754067022,0.19307,0.12791,0.13142,0.11689,699.4614151577339
"2026-04-01","C39CPZG6V3",,"Home Centre Velto Stoneware Ramkain Dip Bowls (Set of 3, 160ml)","3 pieces","Plates Bowls Crockery","Home Centre",,,389.99768518518516,399,,22.18285,2.256209741110524,0.009705393749460847,0.01922,0.03,0.03955,0,129.9999797012841
"2026-04-01","PT5PUHNF9S",,"Nestasia Ceramic Linear Pattern Serving Bowl with Handle (700ml, White and Blue)","1 Piece","Plates Bowls Crockery","Nestasia",,,691.5333571720581,1015.6148855416666,,14.23429,31.884159969507003,0.01918598744619038,0.02704,0.01402,0.00921,0.02913,706.3377017775176
"2026-04-01","8FC3UV7J9T",,"La Opala Novo Opalware Radiant Curve Dinner Set (15 Pieces, White)","15 pieces","Plates Bowls Crockery","La Opala",,,1376.529403164775,1850,,24.11099,25.59300523433649,0.006716337234364859,0.01015,0.0153,0.02017,0,91.92152001432898
"2026-04-01","KUH65CAOKN",,"Clay Craft Fine Ceramic Ramekin Snack Bowls (180ml, Pack of 4, Perfect For Snacks)","4 pieces","Plates Bowls Crockery","Clay Craft",,,820.5108741181658,899,,10.34446,8.730714781071653,0.00391679239162957,0.00724,0.00182,0.00241,0,205.0116454765804
"2026-04-01","FSWHGKGIZX",,"Jaypee Palazio 2500 Casserole (White)","1 Piece","Plates Bowls Crockery","Jaypee",,,576.3802395209581,740.0242369461077,,5.80314,22.113329436406964,0.0011009103357597378,0.0017,0.00017,0.00022,0,578.3474045346062
"2026-04-01","PXVIMW3CRU",,"HomeStop Essential Astra Dessert Bowl (Set of 6, 230ml)","6 pieces","Plates Bowls Crockery","HomeStop",,,599,895,,9.54034,33.072625698324025,0.0019493562712136715,0.00264,0.00233,0.00307,0,99.83333333333331
"2026-04-01","0BRRA4H70N",,"Jaypee Plus Stainless Steel Disney Princess Soup Tok Prime Bowl with Lid and Spoon (700ml, Pink)","1 pack","Plates Bowls Crockery","Jaypee Plus",,,199,300.024173,,10.71593,33.66995869648686,0.006638572099844434,0.00907,0.00584,0.0077,0,199.00000000000003
"2026-04-01","JTCHJQLGU4",,"Home Centre Bone China Melina Happiness Cooper Bowl (350ml, Pack of 2, White)","2 pieces","Plates Bowls Crockery","Home Centre",,,482.7921322160149,495.9089852513966,,3.59639,2.645012174710284,0.0021739384944365224,0.00428,0.00477,0.00628,0,242.33096307385222
"2026-04-01","FOWBZAYKGC",,"Hawkins Die Cast Aluminum Round Mini Casserole with Glass Lid (750ml, Yellow, MCRY75)","1 Piece","Plates Bowls Crockery","Hawkins",,,798.1335214618211,900.4723075714285,,24.05006,11.365012033031295,0.00436552117905835,0.00764,0.00577,0.0076,0,796.6087490742858
"2026-04-01","2R9PDYXSCF",,"Ireka Homes TossWell Acacia Wood Salad Bowl with Tossers (1L)","1 pack","Plates Bowls Crockery","Ireka Homes",,,986.5691128011852,1480,,16.31727,33.33887451101233,0.07361025447604772,0.09953,0.15938,0.2101,0,987.1287220927716
"2026-04-01","Z4CST17TJA",,"HomeStop Adele Snack Bowl with Lid (15x17cm, Brown)","1 Piece","Plates Bowls Crockery","HomeStop",,,1159.7654564920201,1645,,17.55094,29.500290365863254,0.015527758681103515,0.02208,0.01031,0.01359,0,1154.5561400451888
"2026-04-01","MYKBAGYWKV",,"The Earth Store White Marble Ceramic Bowl (550 ml, White)","2 pieces","Plates Bowls Crockery","The Earth Store",,,509.7612903526721,1296.4261174166668,,43.09949,60.87139301850521,0.48890373716269,0.37702,0.64031,0.19848,2.02892,252.6490370416095
"2026-04-01","WS52GRG0OX",,"Anwaliya Ceramic Zenform Dinnerware Spiral Edition Dinner Plate (10 Inches, Brown)","2 pieces","Plates Bowls Crockery","Anwaliya",,,1079.6753389813534,1999,,23.85357,46.40115469792482,0.07910478599745722,0.07842,0.0061,0.00787,0.00054,49500.497001955184
"2026-04-01","0MRP8ANQ6Y",,"Signoraware Borosilicate Glass Mixing Bowl with Lid (1L, Steam Release Knob and Stain and Heat Resistant , Clear)","1 Piece","Plates Bowls Crockery","Signoraware",,,437.79708855731275,525.4816476666666,,25.18203,16.687016527995546,0.012866317746732234,0.02154,0.00418,0.00352,0.00625,43976.662679195404
"2026-04-01","ZE19SRE3NS",,"Chumbak Farmlife Snack Plate Gift Set","4 pieces","Plates Bowls Crockery","Chumbak",,,896.0029359074974,1999,,33.24735,55.44746494981693,0.21860193189757454,0.18469,0.04823,0.03699,0.08355,20845.984211574025
"2026-04-01","7OT4Y0IU0M",,"Home Centre Noori Platina Bone China Emily Bowls (Set of 3, 320ml each)","3 pieces","Plates Bowls Crockery","Home Centre",,,957.5694953808446,996.0296009166667,,38.06155,3.8606422067470816,0.04627787907244881,0.0904,0.00514,0.00678,0,318.95459730607104
"2026-04-01","AYY7CY3K63",,"HAZEL Steel Atta Parat Roti and Puri Dough Plate (29cm, 2000ml)","1 Piece","Plates Bowls Crockery","Hazel",,,205.39506172839506,939,,1.09429,78.12619150922312,0.02045419084444784,0.00878,0.00025,0.00033,0,19909.553846437593
"2026-04-01","6SIBRREYC8",,"SOLARA Belmont Ceramic Kadai with Glass Lid (24cm, Ivory)","1 Piece","Plates Bowls Crockery","Solara",,,1661.5599873911685,3000.5729560000004,,35.47617,44.96724837137059,0.4986727371286214,0.55292,0.0322,0.04245,0,1613.539325712676
"2026-04-01","YFVQU3H3K8",,"Tupperware Storage Containers (810ml, Plastic)","2 pieces","Plates Bowls Crockery","Tupperware",,,737.5508143422708,1250,,34.55178,40.82138830521091,0.03721355756638743,0.05027,0.16822,0.22175,0,41626.1109610506
"2026-04-01","U8T2KQ07FF",,"Borosil Serving Mixing Borosilicate Glass Bowl Set for Kitchen, Microwave Dishwasher Safe (500ml, 900ml, 1.3L, Transparent, Pack of 3)","3 pieces","Plates Bowls Crockery","Borosil",,,834.091060849944,1292.1838118333335,,59.96024,35.62019838250052,0.3054122189273162,0.3976,0.46391,0.59601,0.04873,27391.40640990819
"2026-04-01","05X787RE3I",,"Femora Porcelain Bowls (Elegant Floral Medallion Pattern)","2 pieces","Plates Bowls Crockery","Femmora",,,316.26623818090536,600,,16.61636,47.31025507852338,0.0194129657940063,0.0205,0.10022,0.01375,0.37198,15620.544556926638
"2026-04-01","YI5A3TFL9R",,"iVeo Solid Recta Vati Set (3 Pieces, 9cm, Red)","3 pieces","Plates Bowls Crockery","Iveo",,,159.36904761904762,292.8059369658119,,8.07406,45.57178407292486,0.0004269458365827238,0.00051,0.00146,0.00192,0,55.4847018246551
"2026-04-01","K8HW6AIC2H",,"Saaj Plastic Small Ruby Tray (31cm, Yellow)","1 Piece","Plates Bowls Crockery","saaj",,,99.3466243275047,120,,18.41688,17.210270253220063,0.006012094433511825,0.01009,0.07046,0.09288,0,99.6174703472698
"2026-04-01","MQ1EASGLOI",,"Kitchen Essentials Stainless Steel Apple Grade 304 Full Dinner Plate Thali Set (Size 12, Set of 2)","2 pieces","Plates Bowls Crockery","Kitchen Essentials",,,895.7666666666667,995,,0.65323,9.973199329983252,,,0.00119,0.00157,0,44788.333333333336
"2026-04-01","O91CZH2Z9B",,"The Earth Store Grey Fringe Ceramic Bowl (550 ml, Grey)","2 pieces","Plates Bowls Crockery","The Earth Store",,,420.58539345412424,990.6065416250001,,36.82562,58.92180574357451,0.618115844991333,0.49014,1.33544,0.60417,3.63368,196.99394920515553
"2026-04-01","EMNFWFPW9O",,"Agaro Elite Glass Casserole Set (2 Pieces, 700ml, 1000ml)","2 pieces","Plates Bowls Crockery","Agaro",,,897.2921262157812,1199,,34.99014,25.181899748380026,0.15736504699061274,0.23814,0.02636,0.03475,0,447.8674855857196
"2026-04-01","95TX1D1SM6",,"ExclusiveLane Ceramic 'Earthen Turquoise' Chip-N-Dip (40 ml dip, Turquoise & Brown)","1 Piece","Plates Bowls Crockery","ExclusiveLane",,,840,1499,,9.23695,43.96264176117412,0,0,0.00011,0.00005,0.00031,840
"2026-04-01","O1VAV568UL",,"Ireka Homes Marble Coasters Set (4 Pieces, 4 Inches)","4 pieces","Plates Bowls Crockery","Ireka Homes",,,506.8642837636599,700,,29.43984,27.585279741145733,0.052350530109312676,0.07675,0.05484,0.07229,0,126.62614708940828
"2026-04-01","TM5X50WJCW",,"Birch & Co. Coaster Holder with 6 sets of Coasters (Mughal)","6 pieces","Plates Bowls Crockery","Birch & Co",,,383.5818032246323,799,,16.16243,51.96814384426477,0.024076259911130254,0.0231,0.00451,0.00595,0,63.552822334153404
"2026-04-01","TQC6FU9OF4",,"Femora Wooden Round Mango Serving Tray (28cm x 4cm, Brown)","1 Piece","Plates Bowls Crockery","Femora",,,646.8715707993904,797.8397047916668,,54.56549,18.930410876940808,0.11418470352847333,0.18739,0.58504,0.24162,1.66433,646.1249305178277
"2026-04-01","CR9RM8VP09",,"Cello Opalware Dazzle Series Scarlet Bliss Dinner Set (18 Pieces, Bone Ash-Free)","18 pieces","Plates Bowls Crockery","Cello",,,1075.025871469517,2099,,27.41419,48.780716359321744,0.07353793507923881,0.07697,0.11982,0.15735,0.00186,59.571987159603026
"2026-04-01","XYRU75MCAC",,"La Opala Novo Collection Radiant Curves Opal Glass Dinner Set (20 Pieces, White)","20 pieces","Plates Bowls Crockery","La opala",,,1516.2777777777778,2150,,2.6506,29.475452196382427,0,0,0.00001,0.00001,0,75.81388888888888
"2026-04-01","333IB73Q5W",,"Avias Avistar Premium Double Wall Insulated Stainless Steel Casserole (1500ml, Silver)","1 Piece","Plates Bowls Crockery","Avias",,,902.2535485764996,1650,,9.4413,45.31796675293942,0.0011980622965331537,0.00124,0.00233,0.00307,0,859.3133871441248
"2026-04-01","14NMKSKLN8",,"Larah by Borosil Opalware Orbit Serving Bowl (1.3L, Black, Microwave and Dishwasher Safe)","1 Piece","Plates Bowls Crockery","Larah by Borosil",,,386.6603684210526,445,,31.75184,13.108864064934712,0.004199752923119855,0.00744,0.00087,0.00115,0,389.0878213831681
"2026-04-01","IIB1V9BWL3",,"Mad Over Print Melon and Take A Break Coaster Set (2 Pieces, 3.75 Inches)","2 pieces","Plates Bowls Crockery","Mad Over Print",,,59,149,,5.46358,60.40268456375839,0.00010826126570490496,0.00009,0,0,0,29.5
"2026-04-01","4L754004LL",,"Milton Curve 2500 Inner Stainless Steel Casserole (2.15L, Light Green, BPA Free)","1 Piece","Plates Bowls Crockery","Milton",,,637.7507615840949,790,,10.86138,19.295335733127928,0.027766945272977746,0.04481,0.00566,0.00746,0,627.2580751973869
"2026-04-01","SN05UCAHS8",,"Sumeet Stainless Steel Heavy Gauge Deep Wall Dinner Plates with Mirror Finish (26.6cm Dia, Set of 6, Silver)","6 pieces","Plates Bowls Crockery","Sumeet",,,1195.2391359514274,2032.4095179583333,,26.43417,41.279224364496876,0.17327858173119998,0.20003,0.09552,0.09323,0.10269,194.47745210154227
"2026-04-01","C30VMYLODV",,"Jaypee Plus Stainless Steel Soup Bowl with Lid and Spoon Holder (700ml, Ivory)","1 pack","Plates Bowls Crockery","Jaypee Plus",,,282.40462417583046,365,,22.61598,22.775019893486583,0.045457750973094756,0.07092,0.03253,0.04288,0,281.0366405628676
"2026-04-01","QKC267YAJY",,"Cello Dazzle Series Lightweight Tropical Lagoon Dinner Set (13 Pieces, Opalware, White)","13 pieces","Plates Bowls Crockery","Cello",,,798.1757018058264,1598.97725325,,69.76444,50.0970516081644,0.7899428108781517,0.79599,1.25586,1.62842,0.08498,61.45237956436191
"2026-04-01","1LS760NQNP",,"Castleite Melamine Marvella Lazuli Dream Break Resistant Dinner Plate (11 Inch, White & Blue)","2 pieces","Plates Bowls Crockery","Castleite",,,366.5369438855354,899,,14.43351,59.22837109170908,0.014851180227824971,0.01231,0.00241,0.00318,0,183.82388443345636
"2026-04-01","F2K7HQXXMM",,"Nestasia Ceramic Mandala Platter (27.5 cm, Red and Blue)","1 Piece","Plates Bowls Crockery","Nestasia",,,578.781415342391,1144.6291534999998,,49.89722,49.58148517149993,0.5757963637466297,0.5864,0.71546,0.54734,1.24383,575.637844387412
"2026-04-01","NTJBPZQJ85",,"Larah by Borosil Vanam Opalware Dinner Set (6 Pieces, 3 Full Plates, 3 Veg Bowls 210ml each, Crockery for Gifting and Dining)","6 pieces","Plates Bowls Crockery","Larah",,,570.8455301375459,850.7007432916668,,76.57336,33.27220075046046,0.3590529532152407,0.48162,1.13431,0.63611,2.70008,561.9078028119952
"2026-04-01","MO1Q9ONHEC",,"Nestasia Sectioned Acacia Wood Lazy Susan Platter (30cm)","1 Piece","Plates Bowls Crockery","Nestasia",,,1473.1584844441313,2317.912063047619,,29.50674,36.45259571159682,0.13252747294741285,0.1695,0.11624,0.07872,0.23417,1472.2790689889832
"2026-04-01","EEGOKYVM68",,"Eha Earth Friendly Rice Husk Biocomposite Square Plates (4 Pieces, 11 inch, Light Green)","4 pieces","Plates Bowls Crockery","Eha",,,634.346378146102,1138,,2.92717,44.25778750912988,0.00495736395354573,0.00556,0,0,0,157.580063060246
"2026-04-01","W0L0RPRFZZ",,"Glass ideas Mixing Bowl (1 L)","1 Piece","Plates Bowls Crockery","Glass ideas",,,145.81957537924555,299,,41.94535,51.393156455489446,0.52799607423955,0.5189,1.58056,2.08144,0.00638,145.31376259850273
"2026-04-01","QLRBSW7NU0",,"Larah by Borosil Meadow Opalware Dinner Set (10 Pieces, Crockery for Gifting and Dining)","10 pieces","Plates Bowls Crockery","Larah",,,741.4776147643959,1589.9843412500002,,38.59738,53.38195178149733,0.9178939036823163,0.86492,0.40916,0.33107,0.65457,740.7377641149651
"2026-04-01","42Z6B9AO5R",,"Eha Earth Friendly Rice Husk Biocomposite Soup Bowls with Spoons Set (4 Pieces, 250ml, Multicolor)","4 pieces","Plates Bowls Crockery","Eha",,,556.545871559633,751,,2.01659,25.89269353400359,0.0016358996085389058,0.00244,0.02557,0.03371,0,138.9678756476684
"2026-04-01","ERI3P3DKKC",,"iVeo Solid Round Veg Bowl Set (6 Pieces, 180ml, 4 inch, Red)","6 pieces","Plates Bowls Crockery","Iveo",,,341.91142191142194,612,,3.07227,44.13212060270884,0.0013331165917787092,0.00115,0.00043,0.00057,0,46.88282828282828
"2026-04-01","2MUSXQYWA3",,"Judge by Prestige Classic Stainless Steel Plate Set of 6 (Stainless Steel)","1 pack","Plates Bowls Crockery","Prestige",,,1079.2316650978428,1550,,50.7394,30.372226320341138,0.02926299833708497,0.04128,0.35038,0.07153,1.22676,1079.0022400613982
"2026-04-01","6X746F5UMB",,"Nestasia Ceramic Soup Bowls with Spoons (Pack of 4 Bowls 400ml + 4 Spoons, Assorted Design)","4 pieces","Plates Bowls Crockery","Nestasia",,,1074.4677786082814,1710.04885525,,16.76836,37.16742212893094,0.018624422973379025,0.02282,0.26562,0.05725,0.92047,258.8495424665997
"2026-04-01","41MRHPNMUH",,"ExclusiveLane Mango Wood Circles of Wood Log Coasters (Light Brown)","6 pieces","Plates Bowls Crockery","ExclusiveLane",,,512.3657691119241,913.6182900000001,,25.57208,43.9360632776305,0.026907390032592328,0.03003,0.03439,0.01818,0.08531,85.32097923070103
"2026-04-01","WSX7QN5AV3",,"Milton Ernesto JR. Casserole Set (3 Pieces, 420ml, 850ml, 1.43L, Red)","3 pieces","Plates Bowls Crockery","Milton",,,999.9878066679025,2999,,17.84446,66.6558542573845,0.2776666209461675,0.18744,0.03506,0.04621,0,333.9064521644742
"2026-04-01","6FN1FD0UFY",,"Kitchen Essentials Stainless Steel Prem Vati (Size 5, Set of 4, Grade 304)","4 pieces","Plates Bowls Crockery","Kitchen Essentials",,,293,335,,0.20542,12.537313432835822,,,0.00004,0.00006,0,7325
"2026-04-01","IQ6CA250XA",,"Selvel Elegance Royal Thermoware Ceramica Casserole Set (3 Pieces, 600ml, 1.2L, 1.7L, White)","3 pieces","Plates Bowls Crockery","Selvel",,,1758.794621019914,4998.923895333332,,54.95077,64.81264826598216,0.36618991923044286,0.25963,0.49383,0.23694,1.30118,584.5803059388558
"2026-04-01","7Y105W6GYS",,"Femora Porcelain Bowls (Harmonious Symmetrical Pattern)","2 pieces","Plates Bowls Crockery","Femmora",,,326.2855712804909,600,,13.86806,45.620759786108,0.016781585331802573,0.0185,0.09671,0.0159,0.35069,16277.455624541699
"2026-04-01","E0CSHPV170",,"Kuber Industries SS Soup Bowl with Spoon and Holder (600ml, Airtight-Lid, Blue)","1 Piece","Plates Bowls Crockery","Kuber Industries",,,299,1299,,9.18719,76.98229407236336,0.03395526377883418,0.01584,0.00275,0.00362,0,299
"2026-04-01","LNNZSYWYEE",,"The Earth Store Black Artvine Snack Bowl","1 Piece","Plates Bowls Crockery","The Earth Store",,,499,499,,5.17241,0,,,0,0,0,49900
"2026-04-01","SVMYDLIDG6",,"Neelam Stainless Steel Prem Vati (200ml, Silver)","6 pieces","Plates Bowls Crockery","Neelam",,,462.79080522708813,629.3208945000001,,52.71886,26.506375282492996,0.05385529635375831,0.08196,0.09324,0.12291,0,76.17632245143704
"2026-04-01","Z5WFCGX9BL",,"Chumbak Hand Painted Ceramic Bowl with Wooden Lid","1 Piece","Plates Bowls Crockery","Chumbak",,,799,999,,2.02661,20.02002002002002,0,0,0.00017,0.00004,0.00058,799
"2026-04-01","6FJOIOD16F",,"Heart Home Nested Serving Trays, Wooden Leaf Design Farmhouse Platter, Rectangular Shape Coffee Table Trays with Handle (Brown, Pack of 3)","3 pieces","Plates Bowls Crockery","Heart Home",,,986.580180702772,2099,,22.04646,52.99760930429862,0.024005029661863648,0.02284,0.01493,0.01968,0,328.40573341144386
"2026-04-01","0GIZ9IRIDQ",,"Castleite Melamine Bliss Non Breakable Coastal Charm Quarter Plate (7 Inch, Multicolor)","2 pieces","Plates Bowls Crockery","Castleite",,,184.02700528093197,499,,17.45178,63.12608653679444,0.016483594564228512,0.01199,0.00056,0.00074,0,90.36458573788462
"2026-04-01","7KVAECKXRY",,"Larah by Borosil Vanam Opalware Full Plate Set (2 Pieces, for Dining, Microwave Safe Crockery)","2 pieces","Plates Bowls Crockery","Larah",,,276.7906825742141,355.0073014999999,,56.7991,22.021100552614108,0.32746636751140684,0.51656,0.49543,0.65307,0,276.7637159823412
"2026-04-01","8OBN5JOXFB",,"Femora Ceramic Bowl Set (2 Pieces, 5 inch, Pink, Microwave Safe)","2 pieces","Plates Bowls Crockery","Femora",,,286.5488283234762,430,,10.47873,33.36073759919158,0.002809565000124476,0.00378,0.05409,0.02432,0.14766,143.25301756123676
"2026-04-01","A74LC1HUBJ",,"Larah by Borosil Meadow Opalware Veg Bowl Set (210ml, 2 Pieces, for Dining, Microwave Safe Crockery)","2 pieces","Plates Bowls Crockery","Larah",,,159.0455387053211,190.0486362916667,,63.43135,16.292800079323722,0.09241656508899132,0.15688,1.34933,1.77867,0,79.54785603739488
"2026-04-01","64GHUNX2HS",,"Ireka Homes Wooden Mediterranean Rectangular Acacia Server (10 x 30 cm, Blue)","1 Piece","Plates Bowls Crockery","Ireka Homes",,,657.6373932230963,1050.066545125,,17.29939,37.36569682543377,0.020638256779097024,0.0262,0.00569,0.0043,0.01003,661.1366415304254
"2026-04-01","IBP6MHJ7KZ",,"Cello Ornella Toughened Glass Mixing Bowl (1L, Clear, Microwave and Dishwasher Safe)","1 Piece","Plates Bowls Crockery","Cello",,,229.0373015873016,249,,5.50478,8.017324198755803,0.008497529125046968,0.01583,0.02735,0.03605,0,229.15915952672378
"2026-04-01","KKDQZUMXIL",,"Cello Opalware Solitaire Series Argento Opalglass Dinner Set (Set of 18, White)","18 pieces","Plates Bowls Crockery","Cello",,,1876.5619725953059,3499,,29.22517,46.36615591187146,0.21468100074528423,0.23347,0.02369,0.03123,0,1877.7555492303613
"2026-04-01","OH51QIES9L",,"iVeo Solid Octa Chanti Bowl (80ml, Black)","3 pieces","Plates Bowls Crockery","Iveo",,,139.80095238095237,222,,5.8899,37.02659802659804,0.0003223876725216486,0.00044,0.00585,0.00771,0,48.112773487773495
"2026-04-01","4GEH1V49QS",,"Glass ideas Nastha Plate Plain (5 Inches, 400ml)","1 Piece","Plates Bowls Crockery","Glass ideas",,,100.8013933226922,148.94792491620115,,5.70448,32.32440574153445,0.0016237011560651141,0.0026,0.00013,0.00018,0,106.30171277739504
"2026-04-01","5GMLLCG3VV",,"Java Plastic Plate with Bowl Set (8 Pieces, 12 Inch, 4 Plates and 4 Bowls, Yellow)","8 pieces","Plates Bowls Crockery","Java",,,399,850,,28.74793,53.05882352941177,0.02283419605388806,0.02172,0.00272,0.00358,0,49.875000000000014
"2026-04-01","JQGCSQ5371",,"Asian Steel Cosmos Inner Casserole (600ml, Orange, PU Insulated)","1 Piece","Plates Bowls Crockery","Asian",,,186.2899114774115,215,,16.43084,13.353529545390003,0.00421674362477978,0.00744,0.02104,0.02774,0,186.95965240653712
"2026-04-01","AJI9511F48",,"Cello Tropical Lagoon Dazzle Series Opalware Dinner Set (White, 35 Pieces)","35 pieces","Plates Bowls Crockery","Cello",,,2056.4848484848485,4295,,2.85161,52.11909549511412,0.0031186650726300292,0.00303,0.00014,0.00018,0,58.825679036868415
"2026-04-01","GRTYIFQSTP",,"Clay Craft JCPL Fine Porcelain Soup Plate (300ml, Dia 23cm)","1 Piece","Plates Bowls Crockery","Clay Craft",,,820.0407755102041,899,,9.96168,8.783006061156385,0.003916574562121109,0.00724,0.00313,0.00413,0,820.0036203522504
"2026-04-01","KP7P3QC6Y6",,"Nestasia Ceramic Leaf-Shaped Serving Platter (Set of 1 Tray + 4 Small Plates, 33 cm, Blue, White and Natural Wood)","5 pieces","Plates Bowls Crockery","Nestasia",,,1570.8667591492988,3252.728188458333,,82.15665,51.80310652541644,3.6592514746290923,3.56362,2.65116,1.66426,5.75281,313.42074491624544
"2026-04-01","TNWSKOTRLG",,"Jaypee Palazio 1500 Casserole (White)","1 Piece","Plates Bowls Crockery","Jaypee",,,387.6616766467066,520.5149700598803,,5.53638,25.52343372523756,0,0,0.0003,0.00039,0,387.6616766467066
"2026-04-01","0A4WURQYTO",,"HomeStop Amora Steel Round Snack Jars with Tray (Set of 3)","3 pieces","Plates Bowls Crockery","HomeStop",,,1976.5523791240166,2995,,24.27578,34.00492891071731,0.04892973550844783,0.0655,0.01381,0.0182,0,1978.3192231452151
"2026-04-01","JSGBPWTW5H",,"Ellementry Carbon Ceramic Pasta Bowl (400 ml, 4.5 cm, Brown)","1 Piece","Plates Bowls Crockery","Ellementry",,,754.2629653224847,955.0262311428572,,21.27013,21.023508408415537,0.013898393957818424,0.02186,0.07995,0.00087,0.32848,713.7203531334551
"2026-04-01","8AXK5ULGZB",,"Cello Opalware Dazzle Lush Fiesta Dinner Set (13 Pieces, White)","13 pieces","Plates Bowls Crockery","Cello",,,859.0442625690148,1592.4545392340428,,47.41645,46.032628990059585,0.11744996786029734,0.12843,0.03189,0.04175,0.00089,66.50879796623829
"2026-04-01","VUB3VT97G7",,"Sumeet Stainless Steel Hammered Royal Dinner Set (12 Pieces, Heavy Gauge Mirror Finish)","12 pieces","Plates Bowls Crockery","Sumeet",,,1800.9711805555555,3063.839261875,,15.0275,41.21848352274844,0.0022218609862978485,0.00265,0.02225,0.02933,0,149.94798009884383
"2026-04-01","298V9C6336",,"Cello Ornella Toughened Glass Mixing Bowl with Premium Lid (500ml, 2 Pieces, Transparent)","2 pieces","Plates Bowls Crockery","Cello",,,378.21058414405184,419.38367438596487,,19.22361,9.817523369786889,0.004260309526471894,0.00781,0.00031,0.00041,0,189.47815481901685
"2026-04-01","N9M8XI2YAY",,"Ireka Homes Wooden Dandelions Mango Chopping Board/Serving Platter (17 x 40 cm, Brown)","1 Piece","Plates Bowls Crockery","Ireka Homes",,,561.6102765719093,610,,18.33841,7.818172146391179,0.019487681315408276,0.03503,0.00749,0.00988,0,539.3294138965981
"2026-04-01","C6UGVR696H",,"Castleite Melamine Islewight Marble Print Serving Platter/Tray Plates with Bowl (White)","6 pieces","Plates Bowls Crockery","castleite",,,646.7730096483037,1999,,17.41008,67.64474927128754,0.03193206330425237,0.02101,0.01196,0.01577,0,108.16228416826857
"2026-04-01","MS68W76813",,"Home Centre Abaco Barney 6 Pieces Glass Snack Bowls with Metal Stand","6 pieces","Plates Bowls Crockery","Home Centre",,,1700.2764397905758,1799,,5.14492,5.487690951051926,0,0,0.00255,0.00336,0,1700.2764397905758
"2026-04-01","DKZ70O9NAC",,"Cello Dazzle Tropical Lagoon Dinner Set (Opalware, White)","5 pieces","Plates Bowls Crockery","Cello",,,599.4087899305102,767.0297997083334,,71.25416,21.870688305940277,0.0747810880840233,0.11889,0.1212,0.14823,0.03623,119.80128159074758
"2026-04-01","6YXH0NMI1P",,"Timberluxe Arm Rest Tray with Holder (Brown Wood)","1 Piece","Plates Bowls Crockery","Timberluxe",,,666.7352169766333,1300,,34.94854,48.721925827833026,0.06843222923043144,0.071,0.05939,0.07828,0,66535.27010188246
"2026-04-01","0YYAUHQJFW",,"Castleite Melamine Hilton Tree Medium Tray with Handle for Serving, Aroma Series (31 cm, Black)","1 Piece","Plates Bowls Crockery","castleite",,,199,699,,5.34307,71.5307582260372,0.02969125115071845,0.01712,0.01066,0.01406,0,199
"2026-04-01","RIEJTFJVFR",,"Pure Home + Living Ribbed Dinner Plates (Pack of 2, Green)","2 pieces","Plates Bowls Crockery","Pure Home + Living",,,2377.7050030216697,2799,,15.70229,15.051625472609155,0,0,0.06234,0.02652,0.1749,118885.25015108347
"2026-04-01","T36AD8LUE3",,"Nestasia Holiday Season Bamboo Snack Platter with Ceramic Bowls and Spoons (Pack of 5)","1 pack","Plates Bowls Crockery","Nestasia",,,890,1350,,0.20667,34.074074074074076,0,0,0.00009,0.00012,0,178
"2026-04-01","4GBFIKZQRO",,"Castleite Melamine Hilton Tree Trays with Handle for Serving Snacks/Tea, Aroma Series (Black)","3 pieces","Plates Bowls Crockery","castleite",,,597.7830886274866,1999,,14.60304,70.09557646862729,0.0699008357764726,0.04244,0.02958,0.03899,0,199.59400657570055
"2026-04-01","KRM9M09XON",,"Larah by Borosil Fluted Verona Opalware Dinner Set Family of 4 Microwave Dishwasher Safe Crockery Set for Dining Gifting (White, 13 Pieces)","13 pieces","Plates Bowls Crockery","Larah by Borosil",,,1348.1478979559454,1894.5793698333334,,77.85599,28.85548679818827,0.5201544297644778,0.74993,0.38591,0.17697,1.04259,103.65538708957304
"2026-04-01","O0JLSKYWTQ",,"SELVEL Volvo Casserole (1.7L, Insulated, Inner Steel, Keeps Food Hot-Fresh, Lid Grey)","1 Piece","Plates Bowls Crockery","Selvel",,,990.4691522127008,1856,,16.56147,46.63420516095362,0.018193120546627087,0.02084,0.01267,0.0167,0,1047.4038901780411
"2026-04-01","WUP3AI82LG",,"Sanjeev Kapoor Marino Hammered Glass Bowl and Tray Set (7 Pieces, 270 ml, Transparent)","7 pieces","Plates Bowls Crockery","Sanjeev Kapoor",,,1177.2403250237244,2122.5752427184466,,11.47721,44.53716874997577,0.006375434053624062,0.00691,0.00405,0.00534,0,167.7447632572454
"2026-04-01","R0OFQOOM45",,"Nestasia Cosmos 3 Section Snack Platter with Dip Bowl","1 Piece","Plates Bowls Crockery","Nestasia",,,1439.8017410941968,2250,,29.67002,36.00881150692458,0.016337213134543005,0.02156,0.04454,0.01162,0.14802,1464.8078712123374
"2026-04-01","AKDMKKUPG9",,"VAYA HauteCase Premium Stainless Steel Casserole with Glass Lid (1100ml, Iris Purple)","1 Piece","Plates Bowls Crockery","Vaya",,,1554.8,4490,,1.63108,65.37193763919822,0.0032602542531294017,0.00227,0.00003,0.00004,0,1545.4381426837836
"2026-04-01","6V2I0SJAHV",,"Castleite Melamine Tulip Armena Medium Tray with Handle for Serving, Aroma Series (31 cm, Black)","1 Piece","Plates Bowls Crockery","castleite",,,228.43738553113556,699,,8.14365,67.3190450678558,0.01886534240973642,0.01238,0.00902,0.01188,0,228.2057950481821
"2026-04-01","AOFVI296XX",,"Nestasia Ceramic Mandala Platter (27.5 cm, Yellow and Green)","1 Piece","Plates Bowls Crockery","Nestasia",,,588.1720733392547,1145,,17.27662,48.63125997037077,0.03838744078748147,0.03934,0.04646,0.04496,0.05115,579.491942593851
"2026-04-01","YX8X3FKOA9",,"BlackCarrot Ceramic Stoneware Dinner Plates (10"", Pack of 2, Beige, White)","2 pieces","Plates Bowls Crockery","BLACKCARROT",,,854.8591549295775,1599,,2.32811,46.53788899752486,0,0,0.00091,0.00006,0.0036,854.8591549295775
"2026-04-01","YGPCJWVH79",,"Larah by Borosil Opalware Casseroles with Lid (1L, Set of 2, Microwave Safe, Royal Brown)","2 pieces","Plates Bowls Crockery","Larah",,,1096.6672796080452,1499,,27.07148,26.842510373221668,0.04179647259488943,0.06174,0.01189,0.01567,0,54809.48658828478
"2026-04-01","7SVC4VWGJ9",,"Nestasia Festive Holly Berry Bamboo Platter with Ceramic Bowls and Board (Pack of 4)","1 pack","Plates Bowls Crockery","Nestasia",,,1335,2070,,1.36786,35.507246376811594,0,0,0.00506,0.00667,0,333.75
"2026-04-01","6T5SGTM6RU",,"The Earth Store Glossy Grey Marble Ceramic Bowl with Multipurpose Use Lid (500ml, Grey)","4 pieces","Plates Bowls Crockery","The Earth Store",,,1109.361718333866,2299,,7.51748,51.73263588631295,0.04754891425431626,0.04426,0.00599,0.00007,0.02457,262.8411184489885
"2026-04-01","5FZPITQB7V",,"Jaypee Luxura Klass Casserole Set with Glass lid (1500ml, 2000ml, 2500ml, Ivory)","3 pieces","Plates Bowls Crockery","Jaypee",,,2376.509221466364,3059.7271506190477,,16.34983,22.329374337004335,0.020202162103158956,0.03178,0.0091,0.01199,0,792.8034868379872
"2026-04-01","DV8FLR3W4V",,"Tupperware TPW Premiaglass Fridge Storage Microwave Glass (1L)","1 Piece","Plates Bowls Crockery","Tupperware",,,752.6916094087745,1090.3334878873238,,28.62849,30.895687760967792,0.031261801906719185,0.04467,0.02101,0.0277,0,76846.67409286906
"2026-04-01","DH36D2LJ2C",,"Nestasia Jingle Bells Wooden Platters with Rattan Weave (Pack of 2)","2 pieces","Plates Bowls Crockery","Nestasia",,,1375.3677167527367,2160,,12.36101,36.325568668854785,0.003920931152290321,0.00479,0.0201,0.02649,0,653.8875035446364
"2026-04-01","CMZG2D3L9K",,"Home Centre Olen Gleam Oval Glass Platters (2 Pieces)","2 pieces","Plates Bowls Crockery","Home Centre",,,587.6980824893107,597.642820611111,,42.88313,1.6647622327453562,0.08448757098102644,0.16835,0.13087,0.17252,0,294.2296751104796
"2026-04-01","QQSYWS1ZLS",,"Ganesh Stainless Steel Noodle and Soup Bowl (500ml, Multicolor)","1 Piece","Plates Bowls Crockery","Ganesh",,,189.27166426983996,279.5935478571429,,33.07793,32.241978512098456,0.04720757541455854,0.06459,0.17707,0.23342,0,190.34654763878987
"2026-04-01","TZSU0R5LSO",,"Pasabahce Glass Mixing/Serving Bowl with White Lid (1.135L, Transparent)","1 Piece","Plates Bowls Crockery","Pasabahce",,,325.10227272727275,439.75108375,,13.43232,26.071296981249855,0.0009586676667349834,0.00115,0.0023,0.00304,0,274.0231066725413
"2026-04-01","NE8RS9PC4G",,"Larah by Borosil Vanam Opalware Dinner Set (16 Pieces, Crockery for Gifting and Dining)","16 pieces","Plates Bowls Crockery","Larah",,,976.4731991876678,2522.783277541667,,69.33532,61.45379644323167,1.129808251840643,0.87659,0.97763,0.52364,2.40443,967.2183615519805
"2026-04-01","VXYOVALZIY",,"Glass ideas Twin Bowls (200ml)","2 pieces","Plates Bowls Crockery","Glass ideas",,,48.90490585836292,149.01463633333333,,59.41964,66.76827589786195,1.8015691877100701,1.21273,7.26146,9.56802,0.01239,49.5168342319401
"2026-04-01","XSI8EJZT2T",,"Nestasia Glass Snack Bowls (6 Pieces, 220 ml, Transparent)","6 pieces","Plates Bowls Crockery","Nestasia",,,638.3581961192469,1092.528965611111,,46.8366,41.78374887848172,0.19038974310930343,0.21986,0.05987,0.04801,0.09717,104.61169762619149
"2026-04-01","KSR95Z3BUO",,"HomeStop Modern Solid Matte Platter (30x15cm, Grey)","1 Piece","Plates Bowls Crockery","HomeStop",,,256.50728166929287,295,,7.84216,13.048379095154962,0.00042825281363348725,0.00076,0.00325,0.00428,0,257.805683669174
"2026-04-01","4H3IF6138F",,"Glass ideas Munching Flory Bowl Plain (7 Inches, 600ml)","1 Piece","Plates Bowls Crockery","Glass ideas",,,145.6973887197688,299,,17.22299,51.271776347903405,0.006297015430578255,0.00609,0.01317,0.01735,0.00002,156.99260295078327
"2026-04-01","XW26BF1W3Z",,"Nestasia Ceramic Dip Bowls (Set of 8, 70ml, Multicoloured)","8 pieces","Plates Bowls Crockery","Nestasia",,,974.5158240245171,1530,,24.79976,36.30032561326535,0.12827369830619476,0.16491,0.06943,0.05012,0.13012,121.88822052461282
"2026-04-01","DCJVFOBED5",,"Jaypee Crinkle Casserole Set with Inner Stainless Steel (1L, 1.5L & 2L, Green)","3 pieces","Plates Bowls Crockery","Jaypee",,,2205.1506764069263,2278,,21.33495,3.1839867506560795,0.01902130833779419,0.03855,0.00041,0.00054,0,75912.37156284093
"2026-04-01","4FPLSW7EQ3",,"Borosil Serving Mixing Glass Bowl with Lid Borosilicate Glass Multipurpose Bowl for Kitchen Dining Microwave Dishwasher Safe (1.7L, Transparent)","1 Piece","Plates Bowls Crockery","Borosil",,,429,595,,7.87773,27.899159663865547,0.009287596752233469,0.01357,0.00049,0.00024,0.00129,42899.99999999999
"2026-04-01","0K3EFSSG9I",,"Nestasia Hearty Half Plate (15cm, Cream)","2 pieces","Plates Bowls Crockery","Nestasia",,,537.2029411764706,1080,,3.00193,50.25898692810457,0,0,0.00047,0.00062,0,26860.147058823528
"2026-04-01","QPXVE6JK1U",,"HomeStop Flavius Cereal Bowl (6.5cm, White)","1 Piece","Plates Bowls Crockery","HomeStop",,,495.56666666666666,699,,6.20491,29.103481163567,0,0,0.00016,0.00021,0,495.56666666666666
"2026-04-01","M75BNSUUZG",,"ExclusiveLane Brass 'Mughal Arc' Coasters (Golden)","2 pieces","Plates Bowls Crockery","ExclusiveLane",,,671.9558575727834,1125,,13.5466,40.2705904379748,0.006126454925453626,0.00746,0.00997,0.00298,0.03193,337.70473789300473
"2026-04-01","QM5IXYR17T",,"Tupperware Storage Container (810ml, Plastic)","1 Piece","Plates Bowls Crockery","Tupperware",,,445.67926132374464,625,,28.3596,28.691318188200857,0.01157132131893412,0.01674,0.03915,0.05161,0,45054.61307623908
"2026-04-01","HI8T1Z5WZH",,"Nestasia Ceramic Teardrop Serving Bowl with Handle (700ml, White and Blue)","1 Piece","Plates Bowls Crockery","Nestasia",,,645.6810386680985,1015.0647225523012,,23.91206,36.46539536744547,0.107526308943359,0.13568,0.06185,0.05053,0.09742,632.3479249246842
"2026-04-01","IJBXRS5QSR",,"Larah by Borosil Orbit Opalware Dinner Set, Family of 4, Microwave Dishwasher Safe Crockery Set for Dining, Gifting (White, 13 Pieces)","13 pieces","Plates Bowls Crockery","Larah by Borosil",,,1467.070769191976,1945.0549275714286,,50.73685,24.573231889998944,0.07767125000227817,0.11877,0.04193,0.02525,0.09435,113.0073609917324
"2026-04-01","6N31F227HC",,"Ireka Homes Sanchay Mango Wood Tray (Set of 3, 16x12x2.5 Inch, 14x10x2.5 Inch, 12x8x2.5 Inch)","3 pieces","Plates Bowls Crockery","Ireka Homes",,,1346.5292771271938,2215,,26.38719,39.20986531903808,0.14072505083930958,0.1732,0.06295,0.08299,0,1345.2329309213014
"2026-04-01","7P5W27NOBS",,"Larah by Borosil Vanam Opalware Dinner Set (10 Pieces, Crockery for Gifting and Dining)","10 pieces","Plates Bowls Crockery","Larah",,,816.6965764505278,1590,,59.18745,49.0021571874887,0.8192308596087097,0.84835,0.76248,0.56953,1.36891,807.1614943301105
"2026-04-01","IHVF1UJJ19",,"La Opala Novo Radiant Curve Full Plate (Set of 6)","6 pieces","Plates Bowls Crockery","La Opala",,,666.7004373177842,810,,3.6439,17.691304034841455,0.0020584888549524186,0.00345,0.00007,0.0001,0,668.6039417524479
"2026-04-01","KHMFWM7Q1F",,"Glass ideas Rose Donga (8.5 Inches, 1.2L)","2 pieces","Plates Bowls Crockery","Glass ideas",,,606.8297101449275,1199,,5.90043,49.388681389080276,0.00202864621229332,0.00209,0.00436,0.00575,0,304.3021448075398
"2026-04-01","BTEWRUDBEQ",,"Milton Venice Double Walled Inner Steel Casserole Set (3 Pieces, 450ml, 850ml, 1350ml, Marble Green)","3 pieces","Plates Bowls Crockery","Milton",,,1239,1545,,5.4517,19.805825242718445,0.00785275378000367,0.01276,0.0015,0.00198,0,413
"2026-04-01","RRP28YWZYT",,"Cello Ornella Toughened Glass Mixing Bowl (500ml, Microwave and Dishwasher Safe)","1 Piece","Plates Bowls Crockery","Cello",,,139,149,,20.65309,6.71140939597315,0.012178194329505275,0.023,0.31492,0.41513,0,139
"2026-04-01","9USMBS5MQ0",,"Castleite Melamine Bliss Non Breakable Tropicana Cabana Quarter Plate (7 Inch, Sea Green)","2 pieces","Plates Bowls Crockery","Castleite",,,204.06544770553094,499,,14.01859,59.07735032312306,0.03595755262060376,0.02906,0.01674,0.02207,0,102.96464419767176
"2026-04-01","I4KIMHR7E4",,"Home Centre Mandarin Monalisa Bone China Emily Bowls (Set of 3, 470ml each)","3 pieces","Plates Bowls Crockery","Home Centre",,,947.7179133597839,986.139295904762,,44.40746,3.8969342403860017,0.023081214716482355,0.0449,0.0202,0.02663,0,312.9294979021872
"2026-04-01","JP8FUX55HY",,"Sippin' Hollywood Themed Quirky Cool MDF Printed Coasters (9x9cm, 4 Pieces, Multicolor)","4 pieces","Plates Bowls Crockery","sippin",,,379,420,,0.30461,9.761904761904763,0,0,,,,379
"2026-04-01","6S2RX9TNG5",,"Ireka Homes Wooden Gardenia Oval Acacia Server (22x13cm, Beige and Yellow)","1 Piece","Plates Bowls Crockery","Ireka Homes",,,497.1741219581693,720,,16.02053,30.952789851380118,0.06352431257530625,0.08851,0.05427,0.06068,0.03415,495.54626581445024
"2026-04-01","OKU7CYPLDF",,"Sumeet Heavy Gauge Stainless Steel Big Size Apple Shape Serving Bowl/Wati (370ml Each, 10.5cm Dia, Set of 6)","6 pieces","Plates Bowls Crockery","Sumeet",,,551,1213.3548107916665,,61.24496,54.58486808999236,0.5034327475475018,0.46421,0.79443,1.04721,0,91.83333333333331
"2026-04-01","G8NXKO9ZCH",,"La Opala Diva Opal Glass Classique Collection Vegetable Bowl Set (6 Pieces, 200ml, White)","6 pieces","Plates Bowls Crockery","La opala",,,399,450,,0.32216,11.333333333333334,0,0,,,,66.5
"2026-04-01","CXXSMVD0I7",,"iVeo Trento Round 3 Part Plate (25cm, Red)","1 Piece","Plates Bowls Crockery","Iveo",,,281.39063137359227,383,,12.05307,26.529861260158672,0.0015295988084101462,0.00242,0.00117,0.00155,0,295.4107526940025
"2026-04-01","YPY5IADRFY",,"HomeStop Essential Prisma Ice Cream Bowl (Set of 6, 120ml)","6 pieces","Plates Bowls Crockery","HomeStop",,,579,895,,8.89571,35.3072625698324,0,0,0.00053,0.0007,0,96.5
"2026-04-01","3WLXI6L58F",,"Ireka Homes Wooden Signature Acacia 2-Tier Stand (35 x 27 cm, Brown)","1 Piece","Plates Bowls Crockery","Ireka Homes",,,869.6231319720724,1250,,39.04456,30.428897575188827,0.8174808173377376,1.15172,0.25334,0.20751,0.39737,869.7291402777863
"2026-04-01","CYSD9A5M1V",,"Cello Aurum Luxury Plastic Inner Stainless Steel Insulated Hot-Pot (1.5L, Grey)","1 Piece","Plates Bowls Crockery","Cello",,,598,598,,60.00649,0,0.02409521107836633,0.04883,,,,59799.99999999999
"2026-04-01","M04QO62WAW",,"Trisara Stainless Steel Dinner Set (8 Pieces, 2 Plates, 2 Spoons, 4 Vatis)","8 pieces","Plates Bowls Crockery","Trisara",,,499,996.9218015706806,,16.00612,49.94592362070823,0.01725209707007741,0.01762,0.00747,0.00984,0,62.375
"2026-04-01","LW9CZ03TUL",,"Magique by the Wishing Chair Ceramic Nysa Dessert Plates (4 Pieces)","4 pieces","Plates Bowls Crockery","The Wishing Chair",,,701.3843351548269,890,,2.74202,21.192771330918323,0,0,0.00006,0.00005,0.00012,175.34608378870672
"2026-04-01","NSIQ6GF8D2",,"Asian Plastic Casserole Inner Stainless Steel Set (3 Pieces, 600ml, 1L, 1.5L, Green)","3 pieces","Plates Bowls Crockery","Asian",,,565.6327407407407,789,,6.57401,28.31017227620523,0.008020482501518312,0.01162,0.00118,0.00156,0,188.02159316358436
"2026-04-01","Y9TUCUEEAO",,"Hawkins Die Cast Square Mini Casserole Cookware Set (3 Pieces, Kitchen Gift Pack, 23DGP, Red, Yellow, Grey)","3 pieces","Plates Bowls Crockery","Hawkins",,,1988.2755151803444,2704.440032125,,64.47115,26.501257865256903,0.6480094597554114,0.96793,0.68051,0.049,2.66523,1988.5275052775778
"2026-04-01","4NJYGXP2VP",,"Celebration Pinewooden Boat (85 inch)","10 pieces","Plates Bowls Crockery","Celebration",,,169,169,,1.46558,0,0,0,0.00095,0.00126,0,16.9
"2026-04-01","I2TDLOPUWP",,"Kitchen Essentials Mukta Vati (Set of 6)","6 pieces","Plates Bowls Crockery","Kitchen Essentials",,,156.67296778840694,260.4512986666666,,27.08417,39.77785033505375,0.02951393793083154,0.03598,0.06577,0.0867,0,162.99049514965705
"2026-04-01","AW445XN42I",,"Nayasa Boxy Tray Medium (24.5x35.5x3cm, Pink)","1 Piece","Plates Bowls Crockery","Nayasa",,,198.33552631578948,275,,5.32659,27.87799043062201,0.004792902674657996,0.00698,0.01767,0.0233,0,196.86905164041713
"2026-04-01","VCQHBYNKVX",,"Borosil Serving Mixing Glass Bowl with Lid Borosilicate Glass Multipurpose Bowl for Kitchen Dining Microwave Dishwasher Safe (900ml Each, Transparent, Pack of 2)","2 pieces","Plates Bowls Crockery","Borosil",,,782.3358429010602,1045,,6.04638,25.149617506547436,0.005311336904794161,0.00782,0.0006,0.0007,0.00026,38041.33834059144
"2026-04-01","93GLQNC8HV",,"Castleite Melamine Bliss Non Breakable Coastal Charm Quarter Plate (7 Inch, Multicolor)","1 Piece","Plates Bowls Crockery","Castleite",,,98.99791666666667,250.34096608333337,,48.63888,60.41316690416456,0.07463949890352393,0.06009,0.17108,0.22552,0,98.99998546177757
"2026-04-01","C3L2XKN1XI",,"Ellementry Amber Love Ceramic Pasta Bowl (Yellow and White)","1 Piece","Plates Bowls Crockery","Ellementry",,,758.1470872877601,921.7130803809523,,10.1924,17.74387187360973,0.015472429985954526,0.02599,0.03389,0.00378,0.12852,752.6702158042452
"2026-04-01","ONT4UP1R4U",,"Ireka Homes TrioBite Snack Bowl with Wooden Tray","1 pack","Plates Bowls Crockery","Ireka Homes",,,865.6192533377614,1425,,25.53543,39.248204176170944,0.1557208698607524,0.19196,0.01753,0.02311,0,866.8097530192315
"2026-04-01","0H7NKOKELV",,"CHUMBAK MDF Wood Marigold Casserole Set (800ml)","1 Piece","Plates Bowls Crockery","Chumbak",,,1305.886031972905,1995,,35.19269,34.542053535192736,0.06880689598498362,0.09163,0.01442,0.01901,0,1309.4044679830145
"2026-04-01","MZ26QT66IY",,"Selvel Elegance Royal Thermoware Casserole (1.7L, Coral Black)","1 Piece","Plates Bowls Crockery","Selvel",,,902.3037320248676,2999.0975121666665,,70.13576,69.94410044892533,1.2880467951601828,0.78182,0.53143,0.14025,1.76084,899.4494693978952
"2026-04-01","J378PZYAVA",,"CHUMBAK Wooden Country Coasters (Set of 6, Multicolor)","6 pieces","Plates Bowls Crockery","Chumbak",,,566.2072500520214,694.48816325,,23.61094,18.471288639054926,0.009841537192248706,0.01637,0.03314,0.04369,0,95.01468972718082
"2026-04-01","KIR7KL2R0G",,"Ireka Homes Wooden Signature Acacia Chopping Board or Serving Platter (32 x 20 cm, Blue and Brown)","1 Piece","Plates Bowls Crockery","Ireka Homes",,,456.82064762443434,625,,18.9144,26.914895134689452,0.0608090677523452,0.08997,0.0095,0.01252,0,456.4214300099118
"2026-04-01","1WOVNGLYW8",,"Chumbak Cheerful Marigold MDF Coaster Set","6 pieces","Plates Bowls Crockery","Chumbak",,,438.9395045432081,695,,17.9874,36.86668174880886,0.014887339926229422,0.01883,0.01503,0.01981,0,72.4038181865253
"2026-04-01","6221C7WGPQ",,"Nestasia Ceramic Mandala Snack Plate (Set of 2, 14 cm, Red and Green)","2 pieces","Plates Bowls Crockery","Nestasia",,,457.487171909077,643.4130229166668,,46.90785,29.029279633324006,0.10424100429675663,0.14642,0.08359,0.06263,0.14946,223.9827506581779
"2026-04-01","1TC5LZB86A",,"Nestasia Nitori Dots Bowl/Snack Bowl with Handle (700ml, Ceramic, White and Blue)","1 Piece","Plates Bowls Crockery","Nestasia",,,650,1015,,3.00752,35.960591133004925,0,0,,,,65000
"2026-04-01","3595LKR5UK",,"Nestasia Handmade Tray (Yellow)","1 Piece","Plates Bowls Crockery","Nestasia",,,1445.40625,1800,,20.32202,19.69965277777778,0,0,0.03289,0.03603,0.02304,144540.625
"2026-04-01","5CZODNXC5B",,"Trisara Stainless Steel Katoris / Dinner Vatis / Bowls (150 ml, Pack of 6)","6 pieces","Plates Bowls Crockery","Trisara",,,287.3486857024787,537.5454135909091,,34.64497,46.53979016293389,0.028996375018729224,0.0313,0.01411,0.0186,0,49.59846523830548
"2026-04-01","GB0PKHJOHH",,"Femora Borosilicate Microwave Safe Mixing Bowl (700ml, Transparent)","1 Piece","Plates Bowls Crockery","Femora",,,329.09805142861336,375,,16.97111,12.239322381651316,0.02292677359498381,0.04104,0.08772,0.00546,0.34623,32941.8145005804
"2026-04-01","HMEEUQ81EK",,"Home Centre Zyra Vista Square Bamboo Tray (30 x 30 x 6 cm)","1 Piece","Plates Bowls Crockery","Home Centre",,,960,999,,28.21261,3.903903903903904,0.06419544529087327,0.12502,0.04623,0.06094,0,960
"2026-04-01","OPT71CVH2O",,"Avias Platina Premium Double Wall Insulated Stainless Steel Casserole (1500ml, Silver, Steel Lid)","1 Piece","Plates Bowls Crockery","Avias",,,583.6623269207685,1174.7395556666668,,61.15004,50.35950433268463,0.35586893929007263,0.34974,0.14612,0.19261,0,582.6767731713314
"2026-04-01","32BZJ2SE8Y",,"Irida Naturals Unbreakable Wheat Straw Plates (4 Pieces, 8 inches, Multicolor)","4 pieces","Plates Bowls Crockery","Irida Naturals",,,507.9181324802649,999,,11.64371,49.162721842780314,0.02646911706156965,0.02679,0.01694,0.00103,0.06695,124.78972828186701
"2026-04-01","B841AGDGOQ",,"Home Centre Melina Leonard Melamine Printed Chip and Dip Platter (Set of 2)","2 pieces","Plates Bowls Crockery","Home Centre",,,765.0926830985011,799.996381,,59.59298,4.418314630413666,0.15145642157361974,0.29444,0.12971,0.17099,0,381.09964447650447
"2026-04-01","L1CJX8RYUL",,"Castleite Melamine Tulip Armena Trays with Handle for Serving Snacks/Tea, Aroma Series (Black)","3 pieces","Plates Bowls Crockery","castleite",,,686.5858185688472,1999,,24.63769,65.6522448673828,0.061685395864882094,0.04252,0.12678,0.16712,0,226.08272476367534
"2026-04-01","CMU14UGA7K",,"Nayasa Plastic Desire Insulated Stainless Steel Casserole (1800ml, Green)","1 Piece","Plates Bowls Crockery","Nayasa",,,497.4936440677966,709,,13.11819,29.831643996079464,0.0030890402594793906,0.00437,0.00066,0.00087,0,495.35642904730173
"2026-04-01","9LDVCOXKWW",,"Home Centre Bone China Mandarin Harvey Printed Bowls (470ml, Pack of 3, Multicolour)","3 pieces","Plates Bowls Crockery","Home Centre",,,959.078686516735,999,,9.27335,3.996127475802292,0.006528350368563384,0.0127,0.00208,0.00274,0,319.66834852840486
"2026-04-01","X7DZARKD5K",,"Exclusivelane 'Bowl Dancing' Warli Hand-Painted Ceramic Soup Dishes with Spoons Set (2 Pieces, 380ml, Red Mud, Brown)","2 pieces","Plates Bowls Crockery","ExclusiveLane",,,899,1575,,1.74334,42.92063492063492,0,0,0.00003,0.00001,0.00008,449.5
"2026-04-01","2PRDTQ8DM6",,"Embassy Stainless Steel Dinner Plates / Khumcha / Thali (27 cm, Pack of 6)","6 pieces","Plates Bowls Crockery","Embassy",,,1066.6599664991625,1823.3039004522614,,4.50922,41.49850903984888,0,0,0.00047,0.00061,0,177.77666108319377
"2026-04-01","BV9X7RUY1G",,"Castleite Melamine Hilton Tree Small Tray with Handle for Serving, Aroma Series (24 cm, Black)","1 Piece","Plates Bowls Crockery","castleite",,,149.26282967032967,498.2280435238095,,10.29595,70.04142004261891,0.02028689778195012,0.01228,0.03316,0.04371,0,149.47015294243624
"2026-04-01","8IS0GNLRDF",,"Judge by Prestige Classic Stainless Steel Bowls (Set of 6, 190ml each)","6 pieces","Plates Bowls Crockery","Prestige",,,376.42902867089384,449.64311433333336,,49.72653,16.26800780295168,0.034471519713885734,0.05856,0.34834,0.06475,1.23962,376.9033104232222
"2026-04-01","GB0FKZO629",,"Castleite Melamine Nantes Marble Print Serving Platter/Tray Plates with Sauce Dip (Black)","2 pieces","Plates Bowls Crockery","castleite",,,380,999,,3.35177,61.96196196196196,0,0,0.00033,0.00044,0,190
"2026-04-01","2AOG4M2S99",,"Femora Borosilicate Glass Microwave Safe All-Purpose Mixing Bowls (400ml, 2 Pieces, Transparent)","2 pieces","Plates Bowls Crockery","Femora",,,445.56696562032886,600,,9.6854,25.738839063278522,0.008190389518117559,0.01231,0.00325,0.00351,0.00242,222.3610285663748
"2026-04-01","UKW35SMM3R",,"Glass ideas Sapphire Bowl (5 Inches, 300ml each)","2 pieces","Plates Bowls Crockery","Glass ideas",,,139.05261017184472,199,,24.81504,30.124445706795424,0.01705496136492059,0.02414,0.06239,0.08216,0.00028,69.56311124986993
"2026-04-01","8CFGH9U433",,"Glass ideas Daisy Diamond Glass Bowls (300ml, 5 Inch, Pack of 6)","6 pieces","Plates Bowls Crockery","Glass ideas",,,293.9272462223127,399,,19.09209,26.316542459000477,0.032943663541543274,0.04936,0.09281,0.12234,0,294.85751704137317
"2026-04-01","SMTKN97DL2",,"Agaro Elite Glass Casserole (1000ml)","1 Piece","Plates Bowls Crockery","Agaro",,,475.32661779259485,629,,22.03061,24.455180736467177,0.03562666959725216,0.05355,0.00476,0.00627,0,468.01011901120205
"2026-04-01","OXTJB9O7LI",,"La Opala Diva Classique Collection Royal Iris Opalware Dinner Set (33 Pieces, White, Microwave Safe)","33 pieces","Plates Bowls Crockery","La opala",,,3485.0438695491425,3985.1168137222226,,24.56664,12.54851407243935,0.002900835564169456,0.00513,0.00369,0.00486,0,105.63695573055568
"2026-04-01","YLWZTWF52B",,"Nestasia Glass Ice Cream Dessert Bowls (Set of 6, 120ml, Transparent)","6 pieces","Plates Bowls Crockery","Nestasia",,,637.2520172626363,980,,40.90051,35.06460558822973,0.21074395020936781,0.27578,0.2692,0.16784,0.58777,105.48751243018822
"2026-04-01","X5LLR5RR6T",,"Cello Kidzbee Racers Plate (Car Shaped, Red, Kid-Friendly, Break-Resistant)","1 Piece","Plates Bowls Crockery","Cello",,,495,679,,20.77441,27.098674521354933,0.0046835522614107885,0.00692,0.00009,0.00011,0,495
"2026-04-01","U28UNYJCWN",,"Trisara Stainless Steel Halwa/Snacks Plate Plain (Size 5.5, Pack of 6)","6 pieces","Plates Bowls Crockery","Trisara",,,336.8854550111414,566.5675085416666,,12.22971,40.53793010699768,0.013332255065329396,0.01613,0.0187,0.02464,0,56.40989420089539
"2026-04-01","JB4LPOTVWN",,"Kitchen Essentials Stainless Steel Apple Vati (Size 5, Set of 6, Grade 304)","6 pieces","Plates Bowls Crockery","Kitchen Essentials",,,453.2857142857143,615,,0.41083,26.29500580720093,,,0.00026,0.00035,0,7554.761904761905
"2026-04-01","40ME597LGY",,"Birch & Co. Coaster Holder with 6 sets of Coasters (Pink Bloom)","6 pieces","Plates Bowls Crockery","Birch & Co",,,384.0455408521068,799,,10.87272,51.92467595581158,0.006671682185130442,0.00675,0.0003,0.0004,0,66.35063005645506
"2026-04-01","OOVMTIIBJM",,"Jaypee Plus Plastic Mixing Bowl Set (4 Pieces, 2.8L, 2L, 1.2L, 800ml, Multicolor, BPA Free)","4 pieces","Plates Bowls Crockery","Jaypee Plus",,,443.7171739019084,599,,19.99609,26.25038596088029,0.07300730239662886,0.1029,0.09504,0.12529,0,104.09610057276561
"2026-04-01","XCTTTOQ7DH",,"Cello Toughened Glass Ornella Mixing Bowl (1L, Transparent)","1 Piece","Plates Bowls Crockery","Cello",,,319,329,,4.74515,3.0395136778115504,0.0020691625008669866,0.00406,0.00297,0.00392,0,31899.999999999996
"2026-04-01","ZF5DEQ7RNH",,"Nestasia Snowman Bamboo Platter with Pack of 3 Ceramic Bowls (100ml, 110ml, 150ml, White)","1 pack","Plates Bowls Crockery","Nestasia",,,1141.6666666666667,1710,,1.57895,33.23586744639376,0,0,0.00002,0.00003,0,1141.6666666666667
"2026-04-01","DFGY2CHS21",,"Swastik Housewares Plastic Serving Tray Set (3 Pieces, Small, Medium and Large)","3 pieces","Plates Bowls Crockery","Soham Housewares",,,303.8934706558062,599,,16.30188,49.27503650336944,0.04523643619249881,0.04576,0.0726,0.09569,0,101.16699880010843
"2026-04-01","NAYNEM93R1",,"La Opala Novo Collection Opal Glass Dinner Set (12 Pieces, English Lavender)","12 pieces","Plates Bowls Crockery","La opala",,,945,1495,,8.63407,36.78929765886288,0,0,0.00009,0.00011,0,78.75
"2026-04-01","9HKWOOXEP6",,"Nayasa Tyson Plastic Insulated Steel Casserole (1.5L, Sand)","1 Piece","Plates Bowls Crockery","Nayasa",,,846.5276881105005,1025,,25.38183,17.41498020584146,0.02270132005372712,0.03796,0.02765,0.03583,0.00192,845.7362853332694
"2026-04-01","Z59V5FPZT6",,"Nestasia Ceramic Snack Bowls (Set of 4, 310ml, Multicoloured)","4 pieces","Plates Bowls Crockery","Nestasia",,,747.7935836997315,1500,,50.67249,50.20204997073169,0.30691088594552485,0.30609,0.32715,0.04799,1.20449,186.48783637129634
"2026-04-01","LCVSLRLV1T",,"Sumeet Stainless Steel Heavy Gauge Small Halwa Plates with Mirror Finish (13.5cm Dia, Set of 6, Silver)","6 pieces","Plates Bowls Crockery","Sumeet",,,446.571303002553,927.0450115833332,,11.85066,51.83022911421926,0.04015360244207979,0.0391,0.02068,0.01263,0.04597,74.44100087316815
"2026-04-01","NZPN7XBL62",,"Java Transparent Wave Pet Bowl (500ml, White)","1 Piece","Plates Bowls Crockery","Java",,,75.73360796128296,100,,22.07898,24.116189003965975,0.02521115165020984,0.03749,0.27636,0.3643,0,73.51938080870251
"2026-04-01","WS1QMVQVK2",,"Nayasa Plastic Kids BPA-Free Partition Plate (Red)","1 Piece","Plates Bowls Crockery","Nayasa",,,199,265,,8.72577,24.90566037735849,0,0,0.04793,0.06318,0,199
"2026-04-01","D2M370V7N7",,"La Opala Novo Opalware Radiant Curve Dinner Set (23 Pieces, White)","23 pieces","Plates Bowls Crockery","La Opala",,,1966.7419421917236,2695,,15.64195,27.019225016914664,0.08512210833917211,0.126,0.0035,0.00461,0,85.58826930288559
"2026-04-01","C0WA879OW2",,"Larah by Borosil Blue Strips Opalware Breakfast Set Mug with Bowl Set Microwave Dishwasher Safe (Mug 390ml, Snack Bowl 515ml, White)","4 pieces","Plates Bowls Crockery","Larah by Borosil",,,595.1908603794515,730,,30.4293,18.4670054274724,0.014840288752401943,0.02451,0.0025,0.00181,0.00466,149.0359829270553
"2026-04-01","JUJUS4ATYI",,"Agaro Borosilicate Glass Mixing Bowls with Lid (3 Pieces, 500ml, 800ml, 1.6L, Transparent)","3 pieces","Plates Bowls Crockery","Agaro",,,1000.467767988428,1494.9848577916666,,67.93637,33.080330911476025,0.478970711576888,0.65001,0.53809,0.7093,0,333.65350541721153
"2026-04-01","QXENE4AFH7",,"Nestasia Wooden Cart Platter (Green)","1 Piece","Plates Bowls Crockery","Nestasia",,,995,1250,,1.89775,20.4,0,0,0.03127,0.02189,0.06078,99500
"2026-04-01","8D17GMOZ3B",,"Nestasia Ceramic Chip and Dip Snack Plate (18.5 cm, White and Blue)","1 Piece","Plates Bowls Crockery","Nestasia",,,530.1823802528587,758.844806375,,47.95424,30.23851985233633,0.11296856138273796,0.15568,0.15416,0.11247,0.28517,517.1017772858777
"2026-04-01","QVH45F2UNS",,"Homestop Back to Earth Neem Wood Salad Bowl, 24x5 cm","1 Piece","Plates Bowls Crockery","HomeStop",,,1195,1195,,4.82595,0,0,0,0.00005,0.00007,0,119500
"2026-04-01","MZDA647IFR",,"Neelam Stainless Steel Buffet Plate (25cm, Silver)","1 Piece","Plates Bowls Crockery","Neelam",,,179.81641033450634,230.22639216666667,,41.7986,21.93696355411549,0.014986452352578988,0.02316,0.09769,0.12877,0,176.23901824347317
"2026-04-01","NX7GQFGQPU",,"Selvel Elegance Thermoware Casserole (1.7L, Emerald Green)","1 Piece","Plates Bowls Crockery","Selvel",,,745.5858914980486,2996.9608751250003,,68.32926,75.39305596792674,1.5807499692458749,0.769,0.67877,0.25198,2.02009,728.7537116193286
"2026-04-01","PQZP4ECER0",,"Larah by Borosil Vanam Opalware Veg Bowl Set (210ml, 2 Pieces, for Dining, Microwave Safe Crockery)","2 pieces","Plates Bowls Crockery","Larah",,,179,190.01475516666662,,61.09756,5.803171956275708,0.03054906375503619,0.05836,0.36479,0.48086,0,89.5
"2026-04-01","3GHE5CZF22",,"Birch & Co. Serving Tray with 4 Pieces Matching Coasters (Mandala)","4 pieces","Plates Bowls Crockery","Birch & Co.",,,601.4161529476158,1499.0008859583331,,50.21353,59.87104166009215,0.7301135402548622,0.60128,0.69836,0.92057,0,150.9435028548623
"2026-04-01","0FZY296WL6",,"Nestasia Ceramic Mandala Platter (27.5 cm, Pink and Green)","1 Piece","Plates Bowls Crockery","Nestasia",,,632.4824127261626,1145,,11.6116,44.7613613339596,0.006651641870352068,0.00686,0.01929,0.01499,0.03284,608.9471276921304
"2026-04-01","OGMBWBZ3BX",,"La Opala Diva Opal Glass Classique Collection Quarter Plates (6 Pieces, 190mm, White)","6 pieces","Plates Bowls Crockery","La Opala",,,,,,0,,0,0,,,,
"2026-04-01","7FGW0VSISY",,"Cello Tropical Lagoon Dazzle Series Opalware Dinner Set (35 Pieces, White, Light-Weight)","35 pieces","Plates Bowls Crockery","Cello",,,2310.022602573793,4295,,46.20731,46.2236146201193,0.15593085750690835,0.16819,0.0175,0.02306,0,65.3162883511384
"2026-04-01","72IT6WKQXF",,"Wonderchef Venice Stainless Steel Bowl Set (200ml, Set of 6, Silver)","6 pieces","Plates Bowls Crockery","Wonderchef",,,284.0663452740671,568.7487734299517,,49.31169,50.07813650778473,0.01860416482909219,0.01884,0.00765,0.01008,0,46.401105659980324
"2026-04-01","W38J7ISJ8N",,"Nestasia Ceramic Noodle Bowls (Set of 2, 450ml, Sage Green and Black)","2 pieces","Plates Bowls Crockery","Nestasia",,,958.5962032842368,1440,,22.74228,33.428267523533925,0.07423629648336341,0.09802,0.03452,0.03482,0.03358,470.58359248202174
"2026-04-01","Y0SRP4EL94",,"CLASSIC ESSENTIALS Stainless Steel Microwave Safe Mixing Bowl Set (500ml, 750ml, 1.25L, Set of 3, Purple)","3 pieces","Plates Bowls Crockery","Classic Essentials",,,345.7975084527208,1318.938068833333,,27.3259,73.59530966015805,0.9728089405947352,0.50782,0.40619,0.53524,0.00062,116.83829650783046
"2026-04-01","9COKLCQ6F3",,"Corelle Winter Frost White Soup Plate (Set of 2, 17cm each)","1 pack","Plates Bowls Crockery","Corelle",,,1166.5798049416471,1350.113314888889,,27.58612,13.593589025665556,0.028916867248141118,0.05063,0.01283,0.01691,0,1166.459036221507
"2026-04-01","YKTOSF6I8H",,"Sumeet Stainless Steel Round 5 in 1 Compartment Lunch / Dinner Plate (34cm Dia, Set of 2, Silver)","2 pieces","Plates Bowls Crockery","Sumeet",,,736.4349372235523,1454.6937846443516,,20.96804,49.375358574202174,0.0627847813940826,0.06386,0.07557,0.07912,0.06439,367.9575202624046
"2026-04-01","SR8TMKGBMT",,"Saaj Plastic Nova Mixing Bowl Set (3 Pieces, 850ml, 1.3L, 1.9L, Red)","3 pieces","Plates Bowls Crockery","saaj",,,139.74119933283842,175,,34.92321,20.09616938014701,0.03763157239312328,0.06067,0.29056,0.38301,0,46.69589400132795
"2026-04-01","ZUUPJEY0I4",,"Cello Dazzle Series Lush Fiesta Dinner Set (18 Pieces, Opalware, White)","18 pieces","Plates Bowls Crockery","Cello",,,1296.8963811733697,2099,,33.94472,38.21472078781584,0.1912732595956195,0.2393,0.03254,0.04114,0.00554,71.98864868773482
"2026-04-01","1WDYJ2HUYJ",,"Neelam Stainless Steel N.P. Thali Set (4 Pieces, 26cm, Silver)","4 pieces","Plates Bowls Crockery","Neelam",,,899.5391676216957,1148,,46.85469,21.693553561755426,0.03000862874454551,0.04072,0.15427,0.20336,0,190.8962564326853
"2026-04-01","MVAIO3W2MC",,"HomeStop Grace Lexa Dessert Bowls (Set of 2)","2 pieces","Plates Bowls Crockery","HomeStop",,,536.288531967722,793.0779794413409,,26.05086,32.377850733325374,0.011256339849700129,0.01543,0.02985,0.03935,0,268.5848092147011
"2026-04-01","366T9RG3SH",,"Borosil Serving Mixing Glass Bowl with Lid Borosilicate Glass Multipurpose Bowl for Kitchen Dining Microwave Dishwasher Safe (900ml, Transparent)","1 Piece","Plates Bowls Crockery","Borosil",,,429.20035994136947,530,,23.43599,18.968555753173572,0.014366509571500194,0.02353,0.0024,0.0029,0.00084,428.0706191241674
"2026-04-01","8IZ1GMD6PT",,"Eha Earth Friendly Rice Husk Biocomposite Multipurpose Bowls (4 Pieces, 750 ml)","4 pieces","Plates Bowls Crockery","Eha",,,499,689,,0.00869,27.576197387518143,0.000500354380933937,0.00073,0,0,0,124.75
"2026-04-01","FSZ0HBENY4",,"Irida Naturals Unbreakable Wheat Straw Serving Bowls (4 Pieces, 6 inch, Multicolor)","4 pieces","Plates Bowls Crockery","Irida Naturals",,,500.0788799945217,998.991687105263,,16.02566,50.16855034790398,0.21209884975199259,0.21151,0.05361,0.00379,0.21019,123.63027586620211
"2026-04-01","1D93FVPMYN",,"Kitchen Essentials Stainless Steel Apple Thali Full Dinner Plate Set (Size 12, Set of 4, Grade 304)","4 pieces","Plates Bowls Crockery","Kitchen Essentials",,,1663.590909090909,1949,,0.67189,14.643873314986712,,,0.00185,0.00244,0,41589.77272727273
"2026-04-01","J6O3QKX1JC",,"Cello Kidzbee Fossil Friends Opalglass Dinner Set for Kids (Set of 7, White)","7 pieces","Plates Bowls Crockery","Cello",,,956.6620817245818,1299,,28.46257,26.352950579485416,0.04480208415262843,0.06679,0.02957,0.03898,0,13649.67524136633
"2026-04-01","0RVNNWG58W",,"iVeo Melamine Octa Chatni Bowl (Set of 6, 80ml, Black)","6 pieces","Plates Bowls Crockery","Iveo",,,375,444,,1.02249,15.54054054054054,0,0,0.00013,0.00017,0,62.5
"2026-04-01","7R50XF2KLL",,"Signoraware BPA Free Plastic Katori (220ml x 6, Microwave and Dishwasher Safe, Yellow)","6 pieces","Plates Bowls Crockery","Signoraware",,,228.99460188933872,265,,34.05088,13.58688898384986,0.03159638803171463,0.05533,0.12624,0.12847,0.11922,3816.6129831221115
"2026-04-01","FUS7K2T57J",,"The Earth Store Solid Ceramic Snack Bowl Set (500ml, 2 Pieces, Mustard, Dishwasher and Microwave Safe)","2 pieces","Plates Bowls Crockery","The Earth Store",,,319.7316358024691,1099,,12.41386,70.90703950841954,0.006140396013995103,0.00375,0.00393,0.00249,0.00846,165.686445053188
"2026-04-01","M2L22DN8TU",,"Avias Avistar Premium Double Wall Insulated Stainless Steel Casserole (2500ml, Silver)","1 Piece","Plates Bowls Crockery","Avias",,,928.7050833333333,1947.9587501,,3.97821,52.32419150119799,0.001415891804993727,0.00129,0.00181,0.00238,0,890.70908912446
"2026-04-01","IY1Z15CR08",,"Nayasa Plastic Round Quarter Plate Set (Yellow)","6 pieces","Plates Bowls Crockery","Nayasa",,,399.5308817079464,525,,16.05737,23.899019924781353,0.0191554913150059,0.03006,0.05841,0.07699,0,66.75577216207085
"2026-04-01","6QY5PR8VUI",,"Nestasia Floral Metal Bowls for Dry Fruits & Chocolates (Set of 2, 11x15x3.5cm)","2 pieces","Plates Bowls Crockery","Nestasia",,,987.0983117440462,1530,,61.95906,35.486077355367364,0.07368801961056815,0.0951,0.21654,0.28544,0,979.3114992481956
"2026-04-01","9M76UU9WG3",,"Magique by The Wishing Chair River of Flowers Snack Plates (4 Pieces, 5.5 inches)","4 pieces","Plates Bowls Crockery","The Wishing Chair",,,985.5786516853933,1099,,9.98684,10.320413859381869,0.007580466894427954,0.01369,0.00046,0.0006,0,244.9295124623391
"2026-04-01","2523UJ44ZS",,"Selvel Elegance Thermoware Casserole (1.7L, White)","1 Piece","Plates Bowls Crockery","Selvel",,,915.653673852891,2999,,33.52636,69.46905746785892,0.13610053037469164,0.08268,0.17291,0.01896,0.65673,904.1893709599266
"2026-04-01","84O7Q2JIQF",,"Nestasia Ferris Wheel Snack Stand","1 Piece","Plates Bowls Crockery","Nestasia",,,1756.7925,2700,,3.62342,34.93361111111111,0.01274302624494354,0.01678,0.00558,0.00578,0.00494,1754.2065895372232
"2026-04-01","FSW4YO912J",,"Corelle Denham Katori/Bowl (Set of 2, 177ml each)","1 pack","Plates Bowls Crockery","Corelle",,,864.8581204121929,996.1131056111112,,33.29651,13.173026153027994,0.05108951508483442,0.08997,0.08451,0.1114,0,866.44386986675
"2026-04-01","Q14VCX0N9D",,"Neelam Stainless Steel Lazer Etching Prem Vati/Bowl (200ml, Silver)","1 Piece x 2","Plates Bowls Crockery","Neelam",,,162.5908655325573,188.8636096,,4.96559,13.910961525667396,,,0.63551,0.83772,0,162.5908655325573
"2026-04-01","C5PVPHGBRM",,"Ikea GARNITYREN Bowl Containers with Lid (Pack of 5, Mixed Colours)","5 pieces","Plates Bowls Crockery","IKEA",,,536.7553341541187,772.4872639583333,,70.92098,30.51277179698365,0.6227553956920348,0.86744,0.66748,0.87987,0,533.2370786539229
"2026-04-01","EG84AA0UT9",,"Neelam Stainless Steel Prem Vati (200ml, Silver)","4 pieces","Plates Bowls Crockery","Neelam",,,318.75960804989467,412.62894645833336,,46.78455,22.503678040009383,0.03707153272687113,0.06163,0.09619,0.12679,0,83.0685869629419
"2026-04-01","V6HX52ZR00",,"CLASSIC ESSENTIALS Stainless Steel Microwave Safe Mixing Bowl Set (500ml, 750ml, 1.25L, Set of 3, Red)","3 pieces","Plates Bowls Crockery","Classic Essentials",,,396.05558209361374,1357.1921539999998,,13.49645,70.87299039161441,0.18500260153556497,0.10275,0.03309,0.04362,0,130.18986960036077
"2026-04-01","LO9YOG3JQB",,"Eha Earth Friendly Rice Husk Biocomposite Husk Kids Bowls (4 Pieces, 400 ml)","4 pieces","Plates Bowls Crockery","Eha",,,450.2910416666667,700,,1.73071,35.67270833333333,0,0,0.00011,0.00014,0,112.57276041666667
"2026-04-01","3OY8GH8JAP",,"Nestasia Ceramic Bowls with Staircase Wooden Stand (Set of 4 Bowls 150ml + 1 Stand, White and Beige)","1 pack","Plates Bowls Crockery","Nestasia",,,1567.1378019798567,2430,,15.70514,35.508732428812486,0.05761721196487242,0.07411,0.17357,0.018,0.66248,1550.3741770300069
"2026-04-01","BR6TK3G58H",,"ExclusiveLane Ceramic 'The Serving Hut Goblets' Bowls (170 ml, Multicolored)","6 pieces","Plates Bowls Crockery","ExclusiveLane",,,941.5144500229045,2175,,13.51435,56.70971533706586,0.08291135665780575,0.07301,0.10997,0.00596,0.43685,156.81861487629143
"2026-04-01","CEM6BEYG72",,"Eha Earth Friendly Rice Husk Biocomposite Multipurpose Veg Bowls (Set of 4, 600ml)","4 pieces","Plates Bowls Crockery","Eha",,,498.9092592592593,689,,1.09199,27.58936730634844,0,0,0.00105,0.00138,0,124.72731481481482
"2026-04-01","9FULKBBXPI",,"Nestasia Snowflake Ceramic Snack Plates (Pack of 3)","3 pieces","Plates Bowls Crockery","Nestasia",,,1112.1758986928105,1800,,10.78093,38.212450072621635,0.003920931152290321,0.00503,0.00304,0.00401,0,379.1069566759063
"2026-04-01","DU85FC5B43",,"Borosil Stackable Serving Katori Bowls (Pack of 6)","6 pieces","Plates Bowls Crockery","Borosil",,,260,393.38,,9.73751,33.90614672835426,0,0,0.00004,0.00005,0,43.333333333333336
"2026-04-01","OFA8HGCEMQ",,"Home Centre Frostra Hernan Frosted Glass Partitioned Platter","1 pack","Plates Bowls Crockery","Home Centre",,,889,903.2604164999998,,40.03274,1.3838194820563918,0.5049133347165083,1.01183,0.01232,0.01624,0,889
"2026-04-01","LHCZD0Z8BP",,"iVeo Solid Idli/Pasta Plate (23 cm, Red)","2 pieces","Plates Bowls Crockery","Iveo",,,281.00864745011086,535.9769222439024,,5.88102,47.570756167327175,0.000972173096259539,0.0011,0.00243,0.0032,0,146.6598434677905
"2026-04-01","WTKKZ2QY7V",,"Cello Roti Plus Big Stainless Steel Double Walled Insulated Casserole (2.5L, Silver)","1 Piece","Plates Bowls Crockery","Cello",,,1140.7753321149748,1599,,25.34382,28.656952338025338,0.008127218960663991,0.0109,0.006,0.001,0.02174,1064.3750494651117
"2026-04-01","KTFPV2ABV7",,"Cello Dazzle Series Lush Fiesta Dinner Set (35 Pieces, Opalware, White)","35 pieces","Plates Bowls Crockery","Cello",,,2017.9494190809155,4294.420261291667,,47.56468,53.014968487974414,0.6135059191037819,0.57895,0.42325,0.5427,0.04787,57.83489774180531
"2026-04-01","LF7XVDCULI",,"Home Centre Niko Beacon Mango Wood Chip and Dip Platter (1 Chip Platter, 2 Dip Bowls, Brown)","1 pack","Plates Bowls Crockery","Home Centre",,,1249.1539682539683,1299,,40.32136,3.837345480714878,0.06885372932930264,0.13416,0.07142,0.09414,0,1249.201999057643
"2026-04-01","168WWLGWGI",,"Castleite Melamine Marvella Lazuli Dream Break Resistant Dinner Plate (11 Inch, White & Blue)","6 pieces","Plates Bowls Crockery","Castleite",,,1036.4343185774462,2499,,21.56014,58.52172154846658,0.03266135649857837,0.02752,0.01456,0.0192,0,173.1614903255951
"2026-04-01","OXA1SQW08M",,"Corelle Country Cottage Katori/Bowl (Set of 2, 177ml each)","2 pieces","Plates Bowls Crockery","Corelle",,,868.3451702568241,998,,37.7469,12.987365018459666,0.07753793834310033,0.13667,0.12497,0.16473,0,868.0208934652194
"2026-04-01","7RDRVPPNFE",,"Cello Midas Insulated Inner Steel Casserole For Roti (1500ml, White)","1 Piece","Plates Bowls Crockery","Cello",,,479.0386112793593,720,,5.3223,33.46685954453343,0.0033981403319849448,0.00458,0.0052,0.00685,0,479.12770709603234
"2026-04-01","2W9KU0TRRB",,"Nayasa Plastic Lorenzo Insulated Stainless Steel Casserole (2000ml, White)","1 Piece","Plates Bowls Crockery","Nayasa",,,748.0752303252303,969,,10.04286,22.799253836405533,0.004925125186293564,0.00772,0.00097,0.00127,0,748.9330758787995
"2026-04-01","ECH1JEO8L6",,"Neelam Stainless Steel Buffet Plate (25cm, Silver)","1 Piece x 2","Plates Bowls Crockery","Neelam",,,362.4601554677697,453.7731275634517,,2.79143,20.123045316938374,,,0.25072,0.33049,0,362.4601554677697
"2026-04-01","9ICMGTC2YB",,"Saaj Plastic Nova Mixing Bowl (850Ml, 1.3L, 1.9L, Orange)","3 pieces","Plates Bowls Crockery","saaj",,,149.00868986694917,175,,30.42267,14.851540116032997,0.01664021398081166,0.02873,0.08621,0.11364,0,49.6781628033291
"2026-04-01","M2C5DT54ZD",,"Nestasia Frill Metal Bowls for Dry Fruits & Chocolates (Set of 2, 4.5x12.5cm)","2 pieces","Plates Bowls Crockery","Nestasia",,,983.7243735769624,1530,,65.87811,35.71548844501807,0.017774887890382788,0.02273,0.12155,0.16023,0,959.49691790317
"2026-04-01","5XKRB7C7SN",,"Nestasia Ceramic Mandala Snack Bowl with Chopsticks (Set of 6 Bowls 250ml + 6 Pairs of Chopsticks, Multicoloured)","6 pieces","Plates Bowls Crockery","Nestasia",,,973.6095575581332,1614.9716486666666,,55.15038,39.925794478322324,1.136972010885386,1.38121,1.76015,0.43349,5.92959,16132.152062786316
"2026-04-01","GKLUWDVX2L",,"Embassy Stainless Steel Lotus Vati / Katori / Curry Bowl (150 ml, Pack of 6)","6 pieces","Plates Bowls Crockery","Embassy",,,346.50406787540675,572.4454971129709,,13.28466,39.468041593973204,0.002795188252566077,0.00358,0.00265,0.00349,0,57.9010530257566
"2026-04-01","9DYQRI6WCR",,"Trisara Stainless Steel Dinner Set (6 Pcs. - 1 Plate, 1 Snacks Plate, 1 Spoon, 1 Glass, 2 Vatis)","6 pieces","Plates Bowls Crockery","Trisara",,,543.9529516972605,743.2388427916667,,61.98528,27.247378475667333,0.16222961557355434,0.23173,0.42811,0.56433,0,87.45442682207813
"2026-04-01","OQI7B5M9J1",,"iVeo Solid Octa Nappy Bowl (450ml, Black)","2 pieces","Plates Bowls Crockery","Iveo",,,246.24264705882354,384,,5.52604,35.8743106617647,0.0011152870833181358,0.00152,0.00803,0.01058,0,128.15712074303406
"2026-04-01","GFAYNMQLRV",,"Corelle Denham Veg/Dessert Bowl (Set of 2, 296ml each)","2 pieces","Plates Bowls Crockery","Corelle",,,895.0010115606935,1050,,26.81659,14.76180860805861,0.015629267232046138,0.027,0.03172,0.04181,0,895.0000238484599
"2026-04-01","W2S4FJ0N9T",,"Stainless Steel Designer Glass (3.9 inch)","1 Piece","Plates Bowls Crockery","Unbranded",,,149,149,,0.35026,0,0,0,0.00004,0.00006,0,149
"2026-04-01","SNJ8AQ9HPS",,"Signoraware Glass Mixing Bowl Set (13x7cm, Set of 2, 500ml each)","2 pieces","Plates Bowls Crockery","Signoraware",,,366.5728004434901,499,,23.30248,26.541418076613663,0.0041662071788169264,0.00614,0.02323,0.03063,0,363.2131502583032
"2026-04-01","72XRYP1RNV",,"Kitchen Essentials Beggy China Plate, Set of 2 (1 Pack) & Kitchen Essentials Mukta Vati, Set of 6 (1Pack)","1 combo","Plates Bowls Crockery","Kitchen Essentials",,,316.621347516688,570.3691398601399,,8.7349,44.48834528559405,,,0.02357,0.03107,0,316.621347516688
"2026-04-01","6HB7C63JK7",,"Home Centre Zyra Vista Rectangular Bamboo Tray (35 x 24 x 5 cm)","1 Piece","Plates Bowls Crockery","Home Centre",,,1149.1580188679245,1199,,30.50358,4.156288928007996,0.030035857433103084,0.05833,0.02851,0.03758,0,1149.2720668566024
"2026-04-01","2W72O1I7AX",,"HomeStop Barton Pudding Set (7 Pieces, Transparent)","7 pieces","Plates Bowls Crockery","HomeStop",,,2426.504876893939,2995,,22.94204,18.98147322557799,0.006523775948885711,0.01072,0.00321,0.00424,0,346.9735304069055
"2026-04-01","YX3X8U633B",,"La Opala Opalware Diva Classique Vegetable Bowl Set (6 Pieces, 200ml, White, Plain)","6 pieces","Plates Bowls Crockery","La opala",,,450,450,,0.47868,0,0,0,0,0,0,75
"2026-04-01","8AZ5TTBU3P",,"Borosil Serving Mixing Glass Bowl Set Borosilicate Glass for Kitchen Dining Microwave Dishwasher Safe (350ml + 500ml + 900ml, Transparent, Pack of 3)","3 pieces","Plates Bowls Crockery","Borosil",,,999.2810172662137,1144.9175868749999,,77.03411,12.720578753138525,0.08812968036248724,0.15582,0.27225,0.34366,0.04784,333.041064655133
"2026-04-01","09NU9LAHVX",,"CHUMBAK Ceramic Saanjh Snack Platter Gift Box and Dip Bowls Set (3 Pieces, Ivory)","3 pieces","Plates Bowls Crockery","Chumbak",,,1299,2795,,5.68313,53.524150268336314,0,0,0.00161,0.00069,0.00452,433
"2026-04-01","LZEXPFB225",,"Wonderchef Venice Stainless Steel Dinner Set (16 Pieces, Silver)","16 pieces","Plates Bowls Crockery","Wonderchef",,,1180.82145737276,2599,,34.67829,54.46883545563326,0.3170358193282808,0.29736,0.0184,0.02426,0,75.57166379183731
"2026-04-01","G12MYOPA9C",,"Cello Nadir Square Glass Bowl (1.1L, 17cm, Stackable)","1 Piece","Plates Bowls Crockery","Cello",,,195,249,,2.06169,21.686746987951807,0.0007231939680891037,0.00115,0.00178,0.00235,0,195
"2026-04-01","M7LWF06C0M",,"Corelle Winter Frost White Divided Dish (Set of 2, 26cm each)","2 pieces","Plates Bowls Crockery","Corelle",,,1386.9161986161987,1650,,6.6243,15.944472811139475,0.017970934447997303,0.03061,0.00055,0.00073,0,1386.86734541633
"2026-04-01","2O0HJ6RDWM",,"Embassy Stainless Steel Mixing Bowl (2.1 L)","1 Piece","Plates Bowls Crockery","Embassy",,,307.3344477453869,406.42324127659583,,27.99135,24.351499875748168,0.09394224296624917,0.14409,0.12908,0.17015,0,308.64960314058675
"2026-04-01","HLEYOGJ1HB",,"iVeo Solid Round Quarter Plates (6 Pieces, 8 inch/20cm, Green)","6 pieces","Plates Bowls Crockery","Iveo",,,562.6649659863946,1127.96496585034,,9.19745,50.1168047748524,0.0008190389518117558,0.00088,0.00296,0.0039,0,98.12795338441893
"2026-04-01","FGBDLW55A1",,"Sumeet Stainless Steel Heavy Gauge Mirror Finish Dinner Set (3 Plates, 3 Small / Halwa Plates, 6 Bowls / Wati, 3 Glasses, 3 Spoons, Set of 18, Silver)","18 pieces","Plates Bowls Crockery","Sumeet",,,1296.8507610355448,2124.034951952381,,13.74268,38.95438117424175,0.067868268633027,0.08313,0.07444,0.07531,0.07174,72.12197941720375
"2026-04-01","9W01OKH9QZ",,"Milton New Orchid Casserole (1500ml, Pink)","1 Piece","Plates Bowls Crockery","Milton",,,371.1307608100712,475,,8.74655,21.86720825051132,0.0019554554974505673,0.00307,0.00486,0.00641,0,376.7633080355626
"2026-04-01","2S5NHAC8UB",,"Mad Over Print Be Kind and Wonderful Coaster Set (2 Pieces)","2 pieces","Plates Bowls Crockery","Mad Over Print",,,86.11588888888889,149,,3.70128,42.20410141685309,0,0,0,0,0,43.057944444444445
"2026-04-01","LWFRRELI9R",,"Glass Ideas Flory Big Bowl with Bowls Set (700ml Big Bowl, 100ml each Small Bowl, Set of 6)","7 pieces","Plates Bowls Crockery","Glass Ideas",,,285.2603809601134,399,,12.62452,28.55648232677659,0.012457669588860193,0.01801,0.0149,0.01955,0.00026,284.5997460320584
"2026-04-01","QXWNU4OL47",,"La Opala Diva Opal Glass Cosmo Collection Quarter Plates (6 Pieces, 190mm, White)","6 pieces","Plates Bowls Crockery","La Opala",,,439,540,,0.75912,18.703703703703702,0,0,0,0,0,73.16666666666669
"2026-04-01","RUEME6CYCD",,"Eha Earth-Friendly Multipurpose Bowl Set (600ml, Bamboo Fiber & Rice Husk, Multicolor)","4 pieces","Plates Bowls Crockery","Eha",,,466.6337209302326,689.536268255814,,1.1181,32.32644279747818,0,0,0.00004,0.00005,0,116.65843023255815
"2026-04-01","BC6ANSWN7V",,"Cello Kidzbee Pentameal Pixar Car Kids Meal Set (Melamine, Red)","5 pieces","Plates Bowls Crockery","Cello",,,592.3996078551075,1198.6094796666666,,33.38524,50.59710645952747,0.07037069402622208,0.06904,0.00834,0.011,0,116.29240702956459
"2026-04-01","HWU29MACEK",,"Exclusivelane Sheesham Wood 'Paints and Planks' Warli Hand-Painted Tray (13 inch, Brown)","1 Piece","Plates Bowls Crockery","ExclusiveLane",,,1087.2038618426886,2299,,4.14793,52.70970587896091,0.00500768257000012,0.00475,0.03295,0.00152,0.13175,1105.1264720011134
"2026-04-01","FLKOXKKDYU",,"La Opala Diva Opal Glass Ivory Collection Quarter Plates (6 Pieces, 190mm, Autumn Shadow, White)","6 pieces","Plates Bowls Crockery","La Opala",,,499,630,,0.70707,20.793650793650794,0,0,0,0,0,83.16666666666669
"2026-04-01","6IHGAZJJBH",,"Home Centre Caraway Somber Stoneware Bowls with Vented Lids (Set of 3)","3 pieces","Plates Bowls Crockery","Home Centre",,,695,1799,,9.19927,61.3674263479711,0.003918970686714176,0.00307,0.00152,0.002,0,695.0000000000001
"2026-04-01","W1KV4L4J8X",,"Chumbak Jaali Ceramic Gift Set (2 Mugs, 1 Bowl, Pink)","3 pieces","Plates Bowls Crockery","Chumbak",,,948.302616494941,1795,,33.54678,47.16922098922197,0.05604295810722786,0.06046,0.01144,0.00327,0.03712,316.3317170179775
"2026-04-01","CWHZX1XR3V",,"HomeStop Bella Ripple Mug and Bowl (350ml)","2 pieces","Plates Bowls Crockery","HomeStop",,,420,695,,11.54761,39.568345323741006,0.0013424832606425136,0.00164,0.00001,0.00002,0,210
"2026-04-01","262RQ7TT3H",,"BlackCarrot Stoneware Platter (Brown & White)","1 Piece","Plates Bowls Crockery","BLACKCARROT",,,926.8430372807018,1399,,24.41103,33.74837181864773,0.030809152188138112,0.04144,0.08552,0.01369,0.31127,928.0711768147803
"2026-04-01","OUSZSWAUTL",,"Attro Stainless Steel Dinner Set (Set of 6, Thali, Plate, Bowls, Glass and Spoon)","6 pieces","Plates Bowls Crockery","attro",,,270.0239035570698,499,,42.51585,45.8464129049767,0.17380289735806462,0.18923,0.21279,0.2805,0,272.7378088573654
"2026-04-01","B4RPYOH7IE",,"La Opala Novo Radiant Curve Pudding Set (Set of 7)","7 pieces","Plates Bowls Crockery","La Opala",,,455.7773692810458,540,,4.40045,15.596783466473,0.004116977709904837,0.00706,0.00273,0.0036,0,65.26931026607286
"2026-04-01","W2MFWAVDWA",,"Sumeet 22 Gauge Stainless Steel Traditional Dinner Plate / Thali (25.8cm, 1.5L Each, Set of 3, Silver)","3 pieces","Plates Bowls Crockery","Sumeet",,,657.4356030067775,1226.293748875,,32.75785,46.42881832001913,0.24141783027275202,0.25961,0.19501,0.18935,0.21281,218.55912008174457
"2026-04-01","ZRO28DZMIG",,"Larah by Borosil Meadow Opalware Dinner Set (6 Pieces, 3 Full Plates, 3 Veg Bowls 210ml each, Crockery for Gifting and Dining)","6 pieces","Plates Bowls Crockery","Larah",,,544.1143756957505,850,,68.27466,35.93564073136257,0.3716668065616672,0.48226,1.19117,0.60718,3.02653,545.2653849505875
"2026-04-01","LBFADI72K6",,"Sumeet Heavy Gauge Stainless Steel Apple Bowl/Wati/Katori (200ml Each, 8.8cm Dia, Mirror Finish, Pack of 6)","6 pieces","Plates Bowls Crockery","Sumeet",,,344.61290783290286,915.5668685833333,,68.50662,63.98019486024648,1.8689425476998742,1.36422,3.43259,4.5248,0,54.58644130356058
"2026-04-01","ITP92TC2TU",,"Classic Essentials Stainless Steel Dinner Set (32 Pieces, Silver, Permanent Laser-Glory)","32 pieces","Plates Bowls Crockery","Classic Essentials",,,1078.0831291046472,3397.103498916666,,58.39082,69.66906263404711,3.8640024994016917,2.31215,0.52064,0.68586,0.00136,32.0272062517904
"2026-04-01","KJIV1Q5RP4",,"CHUMBAK Suzani Ceramic Blossom Plates (4 Pieces, Multicolor)","4 pieces","Plates Bowls Crockery","Chumbak",,,1202.0642956349204,2595,,18.54595,53.67767646878919,0.058411418352719666,0.0547,0.03127,0.03662,0.01444,299.7559583084879
"2026-04-01","YFWXIL3AID",,"iVeo Solid Round Soup Bowl Set (6 Pieces, 300ml, 4.5 inch, Red)","6 pieces","Plates Bowls Crockery","Iveo",,,368.5064935064935,696,,0.79275,47.053664726078516,0,0,0.00004,0.00005,0,61.41774891774891
"2026-04-01","CG5Z85AGBK",,"Glass ideas Aster Pudding Set (Pack of 5, 1U Big Bowl 700ml, 4U Small Bow 150ml each)","5 pieces","Plates Bowls Crockery","Glass ideas",,,236.58683088750266,348.29661887500004,,54.13052,32.091042830445225,0.1818904713481888,0.2502,0.77047,1.0139,0.00541,47.35831322956312
"2026-04-01","03K0EKOB5U",,"Signoraware BPA Free Plastic Stack Thali 5 in 1 (Set of 3, Microwave Safe and Durable , White)","3 pieces","Plates Bowls Crockery","Signoraware",,,499.09314774286906,599,,28.06292,16.679026194808777,0.01826870738606291,0.03084,0.4159,0.04016,1.59675,166.37514355182898
"2026-04-01","86259WLCOY",,"Glass ideas Hybrid Bowls (200ml, 3.5 Inches, 6 Pieces, Pale Pink)","6 pieces","Plates Bowls Crockery","Glass ideas",,,299.25408668730654,552.4677502575107,,16.04576,45.83049373385674,0.026897369875203143,0.02947,0.01156,0.01523,0.00001,49.83412024709958
"2026-04-01","YM5YHDUY12",,"Ikea MATA Kids Eating Set (Set of 4, Bright Green)","1 pack","Plates Bowls Crockery","IKEA",,,226.29065496264357,341.9015184745763,,10.11095,33.7402531046099,0.0128637037926307,0.01552,0.00148,0.00195,0,231.1348422160831
"2026-04-01","I06AIG5QLY",,"Judge by Prestige Classic Stainless Steel Dinner Set (Set of 16)","1 pack","Plates Bowls Crockery","Prestige",,,1618.9100929955255,2244.841698458333,,45.94092,27.872148353535525,0.15648632275348287,0.22783,0.55471,0.04345,2.16151,1635.9198353508298
"2026-04-01","8DX4DQVJP5",,"Cello Opalware Twilight Floral Mixing Bowl Set with Lids (3 Pieces, 500ml, 1L, 1.5L)","3 pieces","Plates Bowls Crockery","Cello",,,776.5629208093494,1049,,8.03094,25.971122897106827,0.011653878702640678,0.01752,0.00089,0.00118,0,259.32132764677374
"2026-04-01","WLSJQH0ZRA",,"Cello Melmoware Kids Meal (Crocodile Design, Yellow and Green)","4 pieces","Plates Bowls Crockery","Cello",,,362.5778971568946,683,,10.68763,46.913924281567404,0.003967982326117805,0.00379,0.00096,0.00126,0,81.60836740113614
"2026-04-01","ANXB67PBL4",,"Eha Earth Friendly Rice Husk Biocomposite Square Plates (4 Pieces, 9 inch)","4 pieces","Plates Bowls Crockery","Eha",,,513.5586367880486,858,,2.27021,40.14468102703397,0.0009344885912958597,0.00111,0,0,0,126.60204189270645
"2026-04-01","CGML44NCY1",,"Embassy Stainless Steel Mixing Bowl (2.6L, Silver)","1 Piece","Plates Bowls Crockery","Embassy",,,366.8880453078517,457.39734223175975,,38.78663,19.78264999040366,0.05539469749004919,0.09016,0.20619,0.2718,0,366.8477073165524
"2026-04-01","68MIPBDCE8",,"Nayasa Plastic Tyson Insulated Steel Casserole (2000ml, Sand)","1 Piece","Plates Bowls Crockery","Nayasa",,,995.6441241149238,1225,,18.23461,18.722928643679694,0.017344021122647775,0.02855,0.00813,0.01072,0,995.0188772758731
"2026-04-01","CN32W93GT0",,"CHUMBAK Take the Scenic Route Foldable Breakfast Tray (56cm, Black)","1 Piece","Plates Bowls Crockery","Chumbak",,,2401.062515432099,2994.8272391666665,,26.25175,19.826343101506815,0.043493146636288844,0.0706,0.00407,0.00537,0,2399.0184358005804
"2026-04-01","970Z9AN6V5",,"Eha Earth Friendly Rice Husk Biocomposite Mixing Bowls with Lid (2 Pieces, 2900ml + 1600ml)","2 pieces","Plates Bowls Crockery","Eha",,,737.9711404517271,1908.2315331284917,,9.22578,61.326960191154356,0.006894303942777148,0.00682,0.00269,0.00354,0,458.8082461549725
"2026-04-01","MIAV2UHKJS",,"Embassy Stainless Steel Deep Dinner Plate / Chapti Beeding Khumcha (26 cm)","1 Piece","Plates Bowls Crockery","Embassy",,,200.04832335159756,327.7592626451613,,22.11776,38.948261915650576,0.025539420719459926,0.03122,0.03056,0.04028,0,203.27138197433456
"2026-04-01","RX56Y5NURZ",,"Nestasia Ceramic Soup Bowls (Set of 6, 280ml, White and Blue)","6 pieces","Plates Bowls Crockery","Nestasia",,,1028.8816343746569,1501.2994328571426,,47.04276,31.449471110573757,0.07095796238103178,0.09933,0.17563,0.04077,0.59948,172.40647211920813
"2026-04-01","D4TAUW8IDO",,"Pure Home + Living Ribbed Side Bowls (Pack of 2, Green)","2 pieces","Plates Bowls Crockery","Pure Home + Living",,,1369.6122350812323,1599,,17.03129,14.345701370779716,0,0,0.10835,0.01136,0.41318,68480.61175406164
"2026-04-01","07ZW64GCMJ",,"Java Plastic Plate with Bowl Set (8 Pieces, 12 Inch, 4 Plates and 4 Bowls, Blue)","8 pieces","Plates Bowls Crockery","Java",,,399,850.0710779583334,,28.71691,53.06269206576198,0.04443438794234699,0.04227,0.09371,0.12353,0,49.87499999999999
"2026-04-01","VDTUPJZO4C",,"Anwaliya Ceramic Zenform Dinnerware Spiral Edition Dinner Bowls (4 Inches, Brown)","2 pieces","Plates Bowls Crockery","Anwaliya",,,186.0215416767141,499,,16.9972,62.721133932522214,0.007271584651430863,0.00507,0.05309,0.05175,0.0573,8581.69381343035
"2026-04-01","6SQB6N38Z2",,"Nestasia Ceramic Abstract Round Serving Bowl with Handle (700ml, White and Blue)","1 Piece","Plates Bowls Crockery","Nestasia",,,635.2392828584876,1015.6077007083334,,62.94285,37.57488572486151,0.368596281810407,0.46495,0.56722,0.40278,1.08401,632.4031708436083
"2026-04-01","K9XACV9DB9",,"Nestasia Santa Snowman Reindeer Bamboo Platter with Ceramic Bowls (Pack of 4)","1 pack","Plates Bowls Crockery","Nestasia",,,1167.5170454545455,1800,,1.76639,35.13794191919192,0,0,0.00173,0.00228,0,291.8792613636364
"2026-04-01","PE2HEEV0UM",,"Home Centre Haze Dietes Wooden Chip n Dip Set (Set of 3)","3 pieces","Plates Bowls Crockery","Home Centre",,,1337.8562090933933,1494.1608827222224,,27.6124,10.46480024400673,0.015782183546985462,0.02846,0.00221,0.00291,0,1333.8237434813473
"2026-04-01","6O7IM8M8PN",,"Ireka Homes Wooden Fostera Enamel Serving Bowl (1.2L, Acacia Wood, Blue, Brown)","1 Piece","Plates Bowls Crockery","Ireka Homes",,,776.6149691358024,1125,,15.04585,30.966678619606242,0.031579832989071625,0.04426,0.00765,0.01009,0,778.031064092738
"2026-04-01","1MLIRON01K",,"Home Centre Vamos Louisa Glass Bowls with Bamboo Tray Set","1 pack","Plates Bowls Crockery","Home Centre",,,789.0233222868271,799,,31.03657,1.2486933724335227,0.015663684294382908,0.03135,0.00572,0.00754,0,789.0324339082665
"2026-04-01","KF9Z7OUHYP",,"Larah by Borosil Opalware Serving Mixing Bowl with Lid Microwave Dishwasher Safe Crockery for Dining Gifting (500ml + 750ml + 1L, White, Pack of 3)","3 pieces","Plates Bowls Crockery","Larah by Borosil",,,629.0157632588264,840.3521590833333,,75.93369,25.166486876758842,0.6947484838972712,1.05433,1.14219,1.50562,0,209.67726156903086
"2026-04-01","NN5I1CSKDQ",,"Sumeet Stainless Steel Round 4 in 1 Compartment Lunch / Dinner Plate (32.5cm Dia, Set of 4, Silver)","4 pieces","Plates Bowls Crockery","Sumeet",,,1421.1826725403819,2360,,25.26054,39.78039523133975,0.0479813058286105,0.05834,0.00393,0.00193,0.01022,354.04737212927984
"2026-04-01","75413TZ1KR",,"Eha Earth-Friendly Multipurpose Bowl Set (600ml, Bamboo Fiber & Rice Husk, Tortilla)","2 pieces","Plates Bowls Crockery","Eha",,,295,438,,0.01348,32.64840182648402,0,0,0,0,0,147.5
"2026-04-01","3MNZFPNR8Z",,"ExclusiveLane Ceramic 'The Hut' Coasters (Multicolored)","4 pieces","Plates Bowls Crockery","ExclusiveLane",,,714.4561481481481,1460,,5.92947,51.06464738711314,0,0,0.00139,0.00025,0.00498,178.61403703703704
"2026-04-01","DR4UH06QK5",,"Nestasia Hugs and Kisses Ceramic Snack Plate","2 pieces","Plates Bowls Crockery","Nestasia",,,866.6121251629726,1800,,3.51314,51.85488193539042,0,0,0.0041,0.0054,0,43330.606258148626
"2026-04-01","O4I0NQSFYS",,"Castleite Melamine Orleans Marble Print Serving Platter/Tray Plates for Serving Snacks (Black)","2 pieces","Plates Bowls Crockery","castleite",,,309.94128884946446,799,,15.34665,61.22339084275447,0.035968226266518334,0.02745,0.01205,0.01589,0,147.44832392377583
"2026-04-01","ACGSTGIBOJ",,"The Earth Store White Matte Brown 4 Pieces Ceramic Dinner Set (2 Plates & 2 Bowls, White and Brown)","4 pieces","Plates Bowls Crockery","The Earth Store",,,1080,2199,,2.02279,50.886766712141885,0.003991725742540008,0.00397,0,0,0,270
"2026-04-01","SX7HQ0MT1O",,"Sumeet Square Stainless Steel Heavy Gauge Mirror Finish Dinner Set (1 Plate - 900ml, 1 Halwa Plate - 100ml, 1 Bowl - 160ml, 1 Glass - 300ml, 1 Spoon, Set of 5, Silver)","5 pieces","Plates Bowls Crockery","Sumeet",,,900.4619725751303,2358.9395135833333,,22.37775,61.84779203778718,0.30921530431552924,0.23746,0.04626,0.03415,0.08433,179.85671167322815
"2026-04-01","PC5YU727TP",,"Kitchen Essentials Beggy China Plate, Set of 2 (1 Pack) & Kitchen Essentials Thumbsup Glass ,Set of 4 (1 Pack)","1 combo","Plates Bowls Crockery","Kitchen Essentials",,,329.02199296473066,580,,15.27717,43.272070178494715,,,0.00886,0.01167,0,329.02199296473066
"2026-04-01","P6WA2BY0I4",,"Nestasia Hearty Half Plate (15cm, Red)","2 pieces","Plates Bowls Crockery","Nestasia",,,535.5157407407407,1080,,1.39442,50.41520919067215,0,0,0.00107,0.0014,0,26775.787037037036
"2026-04-01","1V1T921Z00",,"Femora Borosilicate Glass Microwave Safe All-Purpose Mixing Bowls (400ml, 700ml, 2 Pieces, Transparent)","2 pieces","Plates Bowls Crockery","Femora",,,532.7869018224574,675,,25.8168,21.068607137413718,0.004165989349308466,0.00662,0.00139,0.00171,0.00036,26458.531193091894
"2026-04-01","KIR86DCPKC",,"Birch & Co. Coaster Holder with 6 sets of Coasters (Heritage)","6 pieces","Plates Bowls Crockery","Birch & Co",,,384.2605640766643,798.5855065714285,,15.73944,51.91328404465556,0.04408978165996235,0.04174,0.00199,0.00262,0,62.71605303282653
"2026-04-01","Q2W4OIFDUM",,"Castleite Melamine Bliss Non Breakable Tropicana Cabana Quarter Plate (7 Inch, Sea Green)","6 pieces","Plates Bowls Crockery","Castleite",,,501.5007716049383,1349,,9.01947,62.82425710860355,0.008815995866416326,0.00661,0.00003,0.00004,0,83.1810141801775
"2026-04-01","1LGO649G9C",,"Hawkins Die Cast Aluminum Square Mini Casserole with Glass Lid (750ml, Grey, MCSG75)","1 Piece","Plates Bowls Crockery","Hawkins",,,799.2276190476191,898.5842078333334,,21.40268,11.337201688914174,0.09278469695828968,0.16266,0.01232,0.01624,0,799.7068883722475
"2026-04-01","VNBZETUASX",,"HomeStop Essential Borosilicate Glass Round Mixing Bowl (Set of 3, Transparent)","3 pieces","Plates Bowls Crockery","HomeStop",,,1126.573444741533,1695,,29.95587,33.54136907652928,0.03446062823846271,0.04625,0.03084,0.04065,0,374.20284895915523
"2026-04-01","HQCRW8YNGW",,"Home Centre Velto Stoneware Triangle Dip Bowls (Set of 3, 90ml)","3 pieces","Plates Bowls Crockery","Home Centre",,,390,399,,31.57337,2.255639097744361,0.02650876203210948,0.05251,0.02758,0.03636,0,130
"2026-04-01","0K5OCPR0EL",,"Sumeet Stainless Steel 3 in 1 Idli Wada Compartment Plate / Snack Plate / Breakfast Plate (21.7cm Dia, Set of 2, Silver)","2 pieces","Plates Bowls Crockery","Sumeet",,,389.1043079491277,922.6748991666667,,18.65612,57.816635754819146,0.06256782320365588,0.05329,0.03818,0.031,0.06074,196.93665456497357
"2026-04-01","3FSMQTOFC0",,"The Earth Store Brown Spiral Snack Bowl (500 ml, White and Brown)","2 pieces","Plates Bowls Crockery","The Earth Store",,,442.89371056126436,1099,,40.8953,60.210408301571334,0.4153165726145391,0.32301,0.39419,0.09119,1.34644,214.26100338475663
"2026-04-01","10Z1W4SKA4",,"Femora Ceramic Bowl Set (450ml, 2 Pieces, 5 inch, Grey, Microwave Safe)","2 pieces","Plates Bowls Crockery","Femora",,,286.6923076923077,430,,0.32286,33.32737030411449,0,0,0.00008,0.00011,0,143.34615384615384
"2026-04-01","XBQON7E75H",,"Cello Melamine Kidzbee Cone Bowl Set for Kids (200ml, Bamboo Buddies, Peach)","3 pieces","Plates Bowls Crockery","Cello",,,192.96963276836158,229.55271508474576,,4.19243,15.936680297106706,0.0002494147871873565,0.00043,0.00044,0.00058,0,64.58763625932302
"2026-04-01","7HQJ5TI5LI",,"Femora Porcelain Bowls (Exquisite Mandala Core Pattern)","2 pieces","Plates Bowls Crockery","Femmora",,,356.82255979314806,600,,6.7017,40.52957336780866,0.01012471555324745,0.01217,0.07159,0.01503,0.24937,17795.46319635939
"2026-04-01","1FGFYN0QDT",,"CHUMBAK Ikat Paisley Ice Cream Bowls Gift Set (160ml)","6 pieces","Plates Bowls Crockery","Chumbak",,,991.7412103659823,1599,,26.9232,37.977410233522065,0.020318047401659982,0.02732,0.01213,0.00814,0.0247,176.62212621823477
"2026-04-01","EAK4U22R74",,"Cello Dazzle Tropical Lagoon Opalglass Full Dinner Plate (Set of 6, 10 Inch, White)","6 pieces","Plates Bowls Crockery","Cello",,,666.5822072072071,799,,9.98302,16.57294027444216,0.004641075507260976,0.00782,0.0032,0.00422,0,11080.902379726085
"2026-04-01","D3M63KC152",,"Eha Earth Friendly Rice Husk Biocomposite Kids 3 Partition Plates (2 Pieces, 8 inch)","2 pieces","Plates Bowls Crockery","Eha",,,367.9403099258137,993,,20.85888,62.818889706449994,0.08206225723382642,0.06596,0.01812,0.02389,0,193.30749053122918
"2026-04-01","VPTVDCHU5H",,"Trisara Stainless Steel Dinner Set (6 Pcs. - 2 Plates, 2 Spoons, 2 Vatis)","6 pieces","Plates Bowls Crockery","Trisara",,,519.5192874720739,859.6378943859648,,12.28108,39.5653343268256,0.010243214805850002,0.01198,0.00082,0.00108,0,82.56905068787019
"2026-04-01","WRWX1B7SM5",,"Ikea KLIPPKAKTUS Storage Turntable","1 Piece","Plates Bowls Crockery","IKEA",,,700.2592592592592,1038,,7.62914,32.53764361664169,0,0,0.00295,0.00388,0,70025.92592592593
"2026-04-01","ZI2GPGPMSJ",,"HomeStop Melora Pasta Plate (22.8cm, White with Platinum edge finish)","1 Piece","Plates Bowls Crockery","HomeStop",,,706.3409090909091,999,,1.3413,29.295204295204297,0,0,0,0,0,706.3409090909091
"2026-04-01","SUZILAIPMA",,"Birch & Co. Serving Tray with 4 Pieces Matching Coasters (Green, Royal Gaja)","4 pieces","Plates Bowls Crockery","Birch & Co.",,,616.3552440122747,1499,,23.93785,58.88028524698231,0.14585297529797997,0.11881,0.0251,0.03309,0,153.11464873778417
"2026-04-01","BOSSO8NSGA",,"Cello Opalware Dazzle Series Lush Fiesta Pudding Set (790ml, 180ml, White)","7 pieces","Plates Bowls Crockery","Cello",,,456.58526822259955,541.7884816666668,,76.2453,15.69130889526583,0.3095655741651339,0.53022,0.47014,0.58854,0.09804,65.39783498393477
"2026-04-01","0QADFT9QS2",,"Femora Borosilicate Microwave Safe Mixing Bowl (1050ml, Transparent)","1 Piece","Plates Bowls Crockery","Femora",,,365.01155462184875,420,,10.5839,13.09248699479792,0.006605462014558428,0.01163,0.00745,0.00794,0.00591,365.00084578950606
"2026-04-01","93L2EW7GK7",,"Home Centre Niko Stoneware Pudding Set (4 Pieces)","4 pieces","Plates Bowls Crockery","Home Centre",,,1249.0189692307692,1299,,23.51972,3.847722473309621,0.047631907297039734,0.09281,0.00224,0.00296,0,312.25003233156474
"2026-04-01","IXOI3XN34I",,"HomeStop Grace Tessa Dessert Bowls (Set of 2)","2 pieces","Plates Bowls Crockery","HomeStop",,,536.8008874458875,795,,23.73997,32.47660105595938,0.021358183304559217,0.02918,0.03276,0.04318,0,267.9875945300561
"2026-04-01","JF4LDTTKR2",,"Dynore Stainless Steel 2 in 1 Two Compartment Nasta or Dinner Plate (Set of 6)","6 pieces","Plates Bowls Crockery","Dynore",,,432.4009259837385,798.5639883653846,,11.07611,45.86343438251378,0.020013521748832103,0.02151,0.01475,0.01945,0,70.96553229290289
"2026-04-01","Y6J6YG6COA",,"Home Centre Jalsa Melamine Platter with Dips (Set of 3)","3 pieces","Plates Bowls Crockery","Home Centre",,,295,299,,19.7362,1.3377926421404742,0.05786227016189058,0.11567,0.04362,0.0575,0,294.99999999999994
"2026-04-01","YQDW9DJXZP",,"Magique by the Wishing Chair Ceramic Kalahari Bowls and Platter Gift Box Set (3 Pieces)","3 pieces","Plates Bowls Crockery","The Wishing Chair",,,1066.5848484848486,1191.8029673888886,,7.92894,10.506612446047141,0.0008641296600630945,0.00156,0.00065,0.00085,0,353.7905001026419
"2026-04-01","V8OXVAUTWT",,"Heart Home Nested Serving Trays, Wooden Damask Blue Design Farmhouse Platter, Rectangular Shape Coffee Table Trays with Handle (Brown, Pack of 3)","3 pieces","Plates Bowls Crockery","Heart Home",,,849,2099,,34.73851,59.55216769890423,0.08001618466085626,0.06559,0.04785,0.06308,0,282.99999999999994
"2026-04-01","BHAVR73IS6",,"Neelam Stainless Steel Thali Set (4 Pieces, Silver)","4 pieces","Plates Bowls Crockery","Neelam",,,665.9513210910426,889.3985254166668,,52.97692,25.117405748674788,0.0244666103902916,0.03503,0.1204,0.1587,0,163.43859266188943
"2026-04-01","RV9D8CNRBJ",,"Corelle Winter Frost White Veg/Dessert Bowl (Set of 2, 296ml each)","1 pack","Plates Bowls Crockery","Corelle",,,866.7396053558845,998,,16.68466,13.152344152716987,0.00289865726908485,0.00507,0.00267,0.00353,0,862.0973626449072
"2026-04-01","U4CHKX1ID8",,"Glass ideas Cake and Dessert Plate Set (14.5cm)","6 pieces","Plates Bowls Crockery","Glass ideas",,,199,349,,0.35028,42.97994269340974,0,0,0,0,0,33.16666666666666
"2026-04-01","H2SIG3DZJ0",,"HAZEL Steel Parat Big Size Flour and Dough Kneading Plate (39cm, 4700ml)","1 Piece","Plates Bowls Crockery","Hazel",,,395.590099009901,1419,,4.18437,72.12190986540514,0.011333669325203632,0.00637,0.00092,0.00121,0,39335.61608300908
"2026-04-01","IL5G2USJEI",,"Nayasa Round Deluxe Plastic Full Plates (Set of 6, White)","6 pieces","Plates Bowls Crockery","Nayasa",,,850.6308800780199,1325,,17.82592,35.801443012979625,0.013469923314676472,0.01745,0.00642,0.00651,0.00615,143.24213972111147
"2026-04-01","QJNFV685IB",,"Kitchen Essentials Stainless Steel Apple Vati (Size 5, Set of 4, Grade 304)","4 pieces","Plates Bowls Crockery","Kitchen Essentials",,,329,410,,0.44818,19.75609756097561,0,0,0.00027,0.00035,0,8225
"2026-04-01","IKGMG1A1ZH",,"Birch & Co. Coasters (Set of 4, The Royal Mayur)","4 pieces","Plates Bowls Crockery","Birch & Co",,,56.85866419448084,149,,39.25311,61.89157164617442,0.030630314161691992,0.02335,0.01709,0.02253,0,56.459662696249254
"2026-04-01","CTMC5T2YT0",,"BlackCarrot Red & White Stoneware Chip & Dip Platter (9 Inch)","1 Piece","Plates Bowls Crockery","BLACKCARROT",,,846.6011650001234,1399,,15.72896,39.487517877313195,0.02336352175944726,0.02859,0.03855,0.00595,0.14103,844.9049161401101
"2026-04-01","10KQ7LFRNX",,"Kuber Industries EVA Foam Non-Slip Heat Insulation Coasters for Tea, Coffee, Beer (Green, Pack of 12)","12 pieces","Plates Bowls Crockery","Kuber",,,224.34915223665226,899,,8.50862,75.04458818279731,0.008486419820115478,0.00428,0.0001,0.00013,0,18.649291282966363
"2026-04-01","KWIYOBKCW7",,"The Earth Store Ceramic Grooved Snack Bowl Set (2 Pieces, 500ml each, Pink, Dishwasher and Microwave Safe)","2 pieces","Plates Bowls Crockery","The Earth Store",,,329,999,,0.10596,67.06706706706707,0,0,0.00021,0,0.00086,164.5
"2026-04-01","TFTV8SPPA9",,"Nestasia Hearty Ceramic Bowl (540ml)","3 pieces","Plates Bowls Crockery","Nestasia",,,899,1800,,2.89509,50.05555555555556,0,0,0.00447,0.00589,0,29966.666666666668
"2026-04-01","4U79C5YL51",,"Kraft Stainless Steel Serving Bowl with Lid (2 Pieces, 1.6L, Silver)","2 pieces","Plates Bowls Crockery","Vinod",,,559.3991379310345,671.1569223275861,,9.68665,16.65151333148339,0.004412790182394296,0.00747,0.00097,0.00128,0,282.86263226893897
"2026-04-01","JO90VFIRUQ",,"Cello Flabio Insulated Casserole Set (500ml, 1000ml, 1500ml, Pink)","3 pieces","Plates Bowls Crockery","Cello",,,1399,1399,,0.52122,0,0,0,0.00009,0.00012,0,466.3333333333333
"2026-04-01","3RWBREL2MU",,"Kitchen Essentials Stainless Steel Prem Vati (Size 5, Set of 2, Grade 304)","2 pieces","Plates Bowls Crockery","Kitchen Essentials",,,129.9090909090909,179,,0.44793,27.425088877602843,,,0.00032,0.00043,0,6495.454545454546
"2026-04-01","GSVLQ1AMGZ",,"Clay Craft JCPL Fine Porcelain Muse Bowl (750ml, Microwave Safe)","1 Piece","Plates Bowls Crockery","Clay Craft",,,800,899,,2.02764,11.012235817575084,0.0016319786773866158,0.00294,0.00002,0.00003,0,800
"2026-04-01","W5D1F93IMM",,"Glass ideas Flory Plate Plain (5 Inches, 300ml)","2 pieces","Plates Bowls Crockery","Glass ideas",,,135.46639322216245,249,,6.88339,45.59819698373915,0.006689544204824209,0.00735,0.00423,0.00557,0,67.51486967967654
"2026-04-01","DND2ZF0OYC",,"VAYA HauteCase Premium Stainless Steel Casserole with Glass Lid (1500ml, Azure Blue)","1 Piece","Plates Bowls Crockery","Vaya",,,1736.2448979591836,4890,,0.47345,64.49396936688785,0,0,0.00011,0.00015,0,1736.2448979591836
"2026-04-01","WBM6RNAX3N",,"SELVEL Royal Insulated Casserole (Set of 3, 1.7L, 1.2L, 600ml, Inner Steel, Coral)","3 pieces","Plates Bowls Crockery","Selvel",,,1950,3569.9661635,,47.88273,45.377737794356385,0.17628833204959976,0.19509,0.07754,0.10221,0,1949.9999999999995
"2026-04-01","UEPXUN08SC",,"HomeStop Essential Spectra Ice Cream Bowl (Set of 6, 120ml)","6 pieces","Plates Bowls Crockery","HomeStop",,,536.7363636363636,895,,10.93977,40.029456576942614,0.00617307044026419,0.00748,0.01054,0.01389,0,89.03848875733301
"2026-04-01","QI8UGJXRD9",,"Oye Happy Ceramic Mug (330ml, Rakhi Gift)","1 Piece","Plates Bowls Crockery","Oye Happy",,,359,399,,0.20477,10.025062656641603,0,0,0.00002,0.00002,0,359
"2026-04-01","AFF4J97573",,"Kavi The Poetry-Art Project Old Monk Platter With Glasses","1 pack","Plates Bowls Crockery","Kavi The Poetry-Art Project",,,1053.9127205829384,1394.3646127916663,,27.84886,24.416117043280256,0.025567302896542878,0.03903,0.00987,0.01301,0,1054.8147603348136
"2026-04-01","LPXUTSC3BN",,"Castleite Melamine Marvella Lazuli Dream Break Resistant Dinner Plate (11 Inch, White & Blue)","1 Piece","Plates Bowls Crockery","Castleite",,,236.9423704311583,449,,17.3378,47.23224451801697,0.030483497072989557,0.03247,0.00553,0.00729,0,236.4533344522991
"2026-04-01","KYFTXFS69T",,"Home Centre Glass Triffle Ice Cream Cups (260ml, Pack of 6, Transparent)","6 pieces","Plates Bowls Crockery","Home Centre",,,479,499,,14.12004,4.008016032064128,0.00036225047256993354,0.0007,0.00094,0.00124,0,79.83333333333334
"2026-04-01","DMGPQBM7VX",,"Home Centre Caraway Somber Stoneware Bowls with Metal Stand (Set of 6)","1 pack","Plates Bowls Crockery","Home Centre",,,1355.9195646495843,2299,,21.80004,41.04052804214587,0.055086250906069015,0.06453,0.00702,0.00925,0,1358.3683475751463
"2026-04-01","3ZXH04FIQS",,"Sumeet Stainless Steel Heavy Gauge Dinner Plates with Mirror Finish (30cm Dia, Set of 6, Silver)","6 pieces","Plates Bowls Crockery","Sumeet",,,1367.5197261574576,2539.263135166667,,23.27181,46.14501714223882,0.019594199945045493,0.02111,0.07149,0.08062,0.0428,227.69646429124913
"2026-04-01","TY1BAZ3FKE",,"CLASSIC ESSENTIALS Stainless Steel Microwave Safe Mixing Bowl Set (500ml, 750ml, 1.25L, Set of 3, Dark Blue)","3 pieces","Plates Bowls Crockery","Classic Essentials",,,383.4245700399757,1317.263562742616,,15.55777,70.83077522295,0.4170040978165832,0.23517,0.08532,0.11239,0.00024,127.48274869897119
"2026-04-01","3CPHCWKPKY",,"La Opala Novo Collection Opal Glass Dinner Set (46 Pieces, English Lavender)","46 pieces","Plates Bowls Crockery","La opala",,,3506.7475000000004,4495,,7.9871,21.985595105672964,0.006527696880038002,0.01031,0.0022,0.0029,0,76.14140092965143
"2026-04-01","XGEJD5FOK0",,"Cello Opalware Dazzle Series Tree of Life Dinner Set (18 Pieces, White)","18 pieces","Plates Bowls Crockery","Cello",,,1302.594126080968,2099,,13.32938,37.94239388182407,0.01828961901887512,0.02294,0.00655,0.00864,0,72.19527609610918
"2026-04-01","KJ61AZIYIC",,"Cello Melmoware Kids Meal (Zebra Design, Orange)","4 pieces","Plates Bowls Crockery","Cello",,,356.6379470449429,683,,12.34663,47.78360951025726,0.010663407927670449,0.01068,0.00075,0.00099,0,82.17046092441518
"2026-04-01","J7VN6M0VUV",,"Cello Maxima Double Walled Casserole (Stainless Steel, Silver)","1 Piece","Plates Bowls Crockery","Cello",,,766.2512437810946,999,,6.03949,23.298173795686232,0.0007253722631737093,0.00112,0.00031,0.00041,0,761.0851216022891
"2026-04-01","2PQSRTC8SY",,"Clay Craft Fine Ceramic Bowls (380ml, Microwave Safe)","4 pieces","Plates Bowls Crockery","Clay Craft",,,1218.8549774867647,1338.5790478666665,,14.39151,8.944465601976061,0.02187531055764462,0.04036,0.01218,0.01605,0,304.7135296750986
"2026-04-01","YXAPT0AABP",,"iVeo Solid Waves Nappy Bowl (825ml, Red)","2 pieces","Plates Bowls Crockery","Iveo",,,336.5492063492063,536,,1.52082,37.210968964700314,0,0,0.002,0.00263,0,168.27460317460316
"2026-04-01","RA02VF5ZFI",,"Sumeet Stainless Steel Snack Serve / Namkeen Set (2 Plates - 500ml, 2 Small Plates - 100ml, 3 Spoons, Set of 7, Silver)","7 pieces","Plates Bowls Crockery","Sumeet",,,499,1308.0469288749998,,24.00045,61.850511045773004,0.05026350558875193,0.03855,0.05345,0.04328,0.08543,71.2857142857143
"2026-04-01","6880MPCR4N",,"Cello Melmoware Kids Meal (Penguin Design, Pink)","4 pieces","Plates Bowls Crockery","Cello",,,356.2034567901235,683,,5.34924,47.84722448168031,0.0009919955815294512,0.0013,0,0.00001,0,102.09770017993701
"2026-04-01","LVZC383V25",,"Jaypee Glasserole Casserole Set with Glass Lid (800ml, 1200ml, 1700ml, Black)","3 pieces","Plates Bowls Crockery","Jaypee",,,1336.6157407407409,1956,,4.64236,31.665861925319998,0.004260745185488816,0.00591,0.00332,0.00438,0,446.2787580140942
"2026-04-01","2ZLMI4OSND",,"Larah by Borosil Orbit Series Opalware Pudding Set, Microwave Dishwasher Safe Crockery Set for Dining, Gifting Bowls Set (1U-1.065 L, 6U-180ml, Grey, 7 Pieces)","7 pieces","Plates Bowls Crockery","Larah",,,958.3317500999369,1250,,42.14525,23.333459992005043,0.009984651179307302,0.01548,0.04295,0.05662,0,136.62521385471234
"2026-04-01","B1T6XZZ967",,"Lucky Glass Thailand Glass Dal/Veg Bowl Set (6 Pieces, 180ml)","6 pieces","Plates Bowls Crockery","Lucky Glass Thailand",,,256.4519230769231,372,,3.53178,31.06131100082713,0.000403855908685903,0.00055,0.00002,0.00003,0,41.949431686383676
"2026-04-01","O37KKTU6P8",,"La Opala Diva Persian Silver Full Plate Deco (Set of 6)","6 pieces","Plates Bowls Crockery","La Opala",,,1106.7815420560748,1350,,3.80504,18.01428449234454,0.031857565612358855,0.05303,0.00036,0.00047,0,1108.6954579174535
"2026-04-01","X3YAIFHHES",,"CLASSIC ESSENTIALS Stainless Steel Microwave Safe Mixing Bowl Set (500ml, 750ml, 1.25L, Set of 3, Purple)","3 pieces","Plates Bowls Crockery","Classic Essentials",,,406.37281884781885,1494.839297076923,,5.02263,73.05216412590764,0.15055504306760992,0.07221,0.00124,0.00163,0,124.56859326216193
"2026-04-01","6L8QA0LWNY",,"Sumeet Stainless Steel Heavy Gauge Mirror Finish Dinner Set (2 Plates - 500ml, 2 Bowls - 200ml, 2 Spoons, Set of 6, Silver)","6 pieces","Plates Bowls Crockery","Sumeet",,,497.3768275863262,1347.1932238333334,,70.84705,63.098622038750236,0.3461387129766472,0.25681,1.21046,0.9289,2.09534,82.73517923329013
"2026-04-01","I0I4BD78LG",,"Kitchen Essentials Stainless Steel N P Full Dinner Plate Thali Set (Size 12, Set of 4, Grade 304)","4 pieces","Plates Bowls Crockery","Kitchen Essentials",,,1396.7416666666668,1535,,0.42926,9.007057546145486,,,0,0.00001,0,34918.54166666667
"2026-04-01","6V20YZ64HU",,"LIFELONG Aluminium DIECAST CASSEROLE (24cm, Glass Lid with Wooden Finish Handle)","1 Piece","Plates Bowls Crockery","Lifelong",,,1580,3999,,26.19831,60.49012253063266,0.0058073346955588865,0.00465,0.00046,0.00061,0,1580
"2026-04-01","B3SR7Q7BI0",,"Pasabahce Sip and Savour Luzia Party Set (6 Pieces, 4 x 300 ml Whisky Glass + 2 x 175 ml Bowl)","6 pieces","Plates Bowls Crockery","Pasabahce",,,627.6284413184688,1073.649488875,,19.2758,41.539566932807936,0.006709148860585661,0.00805,0.00435,0.00574,0,10363.80878066037
"2026-04-01","B77K01BK1N",,"Nayasa Plastic Diva Multipurpose Serving Tray Set (Grey)","3 pieces","Plates Bowls Crockery","Nayasa",,,790.8307693973828,995,,21.25662,20.51952066357962,0.007102331123356994,0.01138,0.04133,0.05449,0,262.5236614601939
"2026-04-01","RNF1VBROO2",,"La Opala Diva Sovrana Collection Opal Glass Dinner Set (27 Pieces)","27 pieces","Plates Bowls Crockery","La opala",,,4355.282131914208,4995,,5.69716,12.807164526242092,0,0,0.0019,0.0025,0,161.30674562645208
"2026-04-01","F8XB9NAC3J",,"iVeo 3 Part Plate, Tumbler and Spoon Round Set (3 Pieces, Red)","3 pieces","Plates Bowls Crockery","Iveo",,,377.1196428571429,695,,12.15306,45.73818088386433,0.0012616685130036412,0.00145,0.00328,0.00433,0,129.9141200219367
"2026-04-01","87KR7WMYKY",,"Nestasia Ceramic Mandala Square Snack Plate with Handle (16 cm, White, Yellow, and Blue)","1 Piece","Plates Bowls Crockery","Nestasia",,,424.7710424565734,570.0046800416666,,50.58236,25.64204174243592,0.158667667451207,0.2381,0.13398,0.12922,0.14895,421.67284846365305
"2026-04-01","RLSPIUNSHX",,"Nestasia Ceramic Ruby Floral Dip Bowl (50 ml, Red)","1 Piece","Plates Bowls Crockery","Nestasia",,,440,490,,1.87119,10.204081632653061,0,0,0.00001,0.00001,0,440.00000000000006
"2026-04-01","7546PZ1C6M",,"Classic Essentials Stainless Steel Beggy China Dinner Plate","1 Piece","Plates Bowls Crockery","Classic Essentials",,,154.41807539521673,220,,51.71944,31.11801908950908,0.7675098567788481,1.06915,1.61901,2.1324,0.00551,15139.615794844127
"2026-04-01","4Z7AAOUP57",,"Birch & Co. Coasters (Set of 4, The Royal Safari)","4 pieces","Plates Bowls Crockery","Birch & Co",,,139,150.78571428571428,,18.29822,7.816200852676457,0.0025980525474092594,0.00491,0.00272,0.00358,0,138.99999999999994
"2026-04-01","48HQDHXG8Y",,"Femora Green Ceramic Bowls (450ml Each)","2 pieces","Plates Bowls Crockery","Femmora",,,267.4166666666667,550,,6.58641,51.38123458576718,0.012340912972325323,0.01203,0.06306,0.06061,0.07076,13223.416457694806
"2026-04-01","JQ83EW8JNT",,"Anwaliya Ceramic Zenform Dinnerware Spiral Edition Dinner Set (Brown)","4 pieces","Plates Bowls Crockery","Anwaliya",,,1017.9253269476593,2599.625241048951,,11.14133,60.84338192773796,0.039845809346624995,0.02758,0.0095,0.01055,0.00621,888.6286841486468
"2026-04-01","XQT2WDKG5D",,"Home Centre Melina Leonard Melamine Printed Snack Bowls Set (4 Pieces, 470ml)","4 pieces","Plates Bowls Crockery","Home Centre",,,889.0356035084573,899.6554306666666,,40.63775,1.1745708236404293,0.1628656777382592,0.32642,0.12472,0.1644,0,222.25734803694166
"2026-04-01","MWYW60IHZN",,"Milton Micronova Jr Casserole Set (3 Pieces, 380ml, 775ml, 1345ml, Grey)","3 pieces","Plates Bowls Crockery","Milton",,,1058.6886363636365,2999,,3.78585,64.6986116584316,0.004355065362652243,0.00302,0.0005,0.00066,0,342.57564886783473
"2026-04-01","430G6X8NU4",,"Cello Roti Plus Big Solid Stainless Steel Double Walled Casserole (2.5L, Silver)","1 Piece","Plates Bowls Crockery","Cello",,,1590,1599,,8.31262,0.5628517823639775,0,0,0.001,0.00131,0,1590
"2026-04-01","7IIO8MSK9L",,"CHUMBAK Ceramic Saanjh Snack Plates Gift Set (4 Pieces, Multicolor)","4 pieces","Plates Bowls Crockery","Chumbak",,,1265.704296297815,2607.209926868687,,17.18747,51.445356710073135,0.07847852616063307,0.07743,0.00703,0.00665,0.00822,316.8287412018684
"2026-04-01","UVSMHR82J5",,"La Opala Novo Collection Coral Charm Opal Glass Dinner Set (35 Pieces, White)","35 pieces","Plates Bowls Crockery","La opala",,,2741.8097692685324,3393.133039226804,,6.54455,19.195335473986876,0,0,0.00128,0.00169,0,78.33742197910092
"2026-04-01","KB90PVX53O",,"Larah by Borosil Snow Opalware Serving Mixing Bowl Microwave Dishwasher Safe for Gifting Dining (800ml, White, 7"" Inch)","1 Piece","Plates Bowls Crockery","Larah by Borosil",,,199.85780953624686,254.02867020833335,,53.69147,21.278280943365637,0.09162758660934713,0.14752,0.46892,0.61812,0,200.13549345933257
"2026-04-01","RFZX0SC6I0",,"Eha Earth Friendly Rice Husk Biocomposite Soup Bowls with Spoons Set (6 Pieces, 250ml)","6 pieces","Plates Bowls Crockery","Eha",,,738.3980111768574,1149,,8.39217,35.735543579695914,0.007091439647933967,0.00923,0.0003,0.00039,0,123.9312812410305
"2026-04-01","DPH6SSMMJY",,"Nestasia Christmas Tree and Star Bamboo Platter with Ceramic Bowls (Pack of 4)","1 pack","Plates Bowls Crockery","Nestasia",,,1190,1800,,0.06817,33.888888888888886,0,0,0.00001,0.00002,0,1190
"2026-04-01","W5314FWHN9",,"Eha Earth Friendly Rice Husk Biocomposite Square Plates (4 Pieces, 11 inch, Off White)","4 pieces","Plates Bowls Crockery","Eha",,,645.831489191451,1138.2797635744682,,8.51898,43.2624992678964,0.0016524546511819096,0.00186,0.00013,0.00017,0,163.4322215601943
"2026-04-01","1JAYSUHUAL",,"Birch & Co. Coaster Holder with 6 sets of Coasters (Royal Gaja)","6 pieces","Plates Bowls Crockery","Birch & Co",,,383.3308980368769,799,,17.45202,52.01456635202381,0.030456486213940454,0.02907,0.01202,0.01585,0,62.90010918119226
"2026-04-01","PM6RJD5T19",,"Cello Ornella Toughened Glass Mixing Bowl with Premium Lid (500ml, 1000ml, 1500ml, Transparent)","3 pieces","Plates Bowls Crockery","Cello",,,649.8190497188596,1094.630300292887,,7.76332,40.63575167387661,0.011098631285574674,0.01222,0.00082,0.00108,0,203.07152471611198
"2026-04-01","W54XC8HPKR",,"Saaj Plastic Medium Ruby Tray (37cm, Brown)","1 Piece","Plates Bowls Crockery","saaj",,,99,175,,12.66446,43.428571428571416,0.008003709629366848,0.00918,0.04836,0.06375,0,99.00000000000001
"2026-04-01","15F09P411A",,"Milton Microwave Safe Insulation One-Touch Casserole (1.34L, 1500 Warm)","1 Piece","Plates Bowls Crockery","Milton",,,723.959413580247,895.0648145555556,,12.34031,19.1165375057527,0.0006534885253817201,0.00106,0.00023,0.0003,0,720.1474221650956
"2026-04-01","PVCDA0MCD0",,"Glass ideas Stack Bowl (7.5 cm, 70ml each)","6 pieces","Plates Bowls Crockery","Glass ideas",,,129.0852917722113,199,,22.68331,35.13437556139822,0.015311889638219086,0.02022,0.01122,0.01478,0,21.50041302277564
"2026-04-01","Z69TB0DHLA",,"Nestasia Wooden Cart Platter (Yellow)","1 Piece","Plates Bowls Crockery","Nestasia",,,995,1250,,1.99173,20.4,0,0,0.014,0.01476,0.01161,99500
"2026-04-01","UYVUKXUKLC",,"Glass ideas Twin Glass Bowl Set (2 Pieces, 200ml, Transparent)","2 pieces x 2","Plates Bowls Crockery","Glass Ideas",,,98.28572150072151,298,,15.11535,67.01821426150286,,,,,,98.2857215007215
"2026-04-01","0VZKB5XXMU",,"Asian Venus Inner Steel Casserole (1.5L, Red, PU Insulated, BPA Free)","1 Piece","Plates Bowls Crockery","Asian",,,245.56683689901078,400,,22.37085,38.5861033502144,0.031799405133599884,0.03981,0.01495,0.01971,0,247.06449931551117
"2026-04-01","C6322DREAQ",,"Larah by Borosil Meadow Opalware Dinner Set (6 Pieces, 2 Full Plates, 2 Veg Bowls 210ml each, 2 Mini Veg Bowls 150ml each, Crockery for Gifting and Dining)","6 pieces","Plates Bowls Crockery","Larah",,,556.7126500476032,750,,75.00239,25.770248940611364,0.18232613036510992,0.2742,0.56157,0.36904,1.16665,556.78293318497
"2026-04-01","RWWPL3AB3L",,"Cello Hot Serve Insulated Inner Steel Casserole Set (500ml, 850ml, 1500ml, Pink)","3 pieces","Plates Bowls Crockery","Cello",,,688.9553798442454,999,,5.61529,31.03549751308855,0.005077605842215965,0.0072,0.00072,0.00095,0,232.83710686855616
"2026-04-01","IC3HORFK4C",,"Glass ideas Sunflower Pudding set (7 Pieces, Small Bowl - 150ml, Big Bowl - 1.5L)","7 pieces","Plates Bowls Crockery","Glass ideas",,,635.6903931623931,1299,,13.01078,51.07002435927125,0.04244407972354272,0.04194,0.01643,0.02165,0.00001,90.48947482576949
"2026-04-01","PPSCKIE4OY",,"CHUMBAK Marigold Design Mini MDF Wood Bowl Set (2 Pieces, 90ml, 10cm, Teal)","2 pieces","Plates Bowls Crockery","Chumbak",,,726.0902470281042,995,,18.00317,27.026105826321196,0.0014450809591274438,0.00211,0.0105,0.00399,0.03096,359.5953361693263
"2026-04-01","WZ44DB567L",,"Neelam Stainless Steel Plate (24cm, Silver)","1 Piece","Plates Bowls Crockery","Neelam",,,162.98022050292002,199.40491929166666,,30.69513,18.853109805396528,0.017329426545580916,0.02473,0.07497,0.09883,0,143.465104077994
"2026-04-01","I2VZ63DPBP",,"Glass ideas Curry Bowls (300 ml)","2 pieces x 2","Plates Bowls Crockery","Glass Ideas",,,278,398,,6.66112,30.150753768844222,,,,,,278
"2026-04-01","YQ15C8S62M",,"Cello Hot N Fresh Stainless Steel Casserole Set with Inner Steel (3 Pieces, 500ml, 1L, 1.5L)","3 pieces","Plates Bowls Crockery","Cello",,,679,999,,2.25541,32.032032032032035,0,0,0.00002,0.00002,0,226.33333333333334
"2026-04-01","JUWGZUGNAJ",,"Castleite Melamine Laurel Peony Marble Print Serving Platter/Tray Plates with Bowl (Black)","8 pieces","Plates Bowls Crockery","castleite",,,850.1119448998433,1999,,28.84447,57.762935323065804,0.18458327973177835,0.15051,0.03108,0.04097,0,100.59572341515286
"2026-04-01","JRBBQ5YWXK",,"La Opala Diva Opal Glass Ivory Collection Quarter Plates (6 Pieces, 190mm, White)","6 pieces","Plates Bowls Crockery","La Opala",,,499,540,,0.31721,7.592592592592593,0,0,0,0,0,83.16666666666667
"2026-04-01","ARMF7R80KL",,"Sumeet Heavy Gauge Stainless Steel Big Size Apple Bowl / Wati / Katori with Mirror Finish (12.2cm Dia, 550ml Each, Set of 6, Silver)","6 pieces","Plates Bowls Crockery","Sumeet",,,735.9105531677601,1326.4754742500002,,29.59717,44.556930988186075,0.061123831392070734,0.06805,0.07517,0.09908,0,122.37365892577368
"2026-04-01","K2AA2214OE",,"ExclusiveLane Ceramic 'The Hut Handled Bowls' (260 ml, Multicolored)","2 pieces","Plates Bowls Crockery","ExclusiveLane",,,701.65581372549,1325,,12.85962,47.047192233408964,0.05027069396253113,0.05374,0.02111,0.00084,0.08481,349.7737188968693
"2026-04-01","0DD22RPD68",,"Cello Dazzle Series Secret Garden Dinner Set (16 Pieces, Opalware, White)","16 pieces","Plates Bowls Crockery","Cello",,,1114.266092955241,2249.5989705416664,,61.47673,50.5631420865303,1.5352647717547139,1.54023,0.67815,0.87988,0.04416,69.44995843711399
"2026-04-01","JJTMRQVBM3",,"Embassy Stainless Steel Dynasty Compartment Plates (2 Pieces, 19.7x23.6cm, Silver)","1 Piece x 2","Plates Bowls Crockery","Embassy",,,396.54545454545456,482.2510832727272,,6.62626,17.771992992870814,,,,,,396.54545454545456
"2026-04-01","Q11BE1MFPV",,"Tupperware Storage Container (210ml, Food Grade Plastic)","1 Piece","Plates Bowls Crockery","Tupperware",,,221.3700609097161,330,,35.26905,32.91816336069209,0.0076675986978121825,0.01042,0.13224,0.17431,0,22126.170659492556
"2026-04-01","M4V67HDMGQ",,"Femora Borosilicate Microwave Safe Mixing Bowl (1650ml, Transparent)","1 Piece","Plates Bowls Crockery","Femora",,,406.3182811405618,525,,18.41029,22.59249038173229,0.025483438535785555,0.04007,0.04454,0.01379,0.14117,40667.6033776538
"2026-04-01","9Z9QMB1OI9",,"Embassy Stainless Steel Lotus Vati / Katori / Curry Bowl (120 ml, Pack of 6)","6 pieces","Plates Bowls Crockery","Embassy",,,337.07703338968577,471.62625755980855,,33.23659,28.52878142669148,0.004890925953465255,0.00709,0.05474,0.07216,0,56.46044610973184
"2026-04-01","HP7RRXUZ9Z",,"Nayasa Plastic Meraki Premium Tea Coaster Set (Red)","6 pieces","Plates Bowls Crockery","Nayasa",,,502.1767017244848,679,,18.65273,26.041722868264383,0.002218375714162479,0.00344,0.00576,0.0076,0,85.65297099727312
"2026-04-01","EO49RHBPNL",,"SELVEL Camry Insulated Casserole (Set of 3, 1.7L, 1.2L, 600ml, Inner Steel, Hot Pot)","3 pieces","Plates Bowls Crockery","Selvel",,,2003.914824801335,3784,,14.57786,47.0427771729117,0.054950978781315,0.05776,0.00614,0.0081,0,1966.2759074703417
"2026-04-01","B0YTRZACR6",,"Larah by Borosil Fluted Cascade Opalware Dinner Set, Family of 2, Microwave Dishwasher Safe Crockery Set for Dining, Gifting (Blue and White, 6 Pieces)","6 pieces","Plates Bowls Crockery","Larah by Borosil",,,600.4299761643438,845,,38.51987,28.94484662277232,0.05969051322640015,0.08575,0.02582,0.0103,0.0746,100.14529226027929
"2026-04-01","KJ8GNAI32Y",,"Cello Toughened Glass Ornella Mixing Bowl (1.5L, Transparent)","1 Piece","Plates Bowls Crockery","Cello",,,401.32934438442913,461.7118644067797,,3.08004,13.077965865124922,0.0012679855687489977,0.00205,0.00009,0.00012,0,39939.486084953685
"2026-04-01","UOK1W6N4R2",,"Home Centre Whirl Emily Bone China Bowls (Set of 3, 320ml)","3 pieces","Plates Bowls Crockery","Home Centre",,,860.3461499644158,1299,,24.48348,33.887507770252775,0.10092258956486824,0.13403,0.00327,0.00432,0,283.6329079302356
"2026-04-01","XO5ME9YC3B",,"Corelle Winter Frost White Katori/Bowl (Set of 2, 177ml each)","1 pack","Plates Bowls Crockery","Corelle",,,785.1071142003946,898,,22.66036,12.570390264752476,0.029340763471605396,0.05193,0.02569,0.03386,0,784.1877425633324
"2026-04-01","V9BTB9VJU8",,"Classic Essentials Stainless Steel Dinner Set (10 Pieces, Silver, Permanent Laser-Glory)","10 pieces","Plates Bowls Crockery","Classic Essentials",,,452.8337709395584,1367.3240582500002,,57.54228,67.17136527517872,1.3430128041775813,0.89006,0.6344,0.835,0.00393,44.70106518824895
"2026-04-01","JWLVCQZPCY",,"Cello Opalware Dazzle Series Blue Swirl Dinner Set (35 Pieces)","35 pieces","Plates Bowls Crockery","Cello",,,2020.6772768368508,4296.671134912281,,67.89446,52.98598523728818,0.5987747629351188,0.56715,0.34028,0.43392,0.04598,57.59431010779546
"2026-04-01","F7V44Q8IJH",,"Home Centre Niko Stoneware Dip Bowls with Platter (3 Pieces)","3 pieces","Plates Bowls Crockery","Home Centre",,,960.146038961039,999,,8.53839,3.88928538928538,0.0029014890526948374,0.00565,0.00411,0.00541,0,960.0207548911036
"2026-04-01","ZP8AG0H1D5",,"Cello Dazzle Series Dinner Set (18 Pieces, Opalware, Plain, White)","18 pieces","Plates Bowls Crockery","Cello",,,1346.6218573992992,2099,,31.21386,35.84459945691762,0.028957819195731704,0.03754,0.00402,0.0053,0,74.67092481329138
"2026-04-01","ZFFN3BDJ73",,"Femora Borosilicate Glass Microwave Safe All-Purpose Mixing Bowls (400ml, 700ml, 1.50L, 3 Pieces, Transparent)","3 pieces","Plates Bowls Crockery","Femora",,,755.9330426356589,1037.4482972674418,,9.90125,27.135352708493734,0.0037575590209448905,0.00556,0.00132,0.0017,0.00014,252.05957116038945
"2026-04-01","OIC4WMGMOK",,"Asian Plastowares Cosmos Casserole (2.5L, Orange, Insulated)","1 Piece","Plates Bowls Crockery","Asian",,,395.1645833333333,535.0770089062501,,1.94175,26.148091441811612,0.0050405748257776675,0.00745,0.0036,0.00475,0,389.61063596491226
"2026-04-01","PFN4LII4XN",,"Home Centre Frostra Hernan Frosted Glass Chip & Dip","1 pack","Plates Bowls Crockery","Home Centre",,,995,999,,42.18539,0.4004004004004004,0.1744520292932771,0.35212,0.01928,0.02542,0,994.9999999999998
"2026-04-01","AEVG7H59GE",,"Corelle Winter Frost White Dinner Plate (Set of 2, 26cm each)","2 pieces","Plates Bowls Crockery","Corelle",,,945.1486172061417,1098,,20.96819,13.922601064162114,0.023519052028488106,0.04101,0.00104,0.00138,0,946.0845495345773
"2026-04-01","6JLB61WZIO",,"Castleite Melamine Spicy Destin Medium Tray with Handle for Serving, Aroma Series (31 cm, Black)","1 Piece","Plates Bowls Crockery","castleite",,,206.7240277540442,699,,9.76628,70.4232989517422,0.02385450947151739,0.01439,0.02325,0.03065,0,208.14868194739236
"2026-04-01","T5C10OVZ17",,"La Opala Opal Glass Vegetable Bowl Set (6 Pieces, 200ml, White, Plainware, Ivory Collection)","6 pieces","Plates Bowls Crockery","La opala",,,350,480,,0.13468,27.083333333333332,0,0,0,0,0,58.333333333333336
"2026-04-01","OOJR02MFMQ",,"Nestasia Ceramic Mandala Platter (27.5 cm, Pink and Blue)","1 Piece","Plates Bowls Crockery","Nestasia",,,583.7305873463464,1145,,26.46519,49.068695973338734,0.14113260984963932,0.14311,0.12809,0.14975,0.06003,574.0346370538987
"2026-04-01","40CF4SQOPJ",,"Kitchen Essentials Stainless Steel Begi China Half Dinner Plate Set (Size 9, Set of 2, Grade 304)","2 pieces","Plates Bowls Crockery","Kitchen Essentials",,,161.1614558966171,310,,38.565,48.18780340699911,0.2403088602451792,0.24981,0.46675,0.61527,0,160.49652455870324
"2026-04-01","A14JP8YNSH",,"Castleite Melamine Italian Marble Print Serving Platter/Tray Plates with Sauce Dip (Black)","2 pieces","Plates Bowls Crockery","castleite",,,406.7510370713942,996.9497013809524,,18.92886,59.2004454680139,0.0021761167895211282,0.00181,0.0046,0.00607,0,204.2016340344764
"2026-04-01","NI35OXHG5H",,"Kitchen Essentials Stainless Steel N P Full Dinner Thali Plate Set (Size 12, Set of 2, Grade 304)","2 pieces","Plates Bowls Crockery","Kitchen Essentials",,,715.6190476190477,769,,0.61625,6.9416062914112215,0,0,0.00088,0.00116,0,35780.95238095238
"2026-04-01","0A473O5FK4",,"Larah by Borosil Opalware Veg Bowl Set Microwave Dishwasher Safe Katorie Set for Gifting Dining (170ml Each, White, Pack of 6)","6 pieces","Plates Bowls Crockery","Larah by Borosil",,,299.1349921372982,385,,36.71944,22.3017388982375,0.08074983444535148,0.12714,0.41149,0.54242,0,49.87263207861354
"2026-04-01","0QNCBRFYLG",,"Sumeet Stainless Steel Snack Serve / Namkeen Set (2 Plates - 800ml, 6 Small Bowls - 200ml, 2 Spoons, Set of 10, Silver)","10 pieces","Plates Bowls Crockery","Sumeet",,,896.7417194667728,1754.0894667916664,,26.72403,48.88314797497676,0.046266987597025785,0.04744,0.0418,0.03384,0.0668,89.60290984604529
"2026-04-01","1J2DWPJVG5",,"Ellementry Glass Platter with Wooden Stand (2L, Transparent)","1 Piece","Plates Bowls Crockery","Ellementry",,,1665.3236569333783,2087.1784173749998,,33.54194,20.212788777213586,0.09271716981066691,0.14971,0.02756,0.03633,0,1668.1662343657263
"2026-04-01","PP9K0IJZZT",,"Birch & Co. Coaster Holder with 6 sets of Coasters (Peacock)","6 pieces","Plates Bowls Crockery","Birch & Co",,,382.4666253306878,799,,12.83524,52.138983459383965,0.022044564085718484,0.02063,0.00103,0.00135,0,61.72241703682092
"2026-04-01","VNEDTAU0P0",,"Cello Dazzle Series Tropical Lagoon Dinner Set (20 Pieces, Opalware, White)","20 pieces","Plates Bowls Crockery","Cello",,,1170.1142086714067,2242.510884166667,,63.08865,48.49254434852954,8.680819150987015,9.05239,3.50105,4.57127,0.13753,57.73037154738611
"2026-04-01","KVD9CGHJX3",,"La Opala Novo Opalware English Lavender Dinner Set (23 Pieces, White)","23 pieces","Plates Bowls Crockery","La Opala",,,1776.761477877279,2692.541039748954,,14.24195,34.011594679496106,0.04794209651708759,0.06409,0.00773,0.01019,0,77.2994128601115
"2026-04-01","N4LOLZOUZ0",,"Glass ideas Delight Bowls (200ml each)","6 pieces","Plates Bowls Crockery","Glass ideas",,,180,299,,52.0538,39.79933110367893,0.25062308747078726,0.30569,1.01451,1.3354,0.00601,30
"2026-04-01","Q1HLLZNDTC",,"SAFFRON Wooden Coaster Set with Holder (Set of 6, 7 Inches, Cart Design, Handmade)","6 pieces","Plates Bowls Crockery","Saffron",,,181.4272737022737,699,,8.16205,74.0453504395256,0.006598055811270768,0.00344,0.00001,0.00001,0,30.00842788493203
"2026-04-01","N5APRALCNX",,"The Earth Store Spiral Brown 8 Piece Ceramic Dinner Set (4 Plates & 4 Bowls, White and Brown)","8 pieces","Plates Bowls Crockery","The Earth Store",,,1601.8033830743111,5357.8625808917195,,13.18524,70.10368670546008,0.15712870197393308,0.08712,0.01467,0.00102,0.05757,184.3926175039069
"2026-04-01","UHEN6J4ZHJ",,"The Earth Store Ceramic Bowls (400ml, Set of 2, Sage Blue)","2 pieces","Plates Bowls Crockery","The Earth Store",,,299,1299,,8.88495,76.98229407236336,0.017237066833993633,0.00804,0.02264,0.01421,0.04914,14950
"2026-04-01","XS6HVT8UZO",,"Ireka Homes Wooden Chopping Board or Serving Platter with Rattan Handle (48 x 25 cm, Green)","1 Piece","Plates Bowls Crockery","Ireka Homes",,,792.1970052950076,1148.6256283333335,,17.28623,31.030878490453592,0.002505039347296594,0.00348,0.00206,0.00271,0,789.5523983231114
"2026-04-01","JS12UG9RSE",,"Home Centre Tuscany Zinnia Glass Bowls with Stainless Steel Spoons (Set of 6, 150ml each)","1 pack","Plates Bowls Crockery","Home Centre",,,385,399,,1.76088,3.508771929824561,0.0013037096081365315,0.00255,0.00003,0.00004,0,64.16666666666666
"2026-04-01","AJWIIAH0HP",,"Glass ideas Dazzle Bowls (300ml, 5 Inch each)","4 pieces","Plates Bowls Crockery","Glass ideas",,,199.40621039999095,299,,21.62549,33.319766746313526,0.04194721061474416,0.05656,0.08545,0.11252,0.00038,49.865939607776134
"2026-04-01","XQ8XMWJN5E",,"HomeStop Essential Lumina Ice Cream Bowl (Set of 6, 120ml)","6 pieces","Plates Bowls Crockery","HomeStop",,,579,895,,6.61213,35.3072625698324,0.0006497854237378904,0.00085,0.00042,0.00055,0,96.5
"2026-04-01","6K78NU2TZ3",,"Home Centre Melamine Melina Happiness Printed Coasters (Pack of 6, Multicolour)","6 pieces","Plates Bowls Crockery","Home Centre",,,675,699,,4.1721,3.4334763948497855,0.005582970301844495,0.01093,0.00002,0.00003,0,112.5
"2026-04-01","AB0C804L5J",,"Home Centre Melamine Jalsa Candy Bowls with Tray (Set of 4)","4 pieces","Plates Bowls Crockery","Home Centre",,,690,699,,40.5102,1.2875536480686696,0.04669393343360851,0.09341,0.04743,0.06253,0,172.5
"2026-04-01","2Y7XXSZDXK",,"Magique by The Wishing Chair River of Flowers Dessert Cups Set (4 Pieces, 130ml, White)","4 pieces","Plates Bowls Crockery","The Wishing Chair",,,1335.5825722983257,1499,,19.32642,10.90176302212638,0.006530964322664911,0.01182,0.00174,0.00229,0,334.7102523385663
"2026-04-01","OOHOPAD8W0",,"Larah by Borosil Fluted Chrys Red Opalware Dinner Set, Family of 4, Microwave Dishwasher Safe Crockery Set for Dining, Gifting (Red and White, 12 Pieces)","12 pieces","Plates Bowls Crockery","Larah by Borosil",,,1237.206666244899,1630,,67.01075,24.092389510354003,0.18640455225201727,0.28688,0.06012,0.03501,0.13904,103.2330312196565
"2026-04-01","0VUPBFYFNM",,"HomeStop Essential Celestia Dessert Bowl (Set of 6, 230ml)","6 pieces","Plates Bowls Crockery","HomeStop",,,599,895,,4.0161,33.072625698324025,0.001462289490295829,0.00198,0.00304,0.00401,0,99.83333333333333
"2026-04-01","KLTOF9R6I0",,"Dynore Double Wall Stainless Steel Insulated Casserole With Lid (2000 ml)","1 Piece","Plates Bowls Crockery","Dynore",,,586.2972458372093,849,,15.96378,30.970604060050412,0.05547507657867114,0.07736,0.00394,0.0052,0,587.9177168287172
"2026-04-01","2US1AUF71K",,"Corelle Winter Frost White Medium Plate (Set of 2, 21.5cm each)","2 pieces","Plates Bowls Crockery","Corelle",,,795.4486208655179,950.7917129444444,,17.56633,16.33828839313866,0.02690216212438927,0.04571,0.0024,0.00316,0,796.3395654634749
"2026-04-01","6JPRJEST2M",,"Larah by Borosil Meadow Opalware Dinner Set (16 Pieces, Crockery for Gifting and Dining)","16 pieces","Plates Bowls Crockery","Larah",,,976.4990235626217,2524.9874175,,71.31932,61.49124463357421,2.4631851498819626,1.92037,1.434,1.20607,2.15034,969.3706641546205
"2026-04-01","U51S2MSJNZ",,"Castleite Melamine Spicy Destin Trays with Handle for Serving Snacks/Tea, Aroma Series (Black)","3 pieces","Plates Bowls Crockery","castleite",,,699,1986.4489775527425,,14.5413,64.81138794412176,0.03789797788197055,0.02674,0.02775,0.03658,0,232.99999999999997
"2026-04-01","JFEEIJFKYT",,"La Opala Novo Collection Opal Glass Pudding Set (7 Pieces, 850ml + 175ml x 6, English Lavender)","7 pieces","Plates Bowls Crockery","La opala",,,433.85714285714283,540,,0.00169,19.656084656084655,0,0,0.00002,0.00003,0,61.9795918367347
"2026-04-01","FML45CNGUN",,"Glass ideas Dessert Bowls (300 ml)","2 pieces x 2","Plates Bowls Crockery","Glass Ideas",,,238,398,,11.69666,40.20100502512563,,,,,,238
"2026-04-01","RM7DJUCHP0",,"Castleite Melamine Black Ivory Medium Tray with Handle for Serving, Aroma Series (31 cm, Black)","1 Piece","Plates Bowls Crockery","castleite",,,207.73336583671926,699,,9.27129,70.29060865186744,0.009135769584836447,0.00503,0.01741,0.02294,0,215.8094709912494
"2026-04-01","5OKRZ7UUBG",,"Selvel Elegance Thermoware Casserole Set (3 Pieces, 600ml, 1.2L, 1.7L, Emerald Green)","3 pieces","Plates Bowls Crockery","Selvel",,,1314.0226601264626,5000.313486916667,,60.16552,73.50594875309336,7.581256744225631,3.95358,0.61188,0.80657,0,441.96186111455864
"2026-04-01","7BIXADDYIS",,"Borosil Serving Mixing Glass Bowl Set Borosilicate Glass for Kitchen Dining Microwave Dishwasher Safe (500ml + 1.3L, Transparent, Pack of 2)","2 pieces","Plates Bowls Crockery","Borosil",,,699.2861101507784,866.4222160416665,,75.44628,19.287283190674316,0.16601331413551448,0.27335,1.05739,1.3536,0.12643,34975.80591299794
"2026-04-01","CKRZCJRWQ9",,"Magique by the Wishing Chair Ceramic Kalahari Dessert Plates Gift Box Set (4 Pieces)","4 pieces","Plates Bowls Crockery","The Wishing Chair",,,844.1209190809188,890,,4.82365,5.878811527798192,0.04491513766751947,0.07526,0.00097,0.00024,0.00327,184.3521679812079
"2026-04-01","LDFPNKKMQY",,"Cello Jewel Hot-Pot Set with Golden Handles (3 Pieces, 500ml, 1L, 1.5L, Plastic, Burgundy)","3 pieces","Plates Bowls Crockery","Cello",,,1356.6923076923076,1720,,0.9356,21.122540250447226,0,0,0.00001,0.00001,0,452.2307692307692
"2026-04-01","02MMCTB4MS",,"La Opala Novo Opalware Dinner Set (23 Pieces, English Lavender)","23 pieces","Plates Bowls Crockery","La opala",,,2429,2695,,1.58834,9.87012987012987,0,0,0.00003,0.00005,0,105.60869565217392
"2026-04-01","XZPZP4L6TR",,"Kitchen Essentials Stainless Steel Half Dinner Plates- Begi China Plate (Grade 304)","2 pieces","Plates Bowls Crockery","Kitchen Essentials",,,338.0625,459,,1.14577,26.348039215686274,0,0,0.00041,0.00054,0,16903.125
"2026-04-01","TZ844I6H1J",,"Clay Craft Fine Ceramic ""Happiness is..."" Urmi Delight Snack Plates (4 Pieces)","4 pieces","Plates Bowls Crockery","Clay Craft",,,670.1739766081871,782.8205561403508,,19.67469,14.387504871101086,0.007919409609592606,0.01378,0.00045,0.00059,0,167.25894225286862
"2026-04-01","IVTN9F2I6B",,"Nestasia Hearty Ceramic Bowl with Handle (370ml)","3 pieces","Plates Bowls Crockery","Nestasia",,,899,1800,,2.51264,50.05555555555556,0,0,0.00146,0.00192,0,29966.666666666668
"2026-04-01","MQX64H14PS",,"Sumeet Stainless Steel Square Bowl / Katori (190ml Each, Set of 6)","6 pieces","Plates Bowls Crockery","Sumeet",,,489.9070679684606,1151.4521788333332,,63.07689,57.47670448810925,0.2297848632029235,0.19659,0.41525,0.54737,0,81.53879307728607
"2026-04-01","AZW3VD398W",,"Cello Aurum Luxury Inner Steel Insulated Hot Pot (1250ml, Beige, Easy Grip Lid and Firm Twist Lock)","1 Piece","Plates Bowls Crockery","Cello",,,400.69285391244455,597.5742236734694,,42.67836,33.005185366267106,0.16088887494897952,0.21818,0.05459,0.07196,0,399.8476463736234
"2026-04-01","WL2OHUPWQ5",,"The Earth Store Mughal Blue Ceramic Bowl (200 ml, White and Blue)","1 Piece","Plates Bowls Crockery","The Earth Store",,,474.5813187694847,1399,,10.8736,66.14882500221577,0.019634716233619162,0.01215,0.00236,0.00041,0.00849,424.35403929835496
"2026-04-01","LXCQZ1T9R1",,"Femora Ceramic Bowl Set (450ml, 2 Pieces, 5 inch, Green, Microwave Safe)","2 pieces","Plates Bowls Crockery","Femora",,,281.8,430,,0.00513,34.46511627906977,0,0,0,0,0,140.9
"2026-04-01","LFJTWYPYQX",,"Nestasia Costola Ceramic Dinner Plate Set (10 Inch, Pink)","6 pieces","Plates Bowls Crockery","Nestasia",,,3566.576923076923,5310,,0.69626,32.83282630740258,0,0,0.00002,0.00003,0,594.4294871794872
"2026-04-01","XDIQZRPNF5",,"Bathla Vera Premium Jute Table Mats (45x30 cm, Cream)","6 pieces","Plates Bowls Crockery","Bathla",,,1169,1299,,0.63098,10.007698229407236,0,0,,,,194.83333333333331
"2026-04-01","IAOGAZ9SZO",,"Cello Dazzle Series Tropical Lagoon Dinner Set (37 Pieces, Opalware, White)","37 pieces","Plates Bowls Crockery","Cello",,,2014.5267881177895,3649,,48.87648,44.787392312497914,0.37333995501615286,0.41796,0.20741,0.27341,0,54.42811868378384
"2026-04-01","BR4KWDP4G1",,"Nestasia Ceramic Side Bowls (Set of 4, 350ml, White and Blue)","4 pieces","Plates Bowls Crockery","Nestasia",,,731.8260853210888,1500.0021340375588,,58.72332,51.3881098768918,2.355602858754929,2.31853,1.52477,0.71004,4.08532,182.1552237467431
"2026-04-01","U9N377ORW4",,"Kuber Industries Square Bamboo Coasters/Pan Pot Holder Heat Insulation Pad (Pencil Design, Brown, Pack of 2)","2 pieces","Plates Bowls Crockery","Kuber",,,209,899,,3.22438,76.7519466073415,0,0,0,0,0,104.5
"2026-04-01","KPCW7W1HQN",,"Java Plastic Plate with Bowl Set (4 Pieces, Yellow)","8 pieces","Plates Bowls Crockery","Java",,,191.82167810747998,425,,25.44768,54.86363064624705,0.02777783674840078,0.02524,0.01763,0.02323,0,24.096994838892073
"2026-04-01","A5INYQMTCD",,"Home Centre Whirl Emily Bone China Bowls (Set of 3, 320ml each)","1 pack","Plates Bowls Crockery","Home Centre",,,756.8549319727891,1299,,27.39606,41.735309357453175,0.015563047061474126,0.01839,0.00297,0.00391,0,252.45048004222653
"2026-04-01","IT4RXBZIUV",,"Milton Micronova Casserole Set (4 Pieces, 500ml, 1L, 1.5L, 2.5L, Grey)","4 pieces","Plates Bowls Crockery","Milton",,,1622.6384379084966,4484.9111106,,12.85011,63.82005355527733,0.019600517000790855,0.01394,0.00754,0.00994,0,394.92898102630056
"2026-04-01","HLAWZZFY3T",,"Heart Home Coaster for Tea, Office Table, Kitchen, Dining Table, Office Desk, Round Lining-Design (Purple, 12 Piece Set)","12 pieces","Plates Bowls Crockery","Heart Home",,,206.80628039559124,499,,16.78394,58.55282398959501,0.01765965608040715,0.01499,0.01141,0.01504,0,17.40049996634418
"2026-04-01","A7TKVCF8FA",,"Larah by Borosil Meadow Opalware Full Plate Set (2 Pieces, for Dining, Microwave Safe Crockery)","2 pieces","Plates Bowls Crockery","Larah",,,278.3401339707229,354.6912143601896,,38.29008,21.476587196384823,0.09471749818686037,0.15193,0.09255,0.12199,0,139.55205406916141
"2026-04-01","6H0FLANT4L",,"Nestasia MDF and Wood Cutting Chai Stand (16 cm, Green, Orange, Yellow)","1 Piece","Plates Bowls Crockery","Nestasia",,,1003.2098020008663,1090,,24.05996,7.971464359304706,0.03515550437045194,0.06521,0.0694,0.02837,0.19836,997.7023439970791
"2026-04-01","91850RPAQX",,"Pure Home + Living Ribbed Dessert Plates (Pack of 2, Green)","2 pieces","Plates Bowls Crockery","Pure Home + Living",,,1629.4550856995945,1905.4171270718232,,17.98892,14.483025131421872,0,0,0.08303,0.02115,0.27749,81472.75428497973
"2026-04-01","FLZLGG53DO",,"iVeo Solid Manchurian Bowl (400 ml, Yellow)","2 pieces","Plates Bowls Crockery","Iveo",,,187.25,364,,3.63724,48.55769230769231,0,0,0.00012,0.00016,0,93.625
"2026-04-01","OWSUQP571P",,"Sumeet Stainless Steel Rectangular 5 in 1 Compartment Lunch / Dinner Plate (37.4cm Dia, Set of 2, Silver)","2 pieces","Plates Bowls Crockery","Sumeet",,,1199.3938852497406,1542.9164747916668,,34.50707,22.27620841188992,0.09839380680114947,0.1535,0.03009,0.02739,0.03855,599.5326785149437
"2026-04-01","KX7ZYVXZC5",,"Castleite Melamine Black Ivory Small Tray with Handle for Serving, Aroma Series (24 cm, Black)","1 Piece","Plates Bowls Crockery","castleite",,,179.4525201823917,499,,14.65239,64.03757110573312,0.013404138803121381,0.00975,0.04433,0.05844,0,179.8282697457788
"2026-04-01","FHA3AP36OC",,"Borosil Serving Mixing Glass Bowl with Lid Borosilicate Glass Multipurpose Bowl for Kitchen Dining Microwave Dishwasher Safe (2.5L, Transparent)","1 Piece","Plates Bowls Crockery","Borosil",,,630.3333333333334,848.4920634285714,,3.09586,25.711345986396886,0.001840659346491845,0.00271,0.00004,0.00003,0.0001,61669.652265542674
"2026-04-01","T8KYZ8QBBZ",,"Nestasia Ice Cream Dessert Glass Bowls (120ml)","6 pieces","Plates Bowls Crockery","Nestasia",,,605.3282502279255,990,,10.01843,38.800034368863585,0.17024247404227652,0.21156,0.13875,0.10761,0.23661,10117.275551834482
"2026-04-01","J8R5XUIQIG",,"Tupperware Clear Bowl (480ml, Food Storage, Plastic)","1 Piece","Plates Bowls Crockery","Tupperware",,,334.39776260297214,450,,30.39518,25.668466412762136,0.012360735457595237,0.01903,0.06679,0.08805,0,34167.0203278878
"2026-04-01","DI0WEM7004",,"Milton New Orchid Casserole (850ml, Pink)","1 Piece","Plates Bowls Crockery","Milton",,,299.6281522887816,370,,37.96068,19.002391470231807,0.03666615201162601,0.06013,0.01542,0.02033,0,300.423335289345
"2026-04-01","IOMQKHUFSJ",,"iVeo Square 3 Part Plate (23cm, Red)","1 Piece","Plates Bowls Crockery","Iveo",,,282.7813384813385,400.63427689189194,,6.23942,29.416588946121347,0.00029036673477794434,0.00044,0.00158,0.00208,0,290.4364541392725
"2026-04-01","0KO1BC62ID",,"Ireka Homes SnackMate Chip & Dip Platter (12x1.75 Inch)","1 pack","Plates Bowls Crockery","Ireka Homes",,,898.7810758019816,1480,,22.58476,39.26952122443063,0.05394438862271869,0.06615,0.00976,0.01287,0,902.7880757129847
"2026-04-01","TH6DQGKGSW",,"Nestasia Ceramic Mandala Side Bowls (Set of 6, 300ml, White and Blue)","6 pieces","Plates Bowls Crockery","Nestasia",,,926.070295589993,1440,,36.44658,35.79195160173334,0.5799893639549873,0.75103,0.54283,0.3186,1.24755,153.74844025071786
"2026-04-01","Z2JJC65X5A",,"Home Centre Bone China Mandarin Crane Printed Bowls (470ml, Pack of 3, Multicolour)","3 pieces","Plates Bowls Crockery","Home Centre",,,586.3783251231528,999,,4.06951,41.29990048357395,0.01015521168443193,0.01213,0.00114,0.00151,0,196.30497927521876
"2026-04-01","X8EZT7TJNE",,"Sumeet Stainless Steel Heavy Gauge Bowl Set/Wati Set with Mirror Finish (350ml Each, 12cm Dia, Set of 6, Silver)","6 pieces","Plates Bowls Crockery","Sumeet",,,432.6731614534566,884.1060141304346,,39.68026,51.03676945021429,0.08456511828603841,0.08424,0.06359,0.08383,0,72.70114157741367
"2026-04-01","8GOYVLV5LF",,"Ireka Homes Wooden Moonlight Acacia Coasters (4 Pieces, 10 cm, Brown and Black)","4 pieces","Plates Bowls Crockery","Ireka Homes",,,309.09748953974895,450,,15.98894,31.317910678411376,0.008887443945191394,0.01197,0.01602,0.00257,0.05831,74.8902429102743
"2026-04-01","742ZR8WBG1",,"Jaypee Plus Electric Cook Smart Casserole (1.5 ltr, Off White)","1 Piece","Plates Bowls Crockery","Jaypee Plus",,,1886.577297585701,2650,,22.2154,28.80840386469053,0,0,0.00857,0.0113,0,1886.577297585701
"2026-04-01","JVJUAKV3IW",,"Birch & Co. Coaster Holder with 6 sets of Coasters (Tulip)","6 pieces","Plates Bowls Crockery","Birch & Co",,,367.39158894842785,799,,15.64099,54.01857459969614,0.0034809155451999627,0.00313,0.00836,0.01102,0,59.43663592480233
"2026-04-01","100000056","100000056","Dummy Product","100g","Plates Bowls Crockery","dummy",0.0411,,,,0,,,8.952792797729565e-8,,,,,
"2026-04-01","TVBLFBRCT6",,"Nestasia Nutcracker Tree Sectioned Bamboo Platter with Pack of 3 Ceramic Bowls (White)","1 pack","Plates Bowls Crockery","Nestasia",,,1507.2642857142857,2237.1428571428573,,1.71571,32.62547892720306,0,0,0.00103,0.00136,0,1507.2642857142857
"2026-04-01","DWOVP4JN1R",,"La Opala Novo Collection Silken Charm Opal Glass Dinner Set (12 Pieces, White, Microwave Safe)","12 pieces","Plates Bowls Crockery","La opala",,,945,1495,,0.24176,36.78929765886288,0,0,0.00001,0.00002,0,78.75
"2026-04-01","H5T8P9ECEY",,"Cello Opalware Dazzle Lush Fiesta Dinner Set (20 Pieces, White)","20 pieces","Plates Bowls Crockery","Cello",,,1499,2245,,6.86767,33.229398663697104,0,0,0.00018,0.00024,0,74.95
"2026-04-01","BCSCD6IGEC",,"Cello Melamine Kidzbee Cereal Bowl Set (200ml, Bamboo Buddies, Peach)","3 pieces","Plates Bowls Crockery","Cello",,,189.45823998008464,239,,5.06178,20.72876988280977,0.000694440472972308,0.00111,0.00104,0.00137,0,63.06041822574082
"2026-04-01","ALG4OC5WTK",,"Femora Porcelain Ramen Abstract Design Bowls and Spoons Set (2 Bowls, 2 Spoons)","1 pack","Plates Bowls Crockery","Femmora",,,387.2376923076923,818,,13.24061,52.66379265278729,0.02347744659237214,0.02234,0.04143,0.05356,0.0033,384.68331309147317
"2026-04-01","OATDJQCXL2",,"Larah by Borosil Opalware Snack Plates (6 Pieces, 7.5 inch/19cm, White)","6 pieces","Plates Bowls Crockery","Larah",,,436.606363122172,525,,9.38993,16.836883214824383,0.004825794930435543,0.00818,0.00194,0.00256,0,73.12213397141514
"2026-04-01","K44HQYPU81",,"Anwaliya Ceramic Dessert Bowls Set (6 Pieces, 175ml, Pink)","6 pieces","Plates Bowls Crockery","Anwaliya",,,432.55966156495504,1024,,11.02217,58.03944523826358,0.21811203333304677,0.18346,0.06284,0.06466,0.05712,71.00160700444992
"2026-04-01","KXO0FKFZ3R",,"Magique by The Wishing Chair Ceramic Portrait of a Rose Snack Plates (4 Pieces, 5.5 inches, White)","4 pieces","Plates Bowls Crockery","The Wishing Chair",,,985.6330448568943,1099,,8.78488,10.317103946387551,0.04747855532308349,0.08619,0.00582,0.00106,0.02077,246.10633164450323
"2026-04-01","DU8S9IX8GB",,"Birch & Co. Coaster Holder with 6 sets of Coasters (Indus)","6 pieces","Plates Bowls Crockery","Birch & Co",,,366.8104079518365,799,,20.54634,54.11266539127199,0.03664720084438994,0.03359,0.00088,0.00117,0,60.297587381582865
"2026-04-01","XKPKLTYYFH",,"Nestasia Ceramic Mandala Platter (27.5 cm, Green and Blue)","1 Piece","Plates Bowls Crockery","Nestasia",,,587.2414397332533,1145,,54.29202,48.85581304796778,0.25192352963629694,0.2592,0.23296,0.14706,0.50295,581.0207081572923
"2026-04-01","6VRLTL16BA",,"SAFFRON Wooden Round Carved Coaster Set (6 Pieces)","6 pieces","Plates Bowls Crockery","Saffron",,,205.4093356595512,699,,5.59102,70.49615696116985,0.03121387941485786,0.01801,0.00007,0.00009,0,35.948953146309265
"2026-04-01","K8AO6XW1CS",,"Home Centre Bone China Mandarin Begonaia Printed Bowls (470ml, Pack of 3, Teal)","3 pieces","Plates Bowls Crockery","Home Centre",,,939,999,,2.16708,6.006006006006006,0,0,0,0,0,313
"2026-04-01","ZKBRHF86ZX",,"Nestasia Snowman Bamboo Board with Candy Cane Knife and Ceramic Bowl (100ml, White)","1 pack","Plates Bowls Crockery","Nestasia",,,1350,2070,,0.00057,34.78260869565217,0,0,0.00011,0.00014,0,1350
"2026-04-01","VGHZHTXW4L",,"Glass ideas Checker Donga (700 ml)","2 pieces","Plates Bowls Crockery","Glass ideas",,,175.21277939066437,299,,15.36582,41.396751153026166,0.015200143100378812,0.01802,0.02357,0.03105,0.00008,87.96864370812219
"2026-04-01","FL9T04KIVF",,"Castleite Melamine Black Ivory Trays with Handle for Serving Snacks/Tea, Aroma Series (Black)","3 pieces","Plates Bowls Crockery","castleite",,,699,1999,,17.19661,65.03251625812906,0.03193184547474391,0.02263,0.06903,0.09099,0,232.99999999999997
"2026-04-01","NFLMDZW0UP",,"Signoraware BPA Free Plastic Round Full Plate (Set of 6, Microwave Safe and Crack Resistant, Yellow)","6 pieces","Plates Bowls Crockery","Signoraware",,,587.2246773306439,710,,21.21792,17.28693997923201,0.040471633524432234,0.06778,0.231,0.11563,0.59358,98.12522574403316
"2026-04-01","QTR28VYFJ0",,"Larah by Borosil Vanam Opalware Dinner Set (6 Pieces, 2 Full Plates, 2 Veg Bowls 210ml each, 2 Mini Veg Bowls 150ml each, Crockery for Gifting and Dining)","6 pieces","Plates Bowls Crockery","Larah",,,489.12162054196835,749.5258539166667,,71.45325,34.47180522363272,0.4731317916026022,0.63013,1.12827,0.49513,3.11813,82.03510784026273
"2026-04-01","4PPA7TVLJ1",,"Judge by Prestige Classic Stainless Steel Dinner Set (Set of 24)","24 pieces","Plates Bowls Crockery","Prestige",,,2270.00054356137,3195,,23.03931,28.94958164346051,0.10091496553207213,0.14523,0.21791,0.01524,0.85486,2287.397378658946
"2026-04-01","6DI77RXEY8",,"Classic Essentials Stainless Steel Dinner Set (5 Pieces, Silver, Permanent Laser-Glory)","5 pieces","Plates Bowls Crockery","Classic Essentials",,,265.31097084652754,700.6326659583333,,32.44441,62.80651699423427,0.9203675755803947,0.68782,0.69804,0.91993,0.00067,51.73195577668903
"2026-04-01","T446PJCRH7",,"Melli Silicone Divided Plate (Blue)","1 Piece","Plates Bowls Crockery","Melii",,,827.2850588120052,895.8998563333333,,21.28477,7.659638222051588,0.030027144252764655,0.05611,0.19299,0.02464,0.72205,827.1598354177971
"2026-04-01","YVDF6ITYSM",,"Homestop  Neem Wood Salad Bowl, 17x5 cm","1 Piece","Plates Bowls Crockery","HomeStop",,,995,995,,5.18196,0,0,0,0.00006,0.00008,0,99500
"2026-04-01","4IIRG895AK",,"Nestasia Handmade Tray (Green)","1 Piece","Plates Bowls Crockery","Nestasia",,,1445.3548387096773,1800,,19.38642,19.702508960573486,0,0,0.03173,0.03726,0.01434,144535.48387096773
"2026-04-01","64N7498MD4",,"Signoraware Stainless Steel Serving Bowl (200ml x 3, Leakproof and Microwave Safe, Blue)","3 pieces","Plates Bowls Crockery","Signoraware",,,394.42413558747086,435,,16.73156,9.4216186691355,0.04911532624965624,0.08962,0.01176,0.00871,0.02132,13062.41054507075
"2026-04-01","J4L6H6NUSJ",,"iVeo Solid Round Veg Bowl Set (6 Pieces, 130ml, 3.5 inch, Red)","6 pieces","Plates Bowls Crockery","Iveo",,,280.8490566037736,456,,0.75628,38.41029460443562,0.0009933025585802146,0.00099,0,0,0,38.474967061923586
"2026-04-01","U0NJWPCJ06",,"La Opala Novo Collection Silken Charm Opalware Dinner Set (35 Pieces, White, Microwave Safe)","35 pieces","Plates Bowls Crockery","La opala",,,2695,3395,,4.1685,20.61855670103093,0.007395311812236466,0.0119,0.00037,0.00048,0,77
"2026-04-01","23VA4TUF4G",,"ExclusiveLane Ceramic 'The Hut Curved Serving' Bowls (190 ml, Multicolored)","2 pieces","Plates Bowls Crockery","ExclusiveLane",,,799,1325,,9.93387,39.698113207547166,0.012267068768957189,0.01499,0.02922,0.0009,0.11825,399.5
"2026-04-01","YTPOKU07LR",,"Castleite Melamine Tulip Armena Small Tray with Handle for Serving, Aroma Series (24 cm, Black)","1 Piece","Plates Bowls Crockery","castleite",,,182.054236006556,499,,12.23528,63.51618516902685,0.006882758978828738,0.00501,0.03141,0.0414,0,180.1899643576847
"2026-04-01","G2KCLHVZJW",,"Sumeet Stainless Steel Small Apple Square Shape Plate/Dessert Plate/Halwa Plate Set (9cm Dia, 120ml Each, Set of 6, Silver)","6 pieces","Plates Bowls Crockery","Sumeet",,,437.09190682388606,980.0924710416667,,15.1708,55.40141364023,0.04470950661153269,0.04024,0.00321,0.00275,0.00465,73.00863103079922
"2026-04-01","DS9I3VW7KD",,"P-TAL Brass Coasters (Pack of 4, Golden)","4 pieces","Plates Bowls Crockery","P-Tal",,,948.7875370096225,1093.079764300518,,4.14372,13.200521316322309,0.0016402561987081175,0.0028,0.00003,0.00004,0,237.4380282422821
"2026-04-01","PJ9K7G540C",,"HomeStop Grace Glitz 2 Tier Bowls Set (450ml)","1 pack","Plates Bowls Crockery","HomeStop",,,546.375,795,,7.25452,31.27358490566038,0,0,0.00018,0.00023,0,546.375
"2026-04-01","I4K8RA3ODQ",,"Cello Zenith Round Glass Bowl with Lid (1L, 17cm, Stackable)","1 Piece","Plates Bowls Crockery","Cello",,,160,175,,1.143,8.571428571428571,0.0007626211091204674,0.00141,0.00179,0.00236,0,160
"2026-04-01","DG7D1L7D09",,"La Opala Diva Morocann Gold Full Plate Deco Set (Set of 6)","6 pieces","Plates Bowls Crockery","La Opala",,,1106.7661016949153,1350,,5.2254,18.017325800376643,0.013233142638979832,0.02202,0.00086,0.00113,0,1108.2889245071326
"2026-04-01","9RFAWN8262",,"CLASSIC ESSENTIALS Stainless Steel Microwave Safe Mixing Bowl Set (500ml, 750ml, 1.25L, Set of 3, Navy Blue)","3 pieces","Plates Bowls Crockery","Classic Essentials",,,396.80131197757123,1315,,8.89151,69.82520267723385,0.09920217210704667,0.06062,0.01686,0.02222,0,132.1260115088155
"2026-04-01","56I0FBT4MI",,"Nestasia Wooden Serving Board with Handle (50 cm, Brown)","1 Piece","Plates Bowls Crockery","Nestasia",,,996.6340405280564,2015,,41.00983,50.618864091009996,0.12363175148089994,0.12182,0.06841,0.03615,0.16982,971.8509875133252
"2026-04-01","KTBUMC6K4G",,"Nayasa Plastic Desire Insulated Stainless Steel Casserole (1200ml, Green)","1 Piece","Plates Bowls Crockery","Nayasa",,,466.5822222222222,545,,10.97495,14.388583078491342,0.00039579621687286175,0.00069,0.00094,0.00124,0,467.9033363572221
"2026-04-01","DYM3OJLFSZ",,"Castleite Melamine Bliss Non Breakable Tropicana Cabana Quarter Plate (7 Inch, Sea Green)","1 Piece","Plates Bowls Crockery","Castleite",,,99.09192024897584,249,,11.27279,60.196189516650385,0.009911460464464549,0.00797,0.00214,0.00282,0,99.93131014620054
"2026-04-01","O6X591RXRK",,"Borosil Designer Mixing Serving Bowls Set Borosilicate Glass Microwave Oven Dishwasher Safe Bowls (430ml Each, Transparent, Pack of 4)","4 pieces","Plates Bowls Crockery","Borosil",,,576.669030331287,694.5330346249999,,67.9187,16.964591067623783,0.1766316313549336,0.29708,0.4618,0.57909,0.09319,144.24624579890795
"2026-04-01","IBQ7NCCXK5",,"Sumeet Heavy Gauge Stainless Steel Multi Utility Serving Plates (230ml, 11.5cm Dia, Pack of 6)","6 pieces","Plates Bowls Crockery","Sumeet",,,336.55476113518847,995.5146919166667,,41.29631,66.18774334089305,0.38221585399739577,0.26126,0.32397,0.24306,0.57824,56.056155393347076
"2026-04-01","O0ZC3WEN8A",,"La Opala Diva Ivory Plain Full Plate (Set of 6)","6 pieces","Plates Bowls Crockery","La Opala",,,649.1682464454976,720,,2.12211,9.837743549236441,0.0015683724609161283,0.00286,0.00019,0.00025,0,649.0382543103449
"2026-04-01","02DH1H8LGA",,"Larah by Borosil Orbit Series Opalware Pudding Set, Microwave Dishwasher Safe Crockery Set for Dining, Gifting Bowls Set (1U-1.065 L, 6U-180ml, Green, 7 Pieces)","7 pieces","Plates Bowls Crockery","Larah by Borosil",,,1079.862142857143,1250,,2.00587,13.611028571428566,0.0035399473419927777,0.00514,0.00059,0.00078,0,129.67729408689556
"2026-04-01","JDT6XC1MSJ",,"Larah by Borosil Meadow Opalware Dinner Set (31 Pieces, Crockery for Gifting and Dining)","31 pieces","Plates Bowls Crockery","Larah",,,1650.0016500103382,3291.412932666667,,76.79238,49.69050435972308,5.116096752019965,5.21554,1.90286,1.5808,2.91502,53.39034325918845
"2026-04-01","AL238YPXWT",,"HomeStop Bella Ripple Mugs and Bowl Set (4 Pieces, 350ml)","4 pieces","Plates Bowls Crockery","HomeStop",,,419,695,,0.06578,39.71223021582734,0,0,0,0,0,104.75000000000001
"2026-04-01","4141GCRB73",,"Sumeet Heavy Gauge Stainless Steel Apple Square Bowl / Wati / Katori with Mirror Finish (11cm Dia, 350ml Each, Set of 6, Silver)","6 pieces","Plates Bowls Crockery","Sumeet",,,846.8721424774056,1547.18538569378,,23.47196,45.263702672140816,0.005663567219974908,0.00625,0.02577,0.03398,0,141.4735850426335
"2026-04-01","Z9KOP1XZIG",,"Larah by Borosil Fluted Erba Opalware Dinner Set, Family of 4, Microwave Dishwasher Safe Crockery Set for Dining, Gifting (Green and White, 12 Pieces)","12 pieces","Plates Bowls Crockery","Larah by Borosil",,,1166.7499710735838,1630.1686772083335,,54.41168,28.427711681858103,0.12959570559304198,0.18812,0.09539,0.04847,0.24287,97.29427612684982
"2026-04-01","3S7M8CPR30",,"iVeo Solid Square Veg/Snack Bowl Set (2 Pieces, 220ml, 4.4 inch, Red)","2 pieces","Plates Bowls Crockery","Iveo",,,192.52541736572837,260,,18.72296,25.832769538755453,0.00679649849347835,0.0105,0.00666,0.00878,0,99.17283620866294
"2026-04-01","LAQEC854F3",,"Cello Roti Plus Insulated Casserole for Roti (Red)","1 Piece","Plates Bowls Crockery","Cello",,,636.5854700854701,835,,14.33163,23.76221915144071,0.004243754483828891,0.00655,0.00053,0.0007,0,635.8460098664019
"2026-04-01","82EWQCHNN3",,"iVeo Triple Sauce Dish (15.5cm, Yellow)","1 Piece","Plates Bowls Crockery","Iveo",,,113.15145380934854,145,,8.01368,21.96451461424239,0.00036834969880682953,0.00064,0.00057,0.00075,0,118.39817074421178
"2026-04-01","4NOZWQGIY7",,"Home Centre Velto Stoneware Dip Bowls with Spoon (Set of 3, 110ml each)","3 pieces","Plates Bowls Crockery","Home Centre",,,390.02750000000003,399,,15.66942,2.2487468671679136,0.004345698693788439,0.00861,0.00182,0.0024,0,130.01611137553544
"2026-04-01","FD9GBX1WE2",,"La Opala Novo Radiant Curve Multiutilty Bowl Set (Set of 2)","2 pieces","Plates Bowls Crockery","La Opala",,,206.1298854447439,235,,1.92968,12.277525074417559,0.004077114909856551,0.00727,0.02614,0.03445,0,206.40176823013803
"2026-04-01","HU1D4WX6KH",,"BlackCarrot Ceramic Stoneware Quarter Plates (7"", Pack of 2, Beige, White)","2 pieces","Plates Bowls Crockery","BLACKCARROT",,,766.616763969975,1399,,4.99557,45.20251865832917,0.0020314779959033076,0.00226,0.00161,0.00086,0.00397,768.7501224247089
"2026-04-01","PZ9FZ2FDP9",,"Anwaliya Breakfast Set (Coffee Mug 350ml and Snack Bowl 550ml, 2 Pieces, Teal)","2 pieces","Plates Bowls Crockery","Anwaliya",,,252.08632462889094,499,,12.26074,49.537009461458254,0.04130091046314164,0.04109,0.03047,0.02316,0.05344,12237.62412586839
"2026-04-01","G8QL64G6Z5",,"CLASSIC ESSENTIALS Stainless Steel Glory Dinner Set with Permanent Laser Design (Set of 12)","12 pieces","Plates Bowls Crockery","Classic Essentials",,,747.2990179790954,1051.0255504583333,,54.65233,28.858591648839887,0.030584569964915265,0.04543,0.04516,0.05933,0.00062,62.006100913270316
"2026-04-01","7YDMFO8D9C",,"Sumeet Stainless Steel Heavy Gauge Shallow Dinner Plates with Mirror Finish (23.3cm Dia, Set of 6, Silver)","6 pieces","Plates Bowls Crockery","Sumeet",,,862.4976831173975,1500.4315734285715,,25.2037,42.529253093440246,0.07555329369151603,0.08639,0.05319,0.04581,0.07638,143.66109657068134
"2026-04-01","CLD9QHODG7",,"Pure Home + Living Ribbed Small Bowls (Pack of 2, Green)","2 pieces","Plates Bowls Crockery","Pure Home + Living",,,1178.691010545544,1399,,22.20988,15.747604678660183,0.0010157389979516538,0.00172,0.20654,0.05582,0.68025,58595.15362777083
"2026-04-01","PH0WOC41I1",,"Eha Earth Friendly Rice Husk Biocomposite Soup Bowls with Spoons Set (4 Pieces, 250ml, Multicolour)","4 pieces","Plates Bowls Crockery","Eha",,,566.593984962406,751,,3.84183,24.554729032968574,0,0,0.00013,0.00017,0,141.6484962406015
"2026-04-01","P78P47I3GL",,"Corelle Winter Frost White Curry/Noodle Bowl (Set of 2, 828ml each)","2 pieces","Plates Bowls Crockery","Corelle",,,1294.8100503401233,1496.288437611111,,26.77532,13.459441365074268,0.10441766402811815,0.18319,0.02821,0.03719,0,1295.6304216758272
"2026-04-01","HZ1J5FCYR2",,"Nayasa Plastic Partition Plate (Orange)","1 Piece","Plates Bowls Crockery","Nayasa",,,175.31004366812226,225,,7.83079,22.0844250363901,0.0026139541015268806,0.00412,0.00417,0.0055,0,175.04996481351162
"2026-04-01","4WLRMRICP0",,"Home Centre Vamos Louisa Glass Bowls with Bamboo Tray (Set of 3, 240ml)","3 pieces","Plates Bowls Crockery","Home Centre",,,789.6402628505967,799,,48.40802,1.1682084396366006,0.04844049043244538,0.09704,0.14378,0.18953,0,263.5088374747594
"2026-04-01","MUQ5YC3ROO",,"Pure Home + Living Ceramic Printed Dinner Plate (Ivory)","1 Piece","Plates Bowls Crockery","Pure Home + Living",,,775.0498650403557,899,,15.8469,13.787556725210713,0,0,0.26814,0.19274,0.50511,77504.98650403558
"2026-04-01","91JST9LL3I",,"Larah by Borosil Orbit Series Opalware Pudding Set, Microwave Dishwasher Safe Crockery Set for Dining, Gifting Bowls Set (1U-1.065 L, 6U-180ml, White, 7 Pieces)","7 pieces","Plates Bowls Crockery","Larah by Borosil",,,699.9656534180729,890,,54.03502,21.35008301002846,0.061716763314100406,0.09823,0.03807,0.05018,0,100.04905506322747
"2026-04-01","5ZDJLJQTFL",,"Selvel Royal Linex Casserole Collection (1700ml, Brown, Insulated Hot Cases, Stainless Steel Inner)","1 Piece","Plates Bowls Crockery","Selvel",,,2127,2127,,0.65238,0,0,0,0,0,0,212700
"2026-04-01","8RCSTM2RAF",,"Nestasia Ceramic Bread-Shaped Snack Plate (17 cm, White)","1 Piece","Plates Bowls Crockery","Nestasia",,,373.2897065829052,634.631877047619,,25.35312,41.20270166929663,0.037271935874654875,0.04253,0.01412,0.01436,0.01335,360.9965648686394
"2026-04-01","H10TW9X5B4",,"Ireka Homes Wooden Dark Acacia Tray (40x25cm, Black)","1 Piece","Plates Bowls Crockery","Ireka Homes",,,701.7868699752629,1170,,24.04089,40.02120300023905,0.040777683983819334,0.04937,0.06625,0.08733,0,699.9477331415256
"2026-04-01","U8VGPYW8UG",,"Sumeet Stainless Steel Heavy Gauge Mirror Finish Dinner Set (2 Plates - 500ml, 2 Bowls - 200ml, 2 Glasses - 300ml, 2 Spoons, Set of 8, Silver)","8 pieces","Plates Bowls Crockery","Sumeet",,,610.8263130134482,1555.5569108333336,,72.85491,60.669484272399664,0.8284877424002501,0.67061,1.18731,0.8956,2.10408,76.67138276327077
"2026-04-01","DNHX7LD1AI",,"Castleite Melamine Lille Marble Print Serving Platter/Tray Plates with Sauce Dip (Black)","2 pieces","Plates Bowls Crockery","castleite",,,420.591111132682,993.7060851271187,,31.73538,57.672200914744884,0.027078168367225416,0.0225,0.0482,0.06354,0,210.69010288697197
"2026-04-01","99K0SIZ5AM",,"Nestasia Ceramic Red Mini Fondue Set with 2 Dipping Forks (Set of 1 Fondue Pot 350ml + 1 Fondue Stand + 2 Metal Skewers + 1 Tealight Candle, Red, Silver, White)","1 pack","Plates Bowls Crockery","Nestasia",,,1120.4152777777779,1800,,1.7537,37.75470679012346,0,0,0,0,0,1120.4152777777779
"2026-04-01","BR2YLN872A",,"La Opala Novo English Lavender Full Plate Set (Set of 6)","6 pieces","Plates Bowls Crockery","La Opala",,,674.4,810,,0.81537,16.74074074074074,0,0,0.00018,0.00024,0,674.4
"2026-04-01","SY3B8MPAKM",,"Nayasa Plastic Round Full Plate Set (Yellow)","6 pieces","Plates Bowls Crockery","Nayasa",,,597.2085441279858,849,,15.65763,29.65653609806213,0.02311715658537835,0.03301,0.01615,0.02129,0,99.696286857842
"2026-04-01","MUOTP91ZSF",,"Sumeet Stainless Steel 3 in 1 Pav Bhaji Plate / Compartment Plate (21.5cm Dia, Set of 6, Silver)","6 pieces","Plates Bowls Crockery","Sumeet",,,803.2461704818445,1699.793439705882,,20.30045,52.7453751074245,0.017898832880696852,0.01705,0.00797,0.00398,0.02051,133.18660905636028
"2026-04-01","O41HVS4R88",,"Cello Melamine Kidzbee Pentameal Lion King Kids Meal Set (Orange)","5 pieces","Plates Bowls Crockery","Cello",,,736.5577278606595,1199,,30.93246,38.55541921637196,0.16497818831130984,0.20557,0.01138,0.015,0,147.44608983805392
"2026-04-01","LVPM5JRSGX",,"Opalware by Cello Ruby Solitaire Collection Dinner Set (27 Pieces)","27 pieces","Plates Bowls Crockery","opalware by cello",,,4880,5295,,1.10966,7.837582625118036,0,0,0.00004,0.00005,0,180.74074074074073
"2026-04-01","4QMOVJAC7O",,"La Opala Novo Collection Lush Green Opal Glass Dinner Set (12 Pieces)","12 pieces","Plates Bowls Crockery","La opala",,,945,1495,,1.72606,36.78929765886288,0,0,0.00046,0.00061,0,78.75
"2026-04-01","IFB036UGFS",,"Cello Opalware Dazzle Series Lush Fiesta Dinner Set (27 Pieces, White)","27 pieces","Plates Bowls Crockery","Cello",,,2099,2749,,6.86837,23.64496180429247,0,0,0.00007,0.00009,0,77.74074074074073
"2026-04-01","IYQXS5M8DI",,"Eha Earth-Friendly Small Curry Bowl Set (175ml, Bamboo Fiber & Rice Husk, Multicolor)","4 pieces","Plates Bowls Crockery","Eha",,,357.1890761780592,429,,7.08784,16.73914308203747,0.003582206266634129,0.00606,0.00719,0.00948,0,89.39355089206813
"2026-04-01","2GB4O552KH",,"HAZEL Steel Atta Parat Dough and Flour Kneading Plate (31cm, 2400ml)","1 Piece","Plates Bowls Crockery","Hazel",,,246.5761421319797,1069,,4.30878,76.93317891364707,0.03201723464206046,0.01499,0.00274,0.00362,0,24699.435788114566
"2026-04-01","S7IN01KTNC",,"ExclusiveLane Ceramic 'Two Dips Of Hut' Bowls (80 ml, Multicolored)","2 pieces","Plates Bowls Crockery","ExclusiveLane",,,441.70022076861807,790,,11.43536,44.08857964954202,0.009177375020952417,0.0107,0.03044,0.00992,0.09493,227.4370262291918
"2026-04-01","NQ9LX3DEB6",,"Borosil Serving Mixing Glass Bowl with Lid Borosilicate Glass Multipurpose Bowl for Kitchen Dining Microwave Dishwasher Safe (1.3L, Transparent)","1 Piece","Plates Bowls Crockery","Borosil",,,442.10141778805894,595.035156329114,,10.28249,25.7080899804808,0.005831949430014932,0.00868,0.00492,0.00631,0.00056,442.8700226173755
"2026-04-01","1STBKSR7PL",,"Magique by the Wishing Chair Ceramic Nysa Bowls and Platter Set Gift Box (3 Pieces)","3 pieces","Plates Bowls Crockery","The Wishing Chair",,,886.652027027027,1190,,12.04307,25.49142630024983,0.007776949111059389,0.01174,0.00031,0.00041,0,295.59110021023133
"2026-04-01","7B1V1TZL2B",,"Birch & Co. Serving Tray with 4 Pieces Matching Coasters (Pink Bloom)","4 pieces","Plates Bowls Crockery","Birch & Co.",,,601.9216573609542,1499,,26.85366,59.87760467208909,0.23342021986962203,0.18803,0.06783,0.08941,0,150.71704910952795
"2026-04-01","17XVT36EU5",,"Larah by Borosil Vanam Opalware Dinner Set (31 Pieces, Crockery for Gifting and Dining)","31 pieces","Plates Bowls Crockery","Larah",,,1646.2577095347842,3290,,69.03559,49.913013145703864,1.1352929810341719,1.15253,0.97091,0.5207,2.38586,53.15102341707033
"2026-04-01","7EJ975EXAR",,"Anwaliya Ceramic Dessert Bowls with Spoons Set (6 Bowls + 6 Spoons, 175ml, Pink)","1 pack","Plates Bowls Crockery","Anwaliya",,,585.6223404255319,1624,,2.88867,63.93951105754114,0.004716444517188334,0.00344,0.00103,0.00135,0,579.3629949268178
"2026-04-01","70MMG4NDV6",,"Glass ideas Bon Bon Plate with Goody Bag (5 Inch, 350ml each)","2 pieces","Plates Bowls Crockery","Glass ideas",,,155,229,,9.18621,32.314410480349345,0,0,0.00025,0.00033,0,77.5
"2026-04-01","814WSV3UOV",,"iVeo Solid Waves Serving Bowl (1190ml, Black)","1 Piece","Plates Bowls Crockery","Iveo",,,372.0589184826473,736,,4.53462,49.44851651050988,0,0,0.00115,0.00152,0,372.0589184826473
"2026-04-01","WDN8AOH3WM",,"HAZEL Stainless Steel Parat Atta Kneading Plate (33cm, 2700ml)","1 Piece","Plates Bowls Crockery","Hazel",,,284.7969094922737,1149,,3.09944,75.2134978683835,0.005840009121827972,0.00291,0.00009,0.00012,0,28217.25922898788
"2026-04-01","LIS6JF1YKW",,"Neelam Stainless Steel Prem Vati Set (4 Pieces, 100ml, 4.5 inch, Silver)","4 pieces","Plates Bowls Crockery","Neelam",,,193.85798189513176,231.32266091666668,,40.8915,16.116087472950806,0.005420905147549829,0.00923,0.01718,0.02264,0,47.982820047532776
"2026-04-01","H2QC1MS3XX",,"Asian Plastowares Cosmos Casserole (1.5L, Bluish Grey, BPA-Free)","1 Piece","Plates Bowls Crockery","Asian",,,276.28333333333336,351,,5.50518,21.289200071487898,0.005989222335123465,0.0095,0.00458,0.00604,0,274.8338187425047
"2026-04-01","FM6PZL61EL",,"Femora Matte Finish Ceramic Bowl Set (300ml, 4 Pieces, Pink)","4 pieces","Plates Bowls Crockery","Femora",,,399,800,,7.94568,50.125,0.0005809512990643491,0.00059,0.00179,0.00236,0,99.75
"2026-04-01","J8OGOOHSSF",,"Nayasa Plastic Dinner Partition Plate (White)","1 Piece","Plates Bowls Crockery","Nayasa",,,249,285,,18.18924,12.631578947368421,0.007656925051897615,0.01356,0.03004,0.0316,0.02515,249.00000000000006
"2026-04-01","CDHSVQFO5U",,"Home Centre Stellar Fantasy Ceramic Swan Decorative Platter (Gold)","1 Piece","Plates Bowls Crockery","Home Centre",,,1009.0592592592594,1251.3744493333336,,50.31747,19.32034175187302,0.02626653561870132,0.05271,0.01049,0.01382,0,1009.0004395254225
"2026-04-01","GGMBY2LA7U",,"Chumbak Palace Memoirs Chip & Dip Platter Gift Set","1 Piece","Plates Bowls Crockery","Chumbak",,,957.932913948556,1996.461490916667,,62.36297,51.96756296247716,0.3511052257695483,0.3428,0.14059,0.10467,0.25347,967.632533996739
"2026-04-01","3NJCA327LA",,"Femora Borosilicate Glass Microwave Safe All-Purpose Mixing Bowls (700ml, 2 Pieces, Transparent)","2 pieces","Plates Bowls Crockery","Femora",,,598.9878306878306,750.4508945714286,,13.23509,20.182941346228425,0.015527540851595053,0.02512,0.00101,0.00122,0.00037,299.4998253041607
"2026-04-01","X1FMZIIT2C",,"Sumeet Stainless Steel Apple Shape Heavy Gauge Dinner Plates with Mirror Finish (27cm Dia, Set of 2, Silver)","2 pieces","Plates Bowls Crockery","Sumeet",,,598.76856994857,1197.4226871904764,,18.77091,50.010304195686935,0.07240739993032842,0.07239,0.05988,0.0654,0.0425,296.3559403138665
"2026-04-01","C4WB79WVZV",,"Lucky Glass Thailand Glass Chatni/Sauce Bowl (Set of 6, 50ml, Transparent)","6 pieces","Plates Bowls Crockery","Lucky Glass Thailand",,,189.20943396226417,300,,3.9251,36.93018867924528,0.00032674426269086007,0.00042,0.00002,0.00003,0,31.51450980392157
"2026-04-01","X5B25HIDZ8",,"UrbanFix Acacia Wood Multipurpose Food Serving Platter with Handle (20.5 x 37 cm, Brown)","1 Piece","Plates Bowls Crockery","UrbanFix",,,745.1471609550621,4999,,39.02981,85.13610092357445,0.9301254662413944,0.27251,0.02621,0.03454,0,728.8102528925925
"2026-04-01","2OTBQD0E5F",,"Home Centre Olen Gleam Glass Chip n Dip","1 pack","Plates Bowls Crockery","Home Centre",,,760.0977332826146,798.9957325238095,,43.14825,4.868487172933341,0.15808976576526113,0.30508,0.08646,0.11397,0,760.0949946660851
"2026-04-01","36KKSYJQK4",,"Kavi The Poetry-Art Project Bombay Sapphire Platter With Glasses","1 pack","Plates Bowls Crockery","Kavi The Poetry-Art Project",,,956.5735359547859,1299,,21.06548,26.359999671260486,0.029333575097826192,0.04373,0.00474,0.00625,0,955.6097477143466
"2026-04-01","IZPEE1Z0Y1",,"Home Centre Frostra Hernan Frosted Glass Bowls (Set of 3)","1 pack","Plates Bowls Crockery","Home Centre",,,888.465738655602,898.3482706666667,,36.87231,1.1022179541366293,0.17494083871026261,0.35058,0.07547,0.09948,0,888.9986057014457
"2026-04-01","UAZCD0GCFD",,"Sumeet Stainless Steel Heavy Gauge Bowl Set / Wati Set with Mirror Finish (10cm Dia, 200ml Each, Set of 6, Silver)","6 pieces","Plates Bowls Crockery","Sumeet",,,388.6646694533532,730.5514267083332,,62.26977,46.86009482596843,0.18183579614156517,0.19412,0.66136,0.87179,0,64.50634023937283
"2026-04-01","2148Q784R6",,"Milton Galaxia Insulated Stainless Steel Casseroles Set (3 Pieces, 2.5L, Silver)","3 pieces","Plates Bowls Crockery","Milton",,,3154.3140942875466,3535.613564095238,,19.97004,10.784534647107728,0.02574091301478596,0.04648,0.00356,0.00469,0,1049.0273401482539
"2026-04-01","JB0PT85WT4",,"Home Centre Wooden Oakland Reversible Coasters with Holder (9.5cmx9.5cm, Pack of 6, Brown)","6 pieces","Plates Bowls Crockery","Home Centre",,,796.8444912833888,996.4473951904763,,15.12354,20.031454231352807,0.008704467158084513,0.01395,0.00568,0.00749,0,131.72370409402828
"2026-04-01","72P3ELHPE5",,"iVeo Solid Octa Snack Bowl (300 ml, Black)","1 Piece","Plates Bowls Crockery","Iveo",,,193.5918339236521,312,,0.64804,37.951335280880734,0.002945054954386952,0.00392,0.00178,0.00235,0,203.21439417015108
"2026-04-01","BK0PAAJXOO",,"BlackCarrot Red Stoneware Snack Bowl","1 pack","Plates Bowls Crockery","BLACKCARROT",,,1055.660531238309,2198.854272,,13.23063,51.98987903502012,0.027392714177442486,0.02674,0.00617,0.0006,0.02367,1058.9762433751034
"2026-04-01","WBJVKHHJV9",,"Cello Opalware Dazzle Series Secret Garden Dinner Set (35 Pieces, Bone Ash-Free)","35 pieces","Plates Bowls Crockery","Cello",,,2265.765576414219,4295,,41.49576,47.25775967470591,0.3477240761392233,0.37053,0.04676,0.05999,0.00518,64.65955436778272
"2026-04-01","7ZFRWYSR01",,"Cello Melamine Kidzbee Cone Bowl Set for Kids (200ml, Cosmic Explorer, Navy Blue)","3 pieces","Plates Bowls Crockery","Cello",,,169.11176128022387,229,,9.21201,26.15206930994591,0.001330066978660261,0.00199,0.00071,0.00094,0,56.3428926500068
"2026-04-01","U2JKJF7OKT",,"Castleite Melamine Spicy Destin Small Tray with Handle for Serving, Aroma Series (24 cm, Black)","1 Piece","Plates Bowls Crockery","castleite",,,180.1428404538453,499,,13.46345,63.89923036997089,0.007788929734024722,0.00566,0.01884,0.02483,0,181.50132372804143
"2026-04-01","JNAULT7QQY",,"Kitchen Essentials Stainless Steel Begi China Half Dinner Plate Set (Size 9, Set of 4, Grade 304)","4 pieces","Plates Bowls Crockery","Kitchen Essentials",,,681.6388888888888,879,,0.88645,22.452913664517766,0,0,0,0,0,17040.972222222223
"2026-04-01","Q9JIXMFNM9",,"Clazkit Cotton Roti Cloth Wrap Rumal (2 Pieces, Round, Color May Vary)","2 pieces","Plates Bowls Crockery","Clazkit",,,185,198.99963941666667,,29.64492,7.034979693346224,0.017188490853606922,0.03241,0.00476,0.00619,0.00026,92.5
"2026-04-01","JUJ5F030WP",,"Femora Borosilicate Microwave Safe Mixing Bowl (400ml, Transparent)","1 Piece","Plates Bowls Crockery","Femora",,,266.35688956433637,300,,11.69668,11.214370145221212,0.001579263936339157,0.00285,0.00063,0.00025,0.00184,26683.818136356058
"2026-04-01","I5HZ8OFDHZ",,"Pure Home + Living Dessert Plates with Gold Foil Rim (Pack of 2, Gold)","2 pieces","Plates Bowls Crockery","Pure Home + Living",,,1867.766803887582,2199,,17.72385,15.062901141992633,0,0,0.10863,0.05653,0.27236,93388.34019437908
"2026-04-01","006ZU0JYGS",,"Home Centre Glass Elvo Seong Icecream Bowls (4 Pieces)","4 pieces","Plates Bowls Crockery","Home Centre",,,795,799,,25.03446,0.5006257822277951,0.03857934858443523,0.07779,0.01476,0.01946,0,198.75
"2026-04-01","95JS0P2L69",,"Home Centre Velto Stoneware Oval Dip Bowls (Set of 3, 50ml)","3 pieces","Plates Bowls Crockery","Home Centre",,,389.9786666666667,399,,31.02858,2.260763730412288,0.01694822490577491,0.03357,0.0333,0.0439,0,129.99986510696596
"2026-04-01","4U89Y1QOYS",,"Melli Silicone Divided Plate (Pink)","1 Piece","Plates Bowls Crockery","Melii",,,830.6189814814815,899,,31.37903,7.609294682818996,0.04275601157965827,0.0799,0.15258,0.01449,0.58657,829.0195812951315
"2026-04-01","IXHZOT0VY8",,"Sumeet Stainless Steel Apple Shape Heavy Gauge Small Dessert Plates with Mirror Finish (12.8cm Dia, Set of 12, Silver)","12 pieces","Plates Bowls Crockery","Sumeet",,,1095,1846.4632275238098,,23.14289,40.69750899498317,0.040450939721128475,0.04834,0.00761,0.00891,0.00353,91.25
"2026-04-01","D3M9VGEMP5",,"Cello Opalware Dazzle Series Blue Swirl Dinner Set (18 Pieces, Bone Ash-Free)","18 pieces","Plates Bowls Crockery","Cello",,,1570.1593834884984,2099,,45.12712,25.00896829678222,0.16687962209066218,0.25828,0.04088,0.05389,0,89.05124310495324
"2026-04-01","3QY6Q3SM4U",,"Nestasia Ceramic Square Dessert Plate (Set of 6, 8 cm, Beige)","6 pieces","Plates Bowls Crockery","Nestasia",,,1210.3999104931868,1750,,31.67167,30.83429082896076,0.003812016398060034,0.00518,0.0147,0.01357,0.01823,199.51093181617384
"2026-04-01","4XNDCSLQYU",,"Wonderchef Gold Stanton Stainless Steel Casserole Set (3.7L, 2.9L, 2L, Set of 3, Silver, Induction Base)","3 pieces","Plates Bowls Crockery","Wonderchef",,,1860.6617454792877,4496.687801708334,,47.29139,58.6422205980346,0.2916192544515926,0.24421,0.06464,0.08521,0,616.2322132391009
"2026-04-01","EWZGXW78TU",,"HomeStop Garce Footed Bowls","1 Piece","Plates Bowls Crockery","HomeStop",,,2306.308093645485,3595,,21.10342,35.84790767108303,0.1044120004608982,0.13531,0.03189,0.04204,0,2299.022806955737
"2026-04-01","FQ6NJ87955",,"Birch & Co. Serving Tray with 4 Pieces Matching Coasters (Tan, Heritage)","4 pieces","Plates Bowls Crockery","Birch & Co.",,,599.0221589057131,1499,,25.87605,59.98520006586576,0.46153650903773746,0.37536,0.22335,0.29442,0,150.29255825693713
"2026-04-01","J8QYO0TY0Z",,"Glass ideas Curry Bowls (300 ml)","2 pieces","Plates Bowls Crockery","Glass ideas",,,139.34401644631413,199,,59.87608,29.99468798141424,0.1213299470649971,0.17193,1.29621,1.70435,0.01352,69.6483222503829
"2026-04-01","2HW2RI5U83",,"The Earth Store Handcrafted Tritone Green Matte 8 Pieces Ceramic Dinner Set (4 Plates & 4 Bowls, White and Green)","8 pieces","Plates Bowls Crockery","The Earth Store",,,1622.1142476042473,3734.8540541111115,,28.66881,56.56820255616903,0.008710566384321407,0.00833,0.00301,0.00001,0.01241,202.10173230485728
"2026-04-01","QJJQIA2YPM",,"Nestasia Christmas Tree Sustainable Large Wooden Platter","1 Piece","Plates Bowls Crockery","Nestasia",,,1438.366166018247,2250.55374147619,,20.8812,36.08834397019156,0.0027119773803341387,0.00346,0.00665,0.00877,0,1419.23254980305
"2026-04-01","W9LPN8W3D2",,"Corelle Country Cottage Veg/Dessert Bowl (Set of 2, 296ml each)","2 pieces","Plates Bowls Crockery","Corelle",,,879.5242267351111,1044.75,,30.94682,15.814862241195396,0.0011436049194180101,0.00194,0.03119,0.04111,0,878.6306697188049
"2026-04-01","F5HJ5OQP3V",,"Jaypee Plus Stainless Steel Ribtok Meal Bowl with Lid and Spoon (900ml, Pink)","1 pack","Plates Bowls Crockery","Jaypee Plus",,,299.17415912258383,372.66066345833326,,35.09696,19.733412847779697,0.053603485441977884,0.08725,0.07989,0.10532,0,299.67183259884115
"2026-04-01","QYSH5KXRJV",,"Home Centre Melamine Melina Happiness Copper Printed Noodle Bowls (650ml, Pack of 2, Multicolour)","2 pieces","Plates Bowls Crockery","Home Centre",,,552.9272762345679,573.6327161805556,,3.19594,3.6095291223714754,0,0,0.00123,0.00163,0,276.46363811728395
"2026-04-01","CBE1YDDVTC",,"iVeo 3 Part Plate, Tumbler and Spoon Square Set (Red)","3 pieces","Plates Bowls Crockery","Iveo",,,362.6025518341308,692.9161083253589,,9.65004,47.67093176263751,0.0045421809104198765,0.00455,0.00235,0.00309,0,118.13466004041817
"2026-04-01","U6GHEO4V2T",,"ExclusiveLane Mango Wood Floral Chronicles Chapati Box (1080 ml, Multicolored)","1 Piece","Plates Bowls Crockery","ExclusiveLane",,,1560.9987222545703,2917.5770249999996,,19.2267,46.503418565877546,0.058408368739601216,0.06292,0.00214,0.00068,0.00673,1557.4644032565932
"2026-04-01","871I1B0CQ1",,"Femora Mango Wooden Rectangular Serving Trays for Breakfast (2 Pieces, Brown)","2 pieces","Plates Bowls Crockery","Femora",,,1328.179473281068,1797.865927236842,,30.17865,26.12466517147518,0.021540070944123794,0.03224,0.02213,0.02917,0,667.5451478116695
"2026-04-01","02QNNK78LK",,"Cello Melamine Kidzbee Pentameal Tinker Bell Kids Meal Set (Light Pink)","5 pieces","Plates Bowls Crockery","Cello",,,782.7845573746333,1196.3746361666667,,28.70481,34.62293677043054,0.05441293989541738,0.07063,0.01284,0.01692,0,153.63633667772305
"2026-04-01","HUND7Z566R",,"La Opala Novo Collection Lush Greens Opal Glass Dinner Set (35 Pieces)","35 pieces","Plates Bowls Crockery","La opala",,,2435.4761904761904,3395,,0.85129,28.262851532365524,0.002465176547248309,0.00357,0.00054,0.00071,0,69.3201511644808
"2026-04-01","4A70VIRLA3",,"Cello Kidzbee Racers Plate (Car Shaped, Blue, Kid-Friendly, Break-Resistant)","1 Piece","Plates Bowls Crockery","Cello",,,495,679,,29.09091,27.098674521354933,0.0019717927105851103,0.00291,0.00026,0.00034,0,495
"2026-04-01","G3N5E2NE2K",,"iVeo Solid Salad Bowl (510 ml, Red)","2 pieces","Plates Bowls Crockery","Iveo",,,277.7604166666667,432,,0.20982,35.70360725308642,0.00031367449218322566,0.00033,0.00011,0.00014,0,125.73606271777004
"2026-04-01","TOVUBW4R45",,"Cello Dazzle Series Tropical Lagoon Dinner Set (18 Pieces, Opalware, White)","18 pieces","Plates Bowls Crockery","Cello",,,1311.2288419357822,2099,,33.48765,37.56716272757875,0.3779734064906177,0.47115,0.03193,0.03997,0.00665,73.25252035028025
"2026-04-01","H4BH6FCW6H",,"Sumeet Stainless Steel Medium Square Shape Plate / Snacks Plate / Breakfast Plate (20cm Dia, Set of 3, Silver)","3 pieces","Plates Bowls Crockery","Sumeet",,,946.6061507936507,1605.7797146250002,,15.9596,41.05006171318381,0.008284274036264066,0.00976,0.01706,0.00725,0.0479,315.8381326687041
"2026-04-01","FNQ4NF0PY4",,"Glass ideas Dessert Bowls (300 ml)","2 pieces","Plates Bowls Crockery","Glass ideas",,,119.00180338108473,198.70921950000002,,64.14395,40.11268153135166,0.04718274285059403,0.05733,0.40556,0.53417,0.00137,119.0139959880391
"2026-04-01","H3SLQQJ21L",,"iVeo Solid Waves Snack Bowls (2 Pieces, 270 ml, Black)","2 pieces","Plates Bowls Crockery","Iveo",,,192.5201342281879,372,,2.62552,48.24727574511078,0.00040516288573666645,0.00044,0.00011,0.00014,0,96.26006711409396
"2026-04-01","EO9D7KYQWD",,"BlackCarrot Ceramic Stoneware Snack Bowl (750ml, Pack of 2, White, Black)","2 pieces","Plates Bowls Crockery","BLACKCARROT",,,1055.8204772727272,2199,,14.65637,51.98490214207721,0.13889615428627464,0.13513,0.04333,0.00635,0.15956,1056.4606990686548
"2026-04-01","KKTXCGHJHH",,"iVeo Solid Square Serving Bowl (1325ml, 8 inch, Black)","2 pieces","Plates Bowls Crockery","Iveo",,,373.9149659863945,700,,7.54337,46.58357628765792,0,0,0.00293,0.00386,0,186.95748299319726
"2026-04-01","G4NGZZL9KN",,"Sanjeev Kapoor Bahamas Glass Bowl and Wooden Tray Set (5 Pieces, 270 ml, Transparent)","5 pieces","Plates Bowls Crockery","Sanjeev Kapoor",,,999.9704079870746,1895,,18.74256,47.327324421911044,0.0323363548719552,0.02872,0.00249,0.00329,0,166.48914018888698
"2026-04-01","S8P6RHCWRF",,"Cello Glass Mixing Bowls (500ml, 1L, 1.5L, Transparent)","3 pieces","Plates Bowls Crockery","Cello",,,684.9666262911256,800.37161575,,65.67836,14.42502561263423,0.13473408586811847,0.23631,0.29705,0.39156,0,228.4261697449123
"2026-04-01","E47WNSLY27",,"Home Centre Jalsa Melamine Bowls (Set of 4)","1 pack","Plates Bowls Crockery","Home Centre",,,463.21588515651024,492.04951458333346,,22.65411,5.884434478281907,0.07481768344144467,0.1425,0.01362,0.01796,0,468.959820793622
"2026-04-01","AKSGEKIUM0",,"iVeo Solid Popcorn Bowl (750 ml, Red)","2 pieces","Plates Bowls Crockery","Iveo",,,246.4822695035461,400,,2.44683,38.37943262411348,0,0,0.00105,0.00138,0,123.24113475177305
"2026-04-01","9LNJPYWLOP",,"Larah by Borosil Moon Riva Opalware Dinner Set Family of 6 Microwave Dishwasher Safe Crockery Set for Dining Gifting (White, 19 Pieces)","19 pieces","Plates Bowls Crockery","Larah by Borosil",,,2204.6739020888826,3114.6810002916673,,77.07322,29.16910036230673,0.5503560554535194,0.78844,0.14076,0.04819,0.4317,116.35246517231496
"2026-04-01","R38U6866D1",,"Selvel Royal Linex Casserole Collection Set of 3 (600ml + 1200ml + 1700ml, Brown, Insulated Hot Cases, Stainless Steel Inner)","3 pieces","Plates Bowls Crockery","Selvel",,,3999,3999,,0.99691,0,0,0,0,0.00001,0,133300
"2026-04-01","4XTSJFP5U4",,"Eha Earth Friendly Frosty Rice Husk Biocomposite Mixing Bowls Set (2 Pieces, 1.8L)","2 pieces","Plates Bowls Crockery","Eha",,,474.7902673350043,766,,3.18051,38.01693637924227,0.0008342870174039961,0.00102,0.00305,0.00402,0,261.96550632911396
"2026-04-01","KLKD61RDI0",,"Ireka Homes Wooden Dawn Acacia Tray with Metal Handles (34x19cm, Black)","1 Piece","Plates Bowls Crockery","Ireka Homes",,,856.523816057834,1249.0049204999998,,69.2538,31.41569092508097,0.19831917287628523,0.27573,0.43606,0.57481,0,857.5102008943944
"2026-04-01","PXABQQOM23",,"Glass ideas Stack Bowl (9.0cm, 120ml each)","6 pieces","Plates Bowls Crockery","Glass ideas",,,160.71193608389027,249,,12.05747,35.445718906105284,0.009491920831169485,0.01301,0.00857,0.01129,0.00001,27.047217681138243
"2026-04-01","1ZZ4RF0QFC",,"Home Centre Frostra Hernan Frosted Glass Pudding Set (785ml, 295ml, Set of 5, White)","5 pieces","Plates Bowls Crockery","Home Centre",,,2459,2499,,38.70126,1.6006402561024409,0.007258079221906306,0.01447,0.00995,0.01312,0,491.80000000000007
"2026-04-01","KW7KD8GP48",,"Corelle Country Cottage Small Plate (Set of 2, 17cm each)","1 pack","Plates Bowls Crockery","Corelle",,,751.709261564529,898,,23.2127,16.31174977624242,0.04694574434538894,0.07933,0.0135,0.01779,0,748.7724384269516
"2026-04-01","YK5PXWLE0U",,"Selvel Royal Linex Casserole Collection (1200ml, Brown, Insulated Hot Cases, Stainless Steel Inner)","1 Piece","Plates Bowls Crockery","Selvel",,,1784,1784,,1.02076,0,0,0,0,0,0,178400
"2026-04-01","RFOOETV98H",,"Kitchen Essentials Stainless Steel Apple Vati (Set of 2, Size 5, Grade 304)","2 pieces","Plates Bowls Crockery","Kitchen Essentials",,,173.33333333333334,215,,0.26144,19.37984496124031,0,0,0.00006,0.00007,0,8666.666666666666
"2026-04-01","5NKKME52PC",,"Hawkins Die Cast Aluminum Oval Mini Casserole with Glass Lid (750ml, Red, DCR75G)","1 Piece","Plates Bowls Crockery","Hawkins",,,797.4982375433359,869.9112,,24.63511,8.324201148116611,0.009530912313183927,0.01763,0.00142,0.00188,0,799.5469545019699
"2026-04-01","6LTRXHRDXH",,"The Earth Store Glam Green Snack Bowl","2 pieces","Plates Bowls Crockery","The Earth Store",,,1099,1099,,5.17241,0,,,0,0,0,54950
"2026-04-01","L6C129QPAI",,"Cello Wow Casserole with Insulated Stainless Steel Inner Body (Set of 3, 500ml, 1L, 1.5L, Mop Red)","3 pieces","Plates Bowls Crockery","Cello",,,638.9964444444445,1132,,63.50315,43.55141007586353,0.8584149029086314,0.98203,0.5824,0.38259,1.21035,212.9999992783007
"2026-04-01","TOQKKTNY75",,"Java Plastic Plate with Bowl Set (4 Pieces, 12 Inch, 2 Plates and 2 Bowls, Blue)","4 pieces","Plates Bowls Crockery","Java",,,196.31046170548208,425,,34.39786,53.77787316792926,0.09327895211298672,0.08672,0.21265,0.28031,0,49.224840974176765
"2026-04-01","2E0MVA8W61",,"Kitchen Essentials Stainless Steel Prem Vati (Size 5, Set of 6, Grade 304)","6 pieces","Plates Bowls Crockery","Kitchen Essentials",,,359.47727272727275,500,,0.42951,28.10454545454545,,,0.00028,0.00037,0,5991.287878787878
"2026-04-01","IV3C4MBYC1",,"La Opala Opalware Lush Green Dinner Set (23 Pieces, Microwave Safe)","23 pieces","Plates Bowls Crockery","La opala",,,2136.6011544011544,2695,,8.41974,20.71980874207219,0,0,0.00094,0.00124,0,92.89570236526757
"2026-04-01","L38MLUT83X",,"Ellementry Carbon Ceramic Snack Platter (Grey)","1 pack","Plates Bowls Crockery","Ellementry",,,1704.8065656565657,1832.6262626262626,,21.75068,6.974673427768283,0.007148728808659097,0.01406,0.09079,0.00512,0.36005,1731.423208014278
"2026-04-01","GMDG3F3XJC",,"Pure Home + Living Fizz Textured Glass Dessert Plates (Pack of 2, Gold)","2 pieces","Plates Bowls Crockery","Pure Home + Living",,,2499,2499,,2.11765,0,0,0,0.00024,0,0.00099,124950
"2026-04-01","4C7NFRRL7O",,"Cello Opalware Dazzle Series Tropical Lagoon Dinner Set (9 Pieces, White)","9 pieces","Plates Bowls Crockery","Cello",,,739.0799422982204,1391.9029705416667,,80.49995,47.242318513956995,0.8565123799817368,0.91378,0.44379,0.56138,0.07424,81.18372411651727
"2026-04-01","0I1J15SC4L",,"Castleite Melamine Bliss Non Breakable Coastal Charm Quarter Plate (7 Inch, Multicolor)","6 pieces","Plates Bowls Crockery","Castleite",,,547.3909360944089,1349,,14.65691,59.411759118853226,0.1343552803529055,0.11,0.00383,0.00505,0,91.82105119089418
"2026-04-01","8UCM8WIZEB",,"Selvel Elegance Royal Casserole Ceramica (1.7L, White)","1 Piece","Plates Bowls Crockery","Selvel",,,809.5388493487055,2999,,34.7048,73.01162531181191,0.29353963939818095,0.15848,0.17232,0.05044,0.55538,811.8952709604476
"2026-04-01","QN7468FQD4",,"Clay Craft happiness Is Fine Ceramic Nikko Delight Bowls (470ml, Pack of 4)","4 pieces","Plates Bowls Crockery","Clay Craft",,,1218.6448228050388,1338.2749149746192,,12.98023,8.939126843892861,0,0,0.00463,0.0061,0,304.6612057012597
"2026-04-01","YPANSW83JB",,"Basil Stainless Steel Kids Plate (3 Compartments, Unbreakable, Funky Tiger)","1 Piece","Plates Bowls Crockery","Basil",,,698.9119029918445,1499,,13.59347,53.37461839419934,0.11210922397186097,0.10585,0.02285,0.03012,0,69841.94527635637
"2026-04-01","8SKRF1V2S0",,"Neelam Stainless Steel Lazer Etching Prem Vati/Bowl (200ml, Silver)","1 Piece","Plates Bowls Crockery","Neelam",,,80.73679004292704,94.78682241666665,,42.18098,14.580449666270233,0.01640386896413194,0.02919,0.42807,0.56427,0,8261.714931089828
"2026-04-01","UO9CPG2BKM",,"Nestasia Ceramic Shell-Shaped Section Snack Plate (22 cm, White and Blue)","1 Piece","Plates Bowls Crockery","Nestasia",,,567.126711834582,840,,14.76995,32.5152052205163,0.039644970539824353,0.05363,0.01204,0.01189,0.0125,559.8722934274035
"2026-04-01","SURF0XSSKB",,"Cello Melamine Kidzbee Cereal Bowl Set (200ml, Cosmic Explorer, Peach)","3 pieces","Plates Bowls Crockery","Cello",,,154.33810726310728,239,,8.18379,35.423386082381896,0.0010414428799500012,0.00147,0.00047,0.00062,0,50.90622026925199
"2026-04-01","TB72Y0Y6A6",,"La Opala Novo Collection Trinity Green Opal Glass Dinner Set (23 Pieces)","23 pieces","Plates Bowls Crockery","La opala",,,2096.5585340585344,2695,,9.30935,22.205620257568295,0,0,0.00334,0.0044,0,91.15471887211017
"2026-04-01","2YZYX3QFZG",,"Heart Home Coaster, Round Drink Coasters for Tea, Kitchen, Dining Table, Office Desk, Lining Round Design (Grey, 6 Piece Set)","6 pieces","Plates Bowls Crockery","Heart Home",,,257.01070619155433,499.0018152916667,,21.5175,48.493396412188446,0.01401057615467562,0.01455,0.01648,0.02172,0,42.82826865530434
"2026-04-01","1J1R1I1HHO",,"Nestasia Christmas Bamboo Platter with Ceramic Snack Bowl and Pine Tree (Pack of 4)","1 pack","Plates Bowls Crockery","Nestasia",,,957.03125,1440,,0.9163,33.53949652777778,0,0,0.00085,0.00111,0,239.2578125
"2026-04-01","VHQ7MGF1OD",,"Jaypee Luxura Klass 2000 Casserole with Glass Lid (Black)","1 Piece","Plates Bowls Crockery","Jaypee",,,790.9606244265664,1052.078204830918,,10.19965,24.818724881800417,0.010612653652199135,0.01618,0.00311,0.0041,0,782.3592708030665
"2026-04-01","9VMHL00LQ1",,"Borosil Borosilicate Glass Oval Dish with Venus Katori (700ml each, Set of 6)","6 pieces","Plates Bowls Crockery","Borosil",,,645.6844968660969,845,,11.10743,23.58763350697079,0.0030127999315181907,0.00466,0.00362,0.00477,0,645.4647204046325
"2026-04-01","P8FWVPO4D3",,"Nestasia Glass Square Bowls (Set of 4, 300ml, Transparent)","4 pieces","Plates Bowls Crockery","Nestasia",,,547.3400766810183,900,,14.83245,39.195564661660676,0.04411047546326611,0.05418,0.0301,0.00536,0.10786,136.38211654390497
"2026-04-01","P351OTM5FN",,"Nestasia Aloha Ceramic Ramen Bowls (6 Pieces, Colour May Vary)","6 pieces","Plates Bowls Crockery","Nestasia",,,1184.191730531164,1550,,13.14724,23.600533514118457,0.009003982732217801,0.01372,0.04377,0.00215,0.17458,1157.3214043855046
"2026-04-01","VP0FMZVAWO",,"Nestasia Ceramic Mandala Platter (27.5 cm, Blue and White)","1 Piece","Plates Bowls Crockery","Nestasia",,,587.4797861111399,1145,,22.75198,48.705691303643476,0.08313310709741863,0.08633,0.0724,0.08671,0.02743,586.3859391744818
"2026-04-01","EI1Y72EY0J",,"Ellementry Iore Ceramic Dinner Plate (25.5cm)","1 Piece","Plates Bowls Crockery","Ellementry",,,1113.880513509771,1279.811636375,,20.22605,12.989131908165113,0.022708944086523235,0.03962,0.05142,0.06778,0,1111.0398271204158
"2026-04-01","2RCBL12CWB",,"Asian Plastowares Stainless Steel Casserole Set (3 Pieces, 600ml, 1L, 1.5L, Color May Vary)","3 pieces","Plates Bowls Crockery","Asian",,,497.72693059628546,887,,13.83604,43.875756104616926,0.015136101224891401,0.01712,0.001,0.00132,0,169.465898270342
"2026-04-01","WSF6D7QF8K",,"Cello Opalware Mixing Bowl Set with Lid (500ml, 1L, 1.5L, Green Orchard)","3 pieces","Plates Bowls Crockery","Cello",,,899.4162407876986,1049,,58.9718,14.262626769853458,0.17785779365805812,0.3089,0.37983,0.50068,0,299.76333544122946
"2026-04-01","SI2I95ZETP",,"CLASSIC ESSENTIALS Stainless Steel Peacock Laser Design Dinner Set (Set of 5, Silver)","5 pieces","Plates Bowls Crockery","Classic Essentials",,,486.64280102613435,700,,4.81449,30.479599853409375,0.004314766903587037,0.00609,0.00094,0.00124,0,97.43694478191408
"2026-04-01","ZBFMKYIQN5",,"Home Centre Vamos Louisa Glass Bowls with Bamboo Stand Set (400ml each)","1 pack","Plates Bowls Crockery","Home Centre",,,889,899,,11.3818,1.1123470522802805,0.01762567467708729,0.03532,0.00228,0.00301,0,889
"2026-04-01","776CR2ZZM5",,"Chumbak Teal Wooden Rectangular Breakfast Tray for Easy Mornings","1 Piece","Plates Bowls Crockery","Chumbak",,,2399,2995,,17.75456,19.899833055091822,0.028270349267030134,0.04589,0.01014,0.01336,0,2399
"2026-04-01","04F2U6CEPH",,"Embassy Stainless Steel Dinner Plate / Khumcha / Thali (27cm)","1 Piece x 2","Plates Bowls Crockery","Embassy",,,317.26058981935233,460.43969158333334,,51.23597,31.09616837584636,,,3.24745,4.28075,0,317.26058981935233
"2026-04-01","TF8QDQILDH",,"HomeStop Grace Cherish Glass Pudding Bowls (1 Large + 6 Small Bowls, Transparent)","7 pieces","Plates Bowls Crockery","HomeStop",,,1324.9143154565352,1984.6036040666668,,28.12476,33.239872186690434,0.045629836284778603,0.06151,0.07629,0.10056,0,1323.214023026662
"2026-04-01","YX7JQMODAX",,"The Earth Store Dual Tone Green Ceramic Bowl with Multipurpose Use Lid and Coaster (400 ml, Green)","2 pieces","Plates Bowls Crockery","The Earth Store",,,518.9105555555556,1499,,8.69675,65.38288488622044,0.0026126471244761174,0.00152,0.00135,0.00003,0.00549,258.9168284915333
"2026-04-01","BB2PTNTTNI",,"Nestasia Mandala Snack Dish (14 cm, Ceramic, Multicolour)","2 pieces","Plates Bowls Crockery","Nestasia",,,490,490,,1.94524,0,0,0,0.00004,0.00005,0,245.00000000000003
"2026-04-01","C0JM5JLPAG",,"Ireka Homes Wooden Cloud Acacia Server (40 x 17 cm, White)","1 Piece","Plates Bowls Crockery","Ireka Homes",,,593.9076356738675,965.8028027615063,,11.93525,38.50632510324925,0.009859399211942472,0.01226,0.0062,0.00401,0.01309,594.1090361441034
"2026-04-01","LCGWT455HD",,"Dynore Stainless Steel Sauce Cup (75 ml each, Set of 6)","6 pieces","Plates Bowls Crockery","Dynore",,,136.72814249556814,499.1467404761905,,13.24556,72.60762589271278,0.010711766078548695,0.00543,0.008,0.01054,0,23.35657982595452
