"Date","Product ID","Item ID","Product Name","Grammage","Category","Brand","Offtake MRP","Offtake SP","SP","MRP","Units","Wt. OSA %","Wt. Discount %","Est. Category Share","Est. Category Share SP","Overall SOV","Organic SOV","Ad SOV","Wt. PPU (x100)"
"2026-03-01","9Y4XII253N",,"Hawkins Contura Hard Anodised Pressure Cooker (1.5L, Black, CB15)","1.5 ltr","Cookware","Hawkins",,,1462.7377133518905,1636.190122768595,,51.41837,10.562847559134926,0.09126643017366012,0.16321,0.66146,0.09373,1.29529,1464.0892945584037
"2026-03-01","KRLHQPV3I6",,"The Indus Valley Preseasoned Cast Iron Mini Frying Pan (16 cm/1.3 kg)","1 Piece","Cookware","The Indus Valley",,,484.28281151343305,783.0636266129034,,80.34971,38.28371290710468,0.5839290637609579,0.72047,0.80762,0.76261,0.85788,484.20668344216546
"2026-03-01","FXVMDFNSO8",,"MASTER Aluminium Outer Lid Pressure Cooker (3L, Gas Stove Compatible)","3 ltr","Cookware","Master",,,699,1156.142857142857,,6.96114,39.53891451136732,0.006223209255028481,0.00756,0.0051,0.00966,0,699
"2026-03-01","OGS04C6YH7",,"Prestige Omega Select Plus Teflon Non-stick Coated Junior Handi with Stainless Steel Lid and Scrubber (16cm, Black)","1 Piece","Cookware","Prestige",,,1243.6477861004184,1548.846937580645,,38.05886,19.711005604706532,0.054011742876610605,0.0864,0.01251,0.0142,0.01063,1243.972448328739
"2026-03-01","2D7ZA5SL05",,"Hawkins Futura Hard Anodised Cook n Serve Stewpot with Stainless Steel Lid (2.25L, Black, AST225)","1 Piece","Cookware","Hawkins",,,1192.763084350394,1366.7313398617512,,35.02723,12.466920564748511,0.09567198922779374,0.16961,0.02324,0.04406,0,1192.3230923961257
"2026-03-01","YM2UDI3PVN",,"SOFTEL Stainless Steel Little Prince Pressure Cooker (1 L, Gas and Induction Compatible)","1 ltr","Cookware","softel",,,1362.0647107303794,1696.4883449596773,,67.10069,19.74121308596531,0.21039314300953385,0.33363,0.23429,0.44414,0,1361.8082977284557
"2026-03-01","MJXGYQTK7I",,"Vinod Platinum Triply Stainless Steel Tasla (3.2L, 26cm, 2.5mm Thickness, Gas & Induction-Friendly, Heavy Bottom, 5 Year Warranty, Silver)","1 Piece","Cookware","Vinod",,,2110.924874319229,3019.8200172811057,,45.51647,30.097659388992337,0.013513383939196464,0.0181,0.02498,0.04736,0,2112.4662416088845
"2026-03-01","OJIUI71NB6",,"Vinod Stainless Steel Induction Base Tivoli Saucepan Without Lid (1.1L)","1.1 ltr","Cookware","Vinod",,,520,727.8220107608697,,3.31361,28.553960678327282,0.00045594294050138834,0.00065,0,0,0,520
"2026-03-01","AYDA1VGON0",,"Hawkins Futura Cast Iron Square Tava (26 cm, Black, CIST26)","1 Piece","Cookware","Hawkins",,,1784.0873756973078,2048.314044556452,,23.99831,12.899714746444571,0.0018487870302478808,0.00321,0.0107,0.02028,0,1782.0051180808584
"2026-03-01","YOFI18C0OK",,"Hawkins Triniti Triply Stainless Steel Cookware Set (Tava, Frying Pan, Kadhai, 3 Pieces, Induction Base, Silver, SSET2)","1 pack","Cookware","Hawkins",,,2979.5348312079827,3833.8090799999995,,31.27374,22.28775139589434,0.02913840416225656,0.04543,0.00737,0.01397,0,2989.629563913027
"2026-03-01","811JBGXQC4",,"Bergner TriPro TriPly Stainless Steel Tadka Pan (12cm, 500ml, Induction Compatible)","1 Piece","Cookware","Bergner",,,485.26045887004267,712.2238216532259,,53.39104,31.866491223669485,0.08230658080285248,0.11102,0.08003,0.15171,0,485.6345004176027
"2026-03-01","SGB9R822H0",,"Hawkins Aluminium Contura Pressure Cooker with Lid (3 L, Silver)","3 ltr","Cookware","Hawkins",,,1499,1675,,50,10.507462686567164,0,0,,,,1499
"2026-03-01","MGNE3DFORM",,"Sumeet Elegantia Non Stick Aluminium Waghariya / Tadkapan (11.5cm, 280ml, Cherry)","1 Piece","Cookware","Sumeet",,,242.93329609458638,914.2857142857143,,13.10527,73.44444018526912,0.009291622868039731,0.00475,0.00741,0.00446,0.0107,235.8925938432647
"2026-03-01","NGJK163YLF",,"Sumeet Hard Anodised Tope Set with S.S. Lid (No. 9 - 700ml, No. 10 - 1L, No. 11 - 1.4L, Set of 3, 3mm Thick, Black)","3 pieces","Cookware","Sumeet",,,1500.0168001316447,2788.2660437903223,,30.46301,46.21228209777387,0.13104236932518787,0.13981,0.13448,0.08891,0.18536,499.7757697357004
"2026-03-01","BZFM0YVHJZ",,"The Indus Valley Stainless Steel Puttu Maker with Bakelite Handle (1.3L, 0.46kg)","1 Piece","Cookware","The Indus Valley",,,921.9632511658308,1625.27098529148,,22.10938,43.011006884904425,0.07773294333007559,0.09173,0.00717,0.0136,0,922.5524448196235
"2026-03-01","G9E74O6V7S",,"Sumeet Nonstick Gas Toaster (Black)","1 Piece","Cookware","Sumeet",,,352.37996987047484,740.0277817748918,,20.20358,52.390472248650596,0.02454421033612041,0.02309,0.02923,0.0461,0.01039,351.6582143161678
"2026-03-01","WVOFG25OGT",,"Sumeet Stainless Steel Tope / Patila Cookware Set with Lids (370ml–1.1L, Set of 4, Silver)","4 pieces","Cookware","Sumeet",,,753.4003116000031,1576.1579873387097,,39.47045,52.33924793935172,0.19064944578142742,0.179,0.22166,0.16216,0.28809,185.98251517558924
"2026-03-01","CT7H62P9T9",,"Hawkins Futura Non-Stick Dosa Tava (33 cm, Black, NDT33)","1 Piece","Cookware","Hawkins",,,1619.061988325625,1813.4498286991868,,38.64565,10.691053997041282,0.08777570441884189,0.15734,0.14516,0.27518,0,1618.4954851067876
"2026-03-01","WBGLSFMWID",,"Sumeet Pre Seasoned Heavy Weight Cast Iron Flat Dosa Tawa (30cm, 3.070kg, Induction Friendly, Black)","1 Piece","Cookware","Sumeet",,,1824.9256763993112,3346.603830483871,,54.52471,45.476316880803125,0.02824971975361146,0.0302,0.0765,0.07013,0.08361,1820.032475720914
"2026-03-01","MJH46NX64L",,"Embassy Stainless Steel Premium Thickply Kadhai with Wooden Handle (1.8 L)","1.8 ltr","Cookware","Embassy",,,697.3585786748047,1245.3146973023256,,50.37308,43.95257205136983,0.04046472813871977,0.0448,0.03278,0.05907,0.00343,686.2091116596731
"2026-03-01","FUYYY5BUZF",,"Wonderchef Venice Aluminium Non-Stick Cookware Set (1.8L Kadhai, 1.1L Fry Pan, Dosa Tawa, Set of 3, Purple, Induction Base)","3 pieces","Cookware","Wonderchef",,,1126.1803722388688,2931.994358951613,,53.98943,61.73888950937086,0.48810524470265404,0.3704,0.13355,0.2481,0.00567,37403.95734111406
"2026-03-01","VDTG3NFA4I",,"Fackelmann Anti-Scratch Induction Base Quartz Greblon Nonstick Fry Pan (24 cm, Black)","1.7 ltr","Cookware","Fackelmann",,,793.3373153766308,1328.7039194758063,,56.64501,40.5124303653602,0.1679657365739765,0.19681,0.04976,0.09377,0.00061,779.871413025901
"2026-03-01","U5Q6CQIING",,"Wonderchef Ferro Light Cast Iron Non-Stick Fry Pan (800ml, 20cm, Black, Pre-Seasoned, 10 Years Warranty)","800 ml","Cookware","Wonderchef",,,1243.6652232722179,2016.943953790323,,43.74442,38.34287323943921,0.02558207945627714,0.03118,0.02364,0.04482,0,1247.4776875142306
"2026-03-01","ZRTIDCDS0S",,"Bergner Tripro Triply Stainless Steel Induction Bottom Cookware Set (3 Pieces, Kadai - 2.1L, Frypan - 1L, Teapan - 1.1L, Silver)","3 pieces","Cookware","Bergner",,,1761.7059381615352,5056.247482983871,,81.61814,64.79765471658105,3.1997839015174145,2.20731,0.87375,1.64677,0.01073,593.0103646988858
"2026-03-01","61PQHSGHV1",,"Sumeet Cook Smart TriPly Steel-Aluminium-Steel 3 Layers Sauce Pan (20cm, 2.3L, Silver)","2.3 ltr","Cookware","Sumeet",,,1313.6475232099065,2544.607862903226,,13.43473,48.37524703271476,0.0019423486679638962,0.00196,0.02038,0.03768,0.00105,1300.2903931498192
"2026-03-01","DGX8BFQ2KF",,"Hawkins Miss Mary Aluminum Pressure Cooker (1.5L, Silver, MM15)","1.5 ltr","Cookware","Hawkins",,,901.8708177745283,1015.7361576255709,,14.36691,11.225567116087925,0.01680232490184853,0.02944,0.01373,0.02603,0,900.6365824194971
"2026-03-01","BMLZZ2LIWS",,"Cello Aluminium Non-Stick Sandwich Gas Toaster (Black)","1 Piece","Cookware","Cello",,,282.0100756251072,546.66864,,48.54302,48.434115379921685,0.2103110687457539,0.21611,0.16802,0.31852,0,282.0376305989032
"2026-03-01","A2OPHSU4YA",,"Neelam Stainless Steel Regular Saucepan with Wire Handle (1150ml, Silver)","1.15 ltr","Cookware","Neelam",,,278.1867609636961,359.6946018867925,,20.71877,22.66170625788163,0.004063734104707468,0.0059,0.01666,0.03158,0,27964.292228652692
"2026-03-01","OCWOABMGX4",,"Prestige Popular Svachh Aluminium Pressure Cooker (3L, Silver)","3 ltr","Cookware","Prestige",,,1352.36436019411,1732.407104556452,,72.44771,21.849417794958995,0.27189556059039366,0.42593,0.63163,0.7186,0.53453,1353.1138867289417
"2026-03-01","MHV6E507GV",,"MASTER Nexa Stainless Steel Outer Lid Handi Pressure Cooker (3L, Gas and Induction Stove Compatible, with Glass Lid)","3 ltr","Cookware","Master",,,1267.3058712121212,2549,,3.84589,50.28223337731968,0,0,0,0.00001,0,1267.3058712121212
"2026-03-01","O8BAVWOBW1",,"Wonderchef Nigella Stainless Steel Sauce Pan & Cooking Pot Set (1.5L, Silver)","1.5 ltr","Cookware","Wonderchef",,,637.5806451612904,2300,,4.26597,72.27910238429172,0.00540601863416962,0.00298,0.00045,0.00086,0,636.1036683926468
"2026-03-01","2PF450H6MQ",,"Vinod Platinum Triply Induction Base Pressure Cooker (1.5L, Silver)","1.5 ltr","Cookware","Vinod",,,2881.6997274492232,3586.836709301075,,25.9443,19.659020998177912,0.0009195189386839702,0.00146,0.00008,0.00015,0,2893.2351068741923
"2026-03-01","7I5U8DL3PO",,"Hawkins Futura Non-Stick Cookware Set (Frying Pans, Kadhai, Curry Pan, Saucepan, 5 Pieces + 2 Glass Lids, Black, NSET4)","1 pack","Cookware","Hawkins",,,5085.767470639475,6225.711984717743,,32.19014,18.29473980171061,0.12284605244698513,0.19878,0.02685,0.0187,0.03594,5040.56315201199
"2026-03-01","PVPB7PZ0AQ",,"Sumeet Nonstick Multi Snack Maker (4in1, Black)","1 Piece","Cookware","Sumeet",,,305.79088200477526,796.5557177232142,,29.84996,61.62103363244775,0.0817412055106445,0.06237,0.02227,0.02737,0.01657,306.0689648541532
"2026-03-01","6YBQLE8BJP",,"ANJALI Non-stick Toaster Deluxe (2 Cut, 37.5 x 11 cm, PTFE Coated, Durable, Black)","1 Piece","Cookware","Anjali",,,340.6060185558988,564.2371998728814,,17.04013,39.59458510315604,0.01820499371930349,0.02156,0.01426,0.02652,0.00058,342.1982570590041
"2026-03-01","I6OCMGTPJX",,"Prestige Omega Select Plus Non-stick Appachatty with Stainless Steel Lid (20cm, Black)","1 Piece","Cookware","Prestige",,,922.4466618406973,1120.8136771065988,,57.34531,17.667256287949563,0.048893891063613165,0.08005,0.01641,0.02702,0.00456,922.105902707262
"2026-03-01","BMU84XAMA7",,"The Indus Valley Pre-Seasoned Cast Iron Tawa for Dosa/Chapathi (30.2cm, 2.4kg)","1 Piece","Cookware","The Indus Valley",,,1371.2953571962437,2369.774402137096,,76.76532,41.9959945404725,0.42097318257001404,0.48889,0.84466,0.68263,1.02556,1375.662383693071
"2026-03-01","TL1B0KV6L5",,"MASTER TitanPro Triply Dosa Tawa (29cm, Gas and Induction Compatible, 3 Years Warranty)","1 Piece","Cookware","Master",,,1552.5806451612902,2598.1340173655917,,13.31357,40.24247268293159,0.004582933176685678,0.00546,0.00254,0.00481,0,1551.4628950361198
"2026-03-01","IL8H76XN1M",,"Sumeet CookSmart TriPly Stainless Steel Cookware Set with Glass Lid (Deep Kadai 20cm - 1.7L, Frypan 20cm - 1L, Casserole 20cm - 2.9L, Set of 4, Silver)","4 pieces","Cookware","Sumeet",,,3300,7030,,20.50516,53.05832147937411,0.005312834870596238,0.00498,0.04116,0.06053,0.01953,825.0000000000001
"2026-03-01","CH50T1GRW0",,"Bergner BE Essentials Tripro Triply Stainless Steel Frypan (1.5L, 24cm, Induction Bottom)","1.5 ltr","Cookware","Bergner",,,799.12381854182,2038.950613870968,,79.01971,60.58103238986501,3.6052971948646997,2.82683,1.47733,2.80059,0,799.1819897342223
"2026-03-01","O83SLV5IRI",,"Prestige Deluxe Alpha Svachh Stainless Steel Spillage Control Outer Lid Pressure Cooker (2.0 Litre, Silver)","2 ltr","Cookware","Prestige",,,2102.673937478217,2726.899421520737,,23.41975,22.697802890315558,0.21029361096036422,0.32691,0.08849,0.0172,0.16807,2100.17512903729
"2026-03-01","KJUCGR743A",,"Hawkins Futura Non-Stick Frying Pan with Glass Lid (24 cm, Black, NF24G)","1 Piece","Cookware","Hawkins",,,1392.0692651899742,1529.222905813008,,24.43922,8.967519412755902,0.03746312267412609,0.06793,0.05154,0.02753,0.07834,1393.4027323012774
"2026-03-01","FW6MVBFGZC",,"Wonderchef Ebony Hard Anodized Deep Kadhai with Lid (6L, 30cm, Black)","6 ltr","Cookware","Wonderchef",,,2181.5896057347672,3500,,12.25352,37.66886840757808,0,0,0.00027,0.00051,0,1090.7948028673836
"2026-03-01","JLQP7FM5LK",,"Hawkins Stainless Steel Wide Pressure Cooker (3L, Induction Base, Silver, HSS3W)","3 ltr","Cookware","Hawkins",,,2719.6066112875064,3069.4100578629027,,65.292,11.415919927052048,0.42717991651242376,0.7573,0.15637,0.29642,0,2719.957016839956
"2026-03-01","QX2CRQ0FSG",,"Fackelmann Aluminium Cologne Non-Stick Cookware Set with Glass Lid (2 Pieces + 1 Lid, Tawa, Fry Pan with Lid, Blue)","1 pack","Cookware","Fackelmann",,,1491.322033898305,3047.6055135028246,,23.75518,51.065778451613795,0.0007680669823165275,0.00075,0.00012,0.00016,0.00007,1489.3447119013672
"2026-03-01","4VIYPP11NO",,"The Indus Valley Pre-Seasoned Cast Iron Square Paniyaram/Appe Pan with Spatula (9Pit, 2.8kg)","1 Piece","Cookware","The Indus Valley",,,934.8541766285334,1588.0990309677418,,78.293,41.14718598497206,0.16403486301781894,0.19343,0.23511,0.24548,0.22354,941.6451506343377
"2026-03-01","J9PTP2TECQ",,"Vinod Black Pearl Hard Anodised Multi Kadai (26cm,5 Plates - 2 Idli, 2 Dhokla,1 Patra Plate, Steamer for Idli, Dhokla, Induction Friendly)","4.1 ltr","Cookware","Vinod",,,2720.1631718454087,3409.218348225807,,33.73669,20.212609907287803,0.06266143315114481,0.09979,0.01206,0.02285,0,2708.582042801891
"2026-03-01","T4BXVSN2N8",,"Prestige Durastone Hard Anodised 6 Layer Non-Stick Fry Pan (20cm, 1.1L, Black)","1.1 ltr","Cookware","Prestige",,,1042.5891863975846,1295.1725312903225,,17.2058,19.522292382915783,0.03608320188005767,0.05784,0.009,0.014,0.00341,1041.0330542847796
"2026-03-01","A02V17INAL",,"Neelam Stainless Steel Induction Base Multi Kadhai (3.5L, 8 Pieces, Silver)","3.5 ltr","Cookware","Neelam",,,2168.713815509453,2990,,4.91277,27.467765367576824,0.0007532543159253006,0.00109,0.00261,0.00496,0,2213.5915006217474
"2026-03-01","MTRTTB327Y",,"Sumeet Stainless Steel Three Layered Induction Bottom Tope/Patila/Cookware with Lid (1.6L, 19cm, for Gas and Induction)","1 Piece","Cookware","Sumeet",,,465.90064560789733,1176.0564595967744,,40.47602,61.102762947647136,0.47287873055041507,0.36183,0.73224,0.30767,1.20625,452.8383610635391
"2026-03-01","MLN1YZBW5H",,"Wonderchef Granite Aluminium Non-Stick Grill Pan (1.8L, 24cm, Grey)","1 Piece","Cookware","Wonderchef",,,992.5866558658682,1874.3569340322579,,73.29196,47.029870305361825,0.1231086749761153,0.13351,0.06326,0.11867,0.00139,992.568807705537
"2026-03-01","PQWOQ5FPBY",,"MASTER Smart Stainless Steel Outer Lid Pressure Cooker (5L, Gas and Induction Stove Compatible)","5 ltr","Cookware","Master",,,1306.3981458284543,2682.1019423622047,,18.89432,51.252976506601144,0.0308927226568461,0.03168,0.00129,0.00245,0,1324.1272724615235
"2026-03-01","3T21BBIRDL",,"Hawkins Futura Cast Iron Frying Pan with Glass Lid (16 cm, Black, CIF16G)","1 Piece","Cookware","Hawkins",,,1599,1848.6125277419353,,10.74666,13.502695886564988,0.0013918616169756456,0.00241,0.00021,0.0004,0,1598.9999999999998
"2026-03-01","6Y18YOHVZJ",,"Wonderchef Granite Aluminium Non-Stick Wok with Lid (2.7L, 24cm, Grey)","2 pieces","Cookware","Wonderchef",,,1400.0088978494623,2800,,14.34638,49.99968221966206,0.01939733778896873,0.01934,0.01146,0.02173,0,700.5135829433177
"2026-03-01","8BQTK0H7QT",,"Bergner Tripro Triply Stainless Steel Induction Bottom Cookware Set with Lid (4 Pieces, Kadai - 2.1L, Frypan - 1L, Teapan - 1.1L, Silver)","4 pieces","Cookware","Bergner",,,1960.8716029393104,4998.367431733871,,71.59869,60.699063136522504,3.956071035311491,3.09235,0.54606,1.03397,0.00132,491.0729621574313
"2026-03-01","IT1H9NY22C",,"Vinod Stainless Steel Tope Set with Lids (3 Pieces, 1.4L, 1.8L, 2.2L, Gas Stove and Induction Friendly, Silver, 24 Months Warranty)","1 pack","Cookware","Vinod",,,1426.7151898734178,1780,,3.02661,19.84746124306642,0.0008967709152974432,0.00143,0,0,0,1424.5717712914834
"2026-03-01","HY2UIKKTWB",,"Wonderchef Ferro Light Cast Iron Non-Stick Fry Pan (1.4L, 24cm, Black, Pre-Seasoned, Induction Base)","1.4 ltr","Cookware","Wonderchef",,,1500.8016760700634,2367.023346330645,,45.71578,36.57636056901465,0.09584263719060696,0.12059,0.03527,0.06682,0.00004,1504.2254027809618
"2026-03-01","6I47SNE8QZ",,"Hawkins Futura Hard Anodised Saucepan with Stainless Steel Lid (1L, Black, AS10S)","1 ltr","Cookware","Hawkins",,,891.2258666110959,1011.6743758870967,,23.27594,11.932101876745616,0.040573026867998484,0.07119,0.06904,0.006,0.13941,890.8331800328191
"2026-03-01","24BKY9HXBW",,"Embassy Stainless Steel Button / Mini Idli Plate (Makes 18 Small Idlis)","1 Piece","Cookware","Embassy",,,111.69543266503484,131.210531797235,,46.86587,14.879619802050433,0.00859308472796774,0.0147,0.06517,0.12337,0.00018,111.72817444549274
"2026-03-01","U02N3IDT06",,"Pigeon By Stovekraft Aluminium Non-Stick Cookware Set (Flat Tawa, Fry Pan, 2 Pieces, Red)","2 pieces","Cookware","Pigeon by Stovekraft",,,576.7864534768253,1123.3306368548385,,66.3498,48.71431497803285,1.2735947945387485,1.30475,1.07676,1.23139,0.90413,287.75326808566433
"2026-03-01","PZHDNMW2I8",,"Wonderchef Royal Velvet Aluminium Non-Stick Grill Pan (1.8L, 24cm, Purple, 2 Year Warranty)","1 Piece","Cookware","Wonderchef",,,1066.8286512753928,1702.5161789112904,,30.67446,37.36053774374723,0.04195717985246441,0.05024,0.00852,0.01615,0,1032.7542693474122
"2026-03-01","QKUWGIUGV7",,"Hawkins Miss Mary Aluminum Handi Pressure Cooker (5L, Silver, MMH50)","5 ltr","Cookware","Hawkins",,,1552.6244233719328,1734.0680810091742,,13.59349,10.476493441015014,0.06445814912453782,0.11523,0.44984,0.06299,0.88174,1552.944712226099
"2026-03-01","2VLBDZ5OP9",,"Fackelmann Induction Friendly Non-Stick Aluminium Kadai with Glass Lid (3L, Grey)","3 ltr","Cookware","Fackelmann",,,1535,1799,,0.13405,14.674819344080044,0,0,,,,1535
"2026-03-01","K6FW2I652P",,"Hawkins Futura Non-Stick Cookware Set with Stainless Steel Lids (Dosa Tawa, Frying Pan, Kadhai, 3 Pieces + 2 Lids, Black, NSET7)","1 pack","Cookware","Hawkins",,,3447.1933593004164,4210,,19.70831,18.120366131948625,0.04401326863736095,0.07223,0.01105,0.0032,0.0198,3461.71926807656
"2026-03-01","DOPTMQ8Z1I",,"Wonderchef Taurus Aluminium Tadka Pan (250ml, 11cm, Black)","1 Piece","Cookware","Wonderchef",,,261.6899013284044,396.4463460080645,,26.72964,33.91778161860382,0.01696473520835234,0.02295,0.00483,0.00916,0,262.4965739838841
"2026-03-01","BD8J4H9EHL",,"Kuber Industries Aluminum Tandoor Bati Maker Baking Oven/Gas Tandoor/BBQ Grill/Food Steamer (34x34x26 cm, Silver)","1 pack","Cookware","Kuber Industries",,,686.1055443666887,1399,,37.49921,51.039720784178336,0.12023441309758909,0.11171,0.01163,0.02204,0,674.1671487604884
"2026-03-01","7A6ZBYPLPM",,"Bergner TriPro Tri-Ply Stainless Steel Deep Kadai with Lid (20cm, 2 L, Induction Bottom)","2 ltr","Cookware","Bergner",,,1585.0505839165908,2311.0664485887096,,31.27873,31.40457894623106,0.11746179936343118,0.16113,0.05692,0.0567,0.05718,1582.6438630897337
"2026-03-01","BNW7280LO4",,"Fackelmann Quartz Range Induction and Gas Stove Compatible Nonstick Aluminum Fry Pan (26 cm, Black)","800 ml","Cookware","Fackelmann",,,856.9629390207708,1699,,19.07726,49.560745201838095,0.002139901269732606,0.00325,0.00144,0.00274,0,895.6242533542007
"2026-03-01","0UI01WQIVZ",,"Sumeet Stainless Steel Induction Bottom Kadhai With Glass Lid (Size No.14, 3L, Induction and Gas Stove Friendly, Silver)","3 ltr","Cookware","Sumeet",,,854.8290100558883,1873.5744166532256,,50.41594,54.48913426583903,0.6980506068531674,0.63155,0.7349,0.417,1.08982,852.6048148327045
"2026-03-01","61NMPHLRKS",,"Wonderchef Royal Velvet Aluminium Non-Stick Cookware Set (1.8L Fry Pan, 2.7L Wok with Lid, Dosa Tawa, Set of 4, Purple)","4 pieces","Cookware","Wonderchef",,,2531.756267695109,6374.248927038627,,19.16783,60.281496743000254,0.010753617925888127,0.00848,0.00247,0.00468,0,632.2764728142021
"2026-03-01","0269RVPHA6",,"Milton Pro Cook Kitchen Pride Non-Stick Cookware Set with Glass Lid and Tools (Tawa, Fry Pan, Kadhai, 3 Pieces + 1 Glass Lid + 2 Nylon Tools, Maroon)","1 pack","Cookware","Milton",,,1977.5163644968693,5500,,8.82315,64.04515700914783,0.0250503349627635,0.01726,0.00141,0.00268,0,1899.8340919371344
"2026-03-01","PAHK3I0MMQ",,"Hawkins Futura Hard Anodised Deep Fry Pan with Stainless Steel Lid (4L, Black, AK40S)","4 ltr","Cookware","Hawkins",,,2152.9252435877647,2412.7086061471855,,40.37635,10.772720523309196,0.17456357025401167,0.31237,0.09324,0.01844,0.17675,2153.461137839798
"2026-03-01","L79O4AJBG6",,"Hawkins Futura Hard Anodised Tadka Pan (240 ml, Black, ATP1)","1 Piece","Cookware","Hawkins",,,357.762149299753,401.42502557603683,,22.96686,10.87712150103971,0.004479395661604143,0.00785,0.00224,0.00424,0,356.87040382914745
"2026-03-01","WCVAVD9LDI",,"Hawkins Aluminum Idli Stand for 6.5 Litre Cooker (18 Idli, Silver, ID18L)","1 Piece","Cookware","Hawkins",,,415.12608806255787,494.12645643902437,,7.56272,15.987884750351391,0.0007574109314942673,0.00133,0,0.00001,0,418.3399667992224
"2026-03-01","XHRYW2Y9SR",,"Wonderchef Duralite Die-Cast Aluminium Non-Stick Fry Pan (1.2L, 24cm, Grey, 2 Years Warranty)","1.2 ltr","Cookware","Wonderchef",,,751.2805364755062,1279.3178612903228,,12.14964,41.31019963573785,0.011197393318996718,0.01269,0.00286,0.00543,0,733.3504833901137
"2026-03-01","S12KIC08TX",,"Hawkins Stainless Steel Tea Pan with Glass Lid (1.5L, Induction Base, Silver, SST15G)","1.5 ltr","Cookware","Hawkins",,,1074.7317572999941,1251.679505,,20.56961,14.132968289373286,0.04421248388535725,0.07565,0.02914,0.00523,0.05583,1075.028799442086
"2026-03-01","6O1IZQPDT1",,"Prestige Tri-Ply Stainless Steel Tope with Lid (18cm/1.9L, Silver)","1 Piece","Cookware","Prestige",,,1593.0003193222549,2090,,19.60643,23.783876366412255,0.01790125848345481,0.02688,0.0002,0.00037,0.00001,1580.952470142926
"2026-03-01","F4TIDAY6SJ",,"Wonderchef Aluminium Non-Stick Appa Kara with Handle (12 cavities, Black)","1 Piece","Cookware","Wonderchef",,,760.5379080909412,1100,,33.2902,30.846942492760448,0.01163875031759246,0.01593,0.00221,0.00419,0,755.4552999434966
"2026-03-01","MKSUYRQC9M",,"Vinod Black Pearl Hard Anodised Non-Stick Deep Kadhai with Glass Lid (2.6L, 22cm, 3.25mm Thickness, Metal Spoon-Friendly, 2 Year Warranty)","2.6 ltr","Cookware","Vinod",,,1059.2106848912404,1326.6953172685185,,14.34085,20.159620481124044,0.006242178536988675,0.01011,0.00285,0.0054,0,1057.9193239372119
"2026-03-01","3E4MQKFTBQ",,"Clazkit Samosha Plastic Dough Press Set (2 Pieces, Multicolor)","2 pieces","Cookware","Clazkit",,,31.62295081967213,59,,8.97157,46.965720418908134,0.005288046326839492,0.00531,0.00051,0.00096,0.00001,14.873737087472186
"2026-03-01","NBB7TZ4UDB",,"Wonderchef Granite Aluminium Non-Stick Cookware Set (2.7L Wok, 2L Fry Pan, Dosa Tawa, Set of 4, Red)","4 pieces","Cookware","Wonderchef",,,3300.439114350405,6200,,51.42211,46.79678245588173,0.05622774799866957,0.05609,0.00767,0.01454,0,788.9090436694045
"2026-03-01","MLZ61MLCAZ",,"Neelam Stainless Steel Flat Bottom Tope (2.55L, Silver)","1 Piece","Cookware","Neelam",,,389,551,,1.8018,29.4010889292196,0,0,0,0,0,38900
"2026-03-01","CVMQZ99YN0",,"Dynore Stainless Steel Mini Idli Stand or Maker (4 Plate, Silver)","1 Piece","Cookware","Dynore",,,523.6721842437141,696.0663110599078,,40.09701,24.79855933351361,0.026336089520487705,0.03933,0.29951,0.55505,0.01421,521.1562610556534
"2026-03-01","IYSLWR7DIU",,"Neelam Stainless Steel Induction Base Mini Multi Kadhai Set (2.5L, 7 Pieces, Silver)","2.5 ltr","Cookware","Neelam",,,1457.5843611638204,1990.1101405241939,,17.07872,26.758608406472742,0.0015038635128521677,0.0022,0.00663,0.01257,0,1461.2136657428196
"2026-03-01","5M3N8GZ7VT",,"Carote Frying Pan (24cm, Cosy White)","1 Piece","Cookware","CAROTE",,,1573.450314465409,2999,,26.41855,47.53416757367759,0,0,0,0,0,1573.450314465409
"2026-03-01","WHRP5GVHQG",,"ANJALI Stainless Steel Fiesta Steamer 2 Tier With Glass Lid (20 cm, 2 L, Rust-Resistant and Durable, Silver)","1 Piece","Cookware","Anjali",,,948.8288718568429,1681.9498285887098,,19.78714,43.5286740185194,0.057911630753072256,0.06432,0.0017,0.00238,0.00093,95573.62658637631
"2026-03-01","RUYGBMI2PC",,"The Indus Valley Pre-Seasoned Iron Wok with Strong Wooden Handle (4.2L, 1.5kg)","1 Piece","Cookware","The Indus Valley",,,831.8009994504047,1424.897063104839,,64.65322,41.701679137679065,0.22945530643398682,0.26779,0.11536,0.05468,0.1831,831.8930227411306
"2026-03-01","LS8ATSFQ9R",,"Sumeet ISI Certified Stainless Steel Induction and Gas Friendly Multipurpose Saucepan with Handle (1.1L, 14cm)","1.1 ltr","Cookware","Sumeet",,,245.24310769062183,771.9883888709677,,74.64558,68.418858111503,3.5434156183691226,2.22544,8.32955,7.39745,9.37018,243.9563833263954
"2026-03-01","I6XGVB49YZ",,"Hawkins Aluminum Idli Stand for 3 Litre Cooker (12 Mini Idli, Silver, ID12S)","1 Piece","Cookware","Hawkins",,,255.30387255448,291.9691241176471,,32.29379,12.67169853905276,0.03468967761685443,0.06037,0.27777,0.52656,0,254.6335756363447
"2026-03-01","X6242MAMF2",,"The Indus Valley Pre-Seasoned Cast Iron Kadai with Flat Handles (2.3L, 2.5kg)","2.3 ltr","Cookware","The Indus Valley",,,1289.8091266211409,2202.5079075403223,,67.56812,41.425576131646636,0.14085130189449266,0.1642,0.06055,0.10194,0.01434,1296.3157948745506
"2026-03-01","YOHG2SRJP4",,"Prestige Popular Svachh Spillage Control Stainless Steel Outer Lid Pressure Cooker (1.5L, Silver)","1.5 ltr","Cookware","Prestige",,,1493.7789284514106,1831.133593830645,,58.29303,18.39811566653361,0.29227469097675235,0.47688,0.64307,0.12331,1.22336,1493.6056595081068
"2026-03-01","CF29Q88N7Y",,"The Indus Valley Super Smooth Cast Iron Tawa for Dosa/Chapathi (25.4cm, 1.8kg)","1 Piece","Cookware","The Indus Valley",,,1247.6700986159935,2140.5551855241933,,76.54581,41.786748373071504,0.20438554874029194,0.23726,0.76423,0.66824,0.87141,1244.0733912391718
"2026-03-01","6NER2USIQU",,"Neelam Stainless Steel Induction Bottom Kadai (Silver)","800 ml","Cookware","Neelam",,,595.846347056108,753.8929492148761,,13.71292,21.05751183819482,0.024922008903925225,0.03869,0.00081,0.00153,0,595.165727584855
"2026-03-01","0GNCIMC56D",,"Hawkins Futura Non-Stick Frying Pan (17 cm, Black, NF17)","1 Piece","Cookware","Hawkins",,,738.0238585857014,828.0816960887096,,47.20512,10.85964994568184,0.029220100551893884,0.05218,0.19719,0.071,0.33807,738.7259206672313
"2026-03-01","BVSGLZZEYY",,"Wonderchef Duralife Die-Cast Aluminium Non-Stick Grill Pan (1.5L, 24cm, Ivory)","1 Piece","Cookware","Wonderchef",,,1222.3423986967332,1999.2083032258065,,25.89593,38.859190581631836,0.01483760608464074,0.01872,0.00696,0.0132,0,1221.5051268373074
"2026-03-01","SFDDN8932V",,"Sumeet Cook Smart TriPly Steel-Aluminium-Steel 3 Layers Fry Pan with Lid (21.6cm, 1L, Silver)","1 ltr","Cookware","Sumeet",,,1012.1031852705239,2417.545497795699,,23.87555,58.13509254765412,0.001821277792664173,0.00153,0.00483,0.00648,0.00299,1015.4124262540258
"2026-03-01","6US6LB2OLL",,"Heart Home SS Casserole Double Wall Insulated Hot Pot Food Serving with Lid and Handle (Silver, 1.8L)","1 Piece","Cookware","Heart Home",,,631.6135615536538,1399,,57.32692,55.01475813210634,0.048261405323673484,0.04212,0.00292,0.00554,0,611.8955734035385
"2026-03-01","RZRV1UYO0Y",,"Clazkit Aluminium Gujiya Karanji Maker (4 Pieces, Silver)","4 pieces","Cookware","Clazkit",,,62.903225806451616,99,,18.21604,38.02050167933976,0.008304917906795554,0.00928,0.00887,0.01649,0.00036,13.910476768221447
"2026-03-01","HVXDNJQRWU",,"Hawkins Stainless Steel Pressure Cooker (1.5L, Induction Base, Silver, HSS15)","1.5 ltr","Cookware","Hawkins",,,1935,2191.3608806048387,,69.68059,11.631375953826055,0.3924106586011307,0.69604,2.81508,0.11349,5.83124,1935
"2026-03-01","CWCW03WZJB",,"Ahar Hard Anodized Aluminium Induction Base Outer Lid Pressure Cooker (3L, Black)","3 ltr","Cookware","ahar",,,2024.9444444444443,2050,,2.99081,1.22222222222223,0,0,0,0,0,2024.9444444444443
"2026-03-01","XNZCP5NFG4",,"Hawkins Futura Non-Stick Induction Cook n Serve Casserole with Glass Lid (2L, Induction Base, Black, INCB20G)","1 Piece","Cookware","Hawkins",,,1422.6449779311515,1586.0027731797236,,18.44893,10.303117712699315,0.03141690966750707,0.05606,0.00374,0.00709,0,1422.1271078543004
"2026-03-01","0N3022GW9S",,"Sumeet Nonstick Designer Appam Patra with Lid (12 Cavity, 3mm Thick, Black)","1 Piece","Cookware","Sumeet",,,498.74726785022955,996.8943547154472,,9.14274,49.96309937318231,0.003015662382699635,0.00361,0.00014,0.00003,0.00025,593.1588303523051
"2026-03-01","NA8WP9JX3R",,"Wonderchef Galaxy Glass 3 Burner Automatic Cooktop (Black, 2 Years Warranty)","1 Piece","Cookware","Wonderchef",,,5082.597849462366,6895.5983697235015,,12.31943,26.29214207459465,0.0017382210561133653,0.00255,0.00419,0.00794,0,5080.224059353472
"2026-03-01","HLJOBHTVKO",,"Judge by Prestige Stainless Steel Idli Cooker (6 Plate)","1 pack","Cookware","Prestige",,,1664.923740414621,2078.931369361702,,62.2028,19.988332057216684,0.19997847818958783,0.31519,0.56856,1.00062,0.08618,1662.7427632038364
"2026-03-01","A6AMDWJ1Q1",,"The Indus Valley Pre-Seasoned Cast Iron Cookware Set+ Free Tadka Pan (Tawa 30.5cm + Kadai 2.3L + Fry Pan 1.4L)","1 pack","Cookware","The Indus Valley",,,3052.5585026905314,6056.0597780241915,,76.62018,49.62911587554153,0.2939489001531036,0.29075,0.14179,0.24411,0.02756,3050.5643503297865
"2026-03-01","VZIM2NY6AJ",,"Prestige Omega Select Plus Non-Stick Paniyarakkal with Lid (240 mm, Black)","1 Piece","Cookware","Prestige",,,1195.7972730559952,1513.8150439516128,,73.08,21.095796449271127,0.1931304162523009,0.30276,0.11844,0.19252,0.03573,1196.2234254979553
"2026-03-01","NLIA2GCY6M",,"Wonderchef Duralite Die-Cast Aluminium Non-Stick Dosa Tawa (28cm, Grey, Induction Base)","1 Piece","Cookware","Wonderchef",,,698.2774728182937,1288.217376935484,,83.28726,45.463459074813414,0.9917560049087581,1.06512,1.21222,2.29493,0.00343,704.0077801115816
"2026-03-01","8P61H4I0OG",,"Sumeet Heavy Stainless Steel Induction and Gas Friendly Tope/Patila/Cookware with Lids (900ml to 2.9L, Pack of 5)","5 pieces","Cookware","Sumeet",,,2300.0255357008905,3087.345417016129,,33.34797,25.508032320110768,0.08659273162791395,0.12773,0.17302,0.06774,0.29056,459.94046625502637
"2026-03-01","19YDIVA6MN",,"Wonderchef Tivoli Aluminium Non-Stick Cookware Set (2L Kadhai, 1.4L Fry Pan, Dosa Tawa, Set of 4, Purple)","4 pieces","Cookware","Wonderchef",,,1538.734567481773,3760.487659314516,,61.70512,59.09504175468737,0.3908470153989141,0.31637,0.17829,0.33692,0.0012,384.7332615941285
"2026-03-01","DD5BJAOD2T",,"ANJALI Non-stick Diamond Square Grill Pan (250 mm, 43.3 x 25.7 cm, PTFE Coated, Durable, Black)","1 Piece","Cookware","Anjali",,,667.6211678158733,1197.982190846774,,27.94962,44.244455272293415,0.026429953457517825,0.0294,0.00496,0.0094,0,671.7789859518927
"2026-03-01","CF6W13JHCX",,"Hawkins Contura Hard Anodised XT Pressure Cooker (5L, Induction Base, Black, CXT50)","5 ltr","Cookware","Hawkins",,,3171.9234372955075,3556.9531356854836,,71.39054,10.80215836191259,0.6567817625389238,1.1706,1.46242,0.10603,2.97674,3171.119986690346
"2026-03-01","5KPT541YI0",,"Carote Gas & Induction Friendly Kadhai with Lid (2.7L, 24cm, Cosy White)","1 Piece","Cookware","CAROTE",,,1625,3999,,13.31012,59.36484121030258,0.006044474785562912,0.0049,0,0.00001,0,1625
"2026-03-01","I5BWTOJN56",,"Bergner BE Essentials TriPly Stainless Steel Biryani Handi with Lid (32cm, 8.4 L, Induction Bottom)","1 Piece","Cookware","Bergner",,,4917.3755219505965,6385.922889193549,,85.9273,23.129967307398598,1.0111235662152873,1.55249,0.557,0.84543,0.235,4887.088449612826
"2026-03-01","7809QL6J5U",,"Pigeon Vita Non-Stick Cookware Set with Glass Lid (Frying Pan, Kadhai, Tawa, 3 Pieces + 1 Glass Lid, Red)","1 pack","Cookware","Pigeon by Stovekraft",,,,,,0,,,,,,,
"2026-03-01","RNXZ2AB150",,"Signoraware BPA Free Plastic Pop Corn Maker (3L, Microwave Safe and Unbreakable, White)","1 Piece","Cookware","Signoraware",,,446.12465334934967,590,,14.30731,24.40226694763086,0.010106924118185426,0.01516,0.00119,0.00195,0.00034,443.6556906884031
"2026-03-01","Q7L26X7XF8",,"Hawkins Triply Stainless Steel Deep Fry Pan with Glass Lid (2.5L, Induction Base, Silver, SSD25G)","2.5 ltr","Cookware","Hawkins",,,1949.7587927964676,2281.2756035887096,,78.83988,14.607242648819721,0.24129727746548751,0.41305,0.79761,0.8761,0.70998,1948.8268418038776
"2026-03-01","H1HIF2LM6C",,"Wonderchef Stainless Steel Snacks Maker (12 Jalis, Silver)","1 Piece","Cookware","Wonderchef",,,622.4640792124392,898.2966701382488,,14.59668,30.701109036813065,0.017326814211823607,0.024,0.00784,0.01487,0,622.2819907210818
"2026-03-01","WIIKT49A9Q",,"Bergner TriPro Tri-Ply Stainless Steel Kadai with Lid (3L, 24cm, Induction Bottom)","3 ltr","Cookware","Bergner",,,1098.8036713867336,2779.36755108871,,82.09843,60.792543417364406,9.550927888922068,7.46019,2.50396,4.54699,0.22304,1088.7217771054327
"2026-03-01","KVUMS17GDB",,"Fackelmann Non-Stick Kadai with Glass Lid (4L, 28cm, Aluminium, Grey)","4 ltr","Cookware","Fackelmann",,,1659,1999,,2.16243,17.008504252126063,0,0,0,0,0,1659
"2026-03-01","9MQ4A18TV3",,"Prestige Hard Anodised Induction Base Multi-Kadai with Glass Lid, Dhokla Plate, Patra Plate, Idli Plates (22cm, Black)","2.5 ltr","Cookware","Prestige",,,2201.0298638559507,2746.2464519444447,,23.50305,19.852580487940966,0.01573263877888207,0.02544,0.00719,0.01075,0.00322,2200.9813296422153
"2026-03-01","FR5HQX0WBH",,"Sumeet Cook Smart TriPly Steel-Aluminium-Steel 3 Layers Sauce Pan (16.2cm, 1.15L, Silver)","1.15 ltr","Cookware","Sumeet",,,874.5742764639809,2122.2531264112904,,21.83247,58.79029388247962,0.00724641685845104,0.00586,0.04259,0.07526,0.00612,889.7324739564586
"2026-03-01","X5PAZ3R5F5",,"Fackelmann Cologne Range Nonstick Cookware Set with Lid (Tawa, Pan, Kadhai, 3 Pieces + 1 Glass Lid, Blue)","1 pack","Cookware","Fackelmann",,,1835.5992723492723,4487.395641283783,,49.33574,59.094329560294085,0.001133395703414441,0.00091,0.00144,0.00273,0,1820.4918882053153
"2026-03-01","NB3M98XK9X",,"Sumeet Heavy Stainless Steel Belly Shape Induction and Gas Friendly Tope/Patila/Cookware with Lids (370ml, 450ml, 750ml, Pack of 3)","3 pieces","Cookware","Sumeet",,,515.4529135310553,1286.3479656275306,,52.80836,59.89360580632597,0.5383216196906554,0.4289,0.37034,0.48916,0.23769,171.69460084594593
"2026-03-01","RPOPKPEJ0X",,"Prestige SS Platina Pop Cookware Fry Pan (240mm)","2.25 ltr","Cookware","Prestige",,,867.625,1214.7291592045456,,27.53982,28.585708126998686,0.017255622723351485,0.02466,0.00643,0.00969,0.00279,868.2946706417426
"2026-03-01","MT4OYYAG6O",,"Hawkins Contura Hard Anodised Pressure Cooker (2L, Black, CB20)","2 ltr","Cookware","Hawkins",,,1757.7833837500405,1963.7083589112901,,37.61697,10.476777903800986,0.1508905865411467,0.27125,0.31006,0.04616,0.60468,1756.596398551092
"2026-03-01","YBR1XAKA29",,"Hawkins Contura Hard Anodised Pressure Cooker (3L, Black, CB30)","3 ltr","Cookware","Hawkins",,,1999.7973864627863,2239.7310389516124,,65.12276,10.731430199359561,0.23574600401088963,0.4217,1.28684,0.29342,2.39592,2000.0660530588355
"2026-03-01","51WT5MOVON",,"The Indus Valley Pre-Seasoned Cast Iron Appam Pan with Glass Lid (1.5kg, Handle Design May Vary)","1 Piece","Cookware","The Indus Valley",,,917.8296484589546,1655.0079095541398,,13.70138,44.542280241656464,0.005872315326179161,0.00666,0.00036,0.00032,0.0004,953.1235638261438
"2026-03-01","URYAQI9Y55",,"Sumeet Stainless Steel Induction and Gas Stove Friendly Saucepan / Cookware/ Container with Handle (Size No. 12, 1.9L, Silver)","1.9 ltr","Cookware","Sumeet",,,422.75128500565773,917.134916532258,,28.21648,53.95018368761581,0.16552028627251056,0.15165,0.19459,0.14208,0.25321,422.294105125277
"2026-03-01","HGZI5QROBY",,"Hawkins Aluminum Family-Size Classic Pressure Cooker (5L, Silver, CL50)","5 ltr","Cookware","Hawkins",,,1935.0518184089894,2164.8871066935485,,74.50866,10.629981852242,0.2595454999867082,0.46371,1.43519,0.20052,2.81363,1934.6583712373542
"2026-03-01","D1SA1F4Y2P",,"Sumeet ISI Certified Stainless Steel Induction and Gas Friendly Multipurpose Saucepan with Handle (750ml, 13cm)","750 ml","Cookware","Sumeet",,,213.15255193095666,637.5768010483871,,84.7135,66.64055941738218,1.748242505100487,1.16314,6.43032,2.74707,10.54245,212.7596510957123
"2026-03-01","R3G4CKVFVS",,"Hawkins Futura Non-Stick Tava with Stainless Steel Handle (22 cm, Black, NT22)","1 Piece","Cookware","Hawkins",,,800.3704022830412,901.290856048387,,29.83765,11.17500048795904,0.05682834116097099,0.10128,0.13122,0.02821,0.24622,800.4874246611793
"2026-03-01","AIJGB08YS2",,"Sumeet Cook Smart TriPly Steel-Aluminium-Steel 3 Layers Fry Pan with Lid (23.6cm, 1.4L, Silver)","1.4 ltr","Cookware","Sumeet",,,1284.141698942529,2770.4065070161296,,29.86075,53.64789623145898,0.01014969947113152,0.00925,0.0615,0.10883,0.00865,1345.64563035353
"2026-03-01","I8AEUT4HWU",,"Prestige Magic Plus LP Gas Stove (GTMP-03, Black)","1 Piece","Cookware","Prestige",,,4399.027649769586,5816.334920362903,,67.06252,24.42239210298099,0.38790889279028273,0.58294,0.16585,0.07898,0.26282,4399.0773408923405
"2026-03-01","DMQ8Z1207U",,"The Indus Valley Super Smooth Cast Iron Kadai for Deep Frying (1.3L, 1.8kg)","1.3 ltr","Cookware","The Indus Valley",,,1193.631637555775,2095.6857413709677,,81.46704,43.02613789264572,0.1274371477051517,0.14453,0.0302,0.04974,0.00838,1204.2435307133026
"2026-03-01","KZDVXXGST8",,"Bergner Tripro TriPly Stainless Steel Saucepan/Milkpan (16cm, 1.7 L, Induction Bottom)","1.7 ltr","Cookware","Bergner",,,948.4284807490491,1607.2727140725806,,26.94234,41.084178913016835,0.07508185392018861,0.08958,0.05403,0.10243,0,938.2060394432316
"2026-03-01","Q2BHEPAHNT",,"Hawkins Futura Hard Anodised Cook n Serve Handi with Glass Lid (3L, Black, ACH30G)","1 Piece","Cookware","Hawkins",,,1733.7376523104613,1958.1430956185568,,30.37435,11.483925807014723,0.057922966977351234,0.1018,0.00433,0.0082,0,1732.068124595527
"2026-03-01","SAJ9MYNR5C",,"Hawkins Stainless Steel Cook n Serve Casserole with Glass Lid (2L, Induction Base, Silver, SSCB20G)","1 Piece","Cookware","Hawkins",,,1573.756388888889,1812.3455422666668,,15.75654,13.150240741835255,0.011756873774579644,0.02052,0.00031,0.00059,0,1569.8429050754912
"2026-03-01","ZC8CK4WZN6",,"Vinod Two Tone Saucepot with Glass Lid (3L, 20cm, Stainless Steel)","1 Piece","Cookware","Vinod",,,1019.6817129629629,1453.8505515740742,,4.72251,29.86337475616318,0.0016437525204550303,0.0023,0.00012,0.00022,0,1015.7280242779406
"2026-03-01","S1737GVQ41",,"Hawkins Futura Non-Stick Cookware Set (Tawa, Frying Pan, 2 Pieces, Black, NSET5)","1 pack","Cookware","Hawkins",,,1500.4939605110335,1830,,8.41464,18.005794507593794,0,0,0.00287,0.00544,0,1500.4939605110335
"2026-03-01","Q163RM1ZLK",,"The Indus Valley Pre-Seasoned Cast Iron Fry Pan/Skillet with Long Handle (900 ml, 1.6kg)","1.8 ltr","Cookware","The Indus Valley",,,902.1237776956858,1587.9016051209678,,72.80487,43.623732517224404,0.27570256700259604,0.30806,0.41902,0.33712,0.51044,893.2120992400069
"2026-03-01","B3Z047373D",,"Sumeet Stainless Steel Induction Bottom Casserole with Glass Lid (14cm Dia, 1.3L, Silver)","1 Piece","Cookware","Sumeet",,,641.5850340136054,1435.2190025345622,,20.67827,55.29393926066398,0.05551500179083457,0.04932,0.02388,0.0065,0.04327,641.9552692688688
"2026-03-01","DWNAGAW7FU",,"Hawkins Triply Stainless Steel Metro Patila with Stainless Steel Lid (3L, Induction Base, Silver, SSP30S)","1 Piece","Cookware","Hawkins",,,1514.0210822815504,1762.9913459113297,,38.58199,14.033766251007386,0.07298162943543252,0.12704,0.04919,0.09325,0,1510.4386601093588
"2026-03-01","4RNLNWAUL5",,"Fackelmann Aluminium Fry Pan with Non-Stick Coating (24 cm, Black)","800 ml","Cookware","Fackelmann",,,912.9289170506912,1046.602764967742,,17.21007,12.772166517367337,0.0006772260384274724,0.00121,0.00029,0.00054,0,907.024694344869
"2026-03-01","TDWSLUOJDZ",,"Wonderchef Ferro Light Cast Iron Non-Stick Dosa Tawa (28cm, Black, Pre-Seasoned, Induction Base)","1 Piece","Cookware","Wonderchef",,,1606.0546747668573,2972.966479153226,,86.35642,45.9528227964,0.31727809397100076,0.34146,0.23388,0.44305,0.00035,1607.547155752197
"2026-03-01","695F19IT0B",,"Hawkins Futura Hard Anodised Tava with Stainless Steel Handle (26 cm, Black, AT26)","1 Piece","Cookware","Hawkins",,,948.3789332232604,1069.1670637500001,,24.12321,11.288401025529755,0.0369612302378805,0.0665,0.05575,0.10568,0,947.7122134083992
"2026-03-01","O3XD5SQTNA",,"Vinod Platinum Triply Stainless Steel Fry Pan (20cm, Induction Friendly)","1.2 ltr","Cookware","Vinod",,,2064.9785392176145,2695.246987056452,,23.18197,23.38444123546427,0.004066076924391796,0.00623,0.00722,0.01368,0,2064.99816434165
"2026-03-01","NZI94UJE11",,"Sumeet CookSmart TriPly Stainless Steel Cookware Set with Glass Lid (Deep Kadai 20cm - 1.7L, Frypan 20cm - 1L, Set of 3, Silver)","3 pieces","Cookware","Sumeet",,,1861.5821317080422,4464.014365668202,,17.95615,58.29802551656017,0.005044544229326567,0.00421,0.00638,0.00972,0.00264,619.6937829420984
"2026-03-01","P8Z02L5JL1",,"Hawkins Contura Stainless Steel Pressure Cooker (3L, Induction Base, Silver, SSC30)","3 ltr","Cookware","Hawkins",,,2748.4546670582904,3062.1744983944955,,55.42575,10.238985272763427,0.15182597619382132,0.27286,0.09095,0.17241,0,2748.300328260367
"2026-03-01","HP3VMCV88T",,"Sumeet Super Smooth Pre Seasoned Carbon Steel (Iron) Concave Tawa (25cm, Gas and Induction-Friendly, Black)","1 Piece","Cookware","Sumeet",,,641.5869702719799,1735.2225036021505,,21.43499,63.00510517488502,0.06361994870134853,0.04708,0.03935,0.03561,0.04353,643.2936123173728
"2026-03-01","W3XMCD8MGP",,"Vinod Platinum Triply Stainless Steel Extra Deep Tasla (18cm, 1.2L, 2.5mm Thick, Induction and Gas Friendly, 5 Year Warranty, Silver)","1 Piece","Cookware","Vinod",,,1423.7299556494024,1974.9546658986173,,49.9012,27.912536409793525,0.023231399989783654,0.03297,0.00842,0.01595,0,1421.8584671725819
"2026-03-01","TYG2VZULNK",,"ANJALI Non-stick Waffle Toaster (36 x 14.5 cm, PTFE Coated, Durable, Black)","1 Piece","Cookware","Anjali",,,479.56234412918326,875.8605569354838,,16.70169,45.32322613058577,0.024728386193239887,0.02647,0.00269,0.00511,0,470.36360462679517
"2026-03-01","BIKXCFWLAH",,"Hawkins Futura Hard Anodised Tava with Stainless Steel Handle (24 cm, Black, AT24)","1 Piece","Cookware","Hawkins",,,857.8968586877849,967.2317810121458,,36.45633,11.319835703022841,0.02711609732571145,0.04786,0.01893,0.03588,0,857.9058679138258
"2026-03-01","IR3W895QYJ",,"Hawkins Pro Triply Stainless Steel Frying Pan with Stainless Steel Lid (22 cm, Induction Base, Silver, PSF22S)","1 Piece","Cookware","Hawkins",,,1740.1813230087257,2178.0787308870968,,49.05656,20.100271242951845,0.04330105145332563,0.07043,0.0155,0.02939,0,1750.7042548507611
"2026-03-01","CB7B7CKXBI",,"Hawkins Futura Non-Stick Small Frying Pan (20 cm, Black, NF20)","1 Piece","Cookware","Hawkins",,,871.5335685721926,964.7391559274192,,72.30284,9.664181357871344,0.11885864891908958,0.21546,0.64541,0.38801,0.93277,872.116968999742
"2026-03-01","MCEQK0PE2Y",,"Prestige Popular Svachh Spillage Control Stainless Steel Pressure Cooker (5L, Silver)","5 ltr","Cookware","Prestige",,,2581.5639233785455,3221.6951423076925,,24.79358,19.86008556361681,0.09360358174584735,0.15118,0.01021,0.00243,0.0189,2580.9099724849593
"2026-03-01","GHSYMB1ZHK",,"Hawkins Futura Cast Iron Kadhai with Glass Lid (2L, Black, CIK20G)","2 ltr","Cookware","Hawkins",,,2094.8254102999435,2477.714791209678,,29.54067,15.448186820718956,0.01862911965699515,0.03186,0.00005,0.00009,0,2094.8560892098767
"2026-03-01","HZOUDHQR97",,"Bergner Eco Cast Iron Roti Tawa (26cm, 2.12kg)","1 Piece","Cookware","Bergner",,,1045.5049548675954,1504.2302425806452,,63.39239,30.30874440787933,0.19811895953368916,0.2778,0.36688,0.69539,0.00012,1055.8734669664611
"2026-03-01","PM0HYY8JQW",,"Hawkins Futura Hard Anodised Frying Pan with Stainless Steel Lid (20 cm, Black, AF20RS)","1 Piece","Cookware","Hawkins",,,1091.4453781512605,1133.7932594957983,,2.95844,3.735062013278337,0,0,0.00006,0.00011,0,1091.4453781512605
"2026-03-01","3QO30N881D",,"Hawkins Non-Stick Die Cast Aluminum Grill Pan with Glass Lid (30 cm, Red, DCGP30G)","1 Piece","Cookware","Hawkins",,,1796.794272283136,2019.9981283467744,,39.8889,11.04498020170878,0.03564509459908857,0.06352,0.01729,0.03278,0,1796.0211844934943
"2026-03-01","6CFUX8GXZ7",,"Prestige Omega Delux Non-Stick Cookware Set, Induction and Gas Stove Compatible (Kadai with Glass Lid 24cm, Omni Tawa 25cm, Fry Pan 24cm, Red)","3 pieces","Cookware","Prestige",,,2085.612576880693,3888.662248185484,,72.09601,47.14023692483525,0.701407943035636,0.72053,0.24178,0.31081,0.16472,674.2451665393311
"2026-03-01","9TR3KZ4AYN",,"Tosaa Non Stick Waffle Pancake Maker (Gas Compatible, Super Heavy Thickness)","1 Piece","Cookware","Tosaa",,,478.9786950390583,943.8590628629033,,45.51114,49.426248515219115,0.2637666564592367,0.26591,0.02085,0.03953,0,477.81147533299725
"2026-03-01","7X0XZI30M3",,"Carote Granite Tawa (26cm, Flat, Black)","1 Piece","Cookware","CAROTE",,,1345,2999,,4.89245,55.151717239079694,0.0022664891075147753,0.00203,0.00013,0.00024,0,1345
"2026-03-01","6GTD5CLWN4",,"Hawkins Ceramic Nonstick Induction Tava (28 cm, Induction Base, Grey, ICT28)","1 Piece","Cookware","Hawkins",,,1293.7106353305637,1495.2854289112904,,27.87672,13.495628807463083,0.14879769281475771,0.25848,0.14841,0.18009,0.11306,1292.0372839777128
"2026-03-01","M18AVVJ5VF",,"Hawkins Futura Hard Anodised Induction Frying Pan with Stainless Steel Lid (24 cm, Induction Base, Black, IAF24S)","1 Piece","Cookware","Hawkins",,,1529.9156883183382,1676.3145949308755,,17.70276,8.690802759484606,0.043435272348788995,0.07996,0.00439,0.00395,0.00488,1530.4520385864398
"2026-03-01","C2C3KPJXIP",,"Vinod Platinum Triply Stainless Steel Kadai with Lid (2.5L, 24cm, 2.5mm Thickness, Induction-Friendly, Heavy Bottom, 5 Year Warranty)","2.5 ltr","Cookware","Vinod",,,2356.662004662005,3545.5313350961537,,20.40671,33.531485638439776,0.006205600319981768,0.00829,0.00096,0.00183,0,2361.1647615589022
"2026-03-01","04WYO45ZFU",,"Hawkins Futura Hard Anodised Induction Saucepan with Stainless Steel Lid (2L, Induction Base, Black, IAS20S)","2 ltr","Cookware","Hawkins",,,1218.1385406466109,1377.136342804878,,22.98062,11.545279716700147,0.033134347645775594,0.05898,0.05529,0.00459,0.11188,1216.187082617036
"2026-03-01","B0JVABGVCM",,"Magnus 12-Cavity Heavy Base Non-Stick Appam/Appe Pan with Glass Lid (20 cm)","1 pack","Cookware","Magnus",,,573.0814256521696,939.0733841129031,,61.05894,38.96556681929868,0.09878521871412128,0.12006,0.08604,0.13689,0.02927,574.5674018184186
"2026-03-01","5FPV0PX7I2",,"Wonderchef Granite Aluminium Non-Stick Fry Pan (1.8L, 24cm, Purple)","1.8 ltr","Cookware","Wonderchef",,,993.4426217026075,1904.2986262672812,,20.21704,47.831573892908374,0.006046061856961971,0.00603,0.00538,0.0102,0,998.8531137147495
"2026-03-01","EEF1W3N7P0",,"Prestige Popular Svachh Hard Anodised Outer Lid Pressure Cooker (3.0 Litre, Black)","3 ltr","Cookware","Prestige",,,1669,2041.087153617886,,43.24888,18.324710745074775,0.19545063906289808,0.31526,0.50896,0.16922,0.88825,1669.0000000000005
"2026-03-01","1OSO2QY57C",,"Wonderchef Ferro Light Cast Iron Non-Stick Grill Pan (1.4L, 24cm, Black, Pre-Seasoned, Induction Base)","1 Piece","Cookware","Wonderchef",,,1309.7911724253054,2378.4678473790327,,81.70503,44.9326150538859,0.10297297111244105,0.11314,0.1238,0.23142,0.00364,1310.0533692813776
"2026-03-01","Y0BD2MHAL4",,"Hawkins Futura Hard Anodised Deep Fry Pan with Round Bottom (1.5L, Black, AK15)","1.5 ltr","Cookware","Hawkins",,,947.5830872569784,1064.2120298387097,,63.79172,11.070649170948052,0.10486083032903719,0.18568,0.32883,0.1118,0.57114,946.5457152911597
"2026-03-01","5RJMW2LHVT",,"Hawkins Aluminum Classic Pressure Cooker for Small Families (1.5L, Silver, CL15)","1.5 ltr","Cookware","Hawkins",,,1062.0878656403265,1193.4058482258065,,74.73633,11.019178233563167,0.1512561419867302,0.26856,2.49747,0.41275,4.82493,1062.294181111507
"2026-03-01","7RZUR3NV5Y",,"Pigeon By Stovekraft Favourite Aluminium Pressure Cooker with Outer Lid(2L and 3L, Silver, Pack of 2)","2 pieces","Cookware","Pigeon by Stovekraft",,,969.6928726421886,1891.3880403225805,,14.57734,48.71452121973906,0.07713454183780144,0.0787,0.05066,0.09488,0.0013,484.55390793226053
"2026-03-01","LUS6DX014A",,"Hawkins Contura Hard Anodised Pressure Cooker (5L, Black, CB50)","5 ltr","Cookware","Hawkins",,,2771.6968037607594,3079.617357142857,,42.20847,9.998983637119498,0.2028051279261423,0.36432,0.46693,0.02154,0.96419,2770.996531446505
"2026-03-01","3XQF7DDWW4",,"Wonderchef Royal Velvet Aluminium Non-Stick Wok with Lid (2.7L, 24cm, Purple, Induction Ready, 2 Year Warranty)","2 pieces","Cookware","Wonderchef",,,1307.017730496454,2000,,25.66157,34.6491134751773,0.0035269260976825453,0.00457,0.00279,0.00529,0,649.6925054831283
"2026-03-01","F8BKKJ3GXK",,"Hawkins 12-Cup Non-Stick Die Cast Aluminum Multipurpose Paniyaram/Appe Pan with Glass Lid (26 cm, Red, NAPE26G)","1 Piece","Cookware","Hawkins",,,1522.6230094719228,1727.8990927016125,,23.84501,11.88208336685335,0.10504893607724008,0.18408,0.08473,0.00581,0.17285,1521.67411208013
"2026-03-01","VZLYCPV85V",,"Vinod Deep Pan Mini Pressure Cooker (2L, Silver)","2 ltr","Cookware","Vinod",,,1843.5381019250776,2308.0606739754094,,46.12799,20.11883917947777,0.0916647095199957,0.14688,0.02285,0.04332,0,1833.785595522145
"2026-03-01","3Z64OCYHYX",,"Prestige Hard Anodised Cookware Tadka Pan (10cm, Black)","1 Piece","Cookware","Prestige",,,383.17655729357034,471.4500650403226,,61.43821,18.752082951051058,0.05673523297222616,0.09178,0.05223,0.04837,0.05655,384.53888905452885
"2026-03-01","RXFEMS22CM",,"Sumeet Super Smooth Pre Seasoned Carbon Steel Fry Pan (20.5cm, 1.1L, Naturally Nonstick, Gas and Induction Friendly, Black)","1.1 ltr","Cookware","Sumeet",,,793.9206499551782,1604.4840765182187,,17.17254,50.55354429098435,0.0927507198059239,0.09075,0.03982,0.03302,0.0474,794.1143191521434
"2026-03-01","HUHVPRMKQN",,"Hawkins Contura Stainless Steel Pressure Cooker (5L, Induction Base, Silver, SSC50)","5 ltr","Cookware","Hawkins",,,3299.067729257642,3689.0971224454147,,39.37692,10.57207609987779,0.19393642179853773,0.34734,1.01283,0.04519,2.09314,3299.110437648095
"2026-03-01","C2GS82VDVO",,"Prestige Omega Deluxe Aluminium Granite Nonstick Scratch-Resistant Fry Pan (20cm, Black)","1.1 ltr","Cookware","Prestige",,,779,985.4574569758064,,59.49427,20.967839167491366,0.3040295242309618,0.47919,0.41183,0.6804,0.11198,779
"2026-03-01","X9W9QWW1KW",,"Wonderchef Tivoli Aluminium Non-Stick Fry Pan (1.5L, 24cm, Purple, Induction Base)","1.5 ltr","Cookware","Wonderchef",,,571.1646391969715,1766.1036137903225,,40.08823,67.64675501006543,0.27151753529810324,0.17308,0.11221,0.21118,0.00172,572.0760410565555
"2026-03-01","YNGJNTDMLS",,"Prestige Platina Popular Stainless Steel Unique Impact Forged Bottom Kadai with Toughened Glass Lid (20cm, 1.5 L, Silver)","1.5 ltr","Cookware","Prestige",,,1241.8640913145189,1403.6599923963136,,30.82953,11.516172987498635,0.07520216904720306,0.13259,0.03257,0.04033,0.02391,1241.1417522791346
"2026-03-01","EWISYTC9KV",,"Magnus 12-Cavity Non-Stick Appam/Appe Pan with Stainless Steel Lid (22 cm)","1 pack","Cookware","Magnus",,,495.02533564103754,820.2602264112904,,57.93958,39.58829229365699,0.11659563625368705,0.13865,0.16175,0.27722,0.03283,497.2787940335351
"2026-03-01","DC7NFCT1Z7",,"Hawkins Triply Stainless Steel Deep Fry Pan with Glass Lid (1.5L, Induction Base, Silver, SSD15G)","1.5 ltr","Cookware","Hawkins",,,1694.513713845669,1915.050177620968,,27.33451,11.515962680897871,0.011562948764580213,0.02044,0.00281,0.00532,0,1697.4872850061086
"2026-03-01","DLQGZT685W",,"Sumeet Cook Smart TriPly Stainless Steel Kadhai (26cm, 3.25L, Silver)","3.25 ltr","Cookware","Sumeet",,,1631.5839071244418,3861.1521543145154,,56.41534,57.72741518280596,0.10449421683585433,0.08835,0.0768,0.14361,0.0022,1629.601638458316
"2026-03-01","P3FEVMXXVN",,"Clazkit Samosha Plastic Dough Press Set (4 Pieces, Multicolor)","4 pieces","Cookware","Clazkit",,,56.45888310870054,99,,8.18139,43.078719335359516,0.0029054742827077534,0.00331,0.00001,0.00001,0,14.250002414895313
"2026-03-01","F7C0YK8DKF",,"Embassy SS Premium Idli Pot Elite (with 3 Plates)","1 pack","Cookware","Embassy",,,2300,2300,,0.64089,0,0,0,,,,2300
"2026-03-01","KWFAQQQNWB",,"Fackelmann Stainless Steel Triply Fry Pan with Lid (20 cm, Silver)","1.25 ltr","Cookware","Fackelmann",,,1271.9343025848148,3652.0386964806867,,7.83634,65.17193796959153,0.020485993193895383,0.0115,0.00321,0.00597,0.00014,529.053607294277
"2026-03-01","31U89D70WL",,"Hawkins Futura Non-Stick Induction Frying Pan with Glass Lid (16 cm, Induction Base, Black, INF16G)","1 Piece","Cookware","Hawkins",,,987.5173009644571,1099.310433036437,,17.04297,10.169360510659152,0.02576323232025556,0.04629,0.04274,0.01611,0.07247,987.3773754299095
"2026-03-01","ONNT6H4O6P",,"Bergner Earth Black Non-Stick Concave Tawa (26cm, Induction Bottom)","1 Piece","Cookware","Bergner",,,405.22056153662385,1035,,73.067,60.3753129898374,8.030602893644705,6.38848,5.2458,9.94434,0.00018,410.11551055518294
"2026-03-01","DAUR2EAONE",,"Soham Housewares SH Gujiya Maker (Plastic)","1 Piece","Cookware","Soham Housewares",,,115,299,,13.35209,61.538461538461526,0.07815502874739705,0.05998,0.01087,0.02062,0,114.99999999999997
"2026-03-01","JALJLIBR66",,"ANJALI Stainless Steel Puran Machine With 5 Jali (33.4 cm, Rust-Resistant and Durable, Silver)","1 Piece","Cookware","Anjali",,,358.0429376432966,753.1501124561404,,16.2182,51.90190997542551,0.0197798219961422,0.02047,0.00118,0.00211,0.00013,395.0256348371317
"2026-03-01","IK03BGLWRR",,"Wonderchef Sienna Aluminium Non-Stick Cookware Set (2L Kadhai, 1.3L Fry Pan, Dosa Tawa, Set of 4, Grey)","4 pieces","Cookware","Wonderchef",,,1899,4994.803603891891,,12.02788,61.98048711023748,0.006612873070911983,0.00501,0.0011,0.00192,0.00018,474.74999999999994
"2026-03-01","3P548D59JO",,"Hawkins Contura Aluminum Pressure Cooker (1.5L, Silver, HC15)","1.5 ltr","Cookware","Hawkins",,,1080.7298070724155,1224.450634354839,,60.55845,11.77446252084878,0.1766726369937054,0.3118,2.41667,0.32206,4.75519,1080.7598130839606
"2026-03-01","94G3FFWCJ7",,"P-TAL Brass Roti Tawa Teflon Free with PVC Handle (26cm, Golden)","1 Piece","Cookware","P-Tal",,,2736.3868625596137,3298.3997551612892,,10.39705,17.038956291524265,0.0008285268451378618,0.00137,0.00546,0.01034,0,2731.3490131875114
"2026-03-01","EDC1W2VND6",,"ANJALI Stainless Steel Fiesta Milk Pan (Size 16, 2 L, 22 x 16 x 12.5 cm, Rust-Resistant and Durable, Silver)","2 ltr","Cookware","Anjali",,,411.16281411235866,653.778574212766,,44.87073,36.61276021654231,0.11354075053498208,0.14117,0.14399,0.27297,0,41805.80656100544
"2026-03-01","2SC18LIUMG",,"Vinod Stainless Steel Regular Outer Lid Pressure Cooker (3L, 18/8, Silver)","3 ltr","Cookware","Vinod",,,2174.359337606072,2745.442402008734,,56.66427,20.798278732794298,0.04406020060587601,0.06965,0.03558,0.06744,0,2195.870649352993
"2026-03-01","QX0XJ5LI4W",,"Hawkins Futura Non-Stick Cook n Serve Stewpot with Glass Lid (3L, Black, NST30G)","1 Piece","Cookware","Hawkins",,,1670.7702264449058,1872.5268185887096,,69.72076,10.735915061570832,0.059046915827199856,0.10658,0.04491,0.08514,0,1671.9809000294358
"2026-03-01","0RPFH9FF0Q",,"Wonderchef Alfa Aluminium Pressure Cooker with Inner Lid (3L, Silver)","3 ltr","Cookware","Wonderchef",,,1023.0734304618288,1939.2299152822582,,70.66823,47.24020757692903,0.06535287951946504,0.06831,0.07232,0.12823,0.00991,1020.4872054072002
"2026-03-01","5RW9L8HBHM",,"Hawkins Futura Non-Stick Flat Tava with Plastic Handle (26 cm, Black, NFT26P)","1 Piece","Cookware","Hawkins",,,1217.7196540512846,1367.8615989516127,,31.35117,10.950856511302957,0.05313892918195611,0.09536,0.14813,0.06414,0.2419,1216.9672118035787
"2026-03-01","ZKQTXHTAHN",,"Carote Gas & Induction-Friendly Kadhai with Lid (2.7L, 24cm, Granite Black)","1 Piece","Cookware","CAROTE",,,1580,3999,,23.96037,60.49012253063266,0,0,0,0,0,1580
"2026-03-01","NGXGMQXPG8",,"Hawkins Aluminum Tall Classic Pressure Cooker (3L, Silver, CL3T)","3 ltr","Cookware","Hawkins",,,1422.7975554224163,1657.7689894354837,,73.26115,13.474452920301667,0.2082731179197037,0.37314,2.48233,0.85936,4.29427,1419.9746365018646
"2026-03-01","ZF7Z9DJYQZ",,"Wonderchef Nigella Stainless Steel Triply Non-Stick Roti Tawa (26cm, Silver, Induction Base, 10 Year Warranty)","1 Piece","Cookware","Wonderchef",,,1379.78377020595,2000,,12.63656,31.0108114897025,0.002015353952320657,0.00267,0.00739,0.014,0,1332.9679953945856
"2026-03-01","YPIVUHOY41",,"SOLARA Essentials Pre Seasoned 12- Cavity Cast Iron Paniyaram (20cm, Black)","1 Piece","Cookware","Solara",,,950.7026099253578,2498.836891532258,,69.52555,62.05105446725316,0.46482925556403965,0.35174,0.35264,0.34192,0.36461,948.3240046944223
"2026-03-01","8L3IM9ZVAW",,"Prestige Stainless Steel Platina Popular BYK Cookware Set (Fry Pan, Sauce Pan, Kadai, 3 Pieces + 2 Glass Lid, Silver)","3 pieces","Cookware","Prestige",,,2004.0049781833372,3857.9846997177415,,64.8662,48.02276603727596,1.1045808350931072,1.14262,0.33678,0.47795,0.17917,669.5558987446539
"2026-03-01","FQNOT52F6E",,"ANJALI Non-stick Grill Toaster (41 x 14.5 cm, PTFE Coated, Durable, Black)","1 Piece","Cookware","Anjali",,,343.8349810098658,600.828816491228,,17.64154,43.02613216840789,0.025071269190265394,0.0276,0.00944,0.01789,0,340.3092069982249
"2026-03-01","CUMS1UF49J",,"Vinod Hard Anodised Handi with SS Lid (2L, Black)","1 Piece","Cookware","Vinod",,,1157.075387362959,1440.2932928921568,,16.06072,19.663905048150788,0.005622767242384104,0.009,0.00198,0.00375,0,1160.975432042808
"2026-03-01","4T77938OFU",,"Sumeet Stainless Steel Milk Boiler Pot (1.1L, 1.4L, 1.75L, Set of 3)","3 pieces","Cookware","Sumeet",,,515.0980800126289,1336.713077217742,,47.79808,61.533774529540494,0.26598787624446407,0.20326,0.23984,0.45467,0,171.54069178542218
"2026-03-01","8GO1MHN15K",,"Hawkins Triply Stainless Steel Patila Kitchen Gift Pack 2023 (1.5L, 2L, 2.5L, Induction Base, Silver, 23SGP)","3 pieces","Cookware","Hawkins",,,2599,3732.2547834010156,,46.10928,30.361081384817712,0.03681695789022309,0.05128,0.02806,0.04012,0.01461,866.3333333333333
"2026-03-01","T0XLK2HSRO",,"Vinod Stainless Steel Kadhai with Glass Lid (20cm, Induction and Gas Base, Non-stick)","1.7 ltr","Cookware","Vinod",,,1022.1153846153846,1337.315705,,0.51466,23.569626768468662,0,0,0,0,0,1022.1153846153845
"2026-03-01","ZVDW0SUVFV",,"Wonderchef Taurus Hard Anodized Aluminium Pressure Cooker with Inner Lid (3L, Black)","3 ltr","Cookware","Wonderchef",,,1571.590835967348,3168.804186008065,,47.35106,50.32762454083461,0.1259589796339986,0.12818,0.04742,0.08886,0.00114,1573.5712927293087
"2026-03-01","XWGLORNAAJ",,"Wonderchef Valencia Aluminium Non-Stick Sauce Pan (1.5L, 16cm, Purple)","1.5 ltr","Cookware","Wonderchef",,,714.8829257577353,1791.9762035483873,,46.87841,60.18941205421245,0.15802696644926292,0.12453,0.05585,0.10513,0.00082,711.0591176840098
"2026-03-01","QB19KMB99I",,"P-TAL Brass Kadhai with Lid Teflon Free with Naturally Non-Stick Tin Coated (1.5L, Gold, Silver)","1.5 ltr","Cookware","P-Tal",,,3599,3999,,10.48147,10.002500625156289,0.00957041841047461,0.01719,0.0001,0.00019,0,3599
"2026-03-01","94WGOLYY30",,"Vinod Stainless Steel Platinum Extra Deep Tasla (4.1L, 26cm, Silver)","1 Piece","Cookware","Vinod",,,2373.716707698312,3295.7523629838706,,45.39608,27.98375958772218,0.039783118760237754,0.05621,0.0166,0.03146,0,2350.3147039334026
"2026-03-01","5M006YJXMO",,"Prestige Omega SLT Plus Fry Pan (180mm)","750 ml","Cookware","Prestige",,,489.91875511460904,713.208360631579,,20.11888,31.595323160693226,0.02818532999970675,0.0369,0.01565,0.02638,0.00368,469.6733300934562
"2026-03-01","28NV4S6YDE",,"The Indus Valley Stainless Steel Strainer Pot/Rice Pot with Strong Lockable Lid (3.5L, 1.08kg)","1 pack","Cookware","The Indus Valley",,,2112.789489374363,3619.9240434677417,,81.7318,41.43461372133995,0.713324430848064,0.83859,0.25583,0.47472,0.01145,2119.9191015390766
"2026-03-01","W5TVQH4CQB",,"Judge by Prestige ACE Aluminium Non-Stick Cookware Set (Kadai with Glass Lid (20cm), Fry Pan (20cm), Omni Tawa (25cm), Black)","3 pieces","Cookware","Prestige",,,1558.3549040018506,2635.1008055725188,,10.80784,40.865212964806396,0.014935399912754246,0.01752,0.00128,0.00176,0.00074,516.3538810826115
"2026-03-01","6Y7DO4R2YO",,"ANJALI Non-stick Appa Patra with SS Lid (12 Cups, 38 x 21 cm, Durable, Black)","2 pieces","Cookware","Anjali",,,529.5227908570491,794.6492696370966,,32.28609,34.32831410652235,0.07314970785407582,0.08829,0.06507,0.12139,0.00219,242.15255070994797
"2026-03-01","0ZM073LJN8",,"Neelam Stainless Steel Regular Sauce Pan with Wire Handle (800ml, 13cm, Silver)","800 ml","Cookware","Neelam",,,260.5882352941176,268,,1.03017,2.76558384547849,0,0,0,0,0,26058.823529411766
"2026-03-01","T06BRP0KJY",,"Prestige Popular Plus Svachh Virgin Aluminium Spillage Control Pressure Cooker (3L, Silver)","3 ltr","Cookware","Prestige",,,1457.0389807532047,1827.1717340725804,,20.47931,20.280010909923043,0.04136149905401722,0.06536,0.03916,0.01312,0.06824,1460.6309455539097
"2026-03-01","1S68PB57K0",,"Prestige Deluxe Duo Plus Hard Anodised Gas and Induction Compatible Pressure Handi with Glass Lid (1.5L, Black)","1 Piece","Cookware","Prestige",,,1981.3703703703704,2560,,7.38149,22.60271990740741,0.0029020734154240535,0.00448,0.00005,0.0001,0,1979.2263083451203
"2026-03-01","7XI2NUYCSA",,"Vinod SAS Pro Platinum Triply Stainless Steel Dosa Tawa (28cm, 4mm Thick, Hexa Design, Metal Spoon Friendly, Riveted Handle)","1 Piece","Cookware","Vinod",,,2436.426579520697,3564.2519431862743,,20.02245,31.64269478260714,0.018119140714097193,0.02444,0.00184,0.0035,0,2440.9841700775146
"2026-03-01","2MINVH7G0Y",,"Sumeet Super Smooth Pre Seasoned Carbon Steel (Iron) Deep Wok for Cooking and Deep Frying (25cm, 2.25L, Gas and Induction-Friendly, Black)","1 Piece","Cookware","Sumeet",,,765.0856120212842,2471.271687903226,,57.61294,69.05387888235515,0.4095105216028888,0.25243,0.38607,0.16585,0.63193,764.8465196200635
"2026-03-01","Q505GFTV7A",,"Wonderchef Venice Aluminium Non-Stick Mini Kadhai (1L, 16cm, Purple)","1 ltr","Cookware","Wonderchef",,,,,,0,,,,,,,
"2026-03-01","8Y4QEP0KKH",,"Hawkins Futura Hard Anodised Cookware Set with Stainless Steel Lid (Tawa, Frying Pan, Kadhai, 3 Pieces + 1 Lid, Black, 24HAGP)","1 pack","Cookware","Hawkins",,,2214.2454863710173,3064.872296995074,,45.6473,27.810009185204986,0.14183105397151236,0.20575,0.02823,0.02029,0.03709,2211.959783380998
"2026-03-01","OVDF19YVIR",,"Vinod Hard Anodised Non Stick Microwave Safe Tawa (25cm, 3.25mm Thickness, Round Baking Plate Pan Tawa, 2 Year Warranty)","1 Piece","Cookware","Vinod",,,579.389159891599,738.5466303252033,,11.55467,21.548572593438415,0.00289081276597358,0.0045,0.00063,0.00119,0,576.8941327717304
"2026-03-01","HP4LK98V53",,"Judge by Prestige Stainless Steel Milk Pan (14cm/1.4L)","1.4 ltr","Cookware","Prestige",,,400.00758490128544,574.7962430519481,,23.20732,30.398132086549285,0.01230040794134344,0.0171,0.02193,0.03316,0.00938,401.7946201480518
"2026-03-01","QDDJRQAK40",,"Cello Non Stick Round Patri Tawa Aluminium Hammertone, Sturdy Handles and Gas Stove Base Multi Purpose Tawa, Dosa, Roti, Chapati Tawa (Black)","1 Piece","Cookware","Cello",,,727.6008064516129,1699,,4.06993,57.17476124475498,0,0,0.00008,0.00014,0,727.6008064516129
"2026-03-01","QLZ9X3FZFK",,"Sumeet Stainless Steel Induction and Gas Stove Friendly Belly Shape Container Set / Tope /Cookware Set With Lids (No.10 - 1.1L, No.11 - 1.4L, No.12 - 1.75L, Set of 3, Silver)","3 pieces","Cookware","Sumeet",,,745.1953165939749,1609.817017298387,,65.26823,53.53095797322661,0.7376456954400307,0.68321,0.96033,0.72653,1.22136,249.19059693778573
"2026-03-01","VI1BBBR9Q3",,"MASTER Perfect Aluminium Outer Lid Pressure Cooker Combo (2L, 3L)","2 pieces","Cookware","Master",,,899,1611.9785013772455,,7.95028,44.23002544811172,,,0.03921,0.07432,0,899
"2026-03-01","EAS3CMXPJL",,"Hawkins Triply Stainless Steel Induction Frying Pan with Glass Lid (20 cm, Induction Base, Silver, SSF20G)","1 Piece","Cookware","Hawkins",,,1445.8304326517618,1677.9569876612902,,31.11289,13.85712588627671,0.044100255264995135,0.07595,0.0635,0.02979,0.10114,1444.113154040555
"2026-03-01","VDQVUO5IRH",,"Hawkins Triply Stainless Steel Induction Frying Pan with Glass Lid (24 cm, Induction Base, Silver, SSF24G)","1 Piece","Cookware","Hawkins",,,1710.2754962424474,2004.9105866935486,,79.25404,14.72985378177677,0.18255900923799054,0.31258,0.59959,0.39744,0.82529,1708.1552163430372
"2026-03-01","OKOVV5YY5C",,"Vinod Stainless Steel Deluxe Multi Kadai (6 Pieces, Gas & Induction-Friendly)","6 pieces","Cookware","Vinod",,,2520,3305.942029043478,,5.09902,23.77361799265664,0,0,0,0,0,2520
"2026-03-01","4QJCUI7DHM",,"Judge by Prestige Stainless Steel Idli Cooker with 4 Plates (25cm, Silver)","1 Piece","Cookware","Prestige",,,1220.3211124130132,1732.7542372983871,,64.43176,30.06950481446901,0.45061431049163003,0.62918,0.58686,1.07784,0.03871,1208.1050058762098
"2026-03-01","3J4VI41TO2",,"Hawkins Futura Non-Stick Induction Frying Pan (20 cm, Induction Base, Black, INF20)","1 Piece","Cookware","Hawkins",,,995.6485159082571,1080.5817304048583,,27.79215,7.833237511307713,0.04711576649803771,0.08711,0.08208,0.0567,0.11043,996.1644714819568
"2026-03-01","PVSWLGUJBN",,"Vinod Handi-Shape Inner Lid Europa Pressure Cooker (3L, Silver)","3 ltr","Cookware","Vinod",,,2699.6492825821447,3128.587558024194,,50.85817,13.713297026738406,0.06192223575332548,0.10653,0.0175,0.03318,0,2699.1712391907886
"2026-03-01","DM8HFD8B35",,"Neelam Stainless Steel Regular Saucepan with Wire Handle (11 22G, 1600ml, Silver)","1.6 ltr","Cookware","Neelam",,,326.5888177056164,445.71518713615023,,15.53904,26.71386089810707,0.004896644289899876,0.00716,0.00452,0.00857,0,33126.888958359
"2026-03-01","2DEX35F00I",,"Hawkins Futura Hard Anodised Deep Fry Pan with Stainless Steel Lid (2.5L, Black, AD25S)","2.5 ltr","Cookware","Hawkins",,,1718.3636451381105,2034.5942037096772,,31.78857,15.516336284622417,0.0844569869737503,0.14285,0.12663,0.01165,0.255,1717.584556192454
"2026-03-01","4Z2V4N22WJ",,"Sumeet Stainless Steel Induction Bottom Kadhai With Glass Lid (Size No.15, 3.8L, Induction and Gas Stove Friendly, Silver)","3.8 ltr","Cookware","Sumeet",,,1223.2636642918924,2103.0209530316747,,35.08359,41.83474731362311,0.11902083250110783,0.13811,0.15397,0.06797,0.24998,1224.4155829390777
"2026-03-01","2FMZMX0W17",,"Wonderchef Duralite Die-Cast Aluminium Non-Stick Kadhai with Lid (2.4L, 24cm, Grey, 2 Years Warranty)","2.4 ltr","Cookware","Wonderchef",,,1263.9944275800196,1741.6638896774193,,29.15952,27.451455645697422,0.04020943636795669,0.05652,0.00412,0.00758,0.00027,633.2953831759647
"2026-03-01","GEL3UDHT2K",,"Sumeet Super Smooth Gold Series Pre Seasoned Cast Iron Kadai (25cm, 2.7L, 2.670kg, Gas and Induction-Friendly, Black)","2.7 ltr","Cookware","Sumeet",,,1781.5921658986176,2811.302126451613,,11.62825,36.627509753022565,0,0,0.0144,0.0197,0.0085,1781.5921658986176
"2026-03-01","O8STKY4IP1",,"Prestige Platina Popular Stainless Steel Unique Impact Forged Bottom Casserole with Glass Lid (26cm, 7.25 L, Silver)","1 Piece","Cookware","Prestige",,,1797.5598151971938,2224.4610010887095,,23.7106,19.143382898673938,0.10853066842746366,0.17548,0.03383,0.04664,0.01952,1797.0663822315325
"2026-03-01","P6OJ9NKZ9G",,"SOLARA Essentials Pre Seasoned Cast Iron Dosa Tawa (29cm, Black)","1 Piece","Cookware","Solara",,,962.1158708453378,2499,,69.4195,61.595134618576054,0.5435252489340305,0.41643,0.27213,0.51587,0,958.2518168575117
"2026-03-01","USOOGVIBQR",,"Sumeet Stainless Steel Three Layered Induction Bottom Kadhai with Glass Lid (1.4L, 20cm, for Gas and Induction)","1.4 ltr","Cookware","Sumeet",,,478.80364588854894,1298.9940924999999,,69.75873,63.5391261770663,4.411935680290526,3.20437,2.89956,2.45975,3.39058,473.5780662646036
"2026-03-01","O5SHRH4F5D",,"Pigeon Favourite Induction Base Aluminium Pressure Cooker with Outer Lid (3 L, Silver)","3 ltr","Cookware","Pigeon by Stovekraft",,,660.089729357785,1395.4459406451615,,79.75508,52.449641129881925,11.335226388964342,10.75179,7.15447,11.28196,2.54638,663.7812488057147
"2026-03-01","LL85CQQCR0",,"Hawkins Triply Stainless Steel Tadka Pan (600 ml, Induction Base, Silver, STP25)","1 Piece","Cookware","Hawkins",,,519.6453188690351,601.7135537500001,,18.19416,13.639086965799448,0.00870508662384426,0.0152,0.00599,0.01136,0,519.4979447356063
"2026-03-01","YKCK53QFWZ",,"Soham Housewares SH Steel Gujiya Maker (2 Pieces)","2 pieces","Cookware","Soham Housewares",,,139.3377310967596,350,,30.04646,61.58642473950711,0.11093538389635373,0.08336,0.04653,0.0882,0.00002,131.85819958086174
"2026-03-01","Q3UYWIEBXT",,"Sumeet Nonstick Grill Gas Toaster (14cm, Black)","1 Piece","Cookware","Sumeet",,,481.82344100309666,957.1970779838709,,27.57062,49.66235303958232,0.03513617370378999,0.03535,0.0385,0.04249,0.03404,482.35976647898616
"2026-03-01","28XPIYJJ8X",,"Prestige Popular Svachh Aluminium Pressure Cooker with Outer Lid (5L, Silver)","5 ltr","Cookware","Prestige",,,1828.6411868202806,2361.871156169355,,69.12876,22.66085600132277,0.3889229558394536,0.59764,0.25985,0.20296,0.32335,1829.1375651646424
"2026-03-01","ITV4VWMHBL",,"Hawkins Futura Hard Anodised Saucepan with Stainless Steel Lid (1.5L, Black, AS15S)","1.5 ltr","Cookware","Hawkins",,,1037.508722793058,1190.3500234412952,,21.43735,12.835960046901748,0.016789401606170467,0.02963,0.05023,0.00958,0.09562,1037.3604472072318
"2026-03-01","0MQCR26UST",,"Neelam Stainless Steel Flat Bottom Tope (1.1L, Silver)","1 Piece","Cookware","Neelam",,,212.272139379085,296.38415534999996,,13.08476,28.075172488616847,0.011236238780859427,0.01705,0.00583,0.01106,0,21431.9765197026
"2026-03-01","O6M86IAJBN",,"The Indus Valley Stainless Steel Idli/Dhokla/Momo Maker/Multi Pot/Steaming Set (4.2L, 2.5kg)","1 Piece","Cookware","The Indus Valley",,,2176.935345558309,3943.2178916935486,,69.62538,44.62305855240299,0.4628866045967617,0.51074,0.76717,0.45779,1.11258,2206.1225455514013
"2026-03-01","RS4FP5IZ3X",,"Sumeet 3mm Nonstick Grill Appam Patra With Glass Lid (22cm Dia, 12-Cavity, Black)","1 Piece","Cookware","Sumeet",,,498.88245345479083,1237.5181651209675,,56.91479,59.70391712243888,0.13038509504149143,0.10383,0.13357,0.09165,0.18037,498.5148358987845
"2026-03-01","C96BA3NDP7",,"Hawkins Stainless Steel Tea Pan with Glass Lid (1L, Induction Base, Silver, SST10G)","1 ltr","Cookware","Hawkins",,,898.9338783119055,1153.7687843548388,,56.33261,20.14237814909767,0.16026700436679336,0.27721,0.3912,0.15621,0.65356,897.277940800594
"2026-03-01","VIOLPB3NBL",,"MASTER Aluminium Outer Lid Pressure Cooker (5L, Gas Stove Compatible)","5 ltr","Cookware","Master",,,931.5818399044206,1542.9318698387096,,17.92271,39.62256178254805,0.010784301306269953,0.01447,0.00226,0.00429,0,933.4820592835716
"2026-03-01","7YN083L20K",,"Embassy Stainless Steel Cooker Separator (for 3 L Prestige Popular and Popular Plus Cookers, 2 Container)","2 ltr","Cookware","Embassy",,,463.22526381136674,739.532331891892,,12.97739,37.36054015484695,0.006973062703670083,0.00877,0.00003,0.00002,0.00005,467.0928119981189
"2026-03-01","C1TMG6CW8Q",,"Wonderchef Royal Velvet Aluminium Non-Stick Fry Pan (1.8L, 24cm, Purple, Induction Ready, 2 Year Warranty)","1.8 ltr","Cookware","Wonderchef",,,910.3317256735199,1493.2395428225807,,19.14385,39.036457342083594,0.012636111329658901,0.01481,0.00459,0.00871,0,883.2534489926256
"2026-03-01","XBLMJ4MIJ0",,"Sumeet Super Smooth Pre Seasoned Carbon Steel (Iron) Fry Pan (20.5cm, 1.1L, Gas and Induction-Friendly, Black)","1.1 ltr","Cookware","Sumeet",,,989.3015120422831,1663.8153085427136,,30.10077,40.68390540297899,0.09179772121820261,0.10567,0.01794,0.00704,0.03011,952.4658661071213
"2026-03-01","8QH4GHOGLG",,"Wonderchef Tivoli Aluminium Non-Stick Kadhai with Lid (2L, 24cm, Purple, Induction Bottom)","2 ltr","Cookware","Wonderchef",,,892.5845995496609,1977.6575154435486,,45.36377,54.86272395647423,0.08737379748073704,0.07957,0.05716,0.107,0.00152,446.4245503038555
"2026-03-01","TEOPD9XL7L",,"Hawkins Futura Hard Anodised Induction Roti Tava (26 cm, Induction Base, Black, IART26)","1 Piece","Cookware","Hawkins",,,1077.8626905999486,1236.9988747773277,,14.10042,12.868510059634241,0.03684046166189488,0.06478,0.00737,0.01397,0,1077.4205654469504
"2026-03-01","U5QUP62DRB",,"MASTER TitanPro Triply Kadai with Glass Lid (24cm, Gas and Induction Compatible, 3 Years Warranty)","2.5 ltr","Cookware","Master",,,1741.6908310749775,2899,,9.68342,39.92142913982072,0.015701426374700556,0.01883,0.00379,0.00719,0,1742.2493143415209
"2026-03-01","RFFVKJOG80",,"Cello Non-Stick Induction Base Prima Cookware Set with Glass Lid (Kadhai, Fry Pan, Dosa Tawa, 3 Pieces + 1 Glass Lid, Black)","1 pack","Cookware","Cello",,,1457.552464896215,2907.9591022115387,,32.51588,49.88308351261441,0.2603657136007081,0.26008,0.0084,0.01592,0,1456.9735267278224
"2026-03-01","G5MHLU30VQ",,"Vinod SAS Pro Platinum Stainless Steel Non Stick Kadai with Lid (3.3L, 24cm, Hexa Design Triply Kadhai, Induction Base)","3.3 ltr","Cookware","Vinod",,,3127.7720051180595,4377.396350297873,,48.41155,28.591798842959157,0.07628621438758956,0.10745,0.02489,0.04719,0,3029.134760732051
"2026-03-01","FMCGBPTYBH",,"Vinod Stainless Steel 2-Tier Gas & Induction Friendly Steamer with Glass Lid (18cm)","1 Piece","Cookware","Vinod",,,846.7882644628098,1209.7521490909091,,13.56735,30.003160969861074,0.0065695686941662,0.00933,0.00047,0.00089,0,844.9690798807954
"2026-03-01","APVV2O9PQK",,"ANJALI Stainless Steel Kitchen Express Gripper (23 cm, Rust-Resistant and Durable, Silver)","1 Piece","Cookware","Anjali",,,452.76764350021574,692.2542319915254,,21.90604,34.55966268938334,0.03525860492600319,0.04647,0.00033,0.00051,0.00013,457.65956632371547
"2026-03-01","IB4HJG4K1H",,"Embassy Stainless Steel Premium Thickply Frying pan with Wooden Finish Handle (1 L)","1 Piece","Cookware","Embassy",,,487.42424242424244,907.4125544242426,,10.50522,46.28416368632728,0.0009030436260651566,0.00098,0.00045,0.00086,0,485.3784653231147
"2026-03-01","G911QL4M2C",,"Embassy SS Premium Thickply Kadhai (with Wooden Handle)","1.4 ltr","Cookware","Embassy",,,869.6428571428571,885,,1.06815,1.7352703793381759,0,0,,,,869.6428571428571
"2026-03-01","X029WPI09Z",,"Pigeon Aluminium Induction & Gas Stove Compatible Hard Anodised Pressure Cooker with Outer Lid (2.5L, Black)","3 ltr","Cookware","Pigeon",,,1004.8242891056739,2153.844004064516,,35.13456,53.722933268097854,0.24560262429699473,0.22336,0.09047,0.1715,0,98422.04249707168
"2026-03-01","80MQ43ZJ81",,"Vinod Stainless Steel Regular Cookware Set (3 Pieces, Capsule Bottom Tope with Lid, Saucepan, Silver)","1 pack","Cookware","Vinod",,,704,870.6305827972028,,1.86473,19.139068405091432,0.0005541902175860569,0.00088,0,0.00001,0,704
"2026-03-01","LUH3GQ2330",,"Vinod Stainless Steel Pasta Pot with Strainer Lid (4L, 1.21kg, Gas & Induction-Friendly)","1 Piece","Cookware","Vinod",,,1144,1725,,2.77606,33.68115942028985,0,0,0.00003,0.00006,0,1144
"2026-03-01","6XNHLC1TXZ",,"The Indus Valley Pre-Seasoned Smooth Cast Iron Dosa Tawa/Roti Tawa (27.6cm, 2.8kg)","1 Piece","Cookware","The Indus Valley",,,991.1093062817397,1733.6442557258063,,87.0433,42.35301560734027,1.3667852842718688,1.55989,1.8967,1.91679,1.87426,998.653421346395
"2026-03-01","C4U5U3BUDD",,"Hawkins Stainless Steel Tea Pan with Glass Lid (2L, Induction Base, Silver, SST20G)","2 ltr","Cookware","Hawkins",,,1205.4452823114848,1380.2542418775513,,16.78074,12.670110999340036,0.05140841675835249,0.08968,0.04554,0.01485,0.0798,1205.4704148119877
"2026-03-01","11X1YCY9ZT",,"Judge by Prestige Aluminium ACE Non-Stick Fry Pan and Omni Tawa Set (2 Pcs, Red)","2 pieces","Cookware","Prestige",,,895.3566681355874,1411.3554258870968,,53.42844,36.559285931644844,0.053170519460280265,0.06765,0.08708,0.08952,0.08436,447.23284309954516
"2026-03-01","446HI1U2F0",,"Hawkins Miss Mary Aluminum Pressure Cooker (7L, Silver, MM70)","7 ltr","Cookware","Hawkins",,,1781.8108108108108,1998.118261081081,,7.50678,10.825468883070613,0.012722191059350775,0.02286,0.00216,0.00409,0,1782.7292400289705
"2026-03-01","I6UCN2SJG1",,"Wonderchef Ferro Light Cast Iron Non-Stick Kadhai (2.3L, 24cm, Black, Pre-Seasoned, 10 Years Warranty)","2.3 ltr","Cookware","Wonderchef",,,1214.8878786393768,2291.70910125,,29.73564,46.99906827510284,0.032901274874599366,0.03472,0.00249,0.00473,0,1218.6588917721817
"2026-03-01","GT3X69QE9W",,"Wonderchef Taurus Hard Anodized Aluminium Roti Tawa (25cm, Black)","1 Piece","Cookware","Wonderchef",,,549.8402545674804,962.7567148790323,,42.10146,42.9376823260632,0.04275781958587593,0.04773,0.10507,0.19911,0.00008,542.0828034325039
"2026-03-01","7YM1JRPU6B",,"Sumeet CookSmart TriPly Stainless Steel Cookware Set with Glass Lid (Deep Kadai 20cm - 1.7L, Frypan 20cm - 1L, Saucepan 14cm - 1.15L, Casserole 20cm - 2.9L, Set of 5, Silver)","5 pieces","Cookware","Sumeet",,,3999,8568.24948705069,,21.52282,53.32768955848284,0.0032308239195150594,0.00302,0.05341,0.05609,0.05043,799.7999999999994
"2026-03-01","BOK4N9VP27",,"P-TAL Brass Patila with Lid and Handles Teflon Free Gas/Electric Compatible (1L, Golden)","1 pack","Cookware","P-Tal",,,2481.345974488474,3254.3549238333335,,10.50678,23.753062202395718,0.010233965404938756,0.01547,0.0047,0.00891,0,2462.3836108380024
"2026-03-01","7DACI98WKI",,"MASTER Smart Stainless Steel Outer Lid Pressure Cooker (3L, Gas and Induction Stove Compatible)","3 ltr","Cookware","Master",,,1012.8985507246376,2051.5886899431816,,28.67931,50.623560082508206,0.021370520986971505,0.02163,0.00277,0.00524,0,1012.0937921193918
"2026-03-01","6LLGYGBSV0",,"Prestige Aluminium Omega Deluxe Granite Nonstick Cookware Set (Fry Pan, Tawa, Kadai, 3 Pieces, Black)","3 pieces","Cookware","Prestige",,,2399.4326173873656,4247.466143508065,,89.67299,43.491015118368836,0.4730281419864122,0.53783,0.28827,0.35757,0.21091,801.1934948765872
"2026-03-01","W9BG9ESFK6",,"Prestige Cast Iron Scratch Resistant Round Base Dosa Tawa, Retains Heat for Long (30cm, Black)","1 Piece","Cookware","Prestige",,,1318.1346457823215,1786.424612580645,,23.54289,26.222253986151177,0.06760901487547166,0.09853,0.04564,0.06417,0.02494,1294.3176005019877
"2026-03-01","ASXJZF5X0P",,"Dynore Stainless Steel Mini Idli with 3 Plate Maker or Stand (Silver)","1 Piece","Cookware","Dynore",,,303.4936966330805,560.1099852016129,,44.23255,46.37408114123562,0.09200532527216537,0.09748,0.44566,0.8262,0.02081,298.75833745938075
"2026-03-01","CYKV4OHJBM",,"Hawkins Futura Non-Stick Dosa Tava (28 cm, Black, NDT28)","1 Piece","Cookware","Hawkins",,,1342.933657136376,1507.4010649596773,,50.72653,10.78626012561792,0.13364357934824722,0.24004,0.24421,0.46295,0,1342.394420365751
"2026-03-01","PUWOOZUNND",,"Tosaa Aluminium Appam Patra Paniyarakkal (12 Cavity, 23cm, Black)","1 Piece","Cookware","Tosaa",,,250.37359733071233,550.3958020161291,,49.88424,54.46559022741862,0.36968387174141965,0.3348,0.31118,0.5899,0,250.548396303644
"2026-03-01","97GPFHL1OE",,"Hawkins Ceramic Nonstick Induction Frying Pan with Glass Lid (16 cm, Induction Base, Grey, ICF17G)","1 Piece","Cookware","Hawkins",,,1113.0800551982582,1256.6431377880183,,18.6493,11.423308248360781,0.03398743631018463,0.06025,0.02652,0.00628,0.04912,1113.0417870216515
"2026-03-01","V5TP6DJWQ1",,"Wonderchef Ferro Light Cast Iron Non-Stick Kadhai (3.2L, 28cm, Black, Pre-Seasoned, Induction Base)","3.2 ltr","Cookware","Wonderchef",,,1563.000569395114,2717.066009623656,,41.55601,42.49082028926143,0.028779121427440782,0.03275,0.00789,0.01494,0.00002,1556.4148120791535
"2026-03-01","MF2BFCIJXE",,"MASTER Aluminium Outer Lid Pressure Cooker (2L, Gas Stove Compatible)","2 ltr","Cookware","Master",,,569,1028.6296296296296,,3.26701,44.683685593922156,0,0,0,0,0,569
"2026-03-01","Z7IK69X3RG",,"Vinod Hard Anodized Tawa (25cm)","1 Piece","Cookware","Vinod",,,796,1027.8743328925618,,13.61351,22.558626621217368,0.0007407088943898735,0.0012,0.00186,0.00352,0,795.9999999999999
"2026-03-01","8MOTQBHV0W",,"ANJALI PTFE Coated Aluminium Mini Uttapam Tawa (7 Cavities, 42.5 x 26.6 cm, Durable, Black)","1 Piece","Cookware","Anjali",,,450.23575332853886,779.8900830241936,,30.0562,42.28394513756143,0.025209722276126247,0.02877,0.02065,0.03776,0.00155,452.1240783569167
"2026-03-01","6Q0L6VYWN9",,"Hawkins Ceramic Nonstick Pressure Cooker (3L, Induction Base, Grey, ICC30)","3 ltr","Cookware","Hawkins",,,2233.324369579433,2482.676694009217,,31.3527,10.052751870780506,0.06900246356384637,0.12412,0.04039,0.07658,0,2232.7685790221585
"2026-03-01","9FW4MC0WG6",,"Hawkins Pro Triply Stainless Steel Frying Pan with Stainless Steel Lid (26 cm, Induction Base, Silver, PSF26S)","1 Piece","Cookware","Hawkins",,,2257.369067732378,2863.7274785,,34.53452,21.171176120972767,0.047762384730911885,0.07553,0.00649,0.0123,0,2264.7196066279507
"2026-03-01","RUVK3OD0DR",,"Prestige Nakshatra Plus Svachh Aluminium Spillage Control Pressure Cooker (2L, Silver)","2 ltr","Cookware","Prestige",,,1146.5227757769774,1468.43324,,7.08645,21.92203604864071,0.003560103447405752,0.00545,0.00334,0.00305,0.00366,1147.8866666930137
"2026-03-01","MC3P6OBDN6",,"Pigeon By Stovekraft Aluminium Non-Stick Kadai with Stainless Steel Lid (3L, Black)","1 Piece","Cookware","Pigeon by Stovekraft",,,1387,2095,,3.88292,33.79474940334129,0,0,0.00037,0.00005,0.00074,1387
"2026-03-01","XRST3U2SJD",,"Fackelmann Non-Stick Aluminium Fry Pan (26 cm, Black)","2 ltr","Cookware","Fackelmann",,,806.7936820095413,1249,,33.43205,35.36208651817004,0.009439296082980839,0.01205,0.00013,0.00026,0,839.1818624646005
"2026-03-01","MAS7QRYRTR",,"Fackelmann Aluminium Non-Stick Roti Tawa (28cm, Black)","1 Piece","Cookware","Fackelmann",,,1285.0714285714287,1299,,1.00406,1.072253381722204,0,0,0.00002,0.00003,0,1285.0714285714287
"2026-03-01","BC2UVHIHCK",,"Prestige Omega Deluxe Granite Fry Pan (2.1 L, Black)","2.1 ltr","Cookware","Prestige",,,1339.1274574106417,1660.1295200403226,,73.6748,19.494637815406783,0.30744679125245217,0.49283,0.4836,0.71234,0.22823,1339.3178484770037
"2026-03-01","0IQUK5ZM0V",,"Hawkins Futura Non-Stick Curry Pan with Glass Lid (3.25L, Black, NCP325G)","3.25 ltr","Cookware","Hawkins",,,1553.1457706327565,1735.5309662500001,,32.18846,10.509323102085943,0.04496475572851169,0.08035,0.02308,0.04376,0,1552.1305878662952
"2026-03-01","LC5BMJDS7V",,"Milton Aluminium Cookware Set (Kadhai - 24.5cm, Fry Pan - 24.6cm, Tawa 25.2cm, 6 Pieces, Purple)","6 pieces","Cookware","Milton",,,1976.9840773809524,5500,,16.18866,64.00666987654073,0.07758972903001757,0.05365,0.00351,0.00666,0,348.25917967291355
"2026-03-01","07138RLX74",,"Hawkins Triniti Triply Stainless Steel Cookware Set (Tava, Frying Pan, Kadhai, 3 Pieces, Induction Base, Silver, SSET1)","1 pack","Cookware","Hawkins",,,3600,4571.437197580645,,27.17715,21.250148598667433,0.01037264521528519,0.01629,0.0236,0.02276,0.02453,3600
"2026-03-01","CIYQZ00CGK",,"Fackelmann Nonstick Aluminium Quartz Concave Tawa (25 cm, Black)","1 Piece","Cookware","Fackelmann",,,645.9461664531574,1373.8226278629033,,60.73415,53.04689914497284,0.06678857453698617,0.06115,0.1173,0.22154,0.00091,639.224313015273
"2026-03-01","1D36C0IQNS",,"Vinod SAS Pro Platinum Triply Stainless Steel Non Stick Frypan (22cm, Ceramic Coating, Honeycomb Design, Steel Handle, Induction Base, 5 Year Warranty)","22 cm","Cookware","Vinod",,,2605.4915391552445,3475.935896234309,,22.51179,25.042014095313707,0.009100569701524315,0.01342,0.00398,0.00754,0,2602.0493974242636
"2026-03-01","IRK8LB5C7Z",,"Vinod Stainless Steel 2-Tier Gas & Induction Friendly Steamer with Glass Lid (20cm)","1 Piece","Cookware","Vinod",,,1082.0666666666666,1379.3073413333332,,13.40445,21.535074104410953,0.01244740098282781,0.01955,0.00013,0.00025,0,1080.1176979426907
"2026-03-01","WDTZN3I36J",,"Ritu Stainless Steel Meduvada Maker with Legs (Silver)","1 Piece","Cookware","Ritu",,,253.57512375115124,319.9562290322581,,18.2199,20.754306746810688,0.0059867356165685375,0.00946,0.00756,0.01433,0,253.96352781095314
"2026-03-01","5VWJNMOBKA",,"Prestige Svachh Glass Top Gas Stove with 2 Liftable Brass Burners (GTSB-02, Black)","1 Piece","Cookware","Prestige",,,7427.101709867887,9895,,27.28646,24.940245310740305,0.08599841117638023,0.12882,0.0207,0.00643,0.03663,7426.0888888326535
"2026-03-01","TYU3T6J5AD",,"Prestige Platina Popular Stainless Steel Unique Impact Forged Bottom Casserole with Glass Lid (18cm, 2 L, Silver)","1 Piece","Cookware","Prestige",,,1241.590993383385,1405.8461769758067,,28.38595,11.68332788873509,0.03368037578188079,0.05945,0.00582,0.00504,0.0067,1242.626068864201
"2026-03-01","NGNKZ0460Z",,"Vinod Almaty Stainless Steel Induction & Gas Base Casserole with Glass Lid (2.9L, 18cm, 2.6mm Thickness)","1 Piece","Cookware","Vinod",,,842.8714285714285,1123.79585,,6.72831,25.05073541805621,0.013422089546336247,0.01998,0.00012,0.00023,0,828.0957459570994
"2026-03-01","8G61163ZUU",,"Carote Tawa (26cm, Cosy White)","1 Piece","Cookware","CAROTE",,,1369.9610407066054,2999,,4.65856,54.31940511148365,0.004155330796881789,0.0035,0.00009,0.00017,0,1420.854597124665
"2026-03-01","4Q94066MDD",,"Hawkins Futura Non-Stick Deep Fry Pan with Stainless Steel Lid (2.5L, Black, NK25S)","2.5 ltr","Cookware","Hawkins",,,1532.2485588491406,1743.2365210887097,,81.48414,12.106214008578405,0.1504264059443359,0.26688,0.46639,0.12602,0.84639,1531.4058647694517
"2026-03-01","T99IXJOIR1",,"Vinod Aluminium Zest 3-Layer Coating Die-Cast Waffle Maker (Non-Stick, 1000W, Black)","1 Piece","Cookware","Vinod",,,631.566371681416,889.8598819469028,,3.67165,29.03655441888547,0.004035695843324074,0.00569,0.00002,0.00004,0,629.0532012474775
"2026-03-01","E2YLYK06TT",,"Hawkins Futura Hard Anodised Roti Tava (28 cm, Induction Base, Black, IART28)","1 Piece","Cookware","Hawkins",,,1213.622694990951,1370.0069547393364,,16.39399,11.414851523738415,0.01943452060460385,0.03475,0.0377,0.006,0.07308,1216.5731627655036
"2026-03-01","MMQU9O8B3Z",,"Hawkins Triply Stainless Steel Tadka Pan (360 ml, Induction Base, Silver, STP15)","1 Piece","Cookware","Hawkins",,,431.6157535260484,495.27406616935485,,63.19969,12.91700284013144,0.06672841697347895,0.11625,0.05507,0.1044,0,432.0094525726006
"2026-03-01","3XHKZD5ZFB",,"Hawkins Futura Non-Stick Frying Pan with Glass Lid (20 cm, Black, NF20G)","1 Piece","Cookware","Hawkins",,,1099.1555185963584,1237.451398280543,,48.63217,11.171141816239606,0.05190947787148427,0.09204,0.16479,0.07037,0.27021,1099.1196148242152
"2026-03-01","UHIIB681C4",,"Vinod Hard Anodised Deep Kadai with Glass Lid and Handles (20cm, Gas Stove Compatible)","2.1 ltr","Cookware","Vinod",,,922.5699905630702,1179.583669304813,,43.26359,21.1355823531562,0.10355255447241205,0.16601,0.01352,0.02563,0,923.5502951170445
"2026-03-01","282FPY0D3A",,"Sumeet Nonstick Saral Tawa (30.5cm, 4mm Thick, Black)","1 Piece","Cookware","Sumeet",,,515.6748431206956,1440.0400205990786,,25.33952,64.18716518960375,0.051635594692903616,0.03693,0.02353,0.03161,0.01451,516.0952934173378
"2026-03-01","28X6R3HYO7",,"The Indus Valley Super Smooth Cast Iron Kadai for Deep Frying with Strong Handles (1L, 1.1kg)","1 ltr","Cookware","The Indus Valley",,,1124.535610671576,1909.5888147177416,,45.30227,41.128923169977675,0.050961089348303124,0.05957,0.00527,0.00796,0.00226,1109.8290739282313
"2026-03-01","8TMNVJ8WHX",,"Hawkins Aluminum Idli Stand for 5 Litre Cooker (12 Idli, Silver, ID12L)","1 Piece","Cookware","Hawkins",,,312.938109051857,353.8682413306451,,28.05638,11.586479282691501,0.018786919898958837,0.03315,0.15448,0.29285,0,312.9147161977274
"2026-03-01","CXG2PSNNL2",,"Hawkins Futura Non-Stick Breakfast Pan with Glass Lid (900ml, Black, NBFP09G)","1 Piece","Cookware","Hawkins",,,1162.5928751331976,1315.4003532258066,,32.02333,11.560185132922328,0.05091551772670154,0.09126,0.00477,0.00905,0,1161.899372861523
"2026-03-01","CF934JQBRN",,"Sumeet Cook Smart TriPly Stainless Steel Kadhai With Lid (20cm, 1.5L, Silver)","1.5 ltr","Cookware","Sumeet",,,1081.5862756201118,3310.92266110599,,46.62092,67.34000150268963,0.11006884291246695,0.07141,0.09984,0.18712,0.0024,1081.284822454981
"2026-03-01","HHNKEV9WHG",,"Neelam Stainless Steel Regular Saucepan with Wire Handle (12 22G, 2000ml, Silver)","2 ltr","Cookware","Neelam",,,380.1774193548387,440.6436276344086,,4.64104,13.722247296342891,0.0008971487894400766,0.00162,0,0,0,38001.294016155596
"2026-03-01","AL3IOHRZZR",,"Prestige Hard Anodized Induction Base Roti Tawa (22.5 cm, Black)","1 Piece","Cookware","Prestige",,,781.6201292017824,982.1771981048386,,58.72589,20.40666885955918,0.353593839598435,0.56075,0.4959,0.80585,0.14987,782.0618132616216
"2026-03-01","G9709BBE56",,"ANJALI Stainless Steel Menduwada Maker (9.5 x 9.5 cm, Rust-Resistant and Durable, Silver)","1 Piece","Cookware","Anjali",,,220.91854996010127,344.84824152073736,,20.38226,35.801252093040475,0.009553262924399055,0.0138,0.00082,0.00153,0.00003,234.1063885626625
"2026-03-01","FXUA1NYSYB",,"Hawkins Triply Stainless Steel Metro Patila (2L, Induction Base, Silver, SSP20)","1 Piece","Cookware","Hawkins",,,1095.3398452198255,1282.1112955376343,,15.75388,14.562363564440508,0.009617274804161146,0.0165,0.00002,0.00005,0,1095.448126322226
"2026-03-01","46H33DFKR4",,"Prestige Aluminium Omega Deluxe Granite Kadai (2.4 L, Black)","2.4 ltr","Cookware","Prestige",,,1357.9535384579438,1715.490287177419,,80.17633,20.89352346316744,0.24248841233789628,0.38364,0.2658,0.32989,0.19424,1358.5915145044737
"2026-03-01","LXD6RAUWAX",,"Hawkins 12-Cup Non-Stick Die Cast Aluminum Appe Pan with Glass Lid (22 cm, Red, NAPE22G)","1 Piece","Cookware","Hawkins",,,1110.4057996849597,1263.3289034274194,,57.84171,12.214738451548676,0.1430734285776623,0.24947,0.2201,0.03593,0.42571,1110.6871652416794
"2026-03-01","0UVY8KAQWA",,"Set of Stainless Steel (Plate, Bowl, Spoon, Glass)","1 Piece","Cookware","Unbranded",,,999,999,,0.79208,0,0,0,,,,999
"2026-03-01","0SRMRUVFNR",,"Sumeet CookSmart TriPly Stainless Steel Cookware Set with Lid (Deep Kadai 20cm - 1.7L, Frypan 20cm - 1L, Set of 3, Silver)","3 pieces","Cookware","Sumeet",,,2013.443615591398,4350,,20.0121,53.71393987146213,0,0,0.02773,0.04744,0.00573,671.1478718637993
"2026-03-01","F6UH4QWUFZ",,"Vinod Almaty Stainless Steel Gas & Induction Friendly Saucepot with Glass Lid (1.3L, 14cm)","1 Piece","Cookware","Vinod",,,632,868.9705882352941,,1.48208,27.27026569639533,0.00021788223064238401,0.00032,,,,632
"2026-03-01","8IJZVA6SBC",,"Wonderchef Granite Aluminium Non-Stick Dosa Tawa (24cm, Grey)","1 Piece","Cookware","Wonderchef",,,1054.1097902836193,1678.9490887096777,,16.75336,37.194415200736294,0.027482181795094623,0.03365,0.00179,0.00339,0,1077.2041871416025
"2026-03-01","JNECMAHL2S",,"MASTER Smart Stainless Steel Outer Lid Pressure Cooker (1.5L, Gas and Induction Stove Compatible)","1.5 ltr","Cookware","Master",,,1086.9285483349606,1792.126110972222,,22.35228,39.3757687656537,0.03913929679601907,0.04839,0.00454,0.00861,0,1131.9697659798323
"2026-03-01","1RJ1HAYNX3",,"Bergner BE Essentials Tri-Ply Stainless Steel Coffee/Milk Warmer (12cm, 800ml, Induction Bottom)","800 ml","Cookware","Bergner",,,951.7742076082498,1356.2233172580648,,66.0493,29.807540541770447,0.13611956188043794,0.19078,0.61075,1.1578,0,948.3744734486697
"2026-03-01","M9Y4SCL2MS",,"Milton Aluminium Jewel Non-Stick Cookware Set with Lid (Kadhai - 24.5cm, Fry Pan - 24.6cm, Tawa - 25.2cm, 3 Pieces + 1 Lid, Maroon)","1 pack","Cookware","Milton",,,1998.3562282054163,5000,,33.48262,60.03350211390939,0.06770280323767326,0.05378,0.03226,0.06116,0,1990.7958681447742
"2026-03-01","GN9EIDQ318",,"Prestige Durastone Hard Anodised Non-Stick Cookware Deep Kadai with Glass Lid (28cm, 4.25 L, Black)","4.25 ltr","Cookware","Prestige",,,2002.7297039012176,2536.9654142741933,,33.6812,21.009983401684387,0.1236451051089976,0.1961,0.01225,0.01071,0.01397,2015.0572552018373
"2026-03-01","ZV4D7J54JJ",,"Milton Pro Cook Kitchen Pride Non-Stick Cookware Set with Glass Lid and Tools (Tawa, Fry Pan, Kadhai, 3 Pieces + 1 Glass Lid + 2 Nylon Tools, Maroon)","1 pack","Cookware","Milton",,,1907.8326135931522,5448.9875694758075,,21.04636,65.0107272065819,0.16184734960611452,0.11219,0.01,0.01895,0,1901.6779564276044
"2026-03-01","J32FAI726B",,"Bergner Tripro TriPly Stainless Steel Frypan (20cm, 1L, Induction Bottom)","1 ltr","Cookware","Bergner",,,1419.6959823977943,1853.9300495161292,,36.38693,23.433772031160142,0.048802067646953266,0.07431,0.01249,0.02367,0,1415.7399842017792
"2026-03-01","U10FBKK2SL",,"Prestige Popular Svachh Aluminium Pressure Cooker with Outer Lid (1.5L, Silver)","1.5 ltr","Cookware","Prestige",,,1097.8967399304104,1338.0316579032258,,67.38553,17.933774246744782,0.21140977560287458,0.34529,0.25122,0.22119,0.28474,1098.1185804271763
"2026-03-01","IHBWTZPVWZ",,"Fackelmann Royale Range Nonstick Aluminum Set (Mehroon or Red)","3 pieces","Cookware","Fackelmann",,,1799,2999,,10.30901,40.01333777925975,0,0,0.00072,0.00137,0,599.6666666666666
"2026-03-01","8COTJ3P6QP",,"ANJALI Stainless Steel Multi Pan 4 (35.56 cm, Rust-Resistant and Durable, Silver)","1 Piece","Cookware","Anjali",,,68.95908469945356,90,,8.73635,23.378794778384943,0.00006801734567400126,0.0001,0.00036,0.00068,0,68.96983887210473
"2026-03-01","JPUXY51NJR",,"Hawkins Futura Hard Anodised Tava with Stainless Steel Handle (28 cm, Black, AT28)","1 Piece","Cookware","Hawkins",,,1077.610945099369,1216.388092298387,,88.74361,11.447497469110425,0.13678802123875633,0.24214,1.15223,0.45272,1.93319,1077.731143376234
"2026-03-01","2IOQXDO9YZ",,"The Indus Valley Super Smooth Cast Iron Kadai (2.5L, 2.4kg)","2.5 ltr","Cookware","The Indus Valley",,,1571.5928844625241,2751.432650685484,,84.35838,42.9336896205712,0.26077260847749567,0.29769,0.10647,0.18004,0.02433,1569.6654163228968
"2026-03-01","N7QZ4UXHNU",,"Hawkins Futura Cast Iron Tava for Roti (24 cm, Black, CIT24)","1 Piece","Cookware","Hawkins",,,1273.194159906219,1526.8454630869564,,45.27862,16.573995114090007,0.05767757550912517,0.09724,0.02205,0.04181,0,1271.8434201716475
"2026-03-01","DKEJ67ZK7R",,"Prestige Omega Deluxe Granite Non-stick Round Base Fry Pan with Induction Base (24cm, 1.7 L, Black)","1.7 ltr","Cookware","Prestige",,,1021.5848887344818,1216.9605850230412,,56.43597,16.03867975360251,0.06359009664408051,0.10631,0.08435,0.12283,0.0414,1021.7644535533012
"2026-03-01","FODXX9SWL6",,"Vinod Tope Set without Lid (5 Pieces, 0.8L, 1L, 1.4L, 1.8L, 2L, Silver)","5 pieces","Cookware","Vinod",,,1654.0183600321848,2059.112102718894,,14.41362,19.67322430633161,0.002075889389970518,0.00333,0.00461,0.00873,0,330.7076007924173
"2026-03-01","RITJLNY8Z3",,"Fackelmann Quartz Induction and Gas Stove Friendly Nonstick Aluminium Kadhai with Glass Lid (2.5L, Black)","3 ltr","Cookware","Fackelmann",,,1109.5810734997951,2123.692879220779,,46.16105,47.6777243188872,0.14376388021108188,0.15017,0.02874,0.05404,0.00049,560.9206706975926
"2026-03-01","KMJ068YMU6",,"Hawkins Non-Stick Die Cast Aluminum Induction Grill Pan with Glass Lid (26 cm, Induction Base, Red, IGP26G)","1 Piece","Cookware","Hawkins",,,1437.8652696558236,1619.8775400806453,,50.35285,11.164666207331603,0.07442329486440721,0.133,0.02957,0.05606,0,1437.1687545121592
"2026-03-01","0VGTU8X749",,"Wonderchef Granite Aluminium Non-Stick Dosa Tawa (30cm, Grey)","1 Piece","Cookware","Wonderchef",,,1255.7724093360118,2067.5086207258064,,78.27439,39.323054523666876,0.2507042275218589,0.3016,0.27231,0.51431,0.00213,1246.4117819699745
"2026-03-01","73NJVEF59T",,"Neelam Stainless Steel Flat Bottom Tope (Silver)","1 Piece","Cookware","Neelam",,,151.6450515690147,191.6305494470046,,18.21863,20.870811156162947,0.003136733257999358,0.0047,0.02463,0.04669,0,149.60959541711424
"2026-03-01","XGVJURZK5X",,"Hawkins Futura Induction Non-Stick Cookware Set with Stainless Steel Lid (Frying Pan, Flat Tawa, Stewpot, 3 Pieces + 2 Lids, Black, INSET1)","1 pack","Cookware","Hawkins",,,3923.34607599191,4777.236171111111,,20.93489,17.87414447464086,0.003627591769280067,0.00588,0.02399,0.01243,0.03689,3901.0057344264565
"2026-03-01","QD9GM2VK17",,"Fackelmann Cologne Range NonStick Aluminium Kadai with Glass Lid (24cm, Blue)","2.5 ltr","Cookware","Fackelmann",,,1111.5806451612902,1599,,4.45402,30.482761403296415,0.0012084415081414224,0.00167,0.00026,0.00049,0,1109.2690582959642
"2026-03-01","FKDJJWGACA",,"Fackelmann Aluminium Royale Range 3 Layer Non-Stick Greblon Coating Cookware Set with Glass Lid (Fry Pan, Kadai, Tawa, 3 Pieces + 1 Glass Lid, Red)","1 pack","Cookware","Fackelmann",,,1891.7246376811595,3999,,2.90431,52.69505782242661,0,0,0.00004,0.00007,0,1891.7246376811593
"2026-03-01","YZO1D4KOOW",,"Vinod Stainless Steel Induction Base Tivoli Saucepan Without Lid (1.5L)","1.5 ltr","Cookware","Vinod",,,635.0997576276019,872.0683773053892,,2.26326,27.17316965557201,0.00037318850326468686,0.00053,0,0.00001,0,636.9849719547806
"2026-03-01","Y0Y4CH1OWJ",,"Tosaa Non Stick Super Heavy Thickness Gas Toaster Jumbo/Big Breads Non Electric Sandwich Maker (Gas Stove Compatible)","1 Piece","Cookware","Tosaa",,,499.4028759442452,975,,39.56144,48.77778515424047,0.20494865678764412,0.20952,0.15329,0.29059,0,499.29201382888766
"2026-03-01","CSXTF9WPJV",,"Sumeet Cook Smart TriPly Steel-Aluminium-Steel 3 Layer Kadhai (18cm, 1.1L, Silver)","1.1 ltr","Cookware","Sumeet",,,954.5342093095535,2603.5514273790322,,57.73073,63.31585913276613,0.181371653107008,0.13281,0.37442,0.64695,0.07016,952.312873748489
"2026-03-01","7GSZ3AD5BZ",,"Sumeet Heavy Stainless Steel Induction and Gas Friendly Tope/Patila/Cookware with Lids (2.1L & 2.8L, Pack of 2)","2 pieces","Cookware","Sumeet",,,868.6104401326345,1905.0332596566525,,57.90004,54.35793053371521,0.9248103858780936,0.83556,0.96946,0.38876,1.61778,434.24680561182913
"2026-03-01","UFDU8MWTWS",,"Tosaa Non-Stick Sandwich Toaster (Black, Gas Stove Compatible)","1 Piece","Cookware","Tosaa",,,306.0539895427371,549.9542419758066,,66.95174,45.21893863831399,0.8388353273237283,0.91646,0.58955,1.1176,0,301.1001142445218
"2026-03-01","9JWLEH1IAH",,"Hawkins Triply Stainless Steel Metro Patila (1.5L, Induction Base, Silver, SSP15)","1 Piece","Cookware","Hawkins",,,971.9577251149682,1120.7034174766354,,8.93978,13.272529559745747,0.005323793220732604,0.00951,0.00129,0.00244,0,975.1289341036625
"2026-03-01","YOWVCXJJOU",,"Fackelmann Nonstick Aluminium Quartz Range Concave Roti Tawa (28 cm, Black)","1 Piece","Cookware","Fackelmann",,,1104.3189845474612,1447.7993831788078,,9.89195,23.724308949296297,0,0,0.00069,0.00131,0,1104.3189845474612
"2026-03-01","NMIDRFOTCG",,"Ritu Stainless Steel Kitchen Press (Super Long, Lock System with Cake Garnishing Tools, Silver)","1 Piece","Cookware","Ritu",,,523.4190237900331,700,,30.39264,25.232892386676095,0.051841762825124385,0.07702,0.0144,0.02731,0,524.454092495794
"2026-03-01","XF7RMPIECD",,"Sumeet Stainless Steel Induction Bottom Container / Tope / Cookware with Lid (Size No.10, 1L, Induction and Gas Stove Friendly, Silver)","1 Piece","Cookware","Sumeet",,,422.3736670633919,886.331303390558,,9.97071,52.36533790946958,0.07981903532189721,0.07566,0.011,0.00536,0.0173,422.72983623389155
"2026-03-01","RMP39P03JV",,"Cello Non Stick Square Patri Tawa Aluminium Hammertone (Black)","1 Piece","Cookware","Cello",,,785,2150,,5.76606,63.48837209302325,0.00947859499381471,0.00691,0.00157,0.00298,0,785
"2026-03-01","O740GQHPPM",,"The Indus Valley Preseasoned Cast Iron Fish Fry Pan with Double Handle (2kg)","25 cm","Cookware","The Indus Valley",,,773.5442543658221,1324.8454125806454,,53.53451,41.64042514407945,0.18266330250135726,0.21426,0.45342,0.40952,0.50244,773.6254429568132
"2026-03-01","CNQY3OLYWX",,"Pigeon Swift Storm Non-Stick Induction Base Frying Pan (Black)","1 Piece","Cookware","Pigeon",,,1145,1145,,0.03463,0,0,0,0,0,0,1145
"2026-03-01","HSUV2P64GD",,"Hawkins Ceramic Nonstick Induction Tava (26 cm, Induction Base, Grey, ICT26)","1 Piece","Cookware","Hawkins",,,1164.7203337645187,1345.7937285887099,,27.13636,13.380919650458594,0.12492934817015128,0.21732,0.1552,0.11296,0.20236,1161.7395829034865
"2026-03-01","HYE1IM9QZS",,"Sumeet Pre Seasoned Heavy Weight Cast Iron Frying Pan / Skillet (21cm, 1.480kg, Induction Friendly, Black)","1 Piece","Cookware","Sumeet",,,1247.5866327477984,2286.970259677419,,22.17081,45.44806048663823,0.003499038985956204,0.00377,0.02632,0.01436,0.03967,1249.9488874815686
"2026-03-01","ANBYMW1Y5B",,"Wonderchef Bandhan Aluminium Non-Stick Cookware Set (1.3L Fry Pan, Dosa Tawa, Set of 2, Red)","2 pieces","Cookware","Wonderchef",,,928.8250834879406,1824.710634408163,,12.36675,49.09740394047734,0.006210059234864841,0.00668,0.00063,0.00119,0,461.8237393794827
"2026-03-01","B5GVUYVZ5J",,"Wonderchef Tivoli Aluminium Non-Stick Cookware Set (1.8L Kadhai, 1.1L Fry Pan, Dosa Tawa, Set of 3, Red, Induction Base)","3 pieces","Cookware","Wonderchef",,,1179.6125911889603,2924.946209354838,,65.04182,60.832836247669405,0.8342115081648094,0.64413,0.21883,0.4088,0.00673,377.96069785501044
"2026-03-01","OKUMJ8L3BW",,"Wonderchef Venice Aluminium Non-Stick Grill Pan (1.5L, 24cm, Purple, Induction Base)","1 Piece","Cookware","Wonderchef",,,579.8045571918211,1199.7784147580646,,63.49096,51.639605570527124,0.28158652085236835,0.26942,0.21962,0.41393,0.00268,580.2482434718161
"2026-03-01","FJDWCF3TIP",,"Hawkins Classic Aluminum Pressure Cooker (6.5L, Silver, CL65)","6.5 ltr","Cookware","Hawkins",,,2139.5028657390562,2379.3133445748986,,24.84717,10.077137590152724,0.034166397504135776,0.0619,0.1724,0.00574,0.35848,2137.288939186342
"2026-03-01","5OYU66CADY",,"Hawkins Futura Non-Stick Saucepan with Stainless Steel Lid (1L, Black, NS10S)","1 ltr","Cookware","Hawkins",,,969,1075,,3.89711,9.86046511627907,0,0,0,0,0,969
"2026-03-01","BP2YTQKOPY",,"Carote Frying Pan (26cm, Cosy White)","1 Piece","Cookware","CAROTE",,,1389,2999,,3.63649,53.68456152050683,0,0,0.00003,0.00005,0,1389
"2026-03-01","JNAEKKAVKM",,"ANJALI Aluminium Diamond Dura Big Non Stick Uttappa Tawa (4 Cavities, 42.5 x 26.6 cm, Durable, Black)","1 Piece","Cookware","Anjali",,,392.7754049830947,766.6963772580644,,42.63962,48.86436322728429,0.22875125133143237,0.23433,0.04401,0.07779,0.00629,390.98131736516564
"2026-03-01","SXH1MVE6YR",,"Wonderchef Milano Non-Stick Cookware Set (Kadhai with Lid, Fry Pan, Tawa, 4 Pieces, Red)","1 pack","Cookware","Wonderchef",,,1841.9436342705217,4192.764140927419,,43.99252,56.09638470030468,0.22823598215053753,0.1975,0.00823,0.01558,0.00004,1837.0077072790755
"2026-03-01","5IROS1FBFC",,"Wonderchef Click & Cook Stainless Steel Casserole Set with Lid (6.5L, 3.2L, 1L, Set of 3, Silver)","3 pieces","Cookware","Wonderchef",,,4017.591983029771,6683.112202764978,,30.74984,39.88140083076254,0.03375678193352124,0.04039,0.00232,0.0044,0,1338.8350855793817
"2026-03-01","1UM75HBOV9",,"Sumeet Stainless Steel Induction and Gas Stove Friendly Saucepan / Cookware/ Container with Handle (Size No. 11, 1.5L, Silver)","1.5 ltr","Cookware","Sumeet",,,379.4607029890285,817.4522208294932,,12.40407,53.611593585005984,0.027020041718654048,0.02464,0.01399,0.01405,0.01393,382.12916956191043
"2026-03-01","TYPLH7CJZ1",,"The Indus Valley Pre-Seasoned Iron Wok with Strong Wooden Handle (2.2L, 1kg)","1 Piece","Cookware","The Indus Valley",,,737.6941716833696,1263.9558176209678,,45.04251,41.64563729832181,0.1409264988488767,0.16542,0.15146,0.04498,0.27034,737.1598954484953
"2026-03-01","DCQRXF5QTW",,"The Indus Valley Pre-Seasoned Cast Iron Concave Tawa for Dosa/Chapathi with Iron Tadka Pan (26cm)","1 Piece","Cookware","The Indus Valley",,,1041.962802341927,1815.587202379032,,72.89722,42.67835224648171,0.18353052365870084,0.21053,0.56337,0.60337,0.51872,1043.26618697159
"2026-03-01","Y33QAMGFR6",,"Hawkins Miss Mary Aluminum Pressure Cooker (3L, Silver, MM30)","3 ltr","Cookware","Hawkins",,,1128.6029905320245,1253.3445744354838,,18.815,9.957088797496441,0.03584597249331245,0.06431,0.1104,0.0236,0.2073,1127.2154753982475
"2026-03-01","Y6UV3XX2QE",,"Neelam Stainless Steel Flat Bottom Tope (1.95L, Silver)","1 Piece","Cookware","Neelam",,,292.5266218824383,394.66374081481484,,22.34678,25.490175383687617,0.015297705640711097,0.02329,0.00821,0.01556,0,29323.519821317463
"2026-03-01","0IYIV5RQHL",,"Vinod Platinum Triply Stainless Steel Kadai with Lid (3.2L, 26cm, Induction-Friendly)","3.2 ltr","Cookware","Vinod",,,2920.6567765963923,3899.047576589862,,56.42933,25.093872337564726,0.050329586081134275,0.07485,0.01513,0.02869,0,2898.1566223506525
"2026-03-01","ZU7OFH4A7C",,"Tosaa Vagharia Hard Anodized Aluminium Tadka Pan (100mm, Black)","1 Piece","Cookware","Tosaa",,,151.60035412438427,300,,49.66568,49.42968343948534,0.02782514036694865,0.028,0.01165,0.02208,0,151.8574907527596
"2026-03-01","3T8SM3J3T6",,"Wonderchef New Milano Aluminium Non-Stick Cookware Set (2L Kadhai, 1.3L Fry Pan, Dosa Tawa, Set of 4, Burgundy)","4 pieces","Cookware","Wonderchef",,,1981.580922351963,4200,,14.1386,52.81950184876278,0.002645118998433382,0.00246,0.00314,0.00594,0,489.13816017162696
"2026-03-01","T3R934MZ6C",,"Embassy Stainless Steel Milk Pot/Boiler/Cooker (1.5 L)","1.5 ltr","Cookware","Embassy",,,599.3493100944081,1038.8254900000002,,13.32117,42.36549975661605,0.014953613446429178,0.01693,0.00587,0.01113,0.00001,599.002878340161
"2026-03-01","B0TQPDY4FR",,"Prestige Omega Deluxe Granite Nonstick Round Base Omni Tawa (25cm, Black)","1 Piece","Cookware","Prestige",,,932.3744789638307,1183.0864821774192,,52.20308,21.83421646918381,0.2321237780544349,0.35948,0.3031,0.45674,0.13157,919.0329070571457
"2026-03-01","VYJEEB61DS",,"Wonderchef Taurus Hard Anodized Aluminium Pressure Cooker with Inner Lid (5L, Black)","5 ltr","Cookware","Wonderchef",,,1898.263297181594,4148.4667370967745,,35.3738,54.24114276197955,0.41535925758256764,0.37861,0.01672,0.03166,0.00003,1898.5974936268951
"2026-03-01","MQY8YU72Z5",,"Prestige Omega Delux Granite Nonstick Scratch Resistant Dosa Tawa (30 cm, Black)","1 Piece","Cookware","Prestige",,,1411.4288485670447,1835.3196613709674,,76.06408,23.071546376958917,0.5135158448730041,0.78736,0.59601,0.98022,0.16707,1408.80995865318
"2026-03-01","U9F0SW9U8P",,"Vinod Platinum Triply Stainless Steel Kadai with Glass Lid (18cm, 1.2L, 2.5mm Thickness, Induction-Friendly, 5 Year Warranty)","1.2 ltr","Cookware","Vinod",,,2083.446146953405,2894.606194677419,,32.87489,28.023157319830563,0.004480302559546463,0.00628,0.00403,0.00764,0,2090.362599260695
"2026-03-01","JY2U6F9OXI",,"Prestige Omega Deluxe Granite Non-stick Round Base Omni Tawa (28cm, Black)","1 Piece","Cookware","Prestige",,,1160.0084889643463,1394.4558368548385,,56.35737,16.839988937325657,0.21652467999755948,0.35684,0.2988,0.47538,0.10165,1160.0133198428175
"2026-03-01","7KK7JFGG7F",,"Wonderchef Aluminium Non-Stick Nigella Cooking Pot with Lid (1.5L, Silver)","1 pack","Cookware","Wonderchef",,,479,630.6582632773109,,24.19255,24.047613756647827,0,0,0.00015,0.00029,0,479
"2026-03-01","I9G8N9DS1K",,"Hawkins Pro Triply Stainless Steel Frying Pan with Stainless Steel Lid (18 cm, Induction Base, Silver, PSF18S)","1 Piece","Cookware","Hawkins",,,1431.1605666934165,1802.7092328225804,,40.34028,20.60519737921938,0.058840520970493526,0.09344,0.00991,0.01879,0,1424.9740035008465
"2026-03-01","9WJV641I7O",,"Sumeet Stainless Steel Induction and Gas Stove Friendly Container Set / Tope / Cookware Set With Lids (Size No.10 and No.11, 2 Pieces, Silver)","2 pieces","Cookware","Sumeet",,,599.9399381649592,1276.9079108823528,,26.53637,53.08131522122748,0.32393684096282843,0.30286,0.09573,0.09,0.10214,299.76692746752036
"2026-03-01","100000017","100000017","Dummy Product","100g","Cookware","dummy",0.04247,,,,0,,,3.2096629675275924e-8,,,,,
"2026-03-01","HSPHLJGQ99",,"Cello 12-Cavity Aluminium Appam/Appe Patra (39.5 cm, Black)","1 Piece","Cookware","Cello",,,489.35351060562226,1200,,65.94344,58.975584123974066,0.356769116018983,0.28912,0.17228,0.3266,0,493.1135586951957
"2026-03-01","D78CAS2HCQ",,"Prestige Magic Plus LP Gas Stove (GTMP 04, Black)","1 Piece","Cookware","Prestige",,,5899,7952.877495025642,,49.43502,25.82900522320719,0.16732138558595813,0.24647,0.03005,0.02405,0.03676,5898.999999999999
"2026-03-01","8EG5LE7VU7",,"Hawkins Pro Triply Stainless Steel Sauce Pan with Stainless Steel Lid (2.5L, Induction Base, Silver, PSSP25S)","2.5 ltr","Cookware","Hawkins",,,1871.375,2138.6509904444447,,23.02805,12.497145980787053,0.005821906915551874,0.01018,0.00002,0.00004,0,1869.0439694185413
"2026-03-01","5BV06SDOPG",,"Fackelmann Stainless Steel Triply Saucepan with Lid (1 L, Silver)","1 ltr","Cookware","Fackelmann",,,1467.6340443276808,3806.8523414516135,,42.28192,61.420494272841495,0.06659993976498359,0.05216,0.0233,0.04371,0.00051,752.6025015493855
"2026-03-01","IWXT2X475T",,"Prestige Popular Svachh Hard Anodised Pressure Cooker (5.0 L, Black)","5 ltr","Cookware","Prestige",,,2218.9553189904273,2776.611111048387,,25.48497,20.082811565006892,0.05096154279727429,0.0814,0.17189,0.03884,0.32044,2220.578304699474
"2026-03-01","VYPTIPLLSE",,"Prestige Magic Plus LP Gas Stove (GTMP-02, Black)","1 Piece","Cookware","Prestige",,,3249.052728387492,4289.4365444206005,,69.50736,24.27402715302663,0.32580981193820485,0.48915,0.17947,0.11766,0.24847,3249.2804860680744
"2026-03-01","XK0N7AOQKC",,"Pigeon By Stovekraft Favourite Induction & Stove Compatible Aluminium Pressure Cooker with Outer Lid (5 L, Silver)","5 ltr","Cookware","Pigeon by Stovekraft",,,981.1746828634515,1777.1071654435486,,61.06427,44.778764676496365,2.3009280278505777,2.53595,2.49402,3.05421,1.86861,981.701170815082
"2026-03-01","GO8EVCIW3V",,"Wonderchef Taurus Hard Anodized Aluminium Pressure Cooker with Outer Lid (3L, Black)","3 ltr","Cookware","Wonderchef",,,1771.588801918617,3499.641148333333,,35.79762,49.37798686124383,0.002204291023637327,0.00223,0.00363,0.00689,0,1774.7945985601389
"2026-03-01","5R09AR8ATC",,"Sumeet Stainless Steel Induction Bottom Kadhai With Glass Lid (Size No.13, 2.3L, Induction and Gas Stove Friendly, Silver)","2.3 ltr","Cookware","Sumeet",,,771.395301743174,1574.991341319149,,32.12625,50.98134612623215,0.2014441008392055,0.19679,0.13047,0.08128,0.18539,771.0281170806363
"2026-03-01","PFYGFS2TSQ",,"Embassy Stainless Steel Premium Thickply Saucepan (900 ml)","900 ml","Cookware","Embassy",,,558.7078662565505,1037.5474481339713,,5.99712,46.15110207620997,0.002180484952651427,0.00235,0.00118,0.00222,0.00002,549.6816454045814
"2026-03-01","RFUJ3YTVYD",,"Vinod Platinum Triply Stainless Steel Tope with Lid (1L, 14cm, Silver)","1 Piece","Cookware","Vinod",,,1272.8717692837633,1644.5819233944956,,27.39488,22.60210745477334,0.015090177161576863,0.02338,0.00572,0.01084,0,1274.0790755115438
"2026-03-01","HMQ7XJ8RL3",,"Pigeon By Stovekraft Cookware Set with Lid (Tawa, Fry Pan, Tadka Pan, Saucepan, Ladle, Kadai, 6 Pieces + 1 Lid, Red)","1 pack","Cookware","Pigeon by Stovekraft",,,1401.5388519491298,3433.2564708467735,,60.94387,59.582975372498026,1.7140058985806501,1.38399,0.48716,0.48991,0.48408,1390.9931275452732
"2026-03-01","O5KI3R6A39",,"Embassy Stainless Steel Cooker Separator (for 5 L Prestige Popular and Popular Plus Cookers, 2 Container)","5 ltr","Cookware","Embassy",,,636,1114.5340533039648,,8.4293,42.941813519445134,0.013085025811107308,0.01489,0.00155,0.00277,0.00018,630.1461103818276
"2026-03-01","RMWQAA0DYB",,"Prestige Hard Anodised Cookware Tadka Pan (13cm, Black)","1 Piece","Cookware","Prestige",,,510.3831848061806,624.4401149769585,,22.3924,18.264703866990956,0.008008362279656907,0.01295,0.00403,0.00295,0.00523,510.63900033240327
"2026-03-01","2FEFMGM08M",,"Hawkins Futura Non-Stick Cook n Serve Stewpot with Glass Lid (5L, Black, NST50G)","1 Piece","Cookware","Hawkins",,,2030.1651482786401,2274.74615234375,,37.80387,10.721234500014873,0.0922164813430689,0.16566,0.00878,0.01664,0,2029.0640146636758
"2026-03-01","SGXV7J8T7R",,"Sumeet Mini Size Heavy Stainless Steel Induction and Gas Friendly Tope/Patila/Cookware with Lids (350ml, 500ml, 750ml, Pack of 3)","3 pieces","Cookware","Sumeet",,,463.7779822142954,1242.2629350000002,,79.98853,62.668500826958315,1.3414188198013786,0.99619,2.16755,1.78897,2.59022,154.49598391020962
"2026-03-01","0BOOBT9XSC",,"Vinod Stainless Steel Classique Deluxe Cookware Set (7 Pieces, Kadhai, Saucepan, Saucepot with 3 Lids, Fry Pan, Silver)","1 pack","Cookware","Vinod",,,3141.9369619725658,4389.151520282258,,22.86006,28.415846492113953,0.009425314739703407,0.0133,0.00495,0.00938,0,3147.5603126239125
"2026-03-01","MAHMC0N6PQ",,"Soham Housewares SH Steel Gujiya Maker","1 Piece","Cookware","Soham Housewares",,,80.81961133786871,175,,30.39588,56.59400179675644,0.27984044001408814,0.24093,0.08623,0.16346,0.00001,75.7552924701031
"2026-03-01","BHY5TGI0N7",,"Wonderchef Ebony Hard Anodized Non-Stick Sauce Pan (2L, 16cm, Black and Brown)","2 ltr","Cookware","Wonderchef",,,1451.5850854454686,1699.4468617338707,,22.62895,14.584850039707604,0.004565324241638963,0.00778,0.00427,0.0081,0,1452.3990732608902
"2026-04-01","MF2BFCIJXE",,"MASTER Aluminium Outer Lid Pressure Cooker (2L, Gas Stove Compatible)","2 ltr","Cookware","Master",,,569,999,,0.95847,43.04304304304304,0,0,0,0,0,569
"2026-04-01","P3FEVMXXVN",,"Clazkit Samosha Plastic Dough Press Set (4 Pieces, Multicolor)","4 pieces","Cookware","Clazkit",,,60.456958197305084,99,,11.45958,38.920380179113096,0.0010961381967069376,0.00128,0,0,0,15.41717592041528
"2026-04-01","MQY8YU72Z5",,"Prestige Omega Delux Granite Nonstick Scratch Resistant Dosa Tawa (30 cm, Black)","1 Piece","Cookware","Prestige",,,1404.5142706835572,1841.3634860416666,,58.19804,23.591462842751955,0.5788149071809382,0.84987,0.5382,0.38978,0.66346,1406.2103317005597
"2026-04-01","PQWOQ5FPBY",,"MASTER Smart Stainless Steel Outer Lid Pressure Cooker (5L, Gas and Induction Stove Compatible)","5 ltr","Cookware","Master",,,1310.142027655602,2641.6359058041958,,13.60756,50.371404637512036,0.03281493699471319,0.03261,0.00568,0.0124,0,1347.9748780992054
"2026-04-01","QDDJRQAK40",,"Cello Non Stick Round Patri Tawa Aluminium Hammertone, Sturdy Handles and Gas Stove Base Multi Purpose Tawa, Dosa, Roti, Chapati Tawa (Black)","1 Piece","Cookware","Cello",,,745.1601941747573,1699,,2.85969,56.141248135682325,0,0,0.00107,0.00234,0,745.1601941747573
"2026-04-01","3J4VI41TO2",,"Hawkins Futura Non-Stick Induction Frying Pan (20 cm, Induction Base, Black, INF20)","1 Piece","Cookware","Hawkins",,,994,1079.699414957627,,21.8545,7.94005820051897,0.05528066363940528,0.09816,0.01877,0.02228,0.0158,994
"2026-04-01","8MOTQBHV0W",,"ANJALI PTFE Coated Aluminium Mini Uttapam Tawa (7 Cavities, 42.5 x 26.6 cm, Durable, Black)","1 Piece","Cookware","Anjali",,,522.2638291586065,779.9140632217571,,20.47654,33.284035472514866,0.026566007318452562,0.03213,0.0038,0.0083,0,508.41628177773765
"2026-04-01","QLZ9X3FZFK",,"Sumeet Stainless Steel Induction and Gas Stove Friendly Belly Shape Container Set / Tope /Cookware Set With Lids (No.10 - 1.1L, No.11 - 1.4L, No.12 - 1.75L, Set of 3, Silver)","3 pieces","Cookware","Sumeet",,,802.5233859442236,1612.2422598739497,,51.61644,50.168402077737206,0.6499259679197051,0.62217,0.26525,0.42549,0.13001,267.4129022088264
"2026-04-01","ZVDW0SUVFV",,"Wonderchef Taurus Hard Anodized Aluminium Pressure Cooker with Inner Lid (3L, Black)","3 ltr","Cookware","Wonderchef",,,1541.1370796435428,3169.2424070925113,,47.22155,51.41848688928055,0.18188854190892267,0.16574,0.0567,0.12387,0,1557.7115938965935
"2026-04-01","8GO1MHN15K",,"Hawkins Triply Stainless Steel Patila Kitchen Gift Pack 2023 (1.5L, 2L, 2.5L, Induction Base, Silver, 23SGP)","3 pieces","Cookware","Hawkins",,,2599.1840722495895,3720.845027523809,,26.57064,30.145693722891117,0.06386633586490087,0.08579,0.01995,0.02923,0.01213,866.3335328301033
"2026-04-01","I6XGVB49YZ",,"Hawkins Aluminum Idli Stand for 3 Litre Cooker (12 Mini Idli, Silver, ID12S)","1 Piece","Cookware","Hawkins",,,259.4328976306846,291.1268893670886,,25.70981,10.826943997062722,0.05328024861285057,0.09125,0.08979,0.19619,0,259.7084129012424
"2026-04-01","YKCK53QFWZ",,"Soham Housewares SH Steel Gujiya Maker (2 Pieces)","2 pieces","Cookware","Soham Housewares",,,159.30919063173002,350,,28.24042,54.478692308416086,0.01686367219188836,0.01473,0.07082,0.14324,0.0097,159.65179597632576
"2026-04-01","6Y7DO4R2YO",,"ANJALI Non-stick Appa Patra with SS Lid (12 Cups, 38 x 21 cm, Durable, Black)","2 pieces","Cookware","Anjali",,,501.4371641711314,794.000749125,,31.30018,37.725598912909696,0.09394405069242352,0.10568,0.05632,0.12305,0,227.6331915628415
"2026-04-01","MC3P6OBDN6",,"Pigeon By Stovekraft Aluminium Non-Stick Kadai with Stainless Steel Lid (3L, Black)","1 Piece","Cookware","Pigeon by Stovekraft",,,1387,2095,,4.13123,33.79474940334129,0,0,0.0006,0.00005,0.00106,1387
"2026-04-01","0IQUK5ZM0V",,"Hawkins Futura Non-Stick Curry Pan with Glass Lid (3.25L, Black, NCP325G)","3.25 ltr","Cookware","Hawkins",,,1560.6215515302197,1734.0286965833334,,30.34794,9.999983854925011,0.0383780242551781,0.0668,0.02226,0.04863,0,1561.9706424618732
"2026-04-01","USOOGVIBQR",,"Sumeet Stainless Steel Three Layered Induction Bottom Kadhai with Glass Lid (1.4L, 20cm, for Gas and Induction)","1.4 ltr","Cookware","Sumeet",,,506.3093741357407,1299.2973988018434,,49.80444,61.24288753106913,3.6159049881588254,2.70154,1.17097,2.55836,0,503.3641645686418
"2026-04-01","ITV4VWMHBL",,"Hawkins Futura Hard Anodised Saucepan with Stainless Steel Lid (1.5L, Black, AS15S)","1.5 ltr","Cookware","Hawkins",,,1044.8070752625988,1181.0197002916668,,18.61607,11.530199437044715,0.019829938161375897,0.03425,0.02455,0.00797,0.03855,1044.719797936617
"2026-04-01","0ZM073LJN8",,"Neelam Stainless Steel Regular Sauce Pan with Wire Handle (800ml, 13cm, Silver)","800 ml","Cookware","Neelam",,,240,268,,0.13055,10.447761194029852,0,0,0,0,0,24000
"2026-04-01","9JWLEH1IAH",,"Hawkins Triply Stainless Steel Metro Patila (1.5L, Induction Base, Silver, SSP15)","1 Piece","Cookware","Hawkins",,,986.4331550802139,1121.988477219251,,4.80089,12.080543788344402,0.004701545443080313,0.00814,0.00258,0.00563,0,985.0989089135868
"2026-04-01","BMLZZ2LIWS",,"Cello Aluminium Non-Stick Sandwich Gas Toaster (Black)","1 Piece","Cookware","Cello",,,300.1247998819716,547.4042807083334,,27.91673,45.446783204138804,0.17024984469791798,0.17571,0.12712,0.27773,0,298.8317660617338
"2026-04-01","LC5BMJDS7V",,"Milton Aluminium Cookware Set (Kadhai - 24.5cm, Fry Pan - 24.6cm, Tawa 25.2cm, 6 Pieces, Purple)","6 pieces","Cookware","Milton",,,1904.581061187916,5500,,14.23733,65.37365040550354,0.12451901862320124,0.0828,0.00617,0.01348,0,316.72932301618545
"2026-04-01","PVSWLGUJBN",,"Vinod Handi-Shape Inner Lid Europa Pressure Cooker (3L, Silver)","3 ltr","Cookware","Vinod",,,2700.0873225393934,3128.861455708334,,50.42919,13.703910211250067,0.02400488116549551,0.03945,0.02068,0.04517,0,2702.0194548150644
"2026-04-01","CSXTF9WPJV",,"Sumeet Cook Smart TriPly Steel-Aluminium-Steel 3 Layer Kadhai (18cm, 1.1L, Silver)","1.1 ltr","Cookware","Sumeet",,,942.5578217163093,2610.638365666666,,39.17731,63.86438861011315,0.1427916572352801,0.09644,0.03355,0.07331,0,930.6783465531521
"2026-04-01","XRST3U2SJD",,"Fackelmann Non-Stick Aluminium Fry Pan (26 cm, Black)","2 ltr","Cookware","Fackelmann",,,599.2684220881356,1249,,26.73734,52.90741475040798,0.019742187613742645,0.01049,0.00152,0.00332,0,360.830748925826
"2026-04-01","S1737GVQ41",,"Hawkins Futura Non-Stick Cookware Set (Tawa, Frying Pan, 2 Pieces, Black, NSET5)","1 pack","Cookware","Hawkins",,,1499.4675141242938,1830,,5.90131,18.061884474082312,0.0012096685662437482,0.00191,0.0007,0.00152,0,1499.0412924151697
"2026-04-01","VIOLPB3NBL",,"MASTER Aluminium Outer Lid Pressure Cooker (5L, Gas Stove Compatible)","5 ltr","Cookware","Master",,,946.5070251937985,1546.5989988372091,,11.17603,38.770263427121535,0.02035733382562594,0.02764,0.00117,0.00256,0,945.745448619397
"2026-04-01","AL3IOHRZZR",,"Prestige Hard Anodized Induction Base Roti Tawa (22.5 cm, Black)","1 Piece","Cookware","Prestige",,,751.7118644067797,985.6562209322034,,44.53948,23.8053833851676,0.36795629040789524,0.53452,0.41179,0.40088,0.42099,752.3777673266686
"2026-04-01","DM8HFD8B35",,"Neelam Stainless Steel Regular Saucepan with Wire Handle (11 22G, 1600ml, Silver)","1.6 ltr","Cookware","Neelam",,,318.7591770810888,445.14453507692303,,11.59698,28.391982387022733,0.004332497377214802,0.00589,0.00086,0.00187,0,31924.565202303318
"2026-04-01","Y0BD2MHAL4",,"Hawkins Futura Hard Anodised Deep Fry Pan with Round Bottom (1.5L, Black, AK15)","1.5 ltr","Cookware","Hawkins",,,954.9941287878788,1064.332656125,,58.20174,10.389558184302217,0.09217654644145129,0.15903,0.15913,0.05215,0.24941,954.994552237888
"2026-04-01","97GPFHL1OE",,"Hawkins Ceramic Nonstick Induction Frying Pan with Glass Lid (16 cm, Induction Base, Grey, ICF17G)","1 Piece","Cookware","Hawkins",,,1120,1256.284276904762,,14.18965,10.846829257715223,0.028904336318266183,0.04936,0.00156,0.00138,0.00171,1120.0000000000002
"2026-04-01","XBLMJ4MIJ0",,"Sumeet Super Smooth Pre Seasoned Carbon Steel (Iron) Fry Pan (20.5cm, 1.1L, Gas and Induction-Friendly, Black)","1.1 ltr","Cookware","Sumeet",,,1019.8220334216225,1664.7682509047622,,26.57177,38.80858507448496,0.07847169565803779,0.08779,0.0135,0.02137,0.00687,968.0454674409099
"2026-04-01","C1TMG6CW8Q",,"Wonderchef Royal Velvet Aluminium Non-Stick Fry Pan (1.8L, 24cm, Purple, Induction Ready, 2 Year Warranty)","1.8 ltr","Cookware","Wonderchef",,,802.1462079625703,1498.3438017766496,,13.79677,46.464475842498125,0.0007403766544378745,0.00104,0.00294,0.00643,0,880.6227598689883
"2026-04-01","6NER2USIQU",,"Neelam Stainless Steel Induction Bottom Kadai (Silver)","800 ml","Cookware","Neelam",,,642.3850283879922,774.999039484536,,6.00281,17.120336106881634,0.004444044683528262,0.00689,0.00148,0.00323,0,630.0436122387376
"2026-04-01","11X1YCY9ZT",,"Judge by Prestige Aluminium ACE Non-Stick Fry Pan and Omni Tawa Set (2 Pcs, Red)","2 pieces","Cookware","Prestige",,,802.1647790599592,1409.9523082083338,,57.37761,43.086579007824454,0.04793797544230574,0.0502,0.10814,0.05422,0.15365,388.35670434230065
"2026-04-01","WVOFG25OGT",,"Sumeet Stainless Steel Tope / Patila Cookware Set with Lids (370ml–1.1L, Set of 4, Silver)","4 pieces","Cookware","Sumeet",,,768.2769375056906,1576.4679797916667,,42.91996,51.46432335683288,0.2381904831083534,0.21859,0.1375,0.15672,0.12129,189.34528671794334
"2026-04-01","9MQ4A18TV3",,"Prestige Hard Anodised Induction Base Multi-Kadai with Glass Lid, Dhokla Plate, Patra Plate, Idli Plates (22cm, Black)","2.5 ltr","Cookware","Prestige",,,2214.7255068330655,2749.9280217703345,,23.45586,19.462419041525266,0.008234570881801398,0.01263,0.01172,0.00295,0.01913,2250.962788338149
"2026-04-01","OGS04C6YH7",,"Prestige Omega Select Plus Teflon Non-stick Coated Junior Handi with Stainless Steel Lid and Scrubber (16cm, Black)","1 Piece","Cookware","Prestige",,,1251.6284020971632,1548.8896994835686,,39.6194,19.205825139988733,0.08565742440100915,0.13331,0.08998,0.0128,0.15512,1252.4390720094732
"2026-04-01","LL85CQQCR0",,"Hawkins Triply Stainless Steel Tadka Pan (600 ml, Induction Base, Silver, STP25)","1 Piece","Cookware","Hawkins",,,528.6588661195473,600.25981175,,11.48233,11.926158640396437,0.010740964489793978,0.01845,0.00208,0.00454,0,528.5449846388364
"2026-04-01","G5MHLU30VQ",,"Vinod SAS Pro Platinum Stainless Steel Non Stick Kadai with Lid (3.3L, 24cm, Hexa Design Triply Kadhai, Induction Base)","3.3 ltr","Cookware","Vinod",,,3149.7273688813457,4344.99347,,26.57876,27.509100950992895,0.024045633114735364,0.03219,0.01537,0.03359,0,3039.6747962002064
"2026-04-01","2FMZMX0W17",,"Wonderchef Duralite Die-Cast Aluminium Non-Stick Kadhai with Lid (2.4L, 24cm, Grey, 2 Years Warranty)","2.4 ltr","Cookware","Wonderchef",,,1202.6946340122927,1743.7484579999998,,27.27837,31.06273975408866,0.021837987981340522,0.02592,0.00275,0.006,0,575.1200900029104
"2026-04-01","BOK4N9VP27",,"P-TAL Brass Patila with Lid and Handles Teflon Free Gas/Electric Compatible (1L, Golden)","1 pack","Cookware","P-Tal",,,2491.63640172489,3250,,3.95598,23.334264562311077,0.010204446734716526,0.01497,0.00291,0.00635,0,2479.2587059467937
"2026-04-01","IRK8LB5C7Z",,"Vinod Stainless Steel 2-Tier Gas & Induction Friendly Steamer with Glass Lid (20cm)","1 Piece","Cookware","Vinod",,,1096.5222048066876,1376.5645798850574,,43.81394,20.337235955248584,0.013830576991773912,0.02125,0.00202,0.00441,0,1096.3679488019131
"2026-04-01","RS4FP5IZ3X",,"Sumeet 3mm Nonstick Grill Appam Patra With Glass Lid (22cm Dia, 12-Cavity, Black)","1 Piece","Cookware","Sumeet",,,510.081733253869,1238.3531815416666,,47.43901,58.86625098578604,0.11865539813123757,0.10024,0.03287,0.07182,0,509.3684893771763
"2026-04-01","0MQCR26UST",,"Neelam Stainless Steel Flat Bottom Tope (1.1L, Silver)","1 Piece","Cookware","Neelam",,,226.85008957914206,290.2239208571429,,15.72277,21.808579150981195,0.011356606467483111,0.01759,0.00377,0.00824,0,22697.70452522918
"2026-04-01","4QJCUI7DHM",,"Judge by Prestige Stainless Steel Idli Cooker with 4 Plates (25cm, Silver)","1 Piece","Cookware","Prestige",,,1210.966995403611,1723.5751490833334,,47.05324,29.866343271314665,0.3520044306861034,0.47751,0.27726,0.37642,0.19357,1212.2867260614426
"2026-04-01","HSPHLJGQ99",,"Cello 12-Cavity Aluminium Appam/Appe Patra (39.5 cm, Black)","1 Piece","Cookware","Cello",,,499.18889471489285,1200,,59.35666,58.34124402955933,0.5178372995134918,0.41148,0.07055,0.15413,0,499.86204597115295
"2026-04-01","O6M86IAJBN",,"The Indus Valley Stainless Steel Idli/Dhokla/Momo Maker/Multi Pot/Steaming Set (4.2L, 2.5kg)","1 Piece","Cookware","The Indus Valley",,,2204.046678038106,3942.687463625,,61.53507,44.13661715073566,0.5773647921988632,0.62011,0.42415,0.35135,0.4856,2204.892715664641
"2026-04-01","446HI1U2F0",,"Hawkins Miss Mary Aluminum Pressure Cooker (7L, Silver, MM70)","7 ltr","Cookware","Hawkins",,,1789,1985.4335093034827,,13.80927,9.893733956993318,0.010443802465774919,0.01819,0.00103,0.00225,0,1789
"2026-04-01","V5TP6DJWQ1",,"Wonderchef Ferro Light Cast Iron Non-Stick Kadhai (3.2L, 28cm, Black, Pre-Seasoned, Induction Base)","3.2 ltr","Cookware","Wonderchef",,,1444.0077079610246,2715.4537870555555,,24.06568,46.8222645664583,0.025172508791404237,0.02552,0.00207,0.00453,0,1432.4031334812069
"2026-04-01","CYKV4OHJBM",,"Hawkins Futura Non-Stick Dosa Tava (28 cm, Black, NDT28)","1 Piece","Cookware","Hawkins",,,1350.8687244664839,1498.1661199166667,,50.67165,9.795463196360496,0.1177823545471576,0.20503,0.15727,0.34361,0,1350.223323634454
"2026-04-01","0RPFH9FF0Q",,"Wonderchef Alfa Aluminium Pressure Cooker with Inner Lid (3L, Silver)","3 ltr","Cookware","Wonderchef",,,1056.968534312747,1938.4025853749997,,59.76845,45.48281148655529,0.11432964316898217,0.12057,0.05803,0.12679,0,1057.5153843364078
"2026-04-01","OVDF19YVIR",,"Vinod Hard Anodised Non Stick Microwave Safe Tawa (25cm, 3.25mm Thickness, Round Baking Plate Pan Tawa, 2 Year Warranty)","1 Piece","Cookware","Vinod",,,596.478813559322,740.4751647457628,,4.19276,19.446479509664705,0,0,0.0005,0.00109,0,596.478813559322
"2026-04-01","T0XLK2HSRO",,"Vinod Stainless Steel Kadhai with Glass Lid (20cm, Induction and Gas Base, Non-stick)","1.7 ltr","Cookware","Vinod",,,1036.7235294117647,1344.6607845882354,,1.31271,22.900738885663856,0,0,0.00002,0.00005,0,1036.7235294117647
"2026-04-01","100000017","100000017","Dummy Product","100g","Cookware","dummy",0.04109999999999999,,,,0,,,4.075194923985086e-8,,,,,
"2026-04-01","F8BKKJ3GXK",,"Hawkins 12-Cup Non-Stick Die Cast Aluminum Multipurpose Paniyaram/Appe Pan with Glass Lid (26 cm, Red, NAPE26G)","1 Piece","Cookware","Hawkins",,,1568.0507584481916,1724.1891130000001,,22.23793,9.130421163594937,0.085698771269216,0.14915,0.03245,0.00379,0.05664,1569.8118072385512
"2026-04-01","5R09AR8ATC",,"Sumeet Stainless Steel Induction Bottom Kadhai With Glass Lid (Size No.13, 2.3L, Induction and Gas Stove Friendly, Silver)","2.3 ltr","Cookware","Sumeet",,,922.4017922014001,1572.6742404761903,,21.43464,41.575393928824816,0.09143597148069108,0.09705,0.0158,0.03453,0,870.7438753816348
"2026-04-01","80MQ43ZJ81",,"Vinod Stainless Steel Regular Cookware Set (3 Pieces, Capsule Bottom Tope with Lid, Saucepan, Silver)","1 pack","Cookware","Vinod",,,704,873.3510173154363,,7.57563,19.390945216506246,0.0008724486651130116,0.00134,0.00047,0.00103,0,704
"2026-04-01","I6UCN2SJG1",,"Wonderchef Ferro Light Cast Iron Non-Stick Kadhai (2.3L, 24cm, Black, Pre-Seasoned, 10 Years Warranty)","2.3 ltr","Cookware","Wonderchef",,,1044.5197881289212,2293.4207225833334,,20.30637,54.53477946104189,0.06809135121541009,0.0571,0.00303,0.00661,0,995.0031138546735
"2026-04-01","RUVK3OD0DR",,"Prestige Nakshatra Plus Svachh Aluminium Spillage Control Pressure Cooker (2L, Silver)","2 ltr","Cookware","Prestige",,,1163.1441947565545,1459.6460674157304,,2.71843,20.313271777186756,0.00047097751554572165,0.00074,0.01769,0.00042,0.03228,1159.6551213735936
"2026-04-01","9FW4MC0WG6",,"Hawkins Pro Triply Stainless Steel Frying Pan with Stainless Steel Lid (26 cm, Induction Base, Silver, PSF26S)","1 Piece","Cookware","Hawkins",,,2396.27543380369,2866.757128571429,,20.28428,16.41163424967887,0.010493775659003349,0.0163,0.0016,0.0035,0,2333.8564920675694
"2026-04-01","7YM1JRPU6B",,"Sumeet CookSmart TriPly Stainless Steel Cookware Set with Glass Lid (Deep Kadai 20cm - 1.7L, Frypan 20cm - 1L, Saucepan 14cm - 1.15L, Casserole 20cm - 2.9L, Set of 5, Silver)","5 pieces","Cookware","Sumeet",,,3999,8578.500599761905,,17.08749,53.38254546488725,0.027552184659424717,0.02478,0.0204,0.04458,0,799.8000000000002
"2026-04-01","M9Y4SCL2MS",,"Milton Aluminium Jewel Non-Stick Cookware Set with Lid (Kadhai - 24.5cm, Fry Pan - 24.6cm, Tawa - 25.2cm, 3 Pieces + 1 Lid, Maroon)","1 pack","Cookware","Milton",,,2043.3894462604708,5000,,25.55289,59.13221107479058,0.020657073831835352,0.01588,0.00836,0.01826,0,2022.7845155895768
"2026-04-01","SGXV7J8T7R",,"Sumeet Mini Size Heavy Stainless Steel Induction and Gas Friendly Tope/Patila/Cookware with Lids (350ml, 500ml, 750ml, Pack of 3)","3 pieces","Cookware","Sumeet",,,501.2291534451728,1243.4100622916667,,64.08539,59.64872293349166,1.1080127792883598,0.85935,0.70414,1.17785,0.30433,167.15935931463437
"2026-04-01","NGXGMQXPG8",,"Hawkins Aluminum Tall Classic Pressure Cooker (3L, Silver, CL3T)","3 ltr","Cookware","Hawkins",,,1425.344351310117,1583.3262372499996,,70.98323,10.06720435915403,0.2561796428326543,0.44331,3.23305,0.41439,5.61203,1422.9261065801857
"2026-04-01","28NV4S6YDE",,"The Indus Valley Stainless Steel Strainer Pot/Rice Pot with Strong Lockable Lid (3.5L, 1.08kg)","1 pack","Cookware","The Indus Valley",,,2177.7020562442062,3612.6635362083334,,77.90072,39.64860204001987,0.5430577984349011,0.6269,0.35341,0.62503,0.12415,2179.5700288456574
"2026-04-01","QB19KMB99I",,"P-TAL Brass Kadhai with Lid Teflon Free with Naturally Non-Stick Tin Coated (1.5L, Gold, Silver)","1.5 ltr","Cookware","P-Tal",,,3598.824929971989,3999,,4.67853,10.006878470317854,0.0039651349150891385,0.00686,0.00019,0.00042,0,3598.9901590300738
"2026-04-01","PM0HYY8JQW",,"Hawkins Futura Hard Anodised Frying Pan with Stainless Steel Lid (20 cm, Black, AF20RS)","1 Piece","Cookware","Hawkins",,,1091.2844036697247,1141.8527014678898,,2.30028,4.428618308925289,0.0009501847434683474,0.00175,0.00002,0.00004,0,1098.2098092643052
"2026-04-01","BC2UVHIHCK",,"Prestige Omega Deluxe Granite Fry Pan (2.1 L, Black)","2.1 ltr","Cookware","Prestige",,,1342.24676623862,1663.868704625,,65.84184,19.494182333940618,0.4066647921492446,0.62549,0.41102,0.4364,0.3896,1342.914753281575
"2026-04-01","L79O4AJBG6",,"Hawkins Futura Hard Anodised Tadka Pan (240 ml, Black, ATP1)","1 Piece","Cookware","Hawkins",,,365.1038360848951,402.50974519047617,,22.75943,9.29293007578087,0.0048743694029953,0.00855,0.00235,0.00514,0,365.1649322165707
"2026-04-01","LUH3GQ2330",,"Vinod Stainless Steel Pasta Pot with Strainer Lid (4L, 1.21kg, Gas & Induction-Friendly)","1 Piece","Cookware","Vinod",,,1144,1725,,1.51515,33.68115942028985,0,0,0.00003,0.00007,0,1144
"2026-04-01","O8STKY4IP1",,"Prestige Platina Popular Stainless Steel Unique Impact Forged Bottom Casserole with Glass Lid (26cm, 7.25 L, Silver)","1 Piece","Cookware","Prestige",,,1796.9218381502756,2215.1250821249996,,33.49746,18.863094186938525,0.18275504138436566,0.28474,0.17381,0.04879,0.27933,1795.495824383743
"2026-04-01","PFYGFS2TSQ",,"Embassy Stainless Steel Premium Thickply Saucepan (900 ml)","900 ml","Cookware","Embassy",,,676.9553103964099,1038.9185572251308,,5.01451,34.840387084382826,0,0,0.00001,0.00002,0,676.9553103964099
"2026-04-01","Z7IK69X3RG",,"Vinod Hard Anodized Tawa (25cm)","1 Piece","Cookware","Vinod",,,837.8912158869394,1023.2823201754386,,5.64214,18.117297703014593,0.00034535046034647336,0.00054,0.0028,0.00612,0,846.2547119252356
"2026-04-01","CF29Q88N7Y",,"The Indus Valley Super Smooth Cast Iron Tawa for Dosa/Chapathi (25.4cm, 1.8kg)","1 Piece","Cookware","The Indus Valley",,,1272.4861749132538,2137.1132100000004,,69.6668,40.45862330102444,0.21097403105264195,0.24207,0.41676,0.30238,0.5133,1271.432841746272
"2026-04-01","8QH4GHOGLG",,"Wonderchef Tivoli Aluminium Non-Stick Kadhai with Lid (2L, 24cm, Purple, Induction Bottom)","2 ltr","Cookware","Wonderchef",,,956.4373592633026,1975.915861276596,,40.37521,51.60180906938738,0.059687129274851064,0.0551,0.04013,0.08767,0,473.1194659373271
"2026-04-01","X029WPI09Z",,"Pigeon Aluminium Induction & Gas Stove Compatible Hard Anodised Pressure Cooker with Outer Lid (2.5L, Black)","3 ltr","Cookware","Pigeon",,,1054.2704230769232,2153.065117,,20.03557,51.03556322009558,0.0683639232554596,0.06399,0.01006,0.02198,0,105203.87378144423
"2026-04-01","KMJ068YMU6",,"Hawkins Non-Stick Die Cast Aluminum Induction Grill Pan with Glass Lid (26 cm, Induction Base, Red, IGP26G)","1 Piece","Cookware","Hawkins",,,1445.3184201943213,1614.0546023744294,,47.37453,10.408088359145294,0.06264556214460636,0.10904,0.02766,0.06044,0,1445.0655597813522
"2026-04-01","6Q0L6VYWN9",,"Hawkins Ceramic Nonstick Pressure Cooker (3L, Induction Base, Grey, ICC30)","3 ltr","Cookware","Hawkins",,,2240.518917937545,2483.4350640686275,,21.35392,9.781457532177667,0.037824947922185666,0.06599,0.0091,0.01988,0,2242.118663082531
"2026-04-01","HYE1IM9QZS",,"Sumeet Pre Seasoned Heavy Weight Cast Iron Frying Pan / Skillet (21cm, 1.480kg, Induction Friendly, Black)","1 Piece","Cookware","Sumeet",,,1265.3714213564213,2300.2323003333336,,16.09379,44.989407323205896,0.0023300992874367285,0.00239,0.00603,0.0121,0.0009,1256.602848002732
"2026-04-01","8Y4QEP0KKH",,"Hawkins Futura Hard Anodised Cookware Set with Stainless Steel Lid (Tawa, Frying Pan, Kadhai, 3 Pieces + 1 Lid, Black, 24HAGP)","1 pack","Cookware","Hawkins",,,2229.0471348513465,3065.558816428572,,47.33855,27.29319492498943,0.07551990605008072,0.10551,0.02218,0.02407,0.02058,2231.671252957913
"2026-04-01","Q505GFTV7A",,"Wonderchef Venice Aluminium Non-Stick Mini Kadhai (1L, 16cm, Purple)","1 ltr","Cookware","Wonderchef",,,329,483.96260057142854,,15.28941,32.0023018216024,0.005779141998648924,0.00742,0.00264,0.00577,0,329
"2026-04-01","Q3UYWIEBXT",,"Sumeet Nonstick Grill Gas Toaster (14cm, Black)","1 Piece","Cookware","Sumeet",,,496.63393176858216,956.7255148333335,,24.3108,48.08763456656663,0.02032005223702695,0.02038,0.00782,0.01707,0,497.3415606742057
"2026-04-01","FMCGBPTYBH",,"Vinod Stainless Steel 2-Tier Gas & Induction Friendly Steamer with Glass Lid (18cm)","1 Piece","Cookware","Vinod",,,887.1037529349882,1207.477211917808,,15.41995,26.532464200626872,0.00626598401998145,0.00871,0.00354,0.00774,0,858.7637103177581
"2026-04-01","46H33DFKR4",,"Prestige Aluminium Omega Deluxe Granite Kadai (2.4 L, Black)","2.4 ltr","Cookware","Prestige",,,1363.5836727474682,1715.7669531666668,,71.40795,20.58303275540104,0.21640455053662586,0.33137,0.52686,0.15687,0.83914,1364.8023571777992
"2026-04-01","3T8SM3J3T6",,"Wonderchef New Milano Aluminium Non-Stick Cookware Set (2L Kadhai, 1.3L Fry Pan, Dosa Tawa, Set of 4, Burgundy)","4 pieces","Cookware","Wonderchef",,,1975.416971210622,4200,,6.16552,52.96626259022329,0.009717009794416994,0.00877,0.00097,0.00211,0,492.7344228113315
"2026-04-01","RFFVKJOG80",,"Cello Non-Stick Induction Base Prima Cookware Set with Glass Lid (Kadhai, Fry Pan, Dosa Tawa, 3 Pieces + 1 Glass Lid, Black)","1 pack","Cookware","Cello",,,1490.6080652111423,2899,,25.67088,48.59916959991469,0.09174066914495888,0.0903,0.00006,0.00013,0,1484.4731700247432
"2026-04-01","U5QUP62DRB",,"MASTER TitanPro Triply Kadai with Glass Lid (24cm, Gas and Induction Compatible, 3 Years Warranty)","2.5 ltr","Cookware","Master",,,1756.4172484002327,2899,,16.65558,39.41388581710249,0.01772541231559528,0.0206,0.00072,0.00157,0,1752.2858207779707
"2026-04-01","Y0Y4CH1OWJ",,"Tosaa Non Stick Super Heavy Thickness Gas Toaster Jumbo/Big Breads Non Electric Sandwich Maker (Gas Stove Compatible)","1 Piece","Cookware","Tosaa",,,566.521187134445,975,,27.34095,41.85308913577822,0.16767523371504214,0.18757,0.12303,0.26881,0,567.2644035556816
"2026-04-01","APVV2O9PQK",,"ANJALI Stainless Steel Kitchen Express Gripper (23 cm, Rust-Resistant and Durable, Silver)","1 Piece","Cookware","Anjali",,,470.4448850222427,694.5760368663595,,19.65032,32.59306915144573,0.04918869341727283,0.06196,0.00018,0.00039,0.00001,457.6555690254437
"2026-04-01","6GTD5CLWN4",,"Hawkins Ceramic Nonstick Induction Tava (28 cm, Induction Base, Grey, ICT28)","1 Piece","Cookware","Hawkins",,,1321.1385250610745,1502.7958934583335,,12.20377,12.05523782822635,0.04955585757307616,0.08433,0.01838,0.01837,0.01838,1321.6015890502485
"2026-04-01","K6FW2I652P",,"Hawkins Futura Non-Stick Cookware Set with Stainless Steel Lids (Dosa Tawa, Frying Pan, Kadhai, 3 Pieces + 2 Lids, Black, NSET7)","1 pack","Cookware","Hawkins",,,3436.855212898556,4210,,20.19108,18.364484254191066,0.009740112480969027,0.01526,0.00415,0.00278,0.00531,3431.401378049699
"2026-04-01","94WGOLYY30",,"Vinod Stainless Steel Platinum Extra Deep Tasla (4.1L, 26cm, Silver)","1 Piece","Cookware","Vinod",,,2372.7919308116766,3296.5673879166666,,32.92993,28.023122197992173,0.012999177735384254,0.01791,0.00882,0.01927,0,2366.3887299664298
"2026-04-01","T4BXVSN2N8",,"Prestige Durastone Hard Anodised 6 Layer Non-Stick Fry Pan (20cm, 1.1L, Black)","1.1 ltr","Cookware","Prestige",,,1056.8850256513683,1294.6806340416667,,13.26598,18.36709214976807,0.017156967242621883,0.02717,0.00695,0.00782,0.00621,1055.8222517424072
"2026-04-01","VZLYCPV85V",,"Vinod Deep Pan Mini Pressure Cooker (2L, Silver)","2 ltr","Cookware","Vinod",,,1845.1859105835747,2305.3704896698114,,38.47437,19.95545835661205,0.062059963574750986,0.09629,0.01455,0.03179,0,1847.8479717052699
"2026-04-01","5VWJNMOBKA",,"Prestige Svachh Glass Top Gas Stove with 2 Liftable Brass Burners (GTSB-02, Black)","1 Piece","Cookware","Prestige",,,7447.267399552647,9895,,26.24532,24.739029322533682,0.10301755647086329,0.14889,0.05606,0.00264,0.10115,7438.158658855721
"2026-04-01","WDTZN3I36J",,"Ritu Stainless Steel Meduvada Maker with Legs (Silver)","1 Piece","Cookware","Ritu",,,266.90302783997373,320,,12.45462,16.58738806612385,0.004019272541086605,0.00644,0.00049,0.00108,0,267.3310754221823
"2026-04-01","1D36C0IQNS",,"Vinod SAS Pro Platinum Triply Stainless Steel Non Stick Frypan (22cm, Ceramic Coating, Honeycomb Design, Steel Handle, Induction Base, 5 Year Warranty)","22 cm","Cookware","Vinod",,,2644.1171848312133,3471.183268125,,22.47103,23.826632574791592,0.003935388966738882,0.00592,0.00286,0.00624,0,2580.3289715217784
"2026-04-01","XWGLORNAAJ",,"Wonderchef Valencia Aluminium Non-Stick Sauce Pan (1.5L, 16cm, Purple)","1.5 ltr","Cookware","Wonderchef",,,716.0273309145555,1793.1071382916668,,43.57211,60.100116322028015,0.1312292088052132,0.09995,0.054,0.11799,0,716.49494187291
"2026-04-01","5IROS1FBFC",,"Wonderchef Click & Cook Stainless Steel Casserole Set with Lid (6.5L, 3.2L, 1L, Set of 3, Silver)","3 pieces","Cookware","Wonderchef",,,4035.6673444430817,6681.637797571429,,32.64047,39.60023933787002,0.06200374373236901,0.07181,0.00281,0.00613,0,1345.332966932673
"2026-04-01","FJDWCF3TIP",,"Hawkins Classic Aluminum Pressure Cooker (6.5L, Silver, CL65)","6.5 ltr","Cookware","Hawkins",,,2145.3810567620317,2375.349174831933,,23.43762,9.67998923266075,0.03767879616262473,0.06555,0.14497,0.00601,0.26226,2146.4498279152544
"2026-04-01","HHNKEV9WHG",,"Neelam Stainless Steel Regular Saucepan with Wire Handle (12 22G, 2000ml, Silver)","2 ltr","Cookware","Neelam",,,356.55357142857144,451.6088863636363,,13.8381,21.057638451929822,0.002542584511818724,0.00374,0,0,0,33472.80559897453
"2026-04-01","1S68PB57K0",,"Prestige Deluxe Duo Plus Hard Anodised Gas and Induction Compatible Pressure Handi with Glass Lid (1.5L, Black)","1 Piece","Cookware","Prestige",,,2001.9460273692812,2560,,5.43854,21.79898330588745,0.002432524502922777,0.00363,0.00017,0.00007,0.00024,1989.6807639184246
"2026-04-01","6XNHLC1TXZ",,"The Indus Valley Pre-Seasoned Smooth Cast Iron Dosa Tawa/Roti Tawa (27.6cm, 2.8kg)","1 Piece","Cookware","The Indus Valley",,,1003.4086597867465,1733.0039220833337,,78.79525,41.821345758137284,2.1514614819166824,2.39387,1.4756,1.69248,1.29255,1007.7992514192324
"2026-04-01","YPIVUHOY41",,"SOLARA Essentials Pre Seasoned 12- Cavity Cast Iron Paniyaram (20cm, Black)","1 Piece","Cookware","Solara",,,1173.2374310849614,2498.8659851249995,,60.33559,52.84162913727595,0.6132237312414193,0.56419,0.19031,0.08378,0.28023,1180.0524935773915
"2026-04-01","IB4HJG4K1H",,"Embassy Stainless Steel Premium Thickply Frying pan with Wooden Finish Handle (1 L)","1 Piece","Cookware","Embassy",,,495.3885135135135,914.7940799324324,,3.08273,45.84699175686583,0,0,0.00017,0.00036,0,495.3885135135135
"2026-04-01","RUYGBMI2PC",,"The Indus Valley Pre-Seasoned Iron Wok with Strong Wooden Handle (4.2L, 1.5kg)","1 Piece","Cookware","The Indus Valley",,,854.7798068951885,1425.4093838750002,,53.35391,40.14122792023243,0.2761877592246482,0.31952,0.06509,0.07861,0.05368,854.2475227569661
"2026-04-01","ZKQTXHTAHN",,"Carote Gas & Induction-Friendly Kadhai with Lid (2.7L, 24cm, Granite Black)","1 Piece","Cookware","CAROTE",,,1580,3999,,3.9338,60.49012253063266,0,0,0,0,0,1580
"2026-04-01","B0TQPDY4FR",,"Prestige Omega Deluxe Granite Nonstick Round Base Omni Tawa (25cm, Black)","1 Piece","Cookware","Prestige",,,941.5478961550795,1193.13750175,,37.23267,21.098743659003556,0.27198416095695116,0.41171,0.13196,0.12229,0.14013,938.8036094102629
"2026-04-01","8G61163ZUU",,"Carote Tawa (26cm, Cosy White)","1 Piece","Cookware","CAROTE",,,1265,2999,,4.15898,57.81927309103035,0,0,0.00003,0.00006,0,1265
"2026-04-01","FODXX9SWL6",,"Vinod Tope Set without Lid (5 Pieces, 0.8L, 1L, 1.4L, 1.8L, 2L, Silver)","5 pieces","Cookware","Vinod",,,1729.1184027777779,2058.92726465,,3.41091,16.018480474505093,0.00646825646876319,0.01049,0.00043,0.00094,0,345.0495363709031
"2026-04-01","T06BRP0KJY",,"Prestige Popular Plus Svachh Virgin Aluminium Spillage Control Pressure Cooker (3L, Silver)","3 ltr","Cookware","Prestige",,,1467.705567312309,1827.2311236250002,,19.21353,19.68016445800099,0.026919190878531268,0.04126,0.06869,0.00565,0.1219,1468.5908487328272
"2026-04-01","7XI2NUYCSA",,"Vinod SAS Pro Platinum Triply Stainless Steel Dosa Tawa (28cm, 4mm Thick, Hexa Design, Metal Spoon Friendly, Riveted Handle)","1 Piece","Cookware","Vinod",,,2548.7330199222224,3549.659969244445,,12.36039,28.198068404106657,0.0326137552307043,0.04487,0.00165,0.0036,0,2556.804610051647
"2026-04-01","EAS3CMXPJL",,"Hawkins Triply Stainless Steel Induction Frying Pan with Glass Lid (20 cm, Induction Base, Silver, SSF20G)","1 Piece","Cookware","Hawkins",,,1456.8689373454595,1675.817762833333,,25.18894,13.04971808472892,0.028749558233683692,0.04877,0.00677,0.00463,0.00857,1457.2725242998424
"2026-04-01","VDQVUO5IRH",,"Hawkins Triply Stainless Steel Induction Frying Pan with Glass Lid (24 cm, Induction Base, Silver, SSF24G)","1 Piece","Cookware","Hawkins",,,1716.4116203542455,1998.0287932916667,,75.21684,14.121399049377656,0.22629954025533855,0.37689,0.46006,0.57717,0.36123,1715.7754929152102
"2026-04-01","F4TIDAY6SJ",,"Wonderchef Aluminium Non-Stick Appa Kara with Handle (12 cavities, Black)","1 Piece","Cookware","Wonderchef",,,761.0838779775294,1100,,30.09367,30.81055654749733,0.01090764095371658,0.01421,0.0007,0.00152,0,742.6267440115446
"2026-04-01","4RNLNWAUL5",,"Fackelmann Aluminium Fry Pan with Non-Stick Coating (24 cm, Black)","800 ml","Cookware","Fackelmann",,,926.5298809523811,1049,,8.07493,11.674939852013244,0.0005200583303236442,0.00089,0.00012,0.00027,0,928.4490440785978
"2026-04-01","D78CAS2HCQ",,"Prestige Magic Plus LP Gas Stove (GTMP 04, Black)","1 Piece","Cookware","Prestige",,,5899,7988.22065846154,,35.86341,26.150712340810347,0.2162165561430522,0.3088,0.13852,0.01169,0.24556,5899
"2026-04-01","C4U5U3BUDD",,"Hawkins Stainless Steel Tea Pan with Glass Lid (2L, Induction Base, Silver, SST20G)","2 ltr","Cookware","Hawkins",,,1231.213671479304,1381.5175882553192,,15.09052,10.882899749482352,0.02956082939835635,0.05039,0.00438,0.00955,0.00001,1222.8264758802038
"2026-04-01","2FEFMGM08M",,"Hawkins Futura Non-Stick Cook n Serve Stewpot with Glass Lid (5L, Black, NST50G)","1 Piece","Cookware","Hawkins",,,2036.518427741467,2270.2341170952377,,28.01373,10.285286941157207,0.07317255411260083,0.12716,0.00557,0.01217,0,2036.0310266325362
"2026-04-01","ZV4D7J54JJ",,"Milton Pro Cook Kitchen Pride Non-Stick Cookware Set with Glass Lid and Tools (Tawa, Fry Pan, Kadhai, 3 Pieces + 1 Glass Lid + 2 Nylon Tools, Maroon)","1 pack","Cookware","Milton",,,1965.603251638125,5435.074419052133,,23.36506,63.833684183579095,0.07714165515413668,0.06102,0.00747,0.01632,0,1969.254301607223
"2026-04-01","HLJOBHTVKO",,"Judge by Prestige Stainless Steel Idli Cooker (6 Plate)","1 pack","Cookware","Prestige",,,1527.693146119827,2072.0247237916665,,53.43877,26.42772862794369,0.4220992706760644,0.59016,0.40381,0.39617,0.41027,1528.4431225090843
"2026-04-01","VYPTIPLLSE",,"Prestige Magic Plus LP Gas Stove (GTMP-02, Black)","1 Piece","Cookware","Prestige",,,3249,4310.229919999999,,67.99762,24.606677559395198,0.33584514255114906,0.48621,0.60473,0.04382,1.07815,3249
"2026-04-01","NA8WP9JX3R",,"Wonderchef Galaxy Glass 3 Burner Automatic Cooktop (Black, 2 Years Warranty)","1 Piece","Cookware","Wonderchef",,,5096.8562589853755,6865.246550190476,,34.2618,25.75858388007983,0.018221376427755218,0.02588,0.00348,0.0076,0,5097.862092383171
"2026-04-01","5BV06SDOPG",,"Fackelmann Stainless Steel Triply Saucepan with Lid (1 L, Silver)","1 ltr","Cookware","Fackelmann",,,1259.84710560511,3826.7190888750006,,14.89357,67.07761723958978,0.0314066646466509,0.0158,0.00222,0.00484,0,516.2341388895521
"2026-04-01","CXG2PSNNL2",,"Hawkins Futura Non-Stick Breakfast Pan with Glass Lid (900ml, Black, NBFP09G)","1 Piece","Cookware","Hawkins",,,1184.7634141423664,1309.2635244166668,,13.61753,9.473962335424973,0.05095480952398871,0.08962,0.00152,0.00332,0,1183.7276631514635
"2026-04-01","E2YLYK06TT",,"Hawkins Futura Hard Anodised Roti Tava (28 cm, Induction Base, Black, IART28)","1 Piece","Cookware","Hawkins",,,1225,1376.4548570253164,,8.4613,11.00340705920431,0.013018710908134256,0.02257,0.00719,0.00962,0.00514,1225
"2026-04-01","CIYQZ00CGK",,"Fackelmann Nonstick Aluminium Quartz Concave Tawa (25 cm, Black)","1 Piece","Cookware","Fackelmann",,,659.6699546629159,1376.7521764999997,,52.91322,52.15641685694919,0.048983347220494904,0.04242,0.07552,0.165,0,616.0799931593581
"2026-04-01","NGNKZ0460Z",,"Vinod Almaty Stainless Steel Induction & Gas Base Casserole with Glass Lid (2.9L, 18cm, 2.6mm Thickness)","1 Piece","Cookware","Vinod",,,954.2920901694011,1116.6046419327731,,5.22105,14.536259806552389,0.0034852336150383405,0.00548,0.00046,0.00101,0,893.6107994291665
"2026-04-01","4Q94066MDD",,"Hawkins Futura Non-Stick Deep Fry Pan with Stainless Steel Lid (2.5L, Black, NK25S)","2.5 ltr","Cookware","Hawkins",,,1539.5865826210243,1740.8012338750002,,76.42908,11.572214628280728,0.12267437321284066,0.20934,0.31363,0.11568,0.4807,1539.4138252781408
"2026-04-01","HMQ7XJ8RL3",,"Pigeon By Stovekraft Cookware Set with Lid (Tawa, Fry Pan, Tadka Pan, Saucepan, Ladle, Kadai, 6 Pieces + 1 Lid, Red)","1 pack","Cookware","Pigeon by Stovekraft",,,1523.1397786131502,3449.2888849315063,,45.14751,56.467415775483886,1.1220869755971221,0.9164,1.62286,0.26633,2.76778,1491.1498656298927
"2026-04-01","RMWQAA0DYB",,"Prestige Hard Anodised Cookware Tadka Pan (13cm, Black)","1 Piece","Cookware","Prestige",,,511.0988095238095,624.9190377619049,,26.54368,18.216167541006573,0.010621187471103613,0.01653,0.00577,0.00287,0.00821,510.0211796345078
"2026-04-01","ANBYMW1Y5B",,"Wonderchef Bandhan Aluminium Non-Stick Cookware Set (1.3L Fry Pan, Dosa Tawa, Set of 2, Red)","2 pieces","Cookware","Wonderchef",,,950.5223557571177,1871.84372852381,,8.98892,49.220472878505106,0.009196654004609848,0.00901,0.00155,0.00339,0,485.72375577168094
"2026-04-01","DGX8BFQ2KF",,"Hawkins Miss Mary Aluminum Pressure Cooker (1.5L, Silver, MM15)","1.5 ltr","Cookware","Hawkins",,,901.0171885387986,1011.569927815126,,22.49609,10.929601045718076,0.009947838353614983,0.01687,0.00839,0.01833,0,900.9686591525887
"2026-04-01","07138RLX74",,"Hawkins Triniti Triply Stainless Steel Cookware Set (Tava, Frying Pan, Kadhai, 3 Pieces, Induction Base, Silver, SSET1)","1 pack","Cookware","Hawkins",,,3606.8263950358855,4566.6973214166665,,20.84746,21.01893028642882,0.015120857078046855,0.02293,0.00918,0.01015,0.00836,3608.966307227838
"2026-04-01","SXH1MVE6YR",,"Wonderchef Milano Non-Stick Cookware Set (Kadhai with Lid, Fry Pan, Tawa, 4 Pieces, Red)","1 pack","Cookware","Wonderchef",,,1827.269563385648,4192.089841666666,,40.80486,56.62193712150493,0.2000415026554723,0.16064,0.00904,0.01975,0,1756.9396203256938
"2026-04-01","FKDJJWGACA",,"Fackelmann Aluminium Royale Range 3 Layer Non-Stick Greblon Coating Cookware Set with Glass Lid (Fry Pan, Kadai, Tawa, 3 Pieces + 1 Glass Lid, Red)","1 pack","Cookware","Fackelmann",,,1899,3999,,3.05141,52.51312828207052,0,0,0.00001,0.00002,0,1898.9999999999998
"2026-04-01","YZO1D4KOOW",,"Vinod Stainless Steel Induction Base Tivoli Saucepan Without Lid (1.5L)","1.5 ltr","Cookware","Vinod",,,648.3330917874397,876.0816511594203,,2.02405,25.996270903582396,0.0013757501111993449,0.002,0.00001,0.00002,0,648.939511447037
"2026-04-01","HY2UIKKTWB",,"Wonderchef Ferro Light Cast Iron Non-Stick Fry Pan (1.4L, 24cm, Black, Pre-Seasoned, Induction Base)","1.4 ltr","Cookware","Wonderchef",,,1498.348429085608,2365.428913666666,,45.59283,36.657694081381194,0.0917244080265274,0.11193,0.04119,0.09,0,1498.6868479109735
"2026-04-01","MAS7QRYRTR",,"Fackelmann Aluminium Non-Stick Roti Tawa (28cm, Black)","1 Piece","Cookware","Fackelmann",,,1169,1299,,0.56571,10.007698229407236,0,0,0,0.00001,0,1169
"2026-04-01","GN9EIDQ318",,"Prestige Durastone Hard Anodised Non-Stick Cookware Deep Kadai with Glass Lid (28cm, 4.25 L, Black)","4.25 ltr","Cookware","Prestige",,,1873.9081033380173,2538.2134214166667,,26.01154,26.166343614254483,0.11968431048467293,0.17112,0.05455,0.02517,0.07934,1879.0287162880888
"2026-04-01","24BKY9HXBW",,"Embassy Stainless Steel Button / Mini Idli Plate (Makes 18 Small Idlis)","1 Piece","Cookware","Embassy",,,119.18928796230539,131.4914923444976,,36.06288,9.327623186480205,0.005714692443890035,0.01008,0.02872,0.06276,0,119.1859722884039
"2026-04-01","6I47SNE8QZ",,"Hawkins Futura Hard Anodised Saucepan with Stainless Steel Lid (1L, Black, AS10S)","1 ltr","Cookware","Hawkins",,,906.6520034403791,1013.0509399999999,,23.3345,10.502938171620498,0.0180141463209151,0.03112,0.02087,0.00632,0.03315,906.3321866038174
"2026-04-01","U02N3IDT06",,"Pigeon By Stovekraft Aluminium Non-Stick Cookware Set (Flat Tawa, Fry Pan, 2 Pieces, Red)","2 pieces","Cookware","Pigeon by Stovekraft",,,601.8587099475492,1121.9716936250002,,53.17534,46.37606527179491,1.2376928191034915,1.27258,1.85815,0.70437,2.83196,300.22935663974584
"2026-04-01","0VGTU8X749",,"Wonderchef Granite Aluminium Non-Stick Dosa Tawa (30cm, Grey)","1 Piece","Cookware","Wonderchef",,,1342.4631318439215,2065.895919791666,,76.16345,34.951606957780996,0.30369373851096887,0.382,0.23679,0.51734,0,1342.5662742014736
"2026-04-01","0SRMRUVFNR",,"Sumeet CookSmart TriPly Stainless Steel Cookware Set with Lid (Deep Kadai 20cm - 1.7L, Frypan 20cm - 1L, Set of 3, Silver)","3 pieces","Cookware","Sumeet",,,2057.326630892256,4347.4680135,,12.96156,52.67759016273999,0.00862632502157427,0.00774,0.01145,0.02501,0,676.5869573368454
"2026-04-01","I6OCMGTPJX",,"Prestige Omega Select Plus Non-stick Appachatty with Stainless Steel Lid (20cm, Black)","1 Piece","Cookware","Prestige",,,936.9292605509322,1123.7809476063833,,56.30497,16.623538115981415,0.05925273927577616,0.09487,0.14356,0.04332,0.22817,935.9639204168918
"2026-04-01","DCQRXF5QTW",,"The Indus Valley Pre-Seasoned Cast Iron Concave Tawa for Dosa/Chapathi with Iron Tadka Pan (26cm)","1 Piece","Cookware","The Indus Valley",,,1084.368423143124,1809.9731516666666,,62.16428,40.114698883289186,0.16152833264162286,0.18288,0.23548,0.33157,0.15437,1085.2941026942751
"2026-04-01","JY2U6F9OXI",,"Prestige Omega Deluxe Granite Non-stick Round Base Omni Tawa (28cm, Black)","1 Piece","Cookware","Prestige",,,1160.0760682544662,1405.874471416667,,46.175,17.549160459817525,0.3382902595055402,0.53429,0.24212,0.20152,0.27639,1160.1177750765853
"2026-04-01","2MINVH7G0Y",,"Sumeet Super Smooth Pre Seasoned Carbon Steel (Iron) Deep Wok for Cooking and Deep Frying (25cm, 2.25L, Gas and Induction-Friendly, Black)","1 Piece","Cookware","Sumeet",,,776.6124992298264,2475.404165791667,,50.39911,68.65665195104532,0.3230283074791519,0.19397,0.09014,0.19694,0,776.0734239251582
"2026-04-01","JPUXY51NJR",,"Hawkins Futura Hard Anodised Tava with Stainless Steel Handle (28 cm, Black, AT28)","1 Piece","Cookware","Hawkins",,,1085.39167186353,1214.9712810833335,,86.59874,10.67408929280304,0.12650118946810116,0.21737,0.73423,0.52036,0.91474,1085.4524330730208
"2026-04-01","IHBWTZPVWZ",,"Fackelmann Royale Range Nonstick Aluminum Set (Mehroon or Red)","3 pieces","Cookware","Fackelmann",,,1799,2999,,9.53838,40.01333777925975,0.003964837455605636,0.00457,0.00413,0.00902,0,599.6666666666667
"2026-04-01","IL8H76XN1M",,"Sumeet CookSmart TriPly Stainless Steel Cookware Set with Glass Lid (Deep Kadai 20cm - 1.7L, Frypan 20cm - 1L, Casserole 20cm - 2.9L, Set of 4, Silver)","4 pieces","Cookware","Sumeet",,,3391.1904184704185,7031.143247857143,,11.75252,51.76900400224473,0.0128650235083246,0.01154,0.02915,0.06369,0,827.5773425659198
"2026-04-01","RITJLNY8Z3",,"Fackelmann Quartz Induction and Gas Stove Friendly Nonstick Aluminium Kadhai with Glass Lid (2.5L, Black)","3 ltr","Cookware","Fackelmann",,,1111.0059684407117,2116.4608849999995,,42.97464,47.598239851500715,0.07932540437569015,0.07737,0.02782,0.06078,0,538.816621332491
"2026-04-01","CWCW03WZJB",,"Ahar Hard Anodized Aluminium Induction Base Outer Lid Pressure Cooker (3L, Black)","3 ltr","Cookware","ahar",,,1845,2050,,1.13142,10,0,0,0,0,0,1845
"2026-04-01","3E4MQKFTBQ",,"Clazkit Samosha Plastic Dough Press Set (2 Pieces, Multicolor)","2 pieces","Cookware","Clazkit",,,39,59,,13.19175,33.89830508474576,0.0007714115938833085,0.00098,0.00047,0.00102,0,19.500000000000004
"2026-04-01","FQNOT52F6E",,"ANJALI Non-stick Grill Toaster (41 x 14.5 cm, PTFE Coated, Durable, Black)","1 Piece","Cookware","Anjali",,,379.3158944314311,601.2931875369458,,10.31368,36.939870023151705,0.01726960523370819,0.02076,0.00189,0.00413,0,375.6661643749171
"2026-04-01","U10FBKK2SL",,"Prestige Popular Svachh Aluminium Pressure Cooker with Outer Lid (1.5L, Silver)","1.5 ltr","Cookware","Prestige",,,1100.0732675847069,1341.654189208333,,64.54634,17.987152706918515,0.18542176565396604,0.28998,2.68299,0.06786,4.89018,1101.5138732625926
"2026-04-01","8COTJ3P6QP",,"ANJALI Stainless Steel Multi Pan 4 (35.56 cm, Rust-Resistant and Durable, Silver)","1 Piece","Cookware","Anjali",,,70.48419946365152,90,,7.4341,21.684222818164983,0.00014872974175128055,0.00023,0.00023,0.00049,0,70.87134159599914
"2026-04-01","DMQ8Z1207U",,"The Indus Valley Super Smooth Cast Iron Kadai for Deep Frying (1.3L, 1.8kg)","1.3 ltr","Cookware","The Indus Valley",,,1223.0330814917652,2093.291400291667,,74.271,41.68379785792677,0.15283636822735575,0.16894,0.09242,0.08016,0.10276,1224.9667537615317
"2026-04-01","IWXT2X475T",,"Prestige Popular Svachh Hard Anodised Pressure Cooker (5.0 L, Black)","5 ltr","Cookware","Prestige",,,2235.617093264119,2773.045205083333,,36.67985,19.369171231907373,0.13776241059454114,0.214,0.22463,0.0182,0.39887,2236.5724855791777
"2026-04-01","QD9GM2VK17",,"Fackelmann Cologne Range NonStick Aluminium Kadai with Glass Lid (24cm, Blue)","2.5 ltr","Cookware","Fackelmann",,,1126.5876543209877,1599,,4.15906,29.544236752908837,0,0,0.00002,0.00004,0,1126.5876543209877
"2026-04-01","F6UH4QWUFZ",,"Vinod Almaty Stainless Steel Gas & Induction Friendly Saucepot with Glass Lid (1.3L, 14cm)","1 Piece","Cookware","Vinod",,,632,865,,4.21676,26.936416184971097,0,0,,,,632
"2026-04-01","ZF7Z9DJYQZ",,"Wonderchef Nigella Stainless Steel Triply Non-Stick Roti Tawa (26cm, Silver, Induction Base, 10 Year Warranty)","1 Piece","Cookware","Wonderchef",,,1440.451835672247,2000,,12.79598,27.977408216387662,0.0033052706275192908,0.00463,0.00184,0.00401,0,1445.2030911409097
"2026-04-01","TYPLH7CJZ1",,"The Indus Valley Pre-Seasoned Iron Wok with Strong Wooden Handle (2.2L, 1kg)","1 Piece","Cookware","The Indus Valley",,,756.5223925631057,1262.2476735416667,,37.61528,40.05978070321602,0.15280920026119582,0.17636,0.04863,0.02882,0.06535,756.2880094621064
"2026-04-01","BMU84XAMA7",,"The Indus Valley Pre-Seasoned Cast Iron Tawa for Dosa/Chapathi (30.2cm, 2.4kg)","1 Piece","Cookware","The Indus Valley",,,1398.596598668853,2367.2614209166663,,65.26346,40.95005461367762,0.568098136062469,0.64508,0.58732,0.4534,0.70035,1398.5244196691438
"2026-04-01","1UM75HBOV9",,"Sumeet Stainless Steel Induction and Gas Stove Friendly Saucepan / Cookware/ Container with Handle (Size No. 11, 1.5L, Silver)","1.5 ltr","Cookware","Sumeet",,,395.07967097532315,815.179443081081,,10.72775,51.537721073000725,0.01522447213146691,0.01398,0.00536,0.00664,0.00429,393.0382718593311
"2026-04-01","JNECMAHL2S",,"MASTER Smart Stainless Steel Outer Lid Pressure Cooker (1.5L, Gas and Induction Stove Compatible)","1.5 ltr","Cookware","Master",,,1049.7889066131604,1785.0645513846155,,18.42599,41.190423293159114,0.015848244668371782,0.01831,0.00201,0.0044,0,1082.2064054934376
"2026-04-01","ZU7OFH4A7C",,"Tosaa Vagharia Hard Anodized Aluminium Tadka Pan (100mm, Black)","1 Piece","Cookware","Tosaa",,,160.10104572326853,300,,41.43155,46.582303383850494,0.035496831697972284,0.03639,0.00349,0.00763,0,160.63874252591089
"2026-04-01","XGVJURZK5X",,"Hawkins Futura Induction Non-Stick Cookware Set with Stainless Steel Lid (Frying Pan, Flat Tawa, Stewpot, 3 Pieces + 2 Lids, Black, INSET1)","1 pack","Cookware","Hawkins",,,3905.1056881354693,4774.670294761905,,26.2704,18.21331920088675,0.023796758680204887,0.03721,0.01136,0.0145,0.00871,3903.3150363418226
"2026-04-01","9WJV641I7O",,"Sumeet Stainless Steel Induction and Gas Stove Friendly Container Set / Tope / Cookware Set With Lids (Size No.10 and No.11, 2 Pieces, Silver)","2 pieces","Cookware","Sumeet",,,599,1278.8007213636363,,8.06402,53.1586154920125,0.0999327033206194,0.09012,0.00952,0.00654,0.01204,299.49999999999994
"2026-04-01","I9G8N9DS1K",,"Hawkins Pro Triply Stainless Steel Frying Pan with Stainless Steel Lid (18 cm, Induction Base, Silver, PSF18S)","1 Piece","Cookware","Hawkins",,,1439.5309438304614,1793.7850942916664,,26.50401,19.739239144960425,0.054507268982298636,0.08557,0.00325,0.00711,0,1443.1776661014974
"2026-04-01","XF7RMPIECD",,"Sumeet Stainless Steel Induction Bottom Container / Tope / Cookware with Lid (Size No.10, 1L, Induction and Gas Stove Friendly, Silver)","1 Piece","Cookware","Sumeet",,,437.4515784313725,885.8237557058824,,8.18204,50.62784736300752,0.03978580083743454,0.03752,0.00422,0.00866,0.00047,437.2508988038758
"2026-04-01","YOWVCXJJOU",,"Fackelmann Nonstick Aluminium Quartz Range Concave Roti Tawa (28 cm, Black)","1 Piece","Cookware","Fackelmann",,,984.7900985400985,1447.338915,,11.23845,31.958569735541282,0.0013553245599988357,0.00198,0.00048,0.00104,0,1087.8125849387347
"2026-04-01","FUYYY5BUZF",,"Wonderchef Venice Aluminium Non-Stick Cookware Set (1.8L Kadhai, 1.1L Fry Pan, Dosa Tawa, Set of 3, Purple, Induction Base)","3 pieces","Cookware","Wonderchef",,,1142.905504748775,2914.424923958333,,37.69384,61.10650203772968,0.42664425327766115,0.30916,0.08854,0.19344,0,37091.19560137349
"2026-04-01","O5SHRH4F5D",,"Pigeon Favourite Induction Base Aluminium Pressure Cooker with Outer Lid (3 L, Silver)","3 ltr","Cookware","Pigeon by Stovekraft",,,698.9641971903222,1395.581957875,,79.93846,49.87451764094606,13.780124194704916,13.24314,8.47868,18.5244,0,699.6476049319155
"2026-04-01","XK0N7AOQKC",,"Pigeon By Stovekraft Favourite Induction & Stove Compatible Aluminium Pressure Cooker with Outer Lid (5 L, Silver)","5 ltr","Cookware","Pigeon by Stovekraft",,,1008.6885591736041,1775.3515092916668,,72.2056,43.288994453264976,3.726668092120612,4.06837,2.96265,6.47286,0,1006.7888805548046
"2026-04-01","8IJZVA6SBC",,"Wonderchef Granite Aluminium Non-Stick Dosa Tawa (24cm, Grey)","1 Piece","Cookware","Wonderchef",,,994.9969989106753,1668.3011345416667,,16.02519,40.360790215420884,0.016099697085092617,0.01788,0.00158,0.00346,0,990.5307253346897
"2026-04-01","T99IXJOIR1",,"Vinod Aluminium Zest 3-Layer Coating Die-Cast Waffle Maker (Non-Stick, 1000W, Black)","1 Piece","Cookware","Vinod",,,646.6666666666666,890,,1.71105,27.332366799565058,0.003529852537563725,0.00495,0,0.00001,0,648.9424499862976
"2026-04-01","VYJEEB61DS",,"Wonderchef Taurus Hard Anodized Aluminium Pressure Cooker with Inner Lid (5L, Black)","5 ltr","Cookware","Wonderchef",,,1906.8549541858947,4150.764986541666,,35.42283,54.06616076385012,0.331235512088471,0.29188,0.01233,0.02695,0,1905.899188384799
"2026-04-01","G9709BBE56",,"ANJALI Stainless Steel Menduwada Maker (9.5 x 9.5 cm, Rust-Resistant and Durable, Silver)","1 Piece","Cookware","Anjali",,,232.78262570505655,344.8161325714286,,17.47195,32.50649788311146,0.006414118842765725,0.00867,0.00034,0.00073,0.00001,232.89680716592676
"2026-04-01","C96BA3NDP7",,"Hawkins Stainless Steel Tea Pan with Glass Lid (1L, Induction Base, Silver, SST10G)","1 ltr","Cookware","Hawkins",,,905.898155120515,1037.300226,,43.98601,12.785587775910699,0.11097826632152001,0.18653,0.19183,0.23961,0.1515,904.9915801488899
"2026-04-01","8EG5LE7VU7",,"Hawkins Pro Triply Stainless Steel Sauce Pan with Stainless Steel Lid (2.5L, Induction Base, Silver, PSSP25S)","2.5 ltr","Cookware","Hawkins",,,1886.7278645833333,2134.721078046875,,7.79355,11.617124879398233,0.006023752847249197,0.01016,0.00003,0.00007,0,1880.5101492794333
"2026-04-01","O740GQHPPM",,"The Indus Valley Preseasoned Cast Iron Fish Fry Pan with Double Handle (2kg)","25 cm","Cookware","The Indus Valley",,,799.6286423281182,1322.2558686610878,,44.71164,39.57432426934682,0.173025240832158,0.20052,0.13315,0.09694,0.16372,796.095375207857
"2026-04-01","BP2YTQKOPY",,"Carote Frying Pan (26cm, Cosy White)","1 Piece","Cookware","CAROTE",,,1389,2999,,2.08991,53.68456152050683,0,0,0.00001,0.00002,0,1389
"2026-04-01","5OYU66CADY",,"Hawkins Futura Non-Stick Saucepan with Stainless Steel Lid (1L, Black, NS10S)","1 ltr","Cookware","Hawkins",,,969,1075,,3.35211,9.86046511627907,0.0007105315529264509,0.00123,0,0,0,969
"2026-04-01","TYU3T6J5AD",,"Prestige Platina Popular Stainless Steel Unique Impact Forged Bottom Casserole with Glass Lid (18cm, 2 L, Silver)","1 Piece","Cookware","Prestige",,,1248.85,1402.348588125,,26.25464,10.947547425987766,0.038845531410082956,0.06657,0.03946,0.00448,0.06898,1248.9990856051388
"2026-04-01","LXD6RAUWAX",,"Hawkins 12-Cup Non-Stick Die Cast Aluminum Appe Pan with Glass Lid (22 cm, Red, NAPE22G)","1 Piece","Cookware","Hawkins",,,1117.4256316843882,1264.5720097916667,,51.83168,11.746721846422913,0.14419031172670912,0.24498,0.07687,0.01969,0.12513,1117.7443970005038
"2026-04-01","VI1BBBR9Q3",,"MASTER Perfect Aluminium Outer Lid Pressure Cooker Combo (2L, 3L)","2 pieces","Cookware","Master",,,899,1616.0046514473681,,4.50827,44.36897200792002,,,0.03163,0.06911,0,899
"2026-04-01","Y33QAMGFR6",,"Hawkins Miss Mary Aluminum Pressure Cooker (3L, Silver, MM30)","3 ltr","Cookware","Hawkins",,,1135.8033347147643,1252.9891484166665,,18.58993,9.35514892962096,0.0437936707649869,0.07645,0.26986,0.01682,0.48343,1135.1903992290206
"2026-04-01","T3R934MZ6C",,"Embassy Stainless Steel Milk Pot/Boiler/Cooker (1.5 L)","1.5 ltr","Cookware","Embassy",,,693.8769813519814,1033.7197800000001,,10.86879,32.87571789020219,0.00598081952846366,0.00784,0.01492,0.0326,0,707.0876174445965
"2026-04-01","GO8EVCIW3V",,"Wonderchef Taurus Hard Anodized Aluminium Pressure Cooker with Outer Lid (3L, Black)","3 ltr","Cookware","Wonderchef",,,1786.6089633176136,3500,,34.93401,48.95796438137063,0.07190597163184693,0.07052,0.00193,0.00422,0,1785.2224850527477
"2026-04-01","5KPT541YI0",,"Carote Gas & Induction Friendly Kadhai with Lid (2.7L, 24cm, Cosy White)","1 Piece","Cookware","CAROTE",,,1635.4313725490197,3999,,0.02984,59.103991684195556,0.009251981468541325,0.00725,0,0,0,1638.8684020245842
"2026-04-01","3XHKZD5ZFB",,"Hawkins Futura Non-Stick Frying Pan with Glass Lid (20 cm, Black, NF20G)","1 Piece","Cookware","Hawkins",,,1099.1396115288221,1236.6639264285714,,40.74163,11.102873416569114,0.0442405540623689,0.07588,0.04924,0.0426,0.05484,1099.0872599340998
"2026-04-01","4Z2V4N22WJ",,"Sumeet Stainless Steel Induction Bottom Kadhai With Glass Lid (Size No.15, 3.8L, Induction and Gas Stove Friendly, Silver)","3.8 ltr","Cookware","Sumeet",,,1236.6023764217762,2105.7756151666667,,28.6337,41.283075744440765,0.14192624844460996,0.16012,0.02209,0.04825,0,1235.1267453960843
"2026-04-01","0IYIV5RQHL",,"Vinod Platinum Triply Stainless Steel Kadai with Lid (3.2L, 26cm, Induction-Friendly)","3.2 ltr","Cookware","Vinod",,,2947.5676767883033,3903.770431179487,,48.37511,24.494355924870288,0.023800328194006914,0.03416,0.03853,0.08418,0,2915.078298270175
"2026-04-01","B0JVABGVCM",,"Magnus 12-Cavity Heavy Base Non-Stick Appam/Appe Pan with Glass Lid (20 cm)","1 pack","Cookware","Magnus",,,588.8983129306254,938.5448283333334,,49.88254,37.268796905876165,0.1265560211662268,0.15213,0.0787,0.15388,0.01525,588.9364989875554
"2026-04-01","M18AVVJ5VF",,"Hawkins Futura Hard Anodised Induction Frying Pan with Stainless Steel Lid (24 cm, Induction Base, Black, IAF24S)","1 Piece","Cookware","Hawkins",,,1536.2547409188035,1676.0144712019232,,19.98013,8.337712755257833,0.00988874306955914,0.01756,0.0013,0.00159,0.00105,1535.8018786992595
"2026-04-01","OJIUI71NB6",,"Vinod Stainless Steel Induction Base Tivoli Saucepan Without Lid (1.1L)","1.1 ltr","Cookware","Vinod",,,520,727.2083332926829,,2.65913,28.49366870625324,0,0,0,0,0,520
"2026-04-01","MCEQK0PE2Y",,"Prestige Popular Svachh Spillage Control Stainless Steel Pressure Cooker (5L, Silver)","5 ltr","Cookware","Prestige",,,2596.6695470820664,3226.5939054811715,,33.47905,19.516677356171478,0.11678269237626662,0.18217,0.04042,0.00355,0.07154,2597.1645499754936
"2026-04-01","U9F0SW9U8P",,"Vinod Platinum Triply Stainless Steel Kadai with Glass Lid (18cm, 1.2L, 2.5mm Thickness, Induction-Friendly, 5 Year Warranty)","1.2 ltr","Cookware","Vinod",,,2099.1753755179193,2896.4846518713452,,15.34742,27.52681469721996,0.007287757345812746,0.01,0.00307,0.00672,0,2097.5069587293196
"2026-04-01","MMQU9O8B3Z",,"Hawkins Triply Stainless Steel Tadka Pan (360 ml, Induction Base, Silver, STP15)","1 Piece","Cookware","Hawkins",,,439.0018637122938,495.47137237500004,,48.45316,11.49632566250836,0.0719958043958647,0.12305,0.05809,0.12691,0,439.00580300300044
"2026-04-01","Y6UV3XX2QE",,"Neelam Stainless Steel Flat Bottom Tope (1.95L, Silver)","1 Piece","Cookware","Neelam",,,300.0580266163832,381.7290247706422,,11.92831,21.31068778499705,0.010446876213771113,0.01637,0.02476,0.0541,0,30026.16980662611
"2026-04-01","RPOPKPEJ0X",,"Prestige SS Platina Pop Cookware Fry Pan (240mm)","2.25 ltr","Cookware","Prestige",,,898.007494792789,1218.013722802198,,14.47139,26.278491315058876,0.026659806208917034,0.03736,0.00849,0.01235,0.00524,886.7017936112322
"2026-04-01","PAHK3I0MMQ",,"Hawkins Futura Hard Anodised Deep Fry Pan with Stainless Steel Lid (4L, Black, AK40S)","4 ltr","Cookware","Hawkins",,,2159.40246931279,2409.768972083334,,43.99618,10.457282224936561,0.2626664409425558,0.4549,0.07708,0.02081,0.12457,2159.8927837717606
"2026-04-01","YM2UDI3PVN",,"SOFTEL Stainless Steel Little Prince Pressure Cooker (1 L, Gas and Induction Compatible)","1 ltr","Cookware","softel",,,1377.4228354084867,1694.5574896666667,,55.315,18.740228844301708,0.22798682959892627,0.35343,0.19007,0.41528,0,1378.4469308680125
"2026-04-01","0N3022GW9S",,"Sumeet Nonstick Designer Appam Patra with Lid (12 Cavity, 3mm Thick, Black)","1 Piece","Cookware","Sumeet",,,476.0210743801653,997.2878862727276,,9.87477,52.268439140552424,0.002994722926742617,0.00274,0.00004,0.00008,0,478.88282849954174
"2026-04-01","7DACI98WKI",,"MASTER Smart Stainless Steel Outer Lid Pressure Cooker (3L, Gas and Induction Stove Compatible)","3 ltr","Cookware","Master",,,1068.20030933557,2048.3090671634613,,19.35327,47.85061997872354,0.024079840955338154,0.02302,0.00818,0.01786,0,1027.947126952367
"2026-04-01","TL1B0KV6L5",,"MASTER TitanPro Triply Dosa Tawa (29cm, Gas and Induction Compatible, 3 Years Warranty)","1 Piece","Cookware","Master",,,1566.7597222222223,2598.0189995555556,,6.34466,39.694062187757346,0.004294819175971144,0.00497,0.00237,0.00519,0,1565.4543104404747
"2026-04-01","FR5HQX0WBH",,"Sumeet Cook Smart TriPly Steel-Aluminium-Steel 3 Layers Sauce Pan (16.2cm, 1.15L, Silver)","1.15 ltr","Cookware","Sumeet",,,890.8091431051587,2128.1044482499997,,15.12228,58.140747123762594,0.017999967418868144,0.01413,0.02117,0.04626,0,879.1542695746848
"2026-04-01","GT3X69QE9W",,"Wonderchef Taurus Hard Anodized Aluminium Roti Tawa (25cm, Black)","1 Piece","Cookware","Wonderchef",,,547.9758971205473,969.0470998333332,,37.63185,43.46210542343895,0.028067582791173485,0.0296,0.0459,0.10029,0,539.7827005143284
"2026-04-01","1OSO2QY57C",,"Wonderchef Ferro Light Cast Iron Non-Stick Grill Pan (1.4L, 24cm, Black, Pre-Seasoned, Induction Base)","1 Piece","Cookware","Wonderchef",,,1261.0425529704223,2379.1246166250003,,78.95076,46.96569268582177,0.24757433828124747,0.2509,0.11128,0.24313,0,1258.4607764428395
"2026-04-01","6US6LB2OLL",,"Heart Home SS Casserole Double Wall Insulated Hot Pot Food Serving with Lid and Handle (Silver, 1.8L)","1 Piece","Cookware","Heart Home",,,745.6273093144305,1399,,37.52894,46.70087987565143,0.029130108066244633,0.02988,0.00157,0.00342,0,747.139579066394
"2026-04-01","EEF1W3N7P0",,"Prestige Popular Svachh Hard Anodised Outer Lid Pressure Cooker (3.0 Litre, Black)","3 ltr","Cookware","Prestige",,,1676.6200318527483,2051.8831162761508,,43.90665,18.40529431992549,0.2840377149942808,0.44133,1.2754,0.11181,2.25749,1676.3590933083233
"2026-04-01","O5KI3R6A39",,"Embassy Stainless Steel Cooker Separator (for 5 L Prestige Popular and Popular Plus Cookers, 2 Container)","5 ltr","Cookware","Embassy",,,646.4278312361214,1118.6064938860104,,9.5173,42.208955786479336,0.015378655297082407,0.01726,0.00024,0.00052,0,646.5134224521016
"2026-04-01","6O1IZQPDT1",,"Prestige Tri-Ply Stainless Steel Tope with Lid (18cm/1.9L, Silver)","1 Piece","Cookware","Prestige",,,1623.644569788797,2090,,17.7064,22.31272422018643,0.018188160118764098,0.02651,0.00044,0.00058,0.00033,1615.4861969683927
"2026-04-01","MAHMC0N6PQ",,"Soham Housewares SH Steel Gujiya Maker","1 Piece","Cookware","Soham Housewares",,,89.13697107306093,174.96515529411764,,27.46295,49.023280235571505,0.04842918020272963,0.04739,0.06963,0.1461,0.0051,89.24380002779226
"2026-04-01","WHRP5GVHQG",,"ANJALI Stainless Steel Fiesta Steamer 2 Tier With Glass Lid (20 cm, 2 L, Rust-Resistant and Durable, Silver)","1 Piece","Cookware","Anjali",,,975.9343663034841,1680.6781778902953,,14.8514,41.91272135819862,0.027452337426129025,0.03086,0.00184,0.00401,0,96983.18266009893
"2026-04-01","5M3N8GZ7VT",,"Carote Frying Pan (24cm, Cosy White)","1 Piece","Cookware","CAROTE",,,1313.4772727272727,2999,,3.31109,56.202825184152296,0.003964936608766804,0.00312,,,,1229.9203228681786
"2026-04-01","IYSLWR7DIU",,"Neelam Stainless Steel Induction Base Mini Multi Kadhai Set (2.5L, 7 Pieces, Silver)","2.5 ltr","Cookware","Neelam",,,1673.724874046841,1990.1282548749998,,10.37346,15.898642715769705,0.0006576829180241625,0.00093,0.00203,0.00444,0,1520.5180868571892
"2026-04-01","ASXJZF5X0P",,"Dynore Stainless Steel Mini Idli with 3 Plate Maker or Stand (Silver)","1 Piece","Cookware","Dynore",,,324.76655505920775,561.4431172500001,,38.10683,42.43906532540359,0.09205161345838021,0.10196,0.19557,0.42728,0,323.00013031690435
"2026-04-01","BHY5TGI0N7",,"Wonderchef Ebony Hard Anodized Non-Stick Sauce Pan (2L, 16cm, Black and Brown)","2 ltr","Cookware","Wonderchef",,,1466.589011212287,1699.3569314166666,,20.38595,13.697411997509725,0.0022475047041841836,0.00373,0.00352,0.00769,0,1466.5074400171684
"2026-04-01","19YDIVA6MN",,"Wonderchef Tivoli Aluminium Non-Stick Cookware Set (2L Kadhai, 1.4L Fry Pan, Dosa Tawa, Set of 4, Purple)","4 pieces","Cookware","Wonderchef",,,1523.8102949498093,3769.980599041666,,55.34582,59.502022593185075,0.3471771590346626,0.27108,0.11266,0.24613,0,386.95276201331035
"2026-04-01","DWNAGAW7FU",,"Hawkins Triply Stainless Steel Metro Patila with Stainless Steel Lid (3L, Induction Base, Silver, SSP30S)","1 Piece","Cookware","Hawkins",,,1550.640366921725,1757.915887285714,,25.9447,11.750363108615048,0.05506351821644842,0.09478,0.00143,0.00311,0,1547.0327837594425
"2026-04-01","QKUWGIUGV7",,"Hawkins Miss Mary Aluminum Handi Pressure Cooker (5L, Silver, MMH50)","5 ltr","Cookware","Hawkins",,,1560.9214591241082,1738.2351531770835,,27.12016,10.195918974036532,0.045336791412236996,0.07854,0.61027,0.02665,1.10285,1560.066059397967
"2026-04-01","7GSZ3AD5BZ",,"Sumeet Heavy Stainless Steel Induction and Gas Friendly Tope/Patila/Cookware with Lids (2.1L & 2.8L, Pack of 2)","2 pieces","Cookware","Sumeet",,,999.7775843184398,1909.4161953043479,,39.04493,47.56446033119559,0.4319240599566705,0.4344,0.16944,0.19974,0.14386,500.24808126050357
"2026-04-01","FW6MVBFGZC",,"Wonderchef Ebony Hard Anodized Deep Kadhai with Lid (6L, 30cm, Black)","6 ltr","Cookware","Wonderchef",,,2196.7748417075163,3500,,10.55182,37.23500452264239,0.0032737399222680192,0.00395,0.00009,0.00019,0,1099.458428896074
"2026-04-01","WIIKT49A9Q",,"Bergner TriPro Tri-Ply Stainless Steel Kadai with Lid (3L, 24cm, Induction Bottom)","3 ltr","Cookware","Bergner",,,1083.6833597213333,2743.6643949583336,,68.28064,60.61000809210102,9.384512360046347,7.11338,2.57421,5.61966,0.00383,1079.2601822701922
"2026-04-01","SFDDN8932V",,"Sumeet Cook Smart TriPly Steel-Aluminium-Steel 3 Layers Fry Pan with Lid (21.6cm, 1L, Silver)","1 ltr","Cookware","Sumeet",,,1119,2418.239986815642,,18.43141,53.7266770005938,0.0007964973436586909,0.00071,0.00404,0.00882,0,1119
"2026-04-01","MLZ61MLCAZ",,"Neelam Stainless Steel Flat Bottom Tope (2.55L, Silver)","1 Piece","Cookware","Neelam",,,389,551,,1.30619,29.4010889292196,0.0005463339180330372,0.00074,0,0,0,38900
"2026-04-01","KRLHQPV3I6",,"The Indus Valley Preseasoned Cast Iron Mini Frying Pan (16 cm/1.3 kg)","1 Piece","Cookware","The Indus Valley",,,488.337532528934,781.8959495416667,,64.65711,37.55996364213376,0.8124061709085362,0.97613,0.55855,0.56669,0.55167,489.07575008182323
"2026-04-01","A02V17INAL",,"Neelam Stainless Steel Induction Base Multi Kadhai (3.5L, 8 Pieces, Silver)","3.5 ltr","Cookware","Neelam",,,2036.6302879004313,2990,,31.72135,31.885274652159488,0.010376477469342171,0.01451,0.00172,0.00377,0,2173.1286925928634
"2026-04-01","811JBGXQC4",,"Bergner TriPro TriPly Stainless Steel Tadka Pan (12cm, 500ml, Induction Compatible)","1 Piece","Cookware","Bergner",,,474.9602389493442,717.2727510000001,,43.65789,33.87434641726827,0.11644775299784275,0.14726,0.03525,0.07701,0,476.07367578681607
"2026-04-01","6Y18YOHVZJ",,"Wonderchef Granite Aluminium Non-Stick Wok with Lid (2.7L, 24cm, Grey)","2 pieces","Cookware","Wonderchef",,,1484.175113729204,2800,,21.20224,46.967535107247585,0.07665243345693613,0.07837,0.00419,0.00917,0,747.092221399597
"2026-04-01","SGB9R822H0",,"Hawkins Aluminium Contura Pressure Cooker with Lid (3 L, Silver)","3 ltr","Cookware","Hawkins",,,1510.7333333333333,1675,,60,9.806965174129353,0,0,,,,1510.7333333333333
"2026-04-01","IT1H9NY22C",,"Vinod Stainless Steel Tope Set with Lids (3 Pieces, 1.4L, 1.8L, 2.2L, Gas Stove and Induction Friendly, Silver, 24 Months Warranty)","1 pack","Cookware","Vinod",,,1445.5747863247864,1780,,3.88331,18.787933352540087,0.0011765514104137963,0.00184,0,0.00001,0,1448.2859370127846
"2026-04-01","OKUMJ8L3BW",,"Wonderchef Venice Aluminium Non-Stick Grill Pan (1.5L, 24cm, Purple, Induction Base)","1 Piece","Cookware","Wonderchef",,,618.5787894527398,1199.9108427083333,,51.30342,48.5161323470284,0.23196981208302553,0.2267,0.07617,0.16643,0,615.7908703611416
"2026-04-01","EDC1W2VND6",,"ANJALI Stainless Steel Fiesta Milk Pan (Size 16, 2 L, 22 x 16 x 12.5 cm, Rust-Resistant and Durable, Silver)","2 ltr","Cookware","Anjali",,,423.95334762191334,647.281859707113,,38.76776,34.87615660847754,0.15817953377635102,0.1948,0.06132,0.13398,0,42026.56155454948
"2026-04-01","NGJK163YLF",,"Sumeet Hard Anodised Tope Set with S.S. Lid (No. 9 - 700ml, No. 10 - 1L, No. 11 - 1.4L, Set of 3, 3mm Thick, Black)","3 pieces","Cookware","Sumeet",,,1879.4059172092216,2788.0990665416666,,29.75816,32.425077832251766,0.10126323959032636,0.13555,0.02275,0.0497,0,647.5215697035401
"2026-04-01","DC7NFCT1Z7",,"Hawkins Triply Stainless Steel Deep Fry Pan with Glass Lid (1.5L, Induction Base, Silver, SSD15G)","1.5 ltr","Cookware","Hawkins",,,1699.4178027775565,1910.3299732916666,,16.2254,11.040614630083505,0.011726348605476795,0.02008,0.00463,0.01013,0,1701.00415544263
"2026-04-01","AYDA1VGON0",,"Hawkins Futura Cast Iron Square Tava (26 cm, Black, CIST26)","1 Piece","Cookware","Hawkins",,,1796.5850949449732,2043.226922958333,,15.04114,12.071191175195258,0.0053209552408938115,0.00914,0.00516,0.01127,0,1797.677733421476
"2026-04-01","J9PTP2TECQ",,"Vinod Black Pearl Hard Anodised Multi Kadai (26cm,5 Plates - 2 Idli, 2 Dhokla,1 Patra Plate, Steamer for Idli, Dhokla, Induction Friendly)","4.1 ltr","Cookware","Vinod",,,2717.983649223441,3398.8352739583333,,26.55682,20.031753985102075,0.02737955900583207,0.04228,0.00257,0.00562,0,2716.9984149314814
"2026-04-01","8BQTK0H7QT",,"Bergner Tripro Triply Stainless Steel Induction Bottom Cookware Set with Lid (4 Pieces, Kadai - 2.1L, Frypan - 1L, Teapan - 1.1L, Silver)","4 pieces","Cookware","Bergner",,,1967.2806677142823,4998.623465333334,,58.38122,60.500657725919964,4.108239003935258,3.10018,0.39589,0.85719,0.00655,493.80657067967667
"2026-04-01","WBGLSFMWID",,"Sumeet Pre Seasoned Heavy Weight Cast Iron Flat Dosa Tawa (30cm, 3.070kg, Induction Friendly, Black)","1 Piece","Cookware","Sumeet",,,1836.6917319139195,3369.6868681249994,,25.54308,45.49451242355401,0.03056376362356581,0.0321,0.0129,0.02819,0,1837.2777968895919
"2026-04-01","HUHVPRMKQN",,"Hawkins Contura Stainless Steel Pressure Cooker (5L, Induction Base, Silver, SSC50)","5 ltr","Cookware","Hawkins",,,3297.643639513033,3680.5678620476187,,46.55637,10.4025787296504,0.14912615608962826,0.25576,2.6291,0.06612,4.79228,3298.9954879991724
"2026-04-01","O8BAVWOBW1",,"Wonderchef Nigella Stainless Steel Sauce Pan & Cooking Pot Set (1.5L, Silver)","1.5 ltr","Cookware","Wonderchef",,,655.7216666666667,2300,,8.17521,71.49036231884058,0.005321451006699649,0.00292,0.00005,0.0001,0,656.9651990054266
"2026-04-01","YOHG2SRJP4",,"Prestige Popular Svachh Spillage Control Stainless Steel Outer Lid Pressure Cooker (1.5L, Silver)","1.5 ltr","Cookware","Prestige",,,1477.469282786017,1834.2190745,,43.92392,19.414234419010214,0.3387059095571543,0.52589,1.39947,0.05386,2.53517,1477.393931188227
"2026-04-01","YOFI18C0OK",,"Hawkins Triniti Triply Stainless Steel Cookware Set (Tava, Frying Pan, Kadhai, 3 Pieces, Induction Base, Silver, SSET2)","1 pack","Cookware","Hawkins",,,2962.661398749144,3834.4905295833337,,19.97732,22.737532674542607,0.03164651614351514,0.04697,0.00289,0.00631,0,2956.7937214410526
"2026-04-01","C2GS82VDVO",,"Prestige Omega Deluxe Aluminium Granite Nonstick Scratch-Resistant Fry Pan (20cm, Black)","1.1 ltr","Cookware","Prestige",,,793.6431301068312,988.5541158750001,,52.90898,19.832444081539187,0.33432165422981014,0.51447,0.13855,0.184,0.10018,791.7363131797291
"2026-04-01","KVUMS17GDB",,"Fackelmann Non-Stick Kadai with Glass Lid (4L, 28cm, Aluminium, Grey)","4 ltr","Cookware","Fackelmann",,,1659,1999,,2.48021,17.008504252126063,0,0,0,0,0,1659
"2026-04-01","4VIYPP11NO",,"The Indus Valley Pre-Seasoned Cast Iron Square Paniyaram/Appe Pan with Spatula (9Pit, 2.8kg)","1 Piece","Cookware","The Indus Valley",,,957.9826987985277,1588.2421794166667,,72.26215,39.763660242794685,0.16409649866902287,0.19129,0.17124,0.1633,0.17795,956.8312373223973
"2026-04-01","CVMQZ99YN0",,"Dynore Stainless Steel Mini Idli Stand or Maker (4 Plate, Silver)","1 Piece","Cookware","Dynore",,,468.2078459708325,696.714553047619,,35.12847,32.841618073668116,0.0331522560490051,0.0409,0.08409,0.18373,0,450.60915148167277
"2026-04-01","QX2CRQ0FSG",,"Fackelmann Aluminium Cologne Non-Stick Cookware Set with Glass Lid (2 Pieces + 1 Lid, Tawa, Fry Pan with Lid, Blue)","1 pack","Cookware","Fackelmann",,,1499,3049,,28.41853,50.836339783535585,0.012757541481619004,0.01206,0.00004,0.00009,0,1499
"2026-04-01","J32FAI726B",,"Bergner Tripro TriPly Stainless Steel Frypan (20cm, 1L, Induction Bottom)","1 ltr","Cookware","Bergner",,,1402.5241703989661,1848.2934649166666,,25.45052,24.11443126511339,0.03528851090635932,0.05139,0.01486,0.03247,0,1402.3734801584635
"2026-04-01","KJUCGR743A",,"Hawkins Futura Non-Stick Frying Pan with Glass Lid (24 cm, Black, NF24G)","1 Piece","Cookware","Hawkins",,,1399.4159349891877,1528.3806167916666,,28.90883,8.43718054472047,0.03417690481651025,0.06023,0.03196,0.02881,0.03462,1399.8682828446765
"2026-04-01","4T77938OFU",,"Sumeet Stainless Steel Milk Boiler Pot (1.1L, 1.4L, 1.75L, Set of 3)","3 pieces","Cookware","Sumeet",,,538.1992388269838,1337.1333957083334,,40.15775,59.96581392551487,0.23856795919291818,0.18032,0.24962,0.54537,0,177.36223732089985
"2026-04-01","RZRV1UYO0Y",,"Clazkit Aluminium Gujiya Karanji Maker (4 Pieces, Silver)","4 pieces","Cookware","Clazkit",,,78.82841607565011,99,,21.11058,20.369728680709827,0.0027158050843783823,0.00413,0.00689,0.01505,0,19.03430685701687
"2026-04-01","XHRYW2Y9SR",,"Wonderchef Duralite Die-Cast Aluminium Non-Stick Fry Pan (1.2L, 24cm, Grey, 2 Years Warranty)","1.2 ltr","Cookware","Wonderchef",,,761.8641700968783,1279.5135759444443,,20.41801,40.45673415113823,0.011857924850346093,0.01354,0.00118,0.00257,0,766.7735427906628
"2026-04-01","A6AMDWJ1Q1",,"The Indus Valley Pre-Seasoned Cast Iron Cookware Set+ Free Tadka Pan (Tawa 30.5cm + Kadai 2.3L + Fry Pan 1.4L)","1 pack","Cookware","The Indus Valley",,,3095.4429278650573,6050.161322166668,,76.22757,48.849828137536534,0.40379995986363154,0.39319,0.31315,0.3564,0.27664,3097.004564857868
"2026-04-01","Q7L26X7XF8",,"Hawkins Triply Stainless Steel Deep Fry Pan with Glass Lid (2.5L, Induction Base, Silver, SSD25G)","2.5 ltr","Cookware","Hawkins",,,1964.6335148459898,2273.209038125,,73.88218,13.647778645245982,0.19901863864486818,0.33194,0.41632,0.30232,0.51254,1966.5238486334758
"2026-04-01","1RJ1HAYNX3",,"Bergner BE Essentials Tri-Ply Stainless Steel Coffee/Milk Warmer (12cm, 800ml, Induction Bottom)","800 ml","Cookware","Bergner",,,954.3804127691075,1356.9968631666668,,49.59932,29.767300947714965,0.17389620219985352,0.23405,0.13591,0.29694,0,947.2431434246752
"2026-04-01","8P61H4I0OG",,"Sumeet Heavy Stainless Steel Induction and Gas Friendly Tope/Patila/Cookware with Lids (900ml to 2.9L, Pack of 5)","5 pieces","Cookware","Sumeet",,,2298.681032230342,3095.070631333334,,36.12773,25.737685391963776,0.1687095994923417,0.23886,0.01902,0.04155,0,459.771465047325
"2026-04-01","73NJVEF59T",,"Neelam Stainless Steel Flat Bottom Tope (Silver)","1 Piece","Cookware","Neelam",,,159.26041666666666,194.35575270833337,,13.73435,18.05726640586436,0.0011017899268934862,0.00167,0.00716,0.01564,0,159.70434816307548
"2026-04-01","OCWOABMGX4",,"Prestige Popular Svachh Aluminium Pressure Cooker (3L, Silver)","3 ltr","Cookware","Prestige",,,1368.1816395476017,1732.7364491249998,,70.63266,20.9738861835509,0.36270851019994305,0.55214,2.77038,0.08877,5.03368,1367.773032572571
"2026-04-01","61PQHSGHV1",,"Sumeet Cook Smart TriPly Steel-Aluminium-Steel 3 Layers Sauce Pan (20cm, 2.3L, Silver)","2.3 ltr","Cookware","Sumeet",,,1293.2477278309998,2560.161017033898,,14.96009,49.48568784437997,0.001707318282143533,0.00166,0.00631,0.01378,0,1298.3062822669096
"2026-04-01","0GNCIMC56D",,"Hawkins Futura Non-Stick Frying Pan (17 cm, Black, NF17)","1 Piece","Cookware","Hawkins",,,746.0629949299532,827.5588289166666,,50.41297,9.847784461182389,0.020221593147987604,0.03506,0.0776,0.08077,0.07493,745.4012804723186
"2026-04-01","OKOVV5YY5C",,"Vinod Stainless Steel Deluxe Multi Kadai (6 Pieces, Gas & Induction-Friendly)","6 pieces","Cookware","Vinod",,,2520,3304.285714285714,,3.75388,23.735408560311285,0.0011072433507577,0.0016,0.00001,0.00001,0,2520
"2026-04-01","PZHDNMW2I8",,"Wonderchef Royal Velvet Aluminium Non-Stick Grill Pan (1.8L, 24cm, Purple, 2 Year Warranty)","1 Piece","Cookware","Wonderchef",,,1053.6113964371982,1699.331774625,,31.18885,38.001737855832936,0.03258876863409008,0.03861,0.00514,0.01123,0,1047.4938296784148
"2026-04-01","7A6ZBYPLPM",,"Bergner TriPro Tri-Ply Stainless Steel Deep Kadai with Lid (20cm, 2 L, Induction Bottom)","2 ltr","Cookware","Bergner",,,1559.5420162449902,2294.6242055,,35.24483,32.03376208788422,0.07896865130180938,0.10137,0.14356,0.31349,0.00013,1546.507293007623
"2026-04-01","MKSUYRQC9M",,"Vinod Black Pearl Hard Anodised Non-Stick Deep Kadhai with Glass Lid (2.6L, 22cm, 3.25mm Thickness, Metal Spoon-Friendly, 2 Year Warranty)","2.6 ltr","Cookware","Vinod",,,1076.0814856806921,1329.078504021164,,8.61924,19.03552104522212,0.0030918930246867874,0.00479,0.00039,0.00085,0,1077.3420946821093
"2026-04-01","0269RVPHA6",,"Milton Pro Cook Kitchen Pride Non-Stick Cookware Set with Glass Lid and Tools (Tawa, Fry Pan, Kadhai, 3 Pieces + 1 Glass Lid + 2 Nylon Tools, Maroon)","1 pack","Cookware","Milton",,,1899,5500,,9.74493,65.47272727272727,0.04809850441023595,0.03193,0.00117,0.00256,0,1899
"2026-04-01","61NMPHLRKS",,"Wonderchef Royal Velvet Aluminium Non-Stick Cookware Set (1.8L Fry Pan, 2.7L Wok with Lid, Dosa Tawa, Set of 4, Purple)","4 pieces","Cookware","Wonderchef",,,2546.599423628069,6334.375,,18.77036,59.79714772762792,0.023632858504794973,0.01895,0.00162,0.00355,0,637.162859734946
"2026-04-01","O83SLV5IRI",,"Prestige Deluxe Alpha Svachh Stainless Steel Spillage Control Outer Lid Pressure Cooker (2.0 Litre, Silver)","2 ltr","Cookware","Prestige",,,2244.6778340861497,2717.034005515695,,11.22506,17.348545715445777,0.06892731151721343,0.10971,0.02279,0.0025,0.03992,2227.3419811766457
"2026-04-01","NBB7TZ4UDB",,"Wonderchef Granite Aluminium Non-Stick Cookware Set (2.7L Wok, 2L Fry Pan, Dosa Tawa, Set of 4, Red)","4 pieces","Cookware","Wonderchef",,,3099,6200,,51.54585,50.016129032258064,0.13454836087529592,0.1293,0.00543,0.01186,0,774.75
"2026-04-01","51WT5MOVON",,"The Indus Valley Pre-Seasoned Cast Iron Appam Pan with Glass Lid (1.5kg, Handle Design May Vary)","1 Piece","Cookware","The Indus Valley",,,952.6099974904323,1661.0057971014494,,22.12032,42.648604890314566,0.0038521003113581656,0.00412,0.0006,0.00115,0.00014,951.626912911126
"2026-04-01","MLN1YZBW5H",,"Wonderchef Granite Aluminium Non-Stick Grill Pan (1.8L, 24cm, Grey)","1 Piece","Cookware","Wonderchef",,,1034.9679923613207,1877.3386327966098,,63.73543,44.955079624787125,0.13143564568676397,0.1369,0.0442,0.09657,0,1013.7020091730421
"2026-04-01","MTRTTB327Y",,"Sumeet Stainless Steel Three Layered Induction Bottom Tope/Patila/Cookware with Lid (1.6L, 19cm, for Gas and Induction)","1 Piece","Cookware","Sumeet",,,515.7125049975481,1175.4031236666667,,25.70293,56.63837677817001,0.17814402277743124,0.13745,0.23885,0.48951,0.02729,475.7464010422954
"2026-04-01","8TMNVJ8WHX",,"Hawkins Aluminum Idli Stand for 5 Litre Cooker (12 Idli, Silver, ID12L)","1 Piece","Cookware","Hawkins",,,320.2942486687737,355.6952800833333,,29.31317,9.93164936012341,0.01818468975812323,0.0317,0.04128,0.09018,0,320.38628641404483
"2026-04-01","FXVMDFNSO8",,"MASTER Aluminium Outer Lid Pressure Cooker (3L, Gas Stove Compatible)","3 ltr","Cookware","Master",,,699,1155.5533980582525,,6.4388,39.50950244492615,0,0,0.00158,0.00345,0,699
"2026-04-01","7I5U8DL3PO",,"Hawkins Futura Non-Stick Cookware Set (Frying Pans, Kadhai, Curry Pan, Saucepan, 5 Pieces + 2 Glass Lids, Black, NSET4)","1 pack","Cookware","Hawkins",,,5067.499852151975,6240.8554015,,30.03176,18.773661637364782,0.11938744592013736,0.1861,0.01624,0.02116,0.01209,5090.982529764397
"2026-04-01","PVPB7PZ0AQ",,"Sumeet Nonstick Multi Snack Maker (4in1, Black)","1 Piece","Cookware","Sumeet",,,362.0046051157656,796.760046,,18.98812,54.55483374007472,0.056338727022223895,0.04883,0.00437,0.00954,0,358.65745414413294
"2026-04-01","G9E74O6V7S",,"Sumeet Nonstick Gas Toaster (Black)","1 Piece","Cookware","Sumeet",,,366.65932596332004,741.426394059829,,12.43634,50.54655188210559,0.016636413146492404,0.01576,0.0088,0.01922,0,367.5800596630822
"2026-04-01","S12KIC08TX",,"Hawkins Stainless Steel Tea Pan with Glass Lid (1.5L, Induction Base, Silver, SST15G)","1.5 ltr","Cookware","Hawkins",,,1086.9078442948387,1244.0672851260504,,14.69742,12.623894120368448,0.02767334982237143,0.04688,0.01551,0.00774,0.02206,1087.531141834831
"2026-04-01","H1HIF2LM6C",,"Wonderchef Stainless Steel Snacks Maker (12 Jalis, Silver)","1 Piece","Cookware","Wonderchef",,,584.2538426320743,898.5404172682925,,12.63411,34.97740512977898,0.005949189670051222,0.00719,0.00095,0.00207,0,568.6641458118605
"2026-04-01","U5Q6CQIING",,"Wonderchef Ferro Light Cast Iron Non-Stick Fry Pan (800ml, 20cm, Black, Pre-Seasoned, 10 Years Warranty)","800 ml","Cookware","Wonderchef",,,1213.298772770119,2018.7513177083335,,42.24255,39.941414629849135,0.06692838378807624,0.07657,0.01236,0.027,0,1205.9611061925418
"2026-04-01","CT7H62P9T9",,"Hawkins Futura Non-Stick Dosa Tava (33 cm, Black, NDT33)","1 Piece","Cookware","Hawkins",,,1627.0092411367718,1809.9521961666662,,64.17042,10.084904753294033,0.14046433423635607,0.24309,0.20354,0.4447,0,1626.714250764013
"2026-04-01","JLQP7FM5LK",,"Hawkins Stainless Steel Wide Pressure Cooker (3L, Induction Base, Silver, HSS3W)","3 ltr","Cookware","Hawkins",,,2721.0613270801146,3075.62020275,,52.81379,11.47676197294708,0.3584571201085632,0.61399,0.11752,0.25676,0,2720.8141238959724
"2026-04-01","MJH46NX64L",,"Embassy Stainless Steel Premium Thickply Kadhai with Wooden Handle (1.8 L)","1.8 ltr","Cookware","Embassy",,,779.7248526509787,1237.9912292380952,,42.71555,36.97069032407422,0.020868765830928004,0.02588,0.02701,0.05901,0,790.2110675194955
"2026-04-01","GEL3UDHT2K",,"Sumeet Super Smooth Gold Series Pre Seasoned Cast Iron Kadai (25cm, 2.7L, 2.670kg, Gas and Induction-Friendly, Black)","2.7 ltr","Cookware","Sumeet",,,1807.714708994709,2812.61904752381,,6.2932,35.72841972373772,0.0009287676606561632,0.00114,0.0007,0.00153,0,1800.59735435881
"2026-04-01","DOPTMQ8Z1I",,"Wonderchef Taurus Aluminium Tadka Pan (250ml, 11cm, Black)","1 Piece","Cookware","Wonderchef",,,252.37777611569663,397.7096535833333,,19.04493,36.537081248238536,0.01346004162849089,0.0168,0.00387,0.00845,0,254.45168692948198
"2026-04-01","X6242MAMF2",,"The Indus Valley Pre-Seasoned Cast Iron Kadai with Flat Handles (2.3L, 2.5kg)","2.3 ltr","Cookware","The Indus Valley",,,1313.0213288015268,2201.1953227499994,,62.72232,40.355710346110044,0.11577261912345313,0.1326,0.12763,0.113,0.13998,1312.6540450425964
"2026-04-01","BNW7280LO4",,"Fackelmann Quartz Range Induction and Gas Stove Compatible Nonstick Aluminum Fry Pan (26 cm, Black)","800 ml","Cookware","Fackelmann",,,760.5207619770472,1699,,20.35218,55.225047646826724,0.008984267933389021,0.00783,0.00066,0.00144,0,771.8361304930535
"2026-04-01","0UI01WQIVZ",,"Sumeet Stainless Steel Induction Bottom Kadhai With Glass Lid (Size No.14, 3L, Induction and Gas Stove Friendly, Silver)","3 ltr","Cookware","Sumeet",,,862.3710146287327,1870.9163215833332,,20.34986,53.86780418254479,0.29269685971220155,0.25825,0.03292,0.07192,0,865.785531949481
"2026-04-01","MJXGYQTK7I",,"Vinod Platinum Triply Stainless Steel Tasla (3.2L, 26cm, 2.5mm Thickness, Gas & Induction-Friendly, Heavy Bottom, 5 Year Warranty, Silver)","1 Piece","Cookware","Vinod",,,2130.2212191229196,3019.8249616746416,,49.12362,29.454953290758983,0.017085874426064775,0.02639,0.01729,0.03777,0,2226.30025596946
"2026-04-01","Q163RM1ZLK",,"The Indus Valley Pre-Seasoned Cast Iron Fry Pan/Skillet with Long Handle (900 ml, 1.6kg)","1.8 ltr","Cookware","The Indus Valley",,,958.4670567876749,1589.3488561666666,,63.99005,39.844790118854256,0.27309427974938283,0.31621,0.19712,0.11744,0.26437,953.570402757336
"2026-04-01","HGZI5QROBY",,"Hawkins Aluminum Family-Size Classic Pressure Cooker (5L, Silver, CL50)","5 ltr","Cookware","Hawkins",,,1941.9151377287542,2164.2532078333334,,73.08033,10.302525980771428,0.21896121479733044,0.37831,2.90188,0.17538,5.20307,1935.1701974104544
"2026-04-01","P8Z02L5JL1",,"Hawkins Contura Stainless Steel Pressure Cooker (3L, Induction Base, Silver, SSC30)","3 ltr","Cookware","Hawkins",,,2759.8260329421732,3060.2312451982384,,57.06298,9.818626908541942,0.13449551224039366,0.23283,0.24185,0.52841,0,2757.8264437539224
"2026-04-01","D1SA1F4Y2P",,"Sumeet ISI Certified Stainless Steel Induction and Gas Friendly Multipurpose Saucepan with Handle (750ml, 13cm)","750 ml","Cookware","Sumeet",,,239.2379158344551,637.2894085833334,,78.5473,62.526166867158956,1.2483405796217881,0.90445,2.04349,3.38527,0.91102,239.16356956464054
"2026-04-01","URYAQI9Y55",,"Sumeet Stainless Steel Induction and Gas Stove Friendly Saucepan / Cookware/ Container with Handle (Size No. 12, 1.9L, Silver)","1.9 ltr","Cookware","Sumeet",,,436.8796798658384,918.5059366945607,,25.95259,52.429064052468505,0.15175857336546478,0.13873,0.09234,0.12355,0.066,436.7010190055469
"2026-04-01","MGNE3DFORM",,"Sumeet Elegantia Non Stick Aluminium Waghariya / Tadkapan (11.5cm, 280ml, Cherry)","1 Piece","Cookware","Sumeet",,,255.76074074074074,914.2857142857143,,6.92452,72.02616898148148,0.0012030253044455245,0.00066,0.00328,0.00454,0.00221,258.5213927781296
"2026-04-01","28XPIYJJ8X",,"Prestige Popular Svachh Aluminium Pressure Cooker with Outer Lid (5L, Silver)","5 ltr","Cookware","Prestige",,,1852.5245493388998,2362.7101508333335,,64.35979,21.62456143045474,0.3760885352273716,0.56626,2.48223,0.16235,4.44023,1856.885487400646
"2026-04-01","VDTG3NFA4I",,"Fackelmann Anti-Scratch Induction Base Quartz Greblon Nonstick Fry Pan (24 cm, Black)","1.7 ltr","Cookware","Fackelmann",,,724.3751951204292,1332.5661499999999,,46.75654,45.89227704156698,0.08912054686110714,0.08971,0.02135,0.04665,0,708.6464362633064
"2026-04-01","FXUA1NYSYB",,"Hawkins Triply Stainless Steel Metro Patila (2L, Induction Base, Silver, SSP20)","1 Piece","Cookware","Hawkins",,,1106.724518525635,1278.9285529444444,,15.07444,13.464711067897296,0.0004131712225850573,0.00069,0.00002,0.00004,0,1104.2864598016538
"2026-04-01","NMIDRFOTCG",,"Ritu Stainless Steel Kitchen Press (Super Long, Lock System with Cake Garnishing Tools, Silver)","1 Piece","Cookware","Ritu",,,537.6304497628473,700,,22.47716,23.208113476398637,0.034777872126346594,0.05134,0.00391,0.00854,0,538.7865282780348
"2026-04-01","YNGJNTDMLS",,"Prestige Platina Popular Stainless Steel Unique Impact Forged Bottom Kadai with Toughened Glass Lid (20cm, 1.5 L, Silver)","1.5 ltr","Cookware","Prestige",,,1255.1659839671138,1401.0940751428568,,35.64759,10.396676815219097,0.06222416120964441,0.10694,0.07943,0.01667,0.1324,1249.8715127855248
"2026-04-01","O3XD5SQTNA",,"Vinod Platinum Triply Stainless Steel Fry Pan (20cm, Induction Friendly)","1.2 ltr","Cookware","Vinod",,,2076.7529755434784,2694.4080337083337,,22.36246,22.923590281712904,0.008890865655569216,0.01321,0.00637,0.01391,0,2078.941387067476
"2026-04-01","UFDU8MWTWS",,"Tosaa Non-Stick Sandwich Toaster (Black, Gas Stove Compatible)","1 Piece","Cookware","Tosaa",,,331.3898204900477,549.90017175,,56.15877,40.99755812827001,0.8511890375207615,0.96165,0.5388,1.17718,0,324.16964446248835
"2026-04-01","QX0XJ5LI4W",,"Hawkins Futura Non-Stick Cook n Serve Stewpot with Glass Lid (3L, Black, NST30G)","1 Piece","Cookware","Hawkins",,,1675.1286105120182,1867.74144375,,54.58164,10.283724363335011,0.11401869885556083,0.19797,0.06103,0.13333,0,1674.810078681046
"2026-04-01","RMP39P03JV",,"Cello Non Stick Square Patri Tawa Aluminium Hammertone (Black)","1 Piece","Cookware","Cello",,,785,2150,,3.38042,63.48837209302326,0,0,0.0001,0.00023,0,785
"2026-04-01","MT4OYYAG6O",,"Hawkins Contura Hard Anodised Pressure Cooker (2L, Black, CB20)","2 ltr","Cookware","Hawkins",,,1771.7812215688198,1967.815018227848,,31.80206,9.955421692000984,0.12058739747658671,0.20944,0.43197,0.01116,0.78713,1769.3347353372785
"2026-04-01","YBR1XAKA29",,"Hawkins Contura Hard Anodised Pressure Cooker (3L, Black, CB30)","3 ltr","Cookware","Hawkins",,,2007.499080646227,2240.2102695833337,,58.94039,10.402677292892383,0.31199702253345946,0.53847,2.29178,0.12498,4.12058,2006.1136097574788
"2026-04-01","W3XMCD8MGP",,"Vinod Platinum Triply Stainless Steel Extra Deep Tasla (18cm, 1.2L, 2.5mm Thick, Induction and Gas Friendly, 5 Year Warranty, Silver)","1 Piece","Cookware","Vinod",,,1402.1281326352532,1975.687377434555,,27.2038,29.030517249839782,0.003886803917766798,0.00533,0.0057,0.01245,0,1399.1454768281797
"2026-04-01","RXFEMS22CM",,"Sumeet Super Smooth Pre Seasoned Carbon Steel Fry Pan (20.5cm, 1.1L, Naturally Nonstick, Gas and Induction Friendly, Black)","1.1 ltr","Cookware","Sumeet",,,799.9510532407406,1606.4122957916663,,15.1381,50.22179410194052,0.07903131609966728,0.07513,0.01539,0.01343,0.01704,799.0028570059665
"2026-04-01","JNAEKKAVKM",,"ANJALI Aluminium Diamond Dura Big Non Stick Uttappa Tawa (4 Cavities, 42.5 x 26.6 cm, Durable, Black)","1 Piece","Cookware","Anjali",,,426.57315429013386,767.3660701666666,,33.70121,44.599385815562506,0.17403828867980656,0.1844,0.01722,0.03762,0.00001,422.447344877923
"2026-04-01","B5GVUYVZ5J",,"Wonderchef Tivoli Aluminium Non-Stick Cookware Set (1.8L Kadhai, 1.1L Fry Pan, Dosa Tawa, Set of 3, Red, Induction Base)","3 pieces","Cookware","Wonderchef",,,1197.8428239665989,2923.7051467916667,,49.29582,59.45313075143243,0.5430491721098796,0.41312,0.11219,0.24511,0,387.5915916772987
"2026-04-01","LS8ATSFQ9R",,"Sumeet ISI Certified Stainless Steel Induction and Gas Friendly Multipurpose Saucepan with Handle (1.1L, 14cm)","1.1 ltr","Cookware","Sumeet",,,254.71951639332624,773.6904075416667,,76.52494,67.09864238395527,3.376012342732709,2.15253,5.11221,9.96241,1.0186,254.6577106872764
"2026-04-01","3Z64OCYHYX",,"Prestige Hard Anodised Cookware Tadka Pan (10cm, Black)","1 Piece","Cookware","Prestige",,,357.73910841281685,474.3862767500001,,51.19808,25.339651389056794,0.08829747647025557,0.12534,0.07878,0.06274,0.09231,352.0718721602267
"2026-04-01","HSUV2P64GD",,"Hawkins Ceramic Nonstick Induction Tava (26 cm, Induction Base, Grey, ICT26)","1 Piece","Cookware","Hawkins",,,1231.172619047619,1338.9994530416666,,14.24541,8.016009066392114,0.054944534423047385,0.09784,0.04182,0.03968,0.04362,1232.4967086426532
"2026-04-01","MHV6E507GV",,"MASTER Nexa Stainless Steel Outer Lid Handi Pressure Cooker (3L, Gas and Induction Stove Compatible, with Glass Lid)","3 ltr","Cookware","Master",,,1285.7272727272727,2549,,2.45619,49.5595420664075,0,0,0,0.00001,0,1285.7272727272727
"2026-04-01","A2OPHSU4YA",,"Neelam Stainless Steel Regular Saucepan with Wire Handle (1150ml, Silver)","1.15 ltr","Cookware","Neelam",,,285.59307771501807,363.343484198895,,16.10965,21.399384132138255,0.002225393549243827,0.00317,0.00012,0.00027,0,28561.84928299619
"2026-04-01","SAJ9MYNR5C",,"Hawkins Stainless Steel Cook n Serve Casserole with Glass Lid (2L, Induction Base, Silver, SSCB20G)","1 Piece","Cookware","Hawkins",,,1586.786910197869,1814.5205479452054,,15.75247,12.540319680032232,0.008898996214784953,0.01505,0.00022,0.00047,0,1579.1246725396302
"2026-04-01","6YBQLE8BJP",,"ANJALI Non-stick Toaster Deluxe (2 Cut, 37.5 x 11 cm, PTFE Coated, Durable, Black)","1 Piece","Cookware","Anjali",,,374.441946256648,563.4653727659575,,13.02698,33.64964697493295,0.01710788642784396,0.02205,0.00518,0.01131,0,373.07493962825794
"2026-04-01","CB7B7CKXBI",,"Hawkins Futura Non-Stick Small Frying Pan (20 cm, Black, NF20)","1 Piece","Cookware","Hawkins",,,878.872041400396,962.7871996666665,,66.5282,8.723773104874937,0.14237124783192978,0.25135,0.39813,0.41466,0.38418,878.8089566164044
"2026-04-01","IR3W895QYJ",,"Hawkins Pro Triply Stainless Steel Frying Pan with Stainless Steel Lid (22 cm, Induction Base, Silver, PSF22S)","1 Piece","Cookware","Hawkins",,,1746.048260188481,2167.441128833333,,32.54861,19.438598930904437,0.026120413012165722,0.0416,0.00667,0.01458,0,1745.5756657149548
"2026-04-01","TDWSLUOJDZ",,"Wonderchef Ferro Light Cast Iron Non-Stick Dosa Tawa (28cm, Black, Pre-Seasoned, Induction Base)","1 Piece","Cookware","Wonderchef",,,1493.873484131555,2974.2589673749994,,82.45706,49.72625468463687,0.5325811762727798,0.51386,0.29684,0.64854,0,1497.211499510919
"2026-04-01","2PF450H6MQ",,"Vinod Platinum Triply Induction Base Pressure Cooker (1.5L, Silver)","1.5 ltr","Cookware","Vinod",,,2893.528097442681,3545.7470385555553,,8.01163,18.394401349583344,0.00851884299486868,0.01564,0.00235,0.00512,0,2894.9697747489827
"2026-04-01","KZDVXXGST8",,"Bergner Tripro TriPly Stainless Steel Saucepan/Milkpan (16cm, 1.7 L, Induction Bottom)","1.7 ltr","Cookware","Bergner",,,973.6355766097529,1583.0570795416668,,14.163,38.509544843989914,0.04519292017538293,0.04944,0.00869,0.01898,0,965.6006570628574
"2026-04-01","NB3M98XK9X",,"Sumeet Heavy Stainless Steel Belly Shape Induction and Gas Friendly Tope/Patila/Cookware with Lids (370ml, 450ml, 750ml, Pack of 3)","3 pieces","Cookware","Sumeet",,,527.3251056220151,1286.3972178571428,,31.83295,58.99883940811203,0.40403049096334603,0.31788,0.04384,0.09579,0,175.27224029554455
"2026-04-01","3T21BBIRDL",,"Hawkins Futura Cast Iron Frying Pan with Glass Lid (16 cm, Black, CIF16G)","1 Piece","Cookware","Hawkins",,,1599,1845.0304007499997,,5.49589,13.334761348647108,0.001173378509256436,0.00203,0.00011,0.00023,0,1599
"2026-04-01","7809QL6J5U",,"Pigeon Vita Non-Stick Cookware Set with Glass Lid (Frying Pan, Kadhai, Tawa, 3 Pieces + 1 Glass Lid, Red)","1 pack","Cookware","Pigeon by Stovekraft",,,1076.142275876383,2246.047157424242,,33.93739,52.000141209480276,0.06452917474730574,0.05898,0.17622,0.05645,0.27731,1093.7184326065992
"2026-04-01","X5PAZ3R5F5",,"Fackelmann Cologne Range Nonstick Cookware Set with Lid (Tawa, Pan, Kadhai, 3 Pieces + 1 Glass Lid, Blue)","1 pack","Cookware","Fackelmann",,,1826.6942567567567,4487.713988378378,,4.3946,59.29566230184765,0.0007434504024340676,0.00058,0.00073,0.00159,0,1820.269792595897
"2026-04-01","BIKXCFWLAH",,"Hawkins Futura Hard Anodised Tava with Stainless Steel Handle (24 cm, Black, AT24)","1 Piece","Cookware","Hawkins",,,866.049069566677,966.7115095515695,,27.79218,10.41287281575731,0.00787861103321,0.01347,0.01497,0.0327,0,867.9349449156988
"2026-04-01","R3G4CKVFVS",,"Hawkins Futura Non-Stick Tava with Stainless Steel Handle (22 cm, Black, NT22)","1 Piece","Cookware","Hawkins",,,799.5697790926866,900.6662950833331,,27.1639,11.226735734870115,0.02586529192848169,0.04429,0.05798,0.05367,0.06162,799.0538432971986
"2026-04-01","TYG2VZULNK",,"ANJALI Non-stick Waffle Toaster (36 x 14.5 cm, PTFE Coated, Durable, Black)","1 Piece","Cookware","Anjali",,,538.2795032493673,877.0091897499999,,13.40339,38.655143021855906,0.021223238382101894,0.02469,0.00108,0.00237,0,527.6274197999069
"2026-04-01","G911QL4M2C",,"Embassy SS Premium Thickply Kadhai (with Wooden Handle)","1.4 ltr","Cookware","Embassy",,,799,885,,0.71802,9.717514124293785,0,0,0,0,0,799
"2026-04-01","6CFUX8GXZ7",,"Prestige Omega Delux Non-Stick Cookware Set, Induction and Gas Stove Compatible (Kadai with Glass Lid 24cm, Omni Tawa 25cm, Fry Pan 24cm, Red)","3 pieces","Cookware","Prestige",,,2008.50934076368,3870.9284544583334,,63.88361,48.152912652599746,0.7400484574744101,0.73544,0.52967,0.35737,0.6751,672.6887078936746
"2026-04-01","HVXDNJQRWU",,"Hawkins Stainless Steel Pressure Cooker (1.5L, Induction Base, Silver, HSS15)","1.5 ltr","Cookware","Hawkins",,,1935,2193.7986842083337,,60.03492,11.803757543372662,0.31769743692214136,0.54249,4.6782,0.10426,8.53865,1934.9999999999998
"2026-04-01","XNZCP5NFG4",,"Hawkins Futura Non-Stick Induction Cook n Serve Casserole with Glass Lid (2L, Induction Base, Black, INCB20G)","1 Piece","Cookware","Hawkins",,,1431.0093105216747,1584.1870842857145,,12.60721,9.709057578419586,0.043895996827311774,0.07592,0.0012,0.00261,0,1430.2892481400766
"2026-04-01","EWISYTC9KV",,"Magnus 12-Cavity Non-Stick Appam/Appe Pan with Stainless Steel Lid (22 cm)","1 pack","Cookware","Magnus",,,503.1116756634905,818.7931021666667,,50.27576,38.437543183025426,0.1373114620175512,0.16168,0.06144,0.12049,0.01161,505.1812616255341
"2026-04-01","5RJMW2LHVT",,"Hawkins Aluminum Classic Pressure Cooker for Small Families (1.5L, Silver, CL15)","1.5 ltr","Cookware","Hawkins",,,1073.0378128944985,1190.6213745416667,,62.90798,9.953671954993956,0.17465938408135998,0.30323,3.91099,0.45889,6.82459,1071.8643415447343
"2026-04-01","AIJGB08YS2",,"Sumeet Cook Smart TriPly Steel-Aluminium-Steel 3 Layers Fry Pan with Lid (23.6cm, 1.4L, Silver)","1.4 ltr","Cookware","Sumeet",,,1284.7369438433104,2772.0115789999995,,26.24379,53.653289843646895,0.019939700710788343,0.01758,0.02473,0.05403,0,1285.6125736500583
"2026-04-01","GHSYMB1ZHK",,"Hawkins Futura Cast Iron Kadhai with Glass Lid (2L, Black, CIK20G)","2 ltr","Cookware","Hawkins",,,2153.4225264305605,2474.9712355416664,,23.96011,12.99967055152466,0.023817382537727732,0.04049,0.00053,0.00116,0,2133.664344222178
"2026-04-01","TEOPD9XL7L",,"Hawkins Futura Hard Anodised Induction Roti Tava (26 cm, Induction Base, Black, IART26)","1 Piece","Cookware","Hawkins",,,1095.4443907771442,1240.6981609183674,,14.90758,11.769452550059846,0.040989421060847075,0.06961,0.0068,0.01485,0,1095.2037980107234
"2026-04-01","BD8J4H9EHL",,"Kuber Industries Aluminum Tandoor Bati Maker Baking Oven/Gas Tandoor/BBQ Grill/Food Steamer (34x34x26 cm, Silver)","1 pack","Cookware","Kuber Industries",,,864.5072762321587,1398.9995039583334,,27.61005,38.20173648991625,0.05867864247261622,0.06959,0.00388,0.00847,0,874.7900741836899
"2026-04-01","7KK7JFGG7F",,"Wonderchef Aluminium Non-Stick Nigella Cooking Pot with Lid (1.5L, Silver)","1 pack","Cookware","Wonderchef",,,479,632.4782608695652,,4.53863,24.266171719254828,0,0,0,0.00001,0,479
"2026-04-01","9TR3KZ4AYN",,"Tosaa Non Stick Waffle Pancake Maker (Gas Compatible, Super Heavy Thickness)","1 Piece","Cookware","Tosaa",,,495.7526598117263,938.6361953333334,,34.73542,47.42959843176754,0.2474164864486689,0.24866,0.01094,0.02389,0,494.6400777567916
"2026-04-01","3QO30N881D",,"Hawkins Non-Stick Die Cast Aluminum Grill Pan with Glass Lid (30 cm, Red, DCGP30G)","1 Piece","Cookware","Hawkins",,,1795.668552021017,2022.9249678749998,,36.26116,11.233848111033312,0.028154738419839738,0.04848,0.01297,0.02834,0,1795.4804925935953
"2026-04-01","RFUJ3YTVYD",,"Vinod Platinum Triply Stainless Steel Tope with Lid (1L, 14cm, Silver)","1 Piece","Cookware","Vinod",,,1287.5900626868722,1643.3854221904762,,16.2881,21.642410304356627,0.03479086119045955,0.05279,0.00358,0.00781,0,1287.9235755537325
"2026-04-01","VZIM2NY6AJ",,"Prestige Omega Select Plus Non-Stick Paniyarakkal with Lid (240 mm, Black)","1 Piece","Cookware","Prestige",,,1198.2118889509209,1517.9456470833331,,67.81546,21.077884999948058,0.2270888985713932,0.34392,0.23296,0.19324,0.26649,1198.1521284792157
"2026-04-01","PUWOOZUNND",,"Tosaa Aluminium Appam Patra Paniyarakkal (12 Cavity, 23cm, Black)","1 Piece","Cookware","Tosaa",,,286.56781959238043,550.2565735,,47.18718,47.90882787800443,0.5210601738640809,0.52198,0.17551,0.38346,0,286.5636579902843
"2026-04-01","0BOOBT9XSC",,"Vinod Stainless Steel Classique Deluxe Cookware Set (7 Pieces, Kadhai, Saucepan, Saucepot with 3 Lids, Fry Pan, Silver)","1 pack","Cookware","Vinod",,,3417.8485958874708,4376.2013616806735,,18.83761,21.89919262364903,0.018102888400160028,0.02707,0.0031,0.00678,0,3406.2938328003725
"2026-04-01","RNXZ2AB150",,"Signoraware BPA Free Plastic Pop Corn Maker (3L, Microwave Safe and Unbreakable, White)","1 Piece","Cookware","Signoraware",,,465.67852474323064,590,,7.88395,21.069080995043688,0.005200979915881113,0.00795,0.00019,0.00042,0,468.8554665756553
"2026-04-01","04WYO45ZFU",,"Hawkins Futura Hard Anodised Induction Saucepan with Stainless Steel Lid (2L, Induction Base, Black, IAS20S)","2 ltr","Cookware","Hawkins",,,1225.3040890522873,1368.8790169166668,,16.78257,10.487127886079188,0.016305836507159888,0.02841,0.01892,0.01075,0.02581,1226.5596178800893
"2026-04-01","2DEX35F00I",,"Hawkins Futura Hard Anodised Deep Fry Pan with Stainless Steel Lid (2.5L, Black, AD25S)","2.5 ltr","Cookware","Hawkins",,,1735.645643568441,2029.9406817083334,,33.9338,14.501698940432973,0.040189255050225185,0.06664,0.03808,0.00825,0.06327,1733.437530600882
"2026-04-01","UHIIB681C4",,"Vinod Hard Anodised Deep Kadai with Glass Lid and Handles (20cm, Gas Stove Compatible)","2.1 ltr","Cookware","Vinod",,,952.2401044890353,1193.0143564444445,,30.88135,19.653356258982544,0.08611997389785564,0.13644,0.00392,0.00856,0,947.9099410559551
"2026-04-01","ZRTIDCDS0S",,"Bergner Tripro Triply Stainless Steel Induction Bottom Cookware Set (3 Pieces, Kadai - 2.1L, Frypan - 1L, Teapan - 1.1L, Silver)","3 pieces","Cookware","Bergner",,,1746.60666792483,5062.910541458334,,75.13448,65.24572526146424,3.6428925947185617,2.41632,1.4654,2.79305,0.34485,586.3880378466193
"2026-04-01","HP3VMCV88T",,"Sumeet Super Smooth Pre Seasoned Carbon Steel (Iron) Concave Tawa (25cm, Gas and Induction-Friendly, Black)","1 Piece","Cookware","Sumeet",,,656.5775252525253,1734.4515099999999,,18.11585,62.150786823916974,0.046822898991815805,0.03394,0.0045,0.00983,0,653.9886111232673
"2026-04-01","HP4LK98V53",,"Judge by Prestige Stainless Steel Milk Pan (14cm/1.4L)","1.4 ltr","Cookware","Prestige",,,399.26853483106925,574.95,,21.02735,30.547677371451165,0.008362676766029833,0.01116,0.00141,0.00197,0.00094,400.6423272985977
"2026-04-01","695F19IT0B",,"Hawkins Futura Hard Anodised Tava with Stainless Steel Handle (26 cm, Black, AT26)","1 Piece","Cookware","Hawkins",,,955.4772099665126,1072.0733124166666,,16.80034,10.874395746447826,0.03560837900428575,0.06205,0.01605,0.03507,0,955.0801290120107
"2026-04-01","ZC8CK4WZN6",,"Vinod Two Tone Saucepot with Glass Lid (3L, 20cm, Stainless Steel)","1 Piece","Cookware","Vinod",,,1150.8691643323996,1455.9432872549023,,2.67663,20.95370922707454,0.0026357884833161935,0.00419,0.00017,0.00038,0,1195.5660509648549
"2026-04-01","KWFAQQQNWB",,"Fackelmann Stainless Steel Triply Fry Pan with Lid (20 cm, Silver)","1.25 ltr","Cookware","Fackelmann",,,1269.05290381561,3630.8283693162393,,5.14637,65.00166443166647,0.07250138636465789,0.03446,0.00129,0.00282,0,566.039889519847
"2026-04-01","CF6W13JHCX",,"Hawkins Contura Hard Anodised XT Pressure Cooker (5L, Induction Base, Black, CXT50)","5 ltr","Cookware","Hawkins",,,3180.190125999468,3554.7495005,,68.78817,10.487124965561305,0.3699651334531492,0.63855,3.26553,0.11442,5.9251,3179.5883973676364
"2026-04-01","94G3FFWCJ7",,"P-TAL Brass Roti Tawa Teflon Free with PVC Handle (26cm, Golden)","1 Piece","Cookware","P-Tal",,,2749.154556781046,3298.711163625,,9.40865,16.65973707864859,0.00923978562971772,0.01465,0.00194,0.00424,0,2758.0620778110124
"2026-04-01","B3Z047373D",,"Sumeet Stainless Steel Induction Bottom Casserole with Glass Lid (14cm Dia, 1.3L, Silver)","1 Piece","Cookware","Sumeet",,,756.7012409122366,1434.0263381420764,,18.24993,47.2329871033014,0.023575647130801316,0.02237,0.00349,0.00762,0,714.2969610729195
"2026-04-01","2SC18LIUMG",,"Vinod Stainless Steel Regular Outer Lid Pressure Cooker (3L, 18/8, Silver)","3 ltr","Cookware","Vinod",,,2195.6396987837593,2747.5898122380954,,48.259,20.088632045304777,0.010196514481823123,0.01528,0.0138,0.03016,0,2190.1043875083506
"2026-04-01","IK03BGLWRR",,"Wonderchef Sienna Aluminium Non-Stick Cookware Set (2L Kadhai, 1.3L Fry Pan, Dosa Tawa, Set of 4, Grey)","4 pieces","Cookware","Wonderchef",,,1899,4992.197916666666,,12.86449,61.96064275296243,0.013931316603520112,0.01017,0.00085,0.00185,0,474.75000000000006
"2026-04-01","7YN083L20K",,"Embassy Stainless Steel Cooker Separator (for 3 L Prestige Popular and Popular Plus Cookers, 2 Container)","2 ltr","Cookware","Embassy",,,524.1166418988819,738.6096239759037,,8.33541,29.041183452487314,0.010057501749866261,0.01395,0.00001,0.00002,0,525.8884752936397
"2026-04-01","ONNT6H4O6P",,"Bergner Earth Black Non-Stick Concave Tawa (26cm, Induction Bottom)","1 Piece","Cookware","Bergner",,,457.4865201718392,1035,,81.62256,55.716064383617955,7.341322659763954,6.22766,5.06202,11.03049,0.02457,458.33873362955427
"2026-04-01","9Y4XII253N",,"Hawkins Contura Hard Anodised Pressure Cooker (1.5L, Black, CB15)","1.5 ltr","Cookware","Hawkins",,,1470.5044514645156,1633.6109874152542,,49.25697,9.983349410514654,0.09756324022819918,0.16903,0.83851,0.03869,1.51356,1471.2098362385902
"2026-04-01","31U89D70WL",,"Hawkins Futura Non-Stick Induction Frying Pan with Glass Lid (16 cm, Induction Base, Black, INF16G)","1 Piece","Cookware","Hawkins",,,995.3511163032191,1100.2160128504672,,12.04506,9.524015855413998,0.02753413878409223,0.0481,0.00483,0.00446,0.00514,995.5822260301607
"2026-04-01","0UVY8KAQWA",,"Set of Stainless Steel (Plate, Bowl, Spoon, Glass)","1 Piece","Cookware","Unbranded",,,999,999,,0.26882,0,0,0,0,0,0,999
"2026-04-01","Q2BHEPAHNT",,"Hawkins Futura Hard Anodised Cook n Serve Handi with Glass Lid (3L, Black, ACH30G)","1 Piece","Cookware","Hawkins",,,1740.002857142857,1954.5817501428573,,28.73264,11.080408237827811,0.07845196417896545,0.1312,0.00191,0.00417,0,1740.0097123037144
"2026-04-01","BZFM0YVHJZ",,"The Indus Valley Stainless Steel Puttu Maker with Bakelite Handle (1.3L, 0.46kg)","1 Piece","Cookware","The Indus Valley",,,942.1617634810854,1621.7898990140845,,11.95747,41.83754490285827,0.028275804429625285,0.03289,0.0043,0.00939,0,938.2884404685753
"2026-04-01","2D7ZA5SL05",,"Hawkins Futura Hard Anodised Cook n Serve Stewpot with Stainless Steel Lid (2.25L, Black, AST225)","1 Piece","Cookware","Hawkins",,,1200.026102483391,1364.495782809524,,35.7933,12.002401031262199,0.059803733392384054,0.1028,0.01239,0.02707,0,1200.013669192634
"2026-04-01","LUS6DX014A",,"Hawkins Contura Hard Anodised Pressure Cooker (5L, Black, CB50)","5 ltr","Cookware","Hawkins",,,2788.9220926552434,3078.5478353809526,,43.73442,9.409705320782717,0.0967130018711877,0.16895,1.16743,0.08119,2.08422,2794.7423524874484
"2026-04-01","NZI94UJE11",,"Sumeet CookSmart TriPly Stainless Steel Cookware Set with Glass Lid (Deep Kadai 20cm - 1.7L, Frypan 20cm - 1L, Set of 3, Silver)","3 pieces","Cookware","Sumeet",,,1876.4854783354785,4479.7378528571435,,34.33362,58.11171233739336,0.005883054511552486,0.00478,0.01738,0.03797,0,626.3046675488415
"2026-04-01","W9BG9ESFK6",,"Prestige Cast Iron Scratch Resistant Round Base Dosa Tawa, Retains Heat for Long (30cm, Black)","1 Piece","Cookware","Prestige",,,1282.7126958415117,1784.2250370000002,,27.4145,28.10462807447335,0.04194843043565933,0.05839,0.05118,0.03058,0.06857,1291.5226060980444
"2026-04-01","6LLGYGBSV0",,"Prestige Aluminium Omega Deluxe Granite Nonstick Cookware Set (Fry Pan, Tawa, Kadai, 3 Pieces, Black)","3 pieces","Cookware","Prestige",,,2477.4107826794625,4246.34256225,,83.98433,41.871257754154364,0.5595365580551371,0.61099,0.49884,0.51907,0.48177,813.4606920876284
"2026-04-01","DD5BJAOD2T",,"ANJALI Non-stick Diamond Square Grill Pan (250 mm, 43.3 x 25.7 cm, PTFE Coated, Durable, Black)","1 Piece","Cookware","Anjali",,,687.5965772715965,1199,,19.52552,42.64963831911627,0.02021078545342035,0.02417,0.0018,0.00393,0,689.827502508573
"2026-04-01","I5BWTOJN56",,"Bergner BE Essentials TriPly Stainless Steel Biryani Handi with Lid (32cm, 8.4 L, Induction Bottom)","1 Piece","Cookware","Bergner",,,4696.493552254792,6355.815335166666,,75.64992,26.29077694148254,1.4016199641732403,1.98269,0.62818,1.27364,0.0834,4670.348438598407
"2026-04-01","P6OJ9NKZ9G",,"SOLARA Essentials Pre Seasoned Cast Iron Dosa Tawa (29cm, Black)","1 Piece","Cookware","Solara",,,1169.4397045289118,2499,,63.66553,53.046073311828565,0.4442809235140115,0.406,0.16834,0.3678,0,1173.6872363167377
"2026-04-01","CF934JQBRN",,"Sumeet Cook Smart TriPly Stainless Steel Kadhai With Lid (20cm, 1.5L, Silver)","1.5 ltr","Cookware","Sumeet",,,1096.4759525577908,3311.092254238096,,22.08367,66.88476928507448,0.05764298770422146,0.03625,0.00901,0.01968,0,1095.8121860300835
"2026-04-01","28X6R3HYO7",,"The Indus Valley Super Smooth Cast Iron Kadai for Deep Frying with Strong Handles (1L, 1.1kg)","1 ltr","Cookware","The Indus Valley",,,1125.1529988267616,1904.9789003333333,,39.91375,40.93596991315172,0.02506046571928493,0.02902,0.01598,0.01175,0.01955,1124.7248569400629
"2026-04-01","282FPY0D3A",,"Sumeet Nonstick Saral Tawa (30.5cm, 4mm Thick, Black)","1 Piece","Cookware","Sumeet",,,526.783414229879,1440.072710616114,,20.40213,63.42705027447415,0.054510640189778324,0.03817,0.01284,0.02805,0,524.8087435000398
"2026-04-01","2IOQXDO9YZ",,"The Indus Valley Super Smooth Cast Iron Kadai (2.5L, 2.4kg)","2.5 ltr","Cookware","The Indus Valley",,,1631.952056806577,2747.485034291667,,80.57883,40.68482619473803,0.24831838360264863,0.28037,0.18241,0.18744,0.17817,1626.5623216810798
"2026-04-01","N7QZ4UXHNU",,"Hawkins Futura Cast Iron Tava for Roti (24 cm, Black, CIT24)","1 Piece","Cookware","Hawkins",,,1311.2812757341994,1520.7309682857147,,29.77786,13.771440342038353,0.029931265608478207,0.05031,0.01521,0.03324,0,1309.6638547950117
"2026-04-01","X9W9QWW1KW",,"Wonderchef Tivoli Aluminium Non-Stick Fry Pan (1.5L, 24cm, Purple, Induction Base)","1.5 ltr","Cookware","Wonderchef",,,581.2379159942584,1746.2091653488364,,32.03355,66.68031086620935,0.2553274214124195,0.16471,0.09274,0.20261,0,580.4133793746834
"2026-04-01","CH50T1GRW0",,"Bergner BE Essentials Tripro Triply Stainless Steel Frypan (1.5L, 24cm, Induction Bottom)","1.5 ltr","Cookware","Bergner",,,792.8473878047844,2015.8957519166663,,67.17083,60.33181928687008,4.248338950304323,3.22097,1.14736,2.50677,0,797.3050624084792
"2026-04-01","I8AEUT4HWU",,"Prestige Magic Plus LP Gas Stove (GTMP-03, Black)","1 Piece","Cookware","Prestige",,,4313.724191350235,5825.889646999999,,67.67156,26.003640219180433,0.42789834246010794,0.60135,0.62416,0.02081,1.13339,4299.582430788067
"2026-04-01","WCVAVD9LDI",,"Hawkins Aluminum Idli Stand for 6.5 Litre Cooker (18 Idli, Silver, ID18L)","1 Piece","Cookware","Hawkins",,,420.795237778095,491.48313662222216,,11.82643,14.371477799583278,0.0033750744529812246,0.00576,0.00351,0.00767,0,419.83193693197916
"2026-04-01","5M006YJXMO",,"Prestige Omega SLT Plus Fry Pan (180mm)","750 ml","Cookware","Prestige",,,480.33662441141524,714.8474399038462,,18.42776,32.73863870423474,0.0242442368965539,0.03104,0.00798,0.00801,0.00795,498.6491089046189
"2026-04-01","W5TVQH4CQB",,"Judge by Prestige ACE Aluminium Non-Stick Cookware Set (Kadai with Glass Lid (20cm), Fry Pan (20cm), Omni Tawa (25cm), Black)","3 pieces","Cookware","Prestige",,,1566.6246527777778,2635.1392859999996,,11.94093,40.54869656792108,0.0015240832403059553,0.00174,0.00178,0.00113,0.00232,522.9425932639183
"2026-04-01","HZOUDHQR97",,"Bergner Eco Cast Iron Roti Tawa (26cm, 2.12kg)","1 Piece","Cookware","Bergner",,,1079.0042086062547,1501.5575130833333,,53.98366,28.1203709204578,0.24225953053634616,0.33306,0.27357,0.58564,0.01018,1079.7317577817303
"2026-04-01","8L3IM9ZVAW",,"Prestige Stainless Steel Platina Popular BYK Cookware Set (Fry Pan, Sauce Pan, Kadai, 3 Pieces + 2 Glass Lid, Silver)","3 pieces","Cookware","Prestige",,,2153.1410825164467,3880.154954458334,,57.21035,44.64955286262833,0.8027997168888209,0.83373,0.40091,0.34561,0.44758,714.684387570988
"2026-04-01","DLQGZT685W",,"Sumeet Cook Smart TriPly Stainless Steel Kadhai (26cm, 3.25L, Silver)","3.25 ltr","Cookware","Sumeet",,,1596.65631201254,3865.8142219583337,,37.7425,58.698058925249896,0.030262040554133052,0.02328,0.0084,0.01836,0,1520.3813888378872
"2026-04-01","5FPV0PX7I2",,"Wonderchef Granite Aluminium Non-Stick Fry Pan (1.8L, 24cm, Purple)","1.8 ltr","Cookware","Wonderchef",,,943.8373259588604,1942.5059736666667,,19.519,51.41135529291182,0.0036356489605294685,0.0032,0.00293,0.0064,0,925.4277671871654
"2026-04-01","3P548D59JO",,"Hawkins Contura Aluminum Pressure Cooker (1.5L, Silver, HC15)","1.5 ltr","Cookware","Hawkins",,,1084.3732782994075,1223.0509755833334,,58.76495,11.372058620903276,0.1454623476313272,0.25049,2.79374,0.30729,4.89232,1084.9745993667175
"2026-04-01","7X0XZI30M3",,"Carote Granite Tawa (26cm, Flat, Black)","1 Piece","Cookware","CAROTE",,,1345,2999,,4.56862,55.151717239079694,0.001982468304383402,0.00171,0.00008,0.00017,0,1345
"2026-04-01","JALJLIBR66",,"ANJALI Stainless Steel Puran Machine With 5 Jali (33.4 cm, Rust-Resistant and Durable, Silver)","1 Piece","Cookware","Anjali",,,328.8574753300862,750.6108983443709,,10.17009,56.18531941327783,0.015203947427105236,0.01111,0.0001,0.00021,0.00002,279.3221285637935
"2026-04-01","CUMS1UF49J",,"Vinod Hard Anodised Handi with SS Lid (2L, Black)","1 Piece","Cookware","Vinod",,,1166.8069795650943,1440.8867051933703,,11.06153,19.021601395891423,0.005592238289848148,0.00873,0.0013,0.00284,0,1168.9316686695267
"2026-04-01","3XQF7DDWW4",,"Wonderchef Royal Velvet Aluminium Non-Stick Wok with Lid (2.7L, 24cm, Purple, Induction Ready, 2 Year Warranty)","2 pieces","Cookware","Wonderchef",,,1299,2000,,18.35046,35.050000000000004,0.00991551442307437,0.01238,0.00354,0.00774,0,649.5
"2026-04-01","5RW9L8HBHM",,"Hawkins Futura Non-Stick Flat Tava with Plastic Handle (26 cm, Black, NFT26P)","1 Piece","Cookware","Hawkins",,,1225.4201589951028,1361.7013296249997,,34.88058,9.973481059881085,0.07021193987329985,0.12243,0.0583,0.03568,0.07739,1225.3778974030188
"2026-04-01","NLIA2GCY6M",,"Wonderchef Duralite Die-Cast Aluminium Non-Stick Dosa Tawa (28cm, Grey, Induction Base)","1 Piece","Cookware","Wonderchef",,,707.8858143867549,1288.713691625,,61.19621,44.82595110130423,0.7216516791045495,0.75449,0.46964,1.02609,0,713.0287719248794
"2026-04-01","BVSGLZZEYY",,"Wonderchef Duralife Die-Cast Aluminium Non-Stick Grill Pan (1.5L, 24cm, Ivory)","1 Piece","Cookware","Wonderchef",,,1236.6180870639503,1999.0549339166669,,22.76466,38.14043382819053,0.015864704093125594,0.01883,0.00365,0.00798,0,1235.9437658029583
"2026-04-01","C2C3KPJXIP",,"Vinod Platinum Triply Stainless Steel Kadai with Lid (2.5L, 24cm, 2.5mm Thickness, Induction-Friendly, Heavy Bottom, 5 Year Warranty)","2.5 ltr","Cookware","Vinod",,,2359.3778166278166,3517.43967798077,,19.83043,32.92346354984768,0.004746362671928032,0.00597,0.00054,0.00118,0,2355.1823761458445
"2026-04-01","DKEJ67ZK7R",,"Prestige Omega Deluxe Granite Non-stick Round Base Fry Pan with Induction Base (24cm, 1.7 L, Black)","1.7 ltr","Cookware","Prestige",,,1036.6266208106788,1217.0738772380953,,52.04178,14.840040125409732,0.07612702085590944,0.12307,0.15368,0.1607,0.14775,1036.7217051341513
"2026-04-01","7RZUR3NV5Y",,"Pigeon By Stovekraft Favourite Aluminium Pressure Cooker with Outer Lid(2L and 3L, Silver, Pack of 2)","2 pieces","Cookware","Pigeon by Stovekraft",,,1096.5602497401974,1882.380662952381,,15.04343,41.752766971998916,0.061100458434132886,0.06779,0.02685,0.05866,0,548.2915649445117
