"Date","Product ID","Item ID","Product Name","Grammage","Category","Brand","Offtake MRP","Offtake SP","SP","MRP","Units","Wt. OSA %","Wt. Discount %","Est. Category Share","Est. Category Share SP","Overall SOV","Organic SOV","Ad SOV","Wt. PPU (x100)"
"2026-03-01","AX38DWK6KK",,"CITIZEN Auto Open Auto Close Umbrella (3 Fold, Mechanical Lock, Spider-Man, Red)","1 Piece","Storage & Organizers","Citizen",,,851.7502858211768,1497.438165345622,,67.4922,43.10455711801589,0.09625984832447519,0.12807,0.13161,0.15211,0,859.0164736755435
"2026-03-01","TU2AUNR2XW",,"Kuber Industries Non Woven Clothes Organizer (Red)","6 pieces","Storage & Organizers","Kuber Industries",,,381.68352256730367,998,,12.02206,61.93349826561284,0.11314953146536458,0.08951,0.10197,0.03813,0.51178,60.669422322422854
"2026-03-01","AZJ88RPNPP",,"House of Quirk Jewelry Storage Holder (5cm,Leather, Portable, Black)","1 Piece","Storage & Organizers","House of Quirk",,,999,999,,93.54839,0,0,0,,,,999
"2026-03-01","VXAAICJ9C1",,"Kuber Industries Non Woven Dress Organizer for Wardrobe (Gold)","8 pieces","Storage & Organizers","Kuber Industries",,,418.62853209953016,999,,10.86531,58.10592039092679,0.026066200313429582,0.02441,0.01083,0.00735,0.03315,50.71212511516113
"2026-03-01","AQ7KFBQYNG",,"Casacraft By Pepperfry Engineered Wood Wall Shelf (Mapple White)","1 Piece","Storage & Organizers","Casacraft by Pepperfry",,,2296.6515873015874,2899,,6.76293,20.777799679144966,0.008093890082250473,0.01484,0.01539,0.00835,0.06058,2287.97840104732
"2026-03-01","850873WG2N",,"Nayasa Plastic Corner Rack Small (Cream)","1 Piece","Storage & Organizers","Nayasa",,,299.79829118250177,435,,7.58593,31.058921588739427,0.008499437408378135,0.01357,0.011,0.01272,0,303.70183798700737
"2026-03-01","RYLKZWLO6J",,"PrettyKrafts Wardrobe Organizer (Non Woven Fabric, Beige)","1 Piece","Storage & Organizers","PrettyKrafts",,,280.5221892011572,804.9512837327188,,18.19021,65.18896229953884,0.13008840416177,0.10355,0.01525,0.01763,0,278.90434089201614
"2026-03-01","2OSA39YN9I",,"PrettyKrafts Shirt Stacker Closet Organizer with Lid (MDF, Multicolor)","1 Piece","Storage & Organizers","PrettyKrafts",,,203.10370673111683,699,,47.8372,70.80042322044446,0.3655997723317461,0.24754,0.35225,0.40712,0,204.31814463123263
"2026-03-01","ASK2WZQGRM",,"CITIZEN Ladies Rainsuit (Reversible Series, Pink, CRLE03)","1 XXL","Storage & Organizers","Citizen",,,1299,1599,,36.89386,18.76172607879925,0.32792833957837714,0.61877,0.01255,0.0145,0,1299
"2026-03-01","VT24ZYP2SZ",,"Kuber Industries 4-Tier Plastic Drawers Storage Organizer (Multicolour)","1 Piece","Storage & Organizers","Kuber Industries",,,1115.4420590894147,3999,,14.79899,72.10697526658127,0.018270188777895484,0.01166,0.0017,0.00196,0,1099.2111252957404
"2026-03-01","KYO488MIFT",,"Bathla Stomo 6 - XXL Multi-Purpose Storage Organizer (Yellow)","1 Piece","Storage & Organizers","Bathla",,,2719,3999,,9.15905,32.00800200050013,0.004060041950643441,0.00641,0.0081,0.00086,0.05455,2719
"2026-03-01","ZKZXFK02NQ",,"Kuber Industries Satin Jewellery Kit (Pink)","1 Piece","Storage & Organizers","Kuber Industries",,,338.38461538461536,1199,,0.22298,71.77776352088279,0,0,0,0,0,338.38461538461536
"2026-03-01","PP57G2PHZU",,"Kuber Industries 5-Layer Plastic Drawer Storage Organiser (60L, Black & Grey)","1 Piece","Storage & Organizers","Kuber Industries",,,1443.347474166273,5799,,16.47252,75.11334664705612,0.13099726876647516,0.072,0.02012,0.02326,0,1375.1634237745427
"2026-03-01","XHAXRKOAPA",,"Kuber Industries 5-Layer Plastic Drawer Storage Organiser (48L, Chocolate Brown)","1 Piece","Storage & Organizers","Kuber Industries",,,1236.1262147001037,5399,,34.20663,77.1346969724422,1.3131407691613473,0.673,0.08357,0.09659,0,1242.4899531600472
"2026-03-01","AVHJ719VI8",,"utiliKart Manual Hand Sewing Machine","1 Piece","Storage & Organizers","utilikart",,,147,175,,3.8282,16.000000000000004,0.010746775707914715,0.02097,0.00694,0.00802,0,147
"2026-03-01","EY6IWWC5YS",,"Buildskill Roll 2 ply 30 inches (5M)","1 Piece","Storage & Organizers","Buildskill",,,245.34280447495553,329,,14.98173,25.682294688983124,0.013477329052814829,0.02174,0.00075,0.00087,0,22882.551050911625
"2026-03-01","5Y7XV2AY68",,"Kuber Industries Storage Box for Kids (Red)","1 Piece","Storage & Organizers","Kuber Industries",,,248.00015188568966,598.9224806395349,,8.50442,58.59227865000612,0,0,0.00154,0.00078,0.00645,248.00015188568966
"2026-03-01","ZZ4JB5LPL8",,"Cello Medico First Aid/Medical Box (Plastic)","1 Piece","Storage & Organizers","Cello",,,256.459142738203,308,,9.79154,16.734044565518506,0.003909732070475208,0.00752,0.02676,0.03092,0,257.8822933920837
"2026-03-01","KZX7F98B3Q",,"Awestuffs Luxury Cosmetic Bag with Handle (Brown)","1 Piece","Storage & Organizers","Awestuffs",,,424.3729408861991,750,,34.55509,43.411361344537816,0.05825078942689858,0.07654,0.33704,0.38955,0,424.5905443688295
"2026-03-01","WFUQLZL36W",,"Kuber Industries 4-Shelf Non-Woven Hanging Organizer (Brown)","1 Piece","Storage & Organizers","Kuber Industries",,,255.05443360518447,699,,11.6501,63.44755264518043,0.017528842783306877,0.01467,0.00008,0.00009,0,270.4707094213031
"2026-03-01","HHPVSY4MUR",,"DREAM WEAVERZ High Water Absorbent Dish Dry Mats (Set of 2, Purple)","1 Piece","Storage & Organizers","Dream Weaverz",,,427.33035090822665,1999,,22.03738,78.65627646929842,0.11703870443368913,0.0565,0.00655,0.00757,0,436.81452945775004
"2026-03-01","YXTBKD7AOC",,"PrettyKrafts Clothes Hanging Organizer (4 Compartments, Beige)","1 Piece","Storage & Organizers","PrettyKrafts",,,255.62364616441366,999,,55.1232,74.32338017702583,0.3271790745222193,0.18718,0.42017,0.48562,0,257.12901546239283
"2026-03-01","38BJY08MRM",,"Awestuffs Luggage Compression Pouches (Pink)","6 pieces","Storage & Organizers","Awestuffs",,,359,1000,,16.51734,64.1,0.007868044537884223,0.00656,0.00112,0.00129,0,59.83333333333332
"2026-03-01","5QZWTRKODT",,"Awestuffs Jewellery Storage Travel Case (5 Compartments, White)","1 Piece","Storage & Organizers","Awestuffs",,,364.7416946217321,1000,,46.95047,63.510492554894796,0.11429124693813182,0.09662,0.41938,0.48471,0,366.2200529393059
"2026-03-01","9HNU612KGT",,"Sun Toys4 19"" Kids Umbrella (Non-Folding, UV Protective, Auto Open)","1 Piece","Storage & Organizers","Sun",,,415.18649193548384,600,,15.07867,30.80225134408602,0.000913737873363115,0.00147,0.00016,0.00018,0,415.03207350901533
"2026-03-01","PCOW8AQOZ0",,"Kuber Industries Non Woven Dress & Clothes Organizer For Wardrobe (Pack of 24) - Single Storage Organizer For Saree | Salwar Suit | Lehenga Chunni - Single Saree Covers With Zip (Beige)","1 pack","Storage & Organizers","Kuber",,,503.9125665161711,998,,10.59067,49.51383543062485,0.02805525537409552,0.03237,0.00696,0.00394,0.02634,496.01108346771383
"2026-03-01","VK9WK04UF6",,"Nestasia PVC Travel Bag Kit (4 Different Sizes, Grey and Transparent)","4 pieces","Storage & Organizers","Nestasia",,,945.1277029791178,1529.3512299999998,,52.39484,38.23511443019742,0.1393281215372178,0.19782,1.00838,0.14531,6.54849,233.97214063181409
"2026-03-01","VWLWKKK3VX",,"Absorbia Hanging Pouch (Dehumidifier for Wardrobes, Closets and Bathrooms)","440 g","Storage & Organizers","Absorbia",,,259,299,,1.41692,13.377926421404682,0,0,0,0,0,58.86363636363636
"2026-03-01","G22YHFOQ6V",,"SUN BRAND 23"" Checks Print Umbrella (2 Fold, Auto Open, UV Protective)","1 Piece","Storage & Organizers","Sun",,,450,573.9465722580645,,36.65136,21.595489588939333,0.002627148675564516,0.00478,0.04618,0.05338,0,450
"2026-03-01","4O6ZNDMPAU",,"Saaj Plastic Multipurpose Storage Organizer/Tray (23x29x6.5 cm, Red, Series 222)","1 Piece","Storage & Organizers","saaj",,,89.7770930171729,175,,15.19523,48.683115875352975,0.009236519292891047,0.01092,0.0196,0.02265,0,91.4734992704926
"2026-03-01","15BS2SU8YS",,"Kuber Industries Non Woven Saree Cover with Zip (Black)","3 pieces","Storage & Organizers","Kuber Industries",,,244.19157650066242,659,,23.61576,62.75291779793214,0.2991795571583991,0.24384,0.0982,0.10171,0.07573,82.2404783111861
"2026-03-01","YA7OHAYZHO",,"Quace Woven Cotton/Jute Bag (Black and Brown)","1 Piece","Storage & Organizers","Quace",,,1130.4,1200,,0.53407,5.8,0,0,,,,1130.4
"2026-03-01","F3P6NN77R3",,"Kuber Industries Non-Woven Shoe Cover (Grey)","12 pieces","Storage & Organizers","Kuber Industries",,,304.6594073124257,649,,25.42428,52.863388928528394,0.13317028971897824,0.14149,0.15418,0.1782,0,25.608418761645165
"2026-03-01","F4GLOOVSYB",,"WD Elements 1TB External Hard Disk Drive (HDD) 5GB/s, USB 2.0,USB 3.0, Compatible with Windows 10, Wired - Black","1 unit","Storage & Organizers","WD",,,8355.44655169797,13058.344791102043,,24.39538,36.03823706888534,0.5208305878169756,0.76179,0.01494,0.01726,0,8492.1930807591
"2026-03-01","P515ATVQH1",,"Kuber Industries Non Woven Saree Cover with Zip (Maroon)","6 pieces","Storage & Organizers","Kuber Industries",,,427.4147729508495,1099,,12.0538,61.26102278667133,0.07322101387514318,0.06175,0.01054,0.00652,0.03636,69.58716846729666
"2026-03-01","O6TOWPSKB0",,"Crownsy Non-Woven Storage Organizer with Lid (Brown)","1 Piece","Storage & Organizers","crownsy",,,220,499,,10.13074,55.91182364729459,0,0,,,,220.00000000000003
"2026-03-01","GXBOIM3RCW",,"Kuber Industries Stationary Organizers for Desk and Pen Holder (8 Compartments, with Drawers for Students, White)","1 Piece","Storage & Organizers","Kuber",,,335.46851538269544,1299,,22.61948,76.9320449454329,0.7438222242254213,0.35464,0.20044,0.23167,0,272.70633978657844
"2026-03-01","G2EJ6T84BT",,"ABZORBZAP Hanging Dehumidifier (Rose)","220 g","Storage & Organizers","Abzorb Zap",,,115.91403799014645,136.71936661290326,,14.47931,15.185684433923885,0.005018857559092468,0.00966,0.00001,0.00001,0,52.59291438032065
"2026-03-01","8D6L6Y97B4",,"Bathla Stomo Vero Multipurpose Drawer Organizer (Ash)","8 pieces","Storage & Organizers","Bathla",,,395.6029395941245,899,,9.65756,55.99761637313939,0.04555622915226482,0.04641,0.0011,0.00009,0.00756,49.348116730515684
"2026-03-01","UJRWJ5YNJ7",,"UtiliKart Cozykare Weekly Pill Box Organiser (32 Compartments, Plastic, Multicolour)","1 Piece","Storage & Organizers","utilikart",,,197.80292390739444,599.1561164112903,,50.6824,66.78507644463741,0.9022247761587397,0.68941,0.4877,0.56368,0,199.20733815726877
"2026-03-01","G66TMG3GJI",,"SanDisk Cruzer Blade 2.0 USB 32 GB Flash Pen Drive,Shockproof-Black","1 unit x 2","Storage & Organizers","SanDisk",,,1137.945945945946,1160.8108108108108,,0.42652,1.969732246798603,,,0.00004,0.00005,0,1137.945945945946
"2026-03-01","60WXGP8M3C",,"Kuber Industries Foldable Boxes for Storage (Pack of 4, Multipurpose Storage Organizer for Clothes, Wardrobe, Closet, Toys, Books)","4 pieces","Storage & Organizers","Kuber",,,692.4613651862479,1399,,22.10391,50.55118447777612,0.052843745561272346,0.05982,0.02025,0.02341,0,681.449969459753
"2026-03-01","DBLBQ8YBKO",,"Absorbia Reusable Box with Refill (Set of 3, Dehumidifier for Basements and Storage Rooms)","3 pieces","Storage & Organizers","Absorbia",,,969.0783639353116,1165.002203548387,,28.85359,16.815072930751413,0.009065650310572144,0.01788,0.00154,0.00178,0,932.8684039166352
"2026-03-01","33WEYTXA8P",,"Wildcraft Hypadry 2 Tone Rain Cheater Suit (Waterproof, Breathable, Dark Grey and Black)","1 pack","Storage & Organizers","Wildcraft",,,1493.0490212839113,1799,,34.88612,16.82754768341631,0.06392616764800244,0.12648,0.01867,0.02157,0,1532.208749109362
"2026-03-01","MPXXULOMIB",,"SATVIK Festaholic Charkhi (with Thread, for Kite)","1 Piece","Storage & Organizers","Satvik",,,389.854623878537,449,,0.29246,13.39362810966946,0.007863932717454086,0.01719,0.00429,0.00496,0,36785.565836652895
"2026-03-01","GT99HJGEUU",,"Bathla Ascend Steel Ladder (6 Step)","1 Piece","Storage & Organizers","Bathla",,,4437.840790162219,8599,,7.90713,48.390975133940486,0.29241987666090413,0.35069,0.00003,0.00003,0,443982.5513632891
"2026-03-01","U39OUSWVCI",,"Seagate One Touch 1Tb External Hdd With Password Protection Black, For Windows&Mac, With 3Yr Data Recovery Services, 6M Mylio Create Plan & Dropbox Backup (Stky1000400)","1 Piece","Storage & Organizers","Seagate",,,7573.866666666667,8069.370370444444,,0.63208,6.140549770681631,0,0,0.00117,0.00136,0,7573.866666666667
"2026-03-01","FIDXUKVQLK",,"Kuber Industries Non-Woven Undergarment Organizer (Grey)","1 Piece","Storage & Organizers","Kuber Industries",,,297.12038060308913,799,,17.01778,62.87355776487023,0.045982183290897594,0.03724,0.01566,0.01301,0.03268,305.7414398169098
"2026-03-01","Y9Q9JBIP0X",,"Kuber Industries Non-Woven Shirt Organizer (Black)","4 pieces","Storage & Organizers","Kuber Industries",,,609.9291217228716,1948.9995044239631,,39.62183,68.82128235236365,0.492145005599905,0.34824,0.26076,0.30138,0,151.42071922202763
"2026-03-01","GWC43GIUVM",,"PrettyKrafts Innerwear Clothing Organizer (Fabric, Black)","1 Piece","Storage & Organizers","PrettyKrafts",,,166.9816767195767,499,,22.51666,66.5396516275065,0.00823140763219162,0.0063,0.0001,0.00012,0,166.15573420868913
"2026-03-01","DBQ82DOJXA",,"Saaj Plastic Multipurpose Storage Organizer/Tray (23.5x8.5x5 cm, Green, Series 111)","1 Piece","Storage & Organizers","saaj",,,69.01461544856608,99,,11.83272,30.342509667441714,0.002588162526301023,0.00409,0.01294,0.01495,0,67.02276214601993
"2026-03-01","91VAWA8JX4",,"Kuber Industries Non-Woven Blouse Cover (Maroon)","3 pieces","Storage & Organizers","Kuber Industries",,,249.2352607626292,460.1643801935485,,25.29079,45.834825280933536,0.012804056529791772,0.01613,0.02422,0.028,0,83.05472680266591
"2026-03-01","U2SK0O7ATA",,"PrettyKrafts Storage Bag Organizer with Handles (Non Woven, Brown)","3 pieces","Storage & Organizers","PrettyKrafts",,,277.4872105476319,285.4513027419355,,56.47626,2.871047809636492,0.667879337515175,1.50719,2.87638,3.32449,0,277.34388913981223
"2026-03-01","13L6K8YPQQ",,"SANDISK SDCZ430-064G-I35 Ultra Fit 3.2 64GB USB Flash Drive (Black)","1 Piece","Storage & Organizers","SanDisk",,,1094.9411727869897,1101.8254331651374,,16.87027,0.6136442373783129,0.017868905561843514,0.04016,0.00991,0.01145,0,1113.4596057557062
"2026-03-01","4S60NX94DD",,"HomeStrap Foldable Storage Undergarment Organizer (Various compartments, Non-woven Fabric, Grey)","4 pieces","Storage & Organizers","Homestrap",,,446.57126281271695,999,,24.51205,55.294740607289036,0.12858225956717648,0.13373,0.03578,0.04135,0,111.82494810008502
"2026-03-01","AE3S47JFUL",,"EVM 256GB M.2 NVMe 2280 SSD, 2000MB/s PCIe Gen3x4 – 5 Yr Wty (EVMNV/256GB) Black","1 pack","Storage & Organizers","EVM",,,4165.785537157168,6837.677795944445,,10.24947,39.076319028262425,0.015988128439171103,0.01838,0.02273,0.02627,0,4008.63882791678
"2026-03-01","XB61NTVI45",,"Kuber Industries 4-Layer Kitchen Storage Rack (Black)","1 Piece","Storage & Organizers","Kuber Industries",,,706.2104862593055,2699,,27.91773,73.54493583733317,0.47577660991576926,0.23485,0.08026,0.09277,0,752.6832998234378
"2026-03-01","FMDF778KIQ",,"Ikea Fjäderharv Storage Box with Lid (32x35x31cm, White)","1 Piece","Storage & Organizers","IKEA",,,829,958,,14.66525,13.46555323590813,0.025364601916332268,0.05098,0.02087,0.02412,0,828.9999999999998
"2026-03-01","7Q57TAP2PN",,"Kuber Industries Plastic Knit Basket M20 (Large, Brown)","1 Piece","Storage & Organizers","Kuber Industries",,,173.81449085480062,299,,47.02858,41.53922217662931,0.3046280238076177,0.41169,0.44338,0.47512,0.23966,175.08436475743073
"2026-03-01","FGYH9CAKW6",,"Crownsy Wardrobe Organizer Shirt Stacker (Grey)","2 pieces","Storage & Organizers","crownsy",,,164.0078641302945,499,,9.24231,67.14664002568398,0.024355378435202708,0.0179,0.00016,0.00018,0,85.92214375431676
"2026-03-01","XOQX7S2LKC",,"SE7EN Reusable Poncho C006 (Waterproof, Lightweight, Hooded, Reusable)","1 Piece","Storage & Organizers","Se7en",,,81.14285714285714,149,,0.06766,45.54170661553212,0,0,0,0,0,81.14285714285714
"2026-03-01","JZK8KCRIIS",,"Awestuffs Hanging Travel Kit (Pink)","1 Piece","Storage & Organizers","Awestuffs",,,323.78541916412996,750,,36.55039,57.29145648168091,0.08388494401587297,0.0738,0.03873,0.04476,0,298.1629596188618
"2026-03-01","P5UK4KK4GU",,"Gubb Travel Bottles for Toiletries (75ml, Refillable Bottle Pump, Spray)","3 pieces","Storage & Organizers","Gubb",,,209.78550475198304,273.3387906451613,,66.8013,23.369934215399173,0.30918833724392747,0.54924,2.38779,0.4977,14.52028,69.78528554939267
"2026-03-01","9YM89Y6RRX",,"MOKOBARA 21"" Em City Umbrella (3 Fold, Auto Open, UV Protective, Crypto)","1 Piece","Storage & Organizers","Mokobara",,,3802.9443471031423,3999,,40.21614,4.902616976665609,0.03451035658046925,0.07685,0.03785,0.01448,0.18787,3843.989689155211
"2026-03-01","SBR443N6RK",,"Joyo 3 Step Jaguar Corner Wall Mount Rack (54cm, Assorted)","1 Piece","Storage & Organizers","Joyo",,,213.2581105749139,468.1147183060109,,12.64323,54.48192381936145,0.0288418313934156,0.02972,0.01791,0.01747,0.0207,213.90937783173473
"2026-03-01","AJBI5S1X9Y",,"Kuber Industries Transparent Storage Box","1 Piece","Storage & Organizers","Kuber Industries",,,553.4329319676048,2199,,14.6839,75.18135006581548,0.30816144816391283,0.15573,0.07515,0.03809,0.31304,471.52891591261437
"2026-03-01","B73KO865X4",,"Kuber Industries Storage Bag with Handle (Grey and Black)","2 pieces","Storage & Organizers","Kuber Industries",,,599.6537439671218,1399,,28.97833,57.26507822644193,0.3371831336287354,0.32838,0.25455,0.14004,0.98953,298.2081855898191
"2026-03-01","TXWWLA6NQI",,"CITIZEN Paper Print Piano Umbrella (19x8"", Frozen)","1 Piece","Storage & Organizers","Citizen",,,231.09081168588193,799,,27.65208,71.07749540852542,0.0048671770721141925,0.00523,0.01127,0.01302,0,245.46654544486273
"2026-03-01","PYSUPKS2VS",,"Kuber Industries Clothes Organizer for Wardrobe with Zip (Maroon)","6 pieces","Storage & Organizers","Kuber Industries",,,352.47355167764204,938,,25.58857,62.92590091198633,0.29560836497000487,0.25083,0.07473,0.06947,0.10851,57.10622783995453
"2026-03-01","O4OWR21QUJ",,"UrbanFix Capsule Umbrella (Folding, Compact, Waterproof Ultra Protective, Assorted)","1 Piece","Storage & Organizers","UrbanFix",,,345.1670492033907,999,,24.09577,65.40853927840455,0.11410301693621898,0.08966,0.18276,0.21123,0,356.2932164678404
"2026-03-01","QUCRRXUYDJ",,"H&H Multi-Layer Dustproof Shoe Rack (5 Layer, Zig-Zag Design, for Home, Living Room, & Offices)","1 Piece","Storage & Organizers","Hh",,,613.3913043478261,1299,,0.87131,52.77973022726512,0,0,,,,613.3913043478261
"2026-03-01","NQU2JU8XIM",,"Awestuffs Luggage Compression Pouches (Navy Blue)","6 pieces","Storage & Organizers","Awestuffs",,,370.1625503694181,1000,,51.01021,63.025370250602975,0.9024393522693346,0.77468,0.87444,1.01067,0,61.61018166815644
"2026-03-01","SV5M20WDT9",,"Varmora Homeware 3 Layer Virgin Drawer (Plastic, Multicolor)","1 Piece","Storage & Organizers","varmora homeware",,,1466,1725,,0.64341,15.014492753623188,0,0,0,0,0,1466
"2026-03-01","UW8NKWF33A",,"Kuber Industries Printed Laminated PVC Jewellery Organiser with 10 Transparent Pouches (Gold)","1 Piece","Storage & Organizers","Kuber Industries",,,390.24941040294374,899,,12.8131,56.5854116334662,0.02669713631498681,0.0268,0.04519,0.01834,0.21751,388.89247699065083
"2026-03-01","I2LZLAVSZ5",,"Samsung EVO Plus Micro SDXC Memory Card 128GB","1 unit","Storage & Organizers","Samsung",,,1920.9628720238095,3262.561056666667,,11.78694,41.1210138704211,0.0016747292322290292,0.00224,0.17944,0.2074,0,1899.919349312935
"2026-03-01","0L6XRJUCLJ",,"Kuber Industries Plastic Cupboard or Storage Box (White and Black)","1 Piece","Storage & Organizers","Kuber Industries",,,1306.2114554385798,5799,,21.7454,77.47614548227446,0.21080267775707298,0.11078,0.14593,0.05594,0.72359,1313.0266993671928
"2026-03-01","EVQSN55JAL",,"EVM 128GB M.2 NVMe 2280 SSD, 2000MB/s PCIe Gen3x4 – 5 Yr Wty (EVMNV/128GB) Black","1 pack","Storage & Organizers","EVM",,,2821.598069467769,3958.959254626168,,5.8403,28.728830566934477,0.011165115364269462,0.01796,0.02876,0.03324,0,2770.492341646152
"2026-03-01","YX54F7PNP3",,"EVM 128GB 2.5"" SATA Internal SSD, 550mb/s Read – 5-Year Warranty (EVM25/128GB) Black","1 pack","Storage & Organizers","EVM",,,2485.8856604788803,3419.945386158192,,2.43087,27.312124031565045,0,0,0.01145,0.01324,0,2485.8856604788803
"2026-03-01","DTXN13ONQF",,"Saaj Quadra Rack Medium (2 Compartments, Plastic, Blue)","1 Piece","Storage & Organizers","saaj",,,236.9373301873302,350,,12.15548,32.300977192072644,0.002931727966685554,0.00464,0.00661,0.00764,0,238.11597222686
"2026-03-01","5O73C1MRAA",,"SANDISK 128 GB Ultra Dual Luxe Type C Flash Drive (Silver)","1 unit","Storage & Organizers","SanDisk",,,2205.8629103909852,2296.202323620689,,21.75151,3.970317565916715,0.06084001798071852,0.13173,0.02343,0.02687,0.00131,2151.9302741522524
"2026-03-01","SKP5HIU179",,"Ddesh Handmade Multipurpose Jute Organizer Basket (25 cm, Beige)","1 Piece","Storage & Organizers","ddesh",,,740.5934288570787,1299,,22.38504,43.0043293904862,0.07781087150269166,0.10237,0.02303,0.02661,0,738.5109893608239
"2026-03-01","25HT0SR4D5",,"ZEEL Waterproof Rainsuit for Men (Premium Fabric, Hooded, Lightweight, Durable)","1 XXL","Storage & Organizers","Zeel",,,1697.8729826621861,1848.6310581404957,,52.17431,8.157436257241448,0.24967004109702862,0.53239,0.0719,0.0831,0,1697.4673124140584
"2026-03-01","G88CH5CD6T",,"ZEEL Waterproof Rain Pant (Free Size, Elastic Waistband, Lightweight, Durable, Black)","1 Piece","Storage & Organizers","Zeel",,,474.1089991440788,498.24822889400923,,50.80128,4.924224628703193,0.053825861485492135,0.11803,0.03973,0.04592,0,470.8217128733531
"2026-03-01","NDR1IB84LJ",,"Awestuffs Luxury Retro Cosmetic Bag (Pink)","1 Piece","Storage & Organizers","Awestuffs",,,657.6722949769692,1000,,64.07579,34.241571086049134,0.096994188995368,0.14804,0.90165,1.04211,0,656.9948186439
"2026-03-01","CDIN5U8UNX",,"SANDISK Extreme Pro SD UHS I 128GB Card for 4K Video for DSLR and Mirrorless Cameras 200MB/s Read & 90MB/s Write","1 Piece","Storage & Organizers","SanDisk",,,3983.120813817853,4876.473047864582,,21.46971,18.218723390894258,0.05477340766016968,0.08794,0.16247,0.16565,0.14202,4037.0146048349197
"2026-03-01","B2RAT4P2TY",,"Crownsy Printed Storage Box (Small and Large, Grey)","2 pieces","Storage & Organizers","crownsy",,,183.88636363636363,599,,1.11171,69.30110790711792,0,0,0,0,0,91.94318181818181
"2026-03-01","ALOM98XSX5",,"Crownsy Clothing Storage 7 Grids Organizer (Grey)","2 pieces","Storage & Organizers","crownsy",,,234.03858105979316,599,,4.82844,60.928447964877755,0.006994663420594644,0.00583,0.00011,0.00013,0,114.35472315274599
"2026-03-01","YBDS0I60FF",,"Nestasia PVC Travel Bag Kit (4 Different Sizes, Green and Transparent)","4 pieces","Storage & Organizers","Nestasia",,,942.5740587395774,1530,,45.25501,38.255442362482576,0.12604694154788493,0.1836,0.89674,0.17575,5.52481,242.07227031698218
"2026-03-01","VOD7XU3XGL",,"SANDISK 64 GB Ultra Flair USB 3.0 Pen Drive (Silver)","1 unit","Storage & Organizers","SanDisk",,,962.0549279428045,1051.4477803629034,,43.86402,10.739525300321857,0.39836138691224393,0.77965,0.11581,0.13385,0,959.7835991807575
"2026-03-01","2VAWXHL5WP",,"Ikea Pärkla Storage Case (55x49x19cm)","1 Piece","Storage & Organizers","IKEA",,,249,318,,4.11855,21.69811320754717,0.00516566477741281,0.00939,0.00515,0.00595,0,249.00000000000003
"2026-03-01","3KDSYXWHHV",,"Kuber Industries 2-Layer Plastic Drawer Storage Organiser (19L, Black and Grey)","1 Piece","Storage & Organizers","Kuber Industries",,,744.580021713989,3099,,25.29795,76.08391752940686,0.33191969889887274,0.17703,0.10337,0.11948,0,728.1718349243438
"2026-03-01","621V93KE4M",,"Kuber Industries Non Woven Coat Cover with Zip (Grey and Black)","2 pieces","Storage & Organizers","Kuber Industries",,,291.5359005640092,599,,14.93663,51.42194061508605,0.057235474359946595,0.06318,0.00871,0.01007,0,142.01858613625427
"2026-03-01","APYWLCNRCO",,"UrbanFix Raincoat (100% Waterproof, Polyester, Reversible, Double Layer, For Men, With Pants, Adjustable Hood, Blue)","1 XXL","Storage & Organizers","UrbanFix",,,902.6800338718466,1999,,35.79824,54.84342001641588,0.012176927769373552,0.01272,0.00833,0.00963,0,980.1600093874862
"2026-03-01","VRUCSQEL1W",,"HOME ESSENTIALS Hung Yogurt Filter & Curd Maker with Fine Mesh Strainer (1.1L, White)","1100 ml","Storage & Organizers","HomeEssentials",,,728.1178636346057,999,,3.11901,27.140824018334065,0.01090317717390537,0.01687,0.00033,0.0002,0.00116,59.81439482692944
"2026-03-01","N5NEEJTPGK",,"Buildskill Box 3 ply OP (Pack of 5) M","5 Piece","Storage & Organizers","Buildskill",,,314.26666666666665,389,,4.71976,19.259519564520936,0.008886557687392976,0.01597,0.00127,0.00147,0,6027.393101531835
"2026-03-01","JLG2DLYN52",,"Zeel Apex Rainsuit for Men (Stylish, Olive)","1 XXL","Storage & Organizers","Zeel",,,1383.174937371222,1598.2015237419353,,64.25231,13.457517773636964,0.09983956873302074,0.20043,0.10795,0.12477,0,1382.433812015358
"2026-03-01","3QM1M7XUI8",,"HomeStrap Underbed Storage Organizer (Pack of 2, Non Woven Fabric, Grey)","2 pieces","Storage & Organizers","Homestrap",,,212.93113446171137,499,,10.07225,57.2549876730313,0.1099135287868491,0.10945,0.02395,0.02768,0,107.75827605135756
"2026-03-01","29TOLVJFTA",,"Kuber Industries Plastic Multiple Drawer Organizer (Clear, 8U Small, 8U Medium, 6U Large, 3U XL)","25 pieces","Storage & Organizers","Kuber Industries",,,1321.7208379760993,2999,,12.8617,55.927948050146746,0.034254662265573145,0.03511,0.00672,0.00776,0,52.326295588066955
"2026-03-01","XMYJ7TRIQK",,"Kuber Industries Cotton Hanging Saree Bag with Zip (Cream)","10 pieces","Storage & Organizers","Kuber Industries",,,906.373388508273,3999,,24.15263,77.33191538698507,0.05785559779666903,0.0294,0.009,0.00711,0.02119,88.02086976221271
"2026-03-01","FS14XIC6P5",,"Sun Golf 30"" Umbrella (Non-Folding, Big Size, UV Protective, Blue)","1 Piece","Storage & Organizers","Sun",,,892.3880338792591,1498.3948884895835,,41.94335,40.43904642778735,0.04299426044500021,0.05929,0.14521,0.16783,0,892.5915597171355
"2026-03-01","H5HXX5PYS4",,"Cheston Hand Tool Box (5 Compartment, 40x20x20 cm, Red and Black)","1 Piece","Storage & Organizers","Cheston",,,2141.418439716312,2999,,17.45512,28.595583870746516,0.0038060228218484947,0.00625,0.00073,0.00085,0,2120.927533050393
"2026-03-01","OAU3ONP2T6",,"Kuber Industries Jute Potli Bag (Multicolour)","5 pieces","Storage & Organizers","Kuber Industries",,,702.8599330202421,1798.9214385714286,,36.23595,61.01047041272182,0.182264511916905,0.15982,0.1103,0.12749,0,139.40845981134657
"2026-03-01","J3ST7MTUDB",,"Kuber Industries 9 Inch Non-Woven Saree Storage Bag (Black)","6 pieces","Storage & Organizers","Kuber Industries",,,440.57986574320125,1799,,11.0793,75.64065197174017,0.06986424550769822,0.03326,0.00332,0.00142,0.01548,71.5101477601004
"2026-03-01","NQQ3649NQU",,"Kuber Industries Non-Woven Foldable Drawer Organizer (Navy Blue)","6 pieces","Storage & Organizers","Kuber Industries",,,505.47262274076866,2199,,44.82692,77.0808106136009,0.4028945927916438,0.20709,0.28305,0.11429,1.3663,83.38865059495296
"2026-03-01","TSW29GHNLD",,"Kuber Industries 4-Shelf Non Woven Wardrobe Hanging Organizer (Brown)","1 Piece","Storage & Organizers","Kuber Industries",,,255.84259118349962,599,,15.70749,57.276080210259984,0.011175927929104258,0.01014,0.0084,0.00971,0,283.0326026972876
"2026-03-01","NW7F6JFT1D",,"SUN GOLF 30"" Big Size Umbrella (Non-Folding, UV Protective, Black)","1 Piece","Storage & Organizers","Sun",,,890,1499,,51.70582,40.62708472314877,0.10995677904618827,0.15164,0.11971,0.13836,0,890.0000000000001
"2026-03-01","9YFTEZGZ60",,"CITIZEN Ladies PVC Series Raincoat (with Zip, Orange, XL)","1 Piece","Storage & Organizers","Citizen",,,282.14677419354837,289,,10.16135,2.3713584105368986,0,0,,,,282.14677419354837
"2026-03-01","E51ZRYKLXU",,"Samsung Type-C Usb Flash Drive, 256Gb, Transfers 4Gb Files In 11 Secs W/Up To 400Mb/S 3.13 Read Speeds, Compatible W/Usb 3.0/2.0, Waterproof, 2022,Blue","1 unit","Storage & Organizers","Samsung",,,3346.99,6269,,6.79204,46.61046418886585,0.02864111364056684,0.03488,,,,3490.0724185357594
"2026-03-01","8VG32PJ7WK",,"Kuber Industries 2-Compartment Toiletry Travel Bag (Green)","2 pieces","Storage & Organizers","Kuber Industries",,,334,799,,13.87908,58.19774718397998,0.002433283956765975,0.00236,0.00495,0.00572,0,167
"2026-03-01","0GZ7CM7MJ5",,"PrettyKrafts Shirt Stacker Storage Bins (Fabric, Grey, Black)","1 Piece","Storage & Organizers","PrettyKrafts",,,178.8816067420508,498.7438224193549,,76.04486,64.3587259405447,1.50138066990111,1.24312,2.08261,2.40706,0,177.83907657436902
"2026-03-01","DWSX57EEYP",,"Bathla Advance 4 Step Aluminium Ladder","1 Piece","Storage & Organizers","Bathla",,,5409.84494027496,6799,,6.38481,20.43175554824297,0.031062366715333533,0.04682,0,0,0,442075.1686996817
"2026-03-01","SYQOJHFV0V",,"SE7EN Waterproof Mobile Rain Pouch (Plastic Air Lock)","1 Piece","Storage & Organizers","Se7en",,,55.73461128089167,98.99656733333333,,58.69248,42.627687395883186,0.21023265761374,0.28057,0.76231,0.68048,1.28753,57.01135630262176
"2026-03-01","ZYKTS4OW3N",,"Kuber Industries 2-Layer Plastic Drawer Storage Organiser (19L, Chocolate Brown)","1 Piece","Storage & Organizers","Kuber Industries",,,757.0106776812752,3099,,4.72378,75.57242085571878,0.01730467242504179,0.00965,0.00315,0.00364,0,811.3457192299456
"2026-03-01","F5NKCMW2LD",,"Awestuffs Portable Cosmetic Toiletry Pouch (Pink)","1 Piece","Storage & Organizers","Awestuffs",,,387.58440831977407,1000,,26.59697,61.3629045500023,0.1005475632952316,0.08596,0.14734,0.1703,0,376.770868529337
"2026-03-01","5APVIJNOVL",,"Kuber Industries Embroidered Potli Bag (Cream)","1 Piece","Storage & Organizers","Kuber Industries",,,206.5243776329308,899,,22.69841,77.06185305249167,0.0766310836185343,0.04073,0.0327,0.03779,0,209.07792382410034
"2026-03-01","EO129FLCHV",,"CITIZEN Kids Raincoat for Girls (Lightweight, Waterproof)","1 L","Storage & Organizers","Citizen",,,489.4193158272101,598.5472893548388,,65.59068,18.217892721672538,0.005473137571799497,0.01051,0.0067,0.00774,0,49.72676395274361
"2026-03-01","KIR0CTQ4W6",,"Kuber Industries Non-Woven Storage Box with Handle (Brown)","4 pieces","Storage & Organizers","Kuber Industries",,,554.3936639827222,1399,,25.71617,60.36445933821569,0.23009046594660382,0.21157,0.3699,0.22915,1.27332,138.92248670161197
"2026-03-01","7JBJ7SCHNY",,"Kuber Industries Non-Woven Foldable Drawer Organizer (12 Pieces Wardrobe Organizer for Clothes, Storage Box for Socks, Bra and Scarfs)","12 pieces","Storage & Organizers","Kuber",,,901.359233622221,3999,,13.48178,77.46488763547306,0.253093207749938,0.1325,0.07537,0.02527,0.39695,74.99606960257955
"2026-03-01","GIZSP5VZAR",,"Nilkamal Multipurpose Storage Box with Lid and Handles (50L, for Clothes, Toys, Household Items)","1 pack","Storage & Organizers","Nilkamal",,,1235,1250,,1.24252,1.2,0,0,,,,1235
"2026-03-01","E54VKIKKBP",,"KK UMBRELLAS Premium Bs Umbrella (2 Fold, Auto Open, UV Protective, Black)","1 Piece","Storage & Organizers","Kk Umbrellas",,,225.7852003549874,499,,37.05708,54.67685239873992,0.0909324519434771,0.09608,0.2922,0.33773,0,226.95369670788259
"2026-03-01","TW3KMZVS6S",,"Bathla Stomo 3 Plastic Drawer Multi-Purpose Storage Organizer (61cm, Green)","1 Piece","Storage & Organizers","Bathla",,,1526.4774774774776,1919.5205205405405,,1.02556,20.47610530114997,0.0027398430132793005,0.00537,0.00467,0.00015,0.0337,1519.4352157726391
"2026-03-01","JMXJRK49BB",,"Chumbak Stylish ""Good Things"" Multicolour Storage Box","1 Piece","Storage & Organizers","Chumbak",,,859.2463768115942,995,,4.96169,13.643580219940281,0,0,0.00007,0.00008,0,859.2463768115942
"2026-03-01","K9MKO29OKN",,"Kuber Industries 2-Compartment Non-Woven Foldable Storage Box with Double Lid (Small, Maroon)","1 Piece","Storage & Organizers","Kuber Industries",,,333.8764823409106,1299,,16.63758,74.29546520370513,0.08197842994310083,0.04634,0.06171,0.03485,0.23415,369.083169599092
"2026-03-01","YVT2463OM0",,"Lifelong Table Top Board for Ironing (Portable Ironing Stand, Iron Board, Compact & Space Saving, Ironing Table for Dorms, Laundry Rooms)","1 Piece","Storage & Organizers","Lifelong",,,784.3298349155416,2799,,56.09541,71.99931520880689,0.1456243846432719,0.09189,0.05762,0.06659,0,762.0044093735428
"2026-03-01","W6Y3SV1WLS",,"Kuber Industries Non Woven Clothes Organizer with Zip (Maroon)","6 pieces","Storage & Organizers","Kuber Industries",,,363.15858662889644,899,,13.05577,59.61293987489952,0.03143075536794442,0.02914,0.00148,0.00147,0.0015,59.76309930977152
"2026-03-01","7THJF2VZQ6",,"Kuber Industries Portable Plastic Storage Box (White)","1 Piece","Storage & Organizers","Kuber Industries",,,281.3867482027814,699,,9.68539,59.7451050232514,0.020724184126457684,0.01911,0.09061,0.09893,0.03717,279.7705729465241
"2026-03-01","4AU2DXNCL3",,"WD My Passport 2TB External Hard Disk Drive (HDD) 5GB/s, USB 2.0,USB 3.0, Compatible with Windows 10, Wired - Black","1 unit","Storage & Organizers","WD",,,9185.587301587302,14383.144688095243,,3.54036,36.13249384592629,0.1950071957195359,0.30429,0.03408,0.03939,0,9192.225282164227
"2026-03-01","IDGIF7BH4X",,"Joyo Rotating Storage Rack (65cm, Assorted)","1 Piece","Storage & Organizers","Joyo",,,1604.4479375899728,2449.114830761421,,21.91077,34.48108031159511,0.02377241367199704,0.03394,0.04983,0.0576,0,1616.119451473153
"2026-03-01","QBWTT5Q8W4",,"PrettyKrafts Innerwear Clothing Organizer (15+1 Compartment, Fabric, Black)","1 Piece x 2","Storage & Organizers","PrettyKrafts",,,331.97457627118644,998,,0.50022,66.73601440168473,,,0.00029,0.00033,0,331.97457627118644
"2026-03-01","WCSD06PEZI",,"Filixtrue 7 Day Weekly Pill Box Medicine Organizer Box (Multicolor)","1 Piece","Storage & Organizers","filixtrue",,,773.8161423482806,900,,22.91304,14.019725206904223,0.0182747574672623,0.03637,0.06033,0.06972,0,772.3614866754264
"2026-03-01","75TPOKFOAU",,"Nayasa Plastic Cane Tuckins No.35 Storage Organizer (Brown)","1 Piece","Storage & Organizers","Nayasa",,,4326.653222008563,6019.912104976959,,61.41856,28.127634647165287,0.08301064916071,0.1384,0.09694,0.11205,0,4320.130667511953
"2026-03-01","4L6AX7BTNY",,"CITIZEN Eva Raincoat Poncho (Free Size, White, CP04)","1 Piece","Storage & Organizers","Citizen",,,132.12841530054646,149,,19.22802,11.32321120768694,0.00007568795384357802,0.00015,,,,133.99513825584927
"2026-03-01","QD30XJU70A",,"EVM Nano Plus 128GB Type-C OTG Pendrive, 120MB/s, Shockproof – 10 Yr Wty (EEPOT/128GB) Silver","1 pack","Storage & Organizers","EVM",,,1772.2063261826847,4987.237236311476,,11.23545,64.47013827978202,0.030451685236635856,0.02416,0.0188,0.01857,0.02028,1718.175168291651
"2026-03-01","M96331PVQB",,"Kuber Industries 3-Layer Metal Storage Trolley with Wheels (Black)","1 Piece","Storage & Organizers","Kuber Industries",,,2027.0534896735833,8939.967493348839,,19.98645,77.32739510979948,0.2238421740789013,0.11558,0.01978,0.02286,0,2042.8469384546427
"2026-03-01","194MH6QYU1",,"Kuber Industries Non-Woven Blouse Cover (Green)","3 pieces","Storage & Organizers","Kuber Industries",,,218.247181034927,399,,27.56265,45.331884992419106,0.01195016848713394,0.01473,0.00383,0.00255,0.01208,72.04939708563171
"2026-03-01","1F2V9VMW94",,"Awestuffs Hanging Travel Kit (Grey)","1 Piece","Storage & Organizers","Awestuffs",,,290.39260310906667,750.0587759235668,,20.67272,60.548244264775974,0.12071238755354552,0.10654,0.0683,0.07894,0,306.8873927895209
"2026-03-01","W9RKNHYFWI",,"Kuber Industries Multipurposes Large M 20 Plastic Basket (Organizer for Kitchen, Countertops, Cabinets, Bathrooms Without Lid, Grey and Brown)","2 pieces","Storage & Organizers","Kuber",,,312.872789839648,499,,23.50748,37.53345712111089,0.09043613998859538,0.13043,0.3026,0.31425,0.22779,155.365042778863
"2026-03-01","6T5E2IFFEC",,"EVM EnStore 2.0 128GB Metal USB Flash Drive, Fast & Durable – 10 Yr Wty (EVMPD/128GB) Silver","1 pack","Storage & Organizers","EVM",,,872.7202691727579,3832.247419638009,,22.52733,77.22703260295135,0.07206513546533884,0.03727,0.0143,0.01653,0,866.4963265404342
"2026-03-01","I2PAR7HB65",,"SUN TOYS2 19"" Kids Umbrella (Non-Folding, Auto Open, UV Protective)","1 Piece","Storage & Organizers","Sun",,,457.04662682960003,600,,37.99257,23.93421074342459,0.07020552660339932,0.12335,0.03893,0.04499,0,453.4183965661345
"2026-03-01","QS8975IMCP",,"Bathla Ascend Steel Ladder (4 Step)","1 Piece","Storage & Organizers","Bathla",,,2777.4444444444443,4799,,0.67962,42.124516681716095,0.0036541900452246572,0.00493,0,0,0,278878.7190505423
"2026-03-01","R4OVAW230C",,"Senego Plastic Multipurpose Foldable Storage Box (3-Layer, Stackable, with Doors and Lids, for Toys/Bags/Books, White)","1 Piece","Storage & Organizers","Senego",,,898.8496068557293,2499,,8.45955,64.04061833081035,0.09133723782137697,0.07502,0.00181,0.00092,0.00751,893.5106958154494
"2026-03-01","ZFKH377URZ",,"Kuber Industries Waterproof Travel Organizer (Royal Blue)","6 pieces","Storage & Organizers","Kuber Industries",,,298.72097818656,1299,,17.49588,77.003675280744,0.02736568785899749,0.01434,0.00778,0.00899,0,49.76101391443639
"2026-03-01","1TBIPCS4ST",,"Kuber Industries 3-Pocket PVC Wall Hanging Organizer (Beige)","1 Piece","Storage & Organizers","Kuber Industries",,,147.01348579293858,499,,8.96652,70.53837960061351,0.0010133353015596945,0.00066,0.00118,0.00137,0,140.81862295663333
"2026-03-01","E59VQSFLTL",,"Awestuffs First Aid Kit Emergency Bag (Portable Emergency Kit Bag Travel Survival Kit Empty, Grey)","1 Piece","Storage & Organizers","Awestuffs",,,226.8696310352426,500,,14.63431,54.61309423722022,0.016792522347021766,0.0178,0.03131,0.03619,0,228.35200457288826
"2026-03-01","UJB1YED209",,"CITIZEN Ladies Rainsuit (Reversible Series, Purple)","1 XXL","Storage & Organizers","Citizen",,,1216.791832468402,1599,,45.65871,24.05504342972703,0.15178861262662505,0.27022,0.02145,0.02479,0,1233.4071586987254
"2026-03-01","I1IE5GO5TX",,"HP 128Gb MicroSD Memory Card SDHC Mx310 Class 10, UHS-I, U1 Card, Upto 100Mb/S R, 10 Y Warranty","1 Piece","Storage & Organizers","HP",,,2269,6999,,3.33333,67.58108301185884,,,,,,226900
"2026-03-01","E15F0907LI",,"Zulaxy Self Adhesive Wall Shelf (Rectangular, for Bathroom and Kitchen, Metal, Black)","1 pack","Storage & Organizers","Zulaxy",,,467.9867690083027,1299,,19.7307,63.97001545950343,0.19993117682944417,0.16758,0.10175,0.1176,0,468.60313461552744
"2026-03-01","0H2W4HF278",,"SUN BRAND 21.5"" Joya-6 Umbrella (3 Fold, Manual Open, Compact- UV Protective, Floral)","1 Piece","Storage & Organizers","Sun",,,435,549.0204797849462,,44.34972,20.76817710977933,0.016472409512053556,0.03103,0.03016,0.03486,0,434.99999999999994
"2026-03-01","14YUFPVTG2",,"SANDISK Ultra Dual Drive Luxe USB 3.0, USB 2.0 Type-C 256GB, Metal Pendrive for Mobile, Silver","1 Piece","Storage & Organizers","SanDisk",,,3588.339610721195,3699.784059543568,,21.99207,3.10296779055054,0.201909876194212,0.44894,0.01546,0.01468,0.02049,3551.6693619383386
"2026-03-01","71OAJZ1HFG",,"Kuber Industries Non Woven Dress Organizer (Beige)","12 pieces","Storage & Organizers","Kuber Industries",,,255,899,,22.81819,71.63515016685206,0.2953907430664988,0.19461,0.08293,0.09585,0,21.25
"2026-03-01","24DRMAN38H",,"Nayasa Plastic Modular Wardrobe (Pink)","1 Piece","Storage & Organizers","Nayasa",,,2524.0698722434126,3295.1623916589865,,64.39494,23.399366348021264,0.2221787142804437,0.39539,0.18067,0.20882,0,2524.878005375743
"2026-03-01","T2IAPVFMSX",,"Kuber Industries 4-Layer Foldable Shoe Rack (White)","1 Piece","Storage & Organizers","Kuber Industries",,,1429.3692670042005,5799,,20.97653,75.35297174340404,0.20853584638290462,0.11635,0.01973,0.01482,0.05123,1588.6133077449238
"2026-03-01","14FZ1HUB18",,"SANDISK SDSSDE30-1T00-G26 1TB Portable SSD, 800MB,Type-C to Type-A Cable (Black)","1 unit","Storage & Organizers","SanDisk",,,16181.65555135809,20764.69443219917,,7.48114,22.076433910803377,0.21645368963488718,0.38422,0.0428,0.04947,0,16197.52535260362
"2026-03-01","TDT8GA93W1",,"Java Plastic 2 layer Stackable Organiser/Storage Container (Transparent)","1 pack","Storage & Organizers","Java",,,198.93833510172456,275,,29.28559,27.59206543972711,0.02562258057591179,0.04343,0.053,0.06126,0,201.26137243067703
"2026-03-01","4GW8RTWDR1",,"Senego Bubble Wrap Roll (1m x 1m)","1 Piece","Storage & Organizers","Senego",,,124.62068965517241,179,,2.79494,29.752170402089423,0.016901714022888658,0.02828,0.0002,0.00023,0,12918.746737266014
"2026-03-01","UIFQJ6YY0Y",,"Ddesh Handmade Jute Organizer Basket Set (White)","3 pieces","Storage & Organizers","ddesh",,,418.667293328815,999,,12.1097,57.977731100851656,0.08646473061166815,0.08156,0.0149,0.01723,0,143.5048758167088
"2026-03-01","O26OS80DNX",,"PrettyKrafts Jute Basket Organizer (14x14 cm, Multicolor)","3 pieces","Storage & Organizers","PrettyKrafts",,,319.0054779086858,999,,29.35335,68.11603509111127,0.1977785626894462,0.14391,0.11508,0.13301,0,105.19866134195435
"2026-03-01","SU4HXYVYJ6",,"Kuber Industries Potli Bags (7 x 9 Inches, Cream)","8 pieces","Storage & Organizers","Kuber Industries",,,617.1813016568613,2499,,22.46635,75.2940990187695,0.05962291913339886,0.05194,0.0741,0.08564,0,79.27130782429252
"2026-03-01","1B0RAL2XBT",,"Kuber Industries Non Woven Saree Cover with Zip (Cream)","3 pieces","Storage & Organizers","Kuber Industries",,,196.0995190713386,659,,23.89502,68.65713457528328,0.7435908962538149,0.47836,0.42071,0.46212,0.15487,69.32778014381141
"2026-03-01","703I0XYFQ5",,"SE7EN Refillable Empty Perfume Bottle (Assorted)","1 Piece","Storage & Organizers","Se7en",,,82.57708179762035,119,,42.21262,31.802983167616,0.07336447072126118,0.1154,0.37444,0.42963,0.0202,80.5119094446189
"2026-03-01","27H1T0X0UC",,"SANDISK Extreme 128GB microSDXC UHS-I, V30, 190MB/s Read,90MB/s Write, Memory Card for 4K Video on Smartphones, Action Cams and Drones","1 Piece","Storage & Organizers","SanDisk",,,2820.119772710136,3160.646259392713,,37.88945,10.883486745865092,0.1798804175156551,0.3766,0.42767,0.2767,1.39669,2758.6989433008384
"2026-03-01","NGJ5AQFQ68",,"PrettyKrafts Big Size Non Woven Fabric Sarees Covers (1 Compartment, Maroon)","3 pieces","Storage & Organizers","PrettyKrafts",,,292.039610873772,399.5091479435483,,61.44942,27.530981408358535,0.2923396200176938,0.48955,0.74845,0.86504,0,96.35086547355344
"2026-03-01","RWBE4YAM94",,"CITIZEN 21"" Disney Princess Umbrella (3 Fold, Auto Open Auto Close, Mechanical Lock, Pink)","1 Piece","Storage & Organizers","Citizen",,,801.1867277064891,1499,,52.01513,46.549077995532464,0.03043767458924428,0.03768,0.0537,0.06206,0,803.8020715564774
"2026-03-01","5R00BZTZ5V",,"IKEA SKUBB Storage Case (Polyester and PP Plastic, Dark Grey)","1 Piece","Storage & Organizers","IKEA",,,841.9664922399263,861.8600816129033,,22.90978,2.3050676582697047,0.029016203037582393,0.06643,0.02334,0.02698,0,841.10990146201
"2026-03-01","JPD82FTE66",,"Wildcraft Hypadry 2 Tone Rain Cheater Suit (Lime and Navy)","1 pack","Storage & Organizers","Wildcraft",,,2156.6808218429533,2999,,47.10368,28.09705147066921,0.1522389331085475,0.25403,0.01531,0.01769,0,2155.1682800771396
"2026-03-01","165GLE9IL8",,"Sun Juliet 2 21.5"" Umbrella (3 Fold, Auto Open, UV Protective)","1 Piece","Storage & Organizers","Sun",,,568.1782785513428,620,,18.79469,8.35834216913825,0.004249185690429605,0.00907,0.00005,0.00006,0,570.6592943617894
"2026-03-01","P7W1LRIH97",,"Capsicum Rain Cover for Backpack (Waterproof Dustproof, for All Bag Sizes, Black)","1 Piece","Storage & Organizers","Capsicum",,,99,399,,0.3844,75.18796992481202,0,0,0.00001,0.00002,0,99
"2026-03-01","R0J4OCNN17",,"CITIZEN 21"" Sahensha Umbrella (2 Fold, Auto Open, UV Protective, Black and Silver)","1 Piece","Storage & Organizers","Citizen",,,418.22457015862335,1098.9310798387096,,73.1792,61.932587681816486,0.39003967152023494,0.34421,0.35841,0.41425,0,419.42338275398424
"2026-03-01","6K02F2C154",,"Lifelong Drench Dew Kids Raincoat (8-9 Years, Waterproof, Single-Layer PVC, Unisex Standard Length, Green)","1 Piece","Storage & Organizers","Lifelong",,,1999,1999,,3.97112,0,0,0,,,,1998.9999999999998
"2026-03-01","NVM3X1ISHX",,"Kuber Industries 2-Compartment Non-Woven Foldable Storage Box with Double Lid (Small, Grey)","1 Piece","Storage & Organizers","Kuber Industries",,,260.80450589997224,799,,12.11617,67.36183400425584,0.04633732274434472,0.03503,0.03299,0.01636,0.13973,261.2495719867019
"2026-03-01","85HLWS6CWP",,"SE7EN Travel Folding Bag with Pocket (39x42 cm, Assorted)","1 Piece","Storage & Organizers","Se7en",,,542.9875791459009,799,,75.09324,32.12485530013867,1.0737743409036522,1.69229,1.6762,1.75136,1.19374,542.2423995697335
"2026-03-01","R95GPYBXS6",,"SANDISK Ultra microSDXC UHS-I, 140MB/s R 128GB Memory Card (Red & Grey)","1 unit","Storage & Organizers","SanDisk",,,1984.1577064021683,2421.793543266129,,22.76107,18.88913370701645,0.3248351845873974,0.56785,0.36164,0.38761,0.19491,1871.1609713246685
"2026-03-01","EQ5DSRWDH4",,"Casacraft By Pepperfry Engineered Wood Modular Book Shelf (Pack of 4, Round, Brown)","1 pack","Storage & Organizers","Casacraft by Pepperfry",,,1896.6365648598621,2669,,12.02524,28.93830779843154,0.010839063233124389,0.01785,0.01728,0.01215,0.05024,1892.1981563087288
"2026-03-01","4P6JEBYQ90",,"The Artment Handwoven Haven Storage Basket (Set of 3)","3 pieces","Storage & Organizers","The Artment",,,988.6146646185356,999,,13.65758,1.039573111257699,0.015885637507708876,0.03649,0.00254,0.00293,0,987.8100544143398
"2026-03-01","1E37YYENYJ",,"LIFELONG Men's Raincoat Set (Waterproof, Polyester, Double-Coated, Reversible, Black and Red Stripe)","1 XXL","Storage & Organizers","Lifelong",,,1186.586844882809,3499,,77.71924,66.08782952607004,0.005328462408517004,0.00407,0.00169,0.00195,0,1307.4067647211573
"2026-03-01","MP5RHN7JP0",,"INESIS Waterproof Umbrella (Auto Open, UV Protection, UPF50+, Black)","1 Piece","Storage & Organizers","Inesis",,,1206.2688379102988,1398.7118980241937,,81.79074,13.502919149575868,0.7456818330873608,1.49993,0.29717,0.34347,0,1211.6022129420442
"2026-03-01","YB5CSAZKXM",,"Kuber Industries Cotton Blouse Cover with Zipper (White)","3 pieces","Storage & Organizers","Kuber Industries",,,169.03673927597825,549,,16.47086,69.21006570565058,0.00664119915324868,0.00475,0.00727,0.0084,0,56.405276758288906
"2026-03-01","VU9L3O1RP3",,"Kuber Industries (Pack of 2) Shoe Rack | Foldable Sneakers Box (3-Layer) Storage Organizer for Shoe, Slippers & Books, Multipurpose Cabinet Organizer | White","1 pack","Storage & Organizers","Kuber",,,1917.4495726495727,8499,,4.74339,77.43911551182995,0.03451492526983606,0.01791,0,0,0,1899.0947668803228
"2026-03-01","EP52I8IDGR",,"EVM EnStick 32GB USB 3.2 Gen 1 Pendrive, 100MB/s Read - 10 Yr Wty (EVMPDA3.2/32GB) White+Blue","1 pack","Storage & Organizers","EVM",,,609.166001553705,1788.443081065574,,26.82537,65.94533377482279,0.0838651463619501,0.06589,0.00318,0.00368,0,605.0409460080551
"2026-03-01","2Y100YRYGH",,"UrbanFix Mini Capsule Umbrella (Folding, Waterproof, Ultra Protective, Assorted)","1 Piece","Storage & Organizers","UrbanFix",,,284,1099,,14.39369,74.15832575068244,0.04045026191591174,0.02429,,,,283.99999999999994
"2026-03-01","VAJUX3O2AC",,"Ikea Glis Box with Lid (17x10cm, Pink/Turquoise, Set of 3)","3 pieces","Storage & Organizers","IKEA",,,189,238,,0.39447,20.58823529411765,0.0023557685271756706,0.00435,0.00767,0.00887,0,189.00000000000003
"2026-03-01","9VL6SMPSDV",,"SANDISK 128GB MAX Endurance microSDHC Card with Adapter for 4K Video on Dashcams and Video Surveillance Cameras","1 Piece","Storage & Organizers","SanDisk",,,3523.794117647059,4000,,2.23005,11.905147058823529,0,0,,,,3523.794117647059
"2026-03-01","OBS09SY0WG",,"UrbanFix Rain Card for Men and Women (Unisex Disposable Waterproof for Emergency Use, Free Size, Assorted)","1 pack","Storage & Organizers","UrbanFix",,,85.18629195105142,199,,32.28584,56.934841423366755,0.01954272105619918,0.02029,0.08511,0.09837,0,88.8773064307781
"2026-03-01","LT5TF3SN85",,"Godrej Locks Ace Pro 7 Levers Round Padlock with 3 Keys (55mm, for Gate Lock, Tool Box, Shutters, Shops & Offices, Silver Finish)","1 pack","Storage & Organizers","Godrej Locks",,,456.7914004678118,490,,16.93412,6.799102487811333,0.007709663306501283,0.01635,0.04004,0.04628,0,449.52511707584347
"2026-03-01","90XRWQOW6Q",,"Nuovi Black Zip Ties Assorted (Set of 100)","1 pack","Storage & Organizers","Nuovi",,,137.99032192222978,150,,8.65223,8.004496160773543,0.003807241139012979,0.00842,0.00554,0.0064,0,141.3807674007554
"2026-03-01","BSLO71FM3F",,"Ddesh Handmade Jute Organizer Basket Set (6 Inches, White and Beige)","3 pieces","Storage & Organizers","ddesh",,,500.50320028089413,999,,25.75406,49.90063500398895,0.048430391632928504,0.05618,0.13833,0.15988,0,167.19498269990567
"2026-03-01","VDMKSPI1BJ",,"Kuber Industries Jute Fabric Drawer Organizer with Lid (Large, Brown)","2 pieces","Storage & Organizers","Kuber Industries",,,599.0986842105264,2599,,0.89195,76.94887709847917,0,0,0,0,0,299.5493421052632
"2026-03-01","BYWR2UDCS8",,"Sun Jennifer-12 21.5 Inch Umbrella (3 Fold, Auto Open, UV Protective)","1 Piece","Storage & Organizers","Sun",,,565.4862608745799,620,,12.78039,8.79253856861614,0.003147370104799249,0.00674,0.00221,0.00255,0,571.3680291395068
"2026-03-01","4QL9V8L89R",,"Samsung Type-C Usb Flash Drive, 128Gb, Transfers 4Gb Files In 11 Secs W/Up To 400Mb/S 3.13 Read Speeds, Compatible W/Usb 3.0/2.0, Waterproof, Blue","1 unit","Storage & Organizers","Samsung",,,2006.809174206118,3536.685903481013,,13.93307,43.25735366460168,0.03056361812612283,0.04065,0.00099,0.00115,0,1982.6188127052658
"2026-03-01","GIW7B4LNYU",,"ZEEL Rainfairy Raincoat (Girls, Barbie Print, 5-6 Years, Pink)","1 Piece","Storage & Organizers","Zeel",,,571.3799528513408,599.0037679032257,,62.26235,4.629375667144513,0.05868649010284723,0.12944,0.06393,0.07389,0,569.6257011837276
"2026-03-01","G3Z7IR2NGM",,"Kuber Industries Clothes Organizer for Wardrobe with Zip (Cream)","10 pieces","Storage & Organizers","Kuber Industries",,,478.0052746147349,1199,,11.19292,60.13299625820424,0.04118368884893119,0.03813,0.0011,0.00121,0.00039,47.80182479400925
"2026-03-01","3IMMTYL6V4",,"Kuber Industries 4-Unit Modular Cabinet Storage Organizer (White)","1 pack","Storage & Organizers","Kuber Industries",,,2900.7248708826182,10599,,16.77971,72.63208915102727,0.09324222899769351,0.06607,0.00902,0.01042,0,3081.1363617471025
"2026-03-01","TDTZW98F9E",,"Wildcraft Hypadry 2 Tone Rain Cheater Suit (Black and Red)","1 pack","Storage & Organizers","Wildcraft",,,1496.398115055705,1799,,27.88286,16.66195422759555,0.12419936356794473,0.24352,0.01555,0.01797,0,1518.47261138635
"2026-03-01","YBNOBK8S9H",,"Casacraft By Pepperfry Cubical Engineered Wood Wall Shelf (White)","1 Piece","Storage & Organizers","Casacraft by Pepperfry",,,1113.2106995884776,1749,,3.66792,36.3515895032317,0.0031074702176623935,0.00452,0.00743,0.0029,0.03656,1127.9881033568236
"2026-03-01","4S9W51YBUT",,"Kuber Industries Non-Woven Storage Organizer (Large, Black)","4 pieces","Storage & Organizers","Kuber Industries",,,1075.2558017005233,6799,,22.44609,84.19098029833755,0.25194966480142406,0.08984,0.00005,0.00006,0,261.5189737967943
"2026-03-01","88ZZLTYQQR",,"Ddesh Handmade Jute Organizer Basket Set (Beige)","3 pieces","Storage & Organizers","ddesh",,,413.5094884899784,999,,10.05148,58.60397632049878,0.04252992931568619,0.04117,0.00587,0.00678,0,138.94482736241198
"2026-03-01","ZVOQBS4RIN",,"UtiliKart Pill Box (7 compartments, White)","1 Piece","Storage & Organizers","utilikart",,,65.36264461302002,199,,34.68632,67.11190877798272,0.021141457755293507,0.0161,0.04963,0.05736,0,65.86238263743681
"2026-03-01","4LCH3VNV4B",,"Kuber Industries Silk Wedding Potli (Rani Pink)","1 Piece","Storage & Organizers","Kuber Industries",,,216.28350657744826,499,,18.32553,56.680044738465206,0.02532850927033443,0.02469,0.02488,0.02875,0,212.7650111156803
"2026-03-01","7W2ZEE1JLR",,"Lifelong Women's Raincoat (100% Waterproof, Lightweight, One-Piece, With Hood, Side Pocket, Snap Buttons, Sky Blue)","1 XL","Storage & Organizers","Lifelong",,,616.7929567120924,1999,,63.34528,69.21441781291921,0.0786431344156799,0.07649,0.00757,0.00875,0,581.0519628392532
"2026-03-01","ALMIV7FNMH",,"Kuber Industries Net Toiletry Pouch (Pink)","1 Piece","Storage & Organizers","Kuber Industries",,,194.31470572419815,399,,29.66191,51.37676887568707,0.06211468231406007,0.06911,0.60132,0.69499,0,194.05763610693126
"2026-03-01","3MJWSWN329",,"Kuber Industries Non Woven Saree Cover with Zip (Beige)","12 pieces","Storage & Organizers","Kuber Industries",,,243.4402413319475,598,,24.40401,58.826256488824484,0.20649348994629252,0.19218,0.06167,0.05768,0.08728,20.820595525557856
"2026-03-01","HF4ZS2MRYL",,"Awestuffs Luxury Cosmetic Bag with Handle (Pink)","1 Piece","Storage & Organizers","Awestuffs",,,322.5555971608992,750,,46.38081,56.94320784736614,0.3407176240125495,0.33366,0.34827,0.40253,0,323.39633753514056
"2026-03-01","YX38VJQ66Y",,"Absorbia Ultimate (Absorbs 4L, Non-Electric Dehumidifier for Large Rooms and Living Spaces)","2 kg","Storage & Organizers","Absorbia",,,1182.974215300828,1380.5266186290323,,10.58436,14.309930765723934,0.000887696343972266,0.00175,0.00014,0.00016,0,59.39699976573292
"2026-03-01","7D56BAZ2R9",,"Digitek (DDUD 64G V3.0) 64GB Dual USB-A & Type-C Flash Drive, Metal Body, Magnetic, X-Ray & Temp Resistant","1 unit","Storage & Organizers","Digitek",,,,,,0,,,,,,,
"2026-03-01","LXVU1OIUVN",,"Kuber Industries Non-Woven Storage Organizer (Large, Grey)","4 pieces","Storage & Organizers","Kuber Industries",,,1142.5397437325582,6799,,28.51614,83.07131296072093,1.625853393382836,0.55274,0.09254,0.07557,0.20147,309.64976105455037
"2026-03-01","A14VVTLI4X",,"Oye Happy Fiftiya","1 Piece","Storage & Organizers","Oye Happy",,,399,399,,22.77847,0,0,0,,,,399
"2026-03-01","Q4P4Z7FC55",,"Fendo 23.5"" Umbrella (3 Fold, Hand open, For Men and Women, Maroon)","1 Piece","Storage & Organizers","Fendo",,,399.6460124071232,1477.3460802016132,,59.33791,72.8348524521915,0.6177108641574642,0.39021,0.19003,0.21964,0,405.41160166588395
"2026-03-01","3C6A3OEWC8",,"CITIZEN 21"" Solid Umbrella (3 Fold, Auto Open, UV Protective, Black)","1 Piece","Storage & Organizers","Citizen",,,529,1099,,37.36194,51.86533212010919,0.003347478699065772,0.00374,,,,529
"2026-03-01","WMY57D1189",,"LIFELONG Men's Raincoat Set (Waterproof, Polyester, Double-Coated, Reversible, Black and Red Stripe)","1 XL","Storage & Organizers","Lifelong",,,1129.7151643180275,3499,,57.50887,67.71319907636388,0,0,0.00545,0.0063,0,1129.7151643180275
"2026-03-01","HXA1UOU425",,"SANDISK 256 GB Ultra CZ48 USB 3.0 Flash Pen Drive, Lightweight (Black)","1 unit","Storage & Organizers","SanDisk",,,3209.94377227113,3473.686312251082,,9.52999,7.60456304132183,0.04061031833339584,0.0731,0.00174,0.00155,0.00299,2988.256924925175
"2026-03-01","OOXPJN9G2R",,"Awestuffs Portable Cosmetic Toiletry Pouch (Purple)","1 Piece","Storage & Organizers","Awestuffs",,,364,1000,,15.84458,63.6,0.008629492765686817,0.0073,0.0099,0.01145,0,364
"2026-03-01","HMTB9Y31L9",,"Gala Stainless Steel Terod Cloth Dryer/Cloth Drying Stand (Silver)","1 Piece","Storage & Organizers","Gala",,,3156.518911403271,3490.8453052150535,,20.24744,9.577233150730708,0.011504264404932739,0.02419,0.01234,0.01426,0,3155.9303247292555
"2026-03-01","1SBW5NLDTN",,"Kuber Industries Storage Box (Multicolour)","3 pieces","Storage & Organizers","Kuber Industries",,,391.7876685335408,999,,32.71213,60.80064548932534,0.37311480947122094,0.33908,1.04831,0.78696,2.7259,130.389006323554
"2026-03-01","GM98GVQX9D",,"Kuber Industries Small Non-Woven Storage Box/Bin with Transparent Lid & Handle|Foldable & Dot Print|Small size 35 x 18 x 22 Cm (Black)-44KM0410","1 Piece","Storage & Organizers","Kuber",,,218.40996889325763,399,,10.22278,45.25922059920536,0.0076967186866286385,0.00952,0.00214,0.00122,0.00804,218.60594706485816
"2026-03-01","1JKYS7KOYQ",,"Awestuffs Jewellery Storage Travel Case (5 Compartments, Pink)","1 Piece","Storage & Organizers","Awestuffs",,,687.1039011041499,1000,,67.42831,31.280194359956294,0.042258244588006214,0.06633,0.49212,0.56879,0,691.9299338713104
"2026-03-01","NWAKJWA4LP",,"Casacraft By Pepperfry Brown Engineered Wood Wall Shelf","1 Piece","Storage & Organizers","Casacraft by Pepperfry",,,820,1329,,11.22292,38.299473288186604,0.003373215649165499,0.00483,0.01912,0.01188,0.06561,819.9999999999999
"2026-03-01","D60W3I2MC6",,"Crownsy Printed Storage Box (Small and Large, Pink)","2 pieces","Storage & Organizers","crownsy",,,189.11111111111111,599,,0.4559,68.42886291968095,0.0012163373990918666,0.0008,,,,84.82961029501031
"2026-03-01","TM1YF7FGMT",,"Zeel Rain Jacket and Pant Suit for Men (Stylish, Polyester)","1 XL","Storage & Organizers","Zeel",,,923.1355671261282,1048.6226708074535,,38.46311,11.980978734558667,0.061639081750974566,0.12587,0.05195,0.06004,0,922.2040091042272
"2026-03-01","IEF74FBL9P",,"HP V236W 32Gb USB 2.0 Pen Drive","1 Piece","Storage & Organizers","HP",,,719,2999,,6.66667,76.02534178059354,,,,,,71900
"2026-03-01","C02N0BF3XG",,"Kuber Industries Travel Organizer (Grey)","4 pieces","Storage & Organizers","Kuber Industries",,,254.8046564389463,899,,46.32774,74.93189713890742,0.4806445484361112,0.2387,0.34817,0.40241,0,52.095665392486566
"2026-03-01","4OBB4KUX09",,"House Of Quirk Fabric Foldable Storage Box/Drawer (34x31x4cm, Beige)","1 pack","Storage & Organizers","House of Quirk",,,999,999,,93.54839,0,0,0,,,,999
"2026-03-01","D2QJRQ5A4M",,"Kuber Industries Non Woven Single Saree Cover with Zip (Gold)","2 pieces","Storage & Organizers","Kuber Industries",,,112.88191063322643,299,,8.49395,62.246852631027956,0.004478077027707066,0.00389,0.00003,0.00003,0,56.6938365113133
"2026-03-01","R9EMKKZW4B",,"Zeel Rain Jacket and Pant Suit for Men (Stylish, Polyester)","1 XXL","Storage & Organizers","Zeel",,,1025.7176500405437,1048.6982195454545,,41.91064,2.1406846419717396,0.0921247275785704,0.20991,0.0483,0.05582,0,1029.0283132179047
"2026-03-01","9EPEWUQD99",,"FENDO Rain, Dust Proof Protector for Backpacks (30 to 40L, Rain Cover for Bags with Storage Pouch, Rain Cover for School Bags, Black)","1 Piece","Storage & Organizers","Fendo",,,161.83333333333331,1199,,4.20767,86.50264108979704,0,0,,,,161.83333333333331
"2026-03-01","KJNGAZ1R2H",,"Lifelong Ladies Designer Raincoat (Polka Dot Print, Knee Length, Lightweight PVC, Waterproof, Purple)","1 Large","Storage & Organizers","Lifelong",,,601.9759408492043,1999,,45.77251,69.88614603055507,0.012177384638310234,0.00852,0.0057,0.00658,0,601.9998117858117
"2026-03-01","0T4TMGT7UR",,"FENDO Raincoat for Men and Women (Unisex, Waterproof, PVC Transparent, Free Size, Blue)","1 Piece","Storage & Organizers","Fendo",,,227.61904761904762,1249,,14.11528,81.77525070904181,0.007608390692203536,0.00325,,,,229.93188010899178
"2026-03-01","2AU2WV4YIN",,"SanDisk Ultra UHS I 128GB SD Card 140MB/s for DSLR and Mirrorless Cameras, 10Y Warranty","1 Piece","Storage & Organizers","SanDisk",,,,,,0,,,,,,,
"2026-03-01","N2CVCYJ70R",,"Kuber Industries Non Woven Saree Cover with Zip (Beige)","3 pieces","Storage & Organizers","Kuber Industries",,,211.19902648765438,399,,22.22559,46.15128894874642,0.1512792037622251,0.18411,0.1678,0.17546,0.1186,72.956855922393
"2026-03-01","O7A5RNF8FY",,"PrettyKrafts Wardrobe Organizer (Non Woven Fabric, Grey Black)","3 pieces","Storage & Organizers","PrettyKrafts",,,203.05335427289836,234.00287334677418,,65.37341,13.007230223944065,0.9224401605793797,1.86299,4.43803,5.12942,0,67.85546859831295
"2026-03-01","EWRDR25VD9",,"CITIZEN Kids Raincoat for Boys (Lightweight and Waterproof)","1 L","Storage & Organizers","Citizen",,,446.63799283154117,599,,7.19969,25.436061296904647,0,0,0.00003,0.00003,0,44.66379928315411
"2026-03-01","NWCNMGOCZ2",,"Kuber Industries Non-Woven Underbed Storage Bag (Black)","3 pieces","Storage & Organizers","Kuber Industries",,,320.9118702649686,999,,22.03137,67.85422747211538,0.46256913811488765,0.33074,0.19312,0.08579,0.88209,107.93251452718924
"2026-03-01","I8CHQQMHBN",,"SANDISK 256 GB Ultra CZ48 USB 3.0 Flash Pen Drive, Lightweight (Black)","1 unit x 2","Storage & Organizers","SanDisk",,,6290.084848484848,6639.6363637272725,,0.90393,5.264618363018255,,,0.01016,0.00858,0.02027,6290.084848484848
"2026-03-01","S1GR9LYX36",,"HomeStrap Vacuum Storage Bags with Pump (4 Vacuum Bags (1 Small, 2 Medium, 1 Large), Transparent)","1 pack","Storage & Organizers","Homestrap",,,452.99701736547667,1099,,38.24622,59.0006810686163,0.3475861916066201,0.32861,0.80242,0.92743,0,447.54629609003365
"2026-03-01","1NV0VH9998",,"EUME 21"" Leatrix Umbrella (2 Fold, Auto Open)","1 Piece","Storage & Organizers","Eume",,,259.61241261722074,449,,2.26807,42.17986355963903,0.0017096035610623882,0.00229,0.00552,0.00638,0,259.32658445552
"2026-03-01","NYINYRGI2E",,"Nuovi White Zip Ties Assorted (Set of 100)","1 pack","Storage & Organizers","Nuovi",,,137.63057635291247,150,,9.4,8.243794831669469,0.004911341069326743,0.01044,0.00105,0.00121,0,137.1449044283643
"2026-03-01","LLX74TCI52",,"Lifelong Ladies Designer Raincoat (Polka Dot Print, Knee Length, Lightweight PVC, Waterproof, Purple)","1 XL","Storage & Organizers","Lifelong",,,650.047928791077,1972.3709139516127,,30.5968,67.04230810782357,0.021309890103283446,0.01508,0.0036,0.00417,0,698.1910419979179
"2026-03-01","BLVP94BUH4",,"Casacraft By Pepperfry Cubical Engineered Wood Wall Shelf (Cream)","1 Piece","Storage & Organizers","Casacraft by Pepperfry",,,2339,3999,,19.79684,41.5103775943986,0.023345393505845344,0.03172,0.00134,0,0.00991,2339
"2026-03-01","PQ7GPO3YT8",,"Kuber Industries Clothes Organizer for Wardrobe with Zip (Cream)","5 pieces","Storage & Organizers","Kuber Industries",,,300.10104985986106,599,,27.11863,49.89096682139505,0.17503319038710935,0.20295,0.16678,0.09947,0.59885,60.10968433797112
"2026-03-01","ARMFI0FCDV",,"WonderStand SHELFIE+ Bathroom Caddy Shelf Rack with Hooks (Set of 2, Metal)","1 Piece","Storage & Organizers","WonderStand",,,486.0885588558856,499,,7.85011,2.5586413704874884,0.009055599193965152,0.02057,0.01118,0.01292,0,48777.69450846234
"2026-03-01","PQE6XO44TD",,"IKEA VARIERA Steel Shelf Insert (Powder-Coated, White)","1 Piece","Storage & Organizers","IKEA",,,412.70454545454544,450.60714285714283,,4.70971,8.41145064018965,0.0006979434456038594,0.00144,,,,405.92637305975853
"2026-03-01","PP2JWOG005",,"ZEEL Rainfairy Raincoat (Girls, Barbie Print, 9-10 Years, Pink)","1 Piece","Storage & Organizers","Zeel",,,556.8684755167424,597.4444229959514,,76.34677,6.928510204394207,0.07436166332039146,0.15996,0.0409,0.04727,0,554.0900292290075
"2026-03-01","HHOC4I2FV2",,"Kuber Industries 8-Compartment Cosmetic Organizer Storage Box (White)","1 Piece","Storage & Organizers","Kuber Industries",,,299,1299,,53.84615,76.98229407236336,0,0,,,,299
"2026-03-01","ZXFZVFLMQV",,"Samsung EVO Plus Micro SDXC Memory Card 256GB","1 unit","Storage & Organizers","Samsung",,,3196.1875,5794.1401434027775,,9.45191,44.83758727100885,0.017662553092109012,0.02224,0.12049,0.13927,0,3144.6785653433294
"2026-03-01","IT1S9DSJXB",,"Fendo Waterproof Reversible Rain Jacket for Men with Hood (Long Overcoat, Double Layer, XXL, Black)","1 XXL","Storage & Organizers","Fendo",,,769.0906560693135,2979,,36.41913,74.181653693215,0.056708856765598316,0.03421,0.03296,0.03809,0,773.6460379073047
"2026-03-01","SXW3MZZVS0",,"SANDISK iXpand Flash Drive Flip 128GB for for iPhone, Type-C Android phone & other devices","1 Piece","Storage & Organizers","SanDisk",,,4795.95652173913,5100,,0.61057,5.961636828644501,0,0,,,,4795.95652173913
"2026-03-01","3X3NXHS67B",,"Awestuffs Mini Small First Aid Kit (Travel Pouch Medicine Storage Bag, for Outdoors)","1 Piece","Storage & Organizers","Awestuffs",,,201.2604646697389,500,,8.41009,59.74790706605223,0.01370820015548457,0.01242,0.03189,0.03686,0,196.0841479091691
"2026-03-01","SU0F1XRM02",,"Kuber Industries Non Woven Storage Box (Large, Black)","1 Piece","Storage & Organizers","Kuber Industries",,,201.805946025985,399,,13.3928,49.38930758710415,0.025012355966150788,0.0297,0.00815,0.00452,0.03143,205.508167483705
"2026-03-01","KSIMQYICNB",,"Smart Shelter Washing Machine Trolley (Fully/Semi Automatic, Adjustable Metal, With Wheels, Black)","1 pack","Storage & Organizers","Smart Shelter",,,1528.3342762363548,3698.045183346775,,56.48687,58.74578791975119,0.16857519567746992,0.15255,0.01725,0.01994,0,1460.5512416129407
"2026-03-01","STB9OS79N7",,"Kuber Industries Multi-Purpose Storage Organizer Set with Interlock (Black)","16 pieces","Storage & Organizers","Kuber Industries",,,549.9626080311564,2499,,8.70493,77.99268342910557,0.06596578287099447,0.03372,0.01763,0.0178,0.01653,34.37499000180243
"2026-03-01","PDGYZ4Y2XF",,"SE7EN Grocery Shopping Bag (20x12 cm, Multicolour)","1 Piece","Storage & Organizers","Se7en",,,119.1334456107625,199,,63.00147,39.99677484221208,0.1294017301499376,0.18052,1.3002,1.39597,0.68545,119.6061404801079
"2026-03-01","BUOTI81STM",,"SANDISK 256GB High Endurance Video microSDXC Card with Adapter for Dash Cam and Home Monitoring Surveillance Systems - C10, U3, V30, 4K UHD, Micro SD Card - SDSQQNR-256G-GN6IA","1 Piece","Storage & Organizers","SanDisk",,,4100,4100,,6.8377,0,0,0,,,,4100
"2026-03-01","S2ZDQ3OZA0",,"Awestuffs Portable Cosmetic Toiletry Pouch (Green)","1 Piece","Storage & Organizers","Awestuffs",,,390.5309721942151,1000,,34.18258,60.99392494487494,0.03350204683721305,0.02832,0.01814,0.02097,0,372.8675773507766
"2026-03-01","QNVM3UP53Z",,"SANDISK 2TB Portable SSD, 800MB/s R, USB 3.2 Gen 2, Rugged SSD with Upto 2 Meter Drop Protection External SSD (SDSSDE30-2T00-G26)","1 unit","Storage & Organizers","SanDisk",,,24157.410778443107,30710.474051976045,,2.23217,21.338202928558456,0.052235196137612495,0.11177,0.0172,0.01988,0,31562.940662548353
"2026-03-01","UU2RG9KO83",,"UrbanFix Plastic 7 Day Pill Organizer (Multicolour)","1 Piece","Storage & Organizers","Bulfyss",,,281.17504689661155,999,,73.22146,71.86176863645281,0.8632987813052433,0.56251,0.99699,1.09286,0.38156,281.1013088358477
"2026-03-01","K781V1X1M5",,"PrettyKrafts Jute Rope Laundry Basket (40x40x45 cm, Brown)","1 Piece","Storage & Organizers","PrettyKrafts",,,669.897297517264,1999,,64.93397,66.43218973173975,0.5507389035982514,0.42832,0.67177,0.77642,0,672.575617061145
"2026-03-01","S7MPE77RDA",,"Awestuffs First Aid Kit Emergency Bag (Portable Emergency Kit Bag Travel Survival Kit Empty, Red)","1 Piece","Storage & Organizers","Awestuffs",,,299,500,,15.23006,40.2,0.006092651849939688,0.00846,0.00345,0.00399,0,299.00000000000006
"2026-03-01","Y5HROLZ8V0",,"Joyo Plastic Multipurpose Storage Basket (Assorted)","1 Piece","Storage & Organizers","Joyo",,,234.78396739130434,493,,15.68584,52.3665151261425,0.035222310673464666,0.03891,0.00064,0.00074,0,234.8038446484937
"2026-03-01","NHZSEBCQK5",,"CITIZEN Ladies Rainsuit (Reversible Series, Purple)","1 XL","Storage & Organizers","Citizen",,,1200.8288671617163,1599,,55.05503,24.435351844864943,0.09172253062464508,0.17307,0.02906,0.03359,0,1299.1506489694293
"2026-03-01","C1NU3O1FYH",,"Absorbia XL with Activated Charcoal (Set of 2, 1L Absorption, Dehumidifier for Rooms and Wardrobes)","900 g","Storage & Organizers","Absorbia",,,470,599,,3.6067,21.535893155258766,0.0006082448443687135,0.00111,0.00001,0.00001,0,52.222222222222236
"2026-03-01","9092K93YS9",,"Nestasia Foldable Jewellery Organiser Roll (Pink, 10 x 20 Inches)","1 Piece","Storage & Organizers","Nestasia",,,736.4906570223027,1340,,5.67967,45.03801066997741,0,0,0.02358,0.00116,0.16754,736.4906570223027
"2026-03-01","3SISFN4ZJ6",,"SE7EN Dori/Nada","1 Piece x 2","Storage & Organizers","Se7en",,,85.48387096774194,110,,6.18022,22.287390029325515,,,,,,85.48387096774194
"2026-03-01","4TK5M02ZU4",,"Seagate One Touch 2Tb External Hdd With Password ProtectionBlack, For Windows And Mac, With 3 Yr Data Recovery Services, And 6 Months Mylio Create Plan And Dropbox Backup Plan (Stky2000400)","1 Piece","Storage & Organizers","Seagate",,,10561.962962962964,10999,,0.49583,3.9734251935361127,0,0,,,,10561.962962962964
"2026-03-01","0GSY400ETA",,"ZEEL Mighty Star Raincoat for Boys (Avengers Print, 9-10 Years)","1 Piece","Storage & Organizers","Zeel",,,527.6869890206481,599,,75.75455,11.99461407708266,0.0637033678965474,0.12933,0.04852,0.05607,0,524.1097941712843
"2026-03-01","YNWKPMZ2DV",,"Crownsy Flexible Non Woven Hanging Storage Bag for Clothes or Shoes (Grey)","1 Piece","Storage & Organizers","crownsy",,,126.41379310344827,599,,5.04783,78.89586091762132,0.0006082448443687135,0.0003,,,,112.09046991655688
"2026-03-01","Y6AA0IX757",,"Fendo 21"" Katie Umbrella (2 Fold, Auto Open, Purple)","1 Piece","Storage & Organizers","Fendo",,,299.8536334667127,398.9965418421053,,73.50866,23.75533709869302,0.21342449629504281,0.38082,0.53718,0.62087,0,306.73904939667744
"2026-03-01","GT8U6953KV",,"Zeel Rain Jacket Packable (Free Size, Navy Blue)","1 Piece","Storage & Organizers","Zeel",,,637.0339447914572,748.2656489999999,,80.93547,14.847341751567296,0.0596960181632679,0.11827,0.24045,0.27791,0,637.2571242763564
"2026-03-01","DRPHZPEARQ",,"LIFELONG Men's Raincoat Set (Waterproof, Polyester, Double-Coated, Reversible, Black and Red Stripe)","1 Large","Storage & Organizers","Lifelong",,,1142.2256168257036,3499,,64.91789,67.35565542081441,0.014209233089378678,0.01074,0.01047,0.0121,0,1122.215495626112
"2026-03-01","JG8O3YBQ6V",,"Bathla Stomo Taro Multipurpose Shelf Organizer (Pearl White)","2 pieces","Storage & Organizers","Bathla",,,826.682188182188,999,,8.82825,17.249030211993187,0.007923934837804934,0.01521,0.01022,0.00215,0.06204,411.0203029255876
"2026-03-01","YQ2OLG9LJV",,"THE CLOWNFISH Raincoat for Women (Purple)","1 pack","Storage & Organizers","The Clownfish",,,890,1299,,2.99469,31.485758275596613,0,0,,,,890
"2026-03-01","1CT29O7RNC",,"Kuber Industries PVC Dress & Clothes Organizer For Wardrobe (Pack of 2, Storage Organizer For Saree, Shirts, Salwar Suit, Saree Covers with Zip, 40x32x17cm, Transparent)","1 Piece","Storage & Organizers","Kuber",,,385.2672315936749,698,,6.49144,44.804624222406694,0.008362833596310348,0.01065,0.01398,0.00729,0.05689,382.8933473573674
"2026-03-01","VAHQP6Y5NV",,"HomeStrap Cotton Quilted Foldable Saree Covers (Blue)","3 pieces","Storage & Organizers","Homestrap",,,302.8545130539729,749.5655143673469,,19.68125,59.592024194917514,0.07536144484349627,0.07066,0.01893,0.02188,0,100.93619576038039
"2026-03-01","8LQ0Z39Y00",,"Lifelong Drench Dew Kids Raincoat (8-9 Years, Waterproof, Single-Layer PVC, Sky Blue)","1 Piece","Storage & Organizers","Lifelong",,,625.008064516129,1999,,12.07806,68.73396375607159,0,0,,,,625.008064516129
"2026-03-01","H58Q1A0SAP",,"Kuber Industries Jewellery Kit (Satin Jewellery Storage Kit, Moti Beads Jewellery Kit, Cosmetic Kit with 6 Flappable Pouches, Travel Kit for Necklace)","2 pieces","Storage & Organizers","Kuber",,,779.2941997073369,2398.8873700653594,,7.22341,67.51434813356391,0,0,0.00872,0.00161,0.05438,389.6470998536685
"2026-03-01","KU507HCEAT",,"DECATHLON Inesis Pocket Size Sun Protection Umbrella (UPF50+, Black)","1 Piece","Storage & Organizers","Inesis",,,730,899,,8.16487,18.798665183537263,0.002281908049078819,0.0043,0.00811,0.00937,0,730
"2026-03-01","ZOSPD698EC",,"SUN SUSAN-2 23"" Checks Print Umbrella (2 Fold, Auto Open, UV Protective, Checks Print)","1 Piece","Storage & Organizers","Sun",,,493.7406608780149,575,,40.33689,14.17832981232645,0.0236437289214984,0.04713,0.02445,0.02826,0,493.45135652793954
"2026-03-01","PR336SVS97",,"Crownsy Shoe Pouch (Grey)","6 pieces","Storage & Organizers","crownsy",,,134.83333333333334,549,,7.63742,75.4401942926533,0,0,0,0,0,22.472222222222225
"2026-03-01","9BBR8LLN5M",,"Kuber Industries Plastic Knit Tray M15 (Small, Brown)","1 Piece","Storage & Organizers","Kuber Industries",,,131.0501679399662,199,,24.4392,34.27158194004204,0.03459792312666654,0.05174,0.14232,0.1645,0,129.21539451003957
"2026-03-01","AGK8P33FF0",,"MOKOBARA The Em City Umbrella (Sunnyside Yellow)","1 pack","Storage & Organizers","Mokobara",,,3797.0848892100566,3995.4891042796603,,42.74296,4.962053689968693,0.05481056633368645,0.12159,0.03371,0.01161,0.17563,3820.2776930527702
"2026-03-01","VA6IV82D7V",,"Prolume Travel Bottles Kit (Pump and Spray Bottle)","2 pieces","Storage & Organizers","prolume",,,131.4995530271997,172.19793141129034,,43.00269,23.29369815483725,0.0469009467225642,0.08387,0.22463,0.25963,0,65.76926077689066
"2026-03-01","QNQ7ZSBTJ1",,"Crownsy Shoe Pouch (Grey)","9 pieces","Storage & Organizers","crownsy",,,171.72727272727272,599,,5.38556,71.33100622249204,0,0,0,0,0,19.08080808080808
"2026-03-01","5KP2JZT9BR",,"Kuber Industries Jute Fabric Foldable Drawer Organizer (Brown)","6 pieces","Storage & Organizers","Kuber Industries",,,696.5910225853208,2899,,16.4984,75.92003963565782,0.16589398417773146,0.09456,0.01918,0.02217,0,118.06979188094961
"2026-03-01","61GGQ4X9N6",,"TIED RIBBONS Under Shelf Rack Basket Storage Organizer (40x25 cm, Silver)","1 Piece","Storage & Organizers","Tied Ribbons",,,392.55555555555554,799,,0.82771,50.869141983034346,0,0,0,0,0,392.55555555555554
"2026-03-01","9B646DIG17",,"Nayasa Toy Box DLX Plastic Rectangular Storage Box (50L, Multipurpose Organiser, Red)","1 Piece","Storage & Organizers","Nayasa",,,816.3029773703175,1449.5171765131581,,25.88608,43.660507135120305,0.07764304831328396,0.10154,0.19588,0.15577,0.4533,818.977290869946
"2026-03-01","PPQ8V1UFQ7",,"Wildcraft Hypadry 2 Tone Rain Cheater Suit (Waterproof, Breathable, Sealed Seams, Dark Grey)","1 pack","Storage & Organizers","Wildcraft",,,1511.086763120709,1799,,34.75029,16.02404914395878,0.10273916358449305,0.19959,0.02078,0.02402,0,1506.537080390968
"2026-03-01","0PFK8NKLMK",,"Kuber Industries 5-Tier Plastic Modular Drawer Rack (Multicolor)","1 Piece","Storage & Organizers","Kuber Industries",,,1193.672167774671,3199,,35.02624,62.69440029212617,0.09946280414990404,0.0805,0.07044,0.08142,0,1119.5275693565115
"2026-03-01","7J4WU52UQ5",,"Kuber Industries Non-Woven Lehenga Cover (Large, Cream)","2 pieces","Storage & Organizers","Kuber Industries",,,408.1277076356082,1599,,14.28559,74.48010365728851,0.0656347051815459,0.03782,0.01177,0.01361,0,207.6261596441449
"2026-03-01","SCX7JC164X",,"Kuber Industries 3-Layer Jute Cosmetic Kit with Handle (Golden)","1 Piece","Storage & Organizers","Kuber Industries",,,501.6984974048562,1999,,9.22623,74.938355931948,0.052766687000618706,0.02712,0.00385,0.00446,0,533.1382796443364
"2026-03-01","B47DYJH4HH",,"Kuber Industries Non-Woven Shopping Bags (Large, Purple)","10 pieces","Storage & Organizers","Kuber Industries",,,400.84953292121486,1699,,20.77093,76.40896143354183,0.09213432182624073,0.04909,0.16957,0.19599,0,41.61223054576158
"2026-03-01","T2CHS6YG8A",,"Kuber Industries Non-Woven Lehenga Cover (Large, Cream)","1 Piece","Storage & Organizers","Kuber Industries",,,245.63244741457666,799,,11.91782,69.2676270419256,0.009056665221484074,0.00597,0.01736,0.01053,0.06122,237.80899577042368
"2026-03-01","CWAVBC2BA9",,"SUN SUSAN-3 23"" Checks Print Umbrella (2 Fold, Auto Open, UV Protective)","1 Piece","Storage & Organizers","Sun",,,457.72396482216215,574.9732829032257,,38.35266,20.39213700972541,0.012406275975587692,0.02288,0.00628,0.00726,0,456.46223019407694
"2026-03-01","8X7YX972RW",,"Godrej Security Solutions MYST Locker Metal Book Safe with 3-Digit Lock Hidden Book Design, Assorted Cover, Small Size","1 Piece","Storage & Organizers","Godrej Security Solutions",,,930.4565217391304,999,,19.27992,6.864006864006864,0.007353305535889667,0.01564,0.0082,0.00947,0,91528.96425297891
"2026-03-01","MXMUN8ZSU8",,"Samsung EVO Plus Micro SDXC Memory Card 512GB","1 unit","Storage & Organizers","Samsung",,,3835.05,11999,,0.57121,68.03858654887907,0,0,,,,3835.05
"2026-03-01","RM16CCM4A5",,"SANDISK Extreme Portable 1TB Hard Disk, 1000MB/s R, 1050MB/s W (Black)","1 Piece","Storage & Organizers","SanDisk",,,21080.674481959253,27034.258635870454,,34.21859,21.97915837629497,1.8145559500658122,3.15548,0.02456,0.02839,0,21219.11093075404
"2026-03-01","CD0CJ6C5QD",,"Kuber Industries Plastic Storage Basket with Handle (Medium, Brown and Cream)","2 pieces","Storage & Organizers","Kuber Industries",,,319.3076167484606,599,,28.58017,47.16696863193136,0.16608404165539098,0.20055,0.29246,0.31672,0.13674,154.81312947711297
"2026-03-01","PUULQ1ORXB",,"Kuber Industries Non-Woven Disney Foldable Storage Box (Blue)","1 Piece","Storage & Organizers","Kuber Industries",,,287.6475184127054,599,,10.8107,52.018836088597425,0.019918267322151424,0.02103,0.00627,0.00282,0.02846,279.73999458314347
"2026-03-01","YKI6SXIB6U",,"IKEA SY Iron-on Hemming Strip (10m, Nylon, White)","1 Piece","Storage & Organizers","IKEA",,,189,199.3676470588235,,2.28901,5.200265545474652,0.0008056122250151463,0.00178,0.00002,0.00002,0,189
"2026-03-01","B8SC4WHVDA",,"ABZORBZAP Moisture Absorber Sachet (100g, White)","1 Piece x 3","Storage & Organizers","Abzorb Zap",,,277.3666666666667,336,,1.68946,17.450396825396826,,,,,,277.3666666666667
"2026-03-01","GXU09NDIZS",,"Kuber Industries Small Plastic Storage Boxes with Lid (Black)","3 pieces","Storage & Organizers","Kuber Industries",,,496.29833190287667,1999,,47.42213,75.14783316810362,0.4260654623636768,0.2368,0.53173,0.60534,0.0592,166.81622616416945
"2026-03-01","TLGU4HXNCF",,"ZEEL Full Sleeves PVC Rainsuit for Men (XXL, Solid, Black)","1 XXL","Storage & Organizers","Zeel",,,391.13235294117646,449,,3.51171,12.888117385038647,0.0013674087274879016,0.00282,,,,397.96207197594333
"2026-03-01","RFKSFHZLAG",,"Robustt Cable Ties (Self Locking, Heat Resistant, for Indoor & Outdoor Use)","100 pieces","Storage & Organizers","Robustt",,,210.51550202198348,259,,12.99981,18.892708080318958,0.03473665899377218,0.06507,0.10951,0.03144,0.61063,208.87773527809233
"2026-03-01","K1R192JOB2",,"Kuber Industries 5-Layer Plastic Drawer Storage Organiser (92L, Multicolor)","1 Piece","Storage & Organizers","Kuber Industries",,,1323.5860532970923,8998.995427032256,,23.16379,85.29243293077253,0.1931437796164574,0.06704,0.00868,0.01003,0,1338.0597429457596
"2026-03-01","K6340S74GX",,"Kuber Industries Non-Woven Underbed Storage Bag (Royal Blue)","2 pieces","Storage & Organizers","Kuber Industries",,,247.47263791224532,499,,7.66222,50.704055786724695,0.12315176309613389,0.13868,0.00839,0.00897,0.00468,121.42519330854493
"2026-03-01","AJ7UY69WVB",,"Kuber Industries 6-Pocket Fabric Hanging Organizer (Brown)","1 Piece","Storage & Organizers","Kuber Industries",,,248,699,,8.9802,64.52074391988555,0.001064504622468029,0.00088,0.01362,0.01575,0,248
"2026-03-01","35DF3TA2MG",,"Kuber Industries PVC Clothes Organizer with Zip (Transparent and Silver)","2 pieces","Storage & Organizers","Kuber Industries",,,301.76860433067543,799,,23.76322,62.24280856408945,0.14734312558306792,0.12835,0.06555,0.07576,0,151.227760696647
"2026-03-01","P366N84YYS",,"PrettyKrafts Jute Plant Basket (Small, White and Brown)","1 Piece","Storage & Organizers","PrettyKrafts",,,279.1357505140528,1498.9347145564516,,45.95362,81.46137611152153,0.29410953027839815,0.1254,0.45123,0.52152,0,275.4155958853856
"2026-03-01","84O7YYXF07",,"Casacraft By Pepperfry Engineered Wood Wall Shelf (Dark Oak)","1 Piece","Storage & Organizers","Casacraft by Pepperfry",,,946.8306272822117,1419,,6.89212,33.27345722853536,0.020169240658035156,0.03134,0.02238,0.01436,0.0739,948.932062768684
"2026-03-01","37T68JOINN",,"Lifelong Drench Dew Kids Raincoat for Boys and Girls (10-11 Years, Waterproof, Single-Layer PVC, Unisex Rain Jacket, Sky Blue)","1 Piece","Storage & Organizers","Lifelong",,,571.1681669154892,1997.884186548673,,50.29602,71.41134752649616,0.006088692319155117,0.00341,,,,803.9016389059369
"2026-03-01","MFMZX5FIKP",,"Samsung T7 Shield 1TB Portable SSD | USB 3.2 Gen2 | 1050MB/s | IP65 rugged design | For content creators, gamers | Mac compatible | Black","1 unit","Storage & Organizers","Samsung",,,16872.182926829268,28449,,0.72255,40.693230247708996,0,0,,,,16872.182926829268
"2026-03-01","J3OQ2MMRKR",,"Awestuffs Hanging Foldable PU Leather Sunglasses and Watch Organizer (3 Slots, Brown)","1 Piece","Storage & Organizers","Awestuffs",,,273.13112696773726,750,,40.41735,63.5890008953127,0.04517672335552801,0.03736,0.01344,0.01554,0,273.388439546997
"2026-03-01","05P90QLH6I",,"Kuber Industries Non-Woven Shopping Bags (Large, Orange)","10 pieces","Storage & Organizers","Kuber Industries",,,396.1242128879761,1699,,27.59469,76.6895335366964,0.12860495072436504,0.06769,0.14591,0.16864,0,39.567237899888376
"2026-03-01","WN5DFGGY1U",,"Lifelong Men's Raincoat Set (Waterproof, Polyester, Double-Coated, Reversible, Navy Blue and Aqua Green)","1 Large","Storage & Organizers","Lifelong",,,3499,3499,,100,0,0,0,,,,3499
"2026-03-01","9FUGBF8KYP",,"EVM Nano Plus 64GB Type-C OTG Pendrive, 120MB/s, Shockproof – 10 Yr Wty (EEPOT/64GB) Silver","1 pack","Storage & Organizers","EVM",,,1099.7559129612112,3481.134080529802,,15.33544,68.73885428740167,0.1349910647212998,0.08474,0.00069,0.00034,0.00293,945.908251772559
"2026-03-01","86WQEMTIN5",,"Wildcraft Hypadry 2 Tone Rain Cheater Suit (Black)","1 pack","Storage & Organizers","Wildcraft",,,1512.9687256506154,1799,,12.19658,15.899459385735664,0,0,0.02156,0.02492,0,1512.9687256506154
"2026-03-01","M864QPCCQ0",,"Zeel Waterfighter Unisex PVC Poncho (Free Size)","1 Piece","Storage & Organizers","Zeel",,,279.0345849802372,299,,24.94552,6.677396327679875,0.0017458484967057917,0.00376,,,,277.39692680834696
"2026-03-01","RTX6T6J63D",,"CITIZEN Eco Transparent Safari Suit Raincoat (Only Buttons, XL)","1 XL","Storage & Organizers","Citizen",,,269,349,,6.10932,22.922636103151863,0.0015944725890186357,0.00285,,,,269
"2026-03-01","Q2DXTUU5X0",,"Kuber Industries Storage Bag with Handle (Black)","2 pieces","Storage & Organizers","Kuber Industries",,,616.4110114856254,1194.7959945508983,,8.92799,48.191811367052935,0.08688124279227614,0.10447,0.00846,0.0042,0.0358,320.1092640568552
"2026-03-01","STWC73K0TN",,"PrettyKrafts Jute Plant Basket (Small, White and Brown)","1 Piece","Storage & Organizers","PrettyKrafts",,,365.95619786233067,1998.9294886693547,,56.74848,81.57676359202213,0.11769644341286499,0.04928,0.18887,0.21829,0,399.1086543866009
"2026-03-01","Q70LXW0H1K",,"HomeStrap Stack It Up Foldable Stackable Closet Organizer (Plastic, White)","3 pieces","Storage & Organizers","Homestrap",,,945.2210092416518,1995.72704625,,48.2333,52.64129943194179,0.7712655798036547,0.84724,0.30919,0.34434,0.08356,314.9566440146733
"2026-03-01","ZP3YHDCLXD",,"Kuber Industries Foldable Boxes For Storage (Pack of 3) - Multipurpose Storage Organizer For Clothes | Wardrobe | Closet | Toys | Books |","1 pack","Storage & Organizers","Kuber",,,556.1112770697441,1099,,25.80719,49.39923391320438,0.03208940808499367,0.03777,0.02692,0.01724,0.08902,555.7856330567994
"2026-03-01","G5ILPGTWX9",,"Absorbia Moisture Absorber Sachet (200ml Each, Pack of 6, Dehumidifier for Bags, Suitcases, Drawers)","6 pieces","Storage & Organizers","Absorbia",,,639.4997927140065,834.0374423790322,,7.58975,23.298431196730725,0.012489273832418175,0.02301,0.00008,0.00009,0,643.619854524603
"2026-03-01","QA1R92H0UI",,"SANDISK 64 GB Cruzer Force Blade USB 2.0 Flash Pen Drive (Black)","1 unit","Storage & Organizers","SanDisk",,,700.6464646464647,724.537037121212,,2.871,3.29735696737759,0,0,,,,700.6464646464647
"2026-03-01","X8ZQAJXNW6",,"UtiliKart Vacuum Storage Bag with Pump (Nylon, Multicolor)","6 pieces","Storage & Organizers","utilikart",,,417.0807451632849,698.9774164227642,,33.69898,39.98379333494875,0.375549464034797,0.52398,0.70901,0.81946,0,70.1334904004885
"2026-03-01","PJHLZF81HT",,"SANDISK 64 GB Ultra Luxe USB 3.1 Flash Pen Drive, Speed Upto 150mb/s (Silver)","1 unit","Storage & Organizers","SanDisk",,,1248.3553791887125,1248.3553788888887,,2.63815,0,0,0,,,,1248.3553791887125
"2026-03-01","RK18TV5S7A",,"Bathla Stomo Taro Multipurpose Shelf Organizer (Skin)","2 pieces","Storage & Organizers","Bathla",,,936.4832108460016,998.5322997674418,,14.71116,6.214029224281617,0.0027891848584409083,0.00604,0.01117,0.00098,0.07655,466.11338153459513
"2026-03-01","9M5QCWITH4",,"IKEA MURVEL Shoe Organiser (Polypropylene Plastic, Grey)","1 Piece","Storage & Organizers","IKEA",,,109,111,,9.74776,1.8018018018018018,0.0008452075328608813,0.00193,0.00383,0.00443,0,109.00000000000001
"2026-03-01","U6QB6PV6MS",,"salai","1 Piece","Storage & Organizers","Unbranded",,,110,110,,0.92198,0,0,0,,,,110.00000000000001
"2026-03-01","RZ6VCIXS6I",,"Absorbia Classic Family (Set of 3, Dehumidifiers with Ag+ Ion Technology)","1 pack","Storage & Organizers","Absorbia",,,617.1032804158939,799,,13.92463,22.77935119215405,0.016687747070876127,0.03015,0.00012,0.00014,0,621.2736462894294
"2026-03-01","55V6J0VM2K",,"Saaj Opal Tray (Medium, Multicolour, Plastic, for Kitchen)","1 Piece","Storage & Organizers","Saaj",,,136.19668458781362,175,,5.31475,22.173323092677926,0.00008878486336178266,0.00018,0.00019,0.00021,0,140.55923270208984
"2026-03-01","C3FKAWT3WZ",,"Awestuffs Small Jewelry Storage Box (4 Compartments, Pink)","1 Piece","Storage & Organizers","Awestuffs",,,246.843147259226,500,,45.37015,50.59867364765568,0.10887445653518968,0.12498,0.59778,0.69091,0,247.2507787182325
"2026-03-01","UMCFTO0XIL",,"SE7EN Flexi Soft Corner Edge Bumpers","4 pieces","Storage & Organizers","Se7en",,,89.72153189992525,149,,12.0361,39.79619966492417,0.0029120826024082473,0.004,0.00394,0.00407,0.00312,22.05134690293968
"2026-03-01","XQO3C2VWI7",,"HP V222W 64Gb USB 2.0 Pen Drive (Silver)","1 Piece","Storage & Organizers","HP",,,599.6678069289766,2312.9187777142856,,11.48221,73.49571395389935,0.1840312240950526,0.12705,0.01459,0.01687,0,577.0871196706787
"2026-03-01","HAM7FGGRVH",,"Kuber Industries Non Woven Clothes Organizer with Zip (Maroon)","6 pieces","Storage & Organizers","Kuber Industries",,,396.3675492150516,1199,,19.66558,67.00644990819211,0.3993234006032497,0.30585,0.05575,0.04459,0.12743,65.83484737836677
"2026-03-01","1VL5222C31",,"Wildcraft Hypadry 2 Tone Rain Cheater Suit (Lime and Navy)","1 pack","Storage & Organizers","Wildcraft",,,2158.4497036188213,2999,,45.38823,28.03903488444539,0.1438658961059846,0.24001,0.02007,0.02319,0,2154.53305307098
"2026-03-01","VNA5S9OCNQ",,"SUN JULIET 3 21.5"" Umbrella (3 Fold, Auto Open, UV Protective)","1 Piece","Storage & Organizers","Sun",,,548.4756399116616,618.0135017338711,,15.24712,11.254928390004281,0.010071675709144934,0.02038,0.00275,0.00318,0,539.8703129920357
"2026-03-01","NONDXDSG67",,"Coconut 3 Steps Wallmount Multipurpose Stainless Steel L Corner Stand or Rack (Silver)","1 Piece","Storage & Organizers","Coconut",,,2277.4285714285716,2414,,0.99338,5.657474257308557,0,0,0,0,0,2277.4285714285716
"2026-03-01","Y5WUEFF214",,"Kuber Industries Waterproof Multipurpose Travel Kit with Handles (Black)","4 pieces","Storage & Organizers","Kuber Industries",,,782.1724669205266,3599,,24.69471,78.28158044383022,0.06394413782617858,0.03093,0.03918,0.03997,0.03413,188.35566960155884
"2026-03-01","XICHYPZL20",,"EVM EnSave Pro 1TB External SSD, 2000MB/s, USB-C – 10 Year Warranty (EPSSDPro/1T) Black","1 pack","Storage & Organizers","EVM",,,12228.946825396824,22999,,1.18764,46.8283541658471,0.035024943292818245,0.03109,0.01087,0.01257,0,9354.62424696296
"2026-03-01","2ZW1IM99R3",,"Sun Toys3 19"" Kids Umbrella (Non-Folding, UV Protective, Auto Open)","1 Piece","Storage & Organizers","Sun",,,415,600,,21.12313,30.833333333333332,0.000913737873363115,0.00147,0.00156,0.00181,0,415.00000000000006
"2026-03-01","TA9CPE3M0P",,"Wildcraft Hypadry 2 Tone Rain Cheater Suit (Black and Navy)","1 pack","Storage & Organizers","Wildcraft",,,2147.9864937476277,2999,,37.34117,28.38664114577465,0.30447877995496836,0.50603,0.02044,0.02362,0,2145.753917327416
"2026-03-01","Y7711UCHUA",,"Kuber Industries Stainless Steel Storage Rack (Silver)","1 Piece","Storage & Organizers","Kuber Industries",,,755.9331955474453,1595.602850942623,,14.34512,52.62400199938994,0.012979189622186369,0.01428,0.00631,0.00728,0.00005,756.9702945112323
"2026-03-01","7LCJYSPUI0",,"Crownsy Printed Storage Box (Small and Large, Yellow)","2 pieces","Storage & Organizers","crownsy",,,236.9550763701707,599,,4.04658,60.70295639393137,0.011372990730459569,0.00853,0.00044,0.00051,0,96.9520342882355
"2026-03-01","J4ON0ACUC5",,"Lifelong Drench Dew Kids Raincoat (10-11 Years, Waterproof, Single-Layer PVC, Green)","1 Piece","Storage & Organizers","Lifelong",,,549,1999,,41.79854,72.53626813406703,0.012177384638310234,0.00777,,,,549
"2026-03-01","MR6Q030HOU",,"Kuber Industries Non-Woven Shoe Bags (Navy Blue)","12 pieces","Storage & Organizers","Kuber Industries",,,444.9387567419218,1499,,43.23818,71.2640355750543,0.5891340167473239,0.36097,0.20333,0.15433,0.51785,35.62305836740372
"2026-03-01","XV6TKLC71N",,"Samsung EVO Plus Micro SDXC Memory Card 64GB","1 unit","Storage & Organizers","Samsung",,,3499.5116333973574,4627.938371674208,,14.76871,24.362188895826527,0.10632086375843089,0.08728,0.05642,0.06521,0,5033.56659056265
"2026-03-01","X9OFCZW624",,"Crownsy H-Handle Blanket Storage Cover (Grey)","2 pieces","Storage & Organizers","crownsy",,,159.07042253521126,549,,1.77407,71.11397165537173,0.0073852863614573775,0.00464,0.00005,0.00006,0,74.62236688895946
"2026-03-01","06XFHP7XC0",,"Sounce 2.5"" SATA SSD Enclosure Case, USB 3.0 to SATA For 2.5 SATA SSD / HDD, Transparent","1 Piece","Storage & Organizers","Sounce",,,291.0143020283155,1499,,4.92369,80.66660980979977,0.1586605305928979,0.07013,0.05321,0.0615,0,272.3146334905361
"2026-03-01","TVDN4D4LGV",,"Nestasia Shoe Travel Bag (Teal)","1 Piece","Storage & Organizers","Nestasia",,,520,795,,6.24291,34.59119496855346,0,0,0.00229,0,0.01695,520
"2026-03-01","KJPLLMACPS",,"Kuber Industries Non-Woven Blouse Cover with Zipper (Red)","3 pieces","Storage & Organizers","Kuber Industries",,,244.16526554573554,599,,20.28937,59.23428886208484,0.0109477980400546,0.01048,0.01332,0.0154,0,82.30479699297122
"2026-03-01","HM3GDN2A8B",,"Kuber Industries Non-Woven Foldable Storage Box (Black)","2 pieces","Storage & Organizers","Kuber Industries",,,303.69467668947124,799,,17.97583,62.003025241825924,0.11853510249096674,0.10456,0.17422,0.07448,0.81444,151.73727905935706
"2026-03-01","3CWAOLTU9O",,"Crownsy Jeans Storage Organizer (7 Grids, Black)","2 pieces","Storage & Organizers","crownsy",,,183.8245373673945,598.5149392380953,,5.19791,69.29365239798635,0.010440978099629192,0.00732,0.00061,0.00071,0,89.56903445967343
"2026-03-01","YQK40Z4POA",,"Crownsy Hanging Organizer (Black)","1 Piece","Storage & Organizers","crownsy",,,730.5555555555555,1499,,1.81193,51.26380549996294,0,0,0,0,0,730.5555555555555
"2026-03-01","0ANDZQCF6W",,"Nuovi White Zip Ties (100mm, Set of 100)","1 pack","Storage & Organizers","Nuovi",,,94.4234493755981,100,,10.37811,5.305126475147012,0.009678616133953235,0.02179,0.00946,0.01093,0,96.82583108236685
"2026-03-01","6JP19AUYZ4",,"HomeStrap Non-woven Shoe Bag (Grey)","4 pieces","Storage & Organizers","Homestrap",,,163.896942795831,349,,23.88397,54.91024357366897,0.08303638611080975,0.07871,0.20713,0.2394,0,35.848263076865386
"2026-03-01","K02FPVW0YX",,"Kuber Industries Non-Woven Foldable Storage Box (Grey)","1 Piece","Storage & Organizers","Kuber Industries",,,200.7598874573222,399,,32.1061,49.12764144196053,0.10239681646127298,0.11788,0.16233,0.09063,0.62258,207.40481467733812
"2026-03-01","LKZTFDQIUG",,"SANDISK Ultra Dual USB Drive 3.1, SDDDC2-256G-I35 256GB, USB 3.1/Type C Reversible Connector, Retractable Design, Type-C OTG-Enabled Android Devices, 5Y (Black, Silver)","1 Piece","Storage & Organizers","SanDisk",,,3225.6666666666665,3300,,0.72529,2.2525252525252526,0,0,,,,3225.6666666666665
"2026-03-01","42JWKY0JS8",,"LUXEHOME INTERNATIONAL Jute Baskets For Storage (Fruit, Vegetable, Flower, Toys, Baby Clothes, 6""x6"", Brown, Set of 2)","2 pieces","Storage & Organizers","Luxe Home International",,,499,899,,9.63126,44.493882091212456,0,0,,,,499
"2026-03-01","72PUBCT9V1",,"PrettyKrafts Toys storage Box Organizer (Jute, Grey)","1 Piece","Storage & Organizers","PrettyKrafts",,,153.8454931060335,499,,57.31399,69.37669009079228,0.31094545517440464,0.21705,0.5601,0.64736,0,152.43622262276023
"2026-03-01","RY3TKE7TAR",,"CITIZEN 17"" Paper Print Umbrella (Manual Open, Frozen Theme, Multi-Color)","1 Piece","Storage & Organizers","Citizen",,,242.37970532528809,899,,27.22391,73.03896492488452,0.009584196553705711,0.00582,0.00312,0.0036,0,260.6560006708652
"2026-03-01","AFQ5QW6LML",,"Kuber Industries Non Woven Fabric Replacement Rectangular Storage and Cloth Box (Disney Mickey Print, Foldable & Space Saver, 42x29x22cm, Black, KUBMART16024)","1 Piece","Storage & Organizers","Kuber",,,256.08727319362185,457.9024390243902,,8.84627,44.090467896943615,0.00391917402849996,0.00464,0.01187,0.00777,0.03816,245.37084208023916
"2026-03-01","IA3B0OGNRT",,"CITIZEN Kids Raincoat for Girls (Lightweight, Waterproof)","1 XXL","Storage & Organizers","Citizen",,,433.97188393117807,599,,54.14354,27.55118567104432,0.008969860123514578,0.01497,0.01657,0.01915,0,432.0892641157384
"2026-03-01","SVEMWEG51E",,"CITIZEN Eva Raincoat Poncho (Free Size, Grey, CP04)","1 Piece","Storage & Organizers","Citizen",,,139,149,,0.23531,6.7114093959731544,0,0,,,,139
"2026-03-01","FJQP6JDWA7",,"Kuber Industries Saree Cover with Zip (Cream)","12 pieces","Storage & Organizers","Kuber Industries",,,503.0683931708388,1399,,4.68743,64.04085824368558,0.014082375814626768,0.01179,0.00004,0.00004,0,42.00948076416787
"2026-03-01","X055ZVM3OI",,"Chumbak Whimsical Tropical Toucan Decorative Trinket Box","1 Piece","Storage & Organizers","Chumbak",,,1097.5674767641362,1295,,26.21731,15.1544839470376,0.02300898567880216,0.04732,0.00925,0.01069,0,1145.5646396936513
"2026-03-01","ARTTZ0KYLE",,"SUN TOYS1 19"" Kids Umbrella (Non-Folding, Auto Open, UV Protective)","1 Piece","Storage & Organizers","Sun",,,401.96395318041726,599.9098561290323,,58.05294,32.09230262011193,0.08352812937632466,0.1367,0.04908,0.05672,0,424.8546394626128
"2026-03-01","I3IL22ATMY",,"Kuber Industries 6-Pouch Satin Jewellery Storage Kit (Maroon)","1 Piece","Storage & Organizers","Kuber Industries",,,346.559092271578,1199,,12.6967,71.10032956842167,0.07113845297210306,0.04655,0.03862,0.04464,0,360.4960795184774
"2026-03-01","MHAZYITQUS",,"SANDISK 64 GB SDDDC3-064G-I35 Ultra Dual Drive Go Type C Pen Drive (Black)","1 unit","Storage & Organizers","SanDisk",,,1445.0116823254511,1855.019286209677,,38.04062,21.96080678927683,0.08421663086390377,0.1603,0.05918,0.0684,0,1409.554255216728
"2026-03-01","100000068","100000068","Dummy Product","100g","Storage & Organizers","dummy",0.04247000000000001,,,,0,,,6.467741246955249e-8,,,,,
"2026-03-01","17H4O0CGMI",,"Mr Toolman Cable Tie (Cable Organizer, White)","1 pack","Storage & Organizers","Mr Toolman",,,108.50652161349977,149,,4.47683,27.218274862419978,0.0038966351609570045,0.0056,0.00033,0.00038,0,94.14749733049746
"2026-03-01","1XOVE5DZQO",,"Godrej Locks Navtal 7 Levers with 3 Keys (65mm, Long Hardened Shackles, for Padlock for Main Door, Gate Lock, Tool Box, Shutters, Brass Finish)","1 pack","Storage & Organizers","Godrej Locks",,,800.320492567254,895.8301142338712,,59.76983,10.826630102474741,0.1350828953775728,0.27631,0.48162,0.55665,0,788.2885208854234
"2026-03-01","5ZG76AH8L0",,"Prolume Travel Friendly Bottle Kit","4 pieces","Storage & Organizers","prolume",,,183.6201883313606,237.30585228855716,,44.36681,22.726805574751836,0.04384510269474682,0.07746,0.15832,0.18298,0,47.435536849757256
"2026-03-01","GZZ3M64MVR",,"Smart Shelter Washing Machine Stand (Fully Automatic, Adjustable Metal, Without Wheels, White)","1 pack","Storage & Organizers","Smart Shelter",,,1153.3966451363544,2685.2961865725806,,18.1757,57.03059921184909,0.09006394409484547,0.09036,0.00226,0.00261,0,1158.5019288923345
"2026-03-01","HBXRUVGCDW",,"Casacraft By Pepperfry Engineered Wood Wall Shelf","1 pack","Storage & Organizers","Casacraft by Pepperfry",,,2535,3950,,19.13043,35.822784810126585,0.008020791052381423,0.01196,0.00071,0.00001,0.00523,2535
"2026-03-01","IYHJR6393C",,"Kuber Industries 3 Inch Non-Woven Saree Storage Bag (Maroon)","6 pieces","Storage & Organizers","Kuber Industries",,,397.90041345626105,1799,,11.92927,77.8760759630995,0.06219219774365037,0.03206,0.01191,0.00527,0.05454,66.64392801757408
"2026-03-01","UBYTM43BFP",,"Kuber Industries Non-Woven Disney Foldable Storage Box (33cm, Black)","1 Piece","Storage & Organizers","Kuber Industries",,,245.77489177489178,599,,9.1874,58.951211187665535,0.028596188195126482,0.0265,0.01843,0.00999,0.07262,244.28007403554977
"2026-03-01","GF8Y66YID6",,"Fendo Waterproof PVC Transparent Raincoat (Unisex, Free Size, Transparent)","1 Piece","Storage & Organizers","Fendo",,,587.2101244564402,2597.894061025641,,32.13048,77.39970475998861,0.09653473113471193,0.0506,0.00257,0.00297,0,586.5641076059314
"2026-03-01","VF7SGM7A2V",,"Java Plastic 3 Layer Stakable Organiser/Storage Container (Transparent)","1 pack","Storage & Organizers","Java",,,114.5865959195126,270,,7.03012,57.603312733928774,0.0070586250717300635,0.00666,0.00628,0.00726,0,114.73129761440339
"2026-03-01","CQXWCJ7T7L",,"Lifelong Drench Dew Kids Raincoat for Boys and Girls (6-7 Years, Waterproof, Single-Layer PVC, Unisex Standard Length, Green)","1 Piece","Storage & Organizers","Lifelong",,,641.4357101711653,1998.6464638709679,,16.88782,67.90649463193026,0,0,,,,641.4357101711653
"2026-03-01","4RMF9NK8DN",,"Kuber Industries 4-Layer Plastic Drawer Storage Organiser (55L, Chocolate Brown)","1 Piece","Storage & Organizers","Kuber Industries",,,1376.5359285668017,5399,,12.32009,74.5038724103204,0.06850506042107057,0.03458,0.02118,0.02448,0,1369.8229525243364
"2026-03-01","RJSI44LNLM",,"Samsung Type-C Usb Flash Drive, 64Gb, Transfers 4Gb Files In 15 Secs W/Up To 300Mb/S 3.13 Read Speeds, Compatible W/Usb 3.0/2.0, Waterproof, Blue","1 unit","Storage & Organizers","Samsung",,,1115.1665713384375,2228.8774193548384,,10.43681,49.956346923719956,0.04716821505052292,0.05428,0.00173,0.002,0,1145.5525570580373
"2026-03-01","2630NI3SXP",,"Ddesh Handmade Jute Organizer Basket Set (Lavender)","3 pieces","Storage & Organizers","ddesh",,,578.5351916922187,999,,22.53288,42.089716210302825,0.03904356245986922,0.05227,0.03164,0.03657,0,192.97440004259678
"2026-03-01","RIU9RN5DKE",,"Rusabl Shoe Bag (Cover Organiser, Grey)","6 pieces","Storage & Organizers","Rusabl",,,94.3586956521739,599,,0.26224,84.24729621833491,0.0018247345331061406,0.00068,0.00009,0.0001,0,15.909599956926717
"2026-03-01","Q2M712PT58",,"Bathla Stomo Taro Multipurpose Shelf Organizer (Smoke)","2 pieces","Storage & Organizers","Bathla",,,826.5474987974987,999,,14.55327,17.263709947281,0.011663863953480163,0.02246,0.02202,0.00453,0.13431,414.0453083077176
"2026-03-01","409MU7CDRN",,"HINDSON 3 Keys 65mm Steel Round Padlock | Double Locking Metal Lock for Home, Door, Gate & Shutter","1 pack","Storage & Organizers","Hindson",,,401.23096868672684,990,,45.26811,59.429455332401474,0.060424876406920555,0.05705,0.47595,0.00051,3.52785,401.95444498975627
"2026-03-01","GJYJ9MRT6V",,"DREAM WEAVERZ High Water Absorbent Dish Dry Mat (Set of 2, Grey)","1 Piece","Storage & Organizers","Dream Weaverz",,,524.9184024129412,1999,,14.44235,73.9391772660359,0.11720272038195777,0.0564,0.00032,0.00037,0,414.478849104837
"2026-03-01","OXRCPW6BYS",,"PrettyKrafts Large Laundry Basket (Jute, Multicolour)","1 Piece","Storage & Organizers","PrettyKrafts",,,721.540761610177,1999,,65.36078,63.82295859615067,0.6911932070643894,0.5779,0.68585,0.7927,0,725.5385910575684
"2026-03-01","I46VFUVG5T",,"SANDISK 64 GB Ultra USB 3.0 Pen Drive (Black)","1 unit","Storage & Organizers","SanDisk",,,1051.3146499387863,1251.6874566935487,,52.10948,20.534921463634603,1.0773813211587528,1.88492,0.21177,0.24476,0,970.8251531431891
"2026-03-01","ESU1JM32VK",,"Oye Happy Kachara","1 Piece","Storage & Organizers","Oye Happy",,,749,749,,27.12177,0,0,0,,,,749
"2026-03-01","3WFDXKOP6K",,"Kuber Industries 2-Compartment Non-Woven Clothes Organizer (Large, Navy Blue)","1 Piece","Storage & Organizers","Kuber Industries",,,501.2188384898006,2099,,21.19621,76.15951848999316,0.10921756510663755,0.05499,0.02027,0.01059,0.08243,458.35333824353
"2026-03-01","BOGXYTDKTS",,"SANDISK Ultra Flair USB Pen Drive (128 GB, Metallic Silver)","1 Piece","Storage & Organizers","SanDisk",,,1852.5777228830539,2090.0700285,,7.31938,11.362887481209869,0,0,,,,1852.5777228830539
"2026-03-01","MOSKAH3JCN",,"SANDISK 64GB High Endurance Video MicroSDXC Card with Adapter for Dash Cam and Home Monitoring Surveillance Systems - C10, U3, V30, 4K UHD, Micro SD Card - SDSQQNR-064G-GN6IA","1 Piece","Storage & Organizers","SanDisk",,,1301.6279069767443,1301.6279076744186,,10.77518,5.360014805080403e-8,0,0,,,,1301.6279069767443
"2026-03-01","WH8HDEQ4RE",,"CITIZEN Eva Raincoat Poncho (Free Size, Pink, CP04)","1 Piece","Storage & Organizers","Citizen",,,139,149,,1.93998,6.7114093959731544,0.0003027518153743121,0.00066,,,,139
"2026-03-01","KYOJ9LX5KF",,"Travalate Compression Vacuum Bags with Pump","5 pieces","Storage & Organizers","Travalate",,,578,1399,,4.14159,58.684774839170835,0.02307964807434224,0.02215,0.02568,0.02962,0.00036,115.6
"2026-03-01","OHK50ZN4L3",,"SE7EN Plastic Multipurpose Cosmetic Travel Kit (Multicolour)","7 pieces","Storage & Organizers","Se7en",,,114.97573652152766,168.92456826612903,,27.81238,32.238460518528264,0.11137139756379993,0.17342,0.64849,0.73799,0.07395,16.214969062779446
"2026-03-01","J3CFMD3Y8C",,"Kuber Industries 9 Inch Non-Woven Saree Storage Bag (Navy Blue)","3 pieces","Storage & Organizers","Kuber Industries",,,214.21578833061207,899,,36.39127,75.91322747175519,0.6228089123322482,0.33053,0.7455,0.53567,2.09237,72.61349470309212
"2026-03-01","XTVZAJMW4E",,"Robustt Cable Ties (Self Locking, Heat Resistant, Anti-Slip, for Indoor & Outdoor Use)","100 pieces","Storage & Organizers","Robustt",,,147.25309966618977,199,,8.00271,25.975983067995518,0.017876672333767097,0.03061,0.09312,0.00865,0.6353,147.34665795617468
"2026-03-01","U47C6T39HP",,"AMRO Cotton Box (Multicolour)","2 pieces","Storage & Organizers","amro",,,156.67303337925642,180,,6.0698,12.959425900413091,0.001096485448035738,0.00209,0.00452,0.00104,0.02683,78.02130621375
"2026-03-01","H21BYI4ZN1",,"Zeel Rainsuit for Men (Premium Fabric)","1 XL","Storage & Organizers","Zeel",,,5214.198909423459,68910.42119483871,,45.60498,92.36640367610899,0.08494396621110081,0.17899,0.03963,0.0458,0,5820.683273146389
"2026-03-01","278SRD3S3S",,"Nestasia Accessories Storage Pouch (Portable, Black)","2 pieces","Storage & Organizers","Nestasia",,,1039,1530,,13.13787,32.091503267973856,0,0,0.04866,0,0.36103,519.5
"2026-03-01","T28343LQF3",,"Wildcraft Hypadry 2 Tone Rain Cheater Suit (Black)","1 pack","Storage & Organizers","Wildcraft",,,1496.0576363451046,1783.9721323444976,,33.89507,16.06555382465886,0.14839971114396683,0.29062,0.0152,0.01756,0,1502.7429055934376
"2026-03-01","FAAQU6O1R3",,"Godrej Locks Ace Pro 6 Levers Round Padlock with 3 Keys (52mm, for Aldrops, Lockers, Toolboxes, Cycle Cable Ends, Collapsible Grills, Suitcases, Silver Finish)","1 pack","Storage & Organizers","Godrej Locks",,,322.61678065524217,345,,11.32342,6.239730021844636,0.01117349129477529,0.02496,0.02045,0.02363,0,333.5219788428593
"2026-03-01","93G7PH5ABA",,"Kuber Industries Non-Woven Storage Organizer (Large, White)","4 pieces","Storage & Organizers","Kuber Industries",,,1032.3553643985101,6769.985178394495,,48.19454,85.00446947821288,1.815335216182145,0.6012,0.36273,0.25873,1.03031,249.697561877784
"2026-03-01","7ZG96VTFBL",,"Digitek DUD 128GB USB 2.0 Flash Drive – High-Speed Read/Write, Magnetic, X-Ray & Temperature Resistant, Windows & Mac OS","1 unit","Storage & Organizers","Digitek",,,869.2820512820513,995,,2.10827,12.634969720396857,0.001767930495312067,0.00284,,,,694.8743420502966
"2026-03-01","L1Z2CUYIW7",,"Cheston Stackable Wardrobe Organizer (White) Pack of 1","1 Piece","Storage & Organizers","Cheston",,,700,999,,10.10509,29.92992992992993,0,0,0.00117,0.00135,0,700
"2026-03-01","MNI7SOMYLI",,"Kuber Industries 3-Layer Metal Storage Trolley with Wheels (Black)","1 Piece","Storage & Organizers","Kuber Industries",,,2022.2259757127479,8999,,13.70255,77.52832541774863,0.18734200098953827,0.09283,0.00854,0.00987,0,1916.839476403622
"2026-03-01","5G8WL40VKY",,"SANDISK USB Extreme USB 3.2 64GB, Upto 400MBs R & 240MB/s W, (SDCZ810-064G-G46)","1 Piece","Storage & Organizers","SanDisk",,,2402.830508474576,3142.3728808474575,,1.91307,23.534519944477,0,0,,,,2402.830508474576
"2026-03-01","U6977OT8RJ",,"Crownsy Shoe Pouch (Grey)","3 pieces","Storage & Organizers","crownsy",,,201.34672104836025,499,,16.75113,60.09655941837331,0.024559751139544922,0.01836,0.04011,0.04636,0,54.82211961345938
"2026-03-01","GP9L579ALF",,"Zeel Rain Knight Jacket for Men (Waterproof)","1 L","Storage & Organizers","Zeel",,,854.1877451648818,899,,47.33295,4.9846779571877935,0.015516639696515731,0.03414,0.03686,0.0426,0,85.14791348355567
"2026-03-01","0NZPUCB25C",,"Senego Wardrobe Clothes Organizer (4 Layers, Plastic, Stackable, White)","4 pieces","Storage & Organizers","Senego",,,1169.4678001911277,2273.9329633587786,,13.22481,48.57070023455171,0.013065690140864741,0.01544,0.00109,0.00007,0.00766,283.66916702057307
"2026-03-01","H27T6G5TIM",,"Lifelong Men's Waterproof Raincoat Set with Hood (Navy Blue and Royal Blue Stripe, Reversible, Double Coated)","1 XXL","Storage & Organizers","Lifelong",,,971.7501540452965,2999,,64.04538,67.59752737428154,0.030448791733370204,0.02296,0.05336,0.06168,0,973.4945752085399
"2026-03-01","N0EVB5ACIO",,"Zeel Stardust Unisex Fabric Rain Poncho (Free Size)","1 Piece","Storage & Organizers","Zeel",,,684.8142206290647,698.5033758467741,,38.99275,2.0421783182761426,0.05837033679866358,0.13211,0.00464,0.00536,0,679.3423298256647
"2026-03-01","5L1HMHZO83",,"SANDISK 128 GB Ultra Luxe USB 3.1 Flash Pen Drive, Upto 150MB/s, Lightweight (Black)","1 unit","Storage & Organizers","SanDisk",,,1813.2259630557876,1954.403253391813,,8.27714,7.223549699429535,0.00964511241192992,0.01792,0.00109,0.00125,0,1487.507569506731
"2026-03-01","K3IU8TGDKC",,"Crownsy Non Woven Hanging Organizer (Blue)","1 Piece","Storage & Organizers","crownsy",,,791.0967741935484,1499,,2.74799,47.22503174159117,0,0,0,0,0,791.0967741935484
"2026-03-01","P6I2D93F5T",,"Kuber Industries 3-Layer Foldable Shoe Rack (White)","1 Piece","Storage & Organizers","Kuber Industries",,,1027.9966778264986,4515.35704295699,,22.17242,77.23903055089441,0.1587293655126913,0.08177,0.00756,0.00687,0.012,1000.8906199274385
"2026-03-01","TAJY6B6ONG",,"Zeel Outlander Rainsuit for Men (XXL, Polyester)","1 XXL","Storage & Organizers","Zeel",,,710.3315455074097,799,,52.34867,11.721394153780539,0.11731785135400154,0.23869,0.19175,0.22162,0,700.3237480344415
"2026-03-01","FT1RRLOLBY",,"SANDISK Extreme Pro 256GB microSDXC UHS-I, V30, 200MB/s Read, 140MB/s Write, Memory Card for 4K Video on Smartphones, Action Cams and Drones","1 Piece","Storage & Organizers","SanDisk",,,6542.730233437905,6991.176417325582,,13.29436,6.414459557569396,0.008528372441034634,0.01981,,,,6023.525999438608
"2026-03-01","0INWPYCFUR",,"Crownsy Clothing Storage Wardrobe Organizer (Blue)","2 pieces","Storage & Organizers","crownsy",,,161.6976304367901,499,,9.31635,67.79330332360296,0.025708167356716796,0.01693,0.00019,0.00022,0,71.96574387645141
"2026-03-01","TCS75TFIF3",,"IKEA JÄLL Tabletop Ironing Board (Steel, White)","1 Piece","Storage & Organizers","IKEA",,,650.0951310861424,699,,0.00668,6.9964047087063905,0.0007096697483120192,0.00165,,,,691.1292344786015
"2026-03-01","GHCXKD7C46",,"Kuber Industries Non Woven Carry Bags with Handles (Pink)","12 pieces","Storage & Organizers","Kuber Industries",,,292.0740671674005,599,,15.07135,51.2394364659861,0.027164970106148736,0.03066,0.00745,0.00861,0,24.268383068683086
"2026-03-01","CITKA1BOLO",,"Lifelong Men's Raincoat Set (Waterproof, Polyester, Double-Coated, Reversible, Navy Blue with Aqua Green)","1 XL","Storage & Organizers","Lifelong",,,940.6539856124498,3499,,76.53255,73.13796071132903,0.17850828780915484,0.10961,0.04903,0.05666,0,928.1308605010402
"2026-03-01","8PYJFU56Z1",,"Godrej Locks Sherlock Pro Padlock with 3 Keys (40mm, Premium Solid Brass Lock, Self-Locking Shackle, Double Locking, Suitable for Doors, Travel Bags)","1 pack","Storage & Organizers","Godrej Locks",,,539.8567978772604,612.7659335526315,,18.15851,11.898366355431348,0.01043351590699673,0.02114,0.01085,0.01254,0,536.1953288818343
"2026-03-01","TBHJBNYZ94",,"Ikea Toftbo pedestal mat 55x60 grey-white/mélange AP","1 Piece","Storage & Organizers","IKEA",,,898,898,,18.82716,0,0,0,0.00129,0.00149,0,898
"2026-03-01","N28U0BJTRL",,"UrbanFix Jewellery Organiser (15 Grid, Transparent)","1 Piece","Storage & Organizers","Bulfyss",,,131,499,,0.66225,73.74749498997996,0,0,,,,131
"2026-03-01","UNVVHKJ6HY",,"Cleanstac Shoe Cleaner Wipes (25N, Sneaker Wipes For Stubborn Scuff, Dirt And Stains, Safe On Suede)","1 pack","Storage & Organizers","cleanstac",,,156.74193548387098,199,,1.54157,21.235208299562327,0,0,,,,156.74193548387098
"2026-03-01","ECQB17U1NX",,"CITIZEN AOAC Umbrella (3 Fold, Lime Green, Glass Handle)","1 Piece","Storage & Organizers","Citizen",,,529,1099,,26.99726,51.86533212010919,0.007531484421195476,0.00842,,,,529
"2026-03-01","024A37JX5W",,"Crownsy Rectangular Foldable Cloth Organizer with Handle (Black)","3 pieces","Storage & Organizers","crownsy",,,283,799,,9.32764,64.58072590738423,0.002027888920283873,0.00167,0,0,0,94.33333333333333
"2026-03-01","0S529VXSEE",,"UMAI Vanity/Cosmetic Storage Bag for Women (Lightweight, Black)","1 Piece","Storage & Organizers","Umai",,,1499,1499,,5.60748,0,0,0,,,,1499
"2026-03-01","HVD27N8P7Y",,"Kuber Industries 5-Layer Kitchen Storage Rack (Silver)","1 Piece","Storage & Organizers","Kuber Industries",,,749.4112747489859,3099,,19.80589,75.80716901301115,0.3049557511248639,0.17076,0.10065,0.06002,0.36145,750.718328219279
"2026-03-01","MHAVD4LVAS",,"HP 64 GB USB 3.2 Flash Drive, 712 Watts (Blue)","1 unit","Storage & Organizers","HP",,,795.918918918919,1155,,1.0631,31.08927108927109,0.003224733244743993,0.00388,,,,869.7088078085058
"2026-03-01","FI4NRBO0I5",,"Crownsy Clothes Organizer (Grey)","1 Piece","Storage & Organizers","crownsy",,,280.48214285714283,799,,2.1789,64.8958519578044,0,0,0,0,0,280.48214285714283
"2026-03-01","L4SW8JC0SG",,"Lifelong Plastic 3-Tier Stackable Storage Organiser (White)","1 Piece","Storage & Organizers","Lifelong",,,1011.3641120806509,1699,,17.3592,40.48988241640129,0.165590927783066,0.22698,0.08997,0.10399,0,101342.96733653323
"2026-03-01","OV79VPF2VZ",,"Kuber Industries 4-Layer Plastic Drawer Storage Organiser (55L, Black & Grey)","1 Piece","Storage & Organizers","Kuber Industries",,,1174.6566106804476,5799,,4.20905,79.74380736884898,0.020555599488822195,0.01035,0.00013,0.00015,0,1169.936838723928
"2026-03-01","RH44MH74I1",,"THE CLOWNFISH Raincoat for Women (Red)","1 pack","Storage & Organizers","The Clownfish",,,945.4040404040404,1299,,2.13703,27.220628144415674,0,0,,,,945.4040404040404
"2026-03-01","FQTTDPXNGR",,"Kuber Industries Cotton Blouse Cover with Zipper (Grey)","6 pieces","Storage & Organizers","Kuber Industries",,,334,899,,13.87582,62.84760845383761,0.010497172978841023,0.00906,0.00294,0.00278,0.004,55.666666666666686
"2026-03-01","1N86FQSUG5",,"Ikea Sandlöpere Box (33x38x33cm, Giraffe)","1 Piece","Storage & Organizers","IKEA",,,369,478,,22.07014,22.803347280334737,0.013380625127883898,0.02399,0.03695,0.04271,0,368.9999999999999
"2026-03-01","Z3JA1RKQK4",,"Kuber Industries Non-Woven Storage Box (Grey)","2 pieces","Storage & Organizers","Kuber Industries",,,501.6761511135759,2099,,20.9792,76.09930387654066,0.09696479709377484,0.05312,0.145,0.04022,0.81758,260.5258917811768
"2026-03-01","TOM57Y0R67",,"SANDISK 128 GB Ultra USB 3.0 Pen Drive (Black)","1 unit","Storage & Organizers","SanDisk",,,1588.782661962427,1720.3576097046418,,36.84537,8.264472850204207,0.23162920052534727,0.47169,0.06832,0.0787,0.00169,1582.0815303100492
"2026-03-01","40M05Y2PUX",,"Kuber Industries Transparent Net Saree Covers With Zip|PVC Wardrobe Organizer For Clothes|Idol For Dresses, Suits, Baby Clothes|Pack of 2| 40 x 30 x 17 cm (Grey)","1 pack","Storage & Organizers","Kuber",,,327.298761133252,389,,10.7333,15.860571444020941,0.00450853495681917,0.00872,0.00058,0.00067,0,326.7692346910641
"2026-03-01","I9VGVQNNHJ",,"Ikea Tisken corner shelf unit with suction cup black AP","1 pack","Storage & Organizers","IKEA",,,614.295415959253,638,,13.0719,3.7154520440042296,0.0012956803044288968,0.00296,0.00536,0.0062,0,627.7571860272693
"2026-03-01","3UAM3JO6U2",,"SANDISK Ultra MicroSDXC 256 GB Memory Card (Red)","1 Piece","Storage & Organizers","SanDisk",,,3905.7172664756786,4128.522405645161,,35.94915,5.360915802208147,0.5085408134202416,1.09516,0.76537,0.37761,3.25436,3963.348735676174
"2026-03-01","5F8351SNUC",,"Boldfit Shoe Cover Bag Organizer (Black)","6 pieces","Storage & Organizers","Boldfit",,,201.8677673167381,599.4493828629032,,85.96844,67.20009242941613,3.31363735089825,2.53028,3.52976,3.81021,1.72951,32.812024281759385
"2026-03-01","XV0FR2IBBU",,"Zeel Mighty Star Raincoat (Avengers Print, 5-6 Years)","1 Piece","Storage & Organizers","Zeel",,,585.0573203798558,597.2908803763441,,61.30394,2.0510300001232915,0.03025568846279946,0.06885,0.04759,0.05501,0,586.7797448813525
"2026-03-01","7KQBA6GWK8",,"Kuber Industries Multi-Purpose Storage Organizer Set with Interlock (Black)","8 pieces","Storage & Organizers","Kuber Industries",,,312.0843796945152,1299,,23.32171,75.856393273463,0.24583325576677698,0.13128,0.10135,0.11714,0,40.008561813242004
"2026-03-01","TMS011Q83A",,"Kuber Industries 3-Layer Plastic Kitchen Storage Basket Rack (Grey)","1 Piece","Storage & Organizers","Kuber Industries",,,307.6771796725264,598.9968,,57.46578,49.00209738273753,1.6213439446881435,1.91578,2.57189,2.63438,2.1708,305.4758971795925
"2026-03-01","TBXM339UJS",,"HASHWOW Automatic Door Hinge Lock (Heavy Duty Self-Closing Spring Door Hinges For Multi-Functional Use)","1 pack","Storage & Organizers","HashWOW",,,267.6637495568947,699,,13.25309,61.726935157305604,0.009403124165134256,0.00817,0.01457,0.01684,0,261.63159814662555
"2026-03-01","T438Q7ENKT",,"utiliKart Buttons Set (36 pieces: 12 White, 12 Black, 12 Transparent)","1 pack","Storage & Organizers","utilikart",,,31.329896272519225,39,,14.72231,19.659290296969445,0.0015739134868679656,0.00296,0.01711,0.01978,0,31.494853108351613
"2026-03-01","8F2XIIMCG3",,"Lifelong Women's Raincoat (100% Waterproof, Lightweight, One-Piece, With Hood, Side Pocket, Snap Buttons, Sky Blue)","1 Medium","Storage & Organizers","Lifelong",,,496.1294328896,1999,,44.71665,75.18111891497749,0.004058823633478956,0.00225,,,,502.29834756794287
"2026-03-01","BUA9R9JO87",,"Crownsy Blanket Storage Cover (Beige)","3 pieces","Storage & Organizers","crownsy",,,231.82051282051282,899,,0.92715,74.21351359059925,0,0,0.00005,0.00006,0,77.27350427350427
"2026-03-01","BWH3K2K4EE",,"SE7EN Safe Edge Soft Silicon Corner Protector","4 pieces","Storage & Organizers","Se7en",,,91.31049480473443,149,,13.40687,38.72951353079884,0.0036310420190994582,0.0051,0.00128,0.00127,0.00133,22.45507170637161
"2026-03-01","OB81KV1XNK",,"Smart Shelter Washing Machine Trolley (for Fully and Semi Automatic Stand, Adjustable Metal And Wheels, Black)","1 pack","Storage & Organizers","Smart Shelter",,,1379.5442182815182,2999,,19.18479,54.01867296128593,0.14715550473973737,0.15145,0.00022,0.00025,0,1346.7680050871584
"2026-03-01","U1HVVQ1B92",,"Kuber Industries Printed Non Woven Closet Organizer Box (Blue)","1 Piece","Storage & Organizers","Kuber Industries",,,241.24704797596848,399,,29.28247,39.53698547674978,0.0328449170166194,0.04588,0.34189,0.26894,0.81018,242.09898090701617
"2026-03-01","HDQ1IFVT6K",,"Kuber Industries 2-Compartment Non-Woven Clothes Organizer (Large, Grey)","1 Piece","Storage & Organizers","Kuber Industries",,,501.54408033868816,2099,,19.81579,76.10517846256123,0.1662244527085978,0.09235,0.02307,0.00909,0.11277,501.8243155252746
"2026-03-01","AK16W5OP4W",,"Kuber Industries Non-Woven Foldable Drawer Organizer (Black)","6 pieces","Storage & Organizers","Kuber Industries",,,540.5539847108532,2199,,37.57365,76.14498014984966,0.5657100417843693,0.27943,0.15489,0.17902,0,80.77749054845688
"2026-03-01","WBY9K9KHMU",,"SANDISK Ultra Curve 64GB, USB 3.2, Flash Drive, 100MB/s R, Pendrive, Green (SDCZ550-064G-I35G)","1 unit","Storage & Organizers","SanDisk",,,1399,1600,,8.76121,12.5625,0,0,0.00038,0.00044,0,1399
"2026-03-01","YGRLS39M5N",,"Kuber Industries 3-Replacement Non Woven Drawer Storage Organizer (Blue)","3 pieces","Storage & Organizers","Kuber Industries",,,384,999,,9.67362,61.56156156156156,0.031700308040586545,0.0283,0.02079,0.01487,0.05878,128
"2026-03-01","1QOYU82G08",,"Kuber Industries Woven Underbed Storage Bag (Black)","1 Piece","Storage & Organizers","Kuber Industries",,,102.6512218099639,299,,19.09333,65.32725815031502,0.038633903313311416,0.03175,0.00352,0.00407,0,107.6270553102858
"2026-03-01","64AQ3OKS2L",,"SANDISK 32 GB Ultra Flair USB 3.0 Pen Drive (Silver)","1 unit","Storage & Organizers","SanDisk",,,672.7755102040817,700,,3.92662,3.889212827988338,0,0,,,,672.7755102040817
"2026-03-01","EVJ7DSQXGL",,"Sun Jennifer-2 21.5 Inch Umbrella (3 Fold, Auto Open, UV Protective)","1 Piece","Storage & Organizers","Sun",,,567.7108876686083,620,,16.70285,8.433727795385769,0.002360489506188047,0.00508,0.00393,0.00454,0,574.2214285327324
"2026-03-01","EQHDRZ78JM",,"THE CLOWNFISH Raincoat for Kids Waterproof Double Coating Reversible Standard Length with Hood & Reflector Logo (Assorted)","1 pack","Storage & Organizers","The Clownfish",,,1093.931023265962,1198.4158441935483,,37.38686,8.727163549742187,0.05325721194896915,0.11246,0.00819,0.00947,0,1090.2558430417535
"2026-03-01","1707ZT5ST5",,"Kuber Industries Rexine Travel Toiletry Bag with Strap (Black)","1 Piece","Storage & Organizers","Kuber Industries",,,239.68334651831327,499,,19.77884,51.99831525321861,0.022668770610619955,0.02459,0.00989,0.01143,0,234.98436629364258
"2026-03-01","2V0D5RFIFE",,"SE7EN Reusable Raincard (Assorted Colour)","1 Piece","Storage & Organizers","Se7en",,,39.20212765957447,59,,2.03353,33.555715831229705,0,0,0,0,0.00002,39.20212765957447
"2026-03-01","J3QOVZVJ75",,"Kuber Industries Non Woven Coat Cover with Zip (Black)","1 Piece","Storage & Organizers","Kuber Industries",,,188.87583328083326,399,,6.35801,52.66269842585633,0.0028863456523085195,0.00303,0.00007,0.00008,0,183.46939055438065
"2026-03-01","RT7SBS0W95",,"SANDISK 128 GB Ultra Dual Drive Go, Type C (Black)","1 unit","Storage & Organizers","SanDisk",,,2178.7950994618195,2797.426111653226,,44.07967,22.127934099354686,0.31808677352367415,0.56665,0.11045,0.12722,0.00277,2134.143158837727
"2026-03-01","T1DO8241X1",,"CITIZEN Ladies Rainsuit (Reversible Series, Pink, CRLE03)","1 XL","Storage & Organizers","Citizen",,,1197.72477266476,1598.6144409032258,,75.76471,25.29731564640362,0.06128363771823632,0.10375,0.0735,0.08495,0,1171.3405012607357
"2026-03-01","C1WU20GXY1",,"Kuber Industries Plastic Storage Basket with Handles (Large, Grey)","1 Piece","Storage & Organizers","Kuber Industries",,,288.0901536457435,599,,18.97448,51.90481575196269,0.0021284000863538155,0.00232,0.02578,0.02352,0.04031,285.579064385732
"2026-03-01","2TE73TDCWN",,"Rush Grey Kitchen Shelf Liner Mat (150cm, Antislip, Drawer Mat)","1 pack","Storage & Organizers","Rush",,,212.25918904838977,500,,59.31989,58.75059192731472,0.2992954495786706,0.27918,0.38411,0.24024,1.30764,201.77359430108325
"2026-03-01","R4VUS1V6K4",,"CITIZEN 21"" Paper Print Umbrella (2 Fold, Auto Open, UV Protective, Multicolor)","1 Piece","Storage & Organizers","Citizen",,,234.82691158900835,899,,19.30464,73.87909770978771,0.0013692362032346277,0.00081,0.00072,0.00083,0,230.00157615336437
"2026-03-01","81YFVQO27F",,"CITIZEN Ladies Rainsuit (Reversible Series, Ink Blue, CRLE03)","1 XXL","Storage & Organizers","Citizen",,,1299,1599,,27.83936,18.76172607879925,0.00568192667586297,0.01072,0.01075,0.01242,0,1299
"2026-03-01","GJIMIQF1RI",,"SE7EN Silicon Iron Rest Pad","1 Piece","Storage & Organizers","Se7en",,,217,219,,28.57306,0.9132420091324314,0.011395072729065847,0.02622,0.00087,0.00009,0.0059,21700
"2026-03-01","7CCFV2X9MM",,"Kuber Industries Non-Woven Underbed Storage Bag (Royal Blue)","2 pieces","Storage & Organizers","Kuber Industries",,,234,598,,4.58538,60.869565217391305,0.008290800593960224,0.00754,0.01196,0.00368,0.06515,116.99999999999999
"2026-03-01","A5TCYXL7D2",,"Kuber Industries 3-Tier Plastic Drawers Storage Organizer (Multicolour)","1 Piece","Storage & Organizers","Kuber Industries",,,902.8446778711484,3099,,30.67093,70.86730576396172,0.023597280579602444,0.0159,0.00566,0.00654,0,899.0417419362685
"2026-03-01","YUCZJ0TXK1",,"Kuber Industries Non-Woven Saree Cover (Brown)","6 pieces","Storage & Organizers","Kuber Industries",,,395.02745321915654,1790.8351405042015,,34.31872,77.92932017543065,1.3647363487876059,0.7333,0.58128,0.57774,0.60397,65.41958250060276
"2026-03-01","B9RUHG2OR1",,"Crownsy Non-Woven Storage Organizer with Lid (Blue)","1 Piece","Storage & Organizers","crownsy",,,173.86658653846155,499,,4.22707,65.15699668567905,0.0020262137341827075,0.00159,0,0,0,179.11782464123206
"2026-03-01","AI902ED55M",,"ZEEL Mighty Star Raincoat (Avengers Print, 7-8 Years)","1 Piece","Storage & Organizers","Zeel",,,527.7665405941601,598.7110777419356,,73.40836,11.901739751803074,0.03679333065706698,0.07472,0.0375,0.04334,0,524.0586014937504
"2026-03-01","X05PROI2HV",,"Kuber Industries Foldable Storage Box with Handle (Pack of 6, Black)","6 pieces","Storage & Organizers","Kuber Industries",,,812.9732646175054,2137.498450794979,,56.50239,61.84127785799802,0.3138267752684097,0.28148,0.51949,0.19818,2.58205,133.7707838152278
"2026-03-01","4FGOTO3J0L",,"Kuber Industries Saree Cover (Pack of 4, Dress Packing Bags with Zip, Saree Pouches for Storage, Clothes Organizer for Wardrobe, Silver Lace, Transparent)","4 pieces","Storage & Organizers","Kuber",,,582.0224891755803,1419,,14.37078,58.97508063201675,0.021782749452748856,0.02121,0.00069,0.00079,0.00005,147.84212933190443
"2026-03-01","ROCMKNRQVT",,"Kuber Industries Cotton Jewellery Organizer (Green)","1 Piece","Storage & Organizers","Kuber Industries",,,322.0873422513033,799,,7.83222,59.68869308494327,0.0038527757430355746,0.00339,0.0356,0.02579,0.09858,304.3122119481271
"2026-03-01","R4S70ZA2QF",,"Awestuffs Luxury Cosmetic Bag with Handle (Beige)","1 Piece","Storage & Organizers","Awestuffs",,,330.25465463571004,750,,44.20483,56.117132564960336,0.41551635861569963,0.40684,0.88976,1.02838,0,329.1729407372789
"2026-03-01","CITWHY34Y5",,"Joyo 3 Step Jaguar Corner Wall Mount Rack with Door (40cm, Assorted)","1 Piece","Storage & Organizers","Joyo",,,,,,0,,,,,,,
"2026-03-01","95FTJC710K",,"Kuber Industries Non Woven Clothes Organizer (Black and White)","6 pieces","Storage & Organizers","Kuber Industries",,,323.2526519527906,799,,22.18351,59.562110707146665,0.1259356178169802,0.1173,0.18085,0.10498,0.66786,53.445889265131356
"2026-03-01","47AJIK9V22",,"HomeStrap Non Woven Foldable Single Saree Covers (Pack of 10, Multicolour)","10 pieces","Storage & Organizers","Homestrap",,,208.2496785287081,499,,7.22832,58.26258774621419,0.016995372154908376,0.01756,0.00019,0.00022,0,21.009329360495332
"2026-03-01","T0DLAFTADB",,"SANDISK 128GB High Endurance Video MicroSDXC Card with Adapter for Dash Cam and Home Monitoring Surveillance Systems - C10, U3, V30, 4K UHD, Micro SD Card - SDSQQNR-128G-GN6IA","1 Piece","Storage & Organizers","SanDisk",,,2793.7333277959665,3040.7967840259744,,16.39997,8.083394014367908,0.05185401515477453,0.11747,0.23344,0.26981,0,2722.4081335491
"2026-03-01","001JHE3G92",,"Joyo Medical Multi-Purpose Storage Boxes – Set of 3 (Small 402, Medium 502, Large 602)","3 pieces","Storage & Organizers","Joyo",,,1084.8934214276267,1114,,26.71501,2.677722424388858,0.06973449472968066,0.15712,0.08586,0.08045,0.12056,1080.571146909856
"2026-03-01","LF4ULR5S0Z",,"WD Elements 2TB External Hard Disk Drive (HDD) 5GB/s, USB 2.0,USB 3.0, Compatible with Windows 10, Wired - Black","1 unit","Storage & Organizers","Western Digital",,,8758.213475348202,13558.956878839284,,11.19178,35.41743925874928,0.19899292032314575,0.28377,0.00588,0.00679,0,8556.218498358188
"2026-03-01","W18N7TRBQN",,"Kuber Industries Non-Woven Foldable Wardrobe Organizer with Metal Frame (Brown)","2 pieces","Storage & Organizers","Kuber Industries",,,629.9771993879136,2499,,14.4388,74.7908283558258,0.0038057182425573735,0.00208,0.00047,0.00033,0.00132,295.6906582463658
"2026-03-01","ATYV8AYCV8",,"utilikart Sewing Needles","1 pack","Storage & Organizers","utilikart",,,31.299065420560748,39,,34.63008,19.837189219831124,0.009379214690781255,0.01737,0.09837,0.1137,0,31.152492856913536
"2026-03-01","QP3TU82WX9",,"eCraftIndia Designer Wall Shelf (Single Compartment, Wooden, Crescent Shape, 23cm, Brown)","1 Piece","Storage & Organizers","Ecraftindia",,,156.70236738263728,599,,21.22638,73.70100081659069,0.0425989165251251,0.02236,0.07084,0.08187,0,167.78210713830657
"2026-03-01","9QX8KKXG2H",,"Awestuffs Watch Storage Organizer (3 Compartment, Black)","1 Piece","Storage & Organizers","Awestuffs",,,411.17617578513,1000,,46.55728,58.875463367860746,0.08348701117202331,0.07969,0.0398,0.046,0,411.95230693079606
"2026-03-01","POY4LSGDA4",,"SUN BRAND ROSY-1 23"" Stripes Umbrella (2 Fold, Auto Open, UV Protective, Stripes)","1 Piece","Storage & Organizers","Sun",,,450,572.3580678494624,,48.54089,21.377888200161465,0.0008758177516185455,0.00159,0.00486,0.00562,0,450.00000000000006
"2026-03-01","0ULYLVCB7C",,"CITIZEN 21"" Mono Umbrella (Silver, Lime Green)","1 Piece","Storage & Organizers","Citizen",,,237.5282955222903,795.0146394930877,,31.39689,70.10261118221071,0.040558692143550824,0.02812,0.01884,0.02177,0,238.90715902856445
"2026-03-01","9LY79QX3SA",,"Kuber Industries Non-Woven Saree Storage Bag (Navy Blue)","12 pieces","Storage & Organizers","Kuber Industries",,,687.2509164710415,3598.651647253219,,37.43658,80.85381535643424,0.737155592701364,0.33172,0.35217,0.20263,1.31206,58.056906834397786
"2026-03-01","OXZ0RTSVPN",,"Kuber Industries Non-Woven Disney Foldable Storage Box (Yellow)","1 Piece","Storage & Organizers","Kuber Industries",,,297.92006545603243,599,,8.3801,50.27563246194386,0.017941090853839204,0.02056,0.00036,0.00028,0.00092,295.5800586927455
"2026-03-01","BG26UQKZL1",,"Awestuffs Wardrobe Storage Organiser (Grey)","1 Piece","Storage & Organizers","Awestuffs",,,394.47297081791817,1000,,38.81076,60.24249843673741,0.11111037311130921,0.09964,0.02271,0.02625,0,420.45090974145245
"2026-03-01","XFP6KANYHW",,"HomeStrap Hanging Non-Woven Double Sided Jewellery Organizer (32 Compartments, Black)","1 Piece","Storage & Organizers","Homestrap",,,173,479,,5.19864,63.88308977035491,0.004741690404172325,0.00398,0.007,0.00809,0,173
"2026-03-01","JLB0YWBPY7",,"SE7EN Corrugated Cardboard Box (18""x12""x12"", 5 Ply, Brown)","3 pack","Storage & Organizers","Se7en",,,315.29918082498267,559.457271967213,,11.1556,43.8272461049656,0.16995372154908378,0.2203,0.01118,0.00983,0.01983,104.49035785129867
"2026-03-01","R4RAZXJF9X",,"Encasa XO Wood Wooden Tray (42x27 cm, Brown)","1 Piece","Storage & Organizers","Encasa XO",,,820.1430430948548,1099,,18.60054,25.373699445418126,0,0,0.00099,0.00114,0,820.1430430948548
"2026-03-01","AWK3LZ56AD",,"Kuber Industries Non-Woven Shoe Bags (Coffee)","6 pieces","Storage & Organizers","Kuber Industries",,,236.75027461474684,899,,62.79542,74.31068008095362,0.4228250432854401,0.24617,0.71676,0.62526,1.30414,38.20250071326903
"2026-03-01","SDB2R2JRHF",,"Fendo 23.5"" Umbrella (3 Fold, For Men and Women, Red)","1 Piece","Storage & Organizers","Fendo",,,493.4534906046476,1839.0478933870966,,62.46037,73.03146879447972,0.581592633499167,0.36418,0.0731,0.08448,0,500.0082719584526
"2026-03-01","I48YAX83RC",,"Kuber Industries Non-Woven Foldable Storage Box (Black and Grey)","1 Piece","Storage & Organizers","Kuber Industries",,,284.7312981014681,316.89824283333326,,9.84357,10.330697572742631,0.020153097955605742,0.04077,0.0066,0.00668,0.0061,279.67642146215303
"2026-03-01","SB1KDO7FJ2",,"Casacraft By Pepperfry Engineered Wood Wall Shelf (Dark Brown)","1 Piece","Storage & Organizers","Casacraft by Pepperfry",,,976.7550008867944,1499,,9.93988,34.83848206594173,0.013316968056039597,0.02019,0.04265,0.02424,0.16085,978.3947116699176
"2026-03-01","V81GKQK761",,"Cozykare Pill Cutter and splitter with storage box (Blue)","1 Piece","Storage & Organizers","utilikart",,,130.61178695364498,199,,14.24972,34.413078299236474,0.010276657572069395,0.01541,0.00767,0.00886,0,128.76317326241215
"2026-03-01","0BRSP27UWR",,"EVM EnSave Pro 512GB External SSD, 2000MB/s, USB-C – 10 Year Warranty (EPSSDPro/512GB) Black","1 pack","Storage & Organizers","EVM",,,12499,17665.765188827587,,2.255,29.247333096531932,0,0,0.0042,0.00485,0,12499
"2026-03-01","VT3660DLRH",,"HP 235w 128GB USB 2.0 Pen Drive | Flash Drive - Grey","1 Piece","Storage & Organizers","HP",,,1166.1185747703184,4713.53936376033,,21.95811,75.1598475588412,0.15684249680419643,0.09508,0.00721,0.00833,0,1161.201155534396
"2026-03-01","E2P4S42SO1",,"Sun Brand 21.5"" Joya-4 Umbrella (3 Fold, Manual Open, Compact, UV Protective, Floral)","1 Piece","Storage & Organizers","Sun",,,439,547.8561289247311,,55.79907,19.870593267080487,0.008514970952225307,0.01579,0.04834,0.05587,0,438.99999999999994
"2026-03-01","XLSIHOVH4Q",,"Kuber Industries Non Woven Clothes Organizer with Zip (Beige)","6 pieces","Storage & Organizers","Kuber Industries",,,362.0450000201672,799,,28.84644,54.69835820919468,0.2568937481445463,0.266,0.14779,0.09578,0.48166,60.76438887733899
"2026-03-01","V1MYY9N58O",,"Bathla Stomo 3 Plastic Drawer Multi-Purpose Storage Organizer (61cm, Blue)","1 Piece","Storage & Organizers","Bathla",,,996.0618131868132,1999,,2.72148,50.1719953383285,0.011669346380720341,0.01351,0.00339,0.00032,0.02312,996.0011337359508
"2026-03-01","XNH29MTR3M",,"Robustt TV Wall Mount (Universal Fixed Stand, 26 to 63 inch, Black)","1 pack","Storage & Organizers","Robustt",,,296.58043167026074,499,,24.39588,40.438646852008105,0.25872366052560153,0.35491,0.03567,0.04118,0.00027,297.70077323114805
"2026-03-01","66CINMFOZN",,"Buildskill Box 5 ply OP (Pack of 3) L","3 Piece","Storage & Organizers","Buildskill",,,532.0610021786492,699,,10.26399,24.721708573729394,0.06890588676818589,0.11685,0.00721,0.00833,0,17017.382378431124
"2026-03-01","NMLHUYVPCF",,"SANDISK Gameplay microSDXC UHS-I Card, 256GB Gaming microSDXC, 190MB/s, 130MB/s W, UHS-I, V30, U3, C10","1 Piece","Storage & Organizers","SanDisk",,,3521.2083333333335,3600,,0.39388,2.1886574074074074,0,0,,,,3521.2083333333335
"2026-03-01","K14UGS1KXL",,"Kuber Industries 6-Layer Foldable Shoe Rack (White)","1 Piece","Storage & Organizers","Kuber Industries",,,1934.7707537604645,8499,,46.25802,77.24637771715098,3.380629413690677,1.69173,0.4194,0.43462,0.32169,1953.4897138484866
"2026-03-01","MMVSY6DT1V",,"Kuber Industries Jewellery Kit | Satin Jewellery Storage Kit | Moti Beads Jewellery Kit | Cosmetic Kit with 6 Flappable Pouches","1 pack","Storage & Organizers","Kuber",,,570.382817243473,2399,,7.15598,76.22414267430291,0.006089149188091798,0.00324,0.00308,0.00061,0.01893,549.9364961601465
"2026-03-01","VK1DJ0N1V8",,"ZEEL Rain Knight Jacket for Men (Waterproof, Hooded, Polyester)","1 XL","Storage & Organizers","Zeel",,,849.5328579417434,897.8871303225808,,50.91779,5.369302852860499,0.07461446413202191,0.16422,0.06785,0.07842,0,847.9227494780661
"2026-03-01","2TDDOAKF27",,"Nestasia Foldable Jewellery Organizer (8 Compartments, Brown)","1 Piece","Storage & Organizers","Nestasia",,,759,1150,,20.81617,34,0,0,,,,759
"2026-03-01","90JS7QV4P5",,"SE7EN US Size 4-10 Silicon Waterproof Shoe Cover","1 Pair","Storage & Organizers","Se7en",,,143.03117117117117,299,,5.923,52.167663129260866,0.004099180389552494,0.00466,0.00025,0.00019,0.00064,147.50379889810378
"2026-03-01","DVR3YAIKR8",,"Pongal Umbrella","1 Piece","Storage & Organizers","Unbranded",,,271.9017857142857,399,,2.82659,31.85418904403867,0.0013165439858706881,0.00249,0.00574,0.00664,0,31931.839258114374
"2026-03-01","0LLD9YVHNI",,"Sun Juliet 1 21.5"" Umbrella (3 Fold, Auto Open, UV Protective)","1 Piece","Storage & Organizers","Sun",,,590.4506447095415,619.9875047297297,,10.08267,4.764105694850117,0.002360489506188047,0.0053,0.00814,0.00941,0,597.9271018233568
"2026-03-01","IHZWY278ZU",,"LIFELONG Drench Dew Kids Raincoat (6-7 Years, Waterproof, Single-Layer PVC, Unisex Standard Length, Sky Blue)","1 Piece","Storage & Organizers","Lifelong",,,548.7597790925695,1999,,71.42172,72.45394489967431,0.036531697045994016,0.03758,0.00133,0.00154,0,692.4445049437792
"2026-03-01","XRBPJOUQFC",,"House of Quirk Zippered Washbag/Cosmetic Bag/Toiletry Bag (Toiletries and cosmetics, PVC, White)","1 Piece","Storage & Organizers","House of Quirk",,,899,899,,51.6129,0,0,0,,,,899
"2026-03-01","CD5VYT108X",,"UrbanFix Travel cum Toiletry Men Bag","1 Piece","Storage & Organizers","Bulfyss",,,454.6353635783624,998.0545268951613,,82.43907,54.32567261506132,0.8759436951554243,0.92486,2.3263,2.59504,0.60127,455.80823410860125
"2026-03-01","IAPXAQ6AVS",,"Kuber Industries Rexine Shopping Bag with Handles (Grey)","1 Piece","Storage & Organizers","Kuber Industries",,,372.26837644093774,699,,27.63219,46.79964737118656,0.13563220412910956,0.16341,0.05016,0.05797,0,375.46039028017356
"2026-03-01","7RAHNG3237",,"eCraftIndia Designer Wall Shelf (Single Compartment, Wooden, Leaf Shape, 24cm, Brown)","1 Piece","Storage & Organizers","Ecraftindia",,,149.8254155101583,599,,15.74529,75.15193047067365,0.03725278851772307,0.02026,0.07012,0.08104,0,145.54762965810414
"2026-03-01","ANJG3C09UP",,"HomeStrap Clothes Stacker with Lid for Wardrobe (Pack of 2, Non-Woven Fabric, Grey)","2 pieces","Storage & Organizers","Homestrap",,,517.247770935367,1298.4084008370044,,46.55482,60.124679457774576,0.17526680270339914,0.16053,0.19848,0.22666,0.0176,259.2330666708651
"2026-03-01","2TG7IJQ6HU",,"Kuber Industries Multi-Purpose Storage Organizer Set (Transparent)","16 pieces","Storage & Organizers","Kuber Industries",,,934.5143495689898,4899,,43.76724,80.95278840307333,0.6185645999104766,0.26844,0.28954,0.30799,0.17112,57.827662086635776
"2026-03-01","WWE1MB1W0S",,"Ikea Knipsa basket 32x33x32 seagrass AP CN","1 Piece","Storage & Organizers","IKEA",,,2064,2064,,18.06317,0,0,0,0.00542,0.00627,0,2064
"2026-03-01","48NC60K3I0",,"Kuber Industries 9 Inch Non-Woven Saree Storage Bag (White)","3 pieces","Storage & Organizers","Kuber Industries",,,236.52510420652777,899,,17.88336,73.71200286990508,0.08214457794640734,0.04986,0.04049,0.0209,0.16618,78.17583388129938
"2026-03-01","L1ZY66AIR3",,"EVM EnStick 64GB USB 3.2 Gen 1 Pendrive, 200MB/s Read - 10 Yr Wty (EVMPDA3.2/64GB) White+Green","1 pack","Storage & Organizers","EVM",,,568.5041821214552,2099.7415887903226,,34.00232,73.28035746429178,1.7754013684543293,1.10112,0.06465,0.07237,0.01503,559.5226620468052
"2026-03-01","W3PVP94KVH",,"DREAM WEAVERZ PVC Shelf Liner Roll (3m, Solid, White)","1 Piece","Storage & Organizers","Dream Weaverz",,,273.4949880299855,999,,24.93061,73.10528051523627,0.6659211972525578,0.40627,0.06989,0.0799,0.00568,265.61147511283053
"2026-03-01","M1ABIA02A1",,"Saaj Plastic Modern Basket with Lid (Red)","1 Piece","Storage & Organizers","saaj",,,432.01249534548845,999.2763230833333,,30.60555,56.806394761643716,0.30279704539904345,0.30244,0.28194,0.32586,0,431.06028160911126
"2026-03-01","68VNFOT7YK",,"Kuber Industries Clothes Organizer for Wardrobe/Single Saree Covers with Zip (Pack of 12, Maroon)","12 pieces","Storage & Organizers","Kuber Industries",,,226.04630340987998,598.999935531915,,30.19233,61.55026119434435,0.24750037051672796,0.20759,0.40552,0.42575,0.27566,19.743323735289884
"2026-03-01","7UX2HT361I",,"Kuber Industries 6-Compartment Fabric Hanging Handbag Organizer (Grey)","1 Piece","Storage & Organizers","Kuber Industries",,,300.9203214737937,599,,17.51572,49.76387582924941,0.018400853293786407,0.02139,0.00791,0.00914,0,302.05443817078464
"2026-03-01","O4YQF1TQHJ",,"Embassy SS L Shape 1 Step Corner Stand","1 Piece","Storage & Organizers","Embassy",,,820,820,,14.51613,0,0,0,,,,819.9999999999999
"2026-03-01","YVB3WHDX9J",,"Kuber Industries 7-Layer Plastic Drawer Storage Organiser (Brown, White)","1 Piece","Storage & Organizers","Kuber Industries",,,1698.3717020494798,5799,,14.87175,70.77429861255314,0.326094924535474,0.19714,0.18861,0.21799,0,1516.6046022638548
"2026-03-01","ZOP78Z8RMP",,"Kuber Industries Foldable Clothes Organizer (Large, Cream)","2 pieces","Storage & Organizers","Kuber Industries",,,787.785471617879,2999,,16.3459,73.87777146493096,0.31221722600448065,0.16456,0.05552,0.03642,0.17815,368.679867586376
"2026-03-01","0BQ61LWOHK",,"Nestasia PVC Travel Bag Kit (4 Different Sizes, Pink and Transparent)","4 pieces","Storage & Organizers","Nestasia",,,932.4178507668133,1527.3581387553647,,15.54689,38.961030410495034,0.045858980967639136,0.06387,0.142,0.00155,1.0435,226.59050289932244
"2026-03-01","74GYJI39OD",,"Kuber Industries Saree Storage Bag with Zip (White)","6 pieces","Storage & Organizers","Kuber Industries",,,393.17393054293916,1799,,29.83521,78.30466407269354,0.8751635153012175,0.4348,0.52528,0.35886,1.59355,64.73216870744298
"2026-03-01","MB7LJ4GI1H",,"Jaypee Plus Aspire Multipurpose Rack (3 Tier Organiser, White, Black)","1 Piece","Storage & Organizers","Jaypee Plus",,,349,460,,4.63994,24.130434782608695,0.002218098687588962,0.00391,0,0,0,349.00000000000006
"2026-03-01","DSBD06RHNO",,"Seagate Expansion 1Tb External Hdd - Usb 3.0 For Windows And Mac With 3 Yr Data Recovery Services, Portable Hard Drive (Stkm1000400)","1 Piece","Storage & Organizers","Seagate",,,7182.833333333333,7326.619047000001,,5.41824,1.962511122037157,0.00888229357731728,0.02063,,,,7331.568040269601
"2026-03-01","OD7NV7MZWQ",,"SANDISK 64GB MAX Endurance micro SDHC Memory Card with Adapter","1 Piece","Storage & Organizers","SanDisk",,,2400,2400,,4.30108,0,0,0,,,,2400
"2026-03-01","4RD3W4DCS4",,"House of Quirk Electronics Accessories Storage (4 Compartments, Polyester, Black)","1 Piece","Storage & Organizers","House of Quirk",,,999,999,,46.77419,0,0,0,,,,999
"2026-03-01","FI3KKIGZHW",,"Fendo 23.5"" Umbrella (3 Fold, For Men and Women, Navy & Silver)","1 Piece","Storage & Organizers","Fendo",,,456.19838985379033,798.9645363306452,,64.91997,42.77588040227037,0.40903399756277065,0.54214,0.28154,0.3254,0,459.4021340634046
"2026-03-01","00Q94C5WHU",,"Absorbia Sachet (Set of 3, Dehumidifier for Bags, Suitcases and Drawers)","3 pieces","Storage & Organizers","Absorbia",,,369,417,,1.2237,11.510791366906474,0,0,,,,369
"2026-03-01","ZP79SAMR7L",,"PrettyKrafts Jute Plant Basket with Handle (Small, White and Brown)","1 Piece","Storage & Organizers","PrettyKrafts",,,368.42481270541657,1499,,58.13842,75.2900840670167,0.3623278292968783,0.20227,0.58387,0.67483,0,372.54344236622745
"2026-03-01","UJX0VGPLM3",,"Kuber Industries Non-woven Shopping Bag with Handle (Pink)","12 pieces","Storage & Organizers","Kuber Industries",,,286.1232042017677,349,,8.90487,18.001374793468003,0.020931602623711118,0.04023,0.03192,0.03689,0,24.14165154337142
"2026-03-01","ZOZ5IGLDK6",,"Ikea Sandlöpere Box (33x38x33cm, Cheetah)","1 Piece","Storage & Organizers","IKEA",,,369,478,,2.00651,22.803347280334727,0.0013345141640468295,0.00239,0.00386,0.00446,0,369.00000000000006
"2026-03-01","QCITPX1PK0",,"UrbanFix Polyester Raincoat with Pants and Adjustable Hood for Men (Blue, 100% Waterproof, Reversible, Double Layer)","1 3XL","Storage & Organizers","UrbanFix",,,655.368902702236,1999,,36.168,67.21516244611126,0.020295184194913704,0.01533,0.0024,0.00278,0,650.1101940407492
"2026-03-01","XFZOU1GPWS",,"Lifelong Bathroom Shelf for Storage (Wall Mounted Washroom Rack with Hook, Double Layer Multipurpose, Rust & Scratch Proof, LLBATR03, Black)","1 Piece","Storage & Organizers","Lifelong",,,879.7369910514136,1999,,12.64313,55.99114602043953,0.026891001033785354,0.02544,0.022,0.02542,0,844.6132764718371
"2026-03-01","5IIT5Z1QWP",,"Crownsy Blanket Storage Cover or Bag (45 cm, Black)","2 pieces","Storage & Organizers","crownsy",,,215.91666666666666,799,,0.73084,72.97663746349605,0.005677814855432836,0.00379,0,0,0,94.91761406700016
"2026-03-01","VJBJIRLZJ3",,"CozyKare Medicine/Supplement Storage Box (8 Compartments, Cream)","1 Piece","Storage & Organizers","hausen",,,162.96016618825388,499,,36.54148,67.36791533821193,0.0845752729791988,0.06352,0.02956,0.03417,0,162.89343254816805
"2026-03-01","6OFQE85RAF",,"ZEEL Rainfairy Barbie Print Raincoat (7-8 Years, Pink)","1 Piece","Storage & Organizers","Zeel",,,556.6333326267696,598.9703078240741,,70.90394,7.155961152609568,0.06035893499039285,0.12906,0.04706,0.05439,0,551.3983993973325
"2026-03-01","ROZ7E54DKQ",,"KK UMBRELLAS Classic Bs Umbrella (3 Fold, Manual Open, UV Protective, Black)","1 Piece","Storage & Organizers","Kk Umbrellas",,,260.4518027482187,549.1848865898618,,33.79774,52.50377703194643,0.053179696519378844,0.05887,0.24959,0.28847,0,262.72749486888597
"2026-03-01","SODERKLHY0",,"SANDISK Extreme SD UHS I 128GB Card for 4K Video for DSLR and Mirrorless Cameras 180MB/s Read & 90MB/s Write","1 Piece","Storage & Organizers","SanDisk",,,3077.4729473791895,4604.925810000001,,30.29785,33.1412552924452,0.08771837897392236,0.13797,0.66906,0.41868,2.27629,2889.9432214662397
"2026-03-01","9FFP4HL2YD",,"Crownsy Non-Woven Blanket Storage Cover (Black)","3 pieces","Storage & Organizers","crownsy",,,,,,0,,0,0,,,,
"2026-03-01","3M96JD1IK1",,"Nayasa Plastic Flower Storage Box Max (Grey)","1 Piece","Storage & Organizers","Nayasa",,,395,525,,50.91185,24.761904761904763,0.05896487557493185,0.10305,0.25074,0.2898,0,395
"2026-03-01","JK6O5P4G7R",,"Lifelong Table Top Foldable Board for Ironing (Portable, Compact and Space Saving, for Dorms, Laundry Rooms)","1 Piece","Storage & Organizers","Lifelong",,,1078.5572988271674,2105.580480614035,,68.3738,48.81859228743326,0.19665101015371617,0.22339,0.15468,0.17877,0,1029.9972896898616
"2026-03-01","PQ2OFO0QNC",,"Kuber Industries Canvas Shopping Bags/Carry Bag and Thela for Grocery , Sabji , Travelling (Red)","1 Piece","Storage & Organizers","Kuber Industries",,,187.91893026831914,498.99496061475406,,32.84703,62.279157974343505,0.07110723359476316,0.06262,0.10739,0.12412,0,190.0214816517687
"2026-03-01","943I1UYQBX",,"HP USB 2.0 Flash Drive 128Gb V150W-Blue","1 Piece","Storage & Organizers","HP",,,971.0749631717456,4070.5626455607476,,15.50097,75.89272067578408,0.15988326415710333,0.10289,0.01394,0.01612,0,953.6864832468456
"2026-03-01","LJA2URKJ0R",,"Lifelong Waterproof Unisex Raincoat (Hooded Full Sleeves Outdoor Poncho for Men, Women, Durable PVC Rainwear, Yellow, Freesize)","1 pack","Storage & Organizers","Lifelong",,,188.4852459016394,588.769034590164,,16.11212,67.98655587706952,0.0018242776641694592,0.00134,,,,189.5458555617485
"2026-03-01","YF047VZUGT",,"EVM EnStore 2.0 64GB Metal USB Flash Drive, Fast & Durable – 10 Yr Wty (EVMPD/64GB) Silver","1 pack","Storage & Organizers","EVM",,,505.27213158935444,2060.5962343096235,,12.73139,75.8977186399336,0.8706650314610055,0.46867,0.08137,0.09153,0.01617,510.0717045268778
"2026-03-01","NDRWD0GYM1",,"Kuber Industries Non-Woven Foldable Storage Box with Metal Frame (Grey)","1 Piece","Storage & Organizers","Kuber Industries",,,309.7292331467072,1499,,12.04879,79.33327978501134,0.026139299343298627,0.0123,0.01773,0.00964,0.06966,331.92128469907783
"2026-03-01","TSUVF5WLEV",,"SUN 23"" Elina-1 Umbrella (2 Fold, Auto Open, UV Protective, Purple)","1 Piece","Storage & Organizers","Sun",,,402.29155476786025,560,,34.52088,28.938957344640066,0.0596998254044069,0.09495,0.04938,0.05708,0,383.95510497704095
"2026-03-01","HHHZET0A0W",,"EVM EnStick 128GB USB 3.2 Gen 1 Pendrive, 200MB/s Read - 10 Yr Wty (EVMPDA3.2/128GB) White+Pink","1 pack","Storage & Organizers","EVM",,,1114.08695991441,3272.5877507296136,,26.85129,65.9825422182795,0.19479703600866238,0.15709,0.01494,0.01556,0.01096,1134.5125095670844
"2026-03-01","8NFK8KNJ3T",,"ZEEL Flowers Print Rain Trench PVC Raincoat for Women (Free Size)","1 Piece","Storage & Organizers","Zeel",,,390.4170198958504,399,,37.76539,2.1511228331202057,0.0005570755234603791,0.00123,0.0273,0.03155,0,380.5370485157603
"2026-03-01","KFO4D0JBFB",,"Mr Toolman Cable Tie (Cable Organizer, Black)","1 pack","Storage & Organizers","Mr Toolman",,,96.9914305332411,149,,8.34407,34.90508017903282,0.00215611680184583,0.00291,0.0004,0.00046,0,91.02140184480078
"2026-03-01","JUYHLMW9C7",,"KK UMBRELLAS Contessa Umbrella (Black)","1 Piece","Storage & Organizers","Kk Umbrellas",,,444.1956630169346,697.7880337096773,,75.5402,36.457252721974996,0.22026382427716576,0.32389,0.67819,0.78384,0,442.84135339335955
"2026-03-01","COGGZ1VUHW",,"Kuber Industries Non Woven Clothes Organizer (Maroon)","3 pieces","Storage & Organizers","Kuber Industries",,,198.640048459521,498.01147631355934,,17.68865,59.88609361704376,0.12618765718038286,0.11632,0.04752,0.0362,0.12015,67.21491033064756
"2026-03-01","KR64KZZGOK",,"SE7EN Vacuum Storage Ziplock Bags with Pump (Reusable, Multicolour)","6 pieces","Storage & Organizers","Se7en",,,390.1323633196752,599,,61.98099,34.87994206637485,3.870182601812787,5.85502,3.5148,3.77041,1.87404,65.01140759656614
"2026-03-01","78ZO1KI4J0",,"Casacraft By Pepperfry Engineered Wood Wall Shelf (Wenge Grey)","1 Piece","Storage & Organizers","Casacraft by Pepperfry",,,3116.7234250253227,4829,,23.35917,35.45820200817306,0.013482659190409444,0.02021,0.06446,0.04487,0.19027,3117.174220192455
"2026-03-01","BAG245DIJW",,"Lifelong Foldable Almirah | DIY Storage Cabinet, 3 Racks, Toys, Books | Foldable Shelf for Clothes | Portable, Strong, Lightweight, Spacious (LLHSRK02, White)","1 pack","Storage & Organizers","Lifelong",,,1309.8803613054276,2998.9921968951617,,19.68359,56.32457325797743,0.17329617468984604,0.16886,0.04038,0.04668,0,1316.1812975535163
"2026-03-01","RF6HR30NBH",,"PrettyKrafts Toys storage Box Organizer (Jute, Grey)","1 Piece x 2","Storage & Organizers","PrettyKrafts",,,313.1070628782153,998,,18.75802,68.62654680579006,,,0.58048,0.67091,0,313.1070628782153
"2026-03-01","4Q92UNLMPH",,"Awestuffs Hanging Travel Kit (Black)","1 Piece","Storage & Organizers","Awestuffs",,,286.0746419038784,750,,39.18616,61.829334215919594,0.07913350707438477,0.06985,0.05507,0.06365,0,287.90444601719736
"2026-03-01","C7HXL5ML3P",,"SANDISK Cruzer Force Blade 128 GB Flash Pen Drive (Black and Red)","1 unit","Storage & Organizers","SanDisk",,,1372.6412705438104,1469.345259032258,,48.0708,6.638242559382238,0.22663440473025342,0.50423,0.02863,0.03309,0,1366.6743644476242
"2026-03-01","OG8F865PQG",,"Awestuffs Luxury Retro Cosmetic Bag with Brush Organizer (Brown)","1 Piece","Storage & Organizers","Awestuffs",,,728.8752749857559,1000,,57.31811,27.0946967356615,0.20567569454963253,0.34742,0.84064,0.9716,0,730.0680641835072
"2026-03-01","B8J5Z71C4Y",,"Nuovi Black Zip Ties 100mm (Set of 100)","1 pack","Storage & Organizers","Nuovi",,,94.2523193525552,100,,8.71236,5.613680618143126,0.006493478197054977,0.01432,0.00348,0.00402,0,94.77912667754768
"2026-03-01","MJ8CI946DI",,"Crownsy Storage Box with Lid (Grey)","2 pieces","Storage & Organizers","crownsy",,,254.60714285714286,599,,1.94323,57.49463391366563,0.0010643523328224683,0.00091,0,0,0,114.39492608869358
"2026-03-01","TCPY5NR58H",,"Bathla Stomo 6 - XXL Plastic Multi-Purpose Storage Organizer (118cm)","1 Piece","Storage & Organizers","Bathla",,,1990.490500863558,3999,,7.36193,50.22529380186151,0,0,0.02201,0.00342,0.14129,1990.4905008635576
"2026-03-01","4PA8K6UGCU",,"Rusabl Cotton Saree Cover with button (White)","6 pieces","Storage & Organizers","Rusabl",,,265.4560796996394,899,,8.33896,70.47207122362187,0.003879426431008664,0.00263,0.00109,0.00126,0,43.78814419782998
"2026-03-01","ZTEKC859IT",,"Urbanfix Portable Jet Spray (500ml, Travel Bidet Spray for Toilet)","1 Piece","Storage & Organizers","UrbanFix",,,300,999,,6.55463,69.96996996996997,0.0015213735591495864,0.00106,0.00087,0.001,0,300
"2026-03-01","4XLVAYS60F",,"PrettyKrafts Plastic Multipurpose Checkered Travel Pouch (Transparent)","3 pieces","Storage & Organizers","PrettyKrafts",,,215.44972806774732,250.00500375000004,,80.80868,14.726049394410584,0.6347551212885976,1.2572,5.14835,5.95039,0,71.06520077234684
"2026-03-01","OMM08HW099",,"ABZORBZAP Moisture Absorber (Rose)","280 g","Storage & Organizers","Abzorb Zap",,,177.24912251531055,192.99611986175117,,28.58228,8.23864625477706,0.012648568801674481,0.02647,0.00015,0,0.00111,63.001683767013034
"2026-03-01","SWT8DVBO48",,"Cello Medico Small First Aid Box - Assorted Colours (Colour May Vary)","1 Piece","Storage & Organizers","Cello",,,168.95513114336643,247.39705882352942,,10.1215,31.70689581080118,0.0027220251247487186,0.0031,,,,152.1693424213257
"2026-03-01","BSWMY6NQ2E",,"CITIZEN 21"" Mono Umbrella (3 Fold, Auto Open, UV Protective, Silver and Sky Blue)","1 Piece","Storage & Organizers","Citizen",,,355.02329875284204,999,,36.34652,64.4393061377557,0.11841357535380947,0.09759,0.09765,0.11286,0,355.0622280871125
"2026-03-01","RCAPHKHFSJ",,"Cheston Magnetic Carbon Steel Shelf Rack (24.5x7.2x10.5 cm, White)","1 Piece","Storage & Organizers","Cheston",,,847.4032634032634,949,,3.07385,10.705662444334733,0,0,0.00073,0.00084,0,847.4032634032634
"2026-03-01","RNCTIP5X66",,"Ddesh Shopping Bag (30 cm, Beige)","1 Piece","Storage & Organizers","ddesh",,,295.1337312112758,999,,9.20647,70.45708396283526,0.020031418528802886,0.0101,0.00619,0.00716,0,225.18523539912138
"2026-03-01","RT5N6O936I",,"Nayasa Plastic Bathroom Cabinet (Red)","1 Piece","Storage & Organizers","Nayasa",,,1351.1538461538462,1755,,1.01545,23.011176857330703,0,0,0.00022,0.00025,0,1351.1538461538462
"2026-03-01","G39PC8UULS",,"Crownsy Double Side Pocket Clear Hanging Bag (Grey)","1 Piece","Storage & Organizers","crownsy",,,141.07142857142858,599,,0.55821,76.44884331027903,0.0009122149769075097,0.00046,,,,141.07142857142858
"2026-03-01","8NAY3UMSMD",,"HomeStrap Plastic Multi-Functional Small Basket (Brown)","1 Piece","Storage & Organizers","Homestrap",,,166.06738465160075,299,,6.71728,44.492057668369476,0.014193242676594824,0.01799,0.01082,0.0125,0,16280.19465293577
"2026-03-01","LEWE22RA57",,"SUN BRAND 23"" Checks Print Umbrella (2 Fold, Auto Open, UV Protective, Checks Print)","1 Piece","Storage & Organizers","Sun",,,450,574.5040722580645,,33.73509,21.671573496199322,0,0,0.03234,0.03738,0,450
"2026-03-01","R5CREN4I4S",,"SANDISK Extreme Pro 128GB microSDXC UHS-I, V30, 200MB/s Read, 90MB/s Write, Memory Card for 4K Video on Smartphones, Action Cams and Drones","1 Piece","Storage & Organizers","SanDisk",,,3275,3275,,0.39748,0,0,0,,,,3275
"2026-03-01","DJXCHU85EK",,"Lifelong Women's Raincoat (100% Waterproof, Lightweight, One-Piece, With Hood, Side Pocket, Snap Buttons, Sky Blue)","1 Large","Storage & Organizers","Lifelong",,,567.3220216914789,1999,,61.25969,72.59836515586733,0.360392989350032,0.22276,0.16677,0.19275,0,503.434864897339
"2026-03-01","KZQ75BGJV0",,"Fendo Raincoat for Men and Women Unisex Waterproof PVC Transparent Overcoat or Poncho (Free Size, Purple)","1 Piece","Storage & Organizers","Fendo",,,214.29925400111736,1249,,7.07229,82.84233354674802,0.011412738327950867,0.00453,,,,213.25639574530388
"2026-03-01","JIV7238R3M",,"WD My Passport 5TB External Hard Disk Drive (HDD) 5GB/s, USB 2.0,USB 3.0, Compatible with Windows 10, Wired - Black","1 Piece","Storage & Organizers","WD",,,14799,20000,,0.92982,26.005,0,0,,,,1479900
"2026-03-01","C0CNBLJ0NJ",,"Awestuffs Luxury Retro Cosmetic Bag with Brush Organizer (Black)","1 Piece","Storage & Organizers","Awestuffs",,,661.3957603280021,999.9284568145162,,54.7289,33.89358447365687,0.11239112903047316,0.17409,0.25844,0.2987,0,661.7969545497692
"2026-03-01","CY57ZWHIQ0",,"CITIZEN Ladies PVC Series (XXL, Orange, with Zip)","1 XXL","Storage & Organizers","Citizen",,,253.48556430446192,289,,7.80454,12.28873207458065,0.0013205035166552613,0.00266,,,,250.74160859172477
"2026-03-01","PYIJBOOZYW",,"Coconut 2 Layer Stainless Steel Wallmount Multipurpose Kitchen or Bathroom Rack or Stand","1 Piece","Storage & Organizers","Coconut",,,1413.764705882353,1431,,1.23905,1.2044230690179636,0,0,,,,1413.764705882353
"2026-03-01","I3724TLS1F",,"H&H Multi-Layer Dustproof Shoe Rack (4 Layer, Zig-Zag Design, for Home, Living Room, & Offices)","1 Piece","Storage & Organizers","Hh",,,743.1206896551724,1499,,1.87201,50.425571070368754,0,0,0.02033,0.02349,0,743.1206896551724
"2026-03-01","6M4DC6XU4M",,"PrettyKrafts Clothes Hanging Organizer (4 Compartments, Beige)","1 Piece x 2","Storage & Organizers","PrettyKrafts",,,503.6492203077295,1998,,22.16815,74.79233131592946,,,0.46531,0.5378,0,503.6492203077295
"2026-03-01","5KNDW10688",,"Nayasa Plastic Toy Box (25L, Transparent)","1 Piece","Storage & Organizers","Nayasa",,,849,849,,100,0,0,0,,,,84900
"2026-03-01","O6Y841J7BU",,"SANDISK Extreme Portable 2TB, 1050MB/s R, 1000MB/s W, 3mtr Drop Protection, IP65 Water/dust Resistance External SSD, Black Color","1 unit","Storage & Organizers","SanDisk",,,31211.91667203903,33456.354408185485,,22.88541,6.64252513421405,0.9800857509548209,2.21049,,,,29841.850288997524
"2026-03-01","8KNDUC7VIH",,"Jaypee Plus Remedy First Aid box with Sliding Tray (White)","1 Piece","Storage & Organizers","Jaypee Plus",,,223.9627948912548,288.476847016129,,54.28594,22.284930715242552,0.05808494600288317,0.10528,0.34117,0.38942,0.03147,225.0827946647559
"2026-03-01","9RMZ37IA74",,"CITIZEN Auto Open Auto Close Umbrella (3 Fold, Mechanical Lock, Mickey and Friends, Yellow)","1 Piece","Storage & Organizers","Citizen",,,851.9947056682063,1499.000318294931,,53.09011,43.15134280543241,0.03157893319307481,0.04209,0.10927,0.12629,0,860.490553671483
"2026-03-01","0UM6LJS1L9",,"Awestuffs Hanging Foldable PU Leather Sunglasses and Watch Organizer (3 Slots, Black)","1 Piece","Storage & Organizers","Awestuffs",,,444.8947651492894,750,,44.04405,40.71026125570758,0.02719710322136199,0.0351,0.05267,0.06088,0,422.20423114039096
"2026-03-01","VWX5FR581B",,"Kuber Industries Clothes Organizer For Wardrobe (Pack of 6, Single Storage Organizer For Saree, Salwar Suit, Lehenga)","6 pieces","Storage & Organizers","Kuber",,,403.22697502548425,793.7260516055046,,7.84517,49.198218426891835,0.0012166419783829878,0.00148,0.00077,0.00052,0.00238,436.0563198062087
"2026-03-01","GFN4NR7QGS",,"Sun Jennifer-4 21.5 Inch Umbrella (3 Fold, Auto Open, UV Protective)","1 Piece","Storage & Organizers","Sun",,,549.6937837628335,620,,15.36983,11.339712296317177,0.0048789033748223515,0.01004,0.00262,0.00303,0,549.3842776099384
"2026-03-01","AF7RUW941R",,"SE7EN Cushy Guard Silicon Corner Safety Set","4 pieces","Storage & Organizers","Se7en",,,89.53538229973667,149,,15.34668,39.91587194430788,0.008209782502522028,0.01131,0.00607,0.00598,0.00662,22.06273446013991
"2026-03-01","BTR3V3FI8J",,"Oye Happy Emergency Kit  (Potli Bag)","1 pack","Storage & Organizers","Oye Happy",,,390.9763717185593,999,,4.5646,60.76584489251156,0.00862111683518099,0.01006,0.01367,0.0158,0,498.13036773886034
"2026-03-01","211CS3YAH7",,"Saaj Plastic Multipurpose Storage Organizer/Tray (23.5x18.5x5 cm, Blue, Series 111)","1 Piece","Storage & Organizers","saaj",,,75.96770840952868,99,,8.26789,23.316150685431733,0.005000430511979646,0.00876,0.01918,0.02217,0,74.78429216917353
"2026-03-01","S2XWJLVB6D",,"Kuber Industries Non-Woven Clothes Organizer (Solid)","4 pieces","Storage & Organizers","Kuber Industries",,,600.7407026777362,2599,,60.47363,76.93464085535733,2.1422091022546614,1.1458,0.81986,0.4618,3.11824,149.85451923889678
"2026-03-01","WK0UFMPA0F",,"PrettyKrafts Single Saree Cover Cloth Organizer (1 Compartment, Non Woven Fabric, Blue)","1 pack x 2","Storage & Organizers","PrettyKrafts",,,315.8353783231084,998,,1.51533,68.35316850469856,,,0.00196,0.00227,0,315.8353783231084
"2026-03-01","UD8Y304JWI",,"EVM 512GB M.2 NVMe 2280 SSD, 2000MB/s PCIe Gen3x4 – 5 Yr Wty (EVMNV/512GB) Black","1 pack","Storage & Organizers","EVM",,,6120.297619047619,10106.142857142857,,1.6761,39.439826790872125,0.016750185825555944,0.02272,,,,6167.969160371483
"2026-03-01","Y8LDU1VI5V",,"Kuber Industries 7-Pocket Cotton Jewellery Storage Bag (Green)","1 Piece","Storage & Organizers","Kuber Industries",,,181.89150717703347,499,,7.06454,63.54876442304153,0.004052732047656536,0.00343,0.00039,0.00019,0.00163,181.89756877637663
"2026-03-01","ES10GNR0JQ",,"Absorbia Refill Pouch for Reusable Box (Set of 3, Moisture Absorber)","350 g","Storage & Organizers","Absorbia",,,450,599,,0.70375,24.874791318864773,0,0,,,,128.5714285714286
"2026-03-01","PQ1DFB6G94",,"Saaj Plastic Rivera Medium Basket with Lid - Grey","1 Piece","Storage & Organizers","Saaj",,,155.17146096533855,250,,3.94852,37.93141561386458,0.0019652978759584997,0.00272,0.00001,0.00001,0,149.99310866108897
"2026-03-01","ATYOFQJUDQ",,"Sun Regal 23"" Umbrella (3 Fold, Manual open, Compact- UV Protective)","1 Piece","Storage & Organizers","Sun",,,986.817683563748,1770.0673482580648,,17.38094,44.249709790145445,0,0,0.03465,0.04005,0,986.817683563748
"2026-03-01","SW9CHCZFZZ",,"Crownsy Collar Print Non Woven Shirt Cover (Grey)","2 pieces","Storage & Organizers","crownsy",,,102.23030303030302,299,,2.05557,65.80926320056756,0.0001518327766238376,0.00008,,,,40.445564953372376
"2026-03-01","QVC0H6VXCP",,"Kuber Industries 4-Shelf Non Woven Wardrobe Hanging Organizer (Grey)","1 Piece","Storage & Organizers","Kuber Industries",,,246.7243327819232,599,,26.37032,58.83844592736371,0.09183476809342317,0.08677,0.03367,0.03882,0.00061,245.84178795095585
"2026-03-01","NQJGQ15K0O",,"HP USB 2.0 Flash Drive 128Gb (V236W)","1 Piece","Storage & Organizers","HP",,,1036.7701045636488,4600.157180769231,,21.12854,77.1835266165649,0.5025211083105255,0.30171,0.00874,0.0101,0,993.7203266582092
"2026-03-01","ALLWV7DNYX",,"SANDISK 256 GB Ultra Dual Drive Go Type C (SDDDC3-256G-I35, Black)","1 unit","Storage & Organizers","SanDisk",,,3534.2746199532157,3913.274076829269,,38.59701,9.316056707284991,0.49341723329891757,1.01824,0.08096,0.08614,0.0477,3584.6560784126887
"2026-03-01","UJWPAYQ06S",,"HP 235w 64GB USB 2.0 Pen Drive | Flash Drive - Grey","1 Piece","Storage & Organizers","HP",,,709.3412384921086,1500.1714996370968,,33.48791,52.99602464396855,0.8638630144420449,0.9394,0.10775,0.12454,0,702.3566220706576
"2026-03-01","ATTOJQCUWB",,"HP v150w 64 GB USB 2.0 Flash Drive (Blue)","1 unit","Storage & Organizers","HP",,,759,3099,,3.33333,75.5082284607938,,,,,,759
"2026-03-01","TDNQ2CEDY7",,"Robustt Unisex Rain Card Disposable Waterproof (Free Size, Assorted, for Emergency Use)","1 Piece","Storage & Organizers","Robustt",,,49.658639824973044,99,,27.7622,49.323911713924495,0.009657143293929202,0.01185,0.0005,0.00043,0.00095,53.567063992470445
"2026-03-01","T18APSA2XF",,"Encasa XO Cotton Bathmat (80x50cm, Blue)","1 Piece","Storage & Organizers","Encasa XO",,,1350,1350,,30.32123,0,0,0,0.00001,0.00002,0,1350
"2026-03-01","9VH7BC6S6C",,"THE CLOWNFISH Men's Raincoat (Black)","1 pack","Storage & Organizers","The Clownfish",,,680.0819672131148,799,,3.37939,14.883358296230945,0,0,,,,680.0819672131148
"2026-03-01","XGW9T9VHYH",,"Absorbia Classic Value (Set of 2, Dehumidifier for Wardrobes, Cupboards and Closets)","1.2 ltr","Storage & Organizers","Absorbia",,,345,457.2105263157895,,1.5672,24.54241970760907,0,0,,,,28.749999999999996
"2026-03-01","RNCK04QGG6",,"EVM 256GB 2.5"" SATA Internal SSD, 550mb/s Read – 5-Year Warranty (EVM25/256GB) Black","1 pack","Storage & Organizers","EVM",,,3986.3708817591664,5996.3990558252435,,2.06032,33.512684481067076,0.0334983918857196,0.05192,0.00874,0.0101,0,4088.8347069235497
"2026-03-01","T71UMCMBU4",,"Nayasa Plastic Rectangular Toy Box Deluxe (25L, Pink)","1 Piece","Storage & Organizers","Nayasa",,,680,876,,6.45161,22.374429223744293,0,0,,,,68000
"2026-03-01","C7T3862H2T",,"Ikea Blåsjön Shower Mat (50x50cm, Grey)","1 Piece","Storage & Organizers","IKEA",,,659,958,,36.0812,31.210855949895617,0.031122977994266623,0.04973,0.00265,0.00307,0,658.9999999999999
"2026-03-01","DUCF032HXM",,"PrettyKrafts Non-Woven Foldable Saree Covers (Grey)","3 pieces","Storage & Organizers","PrettyKrafts",,,158.04945202234424,448.70530830645157,,63.38375,64.87111419653175,1.4685605760967173,1.19744,2.06253,2.38384,0,52.56432101421801
"2026-03-01","7WWB2EEXRJ",,"Crownsy Cloth Organizer With Handle (Grey)","3 pieces","Storage & Organizers","crownsy",,,267.82795698924735,799,,2.15982,66.28009498379376,0.024740823528116376,0.01959,0,0.00001,0,91.1026663276862
"2026-03-01","9RQQTMI7WU",,"Fendo 23.5"" Umbrella (3 Fold, For Men and Women, Navy)","1 Piece","Storage & Organizers","Fendo",,,510.18716973758256,1839.076682580645,,66.79843,72.17170109946315,0.5684573469902812,0.35923,0.23776,0.2748,0,517.6198872467381
"2026-03-01","YYXOBQCQUY",,"Oye Happy Thatha","1 Piece","Storage & Organizers","Oye Happy",,,399,399,,21.82628,0,0,0,,,,399
"2026-03-01","T9YW8D42ZI",,"Lifelong Ladies Designer Raincoat (Polka Dot Print, Knee Length, Lightweight PVC, Waterproof, Purple)","1 Medium","Storage & Organizers","Lifelong",,,605.8723734689507,1999,,71.59507,69.69122694002247,0.026383876514068823,0.01847,0.0015,0.00173,0,610.7644147472329
"2026-03-01","OAVQ3K2QYM",,"Lifelong Men's Waterproof Raincoat Set with Hood (Navy Blue and Royal Blue Stripe, Reversible, Double Coated)","1 XL","Storage & Organizers","Lifelong",,,1099.4602455177671,2999,,69.01827,63.208407412078,0.17583606139850444,0.20647,0.05601,0.06474,0,1156.4580822498203
"2026-03-01","549IMBWTSQ",,"Chwenchy Sling Bag (Multicolour)","1 Piece","Storage & Organizers","Oye Happy",,,466.6372549019608,1499,,0.6307,68.8700964041387,0,0,0.06655,0.07692,0,466.6372549019608
"2026-03-01","S0XYN21GD2",,"EVM EnStore 2.0 32GB Metal USB Flash Drive, Fast & Durable – 10 Yr Wty (EVMPD/32GB) Silver","1 pack","Storage & Organizers","EVM",,,459.4639349294045,1899,,4.15455,75.804953400242,0.04193371535331675,0.0236,0.00081,0.00094,0,459.8083824464873
"2026-03-01","66AVX5BBPL",,"Kuber Industries Non-Woven Storage Box (Grey)","6 pieces","Storage & Organizers","Kuber Industries",,,1208.801333997314,5399,,16.03969,77.61064393411161,0.020089745463052568,0.01045,0.06652,0.02635,0.32435,201.6048742349067
"2026-03-01","NJFOWDARP2",,"CITIZEN 21"" Solid Umbrella (2 Fold, Auto Open, UV Protective, Silver and Red)","1 Piece","Storage & Organizers","Citizen",,,234.73068961171765,798.1623924623116,,31.6892,70.51441465439999,0.05029289399813365,0.03473,0.1035,0.11962,0,237.58880070307768
"2026-03-01","H4ZICWVKRZ",,"Awestuffs Small Jewelry Storage Box (4 Compartments, White)","1 Piece","Storage & Organizers","Awestuffs",,,358.13594354899783,500,,55.79981,28.40351802265123,0.0304603657464328,0.05034,0.21978,0.25401,0,357.45874207345537
"2026-03-01","QU71M9TW6P",,"PrettyKrafts Single Saree Cover Cloth Organizer (1 Compartment, Non Woven Fabric, Blue)","1 pack","Storage & Organizers","PrettyKrafts",,,157.91485775089606,499,,15.67486,68.35363334105307,0.014310353414030865,0.01053,0.00536,0.00619,0,157.99368424527472
"2026-03-01","AJ95DN5CA0",,"Kuber Industries Non Woven Coat Cover (Pack of 6, Foldable Blazer Cover, Suit Cover With Zipper Closure, Cloth Organizer For Dust Proof Jacket, Grey)","6 pieces","Storage & Organizers","Kuber Industries",,,711.7516894304691,1399,,7.10252,49.124253793390345,0.0021303798517461024,0.00233,0.00002,0.00002,0,111.11387690146061
"2026-03-01","YH72BTWNEA",,"CITIZEN Kids Raincoat for Boys (Lightweight, Waterproof)","1 XXL","Storage & Organizers","Citizen",,,375.5205353871301,599,,54.45807,37.30875869997828,0.005473137571799498,0.00796,0.00073,0.00084,0,375.8570875707436
"2026-03-01","2S8PGN6GJA",,"Embassy SS 1 Step Corner Stand","1 Piece","Storage & Organizers","Embassy",,,785,785,,0.27772,0,0,0,,,,785
"2026-03-01","72Y4VPN8F9",,"Kuber Industries 4-Layer Metal Storage Trolley with Wheels (Black)","1 Piece","Storage & Organizers","Kuber Industries",,,3098.274496053833,11699,,11.31846,73.52371777544062,0.17222573077120115,0.08546,0.00782,0.00904,0,2500.295712631312
"2026-03-01","AU78MMXCJO",,"UrbanFix Universal Waterproof Pouch Cellphone Dry Bag Case for Smartphone (Big Size, Assorted Colours)","1 Piece","Storage & Organizers","UrbanFix",,,154.5027096746138,199,,20.94561,23.896518467730502,0.047699705913529115,0.08105,0.02996,0.03463,0,146.33738977056498
"2026-03-01","13PF0MAMEU",,"Lifelong Storage Organizer 6 Layers | Foldable Wardrobe | Durable Nylon Mesh & Non-Woven Edges | Basket Organisers for Storing Clothes & Sarees (LLCOG06, Grey)","1 pack","Storage & Organizers","Lifelong",,,,,,0,,,,,,,
"2026-03-01","MDIQPFFL1G",,"Saaj Plastic Multipurpose Storage Organizer/Tray (29x23x6.5 cm, Green, Series 222)","1 Piece","Storage & Organizers","saaj",,,89.1650918028702,175,,21.87381,49.05902887073121,0.08398210480974057,0.09927,0.55146,0.63737,0,89.13653229710621
"2026-03-01","ZF268GFMGQ",,"Kuber Industries Potli Bags (Pack of 10, 7x9 Inch, for Return Gifts, Wedding-Party Bags, Drawstring Closure, Wallet Potli, Baby Shower Potli, Lotus Print, Cream)","10 pieces","Storage & Organizers","Kuber",,,708.2516290262865,3099,,32.80881,77.14088559798454,0.1140535228014118,0.0607,0.00864,0.00998,0,708.7948335330192
"2026-03-01","X4Q582WP6C",,"Zeel Apex Rainsuit for Men (Stylish, Olive)","1 XL","Storage & Organizers","Zeel",,,1472.636493158861,1598.885855483871,,51.3839,7.960754294287961,0.24878721802171433,0.53085,0.09726,0.11241,0,1468.9084469414654
"2026-03-01","A2MI6FZ9TD",,"CITIZEN 19"" Paper Print Piano Umbrella (Spider-Man)","1 Piece","Storage & Organizers","Citizen",,,239.50572180753332,799,,31.89551,70.00001624502805,0.023321636321137904,0.01647,0.00692,0.00799,0,242.96436926663264
"2026-03-01","GRP3NPS6YZ",,"Bathla Stainless Steel Bathroom Shelf (39cm)","1 Piece","Storage & Organizers","Bathla",,,786.8597933489336,800.9399604524887,,4.55602,1.757955377279533,0.004866872492823072,0.01113,0.018,0.0208,0,786.6200045293566
"2026-03-01","UH20F2X92J",,"Kuber Industries Honeycomb Print Non-Woven Foldable Saree Cover (Pack of 3, Extra Large, Cream)","1 Piece","Storage & Organizers","Kuber",,,284.4191494715086,599,,22.56403,52.359648967904974,0.03319350801530744,0.03737,0.02456,0.02031,0.05183,294.63533904941755
"2026-03-01","54TN5B0UCV",,"Kuber Industries Non Woven Saree Cover (Cloth Packing Bags with Zip, Maroon)","12 pieces","Storage & Organizers","Kuber",,,782.386999809904,2019,,17.25153,61.24878653739951,0.007686819859667205,0.00715,0.00084,0.00097,0,67.34747894416587
"2026-03-01","9X6VLUPS6Q",,"SE7EN Corrugated Cardboard Box (11""x6""x5"", 3 Ply, Brown)","3 pack","Storage & Organizers","Se7en",,,84.22224356645488,149,,14.19868,42.95187453531163,0.029795469153915566,0.0403,0.01236,0.01079,0.02245,28.920164279515127
"2026-03-01","QRCXE3DTFW",,"Ikea Vesken N trolley 54x18x71 white AP","1 Piece","Storage & Organizers","IKEA",,,1518,1518,,7.92181,0,0,0,0.00058,0.00067,0,1518
"2026-03-01","UVTYKK5NZK",,"SE7EN Mobile Rain Protection Pouch (Waterproof, 1P)","1 Piece","Storage & Organizers","Se7en",,,38.99077380952381,59,,4.5558,33.91106048497716,0.002232870783208332,0.00361,0,0,0.00001,40.86489673672673
"2026-03-01","KFWPMAF25Q",,"SE7EN Corrugated Cardboard Box (7""x4""x3.5"", 3 Ply, Brown)","3 pack","Storage & Organizers","Se7en",,,60.02558510879744,129,,16.37803,53.44814210436672,0.015683701437695624,0.01765,0.00779,0.00319,0.03731,20.905157481270937
"2026-03-01","XUHRPYBYR8",,"Lifelong Waterproof Unisex Raincoat (Hooded Full Sleeves, Outdoor Poncho, Durable PVC, Transparent, Freesize)","1 pack","Storage & Organizers","Lifelong",,,191.49715962705216,599,,30.65418,67.96829809676592,0.006081991574750453,0.00445,,,,199.50928177116796
"2026-03-01","OI8YMOVNIF",,"TIED RIBBONS Socks Bra Panty Tie Organizer for Wardrobe (24 Bracket, 30x30 cm, Grey)","2 pieces","Storage & Organizers","Tied Ribbons",,,358.8841053761791,1199,,3.97505,69.9299085367518,0.03621539145216482,0.0264,0.00118,0.00136,0,187.08900651502367
"2026-03-01","Z17SBV2RIN",,"Kuber Industries Polyester Storage Bag with Handle (Black)","1 Piece","Storage & Organizers","Kuber Industries",,,263.28996540890824,499,,34.26681,47.041550316855115,0.168368995497381,0.20341,0.15401,0.1219,0.36011,266.1255981625922
"2026-03-01","V3IU5YDUJM",,"SE7EN Smooth Safe Soft Edge Protectors","4 pieces","Storage & Organizers","Se7en",,,91.59142747493733,149,,9.44244,38.516115172527,0.005182873507361149,0.00726,0.00189,0.0021,0.00048,22.528186059119868
"2026-03-01","CLT4ZK7CZU",,"ABZORBZAP Hanging Dehumidifier Citrus Moisture Absorber Sachet (220g, Multicolour)","1 Piece x 3","Storage & Organizers","Abzorb Zap",,,284.84615384615387,405,,1.92024,29.667616334283,,,,,,284.84615384615387
"2026-03-01","8Q1XE6ICQI",,"Zulaxy Foldable Fabric Storage Organizers (for Clothes and Multipurpose Use)","1 pack","Storage & Organizers","Zulaxy",,,1028.7619463913848,2499,,32.317,59.288614800223485,0.8241347577357356,0.76367,0.77058,0.04225,5.44575,998.3156983140609
"2026-03-01","3MN8P3TOGC",,"Nayasa Plastic Slim Trolley With 4 Tier Tray And Wheel (White)","1 Piece","Storage & Organizers","Nayasa",,,900,1463.7222233333334,,3.67997,38.51287840896973,0.002237134893284026,0.00318,,,,900
"2026-03-01","RM08TFM5LH",,"Lifelong Men's Waterproof Raincoat Set (L, Navy Blue and Royal Blue Stripe, Reversible, Double Coated)","1 L","Storage & Organizers","Lifelong",,,814,2999,,57.7495,72.85761920640213,0.015224091287393982,0.0096,0.01091,0.01261,0,81.39999999999999
"2026-03-01","SOFKBRL2D6",,"HP V222W 32Gb USB 2.0 Pen Drive (Silver)","1 Piece","Storage & Organizers","HP",,,679,2599,,6.66667,73.87456714120816,,,,,,67900
"2026-03-01","W9NHK8PO5H",,"Stainoff Stain Remover Wipes (5 Wipes, for Tough Stains Like Tea, Curry, Mud Stains)","1 pack","Storage & Organizers","Stainoff",,,34.138297872340424,40,,38.019,14.718897646308394,0.006662215124336033,0.01315,0,0,0,34.007089502169336
"2026-03-01","WSVFYMMO6Y",,"Kuber Industries Foldable Storage Box (Black, Beige)","1 Piece","Storage & Organizers","Kuber Industries",,,148.7830828695696,499,,18.42749,69.88138853346172,0.18509572871752067,0.12728,0.38223,0.35129,0.5808,151.70855859879123
"2026-03-01","O3BKOFJHZ1",,"Kuber Industries Underbed Storage Organizer with Steel Frame (24L, Brown)","1 Piece","Storage & Organizers","Kuber Industries",,,501.4024608164867,2199,,12.10927,77.18765454509226,0.09488406366648146,0.05021,0.02075,0.01594,0.05166,502.76360808850137
"2026-03-01","UTWY859YTI",,"Crownsy Non Woven Shirt Stacker Cloth Organizer (Grey)","6 pieces","Storage & Organizers","crownsy",,,415,999,,0.91593,58.45845845845846,0,0,,,,69.16666666666667
"2026-03-01","21KNAD2FUZ",,"Kuber Industries Non Woven Clothes Organizer (Black and White)","3 pieces","Storage & Organizers","Kuber Industries",,,183.7490848476364,754.6126536521739,,23.9731,73.51972677468301,0.255272472577909,0.169,0.15526,0.17944,0,62.16332061039735
"2026-03-01","MQD2F92Y3C",,"Kuber Industries Waterproof Multipurpose Travel Kit with Handles (Ash Grey)","4 pieces","Storage & Organizers","Kuber Industries",,,910.6025203660749,3969.82935467742,,19.16677,77.06192284327877,0,0,0.06594,0.06142,0.095,227.65063009151874
"2026-03-01","YHB817VIU2",,"Kuber Industries 10-Pouch PVC Jewellery Organizer (Green)","1 Piece","Storage & Organizers","Kuber Industries",,,402.81013810420586,999,,3.95237,59.67866485443384,0.004564120677448759,0.00428,0.00153,0.0011,0.00426,402.84131804565646
"2026-03-01","HGVZ3O04OF",,"HP 64Gb MicroSD Memory Card SDHC Mx310 Class 10, UHS-I, U1 Card, Upto 100Mb/S R","1 Piece","Storage & Organizers","HP",,,828.5445166310417,3501.2032803305783,,24.8686,76.69170161055591,1.7644059037552142,0.97334,0.44375,0.51288,0,820.512069392661
"2026-03-01","1KTTIMWLWD",,"TIED RIBBONS Socks Bra Panty Tie Organizer for Wardrobe (30x30 cm, Beige)","2 pieces","Storage & Organizers","Tied Ribbons",,,334.9708555301878,1199,,6.19632,72.12091479617385,0.05540175473775238,0.03509,0.00052,0.0006,0,163.00898607185835
"2026-03-01","1TRI30U6SS",,"Kuber Industries PVC Dress & Clothes Organizer For Wardrobe (Storage Organizer For Saree, Shirts, Lehenga, Saree Covers with Zip, 40x32x17cm, Transparent & Gold)","6 pieces","Storage & Organizers","Kuber",,,918.1375716516346,1899,,10.69947,51.66842194581677,0.05607548412971212,0.06369,0.00093,0.00083,0.00161,155.99466767406014
"2026-03-01","D4VHB95I09",,"SE7EN Baby Shield Silicone Edge Guards","4 pieces","Storage & Organizers","Se7en",,,93.2532560537804,149,,15.87149,37.48844089028,0.007755350200169437,0.01107,0.00583,0.00519,0.00995,22.88525476202552
"2026-03-01","197YJOGFPQ",,"Saaj Rivera Basket (Plastic, Brown)","1 Piece","Storage & Organizers","saaj",,,,,,0,,,,,,,
"2026-03-01","GIFKZLD2ZC",,"Kuber Industries Underbed Storage Bag with Handle (Large, Black)","2 pieces","Storage & Organizers","Kuber Industries",,,303.7224943434704,599,,24.6564,50.76927674505024,0.32502783098903143,0.36353,0.12028,0.09661,0.27218,144.54646646523548
"2026-03-01","SJZ9DE7PWZ",,"Smart Shelter Washing Machine Trolley (Fully/Semi Automatic, Adjustable Metal, With Wheels, White)","1 pack","Storage & Organizers","Smart Shelter",,,1245.1764179241138,2999,,17.34608,58.478312662584266,0.07992602238988172,0.07679,0.0002,0.00023,0,1251.4336147539627
"2026-03-01","2NZLDSIYU7",,"Kuber Industries Non-Woven Foldable Storage Box (Grey)","3 pieces","Storage & Organizers","Kuber Industries",,,449.2020952436043,1099,,23.53483,59.84014225428984,0.44185576655326475,0.38573,0.19984,0.12749,0.66426,141.97106296854224
"2026-03-01","SWP7GGFGW6",,"Kuber Industries Microfiber Dish Dry Mat (38x50cm, Multicolour)","1 Piece","Storage & Organizers","Kuber",,,300.62006815332734,699,,14.9808,57.010311089565356,0.02395135400553065,0.02389,0.00004,0.00004,0,300.18975902641046
"2026-03-01","QTOXFXNTU0",,"Zulaxy Foldable Fabric Storage Organizers with Lid (for Clothes and Multipurpose Use)","1 pack","Storage & Organizers","Zulaxy",,,699.1209677419355,1599,,26.58516,56.280089091543715,0.5284028858631813,0.53652,0.55784,0.01216,4.06052,699.0000864313448
"2026-03-01","DILA63X5TH",,"Kuber Industries Non Woven Dress Organizer (Red)","12 pieces","Storage & Organizers","Kuber Industries",,,226.6528138096606,597.7019192696629,,10.52204,62.07857732263227,0.023102948390112996,0.01976,0.00098,0.00053,0.00382,18.94071685331643
"2026-03-01","CIDB66O69Y",,"LUXEHOME INTERNATIONAL Jute Planter Pots/Storing Basket For Storage In Kitchen Pantry Or Bedroom 6""X6"" ( White & Brown, Set Of 2 )","1 pack","Storage & Organizers","Luxe Home International",,,499.8917863441673,899,,19.78171,44.39468450009262,0.005020380455548074,0.00647,0.00127,0.00146,0,505.61129099859465
"2026-03-01","L59RBIR21C",,"HP 32 GB USB 3.2 Flash Drive, 712 Watts (Blue)","1 unit","Storage & Organizers","HP",,,436.5,850.5,,0.40872,48.67724867724868,0,0,,,,436.5
"2026-03-01","4AV5Z0QBU0",,"HomeStrap Portable First Aid Kit Bag (Red)","1 Piece","Storage & Organizers","Homestrap",,,244.65078198112792,449.15193087557594,,46.24712,46.29475291881618,0.12120154189508586,0.14818,0.60419,0.69832,0,237.00197952393586
"2026-03-01","6FTKCFAFMF",,"Crownsy Non-Woven Storage Organizer with Lid (Purple)","1 Piece","Storage & Organizers","crownsy",,,149.54220730797908,499,,16.10223,70.03162178196813,0.0041791324534717665,0.0029,0.00001,0.00001,0,149.36296154796082
"2026-03-01","V1M56LLQSP",,"Crownsy Non Woven Shirt Stacker Cloth Organizer (Black)","6 pieces","Storage & Organizers","crownsy",,,415,999,,6.80272,58.45845845845846,0,0,0,0,0,69.16666666666666
"2026-03-01","9LOQB3USMB",,"Kuber Industries Plastic Storage Basket (Medium, Multicolour)","3 pieces","Storage & Organizers","Kuber Industries",,,607.9312540186102,1708,,26.4534,64.35485337538057,0.4536021714946388,0.37248,0.46017,0.53186,0,203.34279024976456
"2026-03-01","HNX8SQB9C0",,"Kuber Industries 2-Compartment Toiletry Travel Bag (Green)","1 Piece","Storage & Organizers","Kuber Industries",,,219.18407662935815,399,,48.91421,45.072023735401,0.12203182504268184,0.15307,0.45436,0.52515,0,218.83209483067026
"2026-03-01","4WIBDSBRDI",,"HomeStrap Multipurpose Caddy with Handle (Plastic, White, Orange)","1 Piece","Storage & Organizers","Homestrap",,,348.6574297510285,899,,10.66942,61.198735404686104,0.04435070431800774,0.03694,0.01082,0.01251,0,346.03786066410686
"2026-03-01","4HUUIL03XT",,"Crownsy Storage Box with Lid (Blue)","1 Piece","Storage & Organizers","crownsy",,,201.11981566820273,599,,5.10355,66.42407084003293,0.004865654175658587,0.00361,0.00001,0.00001,0,190.11466825057758
"2026-03-01","PJ0B3UWJGL",,"Kuber Industries Plastic Basket/Organizer for Kitchen without Lid (Pack of 4, Large M 20, Grey and Brown)","4 pieces","Storage & Organizers","Kuber Industries",,,426,999,,29.29218,57.35735735735736,0.11530778032224827,0.11417,0.23014,0.21884,0.30263,106.5
"2026-03-01","XCZG0IM556",,"Kuber Industries 3-Pocket Wall Hanging Storage Organizer (Cream)","1 Piece","Storage & Organizers","Kuber Industries",,,127,349,,3.02928,63.61031518624642,0.00026574543150310594,0.00022,0.00001,0.00002,0,127
"2026-03-01","SXC66AL91J",,"Absorbia Reusable Box (Moisture Absorber and Dehumidifier)","565 g","Storage & Organizers","Absorbia",,,285,399,,3.34528,28.571428571428573,0,0,,,,50.4424778761062
"2026-03-01","0IL51MM445",,"Bathla Stomo 4 Plastic Drawer Multi-Purpose Storage Organizer (82cm, Green)","1 Piece","Storage & Organizers","Bathla",,,1315,2499,,2.2485,47.378951580632254,0.011417154727672121,0.01395,0,0,0,1315
"2026-03-01","UI1BZJ6OYP",,"SANDISK iXpand Flip 256 GB USB Multiport Pen Drive (Green)","1 Piece","Storage & Organizers","SanDisk",,,7654.191614255765,8200,,2.40366,6.656199826149212,0,0,0.00072,0.00001,0.00524,7654.191614255765
"2026-03-01","YLRM8OJROS",,"Kuber Industries 5-Pouch Jewellery Kit with Vanity Pouch (Set of 2, 10 Pieces, White)","2 pieces","Storage & Organizers","Kuber Industries",,,997.5487659937509,1523.6877312499998,,11.46372,34.53062950271419,0.007407063780772531,0.00992,0.01511,0.01636,0.00711,496.4397877730809
"2026-03-01","RNR0YNNILI",,"Sun Regal -2, 23 inch Umbrella (3 Fold, Manual open, Compact- UV Protective)","1 Piece","Storage & Organizers","Sun",,,986.6866359447005,1770,,12.58238,44.25499231950845,0,0,0.00013,0.00015,0,986.6866359447005
"2026-03-01","HTHVT3YF59",,"SANDISK Ultra Curve 128GB, USB 3.2, Flash Drive, 100MB/s R, Pendrive, Green (SDCZ550-128G-I35G)","1 unit","Storage & Organizers","SanDisk",,,2149,2600,,9.27705,17.346153846153847,0.003959530784573498,0.0076,0.00165,0.00191,0,2149
"2026-03-01","7XALFDAPHE",,"PrettyKrafts Coat Hanger (10 Hook, Metal Stand)","1 Piece","Storage & Organizers","PrettyKrafts",,,799,1999,,20.62694,60.03001500750375,0.36515752320103834,0.339,0.02561,0.0296,0,79900
"2026-03-01","2GUZ87OY3D",,"PrettyKrafts Packing Organizers Travel Bags (Grey)","4 pieces","Storage & Organizers","PrettyKrafts",,,281.1182907762422,498.99141923387094,,84.97435,43.81489845860259,1.6923011729820292,2.21045,5.09493,5.88865,0,70.09065821551101
"2026-03-01","F8UDXQKA1U",,"SUN BRAND 23"" Checks Print Umbrella (2 Fold, Auto Open, UV Protective, Steel Blue)","1 Piece","Storage & Organizers","Sun",,,450,573.8321239784947,,82.16406,21.582661285522203,0.013718708141028248,0.02494,0.03179,0.03675,0,450.00000000000006
"2026-03-01","ZBSH51RDYO",,"Kuber Industries Foldable Boxes For Storage - Multipurpose Storage Organizer Basket For Clothes | Wardrobe | Closet | Toys | Books | Socks - Undergarment Organizer With Handle (Black)","6 pieces","Storage & Organizers","Kuber",,,808.9439775910365,1999,,2.98955,59.53256740415025,0,0,0.00003,0.00003,0,134.82399626517278
"2026-03-01","OHWLLBVDU9",,"Embassy SS 4 Step Sleek Shelf or Rack","1 Piece","Storage & Organizers","Embassy",,,1447.142857142857,1490,,0.94607,2.876318312559923,0,0,0.00018,0.00021,0,1447.142857142857
"2026-03-01","CKGP17TS1F",,"Ddesh Handmade Chic Soft Jute Rope Tote Bag (23 cm, Beige)","1 Piece","Storage & Organizers","ddesh",,,573.3055646462473,1497.7862746543778,,18.94949,61.72313938592203,0.031709140840029064,0.02839,0.05412,0.06255,0,577.4123040048272
"2026-03-01","1U5DKNMVPR",,"Kuber Industries Waterproof Travel Organizer (Sky Blue)","4 pieces","Storage & Organizers","Kuber Industries",,,218.1250108697619,899,,23.78757,75.7705520207719,0.09248108534918205,0.05045,0.15062,0.17409,0,53.25272902225268
"2026-03-01","BVJR66RSE2",,"Smart Shelter Air Conditioner Outdoor Unit Wall Mounting (Heavy Duty Metal Ac Stand)","1 pack","Storage & Organizers","Smart Shelter",,,722.3677620065778,1843.8276521774192,,21.23487,61.227862126936614,0.26565634206045297,0.22373,0.00005,0.00006,0,707.1429736474623
"2026-03-01","V3US3P1CBW",,"PrettyKrafts Jute Plant Basket (Small, White and Black)","1 Piece","Storage & Organizers","PrettyKrafts",,,389.51806114373784,1498.3777479838711,,63.09614,74.19721105085786,0.11401605954860393,0.05766,0.53251,0.61547,0,327.54390138269025
"2026-03-01","VOYJH9LRW6",,"The Better Home Storage Basket (Cotton, White and Orange)","1 Piece","Storage & Organizers","The Better Home",,,750.5691999358664,1199,,3.46311,37.40040033896026,0.00365205799018681,0.00537,0.01614,0.01865,0,762.9721756858265
"2026-03-01","9GW711MX26",,"SANDISK 32 GB Cruzer Blade 2.0 USB Flash Pen Drive,Shockproof (Black)","1 unit","Storage & Organizers","SanDisk",,,599.2486338797816,609.016393442623,,2.92043,1.6038582323911938,0.0008374407609372949,0.00195,,,,578.8327027471623
"2026-03-01","KTBC97IR9Z",,"Kuber Industries Plastic Extra Small Size Rectangular Solitaire Storage Basket with Lid (Multicolor)","2 pieces","Storage & Organizers","Kuber",,,299.4951478053754,599,,21.36134,49.97877565740686,0.059496823306874745,0.06925,0.11686,0.10823,0.17223,149.93076020537654
"2026-03-01","0P0F1DSHW2",,"EVM 512GB 2.5"" SATA Internal SSD, 550mb/s Read – 5-Year Warranty (EVM25/512GB) Black","1 pack","Storage & Organizers","EVM",,,6907.922379454926,8825.280323160378,,7.12605,21.72574551171691,0,0,0.01401,0.01619,0,6907.922379454926
"2026-03-01","BHOFXOATTZ",,"Bathla Stomo Dori Multi-Purpose Stackable Drawer Organizer (26 cm, Ash Grey)","4 pieces","Storage & Organizers","Bathla",,,356.7444701422608,499,,19.86148,28.526910670425053,0.06238773764855007,0.10345,0.02591,0.00802,0.14073,89.05441021419658
"2026-03-01","GKYZ9YFWJR",,"Saaj Plastic Multipurpose Storage Organizer/Tray (29x23x6.5 cm, Blue, Series 222)","1 Piece","Storage & Organizers","saaj",,,84,175,,14.96132,52.00000000000001,0.00850354922880827,0.00948,0.03122,0.03609,0,83.99999999999999
"2026-03-01","NNCYYGRERL",,"CITIZEN Eva Raincoat Poncho (Free Size, Blue, CP04)","1 Piece","Storage & Organizers","Citizen",,,137.7027027027027,149,,1.09773,7.58207872301832,0,0,,,,137.7027027027027
"2026-03-01","XOKTGZBU63",,"Kuber Industries Non-Woven Foldable Drawer Organizer (Grey)","6 pieces","Storage & Organizers","Kuber Industries",,,545.2644414724632,2199,,49.06051,75.94431843228412,0.6239018951184361,0.31529,0.17741,0.20505,0,83.10611376058014
"2026-03-01","SQQXCFHA6X",,"Nayasa Plastic Corner Rack Mega (Cream)","1 Piece","Storage & Organizers","Nayasa",,,454.4614566095644,875,,8.37687,48.064655140843556,0.017545442354672973,0.021,0.00193,0.00223,0,457.9305549429485
"2026-03-01","SZCX66QX2D",,"Kuber Industries Non-Woven Foldable Trunk Organizer (Black)","1 Piece","Storage & Organizers","Kuber Industries",,,290.69858335196363,599,,10.69075,51.50679897620867,0.013836123457755407,0.01511,0.00099,0.00083,0.002,281.8711967412692
"2026-03-01","TQLP8TQT8B",,"Kuber Industries Non-Woven Underbed Storage Bag (Black)","1 Piece","Storage & Organizers","Kuber Industries",,,158.85680023765278,399,,12.3739,60.186265604598304,0.008000536529521873,0.00729,0.00015,0.00018,0,157.27992265728005
"2026-03-01","KQNAJLV81U",,"Kuber Industries Silk Wedding Potli (5 x 7 Inches, Rani Pink)","12 pieces","Storage & Organizers","Kuber Industries",,,379.2647912085708,799,,15.07244,52.53256680743795,0.013180821112908497,0.01451,0.01783,0.02061,0,31.635820698997154
"2026-03-01","FYTVKQLMNI",,"KK UMBRELLAS 10"" Heart Umbrella (3 Fold, P/S, Multicolor)","1 Piece","Storage & Organizers","Kk Umbrellas",,,283.72085814060875,549,,48.15402,48.326500187055856,0.08110017555715332,0.09738,0.33618,0.38856,0,284.065062925419
"2026-03-01","KYC59BMUBH",,"SUN BRAND 23"" Rosy-3 Umbrella (2 Fold, Auto Open, UV Protective, Stripes)","1 Piece","Storage & Organizers","Sun",,,450,575,,85.67416,21.73913043478261,0.0008758177516185455,0.00159,0.01318,0.01524,0,450.00000000000006
"2026-03-01","VWFDVPB1QF",,"CITIZEN Ladies Rainsuit Reversible Series (Ink Blue, CRLE03)","1 XL","Storage & Organizers","Citizen",,,1165.8090452644494,1599,,46.8058,27.064693868187508,0.009740445730050805,0.01838,0.02989,0.03455,0,1300.4700583512656
"2026-03-01","Z5K4RO4K4S",,"Digitek (DDUD 32G V3.0) 32GB Dual USB-A & Type-C Flash Drive, Metal Body, Magnetic, X-Ray & Temp Resistant","1 unit","Storage & Organizers","Digitek",,,602.5714285714286,895,,2.39835,32.67358339984038,0.002725984655533293,0.00381,,,,540.9305856832972
"2026-03-01","OU9XFGAZQB",,"CITIZEN Eva Raincoat Poncho (Free Size, Yellow, CP04)","1 Piece","Storage & Organizers","Citizen",,,145.69354838709677,149,,1.24691,2.21909504221693,0.00022691157188517354,0.00048,,,,138.17224880382776
"2026-03-01","KUZUGZCQ2Z",,"SANDISK Ultra Eco USB Flash Drive USB 3.2 Gen 1 64GB, Upto 100MB/s R, 5Y Warranty","1 Piece","Storage & Organizers","SanDisk",,,937.25,1000,,0.2974,6.275,0,0,,,,937.25
"2026-04-01","K3IU8TGDKC",,"Crownsy Non Woven Hanging Organizer (Blue)","1 Piece","Storage & Organizers","crownsy",,,168.775,1499,,2.00719,88.74082721814543,0,0,0.00001,0.00001,0,168.775
"2026-04-01","72PUBCT9V1",,"PrettyKrafts Toys storage Box Organizer (Jute, Grey)","1 Piece","Storage & Organizers","PrettyKrafts",,,161.73945097080588,499,,52.69959,67.80884717790616,0.4023000661738407,0.27862,0.89826,0.39153,2.26696,160.5053305822362
"2026-04-01","RY3TKE7TAR",,"CITIZEN 17"" Paper Print Umbrella (Manual Open, Frozen Theme, Multi-Color)","1 Piece","Storage & Organizers","Citizen",,,264.9231053146843,899,,24.10589,70.53135647222645,0.0039358865364974,0.00253,0.00059,0.00081,0,285.70433756490326
"2026-04-01","05P90QLH6I",,"Kuber Industries Non-Woven Shopping Bags (Large, Orange)","10 pieces","Storage & Organizers","Kuber Industries",,,405.0698297711511,1699,,18.95735,76.1687486103187,0.06743399212936271,0.03403,0.0384,0.05262,0,40.54712646144789
"2026-04-01","3YB4FTNDA7",,"SE7EN Portable Mini Pills Organizer","1 Piece","Storage & Organizers","Se7en",,,269,269,,5.51088,0,0.00047121371489587156,0.00103,0.00307,0.0042,0,26900
"2026-04-01","V3IU5YDUJM",,"SE7EN Smooth Safe Soft Edge Protectors","4 pieces","Storage & Organizers","Se7en",,,89,149,,6.06587,40.26845637583892,0.004176133737105775,0.00545,0.00065,0.00088,0,22.25
"2026-04-01","XUHRPYBYR8",,"Lifelong Waterproof Unisex Raincoat (Hooded Full Sleeves, Outdoor Poncho, Durable PVC, Transparent, Freesize)","1 pack","Storage & Organizers","Lifelong",,,183.1693594123543,599,,17.1351,69.44986094800228,0.020629564832997965,0.01347,0,0,0,184.9609324405656
"2026-04-01","86WQEMTIN5",,"Wildcraft Hypadry 2 Tone Rain Cheater Suit (Black)","1 pack","Storage & Organizers","Wildcraft",,,1466.3520186335404,1799,,8.58653,18.490716029264007,0,0,0.01243,0.01703,0,1466.3520186335404
"2026-04-01","SXKM7CIOZ8",,"HOME ESSENTIALS 3-Steps safe-step Foldable Ladder (Black)","1 Piece","Storage & Organizers","HomeEssentials",,,2497.9189189189187,5999,,15.60926,58.51179991838751,0.458356987517542,0.40055,0.00082,0.00112,0,239904.19362797707
"2026-04-01","84O7YYXF07",,"Casacraft By Pepperfry Engineered Wood Wall Shelf (Dark Oak)","1 Piece","Storage & Organizers","Casacraft by Pepperfry",,,955.7026713124275,1419,,4.80512,32.64956509426163,0.010767347205108562,0.01577,0.00979,0.01284,0.00156,954.8613471790225
"2026-04-01","0NZPUCB25C",,"Senego Wardrobe Clothes Organizer (4 Layers, Plastic, Stackable, White)","4 pieces","Storage & Organizers","Senego",,,1092.4720176730486,2290.7893962886596,,6.29071,52.31023770919413,0.0005831072726136203,0.00127,0,0,0,257.79757742257743
"2026-04-01","AJ7UY69WVB",,"Kuber Industries 6-Pocket Fabric Hanging Organizer (Brown)","1 Piece","Storage & Organizers","Kuber Industries",,,248,699,,13.68245,64.52074391988555,0,0,0.00183,0.00251,0,248
"2026-04-01","4GW8RTWDR1",,"Senego Bubble Wrap Roll (1m x 1m)","1 Piece","Storage & Organizers","Senego",,,111.69047619047619,179,,1.75223,36.8895840597265,0.014524799414040414,0.02106,0.00011,0.00015,0,11879.934442703161
"2026-04-01","DSBD06RHNO",,"Seagate Expansion 1Tb External Hdd - Usb 3.0 For Windows And Mac With 3 Yr Data Recovery Services, Portable Hard Drive (Stkm1000400)","1 Piece","Storage & Organizers","Seagate",,,7533.722222222223,7533.722222083333,,1.54148,0,0,0,,,,7533.722222222222
"2026-04-01","N5NEEJTPGK",,"Buildskill Box 3 ply OP (Pack of 5) M","5 Piece","Storage & Organizers","Buildskill",,,319.2173645320197,389,,2.83762,18.026079281369167,0.023614443682539035,0.04166,0.00263,0.00361,0,6274.895880999559
"2026-04-01","68VNFOT7YK",,"Kuber Industries Clothes Organizer for Wardrobe/Single Saree Covers with Zip (Pack of 12, Maroon)","12 pieces","Storage & Organizers","Kuber Industries",,,228.72604417233413,598.9989992951542,,25.03669,61.78040449981736,0.1882317554964816,0.14625,0.11761,0.13261,0.07707,19.096648410981825
"2026-04-01","100000068","100000068","Dummy Product","100g","Storage & Organizers","dummy",0.0411,,,,0,,,7.196909580906846e-8,,,,,
"2026-04-01","9X6VLUPS6Q",,"SE7EN Corrugated Cardboard Box (11""x6""x5"", 3 Ply, Brown)","3 pack","Storage & Organizers","Se7en",,,97.58236104173604,149,,7.63701,34.48962307445202,0.010642320600710327,0.01521,0.00364,0.00498,0,32.541768343652095
"2026-04-01","MHAZYITQUS",,"SANDISK 64 GB SDDDC3-064G-I35 Ultra Dual Drive Go Type C Pen Drive (Black)","1 unit","Storage & Organizers","SanDisk",,,1538.9215754656218,1890.9713693750002,,39.81675,18.387163830864967,0.16331749040715252,0.30532,0.46186,0.24235,1.05475,1537.038911584603
"2026-04-01","MQD2F92Y3C",,"Kuber Industries Waterproof Multipurpose Travel Kit with Handles (Ash Grey)","4 pieces","Storage & Organizers","Kuber Industries",,,965.1558542442094,3968.898836791667,,16.97034,75.68202431119632,0.0023341801633452127,0.00133,0.1343,0.02748,0.42282,257.56701733756523
"2026-04-01","NMLHUYVPCF",,"SANDISK Gameplay microSDXC UHS-I Card, 256GB Gaming microSDXC, 190MB/s, 130MB/s W, UHS-I, V30, U3, C10","1 Piece","Storage & Organizers","SanDisk",,,3600,3600,,0.09223,0,0,0,0.00155,0.00213,0,3600
"2026-04-01","5G8WL40VKY",,"SANDISK USB Extreme USB 3.2 64GB, Upto 400MBs R & 240MB/s W, (SDCZ810-064G-G46)","1 Piece","Storage & Organizers","SanDisk",,,2736.04696969697,3143.0303027272726,,1.41977,12.948756258479435,0,0,0.00617,0.0053,0.00852,2736.04696969697
"2026-04-01","WSVFYMMO6Y",,"Kuber Industries Foldable Storage Box (Black, Beige)","1 Piece","Storage & Organizers","Kuber Industries",,,149.70941915249327,499,,23.56886,69.62278764986482,0.1703032205974371,0.11036,0.17944,0.19265,0.14375,153.84498009312497
"2026-04-01","409MU7CDRN",,"HINDSON 3 Keys 65mm Steel Round Padlock | Double Locking Metal Lock for Home, Door, Gate & Shutter","1 pack","Storage & Organizers","Hindson",,,400.0332477535302,990,,21.71453,59.552797150393964,0.02282523513068631,0.02027,0.17758,0.00009,0.65697,401.4576963383545
"2026-04-01","CD5VYT108X",,"UrbanFix Travel cum Toiletry Men Bag","1 Piece","Storage & Organizers","Bulfyss",,,432.29011841641466,998.1882888750001,,76.01342,57.54693192490507,1.0600040945763611,0.99015,1.81366,1.75725,1.96605,422.3067511488873
"2026-04-01","H4ZICWVKRZ",,"Awestuffs Small Jewelry Storage Box (4 Compartments, White)","1 Piece","Storage & Organizers","Awestuffs",,,368.73660509376117,500,,66.20485,26.27688194143049,0.023495720940547436,0.03707,0.20641,0.28283,0,363.8076799893318
"2026-04-01","NJFOWDARP2",,"CITIZEN 21"" Solid Umbrella (2 Fold, Auto Open, UV Protective, Silver and Red)","1 Piece","Storage & Organizers","Citizen",,,193.94711261924803,797.7401361805555,,14.94301,75.75294646478766,0.06505638535832735,0.03416,0.01454,0.01993,0,191.7453472051181
"2026-04-01","4RMF9NK8DN",,"Kuber Industries 4-Layer Plastic Drawer Storage Organiser (55L, Chocolate Brown)","1 Piece","Storage & Organizers","Kuber Industries",,,1700.4127548018328,5399,,6.2549,68.50504251154227,0.047270387792588416,0.02352,0.00527,0.00492,0.00622,1381.6710745292403
"2026-04-01","GIZSP5VZAR",,"Nilkamal Multipurpose Storage Box with Lid and Handles (50L, for Clothes, Toys, Household Items)","1 pack","Storage & Organizers","Nilkamal",,,1235,1260,,0.35211,1.9841269841269842,0,0,,,,1235
"2026-04-01","U1HVVQ1B92",,"Kuber Industries Printed Non Woven Closet Organizer Box (Blue)","1 Piece","Storage & Organizers","Kuber Industries",,,235.59195889451897,399,,29.99095,40.913484820929426,0.04273580943474988,0.05517,0.07281,0.05587,0.11857,235.05736681228842
"2026-04-01","K14UGS1KXL",,"Kuber Industries 6-Layer Foldable Shoe Rack (White)","1 Piece","Storage & Organizers","Kuber Industries",,,1904.1783335697285,8499,,44.35101,77.62879746861526,2.59662606520397,1.20958,0.93842,1.02645,0.70063,1901.4036022149262
"2026-04-01","UMCFTO0XIL",,"SE7EN Flexi Soft Corner Edge Bumpers","4 pieces","Storage & Organizers","Se7en",,,100,149,,14.225,32.88590604026846,0.0009135347270946718,0.00134,0.00213,0.00292,0,24.999999999999996
"2026-04-01","1GWIPLSLCO",,"HOME ESSENTIALS Portable 4-Compartment Pill Box","1 Piece","Storage & Organizers","HomeEssentials",,,297,1999,,0.14421,85.14257128564282,,,0.0067,0.00909,0.00026,29700
"2026-04-01","TBHJBNYZ94",,"Ikea Toftbo pedestal mat 55x60 grey-white/mélange AP","1 Piece","Storage & Organizers","IKEA",,,898,898,,13.90711,0,0,0,0.00117,0.0016,0,898
"2026-04-01","MMVSY6DT1V",,"Kuber Industries Jewellery Kit | Satin Jewellery Storage Kit | Moti Beads Jewellery Kit | Cosmetic Kit with 6 Flappable Pouches","1 pack","Storage & Organizers","Kuber",,,568.3351692209451,2399,,3.41605,76.30949690617153,0.0014003329907180547,0.0007,0.00206,0.00014,0.00725,552.4587431319467
"2026-04-01","XV6TKLC71N",,"Samsung EVO Plus Micro SDXC Memory Card 64GB","1 unit","Storage & Organizers","Samsung",,,588.5045045045046,1547.3103902702703,,2.98439,62.05617316511894,0.06705190802460506,0.05308,0.00967,0.01325,0,588.706466725227
"2026-04-01","MR6Q030HOU",,"Kuber Industries Non-Woven Shoe Bags (Navy Blue)","12 pieces","Storage & Organizers","Kuber Industries",,,415.3925865723,1498.986297125,,38.27278,73.02352546589411,0.5024989084835494,0.26524,0.1636,0.20138,0.06155,33.25588940129232
"2026-04-01","ARTTZ0KYLE",,"SUN TOYS1 19"" Kids Umbrella (Non-Folding, Auto Open, UV Protective)","1 Piece","Storage & Organizers","Sun",,,471.6023076148159,599.9295043333333,,45.24826,21.40991002439336,0.10786609006906608,0.18463,0.03148,0.04314,0,471.4213121595275
"2026-04-01","M1ABIA02A1",,"Saaj Plastic Modern Basket with Lid (Red)","1 Piece","Storage & Organizers","saaj",,,433.58192301677633,999.1651774347827,,21.82501,56.63387333624227,0.17097615790934528,0.16052,0.04977,0.06819,0,432.0797280122818
"2026-04-01","XQO3C2VWI7",,"HP V222W 64Gb USB 2.0 Pen Drive (Silver)","1 Piece","Storage & Organizers","HP",,,770.2965933587063,3074.5650938053095,,16.73835,74.98002625653996,0.14322165259124955,0.07639,0.42597,0.2994,0.76786,752.9590248686261
"2026-04-01","UH20F2X92J",,"Kuber Industries Honeycomb Print Non-Woven Foldable Saree Cover (Pack of 3, Extra Large, Cream)","1 Piece","Storage & Organizers","Kuber",,,246.2859684904378,599,,13.19974,58.895412293720916,0.021678282387257112,0.01885,0.00096,0.00132,0,238.50153163791416
"2026-04-01","1VL5222C31",,"Wildcraft Hypadry 2 Tone Rain Cheater Suit (Lime and Navy)","1 pack","Storage & Organizers","Wildcraft",,,2172.405151946819,2999,,35.61738,27.564227343783486,0.10502952709336999,0.16615,0.01793,0.02456,0,2171.080985368251
"2026-04-01","CITKA1BOLO",,"Lifelong Men's Raincoat Set (Waterproof, Polyester, Double-Coated, Reversible, Navy Blue with Aqua Green)","1 XL","Storage & Organizers","Lifelong",,,1118.8028971228887,3499,,66.68345,68.14839582842528,0.22873879935590827,0.15802,0.08073,0.11062,0,1067.19456982101
"2026-04-01","OHWLLBVDU9",,"Embassy SS 4 Step Sleek Shelf or Rack","1 Piece","Storage & Organizers","Embassy",,,1343.15,1490,,1.10966,9.855704697986576,0,0,0.00079,0.00108,0,1343.15
"2026-04-01","IA3B0OGNRT",,"CITIZEN Kids Raincoat for Girls (Lightweight, Waterproof)","1 XXL","Storage & Organizers","Citizen",,,442.1922978815729,599,,50.86832,26.1678470777664,0.014509740187180122,0.02349,0.02625,0.03597,0,444.8595861612611
"2026-04-01","7ZG96VTFBL",,"Digitek DUD 128GB USB 2.0 Flash Drive – High-Speed Read/Write, Magnetic, X-Ray & Temperature Resistant, Windows & Mac OS","1 unit","Storage & Organizers","Digitek",,,579,995,,0.00004,41.80904522613066,0,0,,,,579
"2026-04-01","42JWKY0JS8",,"LUXEHOME INTERNATIONAL Jute Baskets For Storage (Fruit, Vegetable, Flower, Toys, Baby Clothes, 6""x6"", Brown, Set of 2)","2 pieces","Storage & Organizers","Luxe Home International",,,499,899,,6.12275,44.493882091212456,0,0,0.00008,0.00001,0.00026,499
"2026-04-01","VA6IV82D7V",,"Prolume Travel Bottles Kit (Pump and Spray Bottle)","2 pieces","Storage & Organizers","prolume",,,101.59197875299132,170.545480125,,30.95723,40.386628213481266,0.053374978104256884,0.06967,0.07913,0.10842,0,50.650351125256336
"2026-04-01","XOKTGZBU63",,"Kuber Industries Non-Woven Foldable Drawer Organizer (Grey)","6 pieces","Storage & Organizers","Kuber Industries",,,530.8653970427575,2205.5484515238095,,19.21775,75.92493477752049,0.3179962378151698,0.15828,0.06052,0.08292,0,87.31801236306727
"2026-04-01","J3CFMD3Y8C",,"Kuber Industries 9 Inch Non-Woven Saree Storage Bag (Navy Blue)","3 pieces","Storage & Organizers","Kuber Industries",,,219.79975649570315,899,,20.30722,75.51097701794092,0.375115535081678,0.19398,0.18846,0.16334,0.25631,73.96480931876697
"2026-04-01","XTVZAJMW4E",,"Robustt Cable Ties (Self Locking, Heat Resistant, Anti-Slip, for Indoor & Outdoor Use)","100 pieces","Storage & Organizers","Robustt",,,149,199,,9.93974,25.12562814070353,0.021860919289760423,0.03579,0.08906,0.03624,0.23175,149
"2026-04-01","YBDS0I60FF",,"Nestasia PVC Travel Bag Kit (4 Different Sizes, Green and Transparent)","4 pieces","Storage & Organizers","Nestasia",,,1026.284913364025,1530,,43.58748,32.82884932412968,0.1467814086708178,0.21628,0.45743,0.09013,1.44951,260.6774170963647
"2026-04-01","CDIN5U8UNX",,"SANDISK Extreme Pro SD UHS I 128GB Card for 4K Video for DSLR and Mirrorless Cameras 200MB/s Read & 90MB/s Write","1 Piece","Storage & Organizers","SanDisk",,,4210.435266924348,6733.432010740741,,15.12435,37.262739764740694,0.13001698702953166,0.15815,0.07133,0.04419,0.14466,4148.925166493019
"2026-04-01","KJPLLMACPS",,"Kuber Industries Non-Woven Blouse Cover with Zipper (Red)","3 pieces","Storage & Organizers","Kuber Industries",,,245.26100944745804,599,,16.80178,59.054923297586306,0.006993434911003832,0.00618,0.00195,0.00267,0,81.09292290141168
"2026-04-01","RR6DQKEN30",,"KK UMBRELLAS 21"" Travel Umbrella (2 Fold, Auto Open, Jet Black)","1 Piece","Storage & Organizers","Kk Umbrellas",,,189,289,,8.74631,34.60207612456749,0.012566924814913422,0.01796,0.00861,0.01179,0,18899.999999999996
"2026-04-01","Z3JA1RKQK4",,"Kuber Industries Non-Woven Storage Box (Grey)","2 pieces","Storage & Organizers","Kuber Industries",,,492.3649427479747,2099,,22.50312,76.54504384263521,0.047782751720416475,0.02387,0.05892,0.02459,0.15165,252.91627763326053
"2026-04-01","1N86FQSUG5",,"Ikea Sandlöpere Box (33x38x33cm, Giraffe)","1 Piece","Storage & Organizers","IKEA",,,369,478,,8.14994,22.803347280334737,0.016621183878824275,0.02804,0.00819,0.01122,0,369.00000000000006
"2026-04-01","2TDDOAKF27",,"Nestasia Foldable Jewellery Organizer (8 Compartments, Brown)","1 Piece","Storage & Organizers","Nestasia",,,759,1150,,19.91739,34,0,0,0.00001,0.00001,0,759
"2026-04-01","3KDSYXWHHV",,"Kuber Industries 2-Layer Plastic Drawer Storage Organiser (19L, Black and Grey)","1 Piece","Storage & Organizers","Kuber Industries",,,787.9760461688315,3099,,41.91704,74.69899347078257,0.2972318403695855,0.14774,0.14386,0.19183,0.01429,712.3825508450129
"2026-04-01","UDR578ITOX",,"Embassy SS L Shape 2 Step Corner Stand","1 Piece","Storage & Organizers","Embassy",,,1805,1805,,0.46211,0,0,0,0,0,0,1805
"2026-04-01","7CCFV2X9MM",,"Kuber Industries Non-Woven Underbed Storage Bag (Royal Blue)","2 pieces","Storage & Organizers","Kuber Industries",,,234,598,,1.50779,60.869565217391305,0.00523500751413117,0.00448,0,0,0,117.00000000000001
"2026-04-01","K02FPVW0YX",,"Kuber Industries Non-Woven Foldable Storage Box (Grey)","1 Piece","Storage & Organizers","Kuber Industries",,,212.8522542899724,399,,27.4157,46.46733702164743,0.060938737455771996,0.06886,0.08669,0.04293,0.20491,219.98971017235857
"2026-04-01","NLOO1DGLT0",,"HOME ESSENTIALS Cotton Organizer Storage Box (Beige)","1 Piece","Storage & Organizers","HomeEssentials",,,374.3205478205478,1999,,11.85734,81.36014625877851,0.17920024684795524,0.07004,0.05276,0.0257,0.12584,35772.00323337204
"2026-04-01","ANJG3C09UP",,"HomeStrap Clothes Stacker with Lid for Wardrobe (Pack of 2, Non-Woven Fabric, Grey)","2 pieces","Storage & Organizers","Homestrap",,,561.3353991381905,1298.516433238095,,43.54671,56.73955237038472,0.17522356031310382,0.16503,0.157,0.17582,0.10616,281.60481275637665
"2026-04-01","5SYL5ZHSDB",,"ROBUSTT Travel Friendly EVA Reusable Waterproof Raincoat (Quick Dry, Monsoon Essential, Black)","1 Piece","Storage & Organizers","Robustt",,,211.59124155188016,348.8775253846154,,35.73584,45.229713895308116,0.011448514559603152,0.01023,0.03852,0.0354,0.04693,14377.66005359491
"2026-04-01","X4Q582WP6C",,"Zeel Apex Rainsuit for Men (Stylish, Olive)","1 XL","Storage & Organizers","Zeel",,,1489.641903533795,1598.655279611111,,63.87875,6.813802903990235,0.13906495576323086,0.28324,0.15344,0.21025,0,1490.1457324625662
"2026-04-01","XV0FR2IBBU",,"Zeel Mighty Star Raincoat (Avengers Print, 5-6 Years)","1 Piece","Storage & Organizers","Zeel",,,571.588236350139,597.3417345555556,,73.6618,4.299338154697468,0.02797023749823387,0.05817,0.05195,0.07119,0,572.4633591856843
"2026-04-01","FQTTDPXNGR",,"Kuber Industries Cotton Blouse Cover with Zipper (Grey)","6 pieces","Storage & Organizers","Kuber Industries",,,334.0148717948718,899,,5.52444,62.84595786250756,0.006559694155969619,0.00532,0.00169,0.00226,0.00016,55.666762290460234
"2026-04-01","R4RAZXJF9X",,"Encasa XO Wood Wooden Tray (42x27 cm, Brown)","1 Piece","Storage & Organizers","Encasa XO",,,932.3461716524217,1099,,9.47595,15.164133607604942,0,0,0.00201,0.00275,0,932.3461716524217
"2026-04-01","PQE6XO44TD",,"IKEA VARIERA Steel Shelf Insert (Powder-Coated, White)","1 Piece","Storage & Organizers","IKEA",,,455.3191489361702,465.4468085106383,,1.86805,2.175900530261474,0,0,0.00001,0.00001,0,455.3191489361702
"2026-04-01","T1DO8241X1",,"CITIZEN Ladies Rainsuit (Reversible Series, Pink, CRLE03)","1 XL","Storage & Organizers","Citizen",,,762.9018510430792,1598.579714933333,,67.44633,52.320707937860114,0.06813249510547553,0.07235,0.11159,0.15291,0,759.1920549770953
"2026-04-01","HBXRUVGCDW",,"Casacraft By Pepperfry Engineered Wood Wall Shelf","1 pack","Storage & Organizers","Casacraft by Pepperfry",,,2535,3950,,15.5718,35.822784810126585,0.009222375593616078,0.01293,0.00005,0.00007,0,2535
"2026-04-01","OU9XFGAZQB",,"CITIZEN Eva Raincoat Poncho (Free Size, Yellow, CP04)","1 Piece","Storage & Organizers","Citizen",,,141.22222222222223,149,,1.88999,5.219985085756898,0.00013045493035950364,0.00026,,,,137.06451612903226
"2026-04-01","KYC59BMUBH",,"SUN BRAND 23"" Rosy-3 Umbrella (2 Fold, Auto Open, UV Protective, Stripes)","1 Piece","Storage & Organizers","Sun",,,450.3230282070589,575,,71.79309,21.683467053694446,0.007719079516923007,0.0132,0.00447,0.00612,0,450.46009485788875
"2026-04-01","11959PMYS1",,"Ifazah Anti-Slip & Shock Absorbing Washing Machine Stand Pads","1 pack","Storage & Organizers","Ifazah",,,106.37850955794505,399,,7.28745,73.33871940903633,0.0003493390417009527,0.00013,0,0,0,70.86273264767888
"2026-04-01","O4EEGD4DO5",,"Lifelong Foldable Ironing Board with Silver Heat-Resistant Cover | Floor Stand","1 Piece","Storage & Organizers","Lifelong",,,7999,7999,,36.49661,0,0.12139120196978782,0.26527,0,0,0,799900.0000000001
"2026-04-01","3MN8P3TOGC",,"Nayasa Plastic Slim Trolley With 4 Tier Tray And Wheel (White)","1 Piece","Storage & Organizers","Nayasa",,,900,1464.344827586207,,2.79256,38.53906654735553,0.0008515467467627735,0.00115,,,,900.0000000000001
"2026-04-01","U6977OT8RJ",,"Crownsy Shoe Pouch (Grey)","3 pieces","Storage & Organizers","crownsy",,,294.56035506580963,499,,12.06479,40.96986872428665,0.003494616168033039,0.00446,0.02561,0.03509,0,97.90902481263929
"2026-04-01","IHZWY278ZU",,"LIFELONG Drench Dew Kids Raincoat (6-7 Years, Waterproof, Single-Layer PVC, Unisex Standard Length, Sky Blue)","1 Piece","Storage & Organizers","Lifelong",,,595.3358833978435,1999,,74.00644,70.21831498760163,0.02391825482908097,0.02697,0.00231,0.00316,0,734.0153744986073
"2026-04-01","HVD27N8P7Y",,"Kuber Industries 5-Layer Kitchen Storage Rack (Silver)","1 Piece","Storage & Organizers","Kuber Industries",,,780.9705697475998,3099,,18.96206,74.82678255125514,0.3848073733172993,0.20462,0.08767,0.04985,0.18983,762.527998161906
"2026-04-01","024A37JX5W",,"Crownsy Rectangular Foldable Cloth Organizer with Handle (Black)","3 pieces","Storage & Organizers","crownsy",,,283,799,,3.3826,64.58072590738423,0.0018654179504963653,0.00144,0,0,0,94.33333333333334
"2026-04-01","OXRCPW6BYS",,"PrettyKrafts Large Laundry Basket (Jute, Multicolour)","1 Piece","Storage & Organizers","PrettyKrafts",,,760.8277270870351,1999,,64.46646,61.70552238183969,0.7758883154802225,0.64892,0.35036,0.48008,0,767.8988656430979
"2026-04-01","001JHE3G92",,"Joyo Medical Multi-Purpose Storage Boxes – Set of 3 (Small 402, Medium 502, Large 602)","3 pieces","Storage & Organizers","Joyo",,,851.2959112589735,1114,,10.32455,23.619286255594783,0.068944992926775,0.11345,0.00675,0.00759,0.00446,840.0271286796407
"2026-04-01","47AJIK9V22",,"HomeStrap Non Woven Foldable Single Saree Covers (Pack of 10, Multicolour)","10 pieces","Storage & Organizers","Homestrap",,,210.67335567490343,499,,7.66771,57.777983261745966,0.01481460197745649,0.01381,0.00057,0.00078,0,21.23632452115381
"2026-04-01","17H4O0CGMI",,"Mr Toolman Cable Tie (Cable Organizer, White)","1 pack","Storage & Organizers","Mr Toolman",,,138.1155609492988,149,,4.5525,7.304992651477309,0.0009137098343837449,0.00171,0.00027,0.00037,0,131.02432974211322
"2026-04-01","CQXWCJ7T7L",,"Lifelong Drench Dew Kids Raincoat for Boys and Girls (6-7 Years, Waterproof, Single-Layer PVC, Unisex Standard Length, Green)","1 Piece","Storage & Organizers","Lifelong",,,974.4878968253968,1997.1104956666668,,73.62097,53.87487016129266,0.03850434179429699,0.02311,,,,610.1845939763704
"2026-04-01","XGW9T9VHYH",,"Absorbia Classic Value (Set of 2, Dehumidifier for Wardrobes, Cupboards and Closets)","1.2 ltr","Storage & Organizers","Absorbia",,,345,458,,1.28821,24.67248908296943,0,0,0,0,0,28.749999999999996
"2026-04-01","IYHJR6393C",,"Kuber Industries 3 Inch Non-Woven Saree Storage Bag (Maroon)","6 pieces","Storage & Organizers","Kuber Industries",,,400.0584014939309,1799,,9.13658,77.76229076085862,0.033078117120497935,0.01605,0.00001,0.00002,0,66.56660358666988
"2026-04-01","63LCYVIVJM",,"DECATHLON Quechua Women Compact Rain Pant (Ankle Zip, Black, L)","1 Piece","Storage & Organizers","Decathlon",,,1699,1699,,20.63492,0,,,0.00001,0.00002,0,169900
"2026-04-01","QVC0H6VXCP",,"Kuber Industries 4-Shelf Non Woven Wardrobe Hanging Organizer (Grey)","1 Piece","Storage & Organizers","Kuber Industries",,,262.33950090693486,599,,16.26473,56.39728888272019,0.06556016902899081,0.05834,0.0056,0.00767,0,251.75405090244195
"2026-04-01","DBQ82DOJXA",,"Saaj Plastic Multipurpose Storage Organizer/Tray (23.5x8.5x5 cm, Green, Series 111)","1 Piece","Storage & Organizers","saaj",,,79.04825869766857,99,,10.64005,20.152339835438433,0.00453615432344019,0.00791,0.00626,0.00857,0,79.1739195389366
"2026-04-01","YGRLS39M5N",,"Kuber Industries 3-Replacement Non Woven Drawer Storage Organizer (Blue)","3 pieces","Storage & Organizers","Kuber Industries",,,384,999,,1.56035,61.56156156156156,0.015452342724260937,0.01298,0.00705,0.00879,0.00234,128
"2026-04-01","I3IL22ATMY",,"Kuber Industries 6-Pouch Satin Jewellery Storage Kit (Maroon)","1 Piece","Storage & Organizers","Kuber Industries",,,357.59102973765044,1199,,6.48386,70.19033535269105,0.029044520716697705,0.019,0.01037,0.01421,0,355.42154302303476
"2026-04-01","VK1DJ0N1V8",,"ZEEL Rain Knight Jacket for Men (Waterproof, Hooded, Polyester)","1 XL","Storage & Organizers","Zeel",,,860.8743218956009,895.3235249242424,,57.28514,3.8458359856462727,0.06430429955175812,0.1352,0.07069,0.09687,0,859.3718716500962
"2026-04-01","9EPEWUQD99",,"FENDO Rain, Dust Proof Protector for Backpacks (30 to 40L, Rain Cover for Bags with Storage Pouch, Rain Cover for School Bags, Black)","1 Piece","Storage & Organizers","Fendo",,,153,1199,,1.70568,87.2393661384487,0,0,,,,153
"2026-04-01","U39OUSWVCI",,"Seagate One Touch 1Tb External Hdd With Password Protection Black, For Windows&Mac, With 3Yr Data Recovery Services, 6M Mylio Create Plan & Dropbox Backup (Stky1000400)","1 Piece","Storage & Organizers","Seagate",,,5799,8174,,0.22567,29.05554196231955,0,0,0.0005,0.00069,0,5799
"2026-04-01","UD8Y304JWI",,"EVM 512GB M.2 NVMe 2280 SSD, 2000MB/s PCIe Gen3x4 – 5 Yr Wty (EVMNV/512GB) Black","1 pack","Storage & Organizers","EVM",,,8450.313868613139,10378.56204379562,,1.91867,18.579145810812996,0,0,0.00223,0.00306,0,8450.313868613139
"2026-04-01","1707ZT5ST5",,"Kuber Industries Rexine Travel Toiletry Bag with Strap (Black)","1 Piece","Storage & Organizers","Kuber Industries",,,246.6655642751281,499,,21.43562,50.65690636124717,0.02213303601698011,0.02259,0.035,0.00419,0.11823,239.84349409699834
"2026-04-01","ATYV8AYCV8",,"utilikart Sewing Needles","1 pack","Storage & Organizers","utilikart",,,30.758703779477194,39,,28.87481,21.087379739113693,0.005527962008750565,0.0095,0.04181,0.0573,0,30.705598998169922
"2026-04-01","EQHDRZ78JM",,"THE CLOWNFISH Raincoat for Kids Waterproof Double Coating Reversible Standard Length with Hood & Reflector Logo (Assorted)","1 pack","Storage & Organizers","The Clownfish",,,1085.6268846894043,1194.7009122535212,,28.6917,9.130673274820785,0.010147992723656797,0.02003,0.00713,0.00977,0,1083.093249743987
"2026-04-01","MPXXULOMIB",,"SATVIK Festaholic Charkhi (with Thread, for Kite)","1 Piece","Storage & Organizers","Satvik",,,408.65714285714284,449,,0.16482,8.985046134266625,0.0005242712234850387,0.00106,0.00362,0.00496,0,42160.16095066185
"2026-04-01","J616N550QO",,"ZEEL Outlander Rainsuit (Men, Polyester, Black, Size XL)","1 pieces","Storage & Organizers","Zeel",,,791.9176010145768,799,,55.66507,1.4575180944395634,0.028261440919962535,0.05912,0.04481,0.06139,0,76693.23838265649
"2026-04-01","6K02F2C154",,"Lifelong Drench Dew Kids Raincoat (8-9 Years, Waterproof, Single-Layer PVC, Unisex Standard Length, Green)","1 Piece","Storage & Organizers","Lifelong",,,1999,1999,,10.68182,0,0,0,,,,1998.9999999999998
"2026-04-01","7RAHNG3237",,"eCraftIndia Designer Wall Shelf (Single Compartment, Wooden, Leaf Shape, 24cm, Brown)","1 Piece","Storage & Organizers","Ecraftindia",,,154.58090641821633,599,,20.7417,74.40503572195863,0.033742123960663346,0.01601,0.05343,0.07315,0.00017,132.74311860855775
"2026-04-01","Q2M712PT58",,"Bathla Stomo Taro Multipurpose Shelf Organizer (Smoke)","2 pieces","Storage & Organizers","Bathla",,,844.313465189412,999,,11.38196,15.484137618677478,0.010396820181429756,0.01933,0.01119,0.00271,0.03408,424.81365913904534
"2026-04-01","IAPXAQ6AVS",,"Kuber Industries Rexine Shopping Bag with Handles (Grey)","1 Piece","Storage & Organizers","Kuber Industries",,,393.71578316870404,699,,24.29327,43.69554784566902,0.046715998115382795,0.0566,0.01652,0.02263,0,397.5330943838761
"2026-04-01","A14VVTLI4X",,"Oye Happy Fiftiya","1 Piece","Storage & Organizers","Oye Happy",,,399,399,,29.90654,0,0,0,,,,399
"2026-04-01","AFQ5QW6LML",,"Kuber Industries Non Woven Fabric Replacement Rectangular Storage and Cloth Box (Disney Mickey Print, Foldable & Space Saver, 42x29x22cm, Black, KUBMART16024)","1 Piece","Storage & Organizers","Kuber",,,235.32664132945823,458.49295774647885,,4.19501,48.67388094986166,0,0,0.00445,0.00265,0.00931,235.32664132945823
"2026-04-01","LF4ULR5S0Z",,"WD Elements 2TB External Hard Disk Drive (HDD) 5GB/s, USB 2.0,USB 3.0, Compatible with Windows 10, Wired - Black","1 unit","Storage & Organizers","Western Digital",,,9677.090782721998,13005.893506734694,,9.3582,25.594571586250343,0.06098549110195453,0.12485,0,0,0,9577.833528051133
"2026-04-01","I46VFUVG5T",,"SANDISK 64 GB Ultra USB 3.0 Pen Drive (Black)","1 unit","Storage & Organizers","SanDisk",,,1174.934660288208,1263.8639449999998,,45.9574,8.182168141930923,0.5978922814592234,1.16046,1.05816,1.44992,0,1169.1068261362527
"2026-04-01","6JP19AUYZ4",,"HomeStrap Non-woven Shoe Bag (Grey)","4 pieces","Storage & Organizers","Homestrap",,,171.55335423323976,349,,23.54113,51.194803419587146,0.09888676339268358,0.10297,0.19044,0.25079,0.02745,42.09508553622879
"2026-04-01","R4VUS1V6K4",,"CITIZEN 21"" Paper Print Umbrella (2 Fold, Auto Open, UV Protective, Multicolor)","1 Piece","Storage & Organizers","Citizen",,,256.25240203972083,899,,15.18442,71.49583959513672,0.0026238076194722184,0.00166,0.0017,0.00233,0,263.39308488112863
"2026-04-01","BTR3V3FI8J",,"Oye Happy Emergency Kit  (Potli Bag)","1 pack","Storage & Organizers","Oye Happy",,,387.9133333333333,999,,4.76907,61.16983650316984,0,0,0.00355,0.00487,0,387.9133333333333
"2026-04-01","E2P4S42SO1",,"Sun Brand 21.5"" Joya-4 Umbrella (3 Fold, Manual Open, Compact, UV Protective, Floral)","1 Piece","Storage & Organizers","Sun",,,439.32231282858993,545.4962085555555,,30.69684,19.467855106400144,0.021346278967174406,0.03723,0.03694,0.05061,0,439.2260517812733
"2026-04-01","J3QOVZVJ75",,"Kuber Industries Non Woven Coat Cover with Zip (Black)","1 Piece","Storage & Organizers","Kuber Industries",,,221.68203979662317,398.5338446666666,,10.74342,44.370698803534616,0.007219673528486355,0.00865,0.00028,0.00038,0,220.08386911560078
"2026-04-01","DXHAH3FRJD",,"Zeel Outlander Rainsuit For Men (Polyester, Black, XXL)","1 pieces","Storage & Organizers","Zeel",,,735.8152746678113,799,,61.44104,8.01725336423464,0.04834694740581019,0.09634,0.16918,0.23182,0,72856.54704154539
"2026-04-01","V1MYY9N58O",,"Bathla Stomo 3 Plastic Drawer Multi-Purpose Storage Organizer (61cm, Blue)","1 Piece","Storage & Organizers","Bathla",,,996,1999,,5.08703,50.17508754377189,0,0,0.00146,0.00008,0.00522,996.0000000000001
"2026-04-01","2V0D5RFIFE",,"SE7EN Reusable Raincard (Assorted Colour)","1 Piece","Storage & Organizers","Se7en",,,39,59,,52.00385,33.898305084745765,0.022345266051336774,0.03227,0.09008,0.12342,0.00001,39.00000000000001
"2026-04-01","XFZOU1GPWS",,"Lifelong Bathroom Shelf for Storage (Wall Mounted Washroom Rack with Hook, Double Layer Multipurpose, Rust & Scratch Proof, LLBATR03, Black)","1 Piece","Storage & Organizers","Lifelong",,,1125.8812868976636,1999,,13.20332,43.677774542388015,0.00116673986709446,0.00129,0.00856,0.01173,0,971.9876264654631
"2026-04-01","CITWHY34Y5",,"Joyo 3 Step Jaguar Corner Wall Mount Rack with Door (40cm, Assorted)","1 Piece","Storage & Organizers","Joyo",,,437.29166666666663,510,,2.29133,14.256535947712427,0,0,0,0,0,437.29166666666663
"2026-04-01","KU507HCEAT",,"DECATHLON Inesis Pocket Size Sun Protection Umbrella (UPF50+, Black)","1 Piece","Storage & Organizers","Inesis",,,823.7247367959577,899,,12.03428,8.432399266479987,0.029385979930390365,0.05917,0.00478,0.00655,0,828.140681043041
"2026-04-01","UJX0VGPLM3",,"Kuber Industries Non-woven Shopping Bag with Handle (Pink)","12 pieces","Storage & Organizers","Kuber Industries",,,288.1459295115947,349,,5.43279,17.42696096716599,0.01364733678849481,0.02448,0.02258,0.03095,0,23.908617932292792
"2026-04-01","BSLO71FM3F",,"Ddesh Handmade Jute Organizer Basket Set (6 Inches, White and Beige)","3 pieces","Storage & Organizers","ddesh",,,497.15206907773234,999,,21.83866,50.23502812034711,0.022933626542622595,0.02503,0.05768,0.07903,0,166.32222121780467
"2026-04-01","RF6HR30NBH",,"PrettyKrafts Toys storage Box Organizer (Jute, Grey)","1 Piece x 2","Storage & Organizers","PrettyKrafts",,,326.1562095776452,998,,16.33458,67.31901707638825,,,1.04727,0.40229,2.78938,326.1562095776452
"2026-04-01","P1OWODPINW",,"HOME ESSENTIALS Portable Pill Box (White)","1 Piece","Storage & Organizers","HomeEssentials",,,451.3362005144614,1999,,8.64447,77.4219009247393,0.008750986771431133,0.0041,0.03524,0.0364,0.03209,42930.43740170826
"2026-04-01","FN4YGATFTX",,"SE7EN 12"" Umbrella Hat (Hands Free, Elastic Headband, Foldable, Multicolour)","1 Piece","Storage & Organizers","Se7en",,,206.83195093457942,249,,52.79713,17.97885705319797,0.05611960975318958,0.09889,0.11293,0.15475,0,20076.98753300168
"2026-04-01","VXAAICJ9C1",,"Kuber Industries Non Woven Dress Organizer for Wardrobe (Gold)","8 pieces","Storage & Organizers","Kuber Industries",,,444.7009995087655,999,,7.71422,55.48538543455801,0.003790197271988532,0.00331,0.00558,0.00423,0.00923,53.39318089313259
"2026-04-01","BUA9R9JO87",,"Crownsy Blanket Storage Cover (Beige)","3 pieces","Storage & Organizers","crownsy",,,,,,0,,,,,,,
"2026-04-01","UU2RG9KO83",,"UrbanFix Plastic 7 Day Pill Organizer (Multicolour)","1 Piece","Storage & Organizers","Bulfyss",,,264.2521671727892,999,,64.64272,74.25758038932345,1.1850201925372525,0.6724,0.82246,1.08185,0.12185,256.31864925858724
"2026-04-01","UIMZP18B88",,"Atom A 301 Electronic Digital Hanging Stainless Steel Hook Luggage Portable Scale with LCD Display for Industrial Fishing Factory Use Capacity 50Kg (Color may Vary)","1 Piece","Storage & Organizers","Atom",,,799,799,,6.28971,0,0,0,0.00002,0.00002,0,79900
"2026-04-01","TBXM339UJS",,"HASHWOW Automatic Door Hinge Lock (Heavy Duty Self-Closing Spring Door Hinges For Multi-Functional Use)","1 pack","Storage & Organizers","HashWOW",,,312.6180745920746,699,,22.76034,55.2763841785301,0.006731999728417606,0.00652,0.02853,0.03909,0,310.01011948193525
"2026-04-01","T438Q7ENKT",,"utiliKart Buttons Set (36 pieces: 12 White, 12 Black, 12 Transparent)","1 pack","Storage & Organizers","utilikart",,,31.184063173007896,39,,18.05232,20.049783139347646,0.002373229088808527,0.00412,0.0107,0.01465,0,31.206792159412117
"2026-04-01","0BRSP27UWR",,"EVM EnSave Pro 512GB External SSD, 2000MB/s, USB-C – 10 Year Warranty (EPSSDPro/512GB) Black","1 pack","Storage & Organizers","EVM",,,12450,17795.296296319444,,1.84971,30.03769202440872,0,0,0.0044,0.00603,0,12450
"2026-04-01","H27T6G5TIM",,"Lifelong Men's Waterproof Raincoat Set with Hood (Navy Blue and Royal Blue Stripe, Reversible, Double Coated)","1 XXL","Storage & Organizers","Lifelong",,,969.4658941794794,2999,,69.82632,67.70606172776377,0.0586423804668666,0.03971,0.05157,0.07067,0,932.4357046721775
"2026-04-01","SWP7GGFGW6",,"Kuber Industries Microfiber Dish Dry Mat (38x50cm, Multicolour)","1 Piece","Storage & Organizers","Kuber",,,299.69933459327507,699,,5.08786,57.12455871340843,0.0035333148789182074,0.0033,0.00002,0.00002,0,299.05328141292625
"2026-04-01","FGYH9CAKW6",,"Crownsy Wardrobe Organizer Shirt Stacker (Grey)","2 pieces","Storage & Organizers","crownsy",,,212.20365064582356,499,,5.94999,57.46546398767587,0.005679079599220701,0.0049,0.00007,0.00009,0,122.2413335214177
"2026-04-01","U3UWK8GPJE",,"KK UMBRELLAS 30"" Straight Umbrella (Auto Open, Midnight Black)","1 Piece","Storage & Organizers","Kk Umbrellas",,,891.1266358024692,949,,59.48626,7.336851595015594,0.005538993767962174,0.00712,0.00355,0.00486,0,56410.01157503163
"2026-04-01","40M05Y2PUX",,"Kuber Industries Transparent Net Saree Covers With Zip|PVC Wardrobe Organizer For Clothes|Idol For Dresses, Suits, Baby Clothes|Pack of 2| 40 x 30 x 17 cm (Grey)","1 pack","Storage & Organizers","Kuber",,,328.55562865497075,389,,4.64533,15.538398803349418,0.0039169749492775005,0.00721,0.00001,0.00001,0,327.7528725158986
"2026-04-01","OV79VPF2VZ",,"Kuber Industries 4-Layer Plastic Drawer Storage Organiser (55L, Black & Grey)","1 Piece","Storage & Organizers","Kuber Industries",,,1178.4589947089946,5907.571428571428,,3.49543,80.05171822367673,0,0,0.00002,0.00003,0,1178.4589947089946
"2026-04-01","I48YAX83RC",,"Kuber Industries Non-Woven Foldable Storage Box (Black and Grey)","1 Piece","Storage & Organizers","Kuber Industries",,,291.45913238666867,317.36430173913044,,6.25489,8.167323554085387,0.006935124183742472,0.01363,0.00025,0.00034,0,285.34262070847143
"2026-04-01","L1Z2CUYIW7",,"Cheston Stackable Wardrobe Organizer (White) Pack of 1","1 Piece","Storage & Organizers","Cheston",,,700,999,,7.63889,29.92992992992993,0,0,0.00032,0.00044,0,700
"2026-04-01","8TOO1FN2GR",,"Senego 5-Ply CardBoard Box, Pack of 3","1 Piece","Storage & Organizers","Senego",,,639,699,,0.37964,8.583690987124463,0.003059999876553458,0.00577,,,,57984.745762711864
"2026-04-01","HDQ1IFVT6K",,"Kuber Industries 2-Compartment Non-Woven Clothes Organizer (Large, Grey)","1 Piece","Storage & Organizers","Kuber Industries",,,501.7476846417472,2099,,13.60349,76.09709818455778,0.06983698945731365,0.03643,0.00328,0.00218,0.00627,502.05269214413636
"2026-04-01","0ULYLVCB7C",,"CITIZEN 21"" Mono Umbrella (Silver, Lime Green)","1 Piece","Storage & Organizers","Citizen",,,210.48599893945033,796.5929823972602,,18.12656,73.58149700264757,0.03287674373806379,0.0188,0.0454,0.06221,0,210.10984562552315
"2026-04-01","D4VHB95I09",,"SE7EN Baby Shield Silicone Edge Guards","4 pieces","Storage & Organizers","Se7en",,,84.05084312723557,149,,10.52939,43.590038169640565,0.0036114127298448365,0.00445,0.0003,0.0004,0,21.048474098780783
"2026-04-01","ROCMKNRQVT",,"Kuber Industries Cotton Jewellery Organizer (Green)","1 Piece","Storage & Organizers","Kuber Industries",,,306.0116052172127,799,,3.74486,61.700675191838215,0.002797864264810938,0.00233,0.00019,0.00002,0.00066,307.8745478549582
"2026-04-01","W18N7TRBQN",,"Kuber Industries Non-Woven Foldable Wardrobe Organizer with Metal Frame (Brown)","2 pieces","Storage & Organizers","Kuber Industries",,,596.3901717764732,2499,,7.98724,76.13484706776818,0,0,0.00186,0.0025,0.00014,298.1950858882366
"2026-04-01","JK6O5P4G7R",,"Lifelong Table Top Foldable Board for Ironing (Portable, Compact and Space Saving, for Dorms, Laundry Rooms)","1 Piece","Storage & Organizers","Lifelong",,,1215.8790629001837,2103.469878952381,,55.31745,42.15405799083564,0.18316555140901694,0.22408,0.11434,0.15667,0,1182.0600209453828
"2026-04-01","AX38DWK6KK",,"CITIZEN Auto Open Auto Close Umbrella (3 Fold, Mechanical Lock, Spider-Man, Red)","1 Piece","Storage & Organizers","Citizen",,,823.6725870930381,1498.0138043809525,,57.25554,45.05469497367203,0.09274627608675509,0.11034,0.12876,0.17643,0,816.1361073469556
"2026-04-01","TMS011Q83A",,"Kuber Industries 3-Layer Plastic Kitchen Storage Basket Rack (Grey)","1 Piece","Storage & Organizers","Kuber Industries",,,335.87799508942936,599.0045110833333,,51.43687,47.67750840809818,1.6512451007674296,1.88138,2.0472,2.35429,1.21775,313.27609668445007
"2026-04-01","BLVP94BUH4",,"Casacraft By Pepperfry Cubical Engineered Wood Wall Shelf (Cream)","1 Piece","Storage & Organizers","Casacraft by Pepperfry",,,2339,3999,,13.96589,41.5103775943986,0,0,0.00001,0,0.00003,2339
"2026-04-01","5F8351SNUC",,"Boldfit Shoe Cover Bag Organizer (Black)","6 pieces","Storage & Organizers","Boldfit",,,196.4327476937465,599,,82.5855,67.2252645592403,4.476776317251926,3.20639,3.63707,4.78418,0.53864,32.72007601786249
"2026-04-01","JIPPB5UL6G",,"SE7EN Three Times Pill Organizer For Whole Week","1 Piece","Storage & Organizers","Se7en",,,239,239,,3.38888,0,0.0015346402814371677,0.00335,0.0008,0.0011,0,23900
"2026-04-01","XCETNYD9IP",,"KK UMBRELLAS 17"" Kids Ear Umbrella (Automatic Open, Assorted Colours)","1 Piece","Storage & Organizers","Kk Umbrellas",,,243.30769230769232,299,,2.02616,18.626189863648058,0,0,0.00324,0.00445,0,24330.76923076923
"2026-04-01","6FTKCFAFMF",,"Crownsy Non-Woven Storage Organizer with Lid (Purple)","1 Piece","Storage & Organizers","crownsy",,,150.39494195688223,499,,5.29237,69.8607330747731,0.0029122093245757116,0.00193,0.00001,0.00001,0,150.5304075916507
"2026-04-01","2630NI3SXP",,"Ddesh Handmade Jute Organizer Basket Set (Lavender)","3 pieces","Storage & Organizers","ddesh",,,586.8649777439239,999,,21.90252,41.27568993127639,0.03586109726573765,0.04637,0.00591,0.00809,0,195.5875053193554
"2026-04-01","1QOYU82G08",,"Kuber Industries Woven Underbed Storage Bag (Black)","1 Piece","Storage & Organizers","Kuber Industries",,,102.48327823257625,299,,13.54698,65.66263877337467,0.018764321989790674,0.01411,0.00185,0.00252,0.00004,107.37437442298952
"2026-04-01","RIU9RN5DKE",,"Rusabl Shoe Bag (Cover Organiser, Grey)","6 pieces","Storage & Organizers","Rusabl",,,162,599,,0.05762,72.95492487479132,0,0,0.00004,0.00005,0,27
"2026-04-01","74GYJI39OD",,"Kuber Industries Saree Storage Bag with Zip (White)","6 pieces","Storage & Organizers","Kuber Industries",,,389.59962584164276,1799,,18.08236,78.40076369189528,0.40690521276917574,0.18841,0.19471,0.14587,0.32662,64.45407544551682
"2026-04-01","L4SW8JC0SG",,"Lifelong Plastic 3-Tier Stackable Storage Organiser (White)","1 Piece","Storage & Organizers","Lifelong",,,997.5898163362682,1699,,12.27839,41.359734435493806,0.25859319128456937,0.33013,0.35387,0.48488,0,99353.7952288144
"2026-04-01","JPD82FTE66",,"Wildcraft Hypadry 2 Tone Rain Cheater Suit (Lime and Navy)","1 pack","Storage & Organizers","Wildcraft",,,2172.4039857553757,2999,,32.52794,27.566073133132907,0.07177017392868135,0.11347,0.01072,0.0147,0,2169.9963117878874
"2026-04-01","B47DYJH4HH",,"Kuber Industries Non-Woven Shopping Bags (Large, Purple)","10 pieces","Storage & Organizers","Kuber Industries",,,401.8121502487141,1699,,16.33658,76.34309240178379,0.05535474111451803,0.02786,0.10511,0.14402,0,42.339519302366966
"2026-04-01","WWE1MB1W0S",,"Ikea Knipsa basket 32x33x32 seagrass AP CN","1 Piece","Storage & Organizers","IKEA",,,1794.9834338532226,2064,,20.85362,13.031987264141222,0.0542132166970501,0.10308,0.01905,0.02611,0,1795.9100794454446
"2026-04-01","8PYJFU56Z1",,"Godrej Locks Sherlock Pro Padlock with 3 Keys (40mm, Premium Solid Brass Lock, Self-Locking Shackle, Double Locking, Suitable for Doors, Travel Bags)","1 pack","Storage & Organizers","Godrej Locks",,,549.3475308641976,649.5230514444444,,13.31392,15.422935391972787,0.006535179135499378,0.01208,0.02724,0.03733,0,549.1210693543823
"2026-04-01","X05PROI2HV",,"Kuber Industries Foldable Storage Box with Handle (Pack of 6, Black)","6 pieces","Storage & Organizers","Kuber Industries",,,815.3812230919392,2154.7934480676327,,28.57368,62.07317226728505,0.15439822553092208,0.13197,0.33072,0.18187,0.73279,134.4692616278274
"2026-04-01","BWH3K2K4EE",,"SE7EN Safe Edge Soft Silicon Corner Protector","4 pieces","Storage & Organizers","Se7en",,,88.458663003663,149,,12.44656,40.63176979619933,0.0020011260995280644,0.00256,0.00009,0.00013,0,21.915845559823293
"2026-04-01","26NSC00IWM",,"Dr. Bio Zorbit Moisture Absorber and Air Freshner with Lavendar Fragrance, All Purpose Dehumidifier, Removes Damp Smell, Lasts Long, Resuable","1 Piece","Storage & Organizers","Dr. Bio",,,499,499,,0.83179,0,,,0,0,0,49900
"2026-04-01","GHCXKD7C46",,"Kuber Industries Non Woven Carry Bags with Handles (Pink)","12 pieces","Storage & Organizers","Kuber Industries",,,295.57011703548346,599,,16.55379,50.654845123698216,0.012835889610929789,0.01381,0.00402,0.00551,0,24.734956909589762
"2026-04-01","278SRD3S3S",,"Nestasia Accessories Storage Pouch (Portable, Black)","2 pieces","Storage & Organizers","Nestasia",,,1041.063025210084,1530,,7.70775,31.956665018948755,0,0,0.02267,0,0.08391,520.531512605042
"2026-04-01","VT24ZYP2SZ",,"Kuber Industries 4-Tier Plastic Drawers Storage Organizer (Multicolour)","1 Piece","Storage & Organizers","Kuber Industries",,,1346.4778911564626,3999,,10.83528,66.32963512987091,0,0,0.00006,0.00009,0,1346.4778911564626
"2026-04-01","MP5RHN7JP0",,"INESIS Waterproof Umbrella (Auto Open, UV Protection, UPF50+, Black)","1 Piece","Storage & Organizers","Inesis",,,1138.1462499922538,1397.8872352499998,,74.59609,18.70436963896623,0.945450657137591,1.6807,0.72727,0.99653,0,1137.0847368805612
"2026-04-01","XLSIHOVH4Q",,"Kuber Industries Non Woven Clothes Organizer with Zip (Beige)","6 pieces","Storage & Organizers","Kuber Industries",,,356.8164601333132,799,,21.36199,55.48379878393968,0.22291368027760058,0.21519,0.11055,0.08068,0.19125,59.6175074926673
"2026-04-01","4PA8K6UGCU",,"Rusabl Cotton Saree Cover with button (White)","6 pieces","Storage & Organizers","Rusabl",,,363.8723817567568,899,,4.68943,59.52476287466554,0.002623807619472218,0.00254,0.00001,0.00001,0,65.97242982830005
"2026-04-01","1E37YYENYJ",,"LIFELONG Men's Raincoat Set (Waterproof, Polyester, Double-Coated, Reversible, Black and Red Stripe)","1 XXL","Storage & Organizers","Lifelong",,,1172.2393159309952,3499,,76.85932,66.49524719576405,0.08475683091550311,0.06175,0.0005,0.00068,0,1191.8392323765013
"2026-04-01","RT7SBS0W95",,"SANDISK 128 GB Ultra Dual Drive Go, Type C (Black)","1 unit","Storage & Organizers","SanDisk",,,2401.91204419943,2823.8448228870293,,45.19276,14.88095956106803,0.3468339568234721,0.65892,0.63265,0.54383,0.87257,2420.799736513692
"2026-04-01","S7MPE77RDA",,"Awestuffs First Aid Kit Emergency Bag (Portable Emergency Kit Bag Travel Survival Kit Empty, Red)","1 Piece","Storage & Organizers","Awestuffs",,,295.43414350664887,500,,8.30197,41.036815017641345,0.02258323685718721,0.02869,0.00426,0.00584,0,288.9611618733545
"2026-04-01","AK16W5OP4W",,"Kuber Industries Non-Woven Foldable Drawer Organizer (Black)","6 pieces","Storage & Organizers","Kuber Industries",,,513.4138286449001,2199,,23.41617,76.7380699433237,0.32610825808877286,0.15621,0.02554,0.035,0,82.11005818845257
"2026-04-01","0LLD9YVHNI",,"Sun Juliet 1 21.5"" Umbrella (3 Fold, Auto Open, UV Protective)","1 Piece","Storage & Organizers","Sun",,,568.8070732914691,619.9148932857144,,15.66858,8.237861239816665,0.012629613224401611,0.0255,0.02255,0.0309,0,575.8246563067672
"2026-04-01","FI3KKIGZHW",,"Fendo 23.5"" Umbrella (3 Fold, For Men and Women, Navy & Silver)","1 Piece","Storage & Organizers","Fendo",,,503.7487440498526,798.8442503333333,,56.33955,34.407908466463205,0.4613003659395728,0.68927,0.14881,0.2039,0,535.6499753663905
"2026-04-01","7UX2HT361I",,"Kuber Industries 6-Compartment Fabric Hanging Handbag Organizer (Grey)","1 Piece","Storage & Organizers","Kuber Industries",,,301.72334723793364,599,,11.74301,49.62882349951024,0.015909547856030958,0.01738,0.00038,0.00052,0,304.6911505544927
"2026-04-01","R6SAYOH49Z",,"Robustt Umbrella Cap (Hat Headwear, for Men & Women, Outdoor Sun Rain Protection)","1 Piece","Storage & Organizers","Robustt",,,141,699,,9.43339,79.8283261802575,0.004283999827174841,0.00189,0.00149,0.00205,0,14100
"2026-04-01","GJIMIQF1RI",,"SE7EN Silicon Iron Rest Pad","1 Piece","Storage & Organizers","Se7en",,,217,219,,18.36243,0.9132420091324293,0.0024287380994447187,0.00526,0.00002,0.00003,0,21700
"2026-04-01","FT1RRLOLBY",,"SANDISK Extreme Pro 256GB microSDXC UHS-I, V30, 200MB/s Read, 140MB/s Write, Memory Card for 4K Video on Smartphones, Action Cams and Drones","1 Piece","Storage & Organizers","SanDisk",,,7858.210306609556,10207.278795447153,,10.84198,23.013660505534286,0.04552789515902141,0.08453,0.00095,0.0013,0,7244.599353119299
"2026-04-01","G3Z7IR2NGM",,"Kuber Industries Clothes Organizer for Wardrobe with Zip (Cream)","10 pieces","Storage & Organizers","Kuber Industries",,,478.00634558871974,1199,,9.76473,60.13285043092582,0.042510096139134576,0.03703,0.00438,0.00345,0.00691,47.80255691650516
"2026-04-01","9QX8KKXG2H",,"Awestuffs Watch Storage Organizer (3 Compartment, Black)","1 Piece","Storage & Organizers","Awestuffs",,,412.0827193711183,1000,,45.77345,58.78404917776088,0.12090895649568033,0.1086,0.03317,0.04545,0,414.0152468541677
"2026-04-01","P6I2D93F5T",,"Kuber Industries 3-Layer Foldable Shoe Rack (White)","1 Piece","Storage & Organizers","Kuber Industries",,,999.8352028686832,4516.275231299436,,15.61342,77.86150861799874,0.07353017729115567,0.03589,0.07009,0.08254,0.03646,1003.4250507818983
"2026-04-01","XRBPJOUQFC",,"House of Quirk Zippered Washbag/Cosmetic Bag/Toiletry Bag (Toiletries and cosmetics, PVC, White)","1 Piece","Storage & Organizers","House of Quirk",,,899,899,,20,0,0,0,,,,899
"2026-04-01","TDTZW98F9E",,"Wildcraft Hypadry 2 Tone Rain Cheater Suit (Black and Red)","1 pack","Storage & Organizers","Wildcraft",,,1352.5171812996032,1799,,20.43871,24.895520680566964,0.06825384445680323,0.11056,0.01788,0.0245,0,1335.9541005235205
"2026-04-01","78ZO1KI4J0",,"Casacraft By Pepperfry Engineered Wood Wall Shelf (Wenge Grey)","1 Piece","Storage & Organizers","Casacraft by Pepperfry",,,3162.0607376857374,4829,,15.57405,34.519346910628755,0.028186845214817374,0.04001,0.01226,0.01634,0.00122,3137.2285070544
"2026-04-01","4FGOTO3J0L",,"Kuber Industries Saree Cover (Pack of 4, Dress Packing Bags with Zip, Saree Pouches for Storage, Clothes Organizer for Wardrobe, Silver Lace, Transparent)","4 pieces","Storage & Organizers","Kuber",,,583.6423388070242,1419,,7.50145,58.87170488825196,0.010767347205108562,0.00949,0.00209,0.00286,0,143.0891718784756
"2026-04-01","E15F0907LI",,"Zulaxy Self Adhesive Wall Shelf (Rectangular, for Bathroom and Kitchen, Metal, Black)","1 pack","Storage & Organizers","Zulaxy",,,451.1481089803735,1299,,21.64272,65.19776366179286,0.2976156755472339,0.22954,0.06804,0.09323,0,457.0438972299788
"2026-04-01","YF047VZUGT",,"EVM EnStore 2.0 64GB Metal USB Flash Drive, Fast & Durable – 10 Yr Wty (EVMPD/64GB) Silver","1 pack","Storage & Organizers","EVM",,,664.0571231896851,2185.0221844782614,,18.40965,69.25130912366932,0.9119114825249636,0.61717,1.81151,1.48868,2.68349,682.8226926868441
"2026-04-01","LJA2URKJ0R",,"Lifelong Waterproof Unisex Raincoat (Hooded Full Sleeves Outdoor Poncho for Men, Women, Durable PVC Rainwear, Yellow, Freesize)","1 pack","Storage & Organizers","Lifelong",,,179,599,,17.36193,70.11686143572621,0,0,,,,179
"2026-04-01","00Q94C5WHU",,"Absorbia Sachet (Set of 3, Dehumidifier for Bags, Suitcases and Drawers)","3 pieces","Storage & Organizers","Absorbia",,,369,417,,0.82988,11.510791366906474,0,0,,,,369
"2026-04-01","3HAD4YXP6D",,"ROBUSTT 24"" Multicolor Umbrella (Manual Open, UV Protective, Multicolor)","1 Piece","Storage & Organizers","Robustt",,,523.7544345052354,999,,15.68434,47.57212867815461,0.003790197271988532,0.0043,0.00772,0.00187,0.02353,51904.8707118672
"2026-04-01","COGGZ1VUHW",,"Kuber Industries Non Woven Clothes Organizer (Maroon)","3 pieces","Storage & Organizers","Kuber Industries",,,201.32536619288035,498.0014017948718,,10.9213,59.5471762680348,0.05372974547191912,0.04646,0.0204,0.01609,0.03205,67.99519823734602
"2026-04-01","HAM7FGGRVH",,"Kuber Industries Non Woven Clothes Organizer with Zip (Maroon)","6 pieces","Storage & Organizers","Kuber Industries",,,392.7525986975987,1199,,21.99518,67.23340732745442,0.2359695046436063,0.16916,0.05157,0.04532,0.06845,65.56294419542286
"2026-04-01","M96331PVQB",,"Kuber Industries 3-Layer Metal Storage Trolley with Wheels (Black)","1 Piece","Storage & Organizers","Kuber Industries",,,2023.7739943297254,8929.022797085427,,12.29107,77.33487705966755,0.042021546802620456,0.02373,0.00448,0.00614,0,2268.0707170772116
"2026-04-01","2TG7IJQ6HU",,"Kuber Industries Multi-Purpose Storage Organizer Set (Transparent)","16 pieces","Storage & Organizers","Kuber Industries",,,917.4303248918164,4899,,31.44745,81.25670787919586,0.33982318629085,0.13872,0.08272,0.11098,0.0064,57.85168413480459
"2026-04-01","F5NKCMW2LD",,"Awestuffs Portable Cosmetic Toiletry Pouch (Pink)","1 Piece","Storage & Organizers","Awestuffs",,,379.70444630444626,1000,,16.91071,62.061187178129686,0.08511492532165774,0.06846,0.03777,0.05176,0,370.0570708307866
"2026-04-01","PQ2OFO0QNC",,"Kuber Industries Canvas Shopping Bags/Carry Bag and Thela for Grocery , Sabji , Travelling (Red)","1 Piece","Storage & Organizers","Kuber Industries",,,188.6965172083458,499.00655718487394,,23.49644,62.138457405965234,0.04208195881735071,0.03445,0.04504,0.06171,0,194.2004979308401
"2026-04-01","0UM6LJS1L9",,"Awestuffs Hanging Foldable PU Leather Sunglasses and Watch Organizer (3 Slots, Black)","1 Piece","Storage & Organizers","Awestuffs",,,473.4427112929456,750,,44.07554,36.872764678970505,0.019261801798047515,0.02758,0.02951,0.04044,0,475.98647338520107
"2026-04-01","O6Y841J7BU",,"SANDISK Extreme Portable 2TB, 1050MB/s R, 1000MB/s W, 3mtr Drop Protection, IP65 Water/dust Resistance External SSD, Black Color","1 unit","Storage & Organizers","SanDisk",,,33452.35573833722,33577.266107916665,,30.78814,0.3708038203976602,0.6253084794948298,1.36643,,,,31359.263339170837
"2026-04-01","6M4DC6XU4M",,"PrettyKrafts Clothes Hanging Organizer (4 Compartments, Beige)","1 Piece x 2","Storage & Organizers","PrettyKrafts",,,575.4876318377634,1998,,15.57588,71.19681522333516,,,0.48896,0.66999,0,575.4876318377634
"2026-04-01","PDGYZ4Y2XF",,"SE7EN Grocery Shopping Bag (20x12 cm, Multicolour)","1 Piece","Storage & Organizers","Se7en",,,129.50605589525995,199,,63.93747,35.49686481002917,0.13813986395505737,0.19407,1.174,1.60845,0.00052,128.1433926878435
"2026-04-01","BHOFXOATTZ",,"Bathla Stomo Dori Multi-Purpose Stackable Drawer Organizer (26 cm, Ash Grey)","4 pieces","Storage & Organizers","Bathla",,,367.8855942831516,499,,12.97324,26.284487116224522,0.034802923917868545,0.05555,0.01093,0.00058,0.03887,91.30521842354496
"2026-04-01","4AV5Z0QBU0",,"HomeStrap Portable First Aid Kit Bag (Red)","1 Piece","Storage & Organizers","Homestrap",,,288.21195078527705,449,,35.39622,35.835169773885575,0.09064779033450235,0.12714,0.27122,0.3706,0.00279,288.2213267216246
"2026-04-01","YH72BTWNEA",,"CITIZEN Kids Raincoat for Boys (Lightweight, Waterproof)","1 XXL","Storage & Organizers","Citizen",,,376.02289696564225,599,,55.53004,37.22489199238026,0.0075168305980435075,0.01028,0.00742,0.01017,0,377.92044477468824
"2026-04-01","90JS7QV4P5",,"SE7EN US Size 4-10 Silicon Waterproof Shoe Cover","1 Pair","Storage & Organizers","Se7en",,,176.04325396825396,299,,7.71904,41.14369806811862,0.0035784925594990833,0.00546,0.02678,0.03669,0,205.9866427019758
"2026-04-01","F8UDXQKA1U",,"SUN BRAND 23"" Checks Print Umbrella (2 Fold, Auto Open, UV Protective, Steel Blue)","1 Piece","Storage & Organizers","Sun",,,450.5066931044417,574.7501794444444,,72.68479,21.632287233341646,0.05219195325927863,0.08925,0.01359,0.01862,0,450.3854180126185
"2026-04-01","8X7YX972RW",,"Godrej Security Solutions MYST Locker Metal Book Safe with 3-Digit Lock Hidden Book Design, Assorted Cover, Small Size","1 Piece","Storage & Organizers","Godrej Security Solutions",,,920.1016122004357,999,,9.76229,7.903239446342899,0.023324466011833887,0.04673,0.01071,0.01468,0,91592.2624509534
"2026-04-01","TDNQ2CEDY7",,"Robustt Unisex Rain Card Disposable Waterproof (Free Size, Assorted, for Emergency Use)","1 Piece","Storage & Organizers","Robustt",,,48.444802310585445,99,,20.78646,51.227908826688996,0.014186317024261996,0.01485,0.02545,0.02183,0.03523,48.09404861582119
"2026-04-01","ZBSH51RDYO",,"Kuber Industries Foldable Boxes For Storage - Multipurpose Storage Organizer Basket For Clothes | Wardrobe | Closet | Toys | Books | Socks - Undergarment Organizer With Handle (Black)","6 pieces","Storage & Organizers","Kuber",,,799,1999,,1.59598,60.03001500750375,0,0,0.00023,0.00031,0,133.1666666666667
"2026-04-01","HTHVT3YF59",,"SANDISK Ultra Curve 128GB, USB 3.2, Flash Drive, 100MB/s R, Pendrive, Green (SDCZ550-128G-I35G)","1 unit","Storage & Organizers","SanDisk",,,2329.3158886256306,2600,,14.82614,10.410927360552668,0.018211508278186708,0.0283,0.13075,0.07132,0.2913,1856.1857789632038
"2026-04-01","LLX74TCI52",,"Lifelong Ladies Designer Raincoat (Polka Dot Print, Knee Length, Lightweight PVC, Waterproof, Purple)","1 XL","Storage & Organizers","Lifelong",,,708.5442882249962,1985.6455874166668,,44.65603,64.31667903299825,0,0,0.00567,0.00777,0,708.5442882249962
"2026-04-01","B73KO865X4",,"Kuber Industries Storage Bag with Handle (Grey and Black)","2 pieces","Storage & Organizers","Kuber Industries",,,612.003486401725,1399,,18.77965,56.28880216032583,0.3034094504207975,0.28544,0.11114,0.08655,0.17755,304.81497878928576
"2026-04-01","Y5HROLZ8V0",,"Joyo Plastic Multipurpose Storage Basket (Assorted)","1 Piece","Storage & Organizers","Joyo",,,235,493,,10.32594,52.332657200811354,0.038769629337242824,0.04038,0.00995,0.01363,0,235
"2026-04-01","SQQXCFHA6X",,"Nayasa Plastic Corner Rack Mega (Cream)","1 Piece","Storage & Organizers","Nayasa",,,459.8545299260306,875,,4.82971,47.44519657988222,0.009448789318387671,0.01067,0.00381,0.00522,0,467.2694089744911
"2026-04-01","LWN5LBDSB8",,"Bathla Arize 5 Steps Foldable Aluminium Ladder For Home, 170 cms","1 Piece","Storage & Organizers","Bathla",,,7999,7999,,1.61812,0,0,0,0,0,0,7998.999999999999
"2026-04-01","48NC60K3I0",,"Kuber Industries 9 Inch Non-Woven Saree Storage Bag (White)","3 pieces","Storage & Organizers","Kuber Industries",,,234.97427512628377,899,,12.62275,73.8645731513055,0.0636704111653133,0.03645,0.01631,0.01101,0.03062,78.52174894717582
"2026-04-01","3QM1M7XUI8",,"HomeStrap Underbed Storage Organizer (Pack of 2, Non Woven Fabric, Grey)","2 pieces","Storage & Organizers","Homestrap",,,205.21721061131024,499,,7.45478,58.957811201236616,0.12792900771462332,0.11196,0.01671,0.0229,0,102.78797615658374
"2026-04-01","VJBJIRLZJ3",,"CozyKare Medicine/Supplement Storage Box (8 Compartments, Cream)","1 Piece","Storage & Organizers","hausen",,,202.96837092111912,499,,29.8788,59.3179991017223,0.07841356936882794,0.06832,0.0437,0.05988,0,203.15497486659987
"2026-04-01","1KTTIMWLWD",,"TIED RIBBONS Socks Bra Panty Tie Organizer for Wardrobe (30x30 cm, Beige)","2 pieces","Storage & Organizers","Tied Ribbons",,,396.410149650599,1199,,4.72651,66.98400279567757,0.031742223612158796,0.02159,0.00001,0.00002,0,196.0512295689258
"2026-04-01","NQJGQ15K0O",,"HP USB 2.0 Flash Drive 128Gb (V236W)","1 Piece","Storage & Organizers","HP",,,1214.5352879261989,5715.7127158798285,,20.55837,78.74165386734188,0.374816276724652,0.17725,0.04238,0.05808,0,1244.3550312717055
"2026-04-01","9FUGBF8KYP",,"EVM Nano Plus 64GB Type-C OTG Pendrive, 120MB/s, Shockproof – 10 Yr Wty (EEPOT/64GB) Silver","1 pack","Storage & Organizers","EVM",,,1320.1430461477519,3451.1584349673203,,11.07973,61.74758893738076,0.047994806647484074,0.03789,0.11307,0.02472,0.35172,1263.8216502528182
"2026-04-01","SU4HXYVYJ6",,"Kuber Industries Potli Bags (7 x 9 Inches, Cream)","8 pieces","Storage & Organizers","Kuber Industries",,,617.4303044152214,2499,,20.76116,75.2929049853853,0.05178185198826928,0.03443,0.00053,0.00073,0,77.86858844406245
"2026-04-01","0BQ61LWOHK",,"Nestasia PVC Travel Bag Kit (4 Different Sizes, Pink and Transparent)","4 pieces","Storage & Organizers","Nestasia",,,1027.8335201652903,1530.0241429357798,,15.63837,32.825533965773566,0.05172546744118772,0.07525,0.23265,0.03142,0.77617,254.60221586720186
"2026-04-01","W9NHK8PO5H",,"Stainoff Stain Remover Wipes (5 Wipes, for Tough Stains Like Tea, Curry, Mud Stains)","1 pack","Storage & Organizers","Stainoff",,,34.248034746710246,40.81986430463576,,19.87232,16.067693264355693,0.0019407140847978242,0.00354,0.00001,0.00002,0,34.032052962977524
"2026-04-01","943I1UYQBX",,"HP USB 2.0 Flash Drive 128Gb V150W-Blue","1 Piece","Storage & Organizers","HP",,,1223.9412590420334,5401.973566292683,,18.41064,77.3720351793746,0.22628502091412614,0.10512,0.11354,0.05301,0.27701,1169.0870361623242
"2026-04-01","8NAY3UMSMD",,"HomeStrap Plastic Multi-Functional Small Basket (Brown)","1 Piece","Storage & Organizers","Homestrap",,,200,299,,6.38365,33.11036789297659,0.016057513515297776,0.02347,0.00539,0.00738,0,19999.999999999996
"2026-04-01","ZOZ5IGLDK6",,"Ikea Sandlöpere Box (33x38x33cm, Cheetah)","1 Piece","Storage & Organizers","IKEA",,,369,478,,3.55542,22.803347280334727,0.010880641621138897,0.01826,0.00797,0.01093,0,368.99999999999994
"2026-04-01","WK0UFMPA0F",,"PrettyKrafts Single Saree Cover Cloth Organizer (1 Compartment, Non Woven Fabric, Blue)","1 pack x 2","Storage & Organizers","PrettyKrafts",,,317.1481481481481,998,,1.32337,68.22162844206933,,,0.05106,0.06996,0,317.1481481481481
"2026-04-01","GKYZ9YFWJR",,"Saaj Plastic Multipurpose Storage Organizer/Tray (29x23x6.5 cm, Blue, Series 222)","1 Piece","Storage & Organizers","saaj",,,84,175,,16.55992,51.99999999999999,0.011896439005052292,0.01248,0.05295,0.07256,0,84
"2026-04-01","AGK8P33FF0",,"MOKOBARA The Em City Umbrella (Sunnyside Yellow)","1 pack","Storage & Organizers","Mokobara",,,3845.7342155441825,3999,,46.21046,3.8315909606142173,0.04785069334857686,0.10054,0.01722,0.02335,0.00066,3844.9584862925517
"2026-04-01","9GW711MX26",,"SANDISK 32 GB Cruzer Blade 2.0 USB Flash Pen Drive,Shockproof (Black)","1 unit","Storage & Organizers","SanDisk",,,607.6923076923077,607.6923076923077,,1.78292,0,0,0,,,,607.6923076923077
"2026-04-01","BSWMY6NQ2E",,"CITIZEN 21"" Mono Umbrella (3 Fold, Auto Open, UV Protective, Silver and Sky Blue)","1 Piece","Storage & Organizers","Citizen",,,348.2193643754619,999,,36.12446,65.18707031629498,0.06793199725948676,0.05126,0.05839,0.08001,0,344.94849647449246
"2026-04-01","Y8LDU1VI5V",,"Kuber Industries 7-Pocket Cotton Jewellery Storage Bag (Green)","1 Piece","Storage & Organizers","Kuber Industries",,,182,499,,7.6368,63.52705410821643,0.0033494522253913897,0.00267,0.00282,0.00036,0.00948,181.99999999999997
"2026-04-01","T18APSA2XF",,"Encasa XO Cotton Bathmat (80x50cm, Blue)","1 Piece","Storage & Organizers","Encasa XO",,,1350,1350,,32.98347,0,0,0,0.00001,0.00002,0,1350
"2026-04-01","MFMZX5FIKP",,"Samsung T7 Shield 1TB Portable SSD | USB 3.2 Gen2 | 1050MB/s | IP65 rugged design | For content creators, gamers | Mac compatible | Black","1 unit","Storage & Organizers","Samsung",,,17859.596059342788,28449,,23.80931,37.22336773388656,0.45100335691291465,0.66999,0.00017,0.00023,0,17987.17695869811
"2026-04-01","29TOLVJFTA",,"Kuber Industries Plastic Multiple Drawer Organizer (Clear, 8U Small, 8U Medium, 6U Large, 3U XL)","25 pieces","Storage & Organizers","Kuber Industries",,,1392.765542818367,2999,,20.84285,53.55900157324552,0.03150985623955871,0.03257,0.00122,0.00153,0.0004,56.7910191418346
"2026-04-01","54TN5B0UCV",,"Kuber Industries Non Woven Saree Cover (Cloth Packing Bags with Zip, Maroon)","12 pieces","Storage & Organizers","Kuber",,,777.8467768059604,2019,,6.45985,61.473661376624044,0.005892360277311808,0.00495,0.00195,0.00267,0,64.34237244817182
"2026-04-01","QRCXE3DTFW",,"Ikea Vesken N trolley 54x18x71 white AP","1 Piece","Storage & Organizers","IKEA",,,1479.5191708567484,1518,,6.49818,2.5349689817688756,0.0013290643240652788,0.00286,0.00622,0.00853,0,1492.2879069727273
"2026-04-01","FYTVKQLMNI",,"KK UMBRELLAS 10"" Heart Umbrella (3 Fold, P/S, Multicolor)","1 Piece","Storage & Organizers","Kk Umbrellas",,,267.8943137227318,549,,39.34043,51.2764501829891,0.08886940070667534,0.09436,0.28277,0.38745,0,266.95049201944585
"2026-04-01","QNVM3UP53Z",,"SANDISK 2TB Portable SSD, 800MB/s R, USB 3.2 Gen 2, Rugged SSD with Upto 2 Meter Drop Protection External SSD (SDSSDE30-2T00-G26)","1 unit","Storage & Organizers","SanDisk",,,26268.69130824373,30011.872759919355,,1.47951,12.472335470762816,0.06449779310618398,0.09726,0.03594,0.03512,0.03816,25153.753662457675
"2026-04-01","WBY9K9KHMU",,"SANDISK Ultra Curve 64GB, USB 3.2, Flash Drive, 100MB/s R, Pendrive, Green (SDCZ550-064G-I35G)","1 unit","Storage & Organizers","SanDisk",,,1449.889247424116,1600,,16.08575,9.381922035992742,0.018210807849030414,0.03521,0.10659,0.0483,0.26402,1402.4283705314313
"2026-04-01","SW9CHCZFZZ",,"Crownsy Collar Print Non Woven Shirt Cover (Grey)","2 pieces","Storage & Organizers","crownsy",,,85,299,,2.54674,71.57190635451505,0,0,0,0,0,42.5
"2026-04-01","PYSUPKS2VS",,"Kuber Industries Clothes Organizer for Wardrobe with Zip (Maroon)","6 pieces","Storage & Organizers","Kuber Industries",,,381.56482920761323,938,,16.59766,59.471531914194905,0.06145985674805372,0.05077,0.02921,0.03926,0.00206,59.11780162224586
"2026-04-01","SZCX66QX2D",,"Kuber Industries Non-Woven Foldable Trunk Organizer (Black)","1 Piece","Storage & Organizers","Kuber Industries",,,291.8257543611504,599,,6.66616,51.264604963363205,0.01118953087906395,0.01193,0.0003,0.00035,0.00016,292.1699430505697
"2026-04-01","ROZ7E54DKQ",,"KK UMBRELLAS Classic Bs Umbrella (3 Fold, Manual Open, UV Protective, Black)","1 Piece","Storage & Organizers","Kk Umbrellas",,,240,549.186489766082,,28.90307,56.29993396551428,0.0892702212913638,0.08525,0.16249,0.22264,0,240
"2026-04-01","I3724TLS1F",,"H&H Multi-Layer Dustproof Shoe Rack (4 Layer, Zig-Zag Design, for Home, Living Room, & Offices)","1 Piece","Storage & Organizers","Hh",,,793.0508474576271,1499,,1.35615,47.09467328501487,0.0008750111234985767,0.00102,0.01269,0.01739,0,798.3706293706293
"2026-04-01","A914CQ9H3Y",,"DECATHLON 43"" Small Golf Umbrella (Manual Open, Navy Blue)","1 Piece","Storage & Organizers","Decathlon",,,959,1299,,6.84777,26.17397998460354,0.005307501931807457,0.00856,0.00024,0.00033,0,95900
"2026-04-01","V3US3P1CBW",,"PrettyKrafts Jute Plant Basket (Small, White and Black)","1 Piece","Storage & Organizers","PrettyKrafts",,,412.1415276731487,1498.3327071666668,,62.25525,72.52080933236822,0.06634937758084355,0.03878,0.24731,0.33887,0,405.3150733612995
"2026-04-01","2VAWXHL5WP",,"Ikea Pärkla Storage Case (55x49x19cm)","1 Piece","Storage & Organizers","IKEA",,,249,318,,3.68533,21.69811320754717,0.004825956886856269,0.00826,0.00357,0.00489,0,249.00000000000003
"2026-04-01","VOD7XU3XGL",,"SANDISK 64 GB Ultra Flair USB 3.0 Pen Drive (Silver)","1 unit","Storage & Organizers","SanDisk",,,1060.8381787539754,1125.1119505,,36.80873,6.825221526253783,0.3505050811388909,0.67582,0.47896,0.32939,0.88296,1078.163105650964
"2026-04-01","OG8F865PQG",,"Awestuffs Luxury Retro Cosmetic Bag with Brush Organizer (Brown)","1 Piece","Storage & Organizers","Awestuffs",,,613.5709216273153,1000,,65.11205,40.59011110834265,0.3601881640100584,0.438,0.60569,0.82993,0,563.1714669690059
"2026-04-01","C0CNBLJ0NJ",,"Awestuffs Luxury Retro Cosmetic Bag with Brush Organizer (Black)","1 Piece","Storage & Organizers","Awestuffs",,,670.6419320334796,999.9368850833333,,64.5223,32.91232957193535,0.07154551127680049,0.10496,0.15703,0.21517,0,679.0329325773185
"2026-04-01","SB1KDO7FJ2",,"Casacraft By Pepperfry Engineered Wood Wall Shelf (Dark Brown)","1 Piece","Storage & Organizers","Casacraft by Pepperfry",,,984.1669585096552,1499,,2.81058,34.34329828275885,0.01115573517227283,0.01608,0.00589,0.00727,0.00217,988.8685549771909
"2026-04-01","KZQ75BGJV0",,"Fendo Raincoat for Men and Women Unisex Waterproof PVC Transparent Overcoat or Poncho (Free Size, Purple)","1 Piece","Storage & Organizers","Fendo",,,213.76007860922147,1249,,11.90209,82.88575784970554,0.009112408216078135,0.00344,,,,214.1536496246438
"2026-04-01","BG26UQKZL1",,"Awestuffs Wardrobe Storage Organiser (Grey)","1 Piece","Storage & Organizers","Awestuffs",,,403.7240538273937,1000,,37.20057,59.350753314146644,0.09630463130801076,0.08431,0.01513,0.02073,0,434.9156086678705
"2026-04-01","0L6XRJUCLJ",,"Kuber Industries Plastic Cupboard or Storage Box (White and Black)","1 Piece","Storage & Organizers","Kuber Industries",,,1296.8219786302748,5799,,24.82578,77.63677544815107,0.201397021918158,0.09801,0.02167,0.00678,0.06186,1287.8496726492476
"2026-04-01","MZQ3YPMPUE",,"WonderStand SOLEMATE Metal Rack for Home (3 Shelves)","1 Piece","Storage & Organizers","WonderStand",,,1349,1349,,0.94118,0,0,0,,,,134900
"2026-04-01","AF7RUW941R",,"SE7EN Cushy Guard Silicon Corner Safety Set","4 pieces","Storage & Organizers","Se7en",,,98.8187245952512,149,,14.54098,33.67246412500721,0.0037840685168709716,0.00541,0.00062,0.00085,0,24.413540414507427
"2026-04-01","7XALFDAPHE",,"PrettyKrafts Coat Hanger (10 Hook, Metal Stand)","1 Piece","Storage & Organizers","PrettyKrafts",,,806.9770893304227,1999,,10.03128,59.617443062517474,0.08493526524306867,0.07596,0.00318,0.00436,0,81778.66459193837
"2026-04-01","NHZSEBCQK5",,"CITIZEN Ladies Rainsuit (Reversible Series, Purple)","1 XL","Storage & Organizers","Citizen",,,776.2125332466782,1599,,50.61523,51.44367682866975,0.0732657652846552,0.07834,0.02338,0.03203,0,778.9746599551179
"2026-04-01","CY57ZWHIQ0",,"CITIZEN Ladies PVC Series (XXL, Orange, with Zip)","1 XXL","Storage & Organizers","Citizen",,,269,289,,6.30771,6.920415224913495,0,0,,,,269
"2026-04-01","8HWD002QAX",,"Robustt Travel Friendly Oxford Reusable Waterproof Rainsuit for Men and Women (Full Body Protection, Quick Dry)","1 pack","Storage & Organizers","Robustt",,,737.9489496011234,999,,20.98524,27.534163200581126,0.013557331641911207,0.01776,0.01,0.00472,0.02427,601.7010671272217
"2026-04-01","ALMIV7FNMH",,"Kuber Industries Net Toiletry Pouch (Pink)","1 Piece","Storage & Organizers","Kuber Industries",,,170.2580404946709,399,,30.36136,57.23997670122814,0.11620364853099552,0.10752,0.52648,0.26732,1.2265,171.7090690962652
"2026-04-01","GJYJ9MRT6V",,"DREAM WEAVERZ High Water Absorbent Dish Dry Mat (Set of 2, Grey)","1 Piece","Storage & Organizers","Dream Weaverz",,,553.943820224719,1999,,9.66467,72.30910281444282,0.02216875790395103,0.01081,0.00011,0.00016,0,447.49803915453646
"2026-04-01","9BZVP0G6CP",,"SE7EN 22"" Transparent Umbrella (Durable, Wind-Resistant)","1 Piece","Storage & Organizers","Se7en",,,273.4642857142857,449.1176735238095,,56.2079,40.82433877396876,0.06739686938407921,0.08156,0.06912,0.09471,0,24906.664478685336
"2026-04-01","MB7LJ4GI1H",,"Jaypee Plus Aspire Multipurpose Rack (3 Tier Organiser, White, Black)","1 Piece","Storage & Organizers","Jaypee Plus",,,349,460,,4.09088,24.130434782608695,0.0014766797687539518,0.00245,,,,349.00000000000006
"2026-04-01","U2SK0O7ATA",,"PrettyKrafts Storage Bag Organizer with Handles (Non Woven, Brown)","3 pieces","Storage & Organizers","PrettyKrafts",,,271.7528028142375,286.01164366666666,,70.98566,4.959064448639848,0.9839744358409752,2.04444,3.27235,3.48356,2.70185,271.8957323999207
"2026-04-01","GIW7B4LNYU",,"ZEEL Rainfairy Raincoat (Girls, Barbie Print, 5-6 Years, Pink)","1 Piece","Storage & Organizers","Zeel",,,575.2940665146957,599,,70.58125,3.943540233499693,0.04282966694169309,0.08984,0.04105,0.05625,0,576.1798993899943
"2026-04-01","YVB3WHDX9J",,"Kuber Industries 7-Layer Plastic Drawer Storage Organiser (Brown, White)","1 Piece","Storage & Organizers","Kuber Industries",,,1784.774131292475,5799,,9.7331,69.37291112800803,0.31225009212423405,0.17957,0.00363,0.00497,0,1517.8471602013053
"2026-04-01","IDGIF7BH4X",,"Joyo Rotating Storage Rack (65cm, Assorted)","1 Piece","Storage & Organizers","Joyo",,,1603.8828293311262,2437.423776134021,,25.87013,34.19762106878959,0.005699567152042259,0.00816,0.05638,0.07725,0,1599.2749771808292
"2026-04-01","AWK3LZ56AD",,"Kuber Industries Non-Woven Shoe Bags (Coffee)","6 pieces","Storage & Organizers","Kuber Industries",,,234.2832629293845,899,,59.56378,74.26442480909569,0.5153575620420586,0.28275,0.44521,0.56591,0.11921,38.45419313802772
"2026-04-01","JLB0YWBPY7",,"SE7EN Corrugated Cardboard Box (18""x12""x12"", 5 Ply, Brown)","3 pack","Storage & Organizers","Se7en",,,342.05379028379025,561.0675891794872,,6.67458,39.044280513486534,0.07548227334974324,0.09919,0.00896,0.01228,0,113.77654018122877
"2026-04-01","W6Y3SV1WLS",,"Kuber Industries Non Woven Clothes Organizer with Zip (Maroon)","6 pieces","Storage & Organizers","Kuber Industries",,,366.03114566051784,899,,5.06715,59.28463340817377,0.0031487792721135496,0.00277,0.00025,0.00009,0.00066,62.15758644456787
"2026-04-01","DVR3YAIKR8",,"Pongal Umbrella","1 Piece","Storage & Organizers","Unbranded",,,171.66101694915255,399,,1.46739,56.977188734548236,0,0,,,,17166.101694915254
"2026-04-01","XFP6KANYHW",,"HomeStrap Hanging Non-Woven Double Sided Jewellery Organizer (32 Compartments, Black)","1 Piece","Storage & Organizers","Homestrap",,,173,479,,9.51558,63.88308977035491,0.004613376637921454,0.00364,0.00236,0.00323,0,172.99999999999994
"2026-04-01","CIDB66O69Y",,"LUXEHOME INTERNATIONAL Jute Planter Pots/Storing Basket For Storage In Kitchen Pantry Or Bedroom 6""X6"" ( White & Brown, Set Of 2 )","1 pack","Storage & Organizers","Luxe Home International",,,500.92305569354744,899,,15.80398,44.27997155800362,0.0068223550895793565,0.00827,0.00263,0.00107,0.00686,499.09336212445476
"2026-04-01","XNH29MTR3M",,"Robustt TV Wall Mount (Universal Fixed Stand, 26 to 63 inch, Black)","1 pack","Storage & Organizers","Robustt",,,305.3137030109595,499,,19.63929,38.82312901035312,0.21935357398345418,0.28921,0.01609,0.02203,0.00004,304.53829251446473
"2026-04-01","T0DLAFTADB",,"SANDISK 128GB High Endurance Video MicroSDXC Card with Adapter for Dash Cam and Home Monitoring Surveillance Systems - C10, U3, V30, 4K UHD, Micro SD Card - SDSQQNR-128G-GN6IA","1 Piece","Storage & Organizers","SanDisk",,,2998.700076671692,3406.858571439394,,9.52041,12.25895613304731,0.09161017999524843,0.15992,0.05263,0.07212,0,3002.5581246216902
"2026-04-01","L1ZY66AIR3",,"EVM EnStick 64GB USB 3.2 Gen 1 Pendrive, 200MB/s Read - 10 Yr Wty (EVMPDA3.2/64GB) White+Green","1 pack","Storage & Organizers","EVM",,,907.738174544442,2055.3891161666666,,29.60523,56.12193407675984,0.7137795111188638,0.66731,1.12235,0.45662,2.9205,876.2235542171614
"2026-04-01","VT3660DLRH",,"HP 235w 128GB USB 2.0 Pen Drive | Flash Drive - Grey","1 Piece","Storage & Organizers","HP",,,1138.2846259862683,5255.526627810946,,15.87311,78.37674948605681,0.2494900637548121,0.11163,0.04231,0.05797,0,1149.8417889284704
"2026-04-01","MOSKAH3JCN",,"SANDISK 64GB High Endurance Video MicroSDXC Card with Adapter for Dash Cam and Home Monitoring Surveillance Systems - C10, U3, V30, 4K UHD, Micro SD Card - SDSQQNR-064G-GN6IA","1 Piece","Storage & Organizers","SanDisk",,,1279.1666666666667,1279.1666666666667,,1.99285,0,0.0036772530705363442,0.00804,,,,1299.7643732327992
"2026-04-01","AI902ED55M",,"ZEEL Mighty Star Raincoat (Avengers Print, 7-8 Years)","1 Piece","Storage & Organizers","Zeel",,,543.0454495587287,598.7434671333333,,83.6514,9.315949431718899,0.0603137795410699,0.1195,0.04124,0.05651,0,543.2777412262142
"2026-04-01","7Q57TAP2PN",,"Kuber Industries Plastic Knit Basket M20 (Large, Brown)","1 Piece","Storage & Organizers","Kuber Industries",,,150.4291004098774,299,,38.31973,49.43324192502739,0.3446025646388129,0.3781,0.45707,0.60565,0.05575,151.24917051938266
"2026-04-01","KYOJ9LX5KF",,"Travalate Compression Vacuum Bags with Pump","5 pieces","Storage & Organizers","Travalate",,,578,1399,,3.97364,58.684774839170835,0.017148081711645415,0.01548,0.00782,0.01072,0,115.59999999999995
"2026-04-01","3WFDXKOP6K",,"Kuber Industries 2-Compartment Non-Woven Clothes Organizer (Large, Navy Blue)","1 Piece","Storage & Organizers","Kuber Industries",,,511.98030286335,2099,,15.54315,75.67178645500725,0.08698787288558424,0.04082,0.00945,0.00782,0.01385,451.2782169189496
"2026-04-01","C7T3862H2T",,"Ikea Blåsjön Shower Mat (50x50cm, Grey)","1 Piece","Storage & Organizers","IKEA",,,659,958,,23.80886,31.21085594989561,0.019849987182044258,0.02984,0.00145,0.00199,0,659
"2026-04-01","POY4LSGDA4",,"SUN BRAND ROSY-1 23"" Stripes Umbrella (2 Fold, Auto Open, UV Protective, Stripes)","1 Piece","Storage & Organizers","Sun",,,450.4085863870668,572.4177473333334,,72.30656,21.302914338172297,0.011746722272894743,0.02009,0.00764,0.01046,0,450.1510732616222
"2026-04-01","ZFKH377URZ",,"Kuber Industries Waterproof Travel Organizer (Royal Blue)","6 pieces","Storage & Organizers","Kuber Industries",,,298.1671885469456,1299,,23.29593,77.04610051456739,0.011373218425301692,0.00572,0.00554,0.00678,0.00217,49.8289990140523
"2026-04-01","RNCK04QGG6",,"EVM 256GB 2.5"" SATA Internal SSD, 550mb/s Read – 5-Year Warranty (EVM25/256GB) Black","1 pack","Storage & Organizers","EVM",,,4417.12518659359,5994.840486728111,,4.14948,26.31788624947405,0,0,0.0285,0.03905,0,4417.12518659359
"2026-04-01","ZNBN42R7W6",,"HOME ESSENTIALS Portable Oxford Shoe Organizer Bag for Travel & Home","1 Piece","Storage & Organizers","HomeEssentials",,,499.3809523809524,1999,,11.68778,75.01846161175826,0.004667134575666914,0.00255,0.00266,0.00015,0.00944,49900.29802928137
"2026-04-01","QP3TU82WX9",,"eCraftIndia Designer Wall Shelf (Single Compartment, Wooden, Crescent Shape, 23cm, Brown)","1 Piece","Storage & Organizers","Ecraftindia",,,156.86957074223608,599,,19.53429,74.02279957808307,0.04353097163443109,0.0222,0.02627,0.03596,0.00011,145.7603283673601
"2026-04-01","DUCF032HXM",,"PrettyKrafts Non-Woven Foldable Saree Covers (Grey)","3 pieces","Storage & Organizers","PrettyKrafts",,,157.3050940836226,450.8060305,,63.6352,65.22760332841538,2.004366459912363,1.51612,3.70498,3.36117,4.63362,52.20892840648078
"2026-04-01","3TLM161U51",,"Bathla Prime 5 Step Foldable Aluminium Ladder for Home (Orange)","1 pack","Storage & Organizers","Bathla",,,8699,8699,,2.15983,0,0,0,,,,8699
"2026-04-01","0IL51MM445",,"Bathla Stomo 4 Plastic Drawer Multi-Purpose Storage Organizer (82cm, Green)","1 Piece","Storage & Organizers","Bathla",,,1315,2499,,11.78263,47.378951580632254,0,0,0,0,0,1315
"2026-04-01","UI1BZJ6OYP",,"SANDISK iXpand Flip 256 GB USB Multiport Pen Drive (Green)","1 Piece","Storage & Organizers","SanDisk",,,6758.28717948718,8200,,1.30723,17.581863664790493,0,0,0.02237,0.03065,0,6758.28717948718
"2026-04-01","UBYTM43BFP",,"Kuber Industries Non-Woven Disney Foldable Storage Box (33cm, Black)","1 Piece","Storage & Organizers","Kuber Industries",,,243.91969330104925,599,,6.20862,59.28346334313208,0.0168115255020468,0.01467,0.00437,0.00305,0.00793,245.2608274509861
"2026-04-01","B8J5Z71C4Y",,"Nuovi Black Zip Ties 100mm (Set of 100)","1 pack","Storage & Organizers","Nuovi",,,88.57830719627596,100,,10.37888,11.362026127882263,0.0069277696776014,0.01343,0.00088,0.00121,0,88.76759108753376
"2026-04-01","MJ8CI946DI",,"Crownsy Storage Box with Lid (Grey)","2 pieces","Storage & Organizers","crownsy",,,297.18220338983053,599,,1.13104,50.38694434226536,0,0,0,0,0,148.59110169491527
"2026-04-01","UJWPAYQ06S",,"HP 235w 64GB USB 2.0 Pen Drive | Flash Drive - Grey","1 Piece","Storage & Organizers","HP",,,685.3974683954299,1543.0246177916665,,18.70777,56.27177186331143,2.346658483871855,2.2072,1.66444,1.63686,1.73894,686.8821574792372
"2026-04-01","RNCTIP5X66",,"Ddesh Shopping Bag (30 cm, Beige)","1 Piece","Storage & Organizers","ddesh",,,247.68932676518884,999,,8.42491,75.20627359707818,0.007871948180283875,0.00374,0.00197,0.00269,0,218.4290476736629
"2026-04-01","KFWPMAF25Q",,"SE7EN Corrugated Cardboard Box (7""x4""x3.5"", 3 Ply, Brown)","3 pack","Storage & Organizers","Se7en",,,78.12340642312233,129,,10.83599,39.43284525007113,0.007303725027241472,0.00972,0.00127,0.00174,0.00001,26.208786698921074
"2026-04-01","PQ1DFB6G94",,"Saaj Plastic Rivera Medium Basket with Lid - Grey","1 Piece","Storage & Organizers","Saaj",,,166.99549356223176,250,,3.60291,33.19837606837607,0.001313129560759621,0.00194,0.00001,0.00001,0,168.52288282766372
"2026-04-01","VAJUX3O2AC",,"Ikea Glis Box with Lid (17x10cm, Pink/Turquoise, Set of 3)","3 pieces","Storage & Organizers","IKEA",,,189,238,,1.40239,20.58823529411765,0.000416755347994119,0.00072,0.00001,0.00001,0,189
"2026-04-01","UVTYKK5NZK",,"SE7EN Mobile Rain Protection Pouch (Waterproof, 1P)","1 Piece","Storage & Organizers","Se7en",,,39.544928753562324,59,,25.12827,32.395494358947936,0.01661803194762096,0.02604,0.01156,0.01584,0.00001,39.926136117614796
"2026-04-01","8KNDUC7VIH",,"Jaypee Plus Remedy First Aid box with Sliding Tray (White)","1 Piece","Storage & Organizers","Jaypee Plus",,,260.23358316458473,287.95227170833334,,45.22451,9.371540611079366,0.057201247477794495,0.11441,0.17347,0.2377,0,263.20314946946684
"2026-04-01","SJZ9DE7PWZ",,"Smart Shelter Washing Machine Trolley (Fully/Semi Automatic, Adjustable Metal, With Wheels, White)","1 pack","Storage & Organizers","Smart Shelter",,,1352.6291933038306,2999,,14.61178,54.89732599853849,0.03325952827197772,0.03186,0.00009,0.00012,0,1320.4553756836374
"2026-04-01","S99TSJ84R1",,"DECATHLON Quechua Women Compact Rain Pant (Ankle Zip, Black, XS)","1 Piece","Storage & Organizers","Decathlon",,,1699,1699,,1.17647,0,,,,,,169900
"2026-04-01","GIFKZLD2ZC",,"Kuber Industries Underbed Storage Bag with Handle (Large, Black)","2 pieces","Storage & Organizers","Kuber Industries",,,301.5227821841267,599,,12.49633,49.72737321765317,0.10346651943110297,0.11299,0.02023,0.01753,0.02753,149.34599415464896
"2026-04-01","YLRM8OJROS",,"Kuber Industries 5-Pouch Jewellery Kit with Vanity Pouch (Set of 2, 10 Pieces, White)","2 pieces","Storage & Organizers","Kuber Industries",,,1002.4514766614138,1502.041871506276,,7.75325,33.26075020424454,0,0,0.01323,0.01009,0.02172,501.2257383307069
"2026-04-01","EP52I8IDGR",,"EVM EnStick 32GB USB 3.2 Gen 1 Pendrive, 100MB/s Read - 10 Yr Wty (EVMPDA3.2/32GB) White+Blue","1 pack","Storage & Organizers","EVM",,,841.8306474422484,1787.8130292376682,,17.51626,52.91828235148492,0.04147748845547016,0.04124,0.00136,0.00186,0,809.9372486146921
"2026-04-01","80RHTHMCL2",,"ROBUSTT Travel Friendly Reusable Waterproof Rainsuit (Men, Women, Full Body Protection, Quick Dry)","1 pack","Storage & Organizers","Robustt",,,1214,1599,,27.1644,24.07754846779237,0.0027999655522798162,0.00382,0.02296,0.0139,0.04744,1002.442118226601
"2026-04-01","NJSG3N6R04",,"SE7EN 3 Fold Umbrella (Semi Automatic, Ring Buckle)","1 Piece","Storage & Organizers","Se7en",,,552.0318955188114,879,,59.26874,39.99710659820519,0.24080439200220527,0.30152,0.18501,0.2535,0,50357.483360339735
"2026-04-01","4S60NX94DD",,"HomeStrap Foldable Storage Undergarment Organizer (Various compartments, Non-woven Fabric, Grey)","4 pieces","Storage & Organizers","Homestrap",,,453.42297795185385,995.8059163333334,,13.1734,54.45949635441646,0.10126804741678946,0.10133,0.00503,0.0066,0.00082,113.82255669764182
"2026-04-01","13L6K8YPQQ",,"SANDISK SDCZ430-064G-I35 Ultra Fit 3.2 64GB USB Flash Drive (Black)","1 Piece","Storage & Organizers","SanDisk",,,1098.088195304217,1102.0016968421053,,18.34314,0.3521063285855706,0.03114037985961435,0.06805,0.06043,0.0828,0,1110.331195450828
"2026-04-01","9LOQB3USMB",,"Kuber Industries Plastic Storage Basket (Medium, Multicolour)","3 pieces","Storage & Organizers","Kuber Industries",,,617.0436635809167,1708.1381515238095,,22.43541,63.89125340266212,0.24244392154979724,0.18688,0.10364,0.13301,0.0243,205.76295495571708
"2026-04-01","HDJI0MVM0Y",,"HOME ESSENTIALS Storage Bag with Compartments and Zipper Closure","1 Piece","Storage & Organizers","HomeEssentials",,,575.903245329232,1999,,26.28114,71.32084106281525,0.057942126417863025,0.03456,0.15888,0.03168,0.50244,50890.36966131977
"2026-04-01","ZF268GFMGQ",,"Kuber Industries Potli Bags (Pack of 10, 7x9 Inch, for Return Gifts, Wedding-Party Bags, Drawstring Closure, Wallet Potli, Baby Shower Potli, Lotus Print, Cream)","10 pieces","Storage & Organizers","Kuber",,,709.2244403744404,3099,,18.01284,77.11581374257734,0.024419586997697425,0.01204,0.00055,0.00075,0,698.6445957047495
"2026-04-01","T5SMKKEZ7O",,"DECATHLON Inesis 123cm Sun Protection Umbrella (Waterproof, UPF50+, Red)","1 Piece","Storage & Organizers","Decathlon",,,1403.2719414893618,1499,,10.70578,6.3861279860332365,0.0026248582632066573,0.00459,0.00125,0.00171,0,120115.87523539165
"2026-04-01","JIV7238R3M",,"WD My Passport 5TB External Hard Disk Drive (HDD) 5GB/s, USB 2.0,USB 3.0, Compatible with Windows 10, Wired - Black","1 Piece","Storage & Organizers","WD",,,14553.09090909091,20000,,0.15926,27.234545454545454,0,0,,,,1455309.0909090908
"2026-04-01","02VBX5HB38",,"Robustt Waterproof Pouch (TPU, HD Clarity, Triple-Layer Locking, Hands-Free, for Smartphones)","1 Piece","Storage & Organizers","Robustt",,,149,299,,25.4092,50.16722408026756,0.0010473166959465655,0.00114,0.00043,0.00059,0,14900
"2026-04-01","KFO4D0JBFB",,"Mr Toolman Cable Tie (Cable Organizer, Black)","1 pack","Storage & Organizers","Mr Toolman",,,127.18438140806562,149,,5.83189,14.641354759687506,0.0027842058962632326,0.00487,0.00038,0.00052,0,122.42895192462555
"2026-04-01","2S8PGN6GJA",,"Embassy SS 1 Step Corner Stand","1 Piece","Storage & Organizers","Embassy",,,711.8571428571429,785,,0.30461,9.317561419472247,0,0,,,,711.8571428571429
"2026-04-01","TSUVF5WLEV",,"SUN 23"" Elina-1 Umbrella (2 Fold, Auto Open, UV Protective, Purple)","1 Piece","Storage & Organizers","Sun",,,491.3975944532997,560,,29.0259,12.273080533838392,0.04249398626853984,0.08123,0.03106,0.04257,0,490.58569440445274
"2026-04-01","9RQQTMI7WU",,"Fendo 23.5"" Umbrella (3 Fold, For Men and Women, Navy)","1 Piece","Storage & Organizers","Fendo",,,609.6553297928806,1839.0945129166664,,57.65683,66.83657879991875,0.688188806571845,0.48833,0.19658,0.26936,0,611.4182657568555
"2026-04-01","TVDN4D4LGV",,"Nestasia Shoe Travel Bag (Teal)","1 Piece","Storage & Organizers","Nestasia",,,520,795,,4.79815,34.59119496855346,0,0,0.0006,0.00001,0.00219,520
"2026-04-01","ALLWV7DNYX",,"SANDISK 256 GB Ultra Dual Drive Go Type C (SDDDC3-256G-I35, Black)","1 unit","Storage & Organizers","SanDisk",,,3439.2496044959867,4052.047863445379,,43.25053,14.664685936369883,0.5117195330042748,0.95739,0.35749,0.27373,0.58373,3573.9885105576973
"2026-04-01","APYWLCNRCO",,"UrbanFix Raincoat (100% Waterproof, Polyester, Reversible, Double Layer, For Men, With Pants, Adjustable Hood, Blue)","1 XXL","Storage & Organizers","UrbanFix",,,765.3715008224848,1999,,22.78486,61.712281099425475,0,0,0.00001,0.00002,0,765.3715008224848
"2026-04-01","S2XWJLVB6D",,"Kuber Industries Non-Woven Clothes Organizer (Solid)","4 pieces","Storage & Organizers","Kuber Industries",,,604.0387051658275,2598.9026304583335,,35.35407,76.70831077631877,1.6315385264551365,0.81625,0.40648,0.27826,0.75281,151.64399602634683
"2026-04-01","KR64KZZGOK",,"SE7EN Vacuum Storage Ziplock Bags with Pump (Reusable, Multicolour)","6 pieces","Storage & Organizers","Se7en",,,430.0381860494887,599,,85.68471,28.24457625202912,3.546430765084365,5.5622,2.28034,3.12396,0.00168,71.63535868621217
"2026-04-01","SYQOJHFV0V",,"SE7EN Waterproof Mobile Rain Pouch (Plastic Air Lock)","1 Piece","Storage & Organizers","Se7en",,,69.00232371794871,98.999737125,,44.40188,30.294539509579252,0.17417834490462614,0.26539,0.42718,0.58496,0.00099,69.00767740349094
"2026-04-01","4LCH3VNV4B",,"Kuber Industries Silk Wedding Potli (Rani Pink)","1 Piece","Storage & Organizers","Kuber Industries",,,213.46060269406124,499,,13.43007,57.23600758268063,0.011212119719354386,0.01017,0.0032,0.00439,0,207.88053880152174
"2026-04-01","RCAPHKHFSJ",,"Cheston Magnetic Carbon Steel Shelf Rack (24.5x7.2x10.5 cm, White)","1 Piece","Storage & Organizers","Cheston",,,867.916015625,949,,2.21124,8.544150092202319,0,0,0.00039,0.00054,0,867.916015625
"2026-04-01","9VH7BC6S6C",,"THE CLOWNFISH Men's Raincoat (Black)","1 pack","Storage & Organizers","The Clownfish",,,762.8160919540229,799,,2.36084,4.528649317393879,0,0,,,,762.8160919540229
"2026-04-01","VWX5FR581B",,"Kuber Industries Clothes Organizer For Wardrobe (Pack of 6, Single Storage Organizer For Saree, Salwar Suit, Lehenga)","6 pieces","Storage & Organizers","Kuber",,,403.34347104045384,797.729802955665,,9.69936,49.43858565318385,0.0013989321324054695,0.00153,0.00028,0.00039,0,399.8826955863571
"2026-04-01","HHHZET0A0W",,"EVM EnStick 128GB USB 3.2 Gen 1 Pendrive, 200MB/s Read - 10 Yr Wty (EVMPDA3.2/128GB) White+Pink","1 pack","Storage & Organizers","EVM",,,1663.8444231035653,3276.6397940888887,,25.72317,49.25635729869868,0.09855616083091347,0.10853,0.1894,0.05888,0.54197,1649.3881702411718
"2026-04-01","4Q92UNLMPH",,"Awestuffs Hanging Travel Kit (Black)","1 Piece","Storage & Organizers","Awestuffs",,,286.9391203095278,750,,34.42111,61.64389450266437,0.06705278356105043,0.05568,0.032,0.04384,0,294.21681449908306
"2026-04-01","TCS75TFIF3",,"IKEA JÄLL Tabletop Ironing Board (Steel, White)","1 Piece","Storage & Organizers","IKEA",,,677.8688524590164,699,,1.22574,3.0230540115856375,0,0,0,0,0,677.8688524590164
"2026-04-01","549IMBWTSQ",,"Chwenchy Sling Bag (Multicolour)","1 Piece","Storage & Organizers","Oye Happy",,,485.25,1499,,0.82152,67.62841894596397,0.0008750111234985767,0.00061,0.04582,0.06278,0,485.25
"2026-04-01","IZ6ACA9J17",,"KK UMBRELLAS 23"" Compact Umbrella (3 Fold, Auto Open & Close, Jet Black)","1 Piece","Storage & Organizers","Kk Umbrellas",,,949,949,,26.2099,0,0,0,0.00288,0.00394,0,94900
"2026-04-01","S0XYN21GD2",,"EVM EnStore 2.0 32GB Metal USB Flash Drive, Fast & Durable – 10 Yr Wty (EVMPD/32GB) Silver","1 pack","Storage & Organizers","EVM",,,610.7727272727273,1899,,2.37032,67.83713916415338,0.014963793387746824,0.01125,0.02671,0.0366,0,652.3803460286645
"2026-04-01","2OSA39YN9I",,"PrettyKrafts Shirt Stacker Closet Organizer with Lid (MDF, Multicolor)","1 Piece","Storage & Organizers","PrettyKrafts",,,201.70337860888034,699,,45.75805,70.77409006885681,0.42125455467956474,0.26324,1.14902,0.39633,3.18209,205.29120906020762
"2026-04-01","7KQBA6GWK8",,"Kuber Industries Multi-Purpose Storage Organizer Set with Interlock (Black)","8 pieces","Storage & Organizers","Kuber Industries",,,310.27628657490317,1299,,17.09772,76.09408056951727,0.12979880334734653,0.06386,0.05416,0.07421,0,39.85458010531146
"2026-04-01","T9YW8D42ZI",,"Lifelong Ladies Designer Raincoat (Polka Dot Print, Knee Length, Lightweight PVC, Waterproof, Purple)","1 Medium","Storage & Organizers","Lifelong",,,733.131574582161,1999,,66.34385,63.32508381279835,0.02129339656587431,0.01692,0.00257,0.00352,0,725.2572650108447
"2026-04-01","AZJ88RPNPP",,"House of Quirk Jewelry Storage Holder (5cm,Leather, Portable, Black)","1 Piece","Storage & Organizers","House of Quirk",,,999,999,,36.66667,0,0,0,,,,999
"2026-04-01","VOYJH9LRW6",,"The Better Home Storage Basket (Cotton, White and Orange)","1 Piece","Storage & Organizers","The Better Home",,,762.3838569792179,1199,,3.71717,36.415024438764156,0.007348377385955129,0.01018,0.00273,0.00374,0,760.5140700453593
"2026-04-01","YBNOBK8S9H",,"Casacraft By Pepperfry Cubical Engineered Wood Wall Shelf (White)","1 Piece","Storage & Organizers","Casacraft by Pepperfry",,,1095,1749,,1.32386,37.39279588336192,0.0010208754952965183,0.0014,0.00061,0.00082,0.00005,1095
"2026-04-01","UNVVHKJ6HY",,"Cleanstac Shoe Cleaner Wipes (25N, Sneaker Wipes For Stubborn Scuff, Dirt And Stains, Safe On Suede)","1 pack","Storage & Organizers","cleanstac",,,168.10714285714286,199,,0.82048,15.524048815506102,0,0,0.00003,0.00004,0,168.10714285714286
"2026-04-01","RT5N6O936I",,"Nayasa Plastic Bathroom Cabinet (Red)","1 Piece","Storage & Organizers","Nayasa",,,1382.3684210526317,1755,,0.50044,21.232568600989655,0,0,0.00085,0.00117,0,1382.3684210526317
"2026-04-01","XCZG0IM556",,"Kuber Industries 3-Pocket Wall Hanging Storage Organizer (Cream)","1 Piece","Storage & Organizers","Kuber Industries",,,127,349,,2.50032,63.61031518624642,0.0002036497771920842,0.00016,0.00001,0.00001,0,126.99999999999999
"2026-04-01","SXC66AL91J",,"Absorbia Reusable Box (Moisture Absorber and Dehumidifier)","565 g","Storage & Organizers","Absorbia",,,285,399,,1.27582,28.571428571428573,0,0,,,,50.442477876106196
"2026-04-01","8F2XIIMCG3",,"Lifelong Women's Raincoat (100% Waterproof, Lightweight, One-Piece, With Hood, Side Pocket, Snap Buttons, Sky Blue)","1 Medium","Storage & Organizers","Lifelong",,,580.6442118862773,1999,,45.7562,70.95326603870548,0.005250416955569606,0.00274,,,,499.5473167768383
"2026-04-01","OD7NV7MZWQ",,"SANDISK 64GB MAX Endurance micro SDHC Memory Card with Adapter","1 Piece","Storage & Organizers","SanDisk",,,2400,2400,,4,0,0,0,,,,2400
"2026-04-01","66AVX5BBPL",,"Kuber Industries Non-Woven Storage Box (Grey)","6 pieces","Storage & Organizers","Kuber Industries",,,1207.9330514980966,5399,,13.66163,77.62672621785336,0.018908435288697883,0.00918,0.0279,0.01356,0.06662,199.85775792866897
"2026-04-01","1JKYS7KOYQ",,"Awestuffs Jewellery Storage Travel Case (5 Compartments, Pink)","1 Piece","Storage & Organizers","Awestuffs",,,690.6780142895775,1000,,71.70681,30.89740412003935,0.04931879286016623,0.07441,0.26909,0.36871,0,695.1330809917289
"2026-04-01","DJXCHU85EK",,"Lifelong Women's Raincoat (100% Waterproof, Lightweight, One-Piece, With Hood, Side Pocket, Snap Buttons, Sky Blue)","1 Large","Storage & Organizers","Lifelong",,,629.179560576506,1999,,35.07777,68.56136144787872,0.1895965417075178,0.14613,0.22932,0.31422,0,637.0033002131786
"2026-04-01","YYXOBQCQUY",,"Oye Happy Thatha","1 Piece","Storage & Organizers","Oye Happy",,,399,399,,25.05353,0,0,0,,,,399
"2026-04-01","4XLVAYS60F",,"PrettyKrafts Plastic Multipurpose Checkered Travel Pouch (Transparent)","3 pieces","Storage & Organizers","PrettyKrafts",,,196.57153479143145,250.0011155,,76.66997,21.473016990491114,1.2811654762122067,2.19425,4.88826,6.65944,0.10422,65.43944071914294
"2026-04-01","TOM57Y0R67",,"SANDISK 128 GB Ultra USB 3.0 Pen Drive (Black)","1 unit","Storage & Organizers","SanDisk",,,1651.238900312104,1849.9626986086953,,29.06119,10.998636530277002,0.19962090868508897,0.38973,0.22516,0.22507,0.22542,1660.5236471437663
"2026-04-01","AJ95DN5CA0",,"Kuber Industries Non Woven Coat Cover (Pack of 6, Foldable Blazer Cover, Suit Cover With Zipper Closure, Cloth Organizer For Dust Proof Jacket, Grey)","6 pieces","Storage & Organizers","Kuber Industries",,,731.1350546975547,1399,,6.12265,47.73873804878094,0,0,0.00002,0.00002,0,121.85584244959242
"2026-04-01","93G7PH5ABA",,"Kuber Industries Non-Woven Storage Organizer (Large, White)","4 pieces","Storage & Organizers","Kuber Industries",,,1012.113238371223,6792.304363523808,,23.54367,85.13542061554568,0.8406130476330453,0.26105,0.04759,0.04806,0.04632,252.39764329717448
"2026-04-01","MDIQPFFL1G",,"Saaj Plastic Multipurpose Storage Organizer/Tray (29x23x6.5 cm, Green, Series 222)","1 Piece","Storage & Organizers","saaj",,,89,175,,18.34661,49.14285714285713,0.0616043202615391,0.06851,0.24788,0.33965,0,88.99999999999999
"2026-04-01","VWFDVPB1QF",,"CITIZEN Ladies Rainsuit Reversible Series (Ink Blue, CRLE03)","1 XL","Storage & Organizers","Citizen",,,578.7702471813656,1599,,48.8295,63.80133995652767,0.018666437015198777,0.01528,0.02288,0.03135,0,602.6248458044
"2026-04-01","13PF0MAMEU",,"Lifelong Storage Organizer 6 Layers | Foldable Wardrobe | Durable Nylon Mesh & Non-Woven Edges | Basket Organisers for Storing Clothes & Sarees (LLCOG06, Grey)","1 pack","Storage & Organizers","Lifelong",,,259,1299,,0.12422,80.06158583525789,,,,,,259
"2026-04-01","Z5K4RO4K4S",,"Digitek (DDUD 32G V3.0) 32GB Dual USB-A & Type-C Flash Drive, Metal Body, Magnetic, X-Ray & Temp Resistant","1 unit","Storage & Organizers","Digitek",,,549,895,,0.62208,38.659217877094974,0,0,,,,549
"2026-04-01","AU78MMXCJO",,"UrbanFix Universal Waterproof Pouch Cellphone Dry Bag Case for Smartphone (Big Size, Assorted Colours)","1 Piece","Storage & Organizers","UrbanFix",,,127.90355835285024,199,,16.10397,35.584641355312,0.018812826708863938,0.02721,0.00556,0.00762,0,131.00463865725044
"2026-04-01","5KP2JZT9BR",,"Kuber Industries Jute Fabric Foldable Drawer Organizer (Brown)","6 pieces","Storage & Organizers","Kuber Industries",,,687.7267011858135,2899,,9.40033,76.27672840136944,0.07049259114760356,0.03657,0.01966,0.00948,0.04715,114.83584077528164
"2026-04-01","YA7OHAYZHO",,"Quace Woven Cotton/Jute Bag (Black and Brown)","1 Piece","Storage & Organizers","Quace",,,1139.4814814814815,1200,,0.60923,5.04320987654321,0,0,0,0,0,1139.4814814814815
"2026-04-01","8NFK8KNJ3T",,"ZEEL Flowers Print Rain Trench PVC Raincoat for Women (Free Size)","1 Piece","Storage & Organizers","Zeel",,,376.48299763349365,399,,46.09509,5.553468181599435,0.1081452110878487,0.22346,1.03081,1.41244,0,377.2555402641358
"2026-04-01","KOB683CY9Q",,"Bathla Arize 4 Steps Foldable Aluminium Ladder (145cm)","1 pack","Storage & Organizers","Bathla",,,5799,5799,,1.2945,0,0,0,,,,5799
"2026-04-01","2A5B4ARSLE",,"DECATHLON Quechua Womens Waterproof Hiking Jacket (Teal Green, XL)","1 Piece","Storage & Organizers","Decathlon",,,3999,3999,,21.73913,0,0,0,0.00016,0.00022,0,399900
"2026-04-01","OI8YMOVNIF",,"TIED RIBBONS Socks Bra Panty Tie Organizer for Wardrobe (24 Bracket, 30x30 cm, Grey)","2 pieces","Storage & Organizers","Tied Ribbons",,,373.0333451562443,1199,,4.25817,68.88524994319894,0.02834496709685043,0.01936,0.00005,0.00007,0,187.3464674592816
"2026-04-01","KUZUGZCQ2Z",,"SANDISK Ultra Eco USB Flash Drive USB 3.2 Gen 1 64GB, Upto 100MB/s R, 5Y Warranty","1 Piece","Storage & Organizers","SanDisk",,,1000,1000,,0.66667,0,0,0,,,,1000
"2026-04-01","3JTOW5OB8A",,"SE7EN Reverse Umbrella (C-Shaped Handle, Light Blue, Inverted, Windproof)","1 Piece","Storage & Organizers","Se7en",,,494.795574288725,859,,42.95764,42.35312661683199,0.010859628746450117,0.01371,0.0017,0.00233,0,49668.81219011863
"2026-04-01","YXTBKD7AOC",,"PrettyKrafts Clothes Hanging Organizer (4 Compartments, Beige)","1 Piece","Storage & Organizers","PrettyKrafts",,,288.09193831922966,999,,56.11792,71.3767945611266,0.37201981331815365,0.22068,0.43128,0.59094,0,283.0324935455617
"2026-04-01","T2CHS6YG8A",,"Kuber Industries Non-Woven Lehenga Cover (Large, Cream)","1 Piece","Storage & Organizers","Kuber Industries",,,241.96242992877734,799,,8.41294,69.71684231179258,0.0009326214216036462,0.00057,0.00722,0.00908,0.00217,254.15167145511325
"2026-04-01","0P0F1DSHW2",,"EVM 512GB 2.5"" SATA Internal SSD, 550mb/s Read – 5-Year Warranty (EVM25/512GB) Black","1 pack","Storage & Organizers","EVM",,,7229.543379380054,8835.084905660377,,2.94846,18.172338392036288,0,0,0.03122,0.04278,0,7229.543379380054
"2026-04-01","HGVZ3O04OF",,"HP 64Gb MicroSD Memory Card SDHC Mx310 Class 10, UHS-I, U1 Card, Upto 100Mb/S R","1 Piece","Storage & Organizers","HP",,,1091.3689258783263,4169.580320588235,,32.77969,74.68760928755407,4.358098402726329,2.34497,0.88412,0.88573,0.87978,1082.4894184412913
"2026-04-01","YHB817VIU2",,"Kuber Industries 10-Pouch PVC Jewellery Organizer (Green)","1 Piece","Storage & Organizers","Kuber Industries",,,403,999,,6.07722,59.65965965965966,0.0017493218178408609,0.00154,0.00055,0.00014,0.00168,403
"2026-04-01","KZX7F98B3Q",,"Awestuffs Luxury Cosmetic Bag with Handle (Brown)","1 Piece","Storage & Organizers","Awestuffs",,,419.44924949425786,750,,55.31323,44.05163248985333,0.05158222967872588,0.06292,0.18181,0.24912,0,420.02727643433343
"2026-04-01","SCX7JC164X",,"Kuber Industries 3-Layer Jute Cosmetic Kit with Handle (Golden)","1 Piece","Storage & Organizers","Kuber Industries",,,487.07122213803166,1999,,9.07697,75.47066568362773,0.0641726188703751,0.03094,0.0005,0.00069,0,557.5620018250685
"2026-04-01","ZOP78Z8RMP",,"Kuber Industries Foldable Clothes Organizer (Large, Cream)","2 pieces","Storage & Organizers","Kuber Industries",,,745.5063599184992,2999,,16.35015,75.16533228944584,0.18203698493094042,0.0927,0.03709,0.02109,0.08032,359.31032345225066
"2026-04-01","SODERKLHY0",,"SANDISK Extreme SD UHS I 128GB Card for 4K Video for DSLR and Mirrorless Cameras 180MB/s Read & 90MB/s Write","1 Piece","Storage & Organizers","SanDisk",,,3429.498087983863,4672.60751079646,,26.18409,26.646841472481878,0.0894209886672558,0.13666,0.20095,0.14597,0.34946,3324.0069353525187
"2026-04-01","BAG245DIJW",,"Lifelong Foldable Almirah | DIY Storage Cabinet, 3 Racks, Toys, Books | Foldable Shelf for Clothes | Portable, Strong, Lightweight, Spacious (LLHSRK02, White)","1 pack","Storage & Organizers","Lifelong",,,1541.9394088442602,2998.919108708333,,25.12719,48.64871615772287,0.12544248420978446,0.10777,0.08937,0.12246,0,1220.0808203935746
"2026-04-01","5IIT5Z1QWP",,"Crownsy Blanket Storage Cover or Bag (45 cm, Black)","2 pieces","Storage & Organizers","crownsy",,,,,,0,,0,0,,,,
"2026-04-01","8Q1XE6ICQI",,"Zulaxy Foldable Fabric Storage Organizers (for Clothes and Multipurpose Use)","1 pack","Storage & Organizers","Zulaxy",,,1016.0548580892149,2499,,36.31212,59.49845301112353,0.6509494398338126,0.56749,0.50616,0.08979,1.63081,999.8486839462612
"2026-04-01","GP9L579ALF",,"Zeel Rain Knight Jacket for Men (Waterproof)","1 L","Storage & Organizers","Zeel",,,861.0864566122956,899,,49.58779,4.22077324290954,0.016792789022115975,0.03508,0.06329,0.08672,0,85.94254777716257
"2026-04-01","1U5DKNMVPR",,"Kuber Industries Waterproof Travel Organizer (Sky Blue)","4 pieces","Storage & Organizers","Kuber Industries",,,220.77281225631,899,,17.61835,75.44255036503033,0.0408437751763144,0.02155,0.03797,0.04742,0.01242,56.594705224476
"2026-04-01","O3BKOFJHZ1",,"Kuber Industries Underbed Storage Organizer with Steel Frame (24L, Brown)","1 Piece","Storage & Organizers","Kuber Industries",,,502.50778265851795,2199,,9.80685,77.15086873048925,0.04299847036835962,0.02132,0.00122,0.0012,0.00126,499.0265262897928
"2026-04-01","BVJR66RSE2",,"Smart Shelter Air Conditioner Outdoor Unit Wall Mounting (Heavy Duty Metal Ac Stand)","1 pack","Storage & Organizers","Smart Shelter",,,749.1165999963471,1816.8569281012658,,6.79852,58.77957288778483,0.0377272156453903,0.031,0.00005,0.00006,0,751.1689420939463
"2026-04-01","VAHQP6Y5NV",,"HomeStrap Cotton Quilted Foldable Saree Covers (Blue)","3 pieces","Storage & Organizers","Homestrap",,,303.01446317456396,749.6725004741379,,10.39176,59.584405133608634,0.038369684288999735,0.0333,0.00557,0.00763,0,101.02623214898196
"2026-04-01","4HUUIL03XT",,"Crownsy Storage Box with Lid (Blue)","1 Piece","Storage & Organizers","crownsy",,,253.93975903614458,599,,4.85009,57.602670556659916,0.004545435009761067,0.00426,0.00001,0.00001,0,256.83401976935755
"2026-04-01","4WIBDSBRDI",,"HomeStrap Multipurpose Caddy with Handle (Plastic, White, Orange)","1 Piece","Storage & Organizers","Homestrap",,,354.2370172373337,899,,7.87133,60.5965498067482,0.01862966448449341,0.01467,0.01769,0.02424,0,332.26941978321554
"2026-04-01","PJ0B3UWJGL",,"Kuber Industries Plastic Basket/Organizer for Kitchen without Lid (Pack of 4, Large M 20, Grey and Brown)","4 pieces","Storage & Organizers","Kuber Industries",,,426.838650097466,999,,27.44329,57.279866010860154,0.10583396997937207,0.09862,0.17383,0.225,0.03561,106.73048331996844
"2026-04-01","SKP5HIU179",,"Ddesh Handmade Multipurpose Jute Organizer Basket (25 cm, Beige)","1 Piece","Storage & Organizers","ddesh",,,750.0054782922884,1299,,19.59042,42.27371483004356,0.054212341160604735,0.06771,0.01136,0.01557,0,744.8648270495828
"2026-04-01","NDR1IB84LJ",,"Awestuffs Luxury Retro Cosmetic Bag (Pink)","1 Piece","Storage & Organizers","Awestuffs",,,667.8213459811076,1000,,64.17363,33.243684856085295,0.090077290786702,0.13125,0.54534,0.74724,0,666.6989947418964
"2026-04-01","A5TCYXL7D2",,"Kuber Industries 3-Tier Plastic Drawers Storage Organizer (Multicolour)","1 Piece","Storage & Organizers","Kuber Industries",,,896.3901615625754,3099,,27.3604,71.07485764560906,0.025324016145760287,0.01605,0.00719,0.00446,0.01454,887.8250712002339
"2026-04-01","PPQ8V1UFQ7",,"Wildcraft Hypadry 2 Tone Rain Cheater Suit (Waterproof, Breathable, Sealed Seams, Dark Grey)","1 pack","Storage & Organizers","Wildcraft",,,1436.1389955077686,1799,,24.30772,20.206789460131354,0.08085474008579684,0.14054,0.02466,0.03378,0,1431.0416386116854
"2026-04-01","KTBC97IR9Z",,"Kuber Industries Plastic Extra Small Size Rectangular Solitaire Storage Basket with Lid (Multicolor)","2 pieces","Storage & Organizers","Kuber",,,299,599,,3.39154,50.08347245409015,0.016661108340732953,0.01817,0.0119,0.01578,0.00141,149.50000000000006
"2026-04-01","XOQX7S2LKC",,"SE7EN Reusable Poncho C006 (Waterproof, Lightweight, Hooded, Reusable)","1 Piece","Storage & Organizers","Se7en",,,89.00121016538927,149,,50.01285,40.267075884618734,0.04140114167743426,0.05407,0.05793,0.07938,0,89.00305704396159
"2026-04-01","UW8NKWF33A",,"Kuber Industries Printed Laminated PVC Jewellery Organiser with 10 Transparent Pouches (Gold)","1 Piece","Storage & Organizers","Kuber Industries",,,391.4484761780899,899,,6.37408,56.45734414036821,0.0023613217931515527,0.00229,0.00265,0.00026,0.00909,397.88603668850584
"2026-04-01","XHAXRKOAPA",,"Kuber Industries 5-Layer Plastic Drawer Storage Organiser (48L, Chocolate Brown)","1 Piece","Storage & Organizers","Kuber Industries",,,1167.203176100152,5399,,26.96458,78.10076550252923,1.569133265453377,0.74016,0.18015,0.16856,0.21146,1205.2115347947724
"2026-04-01","GT99HJGEUU",,"Bathla Ascend Steel Ladder (6 Step)","1 Piece","Storage & Organizers","Bathla",,,4453.303004535148,8599,,5.71665,48.2117207553086,0.26475941936199165,0.29955,0.00058,0.0008,0,445213.4197179995
"2026-04-01","GXBOIM3RCW",,"Kuber Industries Stationary Organizers for Desk and Pen Holder (8 Compartments, with Drawers for Students, White)","1 Piece","Storage & Organizers","Kuber",,,289.50488212372926,1299,,15.71115,78.43224339509675,0.4234862970788021,0.18264,0.07859,0.10769,0,263.55393101152134
"2026-04-01","PP2JWOG005",,"ZEEL Rainfairy Raincoat (Girls, Barbie Print, 9-10 Years, Pink)","1 Piece","Storage & Organizers","Zeel",,,572.3359458153882,597.2430511574074,,84.80019,4.21442214871667,0.11049620155094496,0.23097,0.0566,0.07756,0,572.1766805039072
"2026-04-01","ZXFZVFLMQV",,"Samsung EVO Plus Micro SDXC Memory Card 256GB","1 unit","Storage & Organizers","Samsung",,,3235.831413210445,5792.579581806452,,7.90669,44.141688547893956,0.08275307820663896,0.09934,0.02866,0.03927,0,3205.9138429041113
"2026-04-01","EVJ7DSQXGL",,"Sun Jennifer-2 21.5 Inch Umbrella (3 Fold, Auto Open, UV Protective)","1 Piece","Storage & Organizers","Sun",,,567.8589623385334,620,,15.70712,8.409844784107522,0.00904796873369921,0.01827,0.00258,0.00353,0,572.9354772616924
"2026-04-01","VWLWKKK3VX",,"Absorbia Hanging Pouch (Dehumidifier for Wardrobes, Closets and Bathrooms)","440 g","Storage & Organizers","Absorbia",,,259,299,,0.87859,13.377926421404682,0,0,,,,58.86363636363636
"2026-04-01","0GZ7CM7MJ5",,"PrettyKrafts Shirt Stacker Storage Bins (Fabric, Grey, Black)","1 Piece","Storage & Organizers","PrettyKrafts",,,163.88939235491162,498.993621125,,79.64079,67.62024598788058,2.3637008007809,1.66362,4.30903,2.38022,9.51884,161.5884873325669
"2026-04-01","NQU2JU8XIM",,"Awestuffs Luggage Compression Pouches (Navy Blue)","6 pieces","Storage & Organizers","Awestuffs",,,369.7670877786644,1000,,57.06753,62.9733800786938,1.4726367165565417,1.19191,0.9111,1.24841,0,61.726949384301136
"2026-04-01","NNCYYGRERL",,"CITIZEN Eva Raincoat Poncho (Free Size, Blue, CP04)","1 Piece","Storage & Organizers","Citizen",,,129.94117647058823,149,,0.92254,12.791156731148835,0,0,0,0,0,129.94117647058823
"2026-04-01","O4OWR21QUJ",,"UrbanFix Capsule Umbrella (Folding, Compact, Waterproof Ultra Protective, Assorted)","1 Piece","Storage & Organizers","UrbanFix",,,365.0243254438668,999,,14.55669,63.40860919174647,0.05258769573258397,0.04131,0.03072,0.04209,0,385.9061395614232
"2026-04-01","P4E88AFUG3",,"DECATHLON Quechua Women Compact Rain Pant (Ankle Zip, Black, Size M)","1 Piece","Storage & Organizers","Decathlon",,,1699,1699,,12.5,0,,,,,,169900
"2026-04-01","4TK5M02ZU4",,"Seagate One Touch 2Tb External Hdd With Password ProtectionBlack, For Windows And Mac, With 3 Yr Data Recovery Services, And 6 Months Mylio Create Plan And Dropbox Backup Plan (Stky2000400)","1 Piece","Storage & Organizers","Seagate",,,10649,10999,,0.42619,3.182107464314938,0,0,,,,10649
"2026-04-01","HNX8SQB9C0",,"Kuber Industries 2-Compartment Toiletry Travel Bag (Green)","1 Piece","Storage & Organizers","Kuber Industries",,,213.35221560987526,399,,38.27855,46.59889894039039,0.1478872112013148,0.17146,0.76997,0.1165,2.53502,212.8633805026566
"2026-04-01","672220VR10",,"HOME ESSENTIALS Portable Waterproof Travel Storage Bag","1 Piece","Storage & Organizers","HomeEssentials",,,1055.0050447374392,2999,,35.2204,64.94365666719808,0.10240501904474149,0.07454,0.10752,0.02202,0.33846,100765.5786943077
"2026-04-01","95FTJC710K",,"Kuber Industries Non Woven Clothes Organizer (Black and White)","6 pieces","Storage & Organizers","Kuber Industries",,,332.69559020278217,799,,18.05541,58.30449852867601,0.1376465867217383,0.12443,0.04947,0.02311,0.12067,55.56851819822728
"2026-04-01","P5UK4KK4GU",,"Gubb Travel Bottles for Toiletries (75ml, Refillable Bottle Pump, Spray)","3 pieces","Storage & Organizers","Gubb",,,219.39482156226322,273.95781895833335,,67.34729,19.909132061515304,0.4275319758855484,0.74812,2.04559,0.694,5.6963,73.18226090705852
"2026-04-01","TLGU4HXNCF",,"ZEEL Full Sleeves PVC Rainsuit for Men (XXL, Solid, Black)","1 XXL","Storage & Organizers","Zeel",,,440.0186715292794,449.25377999999995,,66.31864,1.843739744587983,0.02853215678886964,0.06209,0.17041,0.2335,0,450.17211333581173
"2026-04-01","HHPVSY4MUR",,"DREAM WEAVERZ High Water Absorbent Dish Dry Mats (Set of 2, Purple)","1 Piece","Storage & Organizers","Dream Weaverz",,,458.19565802398404,1999,,11.86482,77.11019419665786,0.05658907239519472,0.02437,0.00111,0.00151,0,394.51752734006766
"2026-04-01","5QZWTRKODT",,"Awestuffs Jewellery Storage Travel Case (5 Compartments, White)","1 Piece","Storage & Organizers","Awestuffs",,,365.15703736173197,1000,,48.4751,63.450823852343454,0.13693302451876518,0.10891,0.27047,0.3706,0,367.75666904429187
"2026-04-01","I2LZLAVSZ5",,"Samsung EVO Plus Micro SDXC Memory Card 128GB","1 unit","Storage & Organizers","Samsung",,,2066.4589506172842,3243.4444444444443,,1.51666,36.288134851305,0.0503895739328486,0.0635,0.02616,0.03584,0,2019.268126602805
"2026-04-01","OXZ0RTSVPN",,"Kuber Industries Non-Woven Disney Foldable Storage Box (Yellow)","1 Piece","Storage & Organizers","Kuber Industries",,,300.4119890616005,599,,5.95993,49.8517504443516,0.017657293708270162,0.01934,0.00011,0.00015,0,300.1831498944115
"2026-04-01","YVT2463OM0",,"Lifelong Table Top Board for Ironing (Portable Ironing Stand, Iron Board, Compact & Space Saving, Ironing Table for Dorms, Laundry Rooms)","1 Piece","Storage & Organizers","Lifelong",,,855.9125777998128,2799,,43.22111,69.39200176780102,0.240978448647544,0.15891,0.01092,0.01496,0,853.4964097463557
"2026-04-01","DTXN13ONQF",,"Saaj Quadra Rack Medium (2 Compartments, Plastic, Blue)","1 Piece","Storage & Organizers","saaj",,,249,350,,10.18076,28.857142857142858,0.0012259261308011878,0.00191,0.00392,0.00538,0,249.00000000000006
"2026-04-01","0XKOJ509JP",,"Decathlon Simond Rain Cover for Hiking Backpack (40-60L, Orange)","1 Piece","Storage & Organizers","Decathlon",,,770,1199,,10.95913,35.77981651376147,0.002799440230412597,0.00393,0.00116,0.0016,0,77000
"2026-04-01","B2RAT4P2TY",,"Crownsy Printed Storage Box (Small and Large, Grey)","2 pieces","Storage & Organizers","crownsy",,,205.6206896551724,599,,0.31956,65.67267284554718,0,0,0,0,0,102.81034482758619
"2026-04-01","I0ZZ3C96K9",,"QUECHUA Women Compact Rain Pant (Ankle Zip, Black, 2XL)","1 Piece","Storage & Organizers","Decathlon",,,1699,1699,,20.53571,0,,,0.00001,0.00002,0,169900
"2026-04-01","YUCZJ0TXK1",,"Kuber Industries Non-Woven Saree Cover (Brown)","6 pieces","Storage & Organizers","Kuber Industries",,,398.9797619047619,1785.4310198333333,,22.17921,77.55248759774054,0.8970445234680743,0.45277,0.21868,0.28092,0.05058,66.49999842007387
"2026-04-01","15BS2SU8YS",,"Kuber Industries Non Woven Saree Cover with Zip (Black)","3 pieces","Storage & Organizers","Kuber Industries",,,242.51991964856302,659,,23.49495,62.40467652345973,0.1886654962515158,0.1468,0.08537,0.10782,0.02472,85.44639296477311
"2026-04-01","Q2WLYA39HL",,"EVM Elite 64GB TF Card U3 V30, 100MB/s – CCTV, Mobile – 5 Yr Wty (EETF/64GU1) Silver","1 pack","Storage & Organizers","EVM",,,1134.572075121469,1812.432450597015,,32.68969,37.45738101681996,0.034883998592709416,0.0504,0.05078,0.06958,0,1135.3206798387948
"2026-04-01","14FZ1HUB18",,"SANDISK SDSSDE30-1T00-G26 1TB Portable SSD, 800MB,Type-C to Type-A Cable (Black)","1 unit","Storage & Organizers","SanDisk",,,15516.11771099271,20825.050283809527,,4.34069,25.493012023813723,0.24106425121918984,0.33636,0.08136,0.08329,0.07616,15095.966447515646
"2026-04-01","DRPHZPEARQ",,"LIFELONG Men's Raincoat Set (Waterproof, Polyester, Double-Coated, Reversible, Black and Red Stripe)","1 Large","Storage & Organizers","Lifelong",,,1176.7783335328468,3499,,59.65513,66.34414161553413,0.060248639629534674,0.04458,0.01927,0.02641,0,1240.1673253541135
"2026-04-01","HHOC4I2FV2",,"Kuber Industries 8-Compartment Cosmetic Organizer Storage Box (White)","1 Piece","Storage & Organizers","Kuber Industries",,,299,1299,,68.33333,76.98229407236336,0,0,,,,299
"2026-04-01","GT8U6953KV",,"Zeel Rain Jacket Packable (Free Size, Navy Blue)","1 Piece","Storage & Organizers","Zeel",,,652.2582867951659,748.4201993809525,,79.40141,12.911565028683912,0.13083228656745627,0.24828,0.30932,0.42384,0,650.4807001202678
"2026-04-01","GRP3NPS6YZ",,"Bathla Stainless Steel Bathroom Shelf (39cm)","1 Piece","Storage & Organizers","Bathla",,,789,801.8758799530515,,8.56605,1.6057198221008127,0.0013991072396945423,0.00302,0.01135,0.01555,0,789
"2026-04-01","14YUFPVTG2",,"SANDISK Ultra Dual Drive Luxe USB 3.0, USB 2.0 Type-C 256GB, Metal Pendrive for Mobile, Silver","1 Piece","Storage & Organizers","SanDisk",,,3522.1761882692463,4228.158031101321,,21.53603,16.65237465714618,0.19652728820903348,0.40879,0.11191,0.09174,0.16638,3586.1981569152576
"2026-04-01","0ANDZQCF6W",,"Nuovi White Zip Ties (100mm, Set of 100)","1 pack","Storage & Organizers","Nuovi",,,87.9537071246123,100,,10.70755,12.057888091152591,0.009611463989936639,0.0183,0.01459,0.01999,0,87.84978138155093
"2026-04-01","33WEYTXA8P",,"Wildcraft Hypadry 2 Tone Rain Cheater Suit (Waterproof, Breathable, Dark Grey and Black)","1 pack","Storage & Organizers","Wildcraft",,,1352.7506206624062,1799,,18.47443,24.800984698916203,0.023626526085485086,0.0388,0.01804,0.02472,0,1352.3484523321952
"2026-04-01","A2MI6FZ9TD",,"CITIZEN 19"" Paper Print Piano Umbrella (Spider-Man)","1 Piece","Storage & Organizers","Citizen",,,223.29783631531697,799,,30.44242,72.04793482164212,0.013990547075078207,0.00859,0.00744,0.01019,0,224.4416065618016
"2026-04-01","EY6IWWC5YS",,"Buildskill Roll 2 ply 30 inches (5M)","1 Piece","Storage & Organizers","Buildskill",,,235.64310685514516,329,,13.89287,28.30519709886055,0.04730873628889544,0.07446,0.00779,0.01068,0,23696.087511419297
"2026-04-01","850873WG2N",,"Nayasa Plastic Corner Rack Small (Cream)","1 Piece","Storage & Organizers","Nayasa",,,316.8668292692156,435,,6.53234,27.17563588783749,0.004189441891075335,0.00657,0.00521,0.00714,0,312.73141525205426
"2026-04-01","JLG2DLYN52",,"Zeel Apex Rainsuit for Men (Stylish, Olive)","1 XXL","Storage & Organizers","Zeel",,,1541.7666523910839,1598.3299996666667,,67.74143,3.548539048079409,0.0625325640009159,0.1295,0.0961,0.13169,0,1513.997031976774
"2026-04-01","OAVQ3K2QYM",,"Lifelong Men's Waterproof Raincoat Set with Hood (Navy Blue and Royal Blue Stripe, Reversible, Double Coated)","1 XL","Storage & Organizers","Lifelong",,,1004.1296948034594,2999,,66.41447,66.32866220918667,0.38773674315620416,0.29663,0.1074,0.14716,0,1058.7233766819736
"2026-04-01","AQ7KFBQYNG",,"Casacraft By Pepperfry Engineered Wood Wall Shelf (Mapple White)","1 Piece","Storage & Organizers","Casacraft by Pepperfry",,,2292.1468333333337,2899,,7.53728,20.933189605611126,0.0016920617343139377,0.00291,0.00167,0.00219,0.00025,2285.961198780597
"2026-04-01","DY5OEO2KWC",,"Robustt Travel Friendly Pongee Reusable Waterproof Rainsuit for Men, Women (Full Body Protection, Quick Dry)","1 pack","Storage & Organizers","Robustt",,,1677.1177156177157,1999,,51.48069,16.102165301765098,0.0017501973542862267,0.00287,0.01127,0.00036,0.04074,1503.5203129390538
"2026-04-01","FIDXUKVQLK",,"Kuber Industries Non-Woven Undergarment Organizer (Grey)","1 Piece","Storage & Organizers","Kuber Industries",,,292.20925581624505,799,,13.23522,63.399470534169375,0.02063551848082645,0.01546,0.00183,0.00132,0.00321,326.4789096171955
"2026-04-01","E59VQSFLTL",,"Awestuffs First Aid Kit Emergency Bag (Portable Emergency Kit Bag Travel Survival Kit Empty, Grey)","1 Piece","Storage & Organizers","Awestuffs",,,237.5429710321324,500,,11.39075,52.49140579357352,0.01284587072640696,0.01336,0.00763,0.01045,0,238.17925593688759
"2026-04-01","FS14XIC6P5",,"Sun Golf 30"" Umbrella (Non-Folding, Big Size, UV Protective, Blue)","1 Piece","Storage & Organizers","Sun",,,892.1076316265566,1498.4267406666663,,32.76846,40.46473246851145,0.13080794665427511,0.16972,0.18861,0.25843,0,892.000381307496
"2026-04-01","PLVB97XQU1",,"ROBUSTT Large Solid Umbrella (2 Fold, UV Protective, Windproof, Maroon)","1 Piece","Storage & Organizers","Robustt",,,695.885093853515,1199,,29.25947,49.69202406100392,0.04933963062756593,0.04038,0.02534,0.0127,0.05947,46263.15675169403
"2026-04-01","ASK2WZQGRM",,"CITIZEN Ladies Rainsuit (Reversible Series, Pink, CRLE03)","1 XXL","Storage & Organizers","Citizen",,,1279.1875408496733,1599,,32.02789,19.398953389986385,0.2575968308097431,0.45729,0.01117,0.0153,0,1298.987885663366
"2026-04-01","K9MKO29OKN",,"Kuber Industries 2-Compartment Non-Woven Foldable Storage Box with Double Lid (Small, Maroon)","1 Piece","Storage & Organizers","Kuber Industries",,,320.9913371812045,1299,,11.63557,75.24282787459316,0.06823931055181016,0.03507,0.01822,0.01267,0.03322,347.3371329436108
"2026-04-01","60WXGP8M3C",,"Kuber Industries Foldable Boxes for Storage (Pack of 4, Multipurpose Storage Organizer for Clothes, Wardrobe, Closet, Toys, Books)","4 pieces","Storage & Organizers","Kuber",,,695.9151385508043,1399,,13.65369,50.25575567473027,0.042386820607627065,0.04617,0.0059,0.00808,0,696.0025178419169
"2026-04-01","QU71M9TW6P",,"PrettyKrafts Single Saree Cover Cloth Organizer (1 Compartment, Non Woven Fabric, Blue)","1 pack","Storage & Organizers","PrettyKrafts",,,158.6242671040389,499,,15.19828,68.21156971862948,0.01720551690246141,0.01196,0.01314,0.01801,0,158.74896157707957
"2026-04-01","703I0XYFQ5",,"SE7EN Refillable Empty Perfume Bottle (Assorted)","1 Piece","Storage & Organizers","Se7en",,,97.96771956549533,119,,35.85599,18.132358452763587,0.04746125473767816,0.08397,0.08791,0.12045,0.00001,96.85063705011838
"2026-04-01","27H1T0X0UC",,"SANDISK Extreme 128GB microSDXC UHS-I, V30, 190MB/s Read,90MB/s Write, Memory Card for 4K Video on Smartphones, Action Cams and Drones","1 Piece","Storage & Organizers","SanDisk",,,3229.3538014147316,3788.1972879916316,,30.58771,15.660558639975385,0.6904762330890077,1.15978,0.15057,0.09658,0.2964,3248.094770506576
"2026-04-01","F4GLOOVSYB",,"WD Elements 1TB External Hard Disk Drive (HDD) 5GB/s, USB 2.0,USB 3.0, Compatible with Windows 10, Wired - Black","1 unit","Storage & Organizers","WD",,,9028.069599177383,12823.772631171549,,22.09236,29.609152899757397,0.3575690842873912,0.54477,0.02403,0.02527,0.02067,9109.962504806248
"2026-04-01","P515ATVQH1",,"Kuber Industries Non Woven Saree Cover with Zip (Maroon)","6 pieces","Storage & Organizers","Kuber Industries",,,421.27091011241106,1099,,7.98574,61.67768229968182,0.02822414306738995,0.02265,0.00151,0.00207,0,73.46488114387682
"2026-04-01","X8ZQAJXNW6",,"UtiliKart Vacuum Storage Bag with Pump (Nylon, Multicolor)","6 pieces","Storage & Organizers","utilikart",,,484.16336748453193,699.0850860833333,,59.75379,30.682443444917066,0.5234074192280409,0.79202,0.79356,1.08736,0,80.87867318074035
"2026-04-01","G22YHFOQ6V",,"SUN BRAND 23"" Checks Print Umbrella (2 Fold, Auto Open, UV Protective)","1 Piece","Storage & Organizers","Sun",,,450,571.3025515555555,,29.06828,21.188587770137406,0.023964132938818137,0.04133,0.00336,0.0046,0,449.99999999999994
"2026-04-01","SOFKBRL2D6",,"HP V222W 32Gb USB 2.0 Pen Drive (Silver)","1 Piece","Storage & Organizers","HP",,,679,2599,,5.88085,73.87456714120816,0.005309428111987262,0.00303,,,,67899.99999999999
"2026-04-01","RM08TFM5LH",,"Lifelong Men's Waterproof Raincoat Set (L, Navy Blue and Royal Blue Stripe, Reversible, Double Coated)","1 L","Storage & Organizers","Lifelong",,,814,2999,,24.92972,72.85761920640213,0.00525164270659312,0.00311,0,0,0,81.39999999999999
"2026-04-01","Z17SBV2RIN",,"Kuber Industries Polyester Storage Bag with Handle (Black)","1 Piece","Storage & Organizers","Kuber Industries",,,262.83374892311923,499,,18.96397,47.25775880377079,0.06489563686695818,0.07451,0.06362,0.06129,0.06991,267.23506734555696
"2026-04-01","VPYFP8PNPR",,"Robustt Transparent Umbrella (Auto Open, J Hook Handle, Bubble, Windproof)","1 Piece","Storage & Organizers","Robustt",,,281.8343596821858,499,,28.64338,43.479725572394514,0.0024754917456272525,0.00313,0.01365,0.00134,0.04691,28888.496564018307
"2026-04-01","FOFU4OT64Z",,"SE7EN Two Times Pill Organizer For Whole Week","1 Piece","Storage & Organizers","Se7en",,,149,149,,15.42129,0,0.0001740566453387203,0.00038,0,0,0,14900
"2026-04-01","4P0FIHJ36J",,"ZEEL Outlander Rainsuit (Men, Polyester, Black, Size L)","1 pieces","Storage & Organizers","Zeel",,,791.6294473298861,799,,48.97426,2.4090255435224646,0.059997185562425635,0.12426,0.11127,0.15246,0,75910.38928798208
"2026-04-01","VRUCSQEL1W",,"HOME ESSENTIALS Hung Yogurt Filter & Curd Maker with Fine Mesh Strainer (1.1L, White)","1100 ml","Storage & Organizers","HomeEssentials",,,836.4380837359098,999,,3.94542,16.272464090499522,0.004081750908295342,0.0071,0.00009,0.00008,0.00013,72.91438915596368
"2026-04-01","ZZ4JB5LPL8",,"Cello Medico First Aid/Medical Box (Plastic)","1 Piece","Storage & Organizers","Cello",,,264.28438144208735,308,,14.09656,14.221296011057177,0.00730302459808518,0.01333,0.05552,0.07607,0,262.58947858263525
"2026-04-01","4L6AX7BTNY",,"CITIZEN Eva Raincoat Poncho (Free Size, White, CP04)","1 Piece","Storage & Organizers","Citizen",,,132.70606060606062,149,,11.37725,10.935529794590188,0.00008702832266936015,0.00017,,,,131.43522982963677
"2026-04-01","J4ON0ACUC5",,"Lifelong Drench Dew Kids Raincoat (10-11 Years, Waterproof, Single-Layer PVC, Green)","1 Piece","Storage & Organizers","Lifelong",,,549,1999,,39.27445,72.53626813406703,0.00350021960128338,0.0021,,,,549
"2026-04-01","66CINMFOZN",,"Buildskill Box 5 ply OP (Pack of 3) L","3 Piece","Storage & Organizers","Buildskill",,,543.0375648148148,699,,3.79583,22.553090003356075,0.08115767569589341,0.13452,0.00209,0.00286,0,17669.650087118724
"2026-04-01","DILA63X5TH",,"Kuber Industries Non Woven Dress Organizer (Red)","12 pieces","Storage & Organizers","Kuber Industries",,,247.2533333333333,597.5035014814814,,5.74172,58.71210099970899,0.015357259466294211,0.01234,0.00002,0.00001,0.00007,18.762533578603133
"2026-04-01","QTOXFXNTU0",,"Zulaxy Foldable Fabric Storage Organizers with Lid (for Clothes and Multipurpose Use)","1 pack","Storage & Organizers","Zulaxy",,,702.0972487343349,1599,,31.22733,56.14308258591148,0.6027861799742401,0.57582,0.40174,0.03436,1.39407,699.8055175491376
"2026-04-01","9M5QCWITH4",,"IKEA MURVEL Shoe Organiser (Polypropylene Plastic, Grey)","1 Piece","Storage & Organizers","IKEA",,,110.58974765974766,111,,8.71333,0.36959670293003294,0.00038873818174241356,0.00085,0.02209,0.03027,0,110.83186379497857
"2026-04-01","RK18TV5S7A",,"Bathla Stomo Taro Multipurpose Shelf Organizer (Skin)","2 pieces","Storage & Organizers","Bathla",,,951.453021176108,997.2510787378641,,13.54619,4.592429984605162,0.004926993792651481,0.01056,0.00708,0.00047,0.02494,473.2030394221819
"2026-04-01","TDT8GA93W1",,"Java Plastic 2 layer Stackable Organiser/Storage Container (Transparent)","1 pack","Storage & Organizers","Java",,,190.19774128854945,275,,25.8345,30.826514836204527,0.02624998349037916,0.04007,0.01016,0.01392,0,190.57213625238538
"2026-04-01","91VAWA8JX4",,"Kuber Industries Non-Woven Blouse Cover (Maroon)","3 pieces","Storage & Organizers","Kuber Industries",,,242.82227607317958,460.27063080000005,,17.34501,47.24358674566564,0.004674489081807986,0.0051,0.00702,0.00963,0,78.19004369914447
"2026-04-01","72Y4VPN8F9",,"Kuber Industries 4-Layer Metal Storage Trolley with Wheels (Black)","1 Piece","Storage & Organizers","Kuber Industries",,,2545.389719126421,11699,,10.29915,78.2426727145361,0.061457930567873915,0.02869,0.00488,0.00669,0,2499.3086405085514
"2026-04-01","F3P6NN77R3",,"Kuber Industries Non-Woven Shoe Cover (Grey)","12 pieces","Storage & Organizers","Kuber Industries",,,307.7110080816428,649,,24.55195,52.70857878575383,0.11862135487122863,0.1196,0.15761,0.21596,0,25.486551729837615
"2026-04-01","VK9WK04UF6",,"Nestasia PVC Travel Bag Kit (4 Different Sizes, Grey and Transparent)","4 pieces","Storage & Organizers","Nestasia",,,1029.3177972016215,1529.3438029999998,,49.31784,32.69393816385591,0.11163089678413902,0.16479,0.4948,0.09969,1.56202,257.062627376767
"2026-04-01","NW7F6JFT1D",,"SUN GOLF 30"" Big Size Umbrella (Non-Folding, UV Protective, Black)","1 Piece","Storage & Organizers","Sun",,,890,1499,,40.29863,40.62708472314877,0.1163707008847713,0.15098,0.15677,0.21481,0,890
"2026-04-01","TSW29GHNLD",,"Kuber Industries 4-Shelf Non Woven Wardrobe Hanging Organizer (Brown)","1 Piece","Storage & Organizers","Kuber Industries",,,264.6168790261848,599,,16.75111,55.81984887149756,0.0208048472293602,0.01776,0.00256,0.00343,0.00023,272.6043884985524
"2026-04-01","TXWWLA6NQI",,"CITIZEN Paper Print Piano Umbrella (19x8"", Frozen)","1 Piece","Storage & Organizers","Citizen",,,210,799,,23.61074,73.71714643304131,0.004430564628129075,0.00254,0.01462,0.02004,0,209.99999999999997
"2026-04-01","0H2W4HF278",,"SUN BRAND 21.5"" Joya-6 Umbrella (3 Fold, Manual Open, Compact- UV Protective, Floral)","1 Piece","Storage & Organizers","Sun",,,435.14991735831165,545.7499764444444,,58.04165,20.323592718429556,0.04478176300028067,0.0774,0.02622,0.03593,0,435.0005264178101
"2026-04-01","9HNU612KGT",,"Sun Toys4 19"" Kids Umbrella (Non-Folding, UV Protective, Auto Open)","1 Piece","Storage & Organizers","Sun",,,415.79306891025647,600,,7.29508,30.701366666666665,0.010856651922535872,0.01641,0.00004,0.00006,0,416.50352966910594
"2026-04-01","38BJY08MRM",,"Awestuffs Luggage Compression Pouches (Pink)","6 pieces","Storage & Organizers","Awestuffs",,,359,1000,,17.15241,64.1,0.0068051945752501865,0.00534,0.00021,0.00029,0,59.83333333333332
"2026-04-01","Q70LXW0H1K",,"HomeStrap Stack It Up Foldable Stackable Closet Organizer (Plastic, White)","3 pieces","Storage & Organizers","Homestrap",,,963.4752157204637,1997.8239579166664,,37.95786,51.80453404517316,0.6094337779893244,0.63871,0.19807,0.20041,0.19176,320.4861112963335
"2026-04-01","X055ZVM3OI",,"Chumbak Whimsical Tropical Toucan Decorative Trinket Box","1 Piece","Storage & Organizers","Chumbak",,,999,1295,,19.37282,22.857142857142858,0.008504435708416126,0.01453,0.00289,0.00396,0,999
"2026-04-01","QBWTT5Q8W4",,"PrettyKrafts Innerwear Clothing Organizer (15+1 Compartment, Fabric, Black)","1 Piece x 2","Storage & Organizers","PrettyKrafts",,,346.0344827586207,998,,0.3963,65.32720613641075,,,0.00009,0.00012,0,346.0344827586207
"2026-04-01","LT5TF3SN85",,"Godrej Locks Ace Pro 7 Levers Round Padlock with 3 Keys (55mm, for Gate Lock, Tool Box, Shutters, Shops & Offices, Silver Finish)","1 pack","Storage & Organizers","Godrej Locks",,,486.66502694645106,490,,10.19553,0.6797261022901303,0.0050043912144218175,0.01091,0.03682,0.05045,0,487.3323723509785
"2026-04-01","9RMZ37IA74",,"CITIZEN Auto Open Auto Close Umbrella (3 Fold, Mechanical Lock, Mickey and Friends, Yellow)","1 Piece","Storage & Organizers","Citizen",,,823.5694322814276,1499.000759326923,,52.47418,45.05877150781268,0.01749969714810432,0.02117,0.13105,0.17957,0,829.8686956437841
"2026-04-01","V47Y4BU4OY",,"SIMOND Rain Cover for Hiking Backpack (Blue, 20-40L)","1 Piece","Storage & Organizers","Decathlon",,,999,999,,5.3315,0,0,0,0.00121,0.00166,0,99900
"2026-04-01","ALOM98XSX5",,"Crownsy Clothing Storage 7 Grids Organizer (Grey)","2 pieces","Storage & Organizers","crownsy",,,291.63392857142856,599,,1.58077,51.31320057238254,0.0005244463307741119,0.00055,0.00005,0.00007,0,144.97642118863047
"2026-04-01","T2IAPVFMSX",,"Kuber Industries 4-Layer Foldable Shoe Rack (White)","1 Piece","Storage & Organizers","Kuber Industries",,,1404.3227784252065,5799,,21.72545,75.6951543708556,0.39940921993853185,0.20844,0.11782,0.13453,0.0727,1520.4923997659555
"2026-04-01","LKZTFDQIUG",,"SANDISK Ultra Dual USB Drive 3.1, SDDDC2-256G-I35 256GB, USB 3.1/Type C Reversible Connector, Retractable Design, Type-C OTG-Enabled Android Devices, 5Y (Black, Silver)","1 Piece","Storage & Organizers","SanDisk",,,3300,3300,,0.6159,0,0,0,,,,3300
"2026-04-01","H5HXX5PYS4",,"Cheston Hand Tool Box (5 Compartment, 40x20x20 cm, Red and Black)","1 Piece","Storage & Organizers","Cheston",,,2185.0714285714284,2999,,13.53915,27.139999047301483,0,0,0.001,0.00138,0,2185.0714285714284
"2026-04-01","G2EJ6T84BT",,"ABZORBZAP Hanging Dehumidifier (Rose)","220 g","Storage & Organizers","Abzorb Zap",,,101.46227600173937,137.0685415677966,,16.5019,25.965732744400547,0.003664645345723077,0.00581,0,0,0,47.159491544403735
"2026-04-01","GWC43GIUVM",,"PrettyKrafts Innerwear Clothing Organizer (Fabric, Black)","1 Piece","Storage & Organizers","PrettyKrafts",,,171.68029675879677,499,,25.08713,65.59513091006077,0.00684354307155721,0.00514,0.00111,0.00152,0,172.53142017140053
"2026-04-01","SBR443N6RK",,"Joyo 3 Step Jaguar Corner Wall Mount Rack (54cm, Assorted)","1 Piece","Storage & Organizers","Joyo",,,213.13571803196808,466.8133281818181,,14.97544,54.347025851463684,0.028134137920806344,0.02745,0.01088,0.01465,0.00072,213.50874575988706
"2026-04-01","G39PC8UULS",,"Crownsy Double Side Pocket Clear Hanging Bag (Grey)","1 Piece","Storage & Organizers","crownsy",,,155,599,,0.33294,74.12353923205342,0,0,0,0,0,155
"2026-04-01","25HT0SR4D5",,"ZEEL Waterproof Rainsuit for Men (Premium Fabric, Hooded, Lightweight, Durable)","1 XXL","Storage & Organizers","Zeel",,,1662.5765130183015,1848.5135441666669,,54.24748,10.039180388678654,0.21530859560586418,0.42346,0.11654,0.15968,0,1664.022504658346
"2026-04-01","QUCRRXUYDJ",,"H&H Multi-Layer Dustproof Shoe Rack (5 Layer, Zig-Zag Design, for Home, Living Room, & Offices)","1 Piece","Storage & Organizers","Hh",,,640,1299,,1.49966,50.73133179368745,0.003411965527590508,0.00367,0,0,0,640
"2026-04-01","1B0RAL2XBT",,"Kuber Industries Non Woven Saree Cover with Zip (Cream)","3 pieces","Storage & Organizers","Kuber Industries",,,195.46284732086326,660.5112353097345,,15.07777,70.44915716627538,0.6027737473567158,0.36365,0.30918,0.40498,0.05043,65.47282782572582
"2026-04-01","FJQP6JDWA7",,"Kuber Industries Saree Cover with Zip (Cream)","12 pieces","Storage & Organizers","Kuber Industries",,,505,1399,,2.90685,63.90278770550393,0.006532377418874207,0.00515,0.00001,0.00001,0,42.0833333333333
"2026-04-01","8VG32PJ7WK",,"Kuber Industries 2-Compartment Toiletry Travel Bag (Green)","2 pieces","Storage & Organizers","Kuber Industries",,,334,799,,4.7305,58.19774718397998,0.004197321719083627,0.00383,0.00707,0.00072,0.02421,167
"2026-04-01","6T5E2IFFEC",,"EVM EnStore 2.0 128GB Metal USB Flash Drive, Fast & Durable – 10 Yr Wty (EVMPD/128GB) Silver","1 pack","Storage & Organizers","EVM",,,1223.2328293864052,3838.548799317074,,15.0613,68.05277329740763,0.11320773792224281,0.07964,0.01598,0.0219,0,1287.1628699216428
"2026-04-01","1SG5CYK5X1",,"Quechua Rain Cover for Hiking Backpack (Green, 10-20 L)","1 Piece","Storage & Organizers","Decathlon",,,385,699,,11.44567,44.92131616595136,0.0006119999753106916,0.00074,0.00136,0.00187,0,38500
"2026-04-01","KIR0CTQ4W6",,"Kuber Industries Non-Woven Storage Box with Handle (Brown)","4 pieces","Storage & Organizers","Kuber Industries",,,560.7916459354158,1399,,22.05381,59.94202771008296,0.13188152944358264,0.11371,0.2054,0.18788,0.2527,139.8045462390436
"2026-04-01","621V93KE4M",,"Kuber Industries Non Woven Coat Cover with Zip (Grey and Black)","2 pieces","Storage & Organizers","Kuber Industries",,,291.12227977049406,599,,6.23985,51.431352108648014,0.042007363112205535,0.04392,0.0008,0.00109,0,143.2772393126034
"2026-04-01","7THJF2VZQ6",,"Kuber Industries Portable Plastic Storage Box (White)","1 Piece","Storage & Organizers","Kuber Industries",,,311.3744826388889,699,,8.20887,55.47953216744673,0.01856399925109098,0.0161,0.0185,0.02518,0.00045,300.01692343548757
"2026-04-01","G88CH5CD6T",,"ZEEL Waterproof Rain Pant (Free Size, Elastic Waistband, Lightweight, Durable, Black)","1 Piece","Storage & Organizers","Zeel",,,483.2766169901278,498.3169320091323,,51.64208,3.1427482427528886,0.06680850889279336,0.13984,0.09313,0.12761,0,479.6336138885471
"2026-04-01","UJB1YED209",,"CITIZEN Ladies Rainsuit (Reversible Series, Purple)","1 XXL","Storage & Organizers","Citizen",,,795.6414406351721,1599,,39.1454,49.551959976869384,0.1707978986890688,0.19993,0.03292,0.0451,0,876.4998951507496
"2026-04-01","OOXPJN9G2R",,"Awestuffs Portable Cosmetic Toiletry Pouch (Purple)","1 Piece","Storage & Organizers","Awestuffs",,,364,1000,,14.83746,63.6,0.0017508977834425196,0.00139,0.00269,0.00368,0,364
"2026-04-01","FMDF778KIQ",,"Ikea Fjäderharv Storage Box with Lid (32x35x31cm, White)","1 Piece","Storage & Organizers","IKEA",,,829,958,,5.7757,13.465553235908143,0.008667110379965091,0.01639,0.00547,0.00749,0,828.9999999999999
"2026-04-01","HXA1UOU425",,"SANDISK 256 GB Ultra CZ48 USB 3.0 Flash Pen Drive, Lightweight (Black)","1 unit","Storage & Organizers","SanDisk",,,4438.299656055324,4438.2996561572045,,8.69379,2.293683846581586e-9,0.041529495320324884,0.09075,0.05932,0.05071,0.08258,8128.654374994224
"2026-04-01","7WWB2EEXRJ",,"Crownsy Cloth Organizer With Handle (Grey)","3 pieces","Storage & Organizers","crownsy",,,283,799,,0.55986,64.58072590738423,0.00862771123992363,0.00668,0,0.00001,0,94.33333333333334
"2026-04-01","ARMFI0FCDV",,"WonderStand SHELFIE+ Bathroom Caddy Shelf Rack with Hooks (Set of 2, Metal)","1 Piece","Storage & Organizers","WonderStand",,,479,499,,2.05182,4.008016032064138,0.010048006461596022,0.02108,0.00044,0.0006,0,47900.00000000001
"2026-04-01","RJSI44LNLM",,"Samsung Type-C Usb Flash Drive, 64Gb, Transfers 4Gb Files In 15 Secs W/Up To 300Mb/S 3.13 Read Speeds, Compatible W/Usb 3.0/2.0, Waterproof, Blue","1 unit","Storage & Organizers","Samsung",,,935.8505633019279,2239,,14.5595,58.208073695454814,0.14734770564368038,0.13386,,,,932.8010327210332
"2026-04-01","S1GR9LYX36",,"HomeStrap Vacuum Storage Bags with Pump (4 Vacuum Bags (1 Small, 2 Medium, 1 Large), Transparent)","1 pack","Storage & Organizers","Homestrap",,,489.2328763675873,1099,,35.9079,55.475186319100764,0.2648639584135683,0.25804,0.34811,0.43257,0.11997,489.5554545410971
"2026-04-01","1NV0VH9998",,"EUME 21"" Leatrix Umbrella (2 Fold, Auto Open)","1 Piece","Storage & Organizers","Eume",,,264.61002187366626,449,,20.25948,41.06681027312556,0.00026213561174251936,0.00031,0.00256,0.0035,0,252.02140731358995
"2026-04-01","RYLKZWLO6J",,"PrettyKrafts Wardrobe Organizer (Non Woven Fabric, Beige)","1 Piece","Storage & Organizers","PrettyKrafts",,,315.39469938761874,802.2436472645741,,15.44165,60.76657497320826,0.10510955112447644,0.08869,0.0282,0.03864,0,311.42617896699176
"2026-04-01","6OFQE85RAF",,"ZEEL Rainfairy Barbie Print Raincoat (7-8 Years, Pink)","1 Piece","Storage & Organizers","Zeel",,,572.4082936369438,598.9509789099525,,71.84963,4.504660645625709,0.06975346328042578,0.14514,0.04004,0.05487,0,570.3356089721319
"2026-04-01","7JBJ7SCHNY",,"Kuber Industries Non-Woven Foldable Drawer Organizer (12 Pieces Wardrobe Organizer for Clothes, Storage Box for Socks, Bra and Scarfs)","12 pieces","Storage & Organizers","Kuber",,,1043.2063637777007,3999,,9.91978,73.95298931149027,0.25972438437198203,0.12985,0.00919,0.0056,0.01889,83.21628778188939
"2026-04-01","DBLBQ8YBKO",,"Absorbia Reusable Box with Refill (Set of 3, Dehumidifier for Basements and Storage Rooms)","3 pieces","Storage & Organizers","Absorbia",,,990,1197,,10.86331,17.293233082706767,0.01816563016844954,0.03283,0.00034,0.00046,0,990
"2026-04-01","ATTOJQCUWB",,"HP v150w 64 GB USB 2.0 Flash Drive (Blue)","1 unit","Storage & Organizers","HP",,,773.969696969697,3099,,15.66727,75.0251791878123,0,0,,,,773.969696969697
"2026-04-01","0T4TMGT7UR",,"FENDO Raincoat for Men and Women (Unisex, Waterproof, PVC Transparent, Free Size, Blue)","1 Piece","Storage & Organizers","Fendo",,,240,1249,,8.56003,80.78462770216173,0.002186914933234686,0.00092,,,,239.99999999999997
"2026-04-01","NYINYRGI2E",,"Nuovi White Zip Ties Assorted (Set of 100)","1 pack","Storage & Organizers","Nuovi",,,147.54571428571427,150,,7.7825,1.6489655293642083,0.0035896994259997646,0.00759,0.00576,0.0079,0,146.0214902957655
"2026-04-01","ZYKTS4OW3N",,"Kuber Industries 2-Layer Plastic Drawer Storage Organiser (19L, Chocolate Brown)","1 Piece","Storage & Organizers","Kuber Industries",,,699,3099,,3.75592,77.44433688286544,0.015375295517068748,0.00758,0.00007,0.0001,0,699
"2026-04-01","TM1YF7FGMT",,"Zeel Rain Jacket and Pant Suit for Men (Stylish, Polyester)","1 XL","Storage & Organizers","Zeel",,,941.1497145589383,1048.965560880829,,73.37384,10.244854645429525,0.202057526612542,0.39695,0.31674,0.434,0,943.0500202792086
"2026-04-01","ES10GNR0JQ",,"Absorbia Refill Pouch for Reusable Box (Set of 3, Moisture Absorber)","350 g","Storage & Organizers","Absorbia",,,450,599,,0.34083,24.874791318864773,0,0,,,,128.57142857142858
"2026-04-01","9YFTEZGZ60",,"CITIZEN Ladies PVC Series Raincoat (with Zip, Orange, XL)","1 Piece","Storage & Organizers","Citizen",,,282,289,,1.3528,2.422145328719723,0.0005058849581323569,0.00108,,,,282
"2026-04-01","O6TOWPSKB0",,"Crownsy Non-Woven Storage Organizer with Lid (Brown)","1 Piece","Storage & Organizers","crownsy",,,220,499,,1.30637,55.91182364729459,0,0,,,,220.00000000000003
"2026-04-01","TOSF6UHMEC",,"SE7EN Single Time Pill Organizer For Whole Week","1 Piece","Storage & Organizers","Se7en",,,99,99,,3.43444,0,0,0,0,0,0,9900
"2026-04-01","GF8Y66YID6",,"Fendo Waterproof PVC Transparent Raincoat (Unisex, Free Size, Transparent)","1 Piece","Storage & Organizers","Fendo",,,593.9997289855893,2596.808834666667,,27.67672,77.12577439598928,0.028064445219755232,0.01413,0.00087,0.0012,0,598.9398449720643
"2026-04-01","PQ7GPO3YT8",,"Kuber Industries Clothes Organizer for Wardrobe with Zip (Cream)","5 pieces","Storage & Organizers","Kuber Industries",,,301.7334078529362,599,,28.67229,49.63430650438928,0.15145957500569632,0.16522,0.15816,0.10311,0.30686,60.286349022913505
"2026-04-01","E51ZRYKLXU",,"Samsung Type-C Usb Flash Drive, 256Gb, Transfers 4Gb Files In 11 Secs W/Up To 400Mb/S 3.13 Read Speeds, Compatible W/Usb 3.0/2.0, Waterproof, 2022,Blue","1 unit","Storage & Organizers","Samsung",,,3080.1632978132975,6269,,3.19311,50.866752307971005,0.03293277807056721,0.03362,,,,3027.277959629976
"2026-04-01","194MH6QYU1",,"Kuber Industries Non-Woven Blouse Cover (Green)","3 pieces","Storage & Organizers","Kuber Industries",,,214.9997128916926,399,,21.17712,46.11536017752064,0.002328926944673018,0.00282,0.00181,0.00221,0.00072,74.89044467357354
"2026-04-01","Y9Q9JBIP0X",,"Kuber Industries Non-Woven Shirt Organizer (Black)","4 pieces","Storage & Organizers","Kuber Industries",,,615.7582952516141,1950.031964318182,,32.27737,68.5254010809085,0.4071712007412778,0.27161,0.2971,0.14391,0.71088,153.63149941788117
"2026-04-01","FI4NRBO0I5",,"Crownsy Clothes Organizer (Grey)","1 Piece","Storage & Organizers","crownsy",,,322,799,,1.91388,59.69962453066333,0,0,0,0,0,322
"2026-04-01","MHAVD4LVAS",,"HP 64 GB USB 3.2 Flash Drive, 712 Watts (Blue)","1 unit","Storage & Organizers","HP",,,579,1155,,2.12957,49.87012987012987,0,0,,,,579
"2026-04-01","4Y7XB49ASC",,"Zeel Rain Suit for Women (Waterproof, Solid)","1 XL","Storage & Organizers","Zeel",,,1049,1049,,74.39887,0,0.016531353839529746,0.03612,,,,1049
"2026-04-01","AVHJ719VI8",,"utiliKart Manual Hand Sewing Machine","1 Piece","Storage & Organizers","utilikart",,,146.61904761904762,175,,1.39167,16.217687074829932,0.0015320136721010706,0.0028,0.00055,0.00075,0,145.47667471717298
"2026-04-01","YX54F7PNP3",,"EVM 128GB 2.5"" SATA Internal SSD, 550mb/s Read – 5-Year Warranty (EVM25/128GB) Black","1 pack","Storage & Organizers","EVM",,,2753.957207207207,3428.6171172972977,,1.82057,19.67731849340792,0.008169280357130099,0.01479,0.01117,0.01531,0,2894.53835068831
"2026-04-01","PP57G2PHZU",,"Kuber Industries 5-Layer Plastic Drawer Storage Organiser (60L, Black & Grey)","1 Piece","Storage & Organizers","Kuber Industries",,,1526.9948369084475,5798.887718,,12.99267,73.66745294673339,0.13200813201358258,0.07498,0.00961,0.0085,0.01259,1513.010745645089
"2026-04-01","OAU3ONP2T6",,"Kuber Industries Jute Potli Bag (Multicolour)","5 pieces","Storage & Organizers","Kuber Industries",,,716.5587450868485,1798.9607200952385,,28.8144,60.08558674071997,0.055128502497035506,0.04535,0.01233,0.0169,0,155.46486601857947
"2026-04-01","TCPY5NR58H",,"Bathla Stomo 6 - XXL Plastic Multi-Purpose Storage Organizer (118cm)","1 Piece","Storage & Organizers","Bathla",,,1990.7858156028367,3999,,2.14808,50.21790908720088,0,0,0.0237,0.00211,0.08201,1990.7858156028367
"2026-04-01","3UAM3JO6U2",,"SANDISK Ultra MicroSDXC 256 GB Memory Card (Red)","1 Piece","Storage & Organizers","SanDisk",,,4202.552963442917,4362.507903208333,,35.45326,3.2750351922865057,0.7252917647316897,1.57699,0.53107,0.27963,1.21023,4368.686439721863
"2026-04-01","OMM08HW099",,"ABZORBZAP Moisture Absorber (Rose)","280 g","Storage & Organizers","Abzorb Zap",,,179.10993784194198,200.06099380952378,,39.08925,10.378740935533584,0.013125341959767722,0.02613,0.0015,0.00205,0,64.15182642136607
"2026-04-01","ZTEKC859IT",,"Urbanfix Portable Jet Spray (500ml, Travel Bidet Spray for Toilet)","1 Piece","Storage & Organizers","UrbanFix",,,300,999,,5.17513,69.96996996996997,0.0017493218178408609,0.00115,0,0,0,300
"2026-04-01","XB61NTVI45",,"Kuber Industries 4-Layer Kitchen Storage Rack (Black)","1 Piece","Storage & Organizers","Kuber Industries",,,710.033019797175,2699,,22.86889,72.6988273806039,0.41748431963853067,0.21096,0.16541,0.14058,0.23247,823.8224931074178
"2026-04-01","5Y7XV2AY68",,"Kuber Industries Storage Box for Kids (Red)","1 Piece","Storage & Organizers","Kuber Industries",,,251.08615132990133,599,,3.20712,58.08244552088459,0.000349689256279099,0.0003,0.0004,0.00005,0.00135,243.58624285210666
"2026-04-01","E54VKIKKBP",,"KK UMBRELLAS Premium Bs Umbrella (2 Fold, Auto Open, UV Protective, Black)","1 Piece","Storage & Organizers","Kk Umbrellas",,,200.10260025062658,499,,21.28321,59.89671515917541,0.06183948935076433,0.05417,0.22868,0.31334,0,200.2570784651318
"2026-04-01","H21BYI4ZN1",,"Zeel Rainsuit for Men (Premium Fabric)","1 XL","Storage & Organizers","Zeel",,,1755.5950570662749,1849,,43.10028,5.012538731568303,0.12284984568776729,0.25546,0.09376,0.12848,0,1758.4472040947228
"2026-04-01","H58Q1A0SAP",,"Kuber Industries Jewellery Kit (Satin Jewellery Storage Kit, Moti Beads Jewellery Kit, Cosmetic Kit with 6 Flappable Pouches, Travel Kit for Necklace)","2 pieces","Storage & Organizers","Kuber",,,728.2765845265845,2399,,5.59395,69.64249335028826,0.016803470566749433,0.01043,0.00474,0.00375,0.00744,306.87628800159445
"2026-04-01","QCITPX1PK0",,"UrbanFix Polyester Raincoat with Pants and Adjustable Hood for Men (Blue, 100% Waterproof, Reversible, Double Layer)","1 3XL","Storage & Organizers","UrbanFix",,,779.5214166666667,1999,,23.55054,61.00443138235784,0.007583896689758528,0.00555,0.00455,0.00623,0,671.9837052868392
"2026-04-01","AJBI5S1X9Y",,"Kuber Industries Transparent Storage Box","1 Piece","Storage & Organizers","Kuber Industries",,,566.664576607479,2199,,7.18803,74.29472003284282,0.1030038859733717,0.0462,0.0113,0.00869,0.01834,467.76284388217357
"2026-04-01","QD30XJU70A",,"EVM Nano Plus 128GB Type-C OTG Pendrive, 120MB/s, Shockproof – 10 Yr Wty (EEPOT/128GB) Silver","1 pack","Storage & Organizers","EVM",,,1896.9390411733693,4994.955240253164,,8.11655,62.02290210958478,0.03501427841577986,0.0291,0.41903,0.08552,1.31986,1945.5717062459285
"2026-04-01","75TPOKFOAU",,"Nayasa Plastic Cane Tuckins No.35 Storage Organizer (Brown)","1 Piece","Storage & Organizers","Nayasa",,,4430.148104934106,6020.229051952382,,57.78737,26.410241944029377,0.06848183414717648,0.11056,0.04615,0.06324,0,4445.051745813002
"2026-04-01","3M96JD1IK1",,"Nayasa Plastic Flower Storage Box Max (Grey)","1 Piece","Storage & Organizers","Nayasa",,,396.15707841711946,525,,46.48031,24.535620818569743,0.030490556709863857,0.05007,0.17446,0.23905,0,395.48215340936355
"2026-04-01","N0EVB5ACIO",,"Zeel Stardust Unisex Fabric Rain Poncho (Free Size)","1 Piece","Storage & Organizers","Zeel",,,681.6457335696705,698.4512852293578,,37.19964,2.406104451402262,0.015707999366307752,0.03364,0.0071,0.00973,0,683.1281713416848
"2026-04-01","TW3KMZVS6S",,"Bathla Stomo 3 Plastic Drawer Multi-Purpose Storage Organizer (61cm, Green)","1 Piece","Storage & Organizers","Bathla",,,1548.7015873015876,1957.7301586666665,,1.95447,20.893000475798587,0.0036753268903565394,0.00705,0.00663,0.00012,0.02423,1577.55453072228
"2026-04-01","5APVIJNOVL",,"Kuber Industries Embroidered Potli Bag (Cream)","1 Piece","Storage & Organizers","Kuber Industries",,,209.17819337148111,899,,10.10266,76.67969165074643,0.0577974877970886,0.02968,0.00649,0.00889,0,219.40015595737395
"2026-04-01","5O73C1MRAA",,"SANDISK 128 GB Ultra Dual Luxe Type C Flash Drive (Silver)","1 unit","Storage & Organizers","SanDisk",,,2121.4492656003267,2297.440385670996,,23.59663,7.64471353475688,0.07115292073469845,0.14201,0.23715,0.207,0.31857,2120.880054792626
"2026-04-01","ECQB17U1NX",,"CITIZEN AOAC Umbrella (3 Fold, Lime Green, Glass Handle)","1 Piece","Storage & Organizers","Citizen",,,529,1099,,21.77064,51.86533212010919,0,0,,,,529
"2026-04-01","I1IE5GO5TX",,"HP 128Gb MicroSD Memory Card SDHC Mx310 Class 10, UHS-I, U1 Card, Upto 100Mb/S R, 10 Y Warranty","1 Piece","Storage & Organizers","HP",,,2570.707818930041,6999,,7.19859,63.270355494641514,0.012255759162230415,0.00868,,,,227245.32052187837
"2026-04-01","JUYHLMW9C7",,"KK UMBRELLAS Contessa Umbrella (Black)","1 Piece","Storage & Organizers","Kk Umbrellas",,,423.4434231816906,696.0286560416666,,70.33362,39.375974599264566,0.5042370234348896,0.66656,0.48738,0.66782,0,422.41365721279465
"2026-04-01","G66TMG3GJI",,"SanDisk Cruzer Blade 2.0 USB 32 GB Flash Pen Drive,Shockproof-Black","1 unit x 2","Storage & Organizers","SanDisk",,,1386.3636363636363,1386.3636363636363,,0.15077,0,,,0.00002,0.00003,0,1386.3636363636363
"2026-04-01","TU2AUNR2XW",,"Kuber Industries Non Woven Clothes Organizer (Red)","6 pieces","Storage & Organizers","Kuber Industries",,,361.95949390606756,998,,11.93412,63.67780267269559,0.06175053484791518,0.04644,0.02155,0.01073,0.05075,62.58017567185685
"2026-04-01","9YM89Y6RRX",,"MOKOBARA 21"" Em City Umbrella (3 Fold, Auto Open, UV Protective, Crypto)","1 Piece","Storage & Organizers","Mokobara",,,3846.3734661429103,3999,,46.238,3.814390410172699,0.10503810735053457,0.22077,0.01718,0.02344,0.00029,3846.4140927257995
"2026-04-01","NQQ3649NQU",,"Kuber Industries Non-Woven Foldable Drawer Organizer (Navy Blue)","6 pieces","Storage & Organizers","Kuber Industries",,,520.169926537894,2199,,32.69131,76.47681592620116,0.3997062019007999,0.198,0.07513,0.03143,0.19315,84.28349694553755
"2026-04-01","UJRWJ5YNJ7",,"UtiliKart Cozykare Weekly Pill Box Organiser (32 Compartments, Plastic, Multicolour)","1 Piece","Storage & Organizers","utilikart",,,190.56764422108745,599.049897375,,53.60596,68.05824459328541,1.0814069331979064,0.74537,0.50997,0.69877,0,191.38409746252594
"2026-04-01","I2PAR7HB65",,"SUN TOYS2 19"" Kids Umbrella (Non-Folding, Auto Open, UV Protective)","1 Piece","Storage & Organizers","Sun",,,442.57480333821115,600,,34.83478,26.229428427481796,0.08072446026272641,0.13008,0.03859,0.05288,0,442.59622332020695
"2026-04-01","SWT8DVBO48",,"Cello Medico Small First Aid Box - Assorted Colours (Colour May Vary)","1 Piece","Storage & Organizers","Cello",,,200.1611111111111,251.5,,6.36263,20.413077092997572,0.00017388153804964712,0.00025,,,,202.42076226574017
"2026-04-01","QS8975IMCP",,"Bathla Ascend Steel Ladder (4 Step)","1 Piece","Storage & Organizers","Bathla",,,3302.981735159817,4799,,2.15685,31.17354167201881,0,0,0.00003,0.00005,0,330298.17351598176
"2026-04-01","O26OS80DNX",,"PrettyKrafts Jute Basket Organizer (14x14 cm, Multicolor)","3 pieces","Storage & Organizers","PrettyKrafts",,,333.41364615160256,999,,32.21631,66.70629415500801,0.17347441360255203,0.12468,0.04569,0.0626,0,110.14775225850698
"2026-04-01","UIFQJ6YY0Y",,"Ddesh Handmade Jute Organizer Basket Set (White)","3 pieces","Storage & Organizers","ddesh",,,413.5583119140135,999,,13.73299,58.60265383166628,0.01749321817840861,0.01558,0.0017,0.00232,0,137.55756631944615
"2026-04-01","GM98GVQX9D",,"Kuber Industries Small Non-Woven Storage Box/Bin with Transparent Lid & Handle|Foldable & Dot Print|Small size 35 x 18 x 22 Cm (Black)-44KM0410","1 Piece","Storage & Organizers","Kuber",,,210.19881854256855,399,,5.54128,47.31859184396779,0.0027947123336076215,0.00335,0.00063,0.00079,0.00019,218.12705165257634
"2026-04-01","PCOW8AQOZ0",,"Kuber Industries Non Woven Dress & Clothes Organizer For Wardrobe (Pack of 24) - Single Storage Organizer For Saree | Salwar Suit | Lehenga Chunni - Single Saree Covers With Zip (Beige)","1 pack","Storage & Organizers","Kuber",,,506.64474535305686,998,,7.0359,49.260399098579526,0.043230837740959704,0.04746,0.00757,0.0046,0.0156,502.17516942545
"2026-04-01","ZKZXFK02NQ",,"Kuber Industries Satin Jewellery Kit (Pink)","1 Piece","Storage & Organizers","Kuber Industries",,,347.125,1199,,0.5648,71.0487906588824,0,0,,,,347.125
"2026-04-01","1F2V9VMW94",,"Awestuffs Hanging Travel Kit (Grey)","1 Piece","Storage & Organizers","Awestuffs",,,296.05225065810816,750.08973425,,29.36152,60.355519664389135,0.1626272174736261,0.14095,0.02903,0.03978,0,299.1781822494698
"2026-04-01","LGAGRXVKD7",,"HOME ESSENTIALS Travel Packing Ultra Storage Bags","1 pack","Storage & Organizers","HomeEssentials",,,1969.591796431422,3999,,32.36249,50.845608980568244,0.21474457502775957,0.22284,0.18026,0.02909,0.58856,1908.4043179528944
"2026-04-01","RFKSFHZLAG",,"Robustt Cable Ties (Self Locking, Heat Resistant, for Indoor & Outdoor Use)","100 pieces","Storage & Organizers","Robustt",,,219,259,,3.75844,15.444015444015449,0.003325287419499294,0.00615,0.05524,0.06518,0.02839,219
"2026-04-01","TA9CPE3M0P",,"Wildcraft Hypadry 2 Tone Rain Cheater Suit (Black and Navy)","1 pack","Storage & Organizers","Wildcraft",,,2164.124569869615,2999,,29.78602,27.8463061047848,0.16192030934763776,0.25491,0.0224,0.03069,0,2160.5929550039127
"2026-04-01","I8CHQQMHBN",,"SANDISK 256 GB Ultra CZ48 USB 3.0 Flash Pen Drive, Lightweight (Black)","1 unit x 2","Storage & Organizers","SanDisk",,,7267.289719626168,7267.289719626168,,0.84919,0,,,0.11631,0.10263,0.15325,7267.289719626168
"2026-04-01","NWCNMGOCZ2",,"Kuber Industries Non-Woven Underbed Storage Bag (Black)","3 pieces","Storage & Organizers","Kuber Industries",,,323.58140669117915,999,,21.67366,67.55978114495548,0.23463728838833772,0.16179,0.13585,0.04217,0.38889,109.72353971149555
"2026-04-01","KYO488MIFT",,"Bathla Stomo 6 - XXL Multi-Purpose Storage Organizer (Yellow)","1 Piece","Storage & Organizers","Bathla",,,2719,3999,,8.28763,32.00800200050013,0.0023341801633452127,0.00347,0.00558,0.00027,0.01992,2719
"2026-04-01","4S9W51YBUT",,"Kuber Industries Non-Woven Storage Organizer (Large, Black)","4 pieces","Storage & Organizers","Kuber Industries",,,1083.7108607580942,6799,,14.67311,84.06140795411284,0.11310179801235355,0.04011,0.00019,0.00026,0,275.1313573300574
"2026-04-01","XICHYPZL20",,"EVM EnSave Pro 1TB External SSD, 2000MB/s, USB-C – 10 Year Warranty (EPSSDPro/1T) Black","1 pack","Storage & Organizers","EVM",,,17863.0625,22999,,0.80802,22.33113396234619,0,0,0.00891,0.0122,0,17863.0625
"2026-04-01","G5ILPGTWX9",,"Absorbia Moisture Absorber Sachet (200ml Each, Pack of 6, Dehumidifier for Bags, Suitcases, Drawers)","6 pieces","Storage & Organizers","Absorbia",,,555.7040999332665,834,,4.59186,33.36881295764189,0.006084978295292284,0.00833,0.0001,0.00013,0,524.0376631034829
"2026-04-01","ZP3YHDCLXD",,"Kuber Industries Foldable Boxes For Storage (Pack of 3) - Multipurpose Storage Organizer For Clothes | Wardrobe | Closet | Toys | Books |","1 pack","Storage & Organizers","Kuber",,,559.6083134345663,1099,,13.71173,49.07743410152895,0.046293639334138326,0.05132,0.00611,0.00487,0.00947,558.0916061368688
"2026-04-01","C3FKAWT3WZ",,"Awestuffs Small Jewelry Storage Box (4 Compartments, Pink)","1 Piece","Storage & Organizers","Awestuffs",,,260.0693098714768,502.93256791666664,,49.18836,48.25964717070992,0.09011493885385272,0.10214,0.43368,0.59424,0,260.3086229836208
"2026-04-01","NGJ5AQFQ68",,"PrettyKrafts Big Size Non Woven Fabric Sarees Covers (1 Compartment, Maroon)","3 pieces","Storage & Organizers","PrettyKrafts",,,353.19490788920615,398.98368791666667,,69.09185,11.396145898984493,0.19198062744824887,0.37211,1.39437,0.67215,3.34513,117.93190355961762
"2026-04-01","J3ST7MTUDB",,"Kuber Industries 9 Inch Non-Woven Saree Storage Bag (Black)","6 pieces","Storage & Organizers","Kuber Industries",,,450.34539381435934,1799,,6.75966,74.96445107991353,0.05617984666063075,0.02723,0.00088,0.00037,0.00225,80.19289749553847
"2026-04-01","P7W1LRIH97",,"Capsicum Rain Cover for Backpack (Waterproof Dustproof, for All Bag Sizes, Black)","1 Piece","Storage & Organizers","Capsicum",,,99,399,,0.0585,75.18796992481202,0,0,0,0,0,99
"2026-04-01","2Y100YRYGH",,"UrbanFix Mini Capsule Umbrella (Folding, Waterproof, Ultra Protective, Assorted)","1 Piece","Storage & Organizers","UrbanFix",,,284,1099,,4.16067,74.15832575068244,0.0032072651066639844,0.00181,,,,284
"2026-04-01","ES1UH39N7B",,"Atom A 306 Electronic Comfortable Touch with Rubber Paint Hanging Travel Luggage Scale with Max Capacity 50 Kg","1 Piece","Storage & Organizers","Atom",,,396.3333333333333,1200,,12.29976,66.97222222222223,0.011732188367901668,0.00852,0.0019,0.00261,0,39898.218791747066
"2026-04-01","88ZZLTYQQR",,"Ddesh Handmade Jute Organizer Basket Set (Beige)","3 pieces","Storage & Organizers","ddesh",,,414.18071114662683,999,,5.51212,58.54046935469201,0.013411467270113265,0.01199,0.00057,0.00079,0,137.56514455353195
"2026-04-01","K6340S74GX",,"Kuber Industries Non-Woven Underbed Storage Bag (Royal Blue)","2 pieces","Storage & Organizers","Kuber Industries",,,243.50540748637763,499,,2.47099,51.20551454117484,0.025530292532288473,0.02739,0.00124,0.00167,0.00008,121.49000046553368
"2026-04-01","90XRWQOW6Q",,"Nuovi Black Zip Ties Assorted (Set of 100)","1 pack","Storage & Organizers","Nuovi",,,147.93749999999997,150,,7.60832,1.3738443435871661,0.002560944102694954,0.00556,0.00764,0.01047,0,148.71995703544576
"2026-04-01","Q4P4Z7FC55",,"Fendo 23.5"" Umbrella (3 Fold, Hand open, For Men and Women, Maroon)","1 Piece","Storage & Organizers","Fendo",,,385.08230570029883,1475.9962476987448,,48.84464,73.85248798807484,0.8360856486740589,0.46394,0.24525,0.33605,0,388.2744246942425
"2026-04-01","1TBIPCS4ST",,"Kuber Industries 3-Pocket PVC Wall Hanging Organizer (Beige)","1 Piece","Storage & Organizers","Kuber Industries",,,153.65351968293143,499,,6.1571,69.20771148638649,0.0008736102651859915,0.00057,0.00016,0.00015,0.00019,150.43454854223438
"2026-04-01","MQUWO6OHSM",,"KK UMBRELLAS 17"" Kids Umbrella (Automatic Open, Colour Pop)","1 Piece","Storage & Organizers","Kk Umbrellas",,,129,299,,1.75939,56.8561872909699,0,0,0.00295,0.00404,0,12900
"2026-04-01","EQ5DSRWDH4",,"Casacraft By Pepperfry Engineered Wood Modular Book Shelf (Pack of 4, Round, Brown)","1 pack","Storage & Organizers","Casacraft by Pepperfry",,,1966.7413182131381,2669,,9.69934,26.31167784888954,0.009347402198014313,0.01785,0.0034,0.00465,0.00005,2006.633357585485
"2026-04-01","R4OVAW230C",,"Senego Plastic Multipurpose Foldable Storage Box (3-Layer, Stackable, with Doors and Lids, for Toys/Bags/Books, White)","1 Piece","Storage & Organizers","Senego",,,1105.0725138121545,2499,,3.44936,55.77941121199862,0.005834574871917666,0.00556,0.00061,0.00083,0,1091.2516742661726
"2026-04-01","N2CVCYJ70R",,"Kuber Industries Non Woven Saree Cover with Zip (Beige)","3 pieces","Storage & Organizers","Kuber Industries",,,210.292482769168,399,,14.29309,46.876059916825355,0.07551571884195622,0.08394,0.04312,0.05441,0.01263,73.12147792787823
"2026-04-01","HF4ZS2MRYL",,"Awestuffs Luxury Cosmetic Bag with Handle (Pink)","1 Piece","Storage & Organizers","Awestuffs",,,318.4131558630749,750,,48.03771,57.46759198883898,0.45741946309184434,0.41816,0.20183,0.27655,0,319.0245229752761
"2026-04-01","W9RKNHYFWI",,"Kuber Industries Multipurposes Large M 20 Plastic Basket (Organizer for Kitchen, Countertops, Cabinets, Bathrooms Without Lid, Grey and Brown)","2 pieces","Storage & Organizers","Kuber",,,314.7941959289001,499,,12.12648,36.81029361845361,0.032969200386694424,0.04585,0.06603,0.08375,0.01817,158.75068808002496
"2026-04-01","L59RBIR21C",,"HP 32 GB USB 3.2 Flash Drive, 712 Watts (Blue)","1 unit","Storage & Organizers","HP",,,439,913,,0.20819,51.916757940854325,0,0,,,,438.99999999999994
"2026-04-01","4QL9V8L89R",,"Samsung Type-C Usb Flash Drive, 128Gb, Transfers 4Gb Files In 11 Secs W/Up To 400Mb/S 3.13 Read Speeds, Compatible W/Usb 3.0/2.0, Waterproof, Blue","1 unit","Storage & Organizers","Samsung",,,1987.21057400557,3640.955838038277,,21.06808,45.28431770961377,0.12059674019926292,0.14102,,,,2204.818868096684
"2026-04-01","BYWR2UDCS8",,"Sun Jennifer-12 21.5 Inch Umbrella (3 Fold, Auto Open, UV Protective)","1 Piece","Storage & Organizers","Sun",,,553.472601591653,620,,15.223,10.730225549733397,0.005790447835071229,0.01136,0.00145,0.00198,0,556.2929888631755
"2026-04-01","JMXJRK49BB",,"Chumbak Stylish ""Good Things"" Multicolour Storage Box","1 Piece","Storage & Organizers","Chumbak",,,849,995,,3.55392,14.673366834170855,0,0,0.0002,0.00027,0,849
"2026-04-01","K1R192JOB2",,"Kuber Industries 5-Layer Plastic Drawer Storage Organiser (92L, Multicolor)","1 Piece","Storage & Organizers","Kuber Industries",,,1341.184004172782,8998.998631066668,,21.77385,85.09629727531352,0.026263466751637786,0.00828,0.00073,0.00096,0.00013,1299.4178426800881
"2026-04-01","1CT29O7RNC",,"Kuber Industries PVC Dress & Clothes Organizer For Wardrobe (Pack of 2, Storage Organizer For Saree, Shirts, Salwar Suit, Saree Covers with Zip, 40x32x17cm, Transparent)","1 Piece","Storage & Organizers","Kuber",,,391.2222222222223,698,,4.137,43.95097102833492,0.0017643810447011523,0.0022,0.00315,0.00164,0.00724,396.54983341803603
"2026-04-01","7W2ZEE1JLR",,"Lifelong Women's Raincoat (100% Waterproof, Lightweight, One-Piece, With Hood, Side Pocket, Snap Buttons, Sky Blue)","1 XL","Storage & Organizers","Lifelong",,,674.3850990572648,1999,,55.11925,65.69393891543919,0.23218893827251672,0.15047,0.13895,0.19039,0,754.6319396769485
"2026-04-01","W3PVP94KVH",,"DREAM WEAVERZ PVC Shelf Liner Roll (3m, Solid, White)","1 Piece","Storage & Organizers","Dream Weaverz",,,298.1136040692471,999,,19.33749,70.80706193583205,0.5179452975599819,0.32214,0.01679,0.02301,0,287.7965877522348
"2026-04-01","7LCJYSPUI0",,"Crownsy Printed Storage Box (Small and Large, Yellow)","2 pieces","Storage & Organizers","crownsy",,,297.5045351473923,599,,7.0704,50.330777411288956,0.005943841820299318,0.00648,0.00037,0.0005,0,149.47751921178505
"2026-04-01","STWC73K0TN",,"PrettyKrafts Jute Plant Basket (Small, White and Brown)","1 Piece","Storage & Organizers","PrettyKrafts",,,447.31746338338957,1998.9371434583334,,54.42159,77.67399275510623,0.11025367795557864,0.05098,0.11488,0.15741,0,425.8069826448128
"2026-04-01","QNQ7ZSBTJ1",,"Crownsy Shoe Pouch (Grey)","9 pieces","Storage & Organizers","crownsy",,,199,599,,3.25203,66.7779632721202,0,0,0,0,0,22.11111111111111
"2026-04-01","NBVHYCOSZD",,"SOLOGNAC High Resistance Military Camo Umbrella (Wind Resistant, Camouflage Green)","1 Piece","Storage & Organizers","Decathlon",,,1199,1499,,6.42646,20.0133422281521,0,0,0.00389,0.00533,0,119900
"2026-04-01","KSIMQYICNB",,"Smart Shelter Washing Machine Trolley (Fully/Semi Automatic, Adjustable Metal, With Wheels, Black)","1 pack","Storage & Organizers","Smart Shelter",,,1714.4227574748547,3698.652521833333,,38.21384,53.46412771077822,0.15761231982185991,0.17599,0.02933,0.04018,0,1790.3210015829306
"2026-04-01","X9OFCZW624",,"Crownsy H-Handle Blanket Storage Cover (Grey)","2 pieces","Storage & Organizers","crownsy",,,175,549,,1.31617,68.12386156648452,0.0014420085255174664,0.001,0,0,0,87.5
"2026-04-01","165GLE9IL8",,"Sun Juliet 2 21.5"" Umbrella (3 Fold, Auto Open, UV Protective)","1 Piece","Storage & Organizers","Sun",,,568.151565157938,620,,10.70115,8.362650780977743,0.007659893253216278,0.01551,0,0,0,574.1390695674082
"2026-04-01","P366N84YYS",,"PrettyKrafts Jute Plant Basket (Small, White and Brown)","1 Piece","Storage & Organizers","PrettyKrafts",,,326.1649451104776,1499,,39.04932,78.25518845798874,0.17659587613757013,0.08178,0.21171,0.29009,0,318.1427029270995
"2026-04-01","5R00BZTZ5V",,"IKEA SKUBB Storage Case (Polyester and PP Plastic, Dark Grey)","1 Piece","Storage & Organizers","IKEA",,,856.3589397562647,862.6899549999999,,14.3839,0.7275791671239593,0.00975802879089087,0.02127,0.00359,0.00492,0,857.1866169046723
"2026-04-01","643FVCTOM6",,"Quechua Women Compact Rain Pant (With Ankle Zip, Black, S)","1 Piece","Storage & Organizers","Decathlon",,,1699,1699,,76.92308,0,,,,,,169900
"2026-04-01","PUULQ1ORXB",,"Kuber Industries Non-Woven Disney Foldable Storage Box (Blue)","1 Piece","Storage & Organizers","Kuber Industries",,,316.4542359550172,599,,8.38285,47.35798868921576,0.021153836056483,0.02132,0.00202,0.00075,0.00546,277.7303510727632
"2026-04-01","YKI6SXIB6U",,"IKEA SY Iron-on Hemming Strip (10m, Nylon, White)","1 Piece","Storage & Organizers","IKEA",,,192.13268398268394,209.04610386363635,,2.20214,8.090760635264106,0.0009420772152135967,0.00191,0,0,0,189.3187526974536
"2026-04-01","IEF74FBL9P",,"HP V236W 32Gb USB 2.0 Pen Drive","1 Piece","Storage & Organizers","HP",,,737,2999,,4.36997,75.42514171390464,0,0,,,,73700
"2026-04-01","S2ZDQ3OZA0",,"Awestuffs Portable Cosmetic Toiletry Pouch (Green)","1 Piece","Storage & Organizers","Awestuffs",,,404.1074035584908,1000,,34.21591,59.610930454978636,0.02947388378950509,0.02344,0.00686,0.0094,0,370.33311577189744
"2026-04-01","R4S70ZA2QF",,"Awestuffs Luxury Cosmetic Bag with Handle (Beige)","1 Piece","Storage & Organizers","Awestuffs",,,325.21972987391445,750.1218195416666,,41.93143,56.93960498394802,0.49021723344253615,0.44913,0.39159,0.53657,0,321.6072491319162
"2026-04-01","M864QPCCQ0",,"Zeel Waterfighter Unisex PVC Poncho (Free Size)","1 Piece","Storage & Organizers","Zeel",,,286.9686349079952,299,,34.13211,4.745702030766881,0.044827816217306915,0.09194,0.00366,0.00502,0,280.89534009817606
"2026-04-01","RTX6T6J63D",,"CITIZEN Eco Transparent Safari Suit Raincoat (Only Buttons, XL)","1 XL","Storage & Organizers","Citizen",,,269,349,,43.71613,22.922636103151863,0.0006109493315762525,0.00103,0,0,0,269
"2026-04-01","NONDXDSG67",,"Coconut 3 Steps Wallmount Multipurpose Stainless Steel L Corner Stand or Rack (Silver)","1 Piece","Storage & Organizers","Coconut",,,2183.64,2414,,0.58747,9.542667771333885,0,0,0,0,0,2183.64
"2026-04-01","1HV9K8XXHX",,"EVM Elite 128GB TF Card U3 V30, 100MB/s – CCTV, Mobile – 5 Yr Wty (EETF/128GU3) White+Purple","1 pack","Storage & Organizers","EVM",,,2139,2994.9848386764706,,22.95684,28.580599719086724,0.01838013659756416,0.02865,0.0391,0.05357,0,2139
"2026-04-01","RWBE4YAM94",,"CITIZEN 21"" Disney Princess Umbrella (3 Fold, Auto Open Auto Close, Mechanical Lock, Pink)","1 Piece","Storage & Organizers","Citizen",,,898.2837334382203,1499,,40.97164,40.06944169524694,0.02668670106932762,0.03568,0.06639,0.09097,0,918.4584853310649
"2026-04-01","XMYJ7TRIQK",,"Kuber Industries Cotton Hanging Saree Bag with Zip (Cream)","10 pieces","Storage & Organizers","Kuber Industries",,,866.8448324823808,3999,,19.39015,78.32346005295372,0.036179792531850795,0.01724,0.00155,0.00199,0.00035,88.55661846895136
"2026-04-01","F5G4SNBZJD",,"Quechua Womens Waterproof Hiking Jacket (Decathlon, Teal Green, M)","1 Piece","Storage & Organizers","Decathlon",,,3999,3999,,20,0,0,0,0.00015,0.0002,0,399900
"2026-04-01","R0J4OCNN17",,"CITIZEN 21"" Sahensha Umbrella (2 Fold, Auto Open, UV Protective, Black and Silver)","1 Piece","Storage & Organizers","Citizen",,,390.34124298353976,1098.8121317500002,,64.47745,64.52628649121742,0.7798935445031929,0.60386,0.4617,0.63263,0,389.0867707182845
"2026-04-01","C1WU20GXY1",,"Kuber Industries Plastic Storage Basket with Handles (Large, Grey)","1 Piece","Storage & Organizers","Kuber Industries",,,285,599,,27.12053,52.42070116861436,0.000349689256279099,0.00036,0.01014,0.01202,0.00507,285
"2026-04-01","RNR0YNNILI",,"Sun Regal -2, 23 inch Umbrella (3 Fold, Manual open, Compact- UV Protective)","1 Piece","Storage & Organizers","Sun",,,962.7282948211209,1770,,9.058,45.60857091406097,0,0,0.00021,0.00029,0,962.7282948211207
"2026-04-01","0GSY400ETA",,"ZEEL Mighty Star Raincoat for Boys (Avengers Print, 9-10 Years)","1 Piece","Storage & Organizers","Zeel",,,543.5401415579181,599,,83.72753,9.296350510137243,0.10531057429233241,0.20847,0.24565,0.3366,0,542.6788517997041
"2026-04-01","PJHLZF81HT",,"SANDISK 64 GB Ultra Luxe USB 3.1 Flash Pen Drive, Speed Upto 150mb/s (Silver)","1 unit","Storage & Organizers","SanDisk",,,1251.8627219864843,1251.8627217821784,,1.70958,0,0,0,,,,1251.8627219864843
"2026-04-01","ZOSPD698EC",,"SUN SUSAN-2 23"" Checks Print Umbrella (2 Fold, Auto Open, UV Protective, Checks Print)","1 Piece","Storage & Organizers","Sun",,,485.3580606709886,575,,34.2893,15.547744520814419,0.0721624142562052,0.13357,0.00781,0.0107,0,487.4817250972789
"2026-04-01","EO129FLCHV",,"CITIZEN Kids Raincoat for Girls (Lightweight, Waterproof)","1 L","Storage & Organizers","Citizen",,,471.16598950106555,598.597778067227,,53.10967,21.288383157321014,0.004020813571697882,0.00697,0.00808,0.01107,0,47.45253724797225
"2026-04-01","21KNAD2FUZ",,"Kuber Industries Non Woven Clothes Organizer (Black and White)","3 pieces","Storage & Organizers","Kuber Industries",,,189.59274915288395,497.8681890476191,,15.94762,61.70512371933274,0.08846507797620541,0.07501,0.03699,0.04646,0.01139,65.11993353230766
"2026-04-01","CD0CJ6C5QD",,"Kuber Industries Plastic Storage Basket with Handle (Medium, Brown and Cream)","2 pieces","Storage & Organizers","Kuber Industries",,,300.7811889378139,599,,31.29332,49.78137058059837,0.1681606078083379,0.18423,0.39906,0.52455,0.06012,150.35047254638812
"2026-04-01","7D56BAZ2R9",,"Digitek (DDUD 64G V3.0) 64GB Dual USB-A & Type-C Flash Drive, Metal Body, Magnetic, X-Ray & Temp Resistant","1 unit","Storage & Organizers","Digitek",,,609,1095,,2.38095,44.38356164383562,0,0,,,,609
"2026-04-01","YX38VJQ66Y",,"Absorbia Ultimate (Absorbs 4L, Non-Electric Dehumidifier for Large Rooms and Living Spaces)","2 kg","Storage & Organizers","Absorbia",,,1174.7487914862913,1368.9121211666668,,14.61938,14.183768751707598,0,0,0.00006,0.00008,0,58.737439574314585
"2026-04-01","YQ2OLG9LJV",,"THE CLOWNFISH Raincoat for Women (Purple)","1 pack","Storage & Organizers","The Clownfish",,,890,1299,,2.32558,31.485758275596613,0,0,0,0,0,890
"2026-04-01","D2QJRQ5A4M",,"Kuber Industries Non Woven Single Saree Cover with Zip (Gold)","2 pieces","Storage & Organizers","Kuber Industries",,,112.0810840108401,299,,5.58203,62.51468762179261,0.003927481386621889,0.00321,0.00002,0.00003,0,56.08774529288942
"2026-04-01","2NZLDSIYU7",,"Kuber Industries Non-Woven Foldable Storage Box (Grey)","3 pieces","Storage & Organizers","Kuber Industries",,,421.42595012883436,1099,,26.05455,61.492153723780646,0.43583153606574887,0.36316,0.31075,0.18538,0.64937,141.85010828756927
"2026-04-01","JZK8KCRIIS",,"Awestuffs Hanging Travel Kit (Pink)","1 Piece","Storage & Organizers","Awestuffs",,,354.5058151923952,750,,37.27155,53.09177058303968,0.0865686660355431,0.07835,0.01174,0.01608,0,335.85732244990294
"2026-04-01","C02N0BF3XG",,"Kuber Industries Travel Organizer (Grey)","4 pieces","Storage & Organizers","Kuber Industries",,,239.93173399411984,899,,33.00377,74.43307740783199,0.3418948806278745,0.16522,0.18253,0.22385,0.07092,55.31723574966272
"2026-04-01","OB81KV1XNK",,"Smart Shelter Washing Machine Trolley (for Fully and Semi Automatic Stand, Adjustable Metal And Wheels, Black)","1 pack","Storage & Organizers","Smart Shelter",,,1456.2938220508693,2999,,19.88485,51.456841380295415,0.10940685910562083,0.11065,0.0033,0.00453,0,1353.8878377882252
"2026-04-01","9B646DIG17",,"Nayasa Toy Box DLX Plastic Rectangular Storage Box (50L, Multipurpose Organiser, Red)","1 Piece","Storage & Organizers","Nayasa",,,818.9039471915248,1461.0825602040818,,0.59404,43.9477740827262,0.011422073358953105,0.01407,0.00196,0.00105,0.00439,817.0142066138337
"2026-04-01","EWRDR25VD9",,"CITIZEN Kids Raincoat for Boys (Lightweight and Waterproof)","1 L","Storage & Organizers","Citizen",,,485.3933333333334,599,,5.47275,18.96605453533667,0,0,0.00018,0.00025,0,48.53933333333333
"2026-04-01","4OBB4KUX09",,"House Of Quirk Fabric Foldable Storage Box/Drawer (34x31x4cm, Beige)","1 pack","Storage & Organizers","House of Quirk",,,999,999,,36.66667,0,0,0,,,,999
"2026-04-01","81YFVQO27F",,"CITIZEN Ladies Rainsuit (Reversible Series, Ink Blue, CRLE03)","1 XXL","Storage & Organizers","Citizen",,,1282.2007893941807,1599,,26.92536,19.789301790025515,0.030332960149698013,0.05385,0.01485,0.02035,0,1311.8441273952176
"2026-04-01","3IMMTYL6V4",,"Kuber Industries 4-Unit Modular Cabinet Storage Organizer (White)","1 pack","Storage & Organizers","Kuber Industries",,,2282.5568443760085,10599,,14.13583,78.46441320524569,0.0371192431377283,0.0168,0.00751,0.0101,0.00051,2195.5582621113517
"2026-04-01","2TE73TDCWN",,"Rush Grey Kitchen Shelf Liner Mat (150cm, Antislip, Drawer Mat)","1 pack","Storage & Organizers","Rush",,,213.8713983995072,500.21581948497857,,37.228,58.18335961531245,0.20630457880172234,0.18074,0.10528,0.09859,0.12335,200.06551725206816
"2026-04-01","WMY57D1189",,"LIFELONG Men's Raincoat Set (Waterproof, Polyester, Double-Coated, Reversible, Black and Red Stripe)","1 XL","Storage & Organizers","Lifelong",,,1099.290831871345,3499,,21.31893,68.58271415057602,0.0061268289373807685,0.00425,0.00771,0.01057,0,1109.7166807841427
"2026-04-01","HMTB9Y31L9",,"Gala Stainless Steel Terod Cloth Dryer/Cloth Drying Stand (Silver)","1 Piece","Storage & Organizers","Gala",,,3174.1153299825905,3491.3523998882683,,10.91584,9.086366358086055,0.01676967485995831,0.03404,0.00249,0.00341,0,3170.636737859286
"2026-04-01","4P6JEBYQ90",,"The Artment Handwoven Haven Storage Basket (Set of 3)","3 pieces","Storage & Organizers","The Artment",,,986.4392083359475,999,,9.09467,1.257336502908166,0.004081750908295342,0.00886,0.00502,0.00687,0,992.0718751977641
"2026-04-01","MXMUN8ZSU8",,"Samsung EVO Plus Micro SDXC Memory Card 512GB","1 unit","Storage & Organizers","Samsung",,,3669,11999,,0.02372,69.42245187098925,0,0,,,,3669
"2026-04-01","1TRI30U6SS",,"Kuber Industries PVC Dress & Clothes Organizer For Wardrobe (Storage Organizer For Saree, Shirts, Lehenga, Saree Covers with Zip, 40x32x17cm, Transparent & Gold)","6 pieces","Storage & Organizers","Kuber",,,914.5347834518878,1899.5800717307695,,10.01202,51.83583317710532,0.04475322051216175,0.0484,0.00169,0.00194,0.00101,157.03783580436811
"2026-04-01","85HLWS6CWP",,"SE7EN Travel Folding Bag with Pocket (39x42 cm, Assorted)","1 Piece","Storage & Organizers","Se7en",,,543.0311941969854,799,,76.63991,35.0924777337163,1.3157391846886781,1.85918,0.96211,1.31815,0.00041,516.3592508917725
"2026-04-01","CWAVBC2BA9",,"SUN SUSAN-3 23"" Checks Print Umbrella (2 Fold, Auto Open, UV Protective)","1 Piece","Storage & Organizers","Sun",,,512.2474779398601,574.9692920571429,,38.82707,10.727208366518765,0.025507703691998035,0.05103,0.00578,0.00792,0,527.6173994137285
"2026-04-01","64AQ3OKS2L",,"SANDISK 32 GB Ultra Flair USB 3.0 Pen Drive (Silver)","1 unit","Storage & Organizers","SanDisk",,,700,700,,0.26323,0,0,0,,,,700
"2026-04-01","V1M56LLQSP",,"Crownsy Non Woven Shirt Stacker Cloth Organizer (Black)","6 pieces","Storage & Organizers","crownsy",,,415,999,,5.26316,58.45845845845846,0,0,0,0,0,69.16666666666667
"2026-04-01","OBS09SY0WG",,"UrbanFix Rain Card for Men and Women (Unisex Disposable Waterproof for Emergency Use, Free Size, Assorted)","1 pack","Storage & Organizers","UrbanFix",,,49.825789871504156,199,,12.11646,74.97380789465912,0.008013434869854988,0.00435,0.05574,0.07638,0,49.39370960643877
"2026-04-01","9BBR8LLN5M",,"Kuber Industries Plastic Knit Tray M15 (Small, Brown)","1 Piece","Storage & Organizers","Kuber Industries",,,112.3257188959197,199,,18.86361,44.22272586729202,0.037741924657672454,0.04463,0.03111,0.04026,0.0064,109.7556499136695
"2026-04-01","W9OKPIJH56",,"Lifelong 3-Tier Heavy Duty Shoe Rack | Storage Organizer for Shoes","1 Piece","Storage & Organizers","Lifelong",,,3999,3999,,34.17612,0,0.03501270245017819,0.07651,0.00161,0.0022,0,399900
"2026-04-01","V81GKQK761",,"Cozykare Pill Cutter and splitter with storage box (Blue)","1 Piece","Storage & Organizers","utilikart",,,170.30658110745253,199,,19.26014,14.436029223675966,0.01254048361426337,0.02348,0.00464,0.00636,0,170.5197386226398
"2026-04-01","JG8O3YBQ6V",,"Bathla Stomo Taro Multipurpose Shelf Organizer (Pearl White)","2 pieces","Storage & Organizers","Bathla",,,851.1350145288501,999,,1.89874,14.801299846961951,0.003207089999374912,0.00596,0.01406,0.00121,0.04879,425.0607004107004
"2026-04-01","CKGP17TS1F",,"Ddesh Handmade Chic Soft Jute Rope Tote Bag (23 cm, Beige)","1 Piece","Storage & Organizers","ddesh",,,572.0885856665122,1498.6859410476188,,12.7743,61.8269210651399,0.018812301386996716,0.01587,0.01415,0.01939,0,571.7972448728491
"2026-04-01","KQNAJLV81U",,"Kuber Industries Silk Wedding Potli (5 x 7 Inches, Rani Pink)","12 pieces","Storage & Organizers","Kuber Industries",,,380.14281460987223,799,,13.89326,52.4207216285642,0.00932673953790368,0.00972,0.0098,0.01342,0,31.735723175228998
"2026-04-01","9LY79QX3SA",,"Kuber Industries Non-Woven Saree Storage Bag (Navy Blue)","12 pieces","Storage & Organizers","Kuber Industries",,,731.9662645126318,3597.983565098039,,23.1758,79.68976977938681,0.30267540066500276,0.12802,0.05666,0.04601,0.08543,58.86552662959971
"2026-04-01","TQLP8TQT8B",,"Kuber Industries Non-Woven Underbed Storage Bag (Black)","1 Piece","Storage & Organizers","Kuber Industries",,,186.80308565294072,399,,8.34851,53.24049057319734,0.0039591758059441306,0.00358,0.00161,0.00058,0.00438,167.9774971113564
"2026-04-01","EVQSN55JAL",,"EVM 128GB M.2 NVMe 2280 SSD, 2000MB/s PCIe Gen3x4 – 5 Yr Wty (EVMNV/128GB) Black","1 pack","Storage & Organizers","EVM",,,3034.9164899383304,3973.124759,,8.96849,23.613863796660844,0,0,0.04969,0.06809,0,3034.9164899383304
"2026-04-01","SV5M20WDT9",,"Varmora Homeware 3 Layer Virgin Drawer (Plastic, Multicolor)","1 Piece","Storage & Organizers","varmora homeware",,,1466,1725,,0.36589,15.014492753623188,0,0,0.0001,0.00013,0,1466
"2026-04-01","RM16CCM4A5",,"SANDISK Extreme Portable 1TB Hard Disk, 1000MB/s R, 1050MB/s W (Black)","1 Piece","Storage & Organizers","SanDisk",,,21305.06555890583,26942.497912916668,,26.55976,20.92403183190894,0.7016664643972279,1.11795,0.04853,0.0665,0,21326.434313108155
"2026-04-01","2GUZ87OY3D",,"PrettyKrafts Packing Organizers Travel Bags (Grey)","4 pieces","Storage & Organizers","PrettyKrafts",,,292.7768532460752,499,,85.58838,41.42612944151859,2.305209012582636,2.95062,4.72177,4.04096,6.56069,73.07090339415875
"2026-04-01","61GGQ4X9N6",,"TIED RIBBONS Under Shelf Rack Basket Storage Organizer (40x25 cm, Silver)","1 Piece","Storage & Organizers","Tied Ribbons",,,389,799,,0.97064,51.314142678347935,0,0,0,0,0,389
"2026-04-01","B9RUHG2OR1",,"Crownsy Non-Woven Storage Organizer with Lid (Blue)","1 Piece","Storage & Organizers","crownsy",,,179.11675824175825,499,,4.89745,64.10485806778392,0.0014560171086433192,0.00108,0,0,0,180.11290215368254
"2026-04-01","3MJWSWN329",,"Kuber Industries Non Woven Saree Cover with Zip (Beige)","12 pieces","Storage & Organizers","Kuber Industries",,,246.58742436302776,598,,21.71245,58.334248822789284,0.17962996013534083,0.158,0.07149,0.08519,0.03451,21.143295697158315
"2026-04-01","3X3NXHS67B",,"Awestuffs Mini Small First Aid Kit (Travel Pouch Medicine Storage Bag, for Outdoors)","1 Piece","Storage & Organizers","Awestuffs",,,201.12118055555553,500,,7.09418,59.778308062349055,0.015615892932255269,0.01331,0.01787,0.02449,0,195.16119151332944
"2026-04-01","9VL6SMPSDV",,"SANDISK 128GB MAX Endurance microSDHC Card with Adapter for 4K Video on Dashcams and Video Surveillance Cameras","1 Piece","Storage & Organizers","SanDisk",,,3614.5,4000,,1.77778,9.6375,0,0,,,,3614.5
"2026-04-01","TG3SCH0KQX",,"HOME ESSENTIALS Punch-Free Wall Storage Rack with Suction Cup","1 Piece","Storage & Organizers","HomeEssentials",,,1612.7467532467533,4499,,8.75198,64.15597002394068,0.08403381291892005,0.06526,0.00786,0.00221,0.02313,160548.79019954524
"2026-04-01","4O6ZNDMPAU",,"Saaj Plastic Multipurpose Storage Organizer/Tray (23x29x6.5 cm, Red, Series 222)","1 Piece","Storage & Organizers","saaj",,,89.81553854116835,175,,14.86263,48.67947485845285,0.007301098417905374,0.00812,0.01263,0.01731,0,89.97850889250283
"2026-04-01","J3OQ2MMRKR",,"Awestuffs Hanging Foldable PU Leather Sunglasses and Watch Organizer (3 Slots, Brown)","1 Piece","Storage & Organizers","Awestuffs",,,271.75578339795135,750,,36.77679,63.79316885674886,0.04136909704353387,0.03218,0.00394,0.0054,0,270.35645694316275
"2026-04-01","37T68JOINN",,"Lifelong Drench Dew Kids Raincoat for Boys and Girls (10-11 Years, Waterproof, Single-Layer PVC, Unisex Rain Jacket, Sky Blue)","1 Piece","Storage & Organizers","Lifelong",,,630.6925343577361,1997.4566379775279,,65.78792,68.42522023425113,0.009333918936755682,0.0064,0.00001,0.00001,0,644.423142829455
"2026-04-01","NDRWD0GYM1",,"Kuber Industries Non-Woven Foldable Storage Box with Metal Frame (Grey)","1 Piece","Storage & Organizers","Kuber Industries",,,312.3741985536394,1499,,6.54608,79.1669926819287,0.019687137403206222,0.00858,0.00075,0.00071,0.00084,318.5384207196745
"2026-04-01","GCF29JIEN8",,"SANDISK Ultra Curve 256GB, USB 3.2, Flash Drive, 100MB/s R, Pendrive, Green (SDCZ550-256G-I35G)","1 unit","Storage & Organizers","SanDisk",,,3955.0812256049962,5000,,5.70641,20.898375487900072,0,0,0.02632,0.01878,0.0467,3955.0812256049962
"2026-04-01","5L1HMHZO83",,"SANDISK 128 GB Ultra Luxe USB 3.1 Flash Pen Drive, Upto 150MB/s, Lightweight (Black)","1 unit","Storage & Organizers","SanDisk",,,1965.2443863724352,1965.2443862601626,,4.16933,0,0.017860943485462244,0.03903,0.01198,0.01642,0,1903.2478255352526
"2026-04-01","QA1R92H0UI",,"SANDISK 64 GB Cruzer Force Blade USB 2.0 Flash Pen Drive (Black)","1 unit","Storage & Organizers","SanDisk",,,829.7945205479452,829.794520410959,,1.45907,0,0.0008170506108153611,0.00179,,,,717.6246279761905
"2026-04-01","WFUQLZL36W",,"Kuber Industries 4-Shelf Non-Woven Hanging Organizer (Brown)","1 Piece","Storage & Organizers","Kuber Industries",,,257.2508956819377,699,,16.32189,63.099221053178304,0.023663999045346742,0.01864,0.0003,0.00041,0,274.16268252256225
"2026-04-01","6RGZ719F62",,"Lifelong Washing Machine Vibration Absorber Pad with adjustable height","4 Piece","Storage & Organizers","Lifelong",,,529,529,,25,0,0,0,,,,13225
"2026-04-01","ZP79SAMR7L",,"PrettyKrafts Jute Plant Basket with Handle (Small, White and Brown)","1 Piece","Storage & Organizers","PrettyKrafts",,,413.31437239638706,1499,,58.44522,72.42741491113489,0.19584542042538258,0.12946,0.25918,0.35514,0,399.2457064380543
"2026-04-01","55V6J0VM2K",,"Saaj Opal Tray (Medium, Multicolour, Plastic, for Kitchen)","1 Piece","Storage & Organizers","Saaj",,,150,175,,4.37871,14.285714285714286,0,0,0.00006,0.00008,0,150
"2026-04-01","3SISFN4ZJ6",,"SE7EN Dori/Nada","1 Piece x 2","Storage & Organizers","Se7en",,,62,110,,5.76441,43.63636363636363,,,,,,62
"2026-04-01","ZVOQBS4RIN",,"UtiliKart Pill Box (7 compartments, White)","1 Piece","Storage & Organizers","utilikart",,,67.11080577299424,199,,36.93956,66.20337995394718,0.0384945357861089,0.02831,0.03072,0.0421,0,67.65133536349025
"2026-04-01","I9VGVQNNHJ",,"Ikea Tisken corner shelf unit with suction cup black AP","1 pack","Storage & Organizers","IKEA",,,638,638,,9.12458,0,0.0003724532038586097,0.00081,0.00081,0.00112,0,638
"2026-04-01","8LQ0Z39Y00",,"Lifelong Drench Dew Kids Raincoat (8-9 Years, Waterproof, Single-Layer PVC, Sky Blue)","1 Piece","Storage & Organizers","Lifelong",,,880.8888888888887,1999,,32.83372,55.93352231671393,0,0,,,,880.8888888888887
"2026-04-01","U6QB6PV6MS",,"salai","1 Piece","Storage & Organizers","Unbranded",,,110,110,,0.86747,0,0,0,0,0,0,110.00000000000003
"2026-04-01","4RD3W4DCS4",,"House of Quirk Electronics Accessories Storage (4 Compartments, Polyester, Black)","1 Piece","Storage & Organizers","House of Quirk",,,999,999,,13.33333,0,0,0,,,,999
"2026-04-01","35DF3TA2MG",,"Kuber Industries PVC Clothes Organizer with Zip (Transparent and Silver)","2 pieces","Storage & Organizers","Kuber Industries",,,310.617362925791,799,,20.20601,61.15874996382144,0.08394363266504737,0.06951,0.02161,0.02768,0.00523,157.7300773465595
"2026-04-01","T28343LQF3",,"Wildcraft Hypadry 2 Tone Rain Cheater Suit (Black)","1 pack","Storage & Organizers","Wildcraft",,,1343.662543716776,1779.397476183575,,28.19211,24.363518652411894,0.2262806432318993,0.39013,0.02217,0.03037,0,1342.4182782692733
"2026-04-01","B7V705NR7M",,"HOME ESSENTIALS Wall-Mounted Multipurpose Storage Cabinet","1 Piece","Storage & Organizers","HomeEssentials",,,1425,3999,,0.10301,64.36609152288072,,,0,0.00001,0,142500
"2026-04-01","MNI7SOMYLI",,"Kuber Industries 3-Layer Metal Storage Trolley with Wheels (Black)","1 Piece","Storage & Organizers","Kuber Industries",,,2172.955775431359,8999,,14.71325,75.8533639800938,0.10505351679197303,0.05366,0.00415,0.00569,0,2103.7859537678846
"2026-04-01","FAAQU6O1R3",,"Godrej Locks Ace Pro 6 Levers Round Padlock with 3 Keys (52mm, for Aldrops, Lockers, Toolboxes, Cycle Cable Ends, Collapsible Grills, Suitcases, Silver Finish)","1 pack","Storage & Organizers","Godrej Locks",,,341.8358813700919,345,,9.31075,0.9045130050119459,0.010894299989686603,0.02362,0.01738,0.02382,0,342.22090790622053
"2026-04-01","U47C6T39HP",,"AMRO Cotton Box (Multicolour)","2 pieces","Storage & Organizers","amro",,,168.42872264028807,180,,5.47902,6.4284874220621875,0.00031519312033168663,0.00065,0.00054,0.00075,0,84.3436657864727
"2026-04-01","OHK50ZN4L3",,"SE7EN Plastic Multipurpose Cosmetic Travel Kit (Multicolour)","7 pieces","Storage & Organizers","Se7en",,,139.58747719401612,168.7047754583333,,43.60472,17.326257372235478,0.1534368865139104,0.27757,0.72378,0.99172,0.00008,19.94710834100113
"2026-04-01","Q2DXTUU5X0",,"Kuber Industries Storage Bag with Handle (Black)","2 pieces","Storage & Organizers","Kuber Industries",,,615.8624673154085,1197.7905157297296,,10.58919,48.43594867674809,0.044864413640723196,0.04916,0.00009,0.00013,0,326.1497298329672
"2026-04-01","LXVU1OIUVN",,"Kuber Industries Non-Woven Storage Organizer (Large, Grey)","4 pieces","Storage & Organizers","Kuber Industries",,,1234.911207084235,6799,,23.4343,81.53440476713158,1.1844144964243484,0.38898,0.04246,0.0361,0.05965,357.4306549929987
"2026-04-01","VNA5S9OCNQ",,"SUN JULIET 3 21.5"" Umbrella (3 Fold, Auto Open, UV Protective)","1 Piece","Storage & Organizers","Sun",,,568.8608515647078,618.9645447280335,,14.51204,8.080984915516602,0.018819130571270572,0.03808,0.00351,0.00482,0,572.7641142163187
"2026-04-01","0PFK8NKLMK",,"Kuber Industries 5-Tier Plastic Modular Drawer Rack (Multicolor)","1 Piece","Storage & Organizers","Kuber Industries",,,1335.4075184868223,3199,,30.3582,58.27781861771166,0.07562148364455643,0.05706,0.04582,0.06185,0.00251,1149.9340175962388
"2026-04-01","N28U0BJTRL",,"UrbanFix Jewellery Organiser (15 Grid, Transparent)","1 Piece","Storage & Organizers","Bulfyss",,,131,499,,0.34813,73.74749498997996,0,0,,,,131
"2026-04-01","7J4WU52UQ5",,"Kuber Industries Non-Woven Lehenga Cover (Large, Cream)","2 pieces","Storage & Organizers","Kuber Industries",,,397.0064640612758,1599,,12.76179,75.17157823256562,0.013299923926973664,0.00725,0.00418,0.00573,0,199.46954507693675
"2026-04-01","TAJY6B6ONG",,"Zeel Outlander Rainsuit for Men (XXL, Polyester)","1 XXL","Storage & Organizers","Zeel",,,733.0369349364616,799,,75.03872,8.05521542418521,0.1209849530591381,0.24329,0.36381,0.4985,0,736.3873414562779
"2026-04-01","0INWPYCFUR",,"Crownsy Clothing Storage Wardrobe Organizer (Blue)","2 pieces","Storage & Organizers","crownsy",,,197.89439153439153,499,,8.0017,60.341531994830554,0.007718028873188568,0.00664,0.00011,0.00015,0,98.41300853556906
"2026-04-01","Y7711UCHUA",,"Kuber Industries Stainless Steel Storage Rack (Silver)","1 Piece","Storage & Organizers","Kuber Industries",,,757,1597.3788664347824,,6.58549,52.6098650791868,0.0027983895866781584,0.0029,0.01355,0.00536,0.03567,757
"2026-04-01","EDBV3TOK4O",,"Robustt Travel Friendly EVA Reusable Waterproof Raincoat for Kids (Quick Dry, Monsoon Essential, Sky Blue)","1 Piece","Storage & Organizers","Robustt",,,145.08905258114746,499,,26.55024,70.92403755888829,0.0013105029514235238,0.00084,0.175,0.23979,0,14564.45767648767
"2026-04-01","UYK8QJ3KQI",,"WonderStand STEPMATE Rack for Home (3 Shelves, Metal)","1 Piece","Storage & Organizers","WonderStand",,,1499,1499,,0.25349,0,,,,,,149900
"2026-04-01","1SBW5NLDTN",,"Kuber Industries Storage Box (Multicolour)","3 pieces","Storage & Organizers","Kuber Industries",,,400.27340046350116,999,,32.92272,60.11685779967529,0.2887083179666604,0.24767,0.30714,0.2923,0.34722,131.2942894604685
"2026-04-01","2ZW1IM99R3",,"Sun Toys3 19"" Kids Umbrella (Non-Folding, UV Protective, Auto Open)","1 Piece","Storage & Organizers","Sun",,,415,600,,18.80594,30.833333333333332,0,0,0.00038,0.00051,0,415.00000000000006
"2026-04-01","STB9OS79N7",,"Kuber Industries Multi-Purpose Storage Organizer Set with Interlock (Black)","16 pieces","Storage & Organizers","Kuber Industries",,,546.0690790158136,2499,,15.30822,78.14849623786262,0.010210506025855916,0.00491,0.0077,0.01036,0.00053,34.3677138460598
"2026-04-01","GVS7RA8C7D",,"SANDISK Extreme Pro SD UHS I 64GB Card for 4K Video for DSLR and Mirrorless Cameras 200MB/s Read & 90MB/s Write","1 Piece","Storage & Organizers","SanDisk",,,2100,2100,,1.91571,0,0,0,,,,2100
"2026-04-01","C1V6DS2GLR",,"Lifelong 4-Tier Heavy Duty Shoe Rack | Storage Organizer for Shoes, Slippers","1 Piece","Storage & Organizers","Lifelong",,,4999,4999,,2.39664,0,0,0,0,0,0,499900
"2026-04-01","SU0F1XRM02",,"Kuber Industries Non Woven Storage Box (Large, Black)","1 Piece","Storage & Organizers","Kuber Industries",,,199.73775993284508,399,,12.27915,49.94096464391712,0.01358464837900662,0.01481,0.00271,0.00315,0.00151,202.0074337106617
"2026-04-01","VDMKSPI1BJ",,"Kuber Industries Jute Fabric Drawer Organizer with Lid (Large, Brown)","2 pieces","Storage & Organizers","Kuber Industries",,,599,2599,,0.30827,76.95267410542516,0,0,0,0,0,299.5
"2026-04-01","VU9L3O1RP3",,"Kuber Industries (Pack of 2) Shoe Rack | Foldable Sneakers Box (3-Layer) Storage Organizer for Shoe, Slippers & Books, Multipurpose Cabinet Organizer | White","1 pack","Storage & Organizers","Kuber",,,1899,8499,,1.97802,77.65619484645252,0,0,0.00002,0.00002,0,1898.9999999999998
"2026-04-01","YB5CSAZKXM",,"Kuber Industries Cotton Blouse Cover with Zipper (White)","3 pieces","Storage & Organizers","Kuber Industries",,,168.07865223012283,549,,10.39241,69.38458065025084,0.006434667551571382,0.00427,0.00235,0.00323,0,55.459773003212234
"2026-04-01","SDB2R2JRHF",,"Fendo 23.5"" Umbrella (3 Fold, For Men and Women, Red)","1 Piece","Storage & Organizers","Fendo",,,469.2150013531604,1838.7396522018346,,53.54157,74.49881877965802,0.7170363315883355,0.39723,0.06254,0.08569,0,468.52159542789894
"2026-04-01","GFN4NR7QGS",,"Sun Jennifer-4 21.5 Inch Umbrella (3 Fold, Auto Open, UV Protective)","1 Piece","Storage & Organizers","Sun",,,564.8916722310563,620,,9.75806,8.888439962732845,0.0005428325961267937,0.00107,0.00141,0.00194,0,561.8686187922635
"2026-04-01","GXU09NDIZS",,"Kuber Industries Small Plastic Storage Boxes with Lid (Black)","3 pieces","Storage & Organizers","Kuber Industries",,,476.40921615124347,1999,,33.63917,76.11967950607789,0.43042404787188066,0.21752,0.26867,0.30648,0.16652,161.1839137487874
"2026-04-01","B8SC4WHVDA",,"ABZORBZAP Moisture Absorber Sachet (100g, White)","1 Piece x 3","Storage & Organizers","Abzorb Zap",,,237,330,,1.00251,28.181818181818183,,,,,,237
"2026-04-01","KJNGAZ1R2H",,"Lifelong Ladies Designer Raincoat (Polka Dot Print, Knee Length, Lightweight PVC, Waterproof, Purple)","1 Large","Storage & Organizers","Lifelong",,,734.9006742527131,1999,,40.36184,63.23658457965417,0.00350021960128338,0.00297,,,,801.3530782138702
"2026-04-01","9092K93YS9",,"Nestasia Foldable Jewellery Organiser Roll (Pink, 10 x 20 Inches)","1 Piece","Storage & Organizers","Nestasia",,,761.2310432569975,1340,,3.26199,43.1917131897763,0,0,0.00468,0.00007,0.01713,761.2310432569975
"2026-04-01","DWSX57EEYP",,"Bathla Advance 4 Step Aluminium Ladder","1 Piece","Storage & Organizers","Bathla",,,4418.7371295371295,6799,,7.31441,34.998041659776256,0.11905509562626285,0.16751,0.00001,0.00001,0,437778.6995524866
"2026-04-01","Y5WUEFF214",,"Kuber Industries Waterproof Multipurpose Travel Kit with Handles (Black)","4 pieces","Storage & Organizers","Kuber Industries",,,779.5198604961279,3599,,18.51549,78.34065405679,0.0021007621470106918,0.00093,0.06287,0.0112,0.20242,188.21015014508419
"2026-04-01","RH44MH74I1",,"THE CLOWNFISH Raincoat for Women (Red)","1 pack","Storage & Organizers","The Clownfish",,,976.9298245614035,1299,,1.08592,24.793700957551692,0,0,0,0,0,976.9298245614035
"2026-04-01","06XFHP7XC0",,"Sounce 2.5"" SATA SSD Enclosure Case, USB 3.0 to SATA For 2.5 SATA SSD / HDD, Transparent","1 Piece","Storage & Organizers","Sounce",,,229.34195402298852,1499,,2.59087,84.70192068478886,0.09362111210296457,0.03116,0.01394,0.0191,0,230.4896227881955
"2026-04-01","4AU2DXNCL3",,"WD My Passport 2TB External Hard Disk Drive (HDD) 5GB/s, USB 2.0,USB 3.0, Compatible with Windows 10, Wired - Black","1 unit","Storage & Organizers","WD",,,10406.898633392751,14186.939987967913,,1.85535,26.644515010150553,0.2073555727507395,0.33064,0.0912,0.09115,0.09132,10634.822470965366
"2026-04-01","GZZ3M64MVR",,"Smart Shelter Washing Machine Stand (Fully Automatic, Adjustable Metal, Without Wheels, White)","1 pack","Storage & Organizers","Smart Shelter",,,1245.6704497779451,2669.51889874477,,26.96993,53.422963026562506,0.12421445679151438,0.11806,0.00021,0.00028,0,1214.646708117904
"2026-04-01","C1NU3O1FYH",,"Absorbia XL with Activated Charcoal (Set of 2, 1L Absorption, Dehumidifier for Rooms and Wardrobes)","900 g","Storage & Organizers","Absorbia",,,470,599,,2.38495,21.535893155258766,0,0,0.00001,0.00001,0,52.22222222222223
"2026-04-01","R9EMKKZW4B",,"Zeel Rain Jacket and Pant Suit for Men (Stylish, Polyester)","1 XXL","Storage & Organizers","Zeel",,,1037.0831798566758,1048.7847759876545,,67.88754,1.0219861874293288,0.13669417817646937,0.29669,0.29133,0.39919,0,1041.6486640698658
"2026-04-01","24DRMAN38H",,"Nayasa Plastic Modular Wardrobe (Pink)","1 Piece","Storage & Organizers","Nayasa",,,2511.0065225615463,3295.9152614163095,,58.13156,23.812678831126753,0.09113931649493069,0.1506,0.20927,0.28675,0,2494.946596544626
"2026-04-01","BUOTI81STM",,"SANDISK 256GB High Endurance Video microSDXC Card with Adapter for Dash Cam and Home Monitoring Surveillance Systems - C10, U3, V30, 4K UHD, Micro SD Card - SDSQQNR-256G-GN6IA","1 Piece","Storage & Organizers","SanDisk",,,4100,4100,,0.66922,0,0,0,0.00266,0.00364,0,4100
"2026-04-01","LEWE22RA57",,"SUN BRAND 23"" Checks Print Umbrella (2 Fold, Auto Open, UV Protective, Checks Print)","1 Piece","Storage & Organizers","Sun",,,450.3297482945567,573.1070172222222,,29.5329,21.39726421834469,0.01946632711168497,0.03329,0.0096,0.01315,0,450.7912376838422
"2026-04-01","NWAKJWA4LP",,"Casacraft By Pepperfry Brown Engineered Wood Wall Shelf","1 Piece","Storage & Organizers","Casacraft by Pepperfry",,,820,1329,,0.9627,38.299473288186604,0.0019393132264852386,0.00261,0.00321,0.00439,0.00004,819.9999999999999
"2026-04-01","D60W3I2MC6",,"Crownsy Printed Storage Box (Small and Large, Pink)","2 pieces","Storage & Organizers","crownsy",,,211,599,,0.21148,64.7746243739566,0,0,,,,105.5
"2026-04-01","ATYOFQJUDQ",,"Sun Regal 23"" Umbrella (3 Fold, Manual open, Compact- UV Protective)","1 Piece","Storage & Organizers","Sun",,,962.3298317588842,1770.0217153333333,,16.85112,45.627452895953525,0.016013561585740414,0.01918,0.02182,0.02989,0,969.8761411092511
"2026-04-01","3CWAOLTU9O",,"Crownsy Jeans Storage Organizer (7 Grids, Black)","2 pieces","Storage & Organizers","crownsy",,,228.71666666666667,599,,3.75029,61.81691708402894,0.003147028199222818,0.00268,0.00003,0.00005,0,116.56894740590391
"2026-04-01","HM3GDN2A8B",,"Kuber Industries Non-Woven Foldable Storage Box (Black)","2 pieces","Storage & Organizers","Kuber Industries",,,308.3251700680272,799,,18.90464,61.43415226175381,0.08790561018761668,0.07308,0.10485,0.07455,0.18669,152.7071354398825
"2026-04-01","YQK40Z4POA",,"Crownsy Hanging Organizer (Black)","1 Piece","Storage & Organizers","crownsy",,,169,1499,,1.43342,88.72581721147432,0,0,0,0,0,169
"2026-04-01","5KNDW10688",,"Nayasa Plastic Toy Box (25L, Transparent)","1 Piece","Storage & Organizers","Nayasa",,,849,849,,80,0,0,0,,,,84900
"2026-04-01","71OAJZ1HFG",,"Kuber Industries Non Woven Dress Organizer (Beige)","12 pieces","Storage & Organizers","Kuber Industries",,,259.4418340192503,899,,26.61767,71.20639840589484,0.18113203046101037,0.11227,0.05731,0.07853,0,21.463110559059068
"2026-04-01","SVEMWEG51E",,"CITIZEN Eva Raincoat Poncho (Free Size, Grey, CP04)","1 Piece","Storage & Organizers","Citizen",,,139,149,,0.27201,6.7114093959731544,0,0,0,0,0,139
"2026-04-01","PYIJBOOZYW",,"Coconut 2 Layer Stainless Steel Wallmount Multipurpose Kitchen or Bathroom Rack or Stand","1 Piece","Storage & Organizers","Coconut",,,1420.857142857143,1431,,0.69626,0.7087950484176899,0,0,,,,1420.857142857143
"2026-04-01","WN5DFGGY1U",,"Lifelong Men's Raincoat Set (Waterproof, Polyester, Double-Coated, Reversible, Navy Blue and Aqua Green)","1 Large","Storage & Organizers","Lifelong",,,3499,3499,,100,0,0,0,,,,3499
"2026-04-01","SXW3MZZVS0",,"SANDISK iXpand Flash Drive Flip 128GB for for iPhone, Type-C Android phone & other devices","1 Piece","Storage & Organizers","SanDisk",,,4939.2,5100,,2.32558,3.152941176470588,0,0,,,,4939.2
"2026-04-01","R95GPYBXS6",,"SANDISK Ultra microSDXC UHS-I, 140MB/s R 128GB Memory Card (Red & Grey)","1 unit","Storage & Organizers","SanDisk",,,2227.7132884339435,3574.55692121339,,32.24609,38.393047593429515,1.1594743154562366,1.42881,0.5662,0.37413,1.085,2296.365846172633
"2026-04-01","WCSD06PEZI",,"Filixtrue 7 Day Weekly Pill Box Medicine Organizer Box (Multicolor)","1 Piece","Storage & Organizers","filixtrue",,,790.6266497590028,900,,15.1194,12.14842239835645,0.015234334149364853,0.02931,0.01109,0.0152,0,794.7216694188617
"2026-04-01","C7HXL5ML3P",,"SANDISK Cruzer Force Blade 128 GB Flash Pen Drive (Black and Red)","1 unit","Storage & Organizers","SanDisk",,,1394.8049620048305,1538.7634862083335,,39.99826,9.875478810034338,0.2302378928576637,0.43839,0.07717,0.10575,0,1408.8535337570083
"2026-04-01","Y6AA0IX757",,"Fendo 21"" Katie Umbrella (2 Fold, Auto Open, Purple)","1 Piece","Storage & Organizers","Fendo",,,289.48562092145835,398.9874813186813,,69.68972,26.55510682669934,0.425850595695868,0.67535,0.7376,1.01067,0,293.98584395270353
"2026-04-01","8D6L6Y97B4",,"Bathla Stomo Vero Multipurpose Drawer Organizer (Ash)","8 pieces","Storage & Organizers","Bathla",,,426.0478718812052,899,,5.15884,52.62008322633694,0.019844033534215773,0.02021,0,0,0,52.51533766259028
"2026-04-01","WH8HDEQ4RE",,"CITIZEN Eva Raincoat Poncho (Free Size, Pink, CP04)","1 Piece","Storage & Organizers","Citizen",,,139,149,,1.75961,6.7114093959731544,0.00008702832266936015,0.00018,,,,139
"2026-04-01","K781V1X1M5",,"PrettyKrafts Jute Rope Laundry Basket (40x40x45 cm, Brown)","1 Piece","Storage & Organizers","PrettyKrafts",,,629.304720005612,1999,,59.3725,68.54383611138198,0.5870801067881122,0.39875,0.57432,0.46596,0.86698,623.143113606404
"2026-04-01","BOGXYTDKTS",,"SANDISK Ultra Flair USB Pen Drive (128 GB, Metallic Silver)","1 Piece","Storage & Organizers","SanDisk",,,2086.0210056079914,2340.340752580645,,7.52357,10.866782826057301,0.006479144802995966,0.01339,0.02231,0.01575,0.04005,2331.234997968758
"2026-04-01","5ZG76AH8L0",,"Prolume Travel Friendly Bottle Kit","4 pieces","Storage & Organizers","prolume",,,142.32907489202455,237.9372145544555,,33.28338,40.1906642323698,0.046036056511911706,0.06019,0.05348,0.07328,0,37.173273122164815
"2026-04-01","1XOVE5DZQO",,"Godrej Locks Navtal 7 Levers with 3 Keys (65mm, Long Hardened Shackles, for Padlock for Main Door, Gate Lock, Tool Box, Shutters, Brass Finish)","1 pack","Storage & Organizers","Godrej Locks",,,863.9158445824025,903.2327959583333,,53.42665,4.413964193357302,0.14216435477982578,0.29548,0.35743,0.48976,0,858.5444967717845
"2026-04-01","IT1S9DSJXB",,"Fendo Waterproof Reversible Rain Jacket for Men with Hood (Long Overcoat, Double Layer, XXL, Black)","1 XXL","Storage & Organizers","Fendo",,,747.0918713275017,2979,,29.40469,74.92138733375289,0.017388153804964713,0.00952,0.02017,0.02764,0,766.0195313330427
"2026-04-01","PR336SVS97",,"Crownsy Shoe Pouch (Grey)","6 pieces","Storage & Organizers","crownsy",,,157,549,,0.71721,71.40255009107469,0,0,0.00005,0.00006,0,26.16666666666666
"2026-04-01","3C6A3OEWC8",,"CITIZEN 21"" Solid Umbrella (3 Fold, Auto Open, UV Protective, Black)","1 Piece","Storage & Organizers","Citizen",,,529,1099,,34.46184,51.86533212010919,0,0,0.00006,0.00008,0,529
"2026-04-01","YNWKPMZ2DV",,"Crownsy Flexible Non Woven Hanging Storage Bag for Clothes or Shoes (Grey)","1 Piece","Storage & Organizers","crownsy",,,144,599,,1.92791,75.95993322203672,0.0010490677688372969,0.00055,,,,144
"2026-04-01","NVM3X1ISHX",,"Kuber Industries 2-Compartment Non-Woven Foldable Storage Box with Double Lid (Small, Grey)","1 Piece","Storage & Organizers","Kuber Industries",,,263.00878243996306,799,,11.42129,67.08626249814597,0.03206039355640473,0.02273,0.02352,0.01566,0.04474,261.20497386843175
"2026-04-01","LEXYN8V9RS",,"Robustt UV Umbrella (Novelty Carabiner Handle, Auto Open/Close, 8 Ribs, Compact, for Men and Women)","1 Piece","Storage & Organizers","Robustt",,,737.0936639118456,999,,34.13465,26.999295152525562,0.011953699088579217,0.01566,0.0233,0.00586,0.0704,59950.43227810673
"2026-04-01","AE3S47JFUL",,"EVM 256GB M.2 NVMe 2280 SSD, 2000MB/s PCIe Gen3x4 – 5 Yr Wty (EVMNV/256GB) Black","1 pack","Storage & Organizers","EVM",,,4869.174032213463,6607.2423642512085,,6.12019,26.299422102026142,0.02451151832446083,0.03979,0.03358,0.04602,0,4873.929664484136
"2026-04-01","ESU1JM32VK",,"Oye Happy Kachara","1 Piece","Storage & Organizers","Oye Happy",,,749,749,,32.49551,0,0,0,,,,749
"2026-04-01","RZ6VCIXS6I",,"Absorbia Classic Family (Set of 3, Dehumidifiers with Ag+ Ion Technology)","1 pack","Storage & Organizers","Absorbia",,,623.1680837410764,799,,7.11193,22.006497654433495,0.005208916528059268,0.00885,0.00005,0.00007,0,620.1398870250193
"2026-04-01","VF7SGM7A2V",,"Java Plastic 3 Layer Stakable Organiser/Storage Container (Transparent)","1 pack","Storage & Organizers","Java",,,116.44358223219477,270,,7.34368,56.87274732140934,0.004255107124477769,0.00381,0.00039,0.00054,0,110.61086978287719
"2026-04-01","O7A5RNF8FY",,"PrettyKrafts Wardrobe Organizer (Non Woven Fabric, Grey Black)","3 pieces","Storage & Organizers","PrettyKrafts",,,200.43094784963822,234.00708650000004,,73.17658,14.426582126592969,1.2073160783330705,2.25655,6.81823,5.72228,9.77848,66.74984379056413
"2026-04-01","211CS3YAH7",,"Saaj Plastic Multipurpose Storage Organizer/Tray (23.5x18.5x5 cm, Blue, Series 111)","1 Piece","Storage & Organizers","saaj",,,87.47160894660894,99,,8.16905,11.67301608034367,0.00340933891825441,0.00652,0.00699,0.00958,0,86.72215787716956
