"Date","Product ID","Item ID","Product Name","Grammage","Category","Brand","Offtake MRP","Offtake SP","SP","MRP","Units","Wt. OSA %","Wt. Discount %","Est. Category Share","Est. Category Share SP","Overall SOV","Organic SOV","Ad SOV","Wt. PPU (x100)"
"2026-03-01","T7QJIJ3BPQ",,"MILTON Plastic Vintage PET Jar Set (1L, Transparent)","2 pieces","Jars Containers Holders","Milton",,,259.05280838421874,340,,50.88514,23.788903275169723,0.18498893155312499,0.28754,0.28543,0.25291,0.3797,259.14419664271946
"2026-03-01","3N7EHPE1MJ",,"Exclusivelane Ceramic 'Shades Of A Leaf' Hand-Painted Multi-Purpose Jars with Lids and Holders (4 Pieces, 220ml each, Brown and Green)","4 pieces","Jars Containers Holders","ExclusiveLane",,,1699,3175,,4.87411,46.488188976377955,0,0,0.00281,0.00053,0.00942,424.7499999999999
"2026-03-01","QBYJJIBHD3",,"Agaro Borosilicate Glass Elite Oil Dispensers (500ml)","2 pieces","Jars Containers Holders","Agaro",,,589.0735802125296,598.9224036563877,,56.92374,1.624772940108266,0.17846382917214768,0.35821,0.78621,0.18621,2.52551,294.6261289508521
"2026-03-01","BC9IJEZOHT",,"ExclusiveLane Ceramic Multi-Utility Storage Jar (410ml, Multicolour)","1 Piece","Jars Containers Holders","ExclusiveLane",,,512.9029692288975,875,,23.06486,41.37754718576494,0.04284602606124697,0.0511,0.015,0.00355,0.04819,513.7315684905961
"2026-03-01","07HB54E0D8",,"ExclusiveLane Ceramic 'Hut Handpainted' Pickle Jars with Spoons (280 ml, Multicolor)","2 pieces","Jars Containers Holders","ExclusiveLane",,,851.4766813942072,1493.6991083505156,,18.59146,42.99543484802046,0.002389180054546227,0.00276,0.01,0.00353,0.02875,424.64214430817
"2026-03-01","J22DQ8MJRW",,"Whitegold Glass Jar Set (6 Pieces, 125ml, Gold)","6 pieces","Jars Containers Holders","Whitegold",,,199,318,,4.71076,37.42138364779874,0.00211170940716013,0.0027,0.00532,0.00716,0,33.16666666666667
"2026-03-01","55OWZOZ3K6",,"Joyo Plastic Fresherware Spice Masala Box Shrink Pack (German Green)","1 Piece","Jars Containers Holders","Joyo",,,159,326,,10.56541,51.22699386503067,0.0020784001795302086,0.00207,0.00002,0.00003,0,158.99999999999997
"2026-03-01","KCZBVF5XQP",,"Nestasia Nestro Pro Round Airtight Containers (Set of 4, 215ml + 400ml + 600ml + 950ml)","4 pieces","Jars Containers Holders","Nestasia",,,1382.5958923158707,1845,,45.05066,25.078129794633114,0.46802253870200894,0.71523,0.05775,0.01449,0.18316,1381.7829389832368
"2026-03-01","SJSCQZH9J2",,"LocknLock Classic Food Storage Containers with Lid (2.6L, Pack of 2, Tall Square, Plastic, Leakproof, Airtight, Transparent, HPL822B)","2 pieces","Jars Containers Holders","Lock & Lock",,,1077.5818670576734,1320,,18.35649,18.36501007138837,0.01086932691081667,0.01806,0.00048,0.00064,0,537.5453600899903
"2026-03-01","HQ5FLQPD1X",,"Home Centre Glass Vault Trove Storage Jars (Set of 5)","5 pieces","Jars Containers Holders","Home Centre",,,983.0639247802077,999,,33.94449,1.5958300715939575,0.10783360416158395,0.21639,0.00458,0.00616,0,196.51924487004226
"2026-03-01","OC79LQ09KW",,"Borosil Endura Jar with PP Lid (1.2L, Transparent, Borosilicate Glass)","1 Piece x 2","Jars Containers Holders","Borosil",,,684.6981566820276,967.2903225806451,,9.6084,29.214824060752168,,,,,,684.6981566820276
"2026-03-01","BIM6SFD6LX",,"Home Centre Polypropylene Barbados Storage Containers (2.5L, Pack of 4, Blue)","4 pieces","Jars Containers Holders","Home Centre",,,1057.5136612021859,1099,,8.07083,3.7749170880631673,0,0,0.00052,0.0007,0,264.37841530054646
"2026-03-01","3ILMMFQWT9",,"Neelam Stainless Steel Puri Dabba (Silver)","1 Piece","Jars Containers Holders","Neelam",,,189.9032017240312,208.4136746543779,,15.58783,8.881601920336312,0.0008110557866443703,0.00146,0.00034,0.00045,0,189.79971194785054
"2026-03-01","GGKR79EICK",,"IKEA 365+ Dry Food Jar with Lid (Transparent/White, Polystyrene-Acrylic & Plastic)","1 Piece","Jars Containers Holders","IKEA",,,219.65477447781652,308.96949020161287,,72.61363,28.862087451418017,0.5176952033101462,0.73945,0.14572,0.19599,0,218.62452773256385
"2026-03-01","J2KSEDON65",,"Joyo Fusion Stainless Steel Airtight Round Container (225ml)","1 Piece","Jars Containers Holders","Joyo",,,131.58512544802866,181.93989802419352,,27.70716,27.625559407539658,0.03065899248036237,0.04549,0.03712,0.03105,0.0547,132.39138820314508
"2026-03-01","IRP5AK1CCL",,"Nayasa Refresh Plastic Storage Containers (1.15L, Set of 3, Grey)","3 pieces","Jars Containers Holders","Nayasa",,,355.2247699411823,494.834883805668,,29.34901,28.25880131366545,0.027480112794685697,0.0397,0.0291,0.02164,0.05073,116.87820291330641
"2026-03-01","FJKPRZQYGS",,"Joyo Plastic Kitchen King Container (16500ml, Brown)","1 Piece","Jars Containers Holders","Joyo",,,291.50578703703707,567,,3.76445,48.64827780652141,0.046887439430814255,0.04892,0.00228,0.00307,0,289.9062334497567
"2026-03-01","RSSP32FRI9",,"TREO Glass Cube Storage Jars (180ml, Transparent)","6 pieces","Jars Containers Holders","Treo",,,626.28,665.8025,,3.13636,5.79413003895785,0.010314385616044476,0.0197,0,0,0,108.10702566767999
"2026-03-01","GECHHN0Z48",,"Glass ideas Glass Jar (750ml, Transparent, Black)","2 pieces","Jars Containers Holders","Glass ideas",,,219,450.1343814049587,,47.56657,51.45215491150701,0.22642624822192758,0.22446,0.08127,0.10471,0.01333,109.5
"2026-03-01","ZK3UTK1J95",,"Home Centre Glass Pamolive Perch Oil Dispenser (500ml, Transparent)","1 Piece","Jars Containers Holders","Home Centre",,,229,229,,7.17182,0,0,0,0.00069,0.00093,0,229
"2026-03-01","09PO2HDNTA",,"Femora Stainless Steel Round Storage Container with Lid (350ml, Silver)","1 Piece","Jars Containers Holders","Femora",,,221,306.64285708333335,,7.21785,27.92918703469392,0,0,0,0,0,221
"2026-03-01","8JDLML03CJ",,"HomeStop Clickon Jar (1.4L)","1 Piece","Jars Containers Holders","HomeStop",,,287.58986175115206,399,,9.85209,27.922340413245095,0.0014837746853328918,0.00221,0.00634,0.00853,0,290.1200701139351
"2026-03-01","DR6SWWCDTK",,"Nestasia Glass Seasoning Jars with Lid (Set of 6, 100ml, Transparent and Beige)","6 pieces","Jars Containers Holders","Nestasia",,,864.4853708033804,1315,,37.82679,34.35364475969073,0.06303827109965959,0.08275,0.07938,0.02784,0.22879,140.9872352314237
"2026-03-01","D2ZQMLPX4S",,"Java Plastic Container (500ml, Transparent, Blue)","1 Piece","Jars Containers Holders","Java",,,102.29936480568787,210.01479616935484,,28.35316,51.355569092294736,0.03795259771125114,0.03732,0.09964,0.13402,0,101.82116786027542
"2026-03-01","22RW1CY2X9",,"JARSOME Metal Mandala Collection Airtight Kitchen Container Set (2 Pieces, 450ml each, Blue Elephants)","2 pieces","Jars Containers Holders","Jarsome",,,437.51197845533,699,,6.25381,37.40887289623319,0.0007426842141408459,0.00093,0.01201,0.00069,0.04482,222.09052813862448
"2026-03-01","E1M1DI3L98",,"ExclusiveLane 'White Doves' Handcrafted Multi Utility Jars & Containers In Iron (Set of 3, Air-Tight, 1080 ML)","3 pieces","Jars Containers Holders","ExclusiveLane",,,1378.52683864075,2923.6749653629035,,19.2552,52.84680090999553,0.030984912913391994,0.02808,0.00814,0.00073,0.02961,1424.3753402151344
"2026-03-01","AIIZK5KBQB",,"ARISTO Lock & Fresh 403 Plastic Storage Container (10.8L, Color May Vary)","1 Piece","Jars Containers Holders","Aristo",,,279.321949779183,480.9677825,,44.68449,41.88759930985999,0.7278933233302117,0.86225,0.8972,1.20671,0,279.4909707075929
"2026-03-01","68T3KZ8BSO",,"Trisara Stainless Steel Deep Chapati Box/Storage Containers (900 ml/1.1 L/1.5 L, Pack of 3, Sizes 10-12)","3 pieces","Jars Containers Holders","Trisara",,,1162.9481482574665,2120,,17.38636,45.14395527087422,0.0056313313352902685,0.00579,0.00356,0.00479,0,358.1676350541991
"2026-03-01","WVWN8F2XQB",,"UTENSILA Kitchen Smart Grain Dispenser, 360 degree Rotating 6 Grid Cereal Dispenser","1 Piece","Jars Containers Holders","Utensila",,,2453.539739158691,3899,,23.83539,37.072589403470346,0.031070496909742566,0.03985,0.00629,0.00845,0,2452.3029964214256
"2026-03-01","5JD43KL2L0",,"Sumeet Stainless Steel Chocolate Flat Slim N Sleek Canisters/Puri Dabba/Storage Containers (No.10 - 700ml, No.11 - 900ml, No.12 - 1.2L, Set of 3, Silver)","3 pieces","Jars Containers Holders","Sumeet",,,964.3258196580352,1418.6147741129032,,21.73446,32.02885848059791,0.07030478270041875,0.09595,0.01771,0.00627,0.05089,321.39612478461277
"2026-03-01","GJHZ7RI66V",,"Nestasia Glass Vintage Patterned Jar with Lid (Set of 4, 700ml, Transparent and Beige)","4 pieces","Jars Containers Holders","Nestasia",,,1736.232025545825,2645.536606774194,,65.71399,34.36507697318328,0.11425511325088929,0.15238,0.18433,0.0244,0.64792,435.0836199698657
"2026-03-01","UJJE4ZTUS7",,"HAZEL Stainless Steel Oil and Ghee Air Tight Container (1L)","1 Piece","Jars Containers Holders","Hazel",,,309.94821673525377,999,,6.35819,68.92480235918134,0.029852877296859284,0.0182,0.0036,0.00485,0,323.75786504179126
"2026-03-01","ILRQV99J6R",,"Embassy Stainless Steel Tea,Coffee,Sugar Canister/Storage Container (600 ml, Pack of 3)","3 pieces","Jars Containers Holders","Embassy",,,374.26198352114386,660.7919620610687,,6.40791,43.361601682655525,0.00033468601924802066,0.00039,0.00009,0.00012,0,128.35927715530653
"2026-03-01","M89B7UNSXG",,"Cello Glass and Plastic Modustack Jars (500ml, Maroon)","3 pieces","Jars Containers Holders","Cello",,,522.1961803131157,549,,24.28208,4.882298667920624,0.0017499297577825083,0.00341,0.00058,0.00078,0,174.7003879005832
"2026-03-01","AMU1PO4H0P",,"Femora Borosilicate Glass Microwave Safe Square Food Storage Container with Air Vent Lid (300ml, Transparent)","1 Piece","Jars Containers Holders","Femora",,,282.37509058584,335,,18.00543,15.698345013216441,0.007387157941983337,0.01279,0.05019,0.00074,0.19353,285.8890415903618
"2026-03-01","FOH058YBI9",,"Exclusivelane Ceramic 'Vintage Ivory' Multi-Purpose Storage Jar (410ml, Off White and Brown, Air-Tight, Hand Glazed)","1 Piece","Jars Containers Holders","ExclusiveLane",,,651.5806451612904,1230,,3.73893,47.025963808025175,0,0,0.00431,0.00254,0.00946,651.5806451612904
"2026-03-01","SO0TJIE0ER",,"Femora Borosilicate Screw Jar with Stainless Steel Lid (550ml, Transparent)","1 Piece","Jars Containers Holders","Femora",,,249,365,,9.22202,31.78082191780822,0,0,0.00002,0.00002,0,249.00000000000003
"2026-03-01","8BVSMIT1WL",,"Borosil Klip N Store Square Food Storage Container with Airtight Lid Borosilicate Glass for Lunchbox Microwave Dishwasher Safe (320ml, Transparent)","1 Piece","Jars Containers Holders","Borosil",,,252.32367269786516,375,,53.24249,32.74453713094031,0.14513993910709666,0.19842,0.26329,0.16057,0.56104,252.36433319631104
"2026-03-01","30S978IU9F",,"Nayasa Plastic Oil Dispenser Bottle (1L, Yellow)","1 Piece","Jars Containers Holders","Nayasa",,,116.27569963377896,175,,43.11119,33.31050909680197,0.048024734399078006,0.06565,0.12882,0.17326,0,117.184910531802
"2026-03-01","34Z6WSCLK0",,"Home Centre Plastic Corsica Medika Condiment Jars (180ml, Pack of 4, Multicolour)","4 pieces","Jars Containers Holders","Home Centre",,,490,499,,20.00205,1.8036072144288577,0.0071555870915226815,0.01434,0.00026,0.00035,0,122.50000000000001
"2026-03-01","314SDMN3LJ",,"Joyo Plastic Fresherware Square Container (1.5L)","1 Piece","Jars Containers Holders","Joyo",,,151.60776121886266,246.2938959274194,,62.47523,38.42318925438475,0.22653271025090743,0.2845,0.53076,0.71385,0,151.51367120670028
"2026-03-01","9Y05GYPBSS",,"Signoraware Easy flow BPA Free Plastic Oil Dispenser (1.1L, Easy and Clean Pouring, Green)","1 Piece","Jars Containers Holders","Signoraware",,,263.24732092780846,325,,33.09492,19.02597543980096,0.04025364378072873,0.06629,0.00111,0.00149,0,262.64386708658276
"2026-03-01","UKQ8VPXDKV",,"Milton Plastic Silo Storage Containers (23L, Blue)","1 Piece","Jars Containers Holders","Milton",,,399,730,,3.47532,45.342465753424655,0.0023265459566583838,0.0026,0.00096,0.00129,0,399.00000000000006
"2026-03-01","PWCKZTO7B8",,"Yera Glass Jar (245ml, Transparent)","4 pieces","Jars Containers Holders","Yera",,,158.7529667087848,193.56372346774194,,20.03769,17.992550903778096,0.003440412903574772,0.00573,0.02835,0.00306,0.10165,39.67040994959686
"2026-03-01","B9I4Q2KP3Q",,"HomeStop Glass Grace Candy Jar (2 Pieces, 12x10cm)","2 pieces","Jars Containers Holders","HomeStop",,,528.6038961038961,789.3214285714286,,10.38208,33.03463556278182,0.006968641043628431,0.00939,0.00019,0.00026,0,262.5614005974112
"2026-03-01","DJCCYLIUFL",,"Frenchware Oil Dispenser with Lids (1L, Green, Textured, BPA-Free Plastic)","2 pieces","Jars Containers Holders","Frenchware",,,244.162672431009,399.00016112149535,,29.56354,38.63631983567407,0.060046656210466925,0.0752,0.06763,0.09096,0,122.31860923020407
"2026-03-01","KW0VA5OBWR",,"ExclusiveLane 'Moroccan' Hand-Painted Ceramic Pickle & Chutney Jar Set With Spoons & Wooden Tray Set of 2","1 pack","Jars Containers Holders","ExclusiveLane",,,1012.7668744917321,2375,,17.10431,57.357184231927064,0.015771998969915536,0.01354,0.04809,0.01492,0.14422,1020.2373695845107
"2026-03-01","29ILOX4I2R",,"Joyo Fresherware Container Square (10.5L, Grey)","1 Piece","Jars Containers Holders","Joyo",,,321.58722843976307,475,,11.61775,32.30310863783734,0.0291376054614378,0.04023,0.00521,0.00392,0.00895,321.42598656802596
"2026-03-01","F9SF7R7779",,"ARISTO Plastic Lock & Fresh 402 Storage Container (6400ml, Transparent)","1 Piece","Jars Containers Holders","Aristo",,,220.8536053173874,354.0088710232558,,43.46328,37.61002109630838,0.4653887191048219,0.59053,0.7328,0.98559,0,220.90973867736224
"2026-03-01","TVINXDG30M",,"Nestasia Glass Airtight Jars with Lids (850ml, Transparent)","2 pieces","Jars Containers Holders","Nestasia",,,1036.7964437548635,1710,,17.40058,39.36862902018342,0.0027253004424481683,0.00327,0.00642,0.00086,0.02254,501.83986060236066
"2026-03-01","SAB0SLVIVZ",,"Sumeet Stainless Steel Food Storage Airtight and Leak Proof Containers (400ml, 600ml, 800ml, 1L, Set of 4, Silver)","4 pieces","Jars Containers Holders","Sumeet",,,696.7224602686016,1424.8458268145162,,88.62283,50.50481360327913,0.758880308109437,0.75576,1.39864,0.41931,4.23751,177.01406349367466
"2026-03-01","NDX5OILDJ9",,"Selvel Italian White Serving Bowl Set with Lids (4 Pieces, 430ml)","4 pieces","Jars Containers Holders","Selvel",,,1021.8602982376716,2999,,30.05548,65.89579490314314,0.17100096844009635,0.12076,0.34494,0.01271,1.30802,260.2099935726774
"2026-03-01","F21ZOI37J8",,"TEX-RO Stackable Airtight Plastic Lock Container (Black)","2 pieces","Jars Containers Holders","Tex-Ro",,,365.474043715847,1938.2076496721315,,4.44059,81.14371059377095,0,0,0.00009,0.00011,0,182.7370218579235
"2026-03-01","9XBJSMG1U8",,"Exclusivelane 'Floral Hand-Etched' Stainless Steel Spice Box with Spoon (7 Containers, 100ml each, Silver)","1 pack","Jars Containers Holders","ExclusiveLane",,,2051.5842696629215,3849,,3.86824,46.69825228207531,0,0,0.00003,0,0.0001,2051.5842696629215
"2026-03-01","NIHTOKABMZ",,"Glass ideas Glass Jar (500ml)","1 Piece","Jars Containers Holders","Glass ideas",,,131.7456582697992,149,,26.66088,11.634635453425673,0.013904450982511581,0.02487,0.02358,0.03025,0.00425,130.89792721901904
"2026-03-01","7HQ9TCVLUG",,"ExclusiveLane Ceramic Oil Bottle (1L)","1 Piece","Jars Containers Holders","ExclusiveLane",,,697.5685629462704,1575,,18.4653,55.746788410002694,0.03318411880844125,0.02789,0.03375,0.0005,0.13016,654.2526815892566
"2026-03-01","AAYTH0BJ3B",,"Sumeet Stainless Steel Vertical Utility Canisters/Ubha Dabba/Storage Containers (No.3 - 125ml, No.4 - 160ml, No.5 - 200ml, No.6 - 280ml, Set of 4, Black)","4 pieces","Jars Containers Holders","Sumeet",,,495,1096.4951972580648,,16.47111,54.86592330008813,0.06150795912022171,0.05634,0.01389,0.01645,0.00649,123.75000000000001
"2026-03-01","3MEZBFLKZM",,"Nestasia Groovo Transparent Food Storage Container (Set of 6, 310ml, Sage Green)","6 pieces","Jars Containers Holders","Nestasia",,,1257.5863896813205,1945,,35.993,35.34607172240365,0.22076766388221283,0.29119,0.08902,0.03023,0.25942,1257.22326406566
"2026-03-01","26ONRULH4I",,"Sumeet Stainless Steel Canisters / Dabba / Storage Containers with See Through Lid Combo (9cm Dia - 2 x 400ml, 11cm Dia - 2 x 800ml, Set of 4, Silver)","4 pieces","Jars Containers Holders","Sumeet",,,1176.4973499671737,2148.1098919758065,,28.82542,45.231044540042355,,,0.03225,0.01635,0.07835,29412.43374917934
"2026-03-01","0Z99BX8N0F",,"Sugar Homeware Stahl XL Stainless Steel Storage Container (1200ml, Assorted)","1 Piece","Jars Containers Holders","Sugar Homeware",,,139.2163062743708,399,,5.44098,65.10892734106014,0.002543613746284957,0.00181,0.00115,0.00154,0,139.01921345130515
"2026-03-01","5SIPV0G98I",,"Use Max Plastic Cube Set (850ml, 1350ml, 2150ml, Red)","3 pieces","Jars Containers Holders","Nayasa",,,221.2058823529412,305,,3.32476,27.473481195756992,0.0009725019473578201,0.00142,0.00001,0.00001,0,73.13491635186185
"2026-03-01","V9DPQQC2FP",,"Cello Plastic Pet Canister Set (4x300ml, 4x650ml, 4x1200ml, Transparent and Brown)","12 pieces","Jars Containers Holders","Cello",,,460.50333518259146,999,,63.24491,53.909569772077596,0.2501267996135339,0.23514,0.1318,0.14047,0.10666,38.36735590345198
"2026-03-01","TPT4GJ9E9H",,"The Better Home Tall Borosilicate Jars (2 Pieces, 1L)","2 pieces","Jars Containers Holders","The Better Home",,,2408.336727027456,6799,,21.41421,64.57983133343167,0.11197048273378436,0.07927,0.00247,0.00332,0,1204.4996065664784
"2026-03-01","AD6YOGGY65",,"MILTON Plastic Vintage Pet Jar Set of 3 (500ml, Transparent)","3 pieces","Jars Containers Holders","Milton",,,299.21423555889504,370,,68.20184,19.13246339193926,0.356831077521598,0.58871,0.54979,0.50798,0.67099,299.21633839793805
"2026-03-01","13Z6ZV42T3",,"Tarrington House Plastic Airtight Jar (450ml, Transparent)","1 Piece","Jars Containers Holders","tarrington house",,,591.7241379310345,600,,0.68361,1.3793103448275863,0,0,0,0,0,59172.41379310345
"2026-03-01","O94Q360FIX",,"YouBee Plastic Air Tight and BPA Free Storage Jar and Container Set (500 ml Each, Blue, Pack of 6)","6 pieces","Jars Containers Holders","Youbee",,,421.58402871117084,699,,16.91702,39.69148225407285,0.03128931781661281,0.0384,0.00737,0.00992,0,70.13234043361189
"2026-03-01","997B80RPAY",,"Borosil Classic Jar with Stainless Steel Lid Borosilicate Glass Kitchen Storage Container For Storing Spices Dals Grains Rice (300ml, Transparent, Pack of 2)","2 pieces","Jars Containers Holders","Borosil",,,582.4376970807476,724.0748163008129,,21.30644,19.55888025064206,0.025806523324150715,0.04212,0.00943,0.01166,0.00297,291.63396067940806
"2026-03-01","TWZNL83YE9",,"Neelam Stainless Steel Multipurpose Grocery Container (350ml, 550ml, 775ml, Silver)","3 pieces","Jars Containers Holders","Neelam",,,693.2186186714924,886.9568287500001,,14.51107,21.83285591411695,0.004847528553070379,0.00789,0.00533,0.00717,0,231.35058766207007
"2026-03-01","EIP0NSDPWA",,"MILTON Plastic Store It Round Food Storage Container (6 Pieces, 200ml, 400ml, 600ml, 1L, 2L, 3L, Blue)","6 pieces","Jars Containers Holders","Milton",,,380.0967741935484,515,,1.64948,26.198017338766597,0.0010944232829410276,0.00163,0.0001,0.00013,0,62.876131246935046
"2026-03-01","40DXQ5C5RF",,"YouBee Fridge Storage Boxes (1.5L Each, Pack of 6, Transparent, with Removable Drain Plate and Lid, Stackable)","6 pieces","Jars Containers Holders","Youbee",,,277.68156120274955,998.9615770967741,,84.12545,72.54539992743156,5.594153456026429,3.12975,1.67864,2.25772,0,45.698074441089645
"2026-03-01","USNX6SH9GJ",,"Glass ideas Glass Shubhkamna Bowl (400ml, 5 inches, Blue Lid)","4 pieces x 2","Jars Containers Holders","Glass Ideas",,,598,798,,5.23539,25.06265664160401,,,,,,598
"2026-03-01","62DLIWAV0P",,"Home Centre Glass Pamolive Spice Shaker (100ml, Pack of 2, Transparent)","2 pieces","Jars Containers Holders","Home Centre",,,489,499,,11.19864,2.00400801603206,0.005301585919183527,0.0106,0.00667,0.00897,0,244.49999999999997
"2026-03-01","MJ345DSGDU",,"Nayasa Plastic Retro 90 Airtight Storage Container (300ml, Brown)","4 pieces","Jars Containers Holders","Nayasa",,,187.30769230769232,235,,3.48206,20.29459901800327,0.0004991602915641908,0.00082,0.00066,0.00089,0,47.31522759267949
"2026-03-01","RWAQDNIJ0X",,"IKEA PRUTA Food Container with Lid (0.6L, Set of 3)","3 pieces","Jars Containers Holders","IKEA",,,119.8959992509611,165.09923664122138,,3.60344,27.388781868558638,0.004470767719974037,0.00641,0.04623,0.06218,0,119.5226732359976
"2026-03-01","O6BDTPYT5O",,"Embassy Stainless Steel Deep Dabba/Canister/Storage Containers (400/500/700 ml, Pack of 3, Sizes 7-9)","3 pieces","Jars Containers Holders","Embassy",,,474.22780308661856,875.0358171900825,,12.16566,45.80458781037777,0.015938385733770263,0.01782,0.00258,0.003,0.00133,156.23433262253192
"2026-03-01","M7QSCNAPM3",,"Larah by Borosil Comet Opalware Storage Bowl with Lid, Microwave Dishwasher Safe Kitchen Storage Container (400ml + 800ml + 1.2L White, Pack of 3)","3 pieces","Jars Containers Holders","Larah by Borosil",,,906.1003187611071,1194.6958881048388,,71.93665,24.16101443505999,0.19245545789395857,0.29634,0.11651,0.15671,0,302.0097821388901
"2026-03-01","WM59Z6241I",,"Java Plastic Oval Bottom Container (1.7L, Transparent)","4 pieces","Jars Containers Holders","Java",,,489.4183293627899,798.8436133179723,,36.74327,38.927880037279095,0.1723607499240126,0.21282,0.03074,0.04135,0,121.45872001007805
"2026-03-01","37CDBH7WPA",,"TEX-RO Airtight Lockable Plastic Grocery Container (700ml)","8 pieces","Jars Containers Holders","Tex-Ro",,,590,1599,,1.44792,63.10193871169481,0.0008494649917104524,0.00064,0.00001,0.00001,0,73.75
"2026-03-01","UMIDHZ3VLT",,"Eha Earth-Friendly Kitchen Storage Jars (2000ml, Rice Husk, Multicolor)","3 pieces","Jars Containers Holders","Eha",,,1102.0864385488724,2688.476665529411,,9.08959,59.00702979202347,0.0014434529887282492,0.00158,0.00168,0.00226,0,467.514033235107
"2026-03-01","S6P66QPJAY",,"Eha Earth Friendly Rice Husk Biocomposite Tea Sugar and Coffee Printed Storage Jars (3 Pieces, 800ml each)","3 pieces","Jars Containers Holders","Eha",,,609.1981878927888,1158,,5.1265,47.39221175364518,0.005075274420453914,0.00554,0.00014,0.00019,0,212.31830242729748
"2026-03-01","2Y6P7Q5K7O",,"Femora Borosilicate Glass Food Storage Container with Air Vent Lid (1L, Transparent)","1 Piece","Jars Containers Holders","Femora",,,473.5096889686694,625,,31.15707,24.30329605587069,0.06449335841191407,0.09895,0.12186,0.00912,0.44864,47218.12051898261
"2026-03-01","825K0JRVIE",,"Cello Glass Modustack Glassy Storage Jar (750ml, Transparent, Maroon)","2 pieces","Jars Containers Holders","Cello",,,286.05481724524833,368.8549763033175,,19.83339,22.34001382165796,0.04017937535931464,0.06333,0.00172,0.00231,0,142.82877296422703
"2026-03-01","F3MQZHSSRB",,"Saaj Plastic Crysta Container (1200ml, Transparent)","2 pieces","Jars Containers Holders","saaj",,,252.00782734679998,385,,23.42109,34.54706924551962,0.011347768544046462,0.01503,0.00729,0.00981,0,125.7386478493952
"2026-03-01","JSO3Y3MP5Y",,"MILTON Plastic Quadra Storage Container (2L, 3L, 4L, White & Blue)","3 pieces","Jars Containers Holders","Milton",,,330.17907026221786,412.5247163306452,,63.64249,20.00035188692811,0.4642246492550183,0.75555,1.00974,0.81797,1.56566,330.1822558191329
"2026-03-01","W2W58FLDXC",,"Glass Ideas Glass Cubic Jar with Steel Lid (250ml, Transparent)","3 pieces","Jars Containers Holders","Glass ideas",,,181.5817062818336,399,,8.96336,54.490800430618144,0.00890264811199735,0.0083,0.00052,0.00071,0,60.729012889304514
"2026-03-01","IOUSKNLTMI",,"Home Centre Zyra Vista Bamboo Organiser (28 x 18 x 14.5 cm)","1 Piece","Jars Containers Holders","Home Centre",,,1136.1721758966091,1199,,16.49611,5.240018690858292,0.005733171509718594,0.0111,0.02816,0.03787,0,1137.2761107269612
"2026-03-01","1WKVH8N9AR",,"The Earth Store Moroccan Ceramic Pickle Jar Set with Lid (600 ml, Yellow and Blue)","2 pieces","Jars Containers Holders","The Earth Store",,,487.0979914664188,999,,13.60821,51.14304702226771,0.051012683679488434,0.05042,0.00337,0.00395,0.0017,242.75218985778778
"2026-03-01","8PRMMT838Z",,"Borosil Klip N Store Round Food Storage Container (400ml, Transparent, with Airtight Lid, Borosilicate Glass)","1 Piece x 2","Jars Containers Holders","Borosil",,,559.6774193548387,777.109409516129,,9.75419,27.97958530661408,,,,,,559.6774193548387
"2026-03-01","RWER9V4Y7X",,"Signoraware Modular BPA Free Plastic Round Container (200ml x 3, Airtight, Blue)","3 pieces","Jars Containers Holders","Signoraware",,,187.77797642903644,230,,37.90619,18.356428493892015,0.09156897924619428,0.15218,0.52829,0.1937,1.4982,62.5563563798373
"2026-03-01","J3CE9AXJ1U",,"Treo Glass Cube Jar (580ml, Transparent)","580 ml","Jars Containers Holders","Treo",,,324.34937470127164,419.8332054838709,,29.4885,22.789834061465918,0.0406085703354265,0.06367,0.01037,0.01395,0,55.64695378128446
"2026-03-01","6S37OJ8Y0U",,"Nayasa Plastic Globe Airtight Storage Container (1.5L, Transparent)","3 pieces","Jars Containers Holders","Nayasa",,,366.92840375586854,509,,10.89966,27.911904959554313,0.0023879050601871878,0.00377,0.00011,0.00015,0,121.60548563437575
"2026-03-01","WMBWMNOQH2",,"Glass ideas Glass Brick Jar (300ml, Transparent)","2 pieces","Jars Containers Holders","Glass ideas",,,222.55393246494464,299,,55.18532,25.750419700213147,0.11915842280716767,0.17958,0.19325,0.24837,0.03348,110.77366575403246
"2026-03-01","IOP2467UAV",,"Nayasa Plastic Round Storage Container (500ml, Brown)","1 Piece x 3","Jars Containers Holders","Nayasa",,,131.3064263322884,225,,16.05416,41.64158829676071,,,,,,131.3064263322884
"2026-03-01","602V751GZF",,"Deli Glass Wooden Container (1400ml, Transparent)","2 pieces","Jars Containers Holders","Deli",,,543.462245212741,1299,,31.75859,58.13808951331034,0.12852931259752248,0.10916,0.01441,0.01937,0,273.6305850055766
"2026-03-01","T9Z7032XK5",,"HAZEL Squeeze Plastic Bottle with Cap (610ml, Transparent)","1 Piece","Jars Containers Holders","Hazel",,,221.6303208731911,478.996840046083,,18.662,53.57688609663775,0.04071885734748347,0.03633,0.00391,0.00526,0,229.1091789400316
"2026-03-01","MP0CBZM8U0",,"Femora Borosilicate Rectangle Microwave Safe Container with Break Free Lid (1L, Transparent)","1 Piece","Jars Containers Holders","Femora",,,522.7901785714286,635,,27.9459,17.67115609403983,0.007422060912562057,0.01243,0.01996,0.00055,0.07623,52144.294494383685
"2026-03-01","33XRGQMWAT",,"Neelam Stainless Steel Oil Dispenser (1L, Silver)","1 Piece","Jars Containers Holders","Neelam",,,399.09218021975823,492.3175200000001,,18.56163,18.974423320835303,0.022487394258979634,0.03624,0.02831,0.03807,0,39933.31201973111
"2026-03-01","9B0D9WC80X",,"Borosil Klip N Store Square Food Storage Container with Airtight Lid Borosilicate Glass Container for Lunchbox Microwave Dishwasher Safe (520ml, Transparent)","1 Piece","Jars Containers Holders","Borosil",,,382.2433057896866,474.7233365053764,,23.41282,19.479946407120554,0.010086161625776302,0.01652,0.00042,0.00008,0.0014,383.39982660461607
"2026-03-01","3X5VOORAU9",,"Signoraware Safe Store Tempered Glass Rectangle (640ml)","1 Piece","Jars Containers Holders","Signoraware",,,381.27294546850993,499,,6.03645,23.592596098495004,0.006605586399891767,0.01028,0.00004,0.00006,0,379.77893276098854
"2026-03-01","R7R6ZY05V6",,"UTENSILA Kitchen Smart Bread Basket-Breadbin (15.5 cm, White)","1 Piece","Jars Containers Holders","Utensila",,,1712.9284618566824,4699,,34.99191,63.56660596764567,0.0624082645119989,0.04612,0.00228,0.00306,0,1702.0234009772753
"2026-03-01","5C0N4VZZY9",,"Borosil Endura Jar with PP Lid (1.2L, Transparent, Borosilicate Glass)","1 Piece","Jars Containers Holders","Borosil",,,342.96132029143837,510.3365003225806,,61.24546,32.760716975768275,0.2432858173801043,0.32409,0.15449,0.17497,0.0951,339.0693578411159
"2026-03-01","CL5CAHDT0Q",,"Femora Stainless Steel Rectangular Storage Container with Lock Lid (350ml, Silver)","1 Piece","Jars Containers Holders","Femora",,,273.11161877996557,365,,5.29328,25.17489896439299,0.00096979258434486,0.00147,0.00052,0.0007,0,274.8647810703996
"2026-03-01","WXETL6I4J1",,"Tosaa 4-in-1 Multipurpose Masala and Storage Box (1.8L, 4 Compartments, Color May Vary)","1 Piece","Jars Containers Holders","Tosaa",,,96.4032296080093,199.00092823255812,,24.18479,52.61812724408952,0.0860476161743712,0.08129,0.10438,0.14039,0,92.3747991256921
"2026-03-01","IGQSB46TPV",,"Glass ideas Dainty Glass Jar (200ml, Transparent)","4 pieces","Jars Containers Holders","Glass ideas",,,99.37317196613188,299,,48.67596,66.99382640424795,1.7269570687956186,1.16258,1.37646,1.83847,0.03718,24.671025663888567
"2026-03-01","E01DG1N6ZV",,"Cello Diamond Plastic Kitchen Storage Containers (Pack of 24, Clear, with Lids)","24 pieces","Jars Containers Holders","Cello",,,731.299414963215,2176,,68.11738,66.46715599902905,2.150914208706254,1.47157,0.30887,0.36623,0.14261,729.202828883229
"2026-03-01","LT2QDL3PXM",,"Eha Earth-Friendly Storage Container Set (600ml, Rice Husk, Multicolor)","4 pieces","Jars Containers Holders","Eha",,,580.2400611772487,1117,,11.94045,48.05370983193835,0.0011867009996765533,0.00123,0.00016,0.00022,0,142.6409133263592
"2026-03-01","2JL7GTSZ42",,"Glass Ideas Sugar Candy Jar (300ml, Transparent)","1 Piece","Jars Containers Holders","Glass ideas",,,222.42390461560967,399,,11.39689,44.25531907098448,0.007418873426664458,0.00834,0.00192,0.00257,0.00001,221.2755373438411
"2026-03-01","FGLK7A77X9",,"LOCK & LOCK Food Storage Container Navy Blue( Lbf450Rn )","1 Piece","Jars Containers Holders","Lock & Lock",,,415,415,,12.70107,0,0.0031962514838185974,0.00652,0.01745,0.02347,0,415.00000000000006
"2026-03-01","U4MI764CNQ",,"Signoraware Slim Lunch Box Small Set (Set of 3)","3 pieces","Jars Containers Holders","Signoraware",,,332.5183275047716,429,,13.46571,22.4952127714194,0.01424407760490088,0.02263,0.02363,0.02411,0.02224,334.2426507536158
"2026-03-01","J5LQBTR0YA",,"Signoraware Trison Borosilicate Glass Round Jar with Steel Lid (1.3L, Airtight and Heat Resistant , Clear)","1 Piece","Jars Containers Holders","Signoraware",,,383.102585432436,460,,18.51219,16.733443915886628,0.021894203133436235,0.03701,0.00622,0.00837,0,38167.229597633755
"2026-03-01","R2BIXVH11M",,"Home Centre Glass Siattle Regal Storage Jars (1L, Pack of 6, Transparent)","6 pieces","Jars Containers Holders","Home Centre",,,963.2206235011989,999,,2.37553,3.581519169049152,0.0010614328039008655,0.00209,0.0001,0.00014,0,160.04092946449637
"2026-03-01","36B4TH7SUM",,"Lock & Lock Airtight Glass Containers With Lid  - Square, 1400","1 Piece","Jars Containers Holders","Lock & Lock",,,1257.9993416721527,1485,,12.29018,15.286239618036847,0,0,0.00073,0.00098,0,1257.9993416721527
"2026-03-01","4DZS9CDTTU",,"Cello Glass Modustack Air Tight Storage Jar (1 L, Transparent)","3 pieces x 2","Jars Containers Holders","Cello",,,983.4069767441861,1254,,5.00611,21.578391009235563,,,,,,983.4069767441861
"2026-03-01","R8L48N0R2M",,"Soham Housewares Plastic Sauce Dispenser Bottle (Red)","2 pieces","Jars Containers Holders","Soham Housewares",,,51.58891415681686,65,,56.54362,20.54132061032298,0.03501150447353544,0.05678,0.21224,0.28546,0,25.845096860519302
"2026-03-01","T1JY6FF7J1",,"Femora Borosilicate Screw Jar with Steel Lid (750ml, Transparent)","1 Piece","Jars Containers Holders","Femora",,,269,432.674059032258,,11.81459,37.82848904746917,0,0,0.00131,0.00177,0,269
"2026-03-01","8LWW2UAZMC",,"Swastik Saaj Stainless Steel Orbit Containers (510ml, Red)","2 pieces","Jars Containers Holders","saaj",,,377.9935672514619,612.0992496761132,,15.70219,38.24636369448688,0.012029571777543144,0.01504,0.00369,0.00496,0,187.54760565999948
"2026-03-01","S3005UD81H",,"Home Centre Glass Chef Special Libra Canister (1L, Black)","1 Piece","Jars Containers Holders","Home Centre",,,549,549,,24.65381,0,0.005249789273347524,0.01071,0.0015,0.00202,0,549
"2026-03-01","E82VY9O16G",,"Birch & Co. Airtight Metal Container (Set of 3, Tea Coffee Sugar)","1 pack","Jars Containers Holders","Birch & Co",,,261.90261061668826,1492.4758608870968,,51.48086,82.83810741606533,1.3587155886320865,0.47929,0.23321,0.31366,0,254.6248460075701
"2026-03-01","HVK0KSRNPH",,"Cello Glass Modustack Jar (500ml, Transparent, Maroon)","6 pieces","Jars Containers Holders","Cello",,,754.9727981201281,953.9715296265559,,23.06429,20.871570660814175,0.042825466777207444,0.06934,0.02399,0.03227,0,125.85606508777458
"2026-03-01","LPLB9CIWV6",,"Femora Frosted Glass Jar for Kitchen Storage with Golden Lid (1.5L, Transparent)","1 Piece x 2","Jars Containers Holders","Femmora",,,683.2534562211982,820,,10.01211,16.676407777902657,,,,,,683.2534562211982
"2026-03-01","07JDJN763V",,"Nestasia Groovo Food Storage Container (Set of 4, 520ml, Pink)","4 pieces","Jars Containers Holders","Nestasia",,,1151.593311235077,1795,,28.25889,35.852020087188734,0.11336038595943289,0.14816,0.04976,0.01025,0.1643,1149.7292159229326
"2026-03-01","XBLAUTTC6K",,"YouBee Airtight Dry Fruit Container Set with Serving Tray and Lid, Plastic Dry Food Storage Box (500 ml, Pink, Pack of 4)","4 pieces","Jars Containers Holders","Youbee",,,424.08487839906246,1299,,15.12296,67.39114864836544,0.04451084994556355,0.02733,0.00188,0.00253,0,99.73964702111836
"2026-03-01","3F627TK7R1",,"Nayasa Fusion Plastic Storage Containers (1.5L, Set of 3, Stackable, Multipurpose, Grey)","3 pieces","Jars Containers Holders","Nayasa",,,422.2766280038946,475,,12.88851,11.094152770740514,0.01150762096181111,0.02168,0.01073,0.01315,0.00372,142.22046895043422
"2026-03-01","SFNAAS7G35",,"ExclusiveLane Sheesham Wood 'Twelve Blends' Spice Box with Spoon (45 ml each, Brown)","1 pack","Jars Containers Holders","ExclusiveLane",,,1308.542597309073,2400.4470173790323,,16.00793,45.50331160200406,0.1667851995919303,0.18459,0.04369,0.00173,0.16534,1309.4695990886473
"2026-03-01","QQN6H9BFIW",,"Femora Glass Steel Finish with See Through Window Jar (1L, Silver)","1 Piece","Jars Containers Holders","Femora",,,351.34328358208955,405,,0.9058,13.248571955039617,0.00021515529808801328,0.00038,0,0.00001,0,35134.32835820896
"2026-03-01","CVTNSKF8UY",,"Sumeet Stainless Steel Belly Shape Masala Box / Dabba/ Organiser with 7 Containers and Small Spoon (Size No. 10, 17.1cm Dia, 1.1L, Silver)","1 Piece","Jars Containers Holders","Sumeet",,,394.4047966490089,1005.097475,,57.90927,60.75430399733897,0.34823602179871904,0.27772,0.42555,0.40203,0.49372,393.74932998714456
"2026-03-01","4DTCWDMCQQ",,"Glass ideas Glass Masala Jar (350ml, Transparent)","1 Piece","Jars Containers Holders","Glass ideas",,,62.88124751412929,99,,76.48419,37.13326303880614,0.08079750815243394,0.10254,0.59988,0.79594,0.03154,62.263152905802485
"2026-03-01","TQ52BK944I",,"Neelam Stainless Steel Spice Box Set (2175 ml, 10 Pieces)","1 pack","Jars Containers Holders","Neelam",,,972.0432184818816,1192.814701387755,,16.98197,18.51006611853533,0.012327920457558518,0.0204,0.01611,0.02167,0,975.105961466797
"2026-03-01","V8RW9SUZVB",,"Borosil Classic Jar with Steel Lid, Borosilicate Glass Kitchen Storage Container For Storing Spices, Dals, Grains, Rice (300ml, Transparent)","1 Piece","Jars Containers Holders","Borosil",,,259.558498147486,375,,27.48992,30.78114057417745,0.01603703842230099,0.0224,0.00619,0.00744,0.00255,263.2990624010287
"2026-03-01","7B8IVVF9OH",,"Nestasia Bird Metal Jars with Lids (Set of 2, 200ml each, Pink & Rose Taupe)","2 pieces","Jars Containers Holders","Nestasia",,,515.5868396161585,750,,52.56332,31.27343889566402,0.07812129499280882,0.10853,0.37167,0.10432,1.14666,254.7401509060595
"2026-03-01","GS8BN53X6W",,"La Opala Borosilicate Glass Storage Mini Container (235ml, Transparent)","1 Piece","Jars Containers Holders","La opala",,,246.8786353467562,275.0788590604027,,2.37233,10.251687028938202,0,0,0.00045,0.0006,0,246.8786353467562
"2026-03-01","81XRABPOM3",,"Femora Borosilicate Microwave Safe Storage Container with Air Vent Lid (380ml, Transparent)","1 Piece","Jars Containers Holders","Femora",,,252.02049804262722,330,,23.02097,23.630152108294784,0.00631122207724839,0.00976,0.03636,0.00017,0.14127,250.58147558087077
"2026-03-01","IMVEESRBYI",,"Femora Borosilicate Glass Spoon Jar, Chutney Jar, Pickle Jar for Dinning Table (250ml, Transparent)","1 Piece","Jars Containers Holders","Femora",,,204.19031531531533,385,,5.4269,46.96355446355446,0,0,0.0001,0.00013,0,20419.03153153153
"2026-03-01","MPHHX3KQUQ",,"Home Centre Glass Pamolive Oil Bottle with Stopper (500ml, Pack of 2, Transparent)","2 pieces","Jars Containers Holders","Home Centre",,,539,549,,21.42671,1.8214936247723092,0.0072913739907604505,0.01461,0.03682,0.04952,0,269.5
"2026-03-01","PXEWVESA6T",,"Signoraware Trison Borosilicate Glass Round Jar with Steel Lid (500ml, Airtight and Heat Resistant , Clear)","1 Piece","Jars Containers Holders","Signoraware",,,282.58109148382397,349.39981262096774,,21.9156,19.150734888923896,0.024193496085670133,0.03982,0.03235,0.00368,0.11545,280.9354257320849
"2026-03-01","OP896E7XOK",,"Femora Glass Airtight Kitchen Storage Jar with Green Lid (1L, 2 Pieces, Transparent)","2 pieces","Jars Containers Holders","Femora",,,309,420,,7.39367,26.428571428571427,0.0008924960513280552,0.00134,0.00007,0.0001,0,154.5
"2026-03-01","ITTQDQUCWW",,"Nestasia Airtight Glass Jars With Clip Lids (4 Pieces, 1L, Transparent)","4 pieces","Jars Containers Holders","Nestasia",,,1412.4396808975757,2029.8394144864867,,8.88806,30.416186087563094,0,0,0.00283,0.00026,0.01028,353.10992022439393
"2026-03-01","IOJJLXAAUP",,"Nayasa Plastic Refresh Storage Container (500ml, Grey)","3 pieces","Jars Containers Holders","Nayasa",,,232.4581589958159,358.2887029288703,,15.2591,35.125944468392895,0.007820018526877444,0.01023,0.00019,0.00025,0,76.79516716454556
"2026-03-01","A4N65L5WG8",,"Milton Plastic Storex Containers (500ml, 750ml, 1L, 1.5L, 2L, 5 Pieces, Blue)","5 pieces","Jars Containers Holders","Milton",,,160.95652173913044,445,,0.39796,63.82999511480215,0,0,0.00001,0.00001,0,32.19130434782608
"2026-03-01","KTQYFA5T9S",,"Femora Glass Steel Finish with See Through Window Jar (1.3L, Silver)","1 Piece","Jars Containers Holders","Femora",,,412.44827586206895,475,,5.88844,13.168784029038113,0,0,0.00006,0.00008,0,41244.8275862069
"2026-03-01","LAQ9VODXCJ",,"Sumeet Heavy Gauge Mirror Finish Apple Shape Storage Containers (No. 7 - 500ml, No. 8 - 750ml, No. 9 - 1.2L, Set of 3, Silver)","3 pieces","Jars Containers Holders","Sumeet",,,627.3217306371065,1133.6933630241933,,14.25696,44.748763457775226,0.08150895500477831,0.09336,0.00483,0.00146,0.0146,212.4591866057757
"2026-03-01","IEE7C9AJQ3",,"Nayasa Plastic Retro 96 Airtight Storage Container (2L, Brown)","3 pieces","Jars Containers Holders","Nayasa",,,321.77777777777777,405,,6.87388,20.54869684499314,0.002151552980880133,0.00346,0.00022,0.00029,0,106.44014746453766
"2026-03-01","D7BR7G1EGJ",,"Cutting EDGE Plastic 2X Modular Air Tight Kitchen Storage Container (4.5L, Blue)","1 Piece","Jars Containers Holders","Cutting Edge",,,251.4347977684798,395,,9.45253,36.3557673942109,0.009968065273270214,0.01285,0.01606,0.00283,0.05442,249.69537744833093
"2026-03-01","700F34B6SH",,"Whitegold Glass Solitire Storage Jar with Steel Lid (800ml)","1 Piece","Jars Containers Holders","Whitegold",,,110.52941176470588,185,,1.27554,40.2543720190779,0.0005898442653509164,0.00071,0.00008,0.00011,0,111.69463869463871
"2026-03-01","P5BS6YIE7L",,"UTENSILA Kitchen Single Barrel Cereal Machine Cereal Dispenser Bucket (3.5L)","1 Piece","Jars Containers Holders","Utensila",,,1096.0531092065587,1899,,18.32668,42.28261668211908,0,0,0.00527,0.00708,0,1096.0531092065587
"2026-03-01","6R0PE3XXCO",,"Femora Glass Airtight Kitchen Storage Jar with Maroon Lid (1L, 2 Pieces, Transparent)","2 pieces","Jars Containers Holders","Femora",,,347.5806451612903,420,,13.67088,17.242703533026113,0.0002231240128320138,0.00037,0.00005,0.00007,0,173.01724137931035
"2026-03-01","2V4OZ692WD",,"HOME ESSENTIALS Fresh Food Organizer Box (Transparent)","1 unit","Jars Containers Holders","HomeEssentials",,,976.7791904795124,1873.600095951417,,17.5345,48.02012907883623,0.1232162517291076,0.11401,0.06167,0.00022,0.2398,959.1526931117116
"2026-03-01","I9VNMDN5W7",,"La Opala Borosilicate Glass Storage Container (370ml)","1 Piece","Jars Containers Holders","La opala",,,309,350,,0.84848,11.714285714285714,0,0,0,0,0,309
"2026-03-01","1SLHIWO394",,"Whitegold Glass Cube Jar Set (3 Pieces, 230ml each)","3 pieces","Jars Containers Holders","Whitegold",,,164.06451612903226,276,,1.67522,40.55633473585788,0.0004398730538688271,0.00054,0.00028,0.00038,0,54.82619647355164
"2026-03-01","ULID171T9P",,"Larah by Borosil Confetti Opalware Storage Container with Air Tight Lid, Microwave Dishwasher Safe (800ml + 1.2L, White, Pack of 2)","2 pieces","Jars Containers Holders","Larah by Borosil",,,711.6363636363636,945,,3.96306,24.694564694564693,0,0,0,0,0,355.8181818181818
"2026-03-01","9LHQG8C4VK",,"UTENSILA Kitchen Smart Rotating Rice Storage Container (Metasequoia Green)","1 Piece","Jars Containers Holders","Utensila",,,2824.1633424852484,4350,,31.6804,35.07670477045406,0.02542020003336157,0.03378,0.00482,0.00649,0,2801.584592322422
"2026-03-01","7WCVP2DQAA",,"Cello Glass Qube Fresh Airtight Storage Jars (1 L, Transparent)","2 pieces","Jars Containers Holders","Cello",,,387.48208062486026,550,,60.35878,29.55050638378206,0.9522116871280564,1.36867,0.29149,0.39204,0,193.73374561743177
"2026-03-01","UVR9UQFK6M",,"Classic Essentials Steel Fridge Container Set (4 Pieces, 350ml/650ml/950ml/1250ml, Multicolor)","4 pieces","Jars Containers Holders","Classic Essentials",,,349.8702245905593,1000.9517628629033,,83.21619,65.34391919257295,2.090528722744872,1.48091,0.55479,0.71268,0.09712,86.63993291546457
"2026-03-01","2JZBIQ9UI0",,"Femora Borosilicate Round Storage Container with Air Vent Lid (580ml, Transparent)","1 Piece","Jars Containers Holders","Femora",,,367.5926779313876,450,,17.47331,18.31273823746942,0.0023906144232001478,0.00397,0.1686,0.00495,0.64301,36620.24669660874
"2026-03-01","2OIFMGOG9W",,"CLASSIC ESSENTIALS Steel Capsule Utility Container (650ml, Set of 2, Silver)","2 pieces","Jars Containers Holders","Classic Essentials",,,464.0034266808461,714.3183957142858,,25.94628,35.04249233048746,0.0065139461803357624,0.00857,0.00069,0.00059,0.00097,461.8675137918001
"2026-03-01","U2VRXPEIDD",,"Joyo Fusion Stainless Steel Airtight Round Container (500ml)","1 Piece","Jars Containers Holders","Joyo",,,164.4165931850408,290.7764433064516,,21.76662,43.455585170685644,0.01651436443546662,0.01927,0.01366,0.00864,0.02822,163.62109506788457
"2026-03-01","M27QY3U9WV",,"LOCK & LOCK Food Storage Container Navy Blue( Lbf451Rn )","1 Piece","Jars Containers Holders","Lock & Lock",,,675,675,,8.54558,0,0.005735721498436674,0.0117,0.01894,0.02547,0,675
"2026-03-01","GI49NYYIRX",,"HAZEL Plastic Chutney Sauce Bottle with Cap (430ml, Green)","1 Piece","Jars Containers Holders","Hazel",,,182.23186130007556,409,,5.94235,55.444532689468076,0.00010869326910816671,0.00006,0.0002,0.00027,0,168.84231916672394
"2026-03-01","JT87G0D2RH",,"Signoraware Storewell BPA Free Plastic Round Container (3.5L, Airtight Lid, Maroon)","1 Piece","Jars Containers Holders","Signoraware",,,281.93831638661715,360,,34.4008,21.716936166111136,0.07247482309950495,0.11549,0.18087,0.13571,0.3118,28150.94288759675
"2026-03-01","ZQX93CJR1U",,"Glass ideas Glass Checker jar (800ml, 2 Pieces)","1 pack","Jars Containers Holders","Glass Ideas",,,225.22476674222366,498.74874371859295,,14.10824,54.77494302444891,0.04055502057234683,0.03793,0.00191,0.00256,0.00005,232.95450350400378
"2026-03-01","6V3Y6BV4FM",,"Home Centre Glass Pamolive Spice Bottles (100ml, Pack of 2, Transparent)","2 pieces","Jars Containers Holders","Home Centre",,,346.0851851851852,349,,14.87515,0.8399401235340831,0.011772819788491446,0.0238,0.00315,0.00423,0,172.90650640445685
"2026-03-01","K1GNIYYE0D",,"Lock & Lock Classics Square Plastic Airtight Food Storage Containers with Leak Proof Lid (4L, Pack of 2, Transparent)","2 pieces","Jars Containers Holders","Lock & Lock",,,1346.8411738351256,1680,,23.58281,19.83088250981396,0.0058012243336323585,0.0095,0.00107,0.00143,0,674.0714336825233
"2026-03-01","FB79ISYBFL",,"HomeStop Clickon Jar Set (3 Pieces, 500ml each)","3 pieces","Jars Containers Holders","HomeStop",,,352.5806451612903,525,,18.20959,32.84178187403994,0.00502029028872031,0.00686,0.0058,0.0078,0,117.24076281287249
"2026-03-01","RXMVQ0W7NT",,"Sumeet Stainless Steel Canisters / Dabba / Storage Containers with See Through Lid (11cm Dia, 800ml Each, Set of 2, Silver)","2 pieces","Jars Containers Holders","Sumeet",,,847.6211721948744,1617.0719481048386,,29.56163,47.5627538718776,0.09481399926424618,0.09941,0.02097,0.01092,0.05008,432.2174557649206
"2026-03-01","XL91SWSFYW",,"Glass ideas Glass Lorenzo Bowls (400ml, Multicolor)","2 pieces","Jars Containers Holders","Glass ideas",,,146.79643880643204,298.9683927822581,,63.21887,50.98492337030432,0.31360335002411344,0.31257,0.3747,0.49158,0.03589,73.28372643635976
"2026-03-01","YSCLYJYPPN",,"Femora Kitchen Storage Jars Copper Finish With See Through Bottom Jar (900ml, Transparent)","1 Piece","Jars Containers Holders","Femora",,,332.54237288135596,440,,7.52541,24.422187981510014,0,0,0.00003,0.00004,0,332.54237288135596
"2026-03-01","4PGO8LFV07",,"Home Centre Vault Malva Glass Storage Canisters with Wooden Lid (Set of 6)","6 pieces","Jars Containers Holders","Home Centre",,,1771.606267164735,1799,,27.92131,1.5272472865015556,0.059254725339208156,0.11891,0.01293,0.01738,0,1769.1773168987866
"2026-03-01","KO9S9PIQQB",,"Borosil Endura Jar with PP Lid Borosilicate Glass Kitchen Storage Container For Storing Spices Dals Grains Rice (900ml, Transparent)","1 Piece","Jars Containers Holders","Borosil",,,392.62531581929835,485.01463592741936,,69.79727,18.985961281493967,0.10853819791924846,0.1789,0.06048,0.07279,0.02478,394.037616476058
"2026-03-01","RH3IJYI8N5",,"La Opala Borosilicate Glass Storage Mini Container (120ml)","1 Piece","Jars Containers Holders","La opala",,,240,275,,1.03453,12.727272727272727,0,0,0,0,0,240
"2026-03-01","VH9OSSAY7Q",,"Sumeet Stainless Steel Vertical Canisters / Ubha Dabba / Storage Containers (No. 7 - 350ml, No. 8 - 500ml, No. 9 - 700ml, Set of 3, Silver)","3 pieces","Jars Containers Holders","Sumeet",,,373.62930783356137,909.8737348790321,,21.33254,59.04751781253483,0.19922328732603825,0.16448,0.02561,0.0299,0.01317,124.38970184140936
"2026-03-01","5W2ZT17P8O",,"LocknLock Nlq305A 060 Sq Flip Tite Storage Container","1 Piece","Jars Containers Holders","Lock & Lock",,,389,389,,14.67828,0,0.0010333829280019839,0.00211,0.00437,0.00587,0,389
"2026-03-01","8QVMN6KD6Z",,"Java Plastic Executive Round Snack Containers (Red)","3 pieces","Jars Containers Holders","Java",,,165.55360725845384,310.13446310483874,,54.99419,47.053593261663806,0.12177773934352065,0.12974,0.31321,0.42125,0,54.12549463939777
"2026-03-01","OSAWXZ7ZP2",,"Femora Borosilicate Airtight Jar with Bamboo Lid (700ml, Transparent)","1 Piece","Jars Containers Holders","Femora",,,379.4481012667164,495,,13.375,23.343817925915886,0.007363092423456455,0.01141,0.00115,0.00155,0,384.62764988832197
"2026-03-01","0IB4NZREA1",,"Signoraware Executive BPA Free Round Containers (450ml x 4, Airtight and Leakproof, Multicolor)","4 pieces","Jars Containers Holders","Signoraware",,,388.20164562175495,480,,29.30682,19.093729957793204,0.04682544283010593,0.07728,0.02569,0.02948,0.01469,9737.988454364075
"2026-03-01","53ISMPRWGC",,"Nayasa Plastic Vital Airtight Storage Container (400ml, Orange)","3 pieces","Jars Containers Holders","Nayasa",,,141.6027397260274,215,,7.58762,34.1382605925454,0.0021993652693441364,0.00296,0.00055,0.00073,0,47.2348484848485
"2026-03-01","XK2349FS5S",,"Glass ideas Glass Maxx Jar With Metal Cap (500ml, Pack of 3, Transparent)","3 pieces","Jars Containers Holders","Glass ideas",,,145.88521767855207,399,,76.57227,63.48088955408505,2.4901357016379695,1.85417,2.06857,2.75818,0.06953,145.71127555480678
"2026-03-01","JV5ZA3H7YF",,"IKEA CITRONHAJ Spice Jar (350ml, Glass, Stainless Steel, Clear, Silver)","4 pieces","Jars Containers Holders","IKEA",,,499,629,,12.30867,20.66772655007949,0.007351617474225094,0.0119,0.0009,0.00121,0,499.0000000000001
"2026-03-01","ANOUG4FIIT",,"Ireka Homes Sanchit Jar & Tray Set (Set of 4 Jars)","4 pieces","Jars Containers Holders","Ireka Homes",,,1451.9386238091377,2243.9466944354836,,19.62918,35.30455490812785,0.09778107051202731,0.12802,0.00043,0.00057,0,1457.888463541686
"2026-03-01","W1L998PLFQ",,"Sumeet Stainless Steel Akhand - Jointless Milk Can / Oil Can / Milk Barni / Oil Pot with Lid (11cm Dia, 1.25L, Silver)","1 Piece","Jars Containers Holders","Sumeet",,,403.01587476165486,985.3688885829961,,25.7734,59.2269921776961,0.32752836029066457,0.27004,0.08881,0.05029,0.20048,400.70270716106427
"2026-03-01","CU8CYCOLHR",,"Cutting EDGE Essentials Modular Plastic Kitchen Storage Container (2 Pieces, 525ml, Royal Blue)","2 pieces","Jars Containers Holders","Ce Essentials",,,142.44628099173553,175,,4.84932,18.604046849319598,0.004368290048366189,0.00725,0.01159,0.0115,0.01186,71.12834333367233
"2026-03-01","G4T6SK9AA7",,"TEX-RO Airtight and Stackable Fridge Container Set (800ml)","3 pieces","Jars Containers Holders","Texro",,,622.5274725274726,1499,,0.02603,58.47048215293712,0.0007963933515154092,0.00068,0.00007,0.0001,0,209.61562376349553
"2026-03-01","JILVKSY1BS",,"Saaj Plastic Food Fresh Container (400ml, Green)","3 pieces","Jars Containers Holders","saaj",,,92.56478822461165,115,,11.62497,19.464273967497267,0.011952753367410977,0.01979,0.04424,0.05951,0,31.059764293288698
"2026-03-01","VAWM3G2MX6",,"Femora Borosilicate Rectangle Microwave Safe Container with Break Free Lid (400ml, Transparent)","1 Piece","Jars Containers Holders","Femora",,,325,400,,5.80008,18.75,0,0,0.00002,0.00003,0,325
"2026-03-01","NLVTA51683",,"LocknLock Hpl954 Egg Dispenser Container","1 Piece","Jars Containers Holders","Lock & Lock",,,630,630,,3.41823,0,0.0011714010673680724,0.00239,0.00042,0.00057,0,630
"2026-03-01","VQEY5QAWMV",,"Lock & Lock Airtight Glass Container with Lid (2000ml, Rectangle)","1 Piece","Jars Containers Holders","Lock & Lock",,,1461.7395940537451,1725,,14.8019,15.26147280847855,0.01099682634672068,0.0189,0.00094,0.00127,0,1453.260736552124
"2026-03-01","B25XGBSCO5",,"Cutting EDGE Eco-Storage Plastic Round Container Set (6 Pieces, Dark Blue)","6 pieces","Jars Containers Holders","Cutting Edge",,,321.5851254480287,500,,9.54877,35.682974910394265,0.009518629761708586,0.01248,0.00579,0.00052,0.02108,53.54033361421441
"2026-03-01","GUSW82T356",,"Embassy Stainless Steel Apple Deep Dabba/Canister/Storage Containers (320/450/650 ml, Pack of 3, Sizes 7-9)","3 pieces","Jars Containers Holders","Embassy",,,472.04090171322076,923.8526278629031,,46.94499,48.88863327596959,0.051195804744305566,0.05347,0.00418,0.00521,0.0012,157.67036359232125
"2026-03-01","FN4W2ETQW8",,"Saaj Plastic Maxx Container (1500ml, Pink)","3 pieces","Jars Containers Holders","saaj",,,253.01952905378104,465.662413548387,,17.99358,45.66431349132937,0.028163509771131176,0.03094,0.01074,0.01445,0,83.99086425831736
"2026-03-01","VV74EIDZ58",,"Peepul Tree Hand Etched Pure Brass Jar with Lid (250ml)","1 pack","Jars Containers Holders","Peepul Tree",,,999,2199,,0.71942,54.570259208731244,0,0,0,0,0,999
"2026-03-01","BE3CK0ZI37",,"Ikea SPLITTERNY Transparent Snack Container (300ml, Light Grey-Brown)","1 Piece","Jars Containers Holders","IKEA",,,107,158,,7.19879,32.27848101265823,0.0026867318630872062,0.00371,0.00425,0.00571,0,10699.999999999998
"2026-03-01","3GLBZR8IZ5",,"Glass ideas Glass Multi Utility Bowl (400ml, Multicolor)","1 Piece","Jars Containers Holders","Glass ideas",,,59.90004941482469,79,,43.51329,25.76129717619013,0.3201306836452191,0.48337,1.13075,1.50301,0.05165,58.647520475090325
"2026-03-01","Q0PTHXGCBE",,"Ikea 365+ Round Plastic Food Container with Lid (750ml, Set of 3)","3 pieces","Jars Containers Holders","IKEA",,,576.5843108504399,798,,13.55273,27.770929669693476,0.007418873426664458,0.01041,0.0054,0.00726,0,549.5415539178997
"2026-03-01","SQ40KJ644D",,"Home Centre Glass Pamolive Spice Storage Bottles (50ml, Pack of 2, Transparent)","2 pieces","Jars Containers Holders","Home Centre",,,226.0841329012009,229.33724751295338,,9.61923,1.4184850681827261,0.000243364548281775,0.00049,0.00441,0.00593,0,112.80350688995036
"2026-03-01","CXOYQL54B9",,"Embassy Stainless Steel Premium Apple Canister Set for Tea/Coffee/Sugar (400/600/800 ml, Pack of 3)","3 pieces","Jars Containers Holders","Embassy",,,765.2211077479342,1430,,29.58539,46.54174384344047,0.022031424401327923,0.02314,0.00192,0.00221,0.00107,247.3555615946563
"2026-03-01","2LUQAIYE7Q",,"HAZEL Squeeze Plastic Bottle with Cap (610ml and 760ml, Transparent)","2 pieces","Jars Containers Holders","Hazel",,,461.78910253152134,729,,17.04401,36.65444409718501,0.012846046290213433,0.01656,0.00151,0.00203,0,230.48613056658687
"2026-03-01","FHE2ZSYG2S",,"Joyo Plastic Storewell 4-Pieces Printed Container Set (500ml,2 L,5 L,7.5 L, Pleasant Blue, 50 or 200 or 500 or 750)","4 pieces","Jars Containers Holders","Joyo",,,271.5828395874479,576,,16.38804,52.87990494019255,0.0741495281901041,0.07103,0.00627,0.00844,0,67.59334979979211
"2026-03-01","BF895FUW1G",,"Sumeet Stainless Steel Chocolate Flat Slim N Sleek Canisters/Puri Dabba/Storage Containers (No.7 - 300ml, No.8 - 480ml, No.9 - 600ml, Set of 3, Silver)","3 pieces","Jars Containers Holders","Sumeet",,,399.48723016063934,975.8573984331797,,25.60681,59.03526363032876,0.13530877635312835,0.11264,0.02009,0.02109,0.01719,133.6035733786549
"2026-03-01","NSODBXJ0K9",,"Java Plastic Regalia Grocery Container (2000ml, Transparent, Brown)","2 pieces","Jars Containers Holders","Java",,,223.25781805284882,449.25194350806447,,53.66857,50.06734264454259,0.13167297056403068,0.13321,0.10605,0.14264,0,112.70701202159375
"2026-03-01","9W6I0SBUX6",,"Glass ideas Glass Shubhkamna Bowl (400ml, 5 inches, Blue Lid)","4 pieces","Jars Containers Holders","Glass ideas",,,299.291768842438,399,,47.41903,25.00271684133433,0.20257492874736485,0.31024,0.17872,0.23516,0.01511,74.80733289064052
"2026-03-01","YJXU04ZZ0P",,"Nayasa Plastic Retro 88 Storage Container (200ml, Brown)","4 pieces","Jars Containers Holders","Nayasa",,,135,179,,9.27316,24.58100558659218,0,0,0,0,0,33.75
"2026-03-01","MG0S0M2XP1",,"Milton Plastic Quadra Container (6L/8L/12L, Blue)","1 Piece","Jars Containers Holders","Milton",,,620,845,,5.81587,26.62721893491124,0.0004489573886769877,0.00067,0.00003,0.00004,0,62000
"2026-03-01","IXR80SCGXN",,"Sumeet Stainless Steel Canisters / Dabba / Storage Containers with See Through Lid (11cm Dia, 800ml Each, Set of 3, Silver)","3 pieces","Jars Containers Holders","Sumeet",,,885.453495321685,2072.6547981451613,,26.24003,57.317428465919896,0.3232435823728155,0.27876,0.01009,0.01023,0.00969,294.01834190261513
"2026-03-01","4DBJ6EZRX0",,"LocknLock Classics Food Storage Containers with Lid (1.5L, Pack of 3, Tall Rectangular, Plastic, Leakproof, Airtight, Transparent, HPL812H)","3 pieces","Jars Containers Holders","Lock & Lock",,,1179.3255813953488,1470,,9.88996,19.773769973105523,0.0019523351122801207,0.00319,0.00006,0.00008,0,392.1658547900719
"2026-03-01","PZ8PRYFIJO",,"Femora Borosilicate Screw Jar with Wooden Lid (750ml, Transparent)","1 Piece","Jars Containers Holders","Femora",,,402.37940947940945,494.6142857333333,,9.01517,18.691716998162352,0.009466833115872585,0.01431,0.00047,0.00063,0,400.05873151586496
"2026-03-01","4C56QMQGLC",,"TEX-RO 4-in-1 Division Multiuse Stackable Fridge Storage Organizer","1 Piece","Jars Containers Holders","Texro",,,373.0381996658312,999,,22.03092,62.65883887228917,0.012737193646810387,0.00882,0.00032,0.00043,0,339.6361498031731
"2026-03-01","T35DPYVMDL",,"Joyo Plastic Home Linea Container (560ml, Grey)","3 pieces","Jars Containers Holders","Joyo",,,151.6029274831118,230.28521142857144,,26.25675,34.18024335426376,0.02764649955854043,0.03694,0.04145,0.05575,0,50.38134422899379
"2026-03-01","7GWCQDR7K2",,"Borosil Endura Jar with PP Lid Borosilicate Glass Kitchen Storage Container For Storing Spices Dals Grains Rice (900ml, Transparent)","1 Piece x 2","Jars Containers Holders","Borosil",,,823.9870967741934,970,,5.5642,15.052876621217164,,,,,,823.9870967741934
"2026-03-01","RROUARPUOQ",,"Agaro Glass Elegant Cube Jar (310ml, Transparent)","6 pieces","Jars Containers Holders","Agaro",,,551.5813918757467,749,,19.4639,26.401806696318765,0.09234911641963194,0.13837,0.0119,0.016,0,91.66973852703397
"2026-03-01","TQW10KSV4K",,"Femora Glass Air Tight Jar with See Through Lid (750ml, Transparent)","1 Piece","Jars Containers Holders","Femora",,,199.72044000461185,253,,8.54955,21.05000273870945,0.010010458835708298,0.01607,0.01231,0.00076,0.04576,201.1715802256278
"2026-03-01","0EU417LC9B",,"Cello Stainless Steel Steelox Masala Dabba (150 ml x 7, Silver)","1 Piece","Jars Containers Holders","Cello",,,631.4482698661103,1299,,17.156,51.38966359768204,0.02681711572798486,0.02658,0.01155,0.01553,0,630.7258291744732
"2026-03-01","9ZBYAHFTY6",,"Cello Glass Qube Fresh Storage Jar (300 ml, Transparent)","1 pack","Jars Containers Holders","Cello",,,779,779,,22.58065,0,0,0,,,,779
"2026-03-01","P6BR8VYRL2",,"Cutting EDGE Essentials Nesterware Plastic Kitchen Storage Container (3 Pieces, 500ml, Royal Blue)","3 pieces","Jars Containers Holders","Ce Essentials",,,181.57142857142858,240.02629869387755,,5.86835,24.349310988560205,0.004724650971717892,0.00737,0.00644,0.00456,0.01189,61.18748363445929
"2026-03-01","T9E2G85FKV",,"Joyo Plastic Fresherware Square Container (1.5 L, Brown)","1 Piece","Jars Containers Holders","Joyo",,,141.74913008079838,246,,27.12901,42.37655442370627,0.015137529901998214,0.01769,0.02311,0.03108,0,141.80187476960336
"2026-03-01","F9UY8X4HSJ",,"Cello Plastic PET Airtight Canister Set (6x300ml, 6x650ml, 6x1.2L, Transparent)","18 pieces","Jars Containers Holders","Cello",,,556.711976963267,1258.0401312096774,,75.35513,55.77725581706663,1.6756269115207292,1.51241,0.51138,0.62781,0.17385,30.909955003044487
"2026-03-01","SGTH8I7PHW",,"Nestasia Nestro Airtight Clip Lock Square Containers (Set of 4, 160ml + 300ml + 500ml + 800ml)","4 pieces","Jars Containers Holders","Nestasia",,,1321.5865121990596,1795,,40.20516,26.393272919116352,0.27177158197548285,0.40777,0.05474,0.01867,0.15931,1319.8680134508895
"2026-03-01","90M6LYNQH1",,"Ellementry Tashi Glass Jar with Wooden Nut Bowl (Small)","1 pack","Jars Containers Holders","Ellementry",,,1471.1839939451177,1650.0583237096776,,23.9824,10.840485284326963,0.041198255226482544,0.07561,0.01167,0.0157,0,1488.400455857597
"2026-03-01","L2VDWRYWYV",,"Clay Craft Fine Ceramic Cruet Set/Salt and Pepper Shakers (2 Pieces, Tower Look, White)","2 pieces","Jars Containers Holders","Clay Craft",,,440,479,,9.87717,8.1419624217119,0.001018082995693503,0.00191,0.00383,0.00516,0,220
"2026-03-01","J1LLG19AS4",,"Java Plastic Executive Round Snack Containers (Yellow)","3 pieces","Jars Containers Holders","Java",,,148.1921360844739,310.02910407258065,,43.42796,52.1138255049437,0.07501971184014895,0.07305,0.13037,0.17534,0,49.735945957851314
"2026-03-01","4VNN56FM0I",,"Sumeet Stainless Steel Flat Storage Canister (550ml, Silver)","1 Piece x 2","Jars Containers Holders","Sumeet",,,312.17391304347825,1140,,1.48392,72.61632341723875,,,,,,312.17391304347825
"2026-03-01","9TBW1Y6CDX",,"Ocean Glass Pop Jar with Lid (500ml, Transparent)","6 pieces","Jars Containers Holders","O'cean",,,981.5822128565595,1441.9847230241935,,51.64241,31.92174940152059,0.054654226943201774,0.07552,0.00365,0.00486,0.00013,163.5323260056128
"2026-03-01","Z0EBX6O677",,"ExclusiveLane Ceramic 'Elephant Motif' Pickle Jar (540 ml, Ivory White & Multicolor)","1 Piece","Jars Containers Holders","ExclusiveLane",,,616.1157846471923,999,,17.93719,38.345542539458016,0.02282080528386861,0.02792,0.03245,0.00923,0.09979,600.9828854638505
"2026-03-01","IJQJWIWBQ1",,"Yera Glass Aahar Jar (565ml, Transparent)","2 pieces","Jars Containers Holders","Yera",,,247.41547272667808,270.06562921428576,,11.7329,8.37007516063922,0.009176612524896086,0.01721,0.10031,0.00647,0.37233,128.21072087742746
"2026-03-01","D1F39Y85F0",,"Kuber Industries Plastic Container Set with Spoon (Pink, 1.1L, Pack of 3)","3 pieces","Jars Containers Holders","Kuber Industries",,,348.66825553198396,428,,37.64448,18.534397355097152,0.009209284255346487,0.01543,0.01043,0.01403,0,117.12497010506965
"2026-03-01","2PYZWQYJGZ",,"Nestasia Food Storage Containers with Nested Design (4 Pieces, 500ml, 800ml, 1000ml, 1600ml)","4 pieces","Jars Containers Holders","Nestasia",,,1560.6587336256123,2700,,14.02549,42.19782468053288,0,0,0.01131,0.00517,0.02909,390.16468340640307
"2026-03-01","BCDFGNV7BU",,"Glass ideas Spice Glass Jars (150ml, Transparent)","4 pieces","Jars Containers Holders","Glass ideas",,,179.1271385851262,299,,63.97004,40.097240383555516,0.3663245261447156,0.44794,0.54869,0.7113,0.07734,44.7781467107797
"2026-03-01","N9QOY7MA1B",,"Glass ideas Kitchen Glass Jar (350ml, Transparent)","4 pieces","Jars Containers Holders","Glass ideas",,,143.50625288851697,399,,85.60728,64.15043840981951,1.9223010264099827,1.40456,1.46547,1.93351,0.10871,35.75976235968199
"2026-03-01","LM7Z5IMDTO",,"Signoraware Modular BPA Free Plastic Cereal Dispenser (1.7L, Airtight Lid, Blue)","1 Piece","Jars Containers Holders","Signoraware",,,191.68211706725702,240,,14.05451,20.132451221976247,0.0022949898462721417,0.00375,0.01664,0.00126,0.06121,192.72709386966434
"2026-03-01","XUCJ15DR7G",,"YouBee Airtight Dry Fruit Container Set With Serving Tray and Lid, Plastic Dry Food Storage Box (500 ml, Blue, Pack of 4)","4 pieces","Jars Containers Holders","Youbee",,,436.5511521524801,1299,,13.11061,66.39329082736874,0.018170103984975042,0.01115,0.00399,0.00537,0,104.73985410291252
"2026-03-01","2VLJYVQV6Q",,"Signoraware Storewell Stainless Steel Storage Container (1.1L, Airtight and Leakproof, Blue)","1 Piece","Jars Containers Holders","Signoraware",,,231.81596048772965,299,,39.64164,22.396904698536822,0.0845880663818601,0.13404,0.11709,0.08293,0.21609,232.41230332308155
"2026-03-01","W0QW6UAO8O",,"Kitchen Essentials Ke Silicone Storage Bag Blue","1 Piece","Jars Containers Holders","Kitchen Essentials",,,330,330,,8.8807,0,0.001490149657128092,0.00304,0.00459,0.00618,0,330
"2026-03-01","SQOAHQG7BU",,"Cello Glass Modustack Glassy Storage Jar (1500ml, Transparent, Maroon)","1 Piece","Jars Containers Holders","Cello",,,200.42569962302863,269.1287872251309,,23.21516,25.45879954006728,0.055260008638040696,0.08347,0.00074,0.00099,0,201.39025334172607
"2026-03-01","JPXC9VCDSH",,"Clazkit Plastic Fridge Storage Boxes (Pack of 6, Transparent)","6 pieces","Jars Containers Holders","Clazkit",,,132.4135655172054,399,,69.70674,66.74390805197038,1.7758193151142914,1.20487,1.30625,1.5911,0.48052,22.115960202483624
"2026-03-01","K08U2PYC3X",,"Larah by Borosil Confetti Opalware Storage Bowl with Lid, Microwave Dishwasher Safe Kitchen Storage Container (400ml, White, Pack of 2)","2 pieces","Jars Containers Holders","Larah by Borosil",,,451.37683865311527,594.4984878629033,,49.18136,24.074893508494142,0.024304420594906628,0.03789,0.02106,0.02833,0,225.26927581187158
"2026-03-01","2STCEDYSZT",,"Cello Glass Modustack Glassy Storage Jar (1500ml, Transparent, Maroon)","1 Piece x 2","Jars Containers Holders","Cello",,,398,538,,14.32225,26.022304832713754,,,,,,398
"2026-03-01","CAU2BSWMSU",,"Home Centre Nuqta Wooden Cookie Jar (Small)","1 Piece","Jars Containers Holders","Home Centre",,,964,999,,13.85932,3.5035035035035036,0,0,0.00001,0.00001,0,964
"2026-03-01","BG8JJE7TSE",,"LocknLock Food Storage Container (2.1L, Tritan, 70210)","1 Piece","Jars Containers Holders","Lock & Lock",,,1181.991173530344,1395,,13.36697,15.269449926140213,0.0007410904711920458,0.00128,0.00206,0.00277,0,1184.041240317305
"2026-03-01","A5CVM303ZW",,"Nayasa Plastic Flexible Ice Tray (Pink)","2 pieces","Jars Containers Holders","Nayasa",,,155.25,155.25,,1.1307,0,0.00024862390001281537,0.00051,0.00001,0.00001,0,77.7139534883721
"2026-03-01","94LPYHHBQR",,"Saaj Plastic Maxx Container (1100ml, Pink)","3 pieces","Jars Containers Holders","saaj",,,259.45544099728045,340,,31.46786,23.710530225494434,0.021311211962765156,0.03351,0.04035,0.05428,0,87.21951644422914
"2026-03-01","1QQQN9HJAU",,"Signoraware Flat Stainless Steel Container with Lid (650ml, Airtight and Leakproof, Blue)","1 Piece","Jars Containers Holders","Signoraware",,,241.58357735871698,319.99594395161296,,64.32662,24.471909643405873,0.10869868783419262,0.16786,0.30907,0.3349,0.23419,242.1140462090639
"2026-03-01","HGA8PP83IB",,"Cutting EDGE Plastic Spice Jar Set with Basket (6 Pieces)","6 pieces","Jars Containers Holders","Cutting Edge",,,299,495,,2.49815,39.5959595959596,0.001051870346208065,0.0013,0.001,0.00098,0.00108,49.83333333333336
"2026-03-01","UOTQZX7GR1",,"Glass ideas Glass Tower jar (1000ml)","1 Piece","Jars Containers Holders","Glass ideas",,,176.11346300078304,399,,26.5965,55.86617928192844,0.07323487911178772,0.06628,0.02899,0.03844,0.00158,176.61576925435986
"2026-03-01","6JIJZDKMI4",,"Nayasa Plastic Vital Airtight Storage Container (150ml, Orange)","6 pieces","Jars Containers Holders","Nayasa",,,137.71676300578034,215,,3.8551,35.945691625218444,0.002570229253529919,0.00336,0.00299,0.00402,0,22.97846035238149
"2026-03-01","L9TRIVI93L",,"Nestasia Borosilicate Nested Glass Containers (Set of 3 Lunch Boxes 1.95L, 1.15L, 650ml + 3 PVC Lids, Transparent, Dark Pink, Dark Grey, Mint Green)","3 pieces","Jars Containers Holders","Nestasia",,,1122.1047409936823,1450.0176068951612,,27.05447,22.63725878021687,0.08608522850796292,0.13479,0.05563,0.018,0.16471,370.7308989183069
"2026-03-01","8J8LDLGA6A",,"Nayasa Plastic Coco Salt and Pepper Dispenser Set (Transparent)","2 pieces","Jars Containers Holders","Nayasa",,,54.78970393595964,115,,25.32188,52.7843529114176,0.01611624744685636,0.01472,0.02327,0.03129,0,26.077389682334843
"2026-03-01","LDI8O09WT0",,"Signoraware Trison Borosilicate Glass Square Jar with Steel Lid (800ml, Airtight and Heat Resistant , Clear)","1 Piece","Jars Containers Holders","Signoraware",,,431.60383120990326,549.472040282258,,18.63476,21.451175024630395,0.007304123934350851,0.01163,0.00547,0.00736,0,429.13416790776154
"2026-03-01","977BML2W92",,"Nestasia Nestro Airtight Food Storage Container (Set of 5, 185ml + 370ml + 600ml + 1L + 1.5L)","5 pieces","Jars Containers Holders","Nestasia",,,2317.5902700022257,2995,,42.88499,22.616421093202828,0.2704836782985575,0.42703,0.03333,0.0143,0.08848,2317.222886141052
"2026-03-01","5PIQD3UQO9",,"Signoraware Executive Steel Container Set of 2 (500ml+350ml) | Steelware","1 pack","Jars Containers Holders","Signoraware",,,282.25153981124635,350.6254629032258,,20.4226,19.470557679141844,0.010781033551453146,0.01791,0.01914,0.02574,0,284.50344000807974
"2026-03-01","RXF50MIV5L",,"Petals Wood Pepper Spice Salt and Spice Crusher Miller Grinder (15cm/6"", Brown)","1 Piece","Jars Containers Holders","Petals",,,373.4525908093497,498.9463732,,33.05525,25.3163734147136,0.3298974591840559,0.502,0.01817,0.02444,0,372.49175816125484
"2026-03-01","D4UG8T9C6H",,"Nayasa Refresh Plastic Storage Containers (2.1L, Set of 3, Grey)","3 pieces","Jars Containers Holders","Nayasa",,,547.5276832557837,636.7620500806452,,28.97751,14.001792739237167,0.08299496093023953,0.14729,0.01346,0.0181,0,182.1682707240842
"2026-03-01","NZXQZFL8Y2",,"Home Centre PET Plastic Barbados Canisters (6U of 350ml/900ml/1.4L each, Pack of 18, Black)","18 pieces","Jars Containers Holders","Home Centre",,,1272.2793522267207,1299,,14.2109,2.057016764686632,0.008391534748317157,0.01677,0.00738,0.00992,0,70.76634703002607
"2026-03-01","2LQ3V6Q2IB",,"Joyo Plastic Fresherware Container Round (200ml)","1 Piece","Jars Containers Holders","Joyo",,,69.9625078580095,165.7736718548387,,20.06746,57.847149745491826,0.013148698076190572,0.01074,0.00901,0.01212,0,67.35049282505904
"2026-03-01","1TZQOAW069",,"Glass Ideas Glass Zivia Jar with Steel Lid (500ml, Transparent)","2 pieces","Jars Containers Holders","Glass ideas",,,191.58064516129033,348.894495967742,,19.12801,45.08950562468832,0.012759824796683349,0.01424,0.00033,0.00043,0.00004,95.45436164770652
"2026-03-01","VI7PPZPGAI",,"Soham Housewares Plastic Salt and Pepper Shakers (Transparent)","2 pieces","Jars Containers Holders","Soham Housewares",,,47.981107354132575,65,,21.90162,26.413194085273886,0.012079774680430347,0.01779,0.04383,0.05895,0,23.5433217821515
"2026-03-01","JJZCZ6Z7RL",,"KILNER Wide Mouth Preserve Glass Jar (0.2L)","1 Piece","Jars Containers Holders","Kilner",,,499,499,,2.81501,0,0,0,0.00099,0.00133,0,499
"2026-03-01","ROZPK3JE23",,"Nayasa Plastic Refresh Storage Container (1550ml, Grey)","3 pieces","Jars Containers Holders","Nayasa",,,480.83825559871883,575,,25.87206,16.375955548048896,0.00870598023211542,0.01483,0.00489,0.00658,0,160.4761827646492
"2026-03-01","ZU15780ZBN",,"Signoraware Executive Stainless Steel Storage Container (350ml x 2, Airtight and Leakproof, Blue)","2 pieces","Jars Containers Holders","Signoraware",,,299.0403386413164,350,,13.78387,14.559995634652037,0.008368106726969797,0.01459,0.00525,0.00705,0,14959.328888246391
"2026-03-01","2W02X1S3OR",,"TEX-RO Black Cap Airtight Plastic Grocery Container (1.5L, Black)","4 pieces","Jars Containers Holders","Texro",,,570.7957650273223,1999,,4.96231,71.44593471599188,0.0031857327803565165,0.00181,0.00017,0.00022,0,139.6842725498529
"2026-03-01","CBJ7R76HYH",,"Sumeet Stainless Steel Hole Puri Dabbas/Flat Canisters with Air Ventilation (Size No.11, 18.5cm Dia, Silver)","1 Piece","Jars Containers Holders","Sumeet",,,425.6246158607077,823.5225161290324,,19.08194,48.32146563534537,0.03846020484044397,0.03963,0.00179,0.00102,0.00402,431.0357393439477
"2026-03-01","2KZA1IFJPO",,"Borosil Endura Jar with Stainless Steel Lid Borosilicate Glass Kitchen Storage Container For Storing Spices Dals Grains Rice (600ml, Transparent)","1 Piece","Jars Containers Holders","Borosil",,,441.747619047619,592.4285714285714,,1.30126,25.434450606864402,0.0003028111602720187,0.00048,0,0,0.00001,44196.056547619046
"2026-03-01","SHA37ABKW8",,"Sumeet Airtight and Leak Proof Steelexo S.S. Container/Lunch Box with Stainless Steel Lid (600ml, Red)","1 Piece","Jars Containers Holders","Sumeet",,,339.9088747254676,664.2620724999999,,21.00796,48.847999579412246,0.03904064602239697,0.03997,0.03176,0.008,0.10063,336.5450106044159
"2026-03-01","7NLKU4AEB7",,"Sumeet Stainless Steel Copper Coated Handcrafted Hammered Ghee and Oil Pot with Spoon (7.5cm Dia, 220ml, Silver)","1 Piece","Jars Containers Holders","Sumeet",,,489.23049389365246,1126.8415778225808,,25.88837,56.6167269755955,0.13449803931507373,0.11739,0.04075,0.03375,0.06105,487.3218332143933
"2026-03-01","B96JW5MZXW",,"LocknLock Nlq306A 060 Sq Flip Tite Storage Container","1 Piece","Jars Containers Holders","Lock & Lock",,,449,449,,1.20643,0,0.000954014529151739,0.00195,0.00001,0.00001,0,449
"2026-03-01","CCN225I2X4",,"Borosil Klip N Store Round Food Storage Container (400ml, Transparent, with Airtight Lid, Borosilicate Glass)","1 Piece","Jars Containers Holders","Borosil",,,279.98677506474814,395.0707639112903,,75.61048,29.2493498247879,0.46104640706652106,0.66544,0.76296,0.69607,0.95687,27963.76137436752
"2026-03-01","VHCIEWK6EK",,"Femora Kitchen Storage Jars Stainless Steel Body With See Through Window Jar (1000ml, Transparent)","1 Piece","Jars Containers Holders","Femora",,,299.51002196728,370,,17.48682,19.05134541424864,0.003930648234625682,0.00648,0.00098,0.00131,0,300.020791378492
"2026-03-01","DAO7WKCJN7",,"Nestasia Glass Storage Jars (4 Pieces, 1350ml, Transparent, Airtight Lids)","4 pieces","Jars Containers Holders","Nestasia",,,873.4573660665164,1782.038624603175,,15.78873,51.03571574687643,0.045170181403482154,0.0439,0.01941,0.00138,0.0717,214.533792437489
"2026-03-01","G91F9OC94T",,"ARISTO Houseware No 333 Plastic Air Tight Lock and Fresh Dry Food Storage Container (3.8L, Clear, VR10903)","1 Piece","Jars Containers Holders","Aristo",,,241.44722222222222,297.9123221111111,,31.66476,18.874803321943535,0.0373198817605775,0.06203,0.00558,0.00751,0,242.32104035436024
"2026-03-01","NI36JB3XAH",,"ExclusiveLane 'Old Fashioned Martaban' Salt & Pepper Shaker Set With Toothpick Holder & Tray","1 pack","Jars Containers Holders","ExclusiveLane",,,856.8087609829333,1799,,23.39455,52.37767160003079,0.07024597358560801,0.06777,0.02355,0.02816,0.01019,852.8561019969122
"2026-03-01","G8JRIRJBGC",,"Signoraware Smart Twin Steel Container Set (Pack of 2, 500ml + 350ml, Steelware)","2 pieces","Jars Containers Holders","Signoraware",,,451.6011730205279,529,,13.5474,14.637034926509957,0.00955448897805659,0.01664,0.00334,0.0045,0,451.3583385630262
"2026-03-01","FLUSTM7C97",,"Cutting EDGE Essentials Nesterware Plastic Kitchen Storage Container (3 Pieces, 1000ml, Royal Blue)","3 pieces","Jars Containers Holders","Ce Essentials",,,199.25925925925927,360,,11.69845,44.650372081088015,0.008319338192736515,0.00938,0.03611,0.00768,0.11851,66.33678437172615
"2026-03-01","3R4POZGQIW",,"Signoraware Mini Fresh Steel Container Set (Pack of 4, 170ml + 170ml + 140ml + 140ml, Steelware)","4 pieces","Jars Containers Holders","Signoraware",,,339.04685099846387,422.52341520737326,,13.4747,19.747472661187857,0.02117112195756563,0.0345,0.00543,0.00638,0.00266,337.12264864154747
"2026-03-01","LUC29FXJJN",,"TEX-RO Airtight Lockable Plastic Grocery Container (1.1L)","8 pieces","Jars Containers Holders","Tex-Ro",,,743,2999,,3.54002,75.22507502500834,0.00796616475528241,0.00403,0.00042,0.00056,0,92.87500000000001
"2026-03-01","5MA9YJ6N75",,"Cutting EDGE Nesterware Plastic Food Storage Container (7 Pieces, Blue)","7 pieces","Jars Containers Holders","Cutting Edge",,,291.51568764568765,395,,10.92222,26.2007305961217,0.011343943560969343,0.01701,0.04046,0.00512,0.14289,41.475060874391254
"2026-03-01","FXFLXZABT3",,"Nestasia Shallow Borosilicate Glass Food Storage Containers (4 Pieces, 700ml)","4 pieces","Jars Containers Holders","Nestasia",,,1539.07300556342,2338.986934139785,,49.11622,34.21778003579457,0.06712845300346014,0.08906,0.12249,0.02472,0.40591,384.2381525356004
"2026-03-01","P4J5CAOH9Y",,"Coconut Stainless Steel Tea/Coffee/Sugar/Masala Containers (Orange and Black)","4 pieces","Jars Containers Holders","Coconut",,,1157.1666666666667,1173,,2.07221,1.3498152884342143,0,0,0,0,0,1157.1666666666667
"2026-03-01","0T5M4RPXF6",,"UTENSILA Kitchen Smart Double Bucket Cereal Machine (7L)","1 Piece","Jars Containers Holders","Utensila",,,1927.642067417606,3679.2309685425103,,18.76693,47.60747330355229,0.01829712529799441,0.01968,0.00127,0.00171,0,1909.913377368416
"2026-03-01","T3VBK7O0DE",,"Neelam Stainless Steel Spice Box Set (10 Pieces, 1225ml, Silver)","1 pieces","Jars Containers Holders","Neelam",,,600.6958272313725,801.013388271605,,17.13008,25.007566124379082,0.01960319764453609,0.02928,0.01492,0.02006,0,599.2706422733876
"2026-03-01","537HSP3B5O",,"Borosil Endura Jar with PP Lid Borosilicate Glass Kitchen Storage Container For Storing Spices Dals Grains Rice (600ml, Transparent)","1 Piece x 2","Jars Containers Holders","Borosil",,,685.1612903225806,850,,2.81155,19.392789373814043,,,,,,685.1612903225806
"2026-03-01","IQOJGOWSNY",,"Nayasa Plastic Globe Container (500ml, Clear)","3 pieces","Jars Containers Holders","Nayasa",,,172.06171652421654,215,,8.8254,19.971294639899284,0.0016566957952777023,0.00269,0.00483,0.0065,0,57.48181310395395
"2026-03-01","2S7UWBB1X4",,"Ikea 365+ Square Plastic Food Container (750ml, Set of 3)","3 pieces","Jars Containers Holders","IKEA",,,606.8830519074422,798,,4.29021,23.949492242175165,0.013095307687405766,0.02028,0.00289,0.00389,0,605.749145550809
"2026-03-01","QNN0WEAW0I",,"UTENSILA Kitchen Smart Single Drum Oatmeal Machine","1 Piece","Jars Containers Holders","Utensila",,,896.9237482255774,1499,,10.89149,40.165193580681965,0.005574594086312985,0.00676,0.00099,0.00133,0,891.5246847740024
"2026-03-01","5KUOMJQQWX",,"Glass ideas Melody Glass Jar (500ml, Transparent)","2 pieces","Jars Containers Holders","Glass ideas",,,169.32047546275842,299.00001036290325,,64.14407,43.40968693152109,0.2698170156230744,0.31104,0.37973,0.49,0.06007,84.6052177377145
"2026-03-01","160LVLRWH2",,"JARSOME Metal Maroc Collection Airtight Kitchen Container Set (2 Pieces, 450ml, Moroccan Blue)","2 pieces","Jars Containers Holders","Jarsome",,,451.4692647159362,699,,28.04727,35.41212235823516,0.0037134210707042295,0.00522,0.11061,0.00166,0.42641,244.97264230589863
"2026-03-01","OGSSVJN6DK",,"Magnus Plastic Modulock Storage Container (950ml, Transparent)","1 Piece","Jars Containers Holders","Magnus",,,122.20075108035769,168.84908276422766,,28.65133,27.508153186537594,0.01533961650790607,0.02349,0.10374,0.0241,0.33458,125.08020994353966
"2026-03-01","KQRW4FJK5D",,"HomeStop Totem Jar (Set of 2, 700ml, Ivory)","2 pieces","Jars Containers Holders","HomeStop",,,647.2382072102826,994.9656043258427,,12.85688,34.95740933145263,0.018501124395440823,0.02475,0.00309,0.00416,0,326.42199236371954
"2026-03-01","7KSLUHKK9B",,"LOCK & LOCK  Food Storage Container Mint( Lbf401Rm )","1 Piece","Jars Containers Holders","Lock & Lock",,,445,445,,13.67292,0,0.004609742105109404,0.00941,0.02877,0.0387,0,445.00000000000006
"2026-03-01","UWGJAJG1ID",,"MTL Plastic Edge Airtight Jar (300ml, 600ml, 1.2L, 2L, Transparent)","16 pieces","Jars Containers Holders","mtl",,,1347.235318444996,1420,,7.39158,5.124273348943946,0,0,0.00042,0.00057,0,84.20220740281225
"2026-03-01","6OHHUI1QNO",,"ARISTO Lock & Fresh 211 Plastic Storage Container (1.1L, 19 x 13 x 8 cm, Color May Vary)","1 Piece","Jars Containers Holders","Aristo",,,99.0496291678359,139,,42.03578,28.757674044542643,0.3590145053614542,0.52185,1.90505,2.56224,0,99.0269218531845
"2026-03-01","CMAOZ3N1YN",,"ExclusiveLane Sheesham Wood Hand Engraved Rectangular Spice Box with Spoon (90 ml, Brown)","1 pack","Jars Containers Holders","ExclusiveLane",,,1342.1455968186456,2549,,13.34299,47.346190787813036,0.043089549983823625,0.04625,0.01201,0.00403,0.03513,1342.7252760286622
"2026-03-01","9JMR9OEOQE",,"Nayasa Plastic Cosmic Container (2L, Blue)","1 Piece","Jars Containers Holders","Nayasa",,,292.81252815368276,359,,26.07519,18.486898177222287,0.01964543183267929,0.03241,0.01779,0.02393,0,291.0024639367965
"2026-03-01","0DVBUFGT48",,"Java Plastic Airtight Square Container (2 Pieces, 5.5L, Transparent, Blue Lid)","1 Piece x 2","Jars Containers Holders","Java",,,462.741935483871,1250,,21.40496,62.980645161290326,,,,,,462.741935483871
"2026-03-01","8V3Y9SMR85",,"Cello Qube Fresh Glass Multipurpose Air Tight Storage Jars (1L, Set of 2, Transparent)","2 pieces x 2","Jars Containers Holders","Cello",,,774.741935483871,1100,,53.73961,29.56891495601173,,,,,,774.741935483871
"2026-03-01","Z7CNDRAEVN",,"Home Centre Elvo Seong Borosilicate Glass Partitioned Serving Caddy (1.25L)","1 pack","Jars Containers Holders","Home Centre",,,1096.99031188629,1199,,46.44597,8.507897257190159,0.02102051324890402,0.03905,0.00333,0.00448,0,1091.798478141211
"2026-03-01","4VHPD0KDBT",,"Saaj Plastic Max Container (2000ml, Pink)","3 pieces","Jars Containers Holders","saaj",,,311.08079877112135,433.35227892473114,,8.63019,28.215261832013372,0.00023858331943537472,0.00035,0.00021,0.00028,0,98.5091356857182
"2026-03-01","3FETL03RAN",,"Joyo Fresherware Round Container (150ml, Brown)","1 Piece","Jars Containers Holders","Joyo",,,99.62479309988058,148.97689048387096,,10.3947,33.12100864529711,0.004037907135079929,0.0057,0.00781,0.00597,0.01312,101.56161709231849
"2026-03-01","G2SSUBX7VD",,"Embassy Stainless Steel Nexa Puri Box / Storage Containers (400/700 ml, Pack of 2, Sizes 8-9)","2 pieces","Jars Containers Holders","Embassy",,,221.44949494949495,397.50587247474743,,12.91658,44.28630854826922,0.012677906409115024,0.0143,0.00035,0.00044,0.00011,110.88942295841653
"2026-03-01","8PB5KS95D3",,"YouBee Plastic Air Tight and BPA Free Storage Jar and Container Set (800 ml Each, Blue, Pack of 4)","4 pieces","Jars Containers Holders","Youbee",,,571.5868379674971,898.9387960080645,,61.28006,36.44430528296493,0.2088751539982665,0.27064,1.37402,0.07439,5.14139,142.69131083920857
"2026-03-01","G0W9K6KK7L",,"Sumeet Stainless Steel Flat Canisters/Puri Dabba/Storage Containers (No. 6 - 240ml, No.7 - 400ml, No. 8 - 550ml, No. 9 - 800ml, Set of 4, Silver)","4 pieces","Jars Containers Holders","Sumeet",,,536.4461358086451,1302.6181365322582,,56.94986,58.833427727366214,0.5951863323409994,0.49661,0.37423,0.28538,0.63178,133.70819978993015
"2026-03-01","ILZZV3HDF4",,"Clazkit Plastic Oil Dispenser (1L, Transparent)","1 Piece","Jars Containers Holders","Clazkit",,,89.00947736474052,149,,42.26398,40.25268246199,0.3337557514888061,0.40686,0.46171,0.59772,0.06747,89.02420795530088
"2026-03-01","5L8NSV0MB8",,"Joyo Stainless Steel Oil Dispenser (500ml)","1 Piece","Jars Containers Holders","Joyo",,,281.3008849557522,480,,19.76258,41.403301886792455,0.0190968655097023,0.02283,0.00001,0.00001,0,281.29888920631186
"2026-03-01","X8IKSECD2H",,"Signoraware Modular BPA Free Plastic Round Container with Lid (1.1L, Airtight, Blue)","1 Piece","Jars Containers Holders","Signoraware",,,157.60685804765274,185,,22.76328,14.877289436019696,0.005405816708035054,0.00925,0.00175,0.00236,0,15535.399731945563
"2026-03-01","9JBCOQL4L3",,"Sumeet Stainless Steel Belly Shape Flat Canisters / Puri Dabba / Storage Containers (No. 10 - 17.1cm Dia, 1.1L; No.11 - 18.4cm Dia, 1.5L, Set of 2, Silver)","2 pieces","Jars Containers Holders","Sumeet",,,666.705082130604,1153.5410921290324,,16.68684,42.20361227877022,0.007829421610275365,0.00912,0.00202,0.00065,0.006,329.90624878699816
"2026-03-01","ZLK8ULDQOI",,"Femora Pure Flow Borosilicate Glass Oil Dispenser Bottle (1L, Transparent)","1 Piece","Jars Containers Holders","Femora",,,582.2718894009216,700,,11.96992,16.842276212398797,0.02274334937655692,0.03842,0.00284,0.00382,0,579.5017223013822
"2026-03-01","QRSPEHQ5EC",,"Nayasa Plastic Use Max Container (10L, Red)","1 Piece","Jars Containers Holders","Nayasa",,,281.5,379,,25.80875,25.726786175460273,0.011375340297060704,0.01723,0.01109,0.01491,0,281.39001987799026
"2026-03-01","XS2U4GFLK4",,"Femora Borosilicate Glass Rectangular Food Storage Container with Air Vent Lid (1.5L, Transparent)","1 Piece","Jars Containers Holders","Femora",,,591.541349531616,800,,23.84031,26.05776474421766,0.009988146434425096,0.01506,0.01572,0.00023,0.06062,591.3453678234466
"2026-03-01","UK9THJW0WM",,"Grihokon Polycarbonate Container Set (1250ml + 650ml + 250ml, Set of 3)","3 pieces","Jars Containers Holders","Grihokon",,,525.0869565217391,799,,26.57645,46.028945632329894,0.06897448546105531,0.06676,0.01459,0.01963,0,379.0776209188376
"2026-03-01","ND3DSU1ELM",,"Exclusivelane 'Old Martaban' Ceramic Multipurpose Pickle, Chutney Jar Set with Salt, Pepper Shakers Set and Tray (20ml, 120ml, Brown Green, White, Non Air-Tight)","1 pack","Jars Containers Holders","ExclusiveLane",,,1399,2725,,3.8925,48.6605504587156,0.01085721446440579,0.01137,0.00128,0.00029,0.00414,1399
"2026-03-01","QDCUTJ20Y7",,"Signoraware Sprinkles N Spice BPA Free Plastic Small Spice Shaker (120ml x 2, Red)","2 pieces","Jars Containers Holders","Signoraware",,,172.07364137194062,201.09819697580647,,21.071,14.433026272909695,0.0028535967498265753,0.00502,0.01303,0.01752,0,86.03676737466445
"2026-03-01","ZBZBF7IBNR",,"Neelam Stainless Steel Multipurpose Grocery Container (Silver)","5 pieces","Jars Containers Holders","Neelam",,,1486.33161172277,1786.741371810345,,14.19046,16.800484884150446,0.032683046025338496,0.05586,0.00558,0.00751,0,296.4739427403577
"2026-03-01","35NBJNFRUO",,"Home Centre Glass Chef Special Libra Canister (600ml, Black)","1 Piece","Jars Containers Holders","Home Centre",,,449,449,,12.51138,0,0.005009134088078709,0.01022,0.00004,0.00006,0,449
"2026-03-01","8SU4ZQTY6X",,"Home Centre Wood Raisin Pepper Mill (Brown)","1 Piece","Jars Containers Holders","Home Centre",,,769.6413043478261,799,,1.93903,3.674429994014257,0,0,0,0,0,769.6413043478261
"2026-03-01","L28CEIHFDM",,"Nayasa Florentine Dryfruit Set (Set of 4, Pink)","4 pieces","Jars Containers Holders","Nayasa",,,1015.2691351497956,1145,,1.00597,11.330206537135751,0.0006083316835569975,0.00101,0.00001,0.00001,0,1015.2691351497956
"2026-03-01","QXOV3IB7BZ",,"Signoraware Nano Round Steel Storage Set (Set of 4)","4 pieces","Jars Containers Holders","Signoraware",,,372.4101796407186,474.3756216167664,,6.63221,21.494663159234307,0.0016353396397637808,0.00262,0.03081,0.04143,0,371.7286182827349
"2026-03-01","BVIINRWCB3",,"Ireka Homes Eggsential Acacia Wood Egg Tray (Holds 6 Eggs)","1 pack","Jars Containers Holders","Ireka Homes",,,669.3036778264122,1025,,28.16438,34.70861829064817,0.05508517503655733,0.07313,0.00393,0.00529,0,667.0112161897713
"2026-03-01","49SMQ5YH29",,"Signoraware Nano BPA Free Plastic Medium Container (90ml x 3, Airtight and Microwave Safe , Orange)","3 pieces","Jars Containers Holders","Signoraware",,,122.49346876234607,143.48934943089432,,22.87771,14.628218467933824,0.01087394876536819,0.01881,0.05272,0.05118,0.05721,4076.4701630269274
"2026-03-01","8NY32ZP89U",,"Larah by Borosil Jupiter Opalware Storage Bowl with Lid, Microwave Dishwasher Safe Kitchen Storage Container (400ml, White, Pack of 2)","2 pieces","Jars Containers Holders","Larah",,,452.3169595192901,594.9325930645161,,64.84211,23.996249103086218,0.07856929613571653,0.1215,0.10149,0.13651,0,225.76372335838192
"2026-03-01","P1ZP4IF10R",,"MILTON Plastic Vintage Pet Jar Set (750ml, Transparent, Pack of 3)","3 pieces","Jars Containers Holders","Milton",,,331.92915390429397,430,,60.64236,22.823066501058097,0.12746453293342916,0.20055,0.12164,0.07977,0.24303,331.6613070173346
"2026-03-01","KPNAOQR0G2",,"Femora Borosilicate Glass Food Storage Container with Air Vent Lid, Rectangular (140ml, 400ml, 620ml, 1000ml, Set of 4)","4 pieces","Jars Containers Holders","Femora",,,1241.3235527359238,1682.5773195876288,,14.80924,26.225730475754382,0.034889264389362476,0.05246,0.02026,0.00075,0.07679,310.23147265518224
"2026-03-01","LU0IPVZ75W",,"Signoraware Lock N Store Glass Container (Set of 3, 320ml + 400ml + 370ml)","3 pieces","Jars Containers Holders","Signoraware",,,639.8783279337969,934.2478213306451,,22.43666,31.507873154376583,0.02893280949251699,0.04038,0.013,0.01748,0,641.9560016589775
"2026-03-01","QIK35TF9FV",,"Glass Ideas Set of 6 Fancy Jars with Designer cap, 350ml each","1 pack","Jars Containers Holders","Glass Ideas",,,299,549,,4.80547,45.537340619307834,0.020270019694314054,0.02253,0.00024,0.00032,0.00001,299
"2026-03-01","2PSQONBWC5",,"Cello Modustack Glassy Airtight Storage Jar (750ml, Set of 2, Maroon) & Cello Modustack Glassy Airtight Storage Jar with Lid (2L, Maroon)","3 pieces","Jars Containers Holders","Cello",,,787.2677304964539,967,,2.07158,18.58658422994273,0.004417696079778994,0.00729,0,0,0,262.63688479542134
"2026-03-01","OHFM7MFAQP",,"Sumeet Stainless Steel Round Masala Box with See Through Lid (Size 12, 20.5cm, 2L, 7 Containers, Silver)","1 Piece","Jars Containers Holders","Sumeet",,,737.5924033380304,1380.8806217741935,,32.77405,46.65139526001485,0.30284064451657156,0.32801,0.07913,0.10229,0.01199,736.211628346808
"2026-03-01","2ODYETZQB0",,"ExclusiveLane Sheesham Wood Spice Box with Spoon (50 g, Brown)","1 pack","Jars Containers Holders","ExclusiveLane",,,899.3640456989247,1750.3691340725804,,34.55427,48.61789142770598,0.18334992630457903,0.19232,0.1711,0.03305,0.57129,899.4994209115661
"2026-03-01","RE384PELKK",,"Joyo Plastic Storewell 3-Pieces Printed Container Set - Big (5L, 7.5L, 10L, Pleasant Blue, 500 or 750 or 1000)","3 pieces","Jars Containers Holders","Joyo",,,337.57017543859655,727,,13.8409,53.57620537236797,0.056190276397255316,0.05299,0.00797,0.01071,0,111.971730367845
"2026-03-01","9FWWKUCKZN",,"Femora Frosted Glass Jar for Kitchen Storage with Golden Lid (1.5L, Transparent)","1 Piece","Jars Containers Holders","Femora",,,341.663026460096,409.7815505241936,,70.60478,16.66513362424279,0.07135904366105,0.12108,0.13914,0.18714,0,341.1079973479526
"2026-03-01","2KQ1J3DYNC",,"Java Plastic Container (200ml, 300ml, 400ml, Blue)","3 pieces","Jars Containers Holders","Java",,,174.35674929994155,310.01856649193553,,48.84688,43.86156957090154,0.12464233291969394,0.14002,0.25407,0.34172,0,57.83013732827052
"2026-03-01","DPQWBX95ZY",,"JARSOME Metal Mandala Collection Airtight Kitchen Container Set (2 Pieces, 450ml, Beige Rangoli)","2 pieces","Jars Containers Holders","Jarsome",,,437.2301890080174,686.5365005529953,,8.24546,36.31362809467017,0.0022651868531295798,0.00289,0.05029,0.0017,0.19115,221.19867702467064
"2026-03-01","EGIL7UW9V8",,"Kuber Industries Fridge Organizers Storage Box Set for Vegetables and Grocery (Transparent White, Pack of 6)","6 pieces","Jars Containers Holders","Kuber",,,296.14255161246774,1299,,8.58191,77.1941578902542,0.041622828348042894,0.01942,0.03819,0.00881,0.12336,296.9643170958888
"2026-03-01","M76NSVWHL5",,"Signoraware Easy Flow Stainless Steel Oil Dispenser (650ml, Spillproof and Airtight, Black)","1 Piece","Jars Containers Holders","Signoraware",,,262.14877164530685,343.87009004032257,,39.48211,23.676373356551686,0.08170243539876265,0.12809,0.41818,0.27706,0.82727,261.48437599306277
"2026-03-01","WFHOSP3TW9",,"Cello Qube Fresh Airtight Glass Storage Jar with Silver Metal Lid (580ml, Set of 2) & Cello Qube Fresh Glass Multipurpose Air Tight Storage Jars (1L, Set of 2)","4 pieces","Jars Containers Holders","Cello",,,651.5488684535867,925,,45.24849,29.509852904767765,0.6558593295303451,0.94395,0.02561,0.03444,0,163.11293118447216
"2026-03-01","NNPN8M50QU",,"LocknLock Euro Food Storage Containers (380ml, Pack of 2, Square, Glass, Heat Resistant, Airtight, Transparent, LLG821)","2 pieces","Jars Containers Holders","Lock & Lock",,,682.5853745074468,850,,16.81662,19.695838293241554,0.003914551430842803,0.00644,0.24202,0.32551,0,685.1736093827105
"2026-03-01","RSUQWUQ5HX",,"Sumeet Stainless Steel Nozzle Oil Dispenser / Oil Bottle / Oil Container / Oil Pourer / Vinegar Bottle / Olive Oil Bottle / Oil Can (900ml, Silver)","1 Piece","Jars Containers Holders","Sumeet",,,351.5890058452113,1040.6636191935486,,30.4043,66.24211781297369,0.19183820124988832,0.13168,0.14399,0.18311,0.03061,350.34896493887794
"2026-03-01","PX03EP1036",,"Sumeet Stainless Steel Nozzle Small Oil Dispenser / Oil Bottle / Oil Container / Oil Pourer / Vinegar Bottle / Olive Oil Bottle / Oil Can (350ml, Silver)","1 Piece","Jars Containers Holders","Sumeet",,,411.5980522966941,909.6462024596774,,37.47067,54.78793523204348,0.1725223554590209,0.15783,0.1354,0.1749,0.02088,410.4258181744033
"2026-03-01","SINR9G00VT",,"Cello Qube Fresh Glass Storage Jar (1000ml, Transparent, See Through Multipurpose Organizer)","1 Piece","Jars Containers Holders","Cello",,,199,275,,6.9769,27.63636363636365,0.014209652757206795,0.02097,0.0125,0.01681,0,198.99999999999994
"2026-03-01","MM2DC9H4H4",,"Pasabahce Glass Viva Jar (900ml)","1 Piece","Jars Containers Holders","Pasabahce",,,471.8217572925517,650,,15.75443,27.41203733960743,0.00535258569354513,0.00803,0.0003,0.0004,0,466.45968109688994
"2026-03-01","89TOAB2W3J",,"Borosil Endura Jar with PP Lid Borosilicate Glass Kitchen Storage Container For Storing Spices Dals Grains Rice (600ml, Transparent)","1 Piece","Jars Containers Holders","Borosil",,,342.58403041384065,424.9495435080645,,84.51211,19.45330214478466,0.07620290660533814,0.12494,0.13508,0.16885,0.03717,341.5176759930143
"2026-03-01","Z2ELKBWUX8",,"LocknLock Classic Cereal Containers (Pack of 4, for Kitchen)","4 pieces","Jars Containers Holders","Lock & Lock",,,1322.5924611973392,1650,,16.59092,19.8428811395552,0,0,0.00372,0.005,0,330.6481152993348
"2026-03-01","D8RBYGBCG9",,"Glass ideas Maxx Glass Jar with Metal Cap (3 Pieces, 500ml each, Transparent, Lid Color May Vary)","3 pieces x 2","Jars Containers Holders","Glass Ideas",,,291.2903225806452,798,,16.71733,63.497453310696095,,,,,,291.2903225806452
"2026-03-01","3VA7IH9L6G",,"TEX-RO White Cap Airtight Plastic Grocery Container (1.5L, White)","4 pieces","Jars Containers Holders","Tex-Ro",,,589,1874,,10.96656,68.56990394877268,0,0,0.0001,0.00013,0,147.25
"2026-03-01","PTPP8DZ9IE",,"Borosil Classic Glass Jar with Wooden Tray Set (2 Pieces, 600ml each, Air-Tight)","2 pieces","Jars Containers Holders","Borosil",,,743.4941472278566,995,,18.95592,25.28178521446432,0.053653356371355314,0.08155,0.00389,0.00472,0.00147,371.9109735259943
"2026-03-01","YL4ZU06FMW",,"Femora Glass Jar, Kitchen Storage Jar, Round Jars, Airtight Steel Lid (500ml, 2 Pieces, Transparent)","2 pieces","Jars Containers Holders","Femora",,,379.7317073170732,474.1463414634146,,0.32577,19.912551440329217,0.00025181138591041555,0.00041,0,0.00001,0,189.8658536585366
"2026-03-01","B6UMNMENDH",,"Signoraware Modular Window Steel Container Set of 2, 1000ml each|Steelware","1 pack","Jars Containers Holders","Signoraware",,,800,1076.2546505785124,,13.30179,25.66810029906668,0.01003165561692734,0.01518,0.00135,0.00061,0.00352,799.9999999999999
"2026-03-01","RZY3A0RRN1",,"Signoraware Dry Fruit Serving Set (4 Pieces, 640ml, Plastic, Transparent)","1 pack","Jars Containers Holders","Signoraware",,,1082.9459636235692,1599,,25.25425,32.275474322488186,0.017414032330064274,0.024,0.01973,0.02654,0,1080.9640851406639
"2026-03-01","TBKZYXVO9R",,"LocknLock Sorta Premium Food Containers with Lids (140ml, Pack of 3, Tritan, Airtight)","3 pieces","Jars Containers Holders","Lock & Lock",,,931.5592276398912,1050,,20.56502,11.278166034588294,0.017292110994481066,0.03135,0.01523,0.02048,0,310.9560182279545
"2026-03-01","EJ5YD68IPX",,"Selvel Plastic Linex Green Serving Bowl Set with Lids (4 Pieces, 450ml)","4 pieces","Jars Containers Holders","Selvel",,,1250.0396992507897,4999,,33.78042,74.98637765277141,0.20183272265610863,0.09971,0.00618,0.00831,0,310.54587817579994
"2026-03-01","21HBTY0UHJ",,"Nestasia Glass Tall Kitchen Storage Jars with Lid (4 Pieces, 1500ml, Transparent)","4 pieces","Jars Containers Holders","Nestasia",,,1313.5236930641822,2030,,8.10403,35.29439935644423,0,0,0.00295,0.00014,0.01111,328.38092326604556
"2026-03-01","L6AKYPU8T1",,"ExclusiveLane 'Art of Warli' Multi-Purpose Ceramic Pickle & Chutney Jar Set With Iron Holder (Non Air-Tight, Set Of 2, 280 ml, Handcrafted)","2 pieces","Jars Containers Holders","ExclusiveLane",,,984.5141507448639,2147.741083522267,,16.65362,54.16048245767718,0.002283196148451021,0.00207,0.01288,0.0031,0.04125,958.0130440712815
"2026-03-01","1DN28G1MUJ",,"Femora Borosilicate Glass Jars with Stainless Steel Body and See Through Bottom (350ml, 2 Pieces, Silver)","2 pieces","Jars Containers Holders","Femora",,,291.3956834532374,400,,26.64938,27.151079136690647,0.012004071890362343,0.0177,0.0051,0.00685,0,145.5015271349881
"2026-03-01","EGUWLG8I41",,"HomeStop Clickon Jar Set (3 Pieces, 350ml)","3 pieces","Jars Containers Holders","HomeStop",,,392.99512411347513,475,,5.12516,17.264184397163127,0,0,0.00035,0.00048,0,130.99837470449174
"2026-03-01","1GL00I5D2M",,"Cello Glass Modustack Glassy Storage Jar (500ml, Transparent, Maroon)","1 Piece","Jars Containers Holders","Cello",,,133.82078853046593,159,,3.5333,15.835982056310725,0.00008446837628640521,0.00015,0,0,0,138.00779727095517
"2026-03-01","Z17229TKQT",,"Nayasa Plastic Retro 95 Airtight Storage Container (1.5L, Brown)","3 pieces","Jars Containers Holders","Nayasa",,,321.6006006006006,365,,11.00026,11.900370307938031,0.005332663906685129,0.00951,0.00037,0.0005,0,106.37891899858923
"2026-03-01","0AIDP412IE",,"Home Centre Glass Glassify Delish Rectangle Food Containers (3 Pieces, 640ml)","3 pieces","Jars Containers Holders","Home Centre",,,689,699,,15.98878,1.4306151645207361,0.029061265174190273,0.05846,0.007,0.00941,0,229.6666666666667
"2026-03-01","8MOR7QKMGT",,"Pasabahce Glass Zest Printed Jar (1L, Transparent)","2 pieces","Jars Containers Holders","Pasabahce",,,580,720,,3.22719,19.444444444444443,0,0,0,0,0,290
"2026-03-01","UYGAMGCJCD",,"Femora Glass Jar, Kitchen Storage Jar, Round Jars, Airtight Steel Lid (750ml, Transparent)","1 Piece","Jars Containers Holders","Femora",,,231.70539785725845,264,,17.14133,12.232614181119521,0.006521596146490003,0.01168,0.00383,0.0004,0.01377,232.29214117632813
"2026-03-01","C8SGLYMMSG",,"ExclusiveLane 'Persian Floral' Multi-Purpose Storage Jar & Container In Ceramic (Air-Tight, 480 ml, Hand-Painted)","1 pack","Jars Containers Holders","ExclusiveLane",,,727.9953415373292,1420,,29.13408,48.73913115084833,0.09919870486498501,0.10368,0.02117,0.0084,0.05819,727.6288384948865
"2026-03-01","3FZET9GVTQ",,"Femora Glass Oil Dispenser Bottle With Silicone Brush and Dropper (550ml, Multicolor)","1 Piece","Jars Containers Holders","Femora",,,399,530.5495493145162,,25.06213,24.794803410121386,0.01811480110465168,0.02782,0.03545,0.04769,0,39900
"2026-03-01","843TK6CASM",,"TREO Glass Cube Jar (800ml, Transparent)","800 ml","Jars Containers Holders","Treo",,,152.01438848920864,245,,0.71179,37.95331082073117,0.0005208351956678722,0.00065,0.00122,0.00164,0,18.825790385448247
"2026-03-01","WZ2D0CPG0D",,"Lock & Lock Classic Plastic Airtight Food Storage Container with Leak Proof Lid (850ml, Pack of 3, Transparent)","3 pieces","Jars Containers Holders","Lock & Lock",,,891.515205724508,1090,,9.05904,18.210327389307487,0.002895193440790259,0.00482,0.00014,0.00019,0,29642.2103357098
"2026-03-01","9H536140AO",,"Joyo Fusion Stainless Steel Airtight Round Container (325ml)","1 Piece","Jars Containers Holders","Joyo",,,141.60204081632654,216.00004556122448,,31.54316,34.147686670667426,0.03697961764100868,0.05017,0.02007,0.01788,0.02644,143.59263080957908
"2026-03-01","1GCSJ3X091",,"SELVEL Polycarbonate Darkwood Airtight Container (2 Pieces, 800ml, Transparent)","2 pieces","Jars Containers Holders","Selvel",,,689.2579850838996,1285,,42.43817,46.38216204035578,0.009898259332112773,0.01021,0.26945,0.01016,1.0211,325.22838394285463
"2026-03-01","2YV9NA153F",,"Femora Borosilicate Glass Brush Jar (250ml, Transparent)","1 Piece","Jars Containers Holders","Femora",,,289,381.6806947567567,,12.16158,24.28225897456555,0.004463755250999316,0.00684,0.00568,0.00764,0,28900
"2026-03-01","YZM303IL79",,"Embassy Stainless Steel XL Ghee pot (380 ml)","1 Piece","Jars Containers Holders","Embassy",,,168.3321084537452,260.8399334529148,,11.38036,35.46536137108336,0.0033843131517770093,0.00443,0.00464,0.0062,0.00011,170.06337510442773
"2026-03-01","6B0VA0FU4H",,"Ireka Homes Eggstra Acacia Wood Egg Tray (Holds 12 Eggs)","1 pack","Jars Containers Holders","Ireka Homes",,,720.2424528212365,1235,,28.35913,41.68207431550274,0.06692190391729565,0.07927,0.00463,0.00622,0,716.7107079763513
"2026-03-01","B0W05FE0RB",,"Home Centre Stack Onyx Glass Oil Bottles (Set of 2, 500ml each)","2 pieces","Jars Containers Holders","Home Centre",,,392.3225806451613,399,,15.96157,1.6880339774731719,0.008160760769330904,0.01636,0.02358,0.03172,0,195.99545324016464
"2026-03-01","N18L9DT5II",,"ARISTO Lock & Fresh 204 Plastic Storage Container (2.9L, 15.5 x 15.5 x 19.5 cm, Color May Vary)","1 Piece","Jars Containers Holders","Aristo",,,141.5813460061444,212,,26.24815,33.249502872963454,0.0455780202240801,0.06198,0.051,0.0686,0,141.36320354077614
"2026-03-01","1JCMAMTNBD",,"Locknlock Sq Flip Tite Canister (NLQ505A-060)","1 Piece","Jars Containers Holders","Lock & Lock",,,699,699,,6.19973,0,0.0011140263212112687,0.00227,0,0,0,699
"2026-03-01","BBH4UUMJIR",,"Signoraware Modular BPA Free Plastic Oval Storage Container (Set of 8, 2.3L + 1.7L x 3 + 1.1L x 3 + 500ml, Blue)","8 pieces","Jars Containers Holders","Signoraware",,,1488.3276850923658,1787,,29.57604,16.71936404814345,0.197140902789136,0.33465,0.02258,0.03037,0,186.01274589476625
"2026-03-01","VHNW3D2OQO",,"Signoraware Storewell Stainless Steel Storage Container (3L, Easy to clean and Odourless, Blue)","1 Piece","Jars Containers Holders","Signoraware",,,499.7169379003811,660,,27.49046,24.306791973173514,0.11892446134228382,0.18347,0.03753,0.04516,0.0154,49952.50418956655
"2026-03-01","0LJNNWLFQN",,"Dynore Stainless Steel Kitchen Storage See Through Canister/Container (1250 ml)","1 Piece","Jars Containers Holders","Dynore",,,234.78892997464683,972.7315053763441,,26.24346,75.84987500873041,0.014032587915595106,0.01157,0.00029,0.00039,0,284.5554851851321
"2026-03-01","2OT3ZJXOHW",,"Cutting EDGE Plastic Round Slim Storage Kitchen Container (2 Pieces, 585ml, Royal Blue)","2 pieces","Jars Containers Holders","Cutting Edge",,,151.5852534562212,235,,7.26218,35.49563682713992,0.003868811008212238,0.00503,0.00834,0.00055,0.03092,74.90248328557784
"2026-03-01","AW5FLIHF0U",,"Jaypee Plus Plastic Classique Tea Container (750ml, Blue)","2 pieces","Jars Containers Holders","Jaypee Plus",,,428.2062876368646,655,,10.37877,34.624994253913805,0.0010437422571691847,0.00134,0.00108,0.00141,0.00012,208.1057142320088
"2026-03-01","6C8JVZC2OX",,"Home Centre Shale Primo Stainless Steel Snack Set (7 Pieces)","7 pieces","Jars Containers Holders","Home Centre",,,1070.902208491592,1099,,34.48707,2.556668927061678,0.011384584006163743,0.02258,0.00123,0.00165,0,152.59590837963967
"2026-03-01","OYI6IB934N",,"Femora Glass Jar, Kitchen Storage Jar, Round Jars, Airtight Steel Lid (900ml, Transparent)","1 Piece","Jars Containers Holders","Femora",,,220.28225806451613,245.88709677419354,,0.01116,10.413250245982288,0.00013546815064800836,0.00028,0,0,0,22007.608695652172
"2026-03-01","2ISU4QU66U",,"Nayasa Glassy Set of 4 With Tray (Brown)","4 pieces","Jars Containers Holders","Nayasa",,,1088.6389460002363,1245,,26.19287,12.559120803193869,0.018188591403181124,0.0322,0.0012,0.00162,0,270.05128700857557
"2026-03-01","F1NSOH381B",,"Nestasia Glass Airtight Container (Set of 16, 100ml, Transparent)","1 pieces","Jars Containers Holders","Nestasia",,,735.7280473665606,845,,13.15797,12.903937897957944,0.038302264914217884,0.06786,0.01671,0.00369,0.05444,45.98423816783551
"2026-03-01","9DLGFLDAR0",,"Home Centre Glass Siattle Aston Jars Set (230ml, 470ml, 940ml, 1.6L, 10 Pieces, Clear)","10 pieces","Jars Containers Holders","Home Centre",,,1969.316096353744,1999,,27.96574,1.488302658619883,0.04300938471349897,0.08639,0.00671,0.00903,0,196.7832921644893
"2026-03-01","4ZLMZB65YU",,"Frenchware Oil Dispenser with Lids (1L, Blue, Textured, BPA-Free Plastic)","2 pieces","Jars Containers Holders","Frenchware",,,256.91745164452334,399,,25.38496,35.67864748117046,0.05733729319750674,0.07494,0.04305,0.05791,0,127.9139505859323
"2026-03-01","OJY8VLF4RF",,"Femora Borosilicate Glass Containers for Kitchen Square (300ml, 2 Pieces, Transparent)","2 pieces","Jars Containers Holders","Femora",,,513.6886754799779,670,,10.36452,23.31672397568622,0.02829579043588159,0.04469,0.02102,0.00044,0.08068,257.10879728861016
"2026-03-01","0FUL5SEXU0",,"Cutting EDGE Seal N Kiss Borosilicate Glass Lock & Seal Airtight Kitchen Storage Container & Lunch Box","3 pieces","Jars Containers Holders","Cutting Edge",,,921.5866188769415,1875,,6.12925,50.848713659896454,0.002490223357500154,0.00251,0.04154,0.00844,0.1375,308.21254148508683
"2026-03-01","EJOUF7A85C",,"ExclusiveLane Ceramic 'Whispers of Warli' Pickle Holders (160 ml, Ivory White & Black)","2 pieces","Jars Containers Holders","ExclusiveLane",,,568.5914452180747,1125,,12.66545,49.469050044671775,0.014941340145000924,0.01491,0.00612,0.00123,0.02032,275.33571435100254
"2026-03-01","NIA8K0SKZK",,"Nayasa Cosmic Plastic Container (1.5L, Blue)","1 Piece","Jars Containers Holders","Nayasa",,,223.88039490049553,299,,11.73372,25.121891998659905,0.0043686087969559495,0.00667,0.00879,0.01183,0,223.17678576405592
"2026-03-01","9B3DKBE0TK",,"Chumbak Stainless Steel Handpainted Marigold Spice Box (21x7cm, Off White)","1 Piece","Jars Containers Holders","Chumbak",,,1608.910318735645,2295,,11.39601,29.89497521849042,0.014020953592068865,0.01955,0.00003,0.00004,0,1563.6903755828496
"2026-03-01","GAZ9RGLOYM",,"Borosil Klip N Store Round Borosilicate Glass Storage Container (1.5L, Microwave Safe)","1 Piece","Jars Containers Holders","Borosil",,,798.6710506135178,1045,,15.98792,23.572148266649016,0.0008327306907480514,0.00124,0.00171,0.00168,0.00179,76858.38714816104
"2026-03-01","2H6O5JYKTO",,"Agaro Glass Elegant Spice Jar with Holder (115ml each, Set of 12)","12 pieces","Jars Containers Holders","Agaro",,,1661.870140612076,1999,,29.83362,16.868040554439965,0.03982349255884758,0.06744,0.00644,0.00866,0,1659.0282162683461
"2026-03-01","22P5D69THF",,"Sumeet Stainless Steel Storage Containers with See Through Lid (1.45L, Set of 2)","2 pieces","Jars Containers Holders","Sumeet",,,866.0893237256622,2014.2106030241935,,24.47206,57.00777432055453,0.08349938057353476,0.07192,0.00721,0.0097,0,430.49940660581217
"2026-03-01","9O3P6KD3Z0",,"Nayasa Smart Plastic Butter Dish (with Lid and Butter Knife, Brown)","2 pieces","Jars Containers Holders","Nayasa",,,397.52007282834734,545,,17.14652,27.057779414214252,0.01147542735424535,0.01705,0.00205,0.00059,0.00629,199.62469595607726
"2026-03-01","9UFYWYETBX",,"Signoraware Trinkle Jar with Brush 250ml | Glassware","1 Piece","Jars Containers Holders","Signoraware",,,291.81178945773377,329,,21.023,11.30977335625443,0.02752617196590602,0.04972,0.01455,0.01293,0.01924,291.251872578578
"2026-03-01","L39D2F0189",,"Femora Frosted Glass Jar for Kitchen Storage with Golden Lid (700ml, Transparent)","1 Piece","Jars Containers Holders","Femora",,,319.0695843046138,337.9219555769231,,12.07992,5.566164085905481,0.006215278751730625,0.01245,0.01324,0.00208,0.04561,31929.19805720129
"2026-03-01","H1GNYNNPPA",,"Coconut Stainless Steel Square Canister (1.2L, Silver)","1 Piece","Jars Containers Holders","Coconut",,,1392,1392,,0.96133,0,0,0,0,0,0,1392
"2026-03-01","0BE0LH197X",,"Signoraware Storewell BPA Free Plastic Round Container (3.5L, Airtight Lid, Blue)","1 Piece","Jars Containers Holders","Signoraware",,,295.29141678691553,360,,34.09347,18.021540998922674,0.03823261834735532,0.06308,0.03337,0.04488,0,29272.525205778413
"2026-03-01","BMS9QA9I2I",,"Ganesh Plastic Multipurpose Revolving Masala Spice Jars (12 Pieces, Wooden Finish, Multicolor)","12 pieces","Jars Containers Holders","Ganesh",,,526.1371894907186,950.6234703686636,,17.37248,44.71714674631989,0.10741763725194713,0.11995,0.0362,0.04869,0,43.48483256366689
"2026-03-01","PMFYEILTSX",,"HomeStop Kilim Jar (Set of 2, 800ml, Green)","2 pieces","Jars Containers Holders","HomeStop",,,814.3673590364767,893.9455983108109,,19.15456,8.902140504546766,0.012837599452584792,0.02385,0.00194,0.00261,0,406.83662435358974
"2026-03-01","2NMQZKWRD6",,"Cello Classic Multipurpose Glass Storage Canister Set (300ml Each, Set of 3, White)","3 pieces","Jars Containers Holders","Cello",,,241.57092580621995,421.87393166666664,,9.98017,42.73859850693707,0.003327097779915086,0.00549,0.00797,0.01072,0,241.87742661570607
"2026-03-01","6I2PFZTA8H",,"Nayasa Plastic Refresh Storage Container (950ml, Grey)","3 pieces","Jars Containers Holders","Nayasa",,,362.86581793124856,435,,21.23969,16.587495103098185,0.016754222749261034,0.02837,0.01236,0.01662,0,121.14712088406046
"2026-03-01","2VJPULV13T",,"Embassy Stainless Steel Premium Aroma Ghee pot with Spoon (250 ml)","1 Piece","Jars Containers Holders","Embassy",,,231.81322590011612,416.1095559756098,,11.51652,44.31162362758255,0.004229475037525701,0.00465,0.00957,0.0128,0.00022,229.1643754623126
"2026-03-01","2SMOKLT83U",,"Agaro Glass Elite Container Set (370ml, 640ml, 1040ml, Transparent)","3 pieces","Jars Containers Holders","Agaro",,,1106.86765594702,1637.9931972177421,,64.07088,32.39492820948212,0.24453674622061752,0.33371,0.15281,0.20553,0,371.72933363296505
"2026-03-01","16ZR8XSL8A",,"LOCK & LOCK Food Storage Container Navy Blue( Lbf401Rn )","1 Piece","Jars Containers Holders","Lock & Lock",,,445,445,,7.5067,0,0,0,0,0,0,445
"2026-03-01","X4TMZCVWU0",,"Home Centre Glass Glassify Delish Square Food Containers (3 Pieces, 320ml)","3 pieces","Jars Containers Holders","Home Centre",,,489,499,,24.98197,2.0040080160320506,0.03301486330727868,0.06602,0.01657,0.02228,0,163
"2026-03-01","LWI63CJ030",,"Nestasia Glass Airtight Containers for Kitchen (Set of 4 Jars 2L + 4 Lids, Transparent and Rose Gold)","4 pieces","Jars Containers Holders","Nestasia",,,1070.103247339562,2190.0067608064514,,56.98306,51.135132385930206,0.2310343965840882,0.2297,0.15809,0.02762,0.53628,267.65733345220724
"2026-03-01","B3N0RNG9EG",,"Joyo Stainless Steel, Plastic Container (425ml, Multicolour)","1 Piece","Jars Containers Holders","Joyo",,,123.78186781150843,237.3111146370968,,34.15221,47.909846576124814,0.03923205455054787,0.04204,0.03425,0.04607,0,124.08141589697317
"2026-03-01","H5ST0DQJVP",,"JARSOME Brit Collection Metal Airtight Kitchen Container Set (4 Pieces, 850ml each, Scottish Check Olive Green)","4 pieces","Jars Containers Holders","Jarsome",,,663.7910112359551,1499,,3.14243,55.717744413878926,0,0,0.00109,0.00008,0.00402,165.94775280898878
"2026-03-01","Z2VBUVCLZ3",,"HomeStop Glazed Condiment Set with Tray (3 Pieces)","3 pieces","Jars Containers Holders","HomeStop",,,1767.583565375823,2495,,25.92464,29.155842861328566,0.056332597642583165,0.08135,0.0033,0.00444,0,588.5724303663693
"2026-03-01","BCSJHUDAON",,"Home Centre PET Barbados Canisters (350ml, Pack of 6, Transparent)","6 pieces","Jars Containers Holders","Home Centre",,,382.2988505747126,398.77777781609194,,1.04569,4.132358460801453,0.0002119678121904131,0.00041,0.00015,0.0002,0,63.485540334855415
"2026-03-01","GMKZ71TH2I",,"Femora Glass Jar, Kitchen Storage Jar, Round Jars, Airtight Steel Lid (500ml, Transparent)","1 Piece","Jars Containers Holders","Femora",,,199,237,,2.45315,16.033755274261605,0,0,0.00449,0.00604,0,199
"2026-03-01","EFDMNLIF1U",,"Cello Stack Lock Container Set (4 Pieces, 900ml each, Blue, Food Grade, Durable and Stackable)","4 pieces","Jars Containers Holders","Cello",,,541.5806451612904,849,,25.60296,36.2214717553536,0.03991608902417287,0.0518,0.00126,0.00169,0,134.99347593476926
"2026-03-01","K44UD2GFW7",,"Exclusivelane Ceramic 'Art Of Warli' Multi-Purpose Pickle and Chutney Jar (280ml, Ivory White and Black, Non Air-Tight, Handcrafted)","1 Piece","Jars Containers Holders","ExclusiveLane",,,502.6336461388074,910,,13.76147,44.765533391339844,0.0004833822363710699,0.00054,0.01593,0.00337,0.05235,500.23160977807817
"2026-03-01","5HLJWCQUMI",,"Magnus Plastic Modulock Storage Container (1480ml, Transparent)","1 Piece","Jars Containers Holders","Magnus",,,144.37270971761643,229.40129792682927,,22.42269,37.065873184426096,0.008783914262311742,0.01123,0.06782,0.01401,0.22379,145.21928024935227
"2026-03-01","OZGY4L9GG2",,"Femora High Stainless Steel Square Leakproof Container with Airtight Lid (380ml, Silver)","1 Piece","Jars Containers Holders","Femora",,,215,365,,0.91488,41.0958904109589,0,0,0,0,0,215
"2026-03-01","XLWIS5II89",,"Saaj Plastic Maxx Container (500ml, Pink)","3 pieces","Jars Containers Holders","saaj",,,142.4610070171988,204,,38.058,30.167034938900887,0.012679818900653584,0.01809,0.02992,0.04024,0,47.422710024216165
"2026-03-01","ZR6FXG0AQ4",,"JARSOME Metal Mandala Collection Airtight Kitchen Container Set (4 Pieces, 450ml, Beige Rangoli)","4 pieces","Jars Containers Holders","Jarsome",,,788.4497581771104,1164.9949061490681,,11.95201,32.321613252082024,0,0,0.0037,0.001,0.01153,197.1124395442776
"2026-03-01","S9CIV26UOB",,"Joyo Plastic Fresherware Square Container (6000ml)","1 Piece","Jars Containers Holders","Joyo",,,183.7427636852065,504,,44.03341,63.454462060916924,0.5080734583796502,0.37851,0.56834,0.7644,0,184.28783234859696
"2026-03-01","IRB7EVLYS9",,"Signoraware Family Fresh BPA Free Plastic Container (2.5L + 1.2L + 500ml + 160ml, Microwave Safe and Airtight Lid , Multicolor)","4 pieces","Jars Containers Holders","Signoraware",,,482.5269808184588,600.3812104471544,,12.82483,19.624191104210134,0.023867735026935392,0.03923,0.00098,0.00111,0.00058,120.89156744932377
"2026-03-01","WNU1FA1L0R",,"Nayasa Cosmic Plastic Container (500ml, Blue)","1 Piece","Jars Containers Holders","Nayasa",,,141.89753229226912,169,,8.52216,16.036963140669158,0.0009871643824867808,0.00169,0.00155,0.00208,0,142.39707746713822
"2026-03-01","OJXYP15UBJ",,"Joyo Plastic Fresherware Spice Masala Box Shrink Pack (German Blue)","1 Piece","Jars Containers Holders","Joyo",,,181.5856072766185,326,,8.60657,44.303324373242454,0.0051090617709684755,0.00574,0.00219,0.00294,0,179.144191160157
"2026-03-01","B5RFCVW0K6",,"Joyo Oil Dispenser (1L)","1 Piece","Jars Containers Holders","Joyo",,,372.1313131313131,586.4339946464647,,49.07812,36.403580819700544,0.0404842583854201,0.05464,0.00027,0.00002,0.00099,369.93551174298955
"2026-03-01","OCCTP9VROY",,"JARSOME Metal Brit Collection Airtight Kitchen Container Set (4 Pieces, 450ml + 1100ml, Scottish Check Beige Black)","4 pieces","Jars Containers Holders","Jarsome",,,616.7577519379845,1499,,2.87522,58.855386795331256,0,0,0.00027,0.00003,0.00097,154.18943798449612
"2026-03-01","53DMI21HX4",,"Cello Glass Modustack Storage Jars (1L, Transparent)","3 pieces x 2","Jars Containers Holders","Cello",,,974.989247311828,1254,,15.88502,22.24966129889729,,,,,,974.9892473118277
"2026-03-01","ZS1JRQC574",,"ExclusiveLane 'Old Fashioned Martaban' Ceramic Salt and Pepper Shakers Set with Iron Holder (80ml, Handcrafted)","1 pieces","Jars Containers Holders","ExclusiveLane",,,662.5433673469388,1325,,14.23628,49.9967270518143,0.009151272012010164,0.00931,0.00651,0.0083,0.00133,660.8411580267559
"2026-03-01","XKECD25V5U",,"JARSOME Metal Brit Collection Airtight Kitchen Container Set (4 Pieces, 1100ml, Scottish Check Beige Black)","4 pieces","Jars Containers Holders","Jarsome",,,1189.5607828719071,1699,,14.12291,29.98465080212436,0.004061653905017051,0.00531,0.07522,0.00133,0.28942,273.4529572027481
"2026-03-01","DF5FFUSKDM",,"Kitchen Essentials Ke Silicone Storage Bag Green 1000 ml","1 Piece","Jars Containers Holders","Kitchen Essentials",,,330,330,,12.03083,0,0.005609975179776346,0.01145,0.00007,0.00009,0,330
"2026-03-01","B6744MUA08",,"Cello Modulock Storage Container Set (260ml x 2, 600ml x 2, 1000ml x 2, Transparent)","1 pack","Jars Containers Holders","Cello",,,699,1099,,18.67297,36.396724294813474,0.035612345565233086,0.04622,0.00756,0.01017,0,699
"2026-03-01","2VOFF8OFPQ",,"Borosil Glass Storage Jar (900ml, Transparent)","1 Piece","Jars Containers Holders","Borosil",,,485,485,,4,0,0,0,0,0,0,48500
"2026-03-01","I3UR1M045D",,"Java Plastic Oval Container (2L, Transparent)","1 Piece","Jars Containers Holders","Java",,,147.5175618847036,330,,29.43377,55.45091080914439,0.041066771433206535,0.03672,0.02117,0.02847,0,145.1033332178531
"2026-03-01","ZTPQ18TI4M",,"Java Plastic Food Safe Container (600ml, Transparent)","1 Piece","Jars Containers Holders","Java",,,80.43095519746078,149,,48.10367,46.58159214303367,0.05495337249469155,0.05829,0.15343,0.20637,0,78.25000252303026
"2026-03-01","YF9F0CVMGM",,"Femora Glass Kitchen Window Storage Jar with Outer Stainless Steel Cover (1L, Silver)","1 Piece","Jars Containers Holders","Femora",,,329,405,,4.32753,18.765432098765434,0.00021515529808801328,0.00036,0,0,0,329
"2026-03-01","40CAE5JJ9S",,"Signoraware Lock N Store Borosilicate Glass Rectangle Container (180ml, Microwave Safe and Direct Fridge to Oven , Clear)","1 Piece","Jars Containers Holders","Signoraware",,,282.4140115378153,336.2642386178862,,38.21449,16.027557185091272,0.0441061986108632,0.07528,0.00497,0.00668,0,282.7091797379797
"2026-03-01","331L6Z43Z5",,"MTL Plastic Kitchen Grocery Jar (450ml, Transparent)","4 pieces","Jars Containers Holders","mtl",,,,,,0,,,,,,,
"2026-03-01","JFQJ1T83KU",,"MILTON Plastic Vintage PET Jar Set (1L, Transparent)","2 pieces x 2","Jars Containers Holders","Milton",,,518,680,,4.67583,23.823529411764707,,,,,,518
"2026-03-01","NAKDNDF1Q7",,"Cello Fabio Plastic Storage Container (2L, Assorted)","1 Piece","Jars Containers Holders","Cello",,,159,301.1494065322581,,68.23536,47.56498174239306,0.22529755946558738,0.2407,0.53765,0.65764,0.18981,158.99999999999997
"2026-03-01","XZ2OUSXDVL",,"Embassy Stainless Steel Premium Canister Set for Tea/Coffee/Sugar (400/500/700 ml, Pack of 3)","3 pieces","Jars Containers Holders","Embassy",,,491.5842344819159,1035.744967701613,,42.81236,52.53369464355029,0.052550008127901005,0.05123,0.00806,0.00867,0.00629,163.6519081958278
"2026-03-01","3ZNG3X26Z4",,"Glass ideas Cute Jars with Metal Cap (9 Pieces)","9 pieces","Jars Containers Holders","Glass Ideas",,,199,249,,4.69962,20.080321285140563,0.004183893989190018,0.00682,0.00425,0.00572,0,22.11111111111112
"2026-03-01","9RF94UNU28",,"Joyo Plastic Fresherware Round Container (10L)","1 Piece","Jars Containers Holders","Joyo",,,229.08344072451231,482.23237990783406,,15.10162,52.6320019609699,0.035552261456063314,0.03302,0.01687,0.02269,0,21992.94229746725
"2026-03-01","2A5C0ZJW5T",,"Nestasia Gourmet Clear Glass Oil Bottle (220ml, Green)","1 Piece","Jars Containers Holders","Nestasia",,,290.3505074160812,295,,17.13013,1.3530356564041683,0.04726037528083349,0.09529,0.06133,0.00813,0.21554,29129.857787756675
"2026-03-01","2SQUWQYF2G",,"Femora Borosilicate Glass with Stainless Steel Body and See Through Window Jars (700ml, 2 Pieces, Silver)","2 pieces","Jars Containers Holders","Femora",,,522.3081918375183,600,,40.86755,12.948969700647554,0.032419919064491605,0.05746,0.0032,0.0043,0,261.06673666944374
"2026-03-01","JWUQ8HJ0ZL",,"Nestasia Glass Snack Jar Set (250ml, Transparent)","12 pieces","Jars Containers Holders","Nestasia",,,1129.190398342192,1709.8714927753304,,61.49425,33.94985418838271,0.08996678945976555,0.11933,0.04831,0.02066,0.12849,1141.3615282371907
"2026-03-01","3PPUBMA9UA",,"Home Centre Vault Trove Glass Modular Storage Canisters (Set of 5)","1 pack","Jars Containers Holders","Home Centre",,,1281.7451490408932,1299,,29.60755,1.3382396985920715,0.08096835739654533,0.16292,0.01141,0.01535,0,1280.9724873552261
"2026-03-01","BA0V7089XM",,"UTENSILA Kitchen Smart Narrow Rice Bucket (5 kg)","1 Piece","Jars Containers Holders","Utensila",,,1520.6181418085039,2999,,25.07121,49.29582721545503,0.025491599717467815,0.02612,0.00127,0.00171,0,1500.1271052406182
"2026-03-01","O23P9QC7SF",,"Sumeet Stainless Steel Masala/Spice Box with See Through Lid and Spoon with 7 Container (1.4L, 18cm Dia, Round)","1 Piece","Jars Containers Holders","Sumeet",,,432.7432744661591,1203.7321470564516,,58.09749,64.0966312672389,0.730347368722774,0.53299,0.61016,0.74851,0.20912,431.9730028823647
"2026-03-01","OAM8696W1L",,"Signoraware Modular BPA Free Plastic Oval Container with Lid (1.7L, Airtight, Maroon)","1 Piece","Jars Containers Holders","Signoraware",,,195.7112081419174,240,,45.88228,18.40465203338356,0.04287168532272265,0.07208,0.08851,0.09475,0.0704,196.54023646291708
"2026-03-01","NQZK49SEQS",,"Joyo Fusion Stainless Steel Airtight Round Container (725ml)","1 Piece","Jars Containers Holders","Joyo",,,175.44740679465633,322.005673805668,,34.62063,45.53474139501124,0.025654639621130067,0.02813,0.03842,0.03443,0.04998,173.53026710349155
"2026-03-01","8OV8CVM6WD",,"ATTRO Stainless Steel Holedabba Set with Air Ventilation (Set of 3)","1 pack","Jars Containers Holders","attro",,,388.6185895579213,999,,10.90862,61.115840659967695,0.023351521685819044,0.01841,0.00204,0.00259,0.00044,387.12820229508304
"2026-03-01","5MF2A3XW70",,"Joyo Plastic Kitchen 3-Pieces Classic Printed Container Set (6 L, 8.5 L, 11 L, German Blue, 65/85/115)","3 pieces","Jars Containers Holders","Joyo",,,458.8863705702504,1255.9861558870969,,15.61852,63.46867852889606,0.04350981999942221,0.0327,0.00108,0.00145,0,157.08923641723723
"2026-03-01","6SXEHN785N",,"Joyo Storewell Plastic Container Set (3 Pieces, 200ml, German Lavender)","3 pieces","Jars Containers Holders","Joyo",,,161.59144585253458,293.02483024193543,,8.12841,44.85393950982935,0.003973360545653525,0.00453,0.00193,0.0026,0,5456.767258206543
"2026-03-01","5MW3KC9H47",,"Magnus Plastic Modulock Storage Container (700ml)","1 Piece","Jars Containers Holders","Magnus",,,99.72638092054383,149.15454343891403,,25.72256,32.74185058556343,0.019490998140940564,0.02689,0.00447,0.0024,0.01045,103.22906624194627
"2026-03-01","1R9Q4JE3XV",,"ARISTO Store Queen111 Plastic Storage Containers (4 Pieces, 320ml)","4 pieces","Jars Containers Holders","Aristo",,,99.15590379008746,130,,5.2383,23.726227853778877,0.0007248342931142846,0.00116,0.00059,0.00079,0,24.846883611876617
"2026-03-01","3LDNK44QRH",,"Whitegold Glass Storage Jar with Steel Lid (850ml)","1 Piece","Jars Containers Holders","Whitegold",,,126.18181818181819,215,,1.57079,41.3107822410148,0.00011427136942896706,0.00013,0.00161,0.00216,0,126.18181818181819
"2026-03-01","LD0BXPWGGA",,"Home Centre Stack Nouie Borosilicate Glass Oil Jars (Set of 2)","1 pack","Jars Containers Holders","Home Centre",,,588.9695186088439,598.2096843870968,,21.72754,1.5531428347474634,0.051457178587908776,0.10336,0.00844,0.01135,0,585.6913623136971
"2026-03-01","2XXIB2F7S3",,"Signoraware Modular BPA Free Plastic Oval Storage Container (500ml x 3, Airtight, Blue)","3 pieces","Jars Containers Holders","Signoraware",,,361.4942093347266,450,,45.79261,19.6210764626936,0.11452509330641603,0.18796,0.41047,0.12269,1.24469,120.64444144526979
"2026-03-01","5DUNWKOUH3",,"Milton Plastic Storex Storage Container with Lid (15L, Transparent)","1 Piece","Jars Containers Holders","Milton",,,231.50356125356126,520,,2.31356,55.34425790969924,0.02284136456790813,0.02097,0.00579,0.00778,0,234.25348039215683
"2026-03-01","WEO5MGO8K9",,"Femora Kitchen Storage Jars Steel Body With See Through Window Jar (1300ml, Transparent)","1 Piece","Jars Containers Holders","Femora",,,388.74708994709,475,,4.33176,18.158507379560003,0.0012616069182701578,0.00213,0.00009,0.00012,0,392.32480661843545
"2026-03-01","QGYEEC9D8L",,"Nayasa Plastic Fusion Container Set (3 Pieces, 1000ml each, Stackable)","3 pieces","Jars Containers Holders","Nayasa",,,419,419,,22.40143,0,0.003450453484152213,0.00704,0.00065,0.00088,0,139.6666666666667
"2026-03-01","789KWGX8LH",,"Borosil Klip N Store Rectangle Food Storage Container with Airtight Lid Borosilicate Glass Container for Lunchbox Microwave Dishwasher Safe (1.04L, Transparent)","1 Piece","Jars Containers Holders","Borosil",,,598.999291813452,744.6134480454547,,36.02781,19.56049813320189,0.18509395921345095,0.30414,0.06328,0.03228,0.15315,598.999271009347
"2026-03-01","OXT58IW7CJ",,"JARSOME Maroc Collection Metal Airtight Kitchen Container Set (3 Pieces, 850ml each, Pink Pastel, Vacuum-Sealed)","3 pieces","Jars Containers Holders","Jarsome",,,862.0651509254438,1199,,17.26456,28.101321857761143,0,0,0.06907,0.00152,0.26488,287.3550503084812
"2026-03-01","2LNUS6UL3Q",,"Home Centre Glass Pacific Blithe Canister (500ml, Transparent)","1 Piece","Jars Containers Holders","Home Centre",,,125.09316500834825,128.97614062827225,,6.41609,3.010615452601645,0.0008786304876734942,0.00174,0.00009,0.00013,0,125.10059476445663
"2026-03-01","6TJKK1JNKF",,"Neelam Stainless Steel Deep Dabba (3.65L, Silver)","1 Piece","Jars Containers Holders","Neelam",,,442.8087375587375,542.2016129378532,,5.02347,18.331350001075716,0.0046091046079298845,0.00775,0.00007,0.00009,0,44510.19793567389
"2026-03-01","J03AFS84NS",,"Femora High Stainless Steel Square Container, Leakproof airtight Lid (550ml, Silver)","1 Piece","Jars Containers Holders","Femora",,,332.6166007905138,430,,5.57537,22.647302141740976,0.0006851500936891624,0.00107,0.00205,0.00275,0,330.5552852757134
"2026-03-01","BAG829VI2U",,"LocknLock Sorta Premium Food Containers (Pack of 3, Tritan, for Dryfruits)","3 pieces","Jars Containers Holders","Lock & Lock",,,889.1864467044683,996.9234795161291,,24.97162,10.807739080900031,0.025584196182793104,0.04661,0.02973,0.03998,0,297.5953677683509
"2026-03-01","O0MCII9RVH",,"Femora Glass Oil Dispenser Bottle With Silicone Brush, Dropper (350ml, Grey)","1 Piece","Jars Containers Holders","Femora",,,343.06816461684014,483.0181594039736,,8.1847,28.986576470182275,0.0035726935683251804,0.00485,0.00088,0.00118,0,34527.09988088754
"2026-03-01","Q50L4W6MWU",,"Signoraware Safe Store Tempered Glass Square Container (520ml)","1 Piece","Jars Containers Holders","Signoraware",,,331.63974622770917,439,,13.7247,24.46377473323506,0.017294501608904268,0.02657,0.01467,0.00515,0.04225,330.5731686182316
"2026-03-01","3CHVQ19843",,"Nestasia Borosilicate Glass Lunch Box (Set of 2 Lunch Boxes 1040ml + 2 PVC Lids, Transparent and Dark Grey)","2 pieces","Jars Containers Holders","Nestasia",,,1126.1322208748802,1650,,52.57078,31.829016853441168,0.34111693142072397,0.47198,0.15006,0.09693,0.30405,559.8555657383646
"2026-03-01","J871BJ0616",,"Agaro Glass Imperial Container Set (370ml, 640ml, 1050ml, Blue)","3 pieces","Jars Containers Holders","Agaro",,,1499.3081559476861,2999,,45.92906,50.005398641748194,0.2238321128241657,0.22829,0.04907,0.066,0,499.8973105761209
"2026-03-01","SD3D26N5QH",,"Nayasa Plastic Retro 87 Storage Container (150ml, Brown)","6 pieces","Jars Containers Holders","Nayasa",,,,,,0,,0,0,0,0,0,
"2026-03-01","5FOV0CNKZ0",,"Home Centre Glass Corsica Medika Cruet Set (300ml, Pack of 4, Multicolour)","4 pieces","Jars Containers Holders","Home Centre",,,481.60272108843543,499,,14.73956,3.4864286395921007,0.004240631238167302,0.00831,0.02272,0.03056,0,119.87407892872328
"2026-03-01","5UA1Q3PPPK",,"TEX-RO Airtight Lockable Plastic Grocery Container (700ml)","4 pieces","Jars Containers Holders","Tex-Ro",,,352.42857142857144,1299,,3.04878,72.8692400747828,0.0027603627873217704,0.00151,0.0008,0.00108,0,87.28335186214564
"2026-03-01","6IYUXGYXNS",,"Tosaa Plastic Pet Storage Jar and Container Set (24 Pieces, Black, BPA Free)","24 pieces","Jars Containers Holders","Tosaa",,,392.0736823677748,799,,40.4924,50.9729533383037,0.3083522857564069,0.30813,0.1333,0.17929,0,16.327163471510246
"2026-03-01","FENQDMSWTC",,"Joyo Fresherware 301 Plastic Multiutility Box (Grey)","1 Piece","Jars Containers Holders","Joyo",,,62.99709848096945,76,,12.19711,17.188957269337234,0.008059558092082099,0.0134,0.1284,0.13365,0.11318,61.94042205138604
"2026-03-01","O21F5I5G09",,"Nayasa Plastic Store In Floral Round Storage Containers (5L, 7L, 10L, Blue)","3 pieces","Jars Containers Holders","Nayasa",,,471.4202042707508,828.7628719354838,,64.11695,43.09265612596319,0.39868133298843467,0.46291,0.07692,0.10345,0,157.11120183243798
"2026-03-01","VTHHNYH9BU",,"Cello Plastic Checkers Airtight Canister Set (8x300ml, 8x650ml, 8x1.2L, Transparent)","24 pieces","Jars Containers Holders","Cello",,,831.5831457864467,2127.754749784946,,56.34747,60.97778173267159,0.1357213964025727,0.10613,0.0062,0.00833,0,34.54892647048832
"2026-03-01","KSHFP8TYS2",,"Nayasa Globe Plastic Small Containers (1L, Set of 3, Transparent)","3 pieces","Jars Containers Holders","Nayasa",,,242.12645987150393,309,,12.32238,21.660875384714952,0.011901275470164735,0.01882,0.00573,0.00771,0,80.05118063923453
"2026-03-01","Z5KN5IYNW4",,"Neelam Stainless Steel Deep Dabba Storage Container (4.6L, Silver)","1 Piece","Jars Containers Holders","Neelam",,,491.43965424962533,661.9001605202313,,7.31521,26.122766438686448,0.03887330301277296,0.05644,0.00041,0.00055,0,49131.35015343553
"2026-03-01","5KGNI83DCN",,"Joyo Plastic Fresherware Jar (German Lavender)","1 Piece","Jars Containers Holders","Joyo",,,60.08274536097117,81,,12.43966,25.88542263470093,0.006949516128242829,0.0105,0.00756,0.01017,0,59.71486951349843
"2026-03-01","9EAOJO3PU7",,"Embassy Stainless Steel Brownie Box / Storage Container (1.3 L)","1 Piece","Jars Containers Holders","Embassy",,,284.60012968781393,438.8787002392344,,13.90187,35.15917446706034,0.010283626377132636,0.01348,0.00817,0.00993,0.00306,281.96794238955204
"2026-03-01","8GG3LGCF8F",,"Exclusivelane 'Moroccan' Ceramic Handpainted Pickle and Chutney Jars with Spoons (2 Pieces, Blue White and Yellow)","2 pieces","Jars Containers Holders","ExclusiveLane",,,699,1384.0474193548387,,11.31883,49.49595005019174,0,0,0.00274,0.00031,0.00978,349.5
"2026-03-01","W1P07DVVCK",,"Home Centre Polypropylene Omnis Aruba Storage Containers (4 Pieces, Rectangular)","4 pieces","Jars Containers Holders","Home Centre",,,794.6134562211981,798.597350403226,,25.12209,0.499021893767542,0.0800141834930987,0.16246,0.01372,0.01845,0,198.73264402597454
"2026-03-01","4KSK0ORT3X",,"Nayasa Plastic Use Max Container (3.5L, Red)","2 pieces","Jars Containers Holders","Nayasa",,,253.06306982251994,315,,18.14505,19.664504979581324,0.009593854428891952,0.01559,0.00655,0.00881,0,125.80336652285959
"2026-03-01","4GRABD0TDL",,"Larah by Borosil Lupin Opalware Storage Bowl with Lid, Microwave Dishwasher Safe Kitchen Storage Container (400ml + 800ml + 1.2L, White, Pack of 3)","3 pieces","Jars Containers Holders","Larah by Borosil",,,896.6934299795187,1195,,15.18917,24.964997517206637,0.04227674107993557,0.06468,0.00065,0.00087,0,298.6682776810944
"2026-03-01","5G27WGZMS7",,"Borosil Klip N Store Rectangle Borosilicate Glass Storage Container (640ml, Microwave Safe)","1 Piece","Jars Containers Holders","Borosil",,,455,545,,13.71263,16.513761467889907,0.001737498562781867,0.00296,0.0021,0.00171,0.00324,455.00000000000006
"2026-03-01","BFASDG2KOX",,"Home Centre Glass Louvre Arcade Storage Jar (1.2L, Transparent)","1 Piece","Jars Containers Holders","Home Centre",,,383.7390351865765,399,,7.94218,3.8286595963659025,0.0012718068731424786,0.00247,0.00073,0.00098,0,380.8708821127542
"2026-03-01","UHLM6Y3VPM",,"Asian Plastic Airtight Round Storage Containers (4 Pieces, 300ml, Multicolor)","4 pieces","Jars Containers Holders","Asian",,,131.96253360215053,172,,35.25165,23.329268232796995,0.037771389137972566,0.05896,0.08815,0.11855,0,32.886952971902375
"2026-03-01","IT82L0K35L",,"Home Centre Glass Pamolive Basting Brush Oil Dispenser (270ml, Transparent)","1 Piece","Jars Containers Holders","Home Centre",,,292.46149620242363,299,,2.98136,2.186790567751288,0,0,0.01977,0.02659,0,292.46149620242363
"2026-03-01","RMFEIEY6FM",,"JARSOME Maroc Collection Metal Airtight Kitchen Container Set (2 Pieces, 1100ml each, Moroccan Pink Pastel)","2 pieces","Jars Containers Holders","Jarsome",,,714.5692110980417,1099,,15.83487,34.98005358525553,0,0,0.01665,0.00155,0.06042,357.28460554902085
"2026-03-01","MLDBWIIAX6",,"Signoraware Nano Round Small Container Set (Pack of 6, Plasticware)","6 pieces","Jars Containers Holders","Signoraware",,,181.45751096491227,219,,14.82907,17.136681337883047,0.011672732731306801,0.0198,0.02848,0.03831,0,182.0139778806376
"2026-03-01","NROGWY2NI4",,"MTL Plastic Kitchen Storage Container (950ml, Transparent)","2 pieces","Jars Containers Holders","mtl",,,,,,0,,,,,,,
"2026-03-01","202OIA6UJZ",,"Clazkit Plastic Airtight Container Set (12 Pieces, Blue, BPA Free)","12 pieces","Jars Containers Holders","Clazkit",,,299,499,,47.90528,40.08016032064128,0.2995428716069143,0.36635,0.33602,0.3357,0.33696,24.916666666666675
"2026-03-01","Y6GHA5GKYH",,"Embassy Stainless Steel Oil Can / Pourer (1 L)","1 Piece","Jars Containers Holders","Embassy",,,821.6190476190476,1423.912269953271,,8.63227,42.29596299070743,0.006837157250352423,0.00809,0.0005,0.00065,0.00005,828.6492285566235
"2026-03-01","0RDB72I5MI",,"Cutting EDGE Essentials Modular Plastic Kitchen Storage Container (4 Pieces, 250ml, Royal Blue)","4 pieces","Jars Containers Holders","Ce Essentials",,,142.33918128654972,225,,9.13728,36.73814165042235,0.006335128221480392,0.00817,0.00503,0.00508,0.00491,35.55400545634921
"2026-03-01","CA6EL9L3DU",,"Signoraware Nano Round Small Container Set of 4| Plasticware","1 pack","Jars Containers Holders","Signoraware",,,115.11305014522598,147,,22.84521,21.68223561591788,0.012260664505119156,0.01963,0.05244,0.07053,0,115.27380488673461
"2026-03-01","KR34VBWMVR",,"HomeStop Totem Jar (Set of 3, 500ml, Ivory)","3 pieces","Jars Containers Holders","HomeStop",,,647.0724412584627,995,,17.50959,34.967594498965774,0.014537326307480098,0.01973,0.00148,0.002,0,220.471697047391
"2026-03-01","L033YNA98U",,"Deli Glass Air tight Container (650ml, Transparent)","2 pieces","Jars Containers Holders","Deli",,,400.54323824323825,750,,15.87162,46.59423490090157,0.012351507853200763,0.01328,0.00249,0.00335,0,203.52393761179766
"2026-03-01","KWPZRQA8T7",,"HomeStop Homemade Bread Box with Wooden Lid (Mint)","1 Piece","Jars Containers Holders","HomeStop",,,841.4587921442866,1295,,30.87392,34.8097899311634,0.055725700327680074,0.077,0.00823,0.01107,0,876.3587462163712
"2026-03-01","K0DIFH6I37",,"SAFFRON Brass Handcrafted Spice Masala Box Set (7 Containers, 40ml Each, With Spoon)","1 pack","Jars Containers Holders","Saffron",,,1399,2999,,1.7901,53.351117039013005,0,0,0,0,0,1399
"2026-03-01","U96WRBPYVD",,"Pasabahce Glass Basic Storage Bowl Set","1 pack","Jars Containers Holders","Pasabahce",,,480,675,,2.89481,28.88888888888889,0,0,0.00002,0.00003,0,480
"2026-03-01","9WVK1RZ7IW",,"Borosil Endura Jar with PP Lid Borosilicate Glass Kitchen Storage Container For Storing Spices Dals Grains Rice (600ml + 900ml + 1.2L, Transparent, Pack of 3)","3 pieces","Jars Containers Holders","Borosil",,,1017.3129251700681,1245.0470937414966,,4.73312,18.291209201337402,0.0026456132950081635,0.00443,0.0001,0.00013,0.00001,340.69236457755596
"2026-03-01","8NFUPHHPDY",,"Nayasa Plastic Printed Small Bread Box (2L, Orange)","1 Piece","Jars Containers Holders","Nayasa",,,115,155,,6.22081,25.806451612903224,0.00045294174604898794,0.00069,0.00139,0.00187,0,114.99999999999999
"2026-03-01","6XBH69VW8T",,"CLASSIC ESSENTIALS Stainless Steel Elegant Utility Container (1600ml, Silver)","1 Piece","Jars Containers Holders","Classic Essentials",,,410.2521445272127,629.2369416129033,,25.67116,34.80021916267401,0.012383382712176766,0.0165,0.00995,0.01152,0.00541,427.12211475989017
"2026-03-01","LMRMJP84WX",,"Nestasia Ceramic Butter Dish with Lid and Butter Knife (Set of 1 Dish + 1 Lid + 1 Knife, 17 cm, White, Beige, Silver)","1 Piece","Jars Containers Holders","Nestasia",,,832.4767521450854,1350,,9.77844,38.335055396660344,0.021988871464594956,0.02778,0.00068,0.00092,0,843.6305631177969
"2026-03-01","6TA9NGLCJ4",,"YouBee Plastic Air Tight and BPA Free Storage Jar and Container Set (1.4 L Each, Blue, Pack of 2)","2 pieces","Jars Containers Holders","Youbee",,,260.7049488009081,597.3224842741936,,50.65965,56.434588080106714,0.10233933471989047,0.08904,0.45544,0.11806,1.43347,257.8856668396485
"2026-03-01","XPXHU8DX2R",,"LocknLock Euro Food Storage Container (380ml, Round, Glass, Bake and Store, Transparent)","1 Piece","Jars Containers Holders","Lock & Lock",,,341.64362843697523,422.883808266129,,18.27703,19.21733662922934,0.0057484714420270745,0.00949,0.07144,0.09609,0,340.6534942007256
"2026-03-01","8R5BNVNZUT",,"LocknLock Classic Food Storage Containers with Lid (1.3L, Pack of 2, Rectangular, Plastic, Leakproof, Airtight, Transparent, HPL809)","2 pieces","Jars Containers Holders","Lock & Lock",,,746.7739965095985,930,,4.95101,19.701720805419516,0.0004940603141280305,0.00081,0.00023,0.00031,0,372.52983333333333
"2026-03-01","67MPZ01GIM",,"Signoraware Executive Steel Big Container Set (Pack of 2, 500ml Each, Steelware)","2 pieces","Jars Containers Holders","Signoraware",,,300.11821064240416,398,,19.78831,24.594866231633272,0.04116303350731406,0.06341,0.01477,0.01987,0,300.0393325723319
"2026-03-01","7T8FZKZH9K",,"Nayasa Plastic Globe Airtight Storage Container (2L, Transparent)","3 pieces","Jars Containers Holders","Nayasa",,,500.90043739422003,579,,20.41632,13.502445954713146,0.029787215087368715,0.05238,0.01154,0.01553,0,166.35760519421743
"2026-03-01","4EPFEO0OMB",,"LOCK & LOCK  Food Storage Container Mint( Lbf451Rm )","1 Piece","Jars Containers Holders","Lock & Lock",,,675,675,,12.13137,0,0.008785508005260543,0.01793,0.00502,0.00675,0,675
"2026-03-01","GQZHCO3HQP",,"Nestasia Nestro Square Airtight Food Storage Container (Set of 4, 300ml + 500ml + 800ml + 1.2L)","4 pieces","Jars Containers Holders","Nestasia",,,1891.591556931723,2395,,37.83796,21.028227869685903,0.3136306030285379,0.50519,0.05457,0.01113,0.1805,1890.6079109816626
"2026-03-01","0S2HQ5Z0ZG",,"Sugar Homeware Stainless Steel Modular Storage Container (900ml, Assorted)","3 pieces","Jars Containers Holders","Sugar Homeware",,,317.5098039215686,571.9598507843137,,4.51329,44.487396539079505,0.0029700993593838637,0.00324,0.00011,0.00015,0,105.08282377301111
"2026-03-01","RQ1B9C7X6Z",,"Signoraware Executive Microsafe Stainless Steel Container (500ml, Airtight and Leakproof and Microwave Safe , Magenta)","1 Piece","Jars Containers Holders","Signoraware",,,199.03747590328095,240,,23.72608,17.06491259085005,0.01798953290887599,0.03043,0.03525,0.04232,0.01476,199.17689056465525
"2026-03-01","KR5XUVSQAZ",,"Signoraware Classic BPA Free Plastic Small Round Container (550ml, Airtight and Leakproof and Microwave Safe, Blue)","1 Piece","Jars Containers Holders","Signoraware",,,161.89209578091092,190,,13.26418,14.794313511902109,0.003279604240040843,0.00564,0.01756,0.01915,0.01295,16098.381779251755
"2026-03-01","K7NXUMNNAG",,"Agaro Glass Elegant Jar with Steel Lid (2250ml, Square Shaped, Transparent)","1 Piece","Jars Containers Holders","Agaro",,,341.5930212307643,399,,20.2552,14.424997435041796,0.05111611759686555,0.08918,0.01083,0.01457,0,341.0763773824804
"2026-03-01","OXKPMBKM38",,"Yera Glass Storage Jar (1.1L, Transparent)","2 pieces","Jars Containers Holders","Yera",,,299,395,,5.95376,24.303797468354432,0.002833356214376815,0.00438,0.00019,0,0.00074,149.5
"2026-03-01","IYSAOQVAWV",,"Clazkit Plastic Food Storage Containers (1.5L Each, Pack of 2, Transparent)","2 pieces","Jars Containers Holders","Clazkit",,,90.80363427602197,199,,70.45438,54.34935377107387,0.5052574739634155,0.47025,0.9427,1.02394,0.70723,90.85149519263352
"2026-03-01","MNR81XX6IG",,"ARISTO Plastic Lock & Fresh 503 Storage Container (750ml, Transparent)","1 Piece","Jars Containers Holders","Aristo",,,59.715114487798466,100,,26.1467,40.71720351795095,0.048383007813968266,0.05808,0.3207,0.43133,0,58.648585455313494
"2026-03-01","WZ380ROPH6",,"Kitchen Essentials Ke Silicone Storage Bag Green","1 Piece","Jars Containers Holders","Kitchen Essentials",,,290,290,,10.32172,0,0.0016947862517540247,0.00346,,,,290
"2026-03-01","XWSCBDWOSQ",,"Archies Glass Champagne Glasses","2 pieces","Jars Containers Holders","Archies",,,840.0209687929888,898.9921121505377,,7.32075,6.560170614416957,0.05126290132245005,0.09775,0.00104,0.0014,0,419.87054187330034
"2026-03-01","O3KTM5EYJ9",,"Exclusivelane Ceramic 'Shatranj Checkered' Hand-Painted Multi-Purpose Storage Jar (480ml, 4.3 Inch, Yellow and Off White, Airtight)","1 Piece","Jars Containers Holders","ExclusiveLane",,,525,1075,,9.11632,51.16279069767442,0,0,0.00073,0.00005,0.00272,525
"2026-03-01","7577PC40LQ",,"Nayasa Plastic Hermit Airtight Storage Container (1.5L, Green)","2 pieces","Jars Containers Holders","Nayasa",,,242.80945896313258,354.9122594758064,,57.10775,31.955654247838446,0.09061129910826032,0.12471,0.18419,0.24772,0,119.40954985294205
"2026-03-01","2PLYHV24OU",,"Nayasa Retro Plastic Storage Round Container (500ml, Brown)","1 Piece","Jars Containers Holders","Nayasa",,,43.999436816835235,75,,65.21666,42.79610482763395,0.22373330076134007,0.26068,1.24022,1.49093,0.51347,42.865887977884896
"2026-03-01","2DPV957E9I",,"Cello Glass Qube Fresh Storage Jar (180ml, Transparent)","3 pieces","Jars Containers Holders","Cello",,,299,369,,7.29266,18.97018970189702,0.0011761822962144727,0.00194,0,0,0,99.66666666666667
"2026-03-01","3W27OO8TUB",,"Signoraware Bake 'N' Serve Glass Bottle Set (700ml + 500ml)","1 pack","Jars Containers Holders","Signoraware",,,521.5937766683735,689,,19.31415,24.300493926694944,0.02245775064013195,0.03469,0.00194,0.00055,0.00598,521.5576762561143
"2026-03-01","K6SK7E4CTT",,"Neelam Stainless Steel Deep Dabba (2.6L, Silver)","1 Piece","Jars Containers Holders","Neelam",,,309.0974025974026,432.97728863636365,,26.40134,28.613154789457184,0.010967023353578118,0.01602,0,0,0,30908.130632882465
"2026-03-01","SG091FKHIG",,"Sumeet Stainless Steel Vertical Storage Containers (850ml, 1.2L, 1.5L, Set of 3)","3 pieces","Jars Containers Holders","Sumeet",,,566.1965205919922,1404.46124,,64.1515,59.32355214396317,0.7294316040243936,0.59396,0.90625,0.4391,2.26044,191.11326340634324
"2026-03-01","A4GPT7M4X3",,"Home Centre Glass Regal Storage Jars (800ml, Pack of 6, Transparent)","6 pieces","Jars Containers Holders","Home Centre",,,862.3595505617977,899,,0.61515,4.075689592681006,0.000955289523510779,0.00186,0,0.00001,0,143.38432400932405
"2026-03-01","WN5E8KF09Y",,"Joyo Spacio Container Printed Set (4 Pieces, Blue)","4 pieces","Jars Containers Holders","Joyo",,,103.96598891753605,331.5069419354839,,50.95411,68.8302547939995,1.4207960202195171,0.90178,3.49112,4.69545,0,25.851543349105608
"2026-03-01","AVD3OASB9A",,"Nestasia Glass Clear Oil Dispenser with Lid (500ml, Transparent, Beige, Yellow)","1 Piece","Jars Containers Holders","Nestasia",,,1649.9747692537976,2604.512505,,26.08962,36.64938194436515,0.03743702186731431,0.04858,0.28984,0.02616,1.0542,825.9616387752496
"2026-03-01","HQIFO1XGJ5",,"HomeStop Totem Round Jar (Set of 2, 700ml, Mustard)","2 pieces","Jars Containers Holders","HomeStop",,,615,995,,13.81196,38.19095477386935,0.006079173103903095,0.00767,0.00477,0.00642,0,307.50000000000006
"2026-03-01","9T3FMH93T2",,"TEX-RO Plastic Kitchen Containers Set with Spoons","18 pieces","Jars Containers Holders","Texro",,,590,1499,,7.13599,60.64042695130087,0,0,0.00003,0.00004,0,32.777777777777786
"2026-03-01","PQD4IBNRJ7",,"Embassy Stainless Steel Premium French Milk Barni /Container (1.4 L)","1 Piece","Jars Containers Holders","Embassy",,,594.4633760683761,1047.067361125,,7.34406,43.22587083321295,0.0019244446106761188,0.00223,0.00453,0.00557,0.00152,589.9077260342058
"2026-03-01","0R76F9E1OW",,"LocknLock Food Storage Containers (Pack of 3, Glass, Heat Resistant, Leak Proof, LBG445+LBG428+LBG422)","3 pieces","Jars Containers Holders","Lock & Lock",,,2039.3579857497978,2545,,21.41378,19.868055569752542,0,0,0.00397,0.00534,0,679.7859952499326
"2026-03-01","N68M3U0TX2",,"P-TAL Brass Dry Fruit Box (Comes with Dry Fruit)","1 pack","Jars Containers Holders","P-Tal",,,2829.364094691151,2891.1476442338712,,18.44809,2.1014420341069395,0.06418751914003933,0.13064,0.0004,0.00054,0,2803.37432878609
"2026-03-01","BYTAIBLVOR",,"Femora Kitchen Storage Jars Borosilicate Glass Jars For Kitchen With Wooden Lid Air Tight Jar (900ml, Clear)","1 Piece","Jars Containers Holders","Femora",,,669,835,,3.73737,19.880239520958085,0,0,0.00001,0.00001,0,669
"2026-03-01","JEVTTQVNHZ",,"IKEA PRUTA Food Container with Lid (70ml, Set of 3, Lilac)","3 pieces","Jars Containers Holders","IKEA",,,69,94,,1.06758,26.595744680851062,0.0005240226815654724,0.00079,0.00133,0.00179,0,69
"2026-03-01","5LR8VM5B0B",,"UTENSILA Kitchen Smart Multi-function Rotating Rice Bucket (Pearl White Electroplating)","1 Piece","Jars Containers Holders","Utensila",,,2919.2465580043104,4999,,28.56595,41.60338951781735,0.015934082627808505,0.01873,0.00309,0.00416,0,3008.7964501754304
"2026-03-01","T2SE8Q45WU",,"Magnus Plastic Modulock Storage Container (460ml, Transparent)","1 Piece","Jars Containers Holders","Magnus",,,81.9302915500524,128.4174052631579,,26.70022,36.1719765889835,0.015181517207385099,0.01954,0.0189,0.00967,0.04566,82.65817767775597
"2026-03-01","SCMKWA7H4X",,"Signoraware Mini Fresh Steel Big Container (170ml, Purple, Steelware)","1 Piece","Jars Containers Holders","Signoraware",,,92.07991835095703,119,,22.05758,22.451247848130063,0.01612676615031844,0.02572,0.05953,0.08007,0,93.05243422629135
"2026-03-01","V7UYEX7PBC",,"Cello Plastic Modustack Stackable Container Set (9 Pieces, Grey)","9 pieces","Jars Containers Holders","Cello",,,779.2051881742641,1299,,21.00713,40.101011911187946,0.15055021829538834,0.18241,0.00773,0.0104,0,85.70367023346083
"2026-03-01","35IKXVKEKV",,"ARISTO Plastic Air Tight Kitchen Container (6.07L, 32 x 15 x 19 cm, Transparent)","1 Piece","Jars Containers Holders","Aristo",,,211.58489897199576,355.45742138248846,,29.84714,40.784497163321305,0.18236961501677207,0.22145,0.24615,0.33106,0,211.28911373411876
"2026-03-01","SX7C149WPA",,"Glass ideas Glass Salt & Pepper Jar with Cap (120ml, Transparent, Pack of 2)","2 pieces x 2","Jars Containers Holders","Glass Ideas",,,158,198,,5.9315,20.2020202020202,,,,,,158
"2026-03-01","NILSQWN8D5",,"Sumeet Airtight and Leak Proof Steelexo Stainless Steel Storage Container with Lid (1.3L, Silver)","1 Piece","Jars Containers Holders","Sumeet",,,452.60637086004544,1067.298349435484,,42.77067,57.60588196843095,0.17954964624316516,0.15444,0.02465,0.01215,0.06091,451.79645926238356
"2026-03-01","LHZQVXHMMM",,"Home Centre Glass Pacific Blithe Oil Bottles with Stand (500ml, Pack of 2, Transparent)","2 pieces","Jars Containers Holders","Home Centre",,,349,349,,1,0,0,0,0,0,0,174.5
"2026-03-01","LW0GMXV03N",,"Avias Stainless Steel Elegant Spice Box Organiser with See-Through Glass Lid and Spoon ( 7 Compartments, Small, Silver)","1 pack","Jars Containers Holders","Avias",,,661.9424832986292,1381.9943802212388,,10.30261,52.10237517806251,0.007702559671550875,0.0066,0.00004,0.00005,0,623.6557376824766
"2026-03-01","4XQXDJ9DUS",,"Yera Glass Aahaar Jar (2.4L, Transparent)","1 Piece","Jars Containers Holders","Yera",,,168.96594423348455,244.6774191935484,,7.88577,30.95679911956005,0.005861786565686762,0.00834,0.0074,0.00025,0.02811,174.23237642046388
"2026-03-01","MN2EBHY801",,"Locknlock Plastic Flt Rec Modular Bisfree Container (3.5L, Lbf401)","1 Piece","Jars Containers Holders","Lock & Lock",,,405,405,,4.25603,0,0.00043031059617602656,0.00088,0.00038,0.00051,0,405
"2026-03-01","FYX0Z4KFY2",,"Dynore Stainless Steel Oil Dropper (1000 ml, with handle)","1 Piece","Jars Containers Holders","Dynore",,,364.3712965172108,595.9819516935485,,49.93132,38.91208072863617,0.29980759231071,0.37238,0.53203,0.71453,0.00301,365.13716115495293
"2026-03-01","9K0D3SAYUE",,"Cello Stack Lock Kitchen Storage Container Set (450ml x 2, 900ml x 2, 1300ml x 2, Blue)","6 pieces","Jars Containers Holders","Cello",,,761.8025494319199,1299,,40.08721,41.36724378774964,0.07757320679271647,0.09264,0.01222,0.01643,0,760.2785819203563
"2026-03-01","FYQ0S6SHKM",,"Birch & Co. Airtight Container (1L, Multicolour)","3 pieces","Jars Containers Holders","Birch & Co.",,,641.8703221450618,1993.83506984375,,7.59633,67.8211806994991,0.011681338943230321,0.00702,0.0013,0.00175,0,196.78338329240555
"2026-03-01","HSWJAALTPJ",,"YouBee Plastic Air Tight and BPA Free Storage Jar and Container Set (1.4 L Each, Black, Pack of 2)","2 pieces","Jars Containers Holders","Youbee",,,223.41755913301577,597.0899442338708,,74.95848,62.57730244875514,0.66441932290835,0.51329,1.76859,0.5252,5.37294,222.77338923110756
"2026-03-01","84FHR6LSMK",,"Pasabahce Glass Floral Party Jar (575ml)","1 Piece","Jars Containers Holders","Pasabahce",,,554.2491810552154,749.4427857471264,,7.30386,26.045164274591112,0.004980446715000308,0.00748,0.00516,0.00694,0,552.3060016718127
"2026-03-01","L6JR1PUAE0",,"Home Centre Nuqta Wooden Cookie Jar (Large)","1 Piece","Jars Containers Holders","Home Centre",,,1249,1499,,11.25026,16.67778519012675,0,0,0,0,0,1249
"2026-03-01","Y6PFGNSG5U",,"LOCK & LOCK Food Storage Container Mint( Lbf450Rm )","1 Piece","Jars Containers Holders","Lock & Lock",,,415,415,,17.62735,0,0.0018340793854791531,0.00374,0.03144,0.04229,0,415.0000000000001
"2026-03-01","BQQDGFBF99",,"Wonderchef Glass No-Drip Oil Pourer (600ml, Clear)","1 Piece","Jars Containers Holders","Wonderchef",,,400.8992885885754,600,,34.94356,33.197535430907024,0.04291949761118665,0.05824,0.07388,0.09936,0,400.472308558961
"2026-03-01","1O9U81OO36",,"JARSOME Metal Maroc Collection Airtight Kitchen Container Set (2 Pieces, 850ml each, Moroccan Blue)","2 pieces","Jars Containers Holders","Jarsome",,,625.0987101556873,999,,17.72546,37.42755654097224,0.002122865607801731,0.00298,0.01876,0.00155,0.06866,341.80868311308666
"2026-03-01","52KBLHE460",,"Cutting EDGE Plastic 2X Modular Air Tight Kitchen Storage Container (3L, Blue)","1 Piece","Jars Containers Holders","Cutting Edge",,,192.59043778801845,345,,9.39116,44.17668469912509,0.002382645708456147,0.00272,0.02602,0.00299,0.09278,193.01004528612597
"2026-03-01","PEXAKGQNEJ",,"TEX-RO White Cap Airtight Plastic Grocery Container (1.1L, White)","4 pieces","Jars Containers Holders","Texro",,,619,1999,,5.61855,69.03451725862932,0,0,0.00007,0.0001,0,154.75
"2026-03-01","DM5DFJN5GM",,"Sumeet 7in1 Stainless Steel + See through Lid Masala Stand / Dry Fruit Stand with Stand and 7 Spoons (7 Containers - 200ml each, Silver)","1 pack","Jars Containers Holders","Sumeet",,,769.9874122020565,2005.0621600000002,,66.82309,61.599000250979756,0.7867279380281162,0.61469,0.64698,0.46,1.18902,769.4645163201105
"2026-03-01","ZHKP6P2TUU",,"Yera Glass Jar (200ml, Transparent)","6 pieces","Jars Containers Holders","Yera",,,261.6353265886623,321,,16.28825,18.50054565335424,0.004945384370126706,0.00816,0.01234,0.00058,0.04642,43.31921420241783
"2026-03-01","YHYYBN4JJH",,"Nayasa Plastic Storage Round Container (750ml, Brown)","1 Piece","Jars Containers Holders","Nayasa",,,62.87262541665412,85.01272411290321,,35.69226,26.808632234466362,0.0489360366172019,0.0727,0.17195,0.23126,0,61.825141884614155
"2026-03-01","DXO8V4L542",,"SELVEL Polycarbonate Ceramica Airtight Container Set (3 Pieces, 600ml each, Transparent)","3 pieces","Jars Containers Holders","Selvel",,,812.1780426693842,1642,,42.42037,50.54920924215345,0.03794494774509691,0.03759,0.39344,0.01782,1.48228,265.94886785754136
"2026-03-01","QN8RLIM2YN",,"Sumeet Stainless Steel Flat Canisters / Puri Dabba / Storage Containers (No. 6 - 200ml, No. 7 - 350ml, No. 8 - 500ml, No. 9 - 800ml, Set of 4, Silver)","4 pieces","Jars Containers Holders","Sumeet",,,586.5348206270454,1209.7379213306451,,75.33491,51.597341908011515,0.427216662989521,0.41932,0.65474,0.18516,2.01598,146.09953598164208
"2026-03-01","3LW3H595WL",,"ARISTO Houseware Plastic Air Tight Dry Storage Container (1.3L, Clear, No 103, Lock and Fresh)","1 Piece","Jars Containers Holders","Aristo",,,99,132.99905044354838,,36.72454,25.563006678321365,0.12762581971984774,0.1939,0.49374,0.66406,0,98.99999999999999
"2026-03-01","R1FWCAPVSS",,"Java Plastic Regalia Utility/Grocery Container (500ml, Transparent, Brown)","3 pieces","Jars Containers Holders","Java",,,182.54207378567315,400,,32.16526,54.23132214731468,0.04732922497622164,0.04444,0.02173,0.02923,0,62.0441124849134
"2026-03-01","DPZSHISNEY",,"Home Centre Glass Pacific Blithe Spice Jars with Stand (80ml, Pack of 2, Transparent)","2 pieces","Jars Containers Holders","Home Centre",,,192.4971098265896,199,,5.73021,3.267784006738897,0.0005284851618221127,0.00106,0.00191,0.00257,0,97.20693779904306
"2026-03-01","W9AYNIIADL",,"Femora Borosilicate Screw Jar with Wooden Lid (350ml, Transparent)","1 Piece","Jars Containers Holders","Femora",,,353.1628797576378,433.31629317204306,,12.03589,18.497668949314413,0.0016230678190580204,0.00276,0.00154,0.00207,0,352.7722760638523
"2026-03-01","Z2NP4HGP15",,"Signoraware Spicy Magic BPA Free Plastic Spice Container (150ml + 190ml x 6, Microwave Safe and Airtight , Green)","1 pack","Jars Containers Holders","Signoraware",,,434.08318758070845,575,,14.18964,24.50520128071685,0.009011500755400397,0.014,0.04211,0.01836,0.11095,437.65975877153517
"2026-03-01","ZGWN9YHSK5",,"Embassy Stainless Steel Trio Puri Box / Storage Containers (350/500/700 ml, Pack of 3, Sizes 7-9)","3 pieces","Jars Containers Holders","Embassy",,,419.6219992848283,705.0229725877193,,4.2625,40.48108847508246,0.0009495520488950986,0.00104,0.00017,0.00016,0.0002,135.8967168966256
"2026-03-01","6CDZ1UVLD8",,"Milton Plastic Silo Storage Containers (14.45L, 18L, 23L, Blue)","3 pieces","Jars Containers Holders","Milton",,,1299,1985,,10.50478,34.559193954659946,0.010893551803638433,0.01455,0.0023,0.0031,0,433.00000000000006
"2026-03-01","XA6QL9965T",,"Borosil Endura Jar with Steel Lid, Borosilicate Glass Kitchen Storage Container For Storing Spices, Dals, Grains, Rice (600ml, Transparent, Pack of 2)","2 pieces","Jars Containers Holders","Borosil",,,801.910569105691,1095,,4.5642,26.76615807253963,0,0,0.00011,0.00015,0,400.9552845528455
"2026-03-01","AYWOKFP7WF",,"Sumeet Stainless Steel Flat Storage Canister (550ml, Silver)","1 Piece","Jars Containers Holders","Sumeet",,,158.1891482318193,566.5396399193547,,61.7894,72.11109363189675,0.30988084461860105,0.17568,0.50739,0.56856,0.33006,157.77217780573085
"2026-03-01","AL1D70U8DT",,"Ikea HAVSTOBIS Transparent Food Container with Lid (Set of 5, Mixed Colours)","5 pieces","Jars Containers Holders","IKEA",,,1099,1598,,25.22277,31.22653316645807,0.1424096980615072,0.19985,0.01369,0.01842,0,1099.0000000000002
"2026-03-01","RIL2PSYM9Q",,"Signoraware Modular BPA Free Plastic Oval Container with Lid (1.1L, Airtight Lid, Blue)","1 Piece","Jars Containers Holders","Signoraware",,,162.14219207732353,199.00741358870968,,47.72869,18.63821468875362,0.06346204734974553,0.10538,0.65431,0.24168,1.85045,161.7605836072083
"2026-03-01","VPSBK8ZYX3",,"Sumeet Stainless Steel Vertical Utility Canisters/Ubha Dabba/Storage Containers (No.7 - 320ml, No.8 - 500ml, No.9 - 650ml, Set of 3, Black)","3 pieces","Jars Containers Holders","Sumeet",,,590.9018145610264,1239.8788753225806,,15.38708,52.34197256507892,0.020062673736675158,0.01938,0.00519,0.00585,0.00329,198.18301647562723
"2026-03-01","FQZEZLJR72",,"Cello Plastic Modustack Glassy Storage Jar (2000ml, Transparent, Maroon)","1 Piece","Jars Containers Holders","Cello",,,252.48523416447327,299,,22.69657,15.560183300828351,0.014862609243330199,0.02555,0.00187,0.00251,0,254.23041840878565
"2026-03-01","L5CZD2RUMW",,"Glass ideas Linery Jar (700ml, Transparent)","2 pieces","Jars Containers Holders","Glass ideas",,,196.65285568091437,349.0040322580645,,33.65979,44.13159456172981,0.14240300434112224,0.16048,0.14063,0.1879,0.00361,96.43024072333252
"2026-03-01","HM21HS6WPY",,"Nestasia Metal Jars with Lids (Set of 2, 400ml each, Sage Green & Coral)","2 pieces","Jars Containers Holders","Nestasia",,,789.0679511623357,1050,,63.23695,24.86226344487396,0.07475212239904541,0.11323,0.34944,0.11645,1.02485,390.3900144432892
"2026-03-01","I946EA3T5C",,"Nayasa Plastic Use Max Container (5L, Red)","2 pieces","Jars Containers Holders","Nayasa",,,291.2142857142857,404.3190477142857,,6.63177,27.98053485648062,0.0040879506636722525,0.00595,0.0003,0.0004,0,144.55744996293552
"2026-03-01","6COK92S5XJ",,"Jaypee Plus Plastic Classique Tea Container Set (750ml, Black)","3 pieces","Jars Containers Holders","Jaypee Plus",,,643.8433162490161,949,,64.45714,32.26805083658858,0.10624113620714289,0.14133,0.04152,0.05528,0.00163,210.26899322791644
"2026-03-01","3ANH4Z9K4H",,"Java Plastic Round Container (10L, 7L, 5L, Transparent)","3 pieces","Jars Containers Holders","Java",,,386.1683327119998,720,,71.62754,46.32503303577838,0.6217108368635847,0.67962,0.26562,0.35724,0,128.875694925699
"2026-03-01","KOMMM965CY",,"Home Centre Shale Primo Stainless Steel Mixing Bowl With Lid (3 Pieces)","3 pieces","Jars Containers Holders","Home Centre",,,1167.4364478114478,1199,,14.82352,2.6338490271780897,0.011147275681087409,0.0221,0.0008,0.00108,0,388.35571904978445
"2026-03-01","34IW7T6KIH",,"Neelam Stainless Steel Puri Dabba (1225ml, Silver)","1 Piece","Jars Containers Holders","Neelam",,,360.20489795918365,417.04580387755107,,5.70468,13.62941561571411,0.0029755180854097838,0.00497,0.00103,0.00139,0,36112.158820732286
"2026-03-01","HVWJBFLV40",,"Java Plastic Airtight Square Container (4L, Transparent)","1 Piece","Jars Containers Holders","Java",,,188.4671434313044,515,,80.63749,63.31477882630429,2.6495702400014447,1.98231,2.93269,3.94438,0,188.92888904453287
"2026-03-01","6SCJ5NN8AG",,"Home Centre Glass Pamolive Oil Dispenser (350ml, Transparent)","1 Piece","Jars Containers Holders","Home Centre",,,249,249,,12.60661,0,0.00039684199425122453,0.00081,0.00069,0.00093,0,249.00000000000003
"2026-03-01","PXGEDOS0FZ",,"Borosil Endura Jar with PP Lid Borosilicate Glass Kitchen Storage Container For Storing Spices Dals Grains Rice (900ml, Transparent, Pack of 2)","2 pieces","Jars Containers Holders","Borosil",,,684.3717514124294,845,,13.78591,19.009260187878176,0,0,0.00026,0.00007,0.0008,342.1858757062147
"2026-03-01","FEREYJ35RX",,"Cello Classic Glass Storage Canister (300ml, Set of 3, White)","3 pieces","Jars Containers Holders","Cello",,,318.7251483729066,349,,15.50153,8.631483794735834,0.017379926230959953,0.03247,0.00155,0.00209,0,319.66893714908355
"2026-03-01","B7R613Z74H",,"Nestasia Groovo Food Storage Container (Set of 4, 520ml, Beige)","4 pieces","Jars Containers Holders","Nestasia",,,1151.5869602321216,1795,,18.06024,35.85199067957036,0.1290472790558825,0.16865,0.04034,0.00541,0.14159,1149.60774522825
"2026-03-01","VO7RHNDYPZ",,"Cello Qube Fresh Glass Storage Jar with Metal Lid (6 Pieces, Transparent)","6 pieces","Jars Containers Holders","Cello",,,1095,1650,,12.3566,33.63636363636363,0.014463217260360893,0.01959,0.00007,0.0001,0,182.5
"2026-03-01","KGHNZ2Q4U8",,"Clazkit Plastic Food Storage Fridge Containers (2 Pieces, 1.5L, Transparent)","2 pieces x 2","Jars Containers Holders","Clazkit",,,180.78801843317973,398,,25.87466,54.57587476553273,,,,,,180.78801843317973
"2026-03-01","7IRWN3PC7M",,"Milton Cryo Plastic Fridge Storage Boxes Set (6 Pieces, 1500ml)","6 pieces","Jars Containers Holders","Milton",,,599,999,,4.13519,40.04004004004004,0.0019477132577286002,0.00238,0.00016,0.00021,0,99.8333333333333
"2026-03-01","6MCADW964H",,"JARSOME Mandala Collection Metal Airtight Kitchen Container Set (2 Pieces, 850ml each, Blue Elephants)","2 pieces","Jars Containers Holders","Jarsome",,,627.1994924812029,999,,10.45514,37.217268019899606,0,0,0.00949,0.00047,0.03563,313.59974624060146
"2026-03-01","TCUTXLM0W0",,"Joyo Fresherware Plastic Container Round (300ml, Grey)","1 Piece","Jars Containers Holders","Joyo",,,132.53514739229024,336,,13.08165,60.55808276336732,0.005265726702835525,0.00416,0.01263,0.00656,0.03024,130.17595215612212
"2026-03-01","OE1EQGLCND",,"Sumeet Stainless Steel Canisters / Dabba / Storage Containers with See Through Lid (11cm Dia, 800ml Each, Set of 4, Silver)","4 pieces","Jars Containers Holders","Sumeet",,,1103.2167871413626,2494.3847661290324,,33.43524,55.82687784178064,0.4538527295185221,0.40358,0.04519,0.01938,0.12002,274.0202215276128
"2026-03-01","QM9572CJ59",,"Signoraware Easy Flow Stainless Steel Oil Dispenser (1.1L, Spillproof and Airtight, Black)","1 Piece","Jars Containers Holders","Signoraware",,,351.161859576415,460,,48.00191,23.594577778341446,0.15798630414589984,0.2447,0.80197,0.63689,1.28053,352.05609527726295
"2026-03-01","UD6IDIP95M",,"Nayasa Plastic Vital Airtight Storage Container (200ml, Orange)","4 pieces","Jars Containers Holders","Nayasa",,,106.55709074875743,179,,4.67274,40.47089902304054,0.0018551167924033148,0.00234,0.00012,0.00016,0,27.414556259170105
"2026-03-01","7L9B6BRHXF",,"Nestasia Borosilicate Glass Lunch Box (Set of 2 Lunch Boxes 300ml + 2 PVC Lids, Transparent and Blue)","2 pieces","Jars Containers Holders","Nestasia",,,416.0745426872792,590.1373689610391,,36.36716,29.472059474194534,0.053089808864659596,0.07538,0.00412,0.00338,0.0063,207.16652024953714
"2026-03-01","ICF7Z89MKN",,"ExclusiveLane Sheesham Wood Spice Box with Floral Burnt Design (120 ml & 60 ml, Brown)","1 Piece","Jars Containers Holders","ExclusiveLane",,,2951.5947387785136,5499,,5.8056,46.32488200075443,0,0,0.01674,0.00289,0.05688,2951.5947387785136
"2026-03-01","Q9P6G40TUI",,"Glass Ideas Glass Flatty Jar (225ml, Transparent)","6 pieces","Jars Containers Holders","Glass ideas",,,229.99943196814814,399,,21.0276,43.34054041975669,0.06804182708741748,0.07343,0.01326,0.01765,0.00052,35.640834025681734
"2026-03-01","RWVXJ3L39P",,"UTENSILA Kitchen Smart Grain Dispenser, 360 degree Rotating 6 Grid Cereal Dispenser","1 Piece","Jars Containers Holders","Utensila",,,2610.7105444886442,4985.874329274194,,34.45682,47.63885280396251,0.1447352877723963,0.15381,0.00919,0.01235,0,2605.1949078957973
"2026-03-01","RBYO21VGT1",,"Glass ideas Mini Round Jar with Metal Cap","1 Piece","Jars Containers Holders","Glass Ideas",,,147.58333333333334,200.97580681451615,,10.4877,26.566617309544913,0.0005284851618221127,0.0008,0.00022,0.00029,0,147.24361197826337
"2026-03-01","100000041","100000041","Dummy Product","100g","Jars Containers Holders","dummy",0.04246999999999998,,,,0,,,6.768626303554014e-8,,,,,
"2026-03-01","PRSCYPLHRI",,"ExclusiveLane Brass 'Floral-Etched' Chapati Box (1400 ml, Golden)","1 Piece","Jars Containers Holders","ExclusiveLane",,,2016.7352868967453,3999,,30.17764,49.5690100801014,0.0371780386381343,0.03792,0.00449,0.00449,0.00449,1999.1627747336759
"2026-03-01","5S7DP2KGHH",,"Java Plastic Regalia Utility Container (750ml, Transparent, Brown)","3 pieces","Jars Containers Holders","Java",,,208.63672026170335,439.76010040322586,,31.13679,51.34786460277623,0.10308600329140333,0.11382,0.04456,0.05993,0,68.55056459647889
"2026-03-01","67LGXEHTZ2",,"Asian Aroma Plastic Spice Box (Assorted)","1 Piece","Jars Containers Holders","Asian",,,152.1981182795699,244.9313189919355,,25.14146,37.84896829507682,0.03433639496042372,0.04348,0.12199,0.16408,0,152.02649972714764
"2026-03-01","283KX8PMJ0",,"Yera Glass Pantry Jar K-Series (320ml, Transparent)","4 pieces","Jars Containers Holders","Yera",,,216.5194664585813,305,,16.94332,29.010010997186455,0.00421385635662746,0.00592,0.01219,0.00045,0.04621,53.13237526049991
"2026-03-01","NRZEZFZS71",,"JARSOME Metal Mandala Collection Airtight Kitchen Container Set (2 Pieces, 850ml, Beige Rangoli)","2 pieces","Jars Containers Holders","Jarsome",,,498.2388278388279,999,,4.9908,50.126243459576784,0,0,0.0025,0.00002,0.00971,249.11941391941394
"2026-03-01","FN76E5PYC9",,"Sumeet Stainless Steel Modena Food Storage Airtight and Leak Proof Containers (400ml, 500ml, Set of 2, Silver)","2 pieces","Jars Containers Holders","Sumeet",,,442.7383004985556,756.5123321774195,,45.11514,41.51767367594043,0.11990987260752693,0.14177,0.03394,0.04565,0,221.34789600382115
"2026-03-01","1A86D4XOS9",,"Larah by Borosil Comet Opalware Storage Bowl with Lid, Microwave Dishwasher Safe Kitchen Storage Container (800ml, White, Pack of 2)","2 pieces","Jars Containers Holders","Larah by Borosil",,,594.616416272949,791.5624344758065,,30.47124,24.880555359918745,0.020525974811891348,0.0314,0.00812,0.01092,0,297.3178440270244
"2026-03-01","D2A9NC1HEF",,"Nestasia Brass Mukhwas & Dry Fruit Storage Box (Box- 300ml, Container- 20ml)","1 pack","Jars Containers Holders","Nestasia",,,1076.2826289577893,1710,,73.93378,37.00981605190018,0.4711907403099285,0.60243,0.81015,0.09288,2.8894,1075.7963471102512
"2026-03-01","RNY8XKIPWV",,"Cello Modustack Glassy Airtight Storage Jar (750ml, Set of 2, Maroon) & Cello Modustack Glassy Airtight Storage Jar (1.5L, Maroon)","3 pieces","Jars Containers Holders","Cello",,,679.7485260770974,907,,2.13674,25.05528929690216,0.004336415189390188,0.00679,0,0,0,695.4823268956178
"2026-03-01","6UE60HPOHY",,"Nayasa Plastic Use Max Chill Big Container (2L, White)","1 Piece","Jars Containers Holders","Nayasa",,,108.49125517561272,135,,13.83298,19.63610727732391,0.001864679250096115,0.00306,0.00328,0.0044,0,108.62297567828041
"2026-03-01","C7X5N0T8XF",,"Sumeet Stainless Steel Small Masala/Spice Box with See Through Lid and Spoon with 7 Container (950ml, 16.7cm Dia, Round)","1 Piece","Jars Containers Holders","Sumeet",,,374.705955722653,1023.0910799999999,,36.94566,63.42132057192915,0.36586664379552536,0.27041,0.05117,0.06438,0.01289,374.8293335433693
"2026-03-01","OP8L52X8JJ",,"Glass ideas Glass Hexa Shaped Jar (400ml, Transparent)","2 pieces","Jars Containers Holders","Glass ideas",,,181.58675323916384,248.99836657258064,,56.86699,27.147372360943862,0.07933540837120474,0.11783,0.1056,0.1395,0.00732,90.58615107850876
"2026-03-01","IRU041HWGP",,"Signoraware Lock N Store Glass Square (Set of 2, 320ml Each)","2 pieces","Jars Containers Holders","Signoraware",,,399,599,,22.16084,33.3889816360601,0.0049326344265363045,0.0067,0.0369,0.00949,0.11636,399.00000000000006
"2026-03-01","B7Y7K3QX4B",,"SAFFRON Stainless Steel Round Paneer Mould/Strainer/Press","1 pack","Jars Containers Holders","Saffron",,,202.38540181541677,999,,3.26073,79.74333844309866,0.08812027887928577,0.03632,0,0.00001,0,202.21067515361867
"2026-03-01","L48O60U881",,"Home Centre PET Barbados Canisters (1.4L, Pack of 6, Transparent)","6 pieces","Jars Containers Holders","Home Centre",,,891.4613692699695,998.04947951417,,15.85783,10.682846035086042,0.022555447082893393,0.04102,0.00454,0.00611,0,148.3456666519466
"2026-03-01","V19460R6H6",,"Femora Borosilicate Round Storage Container with Air Vent Lid (940ml, Transparent)","1 Piece","Jars Containers Holders","Femora",,,482.2376556687839,580,,18.18387,16.85557660883037,0.0020026973894622037,0.00339,0.03606,0.00065,0.13872,480.8137190430369
"2026-03-01","REW428P9OZ",,"Signoraware Lock N Store Glass Round 240ml+400ml Set of 2","1 pack","Jars Containers Holders","Signoraware",,,451.62741545893715,639,,12.16988,29.3251530744935,0.005261742345463525,0.00754,0.00672,0.00904,0,449.1713612804637
"2026-03-01","XF9UYBH5CA",,"Locknlock Plastic Flt Rec Modular Bisfree Container (3.5L, Lbf402)","1 Piece","Jars Containers Holders","Lock & Lock",,,485,485,,6.13271,0,0,0,0.00028,0.00037,0,484.99999999999994
"2026-03-01","OR8SOZCWPW",,"Milton Plastic Storex Storage Container Set (4 Pieces, 1.13L, 2L, 3.38L, 4.86L, Blue)","4 pieces","Jars Containers Holders","Milton",,,352.6467471922017,580,,10.95634,39.198836690999705,0.0006161410240061181,0.00077,0.00089,0.00119,0,88.60920510791951
"2026-03-01","XUBS30PSVJ",,"Nayasa Plastic Cosmic Container (750ml, Blue)","1 Piece","Jars Containers Holders","Nayasa",,,172.59991039426524,215,,16.2025,19.720971909644074,0.0023418458889668645,0.00378,0.00165,0.00221,0,170.37763721317663
"2026-03-01","TR9DLNKFZT",,"YouBee Plastic Air Tight and BPA Free Storage Jar and Container Set (500 ml Each, Black, Pack of 6)","6 pieces","Jars Containers Holders","Youbee",,,380.4229042318547,699,,38.15723,45.60648508743811,0.28362791389449143,0.31376,1.32207,0.10124,4.86103,63.33853923126782
"2026-03-01","NTPXSWQR27",,"Cello Stack Lock Kitchen Storage Containers Set (1.3L Each, Blue)","1 pack","Jars Containers Holders","Cello",,,296.9053480475382,389,,8.49507,23.68146112087471,0.005135836652508317,0.00786,0.00437,0.00587,0,292.26918269268094
"2026-03-01","VLFA7G6MA0",,"Home Centre Stack Oren Glass Condiment Jars (Set of 3)","3 pieces","Jars Containers Holders","Home Centre",,,390,399,,14.97302,2.255639097744361,0.010810358421711068,0.02156,0.00397,0.00533,0,390
"2026-03-01","KKCH3H7WX6",,"Femora Borosilicate Glass Oil Bottle with Handle (650ml, Transparent)","1 Piece","Jars Containers Holders","Femora",,,741.9874551971327,1124.3132061827957,,8.03486,34.05696637168869,0.00662487068957225,0.00736,0.00035,0.00047,0,68181.48984892496
"2026-03-01","XV2JTMWP3A",,"Yera Glass Pantry Jar (560ml, Transparent)","4 pieces","Jars Containers Holders","Yera",,,351.23776223776224,447.57051041958044,,6.06238,21.52347975104747,0.001604261652262179,0.00266,0.00124,0.00008,0.00463,87.58009793634139
"2026-03-01","3XY1FTJHC0",,"Femora Borosilicate Screw Jar with Wooden Lid (550ml, Transparent)","1 Piece","Jars Containers Holders","Femora",,,355,440,,2.05664,19.318181818181817,0,0,0,0,0,35500
"2026-03-01","H2VZWZTTMX",,"Femora Borosilicate Square Food Storage Container with Air Vent Lid (800ml, Transparent)","1 Piece","Jars Containers Holders","Femora",,,461.6,550,,5.79493,16.072727272727274,0,0,0.00014,0.00018,0,461.6
"2026-03-01","XP8RZZEHJH",,"Peepul Tree Hand Etched Brass Masala Box (200ml)","1 Piece","Jars Containers Holders","Peepul Tree",,,820,2499,,1.17793,67.18687474989996,0,0,0.00022,0.00029,0,820
"2026-03-01","0D2URYSC5A",,"YouBee Airtight Dry Fruit Container Set With Serving Tray and Lid, Plastic Dry Food Storage Box (500 ml, Black and White, Pack of 4)","4 pieces","Jars Containers Holders","Youbee",,,705,1699,,2.82859,58.505002942907595,0.002707609895716487,0.00229,0,0,0,176.25
"2026-03-01","9BWVWRB2HW",,"TREO Glass Cube jar (Transparent)","1 Piece","Jars Containers Holders","Treo",,,198.33333333333334,261.046175959596,,3.57821,24.02365880125712,0.0002814550047580974,0.00042,0.00001,0.00001,0,196.20614035087718
"2026-03-01","5VU0LGXJ1L",,"Larah by Borosil Jupiter Opalware Storage Bowl with Lid, Microwave Dishwasher Safe Kitchen Storage Container (800ml, White, Pack of 2)","2 pieces","Jars Containers Holders","Larah by Borosil",,,599.1146590992214,786.8917018145162,,23.13734,23.86313669726436,0.016606801526497027,0.02597,0.00763,0.01026,0,299.635759680966
"2026-03-01","142MW0G8RD",,"ARISTO Lock & Fresh 1030 Air Tight Dry Storage Container (5L)","1 Piece","Jars Containers Holders","Aristo",,,212.64507354030744,286.0164077005348,,26.89297,25.73106449476544,0.10749126817618167,0.16279,0.05484,0.07375,0,212.2590541105088
"2026-03-01","AZEF9YAY9B",,"Home Centre Jalsa Bone China Canisters (Set of 2, 540ml)","2 pieces","Jars Containers Holders","Home Centre",,,1266.218118194517,1299,,23.71343,2.5294127392551857,0.02829371857004815,0.05628,0.00897,0.01207,0,633.0972234483365
"2026-03-01","Z2XWFKOLKL",,"Femora Borosilicate Glass Oil Dispenser Bottle with Dropper (500ml, Transparent)","1 Piece","Jars Containers Holders","Femora",,,471.96110660094087,579.9175987096775,,68.74219,18.622206222680667,0.1931847546673295,0.32053,0.58456,0.76204,0.0701,471.8110786835281
"2026-03-01","8DC0RT1WQN",,"Femora Borosilicate Airtight Jar with Bamboo Lid (450ml, Transparent)","1 Piece","Jars Containers Holders","Femora",,,371.7380835380836,440.0651425945946,,13.87723,15.526578327394738,0.0018704167247117955,0.0032,0.016,0.0004,0.06122,369.3750521653676
"2026-03-01","81RSKKYFHN",,"Femora Glass Jar, Kitchen Storage Jar, Round Jars, Airtight Steel Lid (900ml, 2 Pieces, Transparent)","2 pieces","Jars Containers Holders","Femora",,,461.5806451612903,600,,19.927,23.06989247311828,0.002868737307840177,0.00451,0.00003,0.00004,0,231.15409482758622
"2026-03-01","RX24W6C65M",,"Home Centre Vault Malva Glass Storage Canisters with Wooden Lid (Set of 5, 1.6L, 1.9L, 2.4 L, Transparent)","5 pieces","Jars Containers Holders","Home Centre",,,1480.9492743158012,1498.3266427419355,,26.15925,1.1877260089289645,0.16563961716033276,0.33352,0.00844,0.01136,0,1476.7815476664073
"2026-03-01","YAW8VLUCFM",,"Sumeet Stainless Steel Storage Containers with See Through Lid (380ml, Set of 6)","6 pieces","Jars Containers Holders","Sumeet",,,1062.6650731184354,2410.3203320564517,,28.29019,55.89108104945281,0.2771702268402484,0.25722,0.02674,0.03596,0,177.07130732483105
"2026-03-01","JEGSGN0EIN",,"Signoraware Borosilicate Glass Oil Dispenser (1L, Measurement Marking and Easy Refilling , Clear)","1 Piece","Jars Containers Holders","Signoraware",,,501.0614160379695,580,,25.33337,13.662825804645259,0.03630291438494816,0.06358,0.01487,0.02,0,498.6733397553428
"2026-03-01","7PIGQWAJHF",,"HomeStop Aura Glazed Wood Nuts and Sweets Cloche (23x23cm)","1 Piece","Jars Containers Holders","HomeStop",,,1643.928352135485,2295,,12.57973,28.369134983203267,0,0,0.00045,0.0006,0,1643.9283521354853
"2026-03-01","FHWO0U6I91",,"Glass Ideas Glass Trendy Jar with Plastic Cap (2 Pieces, 700ml Each, Transparent)","2 pieces","Jars Containers Holders","Glass ideas",,,195.75649801587304,349,,1.27752,43.909312889434666,0,0,0,0,0,97.87824900793652
"2026-03-01","9QPH4D5IO1",,"Joyo Plastic Better Home Linea Container (780ml, Grey)","3 pieces","Jars Containers Holders","Joyo",,,154.14074128944915,270.91998467741934,,40.31893,44.893173326468464,0.14376708893100026,0.15774,0.41209,0.42089,0.38659,4876.625596739095
"2026-03-01","2O4TK9Q9UN",,"TREO Glass Cube Jar (180ml, Transparent)","3 pieces","Jars Containers Holders","Treo",,,338.98549850047544,382.0049252995392,,6.48561,11.261484852670739,0.001635817762648421,0.00291,0.00023,0.00031,0,112.17480254023077
"2026-03-01","1FVP6145RS",,"Clazkit Eazystack Plastic Storage Jars with Air Tight Lid (2 Pieces, 1.5L, Grey)","2 pieces","Jars Containers Holders","Clazkit",,,198.5449830237625,299,,48.30877,33.72979759043225,0.04686927076119793,0.06236,0.03842,0.04443,0.021,97.77654942824806
"2026-03-01","AJ213FM214",,"Signoraware Monarch Executive Microsafe Steel Box Set of 2 (500ml+350ml) | Steelware","1 pack","Jars Containers Holders","Signoraware",,,365.1642343708451,429,,14.37409,14.88349197847261,0.004330199591889867,0.00748,0.00836,0.01124,0,363.2661307044103
"2026-03-01","XK8JF0HV45",,"ANJALI Polypropylene Double Deck Sprout Maker (830ml, BPA Free and Durable, White & Transparent)","1 Piece","Jars Containers Holders","Anjali",,,182.09491340042652,365,,27.17279,50.475166788148435,0.03620107421051984,0.03581,0.00025,0.00034,0.00002,17091.30700455574
"2026-03-01","248YQIO2RY",,"Home Centre Glass Centre Pamolive Oil Dispensers (500ml, Pack of 2, Transparent)","2 pieces","Jars Containers Holders","Home Centre",,,791,899,,1.74318,12.013348164627363,0.003343194583697966,0.006,0.00069,0.00093,0,395.5
"2026-03-01","RXTUMGY0TJ",,"Nayasa Plastic Hermit Airtight Storage Container (500ml, Green)","2 pieces","Jars Containers Holders","Nayasa",,,158.11095244969337,229,,19.76672,30.955915960832588,0.0033447883266467665,0.00447,0.00427,0.00575,0,76.05038028827072
"2026-03-01","TQ0RJ6AND5",,"Sumeet Airtight and Leak Proof Steelexo Stainless Steel Storage Container with Lid (1.3L, Set of 2, Silver)","2 pieces","Jars Containers Holders","Sumeet",,,1051.5889211697427,1633.1665444758064,,45.2115,35.654318244782544,0.16574512294354335,0.21673,0.09164,0.0412,0.23787,524.9690081043462
"2026-03-01","TLF5QL8U8T",,"Joyo Plastic Fresherware Container 71 (German Lavender)","1 Piece","Jars Containers Holders","Joyo",,,55.603056824046,113,,42.86357,51.17225456787218,0.07852387446167575,0.07734,0.3421,0.46011,0,54.92554517558609
"2026-03-01","X981JK3PUB",,"Nestasia PVC Spice Container with Spoon and Tray (Blue)","3 pieces","Jars Containers Holders","Nestasia",,,856.9,910,,2.78146,5.835164835164835,0,0,0.00004,0.00005,0,285.63333333333327
"2026-03-01","HORYZZVSY4",,"Home Centre Bamboo Zyra Vista Storage Organiser with Lid (21 x 16 x 9 cm)","1 pack","Jars Containers Holders","Home Centre",,,972.599077546446,999,,28.3073,2.6427349803357383,0.0066339550243804096,0.01314,0.02079,0.02796,0,970.110802937226
"2026-03-01","2C7TD4XLB6",,"Cello Plastic Store Fresh Container (15L, Assorted)","3 pieces","Jars Containers Holders","Cello",,,1773.857142857143,1782,,4.55031,0.4569504569504588,0,0,0.00009,0.00013,0,591.2857142857143
"2026-03-01","BCMIKV2RFY",,"Yera Glass Jars (325ml, Transparent)","4 pieces","Jars Containers Holders","Yera",,,265.08507316556853,303.82190905982907,,14.27273,12.749849414787395,0.0019290664652276393,0.00345,0.0053,0.00085,0.01822,66.25347443464518
"2026-03-01","GG3I9KHDMT",,"Cutting EDGE Glass Oil Pourer/Dispenser (500ml, Transparent)","1 Piece","Jars Containers Holders","Cutting Edge",,,182.52180685358255,315,,3.26861,42.05656925283094,0.0018407731058641137,0.00219,0.00033,0.00045,0,183.4607265586647
"2026-03-01","N773RZ0G3N",,"Java Plastic Oval container (2 L, 1.7 L, 1 L, 500ml, Transparent and Blue)","4 pieces","Jars Containers Holders","Java",,,429.0485011148337,864.9724062096773,,62.65833,51.89061879160753,0.3356908741772391,0.31702,0.25438,0.34213,0,101.06988229935166
"2026-03-01","2H66BL7UCU",,"Femora Stainless Steel Round Storage Container with Lid (850ml, Silver)","1 Piece","Jars Containers Holders","Femora",,,315,430,,2.91152,26.74418604651163,0,0,0,0,0,31500
"2026-03-01","C2XGY65GII",,"Signoraware Easy Flow BPA Free Plastic Oil Dispenser (650ml, Saves Oil Wastage , Green)","1 Piece","Jars Containers Holders","Signoraware",,,199.17392239364187,245,,30.98487,18.685919107094943,0.05193801083556177,0.08606,0.40729,0.24319,0.88297,19939.556528483714
"2026-03-01","71W8QFCVCU",,"Nestasia Glass Airtight Containers for Kitchen (Set of 4 Jars 1.5L + 4 Lids, Transparent and Rose Gold)","4 pieces","Jars Containers Holders","Nestasia",,,870.7533293834097,1789.761980826446,,56.76544,51.32990110647076,0.3555428550960829,0.35189,0.28166,0.06217,0.91792,218.2132951731218
"2026-03-01","JRI6EGE7A6",,"Glass ideas Olive Oil Bottle with Cap (1L, Plain)","1 Piece","Jars Containers Holders","Glass Ideas",,,199.51136363636363,349,,2.52158,42.83452183467264,0.0020393534772846058,0.00237,0.0008,0.00106,0.00003,199.0479539641944
"2026-03-01","B4432MCZ6J",,"Joyo Plastic Fresherware Square Container (3L)","1 Piece","Jars Containers Holders","Joyo",,,157.62081383356818,335.62214510373445,,51.02284,53.11035857314974,0.2818864309743376,0.26965,0.60419,0.81261,0,157.38816584298468
"2026-03-01","Q2RI31XHL8",,"Signoraware Modular BPA Free Plastic Square Container with Lid (2.6L, Airtight, Blue)","1 Piece","Jars Containers Holders","Signoraware",,,249.45295927185427,309.9985450403226,,55.75192,19.544828104594224,0.26504869609455933,0.43466,1.59778,0.8235,3.84228,249.3704935208699
"2026-03-01","80VUM9H07C",,"Joyo Plastic Fresherware Container Round (400ml)","1 Piece","Jars Containers Holders","Joyo",,,102.33026879341075,229,,16.63442,55.222631554566235,0.018466540173451864,0.01609,0.02288,0.03078,0,97.81274787429062
"2026-03-01","E06CL7C6LF",,"Femora Kitchen Storage Jars Stainless Steel Body with See Through Window Jar (700ml, Transparent)","1 Piece","Jars Containers Holders","Femora",,,242.65765765765764,300,,4.10989,19.114114114114127,0.00035859216348002213,0.00065,0.00002,0.00002,0,247.07097933513032
"2026-03-01","RZBO34C8TT",,"Yera Glass Pickle or Chutney Storage Jar (195ml, Transparent)","3 pieces","Jars Containers Holders","Yera",,,127.54868843636618,136.34798246445496,,10.24908,6.456063879873135,0.001976081882217242,0.00372,0.00744,0.0023,0.02233,42.42552590802119
"2026-03-01","ZU38IEQI1L",,"CLASSIC ESSENTIALS Steel Fridge Container Set (Set of 5, Multicolor)","5 pieces","Jars Containers Holders","Classic Essentials",,,361.5531914893617,776.031914893617,,2.72469,53.41001000726555,0.0030797488742613103,0.00294,0.00001,0.00001,0,361.6630058375384
"2026-03-01","8R0J736Q9K",,"Nayasa Use Max Plastic Storage Container Set (5L + 7.5L + 10L, Set of 3, Red)","3 pieces","Jars Containers Holders","Nayasa",,,537.437641723356,765.6298396296296,,7.3647,29.804588623089426,0.0036895149264722276,0.00525,0.00607,0.00796,0.0006,179.41205637240884
"2026-03-01","KC6YKH3APH",,"Femora Glass Kitchen Window Storage Jar with Outer Stainless Steel Cover (700ml, Silver)","1 Piece","Jars Containers Holders","Femora",,,252.75833333333333,300,,13.30182,15.747222222222222,0.003984357372000246,0.00688,0.02414,0.00445,0.08123,25390.34804283604
"2026-03-01","JHVJWRN3XD",,"HomeStop Barton Container (1.2L)","1 Piece","Jars Containers Holders","HomeStop",,,411.5165372447512,495,,22.00494,16.865346011161378,0,0,0.00763,0.01026,0,411.5165372447512
"2026-03-01","49RGBLY067",,"Cello Plastic Store Fresh Containers (5L, 7L, 10L, Assorted)","3 pieces","Jars Containers Holders","Cello",,,702.4032258064516,713,,1.1536,1.4862235895579785,0,0,0,0.00001,0,234.13440860215056
"2026-03-01","8PXWVEZ4G1",,"LocknLock Classics Food Storage Containers with Lid (1L, Pack of 3, Tall Rectangular, Plastic, Airtight)","3 pieces","Jars Containers Holders","Lock & Lock",,,1000,1250,,6.45457,20.00000000000001,0.011953390864590498,0.01951,0.00004,0.00005,0,333.3333333333332
"2026-03-01","O4WNPQRCS7",,"Joyo Plastic Knit Masala Box Shrink Wrap (Grey)","1 Piece","Jars Containers Holders","Joyo",,,152.2907927707107,289,,27.18873,47.002469207972645,0.08649003921695815,0.09274,0.08536,0.1148,0,154.2202984129578
"2026-03-01","1JB9F79B7J",,"Crystal Stainless Steel Oil Pourer/Dispenser (1L, Silver, Leak Proof)","1 Piece","Jars Containers Holders","Crystal",,,388.48050168920366,595,,41.53847,34.83816644570988,0.13114878850817033,0.17256,0.19316,0.25979,0,386.9941120879651
"2026-03-01","QJID2RCG1C",,"Signoraware Modular Window Steel Container Set (Pack of 2, 750ml Each, Steelware)","2 pieces","Jars Containers Holders","Signoraware",,,677.6419715302911,908.7275224999998,,7.96645,25.42636179190279,0.006277753475323587,0.00958,0.00384,0.00223,0.00852,679.5043430819705
"2026-03-01","7BQZ1W639A",,"Signoraware Executive Steel Big Container Set 500ml,350ml,200ml | Steelware","1 pack","Jars Containers Holders","Signoraware",,,394.2356686782594,519,,19.12667,24.06707680903536,0.033541117228972475,0.05194,0.00681,0.00916,0,392.80476757010024
"2026-03-01","EX7ZQ3P35K",,"Kuber Industries Fridge Organizers Storage Box Set for Vegetables and Grocery (Transparent White, Pack of 3)","3 pieces","Jars Containers Holders","Kuber Industries",,,219.6182843116783,798.9974407428571,,14.8231,72.03224834161288,0.07045794139779843,0.04019,0.01563,0.00271,0.0531,237.54874400919195
"2026-03-01","ZLB46ZG3ZR",,"Whitegold Glass Jar Set (6 Pieces, 125ml, Silver)","6 pieces","Jars Containers Holders","Whitegold",,,199,318,,1.85089,37.42138364779874,0.0005068102577184312,0.00065,0,0.00001,0,33.16666666666666
"2026-03-01","E9638717EV",,"Signoraware Safe Store Tempered Glass Square (320ml)","1 Piece","Jars Containers Holders","Signoraware",,,262.3643741169194,339,,12.71328,22.60705675049684,0.00792408994143409,0.01246,0.04577,0.00931,0.15146,26139.61953304926
"2026-03-01","VFLUIF66HQ",,"Larah by Borosil Jupiter Opalware Storage Bowl with Lid, Microwave Dishwasher Safe Kitchen Storage Container (400ml + 800ml + 1.2L, White, Pack of 3)","3 pieces","Jars Containers Holders","Larah by Borosil",,,899.2734477410996,1195,,63.03404,24.74776444109669,0.1273821364229762,0.19556,0.14508,0.19513,0,299.68290909512365
"2026-03-01","2SHYINLTXK",,"The Earth Store Moroccan Ceramic Pickle Jar Set with Spoon and Tray (220 ml, Yellow and Blue)","2 pieces","Jars Containers Holders","The Earth Store",,,475.9859875195755,999,,11.10211,52.3537550030455,0.011230150314425013,0.01063,0.00267,0.00237,0.00355,228.9209868909697
"2026-03-01","PZZQM8U3IG",,"Glass ideas Glass Multi Utility Bowl (400ml, Multicolor)","1 Piece x 3","Jars Containers Holders","Glass Ideas",,,179.74193548387098,237,,12.5641,24.15952089288145,,,,,,179.74193548387098
"2026-03-01","Z8J9HGC7CI",,"Glass ideas Olive Oil Bottle with Cap (500ml, Plain)","1 Piece","Jars Containers Holders","Glass Ideas",,,161.45117845117844,246.90404040404042,,1.90523,34.607950970073574,0.002025647287924925,0.00298,0.00002,0.00002,0,161.5740105239076
"2026-03-01","GYIJ3R3PPW",,"Peepul Tree Brass Masala Box with 7 Detachable Containers (100ml each) and Spoon (21x21x5cm)","1 pack","Jars Containers Holders","Peepul Tree",,,2999,4999,,1.78911,40.008001600320064,0,0,0,0,0,2999
"2026-03-01","GVI25YBTST",,"Nestasia Ribbed Borosilicate Glass Jars with Wooden Lids (610ml, Transparent)","4 pieces","Jars Containers Holders","Nestasia",,,1292.35115342164,1890,,34.41189,31.59329577562527,0.051206960944947165,0.07312,0.08028,0.01852,0.25931,331.8981253741027
"2026-03-01","M4X8ITNSPL",,"Larah by Borosil Jupiter Opalware Storage Container with Air Tight Lid, Microwave Dishwasher Safe (800ml + 1.2L, White, Pack of 2)","2 pieces","Jars Containers Holders","Larah",,,712.1032773836893,945.0032849193549,,17.46033,24.64571306674955,0.015171636001102537,0.02333,0.01489,0.02003,0,35620.84257554883
"2026-03-01","5CFS1AA13P",,"LocknLock Food Storage Containers with Lid (Pack of 3, Glass, Airtight, 300ml + 380ml + 500ml)","3 pieces","Jars Containers Holders","Lock & Lock",,,1646.8577188940092,2055,,12.21684,19.860938253332886,0.004639863846841727,0.00759,0.0014,0.00188,0,54906.910692750185
"2026-03-01","KCZ828KQ5O",,"Joyo Plastic Kitchen King Container (12500ml, Brown)","1 Piece","Jars Containers Holders","Joyo",,,219,427,,4.11545,48.711943793911004,0.0006803688648427621,0.00071,0.00205,0.00276,0,219
"2026-03-01","IKPOX5Y0FH",,"Signoraware BPA Free Plastic Butter Box (Microwave and Dishwasher Safe, Yellow)","1 Piece","Jars Containers Holders","Signoraware",,,258.0905007686679,314.978051091703,,26.15134,18.06565275112648,0.025770823482097593,0.04314,0.02165,0.02811,0.00294,257.33026132679214
"2026-03-01","FSMS7OCX46",,"Nayasa Plastic Use Max Container (2L, Red)","2 pieces","Jars Containers Holders","Nayasa",,,192.55735735735735,235,,6.55251,18.060698996869213,0.0047431383899239725,0.00785,0.00101,0.00136,0,95.32191433804904
"2026-03-01","ES2I8I325S",,"JARSOME Metal Mandala Collection Airtight Kitchen Container Set (4 Pieces, 450ml each, Blue Elephants)","4 pieces","Jars Containers Holders","Jarsome",,,800.3421880091234,1199,,14.55088,33.24919199256685,0,0,0.02563,0.00133,0.09606,200.08554700228086
"2026-03-01","WK1T0I9IYO",,"Saaj Sparkle Container Set (12 Pieces, 250ml, 500ml, 1000ml, 1500ml, Brown)","12 pieces","Jars Containers Holders","saaj",,,641.7685321926961,999,,19.79703,35.76112346301261,0.016717566661438633,0.02175,0.00251,0.00337,0,53.84393943459312
"2026-03-01","PJ20S3VNK5",,"Agaro Glass Elegant Jar with Steel Lid (3500ml, Transparent)","1 Piece","Jars Containers Holders","Agaro",,,409.00021857923497,449.51050700819667,,35.74429,9.080299433001063,0.12355460335713786,0.22841,0.04825,0.06489,0,409.0010305888286
"2026-03-01","R69AG1XF8V",,"Sumeet Stainless Steel Canisters / Dabba / Storage Containers with See Through Lid Combo (9cm Dia - 2 x 400ml, 11cm Dia - 2 x 800ml, 13.5cm Dia - 2 x 1.45L, Set of 6, Silver)","6 pieces","Jars Containers Holders","Sumeet",,,1798.5615025694735,3390.009665322581,,31.26962,46.945239685671254,,,0.0286,0.02197,0.04784,299.76025042824557
"2026-03-01","SX5VIFK8ZL",,"YouBee Nexa Plastic Gifting Pack Set (5 Pieces, 4 Jars 500ml + 1 Tray, Golden)","5 pieces","Jars Containers Holders","Youbee",,,1839,1999,,1.00406,8.0040020010005,0,0,,,,367.8
"2026-03-01","7ZT4VRYET6",,"HomeStop Kilim Jar (Set of 2, 800ml, Blue)","2 pieces","Jars Containers Holders","HomeStop",,,629.7100134408602,875.3977751612904,,12.55286,28.054287544807913,0.007607094468917751,0.01105,0.00098,0.00132,0,318.58188679309615
"2026-03-01","WDSJSG0CEG",,"Cello Plastic Pet Canister Set (4x300ml, 4x650ml, 4x1200ml, Transparent and Brown)","12 pieces x 2","Jars Containers Holders","Cello",,,921.6170212765958,1998,,7.1912,53.87302195812834,,,,,,921.6170212765958
"2026-03-01","5YDVOHL6ZB",,"Signoraware Serving Bowl Steel Set (Pack of 3, 200ml Each, Steelware)","3 pieces","Jars Containers Holders","Signoraware",,,261.6017760356175,367.91441081300815,,15.01089,28.893826951679696,0.015062942731994372,0.02186,0.02166,0.00837,0.06017,262.5013212038928
"2026-03-01","YCVAPCVYZP",,"YouBee Plastic Air Tight and BPA Free Storage Jar and Container Set (1.1L Each, Pack of 4, Purple)","4 pieces","Jars Containers Holders","Youbee",,,276.1110599178381,898.9876288709678,,77.04274,69.53123080156152,2.3858002038747075,1.48399,1.08414,1.45814,0,68.49297655869675
"2026-03-01","JN2AFWT1I5",,"Archies Wine Glasses (Transparent)","2 pieces","Jars Containers Holders","Archies",,,876.1869933723367,892.0484604375,,5.54389,1.777703559513653,0.02330737500613728,0.04674,0.00054,0.00072,0,434.0526671991949
"2026-03-01","7FVM1ZI8FB",,"TREO Borosilicate Glass Clip Fresh Container (400ml, Transparent)","1 Piece","Jars Containers Holders","Treo",,,233,344.008860886076,,3.68445,32.26918649715779,0.0005420319768869135,0.00076,0,0,0,233.00000000000006
"2026-03-01","JWCASECXQQ",,"Wonderchef Glass Oil Pourer (550ml, Transparent with Green Lid, Accurate Pouring)","1 Piece","Jars Containers Holders","Wonderchef",,,321.3626304711944,447.99618669354834,,30.64471,28.26722906273879,0.008163948255228504,0.0119,0.04663,0.06272,0,320.7954422008673
"2026-03-01","9B9RD93HGK",,"Joyo Plastic Fresherware Container Set (Red)","1 pack","Jars Containers Holders","Joyo",,,122.11364556371184,249.0012658064516,,33.19884,50.9670444013242,0.024108230837909327,0.02379,0.00205,0.00276,0,121.4888009742164
"2026-03-01","MJ0L3SLL6O",,"Nayasa Plastic Round Storage Container (2 Pieces, 750ml, Brown)","1 Piece x 2","Jars Containers Holders","Nayasa",,,124.18181818181819,170,,11.20536,26.951871657754012,,,,,,124.18181818181819
"2026-03-01","L6MRTYJ7IU",,"Clazkit Salt and Pepper Shakers Set (2 Pieces, 80ml, Color May Vary)","2 pieces","Jars Containers Holders","Clazkit",,,95.3723181856201,148.959703266129,,15.24935,35.955706628056355,0.007323248849736452,0.00953,0.00675,0.00868,0.00114,48.223208116267436
"2026-03-01","46RW5OWNFM",,"Ganesh Masala Plus Storage Box for Spices, Herbs, Dry Fruits (Assorted)","1 Piece","Jars Containers Holders","Ganesh",,,162.39863247841453,260,,59.82182,37.59623025996501,0.57910753785344,0.73671,1.11385,1.49809,0,162.24860751627847
"2026-03-01","AWS5OEIR61",,"TEX-RO Sprouts Maker Box (500ml, 4-Layer)","1 Piece","Jars Containers Holders","Texro",,,169,299,,1.33826,43.47826086956522,0,0,,,,169
"2026-03-01","TX2J8ICXZC",,"Borosil Klip N Store Square Food Storage Container with Airtight Lid Borosilicate Glass Container for Lunchbox Microwave Dishwasher Safe (800ml, Transparent)","1 Piece","Jars Containers Holders","Borosil",,,461.6030052717472,573.0537498104266,,34.53084,19.44196962582247,0.07995680874694189,0.1324,0.06491,0.04,0.1371,461.86029966329943
"2026-03-01","7MIUYN9NDR",,"Joyo Plastic Fresherware Container Square (4500ml)","1 Piece","Jars Containers Holders","Joyo",,,138.2862040688611,435,,46.60358,68.30101996653863,0.8786899342854846,0.56714,1.20969,1.627,0,13784.873716484411
"2026-03-01","8PL69BPQIH",,"Femora Kitchen Storage Jars Borosilicate Glass with Steel Lid Air Tight Jar (1000ml, 2 Pieces, Transparent)","2 pieces","Jars Containers Holders","Femora",,,462.84177215189874,550,,3.44398,15.860660581569244,0.009788131694350685,0.01674,0.00162,0.00218,0,229.79079089546516
"2026-03-01","8XK0IVYWBZ",,"Embassy Stainless Steel Oil Can / Pourer (500 ml)","1 Piece","Jars Containers Holders","Embassy",,,596.7139575741272,1045.4996388135594,,9.93396,42.92547453662609,0.015664421320871525,0.0183,0.00163,0.00214,0.00014,592.2881881170355
"2026-03-01","1Z52V7Q4YH",,"LOCK & LOCK Food Storage Container Navy Blue( Lbf402Rn )","1 Piece","Jars Containers Holders","Lock & Lock",,,545,545,,17.66086,0,0.006948878631063309,0.01418,0.04416,0.0594,0,545.0000000000001
"2026-03-01","WPIKCGU9AQ",,"Glass Ideas Imperial Glass Jar (300ml, Transparent)","2 pieces","Jars Containers Holders","Glass ideas",,,199,299,,9.30474,33.44481605351171,0.0058587584540840424,0.00795,0.00234,0.00314,0.00002,99.50000000000001
"2026-03-01","CP8M4JM9UM",,"Cello Stainless Steel Steelox SmartServe Food Storage Containers (5 Pieces, 230ml, 370ml, 550ml, 800ml, 1L, Silver)","5 pieces","Jars Containers Holders","Cello",,,971.6602030841661,1599,,29.7444,39.23845705204591,0.07403940055234201,0.09169,0.00499,0.00671,0,194.0888726128012
"2026-03-01","RM4UX8AMOL",,"Signoraware Lock 'N' Store Borosilicate Glass Container (1.04L, Airtight Lid, Clear)","1 Piece","Jars Containers Holders","Signoraware",,,561.4861060999235,689.1251428448276,,34.91654,18.59905801434198,0.08550590294607409,0.14029,0.10391,0.02043,0.34589,561.2377261334647
"2026-03-01","2CG5QAVJI8",,"YouBee Fridge Storage Boxes with Removable Drain Plate and Lid, Stackable Fridge Storage Containers (2.5 L, Transparent, Pack of 6)","6 pieces","Jars Containers Holders","Youbee",,,414.48387096774195,1199,,56.4065,65.79645006033418,1.3577363929643436,0.94601,0.33858,0.25134,0.59144,68.23750260872178
"2026-03-01","V4K4A7B9T3",,"Clazkit PET Fridge Multipurpose Storage Boxes (6 Pieces)","6 pieces","Jars Containers Holders","Clazkit",,,252.25943244881748,498.72196794354846,,66.83624,49.276029240120764,0.33050069089017675,0.33982,0.34572,0.39315,0.20822,253.22984835713498
"2026-03-01","7FN7C7S4GU",,"ExclusiveLane 'Mason Bottle' Glass Salt & Pepper Shakers Set With Iron Holder (Set of 2, 60 ml, Handcrafted)","2 pieces","Jars Containers Holders","ExclusiveLane",,,540.7683416875523,1230,,20.48849,56.04065682143532,0.02574867045510927,0.02267,0.00941,0.0119,0.00217,533.4198678120797
"2026-03-01","49CBZ9CZN3",,"Cello Stack Lock Kitchen Storage Containers Set (900ml Each, Blue)","1 pack","Jars Containers Holders","Cello",,,270.2661827551533,349,,12.60701,22.57530520389954,0.007693475336742715,0.01206,0.00108,0.00145,0,268.1204537382821
"2026-03-01","DCTBHTNFV2",,"Signoraware Modular BPA Free Plastic Oval Container with Lid (500ml, Airtight Lid, Blue)","1 Piece","Jars Containers Holders","Signoraware",,,127.78009171209719,150.5429208064516,,34.12537,15.13084725341704,0.0184335496944117,0.03191,0.25975,0.05383,0.85667,12747.59655580813
"2026-03-01","ZG0QQ0NO7L",,"HomeStop ESSNL Borosilicate Container (Set of 3)","3 pieces","Jars Containers Holders","HomeStop",,,1071.599345488546,1595,,25.04615,32.81767493645906,0.039401947548889954,0.05392,0.00204,0.00274,0,356.5516584684324
"2026-03-01","C4CJ8S9V6B",,"Agaro Elegant Glass Oil Sprayer for Cooking (200ml, Brown, Refillable, Portable)","1 Piece","Jars Containers Holders","Agaro",,,379.26323960920837,399,,22.44215,4.973504982916123,0.2743661954961294,0.53175,0.71231,0.95803,0,379.12644844281425
"2026-03-01","K3NH0YJ7AJ",,"Signoraware Family Fresh Tab Set (Pack of 4, Plasticware)","4 pieces","Jars Containers Holders","Signoraware",,,451.71726190476187,599,,12.62352,24.588103187852774,0.005728390280872194,0.00877,0.00513,0.0069,0,450.37036810494766
"2026-03-01","PVS0Z8VRL2",,"MTL Plastic Pyramid Airtight Jar with Brown Lid (15 Pieces, 300ml, 600ml, 1.2L, Transparent)","15 pieces","Jars Containers Holders","mtl",,,741.3448275862069,749,,1.13224,1.0220523916946733,0,0,0,0,0,49.42298850574713
"2026-03-01","ONF1N30GIQ",,"HomeStop Borosilicate Glass Containers (Set of 3, Transparent)","3 pieces","Jars Containers Holders","HomeStop",,,1050,1589.1945027173915,,20.30047,33.92870990798706,0.005931592506844207,0.00797,0.00193,0.0026,0,350
"2026-03-01","R3R5YFAWIN",,"Ikea KLIPPKAKTUS Storage Box for Fridge (Transparent)","1 Piece","Jars Containers Holders","IKEA",,,480.0554702167605,718,,29.45347,33.111149483468786,0.01958184148902217,0.02699,0.02477,0.03331,0,48496.2783066128
"2026-03-01","QKC2FO298B",,"Signoraware Safe Store Tempered Glass Square Set (Pack of 2, 320ml Each, Glassware)","2 pieces","Jars Containers Holders","Signoraware",,,462.7583785509097,678.2810283817428,,9.67917,31.775353563827004,0.004142137923931455,0.00578,0.00017,0.00022,0,463.4173497638564
"2026-03-01","E03Q2MHMEN",,"Home Centre Vault Trove Glass Modular Storage Canisters (Set of 7)","1 pack","Jars Containers Holders","Home Centre",,,1277.2219643109443,1296.9058576966293,,18.0955,1.5181041293291582,0.06417843480523117,0.12894,0.00363,0.00489,0,1277.0729740695292
"2026-03-01","LPF1ZPYIGD",,"Nayasa Plastic Retro Airtight Storage Container Set (1L, 2L, 3L, Brown)","3 pieces","Jars Containers Holders","Nayasa",,,261.78503399135604,408.86899366935495,,68.58586,36.18131977233282,0.11176345552473521,0.14491,0.2247,0.30222,0,86.71391848596724
"2026-03-01","QIXB8R71AV",,"Nestasia Glass Airtight Seasoning Jars with Wooden Stand (Set of 6 80ml + 1 Wooden Stand, Transparent)","6 pieces","Jars Containers Holders","Nestasia",,,1326.115571127935,2069.699279879032,,38.63979,35.897565677724934,0.1264635029872878,0.16534,0.13213,0.05657,0.35117,222.4954079418221
"2026-03-01","GGC2W5ZSDU",,"Pasabahce Glass Frigo Butter Dish (480ml)","1 Piece","Jars Containers Holders","Pasabahce",,,465,650,,5.97278,28.46153846153846,0.0016402802429050616,0.00239,0.00024,0.00032,0,465.00000000000006
"2026-03-01","6LDA7FMG1X",,"Clazkit Airtight Plastic Lock Food Storage Container (2.5L, 4 Section, Transparent with Black Lid)","1 Piece","Jars Containers Holders","Clazkit",,,106.99319438338853,199,,61.74304,46.40910050355697,0.7257363516233056,0.79316,1.02647,1.27083,0.3181,106.64182873774497
"2026-03-01","XLVHM0SQH2",,"Joyo Plastic Better Home Linea Container Set (1000ml, Grey)","3 pieces","Jars Containers Holders","Joyo",,,261.6189830505745,329.11815205645166,,25.24379,20.5076722970253,0.03170353160900596,0.05129,0.00913,0.00755,0.01371,87.16685821274757
"2026-03-01","NSXAYT4T9M",,"Nayasa Plastic Storage Round Container (1L, Brown)","1 Piece x 3","Jars Containers Holders","Nayasa",,,174.64596774193546,285,,5.95135,38.7207130730051,,,,,,174.64596774193546
"2026-03-01","RI4MT3S03P",,"Nestasia Groovo Stackable Food Storage Containers (Set of 7, 310ml + 520ml + 750ml + 1.2L + 1.7L)","7 pieces","Jars Containers Holders","Nestasia",,,2321.5854088806523,2995,,36.71189,22.486937491096498,0.346059128304953,0.54727,0.04655,0.01323,0.14316,2321.1419721724246
"2026-03-01","MR668GBT3I",,"Milton Plastic Silo Storage Container (14.45L, Blue)","1 Piece","Jars Containers Holders","Milton",,,354.3248279735234,550,,13.12714,35.57634665496101,0.012198030407231313,0.01589,0.00825,0.0111,0,355.89147427985887
"2026-03-01","IR694O2DZ8",,"Java Plastic Oval Bottom Container (1.7L, Transparent)","1 Piece","Jars Containers Holders","Java",,,130.03937270765854,290,,21.22621,55.09586588542711,0.0229588234232347,0.02099,0.02431,0.0327,0,132.44047916560342
"2026-03-01","1FNARLL9O3",,"Nayasa Plastic Printed Bread Box (4L, Orange)","1 Piece","Jars Containers Holders","Nayasa",,,165,235,,1.63186,29.78723404255319,0.0003745295929680231,0.00054,0,0,0,165
"2026-03-01","1BA0ORR4ON",,"Signoraware Safe Store Tempered Glass Round Container (400ml)","1 Piece","Jars Containers Holders","Signoraware",,,272.54114886099296,359,,17.80499,24.05741829118753,0.013254363233696019,0.0206,0.07232,0.00432,0.26945,274.44555629908814
"2026-03-01","PQALMJQMTU",,"Yera Glass Aahaar Jar (2.42L, Transparent)","1 Piece","Jars Containers Holders","Yera",,,262.33983219325046,294.05476977611943,,17.62936,10.788395014250293,0.010630902965676177,0.01929,0.01641,0.0006,0.06224,260.296972963719
"2026-03-01","JVTK1753KJ",,"Yera Glass Aahaar Jar (1.8L, Transparent)","1 Piece","Jars Containers Holders","Yera",,,210.19793077352747,219.97657362204725,,9.97551,4.44462848868154,0.005695718550421791,0.01121,0.04103,0.00193,0.15439,212.26310374586484
"2026-03-01","MFM4OU8UFP",,"Sumeet Stainless Steel Apple Shape Ghee and Oil Pot with Spoon (7.5cm Dia - 220ml, 9cm Dia - 350ml, Set of 2, Silver)","2 pieces","Jars Containers Holders","Sumeet",,,707.7234306375876,1531.5584839830508,,32.20592,53.79749309741062,0.17842908557586382,0.16885,0.05225,0.04684,0.06793,353.52429871529876
"2026-03-01","O4AAARKMIZ",,"Home Centre Glass Pacific Blithe Canister (1L, Transparent)","1 Piece","Jars Containers Holders","Home Centre",,,140.45535714285714,149,,3.17793,5.734659635666347,0.001702436217908265,0.00326,0.00481,0.00648,0,140.03682133230652
"2026-03-01","3PS3F56WJ2",,"Senego Plastic Fridge Storage Airtight Containers with Drain Plate and Lid (6 Pieces, 1.5L, Stackable)","6 pieces","Jars Containers Holders","Senego",,,295.1030387379809,998.623109921875,,41.54735,71.06418636577577,0.6827151732119855,0.3946,0.48802,0.21228,1.28733,48.02565786930126
"2026-03-01","FO7Z1N4L6F",,"Cello Qube Fresh Airtight Glass Storage Jar with Silver Metal Lid Set (2 Pieces, 580ml, Transparent)","2 pieces","Jars Containers Holders","Cello",,,265.8511903623126,374.9999810483871,,63.12318,29.628664180006304,0.2764302519891204,0.39592,0.14571,0.19597,0,131.68413567285828
"2026-03-01","YOE6JE8SOW",,"Signoraware Freezer Fresh Stainless Steel Small Storage Container (600ml, Airtight and Leakproof, Blue)","1 Piece","Jars Containers Holders","Signoraware",,,236.27162127853222,310,,22.2126,23.803414811322394,0.02272565882982525,0.03516,0.02033,0.02734,0,23518.85512187718
"2026-03-01","JGGSLP4KS7",,"The Better Home Borosilicate Glass Spice Jars with Bamboo Lid (2 Pieces, 300ml each)","2 pieces","Jars Containers Holders","The Better Home",,,393.5531135531135,1459.989010989011,,1.36514,73.04410440140802,0,0,0,0.00001,0,196.77655677655676
"2026-03-01","L9IP8Z232T",,"Neelam Stainless Steel Puri Dabba (2175ml, Silver)","1 Piece","Jars Containers Holders","Neelam",,,468.2723563971947,605.8364595689657,,11.25254,22.71354946810639,0.00906377552412104,0.01418,0.00206,0.00277,0,46544.86260120925
"2026-03-01","LTGO5YXPJ3",,"Femora Stainless Steel Rectangle Heavy Duty Airtight Leakproof Container with Lid (1.6L, Silver)","1 Piece","Jars Containers Holders","Femora",,,425,630,,1.50089,32.53968253968254,0.00033468601924802066,0.00046,0,0,0,42500
"2026-03-01","O0F3BWGLNM",,"Signoraware Stainless Steel Papad and Chapati Box with Lid (1.75L, Airtight and Leakproof and Easy to Open , Blue)","1 Piece","Jars Containers Holders","Signoraware",,,353.95440195066476,455,,31.62767,22.148691137996938,0.0730898485034469,0.1155,0.07367,0.06391,0.10195,357.02540756105145
"2026-03-01","OWIYOJLVKL",,"Glass ideas Baby Glass Jar (200ml, Transparent & Red)","4 pieces","Jars Containers Holders","Glass ideas",,,162.2321495893793,299,,59.5732,45.7531522423381,0.07845741538071077,0.08633,0.17098,0.22252,0.02156,40.45173291214639
"2026-03-01","RP83NE82WI",,"ExclusiveLane Ceramic Mughal Cylindrical Jars (410ml, Multicolour)","2 pieces","Jars Containers Holders","ExclusiveLane",,,852.7869949305212,1750,,22.96273,51.27119382714416,0.11834083267443322,0.11744,0.02137,0.00328,0.07382,426.344770224926
"2026-03-01","EYAUUBTB2F",,"JARSOME Metal Mandala Collection Airtight Kitchen Container Set (2 Pieces, 1400ml each, Blue Elephants)","2 pieces","Jars Containers Holders","Jarsome",,,920.7479578772438,1399,,19.20454,34.18527820748793,0,0,0.10847,0.00271,0.41506,460.3739789386219
"2026-03-01","CKHF1YHQEC",,"Borosil Klip N Store Food Storage Container with Airtight Lid Borosilicate Glass Container for Lunchbox Microwave Dishwasher Safe (320ml Square + 400ml Round)","2 pieces","Jars Containers Holders","Borosil",,,599,745,,12.72919,19.59731543624161,0.005540487987208662,0.00909,0.00075,0.00019,0.00236,29950
"2026-03-01","XKNOUY9UQ2",,"Nayasa Plastic Storage Round Container (1L, Brown)","1 Piece","Jars Containers Holders","Nayasa",,,58.38742852200872,94.99939439516129,,26.56894,38.90760389533561,0.07923165570523784,0.09858,0.25323,0.34059,0,57.955298684313824
"2026-03-01","RPHC8KQUYV",,"JARSOME Metal Maroc Collection Airtight Kitchen Container Set (2 Pieces, 1400ml each, Moroccan Pink Pastel)","2 pieces","Jars Containers Holders","Jarsome",,,915.7543938395053,1399,,15.21686,34.542216308827356,0,0,0.02025,0.00094,0.07623,457.87719691975263
"2026-03-01","YNZ60LYDN4",,"Glass Ideas Glass Glanzy Jar (300ml, Transparent)","3 pieces","Jars Containers Holders","Glass ideas",,,195.9597232105208,399,,11.0264,50.887287415909576,0.005193211398665121,0.00515,0.00415,0.00544,0.0004,67.67116681736904
"2026-03-01","2U9QDGDJSA",,"Kuber Industries SS Tea, Sugar Container Set (500 ml, Silver, Pack of 2)","2 pieces","Jars Containers Holders","Kuber Industries",,,249.1155781150923,279,,8.60809,10.712794425289141,0.004446542827152275,0.00794,0.00025,0.00034,0,122.25451911277293
"2026-03-01","JZD2IIMSUF",,"Borosil Endura Jar with Stainless Steel Lid Borosilicate Glass Kitchen Storage Container For Storing Spices Dals Grains Rice (1.2L, Transparent)","1 Piece","Jars Containers Holders","Borosil",,,505.688906219964,685,,17.24904,26.183967472822193,0.028503933264994882,0.04237,0.00523,0.00584,0.00344,504.4846123702339
"2026-03-01","DOYYL3CRFA",,"Joyo Fresherware Plastic Spice Masala Box (German Lavender)","1 Piece","Jars Containers Holders","Joyo",,,203.31956790123456,326,,6.57118,37.63203438612437,0.002598119755133921,0.00337,0.02479,0.01992,0.03893,199.4316690107829
"2026-03-01","DXVHX6EC0E",,"Trisara Stainless Steel Sleek Chapati Box/Storage Containers (600/800 ml/1.2 L, Pack of 3, Sizes 10-12)","3 pieces","Jars Containers Holders","Trisara",,,924.4336363441627,1739.8002699190283,,7.36392,46.865530927456035,0.0050840400066723135,0.00538,0.0001,0.00014,0,308.3038317298347
"2026-03-01","JTWNA22XL9",,"Ireka Homes Barni Mango Wood Canister (Set of 3)","3 pieces","Jars Containers Holders","Ireka Homes",,,1785.0567818438974,2745,,32.03243,34.97149517599921,0.080934251297441,0.10705,0.00687,0.00924,0,1783.2404783283928
"2026-03-01","SUEXA9BZFD",,"Signoraware Mini Mate Steel Container Set (Pack of 3, Steelware)","3 pieces","Jars Containers Holders","Signoraware",,,231.52002583979328,299,,12.63966,22.446504514424433,0.012867083697137594,0.02076,0.00127,0.0017,0,236.28649435136464
"2026-03-01","V8HHUDXXFY",,"Femora Borosilicate Glass Food Storage Container with Air Vent Lid (400ml, Transparent)","1 Piece","Jars Containers Holders","Femora",,,265.2460448023773,345.00997448717953,,28.56959,23.11931120349862,0.005835649181326441,0.00916,0.01252,0.00125,0.04521,276.0644955312363
"2026-03-01","PZJC1AXJM0",,"The Better Home Borosilicate Glass Jars with Bamboo Lids (4 Pieces, 1000ml each)","4 pieces","Jars Containers Holders","The Better Home",,,1699.1443932411673,4799,,15.91506,64.59378217876292,0.0025495105951955175,0.0018,0.00245,0.00329,0,415.9494455765454
"2026-03-01","Z8NMMARY03",,"HomeStop Grace Orion 2 Tier Bowl Set (450ml)","1 pack","Jars Containers Holders","HomeStop",,,551.3333333333334,795,,4.48793,30.649895178197063,0,0,0.00014,0.00019,0,551.3333333333334
"2026-03-01","IIK65994LF",,"Java Plastic Regalia Utility or Grocery Container (1500ml, Transparent)","2 pieces","Jars Containers Holders","Java",,,205.22905817891902,400.9656869758065,,52.24967,47.39651000705432,0.11857495351361197,0.123,0.14768,0.19862,0,109.60980389290704
"2026-03-01","1ZONJDE72I",,"Cutting EDGE Essentials Modular Plastic Kitchen Storage Container (2 Pieces, 1800ml, Royal Blue)","2 pieces","Jars Containers Holders","Ce Essentials",,,199,325,,11.77476,38.76923076923077,0.004574839134530682,0.00572,0.00823,0.0013,0.02831,99.5
"2026-03-01","1OV4SY2DTN",,"Cello Plastic Checkers Canister Set (300ml, 650ml, 1.2L, Transparent)","6 pieces","Jars Containers Holders","Cello",,,253.05065941147956,497.54179750000003,,19.00594,49.19802839716758,0.019187230734899263,0.01985,0.00044,0.00017,0.00122,42.42612125981628
"2026-03-01","IAUSLQR0XL",,"Clazkit Plastic Fridge Storage Boxes (6 Pieces, 1.2L, White)","6 pieces","Jars Containers Holders","Clazkit",,,251.89738000935142,349,,17.19516,27.979052445090407,0.16497024512183675,0.24194,0.06036,0.07224,0.02592,41.82382311642263
"2026-03-01","Q6JD5I6HIN",,"Signoraware Handy Square Container Set (Pack of 6, Plasticware)","6 pieces","Jars Containers Holders","Signoraware",,,387.58035714285717,499,,7.35628,22.318539103844905,0.01378380464128741,0.0219,0.00143,0.00192,0,388.6435647965613
"2026-03-01","3FAUN25NGM",,"TEX-RO Airtight Lockable Plastic Grocery Container (1.1L)","4 pieces","Jars Containers Holders","Tex-Ro",,,425,1499,,2.21402,71.64776517678452,0,0,0,0,0,106.25
"2026-03-01","ZIOWMNBUXL",,"Ikea GRILLTIDER Squeeze Bottle (330ml, Set of 2, Plastic/Transparent)","2 pieces","Jars Containers Holders","IKEA",,,249,318,,3.28269,21.69811320754717,0,0,0.00044,0.00059,0,249.00000000000003
"2026-03-01","696I7PCSGP",,"Eha Earth Friendly Rice Husk Biocomposite Egg Storage Box with Lid","1 Piece","Jars Containers Holders","Eha",,,350.6798817905047,657.0011947311827,,16.23788,46.61917531292404,0.00841161590947204,0.00967,0.0013,0.00175,0,357.1555201110583
"2026-03-01","CCE6FJI5PU",,"UTENSILA Kitchen Smart Measuring Rice Bucket (10 kg)","1 Piece","Jars Containers Holders","Utensila",,,1787.0948704864509,2999,,23.67711,40.41030775303599,0.023898494265847236,0.02807,0.00067,0.0009,0,1731.219219250117
"2026-03-01","XYXRJRP90Z",,"Cello Glass Modustack Storage Jars (1L, Transparent)","3 pieces","Jars Containers Holders","Cello",,,487.06543564365876,627,,33.02432,22.312998678933507,0.0992050798367802,0.15734,0.00712,0.00958,0,162.4319206468151
"2026-03-01","RY3RASAPF4",,"Ocean Glass Pop Jar Set (500ml, Transparent)","6 pieces","Jars Containers Holders","O'cean",,,1592.5806451612902,1728,,2.79782,7.836768219832736,0,0,0.00001,0.00002,0,265.4301075268817
"2026-03-01","155N48XWC2",,"Yera Glass Jar (Transparent, Blue)","2 pieces","Jars Containers Holders","Yera",,,190.1227329512052,277.8754504166667,,5.39229,31.57987412485654,0.001263997532693358,0.00175,0.00446,0.00008,0.01717,190.1212780227464
"2026-03-01","P5TTAR2HDC",,"HomeStop Totem Round Jar (Set of 3, 500ml, Mustard)","3 pieces","Jars Containers Holders","HomeStop",,,646.7265161859249,995,,18.01336,35.05044709092994,0.04968876141192019,0.06639,0.00691,0.00929,0,216.97320382803602
"2026-03-01","IGCRH5GYPW",,"HOME ESSENTIALS Glass Airtight Fresh Food Storage Container (260ml, Set of 2, Transparent)","2 pieces","Jars Containers Holders","HomeEssentials",,,566.2190949133533,899,,21.77293,37.01678588283056,0.00859728696300725,0.01016,0.00515,0.00692,0,263.7060565141778
"2026-03-01","9S69Q9ZMO1",,"Java Plastic Airtight Square Container (5.5L, Transparent)","1 Piece","Jars Containers Holders","Java",,,231.4395827400592,625,,67.00412,63.097966353932954,2.5168729708442195,1.89511,1.95147,2.62467,0,230.590383442037
"2026-03-01","UVA9P9NKMK",,"Nayasa Plastic Use Max Container (7.5L, Red)","1 Piece","Jars Containers Holders","Nayasa",,,204.32192608386637,285,,6.44324,28.308096110924083,0.0016654613814961027,0.00237,0.00069,0.00092,0,205.13180025212478
"2026-03-01","RH2IWTPBLZ",,"Borosil Klip N Store Round Food Storage Container with Airtight Lid Borosilicate Glass for Lunchbox Microwave Dishwasher Safe (240ml, Transparent)","1 Piece","Jars Containers Holders","Borosil",,,261.82723386489937,315,,32.83866,16.98515413614986,0.04618667065622685,0.07784,0.09969,0.06917,0.18814,260.19086886875726
"2026-03-01","XVHEE4V6HB",,"JARSOME Metal Mandala Collection Airtight Kitchen Container Set (4 Pieces, 850ml, Beige Rangoli)","4 pieces","Jars Containers Holders","Jarsome",,,924.0183079823403,1499,,6.35762,38.35768459090458,0,0,0.00943,0.00021,0.03615,231.00457699558507
"2026-03-01","Q457TEH6SK",,"Cello Modustore Storage Container Set (Blue)","1 pack","Jars Containers Holders","Cello",,,680,1199,,10.0834,43.2860717264387,0,0,0.00032,0.00044,0,680
"2026-03-01","W8EN0N7NHP",,"UTENSILA Plastic Transparent Rice Bucket (10 jin, 29cm)","1 pack","Jars Containers Holders","Utensila",,,1671.0891769073219,4999,,10.92252,66.57153076800716,0.0265568575044458,0.01733,0.00242,0.00326,0,1647.346860371609
"2026-03-01","Q7RAKGVFVJ",,"Saaj Plastic Sparkle Container Set (250ml, 500ml, 1000ml, 1500ml, Grey)","9 pieces","Jars Containers Holders","saaj",,,681.4783037475345,999,,16.3256,31.783953578825376,0.0015921492058512984,0.00224,0.00341,0.00459,0,687.83987396784
"2026-03-01","H6PXXLDUL1",,"Glass Ideas Glass Jar with Lid (1L, Transparent)","1 Piece","Jars Containers Holders","Glass ideas",,,221.86841098841163,299,,19.32309,25.786079799186663,0.026849787458435255,0.04073,0.00297,0.00364,0.00102,222.480136698318
"2026-03-01","5OOMVEL0ND",,"Cutting EDGE Essentials Modular Plastic Kitchen Storage Container (2 Pieces, 2400ml, Royal Blue)","2 pieces","Jars Containers Holders","Ce Essentials",,,298.80287081339713,399.6095693779904,,13.49072,25.226335208967658,0.008658167943651415,0.01321,0.01075,0.00328,0.03238,149.49633360623645
"2026-03-01","JJFOCZMM4V",,"Femora Glass Oil Sprayer For Cooking (200ml, Green)","1 Piece","Jars Containers Holders","Femora",,,315.75840490882024,375,,30.52736,15.954865359996505,0.06390128290643483,0.10932,0.22492,0.30034,0.00629,313.4964545563257
"2026-03-01","TY6KZ7UA4O",,"Signoraware Modular BPA Free Plastic Cereal Dispenser (1.1L, Airtight Lid, Blue)","1 Piece","Jars Containers Holders","Signoraware",,,167.89079046817707,199,,28.38797,15.633519249230353,0.007203080631396926,0.01244,0.15743,0.02384,0.54468,16856.05738282218
"2026-03-01","2S5RKCP4CH",,"Peepul Tree Hand Etched Pure Brass Jar with Lid (400ml)","1 Piece","Jars Containers Holders","Peepul Tree",,,1276.3306669176236,2526.8010315527954,,5.08043,49.48827980597745,0.0027613190330910507,0.00282,0.0004,0.00054,0,1295.4437663195336
"2026-03-01","YIVB53OIDV",,"CLASSIC ESSENTIALS Stainless Steel Capsule Utility Container (350ml, Set of 2, Silver)","2 pieces","Jars Containers Holders","Classic Essentials",,,322.0898756737958,500,,16.3818,35.58202486524083,0.0032756198826688425,0.0043,0.00428,0.00478,0.00283,321.43366236819986
"2026-03-01","YKRQWC7ZCT",,"Yera Glass Storage Jar KS-1000 (1.1L, Transparent)","2 pieces","Jars Containers Holders","Yera",,,299,382.7043279775281,,13.61337,21.88690492829518,0.008662152301023416,0.01345,0.00577,0.00016,0.02204,149.50000000000003
"2026-03-01","OIB8AFUP7T",,"Femora Stainless Steel Round Storage Container with Lock Lid (550ml, Silver)","1 Piece","Jars Containers Holders","Femora",,,289,360,,1.16431,19.72222222222222,0,0,0.00002,0.00003,0,28900
"2026-03-01","1502L6L7JT",,"Sumeet Stainless Steel Oil and Ghee Pot Set with Lid and Spoon (330ml, 475ml, Set of 2)","2 pieces","Jars Containers Holders","Sumeet",,,340.7462163004054,911.5950729435484,,77.70707,62.65843703835291,1.0108921868828118,0.76767,0.53645,0.72151,0,170.2160022226931
"2026-03-01","DUFYMNNSHI",,"Femora Glass Kitchen Window Storage Jar with Outer Stainless Steel Cover (1.3L, Silver)","1 Piece","Jars Containers Holders","Femora",,,400.1324200913242,464.0468030136987,,2.09914,13.773262202710985,0.0015138964270652135,0.0026,0,0,0,395.6589949946019
"2026-03-01","12AQBS9QLI",,"Cutting EDGE Plastic Round Slim Storage Kitchen Container (2 Pieces, 250ml, Royal Blue)","2 pieces","Jars Containers Holders","Cutting Edge",,,111.60162601626017,195,,7.12648,42.768396914738375,0.002382645708456147,0.00278,0.00995,0.00267,0.03102,55.800813008130085
"2026-03-01","HV7S3URITA",,"Whitegold Glass Storage Jar with Steel Lid (1.2L)","1 Piece","Jars Containers Holders","Whitegold",,,134.46913580246914,249,,0.02239,45.996331003024444,0.0007936839885024491,0.00086,0.00014,0.00019,0,132.34843205574913
"2026-03-01","BLHYZD9DP7",,"Femora Borosilicate Glass Gold Print Square Jars (1.1L, 2 Pieces, Transparent)","2 pieces","Jars Containers Holders","Femora",,,995.275134408602,1140,,5.67324,12.695163648368252,0,0,0.00008,0.0001,0,497.637567204301
"2026-03-01","0L5QXDKADL",,"Larah by Borosil Comet Opalware Storage Bowl with Lid, Microwave Dishwasher Safe Kitchen Storage Container (400ml, White, Pack of 2)","2 pieces","Jars Containers Holders","Larah by Borosil",,,451.6505226412055,595.0037948163265,,49.0787,24.097223944847368,0.02657757616278021,0.04108,0.01711,0.02301,0,225.56628980066506
"2026-03-01","MZ6Z733E0B",,"Jaypee Plus Plastic Storo Large Kitchen Container (3 Pieces)","3 pieces","Jars Containers Holders","Jaypee Plus",,,482.5821812596006,695,,22.08372,30.56126133575898,0.011815532099519289,0.01675,0.00771,0.01032,0.00012,160.94629880185596
"2026-03-01","RZKZL8756H",,"Femora Stainless Steel Kitchen Storage Jars with See Through Window Jar (300ml, 3 Pieces, Silver)","3 pieces","Jars Containers Holders","Femora",,,551.069550466497,725,,4.389,23.990406832207306,0.0003852076707249838,0.00061,0.00007,0.00009,0,185.4016779760659
"2026-03-01","IA06IKLI25",,"Embassy Stainless Steel Premium Deep Dabba/Storage Container (1 L)","1 Piece","Jars Containers Holders","Embassy",,,222.87471854770615,396.6574652941176,,38.05348,43.77054549906599,0.026764522210674453,0.03105,0.0013,0.00168,0.00022,223.00928474205452
"2026-03-01","LL3463NTHX",,"LOCK & LOCK Food Storage Container Navy Blue( Lbf452Rn )","1 Piece","Jars Containers Holders","Lock & Lock",,,945,945,,8.94772,0,0.018575074068265147,0.0379,0.01735,0.02334,0,944.9999999999999
"2026-03-01","3TRMDAK8XW",,"P-TAL Ghee Pot with Spoon and Lid 100% Pure Brass Oil Storage Jar for Kitchen (250ml, Golden)","1 pack","Jars Containers Holders","P-Tal",,,1787.7411666339374,1844.440764233871,,21.76271,3.074080702368622,0.002948583829575062,0.00582,0.00061,0.00082,0,1788.8509900841086
"2026-03-01","EU3H6EVVM9",,"Neelam Stainless Steel Spice Box Set (825 ml, 10 Pieces, 7 Compartments, Silver)","1 pack","Jars Containers Holders","Neelam",,,523.0211142589226,701.8283131048386,,17.17384,25.47734189504063,0.006883853918752266,0.01048,0.00378,0.00508,0,520.6813086078796
"2026-03-01","SAU6V7K4VP",,"Cello Glass Modustack Glassy Storage Jars (500ml, 1000ml, Maroon)","2 pieces","Jars Containers Holders","Cello",,,457.59600614439324,515,,4.19133,11.146406573904223,0,0,0.00014,0.00019,0,22879.800307219662
"2026-03-01","OAISVSA5YW",,"Swastik Housewares Stainless Steel Salt and Pepper Shakers with Tray (100 ml, Silver)","2 pieces","Jars Containers Holders","Swastik Housewares",,,192.900110726332,394.90062462962965,,14.58308,51.153418757571394,0.013536615109928518,0.01338,0.00887,0.01184,0.00027,96.23576661616437
"2026-03-01","F219AJQL30",,"Femora Borosilicate Glass Leak Proof Oil Dispenser (500ml, Transparent)","1 Piece","Jars Containers Holders","Femora",,,442.9485497141747,600,,26.91843,26.175241714304214,0.002868737307840177,0.00428,0.0016,0.00216,0,448.20459622957674
"2026-03-01","0XXFDMEQ2Q",,"JARSOME Metal Maroc Collection Airtight Kitchen Container Set (4 Pieces, 450ml, Moroccan Pink Pastel)","4 pieces","Jars Containers Holders","Jarsome",,,1077,1199,,0.08545,10.175145954962469,0,0,0,0,0,269.25
"2026-03-01","VLIZ96RCZR",,"YouBee Airtight Dry Fruit Container Set With Serving Tray and Lid, Plastic Dry Food Storage Box (500 ml, Blue, Pack of 4)","4 pieces","Jars Containers Holders","Youbee",,,368.56468432109693,1298.3952818421053,,15.94235,71.61383058954175,0.022082902298574163,0.01246,0.00272,0.00365,0,93.4121110075046
"2026-03-01","FKHAGIDKES",,"TEX-RO Airtight and Stackable Fridge Container Set (300ml)","3 pieces","Jars Containers Holders","Texro",,,463.63003663003667,999,,5.15291,53.59058692392025,0,0,0.00002,0.00002,0,154.5433455433455
"2026-03-01","UT4GNBOWE1",,"ARISTO Swift Plastic Storage Containers (3 Pieces, 300ml, Color May Vary)","3 pieces","Jars Containers Holders","Aristo",,,71.68715083798882,82.94442374301676,,19.97367,12.60883564962315,0.015063739603468773,0.02701,0.11211,0.15079,0,24.32709173952028
"2026-03-01","KJGZKQ3GT9",,"YouBee Plastic Air Tight and BPA Free Storage Jar and Container Set (900 ml Each, Black, Pack of 2)","2 pieces","Jars Containers Holders","Youbee",,,263.88452241318134,498.8788872350231,,38.55069,47.09240513842433,0.07492743412341343,0.07999,0.18811,0.0261,0.65772,132.7524892576446
"2026-03-01","ZNTS9FPCQW",,"Femora Borosilicate Airtight Jar with Silicon Base Metallic Lid (1.3L, Transparent)","1 Piece","Jars Containers Holders","Femora",,,325,608.7837837837837,,3.58547,46.614872364039954,0,0,0,0,0,325
"2026-03-01","MJY8NF841C",,"YouBee Plastic Air Tight and BPA Free Storage Jar and Container Set (1.1 L Each, Black, Pack of 4)","4 pieces","Jars Containers Holders","Youbee",,,359.008064516129,899,,73.09405,60.06614231296149,0.5113291564754591,0.41669,0.20733,0.27885,0,89.75163441467417
"2026-03-01","976OV97Z5W",,"Femora Glass Air Tight Jar with See Through Lid (500ml, Transparent)","1 Piece","Jars Containers Holders","Femora",,,187.46913580246914,225,,11.29279,16.680384087791495,0,0,0.00583,0.00013,0.02237,187.46913580246914
"2026-03-01","UPZ4IL7OXV",,"Femora Borosilicate Glass Rectangular Food Storage Containers with Air Vent Lids (400ml, 620ml, 1L, 3 Pieces, Transparent)","3 pieces","Jars Containers Holders","Femora",,,1107.5226387369341,1415.010617096774,,41.92536,21.758967239347403,0.17177170253013607,0.27248,0.23079,0.0242,0.82963,369.1733374275813
"2026-03-01","0OWM9TBZQN",,"Neelam Stainless Steel Spice Box (10 Pieces, 1575ml, Silver)","1 pack","Jars Containers Holders","Neelam",,,768.2965855210125,989.2885840725805,,21.88368,22.333028722719266,0.02010347355616444,0.03194,0.02503,0.03366,0,777.7746943398097
"2026-03-01","GLSNWPIDHE",,"JARSOME Mandala Collection Metal Airtight Kitchen Container Set (2 Pieces, 1100ml each, Beige Rangoli)","2 pieces","Jars Containers Holders","Jarsome",,,756.9616109509363,1099,,13.44867,31.12269236115229,0.000583788042145476,0.00059,0.00834,0.00154,0.02805,300.42052403820446
"2026-03-01","88DOQDYQW2",,"Joyo Plastic Storewell 4-Pieces Printed Container Set (500ml,2 L,5 L,7.5 L, German Lavender, 50 or 200 or 500 or 750)","4 pieces","Jars Containers Holders","Joyo",,,279.5845262653054,574.8769864112904,,18.3545,51.61930871294217,0.09721114803353641,0.09281,0.00478,0.00642,0,67.89830536288147
"2026-03-01","9XGMIYK2AS",,"MILTON Plastic Vintage Pet Jar Set of 3 (500ml, Transparent)","3 pieces x 2","Jars Containers Holders","Milton",,,598,740,,7.82215,19.18918918918919,,,,,,598
"2026-03-01","MG46YG9F49",,"JARSOME Mandala Collection Metal Airtight Kitchen Container Set (3 Pieces, 850ml each, Blue Elephants, Vacuum-Sealed)","3 pieces","Jars Containers Holders","Jarsome",,,824.568002247104,1199,,14.50731,31.228690388064717,0,0,0.07235,0.00156,0.27755,274.8560007490347
"2026-03-01","4Q1B9IWOGH",,"Femora Glass Steel Finish with See Through Window Jar (700ml, Silver)","1 Piece","Jars Containers Holders","Femora",,,259.99366973808316,293.54399134078216,,5.96785,11.42940158626842,0,0,0.00007,0.00009,0,259.99366973808316
"2026-03-01","BO0IN4DGUU",,"Nayasa Plastic Retro 89 Airtight Food Storage Container (250ml, Brown)","3 pieces","Jars Containers Holders","Nayasa",,,80.06548352300442,154.98991935483872,,31.99007,48.21682196352675,0.11127385769086386,0.11775,0.12582,0.16922,0,80.38040903843336
"2026-03-01","DOOIOWYVOX",,"Femora Borosilicate Glass Microwave Safe Square Food Storage Container with Air Vent Lid (500ml, Transparent)","1 Piece","Jars Containers Holders","Femora",,,309,420,,5.13196,26.428571428571427,0,0,,,,309
"2026-03-01","ADHKGTL21P",,"Embassy Stainless Steel Deep Dabba/Canister/Containers (1 L/1.3 L/1.7 L, Pack of 3, Sizes 10-12)","3 pieces","Jars Containers Holders","Embassy",,,867.3979954815718,1517.7125501863354,,8.32009,42.84833479336532,0,0,0.00183,0.00221,0.00074,289.1326651605239
"2026-03-01","AU8L45KP1Y",,"Femora Glass Air Tight Jar with See Through Lid (1L, Transparent)","1 Piece","Jars Containers Holders","Femora",,,212.44073063325968,275,,23.12381,22.750315169239666,0.01852232117665986,0.02973,0.03637,0.00733,0.12054,212.92383472711649
"2026-03-01","NUA6MKYEAA",,"Nestasia Groovo Storage Container (Set of 4, 520ml + 750ml)","4 pieces","Jars Containers Holders","Nestasia",,,1321.58804636224,1995,,31.00098,33.772023739834644,0.2909259816056368,0.39288,0.05889,0.01122,0.19709,1320.289177105008
"2026-03-01","HF235P5G9B",,"Home Centre Glass Regal Storage Jars (600ml, Pack of 6, Transparent)","6 pieces","Jars Containers Holders","Home Centre",,,769.0571428571428,799,,2.95786,3.747541569819421,0.0027587690443729705,0.0054,0.00022,0.0003,0,127.65529843893478
"2026-03-01","N2ZEH3KJDT",,"Nayasa Plastic See Saw Oil Dispenser (1L, Red)","1 Piece","Jars Containers Holders","Nayasa",,,178.1408934678924,255,,23.14506,30.140826091022586,0.007958833537717931,0.01129,0.0337,0.04533,0,178.0272731823678
"2026-03-01","Z95ADJ3HTY",,"Cello Glass Classic Storage Canisters (600ml, White)","2 pieces","Jars Containers Holders","Cello",,,278.247311827957,325,,0.30411,14.385442514474779,0.000517966458360032,0.00091,0.00025,0.00034,0,139.1236559139785
"2026-03-01","F5AEO5BW83",,"Saaj Plastic Crysta Container (250ml, Transparent)","1 Piece","Jars Containers Holders","saaj",,,147.6306044732827,188,,14.13589,21.47308272697729,0.0008991897717130154,0.00143,0.00304,0.00409,0,146.66857596809277
"2026-03-01","O97AXL152F",,"Nayasa Cosmic Plastic Container (1L, Blue)","1 Piece","Jars Containers Holders","Nayasa",,,197.10282945736435,265.3814422790698,,12.61058,25.736361472063674,0.007671800432639035,0.01152,0.00957,0.00281,0.02916,195.76040105009957
"2026-03-01","UTDKC1L4GH",,"Neelam Stainless Steel Deep Dabba (Silver)","1 Piece","Jars Containers Holders","Neelam",,,442.45865473218265,546.8465633502539,,5.61875,19.08900449667557,0.007037968861901234,0.011,0.00007,0.0001,0,441.7304849039005
"2026-03-01","DK9K7QOBRJ",,"Larah by Borosil Confetti Opalware Storage Bowl with Lid, Microwave Dishwasher Safe Kitchen Storage Container (400ml + 800ml + 1.2L, White, Pack of 3)","3 pieces","Jars Containers Holders","Larah by Borosil",,,839.0627463661,1195,,20.09955,29.785544237146443,0.013470952900437955,0.0193,0.00143,0.00192,0,279.66725919977813
"2026-03-01","25UBYI17PF",,"JARSOME Mandala Collection Metal Airtight Kitchen Container Set (2 Pieces, 1400ml each, Beige Rangoli)","2 pieces","Jars Containers Holders","Jarsome",,,890.6330681776906,1399,,9.92353,36.33787932968617,0,0,0.00436,0.00068,0.01503,445.3165340888453
"2026-03-01","6GVB24SJNU",,"Cutting EDGE Nesterware Plastic Food Storage Container (5 Pieces, Blue)","5 pieces","Jars Containers Holders","Cutting Edge",,,241.6093042986425,302.1652703629032,,12.40509,20.043768364565956,0.005893661424662764,0.00955,0.05255,0.012,0.17011,47.88339824075718
"2026-03-01","KUIF4W0W5S",,"Sumeet Heavy Stainless Steel Jointless Milk/Oil Can/Oil Pot with Tight Lid (1.9L, 12.5cm Dia)","1 Piece","Jars Containers Holders","Sumeet",,,542.4588942346535,1249.1649810080644,,60.1704,56.691165414121265,1.0232489540877436,0.90174,0.41764,0.26064,0.87277,541.8202968547707
"2026-03-01","HJ0P3HNXDG",,"Nestasia Groovo Stackable Food Storage Containers (Set of 6, 310ml + 520ml + 750ml + 1.2L)","6 pieces","Jars Containers Holders","Nestasia",,,1895,2495,,37.38644,24.04809619238477,0.3567199936380667,0.55285,0.05606,0.02349,0.15048,1894.9999999999998
"2026-03-01","X342GK4N6W",,"Home Lane See Through Stainless Steel Masala Box","1 pack","Jars Containers Holders","HomeLane",,,694.9677419354839,1299,,2.69173,46.499788919516256,0.0020702720904913277,0.00195,0.00345,0.00461,0.0001,601.2418990203466
"2026-03-01","VSKGDL2B96",,"Nestasia Glass Clear Snack Serving Jars with Tray (Set of 3 Containers 350ml + 1 Wooden Tray, Beige and Transparent)","3 pieces","Jars Containers Holders","Nestasia",,,1559.3671118467678,2430,,18.99805,35.82851391577087,0.009036522519696558,0.01202,0.01025,0.00305,0.03112,1596.6767165101303
"2026-03-01","4NIDVUSAMQ",,"Larah by Borosil Confetti Opalware Storage Bowl with Lid, Microwave Dishwasher Safe Kitchen Storage Container (800ml, White, Pack of 2)","2 pieces","Jars Containers Holders","Larah by Borosil",,,627.091262902303,795.0028600813008,,17.4755,21.12053828886666,0.008480624979155084,0.01382,0.00312,0.0042,0,309.0087213419917
"2026-03-01","BTEJM5KTN6",,"Joyo Multi Purpose Box (600ml Each, Pack of 3, Transparent)","3 pieces","Jars Containers Holders","Joyo",,,66.05184949074467,149,,24.28791,53.471102155906856,0.5253153664712442,0.49828,1.66333,2.23713,0,69.40109329774094
"2026-03-01","4DV5OKDLH6",,"Signoraware Lock N Store Glass Rectangular Container (370ml)","1 Piece","Jars Containers Holders","Signoraware",,,299.4492622735142,390,,24.74275,23.215838324458147,0.013363534625688827,0.02091,0.08783,0.01653,0.29452,300.3297152214708
"2026-03-01","I10S9AVWTV",,"Joyo Plastic Fresherware Rectangle Container (10.5L)","1 Piece","Jars Containers Holders","Joyo",,,316.64429048288554,570.9807091489363,,51.33639,44.49939092080532,0.2894630849529333,0.3286,0.23862,0.32094,0,316.9196252676892
"2026-03-01","WDYBGAX4MN",,"Joyo Plastic Fresherware Round Container (1500ml)","1 Piece","Jars Containers Holders","Joyo",,,323.68529358139006,645.0847029032258,,21.64746,49.77986730283189,0.07830075044884371,0.07977,0.01669,0.02245,0,322.32396265569747
"2026-03-01","BYGE0GAGZL",,"Signoraware Modular BPA Free Plastic Cereal Dispenser (2.3L, Airtight Lid, Blue)","1 Piece","Jars Containers Holders","Signoraware",,,262.26474413314577,320,,14.54296,18.061187749958687,0.01229732059294156,0.0204,0.05232,0.00657,0.18494,26020.62493462654
"2026-03-01","C8SZCNQP3V",,"ARISTO Lock & Fresh 223 Plastic Storage Container (3570ml, 22.5 x 13.5 x 17.5 cm, Color May Vary)","1 Piece","Jars Containers Holders","Aristo",,,152.69939504602212,221,,31.93075,30.805646652475687,0.07766835324675984,0.10959,0.16464,0.22144,0,153.09302082285274
"2026-03-01","T33C1U09QT",,"Femora Borosilicate Jar with Silicon Base Metallic Lid (500ml, Transparent)","1 Piece","Jars Containers Holders","Femora",,,269,400,,0.57416,32.75,0,0,0.00029,0.00039,0,269
"2026-03-01","UZMBQ77AX6",,"TEX-RO White Cap Airtight Plastic Grocery Container (500ml, White)","4 pieces","Jars Containers Holders","Tex-Ro",,,425,1299,,5.44777,67.28252501924557,0,0,0.00012,0.00016,0,106.25
"2026-03-01","UMYI4VW7AT",,"P-TAL Brass Masala Box 7-Container with Spoon (100gm each, Golden)","1 pack","Jars Containers Holders","P-Tal",,,5081.5801393728225,5677.650576382114,,9.80051,10.498540355562303,0,0,0.01303,0.01752,0,5081.5801393728225
"2026-03-01","H04KOWCAUW",,"TREO Glass Cube Jar (180ml, Transparent)","6 pieces","Jars Containers Holders","Treo",,,661.6373626373627,738.0168584615384,,11.8944,10.34928876603112,0.00356169674197846,0.00645,0.00095,0.00128,0,110.20891823794888
"2026-03-01","NKKJ1Z5SPQ",,"Larah by Borosil Comet Opalware Storage Container with Air Tight Lid, Microwave Dishwasher Safe (800ml + 1.2L, White, Pack of 2)","2 pieces","Jars Containers Holders","Larah",,,718.950500037699,945.001715282258,,63.46196,23.911437798150374,0.059540802198517755,0.09199,0.03896,0.0524,0,36121.83705872185
"2026-03-01","4BOFGRIBA8",,"Embassy Stainless Steel Square Paneer Mould/Maker/Press (11.5 cm x 11.5 cm)","1 Piece","Jars Containers Holders","Embassy",,,397.9673102334459,671.7001255395683,,37.23498,40.956369594624924,0.054350140788570714,0.06341,0.00024,0.00031,0.00001,381.9585075984654
"2026-03-01","1UVJHELAQX",,"Glass Ideas Hexa  Jar with Metal cap - 400ml","1 pack","Jars Containers Holders","Glass Ideas",,,99,129,,8.33798,23.25581395348837,0.006133519738457179,0.0096,0.01797,0.02403,0.00042,99
"2026-03-01","TDGSZNY21J",,"Home Centre Polypropylene Barbados Containers (1.7L, Pack of 6, Teal)","6 pieces","Jars Containers Holders","Home Centre",,,1095,1099,,12.2836,0.36396724294813465,0.02452132901023831,0.04985,0.00338,0.00455,0,182.5
"2026-03-01","O7XMEHZHK8",,"Deli Glass Candy Jar (Transparent)","1 pack","Jars Containers Holders","Deli",,,302.37833831891555,499,,16.30887,39.40313861344377,0.00437354940009723,0.00535,0.00632,0.0085,0,300.3909196774608
"2026-03-01","FABHBGO9S2",,"HOME ESSENTIALS Kitchen Storage Container Bottles (Set of 2, Transparent)","2 pieces","Jars Containers Holders","HomeEssentials",,,1133.1045517220914,1999,,31.51148,43.437681779507564,0.13699240640424076,0.15516,0.00362,0.00487,0,1101.3862180106971
"2026-03-01","QGBQ2WDTWM",,"ExclusiveLane Ceramic 'Whispers of Warli' Serving Bowls (400 ml, Ivory White & Black)","2 pieces","Jars Containers Holders","ExclusiveLane",,,761.5442648901668,1325,,20.01798,42.55768310408403,0.03343624894294142,0.03805,0.00046,0,0.00181,369.86028921738523
"2026-03-01","HH0SIF5GDU",,"Femora Borosilicate Glass Food Storage Container with Air Vent Lid (620ml, Transparent)","1 Piece","Jars Containers Holders","Femora",,,399.97199554726996,460,,46.40283,13.051146275483905,0.01877285756821124,0.03323,0.01694,0.00054,0.06448,40023.07625531703
"2026-03-01","SNFIIBGXN4",,"Embassy Stainless Steel Round Paneer Maker Mould (350ml, Silver)","1 Piece","Jars Containers Holders","Embassy",,,270,270,,0.21779,0,0,0,0,0,0,27000
"2026-03-01","36A7MW7D7H",,"Saaj Plastic Food Fresh Container (400ml, Red)","3 pieces","Jars Containers Holders","saaj",,,109.04489474066062,115,,28.26247,5.1581345931601295,0.009953243463846372,0.01926,0.00145,0.00194,0,36.41892425654121
"2026-03-01","XTPPO76NYY",,"Nayasa Plastic Use Max Chill Small Container (1L, White)","2 pieces","Jars Containers Holders","Nayasa",,,118.70827392833381,175,,2.8479,32.16670061238068,0.000743321711320366,0.00091,0.00008,0.00011,0,55.37218953180052
"2026-03-01","SLZ8CS340L",,"Joyo Plastic Fresherware Round Container (3 L, Brown)","1 Piece","Jars Containers Holders","Joyo",,,111.862743707905,185,,13.32468,39.544977030571225,0.011208794158911092,0.01366,0.06385,0.08588,0,111.22245597689702
"2026-03-01","456LKVXR9R",,"Joyo Plastic Fresherware Container 81 Round Box (1.5L, Lavender)","1 Piece","Jars Containers Holders","Joyo",,,95.03250644949382,162,,49.03978,41.30518460293428,0.05287050983490471,0.06298,0.10195,0.13712,0,95.18032443260061
"2026-03-01","DRAPQ8HFB1",,"Nestasia Nested Design Glass Storage Containers (3 Pieces, 700ml, 1400ml, 2600ml)","3 pieces","Jars Containers Holders","Nestasia",,,1598.8244162342928,2700,,33.11026,40.78616556556877,0.07817309163864483,0.09317,0.03775,0.0153,0.10284,525.8403244697503
"2026-03-01","KGFX1ONMPQ",,"Nayasa Plastic Use Max Chill Medium Container (1.5L, White)","2 pieces","Jars Containers Holders","Nayasa",,,191.8202321129457,225,,3.08776,14.746563505357475,0.00041835752406002585,0.00073,0.00007,0.0001,0,96.9376633605096
"2026-03-01","LMLDHAX90H",,"Home Centre Glass Glassify Delish Round Food Containers (3 Pieces, 400ml)","3 pieces","Jars Containers Holders","Home Centre",,,489,499,,20.03615,2.004008016032045,0.016349252665970926,0.0327,0.00199,0.00268,0,163
"2026-03-01","SJ9AAK735U",,"Sugar Homeware Stainless Steel Stackable Storage Container (700ml, Silver)","2 pieces","Jars Containers Holders","Sugar Homeware",,,355,699,,5.21654,49.21316165951359,0.0007426842141408459,0.00077,0.00012,0.00016,0,177.5
"2026-03-01","AVEUNS5N6K",,"LocknLock Sorta Premium Food Containers with Lids (120ml, Pack of 4, Tritan, Airtight)","4 pieces","Jars Containers Holders","Lock & Lock",,,1042.5894000073147,1300,,15.55372,19.80081538405271,0.011049897986915724,0.01804,0.00238,0.00321,0,260.0196652738085
"2026-03-01","D2SA1FTVKN",,"Cello Glass Modustack Glassy Storage Jar (750ml, Transparent, Maroon)","2 pieces x 2","Jars Containers Holders","Cello",,,566.2258064516129,738,,47.24409,23.275635982166275,,,,,,566.2258064516129
"2026-03-01","H6I7B3Z9FX",,"YouBee Airtight Dry Fruit Container Set With Serving Tray and Lid, Plastic Dry Food Storage Box (4 Section, Cream and Red)","1 pack","Jars Containers Holders","Youbee",,,500.1859223300971,1099,,9.90413,54.487177222011184,0.004086516295018333,0.00357,0,0,0,596.3388462685931
"2026-03-01","0FVEPCKKZ8",,"Cello Modustack Glassy Storage Jar with Lid (2L, Maroon)","1 Piece x 2","Jars Containers Holders","Cello",,,502.6666666666667,598,,32.25806,15.942028985507246,,,,,,502.66666666666674
"2026-03-01","IOHJ79WFL7",,"Joyo Storewell Linea Containers (2L Each, Pack of 2, Transparent)","2 pieces","Jars Containers Holders","Joyo",,,69.93940098668129,194.97994478873238,,31.96281,63.26012748455612,0.36354758843072627,0.2729,1.48387,1.99576,0,71.63833367682456
"2026-03-01","54JH1GGZQ8",,"Home Centre Haze Dietes Wooden Masala Box (23x7cm)","1 pack","Jars Containers Holders","Home Centre",,,1167.6354775828459,1199,,19.96864,2.615890109854383,0.0019110571699061981,0.00368,0.01214,0.01633,0,1171.162436300685
"2026-03-01","9Q1N4U4L62",,"Femora Stainless Steel Rectangle Airtight Unbreakable Storage Container (550ml, Silver)","1 Piece","Jars Containers Holders","Femora",,,320.14364035087715,430,,3.2954,25.54799061607508,0,0,0.00004,0.00005,0,320.14364035087715
"2026-03-01","BA9GPOYYTY",,"LOCK & LOCK Food Storage Container Navy Blue( Lbf404Rn )","1 Piece","Jars Containers Holders","Lock & Lock",,,895,895,,7.7748,0,0.003330604014402446,0.0068,0.00999,0.01343,0,894.9999999999997
"2026-03-01","VOO52K5G9Z",,"JARSOME Metal Mandala Collection Airtight Kitchen Container Set (4 Pieces, 850ml each, Blue Elephants)","4 pieces","Jars Containers Holders","Jarsome",,,1037.3205156631986,1499,,11.33099,30.79916506583065,0,0,0.04685,0.00191,0.17713,259.33012891579966
"2026-03-01","4HFWS6IOOL",,"Sumeet Stainless Steel Flat Canisters/Puri Dabba/Storage Containers (No.10 - 1.2L, No.11 - 1.5L, Set of 2, Silver)","2 pieces","Jars Containers Holders","Sumeet",,,550.9381912207764,1369.8571684274195,,62.79847,59.776388818477805,0.373151164691606,0.30518,0.2868,0.20608,0.5208,275.37988961252717
"2026-03-01","XZFK2ZVFI7",,"Glass ideas Royal Jar (700ml)","2 pieces","Jars Containers Holders","Glass ideas",,,321.5135135135135,499,,15.32193,35.56843416562855,0.0007951183571563692,0.00106,0.00053,0.00071,0,162.35603354558162
"2026-03-01","JNIHGZXY6J",,"LocknLock Euro Food Storage Containers (300ml, Pack of 3, Square, Glass, Transparent, LLG205)","3 pieces","Jars Containers Holders","Lock & Lock",,,1127.4753780139058,1269.5171780408164,,21.2403,11.188647344348388,0.007112077909020438,0.01286,0.00681,0.00916,0,376.006097642544
"2026-03-01","GOFZOTYTNX",,"IKEA CITRONHAJ Salt and Pepper Shakers (100ml, 12cm, Clear Glass and Stainless Steel)","2 pieces","Jars Containers Holders","IKEA",,,249,291.89871051612903,,7.59382,14.69818086538783,0.0029906586434233847,0.00499,0.00216,0.00291,0,249.00000000000006
"2026-03-01","UZHXW6UP7O",,"Nestasia Leakproof Rectangular Food Containers (Set of 3, 600ml + 1L + 1.5L)","3 pieces","Jars Containers Holders","Nestasia",,,1791.5837099371463,2295,,45.6308,21.936850041724338,0.17861475662939902,0.28452,0.02783,0.00864,0.08347,1791.6034654250423
"2026-03-01","G29JWGPKH3",,"Joyo Plastic Fresherware Container 91 (Lavender)","1 Piece","Jars Containers Holders","Joyo",,,121.22848154607603,220.70112310204084,,31.40694,45.10706446274535,0.019155993373102784,0.02138,0.00514,0.00691,0,120.74369401599142
"2026-03-01","AL6OXOYWC7",,"Joyo Plastic Kitchen King Container (20.5L, Brown)","1 Piece","Jars Containers Holders","Joyo",,,358.99706276179955,688.4181818181818,,5.60581,48.053568628819995,0.05276165719150166,0.05395,0.00175,0.00236,0,349.3131136603233
"2026-03-01","DQLOITBC1C",,"Anwaliya Ceramic Pickle & Chutney Storage Jar Set (170ml, White Marble)","3 pieces","Jars Containers Holders","Anwaliya",,,347.211174800794,1194.9725824193547,,55.28828,71.31094299427333,0.5886362081957259,0.33784,0.2248,0.29574,0.01918,113.33908859524543
"2026-03-01","1SU503GG2C",,"Exclusivelane 'Old Fashioned Martaban' Ceramic Chutney and Pickle Jar Set with Tray (2 Pieces, 225ml each, Light Brown and White)","2 pieces","Jars Containers Holders","ExclusiveLane",,,1077.5806451612902,1925,,7.4707,44.021784666945955,0,0,0.00458,0.00077,0.01564,538.7903225806451
"2026-03-01","DAVOK431YR",,"Cello Glass Modustack Air Tight Storage Jar (1 L, Transparent)","3 pieces","Jars Containers Holders","Cello",,,488.7547085403602,626.9988717741936,,60.6354,21.99620431747603,0.17037558370698716,0.27107,0.22614,0.30415,0,163.15357366621097
"2026-03-01","V0XXAWGKR9",,"Cello Borosilicate Glass Camillia Round Containers (400ml, Transparent)","2 pieces","Jars Containers Holders","Cello",,,469,549,,2.99841,14.571948998178506,0,0,0,0,0,234.50000000000003
"2026-03-01","93S61BWLRB",,"Sumeet Stainless Steel Storage Containers with See Through Lid (380ml, Set of 2)","2 pieces","Jars Containers Holders","Sumeet",,,399,1184.281796935484,,34.47873,66.33491339000288,0.3091772071067059,0.21184,0.06136,0.08253,0,199.5
"2026-03-01","H64SQJV9LA",,"Joyo Plastic Fresherware Square Container (3 L, Brown)","1 Piece","Jars Containers Holders","Joyo",,,161.58736559139783,336.0787250403226,,30.22863,51.930015861767195,0.02732775096878041,0.02667,0.02626,0.03532,0,160.84058698709327
"2026-03-01","U3ZHY1F7OF",,"Glass ideas Glass Daily Jar (350ml, Transparent, Black)","2 pieces","Jars Containers Holders","Glass ideas",,,141.63682058981678,199,,42.43106,28.872050431204272,0.016327896510457008,0.02363,0.01981,0.02632,0.00094,70.2924361155748
"2026-03-01","6JFFSZ0SE5",,"Saaj Plastic Crysta Container (850ml, Transparent)","2 pieces","Jars Containers Holders","saaj",,,232.65484268024605,334.78930004608293,,22.12512,30.51864618463886,0.013496612161913635,0.01904,0.01333,0.01793,0,115.86743805679419
"2026-03-01","CPB6SLII71",,"Nestasia Brass Airtight Masala Box Set (Set of 1 Container + 1 Lid + 7 Bowls 100ml + 1 Spoon, Gold)","1 pack","Jars Containers Holders","Nestasia",,,4164.926780892586,6300,,42.98958,33.946792029159674,0.7192402553639964,0.96629,0.05928,0.05387,0.07499,4136.362670236549
"2026-03-01","DZ2VT38PAJ",,"Java Plastic Airtight Square Container (2.6L, Transparent)","1 Piece","Jars Containers Holders","Java",,,184.59870784281503,336.26559162601626,,24.82246,45.09653921668409,0.015460900346309757,0.01724,0.00539,0.00724,0,186.78986769273834
"2026-03-01","DKECNJLKW4",,"Chumbak Hand Painted Square Storage Jar","1 Piece","Jars Containers Holders","Chumbak",,,749,1099,,0.94009,31.84713375796178,0.002335152168581904,0.00325,0.00002,0.00003,0,749
"2026-03-01","R7341JF09F",,"Sumeet Stainless Steel Ghee and Oil Pot with Spoon (8.5cm Dia, 230ml, Silver)","1 Piece","Jars Containers Holders","Sumeet",,,265.2679456619153,801.8125034677419,,59.8746,66.9517837801646,0.3629161474744116,0.24424,0.22195,0.29852,0,264.7468967987072
"2026-03-01","BRQXU8M80P",,"Signoraware Executive Small Steel Box Set (Pack of 3, 200ml Each, Steelware)","3 pieces","Jars Containers Holders","Signoraware",,,332.57414965986396,439,,9.54188,24.24049431668003,0.008044736282658258,0.01249,0.00084,0.00057,0.00161,333.8575434731691
"2026-03-01","XDF4GTYKXX",,"YouBee Plastic Air Tight and BPA Free Storage Jar and Container Set (900 ml Each, Blue, Pack of 6)","6 pieces","Jars Containers Holders","Youbee",,,503.22367088858783,1299,,47.85619,61.032639096588845,0.30177713984683724,0.2362,0.0746,0.10034,0,85.62648338738366
"2026-03-01","YWR946BCYH",,"Femora Borosilicate Screw Jar with Steel Lid (350ml, Transparent)","1 Piece","Jars Containers Holders","Femora",,,238.67813620071686,329.4166672043011,,8.60125,27.524560227919267,0.0034349941775488526,0.00484,0.00125,0.00168,0,232.20728446288612
"2026-03-01","IOHM0CO4AG",,"Home Centre PET Plastic Barbados Canisters (900ml, Pack of 6, Transparent)","6 pieces","Jars Containers Holders","Home Centre",,,772.3479567775045,799,,21.70813,3.3261148564613694,0.01082358648818611,0.02181,0.0074,0.00995,0,131.43890982167292
"2026-03-01","3HSNVLEFBC",,"Borosil Endura Jar with PP Lid Borosilicate Glass Kitchen Storage Container For Storing Spices Dals Grains Rice (1.2L, Transparent, Pack of 2)","2 pieces","Jars Containers Holders","Borosil",,,777.6418918918919,944.9980799324325,,19.53599,17.7115588802332,0.004518261259848279,0.00756,0.0001,0.00013,0,387.5656260490097
"2026-03-01","K84VLWT3WH",,"YouBee Plastic Air Tight and BPA Free Storage Jar and Container Set (800 ml Each, Black, Pack of 4)","4 pieces","Jars Containers Holders","Youbee",,,391.49661661301104,899,,33.1535,56.4580010330116,0.24341746054767519,0.21623,0.52394,0.02258,1.97726,97.85094629980256
"2026-03-01","9J1NV7I4JH",,"Java Plastic Regalia Grocery Container (1000ml, Transparent, Brown)","2 pieces","Jars Containers Holders","Java",,,164.78148659963384,350.816824516129,,56.24934,53.9344410456757,0.1808657591702843,0.16589,0.31419,0.42258,0,80.26239328375533
"2026-03-01","9J89A95ROU",,"Joyo Plastic Better Home Linea Container Set (1500ml, Grey)","3 pieces","Jars Containers Holders","Joyo",,,182.05882146249104,408.88659653225807,,51.44862,55.47551635913537,0.7986161448061007,0.72508,1.17084,1.33688,0.6895,6065.369622389789
"2026-03-01","A0VS7PXXH0",,"Signoraware Safe Store Tempered Glass Round Set (Pack of 2, 400ml Each, Glassware)","2 pieces","Jars Containers Holders","Signoraware",,,541.5806451612904,718,,9.73913,24.57094078533561,0.0028606092188012966,0.00439,0.00055,0.00074,0,540.4841180224852
"2026-03-01","LSFCWW9Y7X",,"Kuber Industries Fridge Storage Box Set with Handle for Food, Fruits and Vegetable (Transparent, Pack of 8)","8 pieces","Jars Containers Holders","Kuber Industries",,,535.1189688862935,2499,,18.41576,78.58615115291924,0.09678131556024501,0.04173,0.11315,0.01975,0.38392,529.1014909517689
"2026-03-01","K1FYYK0P22",,"Pasabahce Glass Viva Jar (2500ml)","1 Piece","Jars Containers Holders","Pasabahce",,,682.156146179402,950,,10.03979,28.19408987585242,0.003532849994605178,0.00515,0.00005,0.00006,0,679.2009540026864
"2026-03-01","5B3Z1ZBXF3",,"Signoraware Even Flow Borosilicate Glass Oil Dispenser (1L, Easy Refilling and Pointer Nozzle , Clear)","1 Piece","Jars Containers Holders","Signoraware",,,468.681359025883,580,,40.00477,19.22445013470799,0.11859216593745903,0.19497,0.15969,0.12101,0.2718,468.7205751842064
"2026-03-01","N39U55T6N0",,"Femora Borosilicate Glass Kitchen Cannister (230ml, Transparent)","1 Piece","Jars Containers Holders","Femora",,,337.58671295619934,384.97192512096774,,59.71457,12.272625495562643,0.09666369733062358,0.17319,0.51021,0.68622,0,33798.64146831149
"2026-03-01","KFON8876A5",,"Embassy Stainless Steel Taper-Shaped Chocolate/Puri Box/Storage Containers (400/550/700 ml, Pack of 3, Sizes 7-9)","3 pieces","Jars Containers Holders","Embassy",,,461.66422210830103,803.4739031578947,,10.7847,42.54959411366574,0.00922872791932185,0.01064,0.00188,0.0023,0.00064,148.947288581169
"2026-03-01","GNQPUID2NN",,"Borosil Spin N Store Classic Jars with 360 degree Rotating Tray, Borosilicate Glass Kitchen Storage Containers For Storing Spices, Snacks, Grains, Dals (7 Pieces)","7 pieces","Jars Containers Holders","Borosil",,,2798.4554428928304,3491.7808524193547,,76.84221,19.85640071332473,0.5092029440074649,0.83213,0.23743,0.30003,0.05597,399.8262567610145
"2026-03-01","ZORDVLLGNZ",,"Femora High Stainless Steel Square Leakproof Container with Airtight Lid (850ml, Silver)","1 Piece","Jars Containers Holders","Femora",,,392.1553228621292,520,,17.38548,24.5883876661614,0.007817468538159362,0.012,0.00031,0.00041,0,391.16094312380403
"2026-03-01","2KAQ63FJIW",,"JARSOME Brit Collection Metal Airtight Kitchen Container Set (4 Pieces, 850ml each, Scottish Check Beige Black)","4 pieces","Jars Containers Holders","Jarsome",,,927.9428807171591,1499,,14.87472,38.09587186676723,0.003448381618318773,0.00429,0.04101,0.00108,0.15677,209.4662257392558
"2026-03-01","5KR8ZSFOFZ",,"Signoraware BPA Free Plastic Big Bread Box (Microwave and Dishwasher Safe and Lightweight, Yellow)","1 Piece","Jars Containers Holders","Signoraware",,,461.81208251065516,545,,19.16775,15.263838071439416,0.010180670582640149,0.01752,0.01397,0.0188,0,459.9075210259508
"2026-03-01","3ETM9DCKKA",,"ExclusiveLane Ceramic 'Vibing Village' Oil Bottle (960 ml, Blue & White)","1 Piece","Jars Containers Holders","ExclusiveLane",,,728.9883040935673,1675,,16.15516,56.48038062347833,0.03381332852462753,0.02987,0.05309,0.00077,0.20476,729.0142706131078
"2026-03-01","YNI4GPYVR4",,"Neelam Stainless Steel Tea & Sugar Jars (600ml, Silver)","2 pieces","Jars Containers Holders","Neelam",,,381.58538251366116,433.5385176229509,,12.51858,11.983510806408537,0.0012549131978851975,0.00225,0.00144,0.00194,0,191.21193355438524
"2026-03-01","2T6S0VROWM",,"Embassy Stainless Steel Trio Puri Box / Storage Container (450 ml)","1 Piece","Jars Containers Holders","Embassy",,,165.0365809336717,233.4675151612903,,18.78134,29.310687690466622,0.0017770233879121097,0.00257,0.00144,0.00173,0.00059,165.72717961946552
"2026-03-01","IYI4ZJ96D6",,"Nestasia Ceramic Seasoning Jars Set with Spoon and Wooden Stand (Set of 1 Jar 325ml + 1 Salt and Pepper Shaker Set + 1 Wooden Stand, White and Beige)","1 pack","Jars Containers Holders","Nestasia",,,1221.7649919673015,1869.6520161290323,,10.52499,34.65281338840422,0.02200895262574984,0.02883,0.00699,0.00941,0,1214.3261314012013
"2026-03-01","0G69LCZMTA",,"The Earth Store Blue Moroccan Ceramic Pickle Jar (600 ml, Blue)","2 pieces","Jars Containers Holders","The Earth Store",,,512.2578383164205,999,,15.19152,48.69019701059688,0.037195729184865974,0.03853,0.00883,0.00349,0.02432,254.24777439838442
"2026-03-01","A0N12DY9WF",,"CE Essentials Nesterware Plastic Kitchen Storage Container (750ml, Royal Blue)","3 pieces","Jars Containers Holders","Ce Essentials",,,182.60330578512398,300,,5.3889,39.13223140495868,0.0012224008417296755,0.00153,0.00719,0.00119,0.02459,61.19641076769689
"2026-03-01","DCZQQHRL4S",,"Java Plastic Bottom Container (1L, Transparent, Blue)","1 Piece","Jars Containers Holders","Java",,,119.13853165863762,249.92954414746544,,21.30633,52.33962721368078,0.014911855900448122,0.01395,0.01188,0.01598,0,118.90553596905256
"2026-03-01","Z6D45XZAR5",,"Joyo Plastic Spacio 3-Pieces Container Set PTD (1500 ml x 3U, Assorted, Without Spoon)","3 pieces","Jars Containers Holders","Joyo",,,103.85664770446746,225.62720384615383,,12.1258,54.08647518589137,0.016106844363458436,0.01252,0.0644,0.08661,0,35.436079267884665
"2026-03-01","DAGLBB8N7L",,"Joyo Plastic Fresherware Round Container (750ml)","1 Piece","Jars Containers Holders","Joyo",,,161.3541090699436,378,,14.48254,57.33094966694771,0.0113458560525079,0.01062,0.00224,0.00301,0,175.5276561365714
"2026-03-01","EBG73J9SZ2",,"Kuber Industries Fridge Organizers Storage Box Set for Vegetables and Coriander (Transparent, Pack of 6)","6 pieces","Jars Containers Holders","Kuber Industries",,,570.829894663596,1999,,15.08988,71.40430478997162,0.028672551268977935,0.01492,0.06656,0.0049,0.2453,121.66982045583381
"2026-03-01","WKMIMCTYTI",,"Borosil Classic Jar with Stainless Steel Lid Borosilicate Glass Kitchen Storage Container For Storing Spices Dals Grains Rice (600ml, Transparent, Pack of 2)","2 pieces","Jars Containers Holders","Borosil",,,662.592016495945,820.4801888306451,,62.98212,19.13284651400398,0.1411197225187484,0.23138,0.11514,0.13021,0.07143,33127.42995770989
"2026-03-01","N2BMN0AF0Z",,"Java Plastic Regalia Utility Container (2500ml, Transparent, Brown)","1 Piece","Jars Containers Holders","Java",,,137.69692165670097,250.86964173387094,,16.13298,45.112162354513416,0.004979171720641268,0.00556,0.00488,0.00657,0,138.1097224105286
"2026-03-01","5LPRBWK9SY",,"Nestasia Borosilicate Glass Lunch Box (Set of 2 Lunch Boxes 500ml + 2 PVC Lids, Transparent and Blue)","2 pieces","Jars Containers Holders","Nestasia",,,542.0394408031212,690.0082567346938,,41.13573,21.589200801971653,0.10058685497338989,0.16023,0.01522,0.01158,0.02578,268.78225740975887
"2026-03-01","V9NT91UU4O",,"Swastik Housewares Stainless Steel Ghee Pot (200 ml, Mercury)","1 Piece","Jars Containers Holders","Swastik Housewares",,,157.5136612021858,240,,7.95909,34.369307832422585,0.00038249830771202366,0.0005,0.00001,0.00001,0,156.0952380952381
"2026-03-01","0FK6FJSPK2",,"Clazkit Plastic Fridge Storage Boxes (Pack of 6, Stackable, Removable Drain Plate)","6 pieces","Jars Containers Holders","Clazkit",,,202.83931675549746,454.64126337448556,,54.7554,55.277474921688466,2.1641894499725787,1.97261,1.55246,1.90509,0.53025,33.772817769064545
"2026-03-01","RP0XVSW9DO",,"Cutting EDGE Plastic Fridge Storage Boxes with Removable Drain Plate (1.5L, White)","6 pieces","Jars Containers Holders","Cutting Edge",,,399,650,,30.86745,38.61538461538461,0.020304763290597893,0.02543,0.00877,0.01179,0,399.00000000000006
"2026-03-01","FRLH0GNYXO",,"TEX-RO Black Cap Airtight Plastic Grocery Container (500ml, Black)","4 pieces","Jars Containers Holders","Tex-Ro",,,508.38666666666666,1499,,5.52475,66.08494551923503,0,0,0.00065,0.00088,0,127.09666666666666
"2026-03-01","G88ZWDX28P",,"Nayasa Plastic Globe Container (1L, Transparent)","3 pieces","Jars Containers Holders","Nayasa",,,282.56482409093314,419,,18.64356,32.57564881900538,0.02187045636349911,0.02997,0.01535,0.00862,0.03487,93.58603333787191
"2026-03-01","UUDX0RX6Q1",,"MILTON Plastic Store It Round Food Storage Container Set (6 Pieces, 200ml, 400ml, 600ml, 1L, 2L, 3L, Pink)","6 pieces","Jars Containers Holders","Milton",,,380.9230769230769,515,,8.14137,26.034353995519044,0.0008209369929269305,0.00123,0.00003,0.00004,0,63.20903236739536
"2026-03-01","ET45A86OZO",,"Home Centre Glass Pamolive Oil Bottle (500ml, Transparent)","1 Piece","Jars Containers Holders","Home Centre",,,382.6540329490329,399,,12.01868,4.100309785793671,0.00275558155847537,0.00535,0.04503,0.06056,0,380.2570660186237
"2026-03-01","1YZDSM3TX7",,"Home Centre Polypropylene Omnis Aruba Storage Containers (4 Pieces, Round)","4 pieces","Jars Containers Holders","Home Centre",,,795.185005105704,799,,28.92388,0.4805109142598984,0.12305066183672729,0.24984,0.0084,0.0113,0,198.76178236852937
"2026-03-01","FWX5DW3MDA",,"Lock & Lock Euro Glass Round Bake and Store Container (3 Pieces, 380ml, Transparent)","3 pieces","Jars Containers Holders","Lock & Lock",,,1020,1275,,17.82387,20,0.01828820033748113,0.02985,0.00283,0.00381,0,340
"2026-03-01","2JGH4PFWIA",,"Borosil Klip N Store Rectangle Borosilicate Glass Storage Container (370ml, Microwave Safe)","1 Piece","Jars Containers Holders","Borosil",,,331.74018152002236,395,,20.75035,15.930493863604307,0.016317537181289806,0.02819,0.01416,0.00342,0.04529,334.44111489308693
"2026-03-01","0DDW5P5PHW",,"TEX-RO Airtight Lockable Plastic Grocery Container (1.7L)","4 pieces","Jars Containers Holders","Texro",,,1588.9891729797978,2499,,6.04992,36.41499908044027,0,0,0.00021,0.00028,0,397.24729324494945
"2026-03-01","4O918ITY1E",,"Jaypee Plus Plastic Spice Souk Round Masala Dabba (Beige, 7 Compartments, Air Tight, Knitted Pattern, With Spoon)","1 pack","Jars Containers Holders","Jaypee Plus",,,274.7364387037464,360,,21.75091,23.580642563212884,0.015491181462336955,0.02424,0.05633,0.07572,0.00014,276.3076565218597
"2026-03-01","4MCIZS4PMO",,"LocknLock Sorta Premium Food Containers with Lids (110ml, Pack of 3, Tritan, Airtight)","3 pieces","Jars Containers Holders","Lock & Lock",,,787.3289857698228,975,,24.64277,19.24945580275364,0.020459675105221266,0.0337,0.01494,0.02009,0,262.36944298121085
"2026-03-01","Z9GH12UWZO",,"Nayasa Hermit Plastic Airtight Storage Containers (1L, Set of 2, Green)","2 pieces","Jars Containers Holders","Nayasa",,,231.5819810319683,309,,58.55261,25.125762511746792,0.0453874085674036,0.06893,0.21045,0.19019,0.26917,115.00551537886359
"2026-03-01","M4ZQ4CIKNE",,"IKEA PRUTA Food Container with Lid (Pack of 17, Green)","17 pieces","Jars Containers Holders","IKEA",,,496.6476341604924,695.34856685446,,61.33927,27.487340978252647,0.3926168223196606,0.5833,0.10805,0.14533,0,504.94215813274127
"2026-03-01","KEIC4JRO3K",,"Cello Glass Qube Fresh Storage Jar (300ml, Transparent)","3 pieces","Jars Containers Holders","Cello",,,355.6865671641791,389,,3.4174,8.563864482216168,0.00020670846045937275,0.00038,0,0,0,117.75404530744338
"2026-03-01","NAT67QSL45",,"Cello Plastic Modustack Stackable Container Set (5x500ml, 2x750ml, 2x1L, Maroon)","9 pieces","Jars Containers Holders","Cello",,,771.9671008037792,1299,,54.93685,40.513691886336986,0.1687687720660069,0.2068,0.02766,0.0372,0,86.24663579084414
"2026-03-01","KWV1U36XY6",,"ExclusiveLane Sheesham Wood The Elephant Warriors Tea Box","1 Piece","Jars Containers Holders","ExclusiveLane",,,1371.6117364351205,2415,,21.94793,43.20473157584615,0.05516741217271541,0.06343,0.01092,0.01469,0,1383.430080379774
"2026-03-01","PH2ATOPMV5",,"Cutting EDGE Plastic Round Slim Storage Kitchen Container (4 Pieces, 250ml, Royal Blue)","4 pieces","Jars Containers Holders","Cutting Edge",,,191.62910798122067,345,,5.56192,44.45533101993604,0.0048569316364683,0.00546,0.0094,0.00393,0.02528,47.557727903748265
"2026-03-01","YEI7RDTGK4",,"Nayasa Refresh Plastic Storage Containers (750ml, Set of 3, Grey)","3 pieces","Jars Containers Holders","Nayasa",,,298.3095850870922,445,,15.52025,32.98481854678704,0.017729274685336933,0.02377,0.01515,0.01477,0.01623,98.86499523035744
"2026-03-01","GHHGAEAR91",,"Pasabahce Glass Viva Jar (1500ml)","1 Piece","Jars Containers Holders","Pasabahce",,,582.725988700565,775,,1.8683,24.809549845088387,0.001440903000010169,0.00214,0,0,0,566.0892962538624
"2026-03-01","S7PIYUHPWD",,"MTL Plastic Kitchen Grocery Jar (475ml, Transparent)","2 pieces","Jars Containers Holders","mtl",,,333.7916666666667,342,,0.66225,2.4000974658869394,0,0,0,0,0,166.89583333333334
"2026-03-01","7BAGIK98YP",,"Nestasia Tall Fluted Borosilicate Glass Jars with Airtight Lids (4 Pieces)","4 pieces","Jars Containers Holders","Nestasia",,,1805.313737725672,2700,,59.81529,33.15570924183888,0.22810764703291167,0.30698,0.16994,0.02112,0.60132,441.69106781072435
"2026-03-01","RAXLKJ50B1",,"Signoraware Trison Borosilicate Glass Round Jar with Steel Lid (250ml, Airtight and Preserve Freshness , Clear)","1 Piece","Jars Containers Holders","Signoraware",,,274.33898112017863,320,,23.86643,14.34198442667472,0.01955092287581545,0.03366,0.00349,0.00469,0,270.19910044850207
"2026-03-01","Y62N48K3RU",,"Cello Airlock Canister Set (450ml x 2, 900ml x 2, 1350ml x 2, White)","1 pack","Jars Containers Holders","Cello",,,821.8338779956428,1399,,44.04454,41.27252093113355,0.13414661899486333,0.16059,0.01174,0.01579,0,820.7258117668634
"2026-03-01","1T3G1995F3",,"Home Centre Acrylic Pamolive Perch Pepper Mill (160ml, Teal & Transparent)","1 Piece","Jars Containers Holders","Home Centre",,,449,449,,5.682,0,0,0,0.00019,0.00026,0,449
"2026-03-01","B2T9NA9G7A",,"Femora Stainless Steel Rectangular Storage Container with Plastic Lid (850ml, Silver)","1 Piece","Jars Containers Holders","Femora",,,422.5486500238113,520,,5.48727,18.740644226190135,0.0019776756251660426,0.00325,0.0001,0.00013,0,422.8928477523229
"2026-03-01","2PUF7WCVQO",,"Femora Borosilicate Glass Airtight Jars with Wooden Lid (450ml, 4 Pieces, Transparent)","4 pieces","Jars Containers Holders","Femora",,,1471.6858167915257,1759.9963693548389,,41.95591,16.3813151055863,0.028985562384122275,0.04947,0.00287,0.00386,0,368.1427101154386
"2026-03-01","IJWPR2GC51",,"Signoraware Safe Store Tempered Glass Square Set (Pack of 2, 320ml + 520ml, Glassware)","2 pieces","Jars Containers Holders","Signoraware",,,532.9975980336867,778,,12.66622,31.49182841534114,0.005579215940864506,0.00777,0.0215,0.00183,0.07854,531.467550641956
"2026-03-01","DM6TSM4V93",,"Nayasa Plastic Square Masala Box (Yellow)","7 pieces","Jars Containers Holders","Nayasa",,,152.69966208070068,229,,36.94144,32.94362053653754,0.052783810218489984,0.07113,0.20582,0.27682,0,22.053263093919476
"2026-03-01","WWV93WT1K0",,"Jarsome Metal Mandala Collection Airtight Kitchen Container Set (4 Pieces, 450ml/1100ml, Beige Rangoli)","4 pieces","Jars Containers Holders","Jarsome",,,515.2208333333333,1499,,1.40997,65.62903046475428,0.0007963933515154092,0.00025,0.00002,0,0.00006,65.60392428852691
"2026-03-01","TD8YZ37ZK3",,"UTENSILA Kitchen Smart Square Bucket Cereal Machine (3.7L)","1 Piece","Jars Containers Holders","Utensila",,,872.5265867096892,1496.649081214575,,27.42558,41.710902824972806,0.014334124081508085,0.01639,0.00611,0.00821,0,840.9779149791308
"2026-03-01","GHSV9ABW7C",,"Sumeet Stainless Steel Hole Puri Dabbas / Flat Canisters with Air Ventilation (Size No.8 - 12.5cm Dia, No. 9 - 14cm Dia, Silver)","2 pieces","Jars Containers Holders","Sumeet",,,334.64609365134993,961.9730304435484,,54.23148,65.15017444849147,0.32161605207350086,0.2276,0.48306,0.13834,1.48234,167.7364981233594
"2026-03-01","V2R50DBDP4",,"Kuber Industries Fridge Organizers Storage Box Set for Vegetables and Grocery (Transparent White, 4 Compartments)","4 pieces","Jars Containers Holders","Kuber Industries",,,316.47628489124475,899,,18.34134,64.78973863252638,0.029970654900775613,0.02171,0.00878,0.00171,0.02928,86.56056957725477
"2026-03-01","UEF3IKC0WW",,"Peepul Tree Brass Hand Tea/Sugar/Spice Jar with Lid (700ml)","1 Piece","Jars Containers Holders","Peepul Tree",,,1699,2993.6262748633876,,5.25031,43.24608872303098,0,0,0.00015,0.0002,0,1698.9999999999998
"2026-03-01","5FLWZPAUQ8",,"Cutting EDGE Essentials Modular Plastic Kitchen Storage Container (2 Pieces, 1200ml, Royal Blue)","2 pieces","Jars Containers Holders","Ce Essentials",,,177.6831896551724,250,,8.65322,28.928263373465356,0.0013279066249402417,0.00192,0.00265,0.00095,0.00758,88.56984531220526
"2026-03-01","ZP4Y6WU7H0",,"Java Plastic Airtight Food Saver Set (3L, 1.4L, 600ml, Transparent)","3 pieces","Jars Containers Holders","Java",,,217.66153130518327,594.9905314919354,,87.48116,63.57574217115672,2.5467234575266553,1.89001,3.05353,4.1069,0,72.23862662289476
"2026-03-01","SK50MM7ZQN",,"YouBee Airtight Dry Fruit Container Set with Serving Tray and Lid, Plastic Dry Food Storage Box (500 ml, Black, Pack of 4)","4 pieces","Jars Containers Holders","Youbee",,,434.54665761407443,1299,,19.92235,66.54760141539073,0.006900906968304426,0.00471,0.00195,0.00262,0,110.68098733432743
"2026-03-01","AYHQW4MVBO",,"Signoraware Lock N Store Borosilicate Glass Rectangle Container (640ml, Microwave Safe and Direct Fridge to Oven , Clear)","1 Piece","Jars Containers Holders","Signoraware",,,398.99158916689703,497.56675306451615,,50.51219,19.835860301375455,0.19045005114148345,0.31133,0.41011,0.13361,1.21166,39903.961767123874
"2026-03-01","HM3EOW6QPQ",,"CLASSIC ESSENTIALS Stainless Steel Elegant Utility Container (1000ml, Silver)","1 Piece","Jars Containers Holders","Classic Essentials",,,398.33064054405884,600,,26.79429,33.65856803595337,0.03184298411702596,0.04256,0.00407,0.00477,0.00203,393.61790294749704
"2026-03-01","OIDII5RRM6",,"Home Centre Glass Pamolive Oil Bottle (500ml, Transparent)","1 Piece","Jars Containers Holders","Home Centre",,,336.07550840718017,349,,9.39534,3.703292720005687,0,0,0.00019,0.00025,0,336.07550840718017
"2026-03-01","PYC59NXDQI",,"Signoraware Modular BPA Free Plastic Square Container with Lid (6.5L, Airtight, Blue)","1 Piece","Jars Containers Holders","Signoraware",,,428.9130945440577,530,,54.95172,19.036246339607256,0.10693170502685796,0.17681,0.40655,0.23251,0.91106,430.34887332984505
"2026-03-01","IIDFU3QB48",,"Glass ideas Glass Salt & Pepper Jar with Cap (120ml, Transparent, Pack of 2)","2 pieces","Jars Containers Holders","Glass ideas",,,79.08003184450162,99,,70.28585,20.123089162916646,0.24819040193074174,0.40398,0.53091,0.69472,0.05607,79.07836477001126
"2026-03-01","Y7FCMHZVXX",,"Home Centre Glass Chef Special Libra Oil Dispensers (350ml, Pack of 2, Black)","2 pieces","Jars Containers Holders","Home Centre",,,995,999,,15.03677,0.4004004004004004,0.018840432269240363,0.03829,0.04554,0.06124,0,497.49999999999994
"2026-03-01","BFAAPJIUQG",,"Femora Borosilicate Spill Proof Oil Dispenser (500ml, Transparent)","1 Piece","Jars Containers Holders","Femora",,,472.59795583765396,600,,41.11922,21.269517915563007,0.1781772741899534,0.2861,0.15511,0.19678,0.0343,472.15514772317186
"2026-03-01","9LY8CFJ0ZY",,"Heart Home SS Oil Dispensers for Kitchen use, Slim, Stylish and Trendy Look (Silver, 1L)","1 Piece","Jars Containers Holders","Heart Home",,,415,499,,13.1305,16.83366733466934,0,0,0,0,0,415.0000000000001
"2026-03-01","8VJ0ZZV1EM",,"IKEA CITRONHAJ Spice Jar (Clear Glass / Stainless Steel, 100ml)","4 pieces","Jars Containers Holders","IKEA",,,356.4134798690274,422.9789933548388,,9.09927,15.73937019888108,0.004149628515790817,0.00707,0.00148,0.00199,0,352.74339061021914
"2026-03-01","G7MQPYP1US",,"Nayasa Plastic Retro 89 Airtight Food Storage Container (250ml, Brown)","3 pieces x 2","Jars Containers Holders","Nayasa",,,160.16129032258064,310,,15.11482,48.33506763787721,,,,,,160.16129032258064
"2026-03-01","CFWBGCGD9V",,"Nestasia Spice Jar with Lid (250ml, Transparent, Grey Lid)","1 Piece","Jars Containers Holders","Nestasia",,,529.9793223748687,730,,51.39416,27.387068288100533,0.033542232849036624,0.04975,0.04657,0.01227,0.14599,531.8818245831301
"2026-03-01","C5084N34BQ",,"ANJALI Polypropylene Single Deck Sprout Maker (880ml, BPA Free and Durable, White & Transparent)","1 Piece","Jars Containers Holders","Anjali",,,192.20122313453857,285,,19.59556,32.57330791033641,0.022559431440265395,0.03093,0.00739,0.00988,0.00018,191.92245194091487
"2026-03-01","LB6P5OMUX1",,"Saaj Plastic Sauce Bottle (Red)","2 pieces","Jars Containers Holders","saaj",,,69,69,,1.63539,0,0,0,0.00002,0.00003,0,34.5
"2026-03-01","4I2O0K0FR1",,"ARISTO Lock & Fresh 1100 Plastic Multi-Purpose Container (3L, Color May Vary, BPA Free)","1 Piece","Jars Containers Holders","Aristo",,,200.07402582266218,249.2389128181818,,14.32543,19.728940724943552,0.02786739233124412,0.04564,0.0425,0.05717,0,199.08605535614814
"2026-03-01","89TINS97IJ",,"Deli Glass Air tight Container (1050ml, Transparent)","2 pieces","Jars Containers Holders","Deli",,,427.5806451612903,999,,1.79424,57.19913461848946,0.0005307164019504328,0.00046,,,,212.61019283746558
"2026-03-01","OGUZLBSA7T",,"Sumeet Stainless Steel Airtight and Leak Proof LandL Containers Set (300ml, Set of 3, Silver)","3 pieces","Jars Containers Holders","Sumeet",,,501.3162811151411,886.3915842741934,,22.24472,43.52101355579627,0.09820644050506205,0.11255,0.01943,0.00887,0.05004,166.56622321572362
"2026-03-01","26O1G8FX6H",,"Femora Frosted Glass Jar for Kitchen Storage with Golden Lid (1L, Transparent)","1 Piece","Jars Containers Holders","Femora",,,432.4185575806307,515,,15.80271,16.037919185259074,0.011081772845891723,0.0189,0.00069,0.00093,0,43110.05766714263
"2026-03-01","6W6GTRYN0Q",,"Joyo Fresherware Plastic Container Square (3102, 3103, 3104, Grey)","3 pieces","Jars Containers Holders","Joyo",,,228.65243574270073,429,,14.53299,46.85992769111115,0.05226950936891219,0.05512,0.00773,0.00326,0.0207,74.7789666518045
"2026-03-01","J2Z47FMNED",,"Femora Borosilicate Glass Oil Dispenser and Stoppers Bottle with Handle (1000ml, Transparent)","1 Piece","Jars Containers Holders","Femora",,,1031.4581820382475,1345,,34.81493,23.315436507990736,0.08216892395987643,0.12856,0.05223,0.07025,0,103126.64812308934
"2026-03-01","EWKC7MYUIA",,"Signoraware Clean Pour Glass Oil Dispenser (1L)","1 pieces","Jars Containers Holders","Signoraware",,,461.6427452993629,577.5764965322581,,16.56653,20.07558913898163,0.025110057655525077,0.04096,0.03529,0.01696,0.08843,46265.01759545716
"2026-03-01","G4QDRC4WTK",,"Femora Borosilicate Airtight Jar with Bamboo Lid (1L, Transparent)","1 Piece","Jars Containers Holders","Femora",,,422.823085825739,560,,17.59418,24.50595998049568,0.00937152728753434,0.01439,0.00583,0.00784,0,421.60547220669577
"2026-03-01","XDAKDC07ZR",,"Avias Stainless Steel Spice Box Set with See-Through Lid (9 Square Compartments, Medium, Rust-Free, Break-Resistant Acrylic Sheet)","1 pack","Jars Containers Holders","Avias",,,1504.1599636893272,3551.182447322405,,23.50115,57.66822089384016,0.06687297600876749,0.05472,0.01268,0.01705,0,1436.3472060479887
"2026-03-01","VQ4YGN7CJD",,"Joyo Plastic Oil Dispenser (1L, Blue)","1 Piece","Jars Containers Holders","Joyo",,,53.56081268787334,148.78472713709678,,65.72413,63.518461198268106,1.6214850729355665,1.20109,1.93427,2.60153,0,54.246292900987925
"2026-03-01","X1WGMUVZ1L",,"Saaj Plastic Crysta Container (400ml, Transparent)","1 Piece","Jars Containers Holders","saaj",,,133.41851590288982,210,,14.0793,36.46737337957627,0.0018965541090721172,0.00251,0.00431,0.00579,0,136.0771499660088
"2026-03-01","A5SYX03DO2",,"Home Centre Glass Corsica Medika Jars (270ml, Pack of 4, Multicolour)","4 pieces","Jars Containers Holders","Home Centre",,,471.58620689655174,499,,0.99939,5.4937461129154865,0,0,0.00001,0.00001,0,117.89655172413795
"2026-03-01","LZRKG7CYVU",,"Femora Borosilicate Rectangle Microwave Safe Container with Break Free Lid (620ml, Transparent)","1 Piece","Jars Containers Holders","Femora",,,416.559366342859,499.9030758870968,,52.84483,16.657324255967293,0.05423571004484687,0.09215,0.58344,0.02804,2.19343,41632.29481865376
"2026-03-01","DGMPT9HB5G",,"Saaj Stainless Steel Orbit Container (225ml, Red)","2 pieces","Jars Containers Holders","saaj",,,231.66919945990128,410,,20.07287,43.503965601664824,0.028863322299949302,0.0332,0.03287,0.04421,0,115.65690372684287
"2026-03-01","EIR516ESC1",,"Nestasia Glass Airtight Storage Jars (4 Pieces, 1200ml, Transparent)","4 pieces","Jars Containers Holders","Nestasia",,,904.982152837214,1790,,10.08892,49.44233783032324,0,0,0.01252,0.00156,0.04429,226.2455382093035
"2026-03-01","VU2EZTZ15B",,"Kitchen Essentials Ke Silicone Storage Bag Red","1 Piece","Jars Containers Holders","Kitchen Essentials",,,330,330,,14.91287,0,0.0013148379327600813,0.00268,0.00011,0.00015,0,330
"2026-03-01","EEDZBG23GE",,"Saaj Plastic Maxx Container (250ml, Pink)","3 pieces","Jars Containers Holders","saaj",,,121.77142577175697,149,,19.06108,18.205316366452077,0.008591868236981331,0.01448,0.02083,0.02802,0,41.112983063637095
"2026-03-01","T4DYQIOTXH",,"TEX-RO Black Cap Airtight Plastic Grocery Container (1.1L, Black)","4 pieces","Jars Containers Holders","Tex-Ro",,,580.7710344827586,1999,,4.54725,70.94692173673043,0,0,0.0001,0.00013,0,145.19275862068966
"2026-03-01","G654XFZKMS",,"Sumeet Stainless Steel Small Canisters / Dabba / Storage Containers with See Through Lid (9cm Dia, 400ml Each, Set of 4, Silver)","4 pieces","Jars Containers Holders","Sumeet",,,874.8526039031404,1736.0113677419351,,27.45417,49.653162491347146,0.4220167578704709,0.42814,0.03917,0.04169,0.03187,218.31255307569847
"2026-04-01","Z2NP4HGP15",,"Signoraware Spicy Magic BPA Free Plastic Spice Container (150ml + 190ml x 6, Microwave Safe and Airtight , Green)","1 pack","Jars Containers Holders","Signoraware",,,447.92788938008425,575,,12.48631,22.0955121471794,0.019305723803345554,0.02825,0.06337,0.00512,0.38428,448.678695794504
"2026-04-01","7IRWN3PC7M",,"Milton Cryo Plastic Fridge Storage Boxes Set (6 Pieces, 1500ml)","6 pieces","Jars Containers Holders","Milton",,,599,999,,10.50069,40.04004004004004,0.026832210706018236,0.03016,0.00122,0.00144,0,99.83333333333333
"2026-04-01","FRLH0GNYXO",,"TEX-RO Black Cap Airtight Plastic Grocery Container (500ml, Black)","4 pieces","Jars Containers Holders","Tex-Ro",,,495,1499,,3.03466,66.97798532354904,0,0,0.00105,0.00124,0,123.75
"2026-04-01","6MCADW964H",,"JARSOME Mandala Collection Metal Airtight Kitchen Container Set (2 Pieces, 850ml each, Blue Elephants)","2 pieces","Jars Containers Holders","Jarsome",,,776.5287356321838,999,,5.24367,22.269395832614226,0,0,0.00149,0.0003,0.00806,388.2643678160919
"2026-04-01","XLVHM0SQH2",,"Joyo Plastic Better Home Linea Container Set (1000ml, Grey)","3 pieces","Jars Containers Holders","Joyo",,,276.72158622685646,329.12779708860757,,17.5701,15.930893137385697,0.015458353908461456,0.02442,0.00283,0.00292,0.00239,92.05235257164487
"2026-04-01","EBG73J9SZ2",,"Kuber Industries Fridge Organizers Storage Box Set for Vegetables and Coriander (Transparent, Pack of 6)","6 pieces","Jars Containers Holders","Kuber Industries",,,563.1305270976189,1999,,7.34928,71.8345933031016,0.03611297856604707,0.01707,0.02038,0.00561,0.10175,83.2866529055355
"2026-04-01","ICF7Z89MKN",,"ExclusiveLane Sheesham Wood Spice Box with Floral Burnt Design (120 ml & 60 ml, Brown)","1 Piece","Jars Containers Holders","ExclusiveLane",,,2951.993288590604,5499,,4.84726,46.31763432277498,0,0,0.01617,0.00067,0.10157,2951.993288590604
"2026-04-01","V4K4A7B9T3",,"Clazkit PET Fridge Multipurpose Storage Boxes (6 Pieces)","6 pieces","Jars Containers Holders","Clazkit",,,268.4352328397316,496.71197516666666,,63.24001,45.784612188060386,0.41043920075886053,0.41399,0.35123,0.40282,0.06697,269.8755846435651
"2026-04-01","3R4POZGQIW",,"Signoraware Mini Fresh Steel Container Set (Pack of 4, 170ml + 170ml + 140ml + 140ml, Steelware)","4 pieces","Jars Containers Holders","Signoraware",,,355.58833333333337,422.8071598095238,,6.98622,15.902503398591513,0.02521395175202665,0.04,0.00053,0.00063,0,357.0143032535297
"2026-04-01","5MA9YJ6N75",,"Cutting EDGE Nesterware Plastic Food Storage Container (7 Pieces, Blue)","7 pieces","Jars Containers Holders","Cutting Edge",,,299,394.2261235955056,,9.18294,24.155897646453823,0.007198806251407996,0.01021,0.05155,0.00359,0.31584,42.714285714285694
"2026-04-01","DCZQQHRL4S",,"Java Plastic Bottom Container (1L, Transparent, Blue)","1 Piece","Jars Containers Holders","Java",,,128.0486656691494,249.79890223809522,,16.7449,48.73536086704546,0.011268339023437587,0.01052,0.01526,0.01802,0,125.47168064832383
"2026-04-01","OGSSVJN6DK",,"Magnus Plastic Modulock Storage Container (950ml, Transparent)","1 Piece","Jars Containers Holders","Magnus",,,129.34654365686805,169.09606793103447,,23.06136,23.47730623155816,0.013050246452563124,0.01885,0.03029,0.03579,0,130.95207530614414
"2026-04-01","6TJKK1JNKF",,"Neelam Stainless Steel Deep Dabba (3.65L, Silver)","1 Piece","Jars Containers Holders","Neelam",,,455.94117647058823,542.4771237499999,,3.50538,15.951999354592461,0.0024288273097253744,0.00385,0.00001,0.00001,0,45870.26447462473
"2026-04-01","7577PC40LQ",,"Nayasa Plastic Hermit Airtight Storage Container (1.5L, Green)","2 pieces","Jars Containers Holders","Nayasa",,,231.5000816193373,354.9241610000001,,49.67735,34.76730802035176,0.061632740012520976,0.07563,0.13841,0.16353,0,115.95576897380559
"2026-04-01","2T6S0VROWM",,"Embassy Stainless Steel Trio Puri Box / Storage Container (450 ml)","1 Piece","Jars Containers Holders","Embassy",,,185.34708070478396,233.90249278846156,,12.83991,20.75882625483196,0.0030216453497768285,0.00443,0.00113,0.00134,0,185.2632496148085
"2026-04-01","IQOJGOWSNY",,"Nayasa Plastic Globe Container (500ml, Clear)","3 pieces","Jars Containers Holders","Nayasa",,,179,215,,6.00544,16.74418604651163,0.0024756388313346154,0.00386,0.00199,0.00235,0,59.6666666666667
"2026-04-01","KQRW4FJK5D",,"HomeStop Totem Jar (Set of 2, 700ml, Ivory)","2 pieces","Jars Containers Holders","HomeStop",,,645.6066666666667,995,,12.52277,35.11190305314376,0.006363297330882403,0.00778,0.0012,0.00142,0,324.42650456278153
"2026-04-01","7L9B6BRHXF",,"Nestasia Borosilicate Glass Lunch Box (Set of 2 Lunch Boxes 300ml + 2 PVC Lids, Transparent and Blue)","2 pieces","Jars Containers Holders","Nestasia",,,427.79158403450674,590.067132869955,,36.37774,27.50921359985565,0.07805610192792703,0.105,0.00907,0.00754,0.01752,212.8745887531491
"2026-04-01","L9IP8Z232T",,"Neelam Stainless Steel Puri Dabba (2175ml, Silver)","1 Piece","Jars Containers Holders","Neelam",,,515.9651878418739,616.8995270232558,,7.20551,16.361552369544423,0.0005189555981680203,0.00092,0.00005,0.00006,0,51086.80359586409
"2026-04-01","XDF4GTYKXX",,"YouBee Plastic Air Tight and BPA Free Storage Jar and Container Set (900 ml Each, Blue, Pack of 6)","6 pieces","Jars Containers Holders","Youbee",,,519.0089369636011,1299,,38.44051,60.00173899512706,0.24244799774316642,0.17728,0.04969,0.04775,0.06036,86.47996328561554
"2026-04-01","CBMHQIT0DU",,"EDEN AND BROOKS Glass Oil Sprayer and Dispenser 2 in 1","1 pack","Jars Containers Holders","EDEN AND BROOKS",,,370.8849206349206,999,,26.26921,62.96232461845193,0.09103785775256187,0.06293,0.06459,0.05545,0.11495,368.4482434050863
"2026-04-01","XA6QL9965T",,"Borosil Endura Jar with Steel Lid, Borosilicate Glass Kitchen Storage Container For Storing Spices, Dals, Grains, Rice (600ml, Transparent, Pack of 2)","2 pieces","Jars Containers Holders","Borosil",,,783.1763468013468,1095,,3.58769,28.47704595421491,0,0,0.00077,0.00078,0.00076,391.5881734006734
"2026-04-01","FEREYJ35RX",,"Cello Classic Glass Storage Canister (300ml, Set of 3, White)","3 pieces","Jars Containers Holders","Cello",,,340.57141802641803,349,,9.5138,2.362839355463036,0.025051070678886303,0.0462,0.00148,0.00174,0,343.7058005511101
"2026-04-01","6CDZ1UVLD8",,"Milton Plastic Silo Storage Containers (14.45L, 18L, 23L, Blue)","3 pieces","Jars Containers Holders","Milton",,,1547.7443615779644,1981.8235294117646,,12.67766,21.903018174511313,0.013964030376435317,0.0183,0.00963,0.01137,0,463.8586872795028
"2026-04-01","4XQXDJ9DUS",,"Yera Glass Aahaar Jar (2.4L, Transparent)","1 Piece","Jars Containers Holders","Yera",,,175.49908677631896,245,,10.84419,28.36771968313512,0.0059552313207887324,0.00801,0.00568,0.00339,0.01829,178.4074742318363
"2026-04-01","MN2EBHY801",,"Locknlock Plastic Flt Rec Modular Bisfree Container (3.5L, Lbf401)","1 Piece","Jars Containers Holders","Lock & Lock",,,405,405,,2.11316,0,0.00025899817283801384,0.00049,0.00015,0.00018,0,405
"2026-04-01","9K0D3SAYUE",,"Cello Stack Lock Kitchen Storage Container Set (450ml x 2, 900ml x 2, 1300ml x 2, Blue)","6 pieces","Jars Containers Holders","Cello",,,776.5624551971326,1299,,25.19568,40.21844070845784,0.02520378367561153,0.02824,0.01631,0.01927,0,776.070648149139
"2026-04-01","UD6IDIP95M",,"Nayasa Plastic Vital Airtight Storage Container (200ml, Orange)","4 pieces","Jars Containers Holders","Nayasa",,,107.62731092436974,179,,4.91789,39.87301065677668,0.0006296533357439715,0.00069,0.00001,0.00001,0,28.37177342749763
"2026-04-01","KOMMM965CY",,"Home Centre Shale Primo Stainless Steel Mixing Bowl With Lid (3 Pieces)","3 pieces","Jars Containers Holders","Home Centre",,,1175,1199,,16.44071,2.0016680567139282,0.004217449506294859,0.00775,0.0007,0.00083,0,391.6666666666665
"2026-04-01","9446BUEM9L",,"Tupperware Plastic Kitchen Storage Container (500ml, Smart Saver #1)","1 pieces","Jars Containers Holders","Tupperware",,,246.7058823529412,410,,9.72698,39.82783357245337,0.0005245192626215777,0.00072,0.00006,0.00007,0,28852.268709487333
"2026-04-01","UUDX0RX6Q1",,"MILTON Plastic Store It Round Food Storage Container Set (6 Pieces, 200ml, 400ml, 600ml, 1L, 2L, 3L, Pink)","6 pieces","Jars Containers Holders","Milton",,,396.3333333333333,515,,4.07804,23.042071197411005,0,0,0.00002,0.00002,0,66.05555555555554
"2026-04-01","FN76E5PYC9",,"Sumeet Stainless Steel Modena Food Storage Airtight and Leak Proof Containers (400ml, 500ml, Set of 2, Silver)","2 pieces","Jars Containers Holders","Sumeet",,,457.2632738406592,757.1819937083333,,37.87685,39.61329587460628,0.07101269458022182,0.08021,0.03568,0.04215,0,228.7283243987642
"2026-04-01","1A86D4XOS9",,"Larah by Borosil Comet Opalware Storage Bowl with Lid, Microwave Dishwasher Safe Kitchen Storage Container (800ml, White, Pack of 2)","2 pieces","Jars Containers Holders","Larah by Borosil",,,603.6967653984005,790.6897270711297,,24.55854,23.64934755955258,0.008897066863231773,0.01276,0.00628,0.00742,0,301.18617516306733
"2026-04-01","89TINS97IJ",,"Deli Glass Air tight Container (1050ml, Transparent)","2 pieces","Jars Containers Holders","Deli",,,452.625,999,,5.77478,54.692192192192195,0.0009582932395006513,0.00078,,,,218.0315739868049
"2026-04-01","1O9U81OO36",,"JARSOME Metal Maroc Collection Airtight Kitchen Container Set (2 Pieces, 850ml each, Moroccan Blue)","2 pieces","Jars Containers Holders","Jarsome",,,758,999,,8.58335,24.124124124124123,0.008145588461004737,0.01159,0.00206,0.00049,0.01068,379
"2026-04-01","G7MQPYP1US",,"Nayasa Plastic Retro 89 Airtight Food Storage Container (250ml, Brown)","3 pieces x 2","Jars Containers Holders","Nayasa",,,174.14285714285717,310,,10.20229,43.824884792626726,,,,,,174.14285714285717
"2026-04-01","V7UYEX7PBC",,"Cello Plastic Modustack Stackable Container Set (9 Pieces, Grey)","9 pieces","Jars Containers Holders","Cello",,,809.7758118204547,1299,,17.27986,37.71130366292324,0.055242391761364376,0.06311,0.0032,0.00379,0,87.973037233169
"2026-04-01","HVK0KSRNPH",,"Cello Glass Modustack Jar (500ml, Transparent, Maroon)","6 pieces","Jars Containers Holders","Cello",,,702.7671238711271,954,,19.60683,26.343882594071683,0.04423113240578081,0.061,0.02346,0.02772,0,116.63519171502358
"2026-04-01","Z17229TKQT",,"Nayasa Plastic Retro 95 Airtight Storage Container (1.5L, Brown)","3 pieces","Jars Containers Holders","Nayasa",,,329,365,,8.30626,9.863013698630137,0,0,0.00034,0.0004,0,109.66666666666664
"2026-04-01","YHYYBN4JJH",,"Nayasa Plastic Storage Round Container (750ml, Brown)","1 Piece","Jars Containers Holders","Nayasa",,,68.99938175753392,85.00476191666667,,34.25278,18.827410421782048,0.031315373152595055,0.04766,0.10453,0.1235,0,68.99925786265234
"2026-04-01","Q2RI31XHL8",,"Signoraware Modular BPA Free Plastic Square Container with Lid (2.6L, Airtight, Blue)","1 Piece","Jars Containers Holders","Signoraware",,,271.7598590527827,310,,49.50354,12.11491231069614,0.27645023712583283,0.45545,0.98347,0.43438,4.00874,272.5547411141258
"2026-04-01","35IKXVKEKV",,"ARISTO Plastic Air Tight Kitchen Container (6.07L, 32 x 15 x 19 cm, Transparent)","1 Piece","Jars Containers Holders","Aristo",,,226.503534902689,367.569812952381,,28.342,39.07151990564947,0.23524017451833365,0.26941,0.22537,0.26627,0,226.78672761327758
"2026-04-01","X981JK3PUB",,"Nestasia PVC Spice Container with Spoon and Tray (Blue)","3 pieces","Jars Containers Holders","Nestasia",,,625.2666666666667,910,,2.08877,31.28937728937729,0,0,0.0001,0.00012,0,208.4222222222222
"2026-04-01","67LGXEHTZ2",,"Asian Aroma Plastic Spice Box (Assorted)","1 Piece","Jars Containers Holders","Asian",,,162.37497515940422,244.8412190756303,,17.45345,33.70475871918759,0.032165846411995734,0.03912,0.03552,0.04196,0,159.99955252820158
"2026-04-01","2KQ1J3DYNC",,"Java Plastic Container (200ml, 300ml, 400ml, Blue)","3 pieces","Jars Containers Holders","Java",,,188.28316611069286,310.0473318333333,,37.6874,39.30514595254621,0.12872132449849932,0.14503,0.25582,0.30225,0,62.547641233242715
"2026-04-01","49RGBLY067",,"Cello Plastic Store Fresh Containers (5L, 7L, 10L, Assorted)","3 pieces","Jars Containers Holders","Cello",,,640,713,,0.4134,10.23842917251052,0,0,0,0,0,213.33333333333334
"2026-04-01","SK50MM7ZQN",,"YouBee Airtight Dry Fruit Container Set with Serving Tray and Lid, Plastic Dry Food Storage Box (500 ml, Black, Pack of 4)","4 pieces","Jars Containers Holders","Youbee",,,446.4124083474337,1299,,14.41021,65.63414870304591,0.016614253161312594,0.01074,0.00234,0.00176,0.00552,111.93451855623444
"2026-04-01","L48O60U881",,"Home Centre PET Barbados Canisters (1.4L, Pack of 6, Transparent)","6 pieces","Jars Containers Holders","Home Centre",,,897.6328823523362,995.943360125,,23.82729,9.873934839544935,0.021401882348847878,0.0361,0.00633,0.00748,0,149.63441152963156
"2026-04-01","D7BR7G1EGJ",,"Cutting EDGE Plastic 2X Modular Air Tight Kitchen Storage Container (4.5L, Blue)","1 Piece","Jars Containers Holders","Cutting Edge",,,266.6191816816817,395,,8.85572,32.52719174871074,0.009220526803531692,0.01148,0.0046,0.00165,0.02088,262.47489246990153
"2026-04-01","9BWVWRB2HW",,"TREO Glass Cube jar (Transparent)","1 Piece","Jars Containers Holders","Treo",,,195,262.2328125,,3.48958,25.638596428507586,0,0,0,0,0,195
"2026-04-01","1FVP6145RS",,"Clazkit Eazystack Plastic Storage Jars with Air Tight Lid (2 Pieces, 1.5L, Grey)","2 pieces","Jars Containers Holders","Clazkit",,,228.90962553563716,299,,46.89402,23.731506509020242,0.07424153846826907,0.10575,0.08398,0.0928,0.03539,113.65601259884792
"2026-04-01","RZBO34C8TT",,"Yera Glass Pickle or Chutney Storage Jar (195ml, Transparent)","3 pieces","Jars Containers Holders","Yera",,,129.07867324561406,136.65805085526316,,5.66625,5.546235704529811,0.0001726654485586759,0.00031,0.00311,0.00055,0.01723,43.084510030864195
"2026-04-01","M4X8ITNSPL",,"Larah by Borosil Jupiter Opalware Storage Container with Air Tight Lid, Microwave Dishwasher Safe (800ml + 1.2L, White, Pack of 2)","2 pieces","Jars Containers Holders","Larah",,,726.9039221904846,945.000980375,,14.39509,23.079029833172132,0.0018129872098660972,0.00262,0.0094,0.0111,0,36428.72002223842
"2026-04-01","B4432MCZ6J",,"Joyo Plastic Fresherware Square Container (3L)","1 Piece","Jars Containers Holders","Joyo",,,164.99731182795702,336.5184194166667,,52.69709,50.9781430464632,0.42333097869974645,0.38891,0.60473,0.71449,0,164.9999970768387
"2026-04-01","9WVK1RZ7IW",,"Borosil Endura Jar with PP Lid Borosilicate Glass Kitchen Storage Container For Storing Spices Dals Grains Rice (600ml + 900ml + 1.2L, Transparent, Pack of 3)","3 pieces","Jars Containers Holders","Borosil",,,1035.764705882353,1245.041536554622,,7.39245,16.808823202107504,0,0,0.00018,0.0001,0.00064,345.25490196078425
"2026-04-01","C2XGY65GII",,"Signoraware Easy Flow BPA Free Plastic Oil Dispenser (650ml, Saves Oil Wastage , Green)","1 Piece","Jars Containers Holders","Signoraware",,,199.10377349170383,245,,26.70402,18.73573306108798,0.04560056126334951,0.0694,0.22963,0.14306,0.70664,19914.877252617716
"2026-04-01","6R0PE3XXCO",,"Femora Glass Airtight Kitchen Storage Jar with Maroon Lid (1L, 2 Pieces, Transparent)","2 pieces","Jars Containers Holders","Femora",,,365.73333333333335,420,,17.93701,12.916337805840568,0.0012086581399107313,0.00199,0.00031,0.00009,0.00149,184.29554937413073
"2026-04-01","K6SK7E4CTT",,"Neelam Stainless Steel Deep Dabba (2.6L, Silver)","1 Piece","Jars Containers Holders","Neelam",,,309.06951102588687,437.0745966442953,,14.00232,29.286964976446367,0.007509604058813612,0.00982,0,0,0,30900.255776130616
"2026-04-01","700F34B6SH",,"Whitegold Glass Solitire Storage Jar with Steel Lid (800ml)","1 Piece","Jars Containers Holders","Whitegold",,,119,185,,0.93105,35.67567567567568,0.0005916669370610628,0.00071,0,0,0,119
"2026-04-01","P5BS6YIE7L",,"UTENSILA Kitchen Single Barrel Cereal Machine Cereal Dispenser Bucket (3.5L)","1 Piece","Jars Containers Holders","Utensila",,,1111.4058603209755,1899,,14.72649,41.47689653199357,0.01639458434064628,0.01778,0.00295,0.00348,0,1099.3350069955075
"2026-04-01","8OV8CVM6WD",,"ATTRO Stainless Steel Holedabba Set with Air Ventilation (Set of 3)","1 pack","Jars Containers Holders","attro",,,398.73203202341926,999,,5.97339,60.086883681339415,0.0044720351176697065,0.00335,0.00008,0.0001,0,406.5648153766081
"2026-04-01","LW0GMXV03N",,"Avias Stainless Steel Elegant Spice Box Organiser with See-Through Glass Lid and Spoon ( 7 Compartments, Small, Silver)","1 pack","Jars Containers Holders","Avias",,,682.5780362215909,1388.8642074999998,,7.10109,50.85350802939523,0.004386853496380759,0.00414,0.00002,0.00003,0,675.3791099387964
"2026-04-01","IKPOX5Y0FH",,"Signoraware BPA Free Plastic Butter Box (Microwave and Dishwasher Safe, Yellow)","1 Piece","Jars Containers Holders","Signoraware",,,299.9303707451358,314.9774364125561,,13.26286,4.484977552785486,0.03625974419732194,0.0657,0.02571,0.03037,0,304.18335939576485
"2026-04-01","5MW3KC9H47",,"Magnus Plastic Modulock Storage Container (700ml)","1 Piece","Jars Containers Holders","Magnus",,,99.25469313466125,149.38427467661688,,15.38807,33.5493454239867,0.009778236202376216,0.01265,0.00334,0.00395,0,100.05653938770429
"2026-04-01","LHZQVXHMMM",,"Home Centre Glass Pacific Blithe Oil Bottles with Stand (500ml, Pack of 2, Transparent)","2 pieces","Jars Containers Holders","Home Centre",,,349,349,,0.14909,0,0,0,0,0,0,174.5
"2026-04-01","L6JR1PUAE0",,"Home Centre Nuqta Wooden Cookie Jar (Large)","1 Piece","Jars Containers Holders","Home Centre",,,1249,1499,,6.26068,16.67778519012675,0,0,0.00002,0.00002,0,1249
"2026-04-01","Y6PFGNSG5U",,"LOCK & LOCK Food Storage Container Mint( Lbf450Rm )","1 Piece","Jars Containers Holders","Lock & Lock",,,415,415,,10.39536,0,0.008226933072325712,0.01542,0.01544,0.01825,0,415
"2026-04-01","5CFS1AA13P",,"LocknLock Food Storage Containers with Lid (Pack of 3, Glass, Airtight, 300ml + 380ml + 500ml)","3 pieces","Jars Containers Holders","Lock & Lock",,,1656.1699643493762,2040.4804600980392,,6.59377,18.834188708284547,0.013798847097314182,0.02101,0.0016,0.00189,0,55621.53320586675
"2026-04-01","KFON8876A5",,"Embassy Stainless Steel Taper-Shaped Chocolate/Puri Box/Storage Containers (400/550/700 ml, Pack of 3, Sizes 7-9)","3 pieces","Jars Containers Holders","Embassy",,,499,807.3923127419354,,8.2079,38.196092268283216,0.001515427086849979,0.00179,0.00101,0.00119,0,166.33333333333337
"2026-04-01","XPXHU8DX2R",,"LocknLock Euro Food Storage Container (380ml, Round, Glass, Bake and Store, Transparent)","1 Piece","Jars Containers Holders","Lock & Lock",,,347.4712376933896,425,,18.82022,18.242061719202447,0.002038411545484368,0.00323,0.01988,0.02349,0,356.8925440287955
"2026-04-01","A4N65L5WG8",,"Milton Plastic Storex Containers (500ml, 750ml, 1L, 1.5L, 2L, 5 Pieces, Blue)","5 pieces","Jars Containers Holders","Milton",,,169,445,,0.56077,62.02247191011236,0.0017074694357469063,0.00122,0.00001,0.00001,0,33.79999999999999
"2026-04-01","Q9P6G40TUI",,"Glass Ideas Glass Flatty Jar (225ml, Transparent)","6 pieces","Jars Containers Holders","Glass ideas",,,230.77014220389066,399,,12.47232,41.89891106388693,0.042377856591251026,0.04751,0.00026,0.00031,0,39.49072283534085
"2026-04-01","JFQJ1T83KU",,"MILTON Plastic Vintage PET Jar Set (1L, Transparent)","2 pieces x 2","Jars Containers Holders","Milton",,,518,680,,6.17587,23.823529411764707,,,,,,518
"2026-04-01","7PIGQWAJHF",,"HomeStop Aura Glazed Wood Nuts and Sweets Cloche (23x23cm)","1 Piece","Jars Containers Holders","HomeStop",,,1651.6989419475653,2295,,8.54952,28.01567223612563,0.026417813629477413,0.0416,0.00046,0.00055,0,1686.7743422027781
"2026-04-01","IYSAOQVAWV",,"Clazkit Plastic Food Storage Containers (1.5L Each, Pack of 2, Transparent)","2 pieces","Jars Containers Holders","Clazkit",,,119.4226320356013,199.59955166666666,,72.01429,40.66093845373229,0.6449378731008839,0.71593,1.04542,1.20064,0.19021,118.71777694005307
"2026-04-01","YS61SZ2WX1",,"Tupperware UltraClear Oval Kitchen Storage Container (500ml, Plastic)","1 Piece","Jars Containers Holders","Tupperware",,,420.8612143666991,495,,28.59032,14.825668433346797,0.015036282811984695,0.02512,0.00564,0.00666,0,44077.5324252789
"2026-04-01","PRSCYPLHRI",,"ExclusiveLane Brass 'Floral-Etched' Chapati Box (1400 ml, Golden)","1 Piece","Jars Containers Holders","ExclusiveLane",,,1999,3999,,18.26487,50.01250312578144,0.021737620721045302,0.02037,0.00289,0.00311,0.00164,1998.9999999999998
"2026-04-01","XZFK2ZVFI7",,"Glass ideas Royal Jar (700ml)","2 pieces","Jars Containers Holders","Glass ideas",,,336.45454545454544,499,,5.26346,32.57423938786664,0.0006380947576735068,0.00081,0.00002,0.00002,0,168.9914638576099
"2026-04-01","4HFWS6IOOL",,"Sumeet Stainless Steel Flat Canisters/Puri Dabba/Storage Containers (No.10 - 1.2L, No.11 - 1.5L, Set of 2, Silver)","2 pieces","Jars Containers Holders","Sumeet",,,566.6687437389204,1370.976465291667,,53.85536,58.675113558137554,0.4041539865808264,0.31278,0.29716,0.16201,1.04176,283.03134286457737
"2026-04-01","GGC2W5ZSDU",,"Pasabahce Glass Frigo Butter Dish (480ml)","1 Piece","Jars Containers Holders","Pasabahce",,,438.16666666666674,650,,1.06719,32.589743589743584,0.00270202241944488,0.00362,0.00008,0.0001,0,462.91779829802647
"2026-04-01","81RSKKYFHN",,"Femora Glass Jar, Kitchen Storage Jar, Round Jars, Airtight Steel Lid (900ml, 2 Pieces, Transparent)","2 pieces","Jars Containers Holders","Femora",,,476.65887899978804,600,,17.77184,20.556853500035324,0.005179963456760277,0.00773,0.0027,0.00312,0.00041,238.93181586671287
"2026-04-01","8DC0RT1WQN",,"Femora Borosilicate Airtight Jar with Bamboo Lid (450ml, Transparent)","1 Piece","Jars Containers Holders","Femora",,,386.98332345804414,440.1282508938547,,19.01819,12.074873023460489,0.003984734851737443,0.00657,0.01616,0.00048,0.10257,387.07033339626787
"2026-04-01","SJ9AAK735U",,"Sugar Homeware Stainless Steel Stackable Storage Container (700ml, Silver)","2 pieces","Jars Containers Holders","Sugar Homeware",,,355,699,,11.5723,49.21316165951359,0,0,0.00008,0.0001,0,177.5
"2026-04-01","FQZEZLJR72",,"Cello Plastic Modustack Glassy Storage Jar (2000ml, Transparent, Maroon)","1 Piece","Jars Containers Holders","Cello",,,266.84071399201576,299,,21.46158,10.75221615165452,0.014024271432932453,0.02339,0.00841,0.00993,0,267.5392683599293
"2026-04-01","8XK0IVYWBZ",,"Embassy Stainless Steel Oil Can / Pourer (500 ml)","1 Piece","Jars Containers Holders","Embassy",,,636.5727513227513,1037.034810111111,,10.52195,38.64821101115162,0.01700812223452477,0.01945,0.0005,0.0006,0,636.1905852863873
"2026-04-01","142MW0G8RD",,"ARISTO Lock & Fresh 1030 Air Tight Dry Storage Container (5L)","1 Piece","Jars Containers Holders","Aristo",,,226.7816201396372,286.01199026041667,,31.12746,20.719465853825035,0.13684791976016258,0.20359,0.05134,0.06066,0,226.9419195763589
"2026-04-01","IXD51RO09J",,"Tupperware UltraClear Kitchen Storage Containers (2.2L, Plastic)","2 pieces","Jars Containers Holders","Tupperware",,,1259.561663048869,2100,,24.13079,39.84688624002382,0.030887930242163138,0.04204,0.00471,0.00556,0,76142.7850184074
"2026-04-01","IR694O2DZ8",,"Java Plastic Oval Bottom Container (1.7L, Transparent)","1 Piece","Jars Containers Holders","Java",,,132.34507008640176,290,,19.37809,54.33049549573274,0.017807179560354644,0.01513,0.02707,0.03198,0,133.7259646483718
"2026-04-01","0D2URYSC5A",,"YouBee Airtight Dry Fruit Container Set With Serving Tray and Lid, Plastic Dry Food Storage Box (500 ml, Black and White, Pack of 4)","4 pieces","Jars Containers Holders","Youbee",,,716.2,1699,,1.06093,57.84579164214244,0,0,0.00037,0.00001,0.0024,179.05
"2026-04-01","T35DPYVMDL",,"Joyo Plastic Home Linea Container (560ml, Grey)","3 pieces","Jars Containers Holders","Joyo",,,159.26083591745248,230.3679046190476,,22.11799,30.836718739409193,0.026471915470025798,0.03424,0.08533,0.10082,0,53.34005005953009
"2026-04-01","OJXYP15UBJ",,"Joyo Plastic Fresherware Spice Masala Box Shrink Pack (German Blue)","1 Piece","Jars Containers Holders","Joyo",,,189,326,,9.47368,42.02453987730061,0.002710847542371212,0.00295,0.00121,0.00143,0,189
"2026-04-01","KCZ828KQ5O",,"Joyo Plastic Kitchen King Container (12500ml, Brown)","1 Piece","Jars Containers Holders","Joyo",,,219,427,,0.66001,48.711943793911004,0,0,0.00006,0.00007,0,219
"2026-04-01","6V3Y6BV4FM",,"Home Centre Glass Pamolive Spice Bottles (100ml, Pack of 2, Transparent)","2 pieces","Jars Containers Holders","Home Centre",,,345.0469348659004,349,,12.80419,1.1330954870394976,0.007030361513814087,0.01303,0.00111,0.00131,0,172.5010651710795
"2026-04-01","A5SYX03DO2",,"Home Centre Glass Corsica Medika Jars (270ml, Pack of 4, Multicolour)","4 pieces","Jars Containers Holders","Home Centre",,,479,499,,0.67446,4.008016032064128,0,0,0.00001,0.00001,0,119.75
"2026-04-01","PQD4IBNRJ7",,"Embassy Stainless Steel Premium French Milk Barni /Container (1.4 L)","1 Piece","Jars Containers Holders","Embassy",,,605.8076530612245,1051.9642857142858,,4.19728,42.41176613235687,0,0,0.00105,0.00125,0,605.8076530612245
"2026-04-01","TQ0RJ6AND5",,"Sumeet Airtight and Leak Proof Steelexo Stainless Steel Storage Container with Lid (1.3L, Set of 2, Silver)","2 pieces","Jars Containers Holders","Sumeet",,,1067.5939790760974,1633.9630361666666,,46.4147,34.6729256955885,0.13196187126694883,0.16035,0.03369,0.0398,0,534.4551111097427
"2026-04-01","VQ4YGN7CJD",,"Joyo Plastic Oil Dispenser (1L, Blue)","1 Piece","Jars Containers Holders","Joyo",,,59.39245724520523,148.680163,,70.24922,60.06840987901581,1.9641504382652628,1.46967,1.834,2.16688,0,59.388248340715315
"2026-04-01","4DTCWDMCQQ",,"Glass ideas Glass Masala Jar (350ml, Transparent)","1 Piece","Jars Containers Holders","Glass ideas",,,69.09987513135646,99,,76.72752,30.239040496373555,0.11014482443956655,0.14402,0.69047,0.81548,0.00169,69.06056635862389
"2026-04-01","71W8QFCVCU",,"Nestasia Glass Airtight Containers for Kitchen (Set of 4 Jars 1.5L + 4 Lids, Transparent and Rose Gold)","4 pieces","Jars Containers Holders","Nestasia",,,882.4240388448422,1789.8775630000002,,50.75396,50.75257339991974,0.536715582505769,0.49263,0.61311,0.0556,3.68478,219.53696103253156
"2026-04-01","XF9UYBH5CA",,"Locknlock Plastic Flt Rec Modular Bisfree Container (3.5L, Lbf402)","1 Piece","Jars Containers Holders","Lock & Lock",,,485,485,,4.08998,0,0,0,0.00018,0.00021,0,484.99999999999994
"2026-04-01","GG3I9KHDMT",,"Cutting EDGE Glass Oil Pourer/Dispenser (500ml, Transparent)","1 Piece","Jars Containers Holders","Cutting Edge",,,190,315,,2.87091,39.682539682539684,0,0,0.00001,0.00001,0,190
"2026-04-01","7PUNY5719E",,"Tupperware Midi Magic Flow Oil Dispenser (650ml, Plastic)","1 Piece","Jars Containers Holders","Tupperware",,,316.0130590633369,495,,33.25888,35.97256490900051,0.012187302910766543,0.01727,0.04515,0.05335,0,37311.6710763947
"2026-04-01","W1L998PLFQ",,"Sumeet Stainless Steel Akhand - Jointless Milk Can / Oil Can / Milk Barni / Oil Pot with Lid (11cm Dia, 1.25L, Silver)","1 Piece","Jars Containers Holders","Sumeet",,,401.52829776135604,986.3514505833335,,17.65408,59.31278621617293,0.15019649373773541,0.1136,0.01267,0.01497,0,400.4153615813386
"2026-04-01","REW428P9OZ",,"Signoraware Lock N Store Glass Round 240ml+400ml Set of 2","1 pack","Jars Containers Holders","Signoraware",,,466.65315315315314,639,,8.63444,26.971337534717815,0.0012259246847665989,0.00169,0.00656,0.00775,0,468.39277389277396
"2026-04-01","Z2XWFKOLKL",,"Femora Borosilicate Glass Oil Dispenser Bottle with Dropper (500ml, Transparent)","1 Piece","Jars Containers Holders","Femora",,,487.0438622736584,580,,63.47974,16.020062341489645,0.20386033959827668,0.32075,0.34054,0.28215,0.66226,487.07874108424335
"2026-04-01","JV5ZA3H7YF",,"IKEA CITRONHAJ Spice Jar (350ml, Glass, Stainless Steel, Clear, Silver)","4 pieces","Jars Containers Holders","IKEA",,,499,629,,2.02596,20.66772655007949,0.0008046209902834297,0.0012,0.00008,0.0001,0,499
"2026-04-01","JN2AFWT1I5",,"Archies Wine Glasses (Transparent)","2 pieces","Jars Containers Holders","Archies",,,888.3421052631579,898.2105263157895,,1.0662,1.0986757295206844,0.0005749759437003908,0.00107,0.00019,0.00022,0,421.8467663019305
"2026-04-01","UZMBQ77AX6",,"TEX-RO White Cap Airtight Plastic Grocery Container (500ml, White)","4 pieces","Jars Containers Holders","Tex-Ro",,,425,1299,,2.47457,67.28252501924557,0,0,0.00012,0.00015,0,106.25
"2026-04-01","DM5DFJN5GM",,"Sumeet 7in1 Stainless Steel + See through Lid Masala Stand / Dry Fruit Stand with Stand and 7 Spoons (7 Containers - 200ml each, Silver)","1 pack","Jars Containers Holders","Sumeet",,,889.9865723087976,2005.1213800833332,,57.59765,55.59792756466532,0.7337571716899651,0.60893,0.33529,0.39615,0,889.1370629818417
"2026-04-01","QN8RLIM2YN",,"Sumeet Stainless Steel Flat Canisters / Puri Dabba / Storage Containers (No. 6 - 200ml, No. 7 - 350ml, No. 8 - 500ml, No. 9 - 800ml, Set of 4, Silver)","4 pieces","Jars Containers Holders","Sumeet",,,750.4053213288847,1210.998375,,74.17154,38.04440777643151,0.3674418589082807,0.42709,0.36054,0.15311,1.5034,187.25592818862944
"2026-04-01","C7X5N0T8XF",,"Sumeet Stainless Steel Small Masala/Spice Box with See Through Lid and Spoon with 7 Container (950ml, 16.7cm Dia, Round)","1 Piece","Jars Containers Holders","Sumeet",,,463.8484740582283,1020.6344528451883,,26.99019,54.60370343686888,0.16627816991549368,0.13888,0.01836,0.0114,0.05674,461.83516825231595
"2026-04-01","SD3D26N5QH",,"Nayasa Plastic Retro 87 Storage Container (150ml, Brown)","6 pieces","Jars Containers Holders","Nayasa",,,199,249,,0.56473,20.080321285140563,0.0001592359136707789,0.00024,0.00003,0.00004,0,33.166666666666664
"2026-04-01","XUBS30PSVJ",,"Nayasa Plastic Cosmic Container (750ml, Blue)","1 Piece","Jars Containers Holders","Nayasa",,,180.14520466167954,215,,10.58814,16.21153271549788,0,0,0.00175,0.00207,0,180.14520466167954
"2026-04-01","XP8RZZEHJH",,"Peepul Tree Hand Etched Brass Masala Box (200ml)","1 Piece","Jars Containers Holders","Peepul Tree",,,,,,0,,,,,,,
"2026-04-01","IP0ATTZLIJ",,"Tupperware Voila Glass Rectangular Glassware (1L, Freezer/Microwave/Fridge/Bakeware Glass)","1 Piece","Jars Containers Holders","Tupperware",,,1339.6048611709307,1535,,21.82242,12.724666691153486,0.02233274096707754,0.03754,0.0127,0.015,0,137600.10524038423
"2026-04-01","9ZBYAHFTY6",,"Cello Glass Qube Fresh Storage Jar (300 ml, Transparent)","1 pack","Jars Containers Holders","Cello",,,779,779,,1.36157,0,0,0,0,0,0,779
"2026-04-01","FO7Z1N4L6F",,"Cello Qube Fresh Airtight Glass Storage Jar with Silver Metal Lid Set (2 Pieces, 580ml, Transparent)","2 pieces","Jars Containers Holders","Cello",,,206.39252355781886,375.00178125,,48.98689,45.07581653438407,0.28141264211740913,0.28983,0.19364,0.22878,0,102.90490652937643
"2026-04-01","0EU417LC9B",,"Cello Stainless Steel Steelox Masala Dabba (150 ml x 7, Silver)","1 Piece","Jars Containers Holders","Cello",,,654.2230466211826,1299,,6.16543,49.6357292933369,0.01428825771872883,0.01349,0.00344,0.00406,0,654.1170008129366
"2026-04-01","SLZ8CS340L",,"Joyo Plastic Fresherware Round Container (3 L, Brown)","1 Piece","Jars Containers Holders","Joyo",,,119,185,,11.4775,35.67567567567568,0.00982216996650948,0.01184,0.01108,0.01309,0,118.99999999999997
"2026-04-01","YOE6JE8SOW",,"Signoraware Freezer Fresh Stainless Steel Small Storage Container (600ml, Airtight and Leakproof, Blue)","1 Piece","Jars Containers Holders","Signoraware",,,255.618607388425,310,,15.13204,17.536282982855813,0.011298651402184555,0.01756,0.00954,0.01127,0,25700.491526845082
"2026-04-01","T9E2G85FKV",,"Joyo Plastic Fresherware Square Container (1.5 L, Brown)","1 Piece","Jars Containers Holders","Joyo",,,149.2409926333061,246,,25.91924,39.32607672306605,0.01203478176453971,0.01367,0.01716,0.02028,0,150.60740670075418
"2026-04-01","VLFA7G6MA0",,"Home Centre Stack Oren Glass Condiment Jars (Set of 3)","3 pieces","Jars Containers Holders","Home Centre",,,390,399,,12.21586,2.255639097744361,0.013140799887807229,0.02408,0.00018,0.00022,0,390
"2026-04-01","ULID171T9P",,"Larah by Borosil Confetti Opalware Storage Container with Air Tight Lid, Microwave Dishwasher Safe (800ml + 1.2L, White, Pack of 2)","2 pieces","Jars Containers Holders","Larah by Borosil",,,726.6894586894587,945,,3.897,23.101644583126074,0,0,0,0,0,363.34472934472933
"2026-04-01","JHVJWRN3XD",,"HomeStop Barton Container (1.2L)","1 Piece","Jars Containers Holders","HomeStop",,,426.6153346328785,495,,6.45305,13.815083912549802,0.001741043272966649,0.00282,0.01413,0.01669,0,427.0959760318198
"2026-04-01","KR5XUVSQAZ",,"Signoraware Classic BPA Free Plastic Small Round Container (550ml, Airtight and Leakproof and Microwave Safe, Blue)","1 Piece","Jars Containers Holders","Signoraware",,,169.0792206840001,190.07134642512077,,14.76653,11.045785999404231,0.003013971329840887,0.00496,0.00306,0.00153,0.01146,16907.64176183294
"2026-04-01","QM9572CJ59",,"Signoraware Easy Flow Stainless Steel Oil Dispenser (1.1L, Spillproof and Airtight, Black)","1 Piece","Jars Containers Holders","Signoraware",,,365.49001109300883,460,,36.23158,20.45544318715669,0.1479272860426776,0.22155,0.23855,0.16224,0.65899,366.48081166010707
"2026-04-01","Y7FCMHZVXX",,"Home Centre Glass Chef Special Libra Oil Dispensers (350ml, Pack of 2, Black)","2 pieces","Jars Containers Holders","Home Centre",,,995.2926829268292,999,,15.84744,0.37110281012720037,0.006388621596671008,0.01193,0.00765,0.00904,0,497.5068866571018
"2026-04-01","7FN7C7S4GU",,"ExclusiveLane 'Mason Bottle' Glass Salt & Pepper Shakers Set With Iron Holder (Set of 2, 60 ml, Handcrafted)","2 pieces","Jars Containers Holders","ExclusiveLane",,,529.0846400440519,1230,,8.82245,56.98498861430473,0.01824881940766806,0.01469,0.00355,0.00398,0.00119,528.3086803019577
"2026-04-01","VQEY5QAWMV",,"Lock & Lock Airtight Glass Container with Lid (2000ml, Rectangle)","1 Piece","Jars Containers Holders","Lock & Lock",,,1475.479272419628,1725,,5.3019,14.464969714804182,0.0033094210973746217,0.00532,0.00032,0.00038,0,1478.638946729134
"2026-04-01","2CG5QAVJI8",,"YouBee Fridge Storage Boxes with Removable Drain Plate and Lid, Stackable Fridge Storage Containers (2.5 L, Transparent, Pack of 6)","6 pieces","Jars Containers Holders","Youbee",,,445.7266616274029,1199,,35.85951,62.87559230909902,0.7559345137533399,0.52482,0.18723,0.11674,0.57557,74.05920834216866
"2026-04-01","RX24W6C65M",,"Home Centre Vault Malva Glass Storage Canisters with Wooden Lid (Set of 5, 1.6L, 1.9L, 2.4 L, Transparent)","5 pieces","Jars Containers Holders","Home Centre",,,1488.7577285863924,1498.6655104469276,,27.63732,0.6582465929657628,0.1934021852295761,0.36009,0.00931,0.011,0,1486.0997216668502
"2026-04-01","RWVXJ3L39P",,"UTENSILA Kitchen Smart Grain Dispenser, 360 degree Rotating 6 Grid Cereal Dispenser","1 Piece","Jars Containers Holders","Utensila",,,2775.511734892788,4987.46355875,,28.99098,44.34949333677525,0.09750398695058587,0.10158,0.00695,0.00821,0,2778.526869275971
"2026-04-01","D2A9NC1HEF",,"Nestasia Brass Mukhwas & Dry Fruit Storage Box (Box- 300ml, Container- 20ml)","1 pack","Jars Containers Holders","Nestasia",,,1087.7582988332385,1710,,68.24053,36.47796349443279,0.4970174936761486,0.5862,0.59262,0.09401,3.33979,1080.479334738492
"2026-04-01","NRU3V1VXYR",,"Bergner Essential Plus Stainless Steel Masala Dabba/ Spice Box (21.5cm Dia, See through Lid, 7 Containers, Steel Spoon)","1 Piece","Jars Containers Holders","Bergner",,,902.7467532467533,1425,,11.03547,36.649350649350644,0.004100804403268553,0.0042,0.00266,0.00314,0,78060.22700998423
"2026-04-01","JNIHGZXY6J",,"LocknLock Euro Food Storage Containers (300ml, Pack of 3, Square, Glass, Transparent, LLG205)","3 pieces","Jars Containers Holders","Lock & Lock",,,1100.7426272879663,1268.8618977966103,,9.76646,13.201052462850727,0.01996837542481407,0.03344,0.00648,0.00766,0,379.0516907453168
"2026-04-01","H2VZWZTTMX",,"Femora Borosilicate Square Food Storage Container with Air Vent Lid (800ml, Transparent)","1 Piece","Jars Containers Holders","Femora",,,481.51970720720726,550,,6.54257,12.450962325962319,0,0,0.00044,0.00014,0.0021,481.51970720720726
"2026-04-01","TDGSZNY21J",,"Home Centre Polypropylene Barbados Containers (1.7L, Pack of 6, Teal)","6 pieces","Jars Containers Holders","Home Centre",,,1095,1099,,21.26225,0.36396724294813154,0.029517925833099246,0.05513,0.00533,0.00629,0,182.49999999999997
"2026-04-01","8NY32ZP89U",,"Larah by Borosil Jupiter Opalware Storage Bowl with Lid, Microwave Dishwasher Safe Kitchen Storage Container (400ml, White, Pack of 2)","2 pieces","Jars Containers Holders","Larah",,,467.4568009183018,594.9236401666666,,66.03481,21.430571781189965,0.07114526327461522,0.10479,0.08517,0.10063,0,233.7592915649509
"2026-04-01","789KWGX8LH",,"Borosil Klip N Store Rectangle Food Storage Container with Airtight Lid Borosilicate Glass Container for Lunchbox Microwave Dishwasher Safe (1.04L, Transparent)","1 Piece","Jars Containers Holders","Borosil",,,603.538578669525,744.5632380869566,,37.69021,18.896014255186476,0.2662380350960792,0.40508,0.07534,0.05857,0.16771,604.5629047078489
"2026-04-01","3W27OO8TUB",,"Signoraware Bake 'N' Serve Glass Bottle Set (700ml + 500ml)","1 pack","Jars Containers Holders","Signoraware",,,536.5875,689,,14.19344,22.120827285921635,0.003965933502894388,0.00579,0.01559,0.00585,0.06924,536.7578104603601
"2026-04-01","8PL69BPQIH",,"Femora Kitchen Storage Jars Borosilicate Glass with Steel Lid Air Tight Jar (1000ml, 2 Pieces, Transparent)","2 pieces","Jars Containers Holders","Femora",,,476.7082772845485,550,,6.7097,13.324212605862149,0.012656761080347745,0.0206,0.0012,0.00127,0.00079,238.68574641656355
"2026-04-01","2DPV957E9I",,"Cello Glass Qube Fresh Storage Jar (180ml, Transparent)","3 pieces","Jars Containers Holders","Cello",,,299,369,,7.27629,18.97018970189702,0.00023597611303019042,0.00036,0,0,0,99.66666666666667
"2026-04-01","1BA0ORR4ON",,"Signoraware Safe Store Tempered Glass Round Container (400ml)","1 Piece","Jars Containers Holders","Signoraware",,,287.25102155574444,359,,10.22722,19.98578786748066,0.00884008726520741,0.01318,0.01223,0.00247,0.06597,286.6486375021469
"2026-04-01","5B3Z1ZBXF3",,"Signoraware Even Flow Borosilicate Glass Oil Dispenser (1L, Easy Refilling and Pointer Nozzle , Clear)","1 Piece","Jars Containers Holders","Signoraware",,,487.2250102257002,580,,27.44785,15.951769899578093,0.10239444800526278,0.16118,0.03672,0.02326,0.11085,488.5670061653874
"2026-04-01","BVIINRWCB3",,"Ireka Homes Eggsential Acacia Wood Egg Tray (Holds 6 Eggs)","1 pack","Jars Containers Holders","Ireka Homes",,,686.9937086122644,1025,,29.67961,32.976223550022986,0.009176976740395226,0.0115,0.00379,0.00448,0,685.5655872765627
"2026-04-01","GA0I6RJZNO",,"Tupperware Plastic Kitchen Storage Containers (1.7L, MM Oval #3)","4 pieces","Jars Containers Holders","Tupperware",,,1677.181384552522,2780,,27.40662,39.62967828145598,0.03377873355203216,0.04343,0.04035,0.04768,0,47620.291984574804
"2026-04-01","MLDBWIIAX6",,"Signoraware Nano Round Small Container Set (Pack of 6, Plasticware)","6 pieces","Jars Containers Holders","Signoraware",,,189,219,,9.2485,13.698630136986301,0.0051118565298287994,0.00827,0.00154,0.00182,0,189
"2026-04-01","RI4MT3S03P",,"Nestasia Groovo Stackable Food Storage Containers (Set of 7, 310ml + 520ml + 750ml + 1.2L + 1.7L)","7 pieces","Jars Containers Holders","Nestasia",,,2203.616071664226,2995,,23.81745,26.369410943073564,0.2940160687592021,0.40661,0.03587,0.02005,0.123,2208.84185663716
"2026-04-01","MR668GBT3I",,"Milton Plastic Silo Storage Container (14.45L, Blue)","1 Piece","Jars Containers Holders","Milton",,,353.0234777974698,550,,11.33611,35.81391312773276,0.013364497568939914,0.01599,0.00496,0.00586,0,355.0228522783834
"2026-04-01","7T8FZKZH9K",,"Nayasa Plastic Globe Airtight Storage Container (2L, Transparent)","3 pieces","Jars Containers Holders","Nayasa",,,500.55069057926204,579,,10.85862,13.554599878163414,0.011663551050138558,0.01884,0.00082,0.00096,0,166.34781919296293
"2026-04-01","ES2I8I325S",,"JARSOME Metal Mandala Collection Airtight Kitchen Container Set (4 Pieces, 450ml each, Blue Elephants)","4 pieces","Jars Containers Holders","Jarsome",,,986.6286213786212,1199,,5.05188,17.71237519777971,0,0,0.00327,0.00044,0.01887,246.65715534465537
"2026-04-01","DD1T4NR11Q",,"Tupperware Super Storer Large (5L, Kitchen Storage, Plastic)","1 Piece","Jars Containers Holders","Tupperware",,,671.5488293396744,990.0741859859156,,19.11267,32.13769114463429,0.019300351989390396,0.02609,0.00461,0.00544,0,71330.59883348778
"2026-04-01","8R5BNVNZUT",,"LocknLock Classic Food Storage Containers with Lid (1.3L, Pack of 2, Rectangular, Plastic, Leakproof, Airtight, Transparent, HPL809)","2 pieces","Jars Containers Holders","Lock & Lock",,,765.3764705882353,930,,3.25272,17.701454775458572,0,0,0.00001,0.00002,0,382.68823529411765
"2026-04-01","VPSBK8ZYX3",,"Sumeet Stainless Steel Vertical Utility Canisters/Ubha Dabba/Storage Containers (No.7 - 320ml, No.8 - 500ml, No.9 - 650ml, Set of 3, Black)","3 pieces","Jars Containers Holders","Sumeet",,,595.3055673042963,1242.188341375,,13.11885,52.07604959553547,0.021732440757588543,0.01949,0.00426,0.00147,0.01963,198.5758364956848
"2026-04-01","RIL2PSYM9Q",,"Signoraware Modular BPA Free Plastic Oval Container with Lid (1.1L, Airtight Lid, Blue)","1 Piece","Jars Containers Holders","Signoraware",,,169.11290557342036,199.0141799166667,,43.49726,15.034011148093784,0.06277827933845859,0.09996,0.47334,0.20325,1.96142,169.05842870960214
"2026-04-01","T33C1U09QT",,"Femora Borosilicate Jar with Silicon Base Metallic Lid (500ml, Transparent)","1 Piece","Jars Containers Holders","Femora",,,269,400,,2.07792,32.75,0.0007672101430957166,0.00097,0,0,0.00002,269
"2026-04-01","TVINXDG30M",,"Nestasia Glass Airtight Jars with Lids (850ml, Transparent)","2 pieces","Jars Containers Holders","Nestasia",,,1053.9858393458392,1710,,7.146,38.36340120784566,0.004374191363486456,0.00502,0.00315,0.00054,0.01757,523.4814253713677
"2026-04-01","HORYZZVSY4",,"Home Centre Bamboo Zyra Vista Storage Organiser with Lid (21 x 16 x 9 cm)","1 pack","Jars Containers Holders","Home Centre",,,980.004447565543,999,,25.81289,1.9014567001458442,0.007666345916005211,0.0141,0.02494,0.02947,0,980.0001900760304
"2026-04-01","HLKXZOYBG3",,"Sonal Plastic Food Keeper Multipurpose Container (Assorted)","4 pieces","Jars Containers Holders","sonal",,,258,258,,0.03922,0,,,0.00001,0.00001,0,64.5
"2026-04-01","TLF5QL8U8T",,"Joyo Plastic Fresherware Container 71 (German Lavender)","1 Piece","Jars Containers Holders","Joyo",,,55.53450434527218,113,,35.30181,50.95537343316956,0.07531455830581206,0.06903,0.05263,0.06218,0,55.377771914788255
"2026-04-01","5SIPV0G98I",,"Use Max Plastic Cube Set (850ml, 1350ml, 2150ml, Red)","3 pieces","Jars Containers Holders","Nayasa",,,236.85714285714286,305,,1.19351,22.34192037470726,0.0005851440201155128,0.00086,0,0,0,79.49253731343285
"2026-04-01","ZHKP6P2TUU",,"Yera Glass Jar (200ml, Transparent)","6 pieces","Jars Containers Holders","Yera",,,276.4109889321057,321,,18.48924,13.890657653549626,0.002258080366150684,0.00364,0.00741,0.00048,0.04564,46.087537515660685
"2026-04-01","VI7PPZPGAI",,"Soham Housewares Plastic Salt and Pepper Shakers (Transparent)","2 pieces","Jars Containers Holders","Soham Housewares",,,55.00057189542484,64.99440720833334,,29.94444,15.376394706039111,0.01301974222331776,0.02063,0.03405,0.04024,0,27.501077090160162
"2026-04-01","C4CJ8S9V6B",,"Agaro Elegant Glass Oil Sprayer for Cooking (200ml, Brown, Refillable, Portable)","1 Piece","Jars Containers Holders","Agaro",,,372.9680573053572,399,,41.30872,6.523041743087398,0.7672295199960548,1.34416,0.99229,1.17239,0,372.88912695890593
"2026-04-01","O3KTM5EYJ9",,"Exclusivelane Ceramic 'Shatranj Checkered' Hand-Painted Multi-Purpose Storage Jar (480ml, 4.3 Inch, Yellow and Off White, Airtight)","1 Piece","Jars Containers Holders","ExclusiveLane",,,525,1075,,8.48861,51.16279069767442,0,0,0.00098,0.00003,0.00625,525
"2026-04-01","52KBLHE460",,"Cutting EDGE Plastic 2X Modular Air Tight Kitchen Storage Container (3L, Blue)","1 Piece","Jars Containers Holders","Cutting Edge",,,206.71761501210653,345,,12.59751,40.08185072112854,0.00463318953632447,0.00519,0.0302,0.00252,0.18268,206.26190476190476
"2026-04-01","K3NH0YJ7AJ",,"Signoraware Family Fresh Tab Set (Pack of 4, Plasticware)","4 pieces","Jars Containers Holders","Signoraware",,,481.0900860344138,599,,13.12515,19.684459760531915,0.0038312544530186197,0.00586,0.00451,0.00533,0,488.15390583199576
"2026-04-01","0R76F9E1OW",,"LocknLock Food Storage Containers (Pack of 3, Glass, Heat Resistant, Leak Proof, LBG445+LBG428+LBG422)","3 pieces","Jars Containers Holders","Lock & Lock",,,2056.581560283688,2545,,10.61586,19.19069158252236,0.02846562584938331,0.04317,0.00651,0.00769,0,686.3207601989872
"2026-04-01","O4WNPQRCS7",,"Joyo Plastic Knit Masala Box Shrink Wrap (Grey)","1 Piece","Jars Containers Holders","Joyo",,,161.77223006916404,289,,35.87102,44.54956321441502,0.22697774910380425,0.23527,0.38107,0.45023,0,159.72679351309537
"2026-04-01","6COK92S5XJ",,"Jaypee Plus Plastic Classique Tea Container Set (750ml, Black)","3 pieces","Jars Containers Holders","Jaypee Plus",,,639.7349749379567,949,,56.53646,32.53868263389859,0.06675514831976169,0.08478,0.05004,0.05913,0,218.29599075454738
"2026-04-01","0OWM9TBZQN",,"Neelam Stainless Steel Spice Box (10 Pieces, 1575ml, Silver)","1 pack","Jars Containers Holders","Neelam",,,779.0053921214951,990.0229307916667,,20.0045,21.308994369524292,0.023125659076958658,0.03401,0.03174,0.03751,0,781.7487003808759
"2026-04-01","A4GPT7M4X3",,"Home Centre Glass Regal Storage Jars (800ml, Pack of 6, Transparent)","6 pieces","Jars Containers Holders","Home Centre",,,875.8,899,,1.52797,2.5806451612903225,0,0,0,0,0,145.96666666666667
"2026-04-01","VFLUIF66HQ",,"Larah by Borosil Jupiter Opalware Storage Bowl with Lid, Microwave Dishwasher Safe Kitchen Storage Container (400ml + 800ml + 1.2L, White, Pack of 3)","3 pieces","Jars Containers Holders","Larah by Borosil",,,900.2603731342864,1195,,63.40573,24.67661660184692,0.2046645768875633,0.28862,0.22306,0.26354,0,299.79039894419003
"2026-04-01","RXTUMGY0TJ",,"Nayasa Plastic Hermit Airtight Storage Container (500ml, Green)","2 pieces","Jars Containers Holders","Nayasa",,,149.90631857124438,229,,13.70782,34.53872551474044,0.0009517703225551013,0.00116,0.00451,0.00532,0,74.55606271066043
"2026-04-01","35NBJNFRUO",,"Home Centre Glass Chef Special Libra Canister (600ml, Black)","1 Piece","Jars Containers Holders","Home Centre",,,449,449,,17.86533,0,0,0,0.0011,0.00129,0,449
"2026-04-01","0FVEPCKKZ8",,"Cello Modustack Glassy Storage Jar with Lid (2L, Maroon)","1 Piece x 2","Jars Containers Holders","Cello",,,531,598,,22.22222,11.20401337792642,,,,,,531
"2026-04-01","AJ213FM214",,"Signoraware Monarch Executive Microsafe Steel Box Set of 2 (500ml+350ml) | Steelware","1 pack","Jars Containers Holders","Signoraware",,,377.75858676804063,429,,10.14093,11.943980650274359,0.008230386381296886,0.01359,0.00403,0.00476,0,377.98571129478916
"2026-04-01","XK8JF0HV45",,"ANJALI Polypropylene Double Deck Sprout Maker (830ml, BPA Free and Durable, White & Transparent)","1 Piece","Jars Containers Holders","Anjali",,,172.74880957752958,365,,28.85777,52.019596415827486,0.05415939569790467,0.05125,0.00027,0.00032,0.00001,18286.78400109211
"2026-04-01","R69AG1XF8V",,"Sumeet Stainless Steel Canisters / Dabba / Storage Containers with See Through Lid Combo (9cm Dia - 2 x 400ml, 11cm Dia - 2 x 800ml, 13.5cm Dia - 2 x 1.45L, Set of 6, Silver)","6 pieces","Jars Containers Holders","Sumeet",,,1802.5613848864461,3395.9675942500007,,32.80987,46.92053634615021,,,0.06692,0.02687,0.28759,300.42689748107426
"2026-04-01","SCMKWA7H4X",,"Signoraware Mini Fresh Steel Big Container (170ml, Purple, Steelware)","1 Piece","Jars Containers Holders","Signoraware",,,99,119,,18.22641,16.806722689075638,0.008754521942921666,0.01365,0.02335,0.02758,0,99
"2026-04-01","KKCH3H7WX6",,"Femora Borosilicate Glass Oil Bottle with Handle (650ml, Transparent)","1 Piece","Jars Containers Holders","Femora",,,712.6410326086957,1132.5677470108694,,11.37026,37.07740358229922,0.004220710964767633,0.00639,0.00005,0.00005,0.00007,72773.63350125945
"2026-04-01","RROUARPUOQ",,"Agaro Glass Elegant Cube Jar (310ml, Transparent)","6 pieces","Jars Containers Holders","Agaro",,,566.7402492075522,749,,15.80538,24.33468453759132,0.058919398413670575,0.0836,0.00841,0.00993,0,94.47448153864465
"2026-04-01","46RW5OWNFM",,"Ganesh Masala Plus Storage Box for Spices, Herbs, Dry Fruits (Assorted)","1 Piece","Jars Containers Holders","Ganesh",,,199.15993340757555,260.39089287499996,,66.93043,23.557990467087915,0.6302294627906624,0.90178,1.32935,1.57063,0,199.12823801904096
"2026-04-01","WZ380ROPH6",,"Kitchen Essentials Ke Silicone Storage Bag Green","1 Piece","Jars Containers Holders","Kitchen Essentials",,,290,290,,5.65781,0,0,0,,,,290
"2026-04-01","2W02X1S3OR",,"TEX-RO Black Cap Airtight Plastic Grocery Container (1.5L, Black)","4 pieces","Jars Containers Holders","Texro",,,558,1999,,1.27501,72.08604302151076,0,0,0.00007,0.00008,0,139.5
"2026-04-01","9B0D9WC80X",,"Borosil Klip N Store Square Food Storage Container with Airtight Lid Borosilicate Glass Container for Lunchbox Microwave Dishwasher Safe (520ml, Transparent)","1 Piece","Jars Containers Holders","Borosil",,,396.9625945353125,474.7329445132743,,25.55983,16.380193219533957,0.010022845587834341,0.01567,0.00105,0.00035,0.00491,396.68458111021704
"2026-04-01","9QPH4D5IO1",,"Joyo Plastic Better Home Linea Container (780ml, Grey)","3 pieces","Jars Containers Holders","Joyo",,,189.98958333333334,270.80701308333335,,42.55633,29.853501972729422,0.14921153327895734,0.1961,0.34134,0.3876,0.08646,6333.332262622292
"2026-04-01","49CBZ9CZN3",,"Cello Stack Lock Kitchen Storage Containers Set (900ml Each, Blue)","1 pack","Jars Containers Holders","Cello",,,285.5292371842041,349,,7.86648,18.206313499444246,0.004016965735468396,0.00612,0.0004,0.00048,0,283.669645494585
"2026-04-01","S3005UD81H",,"Home Centre Glass Chef Special Libra Canister (1L, Black)","1 Piece","Jars Containers Holders","Home Centre",,,549,549,,22.42068,0,0.01421899968880696,0.02665,0.00167,0.00197,0,549
"2026-04-01","283KX8PMJ0",,"Yera Glass Pantry Jar K-Series (320ml, Transparent)","4 pieces","Jars Containers Holders","Yera",,,229.29403328378945,305.0044224390244,,12.6048,24.822718487096942,0.002245418233256381,0.00312,0.00628,0.00037,0.03885,57.19868267070313
"2026-04-01","QJID2RCG1C",,"Signoraware Modular Window Steel Container Set (Pack of 2, 750ml Each, Steelware)","2 pieces","Jars Containers Holders","Signoraware",,,695.6526340996168,908.3834042672413,,9.98113,23.418610376223956,0.0017439210304426268,0.00251,0.0037,0.00164,0.01508,698.3175844561611
"2026-04-01","B7R613Z74H",,"Nestasia Groovo Food Storage Container (Set of 4, 520ml, Beige)","4 pieces","Jars Containers Holders","Nestasia",,,1119.4527681791342,1795,,19.91014,37.57447087240794,0.09584850899990496,0.11192,0.02164,0.00891,0.09178,1117.0766938904121
"2026-04-01","2U9QDGDJSA",,"Kuber Industries SS Tea, Sugar Container Set (500 ml, Silver, Pack of 2)","2 pieces","Jars Containers Holders","Kuber Industries",,,261.64956079519186,279,,5.5414,6.210325110209451,0.00782558182967599,0.01379,0.00146,0.00172,0,131.12025902975492
"2026-04-01","7BQZ1W639A",,"Signoraware Executive Steel Big Container Set 500ml,350ml,200ml | Steelware","1 pack","Jars Containers Holders","Signoraware",,,409.7054365079365,519,,13.69425,21.074797612449043,0.016595068111472742,0.02433,0.00257,0.00303,0,406.1285155893455
"2026-04-01","EX7ZQ3P35K",,"Kuber Industries Fridge Organizers Storage Box Set for Vegetables and Grocery (Transparent White, Pack of 3)","3 pieces","Jars Containers Holders","Kuber Industries",,,200.8437288573158,799,,11.97372,74.85519480906545,0.022225880239469562,0.01037,0.00003,0.00003,0,207.86862416726584
"2026-04-01","KGHNZ2Q4U8",,"Clazkit Plastic Food Storage Fridge Containers (2 Pieces, 1.5L, Transparent)","2 pieces x 2","Jars Containers Holders","Clazkit",,,238.14705882352942,398,,23.02738,40.16405557197753,,,,,,238.14705882352942
"2026-04-01","22P5D69THF",,"Sumeet Stainless Steel Storage Containers with See Through Lid (1.45L, Set of 2)","2 pieces","Jars Containers Holders","Sumeet",,,881.0235440759291,2012.2007082083335,,20.60206,56.236016086456466,0.07397333147150795,0.05965,0.00575,0.0068,0,434.011237041895
"2026-04-01","TR9DLNKFZT",,"YouBee Plastic Air Tight and BPA Free Storage Jar and Container Set (500 ml Each, Black, Pack of 6)","6 pieces","Jars Containers Holders","Youbee",,,381.1080486446087,699,,24.23741,45.41543701271374,0.2531810738760721,0.25766,0.40246,0.02607,2.47625,63.68672810207311
"2026-04-01","WDSJSG0CEG",,"Cello Plastic Pet Canister Set (4x300ml, 4x650ml, 4x1200ml, Transparent and Brown)","12 pieces x 2","Jars Containers Holders","Cello",,,945.5,1998,,6.06061,52.67767767767768,,,,,,945.5
"2026-04-01","OWIYOJLVKL",,"Glass ideas Baby Glass Jar (200ml, Transparent & Red)","4 pieces","Jars Containers Holders","Glass ideas",,,169.7880303100738,299,,56.33468,43.25040012150233,0.09614894688039707,0.10181,0.31986,0.37717,0.00408,42.39495843900759
"2026-04-01","1FNARLL9O3",,"Nayasa Plastic Printed Bread Box (4L, Orange)","1 Piece","Jars Containers Holders","Nayasa",,,165,235,,0.69979,29.78723404255319,0.00015021894024604804,0.0002,0,0,0,165
"2026-04-01","WXETL6I4J1",,"Tosaa 4-in-1 Multipurpose Masala and Storage Box (1.8L, 4 Compartments, Color May Vary)","1 Piece","Jars Containers Holders","Tosaa",,,100.03400575734848,199,,16.99833,49.685414139436425,0.04825558031068675,0.04553,0.04638,0.05479,0,100.26126935848521
"2026-04-01","WK1T0I9IYO",,"Saaj Sparkle Container Set (12 Pieces, 250ml, 500ml, 1000ml, 1500ml, Brown)","12 pieces","Jars Containers Holders","saaj",,,658.7135523454543,999,,10.02516,34.06270747292749,0.00734691483617166,0.00906,0.00115,0.00136,0,54.95556751423468
"2026-04-01","FSMS7OCX46",,"Nayasa Plastic Use Max Container (2L, Red)","2 pieces","Jars Containers Holders","Nayasa",,,206.79744318181818,235,,5.9718,11.999317005580359,0.002028435319567645,0.00337,0.01656,0.01957,0,104.0582850852157
"2026-04-01","GNQPUID2NN",,"Borosil Spin N Store Classic Jars with 360 degree Rotating Tray, Borosilicate Glass Kitchen Storage Containers For Storing Spices, Snacks, Grains, Dals (7 Pieces)","7 pieces","Jars Containers Holders","Borosil",,,2798.5442811072885,3492.0758028333335,,77.86643,19.865593839418555,0.7706705505353308,1.15689,0.41857,0.46284,0.17465,399.81118518251276
"2026-04-01","UPZ4IL7OXV",,"Femora Borosilicate Glass Rectangular Food Storage Containers with Air Vent Lids (400ml, 620ml, 1L, 3 Pieces, Transparent)","3 pieces","Jars Containers Holders","Femora",,,1107.26687531422,1415.0099746411483,,37.40921,21.75700703591114,0.12940450412329646,0.189,0.16838,0.0145,1.01616,369.488244450116
"2026-04-01","314SDMN3LJ",,"Joyo Plastic Fresherware Square Container (1.5L)","1 Piece","Jars Containers Holders","Joyo",,,159,246.03845933333335,,60.11768,35.38343450861811,0.4127437089456237,0.50002,0.82635,0.97633,0,158.99999999999997
"2026-04-01","GYIJ3R3PPW",,"Peepul Tree Brass Masala Box with 7 Detachable Containers (100ml each) and Spoon (21x21x5cm)","1 pack","Jars Containers Holders","Peepul Tree",,,2999,4999,,1.32585,40.008001600320064,0,0,0,0,0,2999
"2026-04-01","9T3FMH93T2",,"TEX-RO Plastic Kitchen Containers Set with Spoons","18 pieces","Jars Containers Holders","Texro",,,590,1499,,2.26945,60.64042695130087,0,0,0.00001,0.00001,0,32.77777777777778
"2026-04-01","MJY8NF841C",,"YouBee Plastic Air Tight and BPA Free Storage Jar and Container Set (1.1 L Each, Black, Pack of 4)","4 pieces","Jars Containers Holders","Youbee",,,382.7118633526276,899,,61.03554,58.20815294389261,0.4711646797644549,0.36013,0.15175,0.17929,0,92.08299549438875
"2026-04-01","OP8L52X8JJ",,"Glass ideas Glass Hexa Shaped Jar (400ml, Transparent)","2 pieces","Jars Containers Holders","Glass ideas",,,188.9997807017544,248.99873958333333,,56.84842,24.095578195223418,0.10736510256827025,0.15275,0.19487,0.22935,0.0049,94.49980512353241
"2026-04-01","W9AYNIIADL",,"Femora Borosilicate Screw Jar with Wooden Lid (350ml, Transparent)","1 Piece","Jars Containers Holders","Femora",,,360.3019420058526,436.1917847486033,,12.01785,17.398274198696658,0.0016788837114855258,0.00259,0.00196,0.00144,0.00482,360.051567235042
"2026-04-01","AQF1PQK064",,"Tupperware Cubix Fridge Storage Containers (1L, Plastic)","2 pieces","Jars Containers Holders","Tupperware",,,613.0776272064408,1050,,33.08301,41.61165455176754,0.03055219186996571,0.03447,0.04481,0.05295,0,31611.844997674743
"2026-04-01","H5ST0DQJVP",,"JARSOME Brit Collection Metal Airtight Kitchen Container Set (4 Pieces, 850ml each, Scottish Check Olive Green)","4 pieces","Jars Containers Holders","Jarsome",,,973.516129032258,1499,,0.51728,35.05562848350513,0,0,0,0,0.00002,243.3790322580645
"2026-04-01","O4AAARKMIZ",,"Home Centre Glass Pacific Blithe Canister (1L, Transparent)","1 Piece","Jars Containers Holders","Home Centre",,,140.75,149,,0.06974,5.5369127516778525,0,0,,,,140.75
"2026-04-01","IGCRH5GYPW",,"HOME ESSENTIALS Glass Airtight Fresh Food Storage Container (260ml, Set of 2, Transparent)","2 pieces","Jars Containers Holders","HomeEssentials",,,619.5246118325439,899,,16.81548,31.064238974998876,0.008911455650611662,0.0118,0.00517,0.00611,0,317.19956226962586
"2026-04-01","696I7PCSGP",,"Eha Earth Friendly Rice Husk Biocomposite Egg Storage Box with Lid","1 Piece","Jars Containers Holders","Eha",,,334.38637236961256,657,,11.33298,49.10405291177891,0.004411602210674169,0.00419,0.00068,0.0008,0,332.98363323611153
"2026-04-01","XL91SWSFYW",,"Glass ideas Glass Lorenzo Bowls (400ml, Multicolor)","2 pieces","Jars Containers Holders","Glass ideas",,,169.70855615847069,298.96916775000005,,50.31217,43.33283867421315,0.25147724959979484,0.2671,0.27139,0.31049,0.05595,84.62762768037979
"2026-04-01","JWCASECXQQ",,"Wonderchef Glass Oil Pourer (550ml, Transparent with Green Lid, Accurate Pouring)","1 Piece","Jars Containers Holders","Wonderchef",,,324.12808297294976,447.28540885844745,,25.68639,27.5517660273804,0.013439127412816942,0.01817,0.02903,0.0343,0,323.6935568903791
"2026-04-01","L39D2F0189",,"Femora Frosted Glass Jar for Kitchen Storage with Golden Lid (700ml, Transparent)","1 Piece","Jars Containers Holders","Femora",,,319.07190119316954,326.4402921111111,,18.22017,2.251218668160142,0.006059214290920734,0.01101,0.01084,0.00197,0.05975,31902.717910552143
"2026-04-01","6SCJ5NN8AG",,"Home Centre Glass Pamolive Oil Dispenser (350ml, Transparent)","1 Piece","Jars Containers Holders","Home Centre",,,249,249,,8.46364,0,0.0009554154820246733,0.00179,0.00011,0.00014,0,249.00000000000006
"2026-04-01","9UFYWYETBX",,"Signoraware Trinkle Jar with Brush 250ml | Glassware","1 Piece","Jars Containers Holders","Signoraware",,,299,329,,8.94819,9.118541033434655,0.01857765116192314,0.03165,0.00384,0.00269,0.01018,298.99999999999994
"2026-04-01","WMBWMNOQH2",,"Glass ideas Glass Brick Jar (300ml, Transparent)","2 pieces","Jars Containers Holders","Glass ideas",,,236.92526975170537,299,,59.96629,20.80426359617905,0.14810167814572187,0.21986,0.26125,0.30733,0.00737,118.3542515070562
"2026-04-01","PQALMJQMTU",,"Yera Glass Aahaar Jar (2.42L, Transparent)","1 Piece","Jars Containers Holders","Yera",,,269.04336501681297,294.6924500775194,,14.9286,8.704384958304823,0.006320322819241132,0.01084,0.0099,0.00069,0.06063,269.0469990709523
"2026-04-01","A3T9EO3IJE",,"Tupperware Tropical Cups Kitchen Storage Set (200ml, 125ml, Plastic)","4 pieces","Jars Containers Holders","Tupperware",,,484.9257340352183,800.3805403676471,,29.28016,39.308807706308464,0.023023210910813847,0.02908,0.01194,0.01411,0,13264.092558534032
"2026-04-01","RWER9V4Y7X",,"Signoraware Modular BPA Free Plastic Round Container (200ml x 3, Airtight, Blue)","3 pieces","Jars Containers Holders","Signoraware",,,205.27795952183834,230,,33.5658,10.64801773629773,0.10339705870989348,0.17322,0.31117,0.14644,1.21878,68.56451505582609
"2026-04-01","2SHYINLTXK",,"The Earth Store Moroccan Ceramic Pickle Jar Set with Spoon and Tray (220 ml, Yellow and Blue)","2 pieces","Jars Containers Holders","The Earth Store",,,467.97148368606696,999,,10.61268,53.15600763903234,0.018176108068775017,0.01539,0.00041,0.00016,0.00177,222.1862794180658
"2026-04-01","O2DO9IY885",,"Tupperware Space Saver Containers (1L, Fridge Storage Bowl Plastic)","2 pieces","Jars Containers Holders","Tupperware",,,609.8909641903505,970,,20.92952,37.023715133795996,0.02853411647731158,0.03971,0.02175,0.0257,0,35962.38545747857
"2026-04-01","34IW7T6KIH",,"Neelam Stainless Steel Puri Dabba (1225ml, Silver)","1 Piece","Jars Containers Holders","Neelam",,,368.935,420.5105658999999,,6.90926,12.264986918845917,0.006168377224509498,0.00933,0.00143,0.00169,0,36899.61789430368
"2026-04-01","B6UMNMENDH",,"Signoraware Modular Window Steel Container Set of 2, 1000ml each|Steelware","1 pack","Jars Containers Holders","Signoraware",,,806.8461538461538,1076.5935371794872,,10.13744,25.055638364691546,0.001380172485479016,0.00194,0.00173,0.00039,0.00912,808.4702543619928
"2026-04-01","BFAAPJIUQG",,"Femora Borosilicate Spill Proof Oil Dispenser (500ml, Transparent)","1 Piece","Jars Containers Holders","Femora",,,486.81093936150785,600,,32.05205,18.853965134164703,0.1051187250825219,0.16011,0.07868,0.06985,0.12735,487.5054264556523
"2026-04-01","O0F3BWGLNM",,"Signoraware Stainless Steel Papad and Chapati Box with Lid (1.75L, Airtight and Leakproof and Easy to Open , Blue)","1 Piece","Jars Containers Holders","Signoraware",,,367.57647830688626,454.9794057322176,,27.24862,19.220315169575766,0.05363986454824146,0.08118,0.05806,0.02904,0.21794,367.92273696399957
"2026-04-01","IIDFU3QB48",,"Glass ideas Glass Salt & Pepper Jar with Cap (120ml, Transparent, Pack of 2)","2 pieces","Jars Containers Holders","Glass ideas",,,79.07870653673407,98.97371025,,67.88162,20.1328009949573,0.2441117252652784,0.36548,0.39546,0.46338,0.02128,79.05069412652934
"2026-04-01","PYC59NXDQI",,"Signoraware Modular BPA Free Plastic Square Container with Lid (6.5L, Airtight, Blue)","1 Piece","Jars Containers Holders","Signoraware",,,446.5519665287753,530,,45.39914,15.718933934080006,0.15126433361182165,0.23849,0.28443,0.14517,1.05166,446.5455536262599
"2026-04-01","DCTBHTNFV2",,"Signoraware Modular BPA Free Plastic Oval Container with Lid (500ml, Airtight Lid, Blue)","1 Piece","Jars Containers Holders","Signoraware",,,145.90551533650063,150,,26.94333,2.7358413770946264,0.012973889954200511,0.02359,0.16042,0.02646,0.89849,14545.791082059812
"2026-04-01","LPF1ZPYIGD",,"Nayasa Plastic Retro Airtight Storage Container Set (1L, 2L, 3L, Brown)","3 pieces","Jars Containers Holders","Nayasa",,,286.5425906466415,408.84452712499996,,63.90269,29.888003349502128,0.06564183987755504,0.08628,0.2497,0.29502,0,95.61318583022015
"2026-04-01","JVTK1753KJ",,"Yera Glass Aahaar Jar (1.8L, Transparent)","1 Piece","Jars Containers Holders","Yera",,,219.00904303700818,220,,13.59345,0.4501334782793309,0.015472167144346148,0.02888,0.01183,0.00333,0.05865,219.0142956388835
"2026-04-01","ZNTS9FPCQW",,"Femora Borosilicate Airtight Jar with Silicon Base Metallic Lid (1.3L, Transparent)","1 Piece","Jars Containers Holders","Femora",,,325,525,,6.09678,38.095238095238095,0,0,0.00024,0,0.00155,325
"2026-04-01","KC6YKH3APH",,"Femora Glass Kitchen Window Storage Jar with Outer Stainless Steel Cover (700ml, Silver)","1 Piece","Jars Containers Holders","Femora",,,266.67575620360526,300.00843550925924,,12.59777,11.10947736774262,0.005276847958451535,0.00882,0.01696,0.00235,0.09748,26748.53669528429
"2026-04-01","3PS3F56WJ2",,"Senego Plastic Fridge Storage Airtight Containers with Drain Plate and Lid (6 Pieces, 1.5L, Stackable)","6 pieces","Jars Containers Holders","Senego",,,293.5213529856387,998.7678133333334,,9.07556,70.94603027910797,0.39439512727878834,0.21384,0.50716,0.28126,1.75182,48.235574120880095
"2026-04-01","M89B7UNSXG",,"Cello Glass and Plastic Modustack Jars (500ml, Maroon)","3 pieces","Jars Containers Holders","Cello",,,529.3969242230737,549,,20.1927,3.5706877553599883,0.002457604884485154,0.00444,0.00039,0.00046,0,176.34918843315305
"2026-04-01","BRQXU8M80P",,"Signoraware Executive Small Steel Box Set (Pack of 3, 200ml Each, Steelware)","3 pieces","Jars Containers Holders","Signoraware",,,346.4827411167513,439,,4.67626,21.073578069183327,0.01150930324942614,0.01693,0.00213,0.00109,0.00786,345.45863740750195
"2026-04-01","KGFX1ONMPQ",,"Nayasa Plastic Use Max Chill Medium Container (1.5L, White)","2 pieces","Jars Containers Holders","Nayasa",,,199,225.89147286821705,,6.69782,11.904598490048043,0.0002877757475977932,0.00048,0.00007,0.00008,0,99.5
"2026-04-01","9S69Q9ZMO1",,"Java Plastic Airtight Square Container (5.5L, Transparent)","1 Piece","Jars Containers Holders","Java",,,259,625,,59.8734,58.55999999999999,2.0761972685459527,1.61261,1.20681,1.42585,0,258.99999999999994
"2026-04-01","DRAPQ8HFB1",,"Nestasia Nested Design Glass Storage Containers (3 Pieces, 700ml, 1400ml, 2600ml)","3 pieces","Jars Containers Holders","Nestasia",,,1627.6322408712638,2700,,24.80068,39.71471809136232,0.09237601497889161,0.10496,0.05392,0.01806,0.25152,545.2942053954936
"2026-04-01","CPB6SLII71",,"Nestasia Brass Airtight Masala Box Set (Set of 1 Container + 1 Lid + 7 Bowls 100ml + 1 Spoon, Gold)","1 pack","Jars Containers Holders","Nestasia",,,4230.84761558118,6300,,35.35396,32.77074683456686,0.33238098847545117,0.41785,0.10488,0.01428,0.60402,4270.641094197387
"2026-04-01","X8IKSECD2H",,"Signoraware Modular BPA Free Plastic Round Container with Lid (1.1L, Airtight, Blue)","1 Piece","Jars Containers Holders","Signoraware",,,165.0115254952112,185,,7.30586,10.804580813399356,0.0023075777947375044,0.00386,0.00117,0.00139,0,16505.54205906958
"2026-04-01","VSKGDL2B96",,"Nestasia Glass Clear Snack Serving Jars with Tray (Set of 3 Containers 350ml + 1 Wooden Tray, Beige and Transparent)","3 pieces","Jars Containers Holders","Nestasia",,,1570.779929698177,2430,,17.15035,35.358850629704655,0,0,0.01119,0.00101,0.06728,1570.779929698177
"2026-04-01","CKHF1YHQEC",,"Borosil Klip N Store Food Storage Container with Airtight Lid Borosilicate Glass Container for Lunchbox Microwave Dishwasher Safe (320ml Square + 400ml Round)","2 pieces","Jars Containers Holders","Borosil",,,599,745,,11.31443,19.59731543624161,0.0020625847082825833,0.00311,0.00093,0.00012,0.00544,29949.999999999996
"2026-04-01","FWX5DW3MDA",,"Lock & Lock Euro Glass Round Bake and Store Container (3 Pieces, 380ml, Transparent)","3 pieces","Jars Containers Holders","Lock & Lock",,,1020,1275,,19.72936,20,0.006514859224617241,0.00977,0.005,0.0059,0,340
"2026-04-01","BO0IN4DGUU",,"Nayasa Plastic Retro 89 Airtight Food Storage Container (250ml, Brown)","3 pieces","Jars Containers Holders","Nayasa",,,87.37576600677353,155,,26.59144,43.61321737034332,0.07499838868445129,0.07898,0.05107,0.06034,0,87.24197302133796
"2026-04-01","LTGO5YXPJ3",,"Femora Stainless Steel Rectangle Heavy Duty Airtight Leakproof Container with Lid (1.6L, Silver)","1 Piece","Jars Containers Holders","Femora",,,425,630,,6.08261,32.53968253968254,0,0,0,0,0,42500
"2026-04-01","Q6JD5I6HIN",,"Signoraware Handy Square Container Set (Pack of 6, Plasticware)","6 pieces","Jars Containers Holders","Signoraware",,,395,499,,13.04639,20.841683366733466,0.0023929512665248494,0.00355,0.00194,0.00229,0,395
"2026-04-01","YCVAPCVYZP",,"YouBee Plastic Air Tight and BPA Free Storage Jar and Container Set (1.1L Each, Pack of 4, Purple)","4 pieces","Jars Containers Holders","Youbee",,,342.7947837869702,899,,71.39052,63.11708670397993,2.0740763612861564,1.4375,1.60027,1.89072,0,82.80401725260032
"2026-04-01","5YDVOHL6ZB",,"Signoraware Serving Bowl Steel Set (Pack of 3, 200ml Each, Steelware)","3 pieces","Jars Containers Holders","Signoraware",,,268.9685534591195,368.87264150943395,,8.67332,27.083626381589323,0.009085080351662332,0.01242,0.007,0.00091,0.04057,268.99864512414047
"2026-04-01","1OV4SY2DTN",,"Cello Plastic Checkers Canister Set (300ml, 650ml, 1.2L, Transparent)","6 pieces","Jars Containers Holders","Cello",,,267.1309881767699,524.7538617647059,,16.19006,49.10782434731702,0.014258712741975458,0.01419,0.00062,0.00073,0,44.650170100060016
"2026-04-01","AWS5OEIR61",,"TEX-RO Sprouts Maker Box (500ml, 4-Layer)","1 Piece","Jars Containers Holders","Texro",,,169,299,,0.40768,43.47826086956522,0.00028681649510580055,0.0003,,,,169
"2026-04-01","YIVB53OIDV",,"CLASSIC ESSENTIALS Stainless Steel Capsule Utility Container (350ml, Set of 2, Silver)","2 pieces","Jars Containers Holders","Classic Essentials",,,336.53283730158734,500,,10.73978,32.69343253968253,0,0,0.0016,0.00188,0.00002,336.53283730158734
"2026-04-01","UOTQZX7GR1",,"Glass ideas Glass Tower jar (1000ml)","1 Piece","Jars Containers Holders","Glass ideas",,,188.85231078687852,399,,28.05327,52.28020172313037,0.0890514376921435,0.07814,0.01005,0.01176,0.00061,196.76337312133845
"2026-04-01","E1M1DI3L98",,"ExclusiveLane 'White Doves' Handcrafted Multi Utility Jars & Containers In Iron (Set of 3, Air-Tight, 1080 ML)","3 pieces","Jars Containers Holders","ExclusiveLane",,,1326.1021577407564,2912.2158964016735,,14.49103,54.46415358904934,0.005611627078156967,0.00467,0.01172,0.00046,0.07377,1301.0491666244989
"2026-04-01","3XY1FTJHC0",,"Femora Borosilicate Screw Jar with Wooden Lid (550ml, Transparent)","1 Piece","Jars Containers Holders","Femora",,,355,440,,2.20865,19.318181818181817,0,0,0,0,0,35500
"2026-04-01","JJFOCZMM4V",,"Femora Glass Oil Sprayer For Cooking (200ml, Green)","1 Piece","Jars Containers Holders","Femora",,,349.6619401116733,375,,22.97165,6.660363694029299,0.05356715320934842,0.09406,0.18227,0.21228,0.01696,351.1327043089351
"2026-04-01","DUFYMNNSHI",,"Femora Glass Kitchen Window Storage Jar with Outer Stainless Steel Cover (1.3L, Silver)","1 Piece","Jars Containers Holders","Femora",,,402.4976525821596,463.7382623943662,,2.49237,13.205856574355115,0.00030369933896487114,0.00048,0,0,0.00001,402.4976525821596
"2026-04-01","F5AEO5BW83",,"Saaj Plastic Crysta Container (250ml, Transparent)","1 Piece","Jars Containers Holders","saaj",,,155.1119658119658,188,,12.20127,17.493635206401176,0.00012029026249587756,0.00019,0.00148,0.00174,0,155.08906793129532
"2026-04-01","HJ0P3HNXDG",,"Nestasia Groovo Stackable Food Storage Containers (Set of 6, 310ml + 520ml + 750ml + 1.2L)","6 pieces","Jars Containers Holders","Nestasia",,,1795.776250816722,2495,,21.23039,28.10643652691932,0.16512745062609935,0.21939,0.03654,0.01858,0.1355,1758.6980281347492
"2026-04-01","KUIF4W0W5S",,"Sumeet Heavy Stainless Steel Jointless Milk/Oil Can/Oil Pot with Tight Lid (1.9L, 12.5cm Dia)","1 Piece","Jars Containers Holders","Sumeet",,,556.1427913096971,1252.60692525,,58.27309,55.652857281089844,0.9818173720627836,0.81752,0.19822,0.2342,0,556.2821383258427
"2026-04-01","CFWBGCGD9V",,"Nestasia Spice Jar with Lid (250ml, Transparent, Grey Lid)","1 Piece","Jars Containers Holders","Nestasia",,,558.6375305181008,730,,46.08506,23.482524285840917,0.010269565328774847,0.01443,0.02779,0.00389,0.15947,547.6416585106441
"2026-04-01","DM6TSM4V93",,"Nayasa Plastic Square Masala Box (Yellow)","7 pieces","Jars Containers Holders","Nayasa",,,163.69399949117818,229,,27.97096,28.602615344552728,0.03228306706651724,0.04253,0.16961,0.20039,0,23.355127209581863
"2026-04-01","BCMIKV2RFY",,"Yera Glass Jars (325ml, Transparent)","4 pieces","Jars Containers Holders","Yera",,,265.1856077359173,303.7364493779904,,10.26498,12.692877192105575,0.003609283426371522,0.00587,0.00376,0.00097,0.01913,66.28584921181303
"2026-04-01","0L5QXDKADL",,"Larah by Borosil Comet Opalware Storage Bowl with Lid, Microwave Dishwasher Safe Kitchen Storage Container (400ml, White, Pack of 2)","2 pieces","Jars Containers Holders","Larah by Borosil",,,474.14287246803303,594.9966210548524,,53.83744,20.31051107240993,0.012753837432537399,0.01916,0.02283,0.02698,0,238.73212516591772
"2026-04-01","BYGE0GAGZL",,"Signoraware Modular BPA Free Plastic Cereal Dispenser (2.3L, Airtight Lid, Blue)","1 Piece","Jars Containers Holders","Signoraware",,,276.41027140022675,320,,12.45947,13.612270596567097,0.009874353302073879,0.01605,0.02779,0.00376,0.16016,27747.30200858571
"2026-04-01","07JDJN763V",,"Nestasia Groovo Food Storage Container (Set of 4, 520ml, Pink)","4 pieces","Jars Containers Holders","Nestasia",,,1119.536451794251,1795,,13.84064,37.62570715689204,0.05539625586108,0.06465,0.02034,0.00855,0.08535,1116.3442078463775
"2026-04-01","2C7TD4XLB6",,"Cello Plastic Store Fresh Container (15L, Assorted)","3 pieces","Jars Containers Holders","Cello",,,1725,1782,,3.32898,3.1986531986531985,0,0,0.00004,0.00005,0,575
"2026-04-01","EU3H6EVVM9",,"Neelam Stainless Steel Spice Box Set (825 ml, 10 Pieces, 7 Compartments, Silver)","1 pack","Jars Containers Holders","Neelam",,,552.0200547002017,711.9207420416666,,14.11014,22.46047470381464,0.005301212971748148,0.00761,0.0029,0.00342,0,552.7057297237583
"2026-04-01","36A7MW7D7H",,"Saaj Plastic Food Fresh Container (400ml, Red)","3 pieces","Jars Containers Holders","saaj",,,109.01545026529028,115,,19.57352,5.2011833936542144,0.0062476114803480896,0.01111,0.00072,0.00085,0,36.363433291639545
"2026-04-01","QGBQ2WDTWM",,"ExclusiveLane Ceramic 'Whispers of Warli' Serving Bowls (400 ml, Ivory White & Black)","2 pieces","Jars Containers Holders","ExclusiveLane",,,742.565569422476,1325,,15.01214,43.96330769156808,0.03516523710395833,0.03676,0.00046,0,0.00301,370.72161964766923
"2026-04-01","W9AN5LQLBQ",,"Tupperware Keep Tap Medium Storage Containers (1.2L, Secure Lid, Plastic)","2 pieces","Jars Containers Holders","Tupperware",,,545.1365953109073,790,,8.88501,30.88164113480569,0.011619425435506899,0.01606,0.02073,0.02449,0,28895.409819792992
"2026-04-01","1UVJHELAQX",,"Glass Ideas Hexa  Jar with Metal cap - 400ml","1 pack","Jars Containers Holders","Glass Ideas",,,99,129,,14.42025,23.25581395348837,0.006352170001975289,0.00914,0.08502,0.10039,0.00033,99
"2026-04-01","BLHYZD9DP7",,"Femora Borosilicate Glass Gold Print Square Jars (1.1L, 2 Pieces, Transparent)","2 pieces","Jars Containers Holders","Femora",,,1001.8199999999999,1140,,5.62281,12.121052631578952,0.0029161275756576376,0.00479,0.0002,0.00007,0.00088,507.76952933985325
"2026-04-01","2PSQONBWC5",,"Cello Modustack Glassy Airtight Storage Jar (750ml, Set of 2, Maroon) & Cello Modustack Glassy Airtight Storage Jar with Lid (2L, Maroon)","3 pieces","Jars Containers Holders","Cello",,,817.4805555555556,967,,2.81007,15.462196943582672,0.005256319955122892,0.00819,0.00063,0.00074,0,268.1594415740675
"2026-04-01","QIK35TF9FV",,"Glass Ideas Set of 6 Fancy Jars with Designer cap, 350ml each","1 pack","Jars Containers Holders","Glass Ideas",,,299,549,,12.47406,45.537340619307834,0.008777160301732692,0.00896,0.00052,0.00062,0,299
"2026-04-01","2ISU4QU66U",,"Nayasa Glassy Set of 4 With Tray (Brown)","4 pieces","Jars Containers Holders","Nayasa",,,1096.5550705467372,1245,,13.22679,11.923287506286167,0.005573256978477261,0.00917,0.0004,0.00047,0,273.3609229985255
"2026-04-01","TCUTXLM0W0",,"Joyo Fresherware Plastic Container Round (300ml, Grey)","1 Piece","Jars Containers Holders","Joyo",,,140,336,,11.1034,58.333333333333336,0.002148725582063522,0.00168,0.00746,0.00752,0.00713,140
"2026-04-01","RH2IWTPBLZ",,"Borosil Klip N Store Round Food Storage Container with Airtight Lid Borosilicate Glass for Lunchbox Microwave Dishwasher Safe (240ml, Transparent)","1 Piece","Jars Containers Holders","Borosil",,,251.16606561398797,315,,21.6655,20.345393780270633,0.030518618032745966,0.045,0.0354,0.01383,0.1542,247.7733645674796
"2026-04-01","NKKJ1Z5SPQ",,"Larah by Borosil Comet Opalware Storage Container with Air Tight Lid, Microwave Dishwasher Safe (800ml + 1.2L, White, Pack of 2)","2 pieces","Jars Containers Holders","Larah",,,731.3525857128917,945.0026266527196,,64.70017,22.606608969312674,0.030216453497768286,0.04487,0.03998,0.04723,0,36621.80163743478
"2026-04-01","2VLJYVQV6Q",,"Signoraware Storewell Stainless Steel Storage Container (1.1L, Airtight and Leakproof, Blue)","1 Piece","Jars Containers Holders","Signoraware",,,269.71906336296064,299,,30.44358,9.462097136500855,0.07896719994482163,0.13501,0.07644,0.03472,0.30634,273.16419204017984
"2026-04-01","9LY8CFJ0ZY",,"Heart Home SS Oil Dispensers for Kitchen use, Slim, Stylish and Trendy Look (Silver, 1L)","1 Piece","Jars Containers Holders","Heart Home",,,415,499,,9.84982,16.83366733466934,0,0,0,0,0,415.00000000000006
"2026-04-01","UMYI4VW7AT",,"P-TAL Brass Masala Box 7-Container with Spoon (100gm each, Golden)","1 pack","Jars Containers Holders","P-Tal",,,5088.219155844156,5690.880749181819,,6.79534,10.589952942245501,0,0,0.00984,0.01163,0,5088.219155844156
"2026-04-01","49SMQ5YH29",,"Signoraware Nano BPA Free Plastic Medium Container (90ml x 3, Airtight and Microwave Safe , Orange)","3 pieces","Jars Containers Holders","Signoraware",,,129.7571197570414,144.02847877637132,,17.56613,9.916477738966776,0.01143333045206032,0.01926,0.01715,0.01454,0.0315,4328.410305051629
"2026-04-01","R3R5YFAWIN",,"Ikea KLIPPKAKTUS Storage Box for Fridge (Transparent)","1 Piece","Jars Containers Holders","IKEA",,,482.85664902998235,718,,9.57664,32.746489925160844,0.00780582122834094,0.00988,0.00976,0.01153,0,48272.913166840015
"2026-04-01","PVS0Z8VRL2",,"MTL Plastic Pyramid Airtight Jar with Brown Lid (15 Pieces, 300ml, 600ml, 1.2L, Transparent)","15 pieces","Jars Containers Holders","mtl",,,675,749,,0.47868,9.879839786381842,0,0,0,0,0,45
"2026-04-01","QXOV3IB7BZ",,"Signoraware Nano Round Steel Storage Set (Set of 4)","4 pieces","Jars Containers Holders","Signoraware",,,386.7164179104478,474.8955223880597,,1.91685,18.56810610346345,0.0019146679740173174,0.00273,0.00105,0.00124,0,380.79646017699116
"2026-04-01","GOFZOTYTNX",,"IKEA CITRONHAJ Salt and Pepper Shakers (100ml, 12cm, Clear Glass and Stainless Steel)","2 pieces","Jars Containers Holders","IKEA",,,249,293.0300033108108,,6.76462,15.02969592935447,0.001958793588648979,0.00298,0.00047,0.00056,0,249.00000000000006
"2026-04-01","ZG0QQ0NO7L",,"HomeStop ESSNL Borosilicate Container (Set of 3)","3 pieces","Jars Containers Holders","HomeStop",,,1086.6322124756334,1595,,17.74702,31.872588559521418,0.015300269097781068,0.01956,0.00304,0.0036,0,362.65998794364185
"2026-04-01","OE1EQGLCND",,"Sumeet Stainless Steel Canisters / Dabba / Storage Containers with See Through Lid (11cm Dia, 800ml Each, Set of 4, Silver)","4 pieces","Jars Containers Holders","Sumeet",,,1099.5050378705823,2498.1362999999997,,37.4481,56.0577874356041,0.5322239786372627,0.43392,0.09284,0.03421,0.41591,273.7976532491893
"2026-04-01","2STCEDYSZT",,"Cello Glass Modustack Glassy Storage Jar (1500ml, Transparent, Maroon)","1 Piece x 2","Jars Containers Holders","Cello",,,398,538,,3.53982,26.022304832713754,,,,,,398
"2026-04-01","94LPYHHBQR",,"Saaj Plastic Maxx Container (1100ml, Pink)","3 pieces","Jars Containers Holders","saaj",,,276.11316922719266,340,,24.34486,18.789590602937256,0.010652882624575108,0.01608,0.02056,0.02429,0,92.00106901178412
"2026-04-01","IRU041HWGP",,"Signoraware Lock N Store Glass Square (Set of 2, 320ml Each)","2 pieces","Jars Containers Holders","Signoraware",,,399,599,,10.681,33.3889816360601,0.004022337549423554,0.00502,0.01756,0.00664,0.07773,399
"2026-04-01","1Z52V7Q4YH",,"LOCK & LOCK Food Storage Container Navy Blue( Lbf402Rn )","1 Piece","Jars Containers Holders","Lock & Lock",,,545,545,,7.25971,0,0.0020909785820455657,0.00392,0.00029,0.00034,0,545
"2026-04-01","NTPXSWQR27",,"Cello Stack Lock Kitchen Storage Containers Set (1.3L Each, Blue)","1 pack","Jars Containers Holders","Cello",,,304.66465863453817,389,,5.66912,21.68003634073569,0.0007464902892686755,0.00109,0.00168,0.00199,0,303.73362313590536
"2026-04-01","RNY8XKIPWV",,"Cello Modustack Glassy Airtight Storage Jar (750ml, Set of 2, Maroon) & Cello Modustack Glassy Airtight Storage Jar (1.5L, Maroon)","3 pieces","Jars Containers Holders","Cello",,,682.3931878306879,907,,3.19457,24.76370586210718,0.003479784339952515,0.00494,0.00001,0.00001,0,686.8520137433566
"2026-04-01","7ZT4VRYET6",,"HomeStop Kilim Jar (Set of 2, 800ml, Blue)","2 pieces","Jars Containers Holders","HomeStop",,,645.5394957983193,884.9381858823527,,7.32536,27.052588972113824,0.007154105085281138,0.00964,0.0005,0.00059,0,321.7306228824603
"2026-04-01","7MIUYN9NDR",,"Joyo Plastic Fresherware Container Square (4500ml)","1 Piece","Jars Containers Holders","Joyo",,,150,435,,50.01082,65.51724137931033,1.2880399287825923,0.83253,1.24417,1.46999,0,15000
"2026-04-01","LDI8O09WT0",,"Signoraware Trison Borosilicate Glass Square Jar with Steel Lid (800ml, Airtight and Heat Resistant , Clear)","1 Piece","Jars Containers Holders","Signoraware",,,446.55466270988876,549.3537523849371,,15.30492,18.71055162967659,0.009847686082796483,0.01504,0.01014,0.01198,0,447.8590802073617
"2026-04-01","V19460R6H6",,"Femora Borosilicate Round Storage Container with Air Vent Lid (940ml, Transparent)","1 Piece","Jars Containers Holders","Femora",,,496.6683602311217,580,,14.65926,14.369365189221908,0.009331032690609245,0.01498,0.03024,0.00045,0.19435,496.5522434301988
"2026-04-01","D4UG8T9C6H",,"Nayasa Refresh Plastic Storage Containers (2.1L, Set of 3, Grey)","3 pieces","Jars Containers Holders","Nayasa",,,556.8265938283208,636.72579375,,18.46835,12.548164309256192,0.026076319742328033,0.04266,0.01204,0.01423,0,185.37999329464006
"2026-04-01","2H66BL7UCU",,"Femora Stainless Steel Round Storage Container with Lid (850ml, Silver)","1 Piece","Jars Containers Holders","Femora",,,315,430,,6.31596,26.74418604651163,0,0,0,0,0,31500
"2026-04-01","3N7EHPE1MJ",,"Exclusivelane Ceramic 'Shades Of A Leaf' Hand-Painted Multi-Purpose Jars with Lids and Holders (4 Pieces, 220ml each, Brown and Green)","4 pieces","Jars Containers Holders","ExclusiveLane",,,1699,3175,,3.18283,46.488188976377955,0,0,0.00172,0.00002,0.01108,424.74999999999994
"2026-04-01","LL3463NTHX",,"LOCK & LOCK Food Storage Container Navy Blue( Lbf452Rn )","1 Piece","Jars Containers Holders","Lock & Lock",,,945,945,,4.97614,0,0.005438961629598291,0.01019,0.00574,0.00679,0,944.9999999999999
"2026-04-01","WDYBGAX4MN",,"Joyo Plastic Fresherware Round Container (1500ml)","1 Piece","Jars Containers Holders","Joyo",,,317.5455305755533,645.0498707916668,,17.68696,50.773753549621226,0.04970232491911006,0.04569,0.01354,0.016,0,317.77936892733067
"2026-04-01","3CHVQ19843",,"Nestasia Borosilicate Glass Lunch Box (Set of 2 Lunch Boxes 1040ml + 2 PVC Lids, Transparent and Dark Grey)","2 pieces","Jars Containers Holders","Nestasia",,,1130.3329242718323,1650,,44.27948,31.541948454928548,0.33162126050179297,0.42391,0.12004,0.07453,0.3708,562.5784033703198
"2026-04-01","3TRMDAK8XW",,"P-TAL Ghee Pot with Spoon and Lid 100% Pure Brass Oil Storage Jar for Kitchen (250ml, Golden)","1 pack","Jars Containers Holders","P-Tal",,,1794.454435075159,1844.3781328947368,,9.2845,2.706803823423295,0.003549426070871182,0.00647,0.00006,0.00007,0,1763.0067942254038
"2026-04-01","100000041","100000041","Dummy Product","100g","Jars Containers Holders","dummy",0.0411,,,,0,,,7.885055484179532e-8,,,,,
"2026-04-01","IA06IKLI25",,"Embassy Stainless Steel Premium Deep Dabba/Storage Container (1 L)","1 Piece","Jars Containers Holders","Embassy",,,230.154687100894,394.5278717777778,,29.4607,41.640521559258595,0.018954829241774645,0.02096,0.00548,0.00647,0,230.0020924607836
"2026-04-01","PX03EP1036",,"Sumeet Stainless Steel Nozzle Small Oil Dispenser / Oil Bottle / Oil Container / Oil Pourer / Vinegar Bottle / Olive Oil Bottle / Oil Can (350ml, Silver)","1 Piece","Jars Containers Holders","Sumeet",,,458.73475326320954,910.6602575000001,,37.42126,49.38009075552563,0.10480389841464992,0.10245,0.10317,0.08044,0.22841,475.55029380209885
"2026-04-01","GVI25YBTST",,"Nestasia Ribbed Borosilicate Glass Jars with Wooden Lids (610ml, Transparent)","4 pieces","Jars Containers Holders","Nestasia",,,1322.6278533089092,1890,,57.4511,30.00286456263157,0.07191515932468852,0.09475,0.26549,0.03764,1.52087,329.48145715353
"2026-04-01","V2R50DBDP4",,"Kuber Industries Fridge Organizers Storage Box Set for Vegetables and Grocery (Transparent White, 4 Compartments)","4 pieces","Jars Containers Holders","Kuber Industries",,,301.9330158841876,899,,16.62356,66.41456997951194,0.015811550676013145,0.00986,0.00568,0.00239,0.02379,79.10921422012831
"2026-04-01","GI49NYYIRX",,"HAZEL Plastic Chutney Sauce Bottle with Cap (430ml, Green)","1 Piece","Jars Containers Holders","Hazel",,,176.84932244174266,409,,6.84487,56.76055686020962,0.0003923342692249914,0.00012,0.00019,0.00023,0,120.26991729003225
"2026-04-01","VU2EZTZ15B",,"Kitchen Essentials Ke Silicone Storage Bag Red","1 Piece","Jars Containers Holders","Kitchen Essentials",,,330,330,,8.31629,0,0.002848979901218153,0.00534,0.00007,0.00008,0,330
"2026-04-01","T4DYQIOTXH",,"TEX-RO Black Cap Airtight Plastic Grocery Container (1.1L, Black)","4 pieces","Jars Containers Holders","Tex-Ro",,,535,1999,,3.42444,73.23661830915458,0,0,0.00003,0.00003,0,133.75
"2026-04-01","GLSNWPIDHE",,"JARSOME Mandala Collection Metal Airtight Kitchen Container Set (2 Pieces, 1100ml each, Beige Rangoli)","2 pieces","Jars Containers Holders","Jarsome",,,960.6608815426997,1099,,12.13034,12.587726884194753,0,0,0.00142,0.00031,0.00753,480.33044077134986
"2026-04-01","DOOIOWYVOX",,"Femora Borosilicate Glass Microwave Safe Square Food Storage Container with Air Vent Lid (500ml, Transparent)","1 Piece","Jars Containers Holders","Femora",,,309,420,,8.0303,26.428571428571427,0,0,,,,309
"2026-04-01","4Q1B9IWOGH",,"Femora Glass Steel Finish with See Through Window Jar (700ml, Silver)","1 Piece","Jars Containers Holders","Femora",,,267.4418843368119,294.8837688405797,,5.36048,9.30600033079592,0.0021103554823838164,0.00356,0.00044,0.00018,0.00187,269.37661531050117
"2026-04-01","FHWO0U6I91",,"Glass Ideas Glass Trendy Jar with Plastic Cap (2 Pieces, 700ml Each, Transparent)","2 pieces","Jars Containers Holders","Glass ideas",,,195,349,,2.90273,44.126074498567334,0.00022312212963748897,0.00023,0,0,0,97.5
"2026-04-01","T3VBK7O0DE",,"Neelam Stainless Steel Spice Box Set (10 Pieces, 1225ml, Silver)","1 pieces","Jars Containers Holders","Neelam",,,602.0830518826152,809.3591659825328,,13.8339,25.864600936232417,0.03726043639696867,0.04667,0.01288,0.01522,0,604.7689625904152
"2026-04-01","NRZEZFZS71",,"JARSOME Metal Mandala Collection Airtight Kitchen Container Set (2 Pieces, 850ml, Beige Rangoli)","2 pieces","Jars Containers Holders","Jarsome",,,673.887962962963,999,,2.22536,32.54374745115486,0,0,0.00081,0,0.00528,336.9439814814815
"2026-04-01","537HSP3B5O",,"Borosil Endura Jar with PP Lid Borosilicate Glass Kitchen Storage Container For Storing Spices Dals Grains Rice (600ml, Transparent)","1 Piece x 2","Jars Containers Holders","Borosil",,,713.8,850,,1.19332,16.023529411764706,,,,,,713.8
"2026-04-01","2O4TK9Q9UN",,"TREO Glass Cube Jar (180ml, Transparent)","3 pieces","Jars Containers Holders","Treo",,,341.5823317307692,382.4117447115385,,2.0779,10.67681982716503,0,0,0.00006,0.00007,0,113.86077724358977
"2026-04-01","AYWOKFP7WF",,"Sumeet Stainless Steel Flat Storage Canister (550ml, Silver)","1 Piece","Jars Containers Holders","Sumeet",,,170.00571380728013,566.7532762083333,,49.23627,69.99948350377225,0.21260488531528163,0.11932,0.38794,0.19221,1.46629,170.00762260581953
"2026-04-01","BYTAIBLVOR",,"Femora Kitchen Storage Jars Borosilicate Glass Jars For Kitchen With Wooden Lid Air Tight Jar (900ml, Clear)","1 Piece","Jars Containers Holders","Femora",,,669,835,,4.94465,19.880239520958085,0.0029368474294846785,0.00441,0.0001,0.00009,0.0002,669
"2026-04-01","K7NXUMNNAG",,"Agaro Glass Elegant Jar with Steel Lid (2250ml, Square Shaped, Transparent)","1 Piece","Jars Containers Holders","Agaro",,,356.470718977246,399,,17.23087,10.643500693280561,0.03113484183360204,0.05211,0.01217,0.01438,0,356.42677526332716
"2026-04-01","GQZHCO3HQP",,"Nestasia Nestro Square Airtight Food Storage Container (Set of 4, 300ml + 500ml + 800ml + 1.2L)","4 pieces","Jars Containers Holders","Nestasia",,,1824.2857242404339,2395,,36.64862,23.90463761042627,0.2373977252233235,0.33626,0.03699,0.01636,0.15066,1809.0417726786532
"2026-04-01","7FVM1ZI8FB",,"TREO Borosilicate Glass Clip Fresh Container (400ml, Transparent)","1 Piece","Jars Containers Holders","Treo",,,233,341.90579710144925,,2.86979,31.852574020303923,0,0,0,0,0,233
"2026-04-01","ZLB46ZG3ZR",,"Whitegold Glass Jar Set (6 Pieces, 125ml, Silver)","6 pieces","Jars Containers Holders","Whitegold",,,199,318,,1.03999,37.42138364779874,0.0002033615283024405,0.00024,0,0,0,33.166666666666664
"2026-04-01","BTEJM5KTN6",,"Joyo Multi Purpose Box (600ml Each, Pack of 3, Transparent)","3 pieces","Jars Containers Holders","Joyo",,,85.7404511480389,148.99908465217393,,40.04224,41.70219981438115,2.0269947141751703,2.21144,6.18243,7.30455,0,86.86862703219307
"2026-04-01","ILRQV99J6R",,"Embassy Stainless Steel Tea,Coffee,Sugar Canister/Storage Container (600 ml, Pack of 3)","3 pieces","Jars Containers Holders","Embassy",,,379.3724489795918,662.0663265306123,,5.3167,42.69872461757793,0,0,0.00001,0.00001,0,126.45748299319729
"2026-04-01","I10S9AVWTV",,"Joyo Plastic Fresherware Rectangle Container (10.5L)","1 Piece","Jars Containers Holders","Joyo",,,333.49165119433644,571.1801361666668,,49.0364,41.60955602753797,0.3863009547513544,0.42267,0.24578,0.29038,0,333.4427635120057
"2026-04-01","EWKC7MYUIA",,"Signoraware Clean Pour Glass Oil Dispenser (1L)","1 pieces","Jars Containers Holders","Signoraware",,,475.6590515522286,578.1314517916668,,9.37178,17.724217138993225,0.00852986500929699,0.01311,0.00568,0.00222,0.02474,47580.02058740445
"2026-04-01","J2Z47FMNED",,"Femora Borosilicate Glass Oil Dispenser and Stoppers Bottle with Handle (1000ml, Transparent)","1 Piece","Jars Containers Holders","Femora",,,1046.650709398626,1345,,30.33835,22.19275629669062,0.07010006175934003,0.10205,0.03278,0.03473,0.02203,104458.21659049286
"2026-04-01","WKMIMCTYTI",,"Borosil Classic Jar with Stainless Steel Lid Borosilicate Glass Kitchen Storage Container For Storing Spices Dals Grains Rice (600ml, Transparent, Pack of 2)","2 pieces","Jars Containers Holders","Borosil",,,676.8578184792451,823.9116606250002,,55.86944,17.770899280445576,0.12562620040783584,0.19283,0.0602,0.06068,0.05754,33824.924592061834
"2026-04-01","4NIDVUSAMQ",,"Larah by Borosil Confetti Opalware Storage Bowl with Lid, Microwave Dishwasher Safe Kitchen Storage Container (800ml, White, Pack of 2)","2 pieces","Jars Containers Holders","Larah by Borosil",,,613.2570245195312,795.0121707172995,,16.92345,22.861932545482887,0.00788025922171957,0.01136,0.00516,0.0061,0,306.8000060169399
"2026-04-01","IJWPR2GC51",,"Signoraware Safe Store Tempered Glass Square Set (Pack of 2, 320ml + 520ml, Glassware)","2 pieces","Jars Containers Holders","Signoraware",,,546.8868025751073,778,,8.22133,29.706066507055617,0,0,0.00436,0.00131,0.02117,546.8868025751073
"2026-04-01","G4QDRC4WTK",,"Femora Borosilicate Airtight Jar with Bamboo Lid (1L, Transparent)","1 Piece","Jars Containers Holders","Femora",,,437.1508552102164,560,,21.76661,21.937347283889927,0.0038788333766214553,0.0057,0.00969,0.00593,0.03043,438.80464468218725
"2026-04-01","TD8YZ37ZK3",,"UTENSILA Kitchen Smart Square Bucket Cereal Machine (3.7L)","1 Piece","Jars Containers Holders","Utensila",,,904.1433690863607,1496.433369916318,,20.00699,39.59835876587489,0.027320853925439287,0.0292,0.00239,0.00282,0,855.6041217917336
"2026-04-01","CCJ7F9F95T",,"Tupperware Square Away Containers (375ml, Space-Saving, Stackable Food Storage Solution, Plastic)","4 pieces","Jars Containers Holders","Tupperware",,,921.0032051282052,1200,,19.31188,23.044478182636073,0.014196936881491129,0.02155,0.02976,0.03517,0,24284.550871082527
"2026-04-01","7BAGIK98YP",,"Nestasia Tall Fluted Borosilicate Glass Jars with Airtight Lids (4 Pieces)","4 pieces","Jars Containers Holders","Nestasia",,,1845.5524060676432,2700,,58.47892,31.666372608561453,0.09266091296901342,0.11634,0.58849,0.06109,3.4943,454.163438830986
"2026-04-01","O97AXL152F",,"Nayasa Cosmic Plastic Container (1L, Blue)","1 Piece","Jars Containers Holders","Nayasa",,,195,265.9831464606741,,4.22914,26.687084277788653,0.001355423771185606,0.00187,0.01102,0.00269,0.0569,195
"2026-04-01","C5084N34BQ",,"ANJALI Polypropylene Single Deck Sprout Maker (880ml, BPA Free and Durable, White & Transparent)","1 Piece","Jars Containers Holders","Anjali",,,194.76587158736558,285,,27.50008,31.674209127112597,0.06029650129117522,0.07704,0.00437,0.00516,0.00001,194.59359458467057
"2026-04-01","UTDKC1L4GH",,"Neelam Stainless Steel Deep Dabba (Silver)","1 Piece","Jars Containers Holders","Neelam",,,456.71099879238176,541.51328964539,,5.46068,15.668509193120183,0.008708861524302816,0.01431,0.00008,0.0001,0,459.98584543520826
"2026-04-01","ZP4Y6WU7H0",,"Java Plastic Airtight Food Saver Set (3L, 1.4L, 600ml, Transparent)","3 pieces","Jars Containers Holders","Java",,,234.7617937857506,594.958223875,,76.50279,61.08089517558099,1.7006579756517652,1.2405,2.30436,2.72261,0,77.1796267336464
"2026-04-01","F219AJQL30",,"Femora Borosilicate Glass Leak Proof Oil Dispenser (500ml, Transparent)","1 Piece","Jars Containers Holders","Femora",,,440.10645166947245,600,,32.54339,26.64892472175459,0.0008940233225371442,0.00141,0.00447,0.00311,0.01195,440.99132224185826
"2026-04-01","6SXEHN785N",,"Joyo Storewell Plastic Container Set (3 Pieces, 200ml, German Lavender)","3 pieces","Jars Containers Holders","Joyo",,,169.26550925925923,293,,8.79846,42.23020161800026,0.0028102261005416495,0.00304,0.00231,0.00273,0,5634.590330654953
"2026-04-01","25UBYI17PF",,"JARSOME Mandala Collection Metal Airtight Kitchen Container Set (2 Pieces, 1400ml each, Beige Rangoli)","2 pieces","Jars Containers Holders","Jarsome",,,1096.7811293436293,1399,,5.56753,21.60249254155615,0,0,0.00144,0.00039,0.00724,548.3905646718147
"2026-04-01","EEDZBG23GE",,"Saaj Plastic Maxx Container (250ml, Pink)","3 pieces","Jars Containers Holders","saaj",,,129.00132496513248,149,,18.20734,13.421941803027762,0.008031437414457611,0.01303,0.01684,0.0199,0,43.00002410329404
"2026-04-01","2LQ3V6Q2IB",,"Joyo Plastic Fresherware Container Round (200ml)","1 Piece","Jars Containers Holders","Joyo",,,61.5117398041773,165.5689184166667,,15.88735,62.869957955439475,0.016422402662914067,0.01143,0.00436,0.00515,0,60.52047909573781
"2026-04-01","2PLYHV24OU",,"Nayasa Retro Plastic Storage Round Container (500ml, Brown)","1 Piece","Jars Containers Holders","Nayasa",,,41.597225856699296,75,,54.93148,45.07497200562879,0.37386194398668904,0.38394,2.49806,2.41103,2.97756,41.172899679261256
"2026-04-01","IOP2467UAV",,"Nayasa Plastic Round Storage Container (500ml, Brown)","1 Piece x 3","Jars Containers Holders","Nayasa",,,124.08,225,,12.77445,44.85333333333333,,,,,,124.08
"2026-04-01","Z9GH12UWZO",,"Nayasa Hermit Plastic Airtight Storage Containers (1L, Set of 2, Green)","2 pieces","Jars Containers Holders","Nayasa",,,194.2870732495165,309,,48.00604,37.08472975663305,0.05516565156200496,0.06454,0.20675,0.10193,0.78424,96.76868558538844
"2026-04-01","UZHXW6UP7O",,"Nestasia Leakproof Rectangular Food Containers (Set of 3, 600ml + 1L + 1.5L)","3 pieces","Jars Containers Holders","Nestasia",,,1729.5093523403998,2295,,35.73474,24.464276542495483,0.15997453808961323,0.22891,0.03782,0.02479,0.10959,1752.6146389135017
"2026-04-01","8NFUPHHPDY",,"Nayasa Plastic Printed Small Bread Box (2L, Orange)","1 Piece","Jars Containers Holders","Nayasa",,,115,155,,6.36327,25.806451612903224,0.0012391623691560977,0.00172,0.00003,0.00003,0,114.99999999999999
"2026-04-01","4BOFGRIBA8",,"Embassy Stainless Steel Square Paneer Mould/Maker/Press (11.5 cm x 11.5 cm)","1 Piece","Jars Containers Holders","Embassy",,,411.2430750396008,675.2697561855671,,21.28543,39.088454126140434,0.032154143531593425,0.03725,0.00015,0.00018,0,410.1849910492872
"2026-04-01","9XQI4EXV4D",,"Tupperware Freezer Mate II Small High Storage Set (1.1L, Plastic)","4 pieces","Jars Containers Holders","Tupperware",,,1232.8005934075009,2200,,34.56932,43.93613229383408,0.04220615039518434,0.04894,0.03047,0.036,0,34047.25597608808
"2026-04-01","QBQABEACYD",,"Tupperware Smart Dispenser Kitchen Storage Container (5kg, Plastic)","1 pieces","Jars Containers Holders","Tupperware",,,2099.9060283687945,2590,,24.94123,18.908891223378856,0.06625230816345914,0.10548,0.00539,0.00636,0,219959.2812237632
"2026-04-01","FKHAGIDKES",,"TEX-RO Airtight and Stackable Fridge Container Set (300ml)","3 pieces","Jars Containers Holders","Texro",,,488.2885572139304,999,,2.17131,51.122266545152115,0.0009582932395006513,0.0009,0.00014,0.00017,0,162.76285240464344
"2026-04-01","G8JRIRJBGC",,"Signoraware Smart Twin Steel Container Set (Pack of 2, 500ml + 350ml, Steelware)","2 pieces","Jars Containers Holders","Signoraware",,,466.5641960470085,529,,10.46259,11.80260944290954,0.004735829552967683,0.00779,0.00145,0.00172,0,464.55266051168076
"2026-04-01","UT4GNBOWE1",,"ARISTO Swift Plastic Storage Containers (3 Pieces, 300ml, Color May Vary)","3 pieces","Jars Containers Holders","Aristo",,,79,83.5658174860335,,12.3031,5.459609439802217,0.006286748982021391,0.01112,0.01354,0.016,0,26.333333333333325
"2026-04-01","GS8BN53X6W",,"La Opala Borosilicate Glass Storage Mini Container (235ml, Transparent)","1 Piece","Jars Containers Holders","La opala",,,255,275.06703703703704,,3.55417,7.29532598787367,0,0,0.00028,0.00034,0,254.99999999999994
"2026-04-01","Z95ADJ3HTY",,"Cello Glass Classic Storage Canisters (600ml, White)","2 pieces","Jars Containers Holders","Cello",,,277.6661111111111,325,,0.05169,14.5642735042735,0.00041554817953121337,0.00065,0.00006,0.00007,0,137.30283442583152
"2026-04-01","VLIZ96RCZR",,"YouBee Airtight Dry Fruit Container Set With Serving Tray and Lid, Plastic Dry Food Storage Box (500 ml, Blue, Pack of 4)","4 pieces","Jars Containers Holders","Youbee",,,359,1298.0715098387097,,8.93751,72.34358837098219,0.017303763852556907,0.00897,0.00176,0.00148,0.00332,89.75
"2026-04-01","CCN225I2X4",,"Borosil Klip N Store Round Food Storage Container (400ml, Transparent, with Airtight Lid, Borosilicate Glass)","1 Piece","Jars Containers Holders","Borosil",,,289.24135452610886,395.16594595833334,,64.41169,26.761657594046746,0.44821878460449566,0.61446,0.36845,0.29123,0.79393,28963.476311362854
"2026-04-01","GJHZ7RI66V",,"Nestasia Glass Vintage Patterned Jar with Lid (Set of 4, 700ml, Transparent and Beige)","4 pieces","Jars Containers Holders","Nestasia",,,1772.542440962276,2645.9581562916665,,62.60814,33.00977336781603,0.05289068835199521,0.06663,0.07765,0.01182,0.44032,443.28463822297476
"2026-04-01","SHA37ABKW8",,"Sumeet Airtight and Leak Proof Steelexo S.S. Container/Lunch Box with Stainless Steel Lid (600ml, Red)","1 Piece","Jars Containers Holders","Sumeet",,,355.83845962740725,664.0517858333333,,20.51607,46.41886261338862,0.017198246078437715,0.01733,0.01036,0.00244,0.05397,356.8753899950523
"2026-04-01","DGMPT9HB5G",,"Saaj Stainless Steel Orbit Container (225ml, Red)","2 pieces","Jars Containers Holders","saaj",,,246.81828696809407,410,,11.60664,39.8041471265754,0.026353543712513906,0.02954,0.00236,0.00279,0,123.16734168660379
"2026-04-01","X1WGMUVZ1L",,"Saaj Plastic Crysta Container (400ml, Transparent)","1 Piece","Jars Containers Holders","saaj",,,139.95293580551393,210,,11.65403,33.35574485451717,0.001007215116592276,0.00125,0.00439,0.00519,0,139.72140633199913
"2026-04-01","AIIZK5KBQB",,"ARISTO Lock & Fresh 403 Plastic Storage Container (10.8L, Color May Vary)","1 Piece","Jars Containers Holders","Aristo",,,279.2645534897307,491.281870625,,33.14033,43.45909746140638,0.9339865487555514,0.97746,0.68899,0.81404,0,279.5916397992407
"2026-04-01","V8HHUDXXFY",,"Femora Borosilicate Glass Food Storage Container with Air Vent Lid (400ml, Transparent)","1 Piece","Jars Containers Holders","Femora",,,278.8254521034794,345.01117040268457,,21.83074,19.183645046030126,0.00661673183926686,0.00992,0.00984,0.00063,0.06058,283.5274026450416
"2026-04-01","4MCIZS4PMO",,"LocknLock Sorta Premium Food Containers with Lids (110ml, Pack of 3, Tritan, Airtight)","3 pieces","Jars Containers Holders","Lock & Lock",,,796.5285655929039,975.0131745833332,,16.84,18.298245439907546,0.026960942390443648,0.04141,0.02315,0.02735,0,266.31949173655346
"2026-04-01","2OIFMGOG9W",,"CLASSIC ESSENTIALS Steel Capsule Utility Container (650ml, Set of 2, Silver)","2 pieces","Jars Containers Holders","Classic Essentials",,,476.46108780967023,714.5698227319587,,17.21537,33.3219690151406,0.004118262798622819,0.00524,0.00032,0.00037,0,476.5838270008047
"2026-04-01","YEI7RDTGK4",,"Nayasa Refresh Plastic Storage Containers (750ml, Set of 3, Grey)","3 pieces","Jars Containers Holders","Nayasa",,,303.70681593881073,445,,6.28209,31.76746558391006,0.009959726773861225,0.01255,0.00116,0.00037,0.00555,99.72302977416611
"2026-04-01","8MOR7QKMGT",,"Pasabahce Glass Zest Printed Jar (1L, Transparent)","2 pieces","Jars Containers Holders","Pasabahce",,,554.5833333333333,720,,5.49411,22.974537037037038,0.0006906617942347036,0.00078,0,0,0,225.44333735909817
"2026-04-01","RAXLKJ50B1",,"Signoraware Trison Borosilicate Glass Round Jar with Steel Lid (250ml, Airtight and Preserve Freshness , Clear)","1 Piece","Jars Containers Holders","Signoraware",,,279.1552940453247,320,,15.92765,12.764338531843414,0.009925577385146286,0.01622,0.00646,0.00763,0,279.09333534928226
"2026-04-01","YNZ60LYDN4",,"Glass Ideas Glass Glanzy Jar (300ml, Transparent)","3 pieces","Jars Containers Holders","Glass ideas",,,209.2361591246615,399,,14.3042,47.59292707613553,0.02787395891232225,0.02673,0.00585,0.00691,0.00002,69.66995441195695
"2026-04-01","GHHGAEAR91",,"Pasabahce Glass Viva Jar (1500ml)","1 Piece","Jars Containers Holders","Pasabahce",,,551,775,,0.12425,28.903225806451612,0,0,0,0,0,551
"2026-04-01","3PPUBMA9UA",,"Home Centre Vault Trove Glass Modular Storage Canisters (Set of 5)","1 pack","Jars Containers Holders","Home Centre",,,1289.0570987359265,1299,,30.15072,0.764687787146901,0.11671512845822098,0.21709,0.01581,0.01868,0,1289.1249961545277
"2026-04-01","3F627TK7R1",,"Nayasa Fusion Plastic Storage Containers (1.5L, Set of 3, Stackable, Multipurpose, Grey)","3 pieces","Jars Containers Holders","Nayasa",,,430.3252753482345,475,,5.06801,9.405205189845365,0.005162888762402809,0.00874,0.00139,0.00128,0.002,143.03015731116457
"2026-04-01","Y62N48K3RU",,"Cello Airlock Canister Set (450ml x 2, 900ml x 2, 1350ml x 2, White)","1 pack","Jars Containers Holders","Cello",,,836.575118249098,1399,,35.53543,40.20540347496757,0.11541016136811418,0.12934,0.01596,0.01886,0,836.5313070459962
"2026-04-01","S7PIYUHPWD",,"MTL Plastic Kitchen Grocery Jar (475ml, Transparent)","2 pieces","Jars Containers Holders","mtl",,,309,342,,0.21758,9.649122807017545,0,0,0,0,0,154.5
"2026-04-01","9J89A95ROU",,"Joyo Plastic Better Home Linea Container Set (1500ml, Grey)","3 pieces","Jars Containers Holders","Joyo",,,219.02102047186966,408.8880516666667,,47.1859,46.95586747851714,0.5647138605410537,0.56139,0.71186,0.82358,0.09629,7222.547239827002
"2026-04-01","40CAE5JJ9S",,"Signoraware Lock N Store Borosilicate Glass Rectangle Container (180ml, Microwave Safe and Direct Fridge to Oven , Clear)","1 Piece","Jars Containers Holders","Signoraware",,,294.19836280275786,332.4402063555556,,26.99604,11.521200206197287,0.034740863801500786,0.05699,0.00163,0.00193,0,295.96838492246025
"2026-04-01","XYMH3XYC6J",,"CATRON Salt & Pepper Grinder Shakers (Stainless Steel)","1 Piece","Jars Containers Holders","Catron",,,999,999,,1.2945,0,,,0.00118,0.00139,0,99900
"2026-04-01","Z8NMMARY03",,"HomeStop Grace Orion 2 Tier Bowl Set (450ml)","1 pack","Jars Containers Holders","HomeStop",,,566.4479166666666,795,,1.84595,28.74868972746331,0,0,0.00005,0.00006,0,566.4479166666666
"2026-04-01","9J1NV7I4JH",,"Java Plastic Regalia Grocery Container (1000ml, Transparent, Brown)","2 pieces","Jars Containers Holders","Java",,,164.39545158986246,351.77558783333336,,41.7172,52.947274234568305,0.11978051572163265,0.10406,0.15075,0.17811,0,83.5739674750073
"2026-04-01","RPHC8KQUYV",,"JARSOME Metal Maroc Collection Airtight Kitchen Container Set (2 Pieces, 1400ml each, Moroccan Pink Pastel)","2 pieces","Jars Containers Holders","Jarsome",,,1101.6432107496464,1399,,5.90375,21.254952769860868,0,0,0.0023,0.0004,0.01281,550.8216053748232
"2026-04-01","4U7J3OJNTM",,"Tupperware within Reach Kitchen Storage Container Set (800ml, Canister, Plastic)","4 pieces","Jars Containers Holders","Tupperware",,,1159.6611501818604,1760,,28.13086,34.01296081417525,0.049130226732885654,0.06657,0.02072,0.02448,0,31790.79225223636
"2026-04-01","MG46YG9F49",,"JARSOME Mandala Collection Metal Airtight Kitchen Container Set (3 Pieces, 850ml each, Blue Elephants, Vacuum-Sealed)","3 pieces","Jars Containers Holders","Jarsome",,,986.7071428571428,1199,,7.41864,17.705826283807937,0,0,0.01016,0.00202,0.05499,328.902380952381
"2026-04-01","7KSLUHKK9B",,"LOCK & LOCK  Food Storage Container Mint( Lbf401Rm )","1 Piece","Jars Containers Holders","Lock & Lock",,,445,445,,8.72529,0,0.00028451428912501823,0.00053,0.01514,0.01788,0,444.99999999999994
"2026-04-01","RY3RASAPF4",,"Ocean Glass Pop Jar Set (500ml, Transparent)","6 pieces","Jars Containers Holders","O'cean",,,1600,1728,,2.88274,7.407407407407407,0,0,0.00003,0.00003,0,266.6666666666665
"2026-04-01","1ZONJDE72I",,"Cutting EDGE Essentials Modular Plastic Kitchen Storage Container (2 Pieces, 1800ml, Royal Blue)","2 pieces","Jars Containers Holders","Ce Essentials",,,199,325,,4.35372,38.76923076923077,0.009611709969766293,0.01103,0.0026,0.00084,0.01232,99.49999999999999
"2026-04-01","LXOX5F3K61",,"Tupperware Plastic Storage Container (2.5L, Stackable Smart Storer #2)","1 Piece","Jars Containers Holders","Tupperware",,,546.7956283995463,725,,26.52537,24.43806836719825,0.028978442231602574,0.04434,0.03123,0.0369,0,59138.26574490091
"2026-04-01","AVEUNS5N6K",,"LocknLock Sorta Premium Food Containers with Lids (120ml, Pack of 4, Tritan, Airtight)","4 pieces","Jars Containers Holders","Lock & Lock",,,1056.8090934555642,1300,,12.78241,18.706064365122327,0.019528270381487845,0.02982,0.00483,0.00571,0,264.7389187185249
"2026-04-01","6LDA7FMG1X",,"Clazkit Airtight Plastic Lock Food Storage Container (2.5L, 4 Section, Transparent with Black Lid)","1 Piece","Jars Containers Holders","Clazkit",,,129.276914872694,200.31435370833333,,60.10202,35.78227754550626,0.7787395906474747,0.93277,1.72848,2.01434,0.15347,128.89187795018762
"2026-04-01","FN4W2ETQW8",,"Saaj Plastic Maxx Container (1500ml, Pink)","3 pieces","Jars Containers Holders","saaj",,,266.91598655876896,465.783040794979,,13.44796,42.691241309558386,0.021113147348758094,0.02262,0.00931,0.011,0,88.78530418477547
"2026-04-01","H6PXXLDUL1",,"Glass Ideas Glass Jar with Lid (1L, Transparent)","1 Piece","Jars Containers Holders","Glass ideas",,,236.50872069160033,299,,21.36759,20.737133594933535,0.03351666577121978,0.04995,0.00068,0.00081,0,239.71688487535104
"2026-04-01","KR34VBWMVR",,"HomeStop Totem Jar (Set of 3, 500ml, Ivory)","3 pieces","Jars Containers Holders","HomeStop",,,645.2530674846626,995,,7.80288,35.15044547892838,0.0038180167686291213,0.00462,0.0003,0.00035,0,214.08018085089878
"2026-04-01","O7XMEHZHK8",,"Deli Glass Candy Jar (Transparent)","1 pack","Jars Containers Holders","Deli",,,299.70659722222223,499,,11.55435,39.93855767089735,0.0009571421365102601,0.00108,0.01133,0.01338,0,299.2304434479322
"2026-04-01","K1FYYK0P22",,"Pasabahce Glass Viva Jar (2500ml)","1 Piece","Jars Containers Holders","Pasabahce",,,649.1358024691358,950,,13.7308,31.56822427414223,0.023694879505707096,0.03219,0.0007,0.00083,0,688.1300194322157
"2026-04-01","B25XGBSCO5",,"Cutting EDGE Eco-Storage Plastic Round Container Set (6 Pieces, Dark Blue)","6 pieces","Jars Containers Holders","Cutting Edge",,,336.2355967078189,500,,7.48727,32.75288065843622,0.012634890123530309,0.016,0.00212,0.00033,0.01193,56.277632786095715
"2026-04-01","K84VLWT3WH",,"YouBee Plastic Air Tight and BPA Free Storage Jar and Container Set (800 ml Each, Black, Pack of 4)","4 pieces","Jars Containers Holders","Youbee",,,406.074754548256,899,,31.42062,54.89499861043192,0.17328915452896954,0.14469,0.44549,0.03828,2.68908,100.24515429167802
"2026-04-01","2JGH4PFWIA",,"Borosil Klip N Store Rectangle Borosilicate Glass Storage Container (370ml, Microwave Safe)","1 Piece","Jars Containers Holders","Borosil",,,347.11523018044755,395,,15.43434,12.135062543311992,0.012778777997329209,0.02095,0.01243,0.00738,0.04023,345.4791215452966
"2026-04-01","5OOMVEL0ND",,"Cutting EDGE Essentials Modular Plastic Kitchen Storage Container (2 Pieces, 2400ml, Royal Blue)","2 pieces","Jars Containers Holders","Ce Essentials",,,299,400,,9.49072,25.25,0.0025832669609361903,0.00362,0.006,0.00098,0.03366,149.5
"2026-04-01","W8EN0N7NHP",,"UTENSILA Plastic Transparent Rice Bucket (10 jin, 29cm)","1 pack","Jars Containers Holders","Utensila",,,1776.300464177027,4999,,14.15323,64.46688409327813,0,0,0.00109,0.00128,0,1776.300464177027
"2026-04-01","ERJSQTVFY0",,"Homestop Bella Flair Jar , Pink, 750ml","2 pieces","Jars Containers Holders","HomeStop",,,995,995,,12.0872,0,0,0,0.00263,0.00311,0,49750
"2026-04-01","W1P07DVVCK",,"Home Centre Polypropylene Omnis Aruba Storage Containers (4 Pieces, Rectangular)","4 pieces","Jars Containers Holders","Home Centre",,,794.6867763879746,798.673725437788,,26.26282,0.4992863562851463,0.08149674876620625,0.152,0.01962,0.02318,0,198.6922860577049
"2026-04-01","PJ20S3VNK5",,"Agaro Glass Elegant Jar with Steel Lid (3500ml, Transparent)","1 Piece","Jars Containers Holders","Agaro",,,408.6964674466216,449.243570125523,,38.44138,9.096444756656254,0.18052383682357806,0.30744,0.04821,0.05696,0,408.5394861454747
"2026-04-01","SGTH8I7PHW",,"Nestasia Nestro Airtight Clip Lock Square Containers (Set of 4, 160ml + 300ml + 500ml + 800ml)","4 pieces","Jars Containers Holders","Nestasia",,,1269.2410467140553,1795,,29.33487,29.374398444966754,0.14004261425949488,0.18429,0.03781,0.02073,0.13192,1265.5864660564748
"2026-04-01","HH0SIF5GDU",,"Femora Borosilicate Glass Food Storage Container with Air Vent Lid (620ml, Transparent)","1 Piece","Jars Containers Holders","Femora",,,399.66791561429,460,,41.52069,13.118275344703328,0.026619448503294268,0.0435,0.01436,0.00028,0.09193,39966.860723029815
"2026-04-01","H64SQJV9LA",,"Joyo Plastic Fresherware Square Container (3 L, Brown)","1 Piece","Jars Containers Holders","Joyo",,,169,336,,26.16885,49.70238095238095,0.034594481871222715,0.0326,0.00826,0.00976,0,169
"2026-04-01","5W2ZT17P8O",,"LocknLock Nlq305A 060 Sq Flip Tite Storage Container","1 Piece","Jars Containers Holders","Lock & Lock",,,389,389,,6.54397,0,0.00012431912296224665,0.00023,0.00038,0.00045,0,389
"2026-04-01","LMLDHAX90H",,"Home Centre Glass Glassify Delish Round Food Containers (3 Pieces, 400ml)","3 pieces","Jars Containers Holders","Home Centre",,,489,499,,9.66892,2.004008016032064,0.011805520418953469,0.02169,0.00063,0.00074,0,163
"2026-04-01","HM21HS6WPY",,"Nestasia Metal Jars with Lids (Set of 2, 400ml each, Sage Green & Coral)","2 pieces","Jars Containers Holders","Nestasia",,,803.3341635826584,1050,,59.85981,23.632112042928703,0.07564857002352389,0.10553,0.44668,0.12116,2.24014,390.7952271406599
"2026-04-01","I946EA3T5C",,"Nayasa Plastic Use Max Container (5L, Red)","2 pieces","Jars Containers Holders","Nayasa",,,299,405,,3.4852,26.17283950617284,0.002201484469123118,0.00305,0.00148,0.00175,0,149.5
"2026-04-01","88DOQDYQW2",,"Joyo Plastic Storewell 4-Pieces Printed Container Set (500ml,2 L,5 L,7.5 L, German Lavender, 50 or 200 or 500 or 750)","4 pieces","Jars Containers Holders","Joyo",,,286.6244348244348,575.3603800416666,,18.34502,50.17826520643042,0.03574865446958826,0.03339,0.00312,0.00368,0,71.81643900155612
"2026-04-01","T9Z7032XK5",,"HAZEL Squeeze Plastic Bottle with Cap (610ml, Transparent)","1 Piece","Jars Containers Holders","Hazel",,,220.39644548467155,478.936853,,8.95063,53.97041901595396,0.026498390838804793,0.02382,0.00262,0.00309,0,237.2942230272218
"2026-04-01","FABHBGO9S2",,"HOME ESSENTIALS Kitchen Storage Container Bottles (Set of 2, Transparent)","2 pieces","Jars Containers Holders","HomeEssentials",,,1069.832379183336,1999,,29.76469,46.58287207486263,0.10993839330328972,0.10351,0.00409,0.00483,0,1005.0744116020841
"2026-04-01","UEF3IKC0WW",,"Peepul Tree Brass Hand Tea/Sugar/Spice Jar with Lid (700ml)","1 Piece","Jars Containers Holders","Peepul Tree",,,1699,2995.6156462585036,,2.8239,43.28377867427567,0,0,0.00034,0.00041,0,1698.9999999999998
"2026-04-01","33XRGQMWAT",,"Neelam Stainless Steel Oil Dispenser (1L, Silver)","1 Piece","Jars Containers Holders","Neelam",,,399.03290043290036,494.7351635813954,,17.25479,19.349383344619447,0.020591313993114094,0.02937,0.00226,0.00267,0,39911.86822712449
"2026-04-01","MG0S0M2XP1",,"Milton Plastic Quadra Container (6L/8L/12L, Blue)","1 Piece","Jars Containers Holders","Milton",,,620,845,,5.41087,26.62721893491124,0.006754864198113801,0.00929,0.00035,0.00041,0,62000
"2026-04-01","4GRABD0TDL",,"Larah by Borosil Lupin Opalware Storage Bowl with Lid, Microwave Dishwasher Safe Kitchen Storage Container (400ml + 800ml + 1.2L, White, Pack of 3)","3 pieces","Jars Containers Holders","Larah by Borosil",,,905.8954761904762,1195,,16.65115,24.19236701234433,0.022925367156630592,0.03258,0.00124,0.00146,0,301.9890037014674
"2026-04-01","YJXU04ZZ0P",,"Nayasa Plastic Retro 88 Storage Container (200ml, Brown)","4 pieces","Jars Containers Holders","Nayasa",,,135,179,,2.32892,24.58100558659218,0,0,0.00001,0.00001,0,33.75
"2026-04-01","0FK6FJSPK2",,"Clazkit Plastic Fridge Storage Boxes (Pack of 6, Stackable, Removable Drain Plate)","6 pieces","Jars Containers Holders","Clazkit",,,278.2301233055868,452.00236270833324,,49.97904,46.02232726763569,2.816786428334387,2.85294,2.63968,3.09083,0.15406,40.83274306642648
"2026-04-01","H04KOWCAUW",,"TREO Glass Cube Jar (180ml, Transparent)","6 pieces","Jars Containers Holders","Treo",,,669,737.9251846022727,,10.37182,9.340402799698733,0.0021437374691051607,0.00361,0.00024,0.00028,0,111.5
"2026-04-01","ET45A86OZO",,"Home Centre Glass Pamolive Oil Bottle (500ml, Transparent)","1 Piece","Jars Containers Holders","Home Centre",,,390.09943431568433,399,,15.95039,2.2307182166204744,0.002934353373005498,0.00538,0.01458,0.01723,0,390.5787801719854
"2026-04-01","ADHKGTL21P",,"Embassy Stainless Steel Deep Dabba/Canister/Containers (1 L/1.3 L/1.7 L, Pack of 3, Sizes 10-12)","3 pieces","Jars Containers Holders","Embassy",,,936.7665701108799,1528.0669611874996,,5.47129,38.695973808445224,0,0,0.00187,0.00221,0,312.25552337029336
"2026-04-01","2IOV07CDTX",,"Tupperware Modular Mate Rectangular Dry Storage Container (4.3L, Plastic)","1 Piece","Jars Containers Holders","Tupperware",,,656.8048386779091,1100,,27.15863,40.204482166795735,0.03558136083498475,0.04023,0.04917,0.0581,0,66362.0297808986
"2026-04-01","HF235P5G9B",,"Home Centre Glass Regal Storage Jars (600ml, Pack of 6, Transparent)","6 pieces","Jars Containers Holders","Home Centre",,,775,799,,2.5207,3.0037546933667083,0.0015326936317058468,0.00279,0.00004,0.00004,0,129.1666666666667
"2026-04-01","2OT3ZJXOHW",,"Cutting EDGE Plastic Round Slim Storage Kitchen Container (2 Pieces, 585ml, Royal Blue)","2 pieces","Jars Containers Holders","Cutting Edge",,,158.99605055292258,235,,8.16493,32.34210614769252,0.0012017515219683843,0.00152,0.006,0.00268,0.0243,79.49949762880799
"2026-04-01","0S2HQ5Z0ZG",,"Sugar Homeware Stainless Steel Modular Storage Container (900ml, Assorted)","3 pieces","Jars Containers Holders","Sugar Homeware",,,335.4266666666667,567.0571428,,4.86437,40.84781914386871,0,0,0.00009,0.00011,0,111.80888888888889
"2026-04-01","RQ1B9C7X6Z",,"Signoraware Executive Microsafe Stainless Steel Container (500ml, Airtight and Leakproof and Microwave Safe , Magenta)","1 Piece","Jars Containers Holders","Signoraware",,,199,240.09464285714284,,13.63808,17.115843519806063,0.010014596016403204,0.01556,0.01328,0.01569,0,199
"2026-04-01","TY6KZ7UA4O",,"Signoraware Modular BPA Free Plastic Cereal Dispenser (1.1L, Airtight Lid, Blue)","1 Piece","Jars Containers Holders","Signoraware",,,175.03735655874095,199,,25.73212,12.04181186108117,0.00801589752408733,0.01321,0.04802,0.0148,0.23108,17505.802560179094
"2026-04-01","CP8M4JM9UM",,"Cello Stainless Steel Steelox SmartServe Food Storage Containers (5 Pieces, 230ml, 370ml, 550ml, 800ml, 1L, Silver)","5 pieces","Jars Containers Holders","Cello",,,988.2352507787627,1599,,24.76571,38.201212698564454,0.09560965512939881,0.11275,0.00192,0.00227,0,197.4707733298137
"2026-04-01","1502L6L7JT",,"Sumeet Stainless Steel Oil and Ghee Pot Set with Lid and Spoon (330ml, 475ml, Set of 2)","2 pieces","Jars Containers Holders","Sumeet",,,399.12618214978806,912.3854734583333,,69.42561,56.247250445923406,1.0488812078344683,0.86199,0.40174,0.47466,0,199.58558502514936
"2026-04-01","4C56QMQGLC",,"TEX-RO 4-in-1 Division Multiuse Stackable Fridge Storage Organizer","1 Piece","Jars Containers Holders","Texro",,,339,999,,9.88663,66.06606606606607,0,0,0.00004,0.00005,0,339
"2026-04-01","4DBJ6EZRX0",,"LocknLock Classics Food Storage Containers with Lid (1.5L, Pack of 3, Tall Rectangular, Plastic, Leakproof, Airtight, Transparent, HPL812H)","3 pieces","Jars Containers Holders","Lock & Lock",,,1196.4029126213593,1470,,5.52059,18.612046760451754,0.00423030348968756,0.00647,0.00047,0.00056,0,399.5926387159262
"2026-04-01","DQLOITBC1C",,"Anwaliya Ceramic Pickle & Chutney Storage Jar Set (170ml, White Marble)","3 pieces","Jars Containers Holders","Anwaliya",,,360.6308916559245,1194.9852255833332,,55.98396,70.1310660309328,0.6831126689732201,0.37759,0.26191,0.30751,0.01066,118.1235442884256
"2026-04-01","MJ0L3SLL6O",,"Nayasa Plastic Round Storage Container (2 Pieces, 750ml, Brown)","1 Piece x 2","Jars Containers Holders","Nayasa",,,138,170,,8.85122,18.823529411764707,,,,,,138
"2026-04-01","7GWCQDR7K2",,"Borosil Endura Jar with PP Lid Borosilicate Glass Kitchen Storage Container For Storing Spices Dals Grains Rice (900ml, Transparent)","1 Piece x 2","Jars Containers Holders","Borosil",,,799.911111111111,970,,3.99348,17.53493699885453,,,,,,799.9111111111112
"2026-04-01","9Q1N4U4L62",,"Femora Stainless Steel Rectangle Airtight Unbreakable Storage Container (550ml, Silver)","1 Piece","Jars Containers Holders","Femora",,,335.97272727272724,430,,4.7994,21.866141249543222,0.0017872792430806942,0.00264,0.00027,0.00005,0.00144,338.51721638274745
"2026-04-01","F8VV4IH76U",,"Tupperware Plastic Kitchen Storage Containers (2.3L, MM Oval #4)","4 pieces","Jars Containers Holders","Tupperware",,,1787.357496982921,3080,,24.63323,41.82060646788815,0.069923367450315,0.08341,0.01573,0.01859,0,48989.18357469119
"2026-04-01","976OV97Z5W",,"Femora Glass Air Tight Jar with See Through Lid (500ml, Transparent)","1 Piece","Jars Containers Holders","Femora",,,195,225,,5.53804,13.333333333333334,0.0008633272427933796,0.0014,0.0046,0.00004,0.0297,195
"2026-04-01","KJGZKQ3GT9",,"YouBee Plastic Air Tight and BPA Free Storage Jar and Container Set (900 ml Each, Black, Pack of 2)","2 pieces","Jars Containers Holders","Youbee",,,278.109216786883,498.9026686190476,,34.39511,44.24288114607214,0.03366189659850746,0.03488,0.21419,0.02397,1.26222,140.3147970750736
"2026-04-01","4O918ITY1E",,"Jaypee Plus Plastic Spice Souk Round Masala Dabba (Beige, 7 Compartments, Air Tight, Knitted Pattern, With Spoon)","1 pack","Jars Containers Holders","Jaypee Plus",,,281.0731016520485,360,,11.66156,21.98983079259363,0.013237684389498487,0.01944,0.001,0.00118,0,281.9684507583291
"2026-04-01","5FLWZPAUQ8",,"Cutting EDGE Essentials Modular Plastic Kitchen Storage Container (2 Pieces, 1200ml, Royal Blue)","2 pieces","Jars Containers Holders","Ce Essentials",,,185,250,,5.42994,26,0.0019983147913190755,0.00277,0.00203,0.0015,0.00497,92.5
"2026-04-01","2PUF7WCVQO",,"Femora Borosilicate Glass Airtight Jars with Wooden Lid (450ml, 4 Pieces, Transparent)","4 pieces","Jars Containers Holders","Femora",,,1486.6784587199597,1759.9941255416668,,43.5105,15.529351084486693,0.021947697016791695,0.03473,0.00624,0.00588,0.00822,371.5623532995498
"2026-04-01","1T3G1995F3",,"Home Centre Acrylic Pamolive Perch Pepper Mill (160ml, Teal & Transparent)","1 Piece","Jars Containers Holders","Home Centre",,,449,449,,7.32916,0,0,0,0.00004,0.00005,0,449
"2026-04-01","IOHJ79WFL7",,"Joyo Storewell Linea Containers (2L Each, Pack of 2, Transparent)","2 pieces","Jars Containers Holders","Joyo",,,98.66375966641887,195,,55.96436,49.154968793740196,0.937375395959263,0.89304,5.19634,6.13948,0,99.17903719673171
"2026-04-01","RZKZL8756H",,"Femora Stainless Steel Kitchen Storage Jars with See Through Window Jar (300ml, 3 Pieces, Silver)","3 pieces","Jars Containers Holders","Femora",,,567.348880597015,725,,12.65175,21.74498198661863,0.00046370265462924407,0.00067,0.0001,0.00003,0.00052,187.32857397028732
"2026-04-01","MZ6Z733E0B",,"Jaypee Plus Plastic Storo Large Kitchen Container (3 Pieces)","3 pieces","Jars Containers Holders","Jaypee Plus",,,496.76991409605625,695,,14.59462,28.52231451855306,0.008667229966150335,0.01155,0.00835,0.00986,0,164.75418894655706
"2026-04-01","VOO52K5G9Z",,"JARSOME Metal Mandala Collection Airtight Kitchen Container Set (4 Pieces, 850ml each, Blue Elephants)","4 pieces","Jars Containers Holders","Jarsome",,,1299,1499,,5.49922,13.3422281521014,0,0,0.00815,0.00166,0.0439,324.75
"2026-04-01","84FHR6LSMK",,"Pasabahce Glass Floral Party Jar (575ml)","1 Piece","Jars Containers Holders","Pasabahce",,,527.1656920077974,748.8271357309942,,6.36158,29.601150004642147,0.000959252491992644,0.00134,0.00157,0.00186,0,550.8751243781095
"2026-04-01","HSWJAALTPJ",,"YouBee Plastic Air Tight and BPA Free Storage Jar and Container Set (1.4 L Each, Black, Pack of 2)","2 pieces","Jars Containers Holders","Youbee",,,249.24240251983264,595.5849075000001,,56.97683,58.17769322166828,0.7620426499213523,0.59837,1.64981,0.40285,8.52007,249.2044521486515
"2026-04-01","N39U55T6N0",,"Femora Borosilicate Glass Kitchen Cannister (230ml, Transparent)","1 Piece","Jars Containers Holders","Femora",,,359.7575311735057,384.97150450000004,,60.33737,6.552857387987359,0.13419309256332373,0.23524,0.35729,0.40133,0.11467,36002.510038233486
"2026-04-01","ZORDVLLGNZ",,"Femora High Stainless Steel Square Leakproof Container with Airtight Lid (850ml, Silver)","1 Piece","Jars Containers Holders","Femora",,,407.33441558441564,520,,11.45931,21.666458541458535,0.0006649538274493008,0.00098,0.00014,0.0001,0.00035,408.4541198169759
"2026-04-01","B2T9NA9G7A",,"Femora Stainless Steel Rectangular Storage Container with Plastic Lid (850ml, Silver)","1 Piece","Jars Containers Holders","Femora",,,436.75193050193053,520,,8.42994,16.009244134244128,0.0016623845686232518,0.00263,0.00022,0.00016,0.00053,438.67041675511217
"2026-04-01","KEIC4JRO3K",,"Cello Glass Qube Fresh Storage Jar (300ml, Transparent)","3 pieces","Jars Containers Holders","Cello",,,360,389,,0.79199,7.455012853470437,0.0007464902892686755,0.00129,0,0,0,120.00000000000001
"2026-04-01","FF6JGSAHYF",,"Tupperware MM Round Kitchen Storage Container (200ml, Plastic)","1 Piece","Jars Containers Holders","Tupperware",,,180.98276028265144,295,,28.9728,38.231772677742434,0.007451089656802062,0.00884,0.04247,0.05018,0,18688.141543046524
"2026-04-01","C9FAW3VKQM",,"Homestop Bella Flair Blue Jar , 750ml","2 pieces","Jars Containers Holders","HomeStop",,,497,497,,12.83327,0,0,0,0.00025,0.0003,0,24850
"2026-04-01","KWV1U36XY6",,"ExclusiveLane Sheesham Wood The Elephant Warriors Tea Box","1 Piece","Jars Containers Holders","ExclusiveLane",,,1315.1794320207741,2415,,24.12035,45.54122434696587,0.016988361633189723,0.0173,0.01703,0.02012,0,1314.5257661327814
"2026-04-01","F21ZOI37J8",,"TEX-RO Stackable Airtight Plastic Lock Container (Black)","2 pieces","Jars Containers Holders","Tex-Ro",,,366.97878787878784,1964.151515090909,,2.31919,81.31616705436278,0.0009586769404974484,0.00041,0.00002,0.00002,0,183.48939393939392
"2026-04-01","NAT67QSL45",,"Cello Plastic Modustack Stackable Container Set (5x500ml, 2x750ml, 2x1L, Maroon)","9 pieces","Jars Containers Holders","Cello",,,703.9322045257285,1299,,41.04559,45.750499281861025,0.2463064949669576,0.25075,0.03234,0.03821,0,78.36480121380437
"2026-04-01","BBH4UUMJIR",,"Signoraware Modular BPA Free Plastic Oval Storage Container (Set of 8, 2.3L + 1.7L x 3 + 1.1L x 3 + 500ml, Blue)","8 pieces","Jars Containers Holders","Signoraware",,,1583.1564656007681,1787,,25.71252,11.412002318813455,0.15256488814046526,0.25409,0.0214,0.02528,0,198.5721403204878
"2026-04-01","V0XXAWGKR9",,"Cello Borosilicate Glass Camillia Round Containers (400ml, Transparent)","2 pieces","Jars Containers Holders","Cello",,,469,549,,0.81301,14.571948998178506,0.0008777160301732692,0.00141,0,0,0,234.50000000000006
"2026-04-01","XDAKDC07ZR",,"Avias Stainless Steel Spice Box Set with See-Through Lid (9 Square Compartments, Medium, Rust-Free, Break-Resistant Acrylic Sheet)","1 pack","Jars Containers Holders","Avias",,,1923.7591794647446,3541.041831729729,,12.28437,45.67472909028293,0.06883250551642095,0.06468,0.01191,0.01407,0,1782.4353841486582
"2026-04-01","5KR8ZSFOFZ",,"Signoraware BPA Free Plastic Big Bread Box (Microwave and Dishwasher Safe and Lightweight, Yellow)","1 Piece","Jars Containers Holders","Signoraware",,,476.7356459992257,545,,15.68245,12.523245084082173,0.013593758914526154,0.02235,0.01608,0.019,0,478.04219709934574
"2026-04-01","3ETM9DCKKA",,"ExclusiveLane Ceramic 'Vibing Village' Oil Bottle (960 ml, Blue & White)","1 Piece","Jars Containers Holders","ExclusiveLane",,,777.3379990079366,1675,,9.5929,53.591761253257516,0.021417230388719764,0.02097,0.0222,0.00073,0.14054,873.6581385887395
"2026-04-01","DZ2VT38PAJ",,"Java Plastic Airtight Square Container (2.6L, Transparent)","1 Piece","Jars Containers Holders","Java",,,190.3752494378265,336.08318261603375,,19.66251,43.34815972692439,0.017189804656508177,0.01807,0.00598,0.00707,0,190.25458133835187
"2026-04-01","XVHEE4V6HB",,"JARSOME Metal Mandala Collection Airtight Kitchen Container Set (4 Pieces, 850ml, Beige Rangoli)","4 pieces","Jars Containers Holders","Jarsome",,,1199,1499,,2.47468,20.0133422281521,0,0,0.00127,0.00005,0.008,299.75
"2026-04-01","BA9GPOYYTY",,"LOCK & LOCK Food Storage Container Navy Blue( Lbf404Rn )","1 Piece","Jars Containers Holders","Lock & Lock",,,895,895,,5.72597,0,0.00887116704594797,0.01663,0.00605,0.00715,0,895
"2026-04-01","Q457TEH6SK",,"Cello Modustore Storage Container Set (Blue)","1 pack","Jars Containers Holders","Cello",,,680,1199,,11.33333,43.2860717264387,0.0023004793262967585,0.00245,0.00057,0.00068,0,680
"2026-04-01","IOHM0CO4AG",,"Home Centre PET Plastic Barbados Canisters (900ml, Pack of 6, Transparent)","6 pieces","Jars Containers Holders","Home Centre",,,695.3441175249658,799,,24.59577,12.973201811643833,0.0030653872634116928,0.00496,0.01019,0.01204,0,114.9708620223469
"2026-04-01","OAISVSA5YW",,"Swastik Housewares Stainless Steel Salt and Pepper Shakers with Tray (100 ml, Silver)","2 pieces","Jars Containers Holders","Swastik Housewares",,,206.96672476186367,395,,13.3629,47.603360819781344,0.0034109100110274434,0.00337,0.00256,0.00302,0,103.99162777332562
"2026-04-01","XYXRJRP90Z",,"Cello Glass Modustack Storage Jars (1L, Transparent)","3 pieces","Jars Containers Holders","Cello",,,484.81769647832556,627,,40.62289,22.57164684957093,0.24702439953196487,0.35904,0.12564,0.14844,0,162.10042456407737
"2026-04-01","4ZLMZB65YU",,"Frenchware Oil Dispenser with Lids (1L, Blue, Textured, BPA-Free Plastic)","2 pieces","Jars Containers Holders","Frenchware",,,276.34142500585625,399,,15.67586,30.713599792938123,0.04777902367266481,0.06211,0.04235,0.00885,0.22689,138.37871786261067
"2026-04-01","1QQQN9HJAU",,"Signoraware Flat Stainless Steel Container with Lid (650ml, Airtight and Leakproof, Blue)","1 Piece","Jars Containers Holders","Signoraware",,,256.6641475286504,320,,56.81333,19.91240073521845,0.13390704347021154,0.20063,0.32946,0.23515,0.84902,255.73582003023503
"2026-04-01","4I2O0K0FR1",,"ARISTO Lock & Fresh 1100 Plastic Multi-Purpose Container (3L, Color May Vary, BPA Free)","1 Piece","Jars Containers Holders","Aristo",,,199,249.50400157407407,,10.6148,20.233366346309914,0.015608380998209109,0.02343,0.02517,0.02974,0,198.99999999999997
"2026-04-01","UVA9P9NKMK",,"Nayasa Plastic Use Max Container (7.5L, Red)","1 Piece","Jars Containers Holders","Nayasa",,,210.207928802589,285,,5.60239,26.242831999091578,0,0,0.0001,0.00011,0,210.207928802589
"2026-04-01","PZJC1AXJM0",,"The Better Home Borosilicate Glass Jars with Bamboo Lids (4 Pieces, 1000ml each)","4 pieces","Jars Containers Holders","The Better Home",,,1733.6224082934611,4799,,7.354,63.87534052316189,0,0,0.00077,0.00091,0,433.4056020733653
"2026-04-01","AL6OXOYWC7",,"Joyo Plastic Kitchen King Container (20.5L, Brown)","1 Piece","Jars Containers Holders","Joyo",,,375.7006896551724,685.551724137931,,1.23163,45.062098970078004,0.014514065755343898,0.0144,0.00021,0.00025,0,413.70692942852423
"2026-04-01","SO07DCXMIT",,"Cello Plastic Modulock Storage Container Set (9 Pieces, 600ml, 650ml, 1L)","9 pieces","Jars Containers Holders","Cello",,,1029,1599,,21.00559,35.647279549718576,0.06595532359193822,0.07956,0.00024,0.00028,0,11433.333333333334
"2026-04-01","ZIOWMNBUXL",,"Ikea GRILLTIDER Squeeze Bottle (330ml, Set of 2, Plastic/Transparent)","2 pieces","Jars Containers Holders","IKEA",,,249,318,,0.38513,21.69811320754717,0,0,0.00001,0.00001,0,249.00000000000003
"2026-04-01","LNER7WT75W",,"Tupperware Mega Magic Flow Oil Dispenser (1.1L, Plastic)","1 Piece","Jars Containers Holders","Tupperware",,,368.14291209286756,595,,23.37399,37.380565305634136,0.03671711578550404,0.04867,0.04487,0.05301,0,42048.965348738486
"2026-04-01","0BE0LH197X",,"Signoraware Storewell BPA Free Plastic Round Container (3.5L, Airtight Lid, Blue)","1 Piece","Jars Containers Holders","Signoraware",,,299.50962553649305,360,,26.95472,16.795295227789268,0.030477753876587084,0.04811,0.02286,0.027,0,30002.554648519195
"2026-04-01","R7341JF09F",,"Sumeet Stainless Steel Ghee and Oil Pot with Spoon (8.5cm Dia, 230ml, Silver)","1 Piece","Jars Containers Holders","Sumeet",,,266.5921888514477,802.027278,,43.57671,66.76659787792376,0.3350657443500401,0.20813,0.11167,0.13194,0,266.1972623453933
"2026-04-01","YNI4GPYVR4",,"Neelam Stainless Steel Tea & Sugar Jars (600ml, Silver)","2 pieces","Jars Containers Holders","Neelam",,,354.76107950554854,428.13173597345127,,7.29458,17.108029705428642,0.003894565117490134,0.00653,0.00014,0.00016,0,192.7812092332861
"2026-04-01","2S5RKCP4CH",,"Peepul Tree Hand Etched Pure Brass Jar with Lid (400ml)","1 Piece","Jars Containers Holders","Peepul Tree",,,1299,2599,,1.56565,50.01923816852636,0.0044210028850956975,0.00414,0.00033,0.00039,0,1299
"2026-04-01","LJW8IMXYJ3",,"Steellock Stainless Steel Airtight Container | Leak Proof Container/Storage/Lunch Box with Lid | BPA Free, Durable & Rust-Proof","1 pack","Jars Containers Holders","Steel Lock",,,541.9791666666666,645,,16.07287,15.972222222222229,0.0028873500008978585,0.00445,0.02327,0.0043,0.1278,530.1262626262626
"2026-04-01","U3ZHY1F7OF",,"Glass ideas Glass Daily Jar (350ml, Transparent, Black)","2 pieces","Jars Containers Holders","Glass ideas",,,149.29013013807753,199,,47.275,24.940993325811593,0.03193274805644152,0.04491,0.02206,0.026,0.00035,74.83366350877797
"2026-04-01","OIDII5RRM6",,"Home Centre Glass Pamolive Oil Bottle (500ml, Transparent)","1 Piece","Jars Containers Holders","Home Centre",,,335,349,,10.23663,4.011461318051576,0.0006693663889124669,0.00121,0.00006,0.00008,0,335
"2026-04-01","5LPRBWK9SY",,"Nestasia Borosilicate Glass Lunch Box (Set of 2 Lunch Boxes 500ml + 2 PVC Lids, Transparent and Blue)","2 pieces","Jars Containers Holders","Nestasia",,,550.8626785758971,690,,28.06601,20.250579560453154,0.09090778311464769,0.13577,0.01368,0.01144,0.02598,274.72480881391004
"2026-04-01","XKNOUY9UQ2",,"Nayasa Plastic Storage Round Container (1L, Brown)","1 Piece","Jars Containers Holders","Nayasa",,,69.99806722689075,95,,26.43174,26.317743579874247,0.0895740384497811,0.12364,0.43459,0.51347,0,69.99778260879332
"2026-04-01","6G8DZ39YCR",,"Tupperware Kitchen Storage Container (2L, Plastic)","1 pieces","Jars Containers Holders","Tupperware",,,575.5781322662658,1200,,26.84566,52.05771985927335,0.06849062792827477,0.06235,0.03147,0.03718,0,56373.44233215828
"2026-04-01","1YZDSM3TX7",,"Home Centre Polypropylene Omnis Aruba Storage Containers (4 Pieces, Round)","4 pieces","Jars Containers Holders","Home Centre",,,795.1442104192105,799,,29.15778,0.4839759444612846,0.08136897633427283,0.15176,0.01838,0.02172,0,198.75937063877336
"2026-04-01","2PIUFUWSM2",,"Tupperware UltraClear Food Storage Container (2.2L, Plastic)","2 pieces","Jars Containers Holders","Tupperware",,,689.1559437561924,1050,,28.73597,34.31268280965265,0.0199125469297801,0.0259,0.03433,0.04056,0,36408.209992525
"2026-04-01","RP83NE82WI",,"ExclusiveLane Ceramic Mughal Cylindrical Jars (410ml, Multicolour)","2 pieces","Jars Containers Holders","ExclusiveLane",,,833.4437383957144,1750,,17.49665,52.37808089693823,0.13317398271583075,0.11888,0.05022,0.038,0.11754,416.7430104268158
"2026-04-01","A0VS7PXXH0",,"Signoraware Safe Store Tempered Glass Round Set (Pack of 2, 400ml Each, Glassware)","2 pieces","Jars Containers Holders","Signoraware",,,556.5498575498575,718,,5.39987,22.486092263251045,0.0013772947280030383,0.00201,0.00369,0.00436,0,558.3957916183651
"2026-04-01","PMFYEILTSX",,"HomeStop Kilim Jar (Set of 2, 800ml, Green)","2 pieces","Jars Containers Holders","HomeStop",,,508.63287269621406,896.0128733653847,,12.54614,43.23275253407561,0.008013019766611352,0.00845,0.00061,0.00072,0,252.1430102090761
"2026-04-01","LZRKG7CYVU",,"Femora Borosilicate Rectangle Microwave Safe Container with Break Free Lid (620ml, Transparent)","1 Piece","Jars Containers Holders","Femora",,,426.8876771303106,499.8849431666667,,44.3203,14.560045797346882,0.09066048782221195,0.14548,0.4062,0.03283,2.46334,42812.608724166
"2026-04-01","ZGWN9YHSK5",,"Embassy Stainless Steel Trio Puri Box / Storage Containers (350/500/700 ml, Pack of 3, Sizes 7-9)","3 pieces","Jars Containers Holders","Embassy",,,465.7532608695652,706.1185276630434,,5.14361,34.040356877334254,0,0,0.00005,0.00006,0,155.25108695652173
"2026-04-01","T1JY6FF7J1",,"Femora Borosilicate Screw Jar with Steel Lid (750ml, Transparent)","1 Piece","Jars Containers Holders","Femora",,,269,449.556614494382,,12.85956,40.16326502001416,0.0007672101430957166,0.00097,0.00067,0.0003,0.00275,269
"2026-04-01","8LWW2UAZMC",,"Swastik Saaj Stainless Steel Orbit Containers (510ml, Red)","2 pieces","Jars Containers Holders","saaj",,,395.8055669209678,612.0370724050632,,11.99267,35.32980520843146,0.006262000267727979,0.00765,0.00187,0.00221,0,199.53818190016273
"2026-04-01","3HSNVLEFBC",,"Borosil Endura Jar with PP Lid Borosilicate Glass Kitchen Storage Container For Storing Spices Dals Grains Rice (1.2L, Transparent, Pack of 2)","2 pieces","Jars Containers Holders","Borosil",,,785,944.9976642857144,,27.13564,16.93101161330914,0,0,0.00043,0.00021,0.00164,392.5
"2026-04-01","DPZSHISNEY",,"Home Centre Glass Pacific Blithe Spice Jars with Stand (80ml, Pack of 2, Transparent)","2 pieces","Jars Containers Holders","Home Centre",,,195.0416135881104,199,,5.47917,1.989138900447035,0.001399741236315666,0.00257,0.00078,0.00092,0,97.50401655805565
"2026-04-01","Z6D45XZAR5",,"Joyo Plastic Spacio 3-Pieces Container Set PTD (1500 ml x 3U, Assorted, Without Spoon)","3 pieces","Jars Containers Holders","Joyo",,,118.81073184472838,225.0828023529412,,9.74248,47.2761161164859,0.010196853989881804,0.00884,0.00929,0.01097,0,39.61925204827595
"2026-04-01","EJOUF7A85C",,"ExclusiveLane Ceramic 'Whispers of Warli' Pickle Holders (160 ml, Ivory White & Black)","2 pieces","Jars Containers Holders","ExclusiveLane",,,552.3308714809497,1125,,13.49311,50.9015929639916,0.034892809396232426,0.03214,0.00968,0.00168,0.05376,276.66615201345127
"2026-04-01","AL1D70U8DT",,"Ikea HAVSTOBIS Transparent Food Container with Lid (Set of 5, Mixed Colours)","5 pieces","Jars Containers Holders","IKEA",,,1099,1598,,12.41895,31.22653316645808,0.033376423056890446,0.04302,0.01482,0.01751,0,1099
"2026-04-01","OIB8AFUP7T",,"Femora Stainless Steel Round Storage Container with Lock Lid (550ml, Silver)","1 Piece","Jars Containers Holders","Femora",,,289,360,,4.57289,19.72222222222222,0,0,0.00001,0,0.00004,28900
"2026-04-01","DKECNJLKW4",,"Chumbak Hand Painted Square Storage Jar","1 Piece","Jars Containers Holders","Chumbak",,,749,1099,,3.71174,31.84713375796178,0,0,0.00195,0.0023,0,749
"2026-04-01","Z1JO8YNC37",,"Tupperware Tumblers (330ml, Leak Proof Plastic)","4 pieces","Jars Containers Holders","Tupperware",,,542.3810226155359,720,,11.31356,24.669302414508905,0.005525294353877629,0.00778,0.00717,0.00847,0,13517.869564408735
"2026-04-01","EIR516ESC1",,"Nestasia Glass Airtight Storage Jars (4 Pieces, 1200ml, Transparent)","4 pieces","Jars Containers Holders","Nestasia",,,879.0811475409837,1790,,3.26932,50.8893213664255,0.0034343157718320643,0.00309,0.00566,0.00032,0.03512,215.3675130704025
"2026-04-01","HV7S3URITA",,"Whitegold Glass Storage Jar with Steel Lid (1.2L)","1 Piece","Jars Containers Holders","Whitegold",,,140,249,,1.08346,43.77510040160642,0.0001592359136707789,0.00017,0,0,0,140
"2026-04-01","EFDMNLIF1U",,"Cello Stack Lock Container Set (4 Pieces, 900ml each, Blue, Food Grade, Durable and Stackable)","4 pieces","Jars Containers Holders","Cello",,,557.7288922302929,849,,22.42845,34.310804575545966,0.015473701948333338,0.01892,0.00246,0.00291,0,138.65765333624563
"2026-04-01","3FAUN25NGM",,"TEX-RO Airtight Lockable Plastic Grocery Container (1.1L)","4 pieces","Jars Containers Holders","Tex-Ro",,,425,1499,,1.7293,71.64776517678452,0,0,0,0,0,106.25
"2026-04-01","RXMVQ0W7NT",,"Sumeet Stainless Steel Canisters / Dabba / Storage Containers with See Through Lid (11cm Dia, 800ml Each, Set of 2, Silver)","2 pieces","Jars Containers Holders","Sumeet",,,860.8609563799931,1618.3651,,28.78814,46.798153435234234,0.05664347595116882,0.05559,0.01579,0.00508,0.07483,430.8123801018343
"2026-04-01","1JB9F79B7J",,"Crystal Stainless Steel Oil Pourer/Dispenser (1L, Silver, Leak Proof)","1 Piece","Jars Containers Holders","Crystal",,,405.20960196917554,595,,31.98302,32.04581474049713,0.10225420529093347,0.12832,0.0862,0.10185,0,399.4491800533474
"2026-04-01","UK9THJW0WM",,"Grihokon Polycarbonate Container Set (1250ml + 650ml + 250ml, Set of 3)","3 pieces","Jars Containers Holders","Grihokon",,,398.9959420289855,799,,14.33856,50.290837588430364,0.031678929847060264,0.03018,0.00804,0.00949,0,404.3897402850626
"2026-04-01","S4IRGIE42J",,"Tupperware One Touch Mini Kitchen Storage Containers (960ml, Plastic)","4 pieces","Jars Containers Holders","Tupperware",,,1240.76441501688,2160,,20.61916,41.95105919772413,0.08564206248510325,0.10547,0.00912,0.01077,0,35269.71413692777
"2026-04-01","XS2U4GFLK4",,"Femora Borosilicate Glass Rectangular Food Storage Container with Air Vent Lid (1.5L, Transparent)","1 Piece","Jars Containers Holders","Femora",,,599,800,,24.83235,25.125,0.026348939300552342,0.03698,0.0104,0.00063,0.06428,599
"2026-04-01","AD6YOGGY65",,"MILTON Plastic Vintage Pet Jar Set of 3 (500ml, Transparent)","3 pieces","Jars Containers Holders","Milton",,,299.20656739961044,370,,64.78347,19.11213564344692,0.4271833367075889,0.64743,0.30025,0.35191,0.01562,299.3092418183533
"2026-04-01","8R0J736Q9K",,"Nayasa Use Max Plastic Storage Container Set (5L + 7.5L + 10L, Set of 3, Red)","3 pieces","Jars Containers Holders","Nayasa",,,554.7368721461187,765.4555632191781,,7.93774,27.527386342877605,0.01300266752896029,0.01761,0.00773,0.00804,0.00603,184.94994532508622
"2026-04-01","JRI6EGE7A6",,"Glass ideas Olive Oil Bottle with Cap (1L, Plain)","1 Piece","Jars Containers Holders","Glass Ideas",,,214.98333333333332,349,,2.39413,38.552679988227595,0.008926995540981945,0.00954,0.00032,0.00038,0,199.51296589498907
"2026-04-01","WWV93WT1K0",,"Jarsome Metal Mandala Collection Airtight Kitchen Container Set (4 Pieces, 450ml/1100ml, Beige Rangoli)","4 pieces","Jars Containers Holders","Jarsome",,,905,1499,,0.00044,39.62641761174116,0,0,0,0,0,226.25000000000006
"2026-04-01","80VUM9H07C",,"Joyo Plastic Fresherware Container Round (400ml)","1 Piece","Jars Containers Holders","Joyo",,,94.86999829650317,228.96838970833332,,11.58254,58.70871942586617,0.018208914504001163,0.01311,0.01031,0.01218,0,90.49966526851186
"2026-04-01","GHSV9ABW7C",,"Sumeet Stainless Steel Hole Puri Dabbas / Flat Canisters with Air Ventilation (Size No.8 - 12.5cm Dia, No. 9 - 14cm Dia, Silver)","2 pieces","Jars Containers Holders","Sumeet",,,350.844965712202,962.8050045,,46.90117,63.631155510236006,0.37192578875685106,0.24971,0.18282,0.06156,0.85091,174.1241379177958
"2026-04-01","602V751GZF",,"Deli Glass Wooden Container (1400ml, Transparent)","2 pieces","Jars Containers Holders","Deli",,,557.6353136168805,1299,,33.65613,57.0672523174707,0.09305650869671118,0.07466,0.01896,0.02241,0,279.9937541930043
"2026-04-01","D2ZQMLPX4S",,"Java Plastic Container (500ml, Transparent, Blue)","1 Piece","Jars Containers Holders","Java",,,100.42327966430138,210,,25.90477,52.30522239928557,0.04196729652467817,0.03693,0.04423,0.05225,0,98.60863367710132
"2026-04-01","VH9OSSAY7Q",,"Sumeet Stainless Steel Vertical Canisters / Ubha Dabba / Storage Containers (No. 7 - 350ml, No. 8 - 500ml, No. 9 - 700ml, Set of 3, Silver)","3 pieces","Jars Containers Holders","Sumeet",,,386.5592184146263,910.1420215833334,,15.26489,57.54775898624863,0.09471793401284245,0.07503,0.02726,0.01329,0.10422,128.6501579877415
"2026-04-01","248YQIO2RY",,"Home Centre Glass Centre Pamolive Oil Dispensers (500ml, Pack of 2, Transparent)","2 pieces","Jars Containers Holders","Home Centre",,,805.1882352941177,899,,3.14692,10.43512399398024,0,0,0,0,0,402.59411764705885
"2026-04-01","L6M6Q2NN2V",,"Tupperware Executive Bowl Small Fridge Storage Containers (140ml, Plastic)","4 pieces","Jars Containers Holders","Tupperware",,,458.6789743783595,700,,36.60522,34.372431180307146,0.031109709418311832,0.04102,0.02908,0.03436,0,12304.008501675296
"2026-04-01","RH3IJYI8N5",,"La Opala Borosilicate Glass Storage Mini Container (120ml)","1 Piece","Jars Containers Holders","La opala",,,240,275,,0.76572,12.727272727272727,0,0,0,0,0,240
"2026-04-01","D8RBYGBCG9",,"Glass ideas Maxx Glass Jar with Metal Cap (3 Pieces, 500ml each, Transparent, Lid Color May Vary)","3 pieces x 2","Jars Containers Holders","Glass Ideas",,,354,798,,15.63246,55.6390977443609,,,,,,354
"2026-04-01","9XBJSMG1U8",,"Exclusivelane 'Floral Hand-Etched' Stainless Steel Spice Box with Spoon (7 Containers, 100ml each, Silver)","1 pack","Jars Containers Holders","ExclusiveLane",,,2012.3333333333333,3849,,3.13459,47.718021997055516,0,0,0.0001,0,0.00066,2012.3333333333333
"2026-04-01","MM2DC9H4H4",,"Pasabahce Glass Viva Jar (900ml)","1 Piece","Jars Containers Holders","Pasabahce",,,455.460179438617,650,,6.77604,29.9292031632897,0.008314225049097042,0.01087,0.00017,0.0002,0,454.95518373424824
"2026-04-01","U2VRXPEIDD",,"Joyo Fusion Stainless Steel Airtight Round Container (500ml)","1 Piece","Jars Containers Holders","Joyo",,,171.7649821127946,290.3842250833333,,17.36161,40.85220944446102,0.011511413604908524,0.01274,0.00227,0.00242,0.00144,170.62988938129524
"2026-04-01","JEGSGN0EIN",,"Signoraware Borosilicate Glass Oil Dispenser (1L, Measurement Marking and Easy Refilling , Clear)","1 Piece","Jars Containers Holders","Signoraware",,,476.92323801010343,580,,19.07444,17.75192568322148,0.022809297605099487,0.03473,0.00453,0.00499,0.00201,481.1605408225732
"2026-04-01","2JZBIQ9UI0",,"Femora Borosilicate Round Storage Container with Air Vent Lid (580ml, Transparent)","1 Piece","Jars Containers Holders","Femora",,,385.62400793650795,450,,14.5732,14.306933542510084,0.01568090048660375,0.02503,0.05689,0.00089,0.36541,38374.24637160368
"2026-04-01","SINR9G00VT",,"Cello Qube Fresh Glass Storage Jar (1000ml, Transparent, See Through Multipurpose Organizer)","1 Piece","Jars Containers Holders","Cello",,,199,275,,4.10798,27.636363636363637,0.004484697250564009,0.00608,0.0056,0.00661,0,199.00000000000003
"2026-04-01","2KAQ63FJIW",,"JARSOME Brit Collection Metal Airtight Kitchen Container Set (4 Pieces, 850ml each, Scottish Check Beige Black)","4 pieces","Jars Containers Holders","Jarsome",,,1199,1499,,5.02549,20.0133422281521,0.005430712058167154,0.00814,0.00708,0.00196,0.0353,299.75
"2026-04-01","NSODBXJ0K9",,"Java Plastic Regalia Grocery Container (2000ml, Transparent, Brown)","2 pieces","Jars Containers Holders","Java",,,274.6498760709495,448.14316454166664,,56.54856,39.25720773267031,0.19849044414810188,0.22392,0.12252,0.14476,0,135.50697647492512
"2026-04-01","1R9Q4JE3XV",,"ARISTO Store Queen111 Plastic Storage Containers (4 Pieces, 320ml)","4 pieces","Jars Containers Holders","Aristo",,,99.03588326595573,129.7294580193237,,9.65348,23.60384787495792,0.008051773567287855,0.01216,0.00224,0.00265,0,24.82336845417624
"2026-04-01","FHE2ZSYG2S",,"Joyo Plastic Storewell 4-Pieces Printed Container Set (500ml,2 L,5 L,7.5 L, Pleasant Blue, 50 or 200 or 500 or 750)","4 pieces","Jars Containers Holders","Joyo",,,286.6330489685753,576,,12.35592,50.23876449042875,0.015102471233932187,0.01407,0.00123,0.00145,0,71.57037130230677
"2026-04-01","XBLAUTTC6K",,"YouBee Airtight Dry Fruit Container Set with Serving Tray and Lid, Plastic Dry Food Storage Box (500 ml, Pink, Pack of 4)","4 pieces","Jars Containers Holders","Youbee",,,405.4882407407407,1299,,14.866,68.7882576529457,0.032813149993592375,0.01889,0.00416,0.0017,0.01773,99.76691065033351
"2026-04-01","SFNAAS7G35",,"ExclusiveLane Sheesham Wood 'Twelve Blends' Spice Box with Spoon (45 ml each, Brown)","1 pack","Jars Containers Holders","ExclusiveLane",,,1308.8787022305755,2401.2671201666667,,13.25744,45.497192794355506,0.08880279944621901,0.09033,0.05998,0.00428,0.36688,1310.7870494721342
"2026-04-01","GECHHN0Z48",,"Glass ideas Glass Jar (750ml, Transparent, Black)","2 pieces","Jars Containers Holders","Glass ideas",,,226.59973148324735,452.2219595833333,,54.90523,49.95951087124877,0.3268146381149163,0.30778,0.11137,0.12674,0.02666,113.30706806573653
"2026-04-01","62DLIWAV0P",,"Home Centre Glass Pamolive Spice Shaker (100ml, Pack of 2, Transparent)","2 pieces","Jars Containers Holders","Home Centre",,,489.0388888888889,499,,21.33284,1.9962146515252728,0.0009571421365102601,0.00176,0.00335,0.00396,0,244.50517828081072
"2026-04-01","CVTNSKF8UY",,"Sumeet Stainless Steel Belly Shape Masala Box / Dabba/ Organiser with 7 Containers and Small Spoon (Size No. 10, 17.1cm Dia, 1.1L, Silver)","1 Piece","Jars Containers Holders","Sumeet",,,399,1004.4777507083334,,45.89225,60.26968645457475,0.38816478234329616,0.28876,0.17564,0.14065,0.36841,398.99999999999994
"2026-04-01","QQN6H9BFIW",,"Femora Glass Steel Finish with See Through Window Jar (1L, Silver)","1 Piece","Jars Containers Holders","Femora",,,360,405,,0.05607,11.11111111111111,0,0,0,0,0.00001,36000
"2026-04-01","L6AKYPU8T1",,"ExclusiveLane 'Art of Warli' Multi-Purpose Ceramic Pickle & Chutney Jar Set With Iron Holder (Non Air-Tight, Set Of 2, 280 ml, Handcrafted)","2 pieces","Jars Containers Holders","ExclusiveLane",,,961.4684704592794,2147.7544643749998,,12.6526,55.23378084379546,0.008245926271667167,0.00683,0.01088,0.00055,0.06776,949.6598383520159
"2026-04-01","UMIDHZ3VLT",,"Eha Earth-Friendly Kitchen Storage Jars (2000ml, Rice Husk, Multicolor)","3 pieces","Jars Containers Holders","Eha",,,864.0283558763351,2693.565295170068,,10.90572,67.92250191871508,0.0052127698919864265,0.00226,0.00159,0.00187,0,274.26304587363296
"2026-04-01","2ODYETZQB0",,"ExclusiveLane Sheesham Wood Spice Box with Spoon (50 g, Brown)","1 pack","Jars Containers Holders","ExclusiveLane",,,899.479925145815,1749.9049744351464,,33.49557,48.59838507368754,0.16751042566670746,0.16221,0.20046,0.03445,1.11507,899.326286232447
"2026-04-01","WM59Z6241I",,"Java Plastic Oval Bottom Container (1.7L, Transparent)","4 pieces","Jars Containers Holders","Java",,,503.2466673668545,798.9674876666667,,29.07551,37.05200095480829,0.12941812550868276,0.15051,0.02824,0.03336,0,125.11748633996004
"2026-04-01","M7QSCNAPM3",,"Larah by Borosil Comet Opalware Storage Bowl with Lid, Microwave Dishwasher Safe Kitchen Storage Container (400ml + 800ml + 1.2L White, Pack of 3)","3 pieces","Jars Containers Holders","Larah by Borosil",,,902.4630956536363,1195.0079767083332,,69.07616,24.4923363582417,0.11348148830771378,0.16095,0.18192,0.21494,0,300.6238801722649
"2026-04-01","Z3CY554T2J",,"Tupperware Storage Container (4L, Plastic)","1 pieces","Jars Containers Holders","Tupperware",,,649.2910271357254,875,,26.4721,25.734655095284033,0.026021066798789256,0.03782,0.02245,0.02653,0,67844.53407448255
"2026-04-01","6W6GTRYN0Q",,"Joyo Fresherware Plastic Container Square (3102, 3103, 3104, Grey)","3 pieces","Jars Containers Holders","Joyo",,,243.3794952210275,429,,8.26368,43.279321373071376,0.01223315517988379,0.01262,0.00145,0.00107,0.00356,80.29335683280557
"2026-04-01","AMU1PO4H0P",,"Femora Borosilicate Glass Microwave Safe Square Food Storage Container with Air Vent Lid (300ml, Transparent)","1 Piece","Jars Containers Holders","Femora",,,297.3054156840602,335.0232538655463,,16.31979,11.265276787823804,0.021438525794041995,0.03559,0.05559,0.00095,0.35665,297.36733375725714
"2026-04-01","NAKDNDF1Q7",,"Cello Fabio Plastic Storage Container (2L, Assorted)","1 Piece","Jars Containers Holders","Cello",,,158.99960317460318,301.3779529166667,,60.62787,47.4949855508576,0.28839024474416364,0.28363,0.58104,0.68,0.03585,158.99993493778527
"2026-04-01","5C0N4VZZY9",,"Borosil Endura Jar with PP Lid (1.2L, Transparent, Borosilicate Glass)","1 Piece","Jars Containers Holders","Borosil",,,387.30634356771463,512.0427811666667,,61.88905,24.033107415602952,0.17486463082181825,0.24578,0.08891,0.09253,0.06894,388.1682398061327
"2026-04-01","E82VY9O16G",,"Birch & Co. Airtight Metal Container (Set of 3, Tea Coffee Sugar)","1 pack","Jars Containers Holders","Birch & Co",,,290.26266696064044,1497.3709890833331,,42.05993,80.90102734390189,0.9402541126877328,0.33401,0.29673,0.35059,0,282.6098164956922
"2026-04-01","R7R6ZY05V6",,"UTENSILA Kitchen Smart Bread Basket-Breadbin (15.5 cm, White)","1 Piece","Jars Containers Holders","Utensila",,,1776.6131636562673,4699,,28.56612,62.19093944483218,0.036060219678987475,0.02559,0.0024,0.00283,0,1778.9743715661812
"2026-04-01","ITTQDQUCWW",,"Nestasia Airtight Glass Jars With Clip Lids (4 Pieces, 1L, Transparent)","4 pieces","Jars Containers Holders","Nestasia",,,1430.5060705842618,2030,,5.68639,29.5317206608738,0.0038947569679885336,0.00512,0.0017,0.00083,0.0065,374.88727514541245
"2026-04-01","FB79ISYBFL",,"HomeStop Clickon Jar Set (3 Pieces, 500ml each)","3 pieces","Jars Containers Holders","HomeStop",,,366.7824519230769,525,,7.97221,30.136675824175825,0.0030216453497768285,0.00392,0.00241,0.00285,0,121.14733146067415
"2026-04-01","8AEK79O2OS",,"Tupperware Cubix Fridge Storage Containers (1.8L, Plastic)","2 pieces","Jars Containers Holders","Tupperware",,,767.4407575140485,1301.2739672789116,,29.3393,40.84443000933378,0.04475737832288798,0.05554,0.01948,0.02301,0,43042.76836016723
"2026-04-01","YSCLYJYPPN",,"Femora Kitchen Storage Jars Copper Finish With See Through Bottom Jar (900ml, Transparent)","1 Piece","Jars Containers Holders","Femora",,,347.0251358695652,440,,6.42151,21.13065093873518,0.0016884762364054518,0.00251,0.00019,0,0.00122,348.77907648346303
"2026-04-01","HM3EOW6QPQ",,"CLASSIC ESSENTIALS Stainless Steel Elegant Utility Container (1000ml, Silver)","1 Piece","Jars Containers Holders","Classic Essentials",,,399.64193123389987,600,,23.16048,33.401786546232984,0.030312378746967548,0.03778,0.00122,0.00144,0,399.8662465382006
"2026-04-01","8PXWVEZ4G1",,"LocknLock Classics Food Storage Containers with Lid (1L, Pack of 3, Tall Rectangular, Plastic, Airtight)","3 pieces","Jars Containers Holders","Lock & Lock",,,1006.8108108108108,1250,,3.15897,19.455135135135134,0.003197572256808279,0.00484,0.00003,0.00003,0,336.260348524986
"2026-04-01","0AIDP412IE",,"Home Centre Glass Glassify Delish Rectangle Food Containers (3 Pieces, 640ml)","3 pieces","Jars Containers Holders","Home Centre",,,689,699,,18.35723,1.4306151645207439,0.009758283750542768,0.01803,0.0118,0.01394,0,229.66666666666666
"2026-04-01","09PO2HDNTA",,"Femora Stainless Steel Round Storage Container with Lid (350ml, Silver)","1 Piece","Jars Containers Holders","Femora",,,221,306.6266140384615,,9.11303,27.92536920090081,0.0001951119568713038,0.00027,0,0,0,221
"2026-04-01","29ILOX4I2R",,"Joyo Fresherware Container Square (10.5L, Grey)","1 Piece","Jars Containers Holders","Joyo",,,336.5875850340136,475,,6.88051,29.138651582904977,0.01169424712988232,0.01554,0.00141,0.00157,0.00053,336.66086635211195
"2026-04-01","KTQYFA5T9S",,"Femora Glass Steel Finish with See Through Window Jar (1.3L, Silver)","1 Piece","Jars Containers Holders","Femora",,,420.1166014350946,475,,4.15306,11.554399697874825,0.00030369933896487114,0.0005,0.00014,0.00002,0.00081,42005.61286169595
"2026-04-01","XUCJ15DR7G",,"YouBee Airtight Dry Fruit Container Set With Serving Tray and Lid, Plastic Dry Food Storage Box (500 ml, Blue, Pack of 4)","4 pieces","Jars Containers Holders","Youbee",,,429.56690287886715,1299,,11.31953,66.94948278643338,0.020767816451640744,0.01196,0.00272,0.00057,0.0146,99.89560950922244
"2026-04-01","IGQSB46TPV",,"Glass ideas Dainty Glass Jar (200ml, Transparent)","4 pieces","Jars Containers Holders","Glass ideas",,,123.03287178975718,299.0004915833333,,55.94111,59.32503805160883,2.1388387584790527,1.6249,2.74276,3.23935,0.00674,30.40381957570503
"2026-04-01","WVWN8F2XQB",,"UTENSILA Kitchen Smart Grain Dispenser, 360 degree Rotating 6 Grid Cereal Dispenser","1 Piece","Jars Containers Holders","Utensila",,,2473.5404761904765,3899,,18.11403,36.55961846138813,0.019947463720488633,0.02359,0.00531,0.00627,0,2460.5127694890325
"2026-04-01","G654XFZKMS",,"Sumeet Stainless Steel Small Canisters / Dabba / Storage Containers with See Through Lid (9cm Dia, 400ml Each, Set of 4, Silver)","4 pieces","Jars Containers Holders","Sumeet",,,922.3392905630792,1741.1426534583331,,32.7105,47.08122811962207,0.3466575433137776,0.33953,0.12298,0.04432,0.55631,230.6905726352625
"2026-04-01","30S978IU9F",,"Nayasa Plastic Oil Dispenser Bottle (1L, Yellow)","1 Piece","Jars Containers Holders","Nayasa",,,114.66562025029401,175.00229516666664,,39.63524,34.44912181981226,0.03059842784007975,0.03755,0.08972,0.106,0,114.86300761227979
"2026-04-01","QBYJJIBHD3",,"Agaro Borosilicate Glass Elite Oil Dispensers (500ml)","2 pieces","Jars Containers Holders","Agaro",,,580.9284920099748,598.9099375527427,,52.29397,3.046940318988884,0.1949448550871986,0.35391,0.34773,0.10953,1.66015,289.9791365720064
"2026-04-01","ZK3UTK1J95",,"Home Centre Glass Pamolive Perch Oil Dispenser (500ml, Transparent)","1 Piece","Jars Containers Holders","Home Centre",,,229,229,,7.29353,0,0,0,0,0,0,229
"2026-04-01","T7QJIJ3BPQ",,"MILTON Plastic Vintage PET Jar Set (1L, Transparent)","2 pieces","Jars Containers Holders","Milton",,,259.5672559998597,340,,48.41025,23.7065050260591,0.277289391205828,0.39635,0.1182,0.13947,0.00101,259.331923159891
"2026-04-01","TX2J8ICXZC",,"Borosil Klip N Store Square Food Storage Container with Airtight Lid Borosilicate Glass Container for Lunchbox Microwave Dishwasher Safe (800ml, Transparent)","1 Piece","Jars Containers Holders","Borosil",,,469.49062633908903,572.1790564835164,,20.43107,17.98420440367659,0.05644893954579272,0.08646,0.02316,0.01359,0.07593,469.5079476541239
"2026-04-01","RSSP32FRI9",,"TREO Glass Cube Storage Jars (180ml, Transparent)","6 pieces","Jars Containers Holders","Treo",,,495,671.6538461538462,,6.94645,26.301322796770314,0,0,0.00047,0.00055,0,82.5
"2026-04-01","997B80RPAY",,"Borosil Classic Jar with Stainless Steel Lid Borosilicate Glass Kitchen Storage Container For Storing Spices Dals Grains Rice (300ml, Transparent, Pack of 2)","2 pieces","Jars Containers Holders","Borosil",,,593.402734515834,719.7490651046026,,19.91556,17.554087901993874,0.015375090792156494,0.02384,0.01629,0.01629,0.0163,295.55078262403
"2026-04-01","5YIY3UG4UK",,"Tupperware Voila Rectangular Glassware (400ml, Freezer/Microwave/Fridge/Bakeware)","1 Piece","Jars Containers Holders","Tupperware",,,842.2101303679367,990,,31.81811,14.928269659804375,0.009180046348369603,0.01504,0.02495,0.02948,0,86451.18653046305
"2026-04-01","PZ8PRYFIJO",,"Femora Borosilicate Screw Jar with Wooden Lid (750ml, Transparent)","1 Piece","Jars Containers Holders","Femora",,,411.56755917693414,497.4980430821918,,23.27989,17.27252701797282,0.001899319934145435,0.00267,0.00191,0.00075,0.00831,405.1605151278309
"2026-04-01","V8RW9SUZVB",,"Borosil Classic Jar with Steel Lid, Borosilicate Glass Kitchen Storage Container For Storing Spices, Dals, Grains, Rice (300ml, Transparent)","1 Piece","Jars Containers Holders","Borosil",,,267.44670359302233,375,,31.30345,28.686387254142428,0.02521874801448661,0.03382,0.00748,0.00487,0.02186,268.3750716343369
"2026-04-01","B9I4Q2KP3Q",,"HomeStop Glass Grace Candy Jar (2 Pieces, 12x10cm)","2 pieces","Jars Containers Holders","HomeStop",,,539.763698630137,779.7534246575342,,7.88651,30.777643090544956,0,0,0.00089,0.00106,0,269.8818493150685
"2026-04-01","2SMOKLT83U",,"Agaro Glass Elite Container Set (370ml, 640ml, 1040ml, Transparent)","3 pieces","Jars Containers Holders","Agaro",,,1112.2783119995845,1642.1423238333332,,46.79573,32.35636473365058,0.28763320267748305,0.36073,0.1734,0.20487,0,368.0759635756931
"2026-04-01","EIP0NSDPWA",,"MILTON Plastic Store It Round Food Storage Container (6 Pieces, 200ml, 400ml, 600ml, 1L, 2L, 3L, Blue)","6 pieces","Jars Containers Holders","Milton",,,396.23214285714283,515,,1.42642,23.061719833564492,0,0,0,0,0,66.03869047619047
"2026-04-01","9LHQG8C4VK",,"UTENSILA Kitchen Smart Rotating Rice Storage Container (Metasequoia Green)","1 Piece","Jars Containers Holders","Utensila",,,2998.6419660683123,4350,,22.09589,31.06570192946408,0.026427406154397343,0.03415,0.00408,0.00482,0,2998.9938917760246
"2026-04-01","2VJPULV13T",,"Embassy Stainless Steel Premium Aroma Ghee pot with Spoon (250 ml)","1 Piece","Jars Containers Holders","Embassy",,,246.54469987228606,416.24505109195405,,14.49327,40.76933786347382,0.002848979901218153,0.00326,0.00099,0.00117,0,247.11569301260027
"2026-04-01","40DXQ5C5RF",,"YouBee Fridge Storage Boxes (1.5L Each, Pack of 6, Transparent, with Removable Drain Plate and Lid, Stackable)","6 pieces","Jars Containers Holders","Youbee",,,322.98605905264174,999,,81.54696,67.69790031599378,4.410237578079061,2.67929,1.27835,1.51037,0,53.78895734968818
"2026-04-01","YWR946BCYH",,"Femora Borosilicate Screw Jar with Steel Lid (350ml, Transparent)","1 Piece","Jars Containers Holders","Femora",,,230.35,328.7962964444444,,6.89429,29.941424982284907,0,0,0.00119,0.00106,0.0019,230.35
"2026-04-01","90M6LYNQH1",,"Ellementry Tashi Glass Jar with Wooden Nut Bowl (Small)","1 pack","Jars Containers Holders","Ellementry",,,1431.364524442756,1650.127659574468,,21.31076,13.26136739258433,0.03956916529469656,0.06329,0.0094,0.01111,0,1407.3950779470297
"2026-04-01","P6BR8VYRL2",,"Cutting EDGE Essentials Nesterware Plastic Kitchen Storage Container (3 Pieces, 500ml, Royal Blue)","3 pieces","Jars Containers Holders","Ce Essentials",,,189.13628691983124,240,,7.30682,21.193213783403653,0.002992867775017049,0.00448,0.00855,0.00868,0.00783,63.1066479400749
"2026-04-01","USNX6SH9GJ",,"Glass ideas Glass Shubhkamna Bowl (400ml, 5 inches, Blue Lid)","4 pieces x 2","Jars Containers Holders","Glass Ideas",,,598,798,,3.22311,25.06265664160401,,,,,,598
"2026-04-01","KW0VA5OBWR",,"ExclusiveLane 'Moroccan' Hand-Painted Ceramic Pickle & Chutney Jar Set With Spoons & Wooden Tray Set of 2","1 pack","Jars Containers Holders","ExclusiveLane",,,999,2375,,13.78463,57.93684210526316,0.014429267835051749,0.01138,0.02347,0.0057,0.12139,999
"2026-04-01","8JDLML03CJ",,"HomeStop Clickon Jar (1.4L)","1 Piece","Jars Containers Holders","HomeStop",,,295,399,,9.35554,26.065162907268167,0.003061933954440519,0.00424,0.00074,0.00087,0,295
"2026-04-01","G4T6SK9AA7",,"TEX-RO Airtight and Stackable Fridge Container Set (800ml)","3 pieces","Jars Containers Holders","Texro",,,636.2205882352941,1499,,6.28956,57.55699878350273,0,0,0.00002,0.00003,0,212.0735294117647
"2026-04-01","F9SF7R7779",,"ARISTO Plastic Lock & Fresh 402 Storage Container (6400ml, Transparent)","1 Piece","Jars Containers Holders","Aristo",,,220.21369415843688,363.80619114285713,,30.9774,41.145797262038606,0.4195006834992198,0.45893,0.43502,0.51398,0,219.37215374642682
"2026-04-01","QNN0WEAW0I",,"UTENSILA Kitchen Smart Single Drum Oatmeal Machine","1 Piece","Jars Containers Holders","Utensila",,,904.6275339688801,1499,,7.30229,39.65126524557171,0.004793192851988842,0.00539,0.0005,0.00059,0,899.482642922122
"2026-04-01","22RW1CY2X9",,"JARSOME Metal Mandala Collection Airtight Kitchen Container Set (2 Pieces, 450ml each, Blue Elephants)","2 pieces","Jars Containers Holders","Jarsome",,,556.8798076923077,699,,4.75865,20.3319302299989,0,0,0.00131,0.00033,0.00667,278.43990384615387
"2026-04-01","6YKU11U43T",,"Tupperware Inner Lunch Container (Easy to Store)","2 pieces","Jars Containers Holders","Tupperware",,,235,390,,38.84461,39.743589743589745,0.013904364871433374,0.0157,0.01342,0.01585,0,11750
"2026-04-01","L6MRTYJ7IU",,"Clazkit Salt and Pepper Shakers Set (2 Pieces, 80ml, Color May Vary)","2 pieces","Jars Containers Holders","Clazkit",,,109.11471198361824,149,,12.26803,26.768648844044236,0.004417357725626125,0.00608,0.00188,0.00218,0.00022,54.68487429179859
"2026-04-01","9JBCOQL4L3",,"Sumeet Stainless Steel Belly Shape Flat Canisters / Puri Dabba / Storage Containers (No. 10 - 17.1cm Dia, 1.1L; No.11 - 18.4cm Dia, 1.5L, Set of 2, Silver)","2 pieces","Jars Containers Holders","Sumeet",,,677.9250977725978,1156.613986533333,,19.7219,41.407740966740825,0.03527670224352788,0.03826,0.00947,0.00437,0.03755,338.49367114573016
"2026-04-01","6JFFSZ0SE5",,"Saaj Plastic Crysta Container (850ml, Transparent)","2 pieces","Jars Containers Holders","saaj",,,246.93270103274338,334.7928460476191,,15.32915,26.24313692843334,0.0035348454329928933,0.00486,0.01184,0.01399,0,122.92277152358118
"2026-04-01","GGKR79EICK",,"IKEA 365+ Dry Food Jar with Lid (Transparent/White, Polystyrene-Acrylic & Plastic)","1 Piece","Jars Containers Holders","IKEA",,,221.4272102271484,310.70611504166664,,67.11748,29.06771662503432,0.3478241861945392,0.46161,0.06227,0.07357,0,219.7622193103771
"2026-04-01","26ONRULH4I",,"Sumeet Stainless Steel Canisters / Dabba / Storage Containers with See Through Lid Combo (9cm Dia - 2 x 400ml, 11cm Dia - 2 x 800ml, Set of 4, Silver)","4 pieces","Jars Containers Holders","Sumeet",,,1189.7613259677212,2148.8659037916664,,30.13783,44.63305858832831,,,0.04022,0.01644,0.17121,29744.033149193034
"2026-04-01","HZUZCFD8EQ",,"Tupperware Plastic Spice Shakers (110ml, 250ml, Modular Storage, Sprinkle & Pour Lid, Transparent)","4 pieces","Jars Containers Holders","Tupperware",,,565,840.6857605128205,,49.08534,32.79219032829178,0.00957794428204815,0.01208,0.017,0.02008,0,14125.000000000002
"2026-04-01","TPT4GJ9E9H",,"The Better Home Tall Borosilicate Jars (2 Pieces, 1L)","2 pieces","Jars Containers Holders","The Better Home",,,2376.705638474295,6799,,20.75415,65.04311106482979,0.1347866780053688,0.0884,0.0072,0.00851,0,1189.4967267190107
"2026-04-01","ZLK8ULDQOI",,"Femora Pure Flow Borosilicate Glass Oil Dispenser Bottle (1L, Transparent)","1 Piece","Jars Containers Holders","Femora",,,657.5375796425797,700,,14.7821,6.066060051060049,0.006177394197934227,0.01067,0.0007,0.00083,0,643.2716426804923
"2026-04-01","F5SDQ1A8EJ",,"Tupperware Cubix Mini Square Storage Containers (110ml, Plastic, Compact, Airtight & Space-Saving)","2 pieces","Jars Containers Holders","Tupperware",,,270.30176470588236,350,,23.80641,22.740659314898277,0.009475687966401736,0.01501,0.04293,0.05073,0,14773.955046901603
"2026-04-01","8MZGXC8I8U",,"Tupperware Plastic Storage Container (1.1L, Multipurpose Smart Storer #1, Airtight Lid)","1 Piece","Jars Containers Holders","Tupperware",,,449.1158474142345,580,,27.35531,22.49742747673782,0.009272710139096092,0.01477,0.01978,0.02337,0,49203.65297902649
"2026-04-01","N2BMN0AF0Z",,"Java Plastic Regalia Utility Container (2500ml, Transparent, Brown)","1 Piece","Jars Containers Holders","Java",,,148.19542596951158,250.8834022083333,,13.20251,40.93400990446206,0.00642488134086833,0.00687,0.00505,0.00596,0,147.6277114742691
"2026-04-01","MFM4OU8UFP",,"Sumeet Stainless Steel Apple Shape Ghee and Oil Pot with Spoon (7.5cm Dia - 220ml, 9cm Dia - 350ml, Set of 2, Silver)","2 pieces","Jars Containers Holders","Sumeet",,,713.7974273821845,1534.0655792380956,,36.3952,53.495832495867944,0.14952463329234375,0.12825,0.01483,0.01753,0,354.61227485559914
"2026-04-01","D1F39Y85F0",,"Kuber Industries Plastic Container Set with Spoon (Pink, 1.1L, Pack of 3)","3 pieces","Jars Containers Holders","Kuber Industries",,,356.82063775510204,428,,28.34154,16.63069211329391,0.003421653638937761,0.00532,0.00724,0.00855,0,118.40808498002373
"2026-04-01","ZTPQ18TI4M",,"Java Plastic Food Safe Container (600ml, Transparent)","1 Piece","Jars Containers Holders","Java",,,85.72854206111654,149,,36.58436,43.12575869157514,0.06813915781520867,0.07204,0.07877,0.09307,0,84.42668952586216
"2026-04-01","I3UR1M045D",,"Java Plastic Oval Container (2L, Transparent)","1 Piece","Jars Containers Holders","Java",,,155.41839322516532,330,,19.61132,52.89001824537299,0.03851398755350465,0.03383,0.02238,0.02644,0,154.71363301422966
"2026-04-01","O6BDTPYT5O",,"Embassy Stainless Steel Deep Dabba/Canister/Storage Containers (400/500/700 ml, Pack of 3, Sizes 7-9)","3 pieces","Jars Containers Holders","Embassy",,,498.9872568745808,870.833351455399,,10.84348,42.700029111122404,0.011537888973687519,0.01316,0.00217,0.00256,0,166.33318768589214
"2026-04-01","8QVMN6KD6Z",,"Java Plastic Executive Round Snack Containers (Red)","3 pieces","Jars Containers Holders","Java",,,142.06958534597393,310.1620460416667,,44.86034,54.38174114977365,0.18889293111521704,0.16191,0.24252,0.28654,0,46.97869315343971
"2026-04-01","0G69LCZMTA",,"The Earth Store Blue Moroccan Ceramic Pickle Jar (600 ml, Blue)","2 pieces","Jars Containers Holders","The Earth Store",,,530.2324008890301,999,,13.97658,46.92368359469168,0.0442988556317155,0.04236,0.01217,0.0112,0.0175,252.1340229642526
"2026-04-01","2JL7GTSZ42",,"Glass Ideas Sugar Candy Jar (300ml, Transparent)","1 Piece","Jars Containers Holders","Glass ideas",,,236.84686971235195,399,,7.98469,40.63988227760603,0.0022964504658303897,0.00253,0.00028,0.00033,0.00001,236.1274587985114
"2026-04-01","Q50L4W6MWU",,"Signoraware Safe Store Tempered Glass Square Container (520ml)","1 Piece","Jars Containers Holders","Signoraware",,,346.5632911392405,439,,6.86397,21.070615034168565,0.0065969712379318115,0.00969,0.00766,0.00224,0.03749,344.2572606179714
"2026-04-01","LT2QDL3PXM",,"Eha Earth-Friendly Storage Container Set (600ml, Rice Husk, Multicolor)","4 pieces","Jars Containers Holders","Eha",,,567.8470746425293,1117,,3.71844,49.16319833101797,0.0028572294726492893,0.00266,0.00018,0.00021,0,138.991636515536
"2026-04-01","IXR80SCGXN",,"Sumeet Stainless Steel Canisters / Dabba / Storage Containers with See Through Lid (11cm Dia, 800ml Each, Set of 3, Silver)","3 pieces","Jars Containers Holders","Sumeet",,,1056.3376075485426,2069.3974224999997,,31.72733,48.89600537262077,0.3440418536186121,0.32831,0.02034,0.00994,0.0777,355.41649372454896
"2026-04-01","RP0XVSW9DO",,"Cutting EDGE Plastic Fridge Storage Boxes with Removable Drain Plate (1.5L, White)","6 pieces","Jars Containers Holders","Cutting Edge",,,399.1422902494331,650,,16.48111,38.586063939238144,0.048843793938776636,0.0562,0.00483,0.00571,0,399.6071520106131
"2026-04-01","V9NT91UU4O",,"Swastik Housewares Stainless Steel Ghee Pot (200 ml, Mercury)","1 Piece","Jars Containers Holders","Swastik Housewares",,,169.76507936507937,240,,1.20426,29.264550264550262,0.00030696079743764603,0.0004,0,0,0,167.50417083750418
"2026-04-01","IOUSKNLTMI",,"Home Centre Zyra Vista Bamboo Organiser (28 x 18 x 14.5 cm)","1 Piece","Jars Containers Holders","Home Centre",,,1140,1199,,26.82686,4.920767306088407,0.019552635394784457,0.03485,0.04219,0.04984,0,1140.0000000000002
"2026-04-01","E03Q2MHMEN",,"Home Centre Vault Trove Glass Modular Storage Canisters (Set of 7)","1 pack","Jars Containers Holders","Home Centre",,,1274.505171123495,1294.1829611176472,,13.71334,1.520685002163443,0.05108882847103622,0.09428,0.00267,0.00315,0,1278.7065405024773
"2026-04-01","34Z6WSCLK0",,"Home Centre Plastic Corsica Medika Condiment Jars (180ml, Pack of 4, Multicolour)","4 pieces","Jars Containers Holders","Home Centre",,,490.02768199233714,499,,15.10015,1.7981639951168387,0.0070203852878973644,0.01292,0.00088,0.00104,0,122.500314543444
"2026-04-01","G88ZWDX28P",,"Nayasa Plastic Globe Container (1L, Transparent)","3 pieces","Jars Containers Holders","Nayasa",,,296.5100127252026,419,,12.43743,29.236405145420076,0.0010718687345525803,0.00139,0.04627,0.00587,0.26888,97.0798930480572
"2026-04-01","9Y05GYPBSS",,"Signoraware Easy flow BPA Free Plastic Oil Dispenser (1.1L, Easy and Clean Pouring, Green)","1 Piece","Jars Containers Holders","Signoraware",,,276.8463316861194,325,,23.81796,14.809602230215875,0.0520578653384472,0.08302,0.00276,0.00326,0,276.7884064452352
"2026-04-01","5DUNWKOUH3",,"Milton Plastic Storex Storage Container with Lid (15L, Transparent)","1 Piece","Jars Containers Holders","Milton",,,239,520,,5.21708,54.03846153846154,0.006430636855820287,0.00554,0.00342,0.00404,0,239
"2026-04-01","L2VDWRYWYV",,"Clay Craft Fine Ceramic Cruet Set/Salt and Pepper Shakers (2 Pieces, Tower Look, White)","2 pieces","Jars Containers Holders","Clay Craft",,,440,479,,5.30873,8.1419624217119,0,0,0.00154,0.00182,0,220.00000000000003
"2026-04-01","825K0JRVIE",,"Cello Glass Modustack Glassy Storage Jar (750ml, Transparent, Maroon)","2 pieces","Jars Containers Holders","Cello",,,284.27202154864995,369,,22.05567,22.96267637940537,0.025013467981200185,0.03622,0.01553,0.01835,0,142.36376642982844
"2026-04-01","0DDW5P5PHW",,"TEX-RO Airtight Lockable Plastic Grocery Container (1.7L)","4 pieces","Jars Containers Holders","Texro",,,1463.896207482993,2499,,4.36778,41.42071998867575,0,0,0.00011,0.00013,0,365.97405187074827
"2026-04-01","UWGJAJG1ID",,"MTL Plastic Edge Airtight Jar (300ml, 600ml, 1.2L, 2L, Transparent)","16 pieces","Jars Containers Holders","mtl",,,1349,1420,,2.71976,5,0,0,0.00037,0.00043,0,84.3125
"2026-04-01","JGGSLP4KS7",,"The Better Home Borosilicate Glass Spice Jars with Bamboo Lid (2 Pieces, 300ml each)","2 pieces","Jars Containers Holders","The Better Home",,,426.4076086956522,1462.5869565217392,,1.60169,70.84565763462597,0,0,0.00002,0.00002,0,213.2038043478261
"2026-04-01","A3KJZKPHXI",,"Tupperware Plastic Kitchen Storage Container (5.4L, Smart Storer #4)","1 pieces","Jars Containers Holders","Tupperware",,,591.3784584135713,950,,25.50791,37.75385632295376,0.04641707698453365,0.05772,0.01347,0.01591,0,63012.52112931602
"2026-04-01","R8L48N0R2M",,"Soham Housewares Plastic Sauce Dispenser Bottle (Red)","2 pieces","Jars Containers Holders","Soham Housewares",,,59.0145223142325,65,,53.91911,9.207735168203996,0.03429807285119698,0.05838,0.15476,0.18285,0,29.507363017670674
"2026-04-01","LUC29FXJJN",,"TEX-RO Airtight Lockable Plastic Grocery Container (1.1L)","8 pieces","Jars Containers Holders","Tex-Ro",,,743,2999,,2.33033,75.22507502500834,0,0,0.00014,0.00017,0,92.875
"2026-04-01","W2W58FLDXC",,"Glass Ideas Glass Cubic Jar with Steel Lid (250ml, Transparent)","3 pieces","Jars Containers Holders","Glass ideas",,,189,399,,8.63809,52.63157894736842,0.007527254304666276,0.00668,0.00028,0.00033,0,63
"2026-04-01","UKQ8VPXDKV",,"Milton Plastic Silo Storage Containers (23L, Blue)","1 Piece","Jars Containers Holders","Milton",,,399,730,,1.96798,45.342465753424655,0.00046677226260362055,0.00048,0.00053,0.00062,0,399
"2026-04-01","9XGMIYK2AS",,"MILTON Plastic Vintage Pet Jar Set of 3 (500ml, Transparent)","3 pieces x 2","Jars Containers Holders","Milton",,,598,740,,13.75051,19.18918918918919,,,,,,598
"2026-04-01","RSUQWUQ5HX",,"Sumeet Stainless Steel Nozzle Oil Dispenser / Oil Bottle / Oil Container / Oil Pourer / Vinegar Bottle / Olive Oil Bottle / Oil Can (900ml, Silver)","1 Piece","Jars Containers Holders","Sumeet",,,366.6165974626104,1041.2210603750002,,28.78566,64.77322350165109,0.16091959364472438,0.10658,0.08076,0.05798,0.20628,366.26156398942635
"2026-04-01","HQIFO1XGJ5",,"HomeStop Totem Round Jar (Set of 2, 700ml, Mustard)","2 pieces","Jars Containers Holders","HomeStop",,,616.1962962962963,995,,10.0217,38.072045207723605,0.008590489766790924,0.00995,0.00017,0.0002,0,307.5117985695604
"2026-04-01","E01DG1N6ZV",,"Cello Diamond Plastic Kitchen Storage Containers (Pack of 24, Clear, with Lids)","24 pieces","Jars Containers Holders","Cello",,,758.991452991453,2175.9758315,,62.71966,65.11845951803963,1.9855281474513122,1.29818,0.32721,0.37962,0.0384,758.9978436058226
"2026-04-01","J3CE9AXJ1U",,"Treo Glass Cube Jar (580ml, Transparent)","580 ml","Jars Containers Holders","Treo",,,337.6709913958222,419.866760047619,,20.00568,19.57689848637618,0.029276386055615496,0.044,0.01282,0.01515,0,58.052942909030676
"2026-04-01","5UA1Q3PPPK",,"TEX-RO Airtight Lockable Plastic Grocery Container (700ml)","4 pieces","Jars Containers Holders","Tex-Ro",,,366.536231884058,1299,,1.59396,71.78320000892549,0.0008307126580656296,0.00043,0.00025,0.0003,0,90.00948103792415
"2026-04-01","7B8IVVF9OH",,"Nestasia Bird Metal Jars with Lids (Set of 2, 200ml each, Pink & Rose Taupe)","2 pieces","Jars Containers Holders","Nestasia",,,529.4019587613783,750,,44.33811,29.438453276654283,0.030696079743764607,0.03984,0.31081,0.07268,1.62278,260.1142504157828
"2026-04-01","NZXQZFL8Y2",,"Home Centre PET Plastic Barbados Canisters (6U of 350ml/900ml/1.4L each, Pack of 18, Black)","18 pieces","Jars Containers Holders","Home Centre",,,1279.2074542897328,1299,,12.54591,1.5236755743084793,0,0,0.00038,0.00045,0,71.06708079387407
"2026-04-01","2LNUS6UL3Q",,"Home Centre Glass Pacific Blithe Canister (500ml, Transparent)","1 Piece","Jars Containers Holders","Home Centre",,,125.01573099415205,129,,5.6114,3.088580624688335,0.0009074528574250412,0.00165,0.00221,0.00261,0,125.03369823024995
"2026-04-01","DJCCYLIUFL",,"Frenchware Oil Dispenser with Lids (1L, Green, Textured, BPA-Free Plastic)","2 pieces","Jars Containers Holders","Frenchware",,,277.13857021624204,399.00065714285716,,16.8339,30.594343899069106,0.03896426067324601,0.05039,0.07605,0.04707,0.23573,137.8622827160701
"2026-04-01","S6P66QPJAY",,"Eha Earth Friendly Rice Husk Biocomposite Tea Sugar and Coffee Printed Storage Jars (3 Pieces, 800ml each)","3 pieces","Jars Containers Holders","Eha",,,588.8017364270548,1158,,3.77903,49.15356334826815,0.004072986081000766,0.00384,0.00015,0.00018,0,194.1269027403086
"2026-04-01","93S61BWLRB",,"Sumeet Stainless Steel Storage Containers with See Through Lid (380ml, Set of 2)","2 pieces","Jars Containers Holders","Sumeet",,,399,1186.2115072916667,,29.03637,66.37418945468289,0.2608228629282823,0.16396,0.03643,0.04304,0,199.49999999999997
"2026-04-01","NSXAYT4T9M",,"Nayasa Plastic Storage Round Container (1L, Brown)","1 Piece x 3","Jars Containers Holders","Nayasa",,,210,285,,3.3713,26.31578947368421,,,,,,210
"2026-04-01","1SU503GG2C",,"Exclusivelane 'Old Fashioned Martaban' Ceramic Chutney and Pickle Jar Set with Tray (2 Pieces, 225ml each, Light Brown and White)","2 pieces","Jars Containers Holders","ExclusiveLane",,,1078.0771514955188,1925,,5.55629,43.99599213010292,0,0,0.00492,0.00031,0.03031,539.0385757477594
"2026-04-01","9JMR9OEOQE",,"Nayasa Plastic Cosmic Container (2L, Blue)","1 Piece","Jars Containers Holders","Nayasa",,,299.4653293796151,359,,15.41667,16.584595729823516,0.007921315228376856,0.01237,0.00256,0.00303,0,299.02259977560055
"2026-04-01","8V3Y9SMR85",,"Cello Qube Fresh Glass Multipurpose Air Tight Storage Jars (1L, Set of 2, Transparent)","2 pieces x 2","Jars Containers Holders","Cello",,,758.6666666666666,1100,,40.05848,31.03030303030303,,,,,,758.6666666666666
"2026-04-01","TWZNL83YE9",,"Neelam Stainless Steel Multipurpose Grocery Container (350ml, 550ml, 775ml, Silver)","3 pieces","Jars Containers Holders","Neelam",,,699.6672435815818,882.2018028991597,,9.19488,20.690794183113056,0.005887891795850848,0.00922,0.00111,0.00131,0,233.01603594591705
"2026-04-01","WMN14ODYIW",,"Tupperware Universal Jar with Red Handle (3L, Airtight Plastic)","1 pieces","Jars Containers Holders","Tupperware",,,747.3697405123197,940,,24.35252,20.403168027327265,0.02073865517588417,0.03304,0.01499,0.01771,0,79833.43695973443
"2026-04-01","VA8H08GG7M",,"Tupperware Modular Mate Rectangular Dry Storage Container (2L, Plastic)","1 Piece","Jars Containers Holders","Tupperware",,,552.7908973162812,890,,19.68012,37.71085383900596,0.023904763950955085,0.02974,0.04768,0.05633,0,59025.71807120691
"2026-04-01","JJZCZ6Z7RL",,"KILNER Wide Mouth Preserve Glass Jar (0.2L)","1 Piece","Jars Containers Holders","Kilner",,,499,499,,2.28357,0,0,0,0.00268,0.00317,0,499
"2026-04-01","KO9S9PIQQB",,"Borosil Endura Jar with PP Lid Borosilicate Glass Kitchen Storage Container For Storing Spices Dals Grains Rice (900ml, Transparent)","1 Piece","Jars Containers Holders","Borosil",,,399.9436186332862,485.0109381666667,,65.31325,17.520326754732466,0.1186815960668059,0.18348,0.14181,0.15209,0.08522,400.70973457725876
"2026-04-01","68T3KZ8BSO",,"Trisara Stainless Steel Deep Chapati Box/Storage Containers (900 ml/1.1 L/1.5 L, Pack of 3, Sizes 10-12)","3 pieces","Jars Containers Holders","Trisara",,,1236.5572757838768,2120,,11.74031,41.67182661396808,0.00406723056604881,0.00446,0.00335,0.00396,0,412.9288152431994
"2026-04-01","MP0CBZM8U0",,"Femora Borosilicate Rectangle Microwave Safe Container with Break Free Lid (1L, Transparent)","1 Piece","Jars Containers Holders","Femora",,,536.8331857638889,635,,30.09239,15.459340824584427,0.0018275678477443855,0.00291,0.02474,0.00204,0.1498,53856.24807196142
"2026-04-01","MNR81XX6IG",,"ARISTO Plastic Lock & Fresh 503 Storage Container (750ml, Transparent)","1 Piece","Jars Containers Holders","Aristo",,,65,100.44535683544304,,18.79941,35.36990205073882,0.03246743539547822,0.03908,0.09147,0.10807,0,65
"2026-04-01","U4MI764CNQ",,"Signoraware Slim Lunch Box Small Set (Set of 3)","3 pieces","Jars Containers Holders","Signoraware",,,346.7760922330097,429,,6.90342,19.17150725618469,0.00850473259400678,0.01277,0.0057,0.00514,0.00876,343.7636663780039
"2026-04-01","PWCKZTO7B8",,"Yera Glass Jar (245ml, Transparent)","4 pieces","Jars Containers Holders","Yera",,,165.0038603239785,194.35320383333334,,18.85746,15.101034060916867,0.0019344285753523658,0.00316,0.01178,0.00051,0.07388,41.2512566527345
"2026-04-01","5KUOMJQQWX",,"Glass ideas Melody Glass Jar (500ml, Transparent)","2 pieces","Jars Containers Holders","Glass ideas",,,169.93878995066555,299.0000426666667,,55.14384,43.304104854943795,0.30551923279267956,0.32351,0.25049,0.29363,0.01281,84.72376700899815
"2026-04-01","FGLK7A77X9",,"LOCK & LOCK Food Storage Container Navy Blue( Lbf450Rn )","1 Piece","Jars Containers Holders","Lock & Lock",,,415,415,,6.81663,0,0,0,0.0083,0.0098,0,415.00000000000006
"2026-04-01","JT87G0D2RH",,"Signoraware Storewell BPA Free Plastic Round Container (3.5L, Airtight Lid, Maroon)","1 Piece","Jars Containers Holders","Signoraware",,,296.83630082010376,360,,31.7045,17.48202538413174,0.07867788939323665,0.12205,0.11093,0.05516,0.41821,29790.666764480728
"2026-04-01","QROTSPFWPB",,"Tupperware Pocket-Sized Midgets (Mini Airtight Containers, Condiment & Snack Storage)","2 pieces","Jars Containers Holders","Tupperware",,,95,220,,8.30386,56.81818181818182,0.0016178752529947933,0.00131,0.00409,0.00483,0,4750
"2026-04-01","4PGO8LFV07",,"Home Centre Vault Malva Glass Storage Canisters with Wooden Lid (Set of 6)","6 pieces","Jars Containers Holders","Home Centre",,,1779.014078693355,1799,,33.27208,1.1110177470815268,0.14668467036455035,0.27189,0.02269,0.02681,0,1779.000044066607
"2026-04-01","13Z6ZV42T3",,"Tarrington House Plastic Airtight Jar (450ml, Transparent)","1 Piece","Jars Containers Holders","tarrington house",,,540,600,,0.78329,10,0,0,0,0,0,54000
"2026-04-01","OP896E7XOK",,"Femora Glass Airtight Kitchen Storage Jar with Green Lid (1L, 2 Pieces, Transparent)","2 pieces","Jars Containers Holders","Femora",,,309,420,,11.6311,26.428571428571427,0.0012086581399107313,0.00167,0.00033,0.00006,0.00179,154.5
"2026-04-01","UJJE4ZTUS7",,"HAZEL Stainless Steel Oil and Ghee Air Tight Container (1L)","1 Piece","Jars Containers Holders","Hazel",,,448.2454627911771,999,,6.31316,55.130584305187476,0.01565212291184397,0.01281,0.00752,0.00889,0,436.4082965084947
"2026-04-01","4DV5OKDLH6",,"Signoraware Lock N Store Glass Rectangular Container (370ml)","1 Piece","Jars Containers Holders","Signoraware",,,299.3897179909909,390,,16.17291,23.233405643335665,0.006983358141706448,0.01004,0.03334,0.00759,0.17522,299.02421862191557
"2026-04-01","0Z99BX8N0F",,"Sugar Homeware Stahl XL Stainless Steel Storage Container (1200ml, Assorted)","1 Piece","Jars Containers Holders","Sugar Homeware",,,139,399,,6.77612,65.16290726817043,0.005230803838835887,0.00341,0.00086,0.00101,0,139
"2026-04-01","A17AGCHQRQ",,"HOME ESSENTIALS Airtight Plastic Multi-Purpose Storage Container with Measuring Cup","1 Piece","Jars Containers Holders","HomeEssentials",,,1483.987732393393,3399,,14.24788,56.34046094753183,0.008694664587421325,0.00575,0.04749,0.00752,0.26769,120551.61129494607
"2026-04-01","AU8L45KP1Y",,"Femora Glass Air Tight Jar with See Through Lid (1L, Transparent)","1 Piece","Jars Containers Holders","Femora",,,227.78993503159913,275,,29.9449,17.0648178187855,0.02909585473662248,0.04661,0.04277,0.03133,0.10576,230.89002808420267
"2026-04-01","M27QY3U9WV",,"LOCK & LOCK Food Storage Container Navy Blue( Lbf451Rn )","1 Piece","Jars Containers Holders","Lock & Lock",,,675,675,,4.0559,0,0,0,0.00007,0.00008,0,675
"2026-04-01","CMAOZ3N1YN",,"ExclusiveLane Sheesham Wood Hand Engraved Rectangular Spice Box with Spoon (90 ml, Brown)","1 pack","Jars Containers Holders","ExclusiveLane",,,1331.065417301008,2549,,12.2693,47.77954783153862,0.057868441383443436,0.057,0.01622,0.00196,0.09478,1339.3603436619828
"2026-04-01","67MPZ01GIM",,"Signoraware Executive Steel Big Container Set (Pack of 2, 500ml Each, Steelware)","2 pieces","Jars Containers Holders","Signoraware",,,306.69128382630583,398,,8.36242,22.931021620145174,0.020363203750518245,0.02939,0.00679,0.00802,0,306.5311232002456
"2026-04-01","06TN77AV2Z",,"Tupperware Plastic Kitchen Storage Container (3.9L, Square Smart Storer #3, Airtight Lid)","1 Piece","Jars Containers Holders","Tupperware",,,553.1552351623741,840,,25.2293,34.05037786546745,0.02363060958874359,0.03087,0.01928,0.02278,0,58510.89540532992
"2026-04-01","5JD43KL2L0",,"Sumeet Stainless Steel Chocolate Flat Slim N Sleek Canisters/Puri Dabba/Storage Containers (No.10 - 700ml, No.11 - 900ml, No.12 - 1.2L, Set of 3, Silver)","3 pieces","Jars Containers Holders","Sumeet",,,979.1570318708582,1424.969259125,,21.10287,31.28567688287734,0.03177044253479637,0.04034,0.00858,0.00411,0.0332,326.750208824815
"2026-04-01","X342GK4N6W",,"Home Lane See Through Stainless Steel Masala Box","1 pack","Jars Containers Holders","HomeLane",,,611.0689655172414,1299,,2.95909,52.95850919805686,0.007061057593557851,0.0061,0.00575,0.00293,0.02128,599.094454189718
"2026-04-01","3ANH4Z9K4H",,"Java Plastic Round Container (10L, 7L, 5L, Transparent)","3 pieces","Jars Containers Holders","Java",,,397.46711689974694,720,,58.49738,44.85184105562496,0.7171555806615469,0.74098,0.20027,0.23662,0,132.3610601500155
"2026-04-01","TQ52BK944I",,"Neelam Stainless Steel Spice Box Set (2175 ml, 10 Pieces)","1 pack","Jars Containers Holders","Neelam",,,990.8352380823181,1195.3703925321888,,11.68393,17.113730245092988,0.019405869763509585,0.03008,0.01585,0.01873,0,985.8502960096316
"2026-04-01","7LPOX501NY",,"Tupperware One Touch Fresh Container (1.8L, Airtight Storage, Plastic)","1 Piece","Jars Containers Holders","Tupperware",,,449.3960957268509,695,,28.52113,35.18998453779241,0.02266195642232942,0.02984,0.00878,0.01038,0,48791.46857202052
"2026-04-01","8BVSMIT1WL",,"Borosil Klip N Store Square Food Storage Container with Airtight Lid Borosilicate Glass for Lunchbox Microwave Dishwasher Safe (320ml, Transparent)","1 Piece","Jars Containers Holders","Borosil",,,259.8628385463516,375,,56.47548,30.715887533703615,0.2547663345443391,0.33001,0.18445,0.11327,0.5766,259.9197577669273
"2026-04-01","SX7C149WPA",,"Glass ideas Glass Salt & Pepper Jar with Cap (120ml, Transparent, Pack of 2)","2 pieces x 2","Jars Containers Holders","Glass Ideas",,,158,198,,6.85518,20.2020202020202,,,,,,158
"2026-04-01","AAYTH0BJ3B",,"Sumeet Stainless Steel Vertical Utility Canisters/Ubha Dabba/Storage Containers (No.3 - 125ml, No.4 - 160ml, No.5 - 200ml, No.6 - 280ml, Set of 4, Black)","4 pieces","Jars Containers Holders","Sumeet",,,495,1098.9515737083334,,11.6245,54.96016121275616,0.03621926374215985,0.03046,0.00533,0.001,0.02919,123.75000000000001
"2026-04-01","Z7CNDRAEVN",,"Home Centre Elvo Seong Borosilicate Glass Partitioned Serving Caddy (1.25L)","1 pack","Jars Containers Holders","Home Centre",,,1099,1199,,28.32645,8.340283569641368,0.02018900349797238,0.03469,0.00349,0.00413,0,1099
"2026-04-01","2V4OZ692WD",,"HOME ESSENTIALS Fresh Food Organizer Box (Transparent)","1 unit","Jars Containers Holders","HomeEssentials",,,1001.8595341671,1857.2945765416666,,17.05492,46.436756240964336,0.12314212015457168,0.10604,0.01849,0.00091,0.11533,988.5892735364405
"2026-04-01","MPHHX3KQUQ",,"Home Centre Glass Pamolive Oil Bottle with Stopper (500ml, Pack of 2, Transparent)","2 pieces","Jars Containers Holders","Home Centre",,,539.009500351865,549,,11.25875,1.8197631417368079,0.0031597777086237694,0.00582,0.00561,0.00662,0,269.50052378365797
"2026-04-01","PXEWVESA6T",,"Signoraware Trison Borosilicate Glass Round Jar with Steel Lid (500ml, Airtight and Heat Resistant , Clear)","1 Piece","Jars Containers Holders","Signoraware",,,335.23067009734456,349.0457151476793,,14.35433,3.9739830982938082,0.015019783669122419,0.02714,0.01507,0.00332,0.07977,333.6598112749627
"2026-04-01","N68M3U0TX2",,"P-TAL Brass Dry Fruit Box (Comes with Dry Fruit)","1 pack","Jars Containers Holders","P-Tal",,,2704.5279967056754,2892.21838105042,,14.5308,6.466904017643517,0.049971683018861596,0.08691,0.00055,0.00065,0,2683.273285702931
"2026-04-01","XK2349FS5S",,"Glass ideas Glass Maxx Jar With Metal Cap (500ml, Pack of 3, Transparent)","3 pieces","Jars Containers Holders","Glass ideas",,,178.67839950419582,399,,74.84756,55.48077815618328,2.6073979166247576,2.18137,2.83745,3.35153,0.00508,177.6372989786195
"2026-04-01","MJ345DSGDU",,"Nayasa Plastic Retro 90 Airtight Storage Container (300ml, Brown)","4 pieces","Jars Containers Holders","Nayasa",,,195,235,,4.46708,17.02127659574468,0.0006010676114825907,0.00093,0.00005,0.00006,0,48.75
"2026-04-01","DK9K7QOBRJ",,"Larah by Borosil Confetti Opalware Storage Bowl with Lid, Microwave Dishwasher Safe Kitchen Storage Container (400ml + 800ml + 1.2L, White, Pack of 3)","3 pieces","Jars Containers Holders","Larah by Borosil",,,845.7965374079781,1195,,14.13808,29.222047078830283,0.008788287630639808,0.01151,0.00199,0.00235,0,280.74147785511144
"2026-04-01","H6I7B3Z9FX",,"YouBee Airtight Dry Fruit Container Set With Serving Tray and Lid, Plastic Dry Food Storage Box (4 Section, Cream and Red)","1 pack","Jars Containers Holders","Youbee",,,486.10884353741494,1099,,5.65314,55.76807611124523,0.0014054967512676221,0.00117,0.00003,0,0.0002,488.6580577681229
"2026-04-01","D2SA1FTVKN",,"Cello Glass Modustack Glassy Storage Jar (750ml, Transparent, Maroon)","2 pieces x 2","Jars Containers Holders","Cello",,,569,738,,24.7619,22.899728997289973,,,,,,569
"2026-04-01","NIHTOKABMZ",,"Glass ideas Glass Jar (500ml)","1 Piece","Jars Containers Holders","Glass ideas",,,139.00705776614325,149,,23.17861,6.7059894572623335,0.015894813792318115,0.02777,0.03783,0.04466,0.00022,139.02551584934557
"2026-04-01","56LQP9L7G0",,"Tupperware FridgeSmart Mini Storage Containers (350ml, Vented Plastic)","2 pieces","Jars Containers Holders","Tupperware",,,625.5067871660859,780,,22.94882,19.764400322090985,0.012966599635261363,0.02013,0.00606,0.00715,0,32284.97793955653
"2026-04-01","2PYZWQYJGZ",,"Nestasia Food Storage Containers with Nested Design (4 Pieces, 500ml, 800ml, 1000ml, 1600ml)","4 pieces","Jars Containers Holders","Nestasia",,,1575.9805473046397,2700,,12.45112,41.63035009982816,0.0017266544855867592,0.00192,0.00449,0.0032,0.01164,398.86292040892124
"2026-04-01","BCDFGNV7BU",,"Glass ideas Spice Glass Jars (150ml, Transparent)","4 pieces","Jars Containers Holders","Glass ideas",,,179.27206728972322,299,,62.86558,40.076002217358514,0.5244170063059312,0.58868,0.51967,0.60799,0.03306,44.791746011094496
"2026-04-01","3LW3H595WL",,"ARISTO Houseware Plastic Air Tight Dry Storage Container (1.3L, Clear, No 103, Lock and Fresh)","1 Piece","Jars Containers Holders","Aristo",,,97.33390469705574,133.57488120833332,,23.05275,27.552326284118074,0.10655223200655574,0.14372,0.52832,0.62421,0,97.17227068768476
"2026-04-01","C8SZCNQP3V",,"ARISTO Lock & Fresh 223 Plastic Storage Container (3570ml, 22.5 x 13.5 x 17.5 cm, Color May Vary)","1 Piece","Jars Containers Holders","Aristo",,,160.0871709701256,221,,24.45179,27.55542801789914,0.061938166005971414,0.08422,0.16634,0.19653,0,160.18629135387215
"2026-04-01","BF895FUW1G",,"Sumeet Stainless Steel Chocolate Flat Slim N Sleek Canisters/Puri Dabba/Storage Containers (No.7 - 300ml, No.8 - 480ml, No.9 - 600ml, Set of 3, Silver)","3 pieces","Jars Containers Holders","Sumeet",,,399,976.5087734761904,,23.993,59.13947232887675,0.14131093790440752,0.10835,0.0541,0.04158,0.12304,133
"2026-04-01","LPLB9CIWV6",,"Femora Frosted Glass Jar for Kitchen Storage with Golden Lid (1.5L, Transparent)","1 Piece x 2","Jars Containers Holders","Femmora",,,713.3333333333334,820,,7.36041,13.008130081300813,,,,,,713.3333333333334
"2026-04-01","VAWM3G2MX6",,"Femora Borosilicate Rectangle Microwave Safe Container with Break Free Lid (400ml, Transparent)","1 Piece","Jars Containers Holders","Femora",,,325,400,,4.99736,18.75,0,0,0.00037,0,0.0024,325
"2026-04-01","SQOAHQG7BU",,"Cello Glass Modustack Glassy Storage Jar (1500ml, Transparent, Maroon)","1 Piece","Jars Containers Holders","Cello",,,198.98525065052073,269.29237282828285,,28.47652,26.094469236151834,0.035543566286800235,0.0493,0.00223,0.00263,0,198.9621892819579
"2026-04-01","QDCUTJ20Y7",,"Signoraware Sprinkles N Spice BPA Free Plastic Small Spice Shaker (120ml x 2, Red)","2 pieces","Jars Containers Holders","Signoraware",,,179.42758944575928,202.39309045833332,,18.77865,11.346978773122657,0.001717829362660427,0.0029,0.00503,0.00594,0,89.8006288065593
"2026-04-01","CU8CYCOLHR",,"Cutting EDGE Essentials Modular Plastic Kitchen Storage Container (2 Pieces, 525ml, Royal Blue)","2 pieces","Jars Containers Holders","Ce Essentials",,,150,175,,8.09587,14.285714285714286,0.003020877947783234,0.00485,0.00639,0.00437,0.01753,75
"2026-04-01","NDX5OILDJ9",,"Selvel Italian White Serving Bowl Set with Lids (4 Pieces, 430ml)","4 pieces","Jars Containers Holders","Selvel",,,1073.444001836805,2999,,19.04631,64.26531929617977,0.16206091225969724,0.10745,0.00442,0.00522,0,261.4707245780664
"2026-04-01","JILVKSY1BS",,"Saaj Plastic Food Fresh Container (400ml, Green)","3 pieces","Jars Containers Holders","saaj",,,99.22471602186879,115,,9.65117,13.719964663513723,0.010659597392019056,0.01728,0.03079,0.03637,0,33.09780633263472
"2026-04-01","FYQ0S6SHKM",,"Birch & Co. Airtight Container (1L, Multicolour)","3 pieces","Jars Containers Holders","Birch & Co.",,,599,1996.9441304519776,,5.62095,70.00416832570946,0,0,0.00108,0.00128,0,199.66666666666663
"2026-04-01","RWAQDNIJ0X",,"IKEA PRUTA Food Container with Lid (0.6L, Set of 3)","3 pieces","Jars Containers Holders","IKEA",,,119.0724652777778,161.75,,4.35583,26.376254111395426,0.0028904196088722347,0.00407,0.00911,0.01077,0,119.01848596292704
"2026-04-01","XTPPO76NYY",,"Nayasa Plastic Use Max Chill Small Container (1L, White)","2 pieces","Jars Containers Holders","Nayasa",,,135.11284965034963,175,,2.92918,22.792657342657353,0.0008951744255275354,0.00125,0.00007,0.00008,0,64.19558730289998
"2026-04-01","T2SE8Q45WU",,"Magnus Plastic Modulock Storage Container (460ml, Transparent)","1 Piece","Jars Containers Holders","Magnus",,,104.36476613151355,128.86499193370167,,28.82788,19.017453952710884,0.005992834018474843,0.00895,0.00448,0.00529,0,103.2393176202046
"2026-04-01","7HQ9TCVLUG",,"ExclusiveLane Ceramic Oil Bottle (1L)","1 Piece","Jars Containers Holders","ExclusiveLane",,,656.4446309510595,1575,,10.9048,58.33327534167094,0.0390296816931999,0.03018,0.01502,0.00047,0.09522,649.6086845609233
"2026-04-01","BE3CK0ZI37",,"Ikea SPLITTERNY Transparent Snack Container (300ml, Light Grey-Brown)","1 Piece","Jars Containers Holders","IKEA",,,107,158,,3.68379,32.278481012658226,0.00040422900012570016,0.00051,0.00073,0.00086,0,10700
"2026-04-01","4VHPD0KDBT",,"Saaj Plastic Max Container (2000ml, Pink)","3 pieces","Jars Containers Holders","saaj",,,306.0106802096209,424.45733398305083,,10.28581,27.897646940713507,0.0010521081332175318,0.00151,0.00045,0.00054,0,91.20650701674971
"2026-04-01","DOYYL3CRFA",,"Joyo Fresherware Plastic Spice Masala Box (German Lavender)","1 Piece","Jars Containers Holders","Joyo",,,199,326,,3.3132,38.95705521472393,0.003612544884844297,0.00413,0.0042,0.00401,0.00528,199
"2026-04-01","0DVBUFGT48",,"Java Plastic Airtight Square Container (2 Pieces, 5.5L, Transparent, Blue Lid)","1 Piece x 2","Jars Containers Holders","Java",,,518,1250,,19.17578,58.56,,,,,,518
"2026-04-01","IOJJLXAAUP",,"Nayasa Plastic Refresh Storage Container (500ml, Grey)","3 pieces","Jars Containers Holders","Nayasa",,,246.52115059221657,358.8274111675127,,2.94807,31.298127478579886,0.0013669348010895176,0.00174,0.00123,0.00145,0,81.08758675757016
"2026-04-01","8PB5KS95D3",,"YouBee Plastic Air Tight and BPA Free Storage Jar and Container Set (800 ml Each, Blue, Pack of 4)","4 pieces","Jars Containers Holders","Youbee",,,595.2545665579892,898.9409580833333,,55.78097,33.56829133355672,0.1167116751492498,0.14456,0.91334,0.07236,5.54681,153.28078211182094
"2026-04-01","DXVHX6EC0E",,"Trisara Stainless Steel Sleek Chapati Box/Storage Containers (600/800 ml/1.2 L, Pack of 3, Sizes 10-12)","3 pieces","Jars Containers Holders","Trisara",,,998.5232780865422,1739.8001576855895,,7.57846,42.607013013790535,0,0,0.00002,0.00002,0,332.8410926955141
"2026-04-01","160LVLRWH2",,"JARSOME Metal Maroc Collection Airtight Kitchen Container Set (2 Pieces, 450ml, Moroccan Blue)","2 pieces","Jars Containers Holders","Jarsome",,,558.0410256410257,699,,10.36675,20.165804629323933,0.002456261930996364,0.00368,0.00609,0.00068,0.03585,279.43768224610517
"2026-04-01","F3MQZHSSRB",,"Saaj Plastic Crysta Container (1200ml, Transparent)","2 pieces","Jars Containers Holders","saaj",,,266.52755918751683,385,,18.19229,30.77025402451286,0.010462375079665371,0.01359,0.0053,0.00626,0,133.3240986300433
"2026-04-01","2S7UWBB1X4",,"Ikea 365+ Square Plastic Food Container (750ml, Set of 3)","3 pieces","Jars Containers Holders","IKEA",,,619,798,,11.52816,22.43107769423559,0.005868706746010996,0.00853,0.01025,0.01211,0,619
"2026-04-01","OHFM7MFAQP",,"Sumeet Stainless Steel Round Masala Box with See Through Lid (Size 12, 20.5cm, 2L, 7 Containers, Silver)","1 Piece","Jars Containers Holders","Sumeet",,,756.0165669518831,1379.7376217916665,,27.18812,45.197163217112994,0.26417506668679974,0.27231,0.13189,0.09703,0.32397,756.352105913668
"2026-04-01","ZURK7GSL9C",,"Tupperware MM Round Spice Storer Set (440ml, Kitchen Storage Plastic)","4 pieces","Jars Containers Holders","Tupperware",,,969.4859307359308,1634.5454545454545,,18.21606,40.68773504952593,0.007923425583859238,0.00945,0.00849,0.01003,0,26270.035612050164
"2026-04-01","Z0EBX6O677",,"ExclusiveLane Ceramic 'Elephant Motif' Pickle Jar (540 ml, Ivory White & Multicolor)","1 Piece","Jars Containers Holders","ExclusiveLane",,,562.0199900006623,999,,15.12484,43.752004965529736,0.014054967512676217,0.01471,0.0336,0.00919,0.16809,557.2480179145439
"2026-04-01","KPNAOQR0G2",,"Femora Borosilicate Glass Food Storage Container with Air Vent Lid, Rectangular (140ml, 400ml, 620ml, 1000ml, Set of 4)","4 pieces","Jars Containers Holders","Femora",,,1256.5633528265107,1680.6684210526316,,13.11931,25.234309332741347,0.009691903478096878,0.01355,0.0179,0.00078,0.11225,313.9225499167579
"2026-04-01","BQQDGFBF99",,"Wonderchef Glass No-Drip Oil Pourer (600ml, Clear)","1 Piece","Jars Containers Holders","Wonderchef",,,399.7264102000975,600,,40.61332,32.62761303019803,0.06695582394108655,0.08881,0.03332,0.03937,0,425.85227039431936
"2026-04-01","LU0IPVZ75W",,"Signoraware Lock N Store Glass Container (Set of 3, 320ml + 400ml + 370ml)","3 pieces","Jars Containers Holders","Signoraware",,,654.1835404641654,932.857123,,14.84107,29.87278721099388,0.020716976069565133,0.02718,0.00272,0.00321,0,657.1933187927063
"2026-04-01","2Y6P7Q5K7O",,"Femora Borosilicate Glass Food Storage Container with Air Vent Lid (1L, Transparent)","1 Piece","Jars Containers Holders","Femora",,,489.3367781692325,625.0080786974789,,21.33134,21.673803917079024,0.07061556404853689,0.10401,0.08082,0.0132,0.45337,49233.348010819616
"2026-04-01","DR6SWWCDTK",,"Nestasia Glass Seasoning Jars with Lid (Set of 6, 100ml, Transparent and Beige)","6 pieces","Jars Containers Holders","Nestasia",,,879.8064626260758,1315,,21.29372,33.08563706608708,0.047091431486404475,0.05908,0.03814,0.0073,0.20808,146.4616071642346
"2026-04-01","CL5CAHDT0Q",,"Femora Stainless Steel Rectangular Storage Container with Lock Lid (350ml, Silver)","1 Piece","Jars Containers Holders","Femora",,,310.2777777777777,365,,10.2984,14.99238964992391,0.0009339282262040382,0.00153,0.00061,0.00057,0.00084,317.26365848263663
"2026-04-01","2NMQZKWRD6",,"Cello Classic Multipurpose Glass Storage Canister Set (300ml Each, Set of 3, White)","3 pieces","Jars Containers Holders","Cello",,,256.4695863746959,441.21411189781026,,3.64966,41.87185326608572,0.0021709802398777516,0.0013,0.00008,0.00009,0,250.58969898255054
"2026-04-01","3FETL03RAN",,"Joyo Fresherware Round Container (150ml, Brown)","1 Piece","Jars Containers Holders","Joyo",,,99.31256871435443,148.96321445887446,,13.25121,33.32837124321112,0.0036708674363574506,0.00457,0.00457,0.00458,0.0045,100.80294608279694
"2026-04-01","5L8NSV0MB8",,"Joyo Stainless Steel Oil Dispenser (500ml)","1 Piece","Jars Containers Holders","Joyo",,,296.47610134963077,480,,21.3587,38.23102710781282,0.017496765453945823,0.02023,0.00001,0.00001,0,296.07229795739113
"2026-04-01","1SLHIWO394",,"Whitegold Glass Cube Jar Set (3 Pieces, 230ml each)","3 pieces","Jars Containers Holders","Whitegold",,,170,276,,1.63985,38.405797101449274,0.0001765024585266465,0.0002,0.00023,0.00027,0,56.666666666666664
"2026-04-01","FJWVKE8USQ",,"Tupperware Silicone Slim Bag Small (300ml, Kitchen Storage Silicone)","1 pieces","Jars Containers Holders","Tupperware",,,553.8405849145797,890,,24.39785,36.474346021278095,0.0393690652248669,0.05605,0.00418,0.00494,0,67591.19897636483
"2026-04-01","R2BIXVH11M",,"Home Centre Glass Siattle Regal Storage Jars (1L, Pack of 6, Transparent)","6 pieces","Jars Containers Holders","Home Centre",,,969,999,,0.00901,3.003003003003003,0.0025554486386684034,0.00465,0.00001,0.00002,0,161.5
"2026-04-01","6OHHUI1QNO",,"ARISTO Lock & Fresh 211 Plastic Storage Container (1.1L, 19 x 13 x 8 cm, Color May Vary)","1 Piece","Jars Containers Holders","Aristo",,,99,146.81442525000003,,35.3033,34.149449972163325,0.38487646480074533,0.46889,1.7588,2.07803,0,99.00000000000001
"2026-04-01","J5LQBTR0YA",,"Signoraware Trison Borosilicate Glass Round Jar with Steel Lid (1.3L, Airtight and Heat Resistant , Clear)","1 Piece","Jars Containers Holders","Signoraware",,,396.830625,460,,10.52025,13.730515966083344,0.011324551219468357,0.01834,0.00334,0.00395,0,39745.54224937916
"2026-04-01","EYAUUBTB2F",,"JARSOME Metal Mandala Collection Airtight Kitchen Container Set (2 Pieces, 1400ml each, Blue Elephants)","2 pieces","Jars Containers Holders","Jarsome",,,1096.609879032258,1399,,8.57006,21.61473345016025,0.0026837966220970193,0.00393,0.01659,0.00296,0.09169,546.6472547536023
"2026-04-01","07HB54E0D8",,"ExclusiveLane Ceramic 'Hut Handpainted' Pickle Jars with Spoons (280 ml, Multicolor)","2 pieces","Jars Containers Holders","ExclusiveLane",,,851.7923824107336,1493.795184468085,,17.13266,42.95755060702923,0.02300690361844997,0.02448,0.00825,0.00119,0.04713,424.6387870036057
"2026-04-01","4DZS9CDTTU",,"Cello Glass Modustack Air Tight Storage Jar (1 L, Transparent)","3 pieces x 2","Jars Containers Holders","Cello",,,972.2857142857143,1254,,1.29436,22.465254044201412,,,,,,972.2857142857143
"2026-04-01","155N48XWC2",,"Yera Glass Jar (Transparent, Blue)","2 pieces","Jars Containers Holders","Yera",,,212.40838114362205,278.9513593975903,,6.43706,23.854688644526135,0.0027747337583379217,0.00383,0.00223,0.00007,0.01411,208.74697928964466
"2026-04-01","HVWJBFLV40",,"Java Plastic Airtight Square Container (4L, Transparent)","1 Piece","Jars Containers Holders","Java",,,210.4511608435861,515,,68.51098,59.24549952890981,2.1365401976577396,1.63144,2.10259,2.48421,0,209.8848787736574
"2026-04-01","K44UD2GFW7",,"Exclusivelane Ceramic 'Art Of Warli' Multi-Purpose Pickle and Chutney Jar (280ml, Ivory White and Black, Non Air-Tight, Handcrafted)","1 Piece","Jars Containers Holders","ExclusiveLane",,,499,910,,7.42483,45.16483516483517,0.0017456476849282137,0.00179,0.00235,0.00011,0.01471,499.00000000000006
"2026-04-01","L28CEIHFDM",,"Nayasa Florentine Dryfruit Set (Set of 4, Pink)","4 pieces","Jars Containers Holders","Nayasa",,,1009.5143369175627,1145,,0.0607,11.832809002832954,0,0,0.00006,0.00007,0,1009.5143369175627
"2026-04-01","8PRMMT838Z",,"Borosil Klip N Store Round Food Storage Container (400ml, Transparent, with Airtight Lid, Borosilicate Glass)","1 Piece x 2","Jars Containers Holders","Borosil",,,578,779.0058333333333,,9.3317,25.802866260094326,,,,,,578
"2026-04-01","JZD2IIMSUF",,"Borosil Endura Jar with Stainless Steel Lid Borosilicate Glass Kitchen Storage Container For Storing Spices Dals Grains Rice (1.2L, Transparent)","1 Piece","Jars Containers Holders","Borosil",,,500.51649037511277,685,,17.34855,26.93817316992904,0.03898709088255543,0.05323,0.00397,0.00318,0.00828,499.49504128442544
"2026-04-01","0NO1B6BSZ3",,"Tupperware Large Handy Storage Containers (500ml, Plastic)","4 pieces","Jars Containers Holders","Tupperware",,,787.7538751761923,1400,,24.15563,43.248460540906166,0.05148039533826763,0.06152,0.01563,0.01847,0,22310.07346431555
"2026-04-01","5LRQNSEAIM",,"Tupperware MM Round Containers (200ml, Plastic, Kitchen Storage)","4 pieces","Jars Containers Holders","Tupperware",,,637.7809920929103,1180,,29.87895,46.024242739236605,0.03697534655634845,0.03855,0.04568,0.05397,0,16436.917775277623
"2026-04-01","9B3DKBE0TK",,"Chumbak Stainless Steel Handpainted Marigold Spice Box (21x7cm, Off White)","1 Piece","Jars Containers Holders","Chumbak",,,1929.0800000000002,2295,,15.64905,15.944226579520693,0,0,0.00002,0.00003,0,1929.0800000000002
"2026-04-01","LAQ9VODXCJ",,"Sumeet Heavy Gauge Mirror Finish Apple Shape Storage Containers (No. 7 - 500ml, No. 8 - 750ml, No. 9 - 1.2L, Set of 3, Silver)","3 pieces","Jars Containers Holders","Sumeet",,,597.5925911823063,1135.28877025,,14.07324,47.362059683785155,0.03303895803020744,0.03245,0.00381,0.0045,0,199.77853830740298
"2026-04-01","55OWZOZ3K6",,"Joyo Plastic Fresherware Spice Masala Box Shrink Pack (German Green)","1 Piece","Jars Containers Holders","Joyo",,,159.02864002743956,326.1013616806723,,11.9863,51.23341854556855,0.008239211504223218,0.00753,0.00001,0.00001,0,159.00077518156422
"2026-04-01","LM7Z5IMDTO",,"Signoraware Modular BPA Free Plastic Cereal Dispenser (1.7L, Airtight Lid, Blue)","1 Piece","Jars Containers Holders","Signoraware",,,199.24989347072682,240,,8.90591,16.97921105386383,0.0016115441865476418,0.00264,0.00644,0.0008,0.03751,199.84220222528148
"2026-04-01","KCZBVF5XQP",,"Nestasia Nestro Pro Round Airtight Containers (Set of 4, 215ml + 400ml + 600ml + 950ml)","4 pieces","Jars Containers Holders","Nestasia",,,1327.1310474364066,1845,,36.6412,28.372235648862276,0.32682691654681373,0.4349,0.03657,0.01691,0.1449,1308.9713134118226
"2026-04-01","53ISMPRWGC",,"Nayasa Plastic Vital Airtight Storage Container (400ml, Orange)","3 pieces","Jars Containers Holders","Nayasa",,,149,215,,5.58825,30.697674418604652,0.0014442505519441247,0.00188,0.00013,0.00015,0,49.666666666666664
"2026-04-01","OR8SOZCWPW",,"Milton Plastic Storex Storage Container Set (4 Pieces, 1.13L, 2L, 3.38L, 4.86L, Blue)","4 pieces","Jars Containers Holders","Milton",,,366.67380952380955,580,,8.20123,36.7803776683087,0.010570003209266945,0.01251,0.0011,0.00129,0,91.54169115682608
"2026-04-01","3X5VOORAU9",,"Signoraware Safe Store Tempered Glass Rectangle (640ml)","1 Piece","Jars Containers Holders","Signoraware",,,396.6098696461825,499,,13.74473,20.52048339417617,0.005985927400532496,0.0089,0.00097,0.00115,0,395.6615912682218
"2026-04-01","AZEF9YAY9B",,"Home Centre Jalsa Bone China Canisters (Set of 2, 540ml)","2 pieces","Jars Containers Holders","Home Centre",,,1274.8922205245733,1299,,31.78582,1.8557916145306041,0.03572064429682208,0.06572,0.00748,0.00883,0,637.4994153012183
"2026-04-01","YKRQWC7ZCT",,"Yera Glass Storage Jar KS-1000 (1.1L, Transparent)","2 pieces","Jars Containers Holders","Yera",,,299,379.3636363636364,,8.742,21.19688939466462,0.012778969847827604,0.01813,0.00151,0.00007,0.00945,149.50000000000003
"2026-04-01","IEE7C9AJQ3",,"Nayasa Plastic Retro 96 Airtight Storage Container (2L, Brown)","3 pieces","Jars Containers Holders","Nayasa",,,336.8558659217877,405,,11.031,16.825712118077103,0,0,0.00028,0.00034,0,112.28528864059588
"2026-04-01","ANOUG4FIIT",,"Ireka Homes Sanchit Jar & Tray Set (Set of 4 Jars)","4 pieces","Jars Containers Holders","Ireka Homes",,,1511.1392212239698,2242.986472594142,,15.11503,32.53134507566582,0.052416242069455644,0.07045,0.00072,0.00085,0,1592.6485919710935
"2026-04-01","3ILMMFQWT9",,"Neelam Stainless Steel Puri Dabba (Silver)","1 Piece","Jars Containers Holders","Neelam",,,195.38294626491745,207.67978846153846,,18.9002,5.921058706634013,0.0012550859605231755,0.00215,0.00015,0.00017,0,196.74109895124278
"2026-04-01","N9QOY7MA1B",,"Glass ideas Kitchen Glass Jar (350ml, Transparent)","4 pieces","Jars Containers Holders","Glass ideas",,,188.38637961114355,399.00001595833334,,84.39222,53.1959618369572,1.8400828313064166,1.61772,2.57296,3.03787,0.0115,46.68474436656844
"2026-04-01","J2KSEDON65",,"Joyo Fusion Stainless Steel Airtight Round Container (225ml)","1 Piece","Jars Containers Holders","Joyo",,,139,181.88234453781516,,27.31471,23.58783238575158,0.05793808311436209,0.08289,0.01483,0.01576,0.0097,139.00000000000003
"2026-04-01","6UE60HPOHY",,"Nayasa Plastic Use Max Chill Big Container (2L, White)","1 Piece","Jars Containers Holders","Nayasa",,,111.9925795944582,135,,9.8185,17.042533633734667,0.0020719853827041107,0.00317,0.00037,0.00043,0,110.69662136109504
"2026-04-01","0IB4NZREA1",,"Signoraware Executive BPA Free Round Containers (450ml x 4, Airtight and Leakproof, Multicolor)","4 pieces","Jars Containers Holders","Signoraware",,,395.4907244088939,480,,26.16513,17.612393699733794,0.07552770420953281,0.11681,0.0598,0.03883,0.17533,9886.152865246158
"2026-04-01","OSAWXZ7ZP2",,"Femora Borosilicate Airtight Jar with Bamboo Lid (700ml, Transparent)","1 Piece","Jars Containers Holders","Femora",,,396.80660070328065,495,,17.64864,19.83705036297361,0.009157983541053771,0.01402,0.0032,0.00157,0.0122,398.3182429001735
"2026-04-01","SAU6V7K4VP",,"Cello Glass Modustack Glassy Storage Jars (500ml, 1000ml, Maroon)","2 pieces","Jars Containers Holders","Cello",,,465.1190476190476,515,,3.39067,9.685621821544151,0,0,0.00007,0.00009,0,23255.95238095238
"2026-04-01","ZBZBF7IBNR",,"Neelam Stainless Steel Multipurpose Grocery Container (Silver)","5 pieces","Jars Containers Holders","Neelam",,,1493.99732605456,1774.0996527234042,,9.34212,15.783703466858967,0.03225026063129109,0.0526,0.00175,0.00206,0,297.5018441564477
"2026-04-01","ND3DSU1ELM",,"Exclusivelane 'Old Martaban' Ceramic Multipurpose Pickle, Chutney Jar Set with Salt, Pepper Shakers Set and Tray (20ml, 120ml, Brown Green, White, Non Air-Tight)","1 pack","Jars Containers Holders","ExclusiveLane",,,1408.1209122203097,2725,,0.66868,48.32583808365836,0,0,0.00084,0.00006,0.00514,1408.1209122203097
"2026-04-01","1ABFQCYJ84",,"Tupperware OneTouchFresh Small Square Kitchen Storage (370ml, Plastic)","1 Piece","Jars Containers Holders","Tupperware",,,356.3048182266561,375,,28.94187,4.971758333019643,0.011726861714610072,0.02129,0.01274,0.01505,0,36304.47907794748
"2026-04-01","F9UY8X4HSJ",,"Cello Plastic PET Airtight Canister Set (6x300ml, 6x650ml, 6x1.2L, Transparent)","18 pieces","Jars Containers Holders","Cello",,,535.3456629651162,1258.0456564166666,,62.96987,57.66690711813121,2.269240693343523,1.78965,0.46155,0.54188,0.01901,29.57946927354631
"2026-04-01","CB33QZT312",,"Homestop Bella Flair Jar , 750ml","2 pieces","Jars Containers Holders","HomeStop",,,995,995,,6.929,0,0,0,0.00024,0.00028,0,49750
"2026-04-01","7WCVP2DQAA",,"Cello Glass Qube Fresh Airtight Storage Jars (1 L, Transparent)","2 pieces","Jars Containers Holders","Cello",,,379.54776265250933,550.6663461538461,,48.71613,31.113164510765134,1.0585487462992689,1.36642,0.35624,0.4209,0,189.81153251236336
"2026-04-01","BG8JJE7TSE",,"LocknLock Food Storage Container (2.1L, Tritan, 70210)","1 Piece","Jars Containers Holders","Lock & Lock",,,1195.536752136752,1395,,5.16419,14.296275490641241,0.015603009184253946,0.02509,0.00209,0.00246,0,1196.5723850387412
"2026-04-01","GUSW82T356",,"Embassy Stainless Steel Apple Deep Dabba/Canister/Storage Containers (320/450/650 ml, Pack of 3, Sizes 7-9)","3 pieces","Jars Containers Holders","Embassy",,,486.8388059708062,923.7478447916668,,40.38874,47.29656080882121,0.012306250219773631,0.0123,0.00199,0.00235,0,163.0826334183352
"2026-04-01","NLVTA51683",,"LocknLock Hpl954 Egg Dispenser Container","1 Piece","Jars Containers Holders","Lock & Lock",,,630,630,,0.23858,0,0,0,0.00004,0.00005,0,630
"2026-04-01","JPXC9VCDSH",,"Clazkit Plastic Fridge Storage Boxes (Pack of 6, Transparent)","6 pieces","Jars Containers Holders","Clazkit",,,183.21494565299432,399,,68.02842,54.5767567051841,2.128434705950901,1.81109,1.87153,2.17189,0.21669,30.203561968608767
"2026-04-01","RBYO21VGT1",,"Glass ideas Mini Round Jar with Metal Cap","1 Piece","Jars Containers Holders","Glass Ideas",,,155,201.01785741666666,,9.16338,22.892422597700644,0.0003180881263447608,0.00046,0.00022,0.00025,0.00001,155
"2026-04-01","1WKVH8N9AR",,"The Earth Store Moroccan Ceramic Pickle Jar Set with Lid (600 ml, Yellow and Blue)","2 pieces","Jars Containers Holders","The Earth Store",,,485.4528688980009,999,,7.73943,51.34471544459402,0.014374398592509769,0.01374,0.00052,0.00049,0.00069,254.53277493842197
"2026-04-01","6S37OJ8Y0U",,"Nayasa Plastic Globe Airtight Storage Container (1.5L, Transparent)","3 pieces","Jars Containers Holders","Nayasa",,,380.3127579365079,509,,6.37635,25.282365827798053,0,0,0.00012,0.00014,0,126.77091931216934
"2026-04-01","W1G68HAGGH",,"Dr. Bio Keep It Fresh Zip Lock Bags, 3L, 3M, 6S Extends Shelf life of Fruits, Vegetables | Fridge bags | Reusable | Recyclable","12 pieces","Jars Containers Holders","Dr. Bio",,,218,218,,0.25873,0,,,0.00007,0.00009,0,1816.6666666666667
"2026-04-01","IRP5AK1CCL",,"Nayasa Refresh Plastic Storage Containers (1.15L, Set of 3, Grey)","3 pieces","Jars Containers Holders","Nayasa",,,387.03757756768385,495,,15.81569,21.807559856149727,0.01820181603556042,0.02645,0.00931,0.00799,0.01659,127.95415076736614
"2026-04-01","FJKPRZQYGS",,"Joyo Plastic Kitchen King Container (16500ml, Brown)","1 Piece","Jars Containers Holders","Joyo",,,299,567.0228648507461,,1.85075,47.268440386666974,0.007248303679994816,0.00717,0.00042,0.0005,0,299
"2026-04-01","G29JWGPKH3",,"Joyo Plastic Fresherware Container 91 (Lavender)","1 Piece","Jars Containers Holders","Joyo",,,120.66175879626981,220.77527524229077,,31.03328,45.422735118028996,0.0268502446528677,0.02715,0.00352,0.00416,0,119.50076763910998
"2026-04-01","VV74EIDZ58",,"Peepul Tree Hand Etched Pure Brass Jar with Lid (250ml)","1 pack","Jars Containers Holders","Peepul Tree",,,,,,0,,,,,,,
"2026-04-01","977BML2W92",,"Nestasia Nestro Airtight Food Storage Container (Set of 5, 185ml + 370ml + 600ml + 1L + 1.5L)","5 pieces","Jars Containers Holders","Nestasia",,,2244.4461828444737,2995,,36.1867,25.092051949739734,0.23398221080033452,0.3273,0.04459,0.0209,0.1751,2243.4947527041113
"2026-04-01","9DLGFLDAR0",,"Home Centre Glass Siattle Aston Jars Set (230ml, 470ml, 940ml, 1.6L, 10 Pieces, Clear)","10 pieces","Jars Containers Holders","Home Centre",,,1975,1999,,28.78555,1.2006003001500751,0.021092811195927853,0.03906,0.01901,0.02246,0,197.49999999999997
"2026-04-01","2UDBZ42B53",,"Tupperware Square Glass Ovenware with Lid (1.6L, Kitchen Storage Container Glass)","1 pieces","Jars Containers Holders","Tupperware",,,1738.4464718614718,2350,,24.30003,25.93871559466406,0.0338134584922423,0.04835,0.01329,0.0157,0,179216.999454044
"2026-04-01","O21F5I5G09",,"Nayasa Plastic Store In Floral Round Storage Containers (5L, 7L, 10L, Blue)","3 pieces","Jars Containers Holders","Nayasa",,,500.0213732162536,828.9791813749999,,59.84627,39.68746993607967,0.4588202512954999,0.51767,0.07744,0.0915,0,166.64077626374493
"2026-04-01","0LJNNWLFQN",,"Dynore Stainless Steel Kitchen Storage See Through Canister/Container (1250 ml)","1 Piece","Jars Containers Holders","Dynore",,,248.86687306501554,976.1651536666668,,27.88683,74.40216305527703,0.025327910948075374,0.01005,0.00026,0.0003,0,314.1515449798205
"2026-04-01","8GG3LGCF8F",,"Exclusivelane 'Moroccan' Ceramic Handpainted Pickle and Chutney Jars with Spoons (2 Pieces, Blue White and Yellow)","2 pieces","Jars Containers Holders","ExclusiveLane",,,679.64,1368.612593,,8.37402,50.340950866875446,0,0,0.00489,0.00085,0.02717,339.82
"2026-04-01","RM4UX8AMOL",,"Signoraware Lock 'N' Store Borosilicate Glass Container (1.04L, Airtight Lid, Clear)","1 Piece","Jars Containers Holders","Signoraware",,,558.2590609524375,690.2394263768115,,24.25582,19.142229470332012,0.08954295866904055,0.13454,0.0677,0.01127,0.37862,556.2006152757286
"2026-04-01","6TA9NGLCJ4",,"YouBee Plastic Air Tight and BPA Free Storage Jar and Container Set (1.4 L Each, Blue, Pack of 2)","2 pieces","Jars Containers Holders","Youbee",,,276.22191795456376,598.215178125,,42.02428,53.7804797789412,0.08275125917523424,0.07302,0.42995,0.06992,2.41354,282.5491265656405
"2026-04-01","9RF94UNU28",,"Joyo Plastic Fresherware Round Container (10L)","1 Piece","Jars Containers Holders","Joyo",,,217.11537689509777,488.13436556122446,,9.27927,55.52269272832527,0.021863474647994742,0.018,0.00262,0.0031,0,21492.641403616217
"2026-04-01","A5CVM303ZW",,"Nayasa Plastic Flexible Ice Tray (Pink)","2 pieces","Jars Containers Holders","Nayasa",,,155.24137931034483,155.24137931034483,,21.72527,0,0,0,0.00005,0.00006,0,77.62068965517241
"2026-04-01","5KGNI83DCN",,"Joyo Plastic Fresherware Jar (German Lavender)","1 Piece","Jars Containers Holders","Joyo",,,59.11348494869328,81,,11.54585,27.021163012313007,0.0017352877580146928,0.00238,0.00773,0.00913,0,59.07111718869366
"2026-04-01","REDX155L5Q",,"Tupperware Plastic Kitchen Storage Container (2.3L, Smart Saver #4)","4 pieces","Jars Containers Holders","Tupperware",,,473.6931558027008,770,,27.56488,38.00834106912647,0.05466012549872484,0.07116,0.02695,0.03184,0,13363.236502648027
"2026-04-01","456LKVXR9R",,"Joyo Plastic Fresherware Container 81 Round Box (1.5L, Lavender)","1 Piece","Jars Containers Holders","Joyo",,,95.18490610323413,162,,39.82623,41.25831901348872,0.045384729452651165,0.04998,0.02164,0.02557,0,95.12761133308217
"2026-04-01","CAU2BSWMSU",,"Home Centre Nuqta Wooden Cookie Jar (Small)","1 Piece","Jars Containers Holders","Home Centre",,,964,999,,7.22506,3.5035035035035036,0,0,0.00002,0.00003,0,964
"2026-04-01","54JH1GGZQ8",,"Home Centre Haze Dietes Wooden Masala Box (23x7cm)","1 pack","Jars Containers Holders","Home Centre",,,1175,1199,,19.15966,2.0016680567139282,0.009201725454688635,0.0169,0.0154,0.01819,0,1175.0000000000002
"2026-04-01","WPIKCGU9AQ",,"Glass Ideas Imperial Glass Jar (300ml, Transparent)","2 pieces","Jars Containers Holders","Glass ideas",,,199,299,,10.13395,33.44481605351171,0.0008932559205435502,0.00111,0.00052,0.00062,0,99.49999999999999
"2026-04-01","9W6I0SBUX6",,"Glass ideas Glass Shubhkamna Bowl (400ml, 5 inches, Blue Lid)","4 pieces","Jars Containers Holders","Glass ideas",,,299.92911177471456,399,,39.65365,24.923499234674452,0.2612792752639724,0.36727,0.10498,0.12346,0.00311,74.80061364108319
"2026-04-01","L033YNA98U",,"Deli Glass Air tight Container (650ml, Transparent)","2 pieces","Jars Containers Holders","Deli",,,414.6433868556743,750,,20.90488,44.76105232217617,0.016705382148051895,0.01614,0.00219,0.00259,0,204.99768645746389
"2026-04-01","O0MCII9RVH",,"Femora Glass Oil Dispenser Bottle With Silicone Brush, Dropper (350ml, Grey)","1 Piece","Jars Containers Holders","Femora",,,356.75606261022926,483.40580923611105,,13.74626,26.58148908263999,0.019716283869918406,0.02518,0.00124,0.00087,0.00324,35588.673198117685
"2026-04-01","798DVV5YT7",,"Tupperware Ultimate Small Silicone Bag (540ml, Food Storage Container)","1 pieces","Jars Containers Holders","Tupperware",,,606.4787361808689,1190,,32.58158,49.03540032093539,0.02245034532259584,0.02234,0.01483,0.01752,0,63120.73220340921
"2026-04-01","9B9RD93HGK",,"Joyo Plastic Fresherware Container Set (Red)","1 pack","Jars Containers Holders","Joyo",,,119.5510697939553,249.00056047619051,,26.84443,51.99639912417932,0.031753943391934096,0.02867,0.00323,0.00381,0,119.44724241416303
"2026-04-01","8J8LDLGA6A",,"Nayasa Plastic Coco Salt and Pepper Dispenser Set (Transparent)","2 pieces","Jars Containers Holders","Nayasa",,,49.013220296519926,115,,12.46724,57.48180588351813,0.008451590005950386,0.00631,0.00784,0.00926,0,23.14192607947731
"2026-04-01","HGA8PP83IB",,"Cutting EDGE Plastic Spice Jar Set with Basket (6 Pieces)","6 pieces","Jars Containers Holders","Cutting Edge",,,299,495,,1.34086,39.5959595959596,0,0,0.00019,0.00011,0.00065,49.83333333333334
"2026-04-01","J03AFS84NS",,"Femora High Stainless Steel Square Container, Leakproof airtight Lid (550ml, Silver)","1 Piece","Jars Containers Holders","Femora",,,346.8139705882353,430,,18.32932,19.345588235294116,0.0002749217642050918,0.00042,0.00153,0.00156,0.00137,346.8139705882353
"2026-04-01","6JIJZDKMI4",,"Nayasa Plastic Vital Airtight Storage Container (150ml, Orange)","6 pieces","Jars Containers Holders","Nayasa",,,145,215,,4.54344,32.55813953488372,0.0005502272294069806,0.00069,0.00031,0.00036,0,24.166666666666668
"2026-04-01","2SQUWQYF2G",,"Femora Borosilicate Glass with Stainless Steel Body and See Through Window Jars (700ml, 2 Pieces, Silver)","2 pieces","Jars Containers Holders","Femora",,,537.9869097047336,600,,42.44693,10.328756905761804,0.06928680749662867,0.11658,0.01804,0.01697,0.02391,269.726648472654
"2026-04-01","IQSA5HB259",,"Tupperware Universal Jar (1.5L, Clear, Airtight Storage for Snacks & Staples Plastic)","1 Piece","Jars Containers Holders","Tupperware",,,498.6812836245609,690,,23.08292,27.63985025666988,0.021769467903779458,0.03043,0.03817,0.0451,0,51433.03626163463
"2026-04-01","K2TYNW2D9K",,"Tupperware Voila Rectangular Glassware (650ml, Freezer/Microwave/Fridge/Bakeware Glass)","1 Piece","Jars Containers Holders","Tupperware",,,1045.965558051978,1190,,26.51957,12.103734617480844,0.013317877897829069,0.02271,0.01788,0.02112,0,108194.89093239851
"2026-04-01","FLUSTM7C97",,"Cutting EDGE Essentials Nesterware Plastic Kitchen Storage Container (3 Pieces, 1000ml, Royal Blue)","3 pieces","Jars Containers Holders","Ce Essentials",,,199,360,,3.84171,44.72222222222222,0.0004316636213966898,0.00045,0.00602,0.00081,0.03475,66.33333333333334
"2026-04-01","P4J5CAOH9Y",,"Coconut Stainless Steel Tea/Coffee/Sugar/Masala Containers (Orange and Black)","4 pieces","Jars Containers Holders","Coconut",,,1059,1173,,0.23934,9.718670076726342,0,0,0,0,0,1059
"2026-04-01","QIXB8R71AV",,"Nestasia Glass Airtight Seasoning Jars with Wooden Stand (Set of 6 80ml + 1 Wooden Stand, Transparent)","6 pieces","Jars Containers Holders","Nestasia",,,1351.304986648464,2069.729894458333,,28.68022,34.79900480990281,0.15157148625975767,0.1822,0.09183,0.01844,0.49616,221.3070216128177
"2026-04-01","QKC2FO298B",,"Signoraware Safe Store Tempered Glass Square Set (Pack of 2, 320ml Each, Glassware)","2 pieces","Jars Containers Holders","Signoraware",,,476.9366515837104,678.2673455656109,,15.80728,29.683088135993003,0.0006503731895710125,0.00086,0.00012,0.00014,0,478.18425760286226
"2026-04-01","5G27WGZMS7",,"Borosil Klip N Store Rectangle Borosilicate Glass Storage Container (640ml, Microwave Safe)","1 Piece","Jars Containers Holders","Borosil",,,455,545,,18.83494,16.513761467889907,0.0013943694223605071,0.00218,0.00063,0.00009,0.00363,455
"2026-04-01","LD0BXPWGGA",,"Home Centre Stack Nouie Borosilicate Glass Oil Jars (Set of 2)","1 pack","Jars Containers Holders","Home Centre",,,588.9510775027442,598.7591653333333,,24.13824,1.639742469342694,0.03390170972150563,0.06248,0.01138,0.01344,0,588.164848435433
"2026-04-01","BFASDG2KOX",,"Home Centre Glass Louvre Arcade Storage Jar (1.2L, Transparent)","1 Piece","Jars Containers Holders","Home Centre",,,390,399,,3.79082,2.255639097744361,0,0,0.00084,0.00099,0,390
"2026-04-01","ILZZV3HDF4",,"Clazkit Plastic Oil Dispenser (1L, Transparent)","1 Piece","Jars Containers Holders","Clazkit",,,99,149.00014254166666,,44.90687,33.557122529741896,0.5296802328789967,0.65956,0.5401,0.62213,0.08815,98.99999999999999
"2026-04-01","N18L9DT5II",,"ARISTO Lock & Fresh 204 Plastic Storage Container (2.9L, 15.5 x 15.5 x 19.5 cm, Color May Vary)","1 Piece","Jars Containers Holders","Aristo",,,153.3300862663906,212,,19.40638,27.71263362671245,0.02485058690805983,0.03355,0.02447,0.02891,0,152.70768711122213
"2026-04-01","OXT58IW7CJ",,"JARSOME Maroc Collection Metal Airtight Kitchen Container Set (3 Pieces, 850ml each, Pink Pastel, Vacuum-Sealed)","3 pieces","Jars Containers Holders","Jarsome",,,1078.1939393939394,1199,,7.39097,10.07556802385827,0,0,0.00815,0.00136,0.04555,359.39797979797976
"2026-04-01","DAGLBB8N7L",,"Joyo Plastic Fresherware Round Container (750ml)","1 Piece","Jars Containers Holders","Joyo",,,150.02176605044647,378,,10.07411,60.31170210305649,0.006848295390833883,0.00484,0.00393,0.00465,0,144.78196453815735
"2026-04-01","A0N12DY9WF",,"CE Essentials Nesterware Plastic Kitchen Storage Container (750ml, Royal Blue)","3 pieces","Jars Containers Holders","Ce Essentials",,,191.09327217125383,300,,5.15247,36.30224260958206,0.002014430233184552,0.00239,0.01613,0.0057,0.07359,63.3964847200141
"2026-04-01","0FUL5SEXU0",,"Cutting EDGE Seal N Kiss Borosilicate Glass Lock & Seal Airtight Kitchen Storage Container & Lunch Box","3 pieces","Jars Containers Holders","Cutting Edge",,,936.5366300366301,1875,,0.27389,50.05137973137973,0.007793926497440233,0.00732,0.00883,0.00329,0.03932,312.96959163487355
"2026-04-01","7A0R8SP7W2",,"Tupperware Universal Jar (4.5L, Red Handle, Airtight Plastic)","1 pieces","Jars Containers Holders","Tupperware",,,863.0216911728681,1190,,25.53792,27.40432599437362,0.025106131771926676,0.0362,0.00941,0.01112,0,91490.02337560737
"2026-04-01","IYI4ZJ96D6",,"Nestasia Ceramic Seasoning Jars Set with Spoon and Wooden Stand (Set of 1 Jar 325ml + 1 Salt and Pepper Shaker Set + 1 Wooden Stand, White and Beige)","1 pack","Jars Containers Holders","Nestasia",,,1236.787948759581,1866.1387499999998,,12.51268,33.7247592785059,0.0024173162798214625,0.00303,0.00226,0.00267,0,1260.0601520042053
"2026-04-01","6J7H8MX3GE",,"Tupperware Voila Rectangular Glassware (1.5L, Freezer/Microwave/Fridge/Bakeware)","1 Piece","Jars Containers Holders","Tupperware",,,1948.4592113626206,2150,,30.81981,9.340226141248973,0.026811299001692802,0.04645,0.00858,0.01014,0,198667.51203004702
"2026-04-01","AW5FLIHF0U",,"Jaypee Plus Plastic Classique Tea Container (750ml, Blue)","2 pieces","Jars Containers Holders","Jaypee Plus",,,451.3633017320093,655,,8.19342,31.089572254655067,0.00020950074425119344,0.00039,0.00063,0.00074,0,229.0620471859795
"2026-04-01","S9CIV26UOB",,"Joyo Plastic Fresherware Square Container (6000ml)","1 Piece","Jars Containers Holders","Joyo",,,188.9016787445356,504.59105259259263,,43.88657,62.533336867212284,0.8368894767120688,0.588,0.80057,0.94587,0,189.00136857380727
"2026-04-01","FENQDMSWTC",,"Joyo Fresherware 301 Plastic Multiutility Box (Grey)","1 Piece","Jars Containers Holders","Joyo",,,70.5707800925926,76,,19.39931,7.074240881194603,0.010385443029807557,0.01808,0.14174,0.16689,0.00316,70.71349656810183
"2026-04-01","RGMDGKX5ON",,"Tupperware Plastic Kitchen Storage Containers (1.1L, Modular Mate Oval #2)","4 pieces","Jars Containers Holders","Tupperware",,,1397.752103866782,2380,,27.90006,41.22088655777556,0.04185506398311503,0.05271,0.03978,0.047,0,39942.90377815651
"2026-04-01","OZGY4L9GG2",,"Femora High Stainless Steel Square Leakproof Container with Airtight Lid (380ml, Silver)","1 Piece","Jars Containers Holders","Femora",,,215,365,,1.28101,41.0958904109589,0,0,0,0,0,215
"2026-04-01","XLWIS5II89",,"Saaj Plastic Maxx Container (500ml, Pink)","3 pieces","Jars Containers Holders","saaj",,,150.02760121881843,204,,33.76974,26.479170029080255,0.017448802829346192,0.0239,0.01608,0.01899,0,49.733718429683215
"2026-04-01","P1ZP4IF10R",,"MILTON Plastic Vintage Pet Jar Set (750ml, Transparent, Pack of 3)","3 pieces","Jars Containers Holders","Milton",,,346.7873183902884,430,,55.24089,19.37874761826743,0.1853661434031569,0.27994,0.10647,0.12397,0.01005,346.64824409651743
"2026-04-01","IRB7EVLYS9",,"Signoraware Family Fresh BPA Free Plastic Container (2.5L + 1.2L + 500ml + 160ml, Microwave Safe and Airtight Lid , Multicolor)","4 pieces","Jars Containers Holders","Signoraware",,,496.90047516101805,601.8978216317992,,10.42809,17.452185687762995,0.03394180647567091,0.05241,0.00137,0.0015,0.00068,124.04362459434421
"2026-04-01","ZU15780ZBN",,"Signoraware Executive Stainless Steel Storage Container (350ml x 2, Airtight and Leakproof, Blue)","2 pieces","Jars Containers Holders","Signoraware",,,299.09763795773745,350,,12.88425,14.543734477418935,0.011527529046774001,0.01846,0.00618,0.0073,0,14964.823157319366
"2026-04-01","ONF1N30GIQ",,"HomeStop Borosilicate Glass Containers (Set of 3, Transparent)","3 pieces","Jars Containers Holders","HomeStop",,,1050,1590.927280609756,,14.65546,34.000754604096954,0.0015300077247282669,0.00189,0.00387,0.00457,0,350
"2026-04-01","K0DIFH6I37",,"SAFFRON Brass Handcrafted Spice Masala Box Set (7 Containers, 40ml Each, With Spoon)","1 pack","Jars Containers Holders","Saffron",,,1513.2857142857142,2999,,0.71429,49.54032296479779,0,0,0,0,0,1513.2857142857142
"2026-04-01","Z5KN5IYNW4",,"Neelam Stainless Steel Deep Dabba Storage Container (4.6L, Silver)","1 Piece","Jars Containers Holders","Neelam",,,595.046052631579,681.7494261842106,,2.92224,13.064058550723493,0.03255511107324635,0.05002,0.00071,0.00084,0,58778.76395953926
"2026-04-01","KWPZRQA8T7",,"HomeStop Homemade Bread Box with Wooden Lid (Mint)","1 Piece","Jars Containers Holders","HomeStop",,,826.8005772005772,1295,,18.03681,36.15439558296701,0.008281994165366088,0.00993,0.00457,0.0054,0,828.0566701608215
"2026-04-01","KSHFP8TYS2",,"Nayasa Globe Plastic Small Containers (1L, Set of 3, Transparent)","3 pieces","Jars Containers Holders","Nayasa",,,256.5592682054035,309,,7.45704,16.96605537576411,0.005730574387164055,0.009,0.00251,0.00297,0,86.28039070716946
"2026-04-01","BMS9QA9I2I",,"Ganesh Plastic Multipurpose Revolving Masala Spice Jars (12 Pieces, Wooden Finish, Multicolor)","12 pieces","Jars Containers Holders","Ganesh",,,538.6948055943911,949.6257910952379,,16.5744,43.27353683193672,0.05543059710029333,0.05874,0.04279,0.05056,0,44.94766916132148
"2026-04-01","LSFCWW9Y7X",,"Kuber Industries Fridge Storage Box Set with Handle for Food, Fruits and Vegetable (Transparent, Pack of 8)","8 pieces","Jars Containers Holders","Kuber Industries",,,552.0607330501654,2499,,19.81946,77.90607693002862,0.07750856060549763,0.03228,0.07683,0.01391,0.42348,555.2276114690907
"2026-04-01","DAVOK431YR",,"Cello Glass Modustack Air Tight Storage Jar (1 L, Transparent)","3 pieces","Jars Containers Holders","Cello",,,485.3826904151088,627,,67.55928,22.584661055119327,0.1628895145622805,0.23635,0.27396,0.32369,0,161.78287699041516
"2026-04-01","L9TRIVI93L",,"Nestasia Borosilicate Nested Glass Containers (Set of 3 Lunch Boxes 1.95L, 1.15L, 650ml + 3 PVC Lids, Transparent, Dark Pink, Dark Grey, Mint Green)","3 pieces","Jars Containers Holders","Nestasia",,,1138.4058138795056,1450,,29.00773,21.671386760755624,0.14395809108131047,0.20794,0.05857,0.03504,0.18823,372.77595783440364
"2026-04-01","1DN28G1MUJ",,"Femora Borosilicate Glass Jars with Stainless Steel Body and See Through Bottom (350ml, 2 Pieces, Silver)","2 pieces","Jars Containers Holders","Femora",,,297.52836879432624,400,,19.16305,25.61790780141844,0.013554813263351253,0.01849,0.00343,0.0029,0.00632,146.09171445289647
"2026-04-01","YZM303IL79",,"Embassy Stainless Steel XL Ghee pot (380 ml)","1 Piece","Jars Containers Holders","Embassy",,,185,261.7920174874372,,7.96961,29.333215819356397,0.0016633438211152449,0.00222,0.00036,0.00043,0,185
"2026-04-01","E06CL7C6LF",,"Femora Kitchen Storage Jars Stainless Steel Body with See Through Window Jar (700ml, Transparent)","1 Piece","Jars Containers Holders","Femora",,,257.3741935483871,300,,3.71245,14.208602150537635,0.000479626245996322,0.00078,0.00019,0.00018,0.00028,258.16831683168317
"2026-04-01","W0QW6UAO8O",,"Kitchen Essentials Ke Silicone Storage Bag Blue","1 Piece","Jars Containers Holders","Kitchen Essentials",,,330,330,,3.10157,0,0,0,,,,330
"2026-04-01","DF5FFUSKDM",,"Kitchen Essentials Ke Silicone Storage Bag Green 1000 ml","1 Piece","Jars Containers Holders","Kitchen Essentials",,,330,330,,8.52079,0,0.0011606955153110991,0.00218,0.00002,0.00002,0,330
"2026-04-01","ZU38IEQI1L",,"CLASSIC ESSENTIALS Steel Fridge Container Set (Set of 5, Multicolor)","5 pieces","Jars Containers Holders","Classic Essentials",,,376.79251700680277,775.3969387755102,,1.72284,51.40649928257064,0.003217141007644929,0.0029,0,0,0,377.4274064448086
"2026-04-01","CXOYQL54B9",,"Embassy Stainless Steel Premium Apple Canister Set for Tea/Coffee/Sugar (400/600/800 ml, Pack of 3)","3 pieces","Jars Containers Holders","Embassy",,,806.16323024055,1430,,22.13182,43.624948934227284,0.00274365397759736,0.00287,0.00149,0.00177,0,266.6190789518778
"2026-04-01","SQ40KJ644D",,"Home Centre Glass Pamolive Spice Storage Bottles (50ml, Pack of 2, Transparent)","2 pieces","Jars Containers Holders","Home Centre",,,224.99927547200275,230.0376124880383,,7.70471,2.190223138530235,0.0004393376413326309,0.00081,0.00125,0.00147,0,112.49982554567808
"2026-04-01","M76NSVWHL5",,"Signoraware Easy Flow Stainless Steel Oil Dispenser (650ml, Spillproof and Airtight, Black)","1 Piece","Jars Containers Holders","Signoraware",,,276.7121193809355,341.7808707916667,,40.20779,18.963602238752255,0.07802905100765284,0.11915,0.2738,0.16534,0.87133,276.4261039111561
"2026-04-01","AYHQW4MVBO",,"Signoraware Lock N Store Borosilicate Glass Rectangle Container (640ml, Microwave Safe and Direct Fridge to Oven , Clear)","1 Piece","Jars Containers Holders","Signoraware",,,399.3207548524032,498.10450929166666,,38.13256,19.799255054709832,0.1670070099589097,0.251,0.16852,0.04734,0.8362,39942.17397366199
"2026-04-01","3GLBZR8IZ5",,"Glass ideas Glass Multi Utility Bowl (400ml, Multicolor)","1 Piece","Jars Containers Holders","Glass ideas",,,69.02046541501153,78.99796716666667,,49.91023,12.632241991082848,0.4071034961432053,0.66675,1.28476,1.5161,0.01016,69.01658862502478
"2026-04-01","PH2ATOPMV5",,"Cutting EDGE Plastic Round Slim Storage Kitchen Container (4 Pieces, 250ml, Royal Blue)","4 pieces","Jars Containers Holders","Cutting Edge",,,199,345,,2.89421,42.31884057971015,0.0033094210973746217,0.00358,0.00163,0.00035,0.00863,49.75
"2026-04-01","BNJIDQXIIH",,"Signoraware BPA Free Plastic Banana Case | Protects Bananas from Damage | Safe For Kids  ( Yellow )","2 pieces","Jars Containers Holders","Signoraware",,,176,176,,1.82474,0,0,0,0.0002,0.00024,0,8800
"2026-04-01","UYGAMGCJCD",,"Femora Glass Jar, Kitchen Storage Jar, Round Jars, Airtight Steel Lid (750ml, Transparent)","1 Piece","Jars Containers Holders","Femora",,,239.0236117580086,264.21891044247786,,14.30152,9.538819798437178,0.007428451297991035,0.01261,0.00583,0.00129,0.03084,239.04915794006982
"2026-04-01","B10AVBZHYC",,"Tupperware Rice Keeper (10kg, Rice / Grain Storage Container, Airtight Plastic)","1 Piece","Jars Containers Holders","Tupperware",,,1269.4285714285713,1890,,8.2654,32.83446712018141,0.0024173162798214625,0.00239,0.00011,0.00013,0,100488.80248833593
"2026-04-01","8SU4ZQTY6X",,"Home Centre Wood Raisin Pepper Mill (Brown)","1 Piece","Jars Containers Holders","Home Centre",,,775,799,,3.42646,3.0037546933667083,0,0,0,0,0,775
"2026-04-01","Z2ELKBWUX8",,"LocknLock Classic Cereal Containers (Pack of 4, for Kitchen)","4 pieces","Jars Containers Holders","Lock & Lock",,,1333.2315357195746,1644.4002127751198,,10.46405,18.922572837584962,0.009496599670727175,0.01445,0.002,0.00236,0,334.6915433943653
"2026-04-01","OGUZLBSA7T",,"Sumeet Stainless Steel Airtight and Leak Proof LandL Containers Set (300ml, Set of 3, Silver)","3 pieces","Jars Containers Holders","Sumeet",,,499.2375395955166,886.5830837083333,,12.56837,43.69104694091521,0.043881005246203496,0.0459,0.00152,0.00179,0,166.41008970992823
"2026-04-01","UVR9UQFK6M",,"Classic Essentials Steel Fridge Container Set (4 Pieces, 350ml/650ml/950ml/1250ml, Multicolor)","4 pieces","Jars Containers Holders","Classic Essentials",,,362.38955768344994,1001.4187312916666,,81.8726,64.24137288415999,1.7467088100348558,1.17107,0.63766,0.75236,0.00573,89.37519251525393
"2026-04-01","J1LLG19AS4",,"Java Plastic Executive Round Snack Containers (Yellow)","3 pieces","Jars Containers Holders","Java",,,178.1119275732983,310.035662,,36.59301,42.53454155575923,0.05337913972091786,0.05734,0.06592,0.07788,0,59.71365291256663
"2026-04-01","LB6P5OMUX1",,"Saaj Plastic Sauce Bottle (Red)","2 pieces","Jars Containers Holders","saaj",,,69,69,,2.34255,0,0,0,0.00002,0.00002,0,34.5
"2026-04-01","1GCSJ3X091",,"SELVEL Polycarbonate Darkwood Airtight Container (2 Pieces, 800ml, Transparent)","2 pieces","Jars Containers Holders","Selvel",,,716.4884098910999,1285,,31.50149,44.24214709018678,0.003286974589061994,0.00349,0.013,0.01536,0,365.7773046118363
"2026-04-01","2YV9NA153F",,"Femora Borosilicate Glass Brush Jar (250ml, Transparent)","1 Piece","Jars Containers Holders","Femora",,,290.2457912457913,379.97895590909087,,13.66667,23.615298496890457,0.002707969784895234,0.00381,0.00401,0.00412,0.00339,28915.40222707878
"2026-04-01","QRSPEHQ5EC",,"Nayasa Plastic Use Max Container (10L, Red)","1 Piece","Jars Containers Holders","Nayasa",,,296.46979535615895,379,,23.13529,21.801503162687798,0.020115524757085744,0.02934,0.00769,0.00908,0,294.9113461945364
"2026-04-01","3Y0P1LH0U3",,"Tupperware Cubix Fridge Storage Containers (2.2L, Plastic)","2 pieces","Jars Containers Holders","Tupperware",,,888.8291730117971,1500,,34.90878,40.69170926790304,0.03453308971173519,0.03943,0.04217,0.04982,0,45692.0545484511
"2026-04-01","RXF50MIV5L",,"Petals Wood Pepper Spice Salt and Spice Crusher Miller Grinder (15cm/6"", Brown)","1 Piece","Jars Containers Holders","Petals",,,387.92618947336996,499,,22.07008,22.33143937964578,0.198160269440358,0.28805,0.01506,0.0178,0,387.3186816830968
"2026-04-01","KRQGY0J9SF",,"Tupperware SS Bowl (600ml, Kitchen Storage Container Plastic)","1 pieces","Jars Containers Holders","Tupperware",,,244.26695127567464,395,,27.73422,37.95112815288926,0.015412309788845809,0.0205,0.01622,0.01916,0,27968.727888576672
"2026-04-01","IJQJWIWBQ1",,"Yera Glass Aahar Jar (565ml, Transparent)","2 pieces","Jars Containers Holders","Yera",,,258.78912290847404,279.6987470229008,,6.33682,7.475766100845193,0.005295457456796192,0.0092,0.00773,0.00161,0.0414,129.34069392394508
"2026-04-01","GMKZ71TH2I",,"Femora Glass Jar, Kitchen Storage Jar, Round Jars, Airtight Steel Lid (500ml, Transparent)","1 Piece","Jars Containers Holders","Femora",,,199,237,,1.08932,16.033755274261605,0,0,0.00374,0.00435,0.00038,199
"2026-04-01","4VNN56FM0I",,"Sumeet Stainless Steel Flat Storage Canister (550ml, Silver)","1 Piece x 2","Jars Containers Holders","Sumeet",,,340,1138.6206896551723,,1.3299,70.13930950938826,,,,,,340
"2026-04-01","N773RZ0G3N",,"Java Plastic Oval container (2 L, 1.7 L, 1 L, 500ml, Transparent and Blue)","4 pieces","Jars Containers Holders","Java",,,495.05255452687925,864.993187,,53.78598,42.93706273736746,0.2807288869411168,0.29617,0.2648,0.31286,0,122.51514935997905
"2026-04-01","ROZPK3JE23",,"Nayasa Plastic Refresh Storage Container (1550ml, Grey)","3 pieces","Jars Containers Holders","Nayasa",,,483.604155994177,575,,17.51878,15.894929392317042,0.0047803388685961415,0.00748,0.00464,0.00548,0,160.09365962044487
"2026-04-01","5HLJWCQUMI",,"Magnus Plastic Modulock Storage Container (1480ml, Transparent)","1 Piece","Jars Containers Holders","Magnus",,,210.86434927510166,229.0948341004184,,22.75177,7.946917871866445,0.00872804657414267,0.01508,0.0299,0.03532,0,214.4064296454886
"2026-04-01","1GL00I5D2M",,"Cello Glass Modustack Glassy Storage Jar (500ml, Transparent, Maroon)","1 Piece","Jars Containers Holders","Cello",,,133.33518518518517,159,,3.4426,16.141392965292344,0.00010168076415122025,0.00016,0,0,0,126.6795634920635
"2026-04-01","ADAG921TKT",,"Tupperware Cubix Fridge Storage Containers (650ml, Plastic)","2 pieces","Jars Containers Holders","Tupperware",,,491.48337872235726,840,,35.26046,41.572159798861314,0.06022609215826295,0.06657,0.0448,0.05293,0,24609.55266836128
"2026-04-01","GAZ9RGLOYM",,"Borosil Klip N Store Round Borosilicate Glass Storage Container (1.5L, Microwave Safe)","1 Piece","Jars Containers Holders","Borosil",,,792.3720126027819,1045,,0.21184,24.17492702365724,0.002004837708264626,0.00376,0.0013,0.00051,0.00561,81280.80146999814
"2026-04-01","26O1G8FX6H",,"Femora Frosted Glass Jar for Kitchen Storage with Golden Lid (1L, Transparent)","1 Piece","Jars Containers Holders","Femora",,,462.37139037433155,515,,13.54962,10.21914750012979,0.0055567578356149885,0.00945,0.00234,0.00254,0.00128,46390.17912932613
"2026-04-01","B6744MUA08",,"Cello Modulock Storage Container Set (260ml x 2, 600ml x 2, 1000ml x 2, Transparent)","1 pack","Jars Containers Holders","Cello",,,699,1099,,11.32426,36.39672429481347,0.006676205493770404,0.00796,0.00287,0.00339,0,699
"2026-04-01","1TZQOAW069",,"Glass Ideas Glass Zivia Jar with Steel Lid (500ml, Transparent)","2 pieces","Jars Containers Holders","Glass ideas",,,199.0396282524399,348.6921898578199,,21.74277,42.878337929382916,0.036337443649173344,0.03883,0.00159,0.00188,0,99.74673723195546
"2026-04-01","Q0PTHXGCBE",,"Ikea 365+ Round Plastic Food Container with Lid (750ml, Set of 3)","3 pieces","Jars Containers Holders","IKEA",,,619,798,,7.27432,22.43107769423559,0,0,0.0049,0.00579,0,619
"2026-04-01","DPQWBX95ZY",,"JARSOME Metal Mandala Collection Airtight Kitchen Container Set (2 Pieces, 450ml, Beige Rangoli)","2 pieces","Jars Containers Holders","Jarsome",,,550.8342190016103,687.071831111111,,10.59049,19.828729099427857,0,0,0.00663,0.00123,0.03637,275.41710950080517
"2026-04-01","M4ZQ4CIKNE",,"IKEA PRUTA Food Container with Lid (Pack of 17, Green)","17 pieces","Jars Containers Holders","IKEA",,,539,693.7546431904763,,55.1244,21.813140735990068,0.2866027736505846,0.42334,0.22443,0.26516,0,538.9999999999999
"2026-04-01","PZZQM8U3IG",,"Glass ideas Glass Multi Utility Bowl (400ml, Multicolor)","1 Piece x 3","Jars Containers Holders","Glass Ideas",,,207,237,,21.99454,12.658227848101266,,,,,,206.99999999999997
"2026-04-01","G2SSUBX7VD",,"Embassy Stainless Steel Nexa Puri Box / Storage Containers (400/700 ml, Pack of 2, Sizes 8-9)","2 pieces","Jars Containers Holders","Embassy",,,236.69087523277472,397.6484129608939,,9.94587,40.47734945793643,0.003790390296859733,0.00415,0.00026,0.0003,0,119.37690675001168
"2026-04-01","8VJ0ZZV1EM",,"IKEA CITRONHAJ Spice Jar (Clear Glass / Stainless Steel, 100ml)","4 pieces","Jars Containers Holders","IKEA",,,366.56849315068496,422.8255710958904,,6.15078,13.305032096189658,0.0012435749306192636,0.00198,0.00002,0.00003,0,366.547456340167
"2026-04-01","Z8J9HGC7CI",,"Glass ideas Olive Oil Bottle with Cap (500ml, Plain)","1 Piece","Jars Containers Holders","Glass Ideas",,,168.98595505617976,246.80898876404495,,12.96862,31.531685331876538,0.0013180129239978927,0.00182,0.00001,0.00001,0,168.99708963911525
"2026-04-01","IMVEESRBYI",,"Femora Borosilicate Glass Spoon Jar, Chutney Jar, Pickle Jar for Dinning Table (250ml, Transparent)","1 Piece","Jars Containers Holders","Femora",,,222.55615635142945,385,,10.95315,42.193206142485856,0.0018461773460890427,0.00188,0.00215,0.00178,0.00421,21163.145617785023
"2026-04-01","81XRABPOM3",,"Femora Borosilicate Microwave Safe Storage Container with Air Vent Lid (380ml, Transparent)","1 Piece","Jars Containers Holders","Femora",,,281.49986240012146,330,,13.22198,14.69701139390259,0.0058372432642736375,0.00921,0.02336,0.0001,0.15152,277.34188777449145
"2026-04-01","2H6O5JYKTO",,"Agaro Glass Elegant Spice Jar with Holder (115ml each, Set of 12)","12 pieces","Jars Containers Holders","Agaro",,,1676.4294511554622,1999,,23.40563,16.134695287125815,0.05113448888965507,0.0804,0.00968,0.01143,0,1677.7345989579849
"2026-04-01","2VOFF8OFPQ",,"Borosil Glass Storage Jar (900ml, Transparent)","1 Piece","Jars Containers Holders","Borosil",,,485,485,,6.59722,0,0,0,0,0,0.00002,48500
"2026-04-01","JWUQ8HJ0ZL",,"Nestasia Glass Snack Jar Set (250ml, Transparent)","12 pieces","Jars Containers Holders","Nestasia",,,1135.7946864290795,1709.911677838983,,56.99501,33.59463124121725,0.06178545300924619,0.07522,0.10745,0.02697,0.55086,1128.7403015130913
"2026-04-01","ZS1JRQC574",,"ExclusiveLane 'Old Fashioned Martaban' Ceramic Salt and Pepper Shakers Set with Iron Holder (80ml, Handcrafted)","1 pieces","Jars Containers Holders","ExclusiveLane",,,663.0153521478521,1325,,7.26531,49.96110549827531,0.011439661518507473,0.01068,0.00156,0.00184,0,660.1098391130143
"2026-04-01","JTWNA22XL9",,"Ireka Homes Barni Mango Wood Canister (Set of 3)","3 pieces","Jars Containers Holders","Ireka Homes",,,1799.3251677988621,2745,,33.34504,34.45402917784069,0.14745629306910923,0.18089,0.01394,0.01647,0,1797.6927283256155
"2026-04-01","SUEXA9BZFD",,"Signoraware Mini Mate Steel Container Set (Pack of 3, Steelware)","3 pieces","Jars Containers Holders","Signoraware",,,246.55418719211823,299,,6.6472,17.510635887316518,0.013003051229957088,0.02021,0.00086,0.00102,0,247.93161533265308
"2026-04-01","VO7RHNDYPZ",,"Cello Qube Fresh Glass Storage Jar with Metal Lid (6 Pieces, Transparent)","6 pieces","Jars Containers Holders","Cello",,,1095,1650,,6.84635,33.63636363636363,0,0,0.00002,0.00002,0,182.5
"2026-04-01","3ZNG3X26Z4",,"Glass ideas Cute Jars with Metal Cap (9 Pieces)","9 pieces","Jars Containers Holders","Glass Ideas",,,199,249,,0.56213,20.080321285140563,0.0005972306015146201,0.00091,0,0,0,22.11111111111111
"2026-04-01","WEO5MGO8K9",,"Femora Kitchen Storage Jars Steel Body With See Through Window Jar (1300ml, Transparent)","1 Piece","Jars Containers Holders","Femora",,,396.3846916971917,475,,7.52037,16.535728515126813,0.01478380755609223,0.02309,0.00022,0.00016,0.00051,398.02389574930066
"2026-04-01","IOZUZQ8XY3",,"Tupperware Executive Bowl Small Fridge Storage Containers (140ml, Plastic)","2 pieces","Jars Containers Holders","Tupperware",,,307.2557041699449,350,,17.9734,12.073307997349046,0.016928120576692587,0.02848,0.0157,0.01854,0,15704.803247568958
"2026-04-01","D9FF527IU2",,"HomeStop Essential Lino Glass Jar With Metal Lid (1350ml)","1 Piece","Jars Containers Holders","HomeStop",,,395,595,,4.76402,33.61344537815126,0,0,0.00008,0.00009,0,39500
"2026-04-01","21HBTY0UHJ",,"Nestasia Glass Tall Kitchen Storage Jars with Lid (4 Pieces, 1500ml, Transparent)","4 pieces","Jars Containers Holders","Nestasia",,,1339.6336999907178,2030,,4.48926,34.00819211868386,0,0,0.00405,0.00007,0.02599,334.90842499767945
"2026-04-01","PTPP8DZ9IE",,"Borosil Classic Glass Jar with Wooden Tray Set (2 Pieces, 600ml each, Air-Tight)","2 pieces","Jars Containers Holders","Borosil",,,756.5878938640133,995,,15.58571,23.96061428965667,0.021953452531743647,0.03126,0.00403,0.00391,0.00471,377.912113520335
"2026-04-01","FXFLXZABT3",,"Nestasia Shallow Borosilicate Glass Food Storage Containers (4 Pieces, 700ml)","4 pieces","Jars Containers Holders","Nestasia",,,1548.5509628145169,2337.270029611111,,32.0963,33.76359837233527,0.029180460806416227,0.03552,0.09521,0.02927,0.45855,380.1624928013355
"2026-04-01","TBKZYXVO9R",,"LocknLock Sorta Premium Food Containers with Lids (140ml, Pack of 3, Tritan, Airtight)","3 pieces","Jars Containers Holders","Lock & Lock",,,939.23272391112,1050,,14.56242,10.549438910535343,0.015611834307180281,0.02617,0.01904,0.0225,0,313.0021436379157
"2026-04-01","3VA7IH9L6G",,"TEX-RO White Cap Airtight Plastic Grocery Container (1.5L, White)","4 pieces","Jars Containers Holders","Tex-Ro",,,854.469135802469,1852.5353535353536,,4.44999,53.87569072990636,0,0,0.00003,0.00004,0,213.61728395061726
"2026-04-01","K1GNIYYE0D",,"Lock & Lock Classics Square Plastic Airtight Food Storage Containers with Leak Proof Lid (4L, Pack of 2, Transparent)","2 pieces","Jars Containers Holders","Lock & Lock",,,1330.0151324965134,1680,,11.63001,20.814767671774586,0.0327573214985584,0.04809,0.00316,0.00373,0,657.9457442647335
"2026-04-01","OJY8VLF4RF",,"Femora Borosilicate Glass Containers for Kitchen Square (300ml, 2 Pieces, Transparent)","2 pieces","Jars Containers Holders","Femora",,,549.8581033549783,670,,9.4366,17.931626364928608,0.00706911531449059,0.01106,0.02154,0.00232,0.12742,279.1405387683597
"2026-04-01","B0W05FE0RB",,"Home Centre Stack Onyx Glass Oil Bottles (Set of 2, 500ml each)","2 pieces","Jars Containers Holders","Home Centre",,,390.0288288288288,399,,11.30837,2.248531224664326,0.006634382085119524,0.01215,0.00212,0.00251,0,195.02270236857635
"2026-04-01","DAO7WKCJN7",,"Nestasia Glass Storage Jars (4 Pieces, 1350ml, Transparent, Airtight Lids)","4 pieces","Jars Containers Holders","Nestasia",,,898.3984919961533,1782.2374506190476,,12.94917,49.591012925866075,0.02251135378108657,0.02107,0.01592,0.0006,0.1003,236.2935658836324
"2026-04-01","7NLKU4AEB7",,"Sumeet Stainless Steel Copper Coated Handcrafted Hammered Ghee and Oil Pot with Spoon (7.5cm Dia, 220ml, Silver)","1 Piece","Jars Containers Holders","Sumeet",,,495.77244883040936,1130.9007988333335,,17.38754,56.192032383092176,0.14407109102486718,0.11751,0.01024,0.0121,0,496.59258737170757
"2026-04-01","WFHOSP3TW9",,"Cello Qube Fresh Airtight Glass Storage Jar with Silver Metal Lid (580ml, Set of 2) & Cello Qube Fresh Glass Multipurpose Air Tight Storage Jars (1L, Set of 2)","4 pieces","Jars Containers Holders","Cello",,,585.2691218564528,925.5564390430623,,31.08013,36.852411805789586,0.4979882571980451,0.58833,0.02421,0.0286,0,146.066842772321
"2026-04-01","BAG829VI2U",,"LocknLock Sorta Premium Food Containers (Pack of 3, Tritan, for Dryfruits)","3 pieces","Jars Containers Holders","Lock & Lock",,,897.3966518562071,997.9918064166668,,18.21442,10.080405211535648,0.035971584748727345,0.06062,0.01382,0.01633,0,299.55364610844094
"2026-04-01","PXGEDOS0FZ",,"Borosil Endura Jar with PP Lid Borosilicate Glass Kitchen Storage Container For Storing Spices Dals Grains Rice (900ml, Transparent, Pack of 2)","2 pieces","Jars Containers Holders","Borosil",,,696.1256038647342,845,,10.99327,17.618271731984112,0.0024317050672013527,0.00377,0.00047,0.00019,0.00201,349.38027687230874
"2026-04-01","6IYUXGYXNS",,"Tosaa Plastic Pet Storage Jar and Container Set (24 Pieces, Black, BPA Free)","24 pieces","Jars Containers Holders","Tosaa",,,402.7021352691159,799,,28.83658,49.67208543252093,0.2902107141234673,0.27167,0.14432,0.17051,0,16.76103781618774
"2026-04-01","IAUSLQR0XL",,"Clazkit Plastic Fridge Storage Boxes (6 Pieces, 1.2L, White)","6 pieces","Jars Containers Holders","Clazkit",,,266.96587778623496,349,,25.18724,23.431799425456365,0.16189707193406486,0.23254,0.07718,0.08134,0.05427,44.59003981803439
"2026-04-01","O4PY4VQXFA",,"Tupperware Keep Tab Large Fridge Storage Containers (2.5L, Plastic)","2 pieces","Jars Containers Holders","Tupperware",,,775.3940673222628,1300,,26.71494,39.06502645412881,0.08105491706839445,0.1084,0.02329,0.02752,0,46192.09313611625
"2026-04-01","6I2PFZTA8H",,"Nayasa Plastic Refresh Storage Container (950ml, Grey)","3 pieces","Jars Containers Holders","Nayasa",,,377.0545475948196,435,,13.39175,13.320793656363314,0.005146389619540535,0.00833,0.01171,0.01384,0,124.8910540815344
"2026-04-01","U8I7IDOKUG",,"Tupperware Bowled Over Fridge Storage Containers (400ml, Plastic)","4 pieces","Jars Containers Holders","Tupperware",,,617.1060658323273,1000,,26.16865,37.49189663202454,0.05579453749575534,0.07445,0.0359,0.04241,0,17788.7314341045
"2026-04-01","9EAOJO3PU7",,"Embassy Stainless Steel Brownie Box / Storage Container (1.3 L)","1 Piece","Jars Containers Holders","Embassy",,,299.16814440359474,436.1663015,,9.47086,31.40506261555181,0.012655034425862154,0.01622,0.00184,0.00217,0,300.28624374712837
"2026-04-01","2A5C0ZJW5T",,"Nestasia Gourmet Clear Glass Oil Bottle (220ml, Green)","1 Piece","Jars Containers Holders","Nestasia",,,233.75301501035202,295,,1.8121,21.137034364537083,0.00810203839786827,0.01231,0.00489,0.00122,0.02515,22311.7548896582
"2026-04-01","R1FWCAPVSS",,"Java Plastic Regalia Utility/Grocery Container (500ml, Transparent, Brown)","3 pieces","Jars Containers Holders","Java",,,189.815548504888,400,,29.89174,52.5293761055523,0.03798045131745834,0.03364,0.01426,0.01685,0,63.513927614142354
"2026-04-01","B3N0RNG9EG",,"Joyo Stainless Steel, Plastic Container (425ml, Multicolour)","1 Piece","Jars Containers Holders","Joyo",,,139,237.5497124472574,,29.15685,41.523770464957074,0.04450739712347469,0.0485,0.01046,0.01236,0,139
"2026-04-01","OAM8696W1L",,"Signoraware Modular BPA Free Plastic Oval Container with Lid (1.7L, Airtight, Maroon)","1 Piece","Jars Containers Holders","Signoraware",,,195.9866024543298,240,,26.95811,18.302655624425867,0.03412329704715592,0.05245,0.05778,0.05803,0.05641,196.83877971472262
"2026-04-01","E9638717EV",,"Signoraware Safe Store Tempered Glass Square (320ml)","1 Piece","Jars Containers Holders","Signoraware",,,276.96614219154094,339,,3.7385,18.29907309984043,0.005636567642948776,0.00859,0.00788,0.00085,0.04667,27612.318618191894
"2026-04-01","NQZK49SEQS",,"Joyo Fusion Stainless Steel Airtight Round Container (725ml)","1 Piece","Jars Containers Holders","Joyo",,,182.3016788571773,322.0130732916667,,27.06033,43.39128325332667,0.02449930864549213,0.02568,0.01825,0.01842,0.01734,180.92131420026752
"2026-04-01","BA0V7089XM",,"UTENSILA Kitchen Smart Narrow Rice Bucket (5 kg)","1 Piece","Jars Containers Holders","Utensila",,,1657.5028704870965,2999,,16.5616,44.73148147758931,0.021096648205895824,0.02042,0.00125,0.00148,0,1550.7484169490504
"2026-04-01","ZQX93CJR1U",,"Glass ideas Glass Checker jar (800ml, 2 Pieces)","1 pack","Jars Containers Holders","Glass Ideas",,,237.74881166701545,490.95211784530386,,17.99113,51.54423642942877,0.056704292559161165,0.05122,0.00259,0.00305,0.00006,240.40926090359463
"2026-04-01","H1GNYNNPPA",,"Coconut Stainless Steel Square Canister (1.2L, Silver)","1 Piece","Jars Containers Holders","Coconut",,,1255,1392,,0.06527,9.841954022988507,0,0,0,0,0,1255
"2026-04-01","2XXIB2F7S3",,"Signoraware Modular BPA Free Plastic Oval Storage Container (500ml x 3, Airtight, Blue)","3 pieces","Jars Containers Holders","Signoraware",,,376.61978136765185,450,,35.4061,16.303905017744007,0.11542282350100849,0.18102,0.21596,0.06788,1.03185,125.53421511689129
"2026-04-01","P5TTAR2HDC",,"HomeStop Totem Round Jar (Set of 3, 500ml, Mustard)","3 pieces","Jars Containers Holders","HomeStop",,,645.6629012345679,995,,12.71493,35.10709622942303,0.024498157542501734,0.02993,0.00737,0.00871,0,216.17199895295997
"2026-04-01","CCE6FJI5PU",,"UTENSILA Kitchen Smart Measuring Rice Bucket (10 kg)","1 Piece","Jars Containers Holders","Utensila",,,1895,2999,,16.01984,36.81227075691897,0.0268500528023693,0.0318,0.0014,0.00166,0,1895
"2026-04-01","F1NSOH381B",,"Nestasia Glass Airtight Container (Set of 16, 100ml, Transparent)","1 pieces","Jars Containers Holders","Nestasia",,,742.0991957227387,845,,10.45752,12.17760881901836,0.026302127778943096,0.0434,0.00614,0.00052,0.03709,46.52620544149775
"2026-04-01","3LDNK44QRH",,"Whitegold Glass Storage Jar with Steel Lid (850ml)","1 Piece","Jars Containers Holders","Whitegold",,,135,215,,0.09141,37.2093023255814,0.00013755680735174516,0.00016,0,0,0,135
"2026-04-01","ZR6FXG0AQ4",,"JARSOME Metal Mandala Collection Airtight Kitchen Container Set (4 Pieces, 450ml, Beige Rangoli)","4 pieces","Jars Containers Holders","Jarsome",,,987.5603448275862,1178.2936692413793,,4.9539,16.187248509668475,0,0,0.00111,0.00028,0.00568,246.89008620689654
"2026-04-01","YAW8VLUCFM",,"Sumeet Stainless Steel Storage Containers with See Through Lid (380ml, Set of 6)","6 pieces","Jars Containers Holders","Sumeet",,,1079.6735746192408,2416.1440812916667,,41.39275,55.32550883456662,0.27026305855248023,0.22517,0.0367,0.04336,0,179.70336917097498
"2026-04-01","BIM6SFD6LX",,"Home Centre Polypropylene Barbados Storage Containers (2.5L, Pack of 4, Blue)","4 pieces","Jars Containers Holders","Home Centre",,,1063.913626126126,1097.3539791216215,,11.10121,3.0490744741979245,0.02811223723133322,0.05106,0.00472,0.00558,0,266.2472822657345
"2026-04-01","OC79LQ09KW",,"Borosil Endura Jar with PP Lid (1.2L, Transparent, Borosilicate Glass)","1 Piece x 2","Jars Containers Holders","Borosil",,,773.7625,972.9444451666667,,6.70578,20.472077944033753,,,,,,773.7625
"2026-04-01","4KSK0ORT3X",,"Nayasa Plastic Use Max Container (3.5L, Red)","2 pieces","Jars Containers Holders","Nayasa",,,267.78445835378824,315,,11.80308,14.988398942576843,0.008359885467715891,0.01329,0.00374,0.00442,0,134.13730088596432
"2026-04-01","XVFUWN0CBI",,"Tupperware Keep Tab Medium Fridge Storage Containers (1.2L, Plastic)","2 pieces","Jars Containers Holders","Tupperware",,,547.2328718314161,790,,13.00494,30.73001622387138,0.005809808643002648,0.0082,0.00426,0.00503,0,29677.957673397184
"2026-04-01","IIK65994LF",,"Java Plastic Regalia Utility or Grocery Container (1500ml, Transparent)","2 pieces","Jars Containers Holders","Java",,,341.1217795877485,401.45410595833334,,52.64513,16.072559806348174,0.07625903830942801,0.11359,0.1241,0.14662,0,160.52242154716402
"2026-04-01","YF9F0CVMGM",,"Femora Glass Kitchen Window Storage Jar with Outer Stainless Steel Cover (1L, Silver)","1 Piece","Jars Containers Holders","Femora",,,337.84615384615387,405,,44.60783,16.581196581196583,0.0003445634951237577,0.00054,0.00005,0,0.00031,338.57386363636357
"2026-04-01","XZ2OUSXDVL",,"Embassy Stainless Steel Premium Canister Set for Tea/Coffee/Sugar (400/500/700 ml, Pack of 3)","3 pieces","Jars Containers Holders","Embassy",,,507.86302946544106,1032.7089508333333,,30.1878,50.771820668807926,0.05651340131325463,0.0522,0.00426,0.00503,0,170.45268377743315
"2026-04-01","G0W9K6KK7L",,"Sumeet Stainless Steel Flat Canisters/Puri Dabba/Storage Containers (No. 6 - 240ml, No.7 - 400ml, No. 8 - 550ml, No. 9 - 800ml, Set of 4, Silver)","4 pieces","Jars Containers Holders","Sumeet",,,729.5259054856434,1302.577346333333,,53.69785,43.94454532763214,0.5335120628835103,0.55908,0.28088,0.12914,1.1169,182.3507967279104
"2026-04-01","XV2JTMWP3A",,"Yera Glass Pantry Jar (560ml, Transparent)","4 pieces","Jars Containers Holders","Yera",,,331.41381826741997,446.3623216949153,,3.96964,25.7522863916954,0.0014066478542580133,0.00183,0.00119,0.00005,0.00747,77.06763783844114
"2026-04-01","12AQBS9QLI",,"Cutting EDGE Plastic Round Slim Storage Kitchen Container (2 Pieces, 250ml, Royal Blue)","2 pieces","Jars Containers Holders","Cutting Edge",,,119.17653890824623,195,,7.04173,38.883826200899364,0.0023693536552218306,0.00271,0.00665,0.00366,0.02314,59.51273415770249
"2026-04-01","O23P9QC7SF",,"Sumeet Stainless Steel Masala/Spice Box with See Through Lid and Spoon with 7 Container (1.4L, 18cm Dia, Round)","1 Piece","Jars Containers Holders","Sumeet",,,521.8503258748658,1203.8275274583334,,47.51501,56.69897802658603,0.7191901551970634,0.58324,0.34038,0.31271,0.49284,521.0796007761846
"2026-04-01","JSO3Y3MP5Y",,"MILTON Plastic Quadra Storage Container (2L, 3L, 4L, White & Blue)","3 pieces","Jars Containers Holders","Milton",,,330.3483017249077,413.47390516666667,,56.97474,20.10851683470807,0.36369194906658303,0.54346,0.4405,0.51383,0.03645,330.37078371013445
"2026-04-01","5PIQD3UQO9",,"Signoraware Executive Steel Container Set of 2 (500ml+350ml) | Steelware","1 pack","Jars Containers Holders","Signoraware",,,296.8988232040864,349.0802255833333,,12.49679,14.948255029928651,0.003808232393210797,0.00615,0.00544,0.00643,0,298.7720242174416
"2026-04-01","VTHHNYH9BU",,"Cello Plastic Checkers Airtight Canister Set (8x300ml, 8x650ml, 8x1.2L, Transparent)","24 pieces","Jars Containers Holders","Cello",,,885.4117056691849,2129.137084111111,,41.68764,58.53738575424652,0.17786651557026004,0.13542,0.00891,0.01053,0,36.77284986643427
"2026-04-01","1LTK9ENMUZ",,"Tupperware Super Storer Medium Kitchen Storage Container (3.5L, Plastic)","1 pieces","Jars Containers Holders","Tupperware",,,565.5907114383314,850,,28.94476,33.345709327186576,0.021198904521542238,0.02912,0.01137,0.01344,0,62209.63159245586
"2026-04-01","CA6EL9L3DU",,"Signoraware Nano Round Small Container Set of 4| Plasticware","1 pack","Jars Containers Holders","Signoraware",,,120,147,,12.90085,18.367346938775512,0.0047003372107639555,0.00719,0.01071,0.01266,0,120
"2026-04-01","NIA8K0SKZK",,"Nayasa Cosmic Plastic Container (1.5L, Blue)","1 Piece","Jars Containers Holders","Nayasa",,,243.6139738772589,299,,6.13558,18.567223149791023,0.009847494232298084,0.01471,0.00244,0.00289,0,238.43614504265534
"2026-04-01","5VU0LGXJ1L",,"Larah by Borosil Jupiter Opalware Storage Bowl with Lid, Microwave Dishwasher Safe Kitchen Storage Container (800ml, White, Pack of 2)","2 pieces","Jars Containers Holders","Larah by Borosil",,,604.5415755613782,786.4241922916667,,19.09671,23.127800303329483,0.01302837549574569,0.01855,0.00396,0.00468,0,299.74968807593797
"2026-04-01","U96WRBPYVD",,"Pasabahce Glass Basic Storage Bowl Set","1 pack","Jars Containers Holders","Pasabahce",,,454.2241379310345,675,,2.86065,32.70753512132823,0,0,0,0,0,454.2241379310345
"2026-04-01","36B4TH7SUM",,"Lock & Lock Airtight Glass Containers With Lid  - Square, 1400","1 Piece","Jars Containers Holders","Lock & Lock",,,1280.264563106796,1485,,5.74097,13.786898107286456,0,0,0.00002,0.00003,0,1280.264563106796
"2026-04-01","K08U2PYC3X",,"Larah by Borosil Confetti Opalware Storage Bowl with Lid, Microwave Dishwasher Safe Kitchen Storage Container (400ml, White, Pack of 2)","2 pieces","Jars Containers Holders","Larah by Borosil",,,512.855382746914,594.3828736666667,,48.10634,13.727726152250405,0.012936095406016,0.02089,0.04506,0.05323,0,255.72048120179045
"2026-04-01","UHLM6Y3VPM",,"Asian Plastic Airtight Round Storage Containers (4 Pieces, 300ml, Multicolor)","4 pieces","Jars Containers Holders","Asian",,,139.176582278481,172,,21.71388,19.093848226934607,0.02914074775324773,0.04414,0.03966,0.04686,0,34.79977499788196
"2026-04-01","3MEZBFLKZM",,"Nestasia Groovo Transparent Food Storage Container (Set of 6, 310ml, Sage Green)","6 pieces","Jars Containers Holders","Nestasia",,,1223.0608227550733,1945,,24.37162,37.09007125452513,0.13115302956570063,0.154,0.05549,0.02221,0.23883,1220.410404301028
"2026-04-01","G91F9OC94T",,"ARISTO Houseware No 333 Plastic Air Tight Lock and Fresh Dry Food Storage Container (3.8L, Clear, VR10903)","1 Piece","Jars Containers Holders","Aristo",,,256.7057962073718,299.8279456302521,,30.56139,14.474129330721437,0.023647492432602658,0.03741,0.00214,0.00253,0,256.8925025237404
"2026-04-01","AVD3OASB9A",,"Nestasia Glass Clear Oil Dispenser with Lid (500ml, Transparent, Beige, Yellow)","1 Piece","Jars Containers Holders","Nestasia",,,1667.7478912786296,2603.9283329999994,,20.84059,35.92827858287214,0.047569331077915215,0.05763,0.14057,0.0181,0.81537,845.2180775142815
"2026-04-01","2LUQAIYE7Q",,"HAZEL Squeeze Plastic Bottle with Cap (610ml and 760ml, Transparent)","2 pieces","Jars Containers Holders","Hazel",,,476.5229797979798,729,,9.59598,34.632864837827086,0.01748237666656594,0.02142,0.00113,0.00134,0,238.2996738570786
"2026-04-01","OCCTP9VROY",,"JARSOME Metal Brit Collection Airtight Kitchen Container Set (4 Pieces, 450ml + 1100ml, Scottish Check Beige Black)","4 pieces","Jars Containers Holders","Jarsome",,,911.5625,1499,,0.59462,39.188625750500336,0,0,0.00001,0,0.00004,227.890625
"2026-04-01","B5RFCVW0K6",,"Joyo Oil Dispenser (1L)","1 Piece","Jars Containers Holders","Joyo",,,386.108727376347,587.347095425532,,24.87681,34.26225644367715,0.01019493548489782,0.01301,0,0,0,387.8207492695275
"2026-04-01","WNU1FA1L0R",,"Nayasa Cosmic Plastic Container (500ml, Blue)","1 Piece","Jars Containers Holders","Nayasa",,,149.5570478903812,169,,6.79874,11.504705390306981,0.0004320473223934868,0.00071,0.0014,0.00166,0,149.69130610650822
"2026-04-01","HQ5FLQPD1X",,"Home Centre Glass Vault Trove Storage Jars (Set of 5)","5 pieces","Jars Containers Holders","Home Centre",,,990.0672025367104,999,,35.20241,0.8937875842499077,0.08720487664505766,0.16199,0.01048,0.01238,0,198.01923797438263
"2026-04-01","C8SGLYMMSG",,"ExclusiveLane 'Persian Floral' Multi-Purpose Storage Jar & Container In Ceramic (Air-Tight, 480 ml, Hand-Painted)","1 pack","Jars Containers Holders","ExclusiveLane",,,667.8674852487151,1420,,18.89182,52.96919411304332,0.02088561265765744,0.01856,0.0194,0.00279,0.11095,673.8711922155126
"2026-04-01","Q7RAKGVFVJ",,"Saaj Plastic Sparkle Container Set (250ml, 500ml, 1000ml, 1500ml, Grey)","9 pieces","Jars Containers Holders","saaj",,,696.5091979396615,999,,5.29529,30.279359565599446,0,0,0.00297,0.00351,0,696.5091979396615
"2026-04-01","SJSCQZH9J2",,"LocknLock Classic Food Storage Containers with Lid (2.6L, Pack of 2, Tall Square, Plastic, Leakproof, Airtight, Transparent, HPL822B)","2 pieces","Jars Containers Holders","Lock & Lock",,,1097.7585502421307,1320,,6.80465,16.836473466505254,0.004009675416529252,0.00626,0.00198,0.00233,0,549.4369388413996
"2026-04-01","5S7DP2KGHH",,"Java Plastic Regalia Utility Container (750ml, Transparent, Brown)","3 pieces","Jars Containers Holders","Java",,,226.11294859580048,440.5752743096234,,19.3102,48.68840689819312,0.043764360143177194,0.04557,0.00641,0.00757,0,73.16983734495992
"2026-04-01","J22DQ8MJRW",,"Whitegold Glass Jar Set (6 Pieces, 125ml, Gold)","6 pieces","Jars Containers Holders","Whitegold",,,199,318,,1.90619,37.42138364779874,0.0010168076415122025,0.00119,0.00216,0.00255,0,33.16666666666667
"2026-04-01","BC9IJEZOHT",,"ExclusiveLane Ceramic Multi-Utility Storage Jar (410ml, Multicolour)","1 Piece","Jars Containers Holders","ExclusiveLane",,,503.74332272271846,875,,17.93424,42.43381466188787,0.026300209273959114,0.02811,0.01534,0.00114,0.09357,500.24955162854167
"2026-04-01","5FOV0CNKZ0",,"Home Centre Glass Corsica Medika Cruet Set (300ml, Pack of 4, Multicolour)","4 pieces","Jars Containers Holders","Home Centre",,,489.0098039215687,499,,7.75404,2.00205935012771,0.00500998391517918,0.0092,0.0031,0.00367,0,122.25015012851001
"2026-04-01","202OIA6UJZ",,"Clazkit Plastic Airtight Container Set (12 Pieces, Blue, BPA Free)","12 pieces","Jars Containers Holders","Clazkit",,,299,499,,36.78458,40.08016032064128,0.23035028901515195,0.25879,0.09318,0.10456,0.03045,24.916666666666668
"2026-04-01","B7Y7K3QX4B",,"SAFFRON Stainless Steel Round Paneer Mould/Strainer/Press","1 pack","Jars Containers Holders","Saffron",,,214.280173992674,999,,1.45509,78.57439549028334,0.06543233913330382,0.0257,0.00002,0.00002,0,209.79191632698948
"2026-04-01","RMFEIEY6FM",,"JARSOME Maroc Collection Metal Airtight Kitchen Container Set (2 Pieces, 1100ml each, Moroccan Pink Pastel)","2 pieces","Jars Containers Holders","Jarsome",,,885.3761061946902,1099,,6.66412,19.438024914040923,0,0,0.00226,0.00052,0.01187,442.6880530973451
"2026-04-01","3HBW1FTYR2",,"Tupperware Fridge Storage Containers(1.5L, Plastic)","2 pieces","Jars Containers Holders","Tupperware",,,712.169485579228,1130,,39.44522,36.875949697270876,0.04257200929563033,0.05245,0.0471,0.05564,0,36948.514043423595
"2026-04-01","IT82L0K35L",,"Home Centre Glass Pamolive Basting Brush Oil Dispenser (270ml, Transparent)","1 Piece","Jars Containers Holders","Home Centre",,,290.03132716049384,299,,8.7638,2.999671268902035,0.0036332647386713387,0.00661,0.01137,0.01343,0,290.0027283186031
"2026-04-01","9O3P6KD3Z0",,"Nayasa Smart Plastic Butter Dish (with Lid and Butter Knife, Brown)","2 pieces","Jars Containers Holders","Nayasa",,,391.19326683397725,545,,8.48604,28.221418929545457,0.002962555396270082,0.00398,0.00057,0.00013,0.00299,195.88426082848042
"2026-04-01","0T5M4RPXF6",,"UTENSILA Kitchen Smart Double Bucket Cereal Machine (7L)","1 Piece","Jars Containers Holders","Utensila",,,1999.3415712276471,3699,,12.31257,45.94913297573271,0.00709654993576158,0.00719,0.00083,0.00098,0,2005.3601031564417
"2026-04-01","FYX0Z4KFY2",,"Dynore Stainless Steel Oil Dropper (1000 ml, with handle)","1 Piece","Jars Containers Holders","Dynore",,,318.49224524452404,598.5878530833335,,38.70505,47.88036553788519,0.5009446733783665,0.48342,0.21652,0.25582,0,309.9514014233095
"2026-04-01","XKECD25V5U",,"JARSOME Metal Brit Collection Airtight Kitchen Container Set (4 Pieces, 1100ml, Scottish Check Beige Black)","4 pieces","Jars Containers Holders","Jarsome",,,1466.0793650793648,1699,,4.28536,13.70927810009624,0,0,0.01392,0.00088,0.08574,366.5198412698412
"2026-04-01","1JCMAMTNBD",,"Locknlock Sq Flip Tite Canister (NLQ505A-060)","1 Piece","Jars Containers Holders","Lock & Lock",,,699,699,,6.98705,0,0,0,0.00001,0.00002,0,699
"2026-04-01","QGYEEC9D8L",,"Nayasa Plastic Fusion Container Set (3 Pieces, 1000ml each, Stackable)","3 pieces","Jars Containers Holders","Nayasa",,,416.9371428571429,419,,12.21142,0.49232867371292066,0,0,0.00042,0.0005,0,138.97904761904766
"2026-04-01","16ZR8XSL8A",,"LOCK & LOCK Food Storage Container Navy Blue( Lbf401Rn )","1 Piece","Jars Containers Holders","Lock & Lock",,,445,445,,6.8848,0,0,0,0.00002,0.00003,0,445
"2026-04-01","WN5E8KF09Y",,"Joyo Spacio Container Printed Set (4 Pieces, Blue)","4 pieces","Jars Containers Holders","Joyo",,,135.02322111287876,332.05644729166664,,63.4986,59.802367857414495,1.9288881248091145,1.4507,4.85934,5.74131,0,33.35845018478446
"2026-04-01","SG091FKHIG",,"Sumeet Stainless Steel Vertical Storage Containers (850ml, 1.2L, 1.5L, Set of 3)","3 pieces","Jars Containers Holders","Sumeet",,,629.6491964682826,1404.0328701666665,,54.19571,55.13987408289235,0.6623268185747297,0.55628,0.16622,0.19639,0,209.7962268154054
"2026-04-01","VHNW3D2OQO",,"Signoraware Storewell Stainless Steel Storage Container (3L, Easy to clean and Odourless, Blue)","1 Piece","Jars Containers Holders","Signoraware",,,499.30169739737363,660,,22.90502,24.358688317168237,0.1677732608495134,0.23776,0.0214,0.02482,0.0026,49921.043917001356
"2026-04-01","OYI6IB934N",,"Femora Glass Jar, Kitchen Storage Jar, Round Jars, Airtight Steel Lid (900ml, Transparent)","1 Piece","Jars Containers Holders","Femora",,,220,247.58333333333334,,6.35111,11.141029956243688,0,0,0,0,0,22000
"2026-04-01","NUA6MKYEAA",,"Nestasia Groovo Storage Container (Set of 4, 520ml + 750ml)","4 pieces","Jars Containers Holders","Nestasia",,,1282.367994107879,1995,,17.00519,35.68175238117336,0.14884855213598736,0.17998,0.04173,0.00981,0.21763,1289.1087520325202
"2026-04-01","NNPN8M50QU",,"LocknLock Euro Food Storage Containers (380ml, Pack of 2, Square, Glass, Heat Resistant, Airtight, Transparent, LLG821)","2 pieces","Jars Containers Holders","Lock & Lock",,,677.8812753627718,848.3953019665272,,12.34313,20.071055963055205,0.011676021332534463,0.01799,0.01566,0.0185,0,697.8033425334972
"2026-04-01","6C8JVZC2OX",,"Home Centre Shale Primo Stainless Steel Snack Set (7 Pieces)","7 pieces","Jars Containers Holders","Home Centre",,,1078.9988247863248,1099,,19.849,1.8199431495609806,0.0063247353807042985,0.01164,0.00092,0.00109,0,154.16600086766186
"2026-04-01","SO0TJIE0ER",,"Femora Borosilicate Screw Jar with Stainless Steel Lid (550ml, Transparent)","1 Piece","Jars Containers Holders","Femora",,,249,365,,6.96804,31.78082191780822,0,0,0.00036,0.00003,0.00222,249.00000000000003
"2026-04-01","FOH058YBI9",,"Exclusivelane Ceramic 'Vintage Ivory' Multi-Purpose Storage Jar (410ml, Off White and Brown, Air-Tight, Hand Glazed)","1 Piece","Jars Containers Holders","ExclusiveLane",,,513.2840909090909,1230,,2.20952,58.26958610495196,0,0,0.00294,0.00178,0.00934,513.2840909090909
"2026-04-01","VHCIEWK6EK",,"Femora Kitchen Storage Jars Stainless Steel Body With See Through Window Jar (1000ml, Transparent)","1 Piece","Jars Containers Holders","Femora",,,300.28508118661966,370,,15.49583,18.841869949562255,0.0067214822113924565,0.0107,0.00066,0.00073,0.00028,303.21730767524474
"2026-04-01","4EPFEO0OMB",,"LOCK & LOCK  Food Storage Container Mint( Lbf451Rm )","1 Piece","Jars Containers Holders","Lock & Lock",,,675,675,,5.72597,0,0,0,0.00029,0.00034,0,675
"2026-04-01","EGIL7UW9V8",,"Kuber Industries Fridge Organizers Storage Box Set for Vegetables and Grocery (Transparent White, Pack of 6)","6 pieces","Jars Containers Holders","Kuber",,,300.5610203598485,1299,,3.87395,76.86212314396856,0.018691034806476665,0.00807,0.0044,0.00147,0.02053,299.021201189035
"2026-04-01","X4TMZCVWU0",,"Home Centre Glass Glassify Delish Square Food Containers (3 Pieces, 320ml)","3 pieces","Jars Containers Holders","Home Centre",,,489.010366506153,499,,23.88349,2.0019574347809064,0.02473010479506556,0.04543,0.01359,0.01606,0,163.00482955538672
"2026-04-01","LWI63CJ030",,"Nestasia Glass Airtight Containers for Kitchen (Set of 4 Jars 2L + 4 Lids, Transparent and Rose Gold)","4 pieces","Jars Containers Holders","Nestasia",,,1084.2571734009869,2190.0021004583336,,53.73425,50.470727111025525,0.26339941512177445,0.24359,0.2944,0.03337,1.73257,271.64090966888796
"2026-04-01","37CDBH7WPA",,"TEX-RO Airtight Lockable Plastic Grocery Container (700ml)","8 pieces","Jars Containers Holders","Tex-Ro",,,590,1599,,0.33059,63.10193871169481,0,0,0,0,0,73.75
"2026-04-01","OXKPMBKM38",,"Yera Glass Storage Jar (1.1L, Transparent)","2 pieces","Jars Containers Holders","Yera",,,299,386.8181818181818,,3.10619,22.7027027027027,0.0010106684255634497,0.00143,0.00013,0,0.00081,149.5
"2026-04-01","NI36JB3XAH",,"ExclusiveLane 'Old Fashioned Martaban' Salt & Pepper Shaker Set With Toothpick Holder & Tray","1 pack","Jars Containers Holders","ExclusiveLane",,,852.5320089739492,1799,,19.98922,52.61105558989206,0.02876241857040583,0.0256,0.00858,0.00927,0.00477,855.3367338137155
"2026-04-01","TQW10KSV4K",,"Femora Glass Air Tight Jar with See Through Lid (750ml, Transparent)","1 Piece","Jars Containers Holders","Femora",,,199.16966834070902,253,,6.97362,21.27599850060122,0.012618199130169639,0.01867,0.00613,0.00027,0.03838,199.75672983960396
"2026-04-01","53DMI21HX4",,"Cello Glass Modustack Storage Jars (1L, Transparent)","3 pieces x 2","Jars Containers Holders","Cello",,,969.3888888888888,1254,,16.88889,22.696260854155597,,,,,,969.3888888888888
"2026-04-01","6XBH69VW8T",,"CLASSIC ESSENTIALS Stainless Steel Elegant Utility Container (1600ml, Silver)","1 Piece","Jars Containers Holders","Classic Essentials",,,400.34476291937233,628.6367340625001,,21.72476,36.315270686486905,0.006043290699553657,0.00717,0.01363,0.016,0.00059,400.60024130518116
"2026-04-01","9FWWKUCKZN",,"Femora Frosted Glass Jar for Kitchen Storage with Golden Lid (1.5L, Transparent)","1 Piece","Jars Containers Holders","Femora",,,356.783018928934,409.78134600000004,,69.01774,12.915924562869705,0.05947998556999107,0.09709,0.19301,0.2139,0.0779,357.28979480901677
"2026-04-01","5MF2A3XW70",,"Joyo Plastic Kitchen 3-Pieces Classic Printed Container Set (6 L, 8.5 L, 11 L, German Blue, 65/85/115)","3 pieces","Jars Containers Holders","Joyo",,,487.62495473650074,1255.9188011872147,,12.60728,61.173849205441876,0.029182763012397007,0.02031,0.00073,0.00086,0,164.0076545914813
"2026-04-01","NILSQWN8D5",,"Sumeet Airtight and Leak Proof Steelexo Stainless Steel Storage Container with Lid (1.3L, Silver)","1 Piece","Jars Containers Holders","Sumeet",,,466.8497200811359,1067.161269166667,,33.29074,56.24740427396056,0.10003526242645608,0.08193,0.00495,0.00585,0,466.2810516072464
"2026-04-01","89TOAB2W3J",,"Borosil Endura Jar with PP Lid Borosilicate Glass Kitchen Storage Container For Storing Spices Dals Grains Rice (600ml, Transparent)","1 Piece","Jars Containers Holders","Borosil",,,356.8492301505538,424.94790162500004,,80.65351,16.008761692291944,0.05979922479932624,0.09414,0.27285,0.30156,0.11467,356.9175521518914
"2026-04-01","BCSJHUDAON",,"Home Centre PET Barbados Canisters (350ml, Pack of 6, Transparent)","6 pieces","Jars Containers Holders","Home Centre",,,390,398.8729925742574,,5.20106,2.2245157580092414,0,0,0,0,0,65
"2026-04-01","6B0VA0FU4H",,"Ireka Homes Eggstra Acacia Wood Egg Tray (Holds 12 Eggs)","1 pack","Jars Containers Holders","Ireka Homes",,,737.3191130393365,1235,,20.66486,40.30126303969102,0.04027997139126312,0.04506,0.00511,0.00604,0,736.9902048318281
"2026-04-01","L5CZD2RUMW",,"Glass ideas Linery Jar (700ml, Transparent)","2 pieces","Jars Containers Holders","Glass ideas",,,207.60976282673758,349,,39.86345,40.55714487253833,0.2658598977637357,0.29597,0.11401,0.13403,0.00372,103.7546054602188
"2026-04-01","9TBW1Y6CDX",,"Ocean Glass Pop Jar with Lid (500ml, Transparent)","6 pieces","Jars Containers Holders","O'cean",,,938.902798915141,1438.6861297468354,,42.07789,34.75838377076495,0.016679482330768092,0.01967,0.00336,0.00397,0,152.03609384244746
"2026-04-01","J871BJ0616",,"Agaro Glass Imperial Container Set (370ml, 640ml, 1050ml, Blue)","3 pieces","Jars Containers Holders","Agaro",,,1499.1979885057472,2999,,39.18585,50.01079908731507,0.4053043221692239,0.37973,0.0466,0.05505,0,499.66674157523875
"2026-04-01","DXO8V4L542",,"SELVEL Polycarbonate Ceramica Airtight Container Set (3 Pieces, 600ml each, Transparent)","3 pieces","Jars Containers Holders","Selvel",,,884.7884320323367,1642,,24.37631,46.075367417027294,0.030976373321924863,0.03343,0.0248,0.0293,0,315.0826052735176
"2026-04-01","SAB0SLVIVZ",,"Sumeet Stainless Steel Food Storage Airtight and Leak Proof Containers (400ml, 600ml, 800ml, 1L, Set of 4, Silver)","4 pieces","Jars Containers Holders","Sumeet",,,779.0268055555556,1426.3528000416668,,82.59746,45.34657550466302,0.677697496805423,0.69214,0.52378,0.61884,0,194.75644215595952
"2026-04-01","EJ5YD68IPX",,"Selvel Plastic Linex Green Serving Bowl Set with Lids (4 Pieces, 450ml)","4 pieces","Jars Containers Holders","Selvel",,,1301.203010295067,4999,,23.21074,73.97073394088683,0.1550472417392438,0.0727,0.00361,0.00427,0,320.98250098252936
"2026-04-01","9H536140AO",,"Joyo Fusion Stainless Steel Airtight Round Container (325ml)","1 Piece","Jars Containers Holders","Joyo",,,149,216,,26.4144,31.018518518518505,0.03418775881461783,0.04422,0.03335,0.03922,0.00105,149
"2026-04-01","RZY3A0RRN1",,"Signoraware Dry Fruit Serving Set (4 Pieces, 640ml, Plastic, Transparent)","1 pack","Jars Containers Holders","Signoraware",,,1096.6729462274816,1599,,22.38932,31.418453649158156,0.021473826285747327,0.02753,0.01494,0.01761,0.00019,1093.8224211117847
"2026-04-01","CBJ7R76HYH",,"Sumeet Stainless Steel Hole Puri Dabbas/Flat Canisters with Air Ventilation (Size No.11, 18.5cm Dia, Silver)","1 Piece","Jars Containers Holders","Sumeet",,,439.47629408539575,826.732425875,,26.01801,46.84138209217208,0.024881474838301998,0.02457,0.00969,0.00074,0.059,437.4893878527456
"2026-04-01","YL4ZU06FMW",,"Femora Glass Jar, Kitchen Storage Jar, Round Jars, Airtight Steel Lid (500ml, 2 Pieces, Transparent)","2 pieces","Jars Containers Holders","Femora",,,399,474.41818181818184,,0.00949,15.896983865404515,0,0,0.00002,0,0.0001,199.5
"2026-04-01","XWSCBDWOSQ",,"Archies Glass Champagne Glasses","2 pieces","Jars Containers Holders","Archies",,,848.4670059372351,899,,2.12041,5.621022698861509,0.005749375736007111,0.01013,0.00033,0.00039,0,424.50913301165525
"2026-04-01","LMRMJP84WX",,"Nestasia Ceramic Butter Dish with Lid and Butter Knife (Set of 1 Dish + 1 Lid + 1 Knife, 17 cm, White, Beige, Silver)","1 Piece","Jars Containers Holders","Nestasia",,,847.2255021169307,1350,,5.31771,37.23872422114703,0.015108226748884143,0.01771,0.0002,0.00024,0,864.416065370692
"2026-04-01","O94Q360FIX",,"YouBee Plastic Air Tight and BPA Free Storage Jar and Container Set (500 ml Each, Blue, Pack of 6)","6 pieces","Jars Containers Holders","Youbee",,,436.70260518024287,699,,16.20384,37.52466306434294,0.01877448977328003,0.02199,0.00371,0.00438,0,72.82012200762203
"2026-04-01","6GVB24SJNU",,"Cutting EDGE Nesterware Plastic Food Storage Container (5 Pieces, Blue)","5 pieces","Jars Containers Holders","Cutting Edge",,,256.4950354609929,300.5970796170213,,8.3083,14.671481244001788,0.004124785715568369,0.00654,0.02475,0.00496,0.13383,50.785326010421066
"2026-04-01","V9DPQQC2FP",,"Cello Plastic Pet Canister Set (4x300ml, 4x650ml, 4x1200ml, Transparent and Brown)","12 pieces","Jars Containers Holders","Cello",,,494.905749287881,999,,56.43891,50.3954995072952,0.29844781527220815,0.28585,0.19739,0.23037,0.0157,41.13886647586613
"2026-04-01","RE384PELKK",,"Joyo Plastic Storewell 3-Pieces Printed Container Set - Big (5L, 7.5L, 10L, Pleasant Blue, 500 or 750 or 1000)","3 pieces","Jars Containers Holders","Joyo",,,355.7006188981869,727,,17.63957,51.07124064243645,0.043118207664570946,0.03968,0.01827,0.02159,0,119.08884846865531
"2026-04-01","W0BJVPXSRM",,"Joyo Plastic Storewell 3-Pieces Printed Container Set - Big (5L, 7.5L, 10L, Ice Cabbage, 500 or 750 or 1000)","3 pieces","Jars Containers Holders","Joyo",,,335,727,,0.99379,53.920220082530946,0,0,,,,111.66666666666667
"2026-04-01","EGUWLG8I41",,"HomeStop Clickon Jar Set (3 Pieces, 350ml)","3 pieces","Jars Containers Holders","HomeStop",,,406.8870481927711,475,,3.3216,14.339568801521876,0.0013669348010895176,0.00229,0.00003,0.00004,0,133.76811180832848
"2026-04-01","0RDB72I5MI",,"Cutting EDGE Essentials Modular Plastic Kitchen Storage Container (4 Pieces, 250ml, Royal Blue)","4 pieces","Jars Containers Holders","Ce Essentials",,,150,225,,2.56151,33.333333333333336,0.0018705423593856556,0.00234,0.00047,0.00056,0,37.5
"2026-04-01","Y6GHA5GKYH",,"Embassy Stainless Steel Oil Can / Pourer (1 L)","1 Piece","Jars Containers Holders","Embassy",,,836.6650165016503,1428.002121683168,,5.66401,41.41531523608608,0.021947697016791695,0.02403,0.00008,0.0001,0,835.2741307212005
"2026-04-01","2F8HNS3UVO",,"Tupperware Mini Magic Flow Oil Dispensers (440ml, Plastic)","1 Piece","Jars Containers Holders","Tupperware",,,245.38555925381166,365,,27.53998,32.627809903034915,0.015462574619426225,0.02079,0.04906,0.05796,0,26160.71507618817
"2026-04-01","N2ZEH3KJDT",,"Nayasa Plastic See Saw Oil Dispenser (1L, Red)","1 Piece","Jars Containers Holders","Nayasa",,,176.6633573204815,255,,19.98411,30.720252031183723,0.004973724170981859,0.00655,0.00005,0.00006,0,178.6859486490643
"2026-04-01","5LR8VM5B0B",,"UTENSILA Kitchen Smart Multi-function Rotating Rice Bucket (Pearl White Electroplating)","1 Piece","Jars Containers Holders","Utensila",,,3007.5195323999055,4996.328176202532,,27.03234,39.80542574242937,0.033567122452298585,0.03649,0.00213,0.00252,0,2940.5340412460955
"2026-04-01","JEVTTQVNHZ",,"IKEA PRUTA Food Container with Lid (70ml, Set of 3, Lilac)","3 pieces","Jars Containers Holders","IKEA",,,65.29396210853164,88.43708609271523,,4.03757,25.90781942860182,0.0017980228709910118,0.00304,0.0064,0.00756,0,65.0428086395875
"2026-04-01","Z2VBUVCLZ3",,"HomeStop Glazed Condiment Set with Tray (3 Pieces)","3 pieces","Jars Containers Holders","HomeStop",,,1785.6541867954913,2495,,18.02658,28.430693916012377,0.031911260800620886,0.04284,0.00255,0.00301,0,595.6281318778523
"2026-04-01","WZ2D0CPG0D",,"Lock & Lock Classic Plastic Airtight Food Storage Container with Leak Proof Lid (850ml, Pack of 3, Transparent)","3 pieces","Jars Containers Holders","Lock & Lock",,,874.5302435192459,1090,,13.25203,19.76786756704166,0.004879333725769782,0.00712,0.00117,0.00139,0,28364.951895662263
"2026-04-01","PEXAKGQNEJ",,"TEX-RO White Cap Airtight Plastic Grocery Container (1.1L, White)","4 pieces","Jars Containers Holders","Texro",,,619,1999,,2.90465,69.03451725862932,0,0,0.00002,0.00002,0,154.75
"2026-04-01","843TK6CASM",,"TREO Glass Cube Jar (800ml, Transparent)","800 ml","Jars Containers Holders","Treo",,,160,245,,0.08636,34.69387755102041,0.0007050505816145933,0.00086,0.00018,0.00021,0,20
"2026-04-01","3FZET9GVTQ",,"Femora Glass Oil Dispenser Bottle With Silicone Brush and Dropper (550ml, Multicolor)","1 Piece","Jars Containers Holders","Femora",,,399,530.5970645416667,,24.0331,24.803343312336814,0.017826940161689692,0.02499,0.00219,0.00259,0,39900
"2026-04-01","2KZA1IFJPO",,"Borosil Endura Jar with Stainless Steel Lid Borosilicate Glass Kitchen Storage Container For Storing Spices Dals Grains Rice (600ml, Transparent)","1 Piece","Jars Containers Holders","Borosil",,,455.3333333333333,600,,0.93277,24.11111111111111,0,0,0.00001,0,0.00007,45533.333333333336
"2026-04-01","FANMNUHAE1",,"Tupperware UltraClear Kitchen Storage Containers (500ml, Plastic)","2 pieces","Jars Containers Holders","Tupperware",,,747.5114549752847,990,,23.08384,24.43913807834747,0.025641010961461774,0.03762,0.01688,0.01994,0,38732.15783840436
