"Date","Product ID","Item ID","Product Name","Grammage","Category","Brand","Offtake MRP","Offtake SP","SP","MRP","Units","Wt. OSA %","Wt. Discount %","Est. Category Share","Est. Category Share SP","Overall SOV","Organic SOV","Ad SOV","Wt. PPU (x100)"
"2026-03-01","6f647e27-dd74-4d07-b412-4adf6b603dc7",,"BAY6 Nonstick Cookware Set - (Dosa Tawa 26 cm + Fry Pan 24 cm) - Grey - (2pc)","1 pack (2 pcs)","Cookware","BAY6",,,625.5822040013506,1339.8769462280702,,56.58026,53.29882022362842,0.18294642391012084,0.17525,0.25355,0.14964,0.82499,310.15347152479376
"2026-03-01","af8fbe76-dfc5-4851-a769-61d71ead5732",,"BAY6 Premium Imported Borosilicate Baking Dish Rectangle - 1.6 L","1 pc","Cookware","BAY6",,,421.7672364086963,1099,,41.52167,61.627847485719286,0.12885597390442693,0.10004,0.02772,0.03276,0,418.3496792891675
"2026-03-01","4401314a-6eb3-42c4-8cbc-d7d5b27468b9",,"Milton Pro Cook Kitchen Jewel 3Pc (Frypan 24Cm; Kadhai 24Cm With Lid & Tawa 25Cm), Peach","1 pack (3 pcs)","Cookware","procook",,,1315.6345611850466,5000,,8.43166,73.71409593783861,0.1968655739410123,0.11614,,,,435.8867576223522
"2026-03-01","525cbd91-52a1-477b-912a-49375fc1a2fc",,"Macclite Non-Stick PDC Granite+ Induction Base Butter Scotch Triumph Tawa 26 cm","1 pc","Cookware","Macclite",,,1157.137828744984,2270,,49.08379,49.02058645630494,0.07241436253778473,0.0827,0.01394,0.01648,0,1212.8243129651644
"2026-03-01","8b85c05d-a7bb-45c5-9307-1238c8d67d83",,"Macclite Non-Stick PDC Granite+ Induction Base Hard Rock Sumo Casserole 36 cm with Glass lid","2 pcs","Cookware","Macclite",,,2819.331751555374,5470,,27.85407,48.322229914864145,0.08963096904589585,0.12063,0.03504,0.04142,0,3148.566201838704
"2026-03-01","c0ead3bb-3286-42b9-965e-55c626721062",,"Wonderchef Venice Stainless Steel Saucepan | 1.2Litre | Tri-Ply Bottom","1 pc","Cookware","Wonderchef",,,504.3566529492456,1000,,3.59577,49.564334705075446,0.006701806772459994,0.00728,,,,481.87438665358195
"2026-03-01","9213db72-3cd0-4302-a6c0-d58fb0404330",,"Macclite Non-Stick Flat Tawa | 24 cm | Induction Compatible","1 pc","Cookware","Macclite",,,1403.7422583683078,2670,,45.13555,47.31236652973287,0.10378417967831548,0.12454,0.12976,0.15336,0,1421.771318031762
"2026-03-01","dbc7c851-5eef-49c0-9f62-3fcf3ca91eab",,"Silicone Vaccum Cookware Lid 2pc Set | Medium 20 cm& XL 30 cm Microwave-freezer-dishwasher Safe","2 set","Cookware","Spine",,,469.92967647636596,890,,66.11842,47.189321625838076,0.014136121025149866,0.01905,0.03336,0.03943,0,466.93447018597817
"2026-03-01","f80ee023-c626-4107-ad05-67f003e80d77",,"Milton Pro Cook Kitchen Pride 5 Pc - Frypan 24 Cm | Kadhai 2.5L With Lid Tawa 25 Cm","1 set","Cookware","procook",,,1136.1654761904763,5000,,0.48523,77.27669047619047,0.008377258465574994,0.00503,,,,1086.2465529211486
"2026-03-01","c085b064-101f-413e-b14d-8e7594a5fb4c",,"Macclite Non Stick Hard Rock Miniso Tope 14 cm","1 pc","Cookware","Macclite",,,377.26932288232666,790,,53.03552,52.33778295565037,0.017895164443822675,0.02107,0.00093,0.0011,0,335.4021119364215
"2026-03-01","93aa765b-ef50-44b6-8b78-96db4e63d926",,"Hawkins 1.5 Litre Stainless Steel Tea Pan With Glass Lid, Induction Sauce Pan, Silver (Sst15G)","1 pc","Cookware","Hawkins",,,929.6978460410116,1260,,32.37275,26.254899740263205,0.026747245919226455,0.03759,0.04182,0.04942,0,875.4346883575819
"2026-03-01","f6335d45-6a47-45b7-9e72-76005f513415",,"Hazel 1500Ml Aluminium Kadai Tasla - Heavy Bottom, 4Mm Thick, Round Bottom - Silver","1 pc","Cookware","Hazel",,,316.10784313725486,869,,0.00447,63.62395360906158,0.0021839512819754004,0.00317,,,,341.172607761345
"2026-03-01","2131a077-c3e1-403a-a1fd-65667d86ce5e",,"Macclite Non-Stick Kadai | 28 cm | Glass Lid | Induction Compatible","1 pc","Cookware","Macclite",,,1783.9950285556351,3670,,53.60016,51.35161255568381,0.23544167635879995,0.28015,0.182,0.21509,0,1790.957685296281
"2026-03-01","9089cf68-8b77-47f0-a6a2-78494847a99a",,"Vinod Platinum Triply Stainless Steel Sas Pro Dosa Tawa - 31 Cm (Induction Friendly)","1 pc","Cookware","Vinod",,,1888.4372294372295,3915,,1.51109,51.875459576609,0.01967818013563566,0.02159,,,,1822.072546744036
"2026-03-01","bbb5c9d4-231c-4d7b-81e7-0f6a600e2698",,"Vinod Platinum Triply Stainless Steel Extra Deep Kadai With Lid- 20 Cm, 1.8 L (Induction Friendly)","1 pc","Cookware","Vinod",,,1604.7465981642422,3150,,10.18863,49.055663550341514,0.07863732521635246,0.10601,0.02505,0.0296,0,1674.1103367126063
"2026-03-01","62482a46-a211-4a33-afbc-2f47441feb6a",,"Prestige Omega Deluxe Aluminium Non-Stick Granite Cookware Kadai With Glass Lid,24Cm/2.4L,Black","1 pc","Cookware","Prestige",,,1342.746059703996,1696.0477162448979,,28.84503,20.815888398736497,0.09065885865962188,0.14843,0.03228,0.01374,0.13421,1345.4002063552725
"2026-03-01","96c3c80e-ac9c-475e-a0c3-78ea663d74d0",,"The Indus Valley Triply Stainless Steel Kadai with Glass Lid | Large 26cm/10.2 inch, 3.5L, 1.3kg","1 pc","Cookware","The Indus Valley",,,2349.682338308458,4330,,9.17611,45.734935705528464,0.029018823324751773,0.03212,,,,2349.0052394323156
"2026-03-01","c6103ff7-ea0f-4e5a-be17-d0f124219dd9",,"Macclite Concave Tawa | 34 cm | Non-Stick | Induction Compatible","1 pc","Cookware","Macclite",,,1224.6400410254655,2470,,48.52789,50.38583474108548,0.0941064356085446,0.11851,0.93985,1.11075,0,1225.2118366059167
"2026-03-01","0980dcb5-cc2c-480b-8bbd-ff544103855c",,"Macclite Non Stick PDC Granite+ Induction Base ButterScotch Deep Frying Pan 20 cm with Glass Lid","1 pc","Cookware","Macclite",,,1465.132130889529,2878.8938871311475,,11.87701,49.0925237595937,0.051895608287713266,0.06559,,,,1727.7454647411334
"2026-03-01","c3ba576b-1d7f-43c8-baa1-72d32c828311",,"Habitat Ceramic Frypan Wth Ss Handle Xtreme Coating 24 Cm","1 pc","Cookware","Habitat",,,1012.2709807942759,2487.6259895967733,,36.80491,59.3475977908193,0.07235019273793843,0.05513,0.01553,0.01835,0,906.355984915206
"2026-03-01","8e6ffcc2-b8f7-4054-a315-1d65ef11d03f",,"Bombay Kookware Stainless Steel Idli 4 Plate Set","1 pack (4 pcs)","Cookware","Bombay Kookware",,,,,,0,,0,0,,,,
"2026-03-01","f64947bb-aa14-4c95-a368-da10936d2d89",,"Anjali S.S. Menduwada Maker","1 pc","Cookware","Anjali",,,296.1317424391919,345,,38.67252,14.20503464982866,0.02288432449558052,0.03985,0.42212,0.49888,0,294.59995846026555
"2026-03-01","40be01f1-9e91-4096-ade5-56ab29a37bcf",,"Prestige Omega Deluxe Aluminium Non-Stick Granite Cookware Fry Pan 24cms/1.7Ltr,2yrs Warranty,Black","1 pc","Cookware","Prestige",,,907.7899917772938,1204.8021309243697,,44.99256,25.136917694392483,0.3744817158346571,0.56434,0.16545,0.10758,0.4837,900.9087110427117
"2026-03-01","66f6232e-765e-4ef1-a9e7-c0697a1a9215",,"Macclite Non Stick Hard Rock Miniso Stew Pan 16 cm","1 pc","Cookware","Macclite",,,376.3724609291826,790,,21.7668,52.87678386431445,0.018424607178847013,0.02051,,,,342.3736368991563
"2026-03-01","a1e7cd7a-c8c8-43d3-a44c-ad607a34a6a0",,"Fackelmann Nonstick Flat Tawa 28 cm Grey","1 pc","Cookware","Fackelmann India",,,712.1189034916443,1149,,28.49072,38.00095538700768,0.06373971139668182,0.09051,0.01538,0.01817,0,741.8952365793209
"2026-03-01","eebc4188-7951-4184-b25f-2619bbf1fec5",,"Fackelmann Quartz Nonstick Casserole w Glass Lid 28cm BPA-Free All Stoves Compatible Anti-scratch","1 pc","Cookware","Fackelmann India",,,1279.5057345255723,3498.98343373494,,48.26234,63.54687507377801,0.3115869347268131,0.25309,0.00685,0.00809,0,1241.6929657364312
"2026-03-01","ed97dce5-4996-4faf-9cb2-b0247d2748a9",,"Jensons Cuisine Dosa Tawa 30 cm (5 mm) Induction Compatible","1 pc","Cookware","Jensons",,,901.9926003877982,1775,,33.2657,48.8032888572908,0.21694820811536597,0.30011,0.007,0.0016,0.03668,954.3916611497932
"2026-03-01","d0361b43-c70d-450c-bebf-2384dbd2f615",,"Femora Preseasoned Health Safe Zero Coating Cast Iron 20 Cm Fry Pan","1 pc","Cookware","Femora",,,628.3239247311828,1450,,3.57661,56.66731553578049,0,0,,,,628.3239247311828
"2026-03-01","08cb3a2d-51db-4157-af59-028437342f4d",,"Jensons Nonstick Cuisine Fry Pan 24 cm Induction Compatible","1 pc","Cookware","Jensons",,,808.3790568939414,1050,,76.18663,26.704477367049517,0.34616256113695015,0.49779,1.36775,1.07309,2.98825,738.7015060208004
"2026-03-01","ec56cef0-108f-4422-a93f-501b36f7073e",,"Master Triply Honeycomb Dosa Tawa 29 cm, ISI Certified","1 pc","Cookware","Master",,,,,,0,,0,0,,,,
"2026-03-01","1c0aa054-e3a3-4362-9350-989e83b7a6aa",,"Tramontina Aeion Triply Kadai | 20 cm | Stainless Steel Lid | Induction Compatible","1 pc","Cookware","Tramontina",,,2779.1846919719974,3495,,62.16416,20.481139104887564,0.06827750476231448,0.11077,0.13743,0.16241,0,2779.0937699444994
"2026-03-01","a006d252-a8c1-4d1f-bd4f-fa8cd55bf8c5",,"Bombay Kookware Patri Tawa - 14 Inch","1 pc","Cookware","Bombay Kookware",,,786.4167223909898,1390,,58.84253,43.53693725997914,0.2566889170050378,0.29268,0.24663,0.22744,0.35219,780.3605202261409
"2026-03-01","8328db2d-e2bc-4b23-9364-17b0e276e087",,"Fackelmann 24 cm Frying Pan, Triply | with Lid | German Quality | Energy-Efficient Fry Pan | Non-Toxic | Even Heating | Ideal for All Cooktops | Hassle-Free Maintenance | 5 Year Warranty","1 pc","Cookware","Fackelmann India",,,1845.5088323217826,4596.403813548387,,54.176,60.78954313043502,0.8397350482278826,0.63952,0.11232,0.13275,0,1643.2047795975373
"2026-03-01","fe611514-10ce-4136-a3b0-4022159fd62e",,"Bombay Kookware Mini Pan 15Cm","1 pc","Cookware","Bombay Kookware",,,203.70221914670856,370,,55.5293,50.63002447582846,0.6628897816582402,0.649,1.46265,1.16045,3.12458,180.77986474321827
"2026-03-01","e5ef5c5f-307c-4a47-a4a8-39a61ab3caeb",,"Milton Pro Cook Kitchen Jewel 5 Pc -Frypan 24 Cm | Kadhai 2.5L With Lid Tawa 25Cm, Laddle & Spatula","1 pack (5 pcs)","Cookware","procook",,,1678.5152508424217,5496.417056305733,,44.09923,69.51093528058853,0.8771726812201989,0.54357,0.02016,0.02382,0,333.4823573840769
"2026-03-01","ce987650-649e-4188-8ac9-93b962ed258d",,"The Indus Valley Super Smooth Cast Iron Tawa With Free Wooden Spatula","1 pc","Cookware","The Indus Valley",,,1005.8877521073041,1776.3495130543934,,44.78629,43.29823456883234,0.5064867011962937,0.59001,0.15782,0.18321,0.01823,995.1074766542272
"2026-03-01","2c0efc77-5514-4f33-b345-a43dccf8acb1",,"Agaro Elite Hard Anodised Handi, 3.5 Litres, Riveted handle, 3 mm thick plate","1 pc","Cookware","Agaro",,,1247.292906406616,1999,,10.13248,37.60415675804822,0.02485130478329753,0.03188,,,,1251.7178925881858
"2026-03-01","593d0fb2-5080-4aef-8335-6a7e4255d7d6",,"Macclite Tawa | 32 cm | Induction Compatible","1 pc","Cookware","Macclite",,,1736.9680485333067,3470,,58.43793,49.94328390393929,0.10947418117330329,0.13509,0.48074,0.56815,0,1816.4689846092542
"2026-03-01","8b084843-be79-4391-911a-25437558dd0b",,"Vinod Platinum Triply Stainless Steel Kadai With Lid - 28 Cm, 3.7 L (Induction Friendly)","1 pc","Cookware","Vinod",,,2323.0494585590163,4307.869042107844,,47.53321,48.42716362237961,0.721991507678041,0.69644,0.05565,0.06577,0,1871.005336493015
"2026-03-01","42a47025-4016-459b-9540-84f8da78ce87",,"Habitat Ceramic Tawa With Ss Handle Xtreme Coating 28 Cm","1 pc","Cookware","Habitat",,,939,1999,,18.99892,53.026513256628306,0.06547765743795002,0.06275,0.01953,0.02308,0,939
"2026-03-01","8b5ff79f-ce3d-4193-a3ec-0dee9750e87c",,"Solara Pre Seasoned Cast Iron Paniyaram Pan With 12 Cavities (8 Inch, 20 Cm)","1 pc","Cookware","Solara",,,956.435800585533,2499,,78.78601,61.83960225697039,0.7704839384866992,0.5928,0.19238,0.15877,0.37725,943.9890902158425
"2026-03-01","7fec666f-2399-4fb7-ac4b-6ff31a9441e4",,"Wonderchef Granite Dosa Tawa 30cm","1 pc","Cookware","Wonderchef",,,1117.3137708956601,2100,,13.304,46.86878840850889,0.07536516805969887,0.08757,,,,1056.274727494567
"2026-03-01","703eeceb-53a1-4c18-9341-3c869f92feb2",,"Tramontina Fusao Triply Ceramic Grill Pan | 26 cm | Induction Compatible","1 pc","Cookware","Tramontina",,,4059.2532867414902,5695,,55.65893,28.73192079917012,0.07957859397754447,0.11926,0.20916,0.2472,0,4182.538293579134
"2026-03-01","a32f7479-431c-4247-a7a6-283f9ad86ca0",,"Jensons Capsul Bottom Saucepan with Lid | 11 Inch Induction Compatible","1 pc","Cookware","Jensons",,,,,,0,,0,0,,,,
"2026-03-01","e0d435df-3a9e-4760-9029-6253cfab8a1a",,"Wonderchef Duralife Die-Cast Non-Stick Grill Pan Copper 24 Cm","1 pc","Cookware","Wonderchef",,,923.4334791552533,2000,,5.41642,53.75304087623607,0.029957076272896174,0.03366,,,,1052.2276032745988
"2026-03-01","2bd73b35-41bc-4796-87c0-374a20ef0d60",,"Femora Foged Die Cast Aluminium Non Stick 28 Cm Square Grillpan And Sandwich Grill Pan","1 pc","Cookware","Femora",,,798.8070175438597,2140,,0.00036,62.67256927365141,0.004768670608943908,0.00347,,,,727.7413849306138
"2026-03-01","7921309e-fe19-4596-9632-402ba8782afe",,"Jensons Heavy Capsul Bottom Multi Kadai Induction Compatible","1 set","Cookware","Jensons",,,1226.3824370917819,2999,,32.39546,59.016035337181115,0.1229039317646359,0.11706,0.04025,0.04564,0.0106,1265.0477192143533
"2026-03-01","9be9c70e-83be-4c3a-b136-2bb09edc2fd5",,"Wonderchef Duralife Die-Cast Non-Stick Kadhai With Lid Copper 24 Cm","1 pc","Cookware","Wonderchef",,,1389.4375061539363,2500,,27.83392,44.42049900788558,0.09499811099962041,0.10402,0.01298,0.01534,0,1332.3631762088125
"2026-03-01","f4f4a2ee-7e62-4eee-afb0-b66e6f63c3de",,"Habitat Ceramic Cookpot Wth Glasss Lid Xtreme Coating 20 Cm","1 pc","Cookware","Habitat",,,1062.477249100821,2598.2393709909907,,52.55715,59.379999622812946,0.15724130894401192,0.11584,0.0174,0.02056,0,935.3786475772098
"2026-03-01","b3393cba-c0d4-46b2-bcb8-348e64f0d6d3",,"Jensons Deep Casserole/stew Pot Wire Handle -16 Inch (3.5 ltr) Induction Compatible","1 pc","Cookware","Jensons",,,587.6069985569986,1040,,3.92813,43.49932706182706,0.006969879043358394,0.00803,,,,575.6723007384772
"2026-03-01","e1e0c1ab-8f2c-4f62-b87c-9c395cfc38af",,"Macclite Non-Stick Flat Tawa | 24 cm | Induction Compatible","1 pc","Cookware","Macclite",,,1371.2246289098662,2670,,36.14083,48.691252448380034,0.0978344831708948,0.12447,0.01596,0.01887,0,1431.7734575699114
"2026-03-01","0a45bf96-294f-44d1-add5-80e51a17bed1",,"Magnus Heavy Base Non-Stick Appam Maker With Glass Black With Lid Gas Stove Compatible","1 pc","Cookware","Magnus",,,578.372918441647,938.3134722164949,,30.44492,38.41713979542593,0.34123907879156246,0.4283,0.74659,0.23881,3.53913,577.6046342643159
"2026-03-01","03b160ad-4939-4fd0-b4cc-a38a2a56b350",,"Jensons Cuisine Non Stick Concave Tawa 25 cm Induction Compatible","1 pc","Cookware","Jensons",,,389.2967819961679,1045,,10.64494,62.717137728432924,0.0555893090903546,0.04964,,,,374.06896361523053
"2026-03-01","526498c5-455a-43d4-8518-39d70939aab2",,"Classic Essentials 3 Layer Stainless Steel Induction Bottom Triply Kadhai 22cm Dia. 2l Capacity","1 pc","Cookware","Classic Essentials",,,575.5087145969499,1410,,2.1738,59.18377910659929,0.01181193443646074,0.01143,,,,612.7305445947638
"2026-03-01","8f39fa4c-5167-484d-ae2d-b9e5af36fc85",,"Wonderchef Pre-Seasoned Ferro Light 24Cm Cast Iron Fry Pan | 1.4L","1 pc","Cookware","Wonderchef",,,1275.3728371331867,2379.5561719758066,,86.51128,46.81421590969086,0.4419030647817898,0.45487,0.27642,0.32669,0,1202.41973223094
"2026-03-01","eb3c8602-5a33-4a84-a56b-9506c6b5cd06",,"Tramontina Fusao Triply Ceramic Dosa Tawa | 30 cm | Induction Compatible","1 pc","Cookware","Tramontina",,,2999.361858397647,4698.878411854838,,53.06306,36.23928432441908,0.11728547205694406,0.13357,0.11593,0.137,0,2621.986365793828
"2026-03-01","76b6cac5-a5e1-46b1-a46b-725c5d9b07b9",,"Kitchen Essentials-Hard Anodized Chapati Tawa Ss Wire Handle 25 Cm(10""), 3Mm Thickness","1 pc","Cookware","Kitchen Essentials",,,329.0190451695081,855,,3.99149,61.51824033105168,0.01146008958090659,0.00893,,,,331.3916574183767
"2026-03-01","99891377-947c-4584-aa57-4f950dced0b4",,"Carote Frying Pan 26cm Granite Black","1 pc","Cookware","CAROTE",,,927.4554296736939,2999,,13.52015,69.07451051438167,0.022108590361668273,0.01383,,,,893.8636197538311
"2026-03-01","a6560cf5-f133-43f2-b10a-99f6f8ae353b",,"Vinayak Milk/Tea Pan (Stainless Steel, 1.2 L)","1 pc","Cookware","Vinayak",,,234.27027027027026,500,,1.52452,53.14594594594595,0.0008377258465574992,0.00097,,,,279.63619402985074
"2026-03-01","edbd6003-4464-411a-b474-c14cca5bfea8",,"Macclite Non-Stick Concave Tawa | 30 cm | Induction Compatible","1 pc","Cookware","Macclite",,,1180.9059582046655,2470,,52.56121,52.1916806143187,0.06315146030722915,0.08162,0.18557,0.21931,0,1259.7661186539685
"2026-03-01","3bc4a558-4413-4861-a0e4-8be2998b281b",,"Fackelmann Triply Tadka Pan 10 cm","1 pc","Cookware","Fackelmann India",,,468.0502978097235,799,,23.43694,41.308350587144105,0.032851586617921646,0.04239,0.00052,0.00061,0,473.70114320683206
"2026-03-01","5da5c540-891e-4f91-bb78-dbde3629767d",,"Kitchen Essentials Ss Tope Lid Size 10","1 pc","Cookware","Kitchen Essentials",,,20.130434782608695,90,,1.7479,77.6328502415459,0.00015079065238034987,0.00006,,,,19.232142857142858
"2026-03-01","66353012-f9a9-4917-87d4-28312dd7e571",,"Capsicum Silicone Round, Square & Heart Shape Cake MouldSize 6 inch (Multi Color)","1 pack (3 pcs)","Cookware","Capsicum",,,,,,0,,0,0,,,,
"2026-03-01","8c71bfc6-17d4-4cc4-b1a8-86fd4920cee5",,"Macclite Non-Stick Frying Pan | 28 cm | Glass Lid | Induction Compatible","1 pc","Cookware","Macclite",,,1838.8386176397546,3470,,26.3494,47.02168024934243,0.10790445048202386,0.13629,0.05357,0.0633,0,1782.1673519885571
"2026-03-01","3df1f4e3-2274-4dab-a668-9a69e385b9e7",,"Jensons Toasty Induction Compatible","1 pc","Cookware","Jensons",,,289.1266451932607,450,,71.16244,35.74664777591842,0.06833832365877456,0.08956,1.82433,2.15605,0,289.20549598292314
"2026-03-01","8d62507d-702d-4d93-affa-0d454c236da3",,"Pigeon 2.4L Nonstick Storm Fry Pan","1 pc","Cookware","Pigeon by Stovekraft",,,599,1145,,1.05345,47.685589519650655,0,0,,,,599
"2026-03-01","1d8a94ce-38f0-4572-997a-8221595b23ba",,"BAY6 Nonstick Kadai | 24 cm | Grey | Glass Lid | Non-Induction","1 pc","Cookware","BAY6",,,588.7138390995225,1333.008612821782,,68.45668,56.005581368079696,0.18078039996126177,0.16102,0.09663,0.10644,0.04265,571.5814491080614
"2026-03-01","6352adea-67fc-434c-9158-4f6bd84d6ae6",,"Anjali Tadka Pan with Handle","1 pc","Cookware","Anjali",,,177.34001576437876,265,,62.21695,33.2432773223271,0.06231959854159755,0.08459,0.33554,0.39655,0,176.53425906507908
"2026-03-01","8f2ea1d8-0fca-436f-aae0-6af387cb1b89",,"Kitchen Essentials-Hard Anodized Tadka Pan Bk Medium 110 Mm","1 pc","Cookware","Kitchen Essentials",,,117.21428571428571,345,,1.59291,66.0248447204969,0.0028901541706233724,0.00207,,,,136.37612612612614
"2026-03-01","1596b9fb-679e-4221-bcee-ad8ef47fd7ba",,"AGARO Imperial Granite Non Stick Frypan with Glass Lid, 1.6L / 24cm","1 pc","Cookware","Agaro",,,1142,2799,,6.72266,59.19971418363701,0,0,,,,1142
"2026-03-01","4b96f40e-9a4a-4187-bb1c-9e46991f25a4",,"Softel Stainless Steel Multi Kadai | 6-Pieces | Silver | 4 Litre","1 set  (6 pcs)","Cookware","softel",,,1364.3010758796142,2995,,12.24772,54.44737643139852,0.020071911283517683,0.02664,,,,1439.328630108717
"2026-03-01","5e16da58-7de3-4942-b7eb-d33e5718923b",,"Carote Kadhai with lid 24cm Cosy White","1 pc","Cookware","CAROTE",,,1281.8289891395154,3999,,2.53349,67.94626183697136,0.010050364526319631,0.00807,,,,1337.9062000903195
"2026-03-01","50d58b1e-f4eb-41d9-991f-7c5b417158b6",,"Wonderchef Duralife Die-Cast Non-Stick Dosa Tawa Copper 28 Cm","1 pc","Cookware","Wonderchef",,,1249,2000,,0.00048,37.55,0.003350903386229997,0.00427,,,,1249
"2026-03-01","e03159c6-4c8c-4368-94c1-fa561dffa746",,"Tramontina Fusao Triply Ceramic Kadai | 20 cm | Stainless Steel Lid | Induction Compatible","1 pc","Cookware","Tramontina",,,4208.614678383874,5695,,52.18036,26.08232793591829,0.14102746027423016,0.20396,0.05791,0.06844,0,4039.21781009009
"2026-03-01","7dcbe05f-6987-40ce-86cf-ca8cbc6b043d",,"Tramontina Aeion Triply 24cm/2.8L Saute Pan with SS 304 Lid | Healthy Non Toxic | Curry | Stir-Fry | Deep Fry | Saute | Induction Friendly | Stay Cool Handle | NSF Certified | 10 Year Warranty","1 pc","Cookware","Tramontina",,,3399,4295,,17.14242,20.861466821885912,0.021588362610956067,0.03486,0.09346,0.11046,0,3399
"2026-03-01","72db2e57-b8a3-49d8-8091-f8c259847bb3",,"Prestige Durastone HA Dosa Tawa - 28cm","1 pc","Cookware","Prestige",,,1529,1937.7583806451612,,11.44993,21.09439364205296,0,0,,,,1529
"2026-03-01","a2277aba-4aaf-4900-8f5d-b56406cb3838",,"BAY6 Nonstick Concave Roti Tawa | 25 cm - Grey","1 pc","Cookware","BAY6",,,298.34014132538056,676.9933805142858,,42.50887,55.86360400725258,0.10025333278024491,0.09126,0.2256,0.26662,0,297.0131790920944
"2026-03-01","440eea1d-7267-4468-b668-e5860f628f27",,"Hawkins Futura 24 Cm Tava, Hard Anodised Tawa With Stainless Steel Handle, Black (At24)","1 pc","Cookware","Hawkins",,,783.8674521354933,975,,4.05478,19.6033382425135,0.00867414850559497,0.01409,0.01084,0.01281,0,776.45427226176
"2026-03-01","9c694e77-17bd-4f7e-9f0e-5f6636a0f162",,"Vinod Frypan (24 Cm)","1 pc","Cookware","Vinod Cookware",,,818.2218415387874,1047.305419139785,,16.2456,21.83732604330579,0.02404289934136954,0.0384,,,,820.9719427912331
"2026-03-01","41b79a06-49ea-4e90-8b42-8d12827bd85a",,"Vinod Hard Anodized Microwave Tawa- 25 Cm","1 pc","Cookware","Vinod",,,337.46638812576316,720,,5.17972,53.12966831586623,0.0045719725801722086,0.00613,0.02399,0.02835,0,441.3163150019957
"2026-03-01","2a837e72-dcc8-42bb-84ad-df2563b493df",,"Jensons Capsul Bottom Saucepan with Lid | 12 Inch Induction Compatible","1 pc","Cookware","Jensons",,,353.4036704300177,900,,23.95745,60.36260789463219,0.058446456862623605,0.05322,0.06593,0.0587,0.10572,395.3259642730705
"2026-03-01","c4f90bf8-2395-4fb9-aa82-84d05e924b6f",,"Tramontina Aeion Triply Kadai | 24 cm | Stainless Steel Lid | Induction Compatible","1 pc","Cookware","Tramontina",,,2594.565277844394,3995,,65.43584,35.09108034180558,0.17536869099250033,0.21748,0.21443,0.25342,0,2393.674904553568
"2026-03-01","4e152da3-50c5-4be6-a57d-0371c491b6a8",,"The Indus Valley Pre-Seasoned Cast Iron Appam Pan With Glass Lid | 25.4 Cm/10 Inch, 1.5Kg","1 pc","Cookware","The Indus Valley",,,732.0792370711724,1665,,7.85043,56.03127705278243,0.0063883297606781774,0.00624,0.04572,0.05404,0,796.4402264258924
"2026-03-01","c6784f01-345f-4338-a2e6-ba764470bbc8",,"BAY6 Nonstick Dosa Tawa | 26 cm - Grey (Not Induction Compatible)","1 pc","Cookware","BAY6",,,344.039211268156,859.6239608045977,,41.77587,60.049819146032284,0.239915635014925,0.19601,0.68803,0.26501,3.01443,340.97639168713005
"2026-03-01","380e0891-035d-4c52-b385-94dd78674c8b",,"BAY6 Stainless Steel Kadai –1.8 L","1 pc","Cookware","BAY6",,,157.37823282610725,649,,3.88972,76.1012768309257,0.058032787839593515,0.02717,,,,150.1706722005852
"2026-03-01","7487cd05-9c86-4352-9160-5b63ba915219",,"Master Non Stick Twin Pack Dosa Tawa 26 cm + Fry pan 24 cm, Induction Base, ISI Certified","1 pack","Cookware","Master",,,,,,0,,0,0,,,,
"2026-03-01","12675687-b202-4f02-853b-69969a58f023",,"Solara Pre Seasoned Cast Iron Tawa For Dosa 12"" Inch(30 Cm), 100% Pure And Toxin-Free Tawa","1 pc","Cookware","Solara",,,942.1756956558343,2499,,61.65243,62.336158513213455,1.9436690581300222,1.48985,0.8411,0.93002,0.3521,941.0910431892622
"2026-03-01","240a9f82-51dc-4726-8a4d-e9d9b4a3504c",,"Vinod Platinum Triply Stainless Steel Fry Pan - 24 Cm (Induction Friendly)","1 pc","Cookware","Vinod",,,1636.8960937324719,3211.1910679144385,,9.10728,49.02431790355583,0.073100292460946,0.08794,,,,1610.514870989667
"2026-03-01","d15e2e7a-e7bd-41bd-b967-528fd028bddc",,"Silicone Cake Mould Teddy 6.0 Inch","1 pc","Cookware","Spine",,,94.34209461562402,425,,4.15042,77.80186009044141,0.002136200908721623,0.00099,,,,98.43052166192756
"2026-03-01","8a4ae777-fe5b-4c89-8cac-afdb6af86060",,"Jensons Cuisine Non Stick Frying Pan Without Lid 28 cm (3.0 Liter )","1 pc","Cookware","Jensons",,,1099.447329259313,1430,,45.63432,26.245951739072336,0.2522399225791403,0.33463,0.43618,0.11903,2.18036,931.2700982833555
"2026-03-01","6e5c11ed-25f7-4a38-af71-d1435e3230cd",,"Khatana Idly Pot 12","1 set","Cookware","khatana",,,609,2399,,0.00009,74.61442267611505,0.004019408611782882,0.00208,,,,609
"2026-03-01","45121109-6c2a-4382-87f1-515b83eb4554",,"Tosaa Vagharia Hard Anodized Aluminium Tadka Pan, 100Mm - Color May Vary","1 pc","Cookware","Tosaa",,,197.2768817204301,300,,9.66095,34.23192239858907,0.0010052710158689991,0.00136,,,,198.8383761976803
"2026-03-01","caa20c5c-09f1-492b-8aa2-f689d465ab6a",,"Macclite Non-Stick Kadai | 26 cm | Glass Lid | Induction Compatible","1 pc","Cookware","Macclite",,,1638.6302837826247,3270,,44.84322,49.666972995014326,0.16682723826100007,0.20839,0.16113,0.19043,0,1702.2095757022462
"2026-03-01","cc9a3ee4-f316-42d5-b90f-d5379d10554e",,"Habitat Ceramic Kadai With Glass Lid Xtreme Coating 28 Cm","1 pc","Cookware","Habitat",,,1665.1119015294992,3999,,45.09661,58.500977170875935,0.20154041925514177,0.16547,0.01692,0.02,0,1491.4131222867484
"2026-03-01","c40755a5-8ab1-43c1-ad88-dc09a3403e61",,"Bombay Kookware Idly Steamer | 2 Plate | Induction Compatible","1 set","Cookware","Bombay Kookware",,,919.5946182095616,1999,,46.16451,53.99616453008661,0.33060247371782187,0.31038,0.4353,0.43478,0.43815,920.0395338474674
"2026-03-01","48be3bbe-b0f7-4759-9cd4-110454a1c785",,"Pigeon 4 Plates Stainless Steel Mini Idli Maker","1 set","Cookware","Pigeon by Stovekraft",,,848.4422438457226,1594.1563879435485,,54.79986,46.7559200322815,1.4569823424074535,1.58321,1.51496,1.75299,0.2059,848.9046970465631
"2026-03-01","2b0ce34d-9718-4c6c-ba2e-27d73170f62d",,"Kitchen Essentials Ss Tope Lid Size 14","1 pc","Cookware","Kitchen Essentials",,,,,,0,,0,0,,,,
"2026-03-01","030949e9-b4ef-4cc8-a181-142de4530c69",,"BAY6 Nonstick Dosa Tawa | 28 cm | Teal | Induction Compatible","1 pc","Cookware","BAY6",,,487.327148840424,1124.7904897037035,,50.89541,57.05075512203778,0.24368858468265062,0.21029,0.37303,0.44086,0,475.19744246718244
"2026-03-01","8c8c3750-eaf5-4b9b-9cac-15377d59d02b",,"Eleenova Die Cast Ceramic Cookware | 31 Cm","1 pc","Cookware","Eleenova",,,1122.4677539616139,1975,,25.05419,43.77482854880531,0.1727310273920294,0.17152,0.00929,0.00393,0.0388,964.9773747065116
"2026-03-01","8b39dd8e-aac6-459c-b794-9742326f0f12",,"Kitchen Essentials Induction Bottom Sauce Pan 12, Diameter 19 Cm, Capacity 200 ml","1 pc","Cookware","Kitchen Essentials",,,219,615,,1.2662,64.39024390243902,0.002060805582531448,0.00177,,,,226.37389911929543
"2026-03-01","02058e10-f723-40ad-8ce5-30fb74780784",,"Femora Borosilicate Glass Rectangle Microwave Baking Dish 1.6 ml","1 pc","Cookware","Femora",,,,,,0,,0,0,,,,
"2026-03-01","5dfc1482-90f3-4ee8-bf83-1abf63df8318",,"Wonderchef Pre-Seasoned Ferro Light 28Cm Dosa Tawa | 4Mm | Acacia Wooden Handles","1 pc","Cookware","Wonderchef",,,1364.4974765208942,2978.818381330645,,85.46473,54.553214785521874,0.6727337305359681,0.60456,0.55564,0.65667,0,1318.2454004712265
"2026-03-01","1163309e-4369-4176-8a3f-497214dce51b",,"Jensons Pro Wellness Kadhai Without Lid 26 cm Induction Compatible","1 pc","Cookware","Jensons",,,334.99378881987576,1000,,2.59581,66.50062111801242,0.003350903386229997,0.00243,,,,355.7609387149219
"2026-03-01","c4827795-920a-41ed-ad2c-773dd13d7690",,"Greenchef Rio Kadhai 24 Cm Diameter With Lid 2 L Capacity (Aluminium, Non-Stick)","1 pc","Cookware","Greenchef",,,559.0404411764706,999,,16.96408,44.039995878231174,0.006695104965687534,0.00739,,,,540.4086872826626
"2026-03-01","070635a5-00dd-485d-be8b-8ba4268f02d1",,"Prestige HA Cookware Tadka Pan 10cm,Sturdy Handles,In-Built Stand,2Y Warranty,Black,ISI Certified","1 pc","Cookware","Prestige",,,374.5463304418556,470.894685282258,,47.25356,20.451333898050837,0.06051580724878995,0.09818,0.01372,0.01469,0.00836,377.070038731223
"2026-03-01","56216c83-f1bb-43b2-8d02-6130c3df8836",,"Tramontina Aeion Stainless Steel Triply Fry Pan 24cm","1 pc","Cookware","Tramontina",,,2492.4598036777224,3595,,55.40246,30.668711997838034,0.0725202510847896,0.08605,0.09144,0.10807,0,2074.5927286610145
"2026-03-01","7b52acce-9c23-4ceb-a90e-2c23b1d74822",,"Kent Hard Anodised Frying Pan 24 Cm|1.8L","1 pc","Cookware","Kent",,,689.1301282051281,1350,,9.25207,48.95332383665718,0.004523719571410496,0.00471,0.03577,0.04227,0,689.0057178942012
"2026-03-01","3d5154be-68a9-49a4-8501-d70c9327d30c",,"BAY6 Hard Anodised Tadka Pan","1 pc","Cookware","BAY6",,,128.13009413067553,549,,5.22912,76.73010707731652,0.026214954916323824,0.01301,,,,125.2190253101019
"2026-03-01","96c558b1-3773-4eb9-9fe0-c05b67a2c346",,"Fackelmann Quartz Nonstick Flat Tawa 28Cm, Induction, German Tech, Paratha, Omelette, Dosa","1 pc","Cookware","Fackelmann India",,,299,1349,,0.38749,77.83543365455893,0.0045203686680242655,0.00204,0.00234,0.00277,0,299
"2026-03-01","a06ac521-5e71-44ba-931a-1674e09628b4",,"Fackelmann Stainless Steel Triply Kadhai 20 CM","1 pc","Cookware","Fackelmann India",,,1682.1066516872527,4399,,60.52516,61.75753447149386,0.1252219191820605,0.10426,0.03885,0.04592,0,1590.0407548456114
"2026-03-01","33948aed-49a5-4ece-8b9d-5c4f65420e32",,"Bombay Kookware Nonstick Tapper Fry Pan - 22 cm","1 pc","Cookware","Bombay Kookware",,,309.60691521119224,525,,79.85464,41.03333862213149,1.073338418988997,1.29082,0.80033,0.469,2.62253,309.57580597798585
"2026-03-01","ffa2d10b-e60d-435c-a1dd-ced6e4f99c4a",,"Jensons Cuisine Non Stick Kadhai With Glass Lid 22 cm ( 1.7 Liter ) Induction Compatible","1 pc","Cookware","Jensons",,,545.572690505509,1315,,13.67674,58.00243080089617,0.39589683674054515,0.34268,1.45559,1.47352,1.35697,556.0393277415805
"2026-03-01","7f417296-dcfb-4530-b6d5-f77fa249e705",,"Master Superior Frypan 24Cm With Glass Lid, Isi Certified","1 pc","Cookware","Master",,,,,,0,,0,0,,,,
"2026-03-01","e87281ae-8f2b-4d97-9d93-81abdbd14b1e",,"Femora Borosilicate Glass Microwave Safe Multipurpose Casserole 2000 ml","1 pc","Cookware","Femora",,,205.1231884057971,1050,,1.5673,80.46445824706694,0.0017592242777707484,0.00068,,,,199.13149704326173
"2026-03-01","ed653a3c-3545-4da9-9ab6-85068e3c0fc5",,"Femora Borosilicate Square Glass Food Storage Container With Air Vent Lid -800 ml","1 pc","Cookware","Femora",,,398.40835707502373,550,,12.2289,27.56211689545023,0.0018429968624264984,0.0025,0.00218,0.00258,0,378.6895543649275
"2026-03-01","c6893000-e8ce-4089-8ed6-2c18170e296f",,"BAY6 Steel Saucepan - 1.5 L","1 pc","Cookware","BAY6",,,188.98911648177378,749,,4.12164,74.74391193702623,0.05584364265736946,0.02895,,,,191.56461163444325
"2026-03-01","e157173e-0b96-435f-947c-5ebbbbac7cbc",,"BAY6 Nonstick Concave Roti Tawa | 27 cm Grey, Non-Induction Base","1 pc","Cookware","BAY6",,,341.47494064460864,753.6485842105262,,56.69737,54.8870497417106,0.06619575603361912,0.06012,0.0547,0.06465,0,331.4177041586739
"2026-03-01","a031c1ee-9ddb-4b49-9064-30fdf39e3333",,"The Indus Valley Super Smooth Cast Iron Kadai | Medium, 25.4cm/10 inch, 2.5Ltr, 2.4kg","1 pc","Cookware","The Indus Valley",,,1494.9063851138394,2711.996526209678,,84.84009,45.436961546846575,0.530982307585143,0.55871,0.36425,0.40244,0.15424,1401.9499643458341
"2026-03-01","bc59dc01-1547-4042-b2f3-fa0aed9fc929",,"Vinod 4 Pcs Classique Deluxe Set","1 pack (4 pcs)","Cookware","Vinod",,,1949.7638888888887,4250,,3.4454,54.12320261437909,0,0,,,,487.4409722222222
"2026-03-01","0f277652-9e25-455f-b5a8-d87bdd38dc33",,"Fackelmann Quartz Nonstick Kadai With Lid","1 pc","Cookware","Fackelmann India",,,1218.7112574764801,2149,,4.50285,42.54771658001216,0.19414145703317667,0.22946,0.00034,0.00041,0,1273.7811173770228
"2026-03-01","17af7f2a-50e1-4808-ba22-63baa7f895d2",,"Macclite Non-Stick Kadai | 28 cm | Glass Lid | Induction Compatible","1 pc","Cookware","Macclite",,,2057.5739855705565,3970,,48.19129,47.993373940422856,0.15451534903931383,0.20049,0.02683,0.03171,0,2076.527572955287
"2026-03-01","63b618f7-d398-45b3-b6cb-65697788fe77",,"Jensons Induction Friendly Saucepan | 12 Inch","1 pc","Cookware","Jensons",,,247.74975788971415,525,,21.86598,52.95680580059985,0.060684860324625244,0.05814,0.1536,0.18153,0,246.6245738310189
"2026-03-01","caaec96e-fc10-4ab0-8c57-248f7f7d188c",,"Pigeon Mini Combi Outer Lid Ib - SS | 2+3","1 pack (2 pcs)","Cookware","Pigeon by Stovekraft",,,2026.010513596847,3274.5583792653065,,52.74977,39.916870802584555,0.39054728702959823,0.37617,0.1595,0.17736,0.06127,774.6445128000348
"2026-03-01","9c12e72b-6c5a-4c5e-8728-8b3fec27e86b",,"Macclite Non-Stick Deep Fry Pan | 20 cm | Induction Compatible","1 pc","Cookware","Macclite",,,1156.2067750645704,2170,,38.71081,46.62206656901994,0.03588465681796773,0.04358,0.01934,0.02286,0,1187.8191781159142
"2026-03-01","8faf58a6-ef47-4034-a9d7-ecda2a3fec81",,"BAY6 Nonstick Fry Pan | 22 cm - Grey","1 pc","Cookware","BAY6",,,300.3186432864043,750.002065974026,,69.29524,60.221898717800265,0.16606021647589203,0.13305,0.09656,0.11412,0,293.30516480926997
"2026-03-01","7c11e6a8-c519-4847-b104-7353a10a411f",,"Wonderchef Tivoli Cookware Set Red","1 pack (3 pcs)","Cookware","Wonderchef",,,1073.1367468128808,2991.0857034347823,,31.87313,64.01487930666198,0.5651422544302181,0.42102,0.02794,0.03302,0,363.1906441109077
"2026-03-01","913f527f-699b-418a-a81d-1ca02c2e7366",,"Khatana 22G Plain Kadai 13 2700Ml","1 pc","Cookware","khatana",,,183.65777777777777,699,,1.19418,73.72563980289301,0.007905283723624498,0.00492,,,,189.59862715152707
"2026-03-01","70291358-4404-4b12-b53e-33326adea434",,"Master Non Stick Dosa Tawa 28 cm, ISI Certified","1 pc","Cookware","Master",,,,,,0,,0,0,,,,
"2026-03-01","8018ff78-9785-437f-a31b-c7b42a4ddbdf",,"Milton Pro Cook Kitchen Pride 5 Pc | Frypan 24 Cm | Kadhai 2.5L With Lid Tawa 25 Cm","1 pack (5 pcs)","Cookware","procook",,,1052.9524999999999,5000,,1.72729,78.94095,0.008377258465574994,0.003,,,,175.9386351862921
"2026-03-01","b1c7fead-9164-45a2-8f24-aaf90bcee3d9",,"Cello Non Stick Crown Induction Base Saucepan with Glass Lid| 1.5 L","1 pc","Cookware","Cello",,,460.83786848072555,1395,,2.45968,66.96502734905192,0.007011765335686269,0.00478,,,,461.9941934899108
"2026-03-01","f5f95bca-12c5-474c-bcb5-a4ab17b1b4d4",,"Jensons Capsul Bottom Patila with Lid | 10 Inch Induction Compatible","1 pc","Cookware","Jensons",,,239,560,,1.04872,57.32142857142857,0,0,,,,239
"2026-03-01","65e1968a-c586-490a-92b4-1149abcf28bb",,"Fackelmann Cologne Kadai With Glass Lid 24 cm","1 pc","Cookware","Fackelmann India",,,887.6984383168941,1599,,50.24858,44.58264838812491,0.179067418150221,0.22091,0.0055,0.0065,0,886.6992251804314
"2026-03-01","dbf0f59c-00de-409a-b5ad-90e1f7bed25a",,"Fackelmann Quartz Nonstick Concave Tawa 25cm BPA-Free All Stoves Compatible Anti-scratch","1 pc","Cookware","Fackelmann India",,,632.1522521840017,1399,,49.13737,54.73462834914838,0.07552282806402098,0.07751,0.02361,0.0279,0,617.7800175490299
"2026-03-01","4078ccd9-6355-41d0-8e7d-469788885cb5",,"Macclite Non-Stick Square Grill Pan | 26 cm | Induction Compatible","1 pc","Cookware","Macclite",,,1781.7118686964986,3370,,52.70979,47.1472888788159,0.17322763127386867,0.21465,0.29807,0.35226,0,1731.9384819202196
"2026-03-01","2f5ec9b7-f3e4-4038-8c47-54b853dde2c7",,"Macclite Non-Stick PDC Granite+ Induction Base Butter Scotch Triumph Frying Pan 20 cm","1 pc","Cookware","Macclite",,,985.4839045735879,1870,,28.46083,47.36602588811695,0.06595164272193223,0.08674,0.06161,0.07281,0,973.1762965745248
"2026-03-01","42d5f25d-6cb9-4d82-8476-cf2ddf9e5622",,"Femora Carbon Steel Stone Ware Non-Stick Coated Round Cake Pan (20 X 18 X 8 Cm)","1 pc","Cookware","Femora",,,210.69184854497357,670,,4.12502,68.72163554812808,0.00411976816820047,0.00257,,,,208.6962384315659
"2026-03-01","24894171-e93a-475b-94ef-b2c578cf8e79",,"The Indus Valley Cast Iron Paniyaram Pan With Loop Handle | 12 Pit | 8.1 Inch/20.8 Cm - 2.2 Kg","1 pc","Cookware","The Indus Valley",,,1173.758064516129,2165,,2.01459,45.78484690456679,0,0,,,,1173.758064516129
"2026-03-01","23cff3d9-67b9-48cb-8c88-f736a7675a19",,"Bombay Kookware Stainless Steel Kadai (2.5 L)","1 pc","Cookware","Bombay Kookware",,,281.1609194509634,699,,46.98175,59.655117680347495,1.0652949105006904,0.87036,0.61946,0.41542,1.74161,282.04888614640976
"2026-03-01","9b19251c-f320-45bb-8b72-1fc67f24d0af",,"Jensons Capsul Bottom Patila with Lid | 15 Inch Induction Compatible","1 pc","Cookware","Jensons",,,402.3795840725436,1120,,15.63776,64.09646090653347,0.10324535441380968,0.0832,,,,391.21941844542437
"2026-03-01","12703774-3f92-471e-bf64-b2e8e0c66292",,"Bombay Kookware Kala Kruti 2Pcs Set- Fry Pan (24 Cm) And Dosa Tawa (27.5 Cm)","1 pack (2 pcs)","Cookware","Bombay Kookware",,,723.981806796889,1650,,65.46437,56.13301356709738,0.21847806305634923,0.19403,0.33944,0.33419,0.36831,360.2768424747241
"2026-03-01","38f43859-eb33-43fe-afcd-3bca64ecc02d",,"Tramontina Titanex Cast Iron Dosa Tawa | 28 cm | Induction Compatible","1 pc","Cookware","Tramontina",,,1925.3357247202227,2795,,73.38046,31.5630450608555,0.11440319250927831,0.14027,0.2243,0.26509,0,1680.2596409192058
"2026-03-01","986db27b-0f64-4a70-a97f-c9f0888e241a",,"Vinod Inducto Deep Kadahi With Lid (24 Cm)","1 pc","Cookware","Vinod Cookware",,,1499,1760,,17.41676,14.829545454545455,0.026244275320953338,0.0456,,,,1499
"2026-03-01","d12575a2-3429-4796-a960-db740f3f8748",,"Jensons Stainless Steel Triply Saucepan With Lid 16 cm Induction Compatible","1 pc","Cookware","Jensons",,,710.5413666729337,1838,,13.53984,61.355856474314415,0.0306408281088564,0.027,,,,722.4730605394616
"2026-03-01","ad481598-ae3c-49ce-98db-b587a0e84ee3",,"Femora Carbon Steel Stone Ware Non-Stick Coated Doughnut Tray 6 Slots (279 X 177 X 3 Cm)","1 pc","Cookware","Femora",,,116.56934589141927,450,,23.70972,74.10229224868019,0.012658875267330371,0.00778,0,0,0,119.97770099399122
"2026-03-01","7cca0f31-9289-44d0-a57a-32bafc6e9b58",,"Macclite Non-Stick Non-Stick Kadai | 24 cm | Glass Lid | Induction Compatible","1 pc","Cookware","Macclite",,,1508.1496104141092,2870,,26.94592,47.29552492287039,0.09876754221879054,0.1338,0.0845,0.09987,0,1596.6343840371153
"2026-03-01","1c5fa134-8c16-4a96-82c5-426fc5bcd9b3",,"Macclite Non-Stick Casserole | 24 cm | Glass Lid | Induction Compatible","2 pcs","Cookware","Macclite",,,1641.812491131156,3270,,52.47557,49.673040839961544,0.23958473330553476,0.2992,0.42023,0.49664,0,1677.876012984262
"2026-03-01","d808a03c-7112-4441-a7d1-86eb7c0cba49",,"Femora Borosilicate Glass Casserole Deep Round Oven And Microwave Safe Serving Bowl 700 ml","1 set (2 pcs)","Cookware","Femora",,,477.18832391713744,605,,4.9893,21.12589687320042,0.00017223643405222183,0.00025,,,,222.07435046987283
"2026-03-01","f692f4e1-3a0a-4ac7-afb3-202cb5b2afe9",,"Jensons Capsul Bottom Patila with Lid | 13 Inch Induction Compatible","1 pc","Cookware","Jensons",,,284.43659021529413,910,,5.97281,68.82701810829263,0.05189946182660744,0.04358,,,,287.4174410221974
"2026-03-01","008f44ed-dbd4-4304-ab7f-cc6494eb5ffb",,"Macclite Non-Stick Casserole | 20 cm | Glass Lid | Induction Compatible","2 pcs","Cookware","Macclite",,,1803.800452296652,3470,,60.82427,47.88034919112498,0.10697423970200642,0.14653,0.0798,0.09431,0,2004.3265047294276
"2026-03-01","ac8c10f1-26fd-47c7-aada-f9d8e01bd970",,"Prestige Omega Deluxe Granite Aluminum NonStick BYK Set,Kadai24cm/FP24cm/OT28cm with GlassLid,Black","1 pack (3 pcs)","Cookware","Prestige",,,1945.9448663905573,4311.607448809524,,12.85844,54.88639069520814,0.37506544320453844,0.34309,0.01183,0.00928,0.02587,642.4924754693815
"2026-03-01","c5e5d313-7471-446b-a7a3-6063261bedf7",,"Macclite Deep Fry Pan | 24 cm | Glass Lid | Induction Compatible","1 pc","Cookware","Macclite",,,1697.1693749552107,3270,,63.69628,48.10750732897695,0.1017947483379107,0.11997,0.13282,0.15697,0,1677.0481957525465
"2026-03-01","95987cd4-7c2e-4958-a856-5624fb5da709",,"Eleenova Aspire Non | Stick Cookware | Fry Pan 26 Cm","1 pc","Cookware","Eleenova",,,676.9549985218431,1347.8549983613448,,64.16284,51.11444358786481,0.47012604855231194,0.45253,0.24304,0.14952,0.75737,631.2416583548461
"2026-03-01","beecd983-2aa9-483c-82bc-643c5bc2ac58",,"Tramontina Titanex 26 cm Pre-Seasoned Cast Iron Roti Tawa Non-Toxic, Easy Hold Non-Slip Heat-Resistant Grip, Superior Stone Finish, Excellent Heat Retention & Even Heating, Durable & Easy to Clean","1 pc","Cookware","Tramontina",,,1714.9459443954383,2495,,72.49179,31.46941245127657,0.07996830404136301,0.10556,0.13597,0.1607,0,1612.1195850339138
"2026-03-01","1ace9bad-c30f-4cee-9fbf-a89897344671",,"Bay6 Nonstick Concave Tawa 25 cm | 3 mm Thickness - Grey","1 pc","Cookware","BAY6",,,322.5753905668141,748.6042797849462,,64.76863,57.18223961477052,0.044136423951728405,0.0377,0.04306,0.05088,0,312.0644837048217
"2026-03-01","1b1de860-c05f-40d1-b3fe-3fcbc20ea293",,"Non-Stick Gas Toaster - Jumbo Gas Compatible, Heavy Thickness","1 pc","Cookware","Bombay Kookware",,,239,910,,30.52643,73.73626373626375,0.08785096916713045,0.04707,0.0193,0.0228,0,239.00000000000003
"2026-03-01","5656ee64-f37c-4f9f-837d-28977ff8e20b",,"Prestige Platina Popular SS Kadai with Glass Lid 24cm/2.8L,Gas and Induction Compatible,Silver","1 set","Cookware","Prestige",,,1151.6143758677265,1592.4460431654677,,5.39575,27.781138619160988,0.029059704346063784,0.0422,,,,1109.6467639611496
"2026-03-01","407535bd-1370-499f-8544-533ee39d1e31",,"Cello Non-Stick Crown Induction Base Kadhai 3.5L| Maroon","1 pc","Cookware","Cello",,,766.8333333333333,1595,,16.49422,51.766655857024475,0.013361727252592112,0.01325,,,,714.3998416468726
"2026-03-01","2c18889e-4c48-4ce2-abc0-c10428808f39",,"Pigeon Favourite Gift Set | Non-Induction Base","1 set  (7 pcs)","Cookware","Pigeon by Stovekraft",,,1382.5799407936472,3495,,77.35144,60.98407621415789,4.275721054792476,3.40499,10.38863,12.23056,0.25882,1361.471022073829
"2026-03-01","56306427-3eb4-4532-9a20-dc0762e5a691",,"Khatana 14G Plain Kadai 2 1700Ml","1 pc","Cookware","khatana",,,267.6350087577584,1199,,18.4795,77.67316695927866,0.09582310341331024,0.04656,0.01421,0.0168,0,265.23945402716487
"2026-03-01","b06290ec-59fa-489e-8b2e-94f7b0b9cac5",,"Tosaa Square Grill Pan (22Cmx22Cm) - Aluminium - Color May Vary","1 pc","Cookware","Tosaa",,,410.63771186440675,775,,8.38378,47.00510752688172,0.007790850372984742,0.00839,,,,408.3636532738096
"2026-03-01","0483f7c6-7665-43fd-8c4a-43b7d20181ea",,"Pigeon Rc Nonstick Mio Gift Set 8 Pcs -","1 set  (8 pcs)","Cookware","Pigeon by Stovekraft",,,983.6850539199027,2635.617213814433,,60.9071,62.63400118487399,0.8728485079454382,0.66788,0.23474,0.26728,0.05582,984.4273130687099
"2026-03-01","e53d07fb-4a49-432c-af43-05becb091a3b",,"Jensons Pro Wellness Concave Tawa 27 cm Induction Compatible","1 pc","Cookware","Jensons",,,312.39285714285717,820,,1.02761,62.17374949038135,0.005495481553417195,0.00413,,,,300.75613363494
"2026-03-01","c124dbd1-9e40-46d5-bab1-d21274aea7d0",,"Macclite Non-Stick Concave Tawa | 34 cm | Induction Compatible","1 pc","Cookware","Macclite",,,1333.5954937401157,2670,,44.17116,50.05203171104662,0.039098005620192985,0.05018,0.1826,0.2158,0,1264.7669332003668
"2026-03-01","735e5fd7-3d1d-4f13-bf0e-4adf3229c3b4",,"Jensons Cuisine Deep Casserole / Biryani Pot 24 cm Induction Compatible","1 pc","Cookware","Jensons",,,778.122015610584,1995,,17.6653,61.14488454649339,0.07052746884099861,0.06281,0,0,0,733.1342955695935
"2026-03-01","231478a7-5ca9-4e4c-954b-04e162042498",,"Classic Essentials 3 Layer Stainless Steel Induction Bottom Triply Kadhai 20cm Dia. 1.5l Capacity","1 pc","Cookware","Classic Essentials",,,768.4117647058823,1240,,3.71466,37.96082949308756,0.0062326802983877945,0.00775,,,,755.793710021322
"2026-03-01","bc3dd7e4-3960-486f-a744-d80ea3020f9f",,"Tramontina Aeion Triply Sauce Pan | 18 cm | 2.9 L | Stainless Steel Lid | Induction Compatible","1 pc","Cookware","Tramontina",,,2717.801888694285,3895,,56.39572,30.405944181302374,0.17574231672006496,0.21602,0.44542,0.52642,0,2347.628189710765
"2026-03-01","bd360eea-d7c0-4613-821c-3865bbc55a69",,"Femora Borosilicate Rectangle Microwave Oven Safe Glass Container Black Color 1500 ml","1 pc","Cookware","Femora",,,260.1417548500882,790,,2.52083,67.07066394302682,0.005294427350243395,0.00374,,,,238.298286418871
"2026-03-01","6519feda-4567-425c-93c7-f568a563b25d",,"AGARO Imperial Granite Non Stick Frypan with Glass Lid, 3L / 28cm","1 pc","Cookware","Agaro",,,1580.4943548387096,3299,,4.28734,52.09171400913278,0.023988447161343303,0.02345,,,,1555.4012881395765
"2026-03-01","6dca10cc-f12d-491a-9c3b-6f4a434bd991",,"Bombay Kookware Dosa Tawa - 26 cm","1 pc","Cookware","Bombay Kookware",,,321.0391724168966,650,,53.31064,52.54729116130003,1.0782511784435487,1.02826,1.29364,1.27648,1.38804,307.7222286700234
"2026-03-01","fa239a41-ee5b-4008-ae3d-5cbf6f2de195",,"Tramontina Aeion Triply 28cm/8.7L Tope with SS 304 Lid | Healthy, Non Toxic | Extended Grip | Bhagona | Tapeli | Patila | for Boiling Milk/Water | NSF Certified | 10 Year Warranty","1 pc","Cookware","Tramontina",,,3358.985835793183,4995,,31.28639,32.8408270244024,0.18520392752142403,0.22299,0.0758,0.08959,0,2997.7523962154164
"2026-03-01","3f8db757-169b-42f3-acbe-069c2d7f75f7",,"Jensons Cuisine 30cm Non-Stick Omni Tawa | Induction Compatible| Metal Spoon Friendly","1 pc","Cookware","Jensons",,,455.93532547699215,1150,,7.0304,60.30063545406961,0.03716738263421657,0.03597,0.00178,0.00211,0,465.67533825129686
"2026-03-01","adbbc9be-86e9-4be4-b2f7-30e92f2bc42c",,"Prestige Omega Deluxe Plus BYK Set of 3","1 pack (3 pcs)","Cookware","Prestige",,,,,,0,,0,0,,,,
"2026-03-01","42436b61-d8be-4daf-81db-c683fb22d3d6",,"BAY6 Nonstick Fry Pan | 24 cm - Grey","1 pc","Cookware","BAY6",,,343.15047064047843,760.7422423129252,,47.19339,54.83050744832541,0.1393850149794695,0.12876,0.28549,0.04806,1.59126,340.14975624591216
"2026-03-01","40fbda16-f6a8-4d7d-980a-72dcc1baf005",,"Silicone Cake Mould Square 8.0 Inch","1 pc","Cookware","Spine",,,234.35119047619045,1095,,2.38219,78.59806479669494,0.0006055082418917604,0.00036,,,,212.68340199107448
"2026-03-01","8575758b-0dc4-4e36-b55d-ea122dd271b1",,"Master Superior Paniyarakal With Stainless Steel Lid, 11 Pits, Isi Certified","1 pc","Cookware","Master",,,383.46609460741064,1379,,6.53756,72.20110673488294,0.04909710132470329,0.03541,,,,415.6458258678114
"2026-03-01","1885c14c-0777-4d07-854f-a154c37ba936",,"Tramontina Aeion Triply Sauce Pan | 14 cm | 1.5 L | Stainless Steel Lid | Induction Compatible","1 pc","Cookware","Tramontina",,,2165.2593355297754,3195,,45.03791,32.36227369708965,0.13275642544599867,0.16578,0.27438,0.32428,0,1956.140523470409
"2026-03-01","3f1e9484-0e2f-401f-a689-5e754e59bd54",,"Silicone Cake Mould Round 6.0 Inch","1 pc","Cookware","Spine",,,,,,0,,0,0,,,,
"2026-03-01","a83ad5fe-7b4e-4247-ae82-47e9f239837a",,"Macclite Non-Stick Tawa | 22 cm | Induction Compatible","1 pc","Cookware","Macclite",,,932.1959036445909,1870,,28.1426,49.942168752512615,0.060155417589600906,0.07901,0.03526,0.04167,0,994.7319503417432
"2026-03-01","dfb403f8-6067-4bd5-b7ba-65af004d2ff2",,"Tramontina Titanex Cast Iron Fry Pan | 20 cm | Induction Compatible","1 pc","Cookware","Tramontina",,,1480.7426317886952,1995,,65.92616,25.60927513559446,0.07397068961551927,0.11037,0.12723,0.15036,0,1482.3070181442713
"2026-03-01","f23f1855-6db2-4e19-acae-c9b3b77a9c8f",,"Jensons Pro Wellness Concave Tawa 25 cm Induction Compatible","1 pc","Cookware","Jensons",,,490.00345633074573,745,,43.02331,34.76074854154234,0.2239420461179359,0.29533,0.47444,0.22455,1.84874,480.5510547999293
"2026-03-01","97348b81-a00d-48ed-a81a-48c3a563329d",,"Vinod 3Pc Tope Set 1 L, 1.4 L & 1.8 L With Lid (Induction Friendly)","1 pack (3 pcs)","Cookware","Vinod",,,703.4883000927642,1563.8392857142858,,5.29149,54.92835281652474,0.015573491032673222,0.01572,,,,229.15541170784024
"2026-03-01","a6ac03bb-42cf-4573-ae2b-9448fb5eb8ec",,"Macclite Non-Stick Flat Tawa | 20 cm | Induction Compatible","1 pc","Cookware","Macclite",,,1076.1595707071874,2070,,21.78049,47.85752996880806,0.0610747379336131,0.07936,0.00764,0.00903,0,1191.7204462579045
"2026-03-01","2ae13472-2382-4552-84f8-f8704bd3a24b",,"Agaro Regency Triply Steel Frying Pan 24 cm, Durable & Triply Steel with Honey Comb, 4 mm thick","1 pc","Cookware","Agaro",,,1156.1168091168092,2749,,6.02308,57.94409570328086,0.011514541760932827,0.0105,0.1167,0.13792,0,1227.7794556167846
"2026-03-01","7922a989-81f3-4883-b93a-8b88050048e4",,"Jensons Cuisine Deep Casserole / Biryani Pot 26 cm Induction Compatible","1 pc","Cookware","Jensons",,,842.2828317377744,2165,,15.27132,61.15999321474231,0.0634786760228945,0.05515,,,,784.5488273475149
"2026-03-01","cdc60909-3059-40e5-9457-f737370a5600",,"Silicone Vaccum Cookware Lid 2pc | Small 15 cm & Large 25 cm set Microwave-freezer-dishwasher Safe","2 set","Cookware","Spine",,,318.51016826210804,780,,71.11584,59.07851025196321,0.027012637467415876,0.02889,0.04942,0.05841,0,350.6937435202723
"2026-03-01","cc926051-9093-4ca6-a2a0-6a2c3f0eef20",,"Vinod Legacy Pre-Seasoned Cast Iron Kadai, 26 Cm, Capacity 4.3 L, Induction Friendly, Black","1 pc","Cookware","Vinod",,,2254.114017361753,4440,,15.92372,49.231666275636194,0.1679727445835828,0.2054,0.00434,0.00513,0,2210.3733312542095
"2026-03-01","1d90d89b-04db-4508-a69e-713547e4d0c4",,"Master Titan Triply Taasla 26Cm With Stainless Steel Lid","1 pc","Cookware","Master",,,840.9235008818342,2059,,4.05148,59.15864493045973,0.004312277567739384,0.00432,,,,819.8367427251196
"2026-03-01","753b6f3e-e6a6-4b09-bc67-9b1a6dea8f4f",,"Bombay Kookware Stainless Steel Idli 5 Plate Set","1 set","Cookware","Bombay Kookware",,,362.92995715703034,980,,47.63148,62.90230483931741,0.32533451850432965,0.24411,0.47061,0.42627,0.71448,364.38963711074643
"2026-03-01","99a11257-a956-4343-88f5-08e8f0580bc5",,"BAY6 Stainless Steel Saucepan -1.1 L","1 pc","Cookware","BAY6",,,157.94574874830556,596.8939396022728,,6.35246,73.62708091910912,0.06685956999443125,0.03541,,,,155.6510020251802
"2026-03-01","82df214f-3bc4-4996-a06c-5ff91683e49c",,"Bombay Kookware Dosa Tawa | 25.5 cm | Induction Compatible","1 pc","Cookware","Bombay Kookware",,,392.1044628418652,615,,73.0561,36.416761594344415,2.343505719526927,3.03769,1.46435,1.44208,1.58681,391.02078790097056
"2026-03-01","fa9187c8-3c6a-4ed3-8d22-dcc4b370304e",,"Macclite Non-Stick Frying Pan | 28 cm | Glass Lid | Induction Compatible","1 pc","Cookware","Macclite",,,1587.062381933837,3170,,51.48364,50.04858189471088,0.25509606508039345,0.30899,0.30253,0.35754,0,1580.0326839875183
"2026-03-01","aa8e16e5-f2d6-4ef6-a366-9bb975a982ea",,"Jensons Cuisine Non Stick Concave Tawa 28 cm Induction Compatible","1 pc","Cookware","Jensons",,,436.48628603791406,1170,,10.13169,62.849446546498825,0.08997678227535477,0.07312,,,,422.1553410439174
"2026-03-01","92468a34-f6be-492e-8406-4e42dcb49a49",,"Jensons Cuisine Non-Stick Kadhai | 24 cm | Glass Lid | Induction Compatible","1 pc","Cookware","Jensons",,,673.060546523149,1525,,14.34379,55.92734712110352,0.3289146236821777,0.29439,0.08868,0.06516,0.21803,670.7201603754681
"2026-03-01","c3dfbdbe-40b4-48f8-a8b1-eba185c3011b",,"Fackelmann Quartz Nonstick Concave Tawa 28Cm, German Technology, Roti/Chapati/Paratha Tava","1 pc","Cookware","Fackelmann India",,,914.8432654704395,1449,,4.53941,36.908163866124845,0.05459961977523157,0.07042,0.01034,0.01222,0,910.9544670725973
"2026-03-01","a1db13e8-0be5-4b24-bdca-ce45aa9343bc",,"The Indus Valley Super Smooth Cast Iron Kadai with Glass Lid 10.2Inch/26 cm, 2.5Ltr, 2.4kg","1 set (2 pcs)","Cookware","The Indus Valley",,,1919.4899247705698,3360,,11.86314,42.87232366754256,0.017620390366151813,0.02053,,,,959.5028562206883
"2026-03-01","cdbd5ea5-e079-47f9-96e6-3d3310050c70",,"Nestasia Set Of 2 Borosilicate Long Baking Dishes With Lid 1500ml","1 pack (2 pcs)","Cookware","Nestasia",,,1389,2160,,4.14508,35.69444444444444,0.004234201518840224,0.00556,,,,694.5000000000001
"2026-03-01","a86cecc6-67fe-46cd-a78f-ec27f7d10608",,"Hawkins Futura 20 Cm Frying Pan Non Stick Fry Pan Small Pan - Black","1 pc","Cookware","Hawkins",,,855,975,,5.2322,12.307692307692308,0,0,,,,855.0000000000001
"2026-03-01","a1638848-31c2-4ef8-a161-91b09e09e4b2",,"Ellementry Arra Brass Tadka Pan With Wooden Handle","1 pc","Cookware","Ellementry",,,,,,0,,0,0,,,,
"2026-03-01","f03dd7b0-2fcb-4349-8c95-7198b6885ef7",,"Cello Crown Induction Base Kadhai with Glass Lid| 2.5 L| Maroon","1 pc","Cookware","Cello",,,899.0490037912398,1695,,5.43586,46.958780372593374,0.028398906198299226,0.03073,0.03392,0.04008,0,899.3654359195477
"2026-03-01","a2c439c5-c8ac-4f2d-992d-44ca5ae9637c",,"Master Titan Triply Taasla 24Cm With Stainless Steel Lid","1 pc","Cookware","Master",,,745.4922924297924,1799,,4.42696,58.568377718666696,0.01907954124568567,0.01838,,,,752.6315976932163
"2026-03-01","fd5e8c4f-c38d-442d-8061-7f206a3d7bf9",,"Cello Crown Hard Anodised Concave Tawa 280 mm","1 pc","Cookware","Cello",,,568.8749761305819,1495,,9.03092,61.948162131733646,0.009192533259444751,0.00903,0.01631,0.01927,0,619.0721846846182
"2026-03-01","5db06bef-08f3-4bbe-8923-9e1992951b26",,"Jensons Cuisine Deep Casserole / Biryani Pot 28 cm Induction Compatible","1 set (2 pcs)","Cookware","Jensons",,,950.190284135755,2415,,27.4774,60.720029996001124,0.05430021655767192,0.0442,0.0012,0.0005,0.00505,942.4067755354986
"2026-03-01","bb59b49e-38c6-4d40-b1e7-b8648f3308fa",,"Lifelong TriPly 18 cm Sauce Pan for Cooking| 2.25 L Sauce Pan with Glass Lid| Induction Compatible","1 pc","Cookware","Lifelong",,,769,2836,,0.00048,72.88434414668548,0.004751581001674136,0.00335,,,,816.8481012658228
"2026-03-01","fdb7f5f6-b121-4645-879f-ece6daa24d59",,"Judge by Prestige Non-Stick Everyday�250 Omni Tawa","1 pc","Cookware","Judge by Prestige",,,488.97435897435895,670,,9.45623,27.01875239188672,0.002615547638121824,0.00384,,,,482.7270051969195
"2026-03-01","d328834d-40ef-4169-9b48-a32d47e071cc",,"Bombay Kookware Stainless Steel Sauce Pan - 1100 ml","1 pc","Cookware","Bombay Kookware",,,171.61931931999163,399,,95.17677,56.98711508597838,2.4174568063576363,2.12105,3.34047,2.98954,5.2704,171.62213389476295
"2026-03-01","265cbeb9-d3d9-4d3f-a944-0bbbbb7c62ab",,"Tramontina Titanex 30 cm Pre-Seasoned Cast Iron Reversible Grill Pan/Tawa, Non-Toxic, Snap-on Cool Touch Grips, Long Heat Retention, Ridges for Texture & Fat Release, Spill-Free Cooking w/Side Wall","1 pc","Cookware","Tramontina",,,2062.802015726117,2995,,48.96468,31.073080215833695,0.08575782736692188,0.10463,0.01145,0.01353,0,1791.6219111268629
"2026-03-01","cfe79773-ad8f-4c9e-a113-080b9af2dbca",,"Macclite Non-Stick PDC Granite+ Induction Base Hard Rock Triumph Tawa 26 cm","1 pc","Cookware","Macclite",,,1275.484091605947,2570,,62.71807,50.38942369908409,0.04305910851305545,0.05383,0.01808,0.02137,0,1343.1603789805642
"2026-03-01","a22f98a5-14af-4575-a146-29705c747051",,"Fackelmann Triply Combo DGP1-KFS","1 pack (3 pcs)","Cookware","Fackelmann India",,,2969.915917374084,5999,,15.5233,50.49364478860959,0.09045931236297189,0.09406,0.00281,0.00332,0,964.8039153416996
"2026-03-01","d3016d2c-21fb-4404-a245-2606b4b814a6",,"Wonderchef Duralite Die-Cast Kadhai With Lid 24 Cm, 2.4 L, Grey","1 pc","Cookware","Wonderchef",,,1152.4610215053763,1850,,5.17269,37.70480964835804,0.0006266189332250094,0.00098,,,,1278.1139846743292
"2026-03-01","feea9af8-db69-4e87-88ab-700bb8ff7ae2",,"Vinod Legacy Cast Iron Kadai | 22 cm | 2.4 L | Induction Compatible","1 pc","Cookware","Vinod",,,1840.7457083051654,3670,,28.44046,49.81336939050745,0.43829414183482013,0.44631,0.017,0.02009,0,1735.9377339040136
"2026-03-01","6b8a8e1a-ffe4-471f-9c94-f7b2d55850d5",,"Judge By Prestige ACE NonStick 7Pcs Cookware Set Kadai 20cm with G Lid,FP 20cm,OT 25cm,3 tools,Black","1 pack (5 pcs)","Cookware","Judge by Prestige",,,1325.507792008691,2504.2596610833334,,60.7187,46.855604163048675,0.42475213598004885,0.46797,0.26308,0.31091,0,268.4301718223971
"2026-03-01","55ee02e7-66e1-40d1-8d42-4edc2c521866",,"Carote Frying Pan 26cm Cosy White","1 pc","Cookware","CAROTE",,,1151.8333333333333,2999,,2.29898,61.59275313993554,0.021957799709287924,0.01827,,,,1174.9923516258318
"2026-03-01","9c2cdb6a-f9d3-4c95-bdbc-8cab3165c1d4",,"Macclite Non-Stick PDC Granite+ Induction Base Butter Scotch Triumph Frying Pan 24 cm","1 pc","Cookware","Macclite",,,1195.5249690330354,2270,,27.6089,47.31876429037671,0.07142551094850824,0.09437,0.07796,0.09214,0,1240.2386779591707
"2026-03-01","dad1c6a1-42f5-401f-b3cc-211aa43147f1",,"Tramontina Aeion Triply Sauce Pan | 16 cm | 2.1 L | Stainless Steel Lid | Induction Compatible","1 pc","Cookware","Tramontina",,,2436.385545588888,3495,,48.35047,30.510937122970798,0.15751842865405313,0.21012,0.26241,0.31012,0,2225.9176048390173
"2026-03-01","927f1087-91b1-47fa-8907-164f64dfb8f1",,"Kitchen Essentials Perpetua-Impact Forged Bottom Fry Pan 24 cm with glass lid, Soft Touch handle","1 pc","Cookware","Kitchen Essentials",,,448.5833333333333,1490,,1.81513,69.8937360178971,0.0024964230227413477,0.00222,,,,645.8208856576339
"2026-03-01","d99a8cd8-674a-4842-8fd7-b76b24ba6738",,"Petals 304 Food Grade Steel Glass-Mug-Cup Jali Mesh Net Cover Lid | 10.5 Cm diameter","1 pc","Cookware","Petals",,,50.589285714285715,119,,3.75754,57.48799519807923,0.0001993787514806848,0.0003,,,,57.386986301369866
"2026-03-01","99103aff-8942-4aee-b152-da1e71028464",,"Habitat Ceramic Frypan Wth Ss Handle Xtreme Coating 18 Cm","1 pc","Cookware","Habitat",,,711.7461383244838,1898.6553825806452,,30.83697,62.60382420519779,0.07276536966749232,0.05138,,,,652.7511094447484
"2026-03-01","9ff81cca-4068-4068-b80a-39a500c491cb",,"Hawkins 1 Litre Tpan Stainless Steel Tea Pan With Glass Lid Induction Sauce Chai Pan Small - Silver","1 pc","Cookware","Hawkins",,,884.1827956989247,1080,,3.52728,18.13122262046994,0.0020447212462775446,0.00294,,,,807.6181100261458
"2026-03-01","37ca397f-b128-42fa-bd4a-cd22ee0a06bf",,"Macclite Non-Stick Casserole | 20 cm | Glass Lid | Induction Compatible","2 pcs","Cookware","Macclite",,,1495.3787157203017,2870,,45.51477,47.6298502747317,0.1778681298282893,0.23281,0.1638,0.19359,0,1585.3157259242805
"2026-03-01","1a6e0e83-6f3f-4297-9903-c8487f3cee48",,"Bombay Kookware Smart Non Stick Tawa 28Cm","1 pc","Cookware","Bombay Kookware",,,506.5240655777958,1000,,70.78435,51.236308318204486,0.7295084216992015,0.71057,0.36422,0.28295,0.81116,477.87043945401564
"2026-03-01","2217fe7a-e2d6-49f3-a096-4391a426b0fd",,"Eleenova Aspire Non | Stick Cookware | Kadai With Glass Lid 26 Cm","1 pc","Cookware","Eleenova",,,881.6799255947476,1809.8079030869567,,56.28642,53.042538164098815,0.6256897277160078,0.56151,0.15021,0.06309,0.62936,803.3127901473373
"2026-03-01","8dc6f19d-bd26-40ff-bcd3-c3ae444a2c80",,"Wonderchef Venice Grill Pan 24 Cm 1.5L","1 pc","Cookware","Wonderchef",,,539.3888796564636,1200,,12.6211,55.0509266952947,0.019502257707858583,0.01877,0,0,0,564.733208437661
"2026-03-01","65182d02-da04-4efd-beeb-93bfa8c2459b",,"Snapple SteamO Idly Maker | 4 Plate | Gas & Induction Compatible | Induction Bottom","1 pack","Cookware","Snapple",,,850.1689903207952,1495,,79.38565,43.11134257400964,1.2295570322195315,1.42671,1.14847,1.08014,1.52423,850.5893553470117
"2026-03-01","100000016","100000016","Dummy Product","100g","Cookware","dummy",0.023560000000000005,,,,0,,,3.947364188978937e-8,,,,,
"2026-03-01","1175c3b6-461c-4a6c-bc3b-c445bd279b2f",,"Habitat Ceramic Cookpot Wth Glass Lid Xtreme Coating 24 Cm","1 pc","Cookware","Habitat",,,1397.9238976216495,3079.9699120143882,,31.69522,54.78221616596595,0.13299132377337336,0.1155,,,,1269.846487046218
"2026-03-01","91e501ff-cc7c-4b6b-be1e-e9a67a7b76eb",,"Wonderchef Pre-Seasoned Ferro Light 24Cm Kadhai | 2.3L | Acacia Wooden Handles","1 pc","Cookware","Wonderchef",,,1111.8464716175624,2300,,54.66271,51.781619622582724,0.2902485495084699,0.28149,0.08333,0.09848,0,1077.5033807979537
"2026-03-01","6a99da5d-839c-49ba-9c86-c157dae94dab",,"BAY6 Nonstick Cookware Set - (Dosa Tawa 26 cm + Kadai with Lid 22 cm) - Grey - (2pc)","1 pack (2 pcs)","Cookware","BAY6",,,749.5852780359841,1542.0859447486032,,38.21721,51.26531457564854,0.2331605488786239,0.23376,0.10172,0.00834,0.61529,374.86674362050553
"2026-03-01","f469d012-61fa-4e75-9c12-a8a88b0ece34",,"Macclite Non-Stick Deep Fry Pan | 20 cm | Induction Compatible","1 pc","Cookware","Macclite",,,1286.5169054405615,2470,,59.6892,47.8052630972146,0.06240655448447022,0.08111,0.27874,0.32943,0,1441.582019665294
"2026-03-01","022380e3-2fc8-4a75-9a40-0a06e222460b",,"AGARO Imperial Granite Non stick Sauce pan with Glass Lid, 1.5L / 16cm","1 pc","Cookware","Agaro",,,920.6786202947026,1499,,14.81694,38.580478966330716,0.012557510439896913,0.01584,,,,926.6884498326045
"2026-03-01","4833bf7e-4978-4dbb-99ee-3831e429421e",,"BAY6 Aluminium Nonstick Concave Roti Tawa (3mm) 27 cm - Grey","1 pc","Cookware","BAY6",,,358.21825898198273,963.0789506338027,,47.43386,62.83666449991034,0.05106223861555787,0.03906,0.10303,0.12176,0,351.88014959118345
"2026-03-01","2a04d087-65b3-4850-8847-8b82df783810",,"Zenker Nonstick Baking Pan 30 Cm","1 pc","Cookware","Zenker",,,389.64907874530365,493.47881245967744,,69.83338,20.994747238623834,0.2793499037899261,0.44891,0.50125,0.5924,0,389.1084488117534
"2026-03-01","1ae10822-cd9b-44b4-a8e2-ea731f24a0bc",,"Macclite Non-Stick PDC Granite+ Induction Base Butter Scotch Triumph Tawa 28 cm","1 pc","Cookware","Macclite",,,1264.9376726212454,2470,,58.60294,48.80319591023191,0.07262831771899551,0.09026,0.01355,0.01601,0,1321.29793698539
"2026-03-01","52520544-88c7-4c19-8363-404d8d45d669",,"Wonderchef Taurus Hard Anodized Roti Tawa 25 Cm","1 pc","Cookware","Wonderchef",,,563.6085710227466,970.4432530241935,,35.12263,42.06624224638306,0.18562815189012075,0.21508,0.09509,0.11238,0,544.4256539567712
"2026-03-01","52276c4a-eb42-4d48-889c-7152dc7578f0",,"Deepam Deluxe Kadai 240 + Kadai 260 + Kadai 280 Set of 3 pcs","1 pack (3 pcs)","Cookware","deepam",,,1386.224603174603,5595,,1.25991,75.22386768231273,0.018748304445956834,0.01044,0.00157,0.00186,0,465.48675417266304
"2026-03-01","1264e7a9-16c6-40c9-98dd-ec464392af60",,"Wonderchef Duralife Die-Cast Non-Stick Fry Pan Copper 24 Cm","1 pc","Cookware","Wonderchef",,,998.8317372860671,1950,,10.52777,48.80143254993123,0.03466425780470276,0.03545,,,,866.781039168146
"2026-03-01","6aa8c96e-fe09-4dcb-a050-c4c37eed0b9d",,"Bombay Kookware Appam Maker - 12 Cavity","1 pc","Cookware","Bombay Kookware",,,255.3214606808488,450,,67.21309,46.567769982316214,1.17193741076746,1.27595,2.09703,2.26582,1.16875,240.00442657657325
"2026-03-01","7d9bbcd4-f895-413c-b58c-629484b6da03",,"Eleenova Aspire Non | Stick Cookware | Kadai With Glass Lid 24 Cm","1 pc","Cookware","Eleenova",,,908.4184036786423,1650,,25.83775,45.3976347153828,0.07455843806946398,0.07021,0.00928,0.00364,0.0403,762.3725590735246
"2026-03-01","c36f14f4-dd5a-492c-b5f0-f69042f3668f",,"Khatana 14 g Plain Kadai 3","1 pc","Cookware","khatana",,,418.8416547254187,1339.0093023333334,,25.68632,68.58864783279256,0.05213737596702977,0.04173,0.02784,0.0329,0,457.6326053062624
"2026-03-01","3b5246db-b024-40f4-8f27-88cd1dc59acd",,"Tramontina Titanex 20 cm Pre-Seasoned Cast Iron Biryani Pot 3.1L, Non-Toxic, Induction Ready, Toughned Glass Lid with Steam Release, Snap-On Cool Touch Grips, Excellent Heat Retention & Even Heating","1 pc","Cookware","Tramontina",,,2033.6033637945445,3395,,80.7536,39.88291788282363,0.10682294641411814,0.1166,0.1761,0.20813,0,1816.6639852837116
"2026-03-01","92cdaa2e-882c-4b7c-8d47-3231f2293ec9",,"Wonderchef Taurus Tadka Pan 11Cm, 250 ml","1 pc","Cookware","Wonderchef",,,263.4180131494076,400,,62.34377,34.21125000242982,0.055564679950465816,0.07414,0.02954,0.03491,0,262.63191994094217
"2026-03-01","150275dd-cc85-4b55-97d2-c1bf7aa77123",,"Carote Frying Pan 24cm Granite Black","1 pc","Cookware","CAROTE",,,975.5389655424217,2999,,6.99606,67.47119154576787,0.04165457735871716,0.02989,0.00765,0.00904,0,973.950072824062
"2026-03-01","6c319748-1bef-45cb-81f6-a5e359effe90",,"Vinod Legacy Cast Iron Kadai | 24 cm | 3.3 L | Induction Compatible","1 pc","Cookware","Vinod",,,2489.766187912409,4090,,19.77899,38.85549814178509,0.21188231237606348,0.29009,0.00233,0.00275,0,2496.438383082882
"2026-03-01","e96424e4-a67e-4d35-9944-d183e56b6b3d",,"Milton Pro Cook Kitchen Jewel Set Of 5 Peach Fry Pan 24 Cm, Kadhai 24 Cm With Glass Lid, Tawa 25 Cm","1 pack (5 pcs)","Cookware","procook",,,1352.2929586563307,5500,,2.24917,75.45325089980263,0.12440228821378864,0.06641,,,,261.3390993096107
"2026-03-01","c742ea67-985d-40b1-840d-3f027bffbc54",,"Fackelmann Quartz Nonstick Casserole w Glass Lid 24cm All Stoves Compatible Anti-scratch","1 pc","Cookware","Fackelmann India",,,1294.823442029574,2899,,38.25373,56.166082334280304,0.24115680962918448,0.24264,0.00417,0.00492,0,1135.8289897425666
"2026-03-01","e865a862-1f1d-497a-ac52-e81831abd023",,"The Indus Valley Super Smooth Cast Iron Paniyaram Pan | 7Pit, 19Cm/7.4 Inch, 2.2Kg","1 pc","Cookware","The Indus Valley",,,957.3064516129032,1498,,3.63376,36.09436237564064,0,0,,,,957.3064516129032
"2026-03-01","01263b76-56c4-47ac-96ca-2b6f55b082e8",,"Bombay Kookware Appachetty - 21 cm","1 pc","Cookware","Bombay Kookware",,,411.28372839373804,630,,64.75544,38.268462050163706,0.3746936604738362,0.45592,0.752,0.7064,1.00275,377.28878786149477
"2026-03-01","b1871cd5-d89b-42fe-8f7d-c08447e75a96",,"Prestige Omega Select+ 12Pits Aluminium Non-Stick Paniyarakkal With Glass Lid 24cm,1Y Warranty,Black","1 pc","Cookware","Prestige",,,1150.2553661034663,1514.2621991129035,,47.51532,23.977326197057494,0.21658362982694412,0.33664,0.18508,0.12618,0.50901,1161.4085952832322
"2026-03-01","730991cb-1bea-4eb9-9737-1dc03b4d0407",,"Master Superior Paniyarakal With Stainless Steel Lid, 9 Pits, Isi Certified","1 pc","Cookware","Master",,,549,1068.4961164893616,,14.8159,48.6193335244299,0.020347858177373723,0.02066,,,,549
"2026-03-01","59654439-6661-49db-9a2f-d57a031dbc40",,"Jensons Stainless Steel Triply Frying Pan With Lid 22 cm Induction Compatible","1 pc","Cookware","Jensons",,,1050.7727245514352,2538,,53.27972,58.577319232326694,0.2768672194710683,0.23348,1.54065,1.33553,2.6687,1054.8456369563687
"2026-03-01","1b618c16-2d77-4624-a991-83f2caffcf9b",,"Hawkins 26 Cm Appe Pan, Non Stick Paniyaram Pan With Glass Lid, 12 Cups Red (Nape26G)","1 pc","Cookware","Hawkins",,,1575,1750,,2.35856,10,0.002932040462951247,0.00538,,,,1575
"2026-03-01","5ffad37c-3169-463f-bb68-bad40da5db84",,"Eleenova Aspire Non | Stick Cookware | Flat Tawa 30 Cm","1 pc","Cookware","Eleenova",,,848.4640031873784,1575,,53.00879,48.00590353336547,0.25955611748746554,0.24921,0.06558,0.03417,0.23832,738.141784082308
"2026-03-01","da90dce8-4393-46b5-a65c-ccd433a84af6",,"New Dawn Multi-Purpose Stainless Steel Momo Steamer Basket, Steamer Cooking Tool for Vegetables","1 set","Cookware","New Dawn",,,364.375,500,,1.9836,27.317073170731707,0.003350903386229997,0.00444,,,,325.77319587628864
"2026-03-01","0198bad8-4903-4779-ae15-7b8deab0534b",,"Crystal Aluminium Hard Anodised Tadka Pan - Assorted","1 pc","Cookware","Crystal Cookware",,,264.1563909774436,310,,8.7554,14.788260975018183,0.0045706322188177155,0.00807,0.00093,0.0011,0,265.6363590212204
"2026-03-01","60b9b80a-45cf-4ffd-ad19-aa0216136e5d",,"Borosil 2.2 L Oval Baking Dish, Borosilicate Glass Bake and Serve Dish Tray","1 pc","Cookware","Borosil",,,744.9322521279042,875,,13.89444,14.98869208060583,0.01836914972780491,0.03087,,,,721.223783113109
"2026-03-01","bcdf9357-2ac9-409f-9a58-4646f4586e56",,"Tramontina Titanex Cast Iron Flat Tawa | 30 cm | Induction Compatible","1 pc","Cookware","Tramontina",,,1734.3645597598027,2895,,70.09737,40.22493126711919,0.09196420307372777,0.09578,0.61084,0.72192,0,1478.6697445661932
"2026-03-01","5373f23d-dbe5-402e-997e-48d383458916",,"Macclite Non-Stick PDC Granite+ Induction Base Hard Rock Triumph Kadai 30 cm With Glass Lid","1 pc","Cookware","Macclite",,,2092.980104988303,4170,,23.5286,49.80863057582007,0.026828672871511847,0.03462,0.00527,0.00623,0,2015.8006684953825
"2026-03-01","7263c580-68b2-4873-8c39-ce345c8e40df",,"Vinod Platinum Triply Stainless Steel Kadai With Lid- 24 Cm, 2.5 L (Induction Friendly)","1 pc","Cookware","Vinod",,,1689.1998984611218,3509.9406828472224,,10.8524,51.873833460602455,0.07084211866896561,0.08388,0.02313,0.02734,0,1735.6197764252831
"2026-03-01","e9674ef0-8550-4154-94b9-484180fb10d0",,"Hawkins Futura 17 Cm Frying Pan, Non Stick Fry Pan, Small Frying Pan, Black (Nf17)","1 pc","Cookware","Hawkins",,,736.3206256109481,850,,0.00673,13.374044045770807,0.004770848696144958,0.00845,,,,737.9340208420434
"2026-03-01","05329f77-0654-4ea5-b99a-fb3c7eaba9ec",,"Jensons Cuisine Non Stick Frying Pan Without Lid 26 cm (2.3 Liter ) Induction Compatible","1 pc","Cookware","Jensons",,,316.6,1205,,0.11094,73.72614107883817,0.004037838580407146,0.00204,,,,299.0727874276261
"2026-03-01","47a8819a-e087-4e35-9004-b1f18acdd8a0",,"Wonderchef Milano Non Stick Cookware 4 Piece Set, Burgundy","1 pack (4 pcs)","Cookware","Wonderchef",,,1406.1715318751933,4200,,5.30652,66.52715982607502,0.10126094942848426,0.07779,,,,370.9874317282234
"2026-03-01","2c052c0e-82c5-4a46-9f92-7b785455203e",,"Femora Preseasoned Health Safe Zero Coating Cast Iron 30 Cm Kadhai","1 pc","Cookware","Femora",,,1093.7096774193549,2430,,6.01734,54.991371299615025,0,0,,,,1093.7096774193549
"2026-03-01","1d9c2c16-665b-4381-b423-df56a8cab874",,"Greenchef Pre Seasoned Cast Iron Paniyarakal 7 Pits - Zesto","1 pc","Cookware","Greenchef",,,790.2826759347857,1899,,19.73328,58.384271936030245,0.02204911182656269,0.02184,0.00406,0.00479,0,822.7419388439623
"2026-03-01","228bb2d9-613c-460c-a4b3-3d525fa3b53c",,"Femora Borosilicate Glass Microwave Safe Square Food Storage Container With Air Vent Lid 300Ml","1 pc","Cookware","Femora",,,163.3983821733822,335,,6.86014,50.988288293176055,0.002621244173878415,0.00382,0.00281,0.00332,0,195.536146908729
"2026-03-01","dca19d54-56ac-4fc2-887f-2a1aa00582be",,"Tramontina Aeion Triply 26cm/3.7L Wok with SS304 Lid Stir-Fry | Saute | Noodles | Fried Rice | Induction Friendly | Stay Cool Handle | NSF Certified | 10 Year Warranty","1 pc","Cookware","Tramontina",,,3487.148770720805,4995,,17.10326,30.063610900430977,0.0713868080143973,0.1016,0.20033,0.23676,0,3422.796680399456
"2026-03-01","378d12d9-7f40-4b66-8e96-f009f0042e6b",,"Eleenova Aspire Non | Stick Cookware | Flat Tawa 28 Cm","1 pc","Cookware","Eleenova",,,851.1402902932763,1375,,60.63014,38.119917327986684,0.05381500574734581,0.06597,0.03235,0.01181,0.14529,828.3293199836207
"2026-03-01","e5815e88-7b58-4b69-b6f7-1a54f7c2ecdb",,"Master Titanpro Triply Fry Pan 24 cm With Glass Lid","1 pc","Cookware","Master",,,1155.3270290710916,2799,,6.5664,58.7244733552436,0.058010169241736464,0.05095,,,,1113.7484747250887
"2026-03-01","73fc768e-20f7-4fc2-9922-d489ef311ac5",,"SignoraWare Perfecto Non Stick Kadhai | 6 Coating| |24cm, 2.5Ltr | Black","1 pc","Cookware","Signoraware",,,1259.2231767743735,1579,,15.23105,20.25185707572048,0.012804472019462065,0.02083,0.01008,0.01191,0,1259.0050862268051
"2026-03-01","5f017070-48c3-4eaa-889c-a15136295243",,"Jassco Stainless Steel Idli Stand 4 Plates","1 set","Cookware","JASCO",,,280.3972612825743,480,,10.04923,41.54288528437883,0.04440081022890195,0.05313,0.19934,0.23559,0,282.3042732472612
"2026-03-01","21773c47-05bf-4ecd-afaf-1bdde6dbc288",,"Jensons Pro Wellness Frying Pan Without Lid 22 cm Induction Compatible","1 pc","Cookware","Jensons",,,399.03455803124393,735,,54.2031,45.70985039969598,0.5183234323178125,0.57466,2.32898,1.75836,5.46718,399.03551117460296
"2026-03-01","ec20cfba-33f4-4a9f-94cf-26dfd9702144",,"Macclite Non-Stick Casserole | 24 cm | Glass Lid | Induction Compatible","2 pcs","Cookware","Macclite",,,2015.3430006985163,3870,,47.93903,47.68711666391108,0.15833923243851017,0.21176,0.03451,0.04078,0,2219.369572652511
"2026-03-01","9b1cec35-e667-4b01-8aca-1b9b9fbfec4e",,"Jensons Triply Stainless Steel Kadai | 22 cm | Glass Lid | Induction Compatible","1 pc","Cookware","Jensons",,,1150.7932635819977,2450,,57.28706,53.028687773728,0.2831940601546092,0.27097,0.97024,1.14666,0,1151.3754743136135
"2026-03-01","7302eda3-ba9b-49dc-a838-bce37200f6b1",,"Vinod Stainless Steel 6 Pcs Deluxe Multi Kadai","1 pack (6 pcs)","Cookware","Vinod",,,2389,3227.0901613157894,,11.9841,25.959577338300967,0.040353254028674734,0.06125,0.00474,0.0056,0,398.1666666666668
"2026-03-01","1a2c3200-a193-4fff-a399-ba9dbc44191e",,"Hazel Stainless Steel Idli Stand, 3-Rack For 12 Regular Idlis, Food Grade Quality","1 set","Cookware","Hazel",,,,,,0,,0,0,,,,
"2026-03-01","2ee60f85-0be6-48ff-94d1-ca9137aad68b",,"Embassy Thickply Kadhai 2000 ml, Wooden-Finish Handle, Size 12, Premium Stainless Steel","1 pc","Cookware","Embassy",,,792.59375,1235,,11.87801,35.82236842105263,0.002752096951110696,0.0036,,,,796.3741640267511
"2026-03-01","28928a09-bec7-41cd-aa04-56f4a6d55d5a",,"Bombay Kookware Fry Pan - 20 cm","1 pc","Cookware","Bombay Kookware",,,323.70485099353215,575,,66.00042,45.71866369767657,0.5437983402212874,0.59553,1.28489,1.14028,2.08017,308.8266345116013
"2026-03-01","9f7a6473-4447-4c9a-905f-a3aa4b2b1742",,"BAY6 Premium Imported Borosilicate Baking Dish Rectangle - 1 L","1 pc","Cookware","BAY6",,,324.8531290100581,798.3556391500001,,48.88003,59.38090655864731,0.15273116053131566,0.12543,0.07822,0.09244,0,322.0172586620329
"2026-03-01","bc58a22a-d7f9-4efa-bbc1-87c69119f84c",,"BAY6 Nonstick Fry Pan | 22 cm | 3 mm | Teal | Induction Compatible | Induction Bottom","1 pc","Cookware","BAY6",,,364.462903959116,856.6174692903224,,21.47103,57.51817410512082,0.20390515177480434,0.17643,0.10422,0.12317,0,358.85734619061526
"2026-03-01","1b034a30-4d20-45c1-be22-10f6a67fbcde",,"Kitchen Essentials - Idli Maker- 3 Stand Set","1 set","Cookware","Kitchen Essentials",,,,,,0,,0,0,,,,
"2026-03-01","16ec2750-38cb-465d-8549-b75f609227d7",,"Macclite Non-Stick Tawa | 24 cm | Induction Compatible","1 pc","Cookware","Macclite",,,1255.1685923426332,2470,,55.53665,49.019725600590846,0.11049436370924104,0.12604,0.00772,0.00912,0,1266.711296479416
"2026-03-01","d7d6ff64-4b9f-4a73-a459-d5e2c4446305",,"Macclite Non Stick PDC Granite+ Induction Base ButterScotch Casserole 24 cm with Glass lid","2 pcs","Cookware","Macclite",,,1838.4029098905273,3670,,17.24488,49.54532715675577,0.038184716902276,0.05346,0.01561,0.01845,0,2301.7163613957055
"2026-03-01","fcdccbd7-3a1d-4430-a44f-56cf9bc69662",,"Judge by Prestige Ace Aluminium NonStick Cookware BYK Set Kadai 20cm,FP 20cm,OT 25cm,Elegant Design","1 pack (3 pcs)","Cookware","Judge by Prestige",,,1093.1667042363506,2195.733888071749,,43.44166,50.27523012491453,0.13213851886157782,0.12951,0.15031,0.17764,0,350.92146519320346
"2026-03-01","132809bc-811a-435a-a133-e73a3f46dd97",,"Fackelmann Quartz Nonstick Flat Tawa 25Cm, Induction, German Tech, Paratha, Omelette, Dosa","1 pc","Cookware","Fackelmann India",,,149,1249,,0.00038,88.07045636509207,0.002092639164700633,0.00051,,,,149
"2026-03-01","33f9437c-32c9-4928-997a-832aaf41be92",,"The Indus Valley Iron Fry Pan/Skillet With Long Handle|Very Small, 15.2Cm/6Inch, 0.42Ltr, 1.1Kg","1 pc","Cookware","The Indus Valley",,,482.3992549943707,780.2473570967742,,74.54844,38.186297560649535,0.4793060159240584,0.60443,0.77087,0.91104,0,482.12084374489734
"2026-03-01","bdac8062-ba21-48b0-96a2-d5b50b1d46b9",,"Macclite Non-Stick PDC Granite+ Induction Base Hard Rock Deep Frying Pan 20 cm With Glass lid","1 pc","Cookware","Macclite",,,1491.0657370679671,2870,,56.01844,48.07597801388589,0.05510594127689093,0.06673,0.00995,0.01176,0,1441.5754406053202
"2026-03-01","bb163ff7-82c4-4652-a294-aa2595280587",,"Macclite Non-Stick PDC Granite+ Induction Base Hard Rock Sumo Casserole 40 cm with Glass lid","2 pcs","Cookware","Macclite",,,3265.2962890537797,6670,,17.66931,51.04972952256963,0.14863099514792463,0.16162,,,,3246.9280687312535
"2026-03-01","96ebe3f2-03ae-4dd2-8275-cb05429149fe",,"Greenchef Grill Pan | 28 cm | Cast Iron - 1 L","1 pc","Cookware","Greenchef",,,1131.0198282276792,1999,,8.20714,43.48193081864976,0.028200532717834414,0.03643,,,,966.3885483763866
"2026-03-01","dd9e578c-44c1-4d0b-96dc-6c315b07dbf8",,"Bombay Kookware Mini Idli Maker | 5 Plate Set for Small-Sized Idlis | Stainless Steel","1 set","Cookware","Bombay Kookware",,,,,,0,,0,0,,,,
"2026-03-01","27015e94-1a30-48b7-b64e-d9a485603abd",,"Jensons Capsul Bottom Patila with Lid | 16 Inch Induction Compatible","1 pc","Cookware","Jensons",,,462.4319812143591,1280,,6.91476,63.55159674415221,0.05468674326327355,0.04699,,,,490.65965260048796
"2026-03-01","a4ad9385-f097-4f32-85d9-6840ee06a35b",,"Jensons Stainless Steel Saucepan | 14 cm","1 pc","Cookware","Jensons",,,102.94706160299248,199,,2.31353,49.09651297782532,0.06458279868865728,0.06638,0.27633,0.32658,0,100.46646317626184
"2026-03-01","4db7da72-f71f-4228-9671-dc4ec8c6a19b",,"Hawkins 1.5 Cup Tadka Pan 360 ml Triply Stainless Steel Pan Induction Pan - Silver","1 pc","Cookware","Hawkins",,,432.45598362787103,490.09962451127814,,75.01245,11.768538352104434,0.04211649939050897,0.07579,0.03727,0.04405,0,432.7060761298776
"2026-03-01","b44db561-09e4-4854-af27-ee8bfe7e3ef7",,"Khatana Th Idly Stand | 7 x 4","1 set","Cookware","khatana",,,292.2916866961713,1119,,12.56915,73.89979999533548,0.02139199967252299,0.01361,0.03945,0.04663,0,300.3584980623503
"2026-03-01","482785b3-fb72-450d-84f3-2b51607010b1",,"Fackelmann Ceramic Nonstick Tawa Flat 28 cm Nonstick , Induction, German Tech, Paratha, Omelette, Dosa 1.0 PIECE","1 pc","Cookware","Fackelmann India",,,1165.5,1999,,0.41687,41.69584792396198,0.010047683803610645,0.01225,,,,1194.227892287234
"2026-03-01","fe5d6e50-deeb-4f11-9a0f-f9f81bb5043f",,"Ds Peda Maker Press Stamp, 5-In-1 Peda Shape Mould, Plastic Kitchen Accessory, 1.5 Inch - Yellow","1 pc","Cookware","Hazel",,,331.8937649747999,1019,,12.0348,67.42946369236508,0.009731526069119846,0.01072,0.02568,0.03035,0,406.69910459312484
"2026-03-01","2da85c1c-94d4-42c9-b470-7250c8efee77",,"Jensons Cuisine Omni Tawa | 28 cm | Metal Spoon Friendly | Induction Compatible","1 pc","Cookware","Jensons",,,778.1610451451339,980,,76.3669,21.06635878191985,0.213271932010333,0.33717,2.02899,2.38208,0.08717,759.7198931667098
"2026-03-01","03f790c6-bba0-4be4-bac5-7a935009d0e9",,"Tramontina Fusao Triply Ceramic Fry Pan | 26 cm | Stainless Steel Lid | Induction Compatible","1 pc","Cookware","Tramontina",,,4821.979921352522,6495,,57.95039,25.776544903218088,0.14582059247789356,0.21192,0.22274,0.26324,0,4626.866119188326
"2026-03-01","084bd739-5772-41d7-aa13-b8f0db9f6eae",,"Wonderchef Duralife Die-Cast Non-Stick Fry Pan Ivory 24 Cm","1 pc","Cookware","Wonderchef",,,1045.7146498137877,1950,,9.79539,46.49124028166861,0.043550853584984714,0.04667,0.00001,0.00001,0,1069.2026058453196
"2026-03-01","a3174baf-644f-4e4b-8a5e-2cc155635566",,"Fackelmann Stainless Steel Triply Sauce Pan 14 CM","1 pc","Cookware","Fackelmann India",,,1562.5729872156996,3849,,53.63747,59.60057846871596,0.2722699475703301,0.24511,0.29481,0.34842,0,1413.3696413000914
"2026-03-01","cc46099c-bb16-4995-88f4-4e16254b119a",,"Agaro Elite Glass Baking Tray With Handle | Borosilicate Glass | Rectangle Shape | 1.6 L","1 pc","Cookware","Agaro",,,557.605938681463,795,,72.24968,30.677790672857377,0.294928588722848,0.39288,0.48394,0.57193,0,544.2490574296999
"2026-03-01","9aba16d1-9871-494e-b071-ce253d52d041",,"Pigeon Starter Kit | 4 In 1 Outer Lid Ib | 5 + 3.5 + K240 + T250","1 pack (4 pcs)","Cookware","Pigeon by Stovekraft",,,2309.2089655172413,4595,,9.2929,49.882751195587645,0.1947002201728305,0.19325,0.00149,0.00084,0.00509,558.8617563801474
"2026-03-01","7e50e183-0337-446d-bc40-22b10891ac56",,"Tramontina Aeion Stainless Steel Triply Fry Pan 26cm","1 pc","Cookware","Tramontina",,,2590.2692079173285,3995,,47.10344,35.38419089002335,0.22523398691849683,0.25355,0.0457,0.05401,0,2205.5141596449375
"2026-03-01","61cf460a-d0f4-4749-8fd4-af74c9d105a4",,"Tramontina Fusao Triply Ceramic Kadai | 24 cm | 2.6 L | Stainless Steel Lid | Induction Compatible","1 pc","Cookware","Tramontina",,,4792.691458641023,6395,,66.65505,25.206981843286457,0.1408967750421672,0.21061,0.08938,0.10564,0,4685.535928202681
"2026-03-01","eb3aeb6c-7939-445c-8acc-6e39e82a40df",,"Nestasia Glass Baking Dish With Heat Protect Silicon Covers Set Of 2","1 pack (2 pcs)","Cookware","Nestasia",,,1649,2700,,0.00005,38.925925925925924,0.004523719571410496,0.00564,,,,824.4999999999998
"2026-03-01","189c4060-6fbe-4f65-ba8a-6b972f1430d4",,"Trisara Idli Cooker / Idli Pot With 6 Plates (For 24-Idlies), Induction-Compatible, Stainless Steel","1 set","Cookware","Trisara",,,957.6938775510204,2700,,1.52727,64.52985638699924,0.018094878285641984,0.01696,,,,1238.7244813278007
"2026-03-01","2666fad4-85e8-4f85-9dee-c5b9a7594f01",,"Wonderchef Bandhan 2Pc Cookware Set","1 pack (2 pcs)","Cookware","Wonderchef",,,721.8491010667766,1700,,16.21843,57.37041231581848,0.1254377173601337,0.12262,0.00142,0.00168,0,368.1486687095328
"2026-03-01","a0915356-b382-4981-a21f-655387bb371a",,"Vinod Platinum Triply Stainless Steel Kadai With Lid - 26 Cm ,3.2 L (Induction Friendly)","1 pc","Cookware","Vinod",,,1711.508059590933,3911.9473700510202,,52.62847,56.1005000571607,0.7069369040347255,0.66842,0.0965,0.11405,0,1704.149816836591
"2026-03-01","97aaa926-2c59-4329-a018-60088c55739e",,"Borosil 1.6L Oval Baking Dish, Borosilicate Glass Serving & Baking Dish,Microwave & Dishwasher Safe","1 pc","Cookware","Borosil",,,472.84207712824707,575,,15.29383,17.766595282043987,0.01651258170666418,0.02787,0.01584,0.01872,0,472.3335345554987
"2026-03-01","a0fe13ae-9549-462c-b8f0-4cc6d9a981f9",,"Macclite Non-Stick PDC Granite+ Induction Base Triumph Tikki/Pan Cake/Mini Uttappam Tawa 7 Cavity","1 pc","Cookware","Macclite",,,1620.8459547102009,3070,,19.37488,47.203714830286614,0.013476328148401181,0.01925,0.06452,0.07625,0,1619.6819368111405
"2026-03-01","34a83b37-4efa-40ba-a04f-20cf5ce23c41",,"Prestige Omega Deluxe Aluminium Non-Stick Granite Cookware OT 25cm,Dishwasher Safe,2Y Warranty,Black","1 pc","Cookware","Prestige",,,940.2038582300431,1200,,38.19502,21.43483902406647,0.1363951714331058,0.21986,0.05277,0.05173,0.05852,947.4334812391666
"2026-03-01","bbc9e7c8-e62a-43c3-9f60-4fe518cd4923",,"The Indus Valley Super Smooth Cast Iron Paniyaram Pan with Glass Lid | 9 Pit, 20.8cm/8.2inch, 2.7kg","1 pc","Cookware","The Indus Valley",,,1280.773183637681,2030.5104319323675,,72.84479,37.212780285255505,0.2954818228719146,0.36629,0.19161,0.05732,0.93016,1239.1908823437288
"2026-03-01","86d13748-f765-4e84-9765-58932c96702d",,"Umai 1000 ml Borosilicate Printed Glass Baking Tray | Transparent Microwave Oven Safe Utensils","1 pc","Cookware","Umai",,,,,,0,,0,0,,,,
"2026-03-01","1224359d-461c-48b1-97a6-bc07ccb89b42",,"Tramontina Titanex Cast Iron Dosa Tawa | 24 cm | Induction Compatible","1 pc","Cookware","Tramontina",,,1939.0535068266627,2445,,63.06166,20.693149147485112,0.050714414844067204,0.08206,0.13157,0.1555,0,1939.1438839348343
"2026-03-01","299da7ea-82ee-48c0-bc30-aa517428cf22",,"Zenker Nonstick Square Cake Pan 23.4 Cm","1 pc","Cookware","Zenker",,,406.4452355533605,471.3036725,,78.8517,14.05303634613949,0.2717822235824643,0.47517,0.75353,0.89055,0,405.0417300694865
"2026-03-01","e3f12c04-c8b5-441d-8540-2c6ce6f65ff1",,"Macclite Non-Stick PDC Granite+ Induction Base Butter Scotch Triumph Frying Pan 26 cm With Glass Lid","1 pc","Cookware","Macclite",,,1618.7484024593455,3070,,33.82328,47.19947752660048,0.13558626335566987,0.17228,0.14246,0.16836,0,1642.6986984438686
"2026-03-01","0d20fad8-dd07-4eb8-a78f-57eb8672db12",,"Pigeon Imperi Cast Iron Long Handle Tawa 250","1 pc","Cookware","Pigeon by Stovekraft",,,999,1795,,2.465,44.34540389972145,0.003007435789141422,0.00341,,,,999
"2026-03-01","de8710c9-695e-414d-8a1b-992eaa6d47a1",,"Fackelmann Stainless-Steel Triply Frypan with Lid, 20 cm","1 pc","Cookware","Fackelmann India",,,1418.7692811099287,3699,,35.15586,61.73865434135669,0.22986594066928262,0.192,0.13391,0.15825,0,1324.2654940117527
"2026-03-01","b8dc898f-83cc-4d55-8d85-6b1952fb31f2",,"Macclite Non-Stick Kadai | 26 cm | Glass Lid | Induction Compatible","1 pc","Cookware","Macclite",,,1783.681054873728,3570,,73.48198,49.86111729020749,0.18835310652380297,0.22328,0.10844,0.12816,0,1882.204995505988
"2026-03-01","f26b20f1-1cce-4c94-8766-92654db4f6af",,"Deepam 4 Pieces Set Cookware Set","1 set (4 pcs)","Cookware","deepam",,,,,,0,,0,0,,,,
"2026-03-01","469ee1ca-c358-41c4-80d5-a58df28191fe",,"Embassy Cast Iron Dosa Tawa Pre-Seasoned, 12-Inches, For Dosa/Chapati/Roti, Premium Material Tava","1 pc","Cookware","Embassy",,,1349.1939421338154,1935,,25.18725,30.274811474977593,0.028951135076349926,0.04118,0.00366,0.00433,0,1348.6688042631736
"2026-03-01","02616220-bee6-4b65-8c55-a761c6bcf146",,"BAY6 Nonstick Fry Pan | 24 cm | 3 mm | Teal | Induction Compatible","1 pc","Cookware","BAY6",,,402.13931811780697,933.9777445454545,,16.95692,56.98308125582072,0.19636478142994024,0.1717,0.02629,0.03107,0,402.5505525460843
"2026-03-01","986ba8ab-4778-4559-99f4-e37fd9cc7e1a",,"Stainless Steel Tasra, Triply Kadai Without Handle 24 cm | 2 Litre","1 pc","Cookware","Bombay Kookware",,,361.42028985507244,2250,,4.14008,83.93687600644124,0,0,,,,361.42028985507244
"2026-03-01","12809f77-3325-4e97-ac05-2b57374ab78e",,"Jensons Cuisine Wok/ Saute Pan 28 cm Induction Compatible","1 pc","Cookware","Jensons",,,678.8626823130955,1695,,3.42545,59.94785579364138,0.026808399906025158,0.02642,,,,693.3163610665642
"2026-03-01","d6436970-d5ab-4921-9402-7b87e210d74f",,"Vinod Platinum Triply Stainless Steel Fry Pan-20 Cm (Induction Friendly)","1 pc","Cookware","Vinod",,,1293.4280190787126,2697.3335024999997,,11.83039,51.15955550944695,0.15067219794564662,0.19116,0.29504,0.34869,0,1496.0224721606469
"2026-03-01","bca6262b-3266-430f-bd13-388a87bd4456",,"Agaro Royal Honey Comb Frying Pan 22 cm, Durable & Triply Steel with Honey Comb, 4 mm thick plate","1 pc","Cookware","Agaro",,,1599.376511701983,3499,,11.86233,54.29048610088292,0.050182123841164564,0.04679,0.01158,0.01369,0,1599.0025728249677
"2026-03-01","eb464971-ed45-42ed-85c5-7742a9511ab7",,"Pigeon Rc Nonstick Mio Gift Set 8 Pcs- Black","1 pack (8 pcs)","Cookware","Pigeon by Stovekraft",,,1139.8333333333335,2695,,0.31152,57.77597402597402,0.018061369251779685,0.01455,,,,138.28778451147298
"2026-03-01","287cd9c9-832e-4586-8db3-ff2e5e243617",,"Anjali S.S.Puran Maker","1 pc","Cookware","Anjali",,,293.95048413787123,755,,65.71719,61.023791503105635,0.0432243080499966,0.04589,0.28867,0.34116,0,305.41376203701805
"2026-03-01","a5c2e454-162c-4308-b284-cf775dbbbee1",,"Jensons Cuisine Non Stick Kadhai With Glass Lid 28 cm ( 4.0 Liter ) Induction Compatible","1 set (2 pcs)","Cookware","Jensons",,,574.497212383576,1945,,0.02379,70.43075233359266,0.029328949433147355,0.02043,0.00003,0.00004,0,565.6032142158834
"2026-03-01","555dbcf3-e631-486d-b321-275cfb47e532",,"Jensons Deep Casserole/stew Pot Wire Handle -18 Inch (4.5 ltr) Induction Compatible","1 pc","Cookware","Jensons",,,807.0548191785305,1395,,1.33888,42.146607944191366,0.011686275559477113,0.01711,,,,901.7104752471246
"2026-03-01","64d1669f-87f2-46b2-8700-fe95039aeadc",,"Jensons Capsul Bottom Patila with Lid | 12 Inch Induction Compatible","1 pc","Cookware","Jensons",,,369.0241414346678,785,,19.99745,52.99072714478024,0.038917727018013805,0.03732,,,,369.00015712368946
"2026-03-01","1d5cbea0-0c28-49ef-ac38-6989f55cb4a6",,"Jensons Cuisine 3 Pcs Aluminium Cookware Set (Thickness 2.5 mm) Induction Compatible","1 pack (3 pcs)","Cookware","Jensons",,,1246.0646308367131,3430,,6.38428,63.671585106801366,0.093098148779628,0.07593,,,,405.89946548138096
"2026-03-01","2916f505-f7b4-43ca-af04-6fb204c1feb2",,"Vinod Legacy Pre-Seasoned Cast Iron Dosa Tawa - 28 Cm, Induction Friendly, Black","1 pc","Cookware","Vinod",,,1432.2823980843716,3090,,7.73535,53.647818832220985,0.05570608807336472,0.066,0.00648,0.00766,0,1488.0117068976917
"2026-03-01","9591bb89-5371-4e6b-b000-d8074497e783",,"SignoraWare Perfecto NonStick Appapatram | 12 Crators | 3.25mm | Black","1 set","Cookware","Signoraware",,,1099,1379,,13.72997,20.304568527918782,0.0040664888043594125,0.00661,0.04503,0.05322,0,1099.0000000000002
"2026-03-01","93489fd8-68c9-4a60-99ea-f51aa4e70882",,"Kent Hard Anodised Kadhai 2.8L, 24 Cm","1 pc","Cookware","Kent",,,773.9152542372881,1900,,2.41233,59.23684210526316,0.012733432867673988,0.01028,,,,751.6802507836991
"2026-03-01","21309c8c-af55-4281-a3a4-901f132c5a79",,"Fackelmann Quartz Nonstick Fry Pan 28cm All Stoves Anti-scratch | Dosa Pan | Fish Fry Pan | 1.7L","1 pc","Cookware","Fackelmann India",,,989.1716448977544,1999,,44.43938,50.624955035016534,0.10941939390293845,0.13749,0.21279,0.25148,0,945.3259199139029
"2026-03-01","a3192d53-5874-4c24-8797-a53ca18ecaa7",,"Jensons Cuisine Grill Pan 24 cm Induction Compatible","1 pc","Cookware","Jensons",,,616.7670487421718,1510,,11.18862,59.1407626971537,0.023224776279621485,0.02279,,,,630.2229560978872
"2026-03-01","49c9c9ec-d0b2-4def-8c0d-2e561e2a3654",,"The Indus Valley Pre-Seasoned Cast Iron Tawa for Dosa/Chapathi | 30.2cm/11.8 inch","1 pc","Cookware","The Indus Valley",,,1378.5670855322696,2344.439989516129,,84.37989,41.25914693210782,1.6732260230858644,2.00305,1.57436,1.86064,0,1374.9918486964161
"2026-03-01","adb1ca0c-d66e-4efa-9cf3-5178be53f424",,"Macclite Non-Stick Kadai | 20 cm | Glass Lid | Induction Compatible","1 pc","Cookware","Macclite",,,1265.288859583658,2470,,48.81972,48.80330127317415,0.029465163655797613,0.03856,0.0347,0.04101,0,1337.6905972459933
"2026-03-01","44f082e0-c6dd-4cc8-8d3c-a1d5ffdca69d",,"Borosil Oval Baking Dish | Borosilicate Glass Serving | Microwave & Dishwasher Safe | 700 ml","1 pc","Cookware","Borosil",,,293.8384421561881,345,,60.70544,14.621852798467549,0.08359063060187763,0.14776,0.10697,0.12642,0,298.64247233232265
"2026-03-01","ce9e83a1-bc85-42d4-a6e9-0713b15e3013",,"Jensons Cuisine Non Stick Tadka Pan 11 cm","1 pc","Cookware","Jensons",,,216.05738869991492,415,,58.02021,47.90325700932122,0.043944584732866734,0.04614,0.00677,0.00794,0.00037,214.74469340003125
"2026-03-01","cc41a601-a4c4-48a1-aca3-793857666936",,"Macclite Non-Stick Kadai | 22 cm | Glass Lid | Induction Compatible","1 pc","Cookware","Macclite",,,1395.8202407499898,2670,,59.1306,47.79897337700827,0.1250778303364526,0.15386,0.23316,0.27555,0,1366.837328224394
"2026-03-01","49eb25a0-2980-4849-b06f-e86648b2e8cd",,"Jensons Induction Friendly Saucepan | 13 Inch | Lid Not Included","1 pc","Cookware","Jensons",,,184.88235294117646,600,,0.14658,68.91666666666667,0.0040210840634759965,0.00323,,,,202.62883181441592
"2026-03-01","1a90faf4-ae7e-4a5e-831e-6763e034dfb2",,"Jensons Capsul Bottom Saucepan with Lid | 14 Inch Induction Compatible","1 pc","Cookware","Jensons",,,351.37327622291076,1125,,16.05154,68.8459000711238,0.07518824036090593,0.05177,,,,351.18639158813903
"2026-03-01","807fb287-6428-42ef-bf58-9f2758d00d12",,"Jensons Induction Friendly Saucepan | 14 Inch","1 pc","Cookware","Jensons",,,222.28042328042332,680,,5.63442,67.31170245876127,0.003417921453954597,0.00272,,,,214.96991509782205
"2026-03-01","16b4c0fc-7f8e-441b-ad0c-159abe7636dc",,"Jensons Pro Wellness Kadhai Without Lid 24 cm Induction Compatible","1 pc","Cookware","Jensons",,,261.3809523809524,930,,0.00355,71.89452124935995,0.0015581700745969486,0.00085,,,,249.18381053375757
"2026-03-01","b83ce1ba-5cf4-464c-973c-aaf6414f76c9",,"Macclite Non-Stick Kadai | 20 cm | Glass Lid | Induction Compatible","1 pc","Cookware","Macclite",,,1384.224216471777,2770,,39.17842,50.02800662556762,0.05940481523108539,0.07533,0.07432,0.08783,0,1369.7919766568066
"2026-03-01","fe407546-b505-4658-83fe-7fd8db9ead5a",,"Crystal Eco Series Non Stick Die Cast Square Grill Pan - 27 Cms","1 pc","Cookware","Crystal Cookware",,,614.018108803914,1495,,15.85382,58.8194900647005,0.04468580456190081,0.04538,0.00194,0.0023,0,616.1809248369277
"2026-03-01","f3c613bf-4526-4fa5-a8db-4b9962746067",,"Pigeon Stainless Steel Puttu Maker/Puttu Kudam with steamer plate","1 set","Cookware","Pigeon by Stovekraft",,,515.1290322580645,945,,7.57811,45.48899129544291,0.003166603699987347,0.00375,,,,548.4528400208442
"2026-03-01","76d2fad3-db77-4ee5-8093-8cd2229fdc53",,"Wonderchef Bandhan 3Pc Cookware Set","1 pack (3 pcs)","Cookware","Wonderchef",,,992.9544560726147,2200,,39.85251,54.91859420925364,0.32705822320620637,0.30742,0.0061,0.00721,0,324.25349707641055
"2026-03-01","59bb4210-9afb-4ca7-b9b8-55e086fee68f",,"Wonderchef Duralife Die-Cast Non-Stick Kadhai With Lid Ivory 24 Cm","1 pc","Cookware","Wonderchef",,,1261.6099355637639,2498.3773891463416,,68.93587,49.370024607339154,0.3964872659171988,0.42415,0.1091,0.12894,0,1244.0504512271293
"2026-03-01","1b4fde9d-f4c5-47c2-9d55-903271e3f0e0",,"Fackelmann Stainless Steel Triply Sauce Pan 16 CM","1 pc","Cookware","Fackelmann India",,,1631.8654970203054,4147.495165645161,,54.95824,60.74708353938451,0.21306166282284705,0.17977,0.13734,0.16231,0,1544.2645853168576
"2026-03-01","886fdcc7-cbcf-4da1-8f3b-9e1f69997c70",,"Macclite Non-Stick Frying Pan | 22 cm | Induction Compatible","1 pc","Cookware","Macclite",,,1087.229295275482,2070,,34.10883,47.526593955307106,0.09488954172990657,0.11405,,,,1065.6145090634177
"2026-03-01","a18587c5-9fb1-4800-9473-b3f3fb427dd8",,"Hawkins 22 Cm Appe Pan Non Stick Paniyaram Pan With Glass Lid 12 Cups Pan - Red","1 pc","Cookware","Hawkins",,,1113.3405188741533,1250.81241352459,,65.24975,11.023367951684257,0.35737384614142914,0.65029,0.0943,0.11144,0,1111.9390292873584
"2026-03-01","0cce9cae-1e99-4bdf-8284-30b808b410c7",,"Bombay Kookware Stainless Steel Hammered Kadai 23 Cm","1 pc","Cookware","Bombay Kookware",,,307.8669973544974,1540,,9.92859,80.01603755627374,0.03011088273832413,0.01223,,,,298.60660492838747
"2026-03-01","bbf597f9-9934-4a80-95dc-042d74b6179a",,"BAY6 Nonstick Kadai | 24 cm | Glass Lid | Teal | Induction Compatible","1 pc","Cookware","BAY6",,,686.395188545343,1408.8956914285714,,46.26898,51.21605411461051,0.2981491419673537,0.29638,0.21163,0.23258,0.09646,685.6149898460459
"2026-03-01","8dfec779-2e47-486f-ae8b-233013fbbd2b",,"Macclite Non-Stick Kadai | 30 cm | Glass Lid | Induction Compatible","1 pc","Cookware","Macclite",,,2004.7462719341122,3870,,42.37198,48.327346742872116,0.1471867557884595,0.18635,0.0409,0.04833,0,1933.2271274605143
"2026-03-01","8afc2de8-e96e-42ff-bbfd-8930363f0e5c",,"Embassy Saucepan 900 ml, Size 10, Induction-Friendly, Premium Stainless Steel","1 pc","Cookware","Embassy",,,435,435,,0.21586,0,0.0007288214865050244,0.00149,,,,434.99999999999994
"2026-03-01","fbe08204-7a7d-4442-a2a1-5906935597bd",,"Embassy Utensils Lids / Tope Cover, Set Of 8 (12.4, 14.2, 15.2, 17.2, 18.4, 20, 21.2, 22.9 Cms), Ss","1 pack (8 pcs)","Cookware","Embassy",,,759.6119158751256,1240,,4.59632,38.722150996462496,0.06024924288441535,0.07634,0.00033,0.00038,0,96.49918553494523
"2026-03-01","22f4a7be-69c5-4cbd-a430-a1b7bf8071c9",,"Macclite Non-Stick Deep Fry Pan | 24 cm | Induction Compatible","1 pc","Cookware","Macclite",,,1457.8677423841846,2770,,56.16,47.313576954133104,0.104700986844788,0.13278,0.56916,0.67265,0,1482.805700753619
"2026-03-01","21c9313c-4168-40b0-86d2-aca5612e5e57",,"Macclite Non-Stick Alpha Pentagon | Set Of 5 |Dosa Tawa25 - Fry Pan24 - Kadai24 - Fry Pan16","1 set (4 pcs)","Cookware","Macclite",,,814.625,2470,,0.75824,67.01923076923077,0.007324907257129461,0.00903,,,,871.0721769499418
"2026-03-01","859e7e75-2b69-41c8-892e-045d7299a96a",,"Vinod Platinum Triply Stainless Steel Extra Deep Kadai With Lid- 26 Cm, 3.7 L (Induction Friendly)","1 pc","Cookware","Vinod",,,1996.4597232945025,4170,,12.03015,52.16628610118374,0.11730557747726145,0.13803,0.0034,0.00402,0,1976.1786914966585
"2026-03-01","9b17f87f-4006-4b60-8b8a-21a302a61084",,"Macclite Non-Stick PDC Granite+ Induction Base Butter Scotch Triumph Concave Tawa 30 cm","1 pc","Cookware","Macclite",,,1104.5286265598897,2270,,57.58465,51.38064032352451,0.09458745778963792,0.11061,0,0,0,1091.88007199549
"2026-03-01","72cd452d-70bc-4b71-88e6-76f5c9bbd472",,"Hawkins Futura 28 Cm Dosa Tava Non Stick Dosa Tawa Small Dosa Tawa - Black","1 pc","Cookware","Hawkins",,,1173.4378678916971,1490.0198269035534,,36.24807,21.552779689438093,0.283326253293196,0.45247,0.1643,0.0862,0.5938,1166.010208354291
"2026-03-01","c99e9350-8fe2-49e1-a42c-f0cb211c1476",,"Pigeon Imperi Cast Iron Dosa Tawa 300","1 pc","Cookware","Pigeon by Stovekraft",,,1099,2195,,1.06012,49.93166287015946,0.003677616466387422,0.00376,,,,1099
"2026-03-01","96ac1bbd-bae3-48ba-a272-65a6fdab9a63",,"Jensons Deep Casserole/stew Pot Wire Handle -15 Inch (2.5 ltr) Induction Compatible","1 pc","Cookware","Jensons",,,477.59508124725517,845,,6.68632,43.47987204174495,0.009910296764775216,0.01332,,,,496.6308457912458
"2026-03-01","d78b9d58-b663-4b37-8b08-bea5720fba99",,"Carote Tawa 26cm Granite Black","1 pc","Cookware","CAROTE",,,1000.3094801223242,2999,,9.94269,66.64523240672477,0.011707553795979675,0.00796,,,,999.0201239772348
"2026-03-01","5235d1f1-d898-4402-a595-c28d5db39613",,"Fackelmann Quartz Nonstick Fry Pan 24Cm, German Tech, Induction, Egg Pan, Frying, Tossing, Saute","1 pc","Cookware","Fackelmann India",,,870.8055555555555,1399,,0.33451,37.75514256214757,0.002343956918667883,0.00263,,,,771.5557880055788
"2026-03-01","5814c459-fe98-4285-9927-70f5493d41d6",,"Vinod Stainless Steel 5 Pcs Multi Kadai (Induction Friendly)","1 pack (5 pcs)","Cookware","Vinod",,,1351.9290052274018,2890,,7.74481,53.22044964611066,0.03549226603144019,0.04649,,,,277.8637367818895
"2026-03-01","ecc75532-3aa3-48ca-b975-2b90beaaa9a3",,"BAY6 Nonstick Kadai with Glass Lid | 26 cm - Grey","1 pc","Cookware","BAY6",,,644.9297574728756,1534.439601745283,,44.05844,57.92004380956902,0.31783703972280936,0.27385,0.21659,0.09309,0.8958,643.8422136084035
"2026-03-01","40748829-3119-4628-b95a-cc10ed52d25b",,"Jensons Pro Wellness Dosa Tawa 25 cm Induction Compatible","1 pc","Cookware","Jensons",,,275.0351966873706,710,,1.93335,61.262648353891464,0.006292829014170623,0.00561,0.00778,0.0092,0,265.85106070495397
"2026-03-01","bdafe49c-7d84-415e-a2de-501aabaa3639",,"Bombay Kookware Wok Pan 26 cm (3 L) | Non-Induction Base","1 pc","Cookware","Bombay Kookware",,,344.49058102391433,855,,5.61228,59.67255186175035,0.013823816829553229,0.01171,,,,358.81937961287747
"2026-03-01","afcc51b9-47fa-4014-8e6c-aed3747c9692",,"Tramontina Titanex Cast Iron Deep Kadai | 30 cm | 6.8 L | Glass Lid | Induction Compatible","1 pc","Cookware","Tramontina",,,3366.084076054664,4490.717885591398,,59.13271,25.065091331922005,0.09683340078425857,0.13301,0.15478,0.18293,0,3023.836948248463
"2026-03-01","edde1c70-69d9-4b0f-8aaa-879974df103c",,"Macclite Non-Stick Tawa | 24 cm | Induction Compatible","1 pc","Cookware","Macclite",,,1060.0979865113884,2170,,38.6029,51.01901200145657,0.04951864497069103,0.06059,0.02039,0.02409,0,1156.6920468852666
"2026-03-01","23fe6c22-b61d-4caa-95ad-bd43f83f5dfc",,"Tramontina Titanex Cast Iron Biriyani Pot | 24 cm | 4.9 L | Glass Lid | Induction Compatible","1 pc","Cookware","Tramontina",,,2423.3501699708336,3795,,66.45971,36.92011925372713,0.19176734198403267,0.21485,0.13003,0.15368,0,2084.2286940044264
"2026-03-01","1c932c30-e450-4bb1-8ae3-01d6a04ee712",,"Fackelmann Nonstick Fry Pan 26 cm Grey","1 pc","Cookware","Fackelmann India",,,780.0943934026741,1249,,25.92381,37.54248251379711,0.02900424689502168,0.04212,0.05133,0.06066,0,771.1795888586801
"2026-03-01","89a18be0-8010-43e9-84db-016f9b5943b5",,"Kuber Industries Aluminum Gas Tandoor Bati Maker Oven 34x34x26 cm | Barbecue Grill | Silver","1 pc","Cookware","Kuber Industries",,,651.2637328755144,1399,,17.00776,53.47806770704049,0.06406039285074404,0.05604,0.01209,0.01429,0,602.1506455883228
"2026-03-01","c18126d5-6644-46f2-9d5e-77b0a5216192",,"Fackelmann Ceramic Nonstick Fry Pan 26cm, German Tech, Induction, Egg Pan, Frying, Tossing, Saute","1 pc","Cookware","Fackelmann India",,,1489,2749,,0.46986,45.8348490360131,0.023029083521865654,0.02545,,,,1489
"2026-03-01","4dab4290-0217-4695-967d-ef5c7f245d33",,"Stainless Steel Triply Kadai with Handle & Lid 26 cm | 2.5 Litre","1 pc","Cookware","Bombay Kookware",,,734.0166666666665,4535,,0.00133,83.81440646821022,0.007598173428276518,0.00282,,,,823.5065621115741
"2026-03-01","086a5c43-5b37-4e5c-8c73-f7554b758cab",,"Cello Crown Hard Anodised Concave Tawa 250 mm| Black","1 pc","Cookware","Cello",,,683.6043165467626,1295,,4.18055,47.21202188828088,0.0029724188487553187,0.00318,,,,679.3352364988738
"2026-03-01","6f1b3d65-a336-4b56-a444-4d2a2ae7d57f",,"Vinod Platinum Triply Stainless Steel Extra Deep Kadai With Lid - 18 Cm, 1.2 L (Induction Friendly)","1 pc","Cookware","Vinod",,,1355.4560318697784,2940,,13.71684,53.87499358999095,0.07162153879660271,0.07667,,,,1317.5594401436988
"2026-03-01","9902d20d-16aa-409b-891b-eaef73759e7d",,"Frenchware Cake Making | Cookie Moulds, Fondant Tools, Food Grade ABS, for Baking & Decor","1 set (42 pcs)","Cookware","Frenchware",,,885.9041095890411,1999,,1.10265,54.930167786596,0.007267774354394241,0.01381,,,,43.947170593877175
"2026-03-01","584ef603-3fe8-436f-ac60-9a6cb096dadd",,"The Indus Valley Cast Iron Fry Pan/Skillet With Double Handle 24.6Cm/ 9.7Inch,1.8Ltr,2.6Kg","1 pc","Cookware","The Indus Valley",,,972.1818181818181,2500,,1.67364,61.11272727272727,0.004188629232787497,0.00352,,,,780.6858389527965
"2026-03-01","125359c3-a13a-4a93-b0b0-200872b04a1d",,"Tramontina Fusao Triply Ceramic Fry Pan | 20 cm | Stainless Steel Lid | Induction Compatible","1 pc","Cookware","Tramontina",,,2996.614690644155,4295,,56.09298,30.219462973267213,0.07735795030348983,0.10556,0.20345,0.24044,0,2755.8022422053828
"2026-03-01","cacbcb85-fc6e-485e-b641-660375ef05ef",,"Hawkins 1.5 Litre Tpan, Stainless Steel Tea Pan, Saucepan, Silver (Sst15)","1 pc","Cookware","Hawkins",,,831.8784985623696,1080,,37.1977,22.974213096076888,0.005736076416548509,0.00934,,,,856.9672323538975
"2026-03-01","c55cb6d9-34ee-42da-b526-ee1525c4d01e",,"Pigeon Aluminium Induction Base Tawa - 280 mm","1 pc","Cookware","Pigeon by Stovekraft",,,649,1195,,2.8542,45.69037656903766,0.006006494319817269,0.00666,,,,649
"2026-03-01","0dd60143-5b92-43d1-935c-e6b097f40c0f",,"Vinod Platinum Triply Stainless Steel Kadai With Lid- 30 Cm, 4.5 L (Induction Friendly)","1 pc","Cookware","Vinod",,,2306.138374333787,4664.034068115183,,42.61052,52.167676662744725,0.787311505111669,0.7131,0.20977,0.24791,0,1985.5294289821502
"2026-03-01","6dd4a10a-d5ee-4c3b-a703-07c3fa94efa9",,"Carote Tawa 26cm Cosy White","1 pc","Cookware","CAROTE",,,1018.675988700565,2999,,2.36541,66.03281131375242,0.00502467962765188,0.00424,,,,1141.1889706684112
"2026-03-01","556155aa-d1ad-40e7-9720-fa35a78f7c9c",,"Omega Triply Frypan 22Cm W/O/Lid","1 pc","Cookware","Omega",,,819,1245,,1.52447,34.21686746987952,0.004171874715856346,0.0056,0.00871,0.01029,0,819
"2026-03-01","ea0f609c-0e03-4e8b-8416-844b63453d9e",,"BAY6 Premium Imported Borosilicate Baking Dish Oval - 700 ml","1 pc","Cookware","BAY6",,,249.3509320954104,598.9852519354839,,63.71619,58.362485165429796,0.13821538215250595,0.11776,0.17577,0.20773,0,249.49061607702623
"2026-03-01","919aa240-57d1-4824-8539-4f796ebf5e28",,"Judge By Prestige Stainless Steel Idli Cooker with 4 Plates,High Quality SS,Corrosion Free,Silver","1 set","Cookware","Judge by Prestige",,,1200.6171871153524,1704.0178277040816,,38.04609,29.540290535641624,0.15318554303048842,0.22239,0.05058,0.05978,0,1195.3569767558379
"2026-03-01","5236d832-4f4b-4af1-b43e-df9421ebbba1",,"Tramontina Aeion Triply 10cm Tadka Pan | Healthy, Non Toxic | Tempering Pan | Spice Tadka | Stay Cool Handle | NSF Certified | 10 Year Warranty","1 pc","Cookware","Tramontina",,,906.5665326152977,1095,,30.22087,17.177702492701805,0.017960842150192783,0.03065,0.02093,0.02474,0,914.8094876955387
"2026-03-01","4a989c08-3a87-4bea-802a-f4e713bb6469",,"Tramontina Aeion Triply 30cm/5.7L Kadai with SS 304 Lid | Healthy Non Toxic | Kadhai for Curry | Deep Fry | StirFry Cooking | Induction Friendly | Stay Cool Handle | NSF Certified | 10 Year Warranty","1 pc","Cookware","Tramontina",,,3499.246026986507,5126.688810782608,,34.53848,31.74452056409615,0.06669537572850598,0.08113,0.01136,0.01343,0,3058.5799549232343
"2026-03-01","ebae9196-d7a2-4cce-9f37-a8e3adaed0db",,"Bombay Kookware Grill Pan - 22 cm","1 pc","Cookware","Bombay Kookware",,,417.4876663707231,810,,66.39497,49.62763279461687,0.46127011353801406,0.46183,0.35556,0.2583,0.89046,398.5923859256016
"2026-03-01","e03bbe58-d14b-41a0-b3b8-eee5a10480ea",,"Bombay Kookware Kadai - 20cm (1.6 Lt)","1 pc","Cookware","Bombay Kookware",,,413.1125647480745,675,,84.39793,41.351848397997806,0.7549640619082055,0.87649,1.52148,0.34536,7.98961,389.64264930108175
"2026-03-01","87d5063d-4702-45f8-9983-577302725f1b",,"BAY6 Stainless Steel Idli Plate Round - 12 Big & 12 Small Idlis","1 set (3 pcs)","Cookware","BAY6",,,396.7392507665739,853.9293485152839,,57.01412,53.55383088310014,0.11667761818268196,0.11132,0.26788,0.31659,0,393.89976053405405
"2026-03-01","9d88e53e-a53d-4f52-b920-a6ce7cef7ac0",,"Vinod 3Pc Tope Set 1.4 L, 1.8 L & 2.2 L With Lid (Induction Friendly)","1 pack (3 pcs)","Cookware","Vinod",,,850.5332936507937,1802.3571427499999,,2.33552,52.758034836552184,0.02004275842405748,0.02711,,,,279.237945151479
"2026-03-01","bd174469-5be0-4ba0-816b-d964aa4ad2a6",,"Judge By Prestige Classic SS Milk Pan 14cm/1.4Ltr,Superior Quality SS,Unique Triply Bottom, Silver","1 pc","Cookware","Judge by Prestige",,,379.77272727272725,575,,8.10641,33.982608695652175,0.028901541706233724,0.03884,0.07415,0.08763,0,378.7051963048499
"2026-03-01","a5e7f984-43f1-42d4-89a8-d74beedffbbb",,"Fackelmann Quartz Nonstick Kadai | 26 cm | Glass Lid | Induction Compatible","1 pc","Cookware","Fackelmann India",,,1353.6380036742537,2346.972972972973,,5.65894,41.97580153914392,0.17685230346675365,0.20529,,,,1377.842882134155
"2026-03-01","645a52e8-1e91-4a3e-850a-cc82e2b2d855",,"Macclite Non-Stick Flat Tawa | 28 cm | Induction Compatible","1 pc","Cookware","Macclite",,,1589.7863247755083,3070,,30.37365,48.269681452744564,0.10091815201207295,0.12346,0.01339,0.01583,0,1569.4125528138115
"2026-03-01","b5df1f15-eaea-494d-98c7-8167d53bb99e",,"Hawkins Futura 28 Cm Tava Hard Anodised Tawa With Stainless Steel Handle - Black","1 pc","Cookware","Hawkins",,,1042.2342243139447,1204.0658867582417,,33.768,13.497541944164395,0.10074759102971385,0.17386,0.41524,0.05334,2.40556,1019.1821605137383
"2026-03-01","af75e361-ef33-4b68-9817-0b0fab1ff4a7",,"Fackelmann Nonstick Cologne 4 Pcs Cookware Set","1 pack (4 pcs)","Cookware","Fackelmann India",,,2161.4715699188528,4499,,40.05935,52.654768744257424,0.2663877717661419,0.21326,0.0496,0.05862,0,427.7351100309023
"2026-03-01","30feede1-2734-4f77-8d5e-e5178e1ef4b4",,"Femora Borosilicate Glass Baking Dish 520 ml","1 pc","Cookware","Femora",,,197.8613709619457,480,,2.85996,58.778881049594645,0.007237951314256794,0.00766,0.00363,0.00428,0,164.86868511879882
"2026-03-01","7b2d71cd-98d5-48ee-82f7-4f572c524f3a",,"Agaro Elite Hard Anodised Tawa 28 cm, Riveted handle, 4 mm thick plate","1 pc","Cookware","Agaro",,,740.25,1099,,0.61537,32.64331210191083,0.0024490077398261934,0.00341,,,,748.8468735276301
"2026-03-01","9de6c4fe-e5fc-44e9-aa39-c8d20c0a0aef",,"Macclite Non-Stick Tawa | 30 cm | Induction Compatible","1 pc","Cookware","Macclite",,,1515.1413879089,3070,,74.43796,50.57550021235689,0.06609573156754013,0.08265,0.02298,0.02715,0,1539.1227905265641
"2026-03-01","a83e19b1-8dfd-4a80-9ab1-bb85f31b723b",,"Wonderchef Non-Stick Appa Kara Cookware With 12 Cavities","1 pc","Cookware","Wonderchef",,,746.5077010952093,1090.6657466935485,,35.02433,31.49470095909611,0.05691174311173027,0.08261,0.03614,0.04271,0,771.2958320412787
"2026-03-01","fc1fc944-6ae5-4efc-bb0d-4f67d862b816",,"Femora Foged Die Cast Aluminium Non Stick 28 Cm Roti Tawa , Pack Of 1","1 pc","Cookware","Femora",,,736.6734091072326,1950,,3.19236,62.22187645603935,0.007841113923778193,0.00686,,,,673.4407521229555
"2026-03-01","b036beb9-deac-4992-bbba-19b0f3cb1baa",,"Tramontina Fusao Triply Ceramic Kadai | 30 cm | Stainless Steel Lid | Induction Compatible","1 pc","Cookware","Tramontina",,,6166.552335717135,7995,,50.16687,22.96307547025464,0.18405155184689953,0.2823,0.10255,0.1212,0,6010.74433017391
"2026-03-01","a141ec0c-0fac-4657-b249-86efe4b8b858",,"BAY6 Induction Bottom Nonstick Cookware Set (28 cm Tawa + 24 cm Fry Pan + 22 cm Kadai) - Teal - (3pc)","1 pack (3 pcs)","Cookware","BAY6",,,1274.3682411131954,2623.512370786517,,30.38327,51.31520966554418,0.4696755195920334,0.46397,0.19333,0.15831,0.38589,425.40574520146214
"2026-03-01","128e54d5-a0fb-41ce-b019-4656a1e8da17",,"Tramontina Aeion Stainless Steel Triply Fry Pan 20cm","1 pc","Cookware","Tramontina",,,2449.177548487771,3095,,54.77351,20.866649717371466,0.06424921625655808,0.10372,0.03863,0.04566,0,2449.001141719865
"2026-03-01","6d3d87c4-76be-465e-bf82-2dc540510664",,"Femora Foged Die Cast Aluminium Non Stick 24 Cm Frypan Pack Of 1","1 pc","Cookware","Femora",,,562.0507789535567,1530,,5.07019,63.26465497035577,0,0,0.08584,0.10145,0,562.0507789535567
"2026-03-01","43a44871-866f-47e5-932d-f93699596e00",,"Jensons Stainless Steel Heavy Kadai 27Cm 3 Ltr","1 pc","Cookware","Jensons",,,597.170870021578,1349,,92.7202,58.351886647291096,2.0681373591405197,1.73506,1.3741,0.53107,6.01036,559.4658583685012
"2026-03-01","c2101dba-06a1-43b1-93cb-3d5dae74924a",,"Master Non Stick Kadai 24 cm With Glass Lid, ISI Certified","1 pc","Cookware","Master",,,609.9721135843364,1341.849616969697,,4.50984,54.46889022243312,0.06156849354757409,0.05678,0.00078,0.00092,0,618.1627780997788
"2026-03-01","9c9083bf-5d52-49de-a71f-a94068831501",,"Fackelmann Ceramic Nonstick Fry Pan 24cm, German Tech, Induction, Egg Pan, Frying, Tossing, Saute","1 pc","Cookware","Fackelmann India",,,1412.5187265917602,2499,,1.40601,43.45108413735864,0.04186953781094382,0.04869,0.00283,0.00334,0,1415.508197048265
"2026-03-01","b7a70cd7-7c3d-484a-8266-9828390856a8",,"Vinod Inducto Dosa Tawa (28 Cm)","1 pc","Cookware","Vinod Cookware",,,1125,1495,,10.02289,24.74916387959866,0.020865070115038322,0.03203,,,,1125
"2026-03-01","cb2909c8-76b2-4fdf-83e5-0bc26f1df787",,"Agaro Elite Hard Anodised Tawa 28 cm, Riveted handle","1 pc","Cookware","Agaro",,,739,1749,,1.39361,57.7472841623785,0.0029303650112581323,0.00253,,,,739
"2026-03-01","817c1d89-763d-4b31-b593-391d00d83af8",,"BAY6 Nonstick Kadai | 22 cm | Glass Lid | Teal | Induction Compatible","1 pc","Cookware","BAY6",,,590.8450704225352,1215.2340256338027,,39.36517,51.19575492017254,0.257511396241188,0.25625,0.3898,0.44895,0.06445,592.9137035497558
"2026-03-01","68656066-24f5-4dcf-b712-8d87b634a7ab",,"BAY6 Premium Imported Borosilicate Baking Dish Oval - 1.6 L","1 pc","Cookware","BAY6",,,371.886289001166,899,,35.69095,58.70107053792188,0.09853800533683378,0.08202,0.01944,0.02297,0,367.6352015563268
"2026-03-01","2e199e74-74ca-42f7-a2db-2895184ec4b8",,"Macclite Non-Stick PDC Granite+ Induction Base Butter Scotch Triumph Tawa 20 cm","1 pc","Cookware","Macclite",,,882.4161522055459,1670,,32.51631,46.9978792966291,0.06177993555124521,0.08137,0.0074,0.00875,0,989.7574234376972
"2026-03-01","b377bc5b-5ce8-47a8-b2e0-07722d5fb256",,"Stainless Steel Tasra, Triply Kadai Without Handle 26 cm | 2.5 Litre","1 pc","Cookware","Bombay Kookware",,,400.75925925925924,2675,,1.25327,85.01834544825199,0.004481833279082621,0.0015,,,,408.83687683284467
"2026-03-01","cee4a872-757f-4e2f-88a9-bfb3eadaee5d",,"Prestige Omega Deluxe Aluminium Non-Stick Granite Cookware Omni Tawa 28cm,Stain Free Interior,Black","1 pc","Cookware","Prestige",,,957.2114425348807,1403.259238209607,,39.49527,31.839506231715976,0.4099538764457799,0.56826,0.15238,0.14643,0.1851,957.2976993110283
"2026-03-01","a576f8b9-5974-4d67-b4b5-2a4baf8fe75f",,"Vinod Platinum Triply Stainless Steel Kadai With Lid- 22 Cm, 1.8 L (Induction Friendly)","1 pc","Cookware","Vinod",,,1593.6330588137293,3264.060345212766,,19.32826,50.03882605341816,0.2015903477155966,0.26991,0.03261,0.03854,0,1893.7087514299321
"2026-03-01","85176faf-0bf0-4d5d-83f7-b398d3e9c316",,"Greenchef Rio Ib Fry Pan 20 Cm Diameter 1 L Capacity��(Aluminium, Non-Stick, Induction Bottom)","1 pc","Cookware","Greenchef",,,218.8,795,,0.35907,72.47798742138365,0.0013319840960264238,0.00091,,,,264.42537313432837
"2026-03-01","8498de6b-3534-43de-a2e2-2dc1643465f6",,"Eleenova Die Cast Ceramic Cookware | 27 Cm","1 pc","Cookware","Eleenova",,,1092.5473352876324,1695,,28.40794,35.644252395325466,0.11297168658268089,0.14284,0.07603,0.03152,0.32083,1018.3037605189096
"2026-03-01","58521e31-eff9-498a-a87c-78e52f339570",,"Classic Essentials Marvel Pack of 2 Cook and Serve Casserole Set 1050 ml","1 pack (2 pcs)","Cookware","Classic Essentials",,,303.18840579710144,999,,0.82645,69.65081023052038,0,0,,,,151.59420289855072
"2026-03-01","f3419f4c-683c-4af1-97bc-db379bb2cba1",,"Tramontina Fusao Triply Ceramic Kadai | 26 cm | Stainless Steel Lid | Induction Compatible","1 pc","Cookware","Tramontina",,,5463.953678102577,7295,,50.98188,25.09046963533429,0.1488697470141935,0.21809,0.12998,0.15362,0,5238.803510110703
"2026-03-01","10c01d91-d2af-4aba-a10e-743fbfcd68f0",,"Femora Oval Baking Dish 1.6L Borosilicate Glass Microwave & Oven Safe","1 pc","Cookware","Femora",,,380.32430058399586,465,,13.35019,18.207179605135853,0.01636078578326796,0.02723,,,,380.7200383018078
"2026-03-01","2d545e99-2283-4a5e-a8f5-36d6772bff61",,"Cello Crown Induction Base Cookware Set with Spatter & Bakelite Handles| 3 pcs| Black","3 pcs","Cookware","Cello",,,1259.3703703703704,2995,,2.7209,57.872211261192895,0.025089889104397103,0.02135,,,,1249.0186704007467
"2026-03-01","bd625eb8-bc2e-4a9e-ba3b-075f0e80da45",,"Tramontina Fusao Triply Ceramic Sauce Pan | 16 cm | Stainless Steel Lid | Induction Compatible","1 pc","Cookware","Tramontina",,,4203.655970320945,5495,,62.7125,23.500346308990984,0.09123923512611692,0.14587,1.00826,1.19159,0,4306.925451866888
"2026-03-01","43514a27-b06a-4316-8ded-b4492ca6d229",,"Fackelmann Ceramic Nonstick Kadhai With Lid 24 cm","1 pc","Cookware","Fackelmann India",,,2169.7870370370374,3399,,0.49959,36.168992585201956,0.07972804426857032,0.1038,,,,2169.0005950130903
"2026-03-01","aa2d4af5-a036-4960-b283-b3df91e68279",,"Hawkins Futura 20 Cm Frying Pan, Non Stick Fry Pan With Glass Lid, Small Frying Pan, Black (Nf20G)","1 pc","Cookware","Hawkins",,,905.9569892473119,1240,,3.22436,26.938952480055498,0.01038780049731299,0.01553,,,,908.757951653944
"2026-03-01","77632cbe-f5a1-4324-be3c-55038f12581e",,"Master 4Pcs Gift Set Dosa Tawa 28Cm + Frypan 24Cm + Kadai 24Cm + Glass Lid","1 pack (3 pcs)","Cookware","Master",,,1302.9279037997758,2376.7615493006992,,6.58353,44.89406617364893,0.21919750201337282,0.25417,0.0432,0.00629,0.2462,437.219114868991
"2026-03-01","cd5a10d7-c08b-4c79-8b22-3c0aa3068999",,"BAY6 Nonstick Dosa Tawa | 28 cm - Grey","1 pc","Cookware","BAY6",,,392.58988078014283,952.9288607929515,,51.55996,58.95621916357364,0.18305432299915742,0.15184,0.10061,0.1189,0,384.37681999762395
"2026-03-01","715ba4e6-0fcf-452c-9f7d-e86760b4a578",,"Bombay Kookware Kala Kruti Dosa Tawa 28cm","1 pc","Cookware","Bombay Kookware",,,439.8874838101812,950,,53.59868,53.80618014528737,0.27949885144544406,0.26221,0.26477,0.25325,0.32814,437.5194903813644
"2026-03-01","8a786bd6-26c5-440a-a894-a1940dcc6732",,"BAY6 Nonstick Dosa Tawa | 26 cm | Teal | Induction Compatible","1 pc","Cookware","BAY6",,,411.151671313436,674.1111107407407,,37.56444,39.230753941730455,0.14474143404235817,0.17821,0.04284,0.05063,0,401.1274628289274
"2026-03-01","f0e50262-132f-4676-9c35-7ac3f07cdddc",,"Femora Foged Die Cast Aluminium Non Stick 26 Cm Frypan Pack Of 1","1 pc","Cookware","Femora",,,675.5039682539683,1690,,1.29571,60.02935099088945,0.002831513361364347,0.0029,,,,845.9721460428266
"2026-03-01","915c2c99-5fa9-421e-bb29-adc41f56d441",,"BAY6 Stainless Steel Kadai -1.3 L","1 pc","Cookware","BAY6",,,124.27546757721176,499,,2.08129,75.05272687046683,0.02863480979668982,0.01689,,,,130.39720292783446
"2026-03-01","fb34e73d-13bb-4069-9a39-0f4adde1394f",,"Vinod Stainless Steel 2 Tier Steamer With Glass Lid - 24 Cm (Induction Friendly)","1 set","Cookware","Vinod",,,939,1925,,0.00107,51.22077922077922,0.006450489018492744,0.00984,,,,1108.5154185022027
"2026-03-01","49978e43-fc85-47c2-a2b8-1d879b61f06b",,"Femora Organic Iron Tawa 12 Inchconcave Shape Roti Tawa Dosa Tawa 1 Pc Zero Coating","1 pc","Cookware","Femora",,,592.0077846290426,850,,35.18852,30.467484668716065,0.05129730448810191,0.0722,0.08206,0.09698,0,594.991632891094
"2026-03-01","8b71b2fb-75f1-48bb-9b19-b004da51878b",,"Macclite Non-Stick Flat Tawa | 20 cm | Induction Compatible","1 pc","Cookware","Macclite",,,1061.3859254828178,2070,,37.65211,48.498606561412714,0.09686640718261295,0.12143,0.0357,0.04219,0,1135.1158367597673
"2026-03-01","7f3dbd46-0e45-464c-b572-84f0fce50277",,"Softel Tri-Ply Stainless Steel Fry Pan with Removable Handle | Gas & Induction Compatible - Silver","1 pc","Cookware","softel",,,857.0673820725109,1995,,15.07454,56.79509068048309,0.09770229003230801,0.10178,0.07423,0.08773,0,911.4556633514443
"2026-03-01","8607aa28-ebf2-45d1-8d39-53bd9bc9038b",,"Home Zone-Stainless Steel Induction Bottom Milk Pan 14Cm","1 pc","Cookware","Home Zone",,,108.6875,359,,0.66321,69.724930362117,0.0036089229469697067,0.00261,,,,118.92375231053605
"2026-03-01","6116647c-08b3-4e5f-92ec-2e924dfc9208",,"Kent Hard Anodised Sauce Pan","1 pc","Cookware","Kent",,,702.7980769230769,1400,,4.55485,49.8187735525865,0.002932040462951247,0.00254,,,,600.1063140852672
"2026-03-01","d2341fa2-ccb2-4153-bc44-7f36de8d9bfa",,"Macclite Non-Stick Kadai | 24 cm | Glass Lid | Induction Compatible","1 pc","Cookware","Macclite",,,1673.3086571945712,3170,,48.2218,46.98358898963307,0.08673159989096034,0.11374,0.16481,0.19477,0,1763.6859149933202
"2026-03-01","03d0fa9a-e80d-4983-ad91-b2d67b60dfa1",,"Jensons Small 19 cm 1 Ltr Heavy Kadai | Stainless Steel","1 pc","Cookware","Jensons",,,310.3809038630746,699,,53.4662,55.65056310615634,0.3113359520631846,0.28106,0.21432,0.25329,0,309.7895970287316
"2026-03-01","18629945-50e2-43a1-bc89-85d314360dba",,"Bombay Kookware Stainless Steel Kadai With Copper Bottom (2 Ltr)","1 pc","Cookware","Bombay Kookware",,,269.28020114495314,749,,67.26978,64.05024786663168,1.397097175175952,1.02417,1.54524,1.48428,1.88047,269.2671899082416
"2026-03-01","28f3b2ba-0fc4-402e-92d0-2a78c7b2b335",,"Jensons Cuisine Dosa Tawa 25 cm (5 mm) Induction Compatible","1 pc","Cookware","Jensons",,,558.016295942982,1385,,37.38879,59.89522117006943,0.17570880768620267,0.1725,0.14568,0.17216,0,583.0626555414935
"2026-03-01","938bc020-2773-4bd9-9940-8d7d80c21d1e",,"Jensons Cuisine Dosa Tawa 28 cm (5 mm)","1 pc","Cookware","Jensons",,,640.4272210142385,1575,,44.8435,59.17431676493161,0.10526360352333601,0.10099,0.03399,0.03842,0.00963,660.749041333998
"2026-03-01","02ff1912-1d10-4415-969b-ac3380761c22",,"Wonderchef Tivoli Non-Stick Fry Pan | 24 cm | 1.5 L | Induction Compatible","1 pc","Cookware","Wonderchef",,,527.3837770818817,1732.304146834171,,25.08444,69.49373081373507,0.5366463395788875,0.33605,0.15529,0.18353,0,522.3671112491724
"2026-03-01","4c285251-a555-42cb-b424-3dc59e003dff",,"Macclite Non-Stick Tawa | 22 cm | Induction Compatible","1 pc","Cookware","Macclite",,,1110.4000346744115,2170,,44.90972,48.57207477432269,0.10925369173048936,0.14586,0.04493,0.0531,0,1198.4301525987173
"2026-03-01","74b9ab5e-4b39-473d-8345-101c8d99e255",,"BAY6 NonStick Cookware Set (Dosa Tawa 26 cm + Fry Pan 24 cm + Kadai 22 cm with Glass Lid 3 mm) - Teal","1 set  (4 pcs)","Cookware","BAY6",,,1192.6222788576329,2292.9104869387756,,57.79829,47.951292460516015,0.15051989938674248,0.16188,0.13995,0.10864,0.31213,1190.3864179186337
"2026-03-01","ea287cd8-46c0-4611-b2be-8af083b16891",,"BAY6 Stainless Steel Kadai -2.3 L","1 pc","Cookware","BAY6",,,187.2156223893066,749,,1.75909,75.09231709298466,0.03262774627172148,0.0157,,,,181.800876390349
"2026-03-01","cf7dd018-0dca-4840-a658-100d37146d88",,"Limetro Steel Triply Kadai With Lid | Capacity - 2 L","1 pc","Cookware","Limetro Steel",,,989,3499,,7.24541,71.7347813661046,0.00586240547420938,0.00338,,,,989
"2026-03-01","6b7b679e-74bd-416c-bff3-4736886b7fe7",,"BAY6 Premium Imported Borosilicate Baking Dish Square - 1.6 L","1 pc","Cookware","BAY6",,,421.2563070092249,1099,,53.27418,61.69115853308247,0.22038807798650034,0.17124,0.03441,0.04066,0,419.334543826727
"2026-03-01","6daafcf1-0109-46e4-ac0f-d038e512b8ad",,"Cello Crown Non-stick Taper Pan/Frying Pan | 22 cm - Maroon","1 pc","Cookware","Cello",,,379.83333333333337,1159,,1.73863,67.2274949669255,0.00324283675202408,0.00313,,,,444.93891306202545
"2026-03-01","0941513b-6f24-4f93-a702-eec4a5eef850",,"Bombay Kookware Set ( 2Fry Pan + Spoon )","1 set (3 pcs)","Cookware","Bombay Kookware",,,441.5680653750301,1080,,4.45556,59.00664828918845,0.034072655811863854,0.02922,0.00086,0.00101,0,421.97468061965577
"2026-03-01","c504d75a-f132-4eef-95b0-9bf2ffa09766",,"Wonderchef Pre-Seasoned Ferro Light 28Cm Kadhai | 3.2L","1 pc","Cookware","Wonderchef",,,1090.8848116752497,2720,,33.80793,60.374740843063556,0.370046962748151,0.27676,0.07556,0.0893,0,974.1925637914807
"2026-03-01","f27ea17b-e256-462e-8ae5-4521be5fccc2",,"Wonderchef Tivoli Non-stick 4 Pc Cookware Set | Purple","1 pack (4 pcs)","Cookware","Wonderchef",,,1556.6728893392794,3827.1818036458335,,18.26874,59.31825218833867,0.1450083334970714,0.1209,0.00002,0.00002,0,383.48568038351715
"2026-03-01","27bcbe65-73b5-4178-99e7-b63106ba8a5c",,"Tramontina Fusao Triply Ceramic Fry Pan | 24 cm | Stainless Steel Lid | Induction Compatible","1 pc","Cookware","Tramontina",,,3616.047383713656,5695,,44.84387,36.522862668991074,0.10887152119928986,0.13782,0.22689,0.26815,0,3574.361429361503
"2026-03-01","8b8f49bc-0889-4af1-a762-1eb059bbc385",,"Macclite Non-Stick Tawa | 28 cm | Induction Compatible","1 pc","Cookware","Macclite",,,1417.2163430215642,2770,,47.19674,48.901935801884555,0.13380006430563998,0.16717,0.01454,0.01718,0,1418.4836961531648
"2026-03-01","a562890d-f005-4842-b2b3-963fc1a11495",,"Greenchef Pre Seasoned Tawa Zesto 300Mm Tawa 30 Cm Diameter��(Cast Iron, Non-Stick)","1 pc","Cookware","Greenchef",,,,,,0,,0,0,,,,
"2026-03-01","d4f43e5a-8174-42c4-86f4-fdc56fe9cd08",,"Vinod Zest Non-Stick Flat Multi Tawa - 32.5 Cm","1 pc","Cookware","Vinod",,,749.5537634408602,1519.4354838709678,,2.53126,50.66893123153407,0.011176938244770155,0.01303,,,,808.3763872374159
"2026-03-01","9d49e1e8-758e-42f2-853d-5d0e15521124",,"Tramontina Fusao Triply Ceramic Dosa Tawa | 28 cm | Induction Compatible","1 pc","Cookware","Tramontina",,,3350.0446697352504,4506.487903225807,,65.23529,25.658457077924663,0.09268380957592066,0.13193,0.05633,0.06658,0,3148.242300825287
"2026-03-01","da6c2b9a-7700-4119-9edb-2a0318e19199",,"Vinod Hard Anodized Tawa -25 Cm","1 pc","Cookware","Vinod",,,463.7471046025734,1024.2482113541666,,2.20318,54.72409884113519,0.006919615492564943,0.00617,,,,412.850084172236
"2026-03-01","d2bd1bdf-e7ff-4239-8d69-50db60c63e39",,"Omega Saucepan","1 pc","Cookware","Omega",,,389.6666666666667,450,,0.00927,13.407407407407407,0.0015079065238034987,0.00184,,,,272.9008620689655
"2026-03-01","5fc07db9-7d92-4e0d-bfb4-9bb591087f01",,"Macclite Non-Stick PDC Granite+ Induction Base Butter Scotch Triumph Frying Pan 22 cm With Glass Lid","1 pc","Cookware","Macclite",,,1306.8670026086018,2470,,17.01692,47.090404752688194,0.05251586050450444,0.07172,0.01309,0.01547,0,1421.2600983207883
"2026-03-01","84ca8538-f810-469b-b7d4-4496155b5647",,"Femora Foged Die Cast Aluminium Non Stick 20 Cm Frypan Pack Of 1","1 pc","Cookware","Femora",,,572.665514592934,1320,,0.47002,56.616248894474694,0.004423192469823596,0.00587,,,,694.2380283323521
"2026-03-01","9edd5470-3594-4572-a41c-9e7d915f657e",,"Macclite Non-Stick Tawa | 26 cm | Induction Compatible","1 pc","Cookware","Macclite",,,1376.9602375536715,2670,,43.0762,48.428455522334396,0.05676815690163031,0.07702,0.02383,0.02817,0,1322.0860710478094
"2026-03-01","de0814b7-3e3d-4769-a3a1-e2e231f53ff6",,"Macclite Non-Stick Frying Pan | 20 cm | Induction Compatible","1 pc","Cookware","Macclite",,,1145.323374037715,2170,,48.37607,47.22012101208687,0.04304704526086504,0.05729,0.30553,0.36108,0,1108.7296792757054
"2026-03-01","fbb1134e-4d78-4e61-9f83-77510bc5a9d2",,"Bombay Kookware Stainless Steel Hammered Kadai 255 Cm","1 pc","Cookware","Bombay Kookware",,,369,1785,,0.3807,79.32773109243698,0.0029906812722102724,0.00119,,,,349.18878400888394
"2026-03-01","d2e66a45-61ef-43d6-b0f2-01300275e8ed",,"Eleenova Aspire Non | Stick Cookware | Fry Pan 24 Cm","1 pc","Cookware","Eleenova",,,829.0607317007823,1190,,40.19646,30.331033300276076,0.022390233791280908,0.03182,0.0446,0.01181,0.22494,829.0009725533785
"2026-03-01","3ce2c458-ebdc-40ba-a0d8-14778482f2e5",,"JASCO Stainless Steel Net Cover Lids 8-9-10 in","1 pack (3 pcs)","Cookware","JASCO",,,265,320,,3.03867,17.1875,0,0,,,,88.33333333333334
"2026-03-01","b1ce4fed-dbad-40e3-90eb-9442ea0aa63a",,"Pigeon Imperi Cast Iron Long Handle Tawa 280","1 pc","Cookware","Pigeon by Stovekraft",,,999,2095,,0.35641,52.315035799522676,0.007020142594151844,0.00683,,,,999
"2026-03-01","4dcf8777-67df-4373-abed-b71ae5fc88ea",,"Carote Frying Pan 24cm Cosy White","1 pc","Cookware","CAROTE",,,982.5749999999999,2999,,0.00074,67.23657885961987,0.006682874168327794,0.00435,,,,956.7339042714632
"2026-03-01","6b9d4a6a-e8be-4f7d-8631-186f7dd1f43d",,"Macclite Non-Stick PDC Granite+ Induction Base Butter Scotch Triumph Sauce Pan 18 cm","1 pc","Cookware","Macclite",,,996.3310378059598,1970,,7.21559,49.49762285145577,0.035613903824360346,0.04115,,,,966.0245076010638
"2026-03-01","59bd7f02-e291-4608-b7a2-776ee89b829f",,"Agaro Royal Honey Comb Kadai 24 cm, Durable & Triply Steel with Honey Comb, 4 mm thick plate","1 pc","Cookware","Agaro",,,2159.144668158091,3799,,12.25088,43.16547239526971,0.03239804184459542,0.03757,0.0322,0.03805,0,2159.0011066105144
"2026-03-01","d7ea2014-38c6-4d49-a644-03220830baa4",,"Femora Borosilicate Glass Microwave Safe Round Food Storage Container With Air Vent Lid 380Ml","1 pack (2 pcs)","Cookware","Femora",,,156.375,330,,2.86738,52.61363636363637,0.0005528990587279495,0.00048,,,,69.60435435435436
"2026-03-01","02d0bc02-6df9-43bf-9777-609376eada76",,"Wonderchef Duralife Die-Cast Non-Stick Grill Pan Ivory 24 Cm","1 pc","Cookware","Wonderchef",,,920.1735099450559,2000,,8.25422,53.90286907105312,0.04624246672997396,0.05063,0.02226,0.02631,0,904.7992308286626
"2026-03-01","a9ca8219-13fe-4530-91ab-fb2b6e3e016a",,"Macclite Non-Stick Tawa | 32 cm | Induction Compatible","1 pc","Cookware","Macclite",,,1598.3372274939345,3170,,48.52832,49.478444406248165,0.16007902147664077,0.17887,0.11484,0.13573,0,1650.600128198821
"2026-03-01","cd6f34fb-2a4a-4b46-8d80-d8da828092ed",,"Milton Pro Cook Kitchen Jewel 5 Pc - Frypan 24Cm | Kadhai 2.5L With Lid Tawa 25 Cm","1 pack (5 pcs)","Cookware","procook",,,1653.7320910455098,5451.185190828729,,21.36109,69.94377794946848,1.527058444562327,0.91584,0.02557,0.03022,0,321.5110082578503
"2026-03-01","c6faeca6-8469-4bbc-84d2-1a856f1e379f",,"Jensons Pro Wellness Dosa Tawa 30 cm Induction Compatible","1 pc","Cookware","Jensons",,,461.16937167509445,875,,31.65166,47.34538967293115,0.36124279919117025,0.38737,0.36241,0.20342,1.23678,460.49215055685755
"2026-03-01","69e92230-878f-426b-b7ca-efbc8061e462",,"Macclite Non Stick PDC Granite+ Induction Base ButterScotch Sauce Pan 16 cm","1 pc","Cookware","Macclite",,,1126.4882247868695,2270,,12.46809,50.429007101397296,0.0726805918118207,0.09096,0.0949,0.11216,0,1084.5250468215309
"2026-03-01","5665d140-593f-4b1c-a186-1f721a767658",,"Tramontina Aeion Triply Kadai | 26 cm | Stainless Steel Lid | Induction Compatible","1 pc","Cookware","Tramontina",,,3360.315478096657,4495,,61.1832,25.53559782321697,0.19573531422883692,0.26064,0.08392,0.09918,0,2934.4914105010876
"2026-03-01","afcdebf1-634d-4f32-bbd7-e4f1816bff8e",,"Khatana 14 g Plain Kadai 5","1 pc","Cookware","khatana",,,515.8013275549829,1799,,22.1946,70.69375923481414,0.05940883631514887,0.04425,,,,608.0840998585311
"2026-03-01","a5a4004e-924a-44c2-88ce-e5261410b2d1",,"Jensons Capsul Bottom Patila with Lid | 11 Inch Induction Compatible","1 pc","Cookware","Jensons",,,315.1274418143907,705,,12.41382,55.296794778923996,0.04818113188407733,0.04392,0.00878,0.01038,0,315.52463513202036
"2026-03-01","289c651e-d324-44c3-b5ad-1f2d853113e1",,"Jensons Triply Stainless Steel Kadai with lid 3.5 Litre| 2.5mm Thick Induction Compatible","1 pc","Cookware","Jensons",,,1399.2675470517054,3238,,74.47029,56.774776234277134,0.6509590576967376,0.57312,1.0148,1.19618,0.01731,1401.531704291807
"2026-03-01","6fa80f82-8491-4b2b-abc1-748a56945e79",,"Agaro Regency Triply Steel Kadai with Lid, 26 cm, Triply Steel with Honey Comb, 4 mm thick plate","1 pc","Cookware","Agaro",,,1919.3901061621968,2499,,12.01608,23.193762425605158,0.02026492331856453,0.03175,,,,1919.005535586781
"2026-03-01","9f1f4d25-a132-4b96-a0a7-090812f0f3df",,"HAZEL Stainless Steel Kadai with Copper Bottom - 1 Liter | Copper Bottom Cooking Pan","1 pc","Cookware","Hazel",,,354.41666666666663,1079,,0.18779,67.15322829780662,0.0018078123768710834,0.00167,,,,346.52926678989525
"2026-03-01","00399abe-6d63-444e-8671-e347fa4afcf9",,"Macclite Non-Stick PDC Granite+ Induction Base Butter Scotch Triumph Frying Pan 26 cm","1 pc","Cookware","Macclite",,,1298.9800903487264,2570,,24.23059,49.413086224007415,0.05769920540749432,0.0726,0.02656,0.03138,0,1341.9984863373832
"2026-03-01","36a17d5e-2084-46c5-a807-1bfd964dd54e",,"Agaro Regency Triply SteelKadai with Lid, 24 cm, Triply Steel with Honey Comb, 4 mm thick plate","1 pc","Cookware","Agaro",,,1649.079569892473,2999,,6.90438,45.0123517875134,0.005074943178445331,0.00569,,,,1649.0031342651419
"2026-03-01","6ebbc350-3911-4969-bdde-54cf3499f256",,"Jensons Cuisine Non Stick Appe Maker ( 12 Cups )","1 set","Cookware","Jensons",,,629.3457869106462,1050,,81.33305,40.06265550956476,0.13132609233558637,0.16051,0.29681,0.33802,0.07021,629.3211067952747
"2026-03-01","875e0e60-fb5b-4c22-9e28-af4b1ab0d5ba",,"Wonderchef Tivoli Non-Stick Dosa Tawa | 28 cm | Induction Compatible","1 pc","Cookware","Wonderchef",,,608.4745592206312,1669.2588838306453,,77.03757,63.49342379278758,3.682927983344935,2.74096,0.75271,0.88958,0,607.5486473403535
"2026-03-01","f68e3b48-fc6f-432e-91ba-0a9e1e9b7d62",,"Agaro Elite Hard Anodised Tadka Pan, Riveted handle, 4 mm thick plate, Gas Oven Compatible","1 pc","Cookware","Agaro",,,198.99856853068698,348.8782366935484,,53.49192,42.9640945351102,0.12328559966032748,0.14347,0.04596,0.05432,0,199.0011470138414
"2026-03-01","b835a45b-a10c-4e6c-af67-7173dd8c6e08",,"Borosil 3 L Oval Baking Dish, Borosilicate Glass Bake and Serve Dish Tray","1 pc","Cookware","Borosil",,,878.8245620067713,1095,,22.68619,19.88300724793742,0.025024546488365617,0.03636,0.04951,0.05851,0,779.7722863133725
"2026-03-01","c7ccde82-6afa-4185-a8f9-61a051b73acc",,"Jensons Non-stick Mini Pan/Egg Pan/Frying Pan 12cm x 3.5cm","1 pc","Cookware","Jensons",,,270.96189881385885,420,,63.08087,35.47642675003752,0.30988383808076175,0.40794,1.58752,0.84441,5.67424,271.0772163829852
"2026-03-01","c3b2cb32-769a-4f12-872a-76294fb333d9",,"Jensons idly cooker with 24 idly Plate","1 set","Cookware","Jensons",,,1199.4411764705883,2499,,43.08176,52.003154202857615,0.004186953781094381,0.00345,0.12933,0.00273,0.82561,1050.0020000000002
"2026-03-01","9085bdf2-d1ef-48cc-a0e9-a0988facd569",,"MaccliteNon-Stick Deep Fry Pan | 24 cm | Induction Compatible","1 pc","Cookware","Macclite",,,1307.6172529865307,2470,,34.22113,47.10773401419497,0.13925600519909964,0.16706,0.1238,0.14631,0,1284.9056518787183
"2026-03-01","835efa77-e3cf-4a59-97b4-16ee85069f9f",,"Hawkins 30 Cm Die-Cast Multi Snack Pan With Glass Lid, Nonstick Mini Uttapam Tawa, Red (Dcms30G)","1 pc","Cookware","Hawkins",,,1640.7659574468084,1875,,2.35535,12.492482269503546,0.007194054479897181,0.01283,,,,1639.161649334063
"2026-03-01","7cb7bd54-ffc2-428a-89ad-3553fcb41460",,"Jensons Cuisine 25cm Non-Stick Omni Tawa | Induction Base | Metal Spoon Friendly | Sturdy Handles","1 pc","Cookware","Jensons",,,,,,0,,0,0,,,,
"2026-03-01","726a98a8-86a2-4d94-819a-751ce6ed580c",,"Prestige Omega Deluxe Granite Aluminium Non-Stick Cookware Dosa Tawa 30cm,Metal Spoon Friendly,Black","1 pc","Cookware","Prestige",,,1112.908370799454,1846.4820430737705,,52.63979,40.03830546151905,1.1322416039831638,1.38397,0.67153,0.70015,0.51413,1112.3176517174315
"2026-03-01","926387b0-c47c-4bbe-a624-08e651711098",,"BAY6 Stainless Steel Dakshin 3-in-1 Multi Kadai","1 set","Cookware","BAY6",,,874.3798093442749,1965.461778734694,,75.13206,56.120276108641804,0.2836100748100096,0.23887,0.23416,0.17414,0.56423,814.7479892511624
"2026-03-01","dd77e2a1-6a72-45c3-b4a6-63d9b674ee30",,"Macclite Non Stick PDC Granite+ Induction Bottom Butter Scotch Kadai 240 mm with glass Lid","1 pc","Cookware","Macclite",,,1563.998823311115,2970,,17.76343,47.1415275147881,0.07712941869254895,0.10084,0.04151,0.04905,0,1630.501441677649
"2026-03-01","0a640f39-d3d9-4164-978a-14254d8de2f2",,"Jensons Pro Wellness Kadhai Without Lid 30 cm Induction Compatible","1 pc","Cookware","Jensons",,,,,,0,,0,0,,,,
"2026-03-01","0a9e38ca-f319-481e-b91e-6eda2e556095",,"Petals 304 Food Grade Steel Mesh Jali Net Cover Lid | For Utensil-Milk-Curry | 20 Cm Diameter","1 pc","Cookware","Petals",,,108.6470588235294,209,,0.81867,48.01576132845483,0.0009349020447581692,0.00141,0.00023,0.00028,0,130.3299377475948
"2026-03-01","ecaf5325-2917-44e3-8d95-d13b029e3dec",,"Habitat Ceramic Kadai With Glass Lid Xtreme Coating 24 Cm","1 pc","Cookware","Habitat",,,1250.7457782787758,3300.416497572816,,48.20219,62.288123906111124,0.1504969456985468,0.10002,0.02094,0.02475,0,1069.0017625026014
"2026-03-01","851d21e3-47df-4c75-bb15-4392e6552981",,"Jensons Pro Wellness Dosa Tawa 27 cm","1 pc","Cookware","Jensons",,,264.6343137254902,780,,0.91464,66.06630036630035,0.009147966244407892,0.00702,,,,260.1528850826045
"2026-03-01","1aed29a8-d499-4255-83bf-8f6573278b71",,"Bombay Kookware Flat Tawa 32Cm","1 pc","Cookware","Bombay Kookware",,,496.5631040739767,1050,,60.9718,52.952954007749554,0.40817521692836906,0.38687,0.30639,0.23878,0.6782,489.75951457233424
"2026-03-01","ed2a1ea7-0ac7-4065-b699-842cb7d8e011",,"Silicone Muffin Mould Rose Set of 6 Pc","1 pack (6 pcs)","Cookware","Spine",,,98.36206896551724,495,,2.2923,80.12887495646116,0.002488045764275773,0.00132,,,,16.22551290536069
"2026-03-01","3ebd32b1-1e91-49af-a432-f9d022a987d4",,"Jensons Pro Wellness Frying Pan Without Lid 25 cm Induction Compatible","1 pc","Cookware","Jensons",,,278.77994227994225,830,,2.18362,65.52038381268345,0.0069531245264272444,0.00614,,,,333.7361225360266
"2026-03-01","c78949fb-ea6b-4987-b3ca-f8c280f1e7d6",,"Bombay Kookware Kala Kruti Fry Pan (24 cm) and Kadai (24 cm)","1 set  (4 pcs)","Cookware","Bombay Kookware",,,880.9487133724779,2000,,73.83691,55.925956175553196,0.4355839311760373,0.3911,0.53104,0.30802,1.75753,882.4297607987586
"2026-03-01","e08dc8dc-c815-4c39-b675-cfcf3a060dc6",,"Non-Stick Cookware Duo Pack Combo - Red | Non-Induction Base","1 pack (2 pcs)","Cookware","Pigeon by Stovekraft",,,633.4607789285956,1179.565464018265,,52.38971,46.31107632530774,0.29611631642809716,0.32411,2.51312,2.94319,0.14788,316.6415209444399
"2026-03-01","5021259f-0144-4641-868b-a63d2f502995",,"Wonderchef Milano Non Stick Cookware 4 Piece Set, Red/Black","1 pack (4 pcs)","Cookware","Wonderchef",,,1400.6762214550279,4199.323855776699,,10.90476,66.71148469806907,0.3337499772685077,0.26216,0.00443,0.00523,0,340.97405511516416
"2026-03-01","c9b76919-1fc0-4404-becc-ebc8a10e6a7f",,"Macclite Non-Stick Frying Pan | 24 cm | Glass Lid | Induction Compatible","1 pc","Cookware","Macclite",,,1347.1411494667814,2670,,42.36612,49.418681787646285,0.12149906551995898,0.15407,0.02892,0.03418,0,1405.724210446429
"2026-03-01","1672f0d5-6cbd-4c4f-aec6-cc6846a45b12",,"Pigeon Spl Ss 3 Pcs Ib Set (K220F 220 Sp160)","1 set (3 pcs)","Cookware","Pigeon by Stovekraft",,,1499,2795,,1.4428,46.368515205724506,0,0,,,,1499
"2026-03-01","1103f46c-0ca6-4b2b-8652-5056fa88d58e",,"Fackelmann Quartz Nonstick Casserole w Glass Lid 32cm BPA-Free All Stoves Compatible Anti-scratch","1 pc","Cookware","Fackelmann India",,,1550.8915886377001,4399,,41.25957,64.84396741934631,0.42136102175318413,0.34327,0.00102,0.0012,0,1522.2871106936223
"2026-03-01","600f93a7-6a2d-4aad-8002-c299052d2c3e",,"BAY6 Stainless Steel Idli Plate Round - 16 Big & 16 Small Idlis","1 set","Cookware","BAY6",,,491.20718938170677,1037.6103948373984,,46.42905,52.83397317512686,0.18005375656195782,0.17241,0.43748,0.51703,0,484.93736195604123
"2026-03-01","4dfad5d0-7e0a-4b16-82e7-2dff253a9cac",,"Femora Borosilicate Glass Microwave Safe Square Food Storage Container With Air Vent Lid 500Ml","1 pc","Cookware","Femora",,,222.84808674100952,420,,4.58152,46.940931728331066,0.0023432867379906365,0.00363,,,,192.91202623954013
"2026-03-01","a6f18e51-4520-44c5-a6ca-9b8ab97819bd",,"Hawkins Futura 1.5 Litre Non Stick Kadhai With Stainless Steel Lid, Kadhai Black (Nk15S)","1 pc","Cookware","Hawkins",,,1072.4437086092714,1390,,15.15182,22.845776359045214,0.021728430372500482,0.03043,0.03182,0.03761,0,955.359550390318
"2026-03-01","1e118b78-9982-4dbf-b5cc-8babfe11555a",,"Macclite Non-Stick Tawa | 22 cm | Induction Compatible","1 pc","Cookware","Macclite",,,1021.0347850881479,2070,,39.86784,50.6746480633745,0.061594965684325306,0.07865,0.01241,0.01466,0,1108.0614979471502
"2026-03-01","16086e91-ace5-4ba8-b220-353879f87515",,"Jensons 3 Plates SS Idli Stand for 3 Liter Cooker | 9 Big Size idli Maker Stand, 3 Plates","1 set","Cookware","Jensons",,,175.52257887350558,375,,28.17618,53.25454534757542,0.5318775014247743,0.50693,2.06837,1.53852,4.98232,175.2514123886459
"2026-03-01","e8606937-ee4d-4816-81e7-147d6b3b21ad",,"Hawkins Idli Stand For 5 Litre Cooker 12 Idli Pan For 5 Litre And Bigger Pressure Cookers - Silver","1 set","Cookware","Hawkins",,,305.80476466475994,350.499890489796,,47.60088,12.754772081055666,0.14394559448812852,0.25622,0.41896,0.49514,0,305.4962871094167
"2026-03-01","4c63214c-85d9-4208-9997-4dd937b058c0",,"Classic Essentials 3 Layer Stainless Steel Induction Bottom Triply Kadhai 24cm Dia. 2.5l Capacity","1 pc","Cookware","Classic Essentials",,,949,1630,,8.34699,41.77914110429448,0.015484692092938127,0.01839,,,,949
"2026-03-01","e682d7f7-8f1a-4f5e-9dc1-bde5a8774f0f",,"Jensons Capsul Bottom Saucepan with Lid | 13 Inch Induction Compatible","1 set (2 pcs)","Cookware","Jensons",,,468.4652406417112,1075,,7.35754,56.42183807984082,0.018011273246155545,0.016,0.00275,0.00325,0,233.77699386425903
"2026-03-01","e1dbf546-0416-4674-bced-8cc464146d9c",,"The Indus Valley Super Smooth Cast Iron Tawa for Dosa/Chapathi | 25.4cm/10 inch, 1.8kg","1 pc","Cookware","The Indus Valley",,,1235.8374086513063,2112.5896785080645,,80.28951,41.50085393193682,0.9113523983952527,1.08697,0.838,0.97669,0.07527,1234.0879941285723
"2026-03-01","8d6a46d3-5452-4bee-8fcb-7266f3110745",,"Deepam 3pcs Granite Gift Set Blue","1 pack (3 pcs)","Cookware","deepam",,,929,2995,,0.60864,68.98163606010017,0.005017977820879421,0.00318,,,,309.6666666666667
"2026-03-01","3595ae5d-d8f7-4ff7-a82f-9c35b9179ba3",,"Bombay Kookware Kala Kruti Fry Pan - 24 cm (1.5 L)","1 pc","Cookware","Bombay Kookware",,,440.0521466233772,960,,63.36957,54.2764730437695,0.1245088469414708,0.11278,0.27247,0.21337,0.59754,426.3214651069345
"2026-03-01","a1a2a8b9-2a10-42a2-a782-735b0a6c15d3",,"Hawkins 24 Cm Frying Pan, Triply Stainless Steel Fry Pan, Induction Frying Pan, Silver (Ssf24)","1 pc","Cookware","Hawkins",,,1443.2671384038356,1648.225806451613,,12.07788,12.435108541894694,0.01682656135395393,0.03014,,,,1443.6693453635241
"2026-03-01","9de98aaf-307e-466e-a867-468070246bc4",,"Vinod Platinum Triply Stainless Steel Extra Deep Kadai With Lid- 24 Cm, 3.2 L (Induction Friendly)","1 pc","Cookware","Vinod",,,1693.7357946758243,3851.991606666666,,49.65746,56.099756984718844,0.7675857421479488,0.72175,0.12772,0.15094,0,1674.2221211868855
"2026-03-01","79c86f87-34b8-405c-a1fd-f7766198e5c7",,"Wonderchef Galaxy Dosa Tawa 28Cm, Midnight Blue, 2 Years Warranty","1 pc","Cookware","Wonderchef",,,823.0678388895346,1274.9192264516125,,77.07589,35.71169162540526,0.3501191403102412,0.45429,0.27399,0.3238,0,807.4486738626691
"2026-03-01","e30b3573-5fce-4ca4-af3b-413206f5104c",,"Classic Essentials Triply Stainless Steel Induction Bottom Kadhai With Lid 28cm Dia. 4.2l Capacity","1 pc","Cookware","Classic Essentials",,,859,2449,,1.44538,64.92445896284198,0.008206362392877262,0.00587,,,,859
"2026-03-01","55099d80-cad8-44ac-90b7-1b412e296db5",,"Magnus Appam Patra With Stainless Steel Lid | 12 Cavity Non-Stick Pan | Paniyarakkal With Lid","1 pc","Cookware","Magnus",,,474.42171225837916,814.2071423655913,,25.49302,41.70767344327118,0.14087248099261698,0.16834,0.0908,0.07793,0.16163,476.05558795421734
"2026-03-01","f9ea7a54-236e-4f3c-b86c-3e3e270aa3ba",,"Macclite Non-Stick Casserole | 28 cm | Glass Lid | Induction Compatible","2 pcs","Cookware","Macclite",,,2498.2895411015966,4870,,43.24224,48.70152467636354,0.1183936158067703,0.1429,0.13583,0.16053,0,2495.0689985801478
"2026-03-01","6baaaa9d-d7db-4ddc-a37a-e596da3a0a00",,"Milton Pro Cook Kitchen Jewel 3 Pc(Fry Pan 24 Cm; Kadhai 24 Cm With Glass Lid & Tawa 25 Cm) Purple","1 pack (3 pcs)","Cookware","procook",,,1285.4008840587817,5000,,3.7741,74.29356679917498,0.12205665584342765,0.07207,,,,438.96796557819226
"2026-03-01","2fda2914-819b-4cdb-8095-c31eaafd6b3e",,"Femora Borosilicate Glass Baking Dish, Lasagna Dish Paneer Tikka Baking Dish 1.8 Ltr","1 pc","Cookware","Femora",,,,,,0,,0,0,,,,
"2026-03-01","c4ad6145-38b8-4908-822a-2ad1afd8ab5b",,"Fackelmann Nonstick Kadai with Glass Lid 26.5 cm Grey","1 pc","Cookware","Fackelmann India",,,954.5506388916771,1799,,36.27537,47.52269426929112,0.16439113149921086,0.19747,0.03327,0.03932,0,889.8818924574484
"2026-03-01","5bda887c-8d05-4a6d-8b8f-af6940fd46a4",,"Hawkins Futura 2.5 Litre Deep Fry Pan Non Stick Kadai With Stainless Steel Lid Round Bottom - Black","1 pc","Cookware","Hawkins",,,1532.177793040293,1750,,5.75625,12.449309335524298,0.05717478902754933,0.10206,0.00014,0.00016,0,1530.854215931072
"2026-03-01","e1f67094-42e7-4225-b44a-4c320721efef",,"Vinod Platinum Triply Stainless Steel Extra Deep Kadai With Lid- 22 Cm, 2.5 L (Induction Friendly)","1 pc","Cookware","Vinod",,,1597.5800682177298,3450,,0.87386,53.418565986002875,0.031213665042732423,0.0369,0.02419,0.02859,0,1902.272755657085
"2026-03-01","43ddfe09-c8e6-462d-8253-177261f363c7",,"Femora Rectangle Baking Dish 1L Borosilicate Glass Microwave & Oven Safe","1 pc","Cookware","Femora",,,267.1259259259259,550,,0.00683,51.43164983164983,0.0027644952936397476,0.00296,,,,288.64719235364396
"2026-03-01","17f27046-998b-4352-a4f7-4403f956a1bc",,"Wonderchef Duralife Die-Cast Non-Stick Dosa Tawa Ivory 28 Cm","1 pc","Cookware","Wonderchef",,,1172.811592404885,2000,,17.0177,41.75254437131673,0.02385843210995758,0.02788,0.01286,0.0152,0,1139.093485508545
"2026-03-01","f95424b2-51c1-4f73-a948-6573d58955ac",,"Macclite Non-Stick PDC Granite+ Induction Base Butter Scotch Triumph Frying Pan 20 cm With Glass Lid","1 pc","Cookware","Macclite",,,1103.4552932080355,2170,,30.09696,49.35811296574663,0.0962014204056156,0.1205,0.04724,0.05583,0,1088.455235119844
"2026-03-01","ef048301-3d53-4eb5-9823-918b9d1d35ca",,"Wonderchef Duralite Die-Cast Fry Pan 24 Cm, 1.2 L, Grey","1 pc","Cookware","Wonderchef",,,702.0086488150178,1300,,24.76605,46.073785416166764,0.07795374092556154,0.0824,0.03185,0.03764,0,667.7556110311639
"2026-03-01","3e0775a0-9612-4ef0-ae1d-fe778f3b0778",,"Hawkins 24 Cm Triply Stainless Steel Fry Pan With Glass Lid, Induction Frying Pan Silver (Ssf24G)","1 pc","Cookware","Hawkins",,,1716.459485407066,2010,,7.53022,14.604005701140995,0.018791531099639196,0.03285,,,,1725.2318205730692
"2026-03-01","b24443d7-a752-4c46-9f76-af28307cabf5",,"Softel�Stainless Steel Multi Kadai | 6-Pieces | Silver | 2 Litre","1 set  (6 pcs)","Cookware","softel",,,745.0111111111111,1695,,1.52408,56.04654211733858,0.008519671859489767,0.00785,,,,711.5986201033288
"2026-03-01","36542872-c085-46d9-b05a-f9fe305aa7f9",,"Vinod 5 Pcs Stainless Steel Tope Set Without Lid - 0.8 L, 1 L, 1.4 L, 1.8 L, 2.2 L","1 pack (5 pcs)","Cookware","Vinod",,,918.8465954606141,2060,,2.54533,55.11435377818873,0.02070858292690138,0.028,,,,233.85290357343487
"2026-03-01","f76015b8-e4c1-49cf-8500-bc203c5e9aad",,"Jensons Capsul Bottom Patila with Lid | 14 Inch Induction Compatible","1 pc","Cookware","Jensons",,,352.86279036914954,1045,,7.7752,66.29448744746743,0.07127706592849826,0.05747,,,,348.1762232767435
"2026-03-01","cfcbcbaa-f13f-447b-834a-2ba336c236eb",,"Wonderchef Pre-Seasoned Ferro Light 24Cm Grill Pan| 2.5Mm","1 pc","Cookware","Wonderchef",,,1179.1949449748129,2380,,70.05756,50.60395869270318,0.24547511882301912,0.24197,0.07762,0.09174,0,1143.6327819944931
"2026-03-01","f6484073-4a5c-4de7-a300-7a1a8becd7b1",,"Jensons Stainless Steel Tea Pan | 1100 ml | Induction Compatible","1 pc","Cookware","Jensons",,,134.40595855125025,399,,77.50698,66.54389934607312,5.44533612196811,3.63333,5.24111,6.00308,1.05058,133.4966006701207
"2026-03-01","d983827c-2d29-4460-831b-67119b1ebe8f",,"Cello Crown Non Stick Coating Induction Base Aluminium Dosa Tawa| 28 cm| Red","1 pc","Cookware","Cello",,,502.6623112659697,1395,,1.34933,63.96685940745736,0.007011765335686269,0.00669,,,,519.2540030219998
"2026-03-01","0b20922c-11ea-4060-b130-2c94eb9650b9",,"Bombay Kookware Tawa Pan 27Cm","1 pc","Cookware","Bombay Kookware",,,429.15339575966425,900,,81.50016,52.51223865236386,0.23342392988478158,0.22304,0.26458,0.24143,0.39189,421.5080963166561
"2026-03-01","6a718ecc-bd86-4841-9fe3-82bcb480b44b",,"Tramontina Titanex Cast Iron Deep Kadai | 26 cm | 4.6 L | Glass Lid | Induction Compatible","1 pc","Cookware","Tramontina",,,2619.253044089559,3695,,45.5368,29.86090505088701,0.13204988746701204,0.16123,0.00208,0.00245,0,2211.7537445902476
"2026-03-01","1012c8a7-125f-4457-a32c-af32a7cdf372",,"Macclite Non-Stick Tawa | 30 cm | Induction Compatible","1 pc","Cookware","Macclite",,,1497.0422948043426,2970,,33.39353,49.59453552847331,0.03980873222841236,0.04601,0.01256,0.01484,0,1504.5274301823524
"2026-03-01","158a78da-39f4-4108-813c-09afe8de2eb1",,"Stainless Steel Triply Kadai with Handle & Lid 24 cm | 2 Litre","1 pc","Cookware","Bombay Kookware",,,680.7391304347827,4000,,6.89297,82.98152173913043,0.01789382408246818,0.0065,,,,642.5278037383176
"2026-03-01","f2665d94-4467-4096-844f-f14a00c4b552",,"Vinod Legacy Pre-Seasoned Cast Iron Roti Tawa, 26 Cm, Induction Friendly, Black","1 pc","Cookware","Vinod",,,1221.6269207092892,2737.79554565445,,15.51561,55.10783409588555,0.13695946356334693,0.14918,0.12371,0.14621,0,1327.3113091127225
"2026-03-01","fb82b241-372b-401b-ac83-975933cbe622",,"Prestige Durastone HA Dosa Tawa - 30cm","1 pc","Cookware","Prestige",,,1676.2130536354325,2070,,5.58725,19.02352397896461,0.006936370009496093,0.01132,,,,1669.1064784108087
"2026-03-01","bfb09536-1344-4ae7-ab26-b717aa4845fd",,"Fackelmann Triply Kadai w SS Lid 30 cm","1 pc","Cookware","Fackelmann India",,,3090.426263606216,6899,,61.56959,56.28695932069365,0.37266033229907175,0.34313,0.00843,0.00996,0,2226.646839574708
"2026-03-01","a0019490-0c02-460c-ac67-2a05575d61c6",,"Eleenova Aspire Non | Stick Cookware | Flat Tawa 25 Cm","1 pc","Cookware","Eleenova",,,597.5968554503778,1150,,59.46795,48.59504648679451,0.19234939390222083,0.19668,0.14638,0.07273,0.55145,561.2119598116467
"2026-03-01","6748ca80-b92b-4b06-9f05-b3ec415fbe17",,"Macclite Non-Stick Square Fry Pan | Induction Compatible","1 pc","Cookware","Macclite",,,1198.6498443380308,2270,,39.66183,47.20303468958213,0.07260452630495327,0.09047,0.00259,0.00306,0,1154.7204085673045
"2026-03-01","f5f2ecd3-75db-4bd7-9f09-30b0accdc773",,"Jensons Cuisine Non Stick Frying Pan Without Lid 22 cm ( 1.2 Liter ) Induction Compatible","1 pc","Cookware","Jensons",,,270.42857142857144,905,,0.16786,70.11838989739542,0.0015162837822690735,0.00136,,,,270.42857142857144
"2026-03-01","5803ceba-4294-42f5-88ee-3033eca97955",,"Bombay Kookware Kadai 24Cm With Glass Lid","1 pc","Cookware","Bombay Kookware",,,556.0143426913166,1150,,47.65172,52.20328172427363,0.4686095972248736,0.45506,0.40838,0.26963,1.17142,544.0651011127412
"2026-03-01","0e0594a3-2175-4140-a91d-471ee592b1b8",,"Fackelmann 2.5 Liter Kadai 24 CM, Triply | German Quality | Energy-Efficient | Non-Toxic | Versatile Cookware | Hassle-Free Maintenance | Triply Stainless Steel kadai | Kadai for Cooking","1 pc","Cookware","Fackelmann India",,,2107.1976587736845,5296.239134512195,,63.93592,60.320218338112326,0.6166409482118324,0.49018,0.0632,0.07469,0,2069.327083872102
"2026-03-01","4bbb462d-c4c9-42fe-887b-b1f1ebc0d027",,"Vinayak Cookware Set (Kadai - 2600 ml Sauce Pan - 1000 ml Fry Pan - 1380 ml, Stainless Steel)","1 pack (3 pcs)","Cookware","Vinayak",,,463.6363636363636,1299,,0.37137,64.30820911190426,0.002176411749356383,0.00226,,,,219.44996180290303
"2026-03-01","3c3627f2-6156-44a0-aa4b-4752fcd72c58",,"Pigeon Storm Non-Stick Kadai | 30 cm | Induction Compatible","1 pc","Cookware","Pigeon by Stovekraft",,,926.8626822591718,1604.596785353982,,46.46608,42.341109445165124,0.6692792842351035,0.75692,0.21513,0.24452,0.05352,917.0366748625192
"2026-03-01","a4da5247-cd35-48fe-b8af-8f8fb8a3cc75",,"Non-Stick Waffle Pancake Maker - Gas Compatible, Super Heavy Thickness","1 pc","Cookware","Bombay Kookware",,,439,1750,,1.74449,74.91428571428571,0,0,,,,438.99999999999994
"2026-03-01","d58249ca-b419-4521-a6cd-706a75137ddc",,"BAY6 Premium Imported Borosilicate Baking Dish Square - 850 ml","1 pc","Cookware","BAY6",,,623.8097604476143,698.90014969163,,67.23896,11.614995931914933,0.08165280317362082,0.13103,0.17184,0.20308,0,562.0390426497233
"2026-03-01","ea2d244d-aa31-46be-9655-1941e6fe3174",,"The Indus Valley Super Cast Iron Kadai with Free Iron Tadka Pan |25.4cm/ 10Inch, 2.5Ltr, 2.4kg","1 pc","Cookware","The Indus Valley",,,1829.704,2500,,4.67566,26.81184,0.009089325435148867,0.01357,,,,1829.0158644312241
"2026-03-01","ec64cc97-46c1-438a-917e-e2e318d40348",,"Crystal Stainless Steel Idli Cooker (Dlx) 4 Plates Induction Compatible","1 set","Cookware","Crystal Cookware brand",,,837.4813931340639,1750,,35.17434,52.45303517205778,0.33293319456811415,0.31061,0.27137,0.32071,0,809.8496562461032
"2026-03-01","ca0f3411-443d-41ad-99ed-7993b8679473",,"The Indus Valley Iron Tawa with Free Wooden Spatula for Dosa/Chapathi | 30.2cm/11.8 inch, 2.4kg","1 pc","Cookware","The Indus Valley",,,1358.093920739754,2386.772655075758,,8.45431,43.1005756841131,0.0352243613057111,0.0398,,,,1333.4757329159079
"2026-03-01","0d6d572f-baef-43b2-a4d2-7a14b6923314",,"Jensons Cuisine Dosa Tawa 32 cm Induction Compatible","1 pc","Cookware","Jensons",,,540.647508256202,1345,,5.79144,59.69821197214457,0.08702966274716548,0.07945,,,,540.100964665005
"2026-03-01","fecd1816-0beb-475a-8d89-58c47b3ee14d",,"Macclite Non-Stick Casserole | 28 cm | Glass Lid | Induction Compatible","2 pcs","Cookware","Macclite",,,2191.8447874034987,4270,,34.06485,48.68497126094426,0.19924387761938908,0.26013,0.06386,0.07547,0,2195.9523110099985
"2026-03-01","f2f53674-fd3c-49d3-9e32-6b2035d7e376",,"Wonderchef Duralite Die-Cast Dosa Tawa 28 Cm, Grey","1 pc","Cookware","Wonderchef",,,708.4416875252739,1295.4121094000002,,25.96747,45.35149373298276,0.1264496901827752,0.13979,0.07752,0.09162,0,698.9782424647628
"2026-03-01","68c96b65-7957-44bd-a58a-01ff97b7c316",,"Hawkins Futura 33 Cm Dosa Tava Non Stick Dosa Tawa Big Dosa Tawa - Black","1 pc","Cookware","Hawkins",,,1598.123529817283,1802.2163534070794,,33.70319,11.253424737920964,0.17229725294868192,0.31487,0.01587,0.01876,0,1609.620239760432
"2026-03-01","38702e18-bd80-4f99-a9ba-1d3981b192f7",,"Macclite Non-Stick PDC Granite+ Induction Base Butter Scotch Triumph Frying Pan 28 cm","1 pc","Cookware","Macclite",,,1408.6915087036127,2670,,21.51946,47.205923713071726,0.05072899127379729,0.06703,0.01604,0.01895,0,1403.616161361008
"2026-03-01","abd00cb5-f117-4ab2-ad8e-0eaacda2898c",,"Eleenova Aspire Non | Stick Cookware | Fry Pan 20 Cm","1 pc","Cookware","Eleenova",,,651.9177929150621,960,,26.08835,32.09232285011626,0.01109819201519375,0.01558,,,,660.4075865685166
"2026-03-01","46d55592-6362-4d45-bc9e-307195b22313",,"Eleenova Aspire Non | Stick Cookware | Kadai With Glass Lid 20 Cm","1 pc","Cookware","Eleenova",,,856.0289568823822,1495,,57.29071,43.57089109431601,0.35588168886354093,0.38407,0.10205,0.05611,0.35473,800.1914964095429
"2026-03-01","b0a90d34-1819-4aef-9176-073350a8e7da",,"Judge By Prestige Ace NonStick Cookware set 2Pcs,FP 20cmOT 25cm,Durable Body,Low Oil Cooking,Red","1 pc","Cookware","Judge by Prestige",,,634.588785046729,1450,,5.22043,56.23525620367386,0.012754376013837925,0.01141,0.02168,0.02562,0,635.6543073831594
"2026-03-01","d512ffa9-f5ee-447c-bae7-060d74144938",,"Softel Triply Stainless Steel Tasla | Removable Handle | Gas & Induction Compatible","1 pc","Cookware","softel",,,874.0347207957585,1995,,54.87909,54.822940213345134,0.2095765557559986,0.22315,0.09861,0.11654,0,998.240084900382
"2026-03-01","4a25e133-fb5c-4504-983b-474f2338510f",,"Fackelmann Quartz Nonstick Dosa Tawa Full Flat 30 cm, German Tech, Induction, Dosa Tava, Chila 1.0 PIECE","1 pc","Cookware","Fackelmann India",,,1204.4161016949154,1930.084745762712,,2.09546,37.28068498859857,0.058570440287914124,0.07235,,,,1221.9939480074274
"2026-03-01","b862157e-3315-4337-b6a4-8108c25b2dc4",,"Jensons Deep Casserole/stew Pot Wire Handle -17 Inch (3.5 ltr) Induction Compatible","1 pc","Cookware","Jensons",,,639.5275835275836,1165,,9.48606,45.10492845256793,0.009759506112394867,0.01053,,,,613.4213065108285
"2026-03-01","c8b866ee-aaac-4796-bb83-c731bb32ba90",,"Femora Borosilicate Glass Microwave Safe Square Food Storage Container With Air Vent Lid 1200 ml","1 pc","Cookware","Femora",,,216.94622414622413,720,,7.59119,69.7943469227145,0.016888553066599185,0.01099,,,,225.08694897080912
"2026-03-01","d8182ccb-108d-4882-b82c-c1cdda46d371",,"Capsicum Silicone Kitchen Utility Ser of 6 (Multi Color)","1 set  (6 pcs)","Cookware","Capsicum",,,400.39700269877926,999,,46.21235,59.78689642638322,0.044656819247609926,0.03928,0.05107,0.06035,0,406.8473151106494
"2026-04-01","ef048301-3d53-4eb5-9823-918b9d1d35ca",,"Wonderchef Duralite Die-Cast Fry Pan 24 Cm, 1.2 L, Grey","1 pc","Cookware","Wonderchef",,,762.908885611876,1300,,22.87875,41.29347345391032,0.034134816406770574,0.03783,0.00077,0.00103,0,764.721108322305
"2026-04-01","c4f90bf8-2395-4fb9-aa82-84d05e924b6f",,"Tramontina Aeion Triply Kadai | 24 cm | Stainless Steel Lid | Induction Compatible","1 pc","Cookware","Tramontina",,,2935.1849874386726,3995,,52.80079,26.81412540371703,0.22708324958844264,0.28764,0.08052,0.10805,0,2690.569737704719
"2026-04-01","a83e19b1-8dfd-4a80-9ab1-bb85f31b723b",,"Wonderchef Non-Stick Appa Kara Cookware With 12 Cavities","1 pc","Cookware","Wonderchef",,,748.3516001175441,1067.670041244635,,46.61736,29.729702693208797,0.09860286091936837,0.13317,0.04424,0.05936,0,761.0034851720472
"2026-04-01","a18587c5-9fb1-4800-9473-b3f3fb427dd8",,"Hawkins 22 Cm Appe Pan Non Stick Paniyaram Pan With Glass Lid 12 Cups Pan - Red","1 pc","Cookware","Hawkins",,,1122.1266496495782,1250.7295280416663,,73.5946,10.416910683598,0.5887243781699765,0.99007,0.06447,0.08651,0,1118.821857495724
"2026-04-01","a0915356-b382-4981-a21f-655387bb371a",,"Vinod Platinum Triply Stainless Steel Kadai With Lid - 26 Cm ,3.2 L (Induction Friendly)","1 pc","Cookware","Vinod",,,,,,0,,0,0,,,,
"2026-04-01","16086e91-ace5-4ba8-b220-353879f87515",,"Jensons 3 Plates SS Idli Stand for 3 Liter Cooker | 9 Big Size idli Maker Stand, 3 Plates","1 set","Cookware","Jensons",,,180.35497046121495,375,,53.03139,52.012513210658916,0.8875317812422636,0.80088,1.90389,2.1646,1.14132,179.9652239531087
"2026-04-01","0cce9cae-1e99-4bdf-8284-30b808b410c7",,"Bombay Kookware Stainless Steel Hammered Kadai 23 Cm","1 pc","Cookware","Bombay Kookware",,,350,1540,,0.74216,77.27272727272727,0.014298666430863529,0.00611,,,,350
"2026-04-01","30feede1-2734-4f77-8d5e-e5178e1ef4b4",,"Femora Borosilicate Glass Baking Dish 520 ml","1 pc","Cookware","Femora",,,381.14285714285717,480,,1.08057,20.595238095238095,0.0008913454398460382,0.00132,,,,379.0608519269777
"2026-04-01","77632cbe-f5a1-4324-be3c-55038f12581e",,"Master 4Pcs Gift Set Dosa Tawa 28Cm + Frypan 24Cm + Kadai 24Cm + Glass Lid","1 pack (3 pcs)","Cookware","Master",,,1300.9208366529795,2280.304518648649,,5.7837,42.65811730850058,0.17715954859356595,0.19315,0.02041,0.00075,0.07793,434.8455757698434
"2026-04-01","cc41a601-a4c4-48a1-aca3-793857666936",,"Macclite Non-Stick Kadai | 22 cm | Glass Lid | Induction Compatible","1 pc","Cookware","Macclite",,,1869,2670,,43.16509,30,0.12474602267005268,0.16415,0.20195,0.27099,0,1868.9999999999998
"2026-04-01","cd5a10d7-c08b-4c79-8b22-3c0aa3068999",,"BAY6 Nonstick Dosa Tawa | 28 cm - Grey","1 pc","Cookware","BAY6",,,370.50672609836226,948.9535798245615,,40.57133,60.97817508093467,0.2700973521518128,0.19898,0.03273,0.04392,0,368.4674818891848
"2026-04-01","1b1de860-c05f-40d1-b3fe-3fcbc20ea293",,"Non-Stick Gas Toaster - Jumbo Gas Compatible, Heavy Thickness","1 pc","Cookware","Bombay Kookware",,,251.0484593837535,910,,26.27426,72.48441107292489,0.06042876409436215,0.03102,0.02032,0.02727,0,248.44914027204888
"2026-04-01","e03159c6-4c8c-4368-94c1-fa561dffa746",,"Tramontina Fusao Triply Ceramic Kadai | 20 cm | Stainless Steel Lid | Induction Compatible","1 pc","Cookware","Tramontina",,,4008.406887402576,5695,,51.55098,29.704525546738726,0.2040009309387963,0.27406,0.21856,0.29328,0,3764.4048863438034
"2026-04-01","7f3dbd46-0e45-464c-b572-84f0fce50277",,"Softel Tri-Ply Stainless Steel Fry Pan with Removable Handle | Gas & Induction Compatible - Silver","1 pc","Cookware","softel",,,,,,0,,0,0,,,,
"2026-04-01","36542872-c085-46d9-b05a-f9fe305aa7f9",,"Vinod 5 Pcs Stainless Steel Tope Set Without Lid - 0.8 L, 1 L, 1.4 L, 1.8 L, 2.2 L","1 pack (5 pcs)","Cookware","Vinod",,,1030,2060,,0.00008,50,0.0038253575126725808,0.0036,,,,206
"2026-04-01","5e16da58-7de3-4942-b7eb-d33e5718923b",,"Carote Kadhai with lid 24cm Cosy White","1 pc","Cookware","CAROTE",,,1729,3999,,0.00036,56.76419104776194,0.007426021695717306,0.00604,,,,1729
"2026-04-01","64d1669f-87f2-46b2-8700-fe95039aeadc",,"Jensons Capsul Bottom Patila with Lid | 12 Inch Induction Compatible","1 pc","Cookware","Jensons",,,381.13719043618465,785,,23.70709,51.43809923696368,0.08943091634335264,0.08177,0.0875,0.10333,0.04119,382.1914687987301
"2026-04-01","bd625eb8-bc2e-4a9e-ba3b-075f0e80da45",,"Tramontina Fusao Triply Ceramic Sauce Pan | 16 cm | Stainless Steel Lid | Induction Compatible","1 pc","Cookware","Tramontina",,,3297,5495,,60.14469,40,0.061939223220967926,0.06986,0.43455,0.58312,0,3297
"2026-04-01","a6560cf5-f133-43f2-b10a-99f6f8ae353b",,"Vinayak Milk/Tea Pan (Stainless Steel, 1.2 L)","1 pc","Cookware","Vinayak",,,270.811320754717,500,,1.56317,45.83773584905661,0.003713939332691826,0.00375,,,,268.559785261103
"2026-04-01","715ba4e6-0fcf-452c-9f7d-e86760b4a578",,"Bombay Kookware Kala Kruti Dosa Tawa 28cm","1 pc","Cookware","Bombay Kookware",,,431.303301416825,950,,42.47296,54.6423783947113,0.49548871667724775,0.42278,0.16963,0.13992,0.25654,430.88085275586326
"2026-04-01","44f082e0-c6dd-4cc8-8d3c-a1d5ffdca69d",,"Borosil Oval Baking Dish | Borosilicate Glass Serving | Microwave & Dishwasher Safe | 700 ml","1 pc","Cookware","Borosil",,,329.6293293606798,345,,40.72404,4.396832756228345,0.02479425898505063,0.04465,0.03614,0.0485,0,331.6236009377106
"2026-04-01","adb1ca0c-d66e-4efa-9cf3-5178be53f424",,"Macclite Non-Stick Kadai | 20 cm | Glass Lid | Induction Compatible","1 pc","Cookware","Macclite",,,1729,2470,,58.71961,29.999999999999996,0.054490175101387935,0.0717,0.0126,0.01691,0,1729
"2026-04-01","6116647c-08b3-4e5f-92ec-2e924dfc9208",,"Kent Hard Anodised Sauce Pan","1 pc","Cookware","Kent",,,681.8674698795181,1400,,6.20927,51.295180722891565,0.002599757532884278,0.00261,,,,745.2402159244265
"2026-04-01","299da7ea-82ee-48c0-bc30-aa517428cf22",,"Zenker Nonstick Square Cake Pan 23.4 Cm","1 pc","Cookware","Zenker",,,422.34582778761416,475.7134878111588,,66.44148,11.460005235782484,0.24052176766985478,0.39801,0.69242,0.92914,0,419.9676652395619
"2026-04-01","48be3bbe-b0f7-4759-9cd4-110454a1c785",,"Pigeon 4 Plates Stainless Steel Mini Idli Maker","1 set","Cookware","Pigeon by Stovekraft",,,830.228406401929,1592.3075268333334,,57.91363,47.618078499095105,1.8485360529092363,1.82248,1.2203,1.55733,0.23448,834.8462086248669
"2026-04-01","a3192d53-5874-4c24-8797-a53ca18ecaa7",,"Jensons Cuisine Grill Pan 24 cm Induction Compatible","1 pc","Cookware","Jensons",,,801.3076923076923,1510,,8.59611,46.933265410086605,0.019095404776001655,0.01972,0.00129,0.00163,0.00031,829.0359854133992
"2026-04-01","8018ff78-9785-437f-a31b-c7b42a4ddbdf",,"Milton Pro Cook Kitchen Pride 5 Pc | Frypan 24 Cm | Kadhai 2.5L With Lid Tawa 25 Cm","1 pack (5 pcs)","Cookware","procook",,,,,,0,,0,0,,,,
"2026-04-01","d983827c-2d29-4460-831b-67119b1ebe8f",,"Cello Crown Non Stick Coating Induction Base Aluminium Dosa Tawa| 28 cm| Red","1 pc","Cookware","Cello",,,,,,0,,0,0,,,,
"2026-04-01","b8dc898f-83cc-4d55-8d85-6b1952fb31f2",,"Macclite Non-Stick Kadai | 26 cm | Glass Lid | Induction Compatible","1 pc","Cookware","Macclite",,,2470.251298900776,3570,,43.71923,30.75200789742802,0.2338845866884012,0.30194,0.05154,0.06916,0,2451.800739138581
"2026-04-01","bcdf9357-2ac9-409f-9a58-4646f4586e56",,"Tramontina Titanex Cast Iron Flat Tawa | 30 cm | Induction Compatible","1 pc","Cookware","Tramontina",,,2299,2895,,64.7683,20.587219343696034,0.12439914073637923,0.1857,0.45353,0.60858,0,2299.0000000000005
"2026-04-01","ea0f609c-0e03-4e8b-8416-844b63453d9e",,"BAY6 Premium Imported Borosilicate Baking Dish Oval - 700 ml","1 pc","Cookware","BAY6",,,249.26211943677652,598.9621631428572,,58.28423,58.38645158085583,0.13787702657471787,0.10806,0.02121,0.02846,0,249.24754356425555
"2026-04-01","bbc9e7c8-e62a-43c3-9f60-4fe518cd4923",,"The Indus Valley Super Smooth Cast Iron Paniyaram Pan with Glass Lid | 9 Pit, 20.8cm/8.2inch, 2.7kg","1 pc","Cookware","The Indus Valley",,,1308.9348660292749,2031.7040348750004,,46.30478,35.58321965958123,0.245034389656042,0.29655,0.04947,0.01733,0.14348,1308.9655140859204
"2026-04-01","bca6262b-3266-430f-bd13-388a87bd4456",,"Agaro Royal Honey Comb Frying Pan 22 cm, Durable & Triply Steel with Honey Comb, 4 mm thick plate","1 pc","Cookware","Agaro",,,1559,3499,,9.7106,55.44441268933981,0.057828449470577976,0.04945,0.00029,0.00039,0,1591.5968080920527
"2026-04-01","265cbeb9-d3d9-4d3f-a944-0bbbbb7c62ab",,"Tramontina Titanex 30 cm Pre-Seasoned Cast Iron Reversible Grill Pan/Tawa, Non-Toxic, Snap-on Cool Touch Grips, Long Heat Retention, Ridges for Texture & Fat Release, Spill-Free Cooking w/Side Wall","1 pc","Cookware","Tramontina",,,2224.3333333333335,2995,,33.45667,25.963765897718616,0.2442669040929412,0.33623,0.03596,0.04825,0,2193.0790193385274
"2026-04-01","63b618f7-d398-45b3-b6cb-65697788fe77",,"Jensons Induction Friendly Saucepan | 12 Inch","1 pc","Cookware","Jensons",,,246.0729761904762,525,,56.72817,53.21661082250218,0.2351391553949845,0.20665,1.37282,1.84215,0,245.4530884284566
"2026-04-01","189c4060-6fbe-4f65-ba8a-6b972f1430d4",,"Trisara Idli Cooker / Idli Pot With 6 Plates (For 24-Idlies), Induction-Compatible, Stainless Steel","1 set","Cookware","Trisara",,,1134,2700,,1.43067,58,0.01002763619826793,0.00755,,,,1081.117560073937
"2026-04-01","cacbcb85-fc6e-485e-b641-660375ef05ef",,"Hawkins 1.5 Litre Tpan, Stainless Steel Tea Pan, Saucepan, Silver (Sst15)","1 pc","Cookware","Hawkins",,,982.4273148148147,1080,,31.27503,9.047030696315556,0.025470195943600546,0.04425,0.01255,0.00963,0.02108,983.7290986974069
"2026-04-01","1d5cbea0-0c28-49ef-ac38-6989f55cb4a6",,"Jensons Cuisine 3 Pcs Aluminium Cookware Set (Thickness 2.5 mm) Induction Compatible","1 pack (3 pcs)","Cookware","Jensons",,,1535.4705882352941,3430,,0.59938,55.23409363745498,0.019108217866699445,0.01633,,,,519.6408293769982
"2026-04-01","d512ffa9-f5ee-447c-bae7-060d74144938",,"Softel Triply Stainless Steel Tasla | Removable Handle | Gas & Induction Compatible","1 pc","Cookware","softel",,,1174.8536585365853,1995,,1.27468,41.38019467272833,0.02593258139052067,0.02675,0.00008,0.0001,0,1094.9438611527748
"2026-04-01","ebae9196-d7a2-4cce-9f37-a8e3adaed0db",,"Bombay Kookware Grill Pan - 22 cm","1 pc","Cookware","Bombay Kookware",,,382.2847220222523,810,,61.56877,53.09414551759535,0.5651976866791735,0.49819,0.97531,1.1502,0.46376,379.6912788590999
"2026-04-01","23cff3d9-67b9-48cb-8c88-f736a7675a19",,"Bombay Kookware Stainless Steel Kadai (2.5 L)","1 pc","Cookware","Bombay Kookware",,,292.2712720586029,699,,21.38683,58.20756626217672,0.7205083158754801,0.56583,0.24363,0.06789,0.75768,292.0914072391334
"2026-04-01","4a989c08-3a87-4bea-802a-f4e713bb6469",,"Tramontina Aeion Triply 30cm/5.7L Kadai with SS 304 Lid | Healthy Non Toxic | Kadhai for Curry | Deep Fry | StirFry Cooking | Induction Friendly | Stay Cool Handle | NSF Certified | 10 Year Warranty","1 pc","Cookware","Tramontina",,,3811.9722465761706,5120.155470618557,,25.7471,25.974366407358776,0.09111481643679509,0.10783,0.00256,0.00343,0,3225.5389999657737
"2026-04-01","af75e361-ef33-4b68-9817-0b0fab1ff4a7",,"Fackelmann Nonstick Cologne 4 Pcs Cookware Set","1 pack (4 pcs)","Cookware","Fackelmann India",,,2074.0868036365096,4499,,4.09301,54.327224151121335,0.22832871914366085,0.18851,0.00027,0.00036,0,490.91731833625596
"2026-04-01","8dfec779-2e47-486f-ae8b-233013fbbd2b",,"Macclite Non-Stick Kadai | 30 cm | Glass Lid | Induction Compatible","1 pc","Cookware","Macclite",,,2709,3870,,26.555,30,0.09845467473999396,0.12955,0.04609,0.06184,0,2709
"2026-04-01","1a90faf4-ae7e-4a5e-831e-6763e034dfb2",,"Jensons Capsul Bottom Saucepan with Lid | 14 Inch Induction Compatible","1 pc","Cookware","Jensons",,,385.1333333333333,1125,,0.84797,65.85555555555555,0.008356363498556608,0.006,,,,429.33909574468083
"2026-04-01","02616220-bee6-4b65-8c55-a761c6bcf146",,"BAY6 Nonstick Fry Pan | 24 cm | 3 mm | Teal | Induction Compatible","1 pc","Cookware","BAY6",,,424.85748346780133,934.9689893103448,,35.19082,55.18188664456715,0.3577934874328651,0.30058,0.28404,0.22343,0.46133,417.5415073668514
"2026-04-01","6f1b3d65-a336-4b56-a444-4d2a2ae7d57f",,"Vinod Platinum Triply Stainless Steel Extra Deep Kadai With Lid - 18 Cm, 1.2 L (Induction Friendly)","1 pc","Cookware","Vinod",,,1704.8684210526317,2940,,6.84269,41.856565947933944,0.10192869359179389,0.11292,0.00077,0.00103,0,1712.8915938614573
"2026-04-01","584ef603-3fe8-436f-ac60-9a6cb096dadd",,"The Indus Valley Cast Iron Fry Pan/Skillet With Double Handle 24.6Cm/ 9.7Inch,1.8Ltr,2.6Kg","1 pc","Cookware","The Indus Valley",,,,,,0,,0,0,,,,
"2026-04-01","33f9437c-32c9-4928-997a-832aaf41be92",,"The Indus Valley Iron Fry Pan/Skillet With Long Handle|Very Small, 15.2Cm/6Inch, 0.42Ltr, 1.1Kg","1 pc","Cookware","The Indus Valley",,,488.3391267258819,780.8089232083333,,63.93953,37.42446473510491,0.5414288463438791,0.63681,0.33911,0.41299,0.123,488.4615975322417
"2026-04-01","e157173e-0b96-435f-947c-5ebbbbac7cbc",,"BAY6 Nonstick Concave Roti Tawa | 27 cm Grey, Non-Induction Base","1 pc","Cookware","BAY6",,,310.96806730448316,752.8463021428571,,40.88779,58.70380064312716,0.12031343607648494,0.09339,0.00932,0.0125,0,309.4004431209291
"2026-04-01","5235d1f1-d898-4402-a595-c28d5db39613",,"Fackelmann Quartz Nonstick Fry Pan 24Cm, German Tech, Induction, Egg Pan, Frying, Tossing, Saute","1 pc","Cookware","Fackelmann India",,,929,1399,,0.00191,33.59542530378842,0,0,,,,928.9999999999999
"2026-04-01","2916f505-f7b4-43ca-af04-6fb204c1feb2",,"Vinod Legacy Pre-Seasoned Cast Iron Dosa Tawa - 28 Cm, Induction Friendly, Black","1 pc","Cookware","Vinod",,,2146.753846153846,3090,,1.56773,30.47072668431892,0.04590429015207097,0.06308,,,,2258.7055452417467
"2026-04-01","b0a90d34-1819-4aef-9176-073350a8e7da",,"Judge By Prestige Ace NonStick Cookware set 2Pcs,FP 20cmOT 25cm,Durable Body,Low Oil Cooking,Red","1 pc","Cookware","Judge by Prestige",,,722.551724137931,1450,,2.88095,50.16884661117717,0.008077818048604721,0.00746,,,,712.7968217934166
"2026-04-01","46d55592-6362-4d45-bc9e-307195b22313",,"Eleenova Aspire Non | Stick Cookware | Kadai With Glass Lid 20 Cm","1 pc","Cookware","Eleenova",,,995,1495,,1.46662,33.44481605351171,0.05552339302374279,0.06947,0.00153,0.00006,0.00583,994.9999999999999
"2026-04-01","96ac1bbd-bae3-48ba-a272-65a6fdab9a63",,"Jensons Deep Casserole/stew Pot Wire Handle -15 Inch (2.5 ltr) Induction Compatible","1 pc","Cookware","Jensons",,,553.8888888888889,845,,0.75763,34.84023668639053,0.004707418104186889,0.00597,,,,570.2557041699449
"2026-04-01","22f4a7be-69c5-4cbd-a430-a1b7bf8071c9",,"Macclite Non-Stick Deep Fry Pan | 24 cm | Induction Compatible","1 pc","Cookware","Macclite",,,1939,2770,,49.86395,29.999999999999996,0.09819525607760544,0.12921,0.18212,0.24438,0,1938.9999999999998
"2026-04-01","a4ad9385-f097-4f32-85d9-6840ee06a35b",,"Jensons Stainless Steel Saucepan | 14 cm","1 pc","Cookware","Jensons",,,100.56027919545095,199,,28.41945,49.601132348216176,0.37246949009993013,0.35264,0.74821,1.00401,0,100.20888025771917
"2026-04-01","b83ce1ba-5cf4-464c-973c-aaf6414f76c9",,"Macclite Non-Stick Kadai | 20 cm | Glass Lid | Induction Compatible","1 pc","Cookware","Macclite",,,1825,2770,,46.98902,34.11194785887018,0.02998838883878678,0.03586,0.03374,0.04528,0,1762.6228829969698
"2026-04-01","c2101dba-06a1-43b1-93cb-3d5dae74924a",,"Master Non Stick Kadai 24 cm With Glass Lid, ISI Certified","1 pc","Cookware","Master",,,599.969849764057,1359,,11.36489,55.86009157692756,0.14808627440635444,0.12317,0.00569,0.00254,0.01492,600.5558140870563
"2026-04-01","b06290ec-59fa-489e-8b2e-94f7b0b9cac5",,"Tosaa Square Grill Pan (22Cmx22Cm) - Aluminium - Color May Vary","1 pc","Cookware","Tosaa",,,370.2,775,,0.00316,52.23225806451613,0.0014391514914180825,0.00132,,,,378.67164179104475
"2026-04-01","2c18889e-4c48-4ce2-abc0-c10428808f39",,"Pigeon Favourite Gift Set | Non-Induction Base","1 set  (7 pcs)","Cookware","Pigeon by Stovekraft",,,1458.5903655520021,3495,,69.97578,58.80075216955068,3.0191351909379054,2.33208,14.08897,11.34889,22.10386,1438.6844927323268
"2026-04-01","f3c613bf-4526-4fa5-a8db-4b9962746067",,"Pigeon Stainless Steel Puttu Maker/Puttu Kudam with steamer plate","1 set","Cookware","Pigeon by Stovekraft",,,552.8947368421053,945,,3.35453,41.49262043998886,0.003509672669393776,0.00342,,,,490.1316203460933
"2026-04-01","3f8db757-169b-42f3-acbe-069c2d7f75f7",,"Jensons Cuisine 30cm Non-Stick Omni Tawa | Induction Compatible| Metal Spoon Friendly","1 pc","Cookware","Jensons",,,,,,0,,0,0,,,,
"2026-04-01","1103f46c-0ca6-4b2b-8652-5056fa88d58e",,"Fackelmann Quartz Nonstick Casserole w Glass Lid 32cm BPA-Free All Stoves Compatible Anti-scratch","1 pc","Cookware","Fackelmann India",,,2058.6242137753557,4399,,21.49311,53.11032391637387,0.42755556676724854,0.37991,0.00167,0.00224,0,2082.046731939713
"2026-04-01","1672f0d5-6cbd-4c4f-aec6-cc6846a45b12",,"Pigeon Spl Ss 3 Pcs Ib Set (K220F 220 Sp160)","1 set (3 pcs)","Cookware","Pigeon by Stovekraft",,,1499,2795,,0.25057,46.368515205724506,0.01557069065231048,0.0157,,,,1499
"2026-04-01","3595ae5d-d8f7-4ff7-a82f-9c35b9179ba3",,"Bombay Kookware Kala Kruti Fry Pan - 24 cm (1.5 L)","1 pc","Cookware","Bombay Kookware",,,446.3908420541466,960,,58.86752,53.55951080787617,0.16734119287669522,0.14633,0.07969,0.05993,0.13748,447.5780087881075
"2026-04-01","8498de6b-3534-43de-a2e2-2dc1643465f6",,"Eleenova Die Cast Ceramic Cookware | 27 Cm","1 pc","Cookware","Eleenova",,,1129,1695,,0.99488,33.392330383480825,0.015737817922281613,0.01971,0.00137,0.00016,0.00491,1129
"2026-04-01","d6436970-d5ab-4921-9402-7b87e210d74f",,"Vinod Platinum Triply Stainless Steel Fry Pan-20 Cm (Induction Friendly)","1 pc","Cookware","Vinod",,,1733,2690,,0.08374,35.57620817843866,0.0049952484024705065,0.00605,,,,1732.9999999999995
"2026-04-01","fc1fc944-6ae5-4efc-bb0d-4f67d862b816",,"Femora Foged Die Cast Aluminium Non Stick 28 Cm Roti Tawa , Pack Of 1","1 pc","Cookware","Femora",,,949,1950,,0.37875,51.333333333333336,0.01086327254812359,0.00994,,,,949
"2026-04-01","9591bb89-5371-4e6b-b000-d8074497e783",,"SignoraWare Perfecto NonStick Appapatram | 12 Crators | 3.25mm | Black","1 set","Cookware","Signoraware",,,1028.686274509804,1379,,28.43973,25.557972766094593,0.029167051155361983,0.04028,0.01368,0.01836,0,1013.207268446436
"2026-04-01","ecc75532-3aa3-48ca-b975-2b90beaaa9a3",,"BAY6 Nonstick Kadai with Glass Lid | 26 cm - Grey","1 pc","Cookware","BAY6",,,620.5767653541268,1521.776847081081,,33.45912,59.24637189131999,0.47114978665438506,0.35856,0.08007,0.04373,0.18636,617.247266145023
"2026-04-01","59bd7f02-e291-4608-b7a2-776ee89b829f",,"Agaro Royal Honey Comb Kadai 24 cm, Durable & Triply Steel with Honey Comb, 4 mm thick plate","1 pc","Cookware","Agaro",,,2159,3799,,12.65887,43.169255067122926,0.029629436602282115,0.03165,0.00063,0.00084,0,2159.0000000000005
"2026-04-01","555dbcf3-e631-486d-b321-275cfb47e532",,"Jensons Deep Casserole/stew Pot Wire Handle -18 Inch (4.5 ltr) Induction Compatible","1 pc","Cookware","Jensons",,,1059,1395,,0.35997,24.086021505376344,0.0025904726845525487,0.0037,,,,1059
"2026-04-01","9de6c4fe-e5fc-44e9-aa39-c8d20c0a0aef",,"Macclite Non-Stick Tawa | 30 cm | Induction Compatible","1 pc","Cookware","Macclite",,,2149,3070,,34.23849,29.999999999999993,0.08562747107274293,0.11267,0.00489,0.00656,0,2149
"2026-04-01","128e54d5-a0fb-41ce-b019-4656a1e8da17",,"Tramontina Aeion Stainless Steel Triply Fry Pan 20cm","1 pc","Cookware","Tramontina",,,2295.2364928909956,3095,,39.97368,25.9376606151008,0.1988574963569514,0.27272,0.00495,0.00664,0,2255.881644945932
"2026-04-01","6d3d87c4-76be-465e-bf82-2dc540510664",,"Femora Foged Die Cast Aluminium Non Stick 24 Cm Frypan Pack Of 1","1 pc","Cookware","Femora",,,637.85,1530,,1.65149,58.310457516339866,0.005682327179018494,0.00467,0.01114,0,0.04373,669.2943469785575
"2026-04-01","cee4a872-757f-4e2f-88a9-bfb3eadaee5d",,"Prestige Omega Deluxe Aluminium Non-Stick Granite Cookware Omni Tawa 28cm,Stain Free Interior,Black","1 pc","Cookware","Prestige",,,970.7204969919027,1426.1042672077924,,12.42359,31.63199475843664,0.2081612857792777,0.27312,0.00533,0.00229,0.01424,982.285598480683
"2026-04-01","af8fbe76-dfc5-4851-a769-61d71ead5732",,"BAY6 Premium Imported Borosilicate Baking Dish Rectangle - 1.6 L","1 pc","Cookware","BAY6",,,384.51324269391154,1099,,35.79852,64.9859278561328,0.1839384163605617,0.12226,0.00288,0.00386,0,385.1782537906537
"2026-04-01","b377bc5b-5ce8-47a8-b2e0-07722d5fb256",,"Stainless Steel Tasra, Triply Kadai Without Handle 26 cm | 2.5 Litre","1 pc","Cookware","Bombay Kookware",,,464.8666666666667,2675,,0.00163,82.62180685358256,0.001639332821450172,0.00051,,,,439.8510638297872
"2026-04-01","1ae10822-cd9b-44b4-a8e2-ea731f24a0bc",,"Macclite Non-Stick PDC Granite+ Induction Base Butter Scotch Triumph Tawa 28 cm","1 pc","Cookware","Macclite",,,1729,2470,,31.98461,30,0.07384611272157791,0.09717,0.00042,0.00056,0,1729
"2026-04-01","f0e50262-132f-4676-9c35-7ac3f07cdddc",,"Femora Foged Die Cast Aluminium Non Stick 26 Cm Frypan Pack Of 1","1 pc","Cookware","Femora",,,849,1690,,0.29214,49.76331360946745,0.003138278736124593,0.00296,,,,849
"2026-04-01","10c01d91-d2af-4aba-a10e-743fbfcd68f0",,"Femora Oval Baking Dish 1.6L Borosilicate Glass Microwave & Oven Safe","1 pc","Cookware","Femora",,,381.1438162900929,465,,14.53584,18.06127899914088,0.02601707351033941,0.03997,0.00021,0.00001,0.00081,380.3955923874428
"2026-04-01","21309c8c-af55-4281-a3a4-901f132c5a79",,"Fackelmann Quartz Nonstick Fry Pan 28cm All Stoves Anti-scratch | Dosa Pan | Fish Fry Pan | 1.7L","1 pc","Cookware","Fackelmann India",,,1512.7495204125664,1999,,37.43134,24.057819700217816,0.19403104649715175,0.28299,0.00721,0.00968,0,1551.2033809537004
"2026-04-01","1c0aa054-e3a3-4362-9350-989e83b7a6aa",,"Tramontina Aeion Triply Kadai | 20 cm | Stainless Steel Lid | Induction Compatible","1 pc","Cookware","Tramontina",,,2594.593220338983,3495,,58.10189,25.716615133754818,0.10481572433206189,0.14682,0.1192,0.15995,0,2604.2147214350657
"2026-04-01","97aaa926-2c59-4329-a018-60088c55739e",,"Borosil 1.6L Oval Baking Dish, Borosilicate Glass Serving & Baking Dish,Microwave & Dishwasher Safe","1 pc","Cookware","Borosil",,,500.0864197530864,575,,12.24817,13.031400966183579,0.017767857161530964,0.02884,0.00287,0.00385,0,497.7827796155138
"2026-04-01","12809f77-3325-4e97-ac05-2b57374ab78e",,"Jensons Cuisine Wok/ Saute Pan 28 cm Induction Compatible","1 pc","Cookware","Jensons",,,925.6666666666666,1695,,0.06691,45.388397246804324,0.0031475635844563227,0.003,,,,859.4689331770222
"2026-04-01","c7ccde82-6afa-4185-a8f9-61a051b73acc",,"Jensons Non-stick Mini Pan/Egg Pan/Frying Pan 12cm x 3.5cm","1 pc","Cookware","Jensons",,,294.1079966720258,420,,50.9525,30.118316032263376,0.2395780556854178,0.31435,1.35368,1.33122,1.41935,293.00965531432735
"2026-04-01","23fe6c22-b61d-4caa-95ad-bd43f83f5dfc",,"Tramontina Titanex Cast Iron Biriyani Pot | 24 cm | 4.9 L | Glass Lid | Induction Compatible","1 pc","Cookware","Tramontina",,,2962.7555052344833,3795,,55.96206,22.423290387701165,0.07533410251522088,0.0995,0.15267,0.20486,0,2658.7173417355634
"2026-04-01","593d0fb2-5080-4aef-8335-6a7e4255d7d6",,"Macclite Tawa | 32 cm | Induction Compatible","1 pc","Cookware","Macclite",,,2399.6689484197755,3470,,44.89078,30.809324548107817,0.29924471942871156,0.3908,0.15935,0.21382,0,2411.229815060808
"2026-04-01","edde1c70-69d9-4b0f-8aaa-879974df103c",,"Macclite Non-Stick Tawa | 24 cm | Induction Compatible","1 pc","Cookware","Macclite",,,1447.658536585366,2170,,45.68175,33.2093482554312,0.03437269422102948,0.04296,0.01383,0.01856,0,1442.8055769344621
"2026-04-01","b7a70cd7-7c3d-484a-8266-9828390856a8",,"Vinod Inducto Dosa Tawa (28 Cm)","1 pc","Cookware","Vinod Cookware",,,1125,1495,,6.53943,24.74916387959866,0.03609020546543282,0.05105,,,,1125
"2026-04-01","de8710c9-695e-414d-8a1b-992eaa6d47a1",,"Fackelmann Stainless-Steel Triply Frypan with Lid, 20 cm","1 pc","Cookware","Fackelmann India",,,1800,3699,,43.93837,51.33819951338199,0.17605093770275748,0.16104,0.01549,0.02079,0,1799.9999999999998
"2026-04-01","7921309e-fe19-4596-9632-402ba8782afe",,"Jensons Heavy Capsul Bottom Multi Kadai Induction Compatible","1 set","Cookware","Jensons",,,1638.1947537013166,2999,,12.33721,45.3342503046362,0.15008585934307572,0.15607,0.01291,0.01129,0.01762,1658.9591398942503
"2026-04-01","645a52e8-1e91-4a3e-850a-cc82e2b2d855",,"Macclite Non-Stick Flat Tawa | 28 cm | Induction Compatible","1 pc","Cookware","Macclite",,,2149,3070,,33.38754,30.000000000000004,0.16372975826958566,0.21545,0.00194,0.0026,0,2149.0000000000005
"2026-04-01","a5e7f984-43f1-42d4-89a8-d74beedffbbb",,"Fackelmann Quartz Nonstick Kadai | 26 cm | Glass Lid | Induction Compatible","1 pc","Cookware","Fackelmann India",,,1370.359024677579,2349,,6.15747,42.00456613257157,0.22682513080482056,0.24047,,,,1357.2507201277351
"2026-04-01","bd174469-5be0-4ba0-816b-d964aa4ad2a6",,"Judge By Prestige Classic SS Milk Pan 14cm/1.4Ltr,Superior Quality SS,Unique Triply Bottom, Silver","1 pc","Cookware","Judge by Prestige",,,392.5625,575,,5.52416,31.8102766798419,0.0096098180233401,0.01217,0.00004,0.00005,0,387.50305810397555
"2026-04-01","afcdebf1-634d-4f32-bbd7-e4f1816bff8e",,"Khatana 14 g Plain Kadai 5","1 pc","Cookware","khatana",,,720.2307692307693,1799,,0.69843,59.96493778594946,0.0033406884297562975,0.00261,0,0,0,748.7934842628382
"2026-04-01","59654439-6661-49db-9a2f-d57a031dbc40",,"Jensons Stainless Steel Triply Frying Pan With Lid 22 cm Induction Compatible","1 pc","Cookware","Jensons",,,1136.6049331232666,2538,,61.79517,55.28132045740951,0.2855126144430502,0.23838,0.77357,0.72888,0.90429,1130.3481021449245
"2026-04-01","fecd1816-0beb-475a-8d89-58c47b3ee14d",,"Macclite Non-Stick Casserole | 28 cm | Glass Lid | Induction Compatible","2 pcs","Cookware","Macclite",,,2989,4270,,57.54874,30,0.15295543456848004,0.20127,0.02376,0.03188,0,2989.0000000000005
"2026-04-01","c3b2cb32-769a-4f12-872a-76294fb333d9",,"Jensons idly cooker with 24 idly Plate","1 set","Cookware","Jensons",,,1094.5476891088201,2499,,64.2142,56.008522465284265,0.4324081998993436,0.36006,0.23391,0.10533,0.61,1106.8051148050383
"2026-04-01","915c2c99-5fa9-421e-bb29-adc41f56d441",,"BAY6 Stainless Steel Kadai -1.3 L","1 pc","Cookware","BAY6",,,179,499,,0.02908,64.12825651302605,0.0009266278635066106,0.00062,,,,179
"2026-04-01","8b71b2fb-75f1-48bb-9b19-b004da51878b",,"Macclite Non-Stick Flat Tawa | 20 cm | Induction Compatible","1 pc","Cookware","Macclite",,,1449,2070,,17.00704,29.999999999999996,0.12112214636617863,0.15938,0.01342,0.01801,0,1448.9999999999998
"2026-04-01","9902d20d-16aa-409b-891b-eaef73759e7d",,"Frenchware Cake Making | Cookie Moulds, Fondant Tools, Food Grade ABS, for Baking & Decor","1 set (42 pcs)","Cookware","Frenchware",,,218.35897435897434,1999,,4.47767,89.17677229419306,0.0185604118151274,0.00347,,,,4.739291378127589
"2026-04-01","55ee02e7-66e1-40d1-8d42-4edc2c521866",,"Carote Frying Pan 26cm Cosy White","1 pc","Cookware","CAROTE",,,1359,2999,,2.17035,54.68489496498833,0.038983364205599745,0.03321,,,,1359
"2026-04-01","a5c2e454-162c-4308-b284-cf775dbbbee1",,"Jensons Cuisine Non Stick Kadhai With Glass Lid 28 cm ( 4.0 Liter ) Induction Compatible","1 set (2 pcs)","Cookware","Jensons",,,,,,0,,0,0,,,,
"2026-04-01","6b8a8e1a-ffe4-471f-9c94-f7b2d55850d5",,"Judge By Prestige ACE NonStick 7Pcs Cookware Set Kadai 20cm with G Lid,FP 20cm,OT 25cm,3 tools,Black","1 pack (5 pcs)","Cookware","Judge by Prestige",,,1372.3998755650143,2530.909042647059,,24.97079,45.738114585523405,0.20002701585281613,0.20688,0.01128,0.01513,0,274.1599636723089
"2026-04-01","4a25e133-fb5c-4504-983b-474f2338510f",,"Fackelmann Quartz Nonstick Dosa Tawa Full Flat 30 cm, German Tech, Induction, Dosa Tava, Chila 1.0 PIECE","1 pc","Cookware","Fackelmann India",,,1137.6333333333334,1949,,4.02497,41.870474887406644,0.04343080655649821,0.04566,,,,1109.536049888946
"2026-04-01","469ee1ca-c358-41c4-80d5-a58df28191fe",,"Embassy Cast Iron Dosa Tawa Pre-Seasoned, 12-Inches, For Dosa/Chapati/Roti, Premium Material Tava","1 pc","Cookware","Embassy",,,1289.9855072463768,1935,,9.4525,33.13474070823785,0.0431188356525521,0.05433,,,,1296.7988048665147
"2026-04-01","1c932c30-e450-4bb1-8ae3-01d6a04ee712",,"Fackelmann Nonstick Fry Pan 26 cm Grey","1 pc","Cookware","Fackelmann India",,,987.6900400688636,1249,,31.58853,20.93570927460859,0.039034802265357535,0.05772,0.00279,0.00374,0,980.4471219048727
"2026-04-01","5814c459-fe98-4285-9927-70f5493d41d6",,"Vinod Stainless Steel 5 Pcs Multi Kadai (Induction Friendly)","1 pack (5 pcs)","Cookware","Vinod",,,,,,0,,0,0,,,,
"2026-04-01","0e0594a3-2175-4140-a91d-471ee592b1b8",,"Fackelmann 2.5 Liter Kadai 24 CM, Triply | German Quality | Energy-Efficient | Non-Toxic | Versatile Cookware | Hassle-Free Maintenance | Triply Stainless Steel kadai | Kadai for Cooking","1 pc","Cookware","Fackelmann India",,,2650.067782995667,5297.169119166666,,45.62769,49.86314112147773,1.597630667956075,1.5208,0.03439,0.04615,0,2662.4646559342627
"2026-04-01","b1871cd5-d89b-42fe-8f7d-c08447e75a96",,"Prestige Omega Select+ 12Pits Aluminium Non-Stick Paniyarakkal With Glass Lid 24cm,1Y Warranty,Black","1 pc","Cookware","Prestige",,,1182.8064701110902,1515.4872778070173,,29.77617,21.96373504605709,0.16420774226170312,0.23907,0.04803,0.03048,0.09934,1178.730179618091
"2026-04-01","938bc020-2773-4bd9-9940-8d7d80c21d1e",,"Jensons Cuisine Dosa Tawa 28 cm (5 mm)","1 pc","Cookware","Jensons",,,881.3891391468869,1575,,22.68921,44.046670738202714,0.1808651315627592,0.18956,0.02116,0.02663,0.00516,878.1290120405775
"2026-04-01","875e0e60-fb5b-4c22-9e28-af4b1ab0d5ba",,"Wonderchef Tivoli Non-Stick Dosa Tawa | 28 cm | Induction Compatible","1 pc","Cookware","Wonderchef",,,642.7997868275698,1647.089908875,,65.65311,61.12070670312514,3.647130392217832,2.67049,1.4604,1.95968,0,636.0790796019782
"2026-04-01","a5a4004e-924a-44c2-88ce-e5261410b2d1",,"Jensons Capsul Bottom Patila with Lid | 11 Inch Induction Compatible","1 pc","Cookware","Jensons",,,332.84682278434474,705,,30.47011,52.77385422107033,0.10740396865301483,0.09516,0.27342,0.36689,0,333.1053351794016
"2026-04-01","bc59dc01-1547-4042-b2f3-fa0aed9fc929",,"Vinod 4 Pcs Classique Deluxe Set","1 pack (4 pcs)","Cookware","Vinod",,,,,,0,,0,0,,,,
"2026-04-01","ea287cd8-46c0-4611-b2be-8af083b16891",,"BAY6 Stainless Steel Kadai -2.3 L","1 pc","Cookware","BAY6",,,229,749,,0.16011,69.42590120160213,0.0013908702800930887,0.0008,,,,229
"2026-04-01","6dd4a10a-d5ee-4c3b-a703-07c3fa94efa9",,"Carote Tawa 26cm Cosy White","1 pc","Cookware","CAROTE",,,1240,2999,,0.00047,58.652884294764924,0,0,,,,1240
"2026-04-01","38f43859-eb33-43fe-afcd-3bca64ecc02d",,"Tramontina Titanex Cast Iron Dosa Tawa | 28 cm | Induction Compatible","1 pc","Cookware","Tramontina",,,2219,2795,,59.07212,20.608228980322004,0.1381637426912017,0.2062,0.05473,0.07343,0,2218.9999999999995
"2026-04-01","ed653a3c-3545-4da9-9ab6-85068e3c0fc5",,"Femora Borosilicate Square Glass Food Storage Container With Air Vent Lid -800 ml","1 pc","Cookware","Femora",,,411.41358024691357,550,,2.04383,25.03957219251337,0.011602346475329263,0.01525,0.00601,0.00001,0.02357,401.1012658227848
"2026-04-01","c6893000-e8ce-4089-8ed6-2c18170e296f",,"BAY6 Steel Saucepan - 1.5 L","1 pc","Cookware","BAY6",,,251.3404255319149,749,,2.09095,66.44320086356277,0.01112696224074471,0.00706,0,0.00001,0,252.11286607436656
"2026-04-01","228bb2d9-613c-460c-a4b3-3d525fa3b53c",,"Femora Borosilicate Glass Microwave Safe Square Food Storage Container With Air Vent Lid 300Ml","1 pc","Cookware","Femora",,,265.7968146718147,335,,0.29015,20.654556885900167,0.0037325090293552844,0.00552,,,,263.7075291937627
"2026-04-01","0a45bf96-294f-44d1-add5-80e51a17bed1",,"Magnus Heavy Base Non-Stick Appam Maker With Glass Black With Lid Gas Stove Compatible","1 pc","Cookware","Magnus",,,559.1461372169252,937,,67.15177,40.31356802694758,0.7674525090407048,0.86115,0.63876,0.85714,0,559.290913762741
"2026-04-01","6b7b679e-74bd-416c-bff3-4736886b7fe7",,"BAY6 Premium Imported Borosilicate Baking Dish Square - 1.6 L","1 pc","Cookware","BAY6",,,382.25201109746104,1099,,42.84944,65.27810622757931,0.28971419401012444,0.1886,0.0169,0.02268,0,380.5610156085012
"2026-04-01","cf7dd018-0dca-4840-a658-100d37146d88",,"Limetro Steel Triply Kadai With Lid | Capacity - 2 L","1 pc","Cookware","Limetro Steel",,,989,3499,,0.53303,71.7347813661046,0.019492610587633047,0.01036,,,,989
"2026-04-01","5db06bef-08f3-4bbe-8923-9e1992951b26",,"Jensons Cuisine Deep Casserole / Biryani Pot 28 cm Induction Compatible","1 set (2 pcs)","Cookware","Jensons",,,1041.6005860664761,2415,,9.31488,56.9228341407091,0.040944324173261035,0.03556,0.00029,0.00039,0,1030.1473797079618
"2026-04-01","556155aa-d1ad-40e7-9720-fa35a78f7c9c",,"Omega Triply Frypan 22Cm W/O/Lid","1 pc","Cookware","Omega",,,819,1245,,0.00252,34.21686746987952,0.023119272346006615,0.02859,0.00009,0.00011,0,819
"2026-04-01","ce9e83a1-bc85-42d4-a6e9-0713b15e3013",,"Jensons Cuisine Non Stick Tadka Pan 11 cm","1 pc","Cookware","Jensons",,,218.6774778577837,415,,78.51953,47.3292641536065,0.11310078019543081,0.11172,0.00959,0.01287,0,218.1700921385785
"2026-04-01","d2341fa2-ccb2-4153-bc44-7f36de8d9bfa",,"Macclite Non-Stick Kadai | 24 cm | Glass Lid | Induction Compatible","1 pc","Cookware","Macclite",,,2088.0263157894738,3170,,48.97775,34.020544111162835,0.12032197813695016,0.15454,0.15896,0.21331,0,2165.71846242479
"2026-04-01","2bd73b35-41bc-4796-87c0-374a20ef0d60",,"Femora Foged Die Cast Aluminium Non Stick 28 Cm Square Grillpan And Sandwich Grill Pan","1 pc","Cookware","Femora",,,,,,0,,0,0,,,,
"2026-04-01","43a44871-866f-47e5-932d-f93699596e00",,"Jensons Stainless Steel Heavy Kadai 27Cm 3 Ltr","1 pc","Cookware","Jensons",,,606.9042287261777,1349,,73.64675,55.98895536637775,3.265613188812565,2.7011,1.10527,1.00213,1.40698,593.230718858634
"2026-04-01","89a18be0-8010-43e9-84db-016f9b5943b5",,"Kuber Industries Aluminum Gas Tandoor Bati Maker Oven 34x34x26 cm | Barbecue Grill | Silver","1 pc","Cookware","Kuber Industries",,,829.7839546556688,1399,,11.36141,40.6364409375666,0.055257474967522056,0.06098,0.00339,0.00298,0.00456,821.3310611336902
"2026-04-01","919aa240-57d1-4824-8539-4f796ebf5e28",,"Judge By Prestige Stainless Steel Idli Cooker with 4 Plates,High Quality SS,Corrosion Free,Silver","1 set","Cookware","Judge by Prestige",,,1207.475995350189,1695.2170203225803,,29.33962,28.700674849655268,0.13157261455747352,0.17708,0.01716,0.02303,0,1211.1876413163695
"2026-04-01","e5ef5c5f-307c-4a47-a4a8-39a61ab3caeb",,"Milton Pro Cook Kitchen Jewel 5 Pc -Frypan 24 Cm | Kadhai 2.5L With Lid Tawa 25Cm, Laddle & Spatula","1 pack (5 pcs)","Cookware","procook",,,1779,5462.791483833334,,7.08292,67.43176886108861,0.07241253213915888,0.04403,,,,355.79999999999995
"2026-04-01","eb464971-ed45-42ed-85c5-7742a9511ab7",,"Pigeon Rc Nonstick Mio Gift Set 8 Pcs- Black","1 pack (8 pcs)","Cookware","Pigeon by Stovekraft",,,,,,0,,0,0,,,,
"2026-04-01","125359c3-a13a-4a93-b0b0-200872b04a1d",,"Tramontina Fusao Triply Ceramic Fry Pan | 20 cm | Stainless Steel Lid | Induction Compatible","1 pc","Cookware","Tramontina",,,3195,4295,,33.95161,25.498109281090006,0.14252576443744822,0.20504,0.15121,0.2029,0,3286.6754497679044
"2026-04-01","7b2d71cd-98d5-48ee-82f7-4f572c524f3a",,"Agaro Elite Hard Anodised Tawa 28 cm, Riveted handle, 4 mm thick plate","1 pc","Cookware","Agaro",,,705,1099,,0.00089,35.850773430391264,0.0020408096633141586,0.00246,,,,705
"2026-04-01","fe611514-10ce-4136-a3b0-4022159fd62e",,"Bombay Kookware Mini Pan 15Cm","1 pc","Cookware","Bombay Kookware",,,178.61077391412988,370,,44.54121,52.632620740531785,0.704771240741065,0.62673,2.05063,2.38302,1.07837,175.13712451480666
"2026-04-01","a141ec0c-0fac-4657-b249-86efe4b8b858",,"BAY6 Induction Bottom Nonstick Cookware Set (28 cm Tawa + 24 cm Fry Pan + 22 cm Kadai) - Teal - (3pc)","1 pack (3 pcs)","Cookware","BAY6",,,1159.113838340977,2625.163099069767,,39.02103,55.96194727033598,0.688644387673684,0.56813,0.5313,0.04572,1.95165,385.92800014025454
"2026-04-01","e96424e4-a67e-4d35-9944-d183e56b6b3d",,"Milton Pro Cook Kitchen Jewel Set Of 5 Peach Fry Pan 24 Cm, Kadhai 24 Cm With Glass Lid, Tawa 25 Cm","1 pack (5 pcs)","Cookware","procook",,,,,,0,,0,0,,,,
"2026-04-01","5236d832-4f4b-4af1-b43e-df9421ebbba1",,"Tramontina Aeion Triply 10cm Tadka Pan | Healthy, Non Toxic | Tempering Pan | Spice Tadka | Stay Cool Handle | NSF Certified | 10 Year Warranty","1 pc","Cookware","Tramontina",,,870.6955162526526,1095,,24.3291,20.36671425131669,0.030318372348496454,0.0466,0.00667,0.00895,0,894.0177470769028
"2026-04-01","69e92230-878f-426b-b7ca-efbc8061e462",,"Macclite Non Stick PDC Granite+ Induction Base ButterScotch Sauce Pan 16 cm","1 pc","Cookware","Macclite",,,1508.0804597701149,2270,,5.53259,33.55359765051395,0.05121615188265345,0.06388,0.00255,0.00342,0,1506.1683991683992
"2026-04-01","d58249ca-b419-4521-a6cd-706a75137ddc",,"BAY6 Premium Imported Borosilicate Baking Dish Square - 850 ml","1 pc","Cookware","BAY6",,,556.0114864988235,698.967502745098,,58.54856,19.26826830804462,0.19127288945172818,0.28338,0.04291,0.05758,0,562.6983865713577
"2026-04-01","caaec96e-fc10-4ab0-8c57-248f7f7d188c",,"Pigeon Mini Combi Outer Lid Ib - SS | 2+3","1 pack (2 pcs)","Cookware","Pigeon by Stovekraft",,,1862.72062527149,3272.0558302958575,,22.47453,43.101612489995844,0.29574526009248264,0.3111,2.64901,0.14467,9.97435,917.4636556690531
"2026-04-01","cb2909c8-76b2-4fdf-83e5-0bc26f1df787",,"Agaro Elite Hard Anodised Tawa 28 cm, Riveted handle","1 pc","Cookware","Agaro",,,731.5333333333333,1749,,0.00616,58.17419477796836,0.0003572809638049537,0.00027,,,,713.7822944896116
"2026-04-01","cd6f34fb-2a4a-4b46-8d80-d8da828092ed",,"Milton Pro Cook Kitchen Jewel 5 Pc - Frypan 24Cm | Kadhai 2.5L With Lid Tawa 25 Cm","1 pack (5 pcs)","Cookware","procook",,,1732.5526315789473,5462.824681710527,,7.83691,68.28435488809612,0.07575043511441565,0.04345,0.05844,0.07842,0,332.426552614511
"2026-04-01","9c9083bf-5d52-49de-a71f-a94068831501",,"Fackelmann Ceramic Nonstick Fry Pan 24cm, German Tech, Induction, Egg Pan, Frying, Tossing, Saute","1 pc","Cookware","Fackelmann India",,,1607.0625,2499,,1.35067,35.69177671068427,0.018562268784793744,0.0209,0.00007,0.0001,0,1542.5815043894652
"2026-04-01","02d0bc02-6df9-43bf-9777-609376eada76",,"Wonderchef Duralife Die-Cast Non-Stick Grill Pan Ivory 24 Cm","1 pc","Cookware","Wonderchef",,,1236.7744755244755,2000,,3.9131,38.16127622377623,0.022915005682708565,0.02675,0.00023,0.00031,0,1240.5767673933954
"2026-04-01","9085bdf2-d1ef-48cc-a0e9-a0988facd569",,"MaccliteNon-Stick Deep Fry Pan | 24 cm | Induction Compatible","1 pc","Cookware","Macclite",,,1729,2470,,27.52004,29.999999999999996,0.08049684958159581,0.10592,0.01169,0.01569,0,1729
"2026-04-01","084bd739-5772-41d7-aa13-b8f0db9f6eae",,"Wonderchef Duralife Die-Cast Non-Stick Fry Pan Ivory 24 Cm","1 pc","Cookware","Wonderchef",,,1174.0925925925926,1950,,3.85559,39.76973353443942,0.0832850895356142,0.09557,0.00006,0.00008,0,1190.238651678737
"2026-04-01","a9ca8219-13fe-4530-91ab-fb2b6e3e016a",,"Macclite Non-Stick Tawa | 32 cm | Induction Compatible","1 pc","Cookware","Macclite",,,2191.3352300764864,3170,,23.1952,30.824300704771925,0.25724415090923297,0.33395,0.05087,0.06826,0,2182.615714981869
"2026-04-01","5656ee64-f37c-4f9f-837d-28977ff8e20b",,"Prestige Platina Popular SS Kadai with Glass Lid 24cm/2.8L,Gas and Induction Compatible,Silver","1 set","Cookware","Prestige",,,1208.8553208137714,1622.9225352112676,,1.60894,25.512654387930926,0.01865957399531027,0.02671,,,,1230.8867701582153
"2026-04-01","f9ea7a54-236e-4f3c-b86c-3e3e270aa3ba",,"Macclite Non-Stick Casserole | 28 cm | Glass Lid | Induction Compatible","2 pcs","Cookware","Macclite",,,3408.859196575257,4870,,54.29184,30.002836168072854,0.15979762500109823,0.21027,0.19605,0.26308,0,3408.9996913598675
"2026-04-01","c9b76919-1fc0-4404-becc-ebc8a10e6a7f",,"Macclite Non-Stick Frying Pan | 24 cm | Glass Lid | Induction Compatible","1 pc","Cookware","Macclite",,,1846.0990486559347,2670,,21.09119,30.86929274480213,0.09534443624583118,0.12145,0.00441,0.00592,0,1809.5345491821706
"2026-04-01","817c1d89-763d-4b31-b593-391d00d83af8",,"BAY6 Nonstick Kadai | 22 cm | Glass Lid | Teal | Induction Compatible","1 pc","Cookware","BAY6",,,540.7192291571698,1214.925139122807,,39.75014,55.562031256458376,0.338160675635423,0.28189,1.02966,1.38167,0,539.4063941708197
"2026-04-01","5bda887c-8d05-4a6d-8b8f-af6940fd46a4",,"Hawkins Futura 2.5 Litre Deep Fry Pan Non Stick Kadai With Stainless Steel Lid Round Bottom - Black","1 pc","Cookware","Hawkins",,,1546.1681963855224,1723.037045388601,,42.43042,10.231986744071262,0.15821567254233812,0.26765,0.00791,0.01062,0,1545.1546648272076
"2026-04-01","4c285251-a555-42cb-b424-3dc59e003dff",,"Macclite Non-Stick Tawa | 22 cm | Induction Compatible","1 pc","Cookware","Macclite",,,1519,2170,,26.23556,30,0.13011656464209168,0.17122,0.0432,0.05797,0,1519.0000000000002
"2026-04-01","aa2d4af5-a036-4960-b283-b3df91e68279",,"Hawkins Futura 20 Cm Frying Pan, Non Stick Fry Pan With Glass Lid, Small Frying Pan, Black (Nf20G)","1 pc","Cookware","Hawkins",,,1073.2622950819673,1240,,0.90633,13.324092741935484,0.018421139090151455,0.03083,,,,1103.8125501202887
"2026-04-01","43514a27-b06a-4316-8ded-b4492ca6d229",,"Fackelmann Ceramic Nonstick Kadhai With Lid 24 cm","1 pc","Cookware","Fackelmann India",,,2169,3399,,0.01126,36.18711385701677,0.006311839895909758,0.00757,,,,2169
"2026-04-01","00399abe-6d63-444e-8671-e347fa4afcf9",,"Macclite Non-Stick PDC Granite+ Induction Base Butter Scotch Triumph Frying Pan 26 cm","1 pc","Cookware","Macclite",,,1640.0951134380455,2570,,11.59205,36.18905325369501,0.050921636493570996,0.06146,0.00049,0.00066,0,1661.8219771777688
"2026-04-01","6fa80f82-8491-4b2b-abc1-748a56945e79",,"Agaro Regency Triply Steel Kadai with Lid, 26 cm, Triply Steel with Honey Comb, 4 mm thick plate","1 pc","Cookware","Agaro",,,1827.0434782608695,2499,,10.44861,26.887350684954832,0.032901602851350256,0.04561,0.00027,0,0.00107,1842.7080483336977
"2026-04-01","27bcbe65-73b5-4178-99e7-b63106ba8a5c",,"Tramontina Fusao Triply Ceramic Fry Pan | 24 cm | Stainless Steel Lid | Induction Compatible","1 pc","Cookware","Tramontina",,,3639.5568505568503,5695,,34.52789,36.10698585444235,0.19670378293792345,0.23694,0.1243,0.16679,0,3649.3016670831425
"2026-04-01","8b8f49bc-0889-4af1-a762-1eb059bbc385",,"Macclite Non-Stick Tawa | 28 cm | Induction Compatible","1 pc","Cookware","Macclite",,,1939,2770,,34.24994,30,0.1253545516297142,0.16495,0.00558,0.00748,0,1939
"2026-04-01","50d58b1e-f4eb-41d9-991f-7c5b417158b6",,"Wonderchef Duralife Die-Cast Non-Stick Dosa Tawa Copper 28 Cm","1 pc","Cookware","Wonderchef",,,1299,2000,,5.34947,35.05,0.022283635996150953,0.02721,0.0008,0.00107,0,1299
"2026-04-01","6748ca80-b92b-4b06-9f05-b3ec415fbe17",,"Macclite Non-Stick Square Fry Pan | Induction Compatible","1 pc","Cookware","Macclite",,,1498.3546365914785,2270,,30.28246,33.99166718023709,0.038570188454837784,0.0476,0.01051,0.0141,0,1490.2944146053853
"2026-04-01","3ce2c458-ebdc-40ba-a0d8-14778482f2e5",,"JASCO Stainless Steel Net Cover Lids 8-9-10 in","1 pack (3 pcs)","Cookware","JASCO",,,265,320,,0.39377,17.1875,0.0005942302932306922,0.00093,,,,88.33333333333333
"2026-04-01","7263c580-68b2-4873-8c39-ce345c8e40df",,"Vinod Platinum Triply Stainless Steel Kadai With Lid- 24 Cm, 2.5 L (Induction Friendly)","1 pc","Cookware","Vinod",,,2299.548449612403,3503.0620159302325,,4.02328,34.343966501040256,0.07238467759416368,0.09155,0.0001,0.00014,0,2325.931436057627
"2026-04-01","56306427-3eb4-4532-9a20-dc0762e5a691",,"Khatana 14G Plain Kadai 2 1700Ml","1 pc","Cookware","khatana",,,438.44444444444446,1199,,6.59873,63.44061337993642,0.036225392857142796,0.02431,,,,418.92339825756574
"2026-04-01","74b9ab5e-4b39-473d-8345-101c8d99e255",,"BAY6 NonStick Cookware Set (Dosa Tawa 26 cm + Fry Pan 24 cm + Kadai 22 cm with Glass Lid 3 mm) - Teal","1 set  (4 pcs)","Cookware","BAY6",,,1233.4919972012704,2293.4941155395686,,53.99127,46.08117293472596,0.2580582464109589,0.2649,0.02265,0.03039,0,1229.149674429567
"2026-04-01","8a786bd6-26c5-440a-a894-a1940dcc6732",,"BAY6 Nonstick Dosa Tawa | 26 cm | Teal | Induction Compatible","1 pc","Cookware","BAY6",,,410.2275121633529,659.355374778761,,35.50921,37.9769418027213,0.2599378711072344,0.30306,0.14779,0.15745,0.11952,409.1720355247467
"2026-04-01","e08dc8dc-c815-4c39-b675-cfcf3a060dc6",,"Non-Stick Cookware Duo Pack Combo - Red | Non-Induction Base","1 pack (2 pcs)","Cookware","Pigeon by Stovekraft",,,631.2067506827782,1171.4468523684213,,70.92122,46.13269213731521,0.5416869651275013,0.54921,4.80134,2.48256,11.58389,312.47182724890905
"2026-04-01","42a47025-4016-459b-9540-84f8da78ce87",,"Habitat Ceramic Tawa With Ss Handle Xtreme Coating 28 Cm","1 pc","Cookware","Habitat",,,978.2314824926076,1990.4128255405403,,22.18546,50.73286057534498,0.15000545255652292,0.14109,0.01145,0.01536,0,994.2206197892029
"2026-04-01","03d0fa9a-e80d-4983-ad91-b2d67b60dfa1",,"Jensons Small 19 cm 1 Ltr Heavy Kadai | Stainless Steel","1 pc","Cookware","Jensons",,,332.6401976268007,699,,51.74186,52.6843027767954,0.2861111157665135,0.25393,0.32006,0.38073,0.14258,329.5745645310921
"2026-04-01","d4f43e5a-8174-42c4-86f4-fdc56fe9cd08",,"Vinod Zest Non-Stick Flat Multi Tawa - 32.5 Cm","1 pc","Cookware","Vinod",,,,,,0,,0,0,,,,
"2026-04-01","240a9f82-51dc-4726-8a4d-e9d9b4a3504c",,"Vinod Platinum Triply Stainless Steel Fry Pan - 24 Cm (Induction Friendly)","1 pc","Cookware","Vinod",,,2389,3204.122651071428,,3.25834,25.44014531172297,0.029915781324832656,0.0417,0.00011,0.00014,0,2389
"2026-04-01","d15e2e7a-e7bd-41bd-b967-528fd028bddc",,"Silicone Cake Mould Teddy 6.0 Inch","1 pc","Cookware","Spine",,,112.69565217391305,425,,1.95511,73.48337595907928,0.003156848432788052,0.00155,,,,111.02270081490107
"2026-04-01","84ca8538-f810-469b-b7d4-4496155b5647",,"Femora Foged Die Cast Aluminium Non Stick 20 Cm Frypan Pack Of 1","1 pc","Cookware","Femora",,,,,,0,,0,0,,,,
"2026-04-01","9edd5470-3594-4572-a41c-9e7d915f657e",,"Macclite Non-Stick Tawa | 26 cm | Induction Compatible","1 pc","Cookware","Macclite",,,1869,2670,,45.68938,30.000000000000004,0.04144979131644039,0.05454,0.00662,0.00889,0,1869.0000000000002
"2026-04-01","d2bd1bdf-e7ff-4239-8d69-50db60c63e39",,"Omega Saucepan","1 pc","Cookware","Omega",,,450,450,,2.1372,0,0,0,,,,450
"2026-04-01","49978e43-fc85-47c2-a2b8-1d879b61f06b",,"Femora Organic Iron Tawa 12 Inchconcave Shape Roti Tawa Dosa Tawa 1 Pc Zero Coating","1 pc","Cookware","Femora",,,493.8043906557839,850,,2.59885,41.862907146329604,0.019225206955679235,0.02122,0.003,0.00015,0.01135,495.0705452935138
"2026-04-01","3e0775a0-9612-4ef0-ae1d-fe778f3b0778",,"Hawkins 24 Cm Triply Stainless Steel Fry Pan With Glass Lid, Induction Frying Pan Silver (Ssf24G)","1 pc","Cookware","Hawkins",,,1716.046111111111,2010,,13.75336,14.624571586511887,0.0072037424266557,0.01157,0.00048,0.00064,0,1717.4261590702408
"2026-04-01","086a5c43-5b37-4e5c-8c73-f7554b758cab",,"Cello Crown Hard Anodised Concave Tawa 250 mm| Black","1 pc","Cookware","Cello",,,719,1295,,2.26247,44.47876447876448,0.029193977215523997,0.03047,,,,719
"2026-04-01","1b618c16-2d77-4624-a991-83f2caffcf9b",,"Hawkins 26 Cm Appe Pan, Non Stick Paniyaram Pan With Glass Lid, 12 Cups Red (Nape26G)","1 pc","Cookware","Hawkins",,,1433.3529411764705,1750,,0.96451,18.094117647058823,0.006499393832210695,0.011,,,,1574.3149359886202
"2026-04-01","c18126d5-6644-46f2-9d5e-77b0a5216192",,"Fackelmann Ceramic Nonstick Fry Pan 26cm, German Tech, Induction, Egg Pan, Frying, Tossing, Saute","1 pc","Cookware","Fackelmann India",,,1489,2749,,0.17651,45.8348490360131,0.02041923845113966,0.02079,,,,1489
"2026-04-01","c99e9350-8fe2-49e1-a42c-f0cb211c1476",,"Pigeon Imperi Cast Iron Dosa Tawa 300","1 pc","Cookware","Pigeon by Stovekraft",,,,,,0,,0,0,,,,
"2026-04-01","5803ceba-4294-42f5-88ee-3033eca97955",,"Bombay Kookware Kadai 24Cm With Glass Lid","1 pc","Cookware","Bombay Kookware",,,641.8416186244698,1150,,31.5294,44.25168288307386,0.15832709072231888,0.16258,0.1308,0.08266,0.27161,630.9868423014467
"2026-04-01","0198bad8-4903-4779-ae15-7b8deab0534b",,"Crystal Aluminium Hard Anodised Tadka Pan - Assorted","1 pc","Cookware","Crystal Cookware",,,232.05555555555554,310,,5.58733,25.300784655623364,0.005180945369105097,0.00664,,,,211.74001401541696
"2026-04-01","b862157e-3315-4337-b6a4-8108c25b2dc4",,"Jensons Deep Casserole/stew Pot Wire Handle -17 Inch (3.5 ltr) Induction Compatible","1 pc","Cookware","Jensons",,,836.8775510204082,1165,,3.77689,28.16501707979329,0.0067712541913637365,0.00939,,,,858.7063444763504
"2026-04-01","380e0891-035d-4c52-b385-94dd78674c8b",,"BAY6 Stainless Steel Kadai –1.8 L","1 pc","Cookware","BAY6",,,199.92307692307693,649,,0.12908,69.19521156809293,0.002410346626916995,0.0014,,,,200.4942704354469
"2026-04-01","1d9c2c16-665b-4381-b423-df56a8cab874",,"Greenchef Pre Seasoned Cast Iron Paniyarakal 7 Pits - Zesto","1 pc","Cookware","Greenchef",,,936.2426035502958,1899,,22.56274,50.68363894685842,0.08322269535482497,0.07765,0.00041,0.00054,0,942.519728910973
"2026-04-01","ffa2d10b-e60d-435c-a1dd-ced6e4f99c4a",,"Jensons Cuisine Non Stick Kadhai With Glass Lid 22 cm ( 1.7 Liter ) Induction Compatible","1 pc","Cookware","Jensons",,,649.1292270531401,1315,,33.17062,51.00347979337363,0.22697665952959434,0.20852,0.55572,0.61825,0.37283,641.9084435686191
"2026-04-01","0a9e38ca-f319-481e-b91e-6eda2e556095",,"Petals 304 Food Grade Steel Mesh Jali Net Cover Lid | For Utensil-Milk-Curry | 20 Cm Diameter","1 pc","Cookware","Petals",,,143.4,209,,1.06307,31.38755980861244,0.0003881066602662958,0.00054,,,,153.98245614035088
"2026-04-01","d8182ccb-108d-4882-b82c-c1cdda46d371",,"Capsicum Silicone Kitchen Utility Ser of 6 (Multi Color)","1 set  (6 pcs)","Cookware","Capsicum",,,549.0902166317261,999,,29.8027,45.029381087902415,0.07296182376646398,0.07549,0.00067,0.00089,0,548.8278947885829
"2026-04-01","1aed29a8-d499-4255-83bf-8f6573278b71",,"Bombay Kookware Flat Tawa 32Cm","1 pc","Cookware","Bombay Kookware",,,506.50183832339286,1050,,50.76638,52.14316988121554,0.5744944196167677,0.51189,0.12507,0.094,0.21597,497.327559876144
"2026-04-01","bfb09536-1344-4ae7-ab26-b717aa4845fd",,"Fackelmann Triply Kadai w SS Lid 30 cm","1 pc","Cookware","Fackelmann India",,,4518.130807437872,6899,,48.22161,34.44781256424726,0.25801813586616595,0.32471,0.00593,0.00796,0,4618.313666012451
"2026-04-01","a0019490-0c02-460c-ac67-2a05575d61c6",,"Eleenova Aspire Non | Stick Cookware | Flat Tawa 25 Cm","1 pc","Cookware","Eleenova",,,,,,0,,0,0,,,,
"2026-04-01","3ebd32b1-1e91-49af-a432-f9d022a987d4",,"Jensons Pro Wellness Frying Pan Without Lid 25 cm Induction Compatible","1 pc","Cookware","Jensons",,,,,,0,,0,0,,,,
"2026-04-01","1012c8a7-125f-4457-a32c-af32a7cdf372",,"Macclite Non-Stick Tawa | 30 cm | Induction Compatible","1 pc","Cookware","Macclite",,,2079,2970,,51.20808,30.00000000000001,0.09315172646380994,0.12257,0.00793,0.01065,0,2078.9999999999995
"2026-04-01","c78949fb-ea6b-4987-b3ca-f8c280f1e7d6",,"Bombay Kookware Kala Kruti Fry Pan (24 cm) and Kadai (24 cm)","1 set  (4 pcs)","Cookware","Bombay Kookware",,,918.1966080500916,2000,,59.61814,54.09053304739599,0.727375018307694,0.62714,0.48451,0.29534,1.03784,917.1321577297031
"2026-04-01","986ba8ab-4778-4559-99f4-e37fd9cc7e1a",,"Stainless Steel Tasra, Triply Kadai Without Handle 24 cm | 2 Litre","1 pc","Cookware","Bombay Kookware",,,499.57142857142856,2250,,1.80796,77.8712643678161,0.00906665439593392,0.00346,,,,456.5621880411531
"2026-04-01","e0d435df-3a9e-4760-9029-6253cfab8a1a",,"Wonderchef Duralife Die-Cast Non-Stick Grill Pan Copper 24 Cm","1 pc","Cookware","Wonderchef",,,1248.0167597765362,2000,,3.07192,37.59888888888889,0.018569696663459128,0.0218,,,,1248.9827027027027
"2026-04-01","1ace9bad-c30f-4cee-9fbf-a89897344671",,"Bay6 Nonstick Concave Tawa 25 cm | 3 mm Thickness - Grey","1 pc","Cookware","BAY6",,,301.14564063428037,756.0091771111111,,64.20947,60.10298371175498,0.047787071696779086,0.03644,0.02445,0.03281,0,300.453595038066
"2026-04-01","ecaf5325-2917-44e3-8d95-d13b029e3dec",,"Habitat Ceramic Kadai With Glass Lid Xtreme Coating 24 Cm","1 pc","Cookware","Habitat",,,1458.5290997834559,3306.7156117261898,,16.04739,55.95647903715633,0.3540754627669073,0.2897,0.00371,0.00498,0,1457.3825033215712
"2026-04-01","95987cd4-7c2e-4958-a856-5624fb5da709",,"Eleenova Aspire Non | Stick Cookware | Fry Pan 26 Cm","1 pc","Cookware","Eleenova",,,812.8050314465409,1348.613133081761,,6.16154,39.90572552425851,0.11480436416733655,0.12628,0.00439,0.00072,0.01513,789.744699910421
"2026-04-01","fb82b241-372b-401b-ac83-975933cbe622",,"Prestige Durastone HA Dosa Tawa - 30cm","1 pc","Cookware","Prestige",,,1693.795634920635,2070,,5.7072,18.174123916877537,0.00192196360466802,0.00297,0.00107,0.00014,0.00381,1698.7326197757388
"2026-04-01","c4ad6145-38b8-4908-822a-2ad1afd8ab5b",,"Fackelmann Nonstick Kadai with Glass Lid 26.5 cm Grey","1 pc","Cookware","Fackelmann India",,,1380.8449816957282,1799,,23.14126,23.267977823748154,0.1677363560216936,0.24048,0.00164,0.0022,0,1372.125814224405
"2026-04-01","289c651e-d324-44c3-b5ad-1f2d853113e1",,"Jensons Triply Stainless Steel Kadai with lid 3.5 Litre| 2.5mm Thick Induction Compatible","1 pc","Cookware","Jensons",,,1554.561535325892,3238,,55.83804,52.01558030070999,0.5941911111707322,0.53377,0.7752,0.99539,0.13116,1548.6721288012582
"2026-04-01","a0fe13ae-9549-462c-b8f0-4cc6d9a981f9",,"Macclite Non-Stick PDC Granite+ Induction Base Triumph Tikki/Pan Cake/Mini Uttappam Tawa 7 Cavity","1 pc","Cookware","Macclite",,,2034.4363437328952,3070,,16.21136,33.731715187853574,0.007582192844656997,0.00998,0.00125,0.00167,0,2146.528055173925
"2026-04-01","0d6d572f-baef-43b2-a4d2-7a14b6923314",,"Jensons Cuisine Dosa Tawa 32 cm Induction Compatible","1 pc","Cookware","Jensons",,,744.1219512195122,1345,,3.57349,44.66631262170296,0.012488121006176264,0.01307,,,,748.9704229517894
"2026-04-01","c8b866ee-aaac-4796-bb83-c731bb32ba90",,"Femora Borosilicate Glass Microwave Safe Square Food Storage Container With Air Vent Lid 1200 ml","1 pc","Cookware","Femora",,,291.5061403508772,720,,3.13502,59.34467592592593,0.013370181597690574,0.00983,,,,280.40848317196867
"2026-04-01","a1a2a8b9-2a10-42a2-a782-735b0a6c15d3",,"Hawkins 24 Cm Frying Pan, Triply Stainless Steel Fry Pan, Induction Frying Pan, Silver (Ssf24)","1 pc","Cookware","Hawkins",,,1395.1769911504425,1650,,10.02821,15.396065922381712,0.012255999797883025,0.01829,0.00056,0.00076,0,1311.4868087643465
"2026-04-01","e8606937-ee4d-4816-81e7-147d6b3b21ad",,"Hawkins Idli Stand For 5 Litre Cooker 12 Idli Pan For 5 Litre And Bigger Pressure Cookers - Silver","1 set","Cookware","Hawkins",,,320.6271011387943,350.3333949787234,,37.58078,8.525440973924168,0.13436271148115825,0.23099,0.25944,0.34814,0,320.2488888076504
"2026-04-01","7b52acce-9c23-4ceb-a90e-2c23b1d74822",,"Kent Hard Anodised Frying Pan 24 Cm|1.8L","1 pc","Cookware","Kent",,,660.0280373831775,1350,,6.3002,51.11784511784512,0.022562181446102843,0.02095,0.00003,0.00004,0,666.7161048077708
"2026-04-01","ea2d244d-aa31-46be-9655-1941e6fe3174",,"The Indus Valley Super Cast Iron Kadai with Free Iron Tadka Pan |25.4cm/ 10Inch, 2.5Ltr, 2.4kg","1 pc","Cookware","The Indus Valley",,,1631.5140027292282,2474.831931166666,,20.92496,34.095885301938374,0.014650376485669445,0.01628,0.00197,0.00033,0.00678,1449.9843469389973
"2026-04-01","ec64cc97-46c1-438a-917e-e2e318d40348",,"Crystal Stainless Steel Idli Cooker (Dlx) 4 Plates Induction Compatible","1 set","Cookware","Crystal Cookware brand",,,846.8015873015873,1750,,0.78731,51.80194572452637,0.04549575682547487,0.04145,0.0001,0.00013,0,844.6017366634488
"2026-04-01","dd77e2a1-6a72-45c3-b4a6-63d9b674ee30",,"Macclite Non Stick PDC Granite+ Induction Bottom Butter Scotch Kadai 240 mm with glass Lid","1 pc","Cookware","Macclite",,,2079,2970,,10.83905,30,0.07329700679123943,0.09645,0.0009,0.00121,0,2079
"2026-04-01","b835a45b-a10c-4e6c-af67-7173dd8c6e08",,"Borosil 3 L Oval Baking Dish, Borosilicate Glass Bake and Serve Dish Tray","1 pc","Cookware","Borosil",,,838.8857696376621,1095,,18.9016,23.519310320572565,0.03794308979851276,0.0516,0.00492,0.0066,0,792.6815784932157
"2026-04-01","4bbb462d-c4c9-42fe-887b-b1f1ebc0d027",,"Vinayak Cookware Set (Kadai - 2600 ml Sauce Pan - 1000 ml Fry Pan - 1380 ml, Stainless Steel)","1 pack (3 pcs)","Cookware","Vinayak",,,,,,0,,0,0,,,,
"2026-04-01","6ebbc350-3911-4969-bdde-54cf3499f256",,"Jensons Cuisine Non Stick Appe Maker ( 12 Cups )","1 set","Cookware","Jensons",,,655.2534189967756,1050,,83.33152,37.54395940783834,0.10569964189324253,0.12349,0.27072,0.29532,0.19875,654.7176296715096
"2026-04-01","bbb5c9d4-231c-4d7b-81e7-0f6a600e2698",,"Vinod Platinum Triply Stainless Steel Extra Deep Kadai With Lid- 20 Cm, 1.8 L (Induction Friendly)","1 pc","Cookware","Vinod",,,2359,3150,,3.69348,25.11111111111111,0.05849454448989625,0.08235,0.00048,0.00064,0,2359
"2026-04-01","65182d02-da04-4efd-beeb-93bfa8c2459b",,"Snapple SteamO Idly Maker | 4 Plate | Gas & Induction Compatible | Induction Bottom","1 pack","Cookware","Snapple",,,831.8252964989853,1495,,68.33738,44.35842620867953,3.210422007662131,3.35703,0.91377,1.03642,0.55501,831.7638250381993
"2026-04-01","28f3b2ba-0fc4-402e-92d0-2a78c7b2b335",,"Jensons Cuisine Dosa Tawa 25 cm (5 mm) Induction Compatible","1 pc","Cookware","Jensons",,,775.5506613756614,1385,,8.29902,43.97249631010255,0.12602324640656537,0.13262,0.04524,0.06071,0,775.5245086414666
"2026-04-01","1e118b78-9982-4dbf-b5cc-8babfe11555a",,"Macclite Non-Stick Tawa | 22 cm | Induction Compatible","1 pc","Cookware","Macclite",,,1449,2070,,24.91841,29.999999999999986,0.08395137025189912,0.11047,0.00239,0.00321,0,1448.9999999999998
"2026-04-01","72cd452d-70bc-4b71-88e6-76f5c9bbd472",,"Hawkins Futura 28 Cm Dosa Tava Non Stick Dosa Tawa Small Dosa Tawa - Black","1 pc","Cookware","Hawkins",,,1338.9821922701528,1490.075521512605,,53.52569,10.140559344819808,0.5699049190863938,0.96259,0.48623,0.38882,0.77114,1338.9736294017366
"2026-04-01","62482a46-a211-4a33-afbc-2f47441feb6a",,"Prestige Omega Deluxe Aluminium Non-Stick Granite Cookware Kadai With Glass Lid,24Cm/2.4L,Black","1 pc","Cookware","Prestige",,,1351.1433175489108,1689.3322975409835,,12.46923,20.089783310142053,0.09685953779660282,0.14436,0.00372,0.00175,0.00948,1344.6870520896994
"2026-04-01","158a78da-39f4-4108-813c-09afe8de2eb1",,"Stainless Steel Triply Kadai with Handle & Lid 24 cm | 2 Litre","1 pc","Cookware","Bombay Kookware",,,,,,0,,0,0,,,,
"2026-04-01","f03dd7b0-2fcb-4349-8c95-7198b6885ef7",,"Cello Crown Induction Base Kadhai with Glass Lid| 2.5 L| Maroon","1 pc","Cookware","Cello",,,849.1333333333333,1695,,0.00028,49.90363815142576,0,0,,,,849.1333333333333
"2026-04-01","e682d7f7-8f1a-4f5e-9dc1-bde5a8774f0f",,"Jensons Capsul Bottom Saucepan with Lid | 13 Inch Induction Compatible","1 set (2 pcs)","Cookware","Jensons",,,459,1075,,1.58646,57.30232558139535,0.0059887271739655695,0.00481,,,,229.5
"2026-04-01","e1dbf546-0416-4674-bced-8cc464146d9c",,"The Indus Valley Super Smooth Cast Iron Tawa for Dosa/Chapathi | 25.4cm/10 inch, 1.8kg","1 pc","Cookware","The Indus Valley",,,1267.2160870998152,2111.84388475,,69.27401,40.017604658626475,1.0231290061576084,1.15455,0.77876,0.81667,0.66787,1266.719016868739
"2026-04-01","c6faeca6-8469-4bbc-84d2-1a856f1e379f",,"Jensons Pro Wellness Dosa Tawa 30 cm Induction Compatible","1 pc","Cookware","Jensons",,,493.13254528150173,875,,11.83323,44.18420092419228,0.18778438623653074,0.19488,0.11643,0.10427,0.15199,483.20395472651927
"2026-04-01","a4da5247-cd35-48fe-b8af-8f8fb8a3cc75",,"Non-Stick Waffle Pancake Maker - Gas Compatible, Super Heavy Thickness","1 pc","Cookware","Bombay Kookware",,,468.23102360602354,1750,,66.01465,73.2157391548369,0.056512229371072,0.02845,0.00057,0.00076,0.00003,472.19450145303495
"2026-04-01","4c63214c-85d9-4208-9997-4dd937b058c0",,"Classic Essentials 3 Layer Stainless Steel Induction Bottom Triply Kadhai 24cm Dia. 2.5l Capacity","1 pc","Cookware","Classic Essentials",,,877.4528301886793,1630,,3.81169,45.99207186868811,0.02185393321535851,0.02226,,,,883.3349186737302
"2026-04-01","bbf597f9-9934-4a80-95dc-042d74b6179a",,"BAY6 Nonstick Kadai | 24 cm | Glass Lid | Teal | Induction Compatible","1 pc","Cookware","BAY6",,,643.5288571428572,1404.7201269999998,,42.78564,54.22794816942817,0.341328665886209,0.29402,0.2127,0.27728,0.0238,642.4523211862369
"2026-04-01","9d49e1e8-758e-42f2-853d-5d0e15521124",,"Tramontina Fusao Triply Ceramic Dosa Tawa | 28 cm | Induction Compatible","1 pc","Cookware","Tramontina",,,3525.5469963008004,4499.402291083333,,57.40475,21.612696975126585,0.11090602774677658,0.16507,0.04008,0.05378,0,3577.5997266279414
"2026-04-01","f27ea17b-e256-462e-8ae5-4521be5fccc2",,"Wonderchef Tivoli Non-stick 4 Pc Cookware Set | Purple","1 pack (4 pcs)","Cookware","Wonderchef",,,1492.43887262195,3720.5268816666667,,31.79036,59.915134009863145,0.29990951456926335,0.22524,0.00162,0.00218,0,372.0694820794763
"2026-04-01","55099d80-cad8-44ac-90b7-1b412e296db5",,"Magnus Appam Patra With Stainless Steel Lid | 12 Cavity Non-Stick Pan | Paniyarakkal With Lid","1 pc","Cookware","Magnus",,,497.10486107499304,815.0275406220096,,49.35206,38.96069041854556,0.29342720485798307,0.33732,0.57429,0.77063,0,497.9999844452242
"2026-04-01","79c86f87-34b8-405c-a1fd-f7766198e5c7",,"Wonderchef Galaxy Dosa Tawa 28Cm, Midnight Blue, 2 Years Warranty","1 pc","Cookware","Wonderchef",,,814.2743042710822,1277.9968980833335,,49.96688,36.61415772707661,0.45827411607884244,0.54507,0.0596,0.07997,0,802.2974893114492
"2026-04-01","43ddfe09-c8e6-462d-8253-177261f363c7",,"Femora Rectangle Baking Dish 1L Borosilicate Glass Microwave & Oven Safe","1 pc","Cookware","Femora",,,,,,0,,0,0,,,,
"2026-04-01","17f27046-998b-4352-a4f7-4403f956a1bc",,"Wonderchef Duralife Die-Cast Non-Stick Dosa Tawa Ivory 28 Cm","1 pc","Cookware","Wonderchef",,,1299,2000,,14.58188,35.05,0.014855757330767305,0.01814,0.00221,0.00297,0,1299
"2026-04-01","6baaaa9d-d7db-4ddc-a37a-e596da3a0a00",,"Milton Pro Cook Kitchen Jewel 3 Pc(Fry Pan 24 Cm; Kadhai 24 Cm With Glass Lid & Tawa 25 Cm) Purple","1 pack (3 pcs)","Cookware","procook",,,1671.1739130434783,5000,,0.40607,66.532,0.04642424165864782,0.02962,,,,565.6588062883027
"2026-04-01","49c9c9ec-d0b2-4def-8c0d-2e561e2a3654",,"The Indus Valley Pre-Seasoned Cast Iron Tawa for Dosa/Chapathi | 30.2cm/11.8 inch","1 pc","Cookware","The Indus Valley",,,1396.6126007756766,2357.9965929583336,,64.04408,40.629907909961624,1.3910518917264576,1.55632,1.37117,1.81563,0.0711,1396.6003173398205
"2026-04-01","1b4fde9d-f4c5-47c2-9d55-903271e3f0e0",,"Fackelmann Stainless Steel Triply Sauce Pan 16 CM","1 pc","Cookware","Fackelmann India",,,2025,4146.196597045454,,38.52454,51.16023711019711,0.12314290075709626,0.11303,0.03021,0.04053,0,2024.9999999999998
"2026-04-01","2ae13472-2382-4552-84f8-f8704bd3a24b",,"Agaro Regency Triply Steel Frying Pan 24 cm, Durable & Triply Steel with Honey Comb, 4 mm thick","1 pc","Cookware","Agaro",,,1129.3666666666666,2749,,5.62644,58.917182005577786,0.015978109797106774,0.01238,0.00001,0.00002,0,1133.3119994476665
"2026-04-01","525cbd91-52a1-477b-912a-49375fc1a2fc",,"Macclite Non-Stick PDC Granite+ Induction Base Butter Scotch Triumph Tawa 26 cm","1 pc","Cookware","Macclite",,,1589,2270,,34.04551,30.000000000000007,0.07819420719532688,0.10289,0.00067,0.00089,0,1589
"2026-04-01","6daafcf1-0109-46e4-ac0f-d038e512b8ad",,"Cello Crown Non-stick Taper Pan/Frying Pan | 22 cm - Maroon","1 pc","Cookware","Cello",,,,,,0,,0,0,,,,
"2026-04-01","cfcbcbaa-f13f-447b-834a-2ba336c236eb",,"Wonderchef Pre-Seasoned Ferro Light 24Cm Grill Pan| 2.5Mm","1 pc","Cookware","Wonderchef",,,1238.0907472932713,2380,,43.36192,47.92399581870947,0.21138888475635353,0.20561,0.01813,0.02432,0,1237.9639175873283
"2026-04-01","f76015b8-e4c1-49cf-8500-bc203c5e9aad",,"Jensons Capsul Bottom Patila with Lid | 14 Inch Induction Compatible","1 pc","Cookware","Jensons",,,515.4878048780488,1045,,4.31556,50.6553911205074,0.017464799711983312,0.01631,,,,518.9847441466258
"2026-04-01","38702e18-bd80-4f99-a9ba-1d3981b192f7",,"Macclite Non-Stick PDC Granite+ Induction Base Butter Scotch Triumph Frying Pan 28 cm","1 pc","Cookware","Macclite",,,1869,2670,,16.09913,30,0.07779273035346289,0.10236,0.00023,0.00031,0,1869.000000000001
"2026-04-01","93489fd8-68c9-4a60-99ea-f51aa4e70882",,"Kent Hard Anodised Kadhai 2.8L, 24 Cm","1 pc","Cookware","Kent",,,909,1900,,0.3076,52.1578947368421,0.0003175418129451511,0.00029,,,,909
"2026-04-01","0941513b-6f24-4f93-a702-eec4a5eef850",,"Bombay Kookware Set ( 2Fry Pan + Spoon )","1 set (3 pcs)","Cookware","Bombay Kookware",,,617.2279682274248,1080,,4.22397,42.84926220116438,0.014038690677575103,0.01478,,,,618.274630228963
"2026-04-01","c504d75a-f132-4eef-95b0-9bf2ffa09766",,"Wonderchef Pre-Seasoned Ferro Light 28Cm Kadhai | 3.2L","1 pc","Cookware","Wonderchef",,,1558.1377179962894,2720,,16.67806,42.69436606268628,0.08283570287635848,0.09139,0.00202,0.00271,0,1596.1363109310716
"2026-04-01","e5815e88-7b58-4b69-b6f7-1a54f7c2ecdb",,"Master Titanpro Triply Fry Pan 24 cm With Glass Lid","1 pc","Cookware","Master",,,1404.5,2799,,2.35455,49.82136477313326,0.04506363998411617,0.04268,,,,1410.1171784621845
"2026-04-01","8faf58a6-ef47-4034-a9d7-ecda2a3fec81",,"BAY6 Nonstick Fry Pan | 22 cm - Grey","1 pc","Cookware","BAY6",,,293.1985714753797,749.2968413245034,,55.54308,61.04928425043233,0.18835800416646498,0.13698,0.12001,0.16104,0,289.1755664454273
"2026-04-01","dca19d54-56ac-4fc2-887f-2a1aa00582be",,"Tramontina Aeion Triply 26cm/3.7L Wok with SS304 Lid Stir-Fry | Saute | Noodles | Fried Rice | Induction Friendly | Stay Cool Handle | NSF Certified | 10 Year Warranty","1 pc","Cookware","Tramontina",,,3197.8950276243095,4995,,14.43122,36.0077754522199,0.18105918489289238,0.21418,0.0395,0.053,0,3143.416936710027
"2026-04-01","d12575a2-3429-4796-a960-db740f3f8748",,"Jensons Stainless Steel Triply Saucepan With Lid 16 cm Induction Compatible","1 pc","Cookware","Jensons",,,843.0429705269144,1838,,50.14419,54.08073755405567,0.0718457849969901,0.06344,0.11943,0.07795,0.24075,862.2702783641332
"2026-04-01","dbc7c851-5eef-49c0-9f62-3fcf3ca91eab",,"Silicone Vaccum Cookware Lid 2pc Set | Medium 20 cm& XL 30 cm Microwave-freezer-dishwasher Safe","2 set","Cookware","Spine",,,598.306693985471,890,,44.41657,32.70488071079947,0.03118650566751316,0.03993,0.00337,0.00452,0,604.5693339709017
"2026-04-01","a006d252-a8c1-4d1f-bd4f-fa8cd55bf8c5",,"Bombay Kookware Patri Tawa - 14 Inch","1 pc","Cookware","Bombay Kookware",,,880.4204772993445,1390,,60.70493,36.63374648454595,0.26248099106529504,0.31363,0.1935,0.1871,0.21221,880.6343540536143
"2026-04-01","afcc51b9-47fa-4014-8e6c-aed3747c9692",,"Tramontina Titanex Cast Iron Deep Kadai | 30 cm | 6.8 L | Glass Lid | Induction Compatible","1 pc","Cookware","Tramontina",,,3511.4137525712604,4490.471085783132,,50.27787,21.757551470437758,0.11701638643388777,0.17075,0.08158,0.10947,0,3488.6609245068453
"2026-04-01","72db2e57-b8a3-49d8-8091-f8c259847bb3",,"Prestige Durastone HA Dosa Tawa - 28cm","1 pc","Cookware","Prestige",,,1673.3062693325196,1928.0623816000002,,9.91123,13.170114215212724,0.038690520089217,0.06364,0.00232,0.0009,0.00646,1683.3021086843928
"2026-04-01","f6484073-4a5c-4de7-a300-7a1a8becd7b1",,"Jensons Stainless Steel Tea Pan | 1100 ml | Induction Compatible","1 pc","Cookware","Jensons",,,136.46755948208562,399,,68.51879,66.85589382720939,5.661734685297485,3.45823,12.94305,9.24325,23.76516,132.24410184052758
"2026-04-01","93aa765b-ef50-44b6-8b78-96db4e63d926",,"Hawkins 1.5 Litre Stainless Steel Tea Pan With Glass Lid, Induction Sauce Pan, Silver (Sst15G)","1 pc","Cookware","Hawkins",,,893.5262878787878,1260,,22.87326,29.120465018241482,0.03116589330421673,0.04176,0.00752,0.01008,0,891.4715112136769
"2026-04-01","7fec666f-2399-4fb7-ac4b-6ff31a9441e4",,"Wonderchef Granite Dosa Tawa 30cm","1 pc","Cookware","Wonderchef",,,1354.7632575757575,2100,,5.81281,35.61056193310659,0.035096726693937756,0.03906,,,,1244.08530012805
"2026-04-01","e1e0c1ab-8f2c-4f62-b87c-9c395cfc38af",,"Macclite Non-Stick Flat Tawa | 24 cm | Induction Compatible","1 pc","Cookware","Macclite",,,1869,2670,,22.86614,30.000000000000004,0.15667624468893734,0.20616,0.0045,0.00603,0,1869.0000000000005
"2026-04-01","d78b9d58-b663-4b37-8b08-bea5720fba99",,"Carote Tawa 26cm Granite Black","1 pc","Cookware","CAROTE",,,1172.25,2999,,0.06579,60.82027342447483,0.01670715608811418,0.01184,,,,1131.0439853382206
"2026-04-01","e9674ef0-8550-4154-94b9-484180fb10d0",,"Hawkins Futura 17 Cm Frying Pan, Non Stick Fry Pan, Small Frying Pan, Black (Nf17)","1 pc","Cookware","Hawkins",,,751.3226503182511,833.8972105232557,,55.67826,9.863829910754863,0.06336481883382168,0.10777,0.23417,0.31423,0,748.5606409343842
"2026-04-01","1885c14c-0777-4d07-854f-a154c37ba936",,"Tramontina Aeion Triply Sauce Pan | 14 cm | 1.5 L | Stainless Steel Lid | Induction Compatible","1 pc","Cookware","Tramontina",,,2514.161003775261,3195,,31.28536,21.561818479058353,0.1451221794249331,0.19864,0.09336,0.12527,0,2328.076073702887
"2026-04-01","4078ccd9-6355-41d0-8e7d-469788885cb5",,"Macclite Non-Stick Square Grill Pan | 26 cm | Induction Compatible","1 pc","Cookware","Macclite",,,2230.6487249961824,3370,,40.95153,33.7840574909244,0.10331937817492033,0.13012,0.0682,0.09152,0,2257.6763991618554
"2026-04-01","986db27b-0f64-4a70-a97f-c9f0888e241a",,"Vinod Inducto Deep Kadahi With Lid (24 Cm)","1 pc","Cookware","Vinod Cookware",,,1499,1760,,9.58415,14.829545454545455,0.1339335657912657,0.21443,0.00016,0.00022,0,1499
"2026-04-01","e03bbe58-d14b-41a0-b3b8-eee5a10480ea",,"Bombay Kookware Kadai - 20cm (1.6 Lt)","1 pc","Cookware","Bombay Kookware",,,423.86291003604856,675,,72.73762,39.356231751181866,1.4962386385978554,1.68702,0.46578,0.17516,1.31584,407.8008851107141
"2026-04-01","87d5063d-4702-45f8-9983-577302725f1b",,"BAY6 Stainless Steel Idli Plate Round - 12 Big & 12 Small Idlis","1 set (3 pcs)","Cookware","BAY6",,,387.70752823936266,846.5206395431472,,53.48595,54.23756188281782,0.09827603425809146,0.08444,0.09313,0.12496,0,385.70112754848157
"2026-04-01","1c5fa134-8c16-4a96-82c5-426fc5bcd9b3",,"Macclite Non-Stick Casserole | 24 cm | Glass Lid | Induction Compatible","2 pcs","Cookware","Macclite",,,2262.111890999174,3270,,22.41107,30.789280780902086,0.19243089573566147,0.24808,0.02782,0.03733,0,2242.6459434831527
"2026-04-01","45121109-6c2a-4382-87f1-515b83eb4554",,"Tosaa Vagharia Hard Anodized Aluminium Tadka Pan, 100Mm - Color May Vary","1 pc","Cookware","Tosaa",,,171.4,300,,30.76565,42.86666666666667,0.0005570908999037739,0.00066,,,,186.058495821727
"2026-04-01","68c96b65-7957-44bd-a58a-01ff97b7c316",,"Hawkins Futura 33 Cm Dosa Tava Non Stick Dosa Tawa Big Dosa Tawa - Black","1 pc","Cookware","Hawkins",,,1631.0907159986295,1807.0131037410072,,7.86804,9.725011747567335,0.05791609843882951,0.09849,0.00036,0.00048,0,1632.2278550782166
"2026-04-01","01263b76-56c4-47ac-96ca-2b6f55b082e8",,"Bombay Kookware Appachetty - 21 cm","1 pc","Cookware","Bombay Kookware",,,426.7569428914776,630,,65.20504,36.025551275241554,0.4093216102194647,0.47432,0.37698,0.43723,0.20073,388.113529370459
"2026-04-01","730991cb-1bea-4eb9-9737-1dc03b4d0407",,"Master Superior Paniyarakal With Stainless Steel Lid, 9 Pits, Isi Certified","1 pc","Cookware","Master",,,549.4400498857021,1084.7971014492753,,11.7926,49.29312763195499,0.037606049804070986,0.03625,0.00026,0.00001,0.00101,551.39147843323
"2026-04-01","b036beb9-deac-4992-bbba-19b0f3cb1baa",,"Tramontina Fusao Triply Ceramic Kadai | 30 cm | Stainless Steel Lid | Induction Compatible","1 pc","Cookware","Tramontina",,,5123.806866952789,7995,,46.60769,35.900097135177575,0.18483886095177282,0.22537,0.07442,0.09986,0,5185.5029690741085
"2026-04-01","8b85c05d-a7bb-45c5-9307-1238c8d67d83",,"Macclite Non-Stick PDC Granite+ Induction Base Hard Rock Sumo Casserole 36 cm with Glass lid","2 pcs","Cookware","Macclite",,,3828.743371440889,5470,,16.42602,30.004658038144903,0.13479167147408416,0.17737,0.06147,0.08248,0,3828.631593748673
"2026-04-01","ca0f3411-443d-41ad-99ed-7993b8679473",,"The Indus Valley Iron Tawa with Free Wooden Spatula for Dosa/Chapathi | 30.2cm/11.8 inch, 2.4kg","1 pc","Cookware","The Indus Valley",,,1397.8036363636363,2400.8424672727274,,3.81673,41.778010150396945,0.027337378943111355,0.02974,0,0,0.00001,1398.99554487288
"2026-04-01","2a837e72-dcc8-42bb-84ad-df2563b493df",,"Jensons Capsul Bottom Saucepan with Lid | 12 Inch Induction Compatible","1 pc","Cookware","Jensons",,,279,900,,0.00001,69,0.0033425453994226435,0.00195,,,,279
"2026-04-01","42436b61-d8be-4daf-81db-c683fb22d3d6",,"BAY6 Nonstick Fry Pan | 24 cm - Grey","1 pc","Cookware","BAY6",,,327.5781654407558,741.2628683018869,,52.60305,55.85830662925324,0.25137296991514707,0.2062,0.05168,0.06935,0,327.41390034157297
"2026-04-01","40fbda16-f6a8-4d7d-980a-72dcc1baf005",,"Silicone Cake Mould Square 8.0 Inch","1 pc","Cookware","Spine",,,319,1095,,1.5748,70.8675799086758,0.0020333817846487747,0.00111,,,,319
"2026-04-01","8f39fa4c-5167-484d-ae2d-b9e5af36fc85",,"Wonderchef Pre-Seasoned Ferro Light 24Cm Cast Iron Fry Pan | 1.4L","1 pc","Cookware","Wonderchef",,,1342.1536530218827,2379.7535116249996,,71.64909,43.59585524095373,0.5173222232262764,0.55057,0.12421,0.16668,0,1344.930328696376
"2026-04-01","3c3627f2-6156-44a0-aa4b-4752fcd72c58",,"Pigeon Storm Non-Stick Kadai | 30 cm | Induction Compatible","1 pc","Cookware","Pigeon by Stovekraft",,,1019.001927798875,1641.1417818709674,,8.73661,37.0476338497556,0.22584743627548942,0.28486,0.06666,0.00565,0.2451,1063.9277626371988
"2026-04-01","dbf0f59c-00de-409a-b5ad-90e1f7bed25a",,"Fackelmann Quartz Nonstick Concave Tawa 25cm BPA-Free All Stoves Compatible Anti-scratch","1 pc","Cookware","Fackelmann India",,,764.4024008730635,1399,,24.4794,45.48718119908171,0.15621200227235088,0.15847,0.00614,0.00824,0,754.9064123249844
"2026-04-01","8575758b-0dc4-4e36-b55d-ea122dd271b1",,"Master Superior Paniyarakal With Stainless Steel Lid, 11 Pits, Isi Certified","1 pc","Cookware","Master",,,539,1379,,0.20742,60.91370558375635,0.005121522339782028,0.00376,,,,539
"2026-04-01","9d88e53e-a53d-4f52-b920-a6ce7cef7ac0",,"Vinod 3Pc Tope Set 1.4 L, 1.8 L & 2.2 L With Lid (Induction Friendly)","1 pack (3 pcs)","Cookware","Vinod",,,,,,0,,0,0,,,,
"2026-04-01","65b7de3a-341c-49e2-83e5-57fef7808117",,"Pigeon Stainless Steel Steamer","1 set","Cookware","Pigeon by Stovekraft",,,599,1035.4300033333334,,65.23564,42.16295665627417,0.16278846034571492,0.17673,0.57672,0.77214,0.00512,599
"2026-04-01","40be01f1-9e91-4096-ade5-56ab29a37bcf",,"Prestige Omega Deluxe Aluminium Non-Stick Granite Cookware Fry Pan 24cms/1.7Ltr,2yrs Warranty,Black","1 pc","Cookware","Prestige",,,939.3691396700071,1208.9566343781094,,21.49879,22.36384630208163,0.17555976922600897,0.25458,0.0151,0.00292,0.05075,937.9780039373571
"2026-04-01","bc58a22a-d7f9-4efa-bbc1-87c69119f84c",,"BAY6 Nonstick Fry Pan | 22 cm | 3 mm | Teal | Induction Compatible | Induction Bottom","1 pc","Cookware","BAY6",,,350.61256704980843,849.6390049655173,,18.53446,58.69268286715432,0.351715625714915,0.27377,0.20843,0.18806,0.26801,350.19378326497787
"2026-04-01","a6f18e51-4520-44c5-a6ca-9b8ab97819bd",,"Hawkins Futura 1.5 Litre Non Stick Kadhai With Stainless Steel Lid, Kadhai Black (Nk15S)","1 pc","Cookware","Hawkins",,,1195.9398626856098,1364.4453907746476,,50.11106,12.295881174513498,0.06536068983121027,0.10838,0.02866,0.03845,0,1197.1261024364765
"2026-04-01","9be9c70e-83be-4c3a-b136-2bb09edc2fd5",,"Wonderchef Duralife Die-Cast Non-Stick Kadhai With Lid Copper 24 Cm","1 pc","Cookware","Wonderchef",,,1477.7911185694438,2500,,16.81441,40.90361956595677,0.11991381620428733,0.12978,0.00092,0.00123,0,1439.0123551203105
"2026-04-01","1d8a94ce-38f0-4572-997a-8221595b23ba",,"BAY6 Nonstick Kadai | 24 cm | Grey | Glass Lid | Non-Induction","1 pc","Cookware","BAY6",,,562.7469482235276,1326.6633297790056,,56.65919,57.61351103885629,0.20142549970854118,0.16147,0.38882,0.52175,0,557.4581504904463
"2026-04-01","6352adea-67fc-434c-9158-4f6bd84d6ae6",,"Anjali Tadka Pan with Handle","1 pc","Cookware","Anjali",,,191.35162487745563,265,,65.67054,27.624907283926483,0.05580769507966036,0.07614,0.19292,0.25888,0,191.62847103876842
"2026-04-01","a576f8b9-5974-4d67-b4b5-2a4baf8fe75f",,"Vinod Platinum Triply Stainless Steel Kadai With Lid- 22 Cm, 1.8 L (Induction Friendly)","1 pc","Cookware","Vinod",,,2439,3353.125,,1.0983,27.315532244606032,0.031094957062962312,0.04257,,,,2439
"2026-04-01","6f647e27-dd74-4d07-b412-4adf6b603dc7",,"BAY6 Nonstick Cookware Set - (Dosa Tawa 26 cm + Fry Pan 24 cm) - Grey - (2pc)","1 pack (2 pcs)","Cookware","BAY6",,,601.8169014084507,1345.764749859155,,43.73582,55.252089575962,0.20963590539132296,0.17866,0.00773,0.01037,0,300.21935312090324
"2026-04-01","12675687-b202-4f02-853b-69969a58f023",,"Solara Pre Seasoned Cast Iron Tawa For Dosa 12"" Inch(30 Cm), 100% Pure And Toxin-Free Tawa","1 pc","Cookware","Solara",,,1056.0738977197607,2499,,56.84762,58.27380134790335,1.905047539492442,1.47472,0.48826,0.53077,0.36391,1038.425257440526
"2026-04-01","a3174baf-644f-4e4b-8a5e-2cc155635566",,"Fackelmann Stainless Steel Triply Sauce Pan 14 CM","1 pc","Cookware","Fackelmann India",,,2009.553540416821,3849,,44.93313,47.77121443165339,0.2261462226948045,0.22263,0.06859,0.09204,0,2013.146766884824
"2026-04-01","a2277aba-4aaf-4900-8f5d-b56406cb3838",,"BAY6 Nonstick Concave Roti Tawa | 25 cm - Grey","1 pc","Cookware","BAY6",,,289.14970862470864,671.6815867132867,,40.55163,56.82144860599111,0.15556893367689528,0.12762,0.06123,0.08206,0.00031,289.2896778865296
"2026-04-01","c085b064-101f-413e-b14d-8e7594a5fb4c",,"Macclite Non Stick Hard Rock Miniso Tope 14 cm","1 pc","Cookware","Macclite",,,480.6521739130435,790,,16.4126,38.91139240506329,0.014670060364132712,0.01714,,,,490.9734680985471
"2026-04-01","6dca10cc-f12d-491a-9c3b-6f4a434bd991",,"Bombay Kookware Dosa Tawa - 26 cm","1 pc","Cookware","Bombay Kookware",,,307.9898831354738,650,,30.37025,52.58398183293722,1.0740760831356087,0.95773,1.05233,1.25218,0.46778,308.61315286956363
"2026-04-01","8b084843-be79-4391-911a-25437558dd0b",,"Vinod Platinum Triply Stainless Steel Kadai With Lid - 28 Cm, 3.7 L (Induction Friendly)","1 pc","Cookware","Vinod",,,3139,4400,,1.03784,28.65909090909091,0.016341333063844034,0.02191,0,0,0,3139
"2026-04-01","5021259f-0144-4641-868b-a63d2f502995",,"Wonderchef Milano Non Stick Cookware 4 Piece Set, Red/Black","1 pack (4 pcs)","Cookware","Wonderchef",,,1823.4613617376774,4200,,0.84817,56.543966471272256,0.055608813628394704,0.0475,0,0,0,476.2177662210665
"2026-04-01","2131a077-c3e1-403a-a1fd-65667d86ce5e",,"Macclite Non-Stick Kadai | 28 cm | Glass Lid | Induction Compatible","1 pc","Cookware","Macclite",,,2519.7669777567758,3670,,29.77996,31.396108165181474,0.2482733161480825,0.31182,0.09529,0.12786,0,2453.413016622015
"2026-04-01","3df1f4e3-2274-4dab-a668-9a69e385b9e7",,"Jensons Toasty Induction Compatible","1 pc","Cookware","Jensons",,,298.4326595173715,450,,74.06239,33.69871922874136,0.0715054024571489,0.08917,2.53502,3.40168,0,297.90852737352964
"2026-04-01","bc3dd7e4-3960-486f-a744-d80ea3020f9f",,"Tramontina Aeion Triply Sauce Pan | 18 cm | 2.9 L | Stainless Steel Lid | Induction Compatible","1 pc","Cookware","Tramontina",,,2838.4651527232954,3895,,49.00929,27.1019405791395,0.08751898037488287,0.11849,0.18499,0.24823,0,2807.0207676052783
"2026-04-01","4db7da72-f71f-4228-9671-dc4ec8c6a19b",,"Hawkins 1.5 Cup Tadka Pan 360 ml Triply Stainless Steel Pan Induction Pan - Silver","1 pc","Cookware","Hawkins",,,438.9873430202387,490.08389575609755,,81.8346,10.427672585902974,0.09222027047917083,0.15528,0.11737,0.15749,0,438.9777198379349
"2026-04-01","9213db72-3cd0-4302-a6c0-d58fb0404330",,"Macclite Non-Stick Flat Tawa | 24 cm | Induction Compatible","1 pc","Cookware","Macclite",,,1869,2670,,30.77806,30,0.1833012900680384,0.2412,0.07399,0.09929,0,1869.0000000000005
"2026-04-01","e1f67094-42e7-4225-b44a-4c320721efef",,"Vinod Platinum Triply Stainless Steel Extra Deep Kadai With Lid- 22 Cm, 2.5 L (Induction Friendly)","1 pc","Cookware","Vinod",,,2052,3450,,0.3848,40.52173913043478,0.006406545348893399,0.00716,0.00007,0.00009,0,2052
"2026-04-01","1596b9fb-679e-4221-bcee-ad8ef47fd7ba",,"AGARO Imperial Granite Non Stick Frypan with Glass Lid, 1.6L / 24cm","1 pc","Cookware","Agaro",,,1156.7837837837837,2799,,3.25299,58.83969549564405,0.015592974288306631,0.01115,,,,1065.4027036641764
"2026-04-01","caa20c5c-09f1-492b-8aa2-f689d465ab6a",,"Macclite Non-Stick Kadai | 26 cm | Glass Lid | Induction Compatible","1 pc","Cookware","Macclite",,,2256.890134848712,3270,,37.48783,30.987524461292892,0.25351814127370986,0.32679,0.08987,0.1206,0,2242.4580554976324
"2026-04-01","ce987650-649e-4188-8ac9-93b962ed258d",,"The Indus Valley Super Smooth Cast Iron Tawa With Free Wooden Spatula","1 pc","Cookware","The Indus Valley",,,999.2466663431237,1779.2916925112106,,44.5666,43.67020578521855,0.6957365262233923,0.74623,0.18515,0.16389,0.24732,998.9848954704914
"2026-04-01","cc9a3ee4-f316-42d5-b90f-d5379d10554e",,"Habitat Ceramic Kadai With Glass Lid Xtreme Coating 28 Cm","1 pc","Cookware","Habitat",,,1881.194350340377,3999,,24.08408,53.135325139556045,0.244316299486066,0.20825,0.0032,0.0043,0,1830.897642970772
"2026-04-01","41b79a06-49ea-4e90-8b42-8d12827bd85a",,"Vinod Hard Anodized Microwave Tawa- 25 Cm","1 pc","Cookware","Vinod",,,528.4358974358975,720,,4.69211,26.606125356125357,0.0026740363195381146,0.003,0.00026,0.00035,0,431.6255924170616
"2026-04-01","58521e31-eff9-498a-a87c-78e52f339570",,"Classic Essentials Marvel Pack of 2 Cook and Serve Casserole Set 1050 ml","1 pack (2 pcs)","Cookware","Classic Essentials",,,,,,0,,0,0,,,,
"2026-04-01","f3419f4c-683c-4af1-97bc-db379bb2cba1",,"Tramontina Fusao Triply Ceramic Kadai | 26 cm | Stainless Steel Lid | Induction Compatible","1 pc","Cookware","Tramontina",,,5042.813559322034,7295,,50.10994,30.877375672680362,0.13871786243963932,0.17696,0.16102,0.21607,0,4950.711321928543
"2026-04-01","9de98aaf-307e-466e-a867-468070246bc4",,"Vinod Platinum Triply Stainless Steel Extra Deep Kadai With Lid- 24 Cm, 3.2 L (Induction Friendly)","1 pc","Cookware","Vinod",,,,,,0,,0,0,,,,
"2026-04-01","4b96f40e-9a4a-4187-bb1c-9e46991f25a4",,"Softel Stainless Steel Multi Kadai | 6-Pieces | Silver | 4 Litre","1 set  (6 pcs)","Cookware","softel",,,1576.6666666666667,2995,,2.49885,47.160418879951436,0.02780812075353005,0.02774,0.00061,0.00082,0,1589.5948201054669
"2026-04-01","8f2ea1d8-0fca-436f-aae0-6af387cb1b89",,"Kitchen Essentials-Hard Anodized Tadka Pan Bk Medium 110 Mm","1 pc","Cookware","Kitchen Essentials",,,,,,0,,0,0,,,,
"2026-04-01","f4f4a2ee-7e62-4eee-afb0-b66e6f63c3de",,"Habitat Ceramic Cookpot Wth Glasss Lid Xtreme Coating 20 Cm","1 pc","Cookware","Habitat",,,1204.2044145504528,2594.816785794872,,29.64078,53.60926963335905,0.17390075252609552,0.15256,0.02693,0.03614,0,1199.6823743911048
"2026-04-01","f68e3b48-fc6f-432e-91ba-0a9e1e9b7d62",,"Agaro Elite Hard Anodised Tadka Pan, Riveted handle, 4 mm thick plate, Gas Oven Compatible","1 pc","Cookware","Agaro",,,199.02596441242534,348.9398707792208,,72.19473,42.9541792938541,0.17691015756737571,0.18979,0.12004,0.16108,0,199.0573032433455
"2026-04-01","f5f95bca-12c5-474c-bcb5-a4ab17b1b4d4",,"Jensons Capsul Bottom Patila with Lid | 10 Inch Induction Compatible","1 pc","Cookware","Jensons",,,250.44757931523486,560,,52.80005,55.29157588103839,0.04751316867099307,0.03991,0.01973,0.02029,0.01809,250.5069920744365
"2026-04-01","76b6cac5-a5e1-46b1-a46b-725c5d9b07b9",,"Kitchen Essentials-Hard Anodized Chapati Tawa Ss Wire Handle 25 Cm(10""), 3Mm Thickness","1 pc","Cookware","Kitchen Essentials",,,442.9414893617021,855,,1.53435,47.99721526037315,0.034929599423966624,0.03501,,,,455.84637167204784
"2026-04-01","34a83b37-4efa-40ba-a04f-20cf5ce23c41",,"Prestige Omega Deluxe Aluminium Non-Stick Granite Cookware OT 25cm,Dishwasher Safe,2Y Warranty,Black","1 pc","Cookware","Prestige",,,931.5416859079618,1200,,21.97545,22.7815513457488,0.0747393151310903,0.10603,0.0021,0.00282,0,905.6245635794202
"2026-04-01","9c694e77-17bd-4f7e-9f0e-5f6636a0f162",,"Vinod Frypan (24 Cm)","1 pc","Cookware","Vinod Cookware",,,815.6073816878406,1046.3924467857141,,11.99883,22.044850552910486,0.021211050316869554,0.03117,,,,815.535945166726
"2026-04-01","e3f12c04-c8b5-441d-8540-2c6ce6f65ff1",,"Macclite Non-Stick PDC Granite+ Induction Base Butter Scotch Triumph Frying Pan 26 cm With Glass Lid","1 pc","Cookware","Macclite",,,2148.8823000476227,3070,,16.61911,30.00383387467027,0.037454892473230424,0.04929,0.01139,0.01529,0,2148.9987863541505
"2026-04-01","c40755a5-8ab1-43c1-ad88-dc09a3403e61",,"Bombay Kookware Idly Steamer | 2 Plate | Induction Compatible","1 set","Cookware","Bombay Kookware",,,975.9351087464493,1999,,57.44151,51.14458628714186,0.536730713088024,0.49222,0.26964,0.20306,0.46436,974.0031932359375
"2026-04-01","8c71bfc6-17d4-4cc4-b1a8-86fd4920cee5",,"Macclite Non-Stick Frying Pan | 28 cm | Glass Lid | Induction Compatible","1 pc","Cookware","Macclite",,,2428.613592222204,3470,,26.75597,30.01112295887686,0.13067792657222807,0.17195,0.01666,0.02236,0,2428.684141466303
"2026-04-01","7dcbe05f-6987-40ce-86cf-ca8cbc6b043d",,"Tramontina Aeion Triply 24cm/2.8L Saute Pan with SS 304 Lid | Healthy Non Toxic | Curry | Stir-Fry | Deep Fry | Saute | Induction Friendly | Stay Cool Handle | NSF Certified | 10 Year Warranty","1 pc","Cookware","Tramontina",,,3132.3333333333335,4295,,15.65842,27.07023670935196,0.009331643967321482,0.01011,0.01327,0.01781,0,2494.645111386139
"2026-04-01","5da5c540-891e-4f91-bb78-dbde3629767d",,"Kitchen Essentials Ss Tope Lid Size 10","1 pc","Cookware","Kitchen Essentials",,,,,,0,,0,0,,,,
"2026-04-01","9b19251c-f320-45bb-8b72-1fc67f24d0af",,"Jensons Capsul Bottom Patila with Lid | 15 Inch Induction Compatible","1 pc","Cookware","Jensons",,,560.123595505618,1120,,5.78027,49.99007936507937,0.02714146864331186,0.02526,,,,554.4363512593601
"2026-04-01","a1e7cd7a-c8c8-43d3-a44c-ad607a34a6a0",,"Fackelmann Nonstick Flat Tawa 28 cm Grey","1 pc","Cookware","Fackelmann India",,,974.6700667092446,1149,,21.38619,15.32792496084604,0.08282883208859301,0.13023,0.00581,0.0078,0,959.7605011310263
"2026-04-01","b3393cba-c0d4-46b2-bcb8-348e64f0d6d3",,"Jensons Deep Casserole/stew Pot Wire Handle -16 Inch (3.5 ltr) Induction Compatible","1 pc","Cookware","Jensons",,,,,,0,,0,0,,,,
"2026-04-01","9c12e72b-6c5a-4c5e-8728-8b3fec27e86b",,"Macclite Non-Stick Deep Fry Pan | 20 cm | Induction Compatible","1 pc","Cookware","Macclite",,,1519,2170,,43.90638,29.999999999999982,0.06697235380463189,0.08813,0.00475,0.00638,0,1519
"2026-04-01","c3ba576b-1d7f-43c8-baa1-72d32c828311",,"Habitat Ceramic Frypan Wth Ss Handle Xtreme Coating 24 Cm","1 pc","Cookware","Habitat",,,1107.7855439120003,2473.4451625431034,,36.30295,55.33471047954386,0.24557866746524795,0.19936,0.01968,0.0264,0,1069.2611859072338
"2026-04-01","c6784f01-345f-4338-a2e6-ba764470bbc8",,"BAY6 Nonstick Dosa Tawa | 26 cm - Grey (Not Induction Compatible)","1 pc","Cookware","BAY6",,,329.37827532956686,853.7072979333333,,21.46626,61.38483854843813,0.2549182964021347,0.18561,0.12659,0.10027,0.20357,327.7491367852833
"2026-04-01","070635a5-00dd-485d-be8b-8ba4268f02d1",,"Prestige HA Cookware Tadka Pan 10cm,Sturdy Handles,In-Built Stand,2Y Warranty,Black,ISI Certified","1 pc","Cookware","Prestige",,,354.0758171805447,474.84617166666675,,66.26946,25.958513511361232,0.08864411829572187,0.11918,0.01292,0.01733,0,342.93279631422627
"2026-04-01","c4827795-920a-41ed-ad2c-773dd13d7690",,"Greenchef Rio Kadhai 24 Cm Diameter With Lid 2 L Capacity (Aluminium, Non-Stick)","1 pc","Cookware","Greenchef",,,547.75,999,,3.95734,45.170170170170174,0,0,,,,547.75
"2026-04-01","1163309e-4369-4176-8a3f-497214dce51b",,"Jensons Pro Wellness Kadhai Without Lid 26 cm Induction Compatible","1 pc","Cookware","Jensons",,,538.589966082424,1000,,26.08128,46.50028150534802,0.07299747758405783,0.07249,0.07883,0.06969,0.10555,528.7448403905402
"2026-04-01","ed97dce5-4996-4faf-9cb2-b0247d2748a9",,"Jensons Cuisine Dosa Tawa 30 cm (5 mm) Induction Compatible","1 pc","Cookware","Jensons",,,899,1775,,7.29581,49.352112676056336,0.13411944845486692,0.12769,0.00261,0.00334,0.00047,899.0000000000001
"2026-04-01","ad481598-ae3c-49ce-98db-b587a0e84ee3",,"Femora Carbon Steel Stone Ware Non-Stick Coated Doughnut Tray 6 Slots (279 X 177 X 3 Cm)","1 pc","Cookware","Femora",,,157.69813766659976,450,,33.64925,64.90364424014837,0.025386632308614973,0.01697,0.01391,0.00125,0.05096,159.33991359198305
"2026-04-01","08cb3a2d-51db-4157-af59-028437342f4d",,"Jensons Nonstick Cuisine Fry Pan 24 cm Induction Compatible","1 pc","Cookware","Jensons",,,499.22810190528475,1050,,24.16233,52.42124284101508,0.25784395211146266,0.23203,0.11203,0.072,0.22913,499.84998680713073
"2026-04-01","1175c3b6-461c-4a6c-bc3b-c445bd279b2f",,"Habitat Ceramic Cookpot Wth Glass Lid Xtreme Coating 24 Cm","1 pc","Cookware","Habitat",,,1564.7038502109706,3040.4195015189875,,16.74433,48.49933411977272,0.11592430257310977,0.11104,0.00007,0.00009,0,1557.3968789073167
"2026-04-01","8b5ff79f-ce3d-4193-a3ec-0dee9750e87c",,"Solara Pre Seasoned Cast Iron Paniyaram Pan With 12 Cavities (8 Inch, 20 Cm)","1 pc","Cookware","Solara",,,1017.3781905306228,2499,,71.21392,59.23195158315534,0.9019888471856666,0.68564,0.06774,0.04541,0.13304,1015.8375907809758
"2026-04-01","17af7f2a-50e1-4808-ba22-63baa7f895d2",,"Macclite Non-Stick Kadai | 28 cm | Glass Lid | Induction Compatible","1 pc","Cookware","Macclite",,,2779,3970,,51.38315,30.00000000000001,0.21143382342227907,0.27822,0.03599,0.04829,0,2779
"2026-04-01","703eeceb-53a1-4c18-9341-3c869f92feb2",,"Tramontina Fusao Triply Ceramic Grill Pan | 26 cm | Induction Compatible","1 pc","Cookware","Tramontina",,,3932.6666666666665,5695,,55.4244,30.901994597059193,0.149960699587564,0.20036,0.10628,0.14262,0,4047.4576370841028
"2026-04-01","24894171-e93a-475b-94ef-b2c578cf8e79",,"The Indus Valley Cast Iron Paniyaram Pan With Loop Handle | 12 Pit | 8.1 Inch/20.8 Cm - 2.2 Kg","1 pc","Cookware","The Indus Valley",,,1219,2165,,1.21622,43.69515011547344,0.004020339327638902,0.00426,,,,1219
"2026-04-01","c36f14f4-dd5a-492c-b5f0-f69042f3668f",,"Khatana 14 g Plain Kadai 3","1 pc","Cookware","khatana",,,569,1339.258210137931,,11.08991,57.51362277006195,0.05568513508168152,0.04425,,,,569
"2026-04-01","61cf460a-d0f4-4749-8fd4-af74c9d105a4",,"Tramontina Fusao Triply Ceramic Kadai | 24 cm | 2.6 L | Stainless Steel Lid | Induction Compatible","1 pc","Cookware","Tramontina",,,4423.533898305085,6395,,58.11611,30.841737512494927,0.1347855434741852,0.17935,0.16737,0.22459,0,4526.4649179931475
"2026-04-01","7d9bbcd4-f895-413c-b58c-629484b6da03",,"Eleenova Aspire Non | Stick Cookware | Kadai With Glass Lid 24 Cm","1 pc","Cookware","Eleenova",,,869,1650,,0.00079,47.333333333333336,0.0030639999494707563,0.00303,0.00149,0,0.00585,869
"2026-04-01","99891377-947c-4584-aa57-4f950dced0b4",,"Carote Frying Pan 26cm Granite Black","1 pc","Cookware","CAROTE",,,1264.6305572503559,2999,,7.42966,57.831591955640015,0.024726665289195638,0.02059,,,,1318.5694242365703
"2026-04-01","0483f7c6-7665-43fd-8c4a-43b7d20181ea",,"Pigeon Rc Nonstick Mio Gift Set 8 Pcs -","1 set  (8 pcs)","Cookware","Pigeon by Stovekraft",,,1024.6984247895168,2569.5040243999997,,19.40396,60.39823623796465,0.7268322260742213,0.53729,0.1306,0.14924,0.07608,1003.262345167393
"2026-04-01","8328db2d-e2bc-4b23-9364-17b0e276e087",,"Fackelmann 24 cm Frying Pan, Triply | with Lid | German Quality | Energy-Efficient Fry Pan | Non-Toxic | Even Heating | Ideal for All Cooktops | Hassle-Free Maintenance | 5 Year Warranty","1 pc","Cookware","Fackelmann India",,,2422.298438172597,4596.00476825,,46.15311,47.286730809126816,1.2106524881560177,1.20296,0.01279,0.01716,0,2424.1834988179335
"2026-04-01","2c0efc77-5514-4f33-b345-a43dccf8acb1",,"Agaro Elite Hard Anodised Handi, 3.5 Litres, Riveted handle, 3 mm thick plate","1 pc","Cookware","Agaro",,,1279,1999,,6.42588,36.018009004502254,0.07342495200125067,0.08831,0,0,0,1279
"2026-04-01","287cd9c9-832e-4586-8db3-ff2e5e243617",,"Anjali S.S.Puran Maker","1 pc","Cookware","Anjali",,,378.125202997554,755,,61.7503,49.764716164803716,0.02916166594332958,0.02846,0.09656,0.12957,0,382.0005514984456
"2026-04-01","030949e9-b4ef-4cc8-a181-142de4530c69",,"BAY6 Nonstick Dosa Tawa | 28 cm | Teal | Induction Compatible","1 pc","Cookware","BAY6",,,433.62624910920937,1122.582835419847,,10.15518,61.46648579639358,0.22209691464037062,0.16039,0.02877,0.03172,0.02016,430.4923731469462
"2026-04-01","d808a03c-7112-4441-a7d1-86eb7c0cba49",,"Femora Borosilicate Glass Casserole Deep Round Oven And Microwave Safe Serving Bowl 700 ml","1 set (2 pcs)","Cookware","Femora",,,440.6190476190476,605,,5.70136,27.7610818933133,0.005617333240696387,0.00676,0.00023,0,0.00089,194.05646214099212
"2026-04-01","fa239a41-ee5b-4008-ae3d-5cbf6f2de195",,"Tramontina Aeion Triply 28cm/8.7L Tope with SS 304 Lid | Healthy, Non Toxic | Extended Grip | Bhagona | Tapeli | Patila | for Boiling Milk/Water | NSF Certified | 10 Year Warranty","1 pc","Cookware","Tramontina",,,3657.2885788687195,4995,,28.77933,26.953508428095656,0.158241670117667,0.18861,0.01054,0.01414,0,3167.6530644337395
"2026-04-01","66f6232e-765e-4ef1-a9e7-c0697a1a9215",,"Macclite Non Stick Hard Rock Miniso Stew Pan 16 cm","1 pc","Cookware","Macclite",,,486.3333333333333,790,,16.39113,38.58076791322902,0.007335030182066356,0.00833,,,,477.07044025157234
"2026-04-01","33948aed-49a5-4ece-8b9d-5c4f65420e32",,"Bombay Kookware Nonstick Tapper Fry Pan - 22 cm","1 pc","Cookware","Bombay Kookware",,,311.6583173384464,525,,88.19637,40.821990040296285,1.7687509798007508,1.9653,1.29223,1.16099,1.67611,310.667809165759
"2026-04-01","835efa77-e3cf-4a59-97b4-16ee85069f9f",,"Hawkins 30 Cm Die-Cast Multi Snack Pan With Glass Lid, Nonstick Mini Uttapam Tawa, Red (Dcms30G)","1 pc","Cookware","Hawkins",,,1592.5972461273666,1875,,5.53946,15.032018140589576,0.010967819940338866,0.01861,,,,1690.7714352544683
"2026-04-01","407535bd-1370-499f-8544-533ee39d1e31",,"Cello Non-Stick Crown Induction Base Kadhai 3.5L| Maroon","1 pc","Cookware","Cello",,,719,1595,,1.1236,54.921630094043884,0.002961866617821731,0.00251,,,,719
"2026-04-01","7c11e6a8-c519-4847-b104-7353a10a411f",,"Wonderchef Tivoli Cookware Set Red","1 pack (3 pcs)","Cookware","Wonderchef",,,1177.3714685203993,2983.1603887027027,,36.60192,60.605241411933356,0.3608027067771787,0.26849,0.02693,0.03613,0,385.3446823992222
"2026-04-01","a06ac521-5e71-44ba-931a-1674e09628b4",,"Fackelmann Stainless Steel Triply Kadhai 20 CM","1 pc","Cookware","Fackelmann India",,,2139.3998722415795,4399,,48.48,51.372454928382325,0.4104827733518308,0.37485,0.00962,0.01291,0,2139.122829754884
"2026-04-01","eb3c8602-5a33-4a84-a56b-9506c6b5cd06",,"Tramontina Fusao Triply Ceramic Dosa Tawa | 30 cm | Induction Compatible","1 pc","Cookware","Tramontina",,,3409.899526780949,4700.238767876106,,39.59378,27.819557394848534,0.2116850714181357,0.27186,0.10925,0.1466,0,3207.7368438973153
"2026-04-01","12703774-3f92-471e-bf64-b2e8e0c66292",,"Bombay Kookware Kala Kruti 2Pcs Set- Fry Pan (24 Cm) And Dosa Tawa (27.5 Cm)","1 pack (2 pcs)","Cookware","Bombay Kookware",,,754.2789183223134,1650,,63.74312,54.24937918612677,0.45322687252571425,0.38838,0.14326,0.15311,0.11445,377.81458155533073
"2026-04-01","2217fe7a-e2d6-49f3-a096-4391a426b0fd",,"Eleenova Aspire Non | Stick Cookware | Kadai With Glass Lid 26 Cm","1 pc","Cookware","Eleenova",,,978.373826537761,1786.8032786885246,,2.07335,44.792324456090874,0.10240259225064537,0.10937,0.00052,0.00001,0.002,1010.6998514843051
"2026-04-01","7cca0f31-9289-44d0-a57a-32bafc6e9b58",,"Macclite Non-Stick Non-Stick Kadai | 24 cm | Glass Lid | Induction Compatible","1 pc","Cookware","Macclite",,,2009,2870,,39.84988,30.000000000000004,0.16223006956704472,0.21347,0.05736,0.07698,0,2008.9999999999998
"2026-04-01","52520544-88c7-4c19-8363-404d8d45d669",,"Wonderchef Taurus Hard Anodized Roti Tawa 25 Cm","1 pc","Cookware","Wonderchef",,,544.7902272120936,978.4057362318842,,15.35416,44.21358310739519,0.1376541902147564,0.14539,0.00853,0.01144,0,546.7378848765942
"2026-04-01","42d5f25d-6cb9-4d82-8476-cf2ddf9e5622",,"Femora Carbon Steel Stone Ware Non-Stick Coated Round Cake Pan (20 X 18 X 8 Cm)","1 pc","Cookware","Femora",,,267.06666666666666,670,,3.87528,59.97667910447761,0.0051881875508038465,0.00415,0.00019,0,0.00073,284.934949838704
"2026-04-01","8d62507d-702d-4d93-affa-0d454c236da3",,"Pigeon 2.4L Nonstick Storm Fry Pan","1 pc","Cookware","Pigeon by Stovekraft",,,559.2962962962963,1145,,0.77967,51.15316189551997,0.0021262302679660706,0.00209,,,,598.0845431255337
"2026-04-01","886fdcc7-cbcf-4da1-8f3b-9e1f69997c70",,"Macclite Non-Stick Frying Pan | 22 cm | Induction Compatible","1 pc","Cookware","Macclite",,,1449,2070,,19.24958,30,0.07918490051232241,0.1042,0.00126,0.00169,0,1449
"2026-04-01","d3016d2c-21fb-4404-a245-2606b4b814a6",,"Wonderchef Duralite Die-Cast Kadhai With Lid 24 Cm, 2.4 L, Grey","1 pc","Cookware","Wonderchef",,,1299,1869.811320754717,,2.69184,30.527749747729565,0.003305406006095725,0.00472,,,,1299
"2026-04-01","c0ead3bb-3286-42b9-965e-55c626721062",,"Wonderchef Venice Stainless Steel Saucepan | 1.2Litre | Tri-Ply Bottom","1 pc","Cookware","Wonderchef",,,487.5,1000,,0.69194,51.25,0.005570908999037738,0.00515,,,,491.3282239253582
"2026-04-01","03b160ad-4939-4fd0-b4cc-a38a2a56b350",,"Jensons Cuisine Non Stick Concave Tawa 25 cm Induction Compatible","1 pc","Cookware","Jensons",,,539,1045,,0.01373,48.421052631578945,0.001940533301331479,0.00188,,,,539
"2026-04-01","82df214f-3bc4-4996-a06c-5ff91683e49c",,"Bombay Kookware Dosa Tawa | 25.5 cm | Induction Compatible","1 pc","Cookware","Bombay Kookware",,,394.1832206409356,615,,62.88048,35.97382902176501,2.956070829796099,3.552,2.83558,3.56375,0.70564,393.755652846479
"2026-04-01","440eea1d-7267-4468-b668-e5860f628f27",,"Hawkins Futura 24 Cm Tava, Hard Anodised Tawa With Stainless Steel Handle, Black (At24)","1 pc","Cookware","Hawkins",,,875.6049189256846,976.3106642741936,,61.35085,10.521820544447625,0.07035222429434808,0.1164,0.13274,0.17811,0,873.4859719062835
"2026-04-01","2f5ec9b7-f3e4-4038-8c47-54b853dde2c7",,"Macclite Non-Stick PDC Granite+ Induction Base Butter Scotch Triumph Frying Pan 20 cm","1 pc","Cookware","Macclite",,,1309,1870,,19.44743,30,0.019064207685607047,0.02509,0.0102,0.01369,0,1309
"2026-04-01","edbd6003-4464-411a-b474-c14cca5bfea8",,"Macclite Non-Stick Concave Tawa | 30 cm | Induction Compatible","1 pc","Cookware","Macclite",,,1697.964344746163,2470,,33.76076,31.218544746165957,0.10333869065945034,0.13375,0.0992,0.13311,0,1691.9558140435142
"2026-04-01","18629945-50e2-43a1-bc89-85d314360dba",,"Bombay Kookware Stainless Steel Kadai With Copper Bottom (2 Ltr)","1 pc","Cookware","Bombay Kookware",,,265.1067319275444,749,,43.53592,64.90953182840262,1.076607132790838,0.70903,0.892,0.96158,0.68848,262.6386380502758
"2026-04-01","65e1968a-c586-490a-92b4-1149abcf28bb",,"Fackelmann Cologne Kadai With Glass Lid 24 cm","1 pc","Cookware","Fackelmann India",,,1228.5652173913043,1599,,0.46942,23.06441525953721,0.01187717798594846,0.01744,0.00014,0.00019,0,1248.9267570515817
"2026-04-01","100000016","100000016","Dummy Product","100g","Cookware","dummy",0.0228,,,,0,,,4.233890839268682e-8,,,,,
"2026-04-01","6519feda-4567-425c-93c7-f568a563b25d",,"AGARO Imperial Granite Non Stick Frypan with Glass Lid, 3L / 28cm","1 pc","Cookware","Agaro",,,1527.6949152542372,3299,,0.82126,53.69218201714952,0.006126142929275167,0.00558,,,,1596.5368852459017
"2026-04-01","735e5fd7-3d1d-4f13-bf0e-4adf3229c3b4",,"Jensons Cuisine Deep Casserole / Biryani Pot 24 cm Induction Compatible","1 pc","Cookware","Jensons",,,1021.4137931034483,1995,,1.34295,48.801313628899834,0.011113963453080288,0.01106,,,,1055.5014140741973
"2026-04-01","4dcf8777-67df-4373-abed-b71ae5fc88ea",,"Carote Frying Pan 24cm Cosy White","1 pc","Cookware","CAROTE",,,1286.5,2999,,1.27787,57.10236745581861,0.01670715608811418,0.01371,,,,1308.9600443951165
"2026-04-01","8a4ae777-fe5b-4c89-8cac-afdb6af86060",,"Jensons Cuisine Non Stick Frying Pan Without Lid 28 cm (3.0 Liter )","1 pc","Cookware","Jensons",,,702.069108179002,1430,,15.90268,50.92012862576958,0.46165287238675884,0.4242,0.08554,0.03666,0.22851,701.3389594938998
"2026-04-01","a031c1ee-9ddb-4b49-9064-30fdf39e3333",,"The Indus Valley Super Smooth Cast Iron Kadai | Medium, 25.4cm/10 inch, 2.5Ltr, 2.4kg","1 pc","Cookware","The Indus Valley",,,1607.87925215727,2707.001272916667,,72.54435,40.62612573825846,0.4958695811558153,0.54804,0.65401,0.7818,0.28023,1599.1149351600147
"2026-04-01","fbe08204-7a7d-4442-a2a1-5906935597bd",,"Embassy Utensils Lids / Tope Cover, Set Of 8 (12.4, 14.2, 15.2, 17.2, 18.4, 20, 21.2, 22.9 Cms), Ss","1 pack (8 pcs)","Cookware","Embassy",,,693.5912621359223,1240,,3.20952,44.11124896608768,0.07062204198686815,0.07385,0,0,0,86.19896344918774
"2026-04-01","59bb4210-9afb-4ca7-b9b8-55e086fee68f",,"Wonderchef Duralife Die-Cast Non-Stick Kadhai With Lid Ivory 24 Cm","1 pc","Cookware","Wonderchef",,,1425.4749686241519,2494.881098159204,,32.21879,43.1132801907677,0.32876756597214546,0.34075,0.01684,0.0226,0,1379.409227288238
"2026-04-01","bd360eea-d7c0-4613-821c-3865bbc55a69",,"Femora Borosilicate Rectangle Microwave Oven Safe Glass Container Black Color 1500 ml","1 pc","Cookware","Femora",,,399,790,,0.59492,49.49367088607595,0.003418124064842922,0.00325,,,,399
"2026-04-01","231478a7-5ca9-4e4c-954b-04e162042498",,"Classic Essentials 3 Layer Stainless Steel Induction Bottom Triply Kadhai 20cm Dia. 1.5l Capacity","1 pc","Cookware","Classic Essentials",,,789.7142857142857,1240,,6.39342,36.31336405529954,0.0007598719874687476,0.00092,,,,798.4039431453461
"2026-04-01","e87281ae-8f2b-4d97-9d93-81abdbd14b1e",,"Femora Borosilicate Glass Microwave Safe Multipurpose Casserole 2000 ml","1 pc","Cookware","Femora",,,264,1050,,0.77703,74.85714285714286,0.0019498181496632088,0.00092,,,,264
"2026-04-01","482785b3-fb72-450d-84f3-2b51607010b1",,"Fackelmann Ceramic Nonstick Tawa Flat 28 cm Nonstick , Induction, German Tech, Paratha, Omelette, Dosa 1.0 PIECE","1 pc","Cookware","Fackelmann India",,,,,,0,,0,0,,,,
"2026-04-01","b5df1f15-eaea-494d-98c7-8167d53bb99e",,"Hawkins Futura 28 Cm Tava Hard Anodised Tawa With Stainless Steel Handle - Black","1 pc","Cookware","Hawkins",,,1074.0937829125123,1199.2675637837835,,59.28551,10.403748342173238,0.20132578043745838,0.3395,0.13412,0.02674,0.44821,1073.0705148087663
"2026-04-01","600f93a7-6a2d-4aad-8002-c299052d2c3e",,"BAY6 Stainless Steel Idli Plate Round - 16 Big & 16 Small Idlis","1 set","Cookware","BAY6",,,478.7557728308608,1037.940813625,,39.55343,53.94515829133604,0.21241263213341008,0.18386,0.11963,0.16053,0,476.4850915401693
"2026-04-01","4dfad5d0-7e0a-4b16-82e7-2dff253a9cac",,"Femora Borosilicate Glass Microwave Safe Square Food Storage Container With Air Vent Lid 500Ml","1 pc","Cookware","Femora",,,314.6875,420,,0.00352,24.173669467787114,0.00233978177959585,0.00397,,,,378.1923076923077
"2026-04-01","2a04d087-65b3-4850-8847-8b82df783810",,"Zenker Nonstick Baking Pan 30 Cm","1 pc","Cookware","Zenker",,,387.7725894591385,495.98864904166663,,53.54058,21.798544156035298,0.27189415600096917,0.39938,0.18469,0.24783,0,387.8796584387804
"2026-04-01","a1db13e8-0be5-4b24-bdca-ce45aa9343bc",,"The Indus Valley Super Smooth Cast Iron Kadai with Glass Lid 10.2Inch/26 cm, 2.5Ltr, 2.4kg","1 set (2 pcs)","Cookware","The Indus Valley",,,1919.2226244135454,3350.091242831859,,11.30379,42.71439505780247,0.05770644656349906,0.06203,0.0027,0.0004,0.00942,959.5245083941094
"2026-04-01","a2c439c5-c8ac-4f2d-992d-44ca5ae9637c",,"Master Titan Triply Taasla 24Cm With Stainless Steel Lid","1 pc","Cookware","Master",,,995.6666666666666,1799,,2.06195,44.6544376505466,0,0,,,,995.6666666666666
"2026-04-01","68656066-24f5-4dcf-b712-8d87b634a7ab",,"BAY6 Premium Imported Borosilicate Baking Dish Oval - 1.6 L","1 pc","Cookware","BAY6",,,325.03591019744835,899,,28.24593,63.914403407240556,0.10620845158182132,0.0719,0.00404,0.00542,0,322.4087770211669
"2026-04-01","2e199e74-74ca-42f7-a2db-2895184ec4b8",,"Macclite Non-Stick PDC Granite+ Induction Base Butter Scotch Triumph Tawa 20 cm","1 pc","Cookware","Macclite",,,1124.4455445544554,1670,,13.53174,32.63892936876224,0.05070362825474197,0.06576,,,,1152.0847315283077
"2026-04-01","ac8c10f1-26fd-47c7-aada-f9d8e01bd970",,"Prestige Omega Deluxe Granite Aluminum NonStick BYK Set,Kadai24cm/FP24cm/OT28cm with GlassLid,Black","1 pack (3 pcs)","Cookware","Prestige",,,1976.4110774324097,4335.237832678571,,20.83482,54.41850465336315,0.6119792093016264,0.52334,0.08294,0.01144,0.2921,655.3726653774686
"2026-04-01","dfb403f8-6067-4bd5-b7ba-65af004d2ff2",,"Tramontina Titanex Cast Iron Fry Pan | 20 cm | Induction Compatible","1 pc","Cookware","Tramontina",,,1470.6666666666667,1995,,63.23881,26.93653899507387,0.0637202428279603,0.08349,0.12979,0.17417,0,1390.6994252589532
"2026-04-01","c124dbd1-9e40-46d5-bab1-d21274aea7d0",,"Macclite Non-Stick Concave Tawa | 34 cm | Induction Compatible","1 pc","Cookware","Macclite",,,1869,2670,,36.40796,30.000000000000007,0.072685878074045,0.09564,0.0729,0.09782,0,1869
"2026-04-01","0dd60143-5b92-43d1-935c-e6b097f40c0f",,"Vinod Platinum Triply Stainless Steel Kadai With Lid- 30 Cm, 4.5 L (Induction Friendly)","1 pc","Cookware","Vinod",,,3405,4765,,0.03567,28.541448058761805,0.008848460460138275,0.01189,,,,3404.9999999999995
"2026-04-01","c6103ff7-ea0f-4e5a-be17-d0f124219dd9",,"Macclite Concave Tawa | 34 cm | Non-Stick | Induction Compatible","1 pc","Cookware","Macclite",,,1715.1647635353518,2470,,57.13464,30.565100177743272,0.1044395022776602,0.13628,0.17202,0.23082,0,1714.8517198727457
"2026-04-01","0980dcb5-cc2c-480b-8bbd-ff544103855c",,"Macclite Non Stick PDC Granite+ Induction Base ButterScotch Deep Frying Pan 20 cm with Glass Lid","1 pc","Cookware","Macclite",,,1953.871794871795,2918.7179487179487,,1.3052,33.057190547307385,0.010287611951556358,0.01451,,,,2078.1249775865163
"2026-04-01","96c3c80e-ac9c-475e-a0c3-78ea663d74d0",,"The Indus Valley Triply Stainless Steel Kadai with Glass Lid | Large 26cm/10.2 inch, 3.5L, 1.3kg","1 pc","Cookware","The Indus Valley",,,2348.6339622287755,4268.205852837838,,7.5788,45.01287776178641,0.10827098779023173,0.11174,0.00254,0.00063,0.00814,2348.641515430313
"2026-04-01","f95424b2-51c1-4f73-a948-6573d58955ac",,"Macclite Non-Stick PDC Granite+ Induction Base Butter Scotch Triumph Frying Pan 20 cm With Glass Lid","1 pc","Cookware","Macclite",,,1432.3333333333333,2170,,14.63185,33.993855606758835,0.00874428446185627,0.01037,0.0004,0.00054,0,1369.9049108736274
"2026-04-01","ec20cfba-33f4-4a9f-94cf-26dfd9702144",,"Macclite Non-Stick Casserole | 24 cm | Glass Lid | Induction Compatible","2 pcs","Cookware","Macclite",,,2708.3402631864355,3870,,32.80212,30.017682524885327,0.13021888367070733,0.17135,0.01151,0.01544,0,2708.0400667384984
"2026-04-01","5f017070-48c3-4eaa-889c-a15136295243",,"Jassco Stainless Steel Idli Stand 4 Plates","1 set","Cookware","JASCO",,,292.8610254240748,480,,17.27404,39.02441271931142,0.10006243907711625,0.1148,0.07681,0.10306,0,292.8806481031239
"2026-04-01","0b20922c-11ea-4060-b130-2c94eb9650b9",,"Bombay Kookware Tawa Pan 27Cm","1 pc","Cookware","Bombay Kookware",,,433.4587446908781,900,,71.87181,51.971368634222884,0.31812675839005006,0.28684,0.13457,0.11112,0.20318,431.2932068592366
"2026-04-01","4e152da3-50c5-4be6-a57d-0371c491b6a8",,"The Indus Valley Pre-Seasoned Cast Iron Appam Pan With Glass Lid | 25.4 Cm/10 Inch, 1.5Kg","1 pc","Cookware","The Indus Valley",,,895.9333333333333,1665,,5.73059,46.190190190190194,0,0,0.00201,0.00032,0.00698,895.9333333333333
"2026-04-01","fdb7f5f6-b121-4645-879f-ece6daa24d59",,"Judge by Prestige Non-Stick Everyday�250 Omni Tawa","1 pc","Cookware","Judge by Prestige",,,,,,0,,0,0,,,,
"2026-04-01","e30b3573-5fce-4ca4-af3b-413206f5104c",,"Classic Essentials Triply Stainless Steel Induction Bottom Kadhai With Lid 28cm Dia. 4.2l Capacity","1 pc","Cookware","Classic Essentials",,,,,,0,,0,0,,,,
"2026-04-01","1d90d89b-04db-4508-a69e-713547e4d0c4",,"Master Titan Triply Taasla 26Cm With Stainless Steel Lid","1 pc","Cookware","Master",,,1097.5714285714287,2059,,2.32215,46.69395684451537,0.0038235005430062347,0.00373,,,,1069.3835091083413
"2026-04-01","7922a989-81f3-4883-b93a-8b88050048e4",,"Jensons Cuisine Deep Casserole / Biryani Pot 26 cm Induction Compatible","1 pc","Cookware","Jensons",,,1047,2165,,2.62869,51.63972286374134,0.008322195256695844,0.00772,,,,1068.8245691755637
"2026-04-01","9f7a6473-4447-4c9a-905f-a3aa4b2b1742",,"BAY6 Premium Imported Borosilicate Baking Dish Rectangle - 1 L","1 pc","Cookware","BAY6",,,294.65881262475204,798.5163051764705,,51.97634,63.198390062140525,0.20131073898316101,0.1398,0.02681,0.03597,0,292.2549664960581
"2026-04-01","a6ac03bb-42cf-4573-ae2b-9448fb5eb8ec",,"Macclite Non-Stick Flat Tawa | 20 cm | Induction Compatible","1 pc","Cookware","Macclite",,,1449,2070,,24.6107,30.000000000000004,0.06949820394479561,0.09145,0.0009,0.00121,0,1448.9999999999998
"2026-04-01","f692f4e1-3a0a-4ac7-afb3-202cb5b2afe9",,"Jensons Capsul Bottom Patila with Lid | 13 Inch Induction Compatible","1 pc","Cookware","Jensons",,,425,910,,0.15843,53.2967032967033,0.006759369585499123,0.00593,,,,425
"2026-04-01","2c052c0e-82c5-4a46-9f92-7b785455203e",,"Femora Preseasoned Health Safe Zero Coating Cast Iron 30 Cm Kadhai","1 pc","Cookware","Femora",,,1579,2430,,1.32316,35.02057613168724,0.009024872578441137,0.01102,,,,1579
"2026-04-01","150275dd-cc85-4b55-97d2-c1bf7aa77123",,"Carote Frying Pan 24cm Granite Black","1 pc","Cookware","CAROTE",,,1131.887792107584,2999,,3.00388,62.28838530924284,0.0515138241201687,0.03654,0.00001,0.00001,0,1106.2520212544482
"2026-04-01","9c2cdb6a-f9d3-4c95-bdbc-8cab3165c1d4",,"Macclite Non-Stick PDC Granite+ Induction Base Butter Scotch Triumph Frying Pan 24 cm","1 pc","Cookware","Macclite",,,1589,2270,,21.80843,30.000000000000004,0.08472795496636498,0.11149,0.00401,0.00538,0,1588.9999999999993
"2026-04-01","d328834d-40ef-4169-9b48-a32d47e071cc",,"Bombay Kookware Stainless Steel Sauce Pan - 1100 ml","1 pc","Cookware","Bombay Kookware",,,180.96375767049724,399,,93.8056,55.55236263574557,2.112997130729756,1.76364,6.16085,7.62337,1.8829,177.33087473313273
"2026-04-01","da90dce8-4393-46b5-a65c-ccd433a84af6",,"New Dawn Multi-Purpose Stainless Steel Momo Steamer Basket, Steamer Cooking Tool for Vegetables","1 set","Cookware","New Dawn",,,,,,0,,0,0,,,,
"2026-04-01","4dab4290-0217-4695-967d-ef5c7f245d33",,"Stainless Steel Triply Kadai with Handle & Lid 26 cm | 2.5 Litre","1 pc","Cookware","Bombay Kookware",,,,,,0,,0,0,,,,
"2026-04-01","f23f1855-6db2-4e19-acae-c9b3b77a9c8f",,"Jensons Pro Wellness Concave Tawa 25 cm Induction Compatible","1 pc","Cookware","Jensons",,,399.23065249173663,745,,18.36802,46.40888166238265,0.19286616942545295,0.1944,0.11404,0.10413,0.14304,399.3382287212073
"2026-04-01","a83ad5fe-7b4e-4247-ae82-47e9f239837a",,"Macclite Non-Stick Tawa | 22 cm | Induction Compatible","1 pc","Cookware","Macclite",,,1309,1870,,33.54255,30,0.06962429218514049,0.09162,0.02382,0.03197,0,1309
"2026-04-01","6a718ecc-bd86-4841-9fe3-82bcb480b44b",,"Tramontina Titanex Cast Iron Deep Kadai | 26 cm | 4.6 L | Glass Lid | Induction Compatible","1 pc","Cookware","Tramontina",,,2880.33226540254,3695,,34.66677,22.29557075001776,0.10203064122647629,0.14439,0.02211,0.02968,0,2781.79446505551
"2026-04-01","bdafe49c-7d84-415e-a2de-501aabaa3639",,"Bombay Kookware Wok Pan 26 cm (3 L) | Non-Induction Base","1 pc","Cookware","Bombay Kookware",,,426.5374355250077,855,,17.35062,50.22642902549307,0.02637212611054475,0.025,0.00065,0.00009,0.00231,432.09058554039353
"2026-04-01","7a46144c-89e7-447c-ad75-8e5d0a11759a",,"Hawkins Futura 30 Cm Dosa Tava Non Stick Dosa Tawa Flat Dosa Tawa - Black","1 pc","Cookware","Hawkins",,,1503.9693731190978,1675.3883755681818,,63.23469,10.199981244744428,0.22118291417059516,0.37373,0.30121,0.40419,0,1506.0133516134256
"2026-04-01","f2665d94-4467-4096-844f-f14a00c4b552",,"Vinod Legacy Pre-Seasoned Cast Iron Roti Tawa, 26 Cm, Induction Friendly, Black","1 pc","Cookware","Vinod",,,1790.6,2740,,0.2131,34.64963503649635,0.005088096885787801,0.00717,,,,2054.518221574344
"2026-04-01","beecd983-2aa9-483c-82bc-643c5bc2ac58",,"Tramontina Titanex 26 cm Pre-Seasoned Cast Iron Roti Tawa Non-Toxic, Easy Hold Non-Slip Heat-Resistant Grip, Superior Stone Finish, Excellent Heat Retention & Even Heating, Durable & Easy to Clean","1 pc","Cookware","Tramontina",,,1967.870630750575,2495,,59.01284,21.050328792686862,0.13992043599556492,0.20792,0.03203,0.04298,0,1971.6514871732259
"2026-04-01","e865a862-1f1d-497a-ac52-e81831abd023",,"The Indus Valley Super Smooth Cast Iron Paniyaram Pan | 7Pit, 19Cm/7.4 Inch, 2.2Kg","1 pc","Cookware","The Indus Valley",,,999,1498,,1.35135,33.31108144192256,0.005563481120372355,0.00697,,,,999
"2026-04-01","8b39dd8e-aac6-459c-b794-9742326f0f12",,"Kitchen Essentials Induction Bottom Sauce Pan 12, Diameter 19 Cm, Capacity 200 ml","1 pc","Cookware","Kitchen Essentials",,,,,,0,,0,0,,,,
"2026-04-01","6c319748-1bef-45cb-81f6-a5e359effe90",,"Vinod Legacy Cast Iron Kadai | 24 cm | 3.3 L | Induction Compatible","1 pc","Cookware","Vinod",,,3069,4090,,0.06536,24.96332518337408,0.015190011870709567,0.02143,,,,3069
"2026-04-01","abd00cb5-f117-4ab2-ad8e-0eaacda2898c",,"Eleenova Aspire Non | Stick Cookware | Fry Pan 20 Cm","1 pc","Cookware","Eleenova",,,669,960,,11.82999,30.3125,0.030983167489048283,0.04059,0.00071,0.00006,0.00261,669
"2026-04-01","60b9b80a-45cf-4ffd-ad19-aa0216136e5d",,"Borosil 2.2 L Oval Baking Dish, Borosilicate Glass Bake and Serve Dish Tray","1 pc","Cookware","Borosil",,,699,875,,8.97741,20.114285714285714,0.026127563205487,0.03924,0.01335,0.01791,0,699
"2026-04-01","0f277652-9e25-455f-b5a8-d87bdd38dc33",,"Fackelmann Quartz Nonstick Kadai With Lid","1 pc","Cookware","Fackelmann India",,,1267.627358490566,2149,,5.23421,40.915026078614076,0.17586691200882257,0.19175,,,,1273.098734933867
"2026-04-01","56216c83-f1bb-43b2-8d02-6130c3df8836",,"Tramontina Aeion Stainless Steel Triply Fry Pan 24cm","1 pc","Cookware","Tramontina",,,2796.7398703395834,3595,,48.77872,22.20412694507793,0.06428884693979539,0.09577,0.01739,0.02333,0,2841.3327349628958
"2026-04-01","022380e3-2fc8-4a75-9a40-0a06e222460b",,"AGARO Imperial Granite Non stick Sauce pan with Glass Lid, 1.5L / 16cm","1 pc","Cookware","Agaro",,,901.5900755124056,1499,,6.70673,39.85389756421577,0.021099817833855436,0.02385,0.00012,0.00016,0,901.4301373185294
"2026-04-01","96ebe3f2-03ae-4dd2-8275-cb05429149fe",,"Greenchef Grill Pan | 28 cm | Cast Iron - 1 L","1 pc","Cookware","Greenchef",,,1176.1186440677966,1999,,3.71651,41.164650121671,0.02349753706704128,0.02539,0.00009,0.00012,0,1149.1259277332222
"2026-04-01","3bc4a558-4413-4861-a0e4-8be2998b281b",,"Fackelmann Triply Tadka Pan 10 cm","1 pc","Cookware","Fackelmann India",,,631.5510204081633,799,,16.17614,20.903121407031005,0.03676669951488263,0.05483,0.00008,0.00011,0,633.8923514027699
"2026-04-01","cdc60909-3059-40e5-9457-f737370a5600",,"Silicone Vaccum Cookware Lid 2pc | Small 15 cm & Large 25 cm set Microwave-freezer-dishwasher Safe","2 set","Cookware","Spine",,,447.6369426751592,780,,48.64483,42.75443847105988,0.07071266210658583,0.07536,0.00242,0.00324,0,442.20924826437965
"2026-04-01","c3dfbdbe-40b4-48f8-a8b1-eba185c3011b",,"Fackelmann Quartz Nonstick Concave Tawa 28Cm, German Technology, Roti/Chapati/Paratha Tava","1 pc","Cookware","Fackelmann India",,,875.5904761904762,1449,,5.36162,39.59788359788359,0.05112423188416933,0.05814,,,,870.1810598637974
"2026-04-01","2ee60f85-0be6-48ff-94d1-ca9137aad68b",,"Embassy Thickply Kadhai 2000 ml, Wooden-Finish Handle, Size 12, Premium Stainless Steel","1 pc","Cookware","Embassy",,,801.9080459770114,1235,,1.84895,34.77515127769797,0.016053502765560414,0.02028,,,,812.5225131695312
"2026-04-01","92468a34-f6be-492e-8406-4e42dcb49a49",,"Jensons Cuisine Non-Stick Kadhai | 24 cm | Glass Lid | Induction Compatible","1 pc","Cookware","Jensons",,,713.776119402985,1525,,4.51463,53.24590163934426,0.045310059858840276,0.03981,0.01765,0.00329,0.05965,712.7507156293449
"2026-04-01","28928a09-bec7-41cd-aa04-56f4a6d55d5a",,"Bombay Kookware Fry Pan - 20 cm","1 pc","Cookware","Bombay Kookware",,,307.0271322342862,575,,48.42028,46.973839318468656,0.5082234432551146,0.5059,1.98994,2.4208,0.72964,304.6548526376759
"2026-04-01","fcdccbd7-3a1d-4430-a44f-56cf9bc69662",,"Judge by Prestige Ace Aluminium NonStick Cookware BYK Set Kadai 20cm,FP 20cm,OT 25cm,Elegant Design","1 pack (3 pcs)","Cookware","Judge by Prestige",,,1159.3780080895754,2196.8845633497535,,38.498,47.236185429105056,0.10140855638825039,0.10016,0.01608,0.02158,0,383.8822060775066
"2026-04-01","1264e7a9-16c6-40c9-98dd-ec464392af60",,"Wonderchef Duralife Die-Cast Non-Stick Fry Pan Copper 24 Cm","1 pc","Cookware","Wonderchef",,,1169.2285714285715,1950,,8.01203,40.03956043956044,0.020097054214028645,0.02313,0.0001,0.00014,0,1193.3295985484237
"2026-04-01","73fc768e-20f7-4fc2-9922-d489ef311ac5",,"SignoraWare Perfecto Non Stick Kadhai | 6 Coating| |24cm, 2.5Ltr | Black","1 pc","Cookware","Signoraware",,,1259,1579,,15.54095,20.26599113362888,0.05093147843280262,0.07634,0.00016,0.00022,0,1258.9999999999998
"2026-04-01","16ec2750-38cb-465d-8549-b75f609227d7",,"Macclite Non-Stick Tawa | 24 cm | Induction Compatible","1 pc","Cookware","Macclite",,,1621.2543331043469,2470,,27.54544,34.48436910061069,0.16709403021410457,0.20851,0.00553,0.00741,0,1644.0010687162408
"2026-04-01","da6c2b9a-7700-4119-9edb-2a0318e19199",,"Vinod Hard Anodized Tawa -25 Cm","1 pc","Cookware","Vinod",,,805.4545454545455,1031.3636363636363,,0.00033,21.903922432789773,0.003788218119345662,0.0056,,,,802.6744753538311
"2026-04-01","526498c5-455a-43d4-8518-39d70939aab2",,"Classic Essentials 3 Layer Stainless Steel Induction Bottom Triply Kadhai 22cm Dia. 2l Capacity","1 pc","Cookware","Classic Essentials",,,,,,0,,0,0,,,,
"2026-04-01","9b1cec35-e667-4b01-8aca-1b9b9fbfec4e",,"Jensons Triply Stainless Steel Kadai | 22 cm | Glass Lid | Induction Compatible","1 pc","Cookware","Jensons",,,1242.6204162959352,2450,,36.34605,49.2736282373097,0.20791560869242012,0.1981,0.35098,0.44638,0.07193,1243.1457918608232
"2026-04-01","99a11257-a956-4343-88f5-08e8f0580bc5",,"BAY6 Stainless Steel Saucepan -1.1 L","1 pc","Cookware","BAY6",,,209,598.7183098591549,,0.96577,65.09209814392247,0.012161294344899385,0.00803,,,,209
"2026-04-01","753b6f3e-e6a6-4b09-bc67-9b1a6dea8f4f",,"Bombay Kookware Stainless Steel Idli 5 Plate Set","1 set","Cookware","Bombay Kookware",,,377.4230368213244,980,,32.53013,61.487489603413906,0.18223780354012212,0.13158,0.24576,0.22181,0.31583,377.31799852901275
"2026-04-01","9ff81cca-4068-4068-b80a-39a500c491cb",,"Hawkins 1 Litre Tpan Stainless Steel Tea Pan With Glass Lid Induction Sauce Chai Pan Small - Silver","1 pc","Cookware","Hawkins",,,912.2,1080,,2.68315,15.537037037037036,0.002005527239653586,0.00317,,,,909.0865644724978
"2026-04-01","cc926051-9093-4ca6-a2a0-6a2c3f0eef20",,"Vinod Legacy Pre-Seasoned Cast Iron Kadai, 26 Cm, Capacity 4.3 L, Induction Friendly, Black","1 pc","Cookware","Vinod",,,3129,4440,,7.98977,29.527027027027028,0.149893105891709,0.19857,0.00026,0.00035,0,3129.0000000000005
"2026-04-01","927f1087-91b1-47fa-8907-164f64dfb8f1",,"Kitchen Essentials Perpetua-Impact Forged Bottom Fry Pan 24 cm with glass lid, Soft Touch handle","1 pc","Cookware","Kitchen Essentials",,,,,,0,,0,0,,,,
"2026-04-01","d99a8cd8-674a-4842-8fd7-b76b24ba6738",,"Petals 304 Food Grade Steel Glass-Mug-Cup Jali Mesh Net Cover Lid | 10.5 Cm diameter","1 pc","Cookware","Petals",,,89,119,,1.75211,25.210084033613445,0.00022097939029516365,0.00031,,,,89
"2026-04-01","4401314a-6eb3-42c4-8cbc-d7d5b27468b9",,"Milton Pro Cook Kitchen Jewel 3Pc (Frypan 24Cm; Kadhai 24Cm With Lid & Tawa 25Cm), Peach","1 pack (3 pcs)","Cookware","procook",,,1689,5000,,0.01469,66.22,0.009284848331729564,0.0059,,,,563
"2026-04-01","feea9af8-db69-4e87-88ab-700bb8ff7ae2",,"Vinod Legacy Cast Iron Kadai | 22 cm | 2.4 L | Induction Compatible","1 pc","Cookware","Vinod",,,2649,3670,,0.33545,27.82016348773842,0.020445236026468503,0.02774,,,,2649
"2026-04-01","a86cecc6-67fe-46cd-a78f-ec27f7d10608",,"Hawkins Futura 20 Cm Frying Pan Non Stick Fry Pan Small Pan - Black","1 pc","Cookware","Hawkins",,,848.1438204188596,958.4091249367088,,61.36244,11.480248679420384,0.10854359093725131,0.18202,0.0726,0.09742,0,844.620113126752
"2026-04-01","02ff1912-1d10-4415-969b-ac3380761c22",,"Wonderchef Tivoli Non-Stick Fry Pan | 24 cm | 1.5 L | Induction Compatible","1 pc","Cookware","Wonderchef",,,584.7019605163462,1699.0768235820894,,17.39542,65.53873127433248,0.436200131958022,0.27835,0.17737,0.23801,0,586.8018812507797
"2026-04-01","d7d6ff64-4b9f-4a73-a459-d5e2c4446305",,"Macclite Non Stick PDC Granite+ Induction Base ButterScotch Casserole 24 cm with Glass lid","2 pcs","Cookware","Macclite",,,2400.391402714932,3670,,15.95788,34.59423970803999,0.028487028863546114,0.03365,0.01332,0.01787,0,2306.1475963074927
"2026-04-01","c742ea67-985d-40b1-840d-3f027bffbc54",,"Fackelmann Quartz Nonstick Casserole w Glass Lid 24cm All Stoves Compatible Anti-scratch","1 pc","Cookware","Fackelmann India",,,1833.807351737867,2899,,18.85022,36.71287009573862,0.12667002894135368,0.15187,0.00059,0.00079,0,1848.9706487996302
"2026-04-01","f469d012-61fa-4e75-9c12-a8a88b0ece34",,"Macclite Non-Stick Deep Fry Pan | 20 cm | Induction Compatible","1 pc","Cookware","Macclite",,,1728.7666550328074,2470,,61.76839,30.009441574257853,0.0382073365820338,0.05028,0.08968,0.12033,0,1728.9982868883449
"2026-04-01","f2f53674-fd3c-49d3-9e32-6b2035d7e376",,"Wonderchef Duralite Die-Cast Dosa Tawa 28 Cm, Grey","1 pc","Cookware","Wonderchef",,,708.3260927632701,1298.2621459354839,,9.76348,45.440301920017305,0.04857832647160908,0.05009,0.00221,0.00297,0,707.8711926177256
"2026-04-01","9b17f87f-4006-4b60-8b8a-21a302a61084",,"Macclite Non-Stick PDC Granite+ Induction Base Butter Scotch Triumph Concave Tawa 30 cm","1 pc","Cookware","Macclite",,,1553.3417366946778,2270,,39.10651,31.551455411119694,0.044345178420206945,0.05816,0.00638,0.00857,0,1583.6891604622983
"2026-04-01","859e7e75-2b69-41c8-892e-045d7299a96a",,"Vinod Platinum Triply Stainless Steel Extra Deep Kadai With Lid- 26 Cm, 3.7 L (Induction Friendly)","1 pc","Cookware","Vinod",,,2961.80625,4170,,0.44532,28.97347122302158,0.038717817543312286,0.05461,0.00008,0.0001,0,3128.743727547061
"2026-04-01","2da85c1c-94d4-42c9-b470-7250c8efee77",,"Jensons Cuisine Omni Tawa | 28 cm | Metal Spoon Friendly | Induction Compatible","1 pc","Cookware","Jensons",,,599,980,,49.4073,38.87755102040814,0.2953584533109828,0.33936,1.81941,2.42656,0.04349,599
"2026-04-01","fa9187c8-3c6a-4ed3-8d22-dcc4b370304e",,"Macclite Non-Stick Frying Pan | 28 cm | Glass Lid | Induction Compatible","1 pc","Cookware","Macclite",,,2194.553231369999,3170,,56.87098,30.79556474009033,0.14893082421060858,0.19242,0.07136,0.09575,0,2179.350977607241
"2026-04-01","03f790c6-bba0-4be4-bac5-7a935009d0e9",,"Tramontina Fusao Triply Ceramic Fry Pan | 26 cm | Stainless Steel Lid | Induction Compatible","1 pc","Cookware","Tramontina",,,5054.531364276206,6495,,49.79591,22.178116023461033,0.1145813421104084,0.16346,0.12877,0.1728,0,4935.345113377959
"2026-04-01","aa8e16e5-f2d6-4ef6-a366-9bb975a982ea",,"Jensons Cuisine Non Stick Concave Tawa 28 cm Induction Compatible","1 pc","Cookware","Jensons",,,,,,0,,0,0,,,,
"2026-04-01","27015e94-1a30-48b7-b64e-d9a485603abd",,"Jensons Capsul Bottom Patila with Lid | 16 Inch Induction Compatible","1 pc","Cookware","Jensons",,,631.6153846153846,1280,,2.76786,50.613839285714285,0.011884605864613842,0.01115,,,,638.9850210641285
"2026-04-01","6b9d4a6a-e8be-4f7d-8631-186f7dd1f43d",,"Macclite Non-Stick PDC Granite+ Induction Base Butter Scotch Triumph Sauce Pan 18 cm","1 pc","Cookware","Macclite",,,1317.1052631578948,1970,,1.84951,32.91197226693079,0.02048608935912811,0.02696,,,,1378.7874570757274
"2026-04-01","dad1c6a1-42f5-401f-b3cc-211aa43147f1",,"Tramontina Aeion Triply Sauce Pan | 16 cm | 2.1 L | Stainless Steel Lid | Induction Compatible","1 pc","Cookware","Tramontina",,,2562.7136192447992,3495,,36.59858,26.786963078619593,0.21780861458987796,0.28148,0.08932,0.11985,0,2403.593745488929
"2026-04-01","99103aff-8942-4aee-b152-da1e71028464",,"Habitat Ceramic Frypan Wth Ss Handle Xtreme Coating 18 Cm","1 pc","Cookware","Habitat",,,870.0674740783894,1886.2270181025642,,53.58046,53.88538667693087,0.08693069238458448,0.07371,0.00755,0.01013,0,846.4066811552549
"2026-04-01","fd5e8c4f-c38d-442d-8061-7f206a3d7bf9",,"Cello Crown Hard Anodised Concave Tawa 280 mm","1 pc","Cookware","Cello",,,710.9,1495,,6.6188,52.448160535117054,0.012326378948237534,0.01098,0.00056,0.00075,0,708.2665507576552
"2026-04-01","76d2fad3-db77-4ee5-8093-8cd2229fdc53",,"Wonderchef Bandhan 3Pc Cookware Set","1 pack (3 pcs)","Cookware","Wonderchef",,,1485.1814948263118,2200,,10.78897,32.65543803148841,0.14641834425204253,0.1729,0,0.00001,0,460.741176373155
"2026-04-01","fe407546-b505-4658-83fe-7fd8db9ead5a",,"Crystal Eco Series Non Stick Die Cast Square Grill Pan - 27 Cms","1 pc","Cookware","Crystal Cookware",,,1025.1625779687827,1495,,8.97329,31.334024562678454,0.08164742798686371,0.10382,0.00025,0.00034,0,1011.3646214199817
"2026-04-01","9aba16d1-9871-494e-b071-ce253d52d041",,"Pigeon Starter Kit | 4 In 1 Outer Lid Ib | 5 + 3.5 + K240 + T250","1 pack (4 pcs)","Cookware","Pigeon by Stovekraft",,,2466.0846354166665,4595,,2.04575,46.38137321216755,0.14505718548661098,0.14568,0.05485,0.00003,0.21519,613.7225518947778
"2026-04-01","7e50e183-0337-446d-bc40-22b10891ac56",,"Tramontina Aeion Stainless Steel Triply Fry Pan 26cm","1 pc","Cookware","Tramontina",,,2937.109928642782,3995,,33.15384,27.068013725321947,0.24073364790878482,0.29181,0.00807,0.01083,0,2574.7248415160543
"2026-04-01","a22f98a5-14af-4575-a146-29705c747051",,"Fackelmann Triply Combo DGP1-KFS","1 pack (3 pcs)","Cookware","Fackelmann India",,,3839,5999,,12.0143,35.965177869781016,0.19015907904585388,0.22459,0.00024,0.00033,0,1256.420212868033
"2026-04-01","5fc07db9-7d92-4e0d-bfb4-9bb591087f01",,"Macclite Non-Stick PDC Granite+ Induction Base Butter Scotch Triumph Frying Pan 22 cm With Glass Lid","1 pc","Cookware","Macclite",,,1727.9468085106382,2470,,13.80398,30.042371131307064,0.04660102517088395,0.06132,0.00012,0.00016,0,1728.9921637537996
"2026-04-01","97348b81-a00d-48ed-a81a-48c3a563329d",,"Vinod 3Pc Tope Set 1 L, 1.4 L & 1.8 L With Lid (Induction Friendly)","1 pack (3 pcs)","Cookware","Vinod",,,,,,0,,0,0,,,,
"2026-04-01","d2e66a45-61ef-43d6-b0f2-01300275e8ed",,"Eleenova Aspire Non | Stick Cookware | Fry Pan 24 Cm","1 pc","Cookware","Eleenova",,,829,1190,,42.68746,30.336134453781522,0.0499634401457365,0.06543,0.02866,0.00342,0.1025,828.9999999999999
"2026-04-01","8dc6f19d-bd26-40ff-bcd3-c3ae444a2c80",,"Wonderchef Venice Grill Pan 24 Cm 1.5L","1 pc","Cookware","Wonderchef",,,608.3490838001867,1200,,7.28391,49.31333415541964,0.027787694087200242,0.02598,0.00048,0.00064,0,596.4442881578506
"2026-04-01","de0814b7-3e3d-4769-a3a1-e2e231f53ff6",,"Macclite Non-Stick Frying Pan | 20 cm | Induction Compatible","1 pc","Cookware","Macclite",,,1518.8230823607955,2170,,56.11194,30.008009253977953,0.05206274435354055,0.06851,0.08935,0.1199,0,1518.927443716099
"2026-04-01","1224359d-461c-48b1-97a6-bc07ccb89b42",,"Tramontina Titanex Cast Iron Dosa Tawa | 24 cm | Induction Compatible","1 pc","Cookware","Tramontina",,,1941.8318584070796,2445,,46.88318,20.57218384815877,0.21171385444796403,0.31619,0.07632,0.10242,0,1942.5164952664081
"2026-04-01","96c558b1-3773-4eb9-9fe0-c05b67a2c346",,"Fackelmann Quartz Nonstick Flat Tawa 28Cm, Induction, German Tech, Paratha, Omelette, Dosa","1 pc","Cookware","Fackelmann India",,,299,1349,,0.0004,77.83543365455893,0.0025050520799006363,0.00104,,,,299
"2026-04-01","f64947bb-aa14-4c95-a368-da10936d2d89",,"Anjali S.S. Menduwada Maker","1 pc","Cookware","Anjali",,,262.70407726252813,345,,46.33121,24.09906528991051,0.033211531088663385,0.04759,0.08982,0.12052,0,263.78875840849895
"2026-04-01","cfe79773-ad8f-4c9e-a113-080b9af2dbca",,"Macclite Non-Stick PDC Granite+ Induction Base Hard Rock Triumph Tawa 26 cm","1 pc","Cookware","Macclite",,,1799,2570,,53.0679,29.999999999999996,0.027823162207827445,0.03661,0.01571,0.02107,0,1798.9999999999998
"2026-04-01","91e501ff-cc7c-4b6b-be1e-e9a67a7b76eb",,"Wonderchef Pre-Seasoned Ferro Light 24Cm Kadhai | 2.3L | Acacia Wooden Handles","1 pc","Cookware","Wonderchef",,,1233.0390080284787,2300,,26.97581,46.60466121122539,0.33988858590995785,0.32814,0.01791,0.02404,0,1183.293551038376
"2026-04-01","21773c47-05bf-4ecd-afaf-1bdde6dbc288",,"Jensons Pro Wellness Frying Pan Without Lid 22 cm Induction Compatible","1 pc","Cookware","Jensons",,,399.014025925926,735,,36.31428,45.71340735413497,0.42424570403395345,0.43299,0.79572,0.70686,1.05564,399.0044841467981
"2026-04-01","36a17d5e-2084-46c5-a807-1bfd964dd54e",,"Agaro Regency Triply SteelKadai with Lid, 24 cm, Triply Steel with Honey Comb, 4 mm thick plate","1 pc","Cookware","Agaro",,,1582.5714285714287,2999,,6.44973,47.20913260394975,0.04455241623497114,0.04526,0.00021,0,0.00084,1620.7092154420918
"2026-04-01","2666fad4-85e8-4f85-9dee-c5b9a7594f01",,"Wonderchef Bandhan 2Pc Cookware Set","1 pack (2 pcs)","Cookware","Wonderchef",,,1051.2305900621118,1700,,2.61727,38.16431733983916,0.03472533276066857,0.03836,,,,499.62925179122874
"2026-04-01","6aa8c96e-fe09-4dcb-a050-c4c37eed0b9d",,"Bombay Kookware Appam Maker - 12 Cavity","1 pc","Cookware","Bombay Kookware",,,268.2110979559064,450,,62.91927,42.90990276529588,1.3497742414980873,1.44813,2.97341,3.8271,0.47631,256.7351555470047
"2026-04-01","5665d140-593f-4b1c-a186-1f721a767658",,"Tramontina Aeion Triply Kadai | 26 cm | Stainless Steel Lid | Induction Compatible","1 pc","Cookware","Tramontina",,,3322.9452680990594,4495,,52.1516,26.254010960380768,0.27570447205934434,0.37123,0.08682,0.1165,0,3214.5556339529144
"2026-04-01","1a6e0e83-6f3f-4297-9903-c8487f3cee48",,"Bombay Kookware Smart Non Stick Tawa 28Cm","1 pc","Cookware","Bombay Kookware",,,499.9358655027404,1000,,45.44511,51.44823067287751,0.7527133694049841,0.68028,0.18087,0.13241,0.32261,480.43887152782696
"2026-04-01","8c8c3750-eaf5-4b9b-9cac-15377d59d02b",,"Eleenova Die Cast Ceramic Cookware | 31 Cm","1 pc","Cookware","Eleenova",,,,,,0,,0,0,,,,
"2026-04-01","37ca397f-b128-42fa-bd4a-cd22ee0a06bf",,"Macclite Non-Stick Casserole | 20 cm | Glass Lid | Induction Compatible","2 pcs","Cookware","Macclite",,,2009,2870,,22.18634,30,0.19447356236864194,0.2559,0.04474,0.06004,0,2009.0000000000005
"2026-04-01","7302eda3-ba9b-49dc-a838-bce37200f6b1",,"Vinod Stainless Steel 6 Pcs Deluxe Multi Kadai","1 pack (6 pcs)","Cookware","Vinod",,,2187.505154639175,3227.938144329897,,4.10305,32.08989326739491,0.04206036294273493,0.05838,0.00017,0.00023,0,398.0234294843608
"2026-04-01","bdac8062-ba21-48b0-96a2-d5b50b1d46b9",,"Macclite Non-Stick PDC Granite+ Induction Base Hard Rock Deep Frying Pan 20 cm With Glass lid","1 pc","Cookware","Macclite",,,2008.35814486268,2870,,38.36578,30.02378875317314,0.10813561470155511,0.142,0.01737,0.02331,0,2007.81935549927
"2026-04-01","bb163ff7-82c4-4652-a294-aa2595280587",,"Macclite Non-Stick PDC Granite+ Induction Base Hard Rock Sumo Casserole 40 cm with Glass lid","2 pcs","Cookware","Macclite",,,3934.8800990425407,6670,,16.38657,41.047146178074144,0.16795399286658935,0.18474,0.02079,0.0279,0,3902.9724622218127
"2026-04-01","3b5246db-b024-40f4-8f27-88cd1dc59acd",,"Tramontina Titanex 20 cm Pre-Seasoned Cast Iron Biryani Pot 3.1L, Non-Toxic, Induction Ready, Toughned Glass Lid with Steam Release, Snap-On Cool Touch Grips, Excellent Heat Retention & Even Heating","1 pc","Cookware","Tramontina",,,2699,3395,,78.7061,20.50073637702503,0.06279138660085405,0.09384,0.09885,0.13264,0,2699
"2026-04-01","4833bf7e-4978-4dbb-99ee-3831e429421e",,"BAY6 Aluminium Nonstick Concave Roti Tawa (3mm) 27 cm - Grey","1 pc","Cookware","BAY6",,,349.69469263331155,945.4677034759358,,75.67845,63.018570529257126,0.07034832465804876,0.04888,0.03356,0.04504,0,346.06594728818715
"2026-04-01","6a99da5d-839c-49ba-9c86-c157dae94dab",,"BAY6 Nonstick Cookware Set - (Dosa Tawa 26 cm + Kadai with Lid 22 cm) - Grey - (2pc)","1 pack (2 pcs)","Cookware","BAY6",,,764.5447254335261,1528.5268568208094,,39.17924,49.96667998422837,0.3751206856925721,0.35395,0.42913,0.20456,1.08599,381.0736912710394
"2026-04-01","c5e5d313-7471-446b-a7a3-6063261bedf7",,"Macclite Deep Fry Pan | 24 cm | Glass Lid | Induction Compatible","1 pc","Cookware","Macclite",,,2288.8965428276574,3270,,50.00182,30.003163827900387,0.0893841207077607,0.11762,0.10087,0.13536,0,2288.9996740925612
"2026-04-01","b44db561-09e4-4854-af27-ee8bfe7e3ef7",,"Khatana Th Idly Stand | 7 x 4","1 set","Cookware","khatana",,,373.96078431372547,1119,,7.5741,66.64260672303568,0.01870154150976969,0.01108,0,0,0,352.66350242262433
"2026-04-01","fe5d6e50-deeb-4f11-9a0f-f9f81bb5043f",,"Ds Peda Maker Press Stamp, 5-In-1 Peda Shape Mould, Plastic Kitchen Accessory, 1.5 Inch - Yellow","1 pc","Cookware","Hazel",,,545.1363636363636,1019,,3.25951,47.438502477817735,0.017749287464867505,0.01495,0.01676,0.02249,0,457.1086471728392
"2026-04-01","378d12d9-7f40-4b66-8e96-f009f0042e6b",,"Eleenova Aspire Non | Stick Cookware | Flat Tawa 28 Cm","1 pc","Cookware","Eleenova",,,959,1375,,0.11503,30.254545454545454,0.00255333329122563,0.00335,0,0,0,959
"2026-04-01","3d5154be-68a9-49a4-8501-d70c9327d30c",,"BAY6 Hard Anodised Tadka Pan","1 pc","Cookware","BAY6",,,185,549,,0.71371,66.3023679417122,0.010194763468239061,0.00646,,,,185
"2026-04-01","5dfc1482-90f3-4ee8-bf83-1abf63df8318",,"Wonderchef Pre-Seasoned Ferro Light 28Cm Dosa Tawa | 4Mm | Acacia Wooden Handles","1 pc","Cookware","Wonderchef",,,1473.4899800739342,2979.082188916667,,66.67243,50.70939408104083,0.7581212364673167,0.69255,0.48591,0.65204,0,1442.9962892252706
"2026-04-01","5ffad37c-3169-463f-bb68-bad40da5db84",,"Eleenova Aspire Non | Stick Cookware | Flat Tawa 30 Cm","1 pc","Cookware","Eleenova",,,919,1575,,0.0678,41.65079365079365,0.014623636122474063,0.01604,0.00327,0.00052,0.01132,919
"2026-04-01","5373f23d-dbe5-402e-997e-48d383458916",,"Macclite Non-Stick PDC Granite+ Induction Base Hard Rock Triumph Kadai 30 cm With Glass Lid","1 pc","Cookware","Macclite",,,2919,4170,,11.21457,30,0.06396183458155189,0.08416,0.00733,0.00983,0,2919.0000000000005
"2026-04-01","008f44ed-dbd4-4304-ab7f-cc6494eb5ffb",,"Macclite Non-Stick Casserole | 20 cm | Glass Lid | Induction Compatible","2 pcs","Cookware","Macclite",,,2429,3470,,63.54969,30,0.0527737780387844,0.06944,0.0248,0.03327,0,2429
"2026-04-01","d0361b43-c70d-450c-bebf-2384dbd2f615",,"Femora Preseasoned Health Safe Zero Coating Cast Iron 20 Cm Fry Pan","1 pc","Cookware","Femora",,,1171,1450,,5.25516,19.24137931034483,0,0,0.00167,0,0.00657,1171
"2026-04-01","eebc4188-7951-4184-b25f-2619bbf1fec5",,"Fackelmann Quartz Nonstick Casserole w Glass Lid 28cm BPA-Free All Stoves Compatible Anti-scratch","1 pc","Cookware","Fackelmann India",,,1756.447458183856,3499,,24.80691,49.78880497067568,0.21610818746640503,0.2036,0.0037,0.00497,0,1751.4855768404325
"2026-04-01","726a98a8-86a2-4d94-819a-751ce6ed580c",,"Prestige Omega Deluxe Granite Aluminium Non-Stick Cookware Dosa Tawa 30cm,Metal Spoon Friendly,Black","1 pc","Cookware","Prestige",,,1396.0142747916477,1834.1543413807528,,24.86645,24.07206211318602,0.37520257805485807,0.52865,0.00999,0.00772,0.0166,1383.630013860947
"2026-04-01","cc46099c-bb16-4995-88f4-4e16254b119a",,"Agaro Elite Glass Baking Tray With Handle | Borosilicate Glass | Rectangle Shape | 1.6 L","1 pc","Cookware","Agaro",,,516.1584080352548,795,,72.67083,36.024189336156255,0.3932257685455116,0.46619,0.39508,0.53014,0,499.8053814740483
"2026-04-01","47a8819a-e087-4e35-9004-b1f18acdd8a0",,"Wonderchef Milano Non Stick Cookware 4 Piece Set, Burgundy","1 pack (4 pcs)","Cookware","Wonderchef",,,1808.842105263158,4200,,1.46732,56.932330827067666,0.019498181496632086,0.01692,,,,484.69168410041834
"2026-04-01","92cdaa2e-882c-4b7c-8d47-3231f2293ec9",,"Wonderchef Taurus Tadka Pan 11Cm, 250 ml","1 pc","Cookware","Wonderchef",,,239.67945852065026,400,,54.97533,40.21993524225225,0.0704237176265024,0.07843,0.04819,0.06467,0,236.8084031460902
"2026-04-01","926387b0-c47c-4bbe-a624-08e651711098",,"BAY6 Stainless Steel Dakshin 3-in-1 Multi Kadai","1 set","Cookware","BAY6",,,800.7550650024012,1967.0196501345292,,59.34046,59.512858173875166,0.831390760107494,0.62817,0.42638,0.57216,0,798.9433955896027
