"Date","Product ID","Item ID","Product Name","Grammage","Category","Brand","Offtake MRP","Offtake SP","SP","MRP","Units","Wt. OSA %","Wt. Discount %","Est. Category Share","Est. Category Share SP","Overall SOV","Organic SOV","Ad SOV","Wt. PPU (x100)"
"2026-03-01","cf6ba6a9-85f6-47ad-b140-6b09a9766f34",,"Larah By Borosil Ageria 19Pc Dinner Set Opalware Crockery For Dining & Gifting - White","1 pack (19 pcs)","Tableware","Larah by Borosil",,,1202.5910364145657,2695,,2.15548,55.368918249580624,0.10044441308807374,0.11933,,,,69.97443579786444
"2026-03-01","3a80b544-169e-4f78-8f27-38cf1ad533fe",,"Eha Earth Friendly Round 3 Partition Plates | Made With Rice Husk | Set Of 2 |Sand Castle - Celeste","1 pack (2 pcs)","Tableware","Eha",,,302.62689124088683,968,,18.97041,68.53312485915707,0.1538071626524017,0.10479,,,,165.2432178402602
"2026-03-01","fb2e1ce3-e13b-4bce-a324-21e983de4468",,"Cello Blue Swirl Dazzle Series Opalware Pudding Set Microwave & Dishwasher Safe Set Of 7 White","1 set","Tableware","Cello",,,499.0997874188708,592.7240733870966,,71.68918,15.792342524301496,0.6835349708975934,1.04771,3.20271,2.99791,4.63881,499.0963977730908
"2026-03-01","677128fa-f2b5-4141-baa4-64026590c52f",,"Kuber Industries 6 Pieces Tea Coaster with Stand (Gold) - CTKTC024989","1 set (6 pcs)","Tableware","Kuber Industries",,,198.9522957218393,483,,6.77092,58.80904850479518,0.03586123499403613,0.03385,,,,215.70640562235465
"2026-03-01","0d72884f-e5b1-44d1-8bf0-fa47d4eb62f3",,"Stehlen Melamine 3 - Partition Kids Plate - Oceanic Wonder","1 pc","Tableware","stehlen",,,244.67292644354498,965,,4.07121,74.64529259652384,0.018929569110436705,0.00853,,,,239.2965779965533
"2026-03-01","6116e871-1870-45bd-9068-1e27d6c5ede9",,"Treo By Milton 1000 Oven Safe Mixing Borosilicate Glass Bowl, 1000 ml, Transparent (Without Lid)","1 pc","Tableware","Milton Distributor",,,409,425,,3.4883,3.764705882352941,0.008336856862109429,0.0146,,,,409
"2026-03-01","6912337b-e16b-408b-8bbf-1ff39b833b26",,"Stehlen Melamine 5 Pcs Dona Feeding Kids Set - Gala Land","1 set","Tableware","stehlen",,,439,1499,,15.88835,70.71380920613743,0.03175753980449897,0.01693,,,,87.79999999999997
"2026-03-01","c122d78b-a516-46ae-a9e3-f94b4a31b2ac",,"Nestasia Mandala Long Dish","1 pc","Tableware","Nestasia",,,574.7772727272727,1145,,1.3133,49.80111155220325,0.04492094638642492,0.03938,,,,552.0464148527528
"2026-03-01","a8b61834-896b-4d51-a3bb-bd47be959a86",,"Signoraware Bake N Serve Square Dish | 500 ml | Clear | Glass Baking Dish, Oven Safe Dish","1 pc","Tableware","Signoraware",,,266.59641402026307,330,,49.73749,19.241221048029757,0.3743847023167826,0.55029,0.32671,0.37331,0,266.49236521658
"2026-03-01","836cb75b-247d-4f46-8a3e-8c533f49c7c6",,"Sanjeev Kapoor Skb3190 Baku Coloured Bowl 300 ml - Set of 6 Pcs","1 set  (6 pcs)","Tableware","Sanjeev Kapoor",,,329.7606837606838,1055,,0.80712,68.92466597202187,0.07502092288539862,0.04504,,,,54.41060003095703
"2026-03-01","b52eaa22-935f-4efd-b250-daaec04eeb78",,"Itsy Bitsy Mdf Coasters With Stand Set of 6 4 x 4 Inch 1.9mm Thick 7 Pc Lb","1 pack (6 pcs)","Tableware","Itsy Bitsy",,,130.11117170291482,249,,8.36157,47.746517388387616,0,0,,,,21.685195283819137
"2026-03-01","d015ed64-c2cd-47c4-8bd2-0457e7dc427b",,"Oggn Wooden Khatiya Platter Yellow","1 pc","Tableware","OGGN",,,341.0305341223363,1499,,2.44426,77.24898784112973,0.1274685798082739,0.07414,,,,365.6345872807315
"2026-03-01","4dc41566-dd6c-4887-9dd3-0f1aa64d8f28",,"Oggn Mango Wood Round Plate 8 Inch","1 pc","Tableware","OGGN",,,205.63758366258367,1099,,6.83422,81.29384747890528,0.057236935988484706,0.04327,,,,214.33718077303374
"2026-03-01","8d1e51e0-9bbc-46ce-9ee7-3a81a9846655",,"Stehlen Melamine Magic Bowl 5.0 Inch- Pink jasmine Set of 2 Pcs","1 pack (2 pcs)","Tableware","stehlen",,,319,1099,,6.78546,70.97361237488626,0.009701158967426396,0.00513,,,,159.50000000000003
"2026-03-01","330fe38c-457e-4138-892c-f2f21b516181",,"Borosil Glass Serving & Mixing Bowls With Lids, Set of 3 (500 ml + 900 ml + 1.3 L)","1 pc","Tableware","Borosil",,,1182.8410443777902,1845,,43.6729,36.36093109121109,1.6628331798688292,1.85901,1.7709,0.45537,10.99532,113323.95673314219
"2026-03-01","ecefe565-3e39-483a-a3d7-689cb0f4131b",,"Birch & Co. Coaster | Heritage Coaster Set of 6 with Holder","1 set","Tableware","Birch & Co.",,,229.28864623430363,799,,6.17946,71.07977806498832,0.1643351416592114,0.10631,0.00687,0.00785,0,252.18806771382523
"2026-03-01","bce3742c-d524-4023-bed7-3b5cbe79a811",,"Eha Earth Friendly Small Snack Plates with Spoons | 6"", 4 pcs, Multi-light | Rice Husk Biocomposite","1 pack (4 pcs)","Tableware","Eha",,,400.7472546048061,679,,51.53712,41.0043825065474,0.6038336384891377,0.64585,0.39792,0.39236,0.43684,99.85680869011311
"2026-03-01","33187958-0558-4363-8c5a-8dc5e5a41fdf",,"Princeware Two Tone Bowl No. 2- Medium | Dia 264 x 88 Mm- Pink","1 pc","Tableware","Princeware",,,25.389739229024944,118,,4.59301,78.60042206081422,0.019038438652988956,0.00973,,,,26.304041125140515
"2026-03-01","8d725074-0a7e-45f1-832d-2b78623d6f37",,"BAY6 Imported Glass Bowl Set - 175 ml - (6pc)","1 pack (6 pcs)","Tableware","BAY6",,,304.12715279343377,749,,10.03764,59.307985484465846,0.37083810532697237,0.27399,0.00672,0.00768,0,51.31406216053374
"2026-03-01","594610a8-0270-42da-b656-793b68bba475",,"Treo By Milton 750 Oven Safe Mixing Borosilicate Glass Bowl With Quick Lid, 750 ml, Transparent","1 pc","Tableware","Milton Distributor",,,389,405,,2.81218,3.950617283950617,0,0,,,,389
"2026-03-01","357fcccd-e2b9-4a7b-8c5d-decd4ebd49bc",,"Cello Kidzbee Trioplate Bamboo Buddies Melamine Meal Set for Kids | Set of 5, Peach","1 set  (5 pcs)","Tableware","Cello",,,417.0061437296931,729,,57.71182,42.327605984359955,0.28793443907677685,0.36187,0.37559,0.42458,0.03211,449.1078234755858
"2026-03-01","55bd28b3-75f5-4d94-a7cd-8a516030630c",,"KVG Plastic Salt & Pepper Shaker Set Spice Sprinkler","1 pc","Tableware","Kvg",,,49.11452088349715,55,,48.41018,10.64492762495121,0.0946341142585283,0.15418,0.23115,0.25923,0.03427,49.205898581183895
"2026-03-01","d66b218e-e611-4d41-b943-2a0d908b0ff2",,"Anjali Cutlery Stand Square","1 pc","Tableware","Anjali",,,95.9628061996483,215,,3.35488,55.36613665132637,0.004218449572227371,0.00481,,,,100.72523347035788
"2026-03-01","a4de7ce4-e879-4076-bb5d-e3ecf13cea5d",,"La Opala Diva Classique Sweet Bowl Set of 2 | Opal Glass Dessert Bowls for Gifting - Aster Pink","1 set (2 pcs)","Tableware","La opala",,,89.51587301587301,180,,0.00505,50.2689594356261,0.002471632857943031,0.00197,,,,39.740821519447465
"2026-03-01","658dc06c-326c-486f-806e-ccb01f1ecc3b",,"Leather Coaster | Black Coaster with Holder","1 set","Tableware","Birch & Co.",,,238.57808423304044,799,,17.2055,70.14041498960695,0.049762208206586354,0.03523,0.00001,0.00002,0,240.0575836899331
"2026-03-01","971464eb-d8d4-4fcc-a554-feaa5d2de663",,"The Artment Set Of 2 DryMates Water Absorbent Diatomite Coasters For Home","1 pack (2 pcs)","Tableware","The Artment",,,103,879,,0.0273,88.28213879408419,0,0,,,,51.5
"2026-03-01","f3c696c3-5734-4c7d-907d-88a053898a85",,"Hosta Homes Natural Jute Brown Leather Bounderied Reversible Table Place Mats - Brown | Pack of 1","1 pc","Tableware","hosta homes",,,225.75,599,,7.65945,62.31218697829716,0.013689118967583685,0.00886,,,,213.7734136926932
"2026-03-01","ccbae9df-0f89-4ef3-8109-783748a61ca3",,"Eha Soup Bowls & Spoons | 250 ml | Set Of 6 - Multi Color","1 set  (6 pcs)","Tableware","Eha",,,630.2011509075904,1149,,69.05018,45.56516486351769,1.7305392464627447,1.67218,0.74885,0.4091,3.13117,102.04784538505001
"2026-03-01","66e7244e-35a6-43b9-b190-957996b5fcbe",,"SignoraWare Mixing Bowl High Borosilicate Glass With Lid, 1500Ml, 1214Clear","1 pc","Tableware","Signoraware",,,380.42857142857144,555.6071428571429,,2.42893,31.52921514430803,0.013804854156963557,0.0187,,,,416.1513353115728
"2026-03-01","445bcc62-8c0e-4c61-bdf3-c560b5066c07",,"Urban Chef Diamond Ceramic Bowl - Mustard 2 Pcs | Set of 2 - 500 Each","1 pack (2 pcs)","Tableware","Urban Chef",,,222.70509607351715,995,,3.69673,77.61757828406863,0.009759026562116331,0.00534,,,,111.9648860495673
"2026-03-01","c78f4e91-1253-4d98-838c-3b1a82f4a0db",,"Petals 15 Cm Sqaure Non Slip Silicone Coaster Table Organiser Stand | 2pcs Set","1 set  (2 pcs)","Tableware","Petals",,,122.47530581494819,229,,22.16297,46.56412244200352,0.027492992317857578,0.03302,0.00001,0.00001,0,119.75521786896995
"2026-03-01","ecab31bd-a7f2-435d-936a-cef18c3b0b20",,"Signoraware Bake N Serve Oval Dish | 700 ml | Clear | Oven Safe Dish, Glass Bakeware","1 pc","Tableware","Signoraware",,,228.9961039630806,289,,32.45275,20.75961101097213,0.5485965673408697,0.7917,1.06868,1.22109,0,229.01405717049096
"2026-03-01","869bc320-9207-4583-974f-2004a07d10a4",,"Stehlen Melamine Magic Bowl 5.0 Inch- Orange Chip","1 pc","Tableware","stehlen",,,,,,0,,0,0,,,,
"2026-03-01","e5646fdc-4520-4010-88f0-0c501f6a97e6",,"Kuber Industries Stainless Steel Cylindrical Shape Namak Dani/Salt and Pepper Shaker 2 Pcs | Silver","1 pack (2 pcs)","Tableware","Kuber Industries",,,179.1638321995465,954,,2.58745,81.21972408809785,0.00935689581935576,0.00462,,,,83.91635558746111
"2026-03-01","021dc3ee-2c17-4c39-b09d-c53cda92b199",,"Kuber Industries Orange Design 6 Pieces Tea Coaster with Stand | White","1 set (6 pcs)","Tableware","Kuber Industries",,,108.70780141843971,999,,2.74641,89.1183381963524,0,0,,,,108.70780141843971
"2026-03-01","60dc16a7-520a-4702-b36f-037bc5bf0d0e",,"Larah By Borosil Green Herbs 13Pc Dinner Set Opalware Crockery For Dining & Gifting - White","1 pack (13 pcs)","Tableware","Larah by Borosil",,,986.5965081015097,1895,,17.03817,47.732644127677105,1.1664753576259377,1.13735,0.20684,0.09389,0.99881,77.50535466128365
"2026-03-01","06627964-09bd-40c1-898d-5393544582eb",,"Larah By Borosil Ageria 12Pc Dinner Set Opalware Crockery For Dining & Gifting - White","1 pack (12 pcs)","Tableware","Larah by Borosil",,,759.5314980158731,1630,,4.56745,53.56640552803066,0.07993574520728453,0.06571,0.02876,0.0251,0.0544,59.25392357842168
"2026-03-01","8d841614-3707-40e3-9c0b-bf501279f328",,"Lushomes Brown Dinner Napkins - Folding with Hole Stitch | 17 x 17 inch","1 pack (12 pcs)","Tableware","Lushomes",,,377.6665873015873,999,,12.12587,62.195536806647915,0.014795468913520089,0.01066,,,,32.66376712825107
"2026-03-01","b3af342e-0a46-413e-b44d-1dd8aa5de0ca",,"Kuber Industries Plastic Microwave Safe Mixing Bowl Set (1500 ml, Multicolour) - 3 Pieces","3 pcs","Tableware","Kuber Industries",,,364.87318840579707,3654,,3.16481,90.01441739447736,0,0,,,,364.87318840579707
"2026-03-01","f98ade8e-3357-416b-a859-25dca92f0fea",,"BAY6 Hammer Series Round Melamine Veg/Curry Bowl - 4"" - Grey - Set of 2","1 pack (2 pcs)","Tableware","BAY6",,,67.76190476190476,149,,0.60808,54.522211569191434,0.0029228039351866003,0.00293,,,,40.11538461538461
"2026-03-01","e587fb17-09f2-4146-8dcd-6e91c1e6f83b",,"Ocean Stack Glass Bowl (4 inch)","1 pack (6 pcs)","Tableware","Ocean Glassware",,,322.24194586168744,443.31421419354837,,78.44457,28.555813944137785,0.8406660874212525,1.07045,0.7476,0.85422,0,50.83122312469842
"2026-03-01","1efe98c8-b397-4e60-b673-772d93573bd1",,"Liza Industries Harmony Tea Coaster (Colour May Vary)","1 set (6 pcs)","Tableware","Liza",,,74.11712749615975,178,,3.47071,58.36116432800014,0,0,,,,74.11712749615975
"2026-03-01","98f35143-33f1-4957-894c-175a727f54ff",,"Hosta Homes Natural Jute Brown Leather Bounderied Reversible Table Place Mats | Brown | | Pack of 2","2 pcs","Tableware","hosta homes",,,385.5862969147641,799,,9.32465,51.74138962268284,0.030014646316973266,0.02662,0.00855,0.00977,0,190.98966063279073
"2026-03-01","24940b8e-827c-46f5-a7eb-41566f1829f9",,"Sanjeev Kapoor Kingston High Borosilicate Mixing Bowl-Blue Lid 1.5 L - Set Of 1 Pcs","1 pc","Tableware","Sanjeev Kapoor",,,345,1045,,9.94855,66.98564593301435,0.06559635140445631,0.03942,,,,345
"2026-03-01","c405ba9f-0c82-4233-80d0-d914ab5b7f1b",,"Lushomes Table Napkins - Grey Checks | Cotton | Restaurant | Bar | Cafe | 16 x 16 inch","6 pcs","Tableware","Lushomes",,,209.66666666666669,499,,1.42529,57.98263193052772,0.004894225381403065,0.00445,,,,218.81591058514132
"2026-03-01","0d569ee7-85e1-4f72-9443-f33316c856ee",,"Larah By Borosil Opalware Mixing Bowl 2 Pcs Set (1240 ml Each),Crockery For Gifting & Dining, White","1 pack (2 pcs)","Tableware","Larah by Borosil",,,389.9184263111816,510,,61.33232,23.490731532174557,1.1410322512894693,1.59027,1.09631,1.12867,0.8694,195.4057863057701
"2026-03-01","bd1834cf-d000-4f19-a1af-7b54e0b99fd2",,"Empty Cutlery Holder | Green","1 pc","Tableware","Bombay Kookware",,,50.731428571428566,350,,1.43637,85.51904761904763,0.017164117069048825,0.00516,,,,49.974620999438514
"2026-03-01","e08f57b2-7465-43b9-97e1-98f6aec0116b",,"Cello Kidzbee Pentameal Bamboo Buddies Melamine Meal Set for Kids | Set of 3, Peach","1 set (3 pcs)","Tableware","Cello",,,284.92911485226136,499,,64.97193,41.245233553973215,0.41003800629261083,0.58932,1.2883,1.36745,0.73335,317.5797292276724
"2026-03-01","99be7dab-a933-4873-ab0d-acd3764498f4",,"Kuber Industries Stainless Steel Glass Stand & Spoon - Cutlery Stand/Holder for Kitchen(Silver)","1 set","Tableware","Kuber Industries",,,230.12556888097822,585,,19.11437,60.41726466538211,0.02340989406880328,0.02052,,,,267.32212165391945
"2026-03-01","40e4c7b0-38f2-446b-86b4-6496c21c029c",,"BAY6 Hammer Series Round Melamine Round Serving Bowl -7.5"" - Grey - Set of 2","1 pack (2 pcs)","Tableware","BAY6",,,121.26831376211419,499,,7.05723,75.79109650713914,0.07747588202961743,0.04538,,,,56.48117150399984
"2026-03-01","1815d48d-145f-42ea-a8bb-bedda6602a4f",,"Larah By Borosil Mimosa 12Pc Dinner Set Opalware Crockery For Dining & Gifting - White","1 pack (12 pcs)","Tableware","Larah by Borosil",,,841.0086796141692,1630,,5.4895,48.46520456220939,0.34100588905427587,0.32178,,,,66.85673790178093
"2026-03-01","9230dcad-591f-476b-b02b-3d740b5da5ed",,"Stehlen Melamine Kids Toast Plate - Crazy Frog","1 pc","Tableware","stehlen",,,245.02301587301585,810,,16.69031,69.75024495394867,0.01255236401426782,0.00691,,,,245.0017514615645
"2026-03-01","3f9516dd-d127-4cec-a383-d4b9534c07e2",,"Cello Opalware Dazzle Series Secret Garden Dinner Set, 18 Units","1 pack (18 pcs)","Tableware","Cello",,,1159.3028296244006,2099,,48.87023,44.89440924075906,3.21303738514394,3.21556,1.82723,1.75598,2.32683,64.10403640535496
"2026-03-01","5ddfe645-9a8e-4b5b-a0d6-8d7866d923b9",,"Birch & Co. Leather Coaster | Brown Coaster Set of 6 with Holder","1 set","Tableware","Birch & Co.",,,243.0496362872593,799,,9.96381,69.61986603348876,0.07413525444463569,0.05254,0.00186,0.00212,0,234.15802771821035
"2026-03-01","b6a30493-c01d-40c1-8ebd-964a054698e9",,"Pure Cotton White & Beige Reversible Table Place Mats","1 pc","Tableware","hosta homes",,,249,599,,22.13608,58.43071786310517,0.024440721899635868,0.01849,0.00028,0.00032,0,249.00000000000003
"2026-03-01","e1d3c9cc-ba26-4a8d-b712-2f3d5142a62d",,"Mad Over Print Lazy Panda Coaster ( Pack Of 6 )","1 pack (6 pcs)","Tableware","Mad Over Print",,,92.82639496648245,599,,32.73515,84.53168941933099,0.18048314299777254,0.05756,0.03028,0.0346,0,15.351040529124706
"2026-03-01","3055af4b-5296-4485-99fa-34c2236a1cf2",,"Borosil 500 ml Serving & Mixing Bowl with Lid, Borosilicate Glass Multipurpose Bowl","1 pc","Tableware","Borosil",,,384.21832260307525,465,,19.85549,17.37545506166467,0.15474677546109591,0.2325,0.71693,0.12082,4.8968,383.87288288861356
"2026-03-01","52aca117-7211-4789-aedc-fa2d923780c8",,"Birch & Co. Coaster | Tulip Coaster Set of 6 with Holder","1 set","Tableware","Birch & Co.",,,228.91821858325204,799,,17.90337,71.37529318702735,0.08377560339730315,0.04803,0.00662,0.00756,0,209.40197064507325
"2026-03-01","e0b44d5c-e714-4404-83aa-2ad671d37ac7",,"Cello Kids Meal Melamine Dinner Set with Zebra Print | Orange, Set of 4 (Assorted)","1 pack (4 pcs)","Tableware","Cello",,,360.7590448436256,683,,59.19548,46.95906200285194,0.23392631871065267,0.27526,0.2848,0.32462,0.00559,94.72610883064542
"2026-03-01","ddd140bc-f65f-4643-837e-334bf14b01f1",,"Traditional Wooden Salt & Pepper Shakers with Adjustable Coarseness Refillable | 6 inch BROWN","1 pc","Tableware","Bombay Kookware",,,191.02298850574712,850,,5.99265,77.52670723461799,0.013338970979375088,0.00528,,,,185.11772853185596
"2026-03-01","6390f4b6-efab-47d3-a47e-5034d9e2a020",,"BAY6 Hammer Series Round Melamine Dinner Plate -11"" - White - Set of 2","1 pack (2 pcs)","Tableware","BAY6",,,134.24193548387098,699,,2.63294,80.59504649499284,0.027423355042891725,0.01296,,,,86.37072119924457
"2026-03-01","3492cd85-1ed6-4e69-8156-d90a859ce613",,"Flair Orbit Cutlery Stand 1 Pcs Gray","1 pc","Tableware","Flair",,,75.27407407407408,599,,1.90166,87.43337661534656,0.023500128284251992,0.00655,,,,75.88842018196857
"2026-03-01","a047d135-9017-4d82-928d-0879ebc7423f",,"Mad Over Print Dont Touch Coaster ( Pack Of 6 }","1 pack (6 pcs)","Tableware","Mad Over Print",,,123.6076172542009,599,,12.87016,79.3643376871117,0.0994655680117931,0.0498,0.01963,0.02243,0,18.209107261744457
"2026-03-01","47505148-b402-4288-b567-3e77d76dd7a6",,"Cello Kids Meal Melamine Dinner Set with Lady Bug Print | Pink, Set of 4","1 pack (4 pcs)","Tableware","Cello",,,366.1208629345446,683,,53.63714,45.86826752600759,0.37607757466313574,0.44367,0.97537,1.07031,0.30963,98.3484300085787
"2026-03-01","389597e8-817d-4f8a-b5b9-bcdba4e4dc80",,"Soham Housewares Round Silicon Hotpot Coaster (Colour May Vary)","1 pc","Tableware","Soham Housewares",,,59.74096085074346,199,,2.06166,69.97941665791784,0.010149387624600987,0.00755,,,,60.49050159849144
"2026-03-01","f6c6ffc5-440b-4ff6-97f4-30be464e9fc8",,"BAY6 Steel Thali 9 Inch -(4pc)","1 pack (4 pcs)","Tableware","BAY6",,,233.79697305278702,999,,4.7603,76.5968995943156,0.07838607063762185,0.03146,,,,52.133298703433056
"2026-03-01","c19c2e64-dbd4-4f7b-ac4b-fe99e598c1f8",,"Kuber Industries Soft Leather Tea Coaster with Stand for Tea,Dining Home Decor, Set of 6 | Brown","1 set (6 pcs)","Tableware","Kuber Industries",,,413.54408469757755,999,,41.58441,58.60419572596822,0.0662358373661146,0.05997,0,0,0,390.4491444528521
"2026-03-01","05af7046-3f72-4260-a603-d64c2d36817b",,"Kuber Industries 6 Pieces Tea Coaster with Stand | Blue - CTKTC024987","1 set (6 pcs)","Tableware","Kuber Industries",,,188.8051825384404,498,,15.70328,62.08731274328506,0.048598971472649674,0.03961,0.00034,0.00039,0,184.98045457911664
"2026-03-01","5491c51e-df19-44e2-8040-a7e12b66ddc3",,"Sanjeev Kapoor Skb3188 Dubai Coloured Bowl 300 ml - Set of 6 Pcs","1 pack (6 pcs)","Tableware","Sanjeev Kapoor",,,318.38289241622573,1055,,0.7033,69.82152678519188,0.02762736283434099,0.01916,,,,63.37938932227236
"2026-03-01","ce87e070-fe28-4a4c-b75e-21f2055e31f6",,"Borosil 900 ml Serving & Mixing Bowl with Lid, Borosilicate Glass Multipurpose Bowl","1 pc","Tableware","Borosil",,,376.0684210526316,530,,7.98349,29.038765790087098,0.018453877865951637,0.02239,0.20999,0.05998,1.26181,354.5487553432235
"2026-03-01","39d19726-c965-42ad-8b45-a124f1e52c6d",,"Larah By Borosil Mimosa 19Pc Dinner Set Opalware Crockery For Dining & Gifting - White","1 pack (19 pcs)","Tableware","Larah by Borosil",,,1429.4278659611994,2695,,8.37822,46.96000497361042,0.30846958873818686,0.29589,,,,73.17511026869154
"2026-03-01","baed7720-2db8-43ed-a77f-618d33e86c2f",,"Nestasia Luxe Glass Dessert Bowl Grey Set Of 6 300 ml","1 pack (6 pcs)","Tableware","Nestasia",,,1415.9120751221449,1750,,20.44302,19.142683826372224,0.28458106100482955,0.40156,0.41159,0.47029,0,223.53401256505038
"2026-03-01","f6c87ff9-6430-4ec1-be76-b267f51912df",,"Stehlen Melamine 5 Pcs Dona Feeding Kids Set - Kuko the Horseman","1 set","Tableware","stehlen",,,416.6746031746032,1499,,10.2489,72.20316189629065,0.029404584556004792,0.01567,,,,70.9358959961318
"2026-03-01","ab9a94a5-8b93-4b64-a302-1d1c541f5720",,"Eha Earth Friendly Square Dinner Plates | 11"", 4 pcs, Multi-light | Rice Husk Biocomposite","1 pack (4 pcs)","Tableware","Eha",,,612.4627725530579,1138,,64.55347,46.19517149158741,1.3699701871765115,1.35152,1.67806,1.08624,5.82786,154.01519458744255
"2026-03-01","9f0228c3-8e68-46e4-bd54-9d52767ea0d8",,"Hosta Homes Pure Cotton Red Elephant Digitally Printed Table Place Mats | Pack of 2","1 pack (2 pcs)","Tableware","hosta homes",,,439.0207997131074,799,,19.4787,45.053753088796896,0.05086071169900549,0.05086,0.00114,0.0013,0,219.50027961860016
"2026-03-01","50deb38b-d136-4fc5-84d7-3674cabe5cad",,"All Time Elite Mixing Bowl 2000 |2000 ml - Grey & White","1 pc","Tableware","All  Time",,,173.4495771385477,420,,14.12963,58.72896398291972,0.0659102095451475,0.0534,,,,160.61117504505708
"2026-03-01","6cc3f936-08d7-4e55-b052-dd66d4aef157",,"BAY6 Minto Series Round Melamine Veg/Curry Bowl -4.5""-Creame Speckle -Set of 2","1 pack (2 pcs)","Tableware","BAY6",,,69,179,,0.15924,61.452513966480446,0.0035112879489825597,0.00246,,,,34.5
"2026-03-01","8f6734e1-2fcd-443e-bb83-d5c42792e145",,"Cello Kidzbee Pentameal Cosmic Explorer Melamine Meal Set for Kids | Set of 5, Navy Blue","1 set  (5 pcs)","Tableware","Cello",,,504.7294075851494,829,,69.99507,37.266028085357554,0.5254201052642054,0.74105,0.86696,0.96541,0.1766,598.8397926698538
"2026-03-01","f8fb567d-67a0-41b2-8c48-8a0218a3ffe2",,"Nestasia Bread Plate","1 pc","Tableware","Nestasia",,,308.17414088436817,635,,0.38208,51.645730678730764,0.03817888120170255,0.03436,,,,248.75732380330223
"2026-03-01","8f76d49c-53f9-4491-b5ad-67b03ddec7e2",,"La Opala Diva Classique Breakfast Set of 4 | Opal Glass Mug & Bowl for Gifting - White","1 set (4 pcs)","Tableware","La opala",,,299.05724701219174,595,,15.67217,49.70188089921072,0.2004033268647658,0.20529,0.01523,0.0174,0,284.2146015980415
"2026-03-01","395a90ed-ea6f-4d07-9bc0-60e23209b53d",,"All Time Perfect Butter Dish, Bpa Free | Assorted","1 pc","Tableware","All  Time",,,73.0025840149496,145,,32.97655,50.230532022551195,0.07750922945706587,0.06957,0.03041,0.03472,0.00022,71.51021428200944
"2026-03-01","4890171a-6e3b-4a6b-b2fc-1818d783a668",,"La Opala Diva Classique Veg Bowl Set of 6 | Opal Glass Bowl for Dining & Gifting - Aster Pink","1 set (6 pcs)","Tableware","La opala",,,,,,0,,0,0,,,,
"2026-03-01","c39e43fa-5841-4bcf-a17f-245da1875e05",,"La Opala Diva Classique Serving Bowl | Opal Glass Crockery Bowl for Serving - Aster Pink","1 pc","Tableware","La opala",,,184.11886822757566,350,,6.84778,47.52138628516991,0.049466985392998715,0.04805,0.45527,0.52019,0,182.14388402428207
"2026-03-01","f39443b6-8bb8-4066-8314-c2b7f6a49911",,"Kuber Industries 6 Seater Dining Table Cloth for Dining | Party | Events (Gold Lace)","1 pc","Tableware","Kuber Industries",,,240.42034050654163,899,,45.9419,73.26442555891522,0.41124636013427196,0.199,0.01844,0.02107,0,240.65374794558394
"2026-03-01","6daf5cbf-87a5-4f13-a37c-75a012ebe836",,"All Time Classic Mixing Bowl 24 |4700 ml (Colour May Vary)","1 pc","Tableware","All  Time",,,59,185,,0.03883,68.10810810810811,0.0018144923758708759,0.00105,,,,59
"2026-03-01","f197cd3e-b3ee-43c6-b6fd-50f0ee11d99f",,"Stehlen Melamine Magic Bowl 5.0 Inch- Green Jasime Set of 2 Pcs","1 pack (2 pcs)","Tableware","stehlen",,,319,1099,,19.67733,70.97361237488626,0.05206318070052855,0.02751,,,,159.5
"2026-03-01","0c94f82f-5ff0-44b8-9e54-c0c2d8b77e1e",,"BAY6 Euro Series Round Melamine Dinner Plate -11"" - Daisy Pink - Set of 4","1 pack (4 pcs)","Tableware","BAY6",,,214.92105263157896,799,,0.19092,73.10124497727422,0.02350993635114859,0.00959,,,,44.8903166118421
"2026-03-01","6c017e60-d0d7-4948-a656-77f1109d4e0a",,"Eha Earth-Friendly Multipurpose Bowls | 600 ml | Made With Rice Husk Biocomposite | Set Of 6","1 set  (6 pcs)","Tableware","Eha",,,478.2495024001874,1242,,4.681,61.49359884056462,0.06090809542788183,0.0565,,,,82.131614899418
"2026-03-01","68da98f5-02bb-4a38-8e8b-afc3c9e97565",,"Stehlen Melamine 5 Parition Kids Plate - Aqua Tales","1 pc","Tableware","stehlen",,,171.43025210084033,810,,2.03211,78.83577134557528,0.008580096921145093,0.00319,,,,160.9992935812221
"2026-03-01","8dd1d310-059e-4aa5-8428-090cafbe57a5",,"Urban Chef Listra Ceramic Bowl - Mustard 2 Pcs | Set of 2 - 550 Each","1 pack (2 pcs)","Tableware","Urban Chef",,,253.85657976282977,995,,6.60814,74.4867759032332,0.1016910183906315,0.06888,,,,118.40306703496816
"2026-03-01","e1c75d3f-ece6-4638-84b8-2616f8e1584a",,"Jensons Stainless Steel Deep Mixing Bowl 20 cm","1 pc","Tableware","Jensons",,,,,,0,,0,0,,,,
"2026-03-01","6b612920-d37a-4042-87f5-b72b98fa3a8d",,"Le Creuset Van Serve Bowl 12 Cm-Flame","1 pc","Tableware","Le Creuset",,,1069,1300,,14.67742,17.76923076923077,0.0175956720124992,0.02634,,,,1069
"2026-03-01","1f331bde-c384-415d-8d26-2d0ae283fd7b",,"Nestasia White & Blue Ceramic Chip And Dip Snack Plate","1 pack (2 pcs)","Tableware","Nestasia",,,532.2042042042042,760,,2.11911,29.95339912280702,0.014908261682830982,0.0196,,,,273.92811860940697
"2026-03-01","5e9a185b-74cc-4a87-8c1f-8dc815ff21c8",,"La Opala Diva Classique Quarter Plate | Opal Glass Side Plate for Dining |Set of 6 - Aster Pink","1 set  (6 pcs)","Tableware","La opala",,,,,,0,,0,0,,,,
"2026-03-01","8eef1c15-42c3-43b0-bb59-5d0272911951",,"Oggn Mixwood Round Plate 8 Inch","1 pc","Tableware","OGGN",,,283.01218248262643,1299,,10.78251,78.42811200215257,0.28029493577101566,0.1673,,,,247.12888832157267
"2026-03-01","f4f8ca66-a9e9-4b9a-a5bb-24d19cc5d8fa",,"Le Creuset Coupe Pasta Bowl 22 Shell Pink","1 set","Tableware","Le Creuset",,,1969,2500,,33.1022,21.24,0.0019616133793198655,0.00281,,,,1969.0000000000002
"2026-03-01","955ff496-c22c-4f1e-89b0-4dd9f892e5a9",,"Urban Chef Diamond Ceramic Bowl - Sea Green 2 Pcs | Set of 2 - 500 Each","1 pack (2 pcs)","Tableware","Urban Chef",,,,,,0,,0,0,,,,
"2026-03-01","d11aed34-2e03-4806-9a7c-fa947bdaeaaa",,"BAY6 Hammer Series Round Melamine Round Serving Bowl -6.5"" - Grey - Set of 2","1 pack (2 pcs)","Tableware","BAY6",,,92.85628019323671,378.83091782608693,,4.53714,75.48872707484107,0.022107382784934886,0.0156,,,,44.40021364857752
"2026-03-01","275da52a-dbb4-4de8-bfaa-6f58016d3390",,"Eha Earth Friendly Cutlery Set For Dining Table | Travel Cutlery Set Of 2 | Sand Castle","2 set","Tableware","Eha",,,167.41306707373036,508,,36.8398,67.07940067823422,0.10513168825795854,0.06894,,,,170.34006500072724
"2026-03-01","0a7b18c4-2592-40be-98e2-2f2a5cc934f8",,"Le Creuset Coupe Side Plate 22 Sea Salt","1 pc","Tableware","Le Creuset",,,1749,2200,,25.18145,20.5,0.06883301348033409,0.0996,,,,1748.9999999999998
"2026-03-01","3674b509-7e15-4495-a1a8-2b26aad5466b",,"Clazkit Set of 4 Roti Chapati Cover 100% Cotton Traditional Roti Rumals Tortilla Covers-Square","1 pack (4 pcs)","Tableware","Clazkit",,,103.51851851851852,249,,11.14022,57.48709122203098,0.010183715858739083,0.00995,,,,33.22700932818242
"2026-03-01","df095ac7-b125-4bc1-95c5-3813b569ec2f",,"Embassy Premium Mixing Bowl / Multipurpose Bowl, 2800 ml (Size 4), Stainless Steel","1 pc","Tableware","Embassy",,,346.94871794871796,490,,0.5789,29.194139194139193,0.014417858338001015,0.01866,,,,348.2974767596282
"2026-03-01","f902e2a7-89b7-4257-ac0b-f2ca5b606f0c",,"BAY6 Hammer Series Round Melamine Round Serving Bowl -7.5"" - White - Set of 2","1 pack (2 pcs)","Tableware","BAY6",,,116.26307026307026,499,,2.84827,76.76092444629519,0.030784579568356316,0.02076,,,,55.31839719696389
"2026-03-01","fa012123-a26a-4188-9097-30644c3d07a6",,"Sanjeev Kapoor by OGGN Mango Wood Classic Bowl, Multipurpose For Serving, Home & Kitchen - 4 Inch","1 pc","Tableware","OGGN",,,241.14580027719305,998,,11.64683,75.53666283315304,0.0978845076280613,0.06127,,,,349.5386565985951
"2026-03-01","22ec93cd-3f11-4cd9-8b92-4eb386a2c85b",,"BAY6 Premium Imported Borosilicate Glass Mixing Bowl - Set of 3 -(500ml+1000 ml+1500 ml)","1 pack (3 pcs)","Tableware","BAY6",,,677.8080316555827,1699,,61.06587,60.143987998012626,0.9986701218987093,0.70661,0.46069,0.52639,0,220.55273474073658
"2026-03-01","ebba73d5-ece5-41aa-ab06-d22cf0aa1dd1",,"Kuber Industries Dining Table Cover 6 Seater|Table Cloth|Table Cover for Home | Restaurant|Silver","1 pc","Tableware","Kuber Industries",,,229.52563282247647,899,,32.06598,74.45630799970716,0.4985401171273852,0.23115,0.01612,0.01842,0,230.47987189935736
"2026-03-01","1ef0656f-d720-464a-a0fb-c78df7edc0ff",,"Pure Cotton Red Elephant Digitally Printed Table Place Mats","1 pc","Tableware","hosta homes",,,249.0193548387097,599,,12.54447,58.427486671333945,0.03695483445300696,0.02796,0.03509,0.00032,0.27886,249.0007674989767
"2026-03-01","303500eb-1e9c-4717-8707-11bc39deac38",,"Sanjeev Kapoor Kingston High Borosilicate Mixing Bowl-Green Lid 1 L - Set Of 1 Pcs","1 pc","Tableware","Sanjeev Kapoor",,,,,,0,,0,0,,,,
"2026-03-01","7b576472-e19e-48f6-8540-a1af5d9d688c",,"Eha Earth Friendly Cutlery Set For Dining Table | Travel Cutlery Set Of 4 | Multicolor","4 set","Tableware","Eha",,,266.6786754111921,675,,28.98892,60.50616255593666,0.08712407743580218,0.07085,0,0,0,265.31908794891046
"2026-03-01","243154d0-b6bf-4931-849f-4de28362dfca",,"BAY6 Hammer Series Round Melamine Round Serving Bowl -7.5"" - Black - Set of 2","1 pack (2 pcs)","Tableware","BAY6",,,181.1870290188211,481.22222222222223,,46.40488,62.47419412559006,0.22023719974306896,0.1453,1.3468,1.53888,0,90.1805512137707
"2026-03-01","555c8265-a2e6-4dd4-bdd1-6b94277cbe8e",,"BAY6 Minto Series Round Melamine Serving Bowl -5.5""-GREEN SPEAKLESpeckle -Set of 2","1 pack (2 pcs)","Tableware","BAY6",,,178.08928571428572,399,,0.03252,55.36609380594343,0.005048212031679675,0.00412,,,,89.45516089326534
"2026-03-01","d1b37f37-4ab6-4ace-b12c-4ddd592c6f46",,"Femora Maggie Soup Microwave Bowl 400 ml 1 Pc Borosilicate Glass Microwave & Oven Safe","1 pc","Tableware","Femora",,,269.5732638888889,300,,1.86877,10.139793577981655,0.017654520413878792,0.02878,,,,270.84855772839876
"2026-03-01","566b9697-0668-45e7-add6-f760821a555d",,"Stehlen Melamine Kids Toast Plate -Happy Dino","1 pc","Tableware","stehlen",,,245,810,,9.82096,69.75308641975309,0.010566230467706458,0.00582,,,,245.00000000000006
"2026-03-01","7b0fe457-730b-4f30-9017-62260863ee70",,"Eha Earth Friendly Round Plates For Kids | Made With Rice Husk | Set Of 4 | Multicolor","1 pack (4 pcs)","Tableware","Eha",,,416.3041304979345,1133,,13.25458,62.98481863260212,0.11657083667946236,0.09601,,,,105.80595990646398
"2026-03-01","576a2b7f-d936-4a0e-b2ac-4b73888753f6",,"Eha Earth Friendly 6 Partition Plates | Set Of 2 | Made With Rice Husk Biocomposite |Sand","1 set (2 pcs)","Tableware","Eha",,,468.2484134689603,1462,,48.28503,67.78004877982939,0.32120144037666243,0.22146,0.58678,0.26297,2.85735,507.28795799643706
"2026-03-01","bb4132cc-603b-490c-b67a-2f9a03571ca4",,"Hosta Homes Pure Cotton Red Elephant Digitally Printed Table Place Mats Pack of 6","6 pcs","Tableware","hosta homes",,,720.453431372549,1799,,17.17546,59.944226171593634,0.146627657684091,0.10815,,,,121.48940150619407
"2026-03-01","6d0b2b7a-0c05-40a6-93d0-024bae77288f",,"Cello Opalware Sparkling Star Mixing Bowl Set With Premium Lid 3 Units White","1 pack (3 pcs)","Tableware","Cello",,,1299,1299,,3.6566,0,0,0,,,,433
"2026-03-01","62c04518-4752-4baa-b034-6dacf432c9a8",,"La Opala Diva Classique Dinner Plate | Opal Glass Full Plate for Dining | Set of 6 - Aster Pink","1 pack (6 pcs)","Tableware","La opala",,,448.5784543325527,870,,1.98879,48.43925812269509,0.02559905460012425,0.02851,,,,81.16501868113562
"2026-03-01","7eab67ca-d068-415a-add7-f42fbeda3860",,"Nestasia Dessert Serving Bowl Teal Set Of 6 300 ml","1 set  (6 pcs)","Tableware","Nestasia",,,,,,0,,0,0,,,,
"2026-03-01","1ef99364-c1bf-4fb0-8fed-3738b74aa652",,"Stehlen Melamine Magic Bowl 5.0 Inch-Yellow Softy Set of 2 Pcs","1 pack (2 pcs)","Tableware","stehlen",,,319,1099,,9.86972,70.97361237488626,0.010779065519362663,0.00569,,,,159.5
"2026-03-01","fbbfd862-4ee7-4066-b936-d6be96821fae",,"Oggn Mixwood Round Plate 11 Inch","1 pc","Tableware","OGGN",,,187.97648305084743,1499,,3.53747,87.4754141649989,0.058809169112009584,0.01617,,,,187.13113227032386
"2026-03-01","e2a66138-6e91-4768-9481-987c6ac8c4b2",,"Le Creuset Coupe Side Plate 22 Shell Pink","1 set","Tableware","Le Creuset",,,1749,2193.0523183870964,,45.13114,20.248140669698174,0,0,,,,1748.9999999999998
"2026-03-01","53b94f39-9772-4471-9f7b-795e1d19ab86",,"Ellementry Fiore Ceramic Dinner Plate","1 pc","Tableware","Ellementry",,,875.1111111111111,1350,,3.1651,35.17695473251029,0.01655111288801137,0.02542,,,,913.7934493951018
"2026-03-01","e94c5ebc-1532-445a-821f-14ec17e8911e",,"Leather Coaster | Mint Coaster with Holder","1 set (6 pcs)","Tableware","Birch & Co.",,,249.62769187858868,799,,30.55398,68.67413806412759,0.16284725791099727,0.1222,0.01302,0.01488,0,266.6680936786041
"2026-03-01","9ccf319e-cb19-4856-90be-9d97657b4a7d",,"Stehlen Melamine 5 Pcs Dona Feeding Kids Set - Beautiful World","1 set","Tableware","stehlen",,,439,1499,,4.49096,70.71380920613743,0.014702292278002396,0.00784,,,,87.79999999999998
"2026-03-01","66311cc7-d7af-4515-96be-bd555d846866",,"Roxx Ringo Mini Candy Bowl With Dome","1 pc","Tableware","Roxx",,,109.06608157803436,195,,40.34309,44.01133285215363,0.3322973064567853,0.33942,0.23912,0.27322,0,109.23733928271986
"2026-03-01","47ebd958-dd51-4f89-9c1a-e78fff07f414",,"BAY6 Steel Side / Halwa Plate 5.5 Inch - (4pc)","1 pack (4 pcs)","Tableware","BAY6",,,159.88565189726694,649,,10.39596,75.30972229903942,0.17982404090232107,0.09085,0.04761,0.0544,0,42.5513698684741
"2026-03-01","4df7180e-61c0-4075-859c-169f1757d9d3",,"Signoraware Round Plate Set | Set of 3 | Yellow | Dinner Plate Set, Serving Plates","1 pack (3 pcs)","Tableware","Signoraware",,,269.2019609357381,360,,75.54451,25.231645104601178,2.0112912381511414,2.73814,5.90682,6.64346,0.74148,89.71971118737527
"2026-03-01","cf6e34bb-915b-4bc8-ad95-52125d5a5a02",,"Urban Chef Ramekin Ceramic Bowl - Sea White 2 Pcs | Set of 2 - 225 Each","1 pc","Tableware","Urban Chef",,,,,,0,,0,0,,,,
"2026-03-01","45f0f534-6a96-4e68-8ecb-d9a2e08a6178",,"La Opala Diva Classique Sweet Bowl Set of 2 | Opal Glass Dessert Bowls for Gifting - Blue Daisy","1 set (2 pcs)","Tableware","La opala",,,88.73684210526316,180,,1.13714,50.416666666666664,0.0035309040827757585,0.00461,,,,49.242063492063494
"2026-03-01","e36c205d-8988-4f3d-9f85-4ef3f90bab54",,"La Opala Diva Classique Breakfast Set of 4 | Opal Glass Coffee Mug & Bowl for Gifting - Aster Pink","1 set (4 pcs)","Tableware","La opala",,,281.6419775265501,595,,22.91289,52.676985126701545,0.20087117165573354,0.18341,0.0546,0.06239,0,272.60485950238194
"2026-03-01","95153377-e2d7-47f2-8a2b-750f6e32c035",,"URGO 480 ml Premium Party Cups | Pack of 10 | Red Disposable Glass","1 pack (10 pcs)","Tableware","Urgo",,,99.08170799525928,199,,30.99286,50.20298388540033,0.5495901245174951,0.49726,0.13185,0.15065,0,9.912959130530036
"2026-03-01","5455c8cc-87c1-437c-b40e-9eef10d7d484",,"Cello Kidzbee Pentameal Bamboo Buddies Melamine Meal Set for Kids |Set of 5, Peach","1 pack (5 pcs)","Tableware","Cello",,,497.7098139913576,829,,84.61894,38.290124440285645,0.710315897558758,0.97574,1.29595,1.37619,0.73329,108.35119372396424
"2026-03-01","9980ed28-9635-4328-b23f-6547855b3bb0",,"Stehlen Melamine Magic Bowl 5.0 Inch-Yellow Softy","1 pc","Tableware","stehlen",,,165,550,,14.3364,70,0.005394436793129631,0.00295,,,,165
"2026-03-01","d89f45f9-c0dd-49a9-a334-1190aa47973d",,"Dr. Bio Compostable Fork Disposable /Resuable","1 pack (30 pcs)","Tableware","Dr. Bio",,,115.54863715901048,229.6224658461539,,67.36132,49.68233963517037,0.022710578899075747,0.02019,0.02899,0.03312,0,3.7525226784537775
"2026-03-01","05ccaa5a-208e-4cfa-87db-eee1dc3f7361",,"Stehlen Melamine Magic Bowl 5.0 Inch- Garden Set of 2 Pcs","1 pack (2 pcs)","Tableware","stehlen",,,319,1099,,9.82679,70.97361237488626,0.016168598279043996,0.00854,,,,159.5
"2026-03-01","50d65a06-e70f-4416-bb8f-cb497575fcd2",,"Eha Earth Friendly Snack Plate | 8"", 4 pcs, Multi-light | Made with Rice Husk Biocomposite","1 pack (4 pcs)","Tableware","Eha",,,449.84853307694675,579,,65.03824,22.287185568077962,0.6572738717819487,0.93121,0.43364,0.39683,0.6917,112.55864711998507
"2026-03-01","84f656fd-1fcd-4754-b146-8a1ed30a2746",,"Stehlen Melamine 5 Pcs Dona Feeding Kids Set- Bear Stageland","1 set","Tableware","stehlen",,,439,1499,,12.74709,70.71380920613743,0.04263664760620695,0.02273,,,,87.79999999999997
"2026-03-01","62b1ae6d-fee0-4553-b055-49ca1297dba8",,"Cello Kidzbee Quadmeal Cosmic Explorer Melamine Meal Set for Kids | Set of 5, Navy Blue","1 set  (5 pcs)","Tableware","Cello",,,370.85529735871205,629,,49.69204,40.538810988757774,0.27761929512162337,0.38239,0.52023,0.56727,0.19041,384.8014728639598
"2026-03-01","caa8c16d-9c0d-4f19-9c1b-159226c8a69c",,"BAY6 Hammer Series Round Melamine Round Serving Bowl -6.5"" - White - Set of 2","1 pack (2 pcs)","Tableware","BAY6",,,106.36000520426751,392.6885245901639,,7.15438,72.91491893854756,0.027155594816614562,0.01457,,,,48.1970212710901
"2026-03-01","3400c630-af0d-4f87-aed5-94f92e87aab2",,"Nestasia Mandala Snack Bowl Set Of 6 With Chopsticks","1 set (6 pcs)","Tableware","Nestasia",,,976.1708158552916,1615,,9.22462,39.55265994536967,0.2863877069271831,0.31678,0.07193,0.08219,0,983.4467241968052
"2026-03-01","36df4bb1-aa45-4d88-b31c-827a230bd67d",,"Pure Cotton Black & Beige Reversible Table Place Mats","1 pack (2 pcs)","Tableware","hosta homes",,,357.7975428409289,799,,19.39385,55.25638913772147,0.09678208090888353,0.07911,0.01667,0.00042,0.1306,161.28689590099341
"2026-03-01","4c103ea2-01ee-4bc5-8a69-479122b7aa10",,"Yera Antartic 125 ml 6 pcs Ice Cream Bowl Set","1 pack (6 pcs)","Tableware","Yera Glassware",,,,,,0,,0,0,,,,
"2026-03-01","5fa63b25-b41d-4490-beb7-bb847fd214fc",,"Stehlen Melamine Magic Bowl 5.0 Inch- Pink jasmine","1 pc","Tableware","stehlen",,,165,550,,0.00288,70,0.005394436793129631,0.00295,,,,165
"2026-03-01","bc5da0b8-da58-47c0-9ca3-8a421bf3059b",,"Princeware Two Tone Bowl No. 1 | Small | Dia 223 x 80 Mm- Pink","1 pc","Tableware","Princeware",,,20.349896480331264,93,,2.93165,78.11839088136423,0.0009121502213837376,0.00034,,,,19.26997929606625
"2026-03-01","4fb857ba-61d4-46d5-a266-e8fc36353a8c",,"Nestasia Side Bowls Set Of 4 Nitori","1 pack (4 pcs)","Tableware","Nestasia",,,722.1835317460317,1500,,4.8116,51.85443121693122,0.06502748352445355,0.05735,,,,180.08265740093773
"2026-03-01","08173d67-25ad-4b9c-aafe-20be9f6d9b27",,"Eha Earth Friendly Mixing Bowls | Made With Rice Husk & Bamboo Fibers | Set Of 2 | Sand-Tortilla","1 set (2 pcs)","Tableware","Eha",,,731.166643906094,2163,,56.95807,66.16524230933264,0.45548074183793497,0.28848,0.31192,0.34878,0.0534,721.4255533697389
"2026-03-01","ac4f1073-e0e4-4daf-a32e-9cc461709b16",,"Roxx Luminarc Quadro Ice Cream Sundae 30 Cl","1 pc","Tableware","Roxx",,,474.05110114531385,975,,51.79487,51.41202807829832,0.021996551629003318,0.02001,0.03036,0.03469,0,447.04209711349074
"2026-03-01","e3565194-7d17-4d62-b37c-48527b262180",,"Embassy Premium Mixing Bowl / Multipurpose Bowl, 2000 ml (Size 2), Stainless Steel","1 pc","Tableware","Embassy",,,219.5,380,,0.72197,42.23684210526316,0.0037270654207077454,0.00534,,,,290.39529411764704
"2026-03-01","8881b534-4af1-40eb-a7b5-748999c65e04",,"Larah By Borosil Red Carnation 13Pc Dinner Set Opalware Crockery For Dining & Gifting - White","1 pack (13 pcs)","Tableware","Larah by Borosil",,,986.4796827546861,1895,,24.97145,47.670306779554224,1.4997289506051414,1.46335,0.18742,0.06284,1.06098,77.82823917550176
"2026-03-01","f744fff8-3aee-4dca-a766-fcd1dd5d36fb",,"Kuber Industries Tea Coaster|Soft Leather Heat Insulation Tabletop Coasters Set of 6 | Light Brown","1 set (6 pcs)","Tableware","Kuber Industries",,,513.6400612469118,999,,28.03808,48.58457845376258,0.07417350590553243,0.07806,0.01988,0.02272,0,527.7596458509711
"2026-03-01","ff5a1784-1eec-45fe-9e0f-8b540d3ee49b",,"Eha Earth-Friendly Multipurpose Bowls | 600 ml | Made With Rice Husk Biocomposite | Set Of 4","1 pack (4 pcs)","Tableware","Eha",,,469,847,,4.65939,44.62809917355372,0.008307432661419633,0.00837,,,,117.25000000000001
"2026-03-01","86a99b20-f3af-4293-8e8a-abd91c9f6381",,"Java 12 Inch Plastic Plate with Bowl | 4 Plates and 4 Bowls - Blue","1 set","Tableware","Java",,,363.23734594752364,850,,56.36523,57.18812529692723,0.503879628745894,0.40305,4.04948,4.62699,0,373.9394679225164
"2026-03-01","5d5258e8-f8bd-468b-a407-1a0fee412e9c",,"Hosta Homes Natural Jute Brown Leather Bounderied Reversible Table Place Mats | Tan | | Pack of 2","2 pcs","Tableware","hosta homes",,,439.03422459893045,799,,19.98048,45.05203697134788,0.02531265904674355,0.02531,,,,219.50054706839717
"2026-03-01","5e77e886-2367-4e9b-a446-b9a52a3c6087",,"Cello Ornella Toughened Glass Mixing Bowl With Premium Lid Microwave Safe & Dishwasher Set Of 3","1 pack (3 pcs)","Tableware","Cello",,,661.2364433020684,1099,,4.56296,39.46847462424576,0.18270565095654195,0.23303,0.00665,0.0076,0,235.1636503322601
"2026-03-01","014c0dcd-04f8-45a0-b71d-bd2821bdd1ed",,"Princeware New Coral Mixing Bowl 750 ml | 164 x 134 x 63 Mm- Pink","1 pc","Tableware","Princeware",,,19,48,,0.04141,60.416666666666664,0.00047078721103676783,0.00034,,,,19
"2026-03-01","995539a8-a7cc-40eb-b468-bbb1a6d970a8",,"Kuber Industries Plastic Solid Mixing Bowl - 2000 ml, 3 Piece, Multicolor | CTKTC034744","1 set (3 pcs)","Tableware","Kuber Industries",,,469.5769216555801,4704,,5.33505,90.01749741378444,0.04613714668160325,0.00839,,,,469.9927497545993
"2026-03-01","fd65f011-d0ea-485e-92bb-1c9dae79053c",,"Roxx Mixing Bowl 800 ml 2 Pcs Set With Lid","1 pack (2 pcs)","Tableware","Roxx",,,268.23623044321084,695,,9.12736,61.38619074050339,0.15017033144714267,0.12927,,,,142.01328343029485
"2026-03-01","0aecb9f1-85b8-455d-83d3-1b717ab168c2",,"La Opala Diva Classique Multiutility Bowl | Opal Glass Bowl for Serving - Blue Mystique","1 pc","Tableware","La opala",,,,,,0,,0,0,,,,
"2026-03-01","e9824f63-7b76-40fa-b905-3620bfc593b1",,"BAY6 Hammer Series Round Melamine Dinner Plate -11"" - Black - Set of 2","1 pack (2 pcs)","Tableware","BAY6",,,127.22619047619047,699,,5.37056,81.6437851902049,0.0891259038893981,0.03583,,,,71.92554667250756
"2026-03-01","5714fb02-92df-4dea-9060-1ee97107de43",,"Yera Delicia Pudding/Dessert Serving Set - 7 pcs","1 set (7 pcs)","Tableware","Yera Glassware",,,194.15671641791045,425,,1.11615,54.316066725197544,0.015090691727107728,0.01203,,,,181.5992484960997
"2026-03-01","7e6d2124-2485-4e5f-907a-e27c2bebed37",,"Birch & Co. Coaster | Pink Bloom Coaster Set of 6 with Holder","1 set","Tableware","Birch & Co.",,,231.09357058356295,799,,4.81932,71.06608066924429,0.043415408117796934,0.03178,,,,255.89532442503636
"2026-03-01","23575a25-fd38-4ef3-9e0c-d00a14008c8d",,"La Opala Diva Classique Sweet Bowl Set of 2 | Opal Glass Dessert Bowls for Gifting - White","1 set (2 pcs)","Tableware","La opala",,,79.3913043478261,180,,0.90591,55.893719806763286,0,0,,,,79.3913043478261
"2026-03-01","3adbcf03-83a5-44c0-8349-3323e25fe3ca",,"Princeware Two Tone Bowl No. 1 | Small | Dia 223 x 80 Mm- Blue","1 pc","Tableware","Princeware",,,20.401656314699792,93,,1.95741,78.0627351454841,0,0,,,,20.401656314699792
"2026-03-01","91504866-02b8-4f83-8eac-7f3fec92a5a5",,"Birch & Co. Coaster | Mughal Coaster Set of 6 with Holder","1 set (6 pcs)","Tableware","Birch & Co.",,,220.62972060341164,799,,5.5333,72.4010970931743,0.07656275100154403,0.04153,0.00134,0.00153,0,216.24432594223651
"2026-03-01","55050ae1-dee4-4e59-bfd1-72bcb98f0156",,"Oggn Mixwood Bowl 4 Inch","1 pc","Tableware","OGGN",,,126.91242283950616,1099,,5.9571,88.45200884080926,0.011964860807161522,0.00323,,,,161.65128613360588
"2026-03-01","c8e9a19a-baab-4504-be9a-2f54f0bdda95",,"Nestasia Mandala Snack Dish Set Of 2 - Red Green","1 pack (2 pcs)","Tableware","Nestasia",,,368,650,,0.75081,43.38461538461539,0.025500973931158254,0.02628,,,,184
"2026-03-01","5d726e0e-6a67-490f-9a83-343da7a98a01",,"Oggn Mixwood Bowl 5 Inch","1 pc","Tableware","OGGN",,,255.5017707093178,1199,,15.36657,78.72347794704808,0.391487028564383,0.16901,,,,243.62728264915683
"2026-03-01","8bbc3b0f-f6d2-42ec-8cf8-7cc1a65e389f",,"Stehlen Melamine 5 Pcs Dona Feeding Kids Set - Dancing Peacock","1 set","Tableware","stehlen",,,,,,0,,0,0,,,,
"2026-03-01","3adbc194-c51c-4924-b1e8-fac4c290e44b",,"BlackCarrot Fifty Fifty Dinner Plates Set of 2(Black & White, AnimaL Bone Ash Free Stoneware)","1 pack (2 pcs)","Tableware","BLACKCARROT",,,750.0602409638554,2199,,48.24548,65.89084852369916,0.03731282889473283,0.02344,,,,379.4044872950081
"2026-03-01","40d01788-354f-4da9-8904-3d89ff724261",,"Femora Borosilicate Microwave Bowl Set Gift Set 400 ml 1050 ml Gift Set 2 Pcs","1 pack (2 pcs)","Tableware","Femora",,,289.25396825396825,655,,2.3917,55.83908881618806,0.008993997344181584,0.01472,,,,162.38105413105413
"2026-03-01","09a59ffd-a1ae-4390-851c-fbc6473e6f56",,"Le Creuset Mini Ramekins X4 Volcanic","1 pack (4 pcs)","Tableware","Le Creuset",,,2781.7116725559576,4500,,25.0504,38.18418505431205,0.0322194997553288,0.0353,,,,638.16075821759
"2026-03-01","739c1525-581d-4cd2-b98f-81aa4c67489e",,"Leather Coaster | Tan Coaster with Holder","1 set","Tableware","Birch & Co.",,,247.20833130118302,799,,14.99178,69.10898183660134,0.1035221844802266,0.06619,0.00009,0.00011,0,225.32681691647127
"2026-03-01","267c8bfc-b637-4211-a15b-81bebc1800b1",,"SignoraWare Mixing Bowl High Borosilicate Glass With Lid, 1000Ml, 1215Clear","1 pc","Tableware","Signoraware",,,379.44444444444446,469,,4.60792,19.09500118455342,0.020010418082441955,0.02619,,,,339.92018844182553
"2026-03-01","c0afba73-1305-460c-a0ef-07675a3c556c",,"Birch & Co. Coaster | Peacock Coaster Set of 6 with Holder","1 set","Tableware","Birch & Co.",,,241.13418958492488,799,,3.67847,69.820501929296,0.023588400886321387,0.0175,0.01718,0.01963,0,273.4868498500093
"2026-03-01","f2d40720-7653-4541-8ed6-e19846a57905",,"Femora Borosilicate Microwave Bowl Set Gift Set 400 ml 700 ml 1050 ml Gift Set 3 Pcs","1 pack (3 pcs)","Tableware","Femora",,,774.7086371527778,1035,,8.36535,25.251968707387732,0.08324302536481783,0.10922,,,,248.92143980291405
"2026-03-01","382c042e-f28f-4b7e-87d3-143a85fba3c4",,"Anjali Plastic Glass Stand Supreme","1 pc","Tableware","Anjali",,,152.1463402031164,270,,15.62199,43.680937277093705,0.010010113074669275,0.01218,,,,139.2283134986386
"2026-03-01","26e3c25c-5943-470f-88f6-1f7cd33effae",,"Luminarc Diwali Bowl 9.5 Cm","1 pc","Tableware","Luminarc",,,236.53791754516666,495,,45.48089,52.28118072447161,0.16968642295799602,0.171,0.58733,0.67109,0,230.8877526816565
"2026-03-01","64d1b6b5-ed3b-49ce-a37d-3a1af4301a35",,"Stehlen Melamine Veg Bowl 4 Inch | Set of 6 Bowl - Green Sapphire","1 pc","Tableware","stehlen",,,329,1140,,2.74344,71.14035087719299,0.005590598131061618,0.00294,,,,329
"2026-03-01","9d7601da-e952-493b-9ac9-96a7d6f3187d",,"Sigriwala Pack Of 40 Melamin Gold B1 Dinner Set","1 set","Tableware","Sigri-wala",,,,,,0,,0,0,,,,
"2026-03-01","98e61d99-d3fc-4df0-9351-3274d7bdd691",,"BAY6 Hammer Series Round Melamine Veg/Curry Bowl - 4"" - Black - Set of 2","1 pack (2 pcs)","Tableware","BAY6",,,59,149,,0.0074,60.40268456375839,0.0017095460600772632,0.00123,,,,29.5
"2026-03-01","7feabb94-d92d-4cfe-83ec-dfba0f95d216",,"Stehlen Melamine 5 Pcs Feeding Kids Set -Aqua Tales","1 set","Tableware","stehlen",,,379,1299,,2.7133,70.82371054657429,0,0,,,,379
"2026-03-01","5e0a5b57-341d-4e82-ba1b-613345336416",,"Pure Cotton White & Beige Reversible Table Place Mats","1 pack (2 pcs)","Tableware","hosta homes",,,430.0509385327934,799,,22.5483,46.17635312480683,0.08416498365309817,0.08078,0.00358,0.00029,0.02661,212.27842710575123
"2026-03-01","606efe28-9b6b-489f-b123-860bdcb6813f",,"All Time Elite Mixing Bowl 4000 |4000 ml - Grey & White","1 pc","Tableware","All  Time",,,211.44193337782306,540,,15.52226,60.84408641151425,0.07610863750423148,0.06103,,,,210.1853341162012
"2026-03-01","88d031ec-ba05-4e55-91d9-34620815e942",,"Cello Opalware Dazzle Series Scarlet Bliss Dinner Set, 18 Units","1 pack (18 pcs)","Tableware","Cello",,,1130.4864364982147,2099,,51.03298,46.571366213731885,2.6940337172434896,2.54154,1.37356,1.08502,3.39682,60.1546213896687
"2026-03-01","48298832-c075-42ae-aeab-802570d00f7a",,"Larah By Borosil Opalware Serving Bowl | 1.24 L","1 pc","Tableware","Larah by Borosil",,,183.8405030727097,255,,58.27963,27.4622566203854,0.6500060942115686,0.86118,1.73463,1.9277,0.38083,185.57940099955226
"2026-03-01","8fcdb82c-f78d-46dc-9e00-d9401e7e0a95",,"Eha Earth Friendly 6 Partition Plates | Set Of 2 | Made With Rice Husk Biocomposite |Celeste","1 set (2 pcs)","Tableware","Eha",,,463.74473113369856,1462,,41.66993,68.25926901165361,0.3024160498496058,0.19447,0.61998,0.3566,2.46678,459.6491395033773
"2026-03-01","0ae6c82f-acb5-4cd0-aec5-530b8f701977",,"Urban Chef Ramekin Ceramic Bowl - Sea Yellow 2 Pcs | Set of 2 - 225 Each","1 pack (2 pcs)","Tableware","Urban Chef",,,155.35962732919253,795,,1.57169,80.45790851205126,0,0,,,,77.67981366459627
"2026-03-01","2accb157-a111-40bf-8827-da91553ff830",,"Princeware Serving Bowl Set of 3 | 650 ml+2000 ml With Serving Spoon- Pink","1 set","Tableware","Princeware",,,69.97826086956522,249,,1.10101,71.89628077527502,0.003053251224911371,0.00136,,,,61.60457417995787
"2026-03-01","2c0dbd65-193b-42e9-8717-4ff33e85e791",,"SignoraWare Mixing Bowl Borosilicate Glass, Set/3, 500Ml+1000Ml+1500Ml, 1208Clear","1 set  (3 pcs)","Tableware","Signoraware",,,849.0563490107899,1219,,43.83134,30.348143757306218,0.2741521434736755,0.34754,0.13292,0.15188,0,283.0058003802797
"2026-03-01","2f2b543f-ef7d-4048-a2c4-4ccdbb4560ee",,"BlackCarrot Black Check Serving Bowl(Black & White, AnimaL Bone Ash Free Stoneware)","1 pc","Tableware","BLACKCARROT",,,754.931046253627,1749,,17.10188,57.204362432349846,0.08577154501076113,0.049,,,,551.1674498983236
"2026-03-01","d944505f-e43a-4bbf-ad41-c60a0a3ea931",,"BAY6 Premium Glass Salt & Pepper Set -(2pc)","1 set  (2 pcs)","Tableware","BAY6",,,236.8052640936022,599,,52.87839,60.444273327344284,0.32001368347548426,0.22847,0.02692,0.03075,0,236.70229504807082
"2026-03-01","8c628c6f-de68-4823-b5b3-ea3489283d67",,"Stehlen Melamine 5 Parition Kids Plate - Oceanic Wonder","1 pc","Tableware","stehlen",,,245.0511463844797,810,,9.98643,69.7467720512988,0.023833602558736372,0.01312,,,,245.00165185691506
"2026-03-01","e15e5265-4a9f-4d77-baa2-6382ef4917a9",,"BAY6 Hammer Series Round Melamine Veg/Curry Bowl - 4"" - White - Set of 2","1 pack (2 pcs)","Tableware","BAY6",,,59,149,,0.03118,60.40268456375839,0.0029228039351866003,0.00211,,,,29.5
"2026-03-01","0772ccea-330b-4852-8ebb-a08ac6c7c329",,"Cello Kids Meal Melamine Dinner Set with Crocodile Print Yellow, Set of 4","1 set  (4 pcs)","Tableware","Cello",,,342.19147731007433,683,,61.41991,49.463045376393474,0.2857099695046281,0.31829,0.52106,0.57869,0.11698,378.1973806700676
"2026-03-01","c66df860-32c6-41fb-af7c-767cc03cd4cb",,"Eha Earth Friendly Frosty Mixing Bowl | Made With Rice Husk And Bamboo Fibers|Set Of 3|Multicolor","1 set (3 pcs)","Tableware","Eha",,,413.1169508144623,1430,,8.23905,71.12305260012988,0.09046470502078391,0.05224,,,,401.9223140668619
"2026-03-01","7b963688-31da-4a6c-9b5c-304ec04b5fac",,"Birch & Co. Coaster | Royal Gaja Coaster Set of 6 with Holder","1 set","Tableware","Birch & Co.",,,213.71615388845595,799,,9.70818,73.25204582121954,0.04592333082325738,0.0247,0.00191,0.00218,0,204.1609539734492
"2026-03-01","cf9af382-fa70-4fde-b888-14ae60423b9c",,"Lushomes Table Napkin - Brown Cloth | Cocktail Napkins | 9 x 9 inch","1 pack (12 pcs)","Tableware","Lushomes",,,,,,0,,0,0,,,,
"2026-03-01","8409890c-49f0-4f50-9b15-ca9d37d6b626",,"Stehlen Melamine 5 Parition Kids Plate - Green Peas","1 pc","Tableware","stehlen",,,245,810,,4.0672,69.75308641975309,0.003177813674498183,0.00175,,,,245.00000000000003
"2026-03-01","9041af60-9dbb-444b-9646-ce8378296ef0",,"Hosta Homes Natural Jute Frilly Pattren Reversible Table Place Mats Pack of 1","1 pc","Tableware","hosta homes",,,234.6461937716263,599,,22.56531,60.82701272593885,0.03724809565321527,0.02727,0.00333,0.0038,0,236.26563289213567
"2026-03-01","7bfc2df7-2106-4416-87ab-6fe1d7903626",,"Stehlen Melamine 3 - Partition Kids Plate - Green Peas","1 pc","Tableware","stehlen",,,289,965,,8.36115,70.05181347150258,0.024798716341361746,0.01352,,,,289
"2026-03-01","bb3607d5-ba72-49a1-a68f-6d99c1f1d786",,"Trovea's Designer Glass Playing Card Platter- Red & Black | Set Of 4","1 pack (4 pcs)","Tableware","Troveas",,,2486.1454545454544,4600,,0.49189,46.387351778656125,0.13535132317307075,0.16008,,,,604.0745090355892
"2026-03-01","fed5ae47-b3ef-4705-8d84-a3a576fda345",,"Yera Polo 1000 ml Mixing And Serving Bowl With Lid 1 Pc","1 pc","Tableware","Yera Glassware",,,141.40241954969125,225,,5.19565,37.08892790362909,0.08992918456822957,0.10317,0.22378,0.25569,0,142.11985695521568
"2026-03-01","17e27a75-fb70-40bb-9bbe-b64a77c68dbc",,"Signoraware Bake N Serve Rectangular Dish | 1000 ml | Clear | Baking Tray, Glass Bakeware","1 pc","Tableware","Signoraware",,,379.0240073675417,475,,46.54412,20.20352529193839,0.9160293118413425,1.33154,0.19775,0.22596,0,379.04963443818895
"2026-03-01","e8fc6657-ed66-41c4-aa77-eb270b11c705",,"Stehlen Melamine 5 Pcs Feeding Kids Set -Maria Mermaid","1 set","Tableware","stehlen",,,379,1299,,2.7133,70.82371054657429,0.006370339449341265,0.00338,,,,379
"2026-03-01","bc82ef29-21a7-4ef1-81f5-594c21efaef3",,"Hosta Homes Pure Cotton Black & Beige Reversible Table Place Mats Pack of 1","1 pc","Tableware","hosta homes",,,249.01195829260345,599,,26.90373,58.428721487044506,0.04676584376967527,0.03538,0.00928,0.00035,0.0719,249.000377956272
"2026-03-01","48de78e6-1a89-4df0-9660-ec602bd93371",,"Oggn Mango Wood Round Plate 11 Inch","1 pc","Tableware","OGGN",,,223.38560037457097,1599,,4.18831,86.01560353854767,0.20607729356444854,0.05909,,,,210.3182089323435
"2026-03-01","5337e535-acaf-4b21-859a-4878b2af1f61",,"Le Creuset Van Pasta Bowl 22 MM-Flame","1 pc","Tableware","Le Creuset",,,1709,2150,,17.67758,20.511627906976745,0.1929491960233503,0.27916,,,,1709
"2026-03-01","e3253cac-472b-4788-ae1f-52ee3bed1766",,"La Opala Diva Classique Dinner Set | Opal Glass Crockery for Dining | 6 Pcs - Aster Pink","1 pack (6 pcs)","Tableware","La opala",,,489.02117014341525,850,,71.77656,42.46673110884635,1.686796248910601,1.76786,3.17669,3.62973,0,81.50673512555863
"2026-03-01","e43162b6-b5cf-4579-8ee5-b23c67d0e1d1",,"Chumbak Country Wooden Coasters - Set Of 6","1 set (6 pcs)","Tableware","Chumbak",,,462.8197749857753,695,,12.22574,33.4105428471533,0.04423732412373195,0.0542,0.59988,0.01466,4.70339,459.3232896988219
"2026-03-01","b4482373-c6fc-49c5-92e1-f73af7dcc6e3",,"Cello Opalware Royale Black Curve Mixing Bowl Set with Lid (500ml, 1000ml,1500ml)","1 pack (3 pcs)","Tableware","Cello",,,552.9179487179488,1049,,2.17465,47.17009050179863,0.05483886363226617,0.06056,0.13018,0.14874,0,203.370992384218
"2026-03-01","f95a4ef5-7482-41eb-80cd-24b3686ce7f0",,"Stehlen Melamine 5 Pcs Feeding Kids Set -Oceanic Wonder","1 set","Tableware","stehlen",,,379,1299,,0.01646,70.82371054657429,0.005096271559473012,0.00271,,,,379
"2026-03-01","d217af15-0e99-4f93-8506-c68bfeea2a1e",,"Kuber Industries Set of 2 Pencil Design Square Bamboo Coasters for Home Pan Pot (Brown)","1 set  (2 pcs)","Tableware","Kuber Industries",,,96.09666666666666,899,,1.1455,89.31071560993696,0.013226178210064195,0.00387,,,,100.72235952293126
"2026-03-01","c103b02b-5e4c-4aaf-8d10-fc23cb2779aa",,"Cello Kidzbee Cereal Bowl Cosmic Explorer Melamine Bowl Set for KidsSet of 3, Navy Blue","1 pack (3 pcs)","Tableware","Cello",,,168.32061033301773,239,,54.28801,29.852851062983838,0.12660939314813174,0.15429,0.84969,0.96793,0.02065,53.703363732027555
"2026-03-01","196fc102-80c7-40d0-becf-2e669e4624a2",,"Birch & Co. Coaster | Indus Coaster Set of 6 with Holder","1 set","Tableware","Birch & Co.",,,225.53899963086013,799,,6.74519,71.77234047173215,0,0,,,,225.53899963086013
"2026-03-01","be0305ee-d10e-4058-bc41-ee98eaf5f97a",,"Hosta Homes Pure Cotton Multicolor Peacock Digitally Printed Table Place Mats Pack of 1","1 pc","Tableware","hosta homes",,,244.10847546867072,599,,32.27401,59.27488527769553,0.06251073355878616,0.04533,,,,230.22738448796434
"2026-03-01","edd8ccbc-3471-4d58-8e3e-b6fe9dea9017",,"Stehlen Melamine 3 - Partition Kids Plate - Maria Mermaid","1 pc","Tableware","stehlen",,,289,965,,5.25561,70.05181347150258,0.001419227279937923,0.00077,,,,289
"2026-03-01","9bc5b654-b8ab-4978-bf52-01d99a21aa86",,"Senego Anti Slip Mat 5m, Shelf Liner Mat for Kitchen/Cupboard/Drawers/Bathroom (45 cm x 5 m), White","1 pack (10 pcs)","Tableware","Senego",,,347.9389920424403,1099,,27.31076,68.24048423702675,0.1546790997995094,0.09959,0.00386,0.00441,0,39.54470894877047
"2026-03-01","3d218f82-145a-4142-8de3-e889ce1bcdfa",,"Hosta Homes Pure Cotton Geometric Pattern Digitally Printed Table Place Mats | Blue","1 pc","Tableware","hosta homes",,,249.00714285714287,599,,7.84259,58.42952539947531,0.03372307641057747,0.02552,0.07129,0.00204,0.55682,249.23584441355854
"2026-03-01","beb38a8a-5097-4cb5-9c20-6ea4f896e13a",,"Cello Opalware Dazzle Series Tropical Lagoon Dinner Set | | Set Of 13, White","1 set","Tableware","Cello",,,767.718652326954,1599,,57.90217,52.64745683545993,3.504236929690595,2.98485,2.68399,2.50422,3.9445,745.5009926903136
"2026-03-01","bc6365aa-f45c-41ee-8031-71f341387842",,"La Opala Novo Coffee Time Set of 6 | Opal Glass Coffee Mugs & Bowls for Gifting - White","1 pack (6 pcs)","Tableware","La opala",,,329.20097289529167,475,,64.83069,30.690743991455797,0.3911123604089329,0.49307,0.12166,0.13901,0,54.87722896625715
"2026-03-01","5e4e0c94-ad28-4223-85f6-de3faa7b9b51",,"Yera 2 Pc Bowl Set With Lids 435 ml Each","1 pack (2 pcs)","Tableware","Yera Glassware",,,159.2953046226311,219.90256412121212,,6.97859,27.589026049692567,0.5404558718166922,0.71122,1.06582,1.21782,0,79.60426261500905
"2026-03-01","88c8d31e-80fc-4520-a02a-1ba1487875be",,"Flair Orbit Cutlery Stand 1 Pcs Green","1 pc","Tableware","Flair",,,119,599,,35.20968,80.13355592654423,0.16644093362191129,0.06019,0.12591,0.14387,0,119
"2026-03-01","aa319ed1-245b-4e24-b016-c7b45409b8e5",,"La Opala Diva Classique Quarter Plate | Set of 6 - White","1 pack (6 pcs)","Tableware","La opala",,,349.0151717526783,480,,47.87252,27.287438983463034,1.4592991180506694,1.93181,0.82457,0.94216,0,58.1702964325341
"2026-03-01","4bf86704-54fc-45e8-9e3f-8162a457f5da",,"Joyo Plastics M. W. Safe Multipurpose Mixing Bowls - Set of 4 (Colour May Vary)","1 set  (4 pcs)","Tableware","Joyo",,,98.61872518769631,257,,65.51026,63.41946782999202,3.203806032580861,2.09702,4.88302,5.57941,0,93.7220792567004
"2026-03-01","ea79594c-5b47-4664-a71f-f7de68b038c8",,"Urban Chef Diamond Ceramic Bowl - Peach 2 Pcs | Set of 2 - 500 Each","1 pack (2 pcs)","Tableware","Urban Chef",,,238.86,995,,1.08264,75.99396984924623,0.019518053124232663,0.01675,,,,126.85611332007953
"2026-03-01","a29549c0-ef35-449a-a8c6-11ba59d6ac22",,"Anjali Plastic Glass Stand Aristo","1 pc","Tableware","Anjali",,,144.96849517040758,295,,19.38534,50.86064662932501,0.037613936548458425,0.03906,,,,150.21364878351787
"2026-03-01","b5ff49fa-0d37-4ef5-aabe-ea5a4cbcd1fb",,"Empty Cutlery Holder | Red","1 pc","Tableware","Bombay Kookware",,,54.998657796451916,350,,2.82256,84.31093693516053,0.030895410724287888,0.00912,,,,52.52466004054789
"2026-03-01","a18d2ecf-0b5b-4c28-9a39-b360ec10e34b",,"Deep Cutlery Noble 25Pcs Cutlery Set Big","1 set","Tableware","deep cutlery",,,810.8198323181828,1952,,13.55448,58.44363183828216,0.13822999080722265,0.12388,0.01055,0.01205,0,909.4258650137633
"2026-03-01","2270e769-6a45-443e-ad8a-2f4585fe4535",,"Glass Ideas Salt & Pepper Shaker Set (120 ml)","1 pack (2 pcs)","Tableware","Glass ideas",,,50.2962962962963,99,,1.91718,49.195660306771416,0,0,,,,25.14814814814815
"2026-03-01","1ad43ded-cde5-404c-8c66-92512a986732",,"Agaro Elite Glass Casserole With Lid, Borosilicate Glass, Microwave Oven Safe, Round, 2000ml","1 pc","Tableware","Agaro",,,955.4435174530113,1199,,5.46367,20.31330129666295,0.04986225048893168,0.06635,0.53791,0.00624,4.26598,933.9624461892311
"2026-03-01","cc180249-6ef7-4fe1-a412-55989547600a",,"BAY6 Premium Imported Borosilicate Glass Mixing Bowl -750 ml - Set of 2","1 pack (2 pcs)","Tableware","BAY6",,,372.85397489595755,899,,14.79936,58.569545483206,0.5368062901244676,0.39606,0.39654,0.45309,0,184.19523914233451
"2026-03-01","be1da3cf-208d-4051-8688-fc9d8cc9b2ce",,"Eha Earth-Friendly Dinner Plate | 11 in | Made With Rice Husk Biocomposite | Set Of 4","1 pack (4 pcs)","Tableware","Eha",,,497.6652221011592,1298,,12.10436,61.753169905797215,0.09573654097770605,0.05834,,,,108.7263992378377
"2026-03-01","7c356671-2514-4f0a-9cc2-f96057faa293",,"Liza Industries Alpine Small | Napkin Holder Box (Colour May Vary)","1 pc","Tableware","Liza",,,101.77333333333333,270,,2.18345,62.306172839506175,0.002648178062081819,0.00141,,,,82.56948798328109
"2026-03-01","7868b481-a4b1-4292-8adb-d6bce3670561",,"Bombay Kookware Stainless Steel Spoon Stand (Only Stand)","1 pc","Tableware","Bombay Kookware",,,99,499,,0.00002,80.16032064128257,0.004894225381403065,0.00177,,,,99
"2026-03-01","2c9875aa-c330-4c32-a8dd-7c3917205ea3",,"Borosil Mixing Bowl Set With Lid (900 ml)| Borosilicate Glass | Microwave Oven Safe","1 pack (2 pcs)","Tableware","Borosil",,,797.1013125816858,1045,,28.58117,23.725108009785053,0.5053979175014875,0.70122,0.2396,0.05256,1.5511,398.3357569928423
"2026-03-01","a87c9515-59bf-404f-b70b-bc7d54c808bc",,"Larah By Borosil Red Carnation 12Pc Dinner Set Opalware Crockery For Dining & Gifting - White","1 pack (12 pcs)","Tableware","Larah by Borosil",,,837.7274410448889,1630,,8.52946,48.619447015529985,0.45451464724861984,0.3925,0.14854,0.08412,0.60022,66.72949435818856
"2026-03-01","c2eaf598-af6d-4ad0-819a-115fdcca1ae6",,"All Time Classic Mixing Bowl Set (6800 ml) (3 Pc Set), Multicolor (Colour May Vary)","1 pack (3 pcs)","Tableware","All  Time",,,119,320,,0.23529,62.8125,0.003138581406911785,0.00212,,,,39.666666666666664
"2026-03-01","9c1aac2e-b214-4fac-bbbc-2ce010856771",,"Stehlen Melamine Kids Boat Bowl - Crazy Frog","1 pc","Tableware","stehlen",,,119,400,,3.97401,70.25,0,0,,,,119
"2026-03-01","e371ac93-ab29-45cd-bb7b-758ce6221710",,"Agaro Elite Glass Bowl With Lid, 3 pcs Set, Borosilicate Glass, Round Shape, 500,800,1600 ml","1 pack (3 pcs)","Tableware","Agaro",,,901.5007036347764,1495,,16.25623,39.792738954273155,0.22156128877410985,0.21878,0.0349,0.03987,0,275.79819613690063
"2026-03-01","75669756-ec48-4a83-930b-5a0927804150",,"Kuber Industries Salt Shaker Box | Stainless Steel Pepper Shaker Box-White","1 pc","Tableware","Kuber Industries",,,109.09179894179896,999,,2.26832,89.0843721924803,0.013717562361583821,0.0025,,,,100.49806283936542
"2026-03-01","a68b0f88-9d58-40d9-803e-3b92aa59aa73",,"Kuber Industries Coaster | Round Drink Coasters | Foam Tea Coasters | 12 Piece Set | Red","1 set (12 pcs)","Tableware","Kuber Industries",,,598.213513402138,5988,,30.38079,90.00979436536176,0.1932238218964551,0.03518,0.00567,0.00648,0,598.1319295727376
"2026-03-01","f1439108-01b6-4293-8014-3661fb2c2978",,"BAY6 Imported Heavy Fruit Bowl - 4000 ml","1 pc","Tableware","BAY6",,,487.6939571150097,1199,,12.53967,59.316741406888994,0.09549035849860141,0.07091,0.05039,0.05758,0,489.130080694968
"2026-03-01","ec563d13-5349-4774-aecf-c8400dccb4b3",,"Eha Earth-Friendly Multipurpose Bowls | 600 ml | Made With Rice Husk Biocomposite | Set Of 6","1 pack (6 pcs)","Tableware","Eha",,,408.26864226024304,1242,,19.59843,67.04479390763582,0.13752969483080546,0.08867,,,,69.94325048788616
"2026-03-01","7092502a-c4ff-46ce-bdf4-2c6eb9a4c45a",,"Cuba Mixing Bowl With Lid | 1000 ml | Set Of 2","1 pack (2 pcs)","Tableware","Roxx",,,204.2184461582069,345,,31.21362,41.20257637251423,0.464054953918942,0.49393,0.73932,0.84475,0,100.59758944555834
"2026-03-01","cf1f8e4d-7bb9-4508-acf2-50907a2f7d6e",,"Oggn Mango Leaf Wooden Tea Coaster With Holder","1 pc","Tableware","OGGN",,,259.4771972213833,999,,2.64142,74.047217204657,0.042230593636687734,0.03664,,,,213.31445657479676
"2026-03-01","d88ce134-ce1e-4d18-939e-6d5125b75652",,"Stehlen Melamine 5 Parition Kids Plate - Maria Mermaid","1 pc","Tableware","stehlen",,,245,810,,2.17435,69.75308641975309,0,0,,,,245.00000000000003
"2026-03-01","3cc7b13c-01d5-43cd-bf46-74703c3756f9",,"Eha Earth-Friendly Small Soup Bowls| 250 ml | Set Of 4 - Assorted","1 set","Tableware","Eha",,,480.98814604056605,751,,75.16444,35.78023740130286,1.443562074715076,1.70013,1.29879,1.13316,2.46015,485.31614372470585
"2026-03-01","23183630-e679-41fd-93f2-18b953f00043",,"Cello Opalware Dazzle Series Tropical Lagoon Dinner Set - White | M|| Set Of 5","1 set  (5 pcs)","Tableware","Cello",,,589.5661916308017,764.5887962037035,,40.17077,22.901125000484978,0.27090076929745277,0.37525,1.16978,1.19985,0.95896,118.36457230075635
"2026-03-01","35101f64-921e-44b9-9b06-1ff51e6594e6",,"Proclean Maggie and Soup Bowl","1 set","Tableware","Pro Clean",,,97.61380159670408,299,,36.07797,67.99762060032212,0.4127067812951755,0.25304,1.03015,1.02524,1.06459,93.60445637496318
"2026-03-01","fa63c705-64f9-481a-9d90-06b10b9e5ee3",,"Cello Imperial Aqua Leaves Dinner Plate 11Inch Full Plate Set Of 6 Opal Glass White","1 pack (6 pcs)","Tableware","Cello",,,773.8709024767892,899,,38.54705,13.801042023781324,0.3064952248719014,0.47732,0.09596,0.09047,0.13446,125.29101542388126
"2026-03-01","2330edde-3ad7-4a34-8ef4-7ecb32465cfa",,"Mad Over Print Marble Coaster (Set Of 6)","1 pack (6 pcs)","Tableware","Mad Over Print",,,166.4200130273815,599,,25.68061,71.43643115147236,0.42118193190052694,0.24824,0.01274,0.01456,0,32.62528907758137
"2026-03-01","7714000a-2af2-4d31-9db1-c1f388b1c940",,"Pure Cotton Multicolor Sparrows Digitally Printed Table Place Mats","2 pcs","Tableware","hosta homes",,,388.44979275236216,799,,27.42059,51.418095773714086,0.07664219634340648,0.06945,0.00094,0.00108,0,381.1076341012112
"2026-03-01","87fb10d8-77af-4c56-92c6-206f96888320",,"Hazel Stainless Steel Sweet Dish Plates, Each, Set Of 6, For Dessert Serving","1 set  (6 pcs)","Tableware","Hazel",,,123.1549019607843,449,,1.53709,72.57129132276518,0.004403822036573099,0.00259,,,,124.16179211469534
"2026-03-01","a5702d08-0d93-466a-bff6-20978f25ed1b",,"Hosta Homes Pure Cotton Multicolor Elephant Digitally Printed Table Place Mats | Pack of 2","1 pack (2 pcs)","Tableware","hosta homes",,,384.92179415503256,799,,14.04607,51.825028457318176,0.05760179607703819,0.05422,,,,176.66834051787708
"2026-03-01","b26d78af-5525-41b3-a252-b09a1afb00d4",,"Larah By Borosil Opalware 11"" Inch Full Plate 6 Pcs Set, White Crockery Set For Daily Use & Gifting, Pack of 1 (6 pieces)","1 pack (6 pcs)","Tableware","Larah by Borosil",,,573.7949468085106,810,,3.11808,29.185434867260987,0.06705186853191165,0.08344,,,,94.37274536166063
"2026-03-01","3fdc8934-06ca-47a8-8fe8-6e688a0eff22",,"Cello Dazzle Bamboo Grove Dinner Plate Opal Glass - White","1 set (6 pcs)","Tableware","Cello",,,490.7158549573622,799,,14.79797,37.854552294579605,0.2597843062768471,0.34315,0.09259,0.07544,0.21283,551.6633028598213
"2026-03-01","6682e4ec-3b4d-4c83-a88c-be27bfa8102d",,"Stehlen Melamine Kids Toast Plate -Wild Jungle","1 pc","Tableware","stehlen",,,245,810,,0.46363,69.75308641975309,0.007944534186245458,0.00437,,,,245.00000000000003
"2026-03-01","92e1fd02-c227-4f93-b1cc-a549d31ad1af",,"Sanjeev Kapoor Kingston High Borosilicate Mixing Bowl -Bluelid 1 L - Set Of 1 Pcs","1 pc","Tableware","Sanjeev Kapoor",,,331.4064973478464,895,,26.72416,63.07456508136356,0.15107267360162982,0.09564,0.02878,0.03288,0,312.39670409890033
"2026-03-01","7da563b5-fb68-4541-8336-08518eb6dfc9",,"Jensons Stainless Steel Deep Mixing Bowl 18 cm","1 pc","Tableware","Jensons",,,72.81403551560273,120,,56.11218,36.58777638708647,2.3302319191081375,2.69905,2.9518,3.37277,0,76.22391750098734
"2026-03-01","ba05ea0a-decf-486b-8387-cca2b58cdd31",,"Larah By Borosil Ageria 13Pc Dinner Set Opalware Crockery For Dining & Gifting - White","1 pack (13 pcs)","Tableware","Larah by Borosil",,,925.828498714595,1895,,15.11915,50.43193698334944,0.9951088128085542,1.02242,0.18456,0.09379,0.82102,78.27634010988251
"2026-03-01","09dc0264-9533-4f56-9502-1014f741d983",,"La Opala Diva Classique Dinner Set | Opal Glass Crockery for Dining | 6 Pcs - Grace Blue","1 pack (6 pcs)","Tableware","La opala",,,489,850,,2.99473,42.470588235294116,0.02501057058632829,0.02619,,,,81.5
"2026-03-01","44570a6b-ce89-427e-93f2-06868ed4d72f",,"Glimpse Homes Amber Sunflower Cotton Slub Napkins | Set of 4","1 set (4 pcs)","Tableware","glimpse homes",,,809.0068209764066,1399,,62.47667,42.198920754311445,0.0746442931165692,0.08566,0.03114,0.03558,0,750.3921003554166
"2026-03-01","7a6ecbd7-e1ee-4092-b48e-2b8bd4e98e09",,"Cello Kidzbee Quadmeal Cosmic Explorer Melamine Meal Set for Kids | Set of 3, Navy Blue","1 set  (3 pcs)","Tableware","Cello",,,225.9776674533873,379,,42.98437,39.443187485810185,0.18263110964812782,0.24453,0.07589,0.08653,0.0013,253.59285157751097
"2026-03-01","34885e29-fafc-45c8-9c91-95f8e5294d3b",,"Nestasia Leaf Platter","1 set","Tableware","Nestasia",,,1548.7006123957344,3265,,4.99985,52.566552351190836,0.2561867073391745,0.22358,,,,1562.065032853258
"2026-03-01","7ee0e9b2-7152-4cb5-88e7-dfd59813cfb2",,"Larah By Borosil Green Herbs 21Pc Dinner Set Opalware Crockery For Dining & Gifting - White","1 set  (21 pcs)","Tableware","Larah by Borosil",,,,,,0,,0,0,,,,
"2026-03-01","c80d6f85-c2e9-47d0-a8c5-b45bd00e281b",,"Urban Chef Listra Ceramic Bowl - Sea Green 2 Pcs | Set of 2 - 550 Each","1 pack (2 pcs)","Tableware","Urban Chef",,,209.38759689922483,995,,1.61357,78.9560204121382,0.009759026562116331,0.00534,,,,147.6420765027322
"2026-03-01","865eb148-d572-43b9-a09a-46e83ce8de83",,"Hosta Homes Pure Cotton Geometric Pattern Digitally White& Brown Printed Table Place Mats Pack of 1","1 pc","Tableware","hosta homes",,,212.83333333333334,599,,2.87348,64.46855870895938,0.005875032071062998,0.00332,0.02418,0,0.19374,188.2223926380368
"2026-03-01","cd0002cd-e92f-4798-b636-c179a2ca5b1f",,"BAY6 Traditional Stainless Steel Thali- 9 Inch - (4pc)","1 pack (4 pcs)","Tableware","BAY6",,,323.78372935255464,997.1431518552035,,54.60248,69.06845836438586,2.0260474747970756,1.07006,0.71689,0.81913,0,72.64589378960702
"2026-03-01","4cc10823-bbbc-47bf-99a4-0683473eb5a8",,"Oggn Mango Wooden Tea Coaster So4","1 pack (4 pcs)","Tableware","OGGN",,,108.62710084033613,499,,0.70266,78.23104191576431,0.005774989788717684,0.00213,,,,23.776665721267126
"2026-03-01","b17eea75-b36c-42db-8a98-1383d9f5a68a",,"Eha Earth Friendly 3 Partition Plates | Set Of 2 | Made With Rice Husk Biocomposite | Sand Castle","1 pack (2 pcs)","Tableware","Eha",,,340.73735238926093,1050,,23.47913,67.40779654834415,0.2132813187000007,0.15503,0.36701,0.19714,1.55815,192.1185920160177
"2026-03-01","b6c44151-6cba-4e2d-80bb-99c4fd155205",,"Cello Kidzbee Trioplate Cosmic Explorer Melamine Meal Set for Kids | Set of 3, Navy Blue","1 set  (3 pcs)","Tableware","Cello",,,248.56081496498354,449,,57.83051,44.377605600772334,0.24450137643856604,0.30842,0.39323,0.38249,0.46857,267.292404592929
"2026-03-01","3177000c-796b-4a08-8499-2865ac3716d2",,"BAY6 Steel Traditional Halwa Plate Set - 5.5 Inch - (4pc)","1 pack (4 pcs)","Tableware","BAY6",,,158.12644322797385,649,,10.20976,75.36372107989922,0.3278199239184877,0.17367,0.04298,0.04911,0,44.49369622220816
"2026-03-01","05271b70-4106-4959-b07a-73f8c523e80f",,"Anjali S.S Cutlery Stand Round","1 pc","Tableware","Anjali",,,119.85764927660047,200,,24.74015,40.38191323356819,0.1171279348791892,0.12134,0.08419,0.0962,0,117.35563246626836
"2026-03-01","e36cd92b-b89f-498d-9859-b60ecbad8fe2",,"Pure Cotton Multicolor Elephant Digitally Printed Table Place Mats","1 pc","Tableware","hosta homes",,,249.01291757867168,599,,21.23746,58.42856133911992,0.03284231200326285,0.02485,0.01736,0.00011,0.13833,249.17775251735628
"2026-03-01","74264e07-7597-4182-b94e-bdc6a185f3be",,"Natural Jute Frilly Pattern Reversible Table Place Mats | Beige","2 pcs","Tableware","hosta homes",,,439.0171232876712,799,,13.91158,45.054206271352705,0.052506505324254854,0.05251,,,,439.0004552573114
"2026-03-01","a545ac02-c5a4-4da5-b051-964a16a6f79c",,"Nestasia Chip And Dip Nitori Snack Plate","1 pc","Tableware","Nestasia",,,465.48895405669606,760,,8.75109,38.75145341359262,0.007454130841415491,0.00962,1.00905,1.15296,0,526.5336847689144
"2026-03-01","6cc24e88-7320-46ff-8b66-9cf70478b868",,"SignoraWare Mixing Borosilicate Glass Bowl Set Of 3 With Lids, 500Ml+1000Ml+1500Ml, 1220Clear","1 pack (3 pcs)","Tableware","Signoraware",,,929.521596790137,1399,,82.79903,34.26227784180916,2.3288175958616475,2.64974,1.13101,1.29231,0,297.19097215293533
"2026-03-01","edc183ca-5c7c-4a95-9891-d61f3f4d037f",,"Eha Earth Friendly Multipurpose Bowls | 600 ml, 2 pcs, Tortilla | Made with Rice Husk Biocomposite","1 pack (2 pcs)","Tableware","Eha",,,311.6772457384659,438,,36.31668,29.56343289039025,1.4798607494927,1.88556,2.29051,2.08522,3.72997,153.6703750049216
"2026-03-01","36ab447d-f705-4fef-b207-692e14631710",,"Cello Kidzbee Pentameal Cosmic Explorer Melamine Meal Set for Kids |Set of 3, Navy Blue","1 pack (3 pcs)","Tableware","Cello",,,284.1751243346649,499,,72.60661,41.65422620723166,0.31078625413916366,0.4281,1.19259,1.29093,0.50302,109.97685904224525
"2026-03-01","f0bee70f-61ef-4fd5-bba1-9277a99581d3",,"La Opala Novo Coffee Time Set of 6 | Opal Glass Coffee Mugs & Bowls for Gifting - Rose Garden","1 pack (6 pcs)","Tableware","La opala",,,215.40208333333334,475,,1.15685,54.652192982456135,0.018635327103538723,0.02082,,,,36.76779356876256
"2026-03-01","de8f86db-21b6-4a0f-a64a-d53dfe6ba7c8",,"La Opala Diva Classique Dinner Set | Opal Glass Crockery for Dining | 13 Pcs - Aster Pink","1 pack (13 pcs)","Tableware","La opala",,,1018.3617225165337,1895,,27.3376,46.25666324300071,0.24385306321670083,0.24503,0.02192,0.02504,0,79.92067820199642
"2026-03-01","dee22fa5-c80d-45d4-9777-c039ce9be320",,"Luminarc Diwali Dessert Plate 21Cm Temp","1 pack (4 pcs)","Tableware","Luminarc",,,285.202020064235,625,,16.36428,54.39115352733306,0.18929765271774637,0.1879,0.02204,0.02519,0,73.91666223745031
"2026-03-01","0f560d0c-84cf-4df1-973d-78d01137d4fb",,"Varmora Plastic Mixing Bowl- Transperent- Set of 4 (Colour May Vary)","1 pack (4 pcs)","Tableware","Varmora",,,286.012441012441,549,,3.56581,47.90301620902713,0.010769257452466064,0.01175,,,,85.80186018069199
"2026-03-01","66c725b8-9487-4481-9d15-e311571e86b8",,"Larah By Borosil Ageria 21Pc Dinner Set Opalware Crockery For Dining & Gifting - White","1 pack (21 pcs)","Tableware","Larah by Borosil",,,1286.1058823529413,3095,,0.28318,58.43256111792022,0.10108586066311133,0.08097,,,,60.30336894780133
"2026-03-01","9019da9f-ca80-4e75-a56d-29a8bf5c36f3",,"Cello Kidzbee Cereal Bowl Bamboo Buddies Melamine Bowl Set for Kids Set of 3, Peach","1 pack (3 pcs)","Tableware","Cello",,,172.404920156735,239,,73.24334,27.567246970060953,0.2364773969104581,0.3194,1.9465,2.21755,0.0459,58.7678811009275
"2026-03-01","a04d6c57-4ee1-41c7-ae94-d5f0f291d0c5",,"BAY6 Steel Thali 12 Inch - (4pc)","1 pack (4 pcs)","Tableware","BAY6",,,369.264857087702,1484.9594047,,13.9129,75.0457661870798,0.30904336065163795,0.17584,,,,92.86676848760115
"2026-03-01","7ab2c26f-b23c-446d-ad19-5dd4ba071f28",,"Le Creuset Ramekin in Wall -Deep Teal","1 pack (6 pcs)","Tableware","Le Creuset",,,940.496351766513,1400,,13.77445,32.82168915953478,0.00686564682761953,0.01026,,,,188.66880722941826
"2026-03-01","d7658dd3-2c5f-4f44-b99a-1c43a992ce6b",,"Jensons Microwafe Safe Bowl Set Of 3 | Assorted","1 pack (3 pcs)","Tableware","Jensons",,,291.71386691706556,799,,59.3195,63.521291641995425,4.023302388412493,2.66858,3.66035,4.18237,0,97.14232047693281
"2026-03-01","56f3e28f-c628-496b-b072-f6290e57e8af",,"Princeware New Coral Mixing Bowl 1360 ml | 199 x 162 x 76 Mm- Yellow","1 pc","Tableware","Princeware",,,11.5,78,,0.16257,85.25641025641026,0.0007650292179347477,0.00052,,,,13.936708860759497
"2026-03-01","70db3370-4ecd-4939-a134-0836244456d4",,"Signoraware Stack Thali Set | Set of 3 | White | Dinner Plate Set, Serving Plate","1 pack (3 pcs)","Tableware","Signoraware",,,416.8447264434447,599,,27.94568,30.444025464254043,0.12472820591736401,0.16714,0.42462,0.47155,0.09556,143.09561971739782
"2026-03-01","20c402ca-3c0d-4e1e-8957-8bc41059f95e",,"Stehlen Melamine Kids Boat Bowl -Happy Dino","1 pc","Tableware","stehlen",,,119,400,,0.00361,70.25,0.003923226758639731,0.00212,,,,119
"2026-03-01","114a6aa9-ebee-4a1b-bc51-23932c7adad8",,"Eha Earth-Friendly Small Soup Bowls Without Spoons | 300 ml | Set Of 4 | Multi-Light","1 pack (4 pcs)","Tableware","Eha",,,264.1309523809524,699,,3.2804,62.2130254104503,0.014259948460965767,0.00925,,,,62.32161854531522
"2026-03-01","8f2a5bcb-3ca8-4213-8cb9-983852c33a80",,"Le Creuset Van Pasta Bowl 22 MM-Deep Teal","1 pc","Tableware","Le Creuset",,,1709,2150,,15.58418,20.511627906976745,0.057568448649589765,0.08329,,,,1709
"2026-03-01","f1af8355-c7dc-4aa5-9d8a-4c4812098331",,"Larah By Borosil Green Herbs 19Pc Dinner Set Opalware Crockery For Dining & Gifting - White","1 pack (19 pcs)","Tableware","Larah by Borosil",,,1607.7718446601941,2695,,11.24453,40.37534926347319,0.3898834096267889,0.41701,0.96297,0.56981,3.71984,83.41461471119138
"2026-03-01","524e46cb-25b6-4702-8840-a4e22ba02186",,"Nestasia Dessert Serving Glass Set Of 6 300 ml","1 pack (6 pcs)","Tableware","Nestasia",,,1530,3945,,4.67385,61.21673003802282,0.005803433182717824,0.0041,,,,254.99999999999997
"2026-03-01","b2d9152c-ae85-4c80-9f5e-7095b70d8c83",,"La Opala Diva Classique Dinner Set | Opal Glass Crockery for Dining | 13 Pcs - Blue Mystique","1 pack (13 pcs)","Tableware","La opala",,,,,,0,,0,0,,,,
"2026-03-01","c60ba3db-d00f-4a1a-a220-5a32c8209bd8",,"Jensons Stainless Steel Deep Mixing Bowl 24 cm","1 pc","Tableware","Jensons",,,108.38095238095238,215,,33.5315,51.906587303069976,0.2307622363298097,0.19896,0.97649,1.11575,0,101.85005395576478
"2026-03-01","673ad925-3b18-46f8-b58c-083943c121ad",,"Urban Chef Microwave Safe Flora Bowl - 3 Pcs | | 500 ml + 750 ml + 1250 ml - Blue","1 pack (3 pcs)","Tableware","Urban Chef",,,214.27777777777774,1395,,0.00021,84.63958582238152,0.013682253320756064,0.00355,,,,66.37679785048205
"2026-03-01","518baf8e-fc58-4ffe-a3c2-57c5bc16632c",,"Princeware Serving Bowl Set of 3 | 650 ml+2000 ml With Serving Spoon- Orange","1 pack (3 pcs)","Tableware","Princeware",,,73.21052631578948,249,,1.2514,70.59818220249419,0.0036633129858798497,0.00167,,,,20.951344430217667
"2026-03-01","d1a60670-26bf-4296-b5c8-ba626a441f75",,"All Time Treats Plate | Set Of 6 (Colour May Vary)","1 pack (6 pcs)","Tableware","All  Time",,,162.17499078787702,275,,9.91038,40.91092901645584,0.40496037006024144,0.43705,0.00361,0.00289,0.00863,27.21148581732788
"2026-03-01","ada0cf13-c6a4-4295-982f-f090d78ad445",,"Cello Opalware Royale Pine Mixing Bowl Set with Lid (500ml, 1000ml,1500ml) Set of 3","1 pack (3 pcs)","Tableware","Cello",,,564.3079365079366,1049,,1.1634,46.205153812398805,0.03498145139341117,0.03993,,,,199.14063432225095
"2026-03-01","d1fc34e3-a38a-40e5-86af-2c8c55b43e94",,"Borosil Mixing Bowl Set With Lid (500 ml) | Borosilicate Glass | Microwave Oven Safe","1 pack (2 pcs)","Tableware","Borosil",,,629.8498215370876,915,,33.90688,31.170292600860037,0.38571988522918255,0.48049,0.58877,0.09434,4.05568,313.1929597920072
"2026-03-01","b9c693e1-fec6-4663-83f1-67734dfb91d0",,"Eha Earth Friendly Frosty Mixing Bowl | Made With Rice Husk And Bamboo Fibers|Set Of 2|Sand-Azure","1 set (2 pcs)","Tableware","Eha",,,349.49973100954,952,,9.21416,63.30111067167973,0.0946802121729423,0.06192,0.05784,0.06069,0.03785,307.2184941424564
"2026-03-01","8e0f49e6-0831-4a30-837d-fb829dac2c29",,"Larah By Borosil Opalware Mixing Bowl 6 Pcs Set With Lid (500Ml X 1 + 750Ml X 1 + 1000Ml X 1), White","1 set  (6 pcs)","Tableware","Larah by Borosil",,,625.8100362088848,840,,46.30269,25.5967102779303,0.6384227672066849,0.86214,0.68169,0.65038,0.90124,103.52443589045347
"2026-03-01","7e44b8bd-e771-42ac-8434-f2e8a0be7f89",,"Le Creuset Van Serve Bowl 12 Azure Blue","1 pc","Tableware","Le Creuset",,,1449,1800,,25.97251,19.5,0.023480512150458797,0.0344,0.00936,0.0107,0,1449
"2026-03-01","280eb47c-4d6a-4570-8b79-d2cc48e293d3",,"La Opala Diva Classique Quarter Plate | Opal Glass Side Plate for Dining |Set of 6 - Blue Mystique","1 pack (6 pcs)","Tableware","La opala",,,405.5075312675998,570,,33.73373,28.837900931213394,0.8430621981640919,1.09299,0.89793,1.02599,0,67.64357311053246
"2026-03-01","b7be14a2-ba67-4522-9f3b-83842aaed771",,"Cello Kidzbee Quadmeal Bamboo Buddies Melamine Meal Set for Kids | Set of 5, Peach","1 set  (5 pcs)","Tableware","Cello",,,375.649491856837,629,,33.23332,40.27917549996146,0.19291486778921216,0.26486,0.0901,0.10133,0.01138,393.08581937125007
"2026-03-01","b25ae62e-5334-4e48-a98b-7145c625bf08",,"URGO Premium Red Party Cups / Disposable Glass (480ml) Combo","1 pc X 3","Tableware","Urgo",,,296.83892617449663,597,,4.18681,50.27823682169235,0,0,,,,296.83892617449663
"2026-03-01","8f498cbe-c87f-4505-9e8a-24bd798974b7",,"Borosil Stackable Bowl Set (377 ml)| Borosilicate Glass | Microwave & Dishwasher Safe","1 pack (6 pcs)","Tableware","Borosil",,,372.0253164556962,545,,4.87371,31.738474044826386,0.03538750536293038,0.04453,0.10005,0.03725,0.54042,62.78462026463658
"2026-03-01","98d6dc1c-227d-4ebe-817e-36f5b6ff0049",,"All Time Classic Mixing Bowl 16.5 |1300 ml (Colour May Vary)","1 pc","Tableware","All  Time",,,29,85,,0.16751,65.88235294117646,0.001667371372421886,0.00104,,,,28.999999999999996
"2026-03-01","77ed5985-ad3e-4fc5-b07f-4816e4f700a5",,"Mad Over Print But First Coffee Coaster (Pack Of 6)","1 pack (6 pcs)","Tableware","Mad Over Print",,,130.58583760692298,599,,21.44754,77.95316227811142,0.17067115287441462,0.0902,0.01069,0.01221,0,22.81700789423676
"2026-03-01","254d7d1e-58ac-412e-9227-499aa40204d4",,"Stehlen Melamine 5 Pcs Dona Feeding Kids Set - Dinosaur","1 set","Tableware","stehlen",,,439,1499,,29.99194,70.71380920613743,0.05145802297300839,0.02743,,,,87.79999999999998
"2026-03-01","38875079-0bd7-4b03-a8d2-f70d331f6888",,"Borosil Mixing Bowl Set (750 ml + 1 L + 1.5 L)","1 pack (3 pcs)","Tableware","Borosil",,,1038.645322221439,1295,,35.47206,19.779651752465682,0.9750895674659051,1.42129,0.55968,0.16753,3.30946,346.9218198773451
"2026-03-01","76b9cfda-e83c-41e0-8571-e70a9cf1b846",,"La Opala Diva Classique Serving Bowl | Opal Glass Crockery Bowl for Serving - Grace Blue","1 pc","Tableware","La opala",,,182.06635802469134,350,,1.26036,47.9810405643739,0.010298470241429297,0.01012,,,,179.62587042082953
"2026-03-01","d2bde246-7f74-401a-a962-f724885b2a8b",,"Frenchware Stainless Steel Cutlery Set of 12 - 6 Spoons, 6 Forks, Rust-free, Perfect for Gifting","1 set","Tableware","Frenchware",,,365.78800425381075,800.0679942580645,,22.12877,54.31475491092359,0.413556159888421,0.33441,0.01162,0.01328,0,365.4932173353145
"2026-03-01","9cdf273b-501b-43a5-ba2a-bb3b73d3c774",,"Cello Kidzbee Trioplate Bamboo Buddies Melamine Meal Set for Kids Set of 3, Peach","1 set  (3 pcs)","Tableware","Cello",,,268.7881688356482,449,,45.18936,37.461078420439456,0.2955837504494347,0.43367,0.69517,0.78309,0.07869,315.75074048555643
"2026-03-01","389fac85-5198-49f5-8f92-de417410e1e1",,"Trovea's Leaf Charm Bowl - Set Of 2","1 pack (2 pcs)","Tableware","Troveas",,,2919,4400,,0.29568,33.65909090909091,0.04315549434503705,0.05211,,,,1459.5
"2026-03-01","9373b35e-e830-49f2-a375-5c240d094d2e",,"Ganesh Camellia Tea Coaster Set For Dining Table For Hot Pots - Coasters For Cups Set Of 6","1 pack (6 pcs)","Tableware","ganesh kitchenware",,,65.72222222222221,153,,0.98078,57.04429920116195,0.0015006342351796976,0.00212,,,,11.078410689170182
"2026-03-01","735690d1-b7ac-49af-80ea-d49712d44c75",,"Hosta HomesCotton Geometric Pattern Digitally White & Brown Printed Table Place Mats | Pack of 2","1 pack (2 pcs)","Tableware","hosta homes",,,439.02492211838006,799,,14.3805,45.05320123674843,0.008307432661419633,0.00831,0.0014,0.0016,0,219.50140203294777
"2026-03-01","947d4ae0-98c6-44e1-bfca-e84926ec6951",,"Yera Alpine Glass Bowl Set - 195 ml (Each) 6 pcs","1 set (6 pcs)","Tableware","Yera Glassware",,,111.92222222222223,280,,0.94756,60.027777777777764,0.010985034924191249,0.00871,,,,18.62134782608696
"2026-03-01","950911b3-8750-481d-b671-8f6473809586",,"La Opala Diva Classique Veg Bowl Set of 6 | Opal Glass Bowl for Dining & Gifting - White","1 set (6 pcs)","Tableware","La opala",,,227.27586206896552,450,,0.00255,49.49425287356322,0.0014564979341450005,0.00176,,,,47.86921624173748
"2026-03-01","109317e5-0649-434c-b7bd-5fb1aee92768",,"Cello Ornella Toughened Glass Mixing Bowl 1000ml","1 pc","Tableware","Cello",,,215.43308660219517,249.2125730731707,,36.48687,13.054746721191437,0.7570591827745711,1.19986,2.4692,2.82134,0,216.80674583214758
"2026-03-01","14f47bff-9f32-4b27-8c32-19b12a009c75",,"Eha Earth-Friendly Multipurpose Bowls | 600 ml | Made With Rice Husk Biocomposite | Set Of 4","1 pack (4 pcs)","Tableware","Eha",,,360,847,,3.98229,57.497048406139314,0.0014123616331103035,0.00109,,,,90
"2026-03-01","e3637076-2895-40c5-b650-b16af74930c6",,"Stehlen Melamine 5 Parition Kids Plate - Blue Unicorn","1 pc","Tableware","stehlen",,,245,810,,0.00343,69.75308641975309,0,0,,,,245.00000000000003
"2026-03-01","9d1fdc12-c375-45d1-a5ed-7a206e932ef5",,"BlackCarrot Fifty Fifty Snack Plates Set of 2 (Black & White, AnimaL Bone Ash Free Stoneware)","1 pack (2 pcs)","Tableware","BLACKCARROT",,,520.8714859437752,1539,,26.39212,66.15519909397172,0.015094614953866367,0.00802,,,,226.34001645075057
"2026-03-01","d3b94861-3794-4d25-8421-e88d9dedff6c",,"Empty Cutlery Holder | Brown","1 pc","Tableware","Bombay Kookware",,,141.16693641241866,350,,65.43365,59.84676121120462,1.306326621891168,0.94976,0.39808,0.19482,1.82335,140.06818752865655
"2026-03-01","10b52c54-308b-4cf3-b782-0d8854f34cfd",,"Larah By Borosil Red Carnation 19Pc Dinner Set Opalware Crockery For Dining & Gifting - White","1 pack (19 pcs)","Tableware","Larah by Borosil",,,1297.796352612991,2695,,7.73376,51.84680400461875,0.26353589186479637,0.29573,0.31208,0.18743,1.18614,66.0979640135926
"2026-03-01","9cff0500-300b-411b-936e-e7d6fb8f55f5",,"Eha Earth Friendly Serving Bowls | Made With Rice Husk And Bamboo Fibers | Set Of 2|Pink And Green","1 set (2 pcs)","Tableware","Eha",,,629.1397495450867,1473,,11.33096,57.30206630315869,0.1294478477080076,0.10193,,,,626.6502793131095
"2026-03-01","99f96168-5d54-46d9-af15-c82270e98867",,"Eha Earth Friendly Serving Bowls | Made With Rice Husk And Bamboo Fibers|Set Of 2|Innocent-Celeste","1 set (2 pcs)","Tableware","Eha",,,630.820948419254,1785,,19.59571,64.7658273285527,0.4191271418856895,0.27269,0.0409,0.02345,0.16319,609.7688352345104
"2026-03-01","146872ec-3024-4ee9-9cda-970e4408b5c6",,"Kuber Industries Salt Shaker Box | Stainless Steel Pepper Shaker Box-Gray","1 pc","Tableware","Kuber Industries",,,100,999,,0.06723,89.98998998999,0.00979825882970273,0.00179,,,,100
"2026-03-01","cf520cfa-5906-4668-ab9a-713c70958851",,"Eha Earth Friendly Kids Bowls For Food | Made With Rice Husk Biocomposite| Set Of 4 | Multicolor","1 pack (4 pcs)","Tableware","Eha",,,330.45585317460313,815,,6.24733,59.50614097223056,0.03996787260364226,0.03472,,,,90.44101424663518
"2026-03-01","cbdc605b-5188-4943-9563-e0bd27c9b47e",,"Borosil Stackable Bowl Set (237 ml)| Borosilicate Glass | Microwave & Dishwasher Safe","1 pack (6 pcs)","Tableware","Borosil",,,321.89664681642296,515,,6.56177,37.35339549785481,0.0555626989692352,0.06329,,,,55.42376432787266
"2026-03-01","711dce3b-676b-45c0-b2b0-c8a29c0bbe57",,"Signoraware Bake N Serve Deep Rectangular Dish | 550 ml | Clear | Baking Dish, Glass Bakeware","1 pc","Tableware","Signoraware",,,348.98096859871555,440,,64.70678,20.686507797640107,0.45075913843391197,0.65077,0.46047,0.52614,0,348.97902832814253
"2026-03-01","3c501d7d-110d-4795-834f-401d48cb57f6",,"Roxx Square Dish 1L","1 pc","Tableware","Roxx",,,189,325,,0.00101,41.84615384615385,0,0,,,,189
"2026-03-01","b5f22e25-27fd-4df0-a29d-ab978edfa545",,"Cello Opalware Dazzle Series Lush Fiesta Dinner | Microwave & Dishwasher Safe | Set Of 13, White","1 pack (13 pcs)","Tableware","Cello",,,802.5916666666666,1599,,2.215,49.806649989576826,0,0,,,,61.73782051282052
"2026-03-01","984454ab-661b-4c4d-a8f3-51137d45cf85",,"La Opala Diva Classique Dinner Plate | Opal Glass Full Plate for Dining | Set of 6 - Grace Blue","1 pack (6 pcs)","Tableware","La opala",,,428.88095238095235,870,,2.47655,50.70333880678709,0.059731127400289914,0.057,,,,68.58624763152353
"2026-03-01","bfa506ce-3847-48ce-aa30-ccc80798ca10",,"Le Creuset Coupe Pasta Bowl 22 Sea Salt","1 pc","Tableware","Le Creuset",,,1969,2500,,36.32801,21.24,0.031631015741532834,0.04534,,,,1969.0000000000002
"2026-03-01","8cde9c43-c1b6-44de-adaf-52a4e6ebaf78",,"La Opala Diva Classique Quarter Plate | Opal Glass Side Plate for Dining |Set of 6 - Grace Blue","1 set  (6 pcs)","Tableware","La opala",,,289.85714285714283,570,,0.00031,49.147869674185465,0.011181196262123235,0.01446,,,,339.6934497816594
"2026-03-01","9e0ccbde-1769-49aa-ab3e-f57114ee8e50",,"Larah By Borosil Opalware 4.2"" Inch (210Ml) 6 Pc Veg Bowl Set, Crockery Set For Daily Use & Gifting","1 pack (6 pcs)","Tableware","Larah by Borosil",,,298.12375677208564,385,,60.21258,22.506847809329393,1.9933895544514684,2.81742,1.6121,1.80403,0.26624,49.73274705417547
"2026-03-01","c25358ca-c97b-4fa7-a6e2-9f1b411951b8",,"Birch & Co. Coaster | Mandala Coaster Set of 6 with Holder","1 set","Tableware","Birch & Co.",,,350.9241640895917,799,,28.50966,56.03746465665899,0.29646255324337,0.22919,0.0413,0.04719,0,345.0260070137112
"2026-03-01","18044cf5-a7f2-45af-a1b1-4ef6548e6f49",,"Petals Wooden Pepper Spice Miller Salt and Spice Grinder | 17 Cm/6.5 Inch","1 pc","Tableware","Petals",,,237.38333333333335,499,,3.2469,52.38416172832317,0.013067287526339285,0.01396,,,,233.5545654326354
"2026-03-01","537cdf71-0092-4086-9465-f8af86e638c6",,"Roxx Square Dish | 500 ml | Borosilicate Glass | Microwave & Oven Safe | Thermal Shock Resistant","1 pc","Tableware","Roxx",,,111,275,,0.7075,59.63636363636363,0.0026972183965648156,0.00177,,,,99.62283737024221
"2026-03-01","e340dba2-74ec-4995-b160-3be96fde7946",,"Trisara Stainless Steel Dinner Set 6-Pcs. (1 Plate, 1 Snack/Rice Plate, 2 Bowls, 1 Glass & 1 Spoon)","1 set  (6 pcs)","Tableware","Trisara",,,544.5128205128206,660,,2.12162,17.494588744588743,0.10357318642808892,0.15592,,,,542.7687687687687
"2026-03-01","cc0c2ee0-1822-40fa-ad63-a8868a861ec1",,"Oggn Mixwood Bowl 8 Inch","1 pc","Tableware","OGGN",,,,,,0,,0,0,,,,
"2026-03-01","55b4c142-3aaf-422c-b5b0-aae850028aec",,"Fruit Fork","1 pack (50 pcs)","Tableware","Se7en",,,28.112921451785105,59,,22.8065,55.88865798806546,0.07360267641215033,0.07495,0.03201,0.03638,0.00136,0.46827110926300514
"2026-03-01","17114a99-2f6f-4c7e-b618-04fbeab6deca",,"Cello Kidzbee Cone Bowl Bamboo Buddies Melamine Bowl Set for Kids Set of 3, Peach","1 pack (3 pcs)","Tableware","Cello",,,179.95622596846619,229,,6.3974,21.515154562450995,0.01693558911035806,0.02242,,,,55.91295712233015
"2026-03-01","a87d0581-2eee-4175-94e7-facc3941103e",,"Eha Earth Friendly Small Soup Bowls & Spoons | 250 ml, 2 pcs, Fern | Rice Husk Biocomposite","1 pack (2 pcs)","Tableware","Eha",,,244.38674809062985,531,,30.97382,54.31805374489191,0.7991818876753962,0.64088,0.52938,0.29043,2.20489,118.3021586527486
"2026-03-01","c2eb0209-b7ee-4361-a9a4-3bc2d18dd016",,"Eha Earth-Friendly Multipurpose Bowls | 600 ml | Made With Rice Husk Biocomposite | Set Of 2","1 set  (2 pcs)","Tableware","Eha",,,319.0171713707114,593,,48.95821,46.199412957113516,0.22555121038764647,0.22136,0.12756,0.09512,0.35502,159.53723870340937
"2026-03-01","327f42ee-7d67-494a-a5e9-4e47ac57d182",,"Borosil Mixing Bowl Set (500 ml + 1.3 L)| Borosilicate Glass | Microwave & Dishwasher Safe","1 pack (2 pcs)","Tableware","Borosil",,,700.3445237809306,865,,19.52889,19.032645002962695,0.2027680517935359,0.29873,0.10029,0.02322,0.64073,350.4357417201929
"2026-03-01","fc898028-594d-4900-89dd-04b94277fd50",,"Yera Glass Vega Bowl Set 160 ml (Each) 6 pcs","1 set (6 pcs)","Tableware","Yera Glassware",,,,,,0,,0,0,,,,
"2026-03-01","de1fdffb-b1b6-460d-a482-7444d4a9fbfc",,"La Opala Diva Classique Dinner Set | Opal Glass Crockery for Dining | 13 Pcs - Grace Blue","1 pack (13 pcs)","Tableware","La opala",,,1039.1709090909092,1895,,6.28842,45.162517685748156,0.1561248088600681,0.15581,,,,79.92316720048782
"2026-03-01","f22a049c-b16e-48c7-b638-a847f56a43ec",,"BlackCarrot Blue Check Snack Bowl Set of 2(Blue & White, AnimaL Bone Ash Free Stoneware)","1 set (2 pcs)","Tableware","BLACKCARROT",,,643.258064516129,2499,,5.84016,74.25938117182356,0.024510359174601724,0.01516,,,,698.3167259786477
"2026-03-01","9afb3ea0-139f-4702-b456-138f9f681648",,"BlackCarrot Splash Serving Bowl(Black & White, AnimaL Bone Ash Free Stoneware)","1 pc","Tableware","BLACKCARROT",,,591.031938109351,1749,,71.53069,66.31215144491273,0.2605767980820924,0.14188,0.30135,0.34432,0,514.708407233239
"2026-03-01","ca6061bd-88fd-49a1-a0da-f00250063f08",,"BAY6 Premium Imported Borosilicate Glass Mixing Bowl - Set of 3 -(500ml+750 ml+1000 ml)","1 pack (3 pcs)","Tableware","BAY6",,,671.294137635111,1599,,64.22863,58.35551863936679,1.0890367462505273,0.79857,0.44489,0.50834,0,214.7559543489887
"2026-03-01","56038d9c-a40a-406b-aee2-86de548e7b77",,"Westin Bowl | 150 ml | Set Of 6 (Colour May Vary)","1 pack (6 pcs)","Tableware","Roxx",,,148.95238095238093,275,,0.56672,45.83549783549784,0.010788873586259263,0.01064,,,,24.83312188107925
"2026-03-01","db279143-8ff5-4694-9dd5-7237ba3d44ec",,"Cello Ornella Toughened Glass Mixing Bowl with Premium Lid (500ml, 1000ml, 1500ml), Set of 3","1 set  (3 pcs)","Tableware","Cello",,,647.877604726101,1099,,6.1085,41.048443609999914,0.07178916484296913,0.08475,,,,210.86075940325443
"2026-03-01","eb6487a5-2e01-43e9-8296-f1236e075355",,"La Opala Diva Classique Serving Bowl | Opal Glass Crockery Bowl for Serving - Blue Mystique","1 pc","Tableware","La opala",,,184.48364135864134,350,,6.35698,47.33570268614912,0.06759229301791428,0.07564,,,,188.57821123483905
"2026-03-01","5891d470-82c5-43ea-b986-096f4de2c043",,"La Opala Diva Classique Dinner Plate | Opal Glass Full Plate for Dining | Set of 6 - White","1 set","Tableware","La opala",,,439.94414264132945,630,,41.20734,30.152818096851636,1.525615381565336,1.94187,0.94144,1.0757,0,440.0092522468245
"2026-03-01","afa75521-0e0a-47b5-bd86-07d55e94a62c",,"Stehlen Melamine 5 Pcs Feeding Kids Set -Dancing Dino","1 set","Tableware","stehlen",,,,,,0,,0,0,,,,
"2026-03-01","063d0330-90e6-49ec-b68f-3c2b0f4c8939",,"Hosta Homes Natural Jute Frilly Pattren Reversible Table Place Mats | Black | | Pack of 2","2 pcs","Tableware","hosta homes",,,357.1979556151699,799,,25.00007,55.29437351499751,0.05493498268785283,0.04799,0.01715,0.00328,0.11443,188.267522197787
"2026-03-01","e6abdebd-0ff0-489e-875f-0663e5aa6854",,"Hosta Homes Pure Cotton Digitally Printed Table Place Mats | Pack of 2 | Blue Yellow","1 pack (2 pcs)","Tableware","hosta homes",,,439.03595724003884,799,,12.28893,45.05182012014533,0.03550029813224127,0.03622,0.01871,0.00725,0.09909,219.70296549757623
"2026-03-01","8917cd71-275b-4c53-a2d4-57b234d0881c",,"SignoraWare Mixing Bowl Borosilicate Glass 500Ml+500Ml, Set Of 2, 1205Clear","1 pack (2 pcs)","Tableware","Signoraware",,,349.00609996064543,499,,17.77661,30.058897803477873,0.04850089080368369,0.06174,,,,174.50009236911893
"2026-03-01","8437cbc9-c540-4f4c-afbe-cf5cd0259158",,"Urban Chef Diamond Ceramic Bowl - Grey 2 Pcs | Set of 2 - 500 Each","1 pack (2 pcs)","Tableware","Urban Chef",,,235.8609625668449,995,,1.69104,76.29538064654825,0.048796113617271326,0.02821,,,,115.38827459069087
"2026-03-01","81d59112-e3e0-4158-b9e5-65719d870e59",,"Agaro Elite Glass Casseroles With Lid, Set of 2, Borosilicate Glass,Serving Bowl, 700ml & 1000 ml","1 pack (2 pcs)","Tableware","Agaro",,,830.3905791430791,1199,,6.12765,30.76701763786739,0.08949272559133092,0.11096,,,,407.6674369684314
"2026-03-01","67fd60e3-5972-4e6b-bf95-a84ffee4aa8d",,"BAY6 Glass Dessert Bowl Set - 4.5 Inch -(2pc)","1 pack (2 pcs)","Tableware","BAY6",,,79,199,,1.94857,60.301507537688444,0.03366913204264618,0.02433,,,,39.5
"2026-03-01","d295b791-69b3-4235-9467-d8f0f6a9bc2e",,"Eha Earth-Friendly Dinner Plate | 11 in | Made With Rice Husk Biocomposite | Set Of 4 | Celeste","1 set  (4 pcs)","Tableware","Eha",,,516.012219551282,1298,,5.27439,60.24559171407689,0.030809099735597808,0.02342,,,,541.25773982259
"2026-03-01","5901cea9-8a13-4c04-8ac4-7157727ec128",,"Clazkit Cotton Roti Zip Lock Chapati Cover in Round Style (2)","2 pcs","Tableware","Clazkit",,,119,199,,2.31924,40.20100502512563,0.0019518053124232665,0.00212,,,,119
"2026-03-01","dfed9c83-d362-4e1c-b078-a815060c0697",,"Princeware Two Tone Bowl No. 2- Medium | Dia 264 x 88 Mm- Blue","1 pc","Tableware","Princeware",,,28.03864734299517,118,,3.05975,76.23843445508885,0.0034720556813961625,0.00207,,,,28.463743138005874
"2026-03-01","d1fc2519-97c3-44c4-b60a-971cb297bde2",,"Blackcarrot Cutlery | Set of 3 | Rose Gold | 304 Food Grade Stainless Steel","1 set","Tableware","BLACKCARROT",,,401.8648525979305,1199,,60.04183,66.55054053146168,0.6148049421196738,0.36424,0.00814,0.0093,0,380.1405069299946
"2026-03-01","9216320d-f9c7-486f-a9c7-c610d581e7ea",,"Larah By Borosil Mimosa 13Pc Dinner Set Opalware Crockery For Dining & Gifting - White","1 pack (13 pcs)","Tableware","Larah by Borosil",,,941.8200595669495,1895,,9.49932,50.079377483455445,1.0324677396177009,0.99039,0.11444,0.05295,0.54564,75.55918121890004
"2026-03-01","19e1c5ea-6877-44ac-87be-5b1ac87a6054",,"Cello Kidzbee Trioplate Cosmic Explorer Melamine Meal Set for Kids Set of 5, Navy Blue","1 pack (5 pcs)","Tableware","Cello",,,438.4295267418309,729,,52.3246,39.40937284911407,0.2696316054410329,0.39521,1.05597,1.17005,0.25609,98.20670820635034
"2026-03-01","a958f251-ec77-4a28-af51-bb5bf4b5efcc",,"Cello Ornella Toughened Glass Mixing Bowl 500ml","1 pc","Tableware","Cello",,,,,,0,,0,0,,,,
"2026-03-01","100000069","100000069","Dummy Product","100g","Tableware","dummy",0.023560000000000005,,,,0,,,2.3107805608388023e-7,,,,,
"2026-03-01","72458179-3021-4e43-93d9-c6bbb69aca8e",,"Liza Industries Chai Time Tea Coaster Dx | Steel | Assorted","1 set","Tableware","Liza",,,159.392377992378,408,,12.71087,60.933240688142654,0.004001691293812526,0.00248,0.00655,0.00749,0,152.14729847725238
"2026-03-01","ed181ccc-fb52-4494-8f1d-b478a17f1f85",,"SignoraWare Mixing Bowl�High Borosilicate Glass With Lid, 500Ml, 1216Clear","1 pc","Tableware","Signoraware",,,229,265,,2.20246,13.584905660377359,0.005198275455197645,0.00818,,,,229
"2026-03-01","2cb57b34-905b-467f-a0e2-1ac8de378c39",,"Kuber Industries Coaster | Tea Coasters for Office Table | Foam Tea Coasters | 6 Piece | Purple","1 pc","Tableware","Kuber Industries",,,61.58771929824561,199,,2.2754,69.15943396674187,0.003903610624846533,0.00204,,,,53.401847389558235
"2026-03-01","b0b3767c-e83f-497c-8cb7-93353ae5978f",,"La Opala Diva Classique Dinner Plate | Opal Glass Full Plate for Dining | Set of 6 - Blue Mystique","1 pack (6 pcs)","Tableware","La opala",,,599.2688679466685,870,,51.84011,31.11857709961358,1.5809976121036733,1.98128,0.68744,0.78548,0,99.87353236634
"2026-03-01","d6eec8a4-9dc8-4291-96e6-f91e55442d21",,"BAY6 Euro Series Round Melamine Veg /Curry Bowl -4.5"" - Daisy Pink - Set of 4","1 pack (4 pcs)","Tableware","BAY6",,,99.25221088435374,249,,9.79155,60.12470242216815,0.04957683574224064,0.03641,0.52892,0.60435,0,24.90459210607394
"2026-03-01","118bc35f-ee2d-41f0-b34e-49c3232ce877",,"Hosta Homes Natural Jute Frilly Pattren Reversible Table Place Mats Pack of 6","1 pack (6 pcs)","Tableware","hosta homes",,,714.7131435045894,1799,,15.02354,60.2716429402674,0.180329156347496,0.13051,0.00565,0.00007,0.04483,116.0875787565581
"2026-03-01","801d16f0-1631-4dc9-b513-81be7d67ec3b",,"Crystal Salt Shaker & Pepper Mill , Assorted Colour","1 pack (2 pcs)","Tableware","Crystal Cookware",,,221.76738174000116,395,,79.87581,44.059047439312685,0.2578334817711135,0.25416,0.15867,0.1813,0,106.5777380608642
"2026-03-01","77b4b96a-2b33-4cb2-89b5-829b9d934c96",,"Nestasia Aloha Ceramic Snack Bowl 360 ml Set Of 6","1 pack (6 pcs)","Tableware","Nestasia",,,1076.7328244274809,1550,,1.55726,30.533366165968975,0.03481373344947932,0.0483,,,,196.30731928393388
"2026-03-01","a3057c2c-729c-47bf-bb05-61763cc9fc75",,"Cello Kidzbee Cone Bowl Cosmic Explorer Melamine Bowl Set for Kids Set of 3, Navy Blue","1 set","Tableware","Cello",,,169.02942041776993,229,,15.5089,26.188088082904862,0.04054164451709333,0.05446,,,,169.0014034053631
"2026-03-01","87b45b12-ff95-4a4c-a30c-47a9dcde0dcb",,"Pure Cotton Geometric Pattern Digitally White& Brown Printed Table Place Mats","1 pack (6 pcs)","Tableware","hosta homes",,,729,1799,,6.27891,59.4774874930517,0.03758451234776863,0.02772,,,,121.50000000000003
"2026-03-01","acafa431-a2f1-455c-8e6c-2474cf040237",,"La Opala Diva Classique Breakfast Set of 4 | Opal Glass Coffee Mug & Bowl for Gifting - Blue Daisy","1 set (4 pcs)","Tableware","La opala",,,328.52117414653077,595,,50.48414,45.741132666685765,0.6474314766512115,0.60596,0.37824,0.43218,0,305.6392483122196
"2026-03-01","0b16adfb-e556-4286-b897-92d6a46592ba",,"Everest Salt and Pepper Shaker Set","1 pack (2 pcs)","Tableware","Everest Utility",,,108.34259025063467,199,,21.91571,45.63002384169136,0.23923248290171292,0.23512,0.00214,0.00245,0,53.94235455341474
"2026-03-01","b1fb99ab-d8cd-4090-857f-7e10bb7d18cd",,"Deep Cutlery Kingfishertravel Kit","1 set  (24 pcs)","Tableware","deep cutlery",,,203.43041788143827,530,,0.30818,61.61690228652108,0.005198275455197645,0.00534,,,,9.57846192398528
"2026-03-01","277c944f-7381-4179-b5e4-def2a8a72136",,"BAY6 Minto Series Round Melamine Serving Bowl - 5.5""-Creame Speckle -Set of 2","1 pack (2 pcs)","Tableware","BAY6",,,178.07407407407408,399,,3.50444,55.36990624709923,0,0,,,,89.03703703703704
"2026-03-01","eaf95983-c48a-4bcc-bc88-5a91a6c05af4",,"Urban Chef Listra Ceramic Bowl - Peach 2 Pcs | Set of 2 - 550 Each","1 pack (2 pcs)","Tableware","Urban Chef",,,244.51719114219114,995,,4.638,75.42540792540792,0.07807221249693065,0.04342,0.01029,0.01176,0,109.6683250692397
"2026-03-01","1fb44519-1c5a-49ea-b369-536b838b9c0d",,"Lushomes Table Napkins - Black Checks | Cotton | Restaurant, Bar, Cafe | 16 x 16 inch","6 pcs","Tableware","Lushomes",,,225.52791756338,499,,14.6486,54.8040245363968,0.02877882988800175,0.02555,0,0,0,231.09518640970128
"2026-03-01","e5e58fd1-2d25-483e-8ef7-75b7262bcd15",,"La Opala Diva Classique Serving Bowl | Opal Glass Crockery Bowl for Serving - White","1 pc","Tableware","La opala",,,165.29032258064515,300,,0.89824,44.903225806451616,0.002942420068979799,0.00373,,,,204.8939393939394
"2026-03-01","300212aa-0030-44b6-b587-9706113dbbef",,"Cello Kidzbee Quadmeal Bamboo Buddies Melamine Meal Set for Kids | Set of 3, Peach","1 set  (3 pcs)","Tableware","Cello",,,231.31853035950675,379,,52.14426,37.744063805556394,0.28444865210172543,0.38983,0.48347,0.54372,0.06099,248.4963508686275
"2026-03-01","b7ea394a-4f6c-47d5-847b-064e6045b5f5",,"Oggn Mango Wood Bowl 6 Inch","1 pc","Tableware","OGGN",,,293.0779320987655,1299,,5.38032,77.43818844505269,0.09224290754913737,0.05339,,,,326.52253296521883
"2026-03-01","02a161ab-02b3-42ca-bfd0-3b0019dd055e",,"BAY6 Minto Series Round Melamine Serving Bowl -5.5""-Blue Speckle -Set of 2","1 pack (2 pcs)","Tableware","BAY6",,,,,,0,,0,0,,,,
"2026-03-01","f6bbc2ea-bcbc-44aa-aaee-3c62500a1c46",,"Stehlen Melamine 3 - Partition Kids Plate - Blue Unicorn","1 pc","Tableware","stehlen",,,289,965,,2.37697,70.05181347150258,0.009464784555218353,0.00516,,,,289
"2026-03-01","cba2f83b-1bd2-4527-8aab-d6299f1f46ec",,"Kuber Industries Plastic Solid Mixing Bowl - 500 ml, 3 Piece, Multicolor | CTKTC034731","3 pcs","Tableware","Kuber Industries",,,565.6603403605526,5499,,26.50395,89.71339624730766,0.41799332935244266,0.07609,0.41247,0.4713,0,568.4006625848197
"2026-03-01","22ab0371-82ad-4c6d-a338-77bcf59d58bf",,"BAY6 Hammer Series Round Melamine Round Serving Bowl -6.5"" - Black - Set of 2","1 pack (2 pcs)","Tableware","BAY6",,,167.97163973490277,398.3518461235955,,45.08576,57.89152444634138,0.28583355114752523,0.21787,0.95852,1.09522,0,83.38807485638456
"2026-03-01","68948ea1-151f-439f-8a97-1d4fa61c5f2e",,"Blackcarrot Cutlery | Set of 3 | Silver | 304 Food Grade Stainless Steel","1 set","Tableware","BLACKCARROT",,,370.81729567655765,1099,,59.09969,66.35283800722833,0.6086964780564716,0.35839,0.02941,0.0336,0,355.5275648107226
"2026-03-01","9536b2bd-3e52-47ba-94cc-8dfff5478740",,"Mahaware Mixing Bowl | Multipurpose bowl | 1000ml (Set of 3)","1 pack (3 pcs)","Tableware","Mahaware",,,84.65217391304348,345,,1.66094,75.46313799621929,0,0,,,,28.217391304347824
"2026-03-01","f3bc36cd-1a8b-49f4-85d4-40d0917ad16d",,"Princeware Serving Bowl Set of 3 | 650 ml+2000 ml With Serving Spoon- Green","1 pack (3 pcs)","Tableware","Princeware",,,,,,0,,0,0,,,,
"2026-03-01","9ed24dda-5884-4f46-ad0b-64a0529cc89c",,"Stehlen Melamine Kids Toast Plate -Little Mermaid","1 pc","Tableware","stehlen",,,228.31132075471697,810,,1.35872,71.81341719077568,0.007944534186245458,0.00328,,,,189.13333333333333
"2026-03-01","013773a4-f878-4eae-b296-c7bcd00c9cec",,"Hosta Homes Natural Jute Brown Leather Bounderied Reversible Table Place Mats - Tan | Pack of 1","1 pc","Tableware","hosta homes",,,245.37708333333333,599,,4.05961,59.02474486246919,0.0770237301456842,0.05951,0.00162,0.00185,0,251.65406301250354
"2026-03-01","8843fe8b-94b7-4bc0-8114-74da917261c5",,"Eha Earth Friendly Small Bowls for Kitchen | 175 ml, 4 pcs, Multi-light | Rice Husk Biocomposite","1 pack (4 pcs)","Tableware","Eha",,,366.3145009799369,429,,38.26025,14.694881348671158,0.37743108789486646,0.58818,1.42465,1.44644,1.27183,91.30127630020374
"2026-03-01","e2562ab8-9b0c-4c91-a905-d85766266c7f",,"Luminarc Diwali Dinner Plate 27Cm Temp","1 pack (4 pcs)","Tableware","Luminarc",,,313.17417668001775,745,,3.21132,57.96319776107144,0.029228039351866,0.02706,,,,84.60779688537757
"2026-03-01","64790f9a-3820-4d3f-b645-08ff766e6a4a",,"Eha Earth-Friendly Small Soup Bowls (Without Spoon) | 250 ml | Set Of 4","1 pack (4 pcs)","Tableware","Eha",,,428.8181818181818,751,,3.56958,42.90037525723278,0.01038576203680903,0.01181,,,,116.47720517527759
"2026-03-01","0d5f59f7-c2f9-482d-b542-ca417a5de124",,"BlackCarrot Blue Check Serving Bowl(Blue & White, AnimaL Bone Ash Free Stoneware)","1 pc","Tableware","BLACKCARROT",,,447.5590544461512,1749,,4.83536,74.41057435985412,0.07427845222132604,0.04584,,,,475.68477916758866
"2026-03-01","89c4c015-f6c1-4c3f-914d-0c2bc88df283",,"BAY6 Traditional Stainless Steel Thali- 12 Inch - (4pc)","1 pack (4 pcs)","Tableware","BAY6",,,390.2193655802777,1488.4567972789116,,23.32564,73.86962446223309,0.7373616420261307,0.43479,0.46655,0.53309,0,97.1824162770321
"2026-03-01","3c8e7680-7ec4-40e7-8874-08dcb96cbdd1",,"Pure Cotton Geometric Pattern Multicolor Digitally Printed Table Place Mats","1 pack (2 pcs)","Tableware","hosta homes",,,439.06099345131514,799,,18.21302,45.04873825614508,0.06465379617569313,0.06466,0.03331,0.03806,0,219.50066633253635
"2026-03-01","fa7e48d0-a14f-4598-9358-608ec66cb2d6",,"Hosta Homes Pure Cotton Multicolor Sparrows Digitally Printed Table Place Mats Pack of 1","1 pc","Tableware","hosta homes",,,225.63106969542812,599,,27.63909,62.4162988722986,0.08806761347125502,0.06091,0.01299,0.01484,0,198.62723013987983
"2026-03-01","c82a00ca-ca14-4bab-b7c4-8b8ed1e417bd",,"Larah By Borosil Green Herbs 12Pc Dinner Set Opalware Crockery For Dining & Gifting - White","1 pack (12 pcs)","Tableware","Larah by Borosil",,,844.8247418872986,1630,,8.44932,47.854031438108436,0.6714602597411902,0.6621,0.01546,0.00621,0.0803,71.39605937932365
"2026-03-01","0d22e74c-2011-454e-803a-cf4092834517",,"Stehlen Melamine Kids Boat Bowl -Lillte Mermaid","1 pc","Tableware","stehlen",,,119,400,,1.23912,70.25,0,0,,,,119
"2026-03-01","ccc2d2c4-cef4-4cc9-b3c4-ddc14131a92d",,"Java 12 Inch Plastic Plate with Bowl | 4 Plates and 4 Bowls - Yellow","1 set","Tableware","Java",,,336.9594033406569,850,,29.99132,60.35789580357226,0.19083065357368487,0.14256,1.2592,1.43877,0,348.88062497482997
"2026-03-01","87d8f5cb-ed43-4f5e-abc1-76b5698fe0fc",,"Itsy Bitsy MDF Coaster Set of 6 With Stand W4.5 X H4.2 x D1.7 Inch 5.5mm Thick","1 set (6 pcs)","Tableware","Itsy Bitsy",,,98.52380952380952,199,,1.09556,50.490547977985166,0.0019518053124232665,0.00266,,,,108.84363894811658
"2026-03-01","50e5d2d4-39e6-4486-b3ba-38e4c9ffeb86",,"Cello Kids Meal Melamine Dinner Set with Penguin Print | Pink, Set of 4","1 pack (4 pcs)","Tableware","Cello",,,360.80976044507776,683,,69.87216,46.951388002458344,0.4529826271993711,0.51589,1.04022,1.15069,0.26567,93.35586567508648
"2026-03-01","d864af59-fa1a-4c17-bc69-176bd19d58c1",,"BAY6 Glass Curry Bowl Set - 4.5 Inch - (2pc)","1 pack (2 pcs)","Tableware","BAY6",,,80.26499034749034,198.979166640625,,5.42913,59.527158138860145,0.11349796932075779,0.08388,0.00275,0.00314,0,40.561271117935405
"2026-03-01","4b83880e-4b39-44d7-847e-e97e5582c884",,"Clay Craft Fine Ceramic Small Snacks Plate - Set of 4, Multicolor","1 pack (4 pcs)","Tableware","Clay Craft",,,594.74922603838,779,,25.35048,23.65221745335301,0.05096173478804045,0.06628,0.06194,0.07077,0,137.73785966771308
"2026-03-01","fe80801f-ef37-4eec-aadc-eb2cbeb099e9",,"Borosil 1.3 L Mixing & Serving Bowls With Lid, Borosilicate Glass Bowl, Oven & Microwave Safe Bowl","1 pc","Tableware","Borosil",,,479,595,,2.87081,19.49579831932773,0.013072191559787585,0.01916,,,,479
"2026-03-01","c7112419-a4ba-465c-803b-79bb369bfe1b",,"La Opala Diva Classique Veg Bowl Set of 6 | Opal Glass Bowl for Dining & Gifting - Grace Blue","1 set (6 pcs)","Tableware","La opala",,,230.11111111111114,510,,0.38869,54.88017429193899,0.006652811775963325,0.00852,,,,238.80712666955978
"2026-03-01","f302b598-a114-49b2-b7d8-12d06358ca12",,"Eha Earth-Friendly Snack Plate | 9 in | Made With Rice Husk Biocomposite | Set Of 4 | Multi","1 pack (4 pcs)","Tableware","Eha",,,396.11600348725347,1070,,8.63673,62.97981275820061,0.05247315789680641,0.03452,,,,88.37519333221887
"2026-03-01","92e4d106-8e08-491c-bb72-39e2b38f4df6",,"Cello Opalware Dazzle Series Green Orchard Dry Fruit Set | Set of 9","1 pack (9 pcs)","Tableware","Cello",,,391.6134980639851,736.8571428571429,,11.6004,46.85741682219513,0.05391494373060651,0.05536,,,,43.427215496928454
"2026-03-01","80001b52-be50-4899-84bd-5f03d7e83fef",,"Hosta Homes Pure Cotton Multicolor Peacock Digitally Printed Table Place Mats | Pack of 2","2 pcs","Tableware","hosta homes",,,405.67581817371143,799,,18.21201,49.227056548972286,0.05791369260435006,0.05453,,,,421.37242750175767
"2026-04-01","2f2b543f-ef7d-4048-a2c4-4ccdbb4560ee",,"BlackCarrot Black Check Serving Bowl(Black & White, AnimaL Bone Ash Free Stoneware)","1 pc","Tableware","BLACKCARROT",,,551,1749,,1.36287,68.49628359062321,0.09916927987632289,0.05524,,,,551
"2026-04-01","cf1f8e4d-7bb9-4508-acf2-50907a2f7d6e",,"Oggn Mango Leaf Wooden Tea Coaster With Holder","1 pc","Tableware","OGGN",,,494,999,,0.00118,50.550550550550554,0.009440643281536742,0.00449,,,,275.140350877193
"2026-04-01","8c628c6f-de68-4823-b5b3-ea3489283d67",,"Stehlen Melamine 5 Parition Kids Plate - Oceanic Wonder","1 pc","Tableware","stehlen",,,238.63636363636363,810,,2.72137,70.53872053872054,0.03061830253471376,0.01567,,,,234.541755888651
"2026-04-01","7e44b8bd-e771-42ac-8434-f2e8a0be7f89",,"Le Creuset Van Serve Bowl 12 Azure Blue","1 pc","Tableware","Le Creuset",,,1414.2173913043478,1800,,26.61798,21.35185185185185,0.05103050422452293,0.07264,0.01049,0.01529,0,1448.7061524334251
"2026-04-01","98e61d99-d3fc-4df0-9351-3274d7bdd691",,"BAY6 Hammer Series Round Melamine Veg/Curry Bowl - 4"" - Black - Set of 2","1 pack (2 pcs)","Tableware","BAY6",,,47.92307692307692,129,,0.00224,62.85032796660704,0.002438124090727207,0.00167,,,,24.949814126394052
"2026-04-01","9bc5b654-b8ab-4978-bf52-01d99a21aa86",,"Senego Anti Slip Mat 5m, Shelf Liner Mat for Kitchen/Cupboard/Drawers/Bathroom (45 cm x 5 m), White","1 pack (10 pcs)","Tableware","Senego",,,429.54589967855276,1099,,52.61714,60.8925861785712,0.20168861785405198,0.13889,0.00465,0.00679,0,42.805069061920754
"2026-04-01","75669756-ec48-4a83-930b-5a0927804150",,"Kuber Industries Salt Shaker Box | Stainless Steel Pepper Shaker Box-White","1 pc","Tableware","Kuber Industries",,,140.8490566037736,999,,0.00585,85.9009953349576,0.019541848089979812,0.00515,,,,148.79602436375654
"2026-04-01","17e27a75-fb70-40bb-9bbe-b64a77c68dbc",,"Signoraware Bake N Serve Rectangular Dish | 1000 ml | Clear | Baking Tray, Glass Bakeware","1 pc","Tableware","Signoraware",,,378.96857496758605,475,,36.07272,20.22075423128821,0.3601421135085457,0.50744,0.09,0.13122,0,378.89463052955807
"2026-04-01","bd1834cf-d000-4f19-a1af-7b54e0b99fd2",,"Empty Cutlery Holder | Green","1 pc","Tableware","Bombay Kookware",,,,,,0,,0,0,,,,
"2026-04-01","2c0dbd65-193b-42e9-8717-4ff33e85e791",,"SignoraWare Mixing Bowl Borosilicate Glass, Set/3, 500Ml+1000Ml+1500Ml, 1208Clear","1 set  (3 pcs)","Tableware","Signoraware",,,849,1219,,35.4299,30.35274815422478,0.14618443942584586,0.18003,0.13492,0.13181,0.1417,283
"2026-04-01","81d59112-e3e0-4158-b9e5-65719d870e59",,"Agaro Elite Glass Casseroles With Lid, Set of 2, Borosilicate Glass,Serving Bowl, 700ml & 1000 ml","1 pack (2 pcs)","Tableware","Agaro",,,888.6518518518519,1199,,1.65432,25.87443137901853,0.024360450701847263,0.03227,0.09797,0.01948,0.26932,448.98995923675193
"2026-04-01","a68b0f88-9d58-40d9-803e-3b92aa59aa73",,"Kuber Industries Coaster | Round Drink Coasters | Foam Tea Coasters | 12 Piece Set | Red","1 set (12 pcs)","Tableware","Kuber Industries",,,599.799200521033,5988,,25.03191,89.9834263921967,0.7560036899555823,0.13372,0.00054,0.00079,0,599.0011673482298
"2026-04-01","7ab2c26f-b23c-446d-ad19-5dd4ba071f28",,"Le Creuset Ramekin in Wall -Deep Teal","1 pack (6 pcs)","Tableware","Le Creuset",,,1171.9166666666667,1400,,10.306,16.38795518207283,0.0793807843492579,0.11854,0.00032,0.00047,0,197.043714229327
"2026-04-01","e43162b6-b5cf-4579-8ee5-b23c67d0e1d1",,"Chumbak Country Wooden Coasters - Set Of 6","1 set (6 pcs)","Tableware","Chumbak",,,462.63535424332116,695,,9.23602,33.421638029496876,0.10574370983724894,0.12512,0.00764,0.01113,0,464.62643324482633
"2026-04-01","b6c44151-6cba-4e2d-80bb-99c4fd155205",,"Cello Kidzbee Trioplate Cosmic Explorer Melamine Meal Set for Kids | Set of 3, Navy Blue","1 set  (3 pcs)","Tableware","Cello",,,337.7941188702823,449,,44.70822,24.74335957970046,0.257681366109741,0.34335,0.75188,0.55277,1.18653,338.2072670638019
"2026-04-01","f302b598-a114-49b2-b7d8-12d06358ca12",,"Eha Earth-Friendly Snack Plate | 9 in | Made With Rice Husk Biocomposite | Set Of 4 | Multi","1 pack (4 pcs)","Tableware","Eha",,,575.9411764705883,1070,,1.02985,46.17372182517867,0.050557999555777354,0.04677,0,0,0,139.97550659973973
"2026-04-01","e15e5265-4a9f-4d77-baa2-6382ef4917a9",,"BAY6 Hammer Series Round Melamine Veg/Curry Bowl - 4"" - White - Set of 2","1 pack (2 pcs)","Tableware","BAY6",,,47.92307692307692,149,,0.0033,67.3058485139022,0.00422419173858551,0.00266,,,,26.434497816593886
"2026-04-01","23183630-e679-41fd-93f2-18b953f00043",,"Cello Opalware Dazzle Series Tropical Lagoon Dinner Set - White | M|| Set Of 5","1 set  (5 pcs)","Tableware","Cello",,,576.383574919704,766.1848168571428,,48.49214,24.692070518244446,0.4960372912677877,0.66454,1.43325,2.0898,0,116.37804620511237
"2026-04-01","be1da3cf-208d-4051-8688-fc9d8cc9b2ce",,"Eha Earth-Friendly Dinner Plate | 11 in | Made With Rice Husk Biocomposite | Set Of 4","1 pack (4 pcs)","Tableware","Eha",,,687.3783783783783,1298,,10.42743,47.04326822970891,0.036798663601905986,0.03554,,,,177.14911727616646
"2026-04-01","fa63c705-64f9-481a-9d90-06b10b9e5ee3",,"Cello Imperial Aqua Leaves Dinner Plate 11Inch Full Plate Set Of 6 Opal Glass White","1 pack (6 pcs)","Tableware","Cello",,,722.7112571043975,899,,27.43412,20.38702384642547,0.3742312577212015,0.50319,0.13437,0.03406,0.35336,113.98026164666372
"2026-04-01","114a6aa9-ebee-4a1b-bc51-23932c7adad8",,"Eha Earth-Friendly Small Soup Bowls Without Spoons | 300 ml | Set Of 4 | Multi-Light","1 pack (4 pcs)","Tableware","Eha",,,373,699,,0.80782,46.63805436337625,0.006605615269063247,0.00623,,,,93.25
"2026-04-01","196fc102-80c7-40d0-becf-2e669e4624a2",,"Birch & Co. Coaster | Indus Coaster Set of 6 with Holder","1 set","Tableware","Birch & Co.",,,293.8780487804878,799,,2.02247,63.344061028666786,0.030203443435555137,0.01897,,,,283.8774550740775
"2026-04-01","d88ce134-ce1e-4d18-939e-6d5125b75652",,"Stehlen Melamine 5 Parition Kids Plate - Maria Mermaid","1 pc","Tableware","stehlen",,,,,,0,,0,0,,,,
"2026-04-01","3cc7b13c-01d5-43cd-bf46-74703c3756f9",,"Eha Earth-Friendly Small Soup Bowls| 250 ml | Set Of 4 - Assorted","1 set","Tableware","Eha",,,475.6085969511245,751,,66.18129,36.661769007278984,1.426073900815743,1.59881,0.92689,0.59561,1.65008,476.17249218832825
"2026-04-01","b7be14a2-ba67-4522-9f3b-83842aaed771",,"Cello Kidzbee Quadmeal Bamboo Buddies Melamine Meal Set for Kids | Set of 5, Peach","1 set  (5 pcs)","Tableware","Cello",,,529,629,,25.7656,15.89825119236885,0.2878753594519212,0.4281,0.14703,0.09276,0.26551,529
"2026-04-01","3177000c-796b-4a08-8499-2865ac3716d2",,"BAY6 Steel Traditional Halwa Plate Set - 5.5 Inch - (4pc)","1 pack (4 pcs)","Tableware","BAY6",,,219,649,,4.53895,66.2557781201849,0.5233386110279075,0.31226,0.00085,0.00124,0,54.75000000000001
"2026-04-01","f902e2a7-89b7-4257-ac0b-f2ca5b606f0c",,"BAY6 Hammer Series Round Melamine Round Serving Bowl -7.5"" - White - Set of 2","1 pack (2 pcs)","Tableware","BAY6",,,179,499,,0.74168,64.12825651302605,0.00943119318816183,0.00598,,,,89.5
"2026-04-01","edc183ca-5c7c-4a95-9891-d61f3f4d037f",,"Eha Earth Friendly Multipurpose Bowls | 600 ml, 2 pcs, Tortilla | Made with Rice Husk Biocomposite","1 pack (2 pcs)","Tableware","Eha",,,317.5125648748645,438,,63.12624,27.773949697869423,2.6573294016609945,3.3903,9.86668,7.62874,14.75203,158.09904139681643
"2026-04-01","ba05ea0a-decf-486b-8387-cca2b58cdd31",,"Larah By Borosil Ageria 13Pc Dinner Set Opalware Crockery For Dining & Gifting - White","1 pack (13 pcs)","Tableware","Larah by Borosil",,,1139,1895,,8.52771,39.894459102902374,1.0060673357958072,1.06925,0.06497,0.01377,0.17673,87.61538461538461
"2026-04-01","72458179-3021-4e43-93d9-c6bbb69aca8e",,"Liza Industries Chai Time Tea Coaster Dx | Steel | Assorted","1 set","Tableware","Liza",,,218.73333333333332,408,,15.77717,46.388888888888886,0.011566914290891865,0.01078,0.0006,0.00088,0,215.0896
"2026-04-01","254d7d1e-58ac-412e-9227-499aa40204d4",,"Stehlen Melamine 5 Pcs Dona Feeding Kids Set - Dinosaur","1 set","Tableware","stehlen",,,439,1499,,3.28336,70.71380920613743,0.042497069906977714,0.02201,,,,87.79999999999998
"2026-04-01","b1fb99ab-d8cd-4090-857f-7e10bb7d18cd",,"Deep Cutlery Kingfishertravel Kit","1 set  (24 pcs)","Tableware","deep cutlery",,,230,530,,0.01266,56.60377358490566,0.005008549488703177,0.00384,,,,9.583333333333334
"2026-04-01","38875079-0bd7-4b03-a8d2-f70d331f6888",,"Borosil Mixing Bowl Set (750 ml + 1 L + 1.5 L)","1 pack (3 pcs)","Tableware","Borosil",,,853.0944805211346,1295,,36.54195,34.21491505977172,1.437702240713572,1.65747,0.31613,0.26275,0.43265,282.4591095396733
"2026-04-01","cc180249-6ef7-4fe1-a412-55989547600a",,"BAY6 Premium Imported Borosilicate Glass Mixing Bowl -750 ml - Set of 2","1 pack (2 pcs)","Tableware","BAY6",,,329.21225302835677,898.7779133557048,,12.44915,63.37299191289702,0.3946217241962483,0.2577,0.01491,0.02175,0,164.61568581602452
"2026-04-01","f1439108-01b6-4293-8014-3661fb2c2978",,"BAY6 Imported Heavy Fruit Bowl - 4000 ml","1 pc","Tableware","BAY6",,,404.22727272727275,1199,,7.01107,66.311298062395,0.11330661956519072,0.06676,0.00191,0.00279,0,399.52535480122833
"2026-04-01","7092502a-c4ff-46ce-bdf4-2c6eb9a4c45a",,"Cuba Mixing Bowl With Lid | 1000 ml | Set Of 2","1 pack (2 pcs)","Tableware","Roxx",,,209.577221228384,345,,3.18727,39.49342637990867,0.17569708103569495,0.18691,0.02599,0.03789,0,103.57466670902556
"2026-04-01","be0305ee-d10e-4058-bc41-ee98eaf5f97a",,"Hosta Homes Pure Cotton Multicolor Peacock Digitally Printed Table Place Mats Pack of 1","1 pc","Tableware","hosta homes",,,237.1081081081081,599,,29.31138,60.387321288495215,0.07194639589121489,0.05243,0.00264,0.00384,0,246.67425406375486
"2026-04-01","2c9875aa-c330-4c32-a8dd-7c3917205ea3",,"Borosil Mixing Bowl Set With Lid (900 ml)| Borosilicate Glass | Microwave Oven Safe","1 pack (2 pcs)","Tableware","Borosil",,,779,1045,,25.51839,25.454545454545453,0.7549689047310295,0.99515,0.0649,0.02408,0.15402,389.5
"2026-04-01","fed5ae47-b3ef-4705-8d84-a3a576fda345",,"Yera Polo 1000 ml Mixing And Serving Bowl With Lid 1 Pc","1 pc","Tableware","Yera Glassware",,,142.29562826552336,225,,34.0644,37.00438778410669,0.14766999410438197,0.16369,0.06525,0.09514,0,141.08540951998188
"2026-04-01","9ed24dda-5884-4f46-ad0b-64a0529cc89c",,"Stehlen Melamine Kids Toast Plate -Little Mermaid","1 pc","Tableware","stehlen",,,219.6216216216216,810,,13.43618,72.72554605887939,0.05358202943574907,0.02685,,,,229.51227639424766
"2026-04-01","beb38a8a-5097-4cb5-9c20-6ea4f896e13a",,"Cello Opalware Dazzle Series Tropical Lagoon Dinner Set | | Set Of 13, White","1 set","Tableware","Cello",,,784.4074292120708,1599,,32.45638,51.33553662467063,2.3362719293417467,1.96125,1.81838,1.06554,3.46181,764.2763679319261
"2026-04-01","f0bee70f-61ef-4fd5-bba1-9277a99581d3",,"La Opala Novo Coffee Time Set of 6 | Opal Glass Coffee Mugs & Bowls for Gifting - Rose Garden","1 pack (6 pcs)","Tableware","La opala",,,,,,0,,0,0,,,,
"2026-04-01","b9c693e1-fec6-4663-83f1-67734dfb91d0",,"Eha Earth Friendly Frosty Mixing Bowl | Made With Rice Husk And Bamboo Fibers|Set Of 2|Sand-Azure","1 set (2 pcs)","Tableware","Eha",,,528.7142857142857,952,,12.33996,44.507110536522305,0.10795786671499075,0.10688,,,,532.9733379803084
"2026-04-01","de8f86db-21b6-4a0f-a64a-d53dfe6ba7c8",,"La Opala Diva Classique Dinner Set | Opal Glass Crockery for Dining | 13 Pcs - Aster Pink","1 pack (13 pcs)","Tableware","La opala",,,1055.0128205128206,1895,,17.00579,44.3371964864233,0.2596658857184725,0.25054,0.00619,0.00903,0,79.54995685426655
"2026-04-01","e36cd92b-b89f-498d-9859-b60ecbad8fe2",,"Pure Cotton Multicolor Elephant Digitally Printed Table Place Mats","1 pc","Tableware","hosta homes",,,237.48322147651007,599,,16.65169,60.337421551601786,0.08054881589039697,0.05682,0.00045,0.00065,0,238.92852522639072
"2026-04-01","ea79594c-5b47-4664-a71f-f7de68b038c8",,"Urban Chef Diamond Ceramic Bowl - Peach 2 Pcs | Set of 2 - 500 Each","1 pack (2 pcs)","Tableware","Urban Chef",,,,,,0,,0,0,,,,
"2026-04-01","44570a6b-ce89-427e-93f2-06868ed4d72f",,"Glimpse Homes Amber Sunflower Cotton Slub Napkins | Set of 4","1 set (4 pcs)","Tableware","glimpse homes",,,974.3623188405797,1399,,62.94288,30.327785152660063,0.08143901468631365,0.10239,0.00002,0.00003,0,994.6334747717
"2026-04-01","dfed9c83-d362-4e1c-b078-a815060c0697",,"Princeware Two Tone Bowl No. 2- Medium | Dia 264 x 88 Mm- Blue","1 pc","Tableware","Princeware",,,50.139162267471086,118,,6.03114,57.52750236943491,0.005575555091197876,0.00399,,,,51.09064342240164
"2026-04-01","7da563b5-fb68-4541-8336-08518eb6dfc9",,"Jensons Stainless Steel Deep Mixing Bowl 18 cm","1 pc","Tableware","Jensons",,,72.21119158284834,120,,72.18798,39.10499507710701,3.893151187625004,4.17599,7.29581,10.63796,0,73.09523944550074
"2026-04-01","8917cd71-275b-4c53-a2d4-57b234d0881c",,"SignoraWare Mixing Bowl Borosilicate Glass 500Ml+500Ml, Set Of 2, 1205Clear","1 pack (2 pcs)","Tableware","Signoraware",,,349,499,,12.56088,30.060120240480963,0.06625365964216812,0.08194,,,,174.50000000000003
"2026-04-01","5e77e886-2367-4e9b-a446-b9a52a3c6087",,"Cello Ornella Toughened Glass Mixing Bowl With Premium Lid Microwave Safe & Dishwasher Set Of 3","1 pack (3 pcs)","Tableware","Cello",,,819.072854030501,1099,,7.93155,25.242925243646326,0.1350134840473628,0.18595,0.00049,0.00071,0,282.07424232553086
"2026-04-01","a29549c0-ef35-449a-a8c6-11ba59d6ac22",,"Anjali Plastic Glass Stand Aristo","1 pc","Tableware","Anjali",,,168.8,295,,12.10093,42.70630730758544,0.014134504660855363,0.0145,0,0,0,171.02263493905977
"2026-04-01","9cdf273b-501b-43a5-ba2a-bb3b73d3c774",,"Cello Kidzbee Trioplate Bamboo Buddies Melamine Meal Set for Kids Set of 3, Peach","1 set  (3 pcs)","Tableware","Cello",,,388.99581641442103,449,,47.66632,13.3639316212788,0.14944566664952788,0.22894,1.66698,1.53642,1.95198,388.9999527521675
"2026-04-01","35101f64-921e-44b9-9b06-1ff51e6594e6",,"Proclean Maggie and Soup Bowl","1 set","Tableware","Pro Clean",,,121.2,299,,4.15173,59.70695970695971,0.025995316855706982,0.01685,,,,109.75368466460564
"2026-04-01","d1a60670-26bf-4296-b5c8-ba626a441f75",,"All Time Treats Plate | Set Of 6 (Colour May Vary)","1 pack (6 pcs)","Tableware","All  Time",,,168.15046263470396,275,,20.86268,38.85718244148888,0.8151064639409549,0.88322,0.02452,0.02399,0.02567,28.005677023320857
"2026-04-01","c60ba3db-d00f-4a1a-a220-5a32c8209bd8",,"Jensons Stainless Steel Deep Mixing Bowl 24 cm","1 pc","Tableware","Jensons",,,107.59733229726321,215,,54.22624,50.45676154594264,0.6141719635382208,0.53649,0.25108,0.3661,0,106.3707750357947
"2026-04-01","ada0cf13-c6a4-4295-982f-f090d78ad445",,"Cello Opalware Royale Pine Mixing Bowl Set with Lid (500ml, 1000ml,1500ml) Set of 3","1 pack (3 pcs)","Tableware","Cello",,,,,,0,,0,0,,,,
"2026-04-01","05271b70-4106-4959-b07a-73f8c523e80f",,"Anjali S.S Cutlery Stand Round","1 pc","Tableware","Anjali",,,125.1953643550661,200,,29.75423,37.5663847324615,0.06894788126335542,0.07176,0.02742,0.03998,0,123.91454005379862
"2026-04-01","09dc0264-9533-4f56-9502-1014f741d983",,"La Opala Diva Classique Dinner Set | Opal Glass Crockery for Dining | 6 Pcs - Grace Blue","1 pack (6 pcs)","Tableware","La opala",,,489,850,,0.00011,42.470588235294116,0.016065158737349813,0.01634,,,,81.5
"2026-04-01","cd0002cd-e92f-4798-b636-c179a2ca5b1f",,"BAY6 Traditional Stainless Steel Thali- 9 Inch - (4pc)","1 pack (4 pcs)","Tableware","BAY6",,,341.8794013188781,997.5736937083332,,30.44426,65.75045234921026,1.5420322165819342,0.93589,0.19168,0.27948,0,85.42631173767258
"2026-04-01","f95a4ef5-7482-41eb-80cd-24b3686ce7f0",,"Stehlen Melamine 5 Pcs Feeding Kids Set -Oceanic Wonder","1 set","Tableware","stehlen",,,349,1299,,2.71313,73.13317936874519,0,0,,,,349
"2026-04-01","280eb47c-4d6a-4570-8b79-d2cc48e293d3",,"La Opala Diva Classique Quarter Plate | Opal Glass Side Plate for Dining |Set of 6 - Blue Mystique","1 pack (6 pcs)","Tableware","La opala",,,420.4557525833046,570,,55.26482,26.220658525509176,0.7828277800002692,1.02279,0.5758,0.83958,0,70.16511005840513
"2026-04-01","20c402ca-3c0d-4e1e-8957-8bc41059f95e",,"Stehlen Melamine Kids Boat Bowl -Happy Dino","1 pc","Tableware","stehlen",,,,,,0,,0,0,,,,
"2026-04-01","3fdc8934-06ca-47a8-8fe8-6e688a0eff22",,"Cello Dazzle Bamboo Grove Dinner Plate Opal Glass - White","1 set (6 pcs)","Tableware","Cello",,,698.3273149608091,799,,8.09776,12.599230142830706,0.28692373504906765,0.44351,0,0,0,698.295519502286
"2026-04-01","e3637076-2895-40c5-b650-b16af74930c6",,"Stehlen Melamine 5 Parition Kids Plate - Blue Unicorn","1 pc","Tableware","stehlen",,,,,,0,,0,0,,,,
"2026-04-01","70db3370-4ecd-4939-a134-0836244456d4",,"Signoraware Stack Thali Set | Set of 3 | White | Dinner Plate Set, Serving Plate","1 pack (3 pcs)","Tableware","Signoraware",,,392.7459068373112,599,,19.29375,34.685378803119,0.1287773674292586,0.13336,0.19826,0.24634,0.09333,115.4518860733194
"2026-04-01","9019da9f-ca80-4e75-a56d-29a8bf5c36f3",,"Cello Kidzbee Cereal Bowl Bamboo Buddies Melamine Bowl Set for Kids Set of 3, Peach","1 pack (3 pcs)","Tableware","Cello",,,188.53551959716685,239,,56.45812,21.1053836855142,0.11040260587108038,0.1537,0.27298,0.38762,0.02274,62.75295364915934
"2026-04-01","0f560d0c-84cf-4df1-973d-78d01137d4fb",,"Varmora Plastic Mixing Bowl- Transperent- Set of 4 (Colour May Vary)","1 pack (4 pcs)","Tableware","Varmora",,,413.8888888888889,549,,1.39147,24.64829670968492,0.03631670883978549,0.04817,,,,102.96980427504506
"2026-04-01","10b52c54-308b-4cf3-b782-0d8854f34cfd",,"Larah By Borosil Red Carnation 19Pc Dinner Set Opalware Crockery For Dining & Gifting - White","1 pack (19 pcs)","Tableware","Larah by Borosil",,,1619,2695,,4.66433,39.92578849721707,0.26868694485416317,0.28541,0,0,0,85.21052631578948
"2026-04-01","6cc24e88-7320-46ff-8b66-9cf70478b868",,"SignoraWare Mixing Borosilicate Glass Bowl Set Of 3 With Lids, 500Ml+1000Ml+1500Ml, 1220Clear","1 pack (3 pcs)","Tableware","Signoraware",,,975.8648985880202,1399,,61.58346,30.21464834095305,1.9172670742195512,2.37245,0.91376,1.11433,0.47593,326.0193285744164
"2026-04-01","dd33b82a-d0d9-4eae-919e-fad7b43708d0",,"BAY6 Delight Glass Bowl Set- (6pc)","1 pack (6 pcs)","Tableware","BAY6",,,155.07252051242847,393.44444444444446,,7.15458,60.545657164220664,0.04100395515374167,0.02953,0.0075,0.01094,0,26.079775678192423
"2026-04-01","6049f9f4-fc8a-49c6-b0a1-e9cd670e18c5",,"Ellementry Blue Wood Utensil Holder","1 pc","Tableware","Ellementry",,,994,1290,,1.06383,22.94573643410853,0.012190620453636034,0.01661,,,,994
"2026-04-01","4cc10823-bbbc-47bf-99a4-0683473eb5a8",,"Oggn Mango Wooden Tea Coaster So4","1 pack (4 pcs)","Tableware","OGGN",,,169,499,,0.00111,66.13226452905812,0.004715596594080915,0.00282,,,,42.25
"2026-04-01","e2562ab8-9b0c-4c91-a905-d85766266c7f",,"Luminarc Diwali Dinner Plate 27Cm Temp","1 pack (4 pcs)","Tableware","Luminarc",,,371.5342465753425,745,,6.13402,50.1296313321688,0.05632255651447346,0.05568,,,,103.98879668049793
"2026-04-01","2270e769-6a45-443e-ad8a-2f4585fe4535",,"Glass Ideas Salt & Pepper Shaker Set (120 ml)","1 pack (2 pcs)","Tableware","Glass ideas",,,79,99,,0.66428,20.2020202020202,0.004677796220581269,0.0066,,,,39.5
"2026-04-01","4bf86704-54fc-45e8-9e3f-8162a457f5da",,"Joyo Plastics M. W. Safe Multipurpose Mixing Bowls - Set of 4 (Colour May Vary)","1 set  (4 pcs)","Tableware","Joyo",,,95.27571236322702,257.81354397905756,,51.88101,64.50069272723894,3.8403506809113606,2.39427,4.48944,6.54601,0,91.88816575355042
"2026-04-01","ec563d13-5349-4774-aecf-c8400dccb4b3",,"Eha Earth-Friendly Multipurpose Bowls | 600 ml | Made With Rice Husk Biocomposite | Set Of 6","1 pack (6 pcs)","Tableware","Eha",,,559,1242,,3.32105,54.99194847020934,0.02347403194328055,0.01868,,,,93.16666666666666
"2026-04-01","22ec93cd-3f11-4cd9-8b92-4eb386a2c85b",,"BAY6 Premium Imported Borosilicate Glass Mixing Bowl - Set of 3 -(500ml+1000 ml+1500 ml)","1 pack (3 pcs)","Tableware","BAY6",,,571.6843475954005,1699,,64.42506,66.44556277163308,2.0495126259174024,1.21024,0.16103,0.2348,0,189.5424248582016
"2026-04-01","92e1fd02-c227-4f93-b1cc-a549d31ad1af",,"Sanjeev Kapoor Kingston High Borosilicate Mixing Bowl -Bluelid 1 L - Set Of 1 Pcs","1 pc","Tableware","Sanjeev Kapoor",,,346.11719316041854,895,,16.47995,61.406287710564825,0.11485643487867624,0.07968,0.00605,0.00882,0,336.5050878706888
"2026-04-01","711dce3b-676b-45c0-b2b0-c8a29c0bbe57",,"Signoraware Bake N Serve Deep Rectangular Dish | 550 ml | Clear | Baking Dish, Glass Bakeware","1 pc","Tableware","Signoraware",,,330.89439636579584,440,,78.3954,25.19592659885884,0.4322283707817093,0.56099,0.40078,0.5032,0.1772,322.9241979923461
"2026-04-01","c0afba73-1305-460c-a0ef-07675a3c556c",,"Birch & Co. Coaster | Peacock Coaster Set of 6 with Holder","1 set","Tableware","Birch & Co.",,,384.81323377477224,799,,11.62901,51.83814345747531,0.015629509432766385,0.0138,0.00003,0.00004,0,398.6723998562473
"2026-04-01","267c8bfc-b637-4211-a15b-81bebc1800b1",,"SignoraWare Mixing Bowl High Borosilicate Glass With Lid, 1000Ml, 1215Clear","1 pc","Tableware","Signoraware",,,406.48411716171614,469,,5.81814,13.25022329471182,0.031777828991815416,0.04945,,,,412.6043889965391
"2026-04-01","1ef0656f-d720-464a-a0fb-c78df7edc0ff",,"Pure Cotton Red Elephant Digitally Printed Table Place Mats","1 pc","Tableware","hosta homes",,,251.65486725663717,599,,18.89918,57.99896379022509,0.06334208587335782,0.04673,0.00001,0.00001,0,249.92274236680484
"2026-04-01","dee22fa5-c80d-45d4-9777-c039ce9be320",,"Luminarc Diwali Dessert Plate 21Cm Temp","1 pack (4 pcs)","Tableware","Luminarc",,,395.76056338028167,625,,7.94315,36.66758620689655,0.10212054403730782,0.11339,0.00072,0.00104,0,98.12873743517511
"2026-04-01","76b9cfda-e83c-41e0-8571-e70a9cf1b846",,"La Opala Diva Classique Serving Bowl | Opal Glass Crockery Bowl for Serving - Grace Blue","1 pc","Tableware","La opala",,,217.88888888888889,350,,0.68308,37.74603174603175,0.003307532681219079,0.00416,,,,248.2178770949721
"2026-04-01","aa319ed1-245b-4e24-b016-c7b45409b8e5",,"La Opala Diva Classique Quarter Plate | Set of 6 - White","1 pack (6 pcs)","Tableware","La opala",,,349.0232595755694,480,,32.84399,27.28815252829383,0.8877946921621003,1.14139,0.20263,0.29546,0,58.17021979192105
"2026-04-01","a18d2ecf-0b5b-4c28-9a39-b360ec10e34b",,"Deep Cutlery Noble 25Pcs Cutlery Set Big","1 set","Tableware","deep cutlery",,,1134.52885381795,1952,,4.82923,41.86302742346318,0.27669873401741324,0.28549,,,,1138.9875094884023
"2026-04-01","3c8e7680-7ec4-40e7-8874-08dcb96cbdd1",,"Pure Cotton Geometric Pattern Multicolor Digitally Printed Table Place Mats","1 pack (2 pcs)","Tableware","hosta homes",,,445.8181818181818,799,,17.90633,44.22194409678765,0.08373633238575467,0.08178,,,,220.69286485764232
"2026-04-01","a5702d08-0d93-466a-bff6-20978f25ed1b",,"Hosta Homes Pure Cotton Multicolor Elephant Digitally Printed Table Place Mats | Pack of 2","1 pack (2 pcs)","Tableware","hosta homes",,,420.2037037037037,799,,16.72507,47.45870285535909,0.09347748863661362,0.08692,,,,210.08523574566883
"2026-04-01","88c8d31e-80fc-4520-a02a-1ba1487875be",,"Flair Orbit Cutlery Stand 1 Pcs Green","1 pc","Tableware","Flair",,,113.66666666666667,599,,12.34037,80.99678454545038,0.05094545338414873,0.0179,0,0,0,118.91231275118743
"2026-04-01","e94c5ebc-1532-445a-821f-14ec17e8911e",,"Leather Coaster | Mint Coaster with Holder","1 set (6 pcs)","Tableware","Birch & Co.",,,374.9712401377588,799,,8.36913,53.06128853660324,0.17026611237313324,0.14199,0.00617,0.00899,0,376.9452867497427
"2026-04-01","05af7046-3f72-4260-a603-d64c2d36817b",,"Kuber Industries 6 Pieces Tea Coaster with Stand | Blue - CTKTC024987","1 set (6 pcs)","Tableware","Kuber Industries",,,261.6923076923077,498,,13.80552,47.455031586098826,0.05953180822459346,0.05512,,,,260.7716839891116
"2026-04-01","8d725074-0a7e-45f1-832d-2b78623d6f37",,"BAY6 Imported Glass Bowl Set - 175 ml - (6pc)","1 pack (6 pcs)","Tableware","BAY6",,,308.8984278196853,749,,10.43377,58.73707142632377,0.38193591884976696,0.2792,0.00527,0.00769,0,51.42543884042832
"2026-04-01","735690d1-b7ac-49af-80ea-d49712d44c75",,"Hosta HomesCotton Geometric Pattern Digitally White & Brown Printed Table Place Mats | Pack of 2","1 pack (2 pcs)","Tableware","hosta homes",,,420.3333333333333,799,,4.58064,47.55944931163955,0.1080495326207274,0.09779,,,,204.5194753819
"2026-04-01","b7ea394a-4f6c-47d5-847b-064e6045b5f5",,"Oggn Mango Wood Bowl 6 Inch","1 pc","Tableware","OGGN",,,699,1299,,0.08446,46.18937644341801,0.01227567129401024,0.01168,,,,699
"2026-04-01","bc6365aa-f45c-41ee-8031-71f341387842",,"La Opala Novo Coffee Time Set of 6 | Opal Glass Coffee Mugs & Bowls for Gifting - White","1 pack (6 pcs)","Tableware","La opala",,,348.5927574541959,475,,67.78986,26.908873483388142,0.6536582336959517,0.83941,0.20214,0.29474,0,57.47100410474489
"2026-04-01","f22a049c-b16e-48c7-b638-a847f56a43ec",,"BlackCarrot Blue Check Snack Bowl Set of 2(Blue & White, AnimaL Bone Ash Free Stoneware)","1 set (2 pcs)","Tableware","BLACKCARROT",,,789,2499,,0.84414,68.42737094837935,0.04723156668780845,0.02637,,,,789
"2026-04-01","de1fdffb-b1b6-460d-a482-7444d4a9fbfc",,"La Opala Diva Classique Dinner Set | Opal Glass Crockery for Dining | 13 Pcs - Grace Blue","1 pack (13 pcs)","Tableware","La opala",,,1006.6734693877551,1895,,2.32531,46.87738947821873,0.056767655912431804,0.05475,0.00487,0.0071,0,79.49890247885983
"2026-04-01","518baf8e-fc58-4ffe-a3c2-57c5bc16632c",,"Princeware Serving Bowl Set of 3 | 650 ml+2000 ml With Serving Spoon- Orange","1 pack (3 pcs)","Tableware","Princeware",,,,,,0,,0,0,,,,
"2026-04-01","a87d0581-2eee-4175-94e7-facc3941103e",,"Eha Earth Friendly Small Soup Bowls & Spoons | 250 ml, 2 pcs, Fern | Rice Husk Biocomposite","1 pack (2 pcs)","Tableware","Eha",,,344.7363462038756,531,,54.58388,36.12058461373641,0.7887813388264634,0.87214,0.91175,0.37858,2.07566,166.01232410816866
"2026-04-01","b25ae62e-5334-4e48-a98b-7145c625bf08",,"URGO Premium Red Party Cups / Disposable Glass (480ml) Combo","1 pc X 3","Tableware","Urgo",,,305.7422413793103,597,,2.46788,48.78689424132155,0,0,,,,305.7422413793103
"2026-04-01","b5ff49fa-0d37-4ef5-aabe-ea5a4cbcd1fb",,"Empty Cutlery Holder | Red","1 pc","Tableware","Bombay Kookware",,,,,,0,,0,0,,,,
"2026-04-01","c80d6f85-c2e9-47d0-a8c5-b45bd00e281b",,"Urban Chef Listra Ceramic Bowl - Sea Green 2 Pcs | Set of 2 - 550 Each","1 pack (2 pcs)","Tableware","Urban Chef",,,,,,0,,0,0,,,,
"2026-04-01","17114a99-2f6f-4c7e-b618-04fbeab6deca",,"Cello Kidzbee Cone Bowl Bamboo Buddies Melamine Bowl Set for Kids Set of 3, Peach","1 pack (3 pcs)","Tableware","Cello",,,178.59283557221704,229,,3.64679,21.831833397269406,0.015148499679983383,0.02276,,,,64.55408162251821
"2026-04-01","f6bbc2ea-bcbc-44aa-aaee-3c62500a1c46",,"Stehlen Melamine 3 - Partition Kids Plate - Blue Unicorn","1 pc","Tableware","stehlen",,,,,,0,,0,0,,,,
"2026-04-01","9d1fdc12-c375-45d1-a5ed-7a206e932ef5",,"BlackCarrot Fifty Fifty Snack Plates Set of 2 (Black & White, AnimaL Bone Ash Free Stoneware)","1 pack (2 pcs)","Tableware","BLACKCARROT",,,485,1539,,4.92774,68.48602988953866,0.07271846851994518,0.04052,,,,242.49999999999994
"2026-04-01","d1fc34e3-a38a-40e5-86af-2c8c55b43e94",,"Borosil Mixing Bowl Set With Lid (500 ml) | Borosilicate Glass | Microwave Oven Safe","1 pack (2 pcs)","Tableware","Borosil",,,627.6615090401351,915,,36.7051,31.39258287050869,0.4297486662801324,0.52228,0.12008,0.04542,0.28307,314.4455356726413
"2026-04-01","7feabb94-d92d-4cfe-83ec-dfba0f95d216",,"Stehlen Melamine 5 Pcs Feeding Kids Set -Aqua Tales","1 set","Tableware","stehlen",,,379,1299,,3.04492,70.82371054657429,0.01227567129401024,0.00633,,,,379
"2026-04-01","b0b3767c-e83f-497c-8cb7-93353ae5978f",,"La Opala Diva Classique Dinner Plate | Opal Glass Full Plate for Dining | Set of 6 - Blue Mystique","1 pack (6 pcs)","Tableware","La opala",,,599.0338527332005,870,,36.00993,31.146134639102065,0.9899605966476078,1.20521,0.50115,0.73072,0,99.84390951874157
"2026-04-01","ca6061bd-88fd-49a1-a0da-f00250063f08",,"BAY6 Premium Imported Borosilicate Glass Mixing Bowl - Set of 3 -(500ml+750 ml+1000 ml)","1 pack (3 pcs)","Tableware","BAY6",,,569.1841911832176,1599,,57.34244,64.40451766903553,0.634953663878989,0.40023,0.20299,0.29598,0,189.42753070917198
"2026-04-01","89c4c015-f6c1-4c3f-914d-0c2bc88df283",,"BAY6 Traditional Stainless Steel Thali- 12 Inch - (4pc)","1 pack (4 pcs)","Tableware","BAY6",,,518.7275651001141,1499,,4.58602,65.39509238825123,0.19831965956589598,0.12108,0.00869,0.01267,0,129.44181554108042
"2026-04-01","c2eb0209-b7ee-4361-a9a4-3bc2d18dd016",,"Eha Earth-Friendly Multipurpose Bowls | 600 ml | Made With Rice Husk Biocomposite | Set Of 2","1 set  (2 pcs)","Tableware","Eha",,,341.144737020619,593,,33.2623,42.56905727769213,0.43010115476301675,0.43512,0.5029,0.21136,1.13931,169.482960910846
"2026-04-01","d295b791-69b3-4235-9467-d8f0f6a9bc2e",,"Eha Earth-Friendly Dinner Plate | 11 in | Made With Rice Husk Biocomposite | Set Of 4 | Celeste","1 set  (4 pcs)","Tableware","Eha",,,594.3333333333334,1298,,12.06584,54.20000994085193,0.05004580449485714,0.04082,,,,598.7556419070394
"2026-04-01","62b1ae6d-fee0-4553-b055-49ca1297dba8",,"Cello Kidzbee Quadmeal Cosmic Explorer Melamine Meal Set for Kids | Set of 5, Navy Blue","1 set  (5 pcs)","Tableware","Cello",,,507,629,,38.45511,19.314639214077367,0.39994968684102344,0.57288,0.62082,0.32195,1.27325,509.52029335011787
"2026-04-01","b5f22e25-27fd-4df0-a29d-ab978edfa545",,"Cello Opalware Dazzle Series Lush Fiesta Dinner | Microwave & Dishwasher Safe | Set Of 13, White","1 pack (13 pcs)","Tableware","Cello",,,,,,0,,0,0,,,,
"2026-04-01","48de78e6-1a89-4df0-9660-ec602bd93371",,"Oggn Mango Wood Round Plate 11 Inch","1 pc","Tableware","OGGN",,,299,1599,,0.70732,81.30081300813008,0.060442797225934944,0.01998,,,,299
"2026-04-01","5337e535-acaf-4b21-859a-4878b2af1f61",,"Le Creuset Van Pasta Bowl 22 MM-Flame","1 pc","Tableware","Le Creuset",,,1680.7142857142858,2150,,14.427,21.827242524916944,0.02031770075606006,0.02856,0.02684,0.03913,0,1708.2816326530613
"2026-04-01","1ad43ded-cde5-404c-8c66-92512a986732",,"Agaro Elite Glass Casserole With Lid, Borosilicate Glass, Microwave Oven Safe, Round, 2000ml","1 pc","Tableware","Agaro",,,890.25,1199,,6.16638,25.75062552126772,0.03399198586955722,0.04256,0.01275,0.00033,0.03986,719.8494696152463
"2026-04-01","9ccf319e-cb19-4856-90be-9d97657b4a7d",,"Stehlen Melamine 5 Pcs Dona Feeding Kids Set - Beautiful World","1 set","Tableware","stehlen",,,406.5,1499,,2.35152,72.8819212808539,0,0,,,,81.3
"2026-04-01","26e3c25c-5943-470f-88f6-1f7cd33effae",,"Luminarc Diwali Bowl 9.5 Cm","1 pc","Tableware","Luminarc",,,314.3333333333333,495,,32.39392,36.51080075642861,0.10609336329212068,0.11816,0.11727,0.171,0,311.8153966454923
"2026-04-01","109317e5-0649-434c-b7bd-5fb1aee92768",,"Cello Ornella Toughened Glass Mixing Bowl 1000ml","1 pc","Tableware","Cello",,,215.12590093101582,249.60116567251464,,26.56748,14.157420939132175,0.4534646206138107,0.68117,0.94197,1.37347,0,211.8072894283261
"2026-04-01","e340dba2-74ec-4995-b160-3be96fde7946",,"Trisara Stainless Steel Dinner Set 6-Pcs. (1 Plate, 1 Snack/Rice Plate, 2 Bowls, 1 Glass & 1 Spoon)","1 set  (6 pcs)","Tableware","Trisara",,,547.72,660,,2.44239,16.779081133919842,0.06860767790185861,0.10225,,,,556.2428571428571
"2026-04-01","9216320d-f9c7-486f-a9c7-c610d581e7ea",,"Larah By Borosil Mimosa 13Pc Dinner Set Opalware Crockery For Dining & Gifting - White","1 pack (13 pcs)","Tableware","Larah by Borosil",,,1154.2382588629575,1897.4849397590363,,7.38911,39.11891467028928,1.0173271220520146,1.0899,,,,89.06799808770982
"2026-04-01","100000069","100000069","Dummy Product","100g","Tableware","dummy",0.0228,,,,0,,,2.154621289479857e-7,,,,,
"2026-04-01","524e46cb-25b6-4702-8840-a4e22ba02186",,"Nestasia Dessert Serving Glass Set Of 6 300 ml","1 pack (6 pcs)","Tableware","Nestasia",,,1571.0666666666666,3945,,4.25497,60.17574989438107,0,0,,,,261.84444444444443
"2026-04-01","55b4c142-3aaf-422c-b5b0-aae850028aec",,"Fruit Fork","1 pack (50 pcs)","Tableware","Se7en",,,40.333333333333336,59,,0.70203,31.75735950044603,0.0022302220364791504,0.00266,,,,0.7957768924302789
"2026-04-01","a545ac02-c5a4-4da5-b051-964a16a6f79c",,"Nestasia Chip And Dip Nitori Snack Plate","1 pc","Tableware","Nestasia",,,473.58690211640203,760,,1.80198,37.685933932052365,0.007182070964932857,0.00677,0.0182,0.02654,0,449.71731058026444
"2026-04-01","fe80801f-ef37-4eec-aadc-eb2cbeb099e9",,"Borosil 1.3 L Mixing & Serving Bowls With Lid, Borosilicate Glass Bowl, Oven & Microwave Safe Bowl","1 pc","Tableware","Borosil",,,449,595,,0.57748,24.537815126050422,0.011245611116144869,0.01501,,,,449
"2026-04-01","ccc2d2c4-cef4-4cc9-b3c4-ddc14131a92d",,"Java 12 Inch Plastic Plate with Bowl | 4 Plates and 4 Bowls - Yellow","1 set","Tableware","Java",,,357.3371212121212,850,,11.46963,57.75575447570333,0.11245611116144869,0.09119,0.01842,0.02685,0,389.4332584830339
"2026-04-01","cba2f83b-1bd2-4527-8aab-d6299f1f46ec",,"Kuber Industries Plastic Solid Mixing Bowl - 500 ml, 3 Piece, Multicolor | CTKTC034731","3 pcs","Tableware","Kuber Industries",,,584.5660144839404,5499,,13.79344,89.35069236622057,1.1796286957287718,0.21136,0.00095,0.00138,0,616.198196993822
"2026-04-01","063d0330-90e6-49ec-b68f-3c2b0f4c8939",,"Hosta Homes Natural Jute Frilly Pattren Reversible Table Place Mats | Black | | Pack of 2","2 pcs","Tableware","hosta homes",,,446.4193548387097,799,,6.61656,44.17511685525274,0.12080999370487058,0.11837,,,,221.38753303279958
"2026-04-01","ed181ccc-fb52-4494-8f1d-b478a17f1f85",,"SignoraWare Mixing Bowl�High Borosilicate Glass With Lid, 500Ml, 1216Clear","1 pc","Tableware","Signoraware",,,,,,0,,0,0,,,,
"2026-04-01","2cb57b34-905b-467f-a0e2-1ac8de378c39",,"Kuber Industries Coaster | Tea Coasters for Office Table | Foam Tea Coasters | 6 Piece | Purple","1 pc","Tableware","Kuber Industries",,,,,,0,,0,0,,,,
"2026-04-01","300212aa-0030-44b6-b587-9706113dbbef",,"Cello Kidzbee Quadmeal Bamboo Buddies Melamine Meal Set for Kids | Set of 3, Peach","1 set  (3 pcs)","Tableware","Cello",,,328.99781284174344,379,,34.45048,13.193134893572033,0.1869568672919022,0.28697,0.74073,0.42174,1.43708,328.99567917186033
"2026-04-01","9e0ccbde-1769-49aa-ab3e-f57114ee8e50",,"Larah By Borosil Opalware 4.2"" Inch (210Ml) 6 Pc Veg Bowl Set, Crockery Set For Daily Use & Gifting","1 pack (6 pcs)","Tableware","Larah by Borosil",,,297.80036613363194,385.39423076190474,,17.8891,22.834507663064837,0.5701846139060196,0.7764,0.1188,0.15038,0.04986,49.44003142524775
"2026-04-01","7b0fe457-730b-4f30-9017-62260863ee70",,"Eha Earth Friendly Round Plates For Kids | Made With Rice Husk | Set Of 4 | Multicolor","1 pack (4 pcs)","Tableware","Eha",,,642.3333333333334,1133,,11.01536,43.30685495734039,0.07494869055642434,0.07441,0,0,0,159.04734468937875
"2026-04-01","18044cf5-a7f2-45af-a1b1-4ef6548e6f49",,"Petals Wooden Pepper Spice Miller Salt and Spice Grinder | 17 Cm/6.5 Inch","1 pc","Tableware","Petals",,,344.9166666666667,499,,1.49386,30.878423513694056,0.004715596594080915,0.00501,,,,302.06513409961684
"2026-04-01","e6abdebd-0ff0-489e-875f-0663e5aa6854",,"Hosta Homes Pure Cotton Digitally Printed Table Place Mats | Pack of 2 | Blue Yellow","1 pack (2 pcs)","Tableware","hosta homes",,,422.68932038834953,799,,5.78284,46.98533717605723,0.11831800408190639,0.11416,0.00308,0.00449,0,217.95080193129473
"2026-04-01","3c501d7d-110d-4795-834f-401d48cb57f6",,"Roxx Square Dish 1L","1 pc","Tableware","Roxx",,,178.6875,325,,0.57071,45.01923076923077,0.012285121387385151,0.01213,,,,181.43222891566265
"2026-04-01","80001b52-be50-4899-84bd-5f03d7e83fef",,"Hosta Homes Pure Cotton Multicolor Peacock Digitally Printed Table Place Mats | Pack of 2","2 pcs","Tableware","hosta homes",,,446.0833333333333,799,,21.94927,44.17059542158001,0.06357644818905564,0.06252,0.00051,0.00074,0,444.3822937625755
"2026-04-01","a3057c2c-729c-47bf-bb05-61763cc9fc75",,"Cello Kidzbee Cone Bowl Cosmic Explorer Melamine Bowl Set for Kids Set of 3, Navy Blue","1 set","Tableware","Cello",,,171.62857142857143,229,,11.04444,25.056295798653878,0.020125863860549348,0.02676,0.00041,0.00059,0,172.1798579953827
"2026-04-01","4dc41566-dd6c-4887-9dd3-0f1aa64d8f28",,"Oggn Mango Wood Round Plate 8 Inch","1 pc","Tableware","OGGN",,,499,1099,,2.73791,54.5950864422202,0.051928263095139544,0.04169,,,,499
"2026-04-01","d1fc2519-97c3-44c4-b60a-971cb297bde2",,"Blackcarrot Cutlery | Set of 3 | Rose Gold | 304 Food Grade Stainless Steel","1 set","Tableware","BLACKCARROT",,,526.2674277715039,1199,,44.53412,56.10647840917507,0.3638267049154237,0.2817,0.00653,0.00953,0,525.0309251816063
"2026-04-01","8843fe8b-94b7-4bc0-8114-74da917261c5",,"Eha Earth Friendly Small Bowls for Kitchen | 175 ml, 4 pcs, Multi-light | Rice Husk Biocomposite","1 pack (4 pcs)","Tableware","Eha",,,350.5293266817366,429,,54.55339,18.32480246922966,0.4832087895113451,0.6972,1.073,0.75946,1.75745,87.54698512584916
"2026-04-01","d7658dd3-2c5f-4f44-b99a-1c43a992ce6b",,"Jensons Microwafe Safe Bowl Set Of 3 | Assorted","1 pack (3 pcs)","Tableware","Jensons",,,315.35628752533194,799,,70.32747,60.53550292613285,3.8306681152394257,2.67147,4.01567,5.85521,0,105.06109179554194
"2026-04-01","cf520cfa-5906-4668-ab9a-713c70958851",,"Eha Earth Friendly Kids Bowls For Food | Made With Rice Husk Biocomposite| Set Of 4 | Multicolor","1 pack (4 pcs)","Tableware","Eha",,,422.3333333333333,815,,4.35425,48.1799591002045,0.007701826100552998,0.0075,,,,112.08233532934132
"2026-04-01","56038d9c-a40a-406b-aee2-86de548e7b77",,"Westin Bowl | 150 ml | Set Of 6 (Colour May Vary)","1 pack (6 pcs)","Tableware","Roxx",,,,,,0,,0,0,,,,
"2026-04-01","caa8c16d-9c0d-4f19-9c1b-159226c8a69c",,"BAY6 Hammer Series Round Melamine Round Serving Bowl -6.5"" - White - Set of 2","1 pack (2 pcs)","Tableware","BAY6",,,159,399,,0.40614,60.150375939849624,0.030164698052718,0.02125,,,,79.5
"2026-04-01","b4482373-c6fc-49c5-92e1-f73af7dcc6e3",,"Cello Opalware Royale Black Curve Mixing Bowl Set with Lid (500ml, 1000ml,1500ml)","1 pack (3 pcs)","Tableware","Cello",,,719,1049,,0.83491,31.45853193517636,0.05947888770169395,0.07209,0.00061,0.00088,0,239.66666666666666
"2026-04-01","92e4d106-8e08-491c-bb72-39e2b38f4df6",,"Cello Opalware Dazzle Series Green Orchard Dry Fruit Set | Set of 9","1 pack (9 pcs)","Tableware","Cello",,,549,741.6315789473684,,3.33637,25.659268779692916,0.06286958120461227,0.0844,0.00032,0.00046,0,61
"2026-04-01","c78f4e91-1253-4d98-838c-3b1a82f4a0db",,"Petals 15 Cm Sqaure Non Slip Silicone Coaster Table Organiser Stand | 2pcs Set","1 set  (2 pcs)","Tableware","Petals",,,171.9069264069264,229,,13.76181,24.956618925918296,0.03339190494025033,0.0441,0,0,0,171.1480372834833
"2026-04-01","d864af59-fa1a-4c17-bc69-176bd19d58c1",,"BAY6 Glass Curry Bowl Set - 4.5 Inch - (2pc)","1 pack (2 pcs)","Tableware","BAY6",,,79.83625794815534,199,,8.67532,59.942285019277,0.09570204061706782,0.06761,0.02309,0.03367,0,39.71629083770279
"2026-04-01","edd8ccbc-3471-4d58-8e3e-b6fe9dea9017",,"Stehlen Melamine 3 - Partition Kids Plate - Maria Mermaid","1 pc","Tableware","stehlen",,,273.3333333333333,965,,1.05225,71.48430356598598,0.04559670053394873,0.02336,,,,279.5844531734546
"2026-04-01","4b83880e-4b39-44d7-847e-e97e5582c884",,"Clay Craft Fine Ceramic Small Snacks Plate - Set of 4, Multicolor","1 pack (4 pcs)","Tableware","Clay Craft",,,621.6713286713286,779,,10.91756,20.082431950728132,0.10895201653803144,0.15571,0.09456,0.13787,0,157.38974850371287
"2026-04-01","9afb3ea0-139f-4702-b456-138f9f681648",,"BlackCarrot Splash Serving Bowl(Black & White, AnimaL Bone Ash Free Stoneware)","1 pc","Tableware","BLACKCARROT",,,653.5580456289118,1749,,31.1202,62.61092992816547,0.41882435833873455,0.27993,0.07213,0.10517,0,661.8067623749394
"2026-04-01","013773a4-f878-4eae-b296-c7bcd00c9cec",,"Hosta Homes Natural Jute Brown Leather Bounderied Reversible Table Place Mats - Tan | Pack of 1","1 pc","Tableware","hosta homes",,,233,599,,4.23735,60.9313394664867,0.034925655094998495,0.02567,,,,248.81155308100008
"2026-04-01","5e4e0c94-ad28-4223-85f6-de3faa7b9b51",,"Yera 2 Pc Bowl Set With Lids 435 ml Each","1 pack (2 pcs)","Tableware","Yera Glassware",,,161.85525216450336,219.93741994252872,,62.16486,26.60332446214348,1.2886884433312773,1.67204,3.78778,5.52293,0,80.68397557510714
"2026-04-01","60dc16a7-520a-4702-b36f-037bc5bf0d0e",,"Larah By Borosil Green Herbs 13Pc Dinner Set Opalware Crockery For Dining & Gifting - White","1 pack (13 pcs)","Tableware","Larah by Borosil",,,1140.6171079542928,1895,,10.85626,39.752143522592576,1.7551573374383043,1.87599,0.13262,0.03728,0.34075,87.95599001507733
"2026-04-01","e36c205d-8988-4f3d-9f85-4ef3f90bab54",,"La Opala Diva Classique Breakfast Set of 4 | Opal Glass Coffee Mug & Bowl for Gifting - Aster Pink","1 set (4 pcs)","Tableware","La opala",,,382.03921568627453,595,,5.02173,35.791728456088315,0.044982444464579475,0.05317,0.00006,0.00008,0,397.41985990935314
"2026-04-01","8eef1c15-42c3-43b0-bb59-5d0272911951",,"Oggn Mixwood Round Plate 8 Inch","1 pc","Tableware","OGGN",,,599,1299,,4.48339,53.88760585065435,0.08592969905807167,0.07006,,,,599
"2026-04-01","275da52a-dbb4-4de8-bfaa-6f58016d3390",,"Eha Earth Friendly Cutlery Set For Dining Table | Travel Cutlery Set Of 2 | Sand Castle","2 set","Tableware","Eha",,,231.421875,508,,29.12779,54.451646729340936,0.11439905035933051,0.09209,0.00001,0.00002,0,231.266151098586
"2026-04-01","5901cea9-8a13-4c04-8ac4-7157727ec128",,"Clazkit Cotton Roti Zip Lock Chapati Cover in Round Style (2)","2 pcs","Tableware","Clazkit",,,,,,0,,0,0,,,,
"2026-04-01","0d5f59f7-c2f9-482d-b542-ca417a5de124",,"BlackCarrot Blue Check Serving Bowl(Blue & White, AnimaL Bone Ash Free Stoneware)","1 pc","Tableware","BLACKCARROT",,,551,1749,,5.97136,68.49628359062321,0.049584639938161444,0.02762,,,,551
"2026-04-01","118bc35f-ee2d-41f0-b34e-49c3232ce877",,"Hosta Homes Natural Jute Frilly Pattren Reversible Table Place Mats Pack of 6","1 pack (6 pcs)","Tableware","hosta homes",,,706.1650485436893,1799,,7.4875,60.7994420557924,0.20638909429873306,0.1397,0.00002,0.00002,0,114.78643698702372
"2026-04-01","243154d0-b6bf-4931-849f-4de28362dfca",,"BAY6 Hammer Series Round Melamine Round Serving Bowl -7.5"" - Black - Set of 2","1 pack (2 pcs)","Tableware","BAY6",,,180.35274786919177,499,,66.88417,63.86306151009333,0.3219344409844404,0.2042,0.72309,1.05433,0,90.24373122241585
"2026-04-01","801d16f0-1631-4dc9-b513-81be7d67ec3b",,"Crystal Salt Shaker & Pepper Mill , Assorted Colour","1 pack (2 pcs)","Tableware","Crystal Cookware",,,270.02723427384825,395,,62.7714,31.688393087341677,0.3128897566153125,0.37593,0.05408,0.07885,0,134.30373040913582
"2026-04-01","64790f9a-3820-4d3f-b645-08ff766e6a4a",,"Eha Earth-Friendly Small Soup Bowls (Without Spoon) | 250 ml | Set Of 4","1 pack (4 pcs)","Tableware","Eha",,,469,751,,0.12023,37.54993342210386,0.02129106037367596,0.02351,,,,117.25000000000003
"2026-04-01","2330edde-3ad7-4a34-8ef4-7ecb32465cfa",,"Mad Over Print Marble Coaster (Set Of 6)","1 pack (6 pcs)","Tableware","Mad Over Print",,,277.9237827431345,599,,22.96202,53.62367961936499,0.9717568817795154,0.79407,0.01001,0.0146,0,46.238652741008366
"2026-04-01","8e969b59-ce39-4caf-8dc9-c77f03faa536",,"BAY6 Minto Series Round Melamine Dinner Plate -10.5"" - Blue Speckle - Set of 2","1 pack (2 pcs)","Tableware","BAY6",,,300,699,,7.91367,57.081545064377686,0,0,,,,150
"2026-04-01","d015ed64-c2cd-47c4-8bd2-0457e7dc427b",,"Oggn Wooden Khatiya Platter Yellow","1 pc","Tableware","OGGN",,,488.6,1499,,6.74762,67.40493662441628,0,0,,,,488.6
"2026-04-01","b52eaa22-935f-4efd-b250-daaec04eeb78",,"Itsy Bitsy Mdf Coasters With Stand Set of 6 4 x 4 Inch 1.9mm Thick 7 Pc Lb","1 pack (6 pcs)","Tableware","Itsy Bitsy",,,181.66666666666666,249,,3.83737,27.041499330655956,0.0025647553419510228,0.00326,,,,29.94462993878687
"2026-04-01","950911b3-8750-481d-b671-8f6473809586",,"La Opala Diva Classique Veg Bowl Set of 6 | Opal Glass Bowl for Dining & Gifting - White","1 set (6 pcs)","Tableware","La opala",,,299,450,,0.08673,33.55555555555556,0.004252542018710244,0.005,,,,49.833333333333336
"2026-04-01","68948ea1-151f-439f-8a97-1d4fa61c5f2e",,"Blackcarrot Cutlery | Set of 3 | Silver | 304 Food Grade Stainless Steel","1 set","Tableware","BLACKCARROT",,,479.8194388475193,1099,,46.97588,56.354089464252645,0.32247498632548527,0.24813,0.00628,0.00916,0,478.2633923555141
"2026-04-01","87b45b12-ff95-4a4c-a30c-47a9dcde0dcb",,"Pure Cotton Geometric Pattern Digitally White& Brown Printed Table Place Mats","1 pack (6 pcs)","Tableware","hosta homes",,,697.5,1799,,2.28033,61.22846025569761,0.03400143596293213,0.02273,,,,113.37805768528659
"2026-04-01","14f47bff-9f32-4b27-8c32-19b12a009c75",,"Eha Earth-Friendly Multipurpose Bowls | 600 ml | Made With Rice Husk Biocomposite | Set Of 4","1 pack (4 pcs)","Tableware","Eha",,,,,,0,,0,0,,,,
"2026-04-01","19e1c5ea-6877-44ac-87be-5b1ac87a6054",,"Cello Kidzbee Trioplate Cosmic Explorer Melamine Meal Set for Kids Set of 5, Navy Blue","1 pack (5 pcs)","Tableware","Cello",,,619,729,,56.90332,15.0891632373114,0.4805183479275078,0.72146,1.83314,1.51129,2.53571,123.80000000000003
"2026-04-01","a87c9515-59bf-404f-b70b-bc7d54c808bc",,"Larah By Borosil Red Carnation 12Pc Dinner Set Opalware Crockery For Dining & Gifting - White","1 pack (12 pcs)","Tableware","Larah by Borosil",,,979,1639.1121495327102,,6.35598,40.23655093475772,0.6161460880442399,0.65436,0.03584,0.01688,0.07723,81.58333333333333
"2026-04-01","6d0b2b7a-0c05-40a6-93d0-024bae77288f",,"Cello Opalware Sparkling Star Mixing Bowl Set With Premium Lid 3 Units White","1 pack (3 pcs)","Tableware","Cello",,,1299,1299,,2.23285,0,0.01227567129401024,0.02171,,,,433
"2026-04-01","23575a25-fd38-4ef3-9e0c-d00a14008c8d",,"La Opala Diva Classique Sweet Bowl Set of 2 | Opal Glass Dessert Bowls for Gifting - White","1 set (2 pcs)","Tableware","La opala",,,,,,0,,0,0,,,,
"2026-04-01","971464eb-d8d4-4fcc-a554-feaa5d2de663",,"The Artment Set Of 2 DryMates Water Absorbent Diatomite Coasters For Home","1 pack (2 pcs)","Tableware","The Artment",,,133.66666666666666,879,,3.39062,84.79332574895714,0.008306632076547344,0.00172,,,,51.70674157303371
"2026-04-01","66e7244e-35a6-43b9-b190-957996b5fcbe",,"SignoraWare Mixing Bowl High Borosilicate Glass With Lid, 1500Ml, 1214Clear","1 pc","Tableware","Signoraware",,,375.8,548.6,,1.16071,31.498359460444767,0.016414812192221545,0.018,,,,363.5067264573991
"2026-04-01","ccbae9df-0f89-4ef3-8109-783748a61ca3",,"Eha Soup Bowls & Spoons | 250 ml | Set Of 6 - Multi Color","1 set  (6 pcs)","Tableware","Eha",,,687.1570098315792,1149,,75.10566,40.22868955393119,2.0646809707934732,2.18741,0.74545,0.51333,1.25216,114.99919291152673
"2026-04-01","677128fa-f2b5-4141-baa4-64026590c52f",,"Kuber Industries 6 Pieces Tea Coaster with Stand (Gold) - CTKTC024989","1 set (6 pcs)","Tableware","Kuber Industries",,,274.77777777777777,483,,3.82036,43.13619587721667,0.032544231564520756,0.03238,,,,271.8433568843701
"2026-04-01","bfa506ce-3847-48ce-aa30-ccc80798ca10",,"Le Creuset Coupe Pasta Bowl 22 Sea Salt","1 pc","Tableware","Le Creuset",,,1943.4,2500,,36.23756,22.264,0,0,0.01077,0.01571,0,1943.4000000000003
"2026-04-01","74264e07-7597-4182-b94e-bdc6a185f3be",,"Natural Jute Frilly Pattern Reversible Table Place Mats | Beige","2 pcs","Tableware","hosta homes",,,416.1578947368421,799,,3.13683,47.85982478097622,0.06878628466664444,0.06449,,,,423.5350052246604
"2026-04-01","1df6a923-fc05-4fce-a5c5-1d110c1ef80f",,"Yera Iceberg 100 ml 6 pcs Ice Cream Bowl Set","1 pack (6 pcs)","Tableware","Yera Glassware",,,156.2,290,,19.19643,46.13793103448276,0.00274052707872438,0.00257,0.00006,0.00009,0,25.66918671248568
"2026-04-01","9536b2bd-3e52-47ba-94cc-8dfff5478740",,"Mahaware Mixing Bowl | Multipurpose bowl | 1000ml (Set of 3)","1 pack (3 pcs)","Tableware","Mahaware",,,,,,0,,0,0,,,,
"2026-04-01","24940b8e-827c-46f5-a7eb-41566f1829f9",,"Sanjeev Kapoor Kingston High Borosilicate Mixing Bowl-Blue Lid 1.5 L - Set Of 1 Pcs","1 pc","Tableware","Sanjeev Kapoor",,,332.40157480314963,1045,,3.43807,68.19123686094262,0.039501390307130714,0.02222,0.00177,0.00258,0,332.49709504996514
"2026-04-01","fd65f011-d0ea-485e-92bb-1c9dae79053c",,"Roxx Mixing Bowl 800 ml 2 Pcs Set With Lid","1 pack (2 pcs)","Tableware","Roxx",,,343.5,695,,0.75043,50.710650991402,0.032839074477818,0.02715,,,,162.60253489034463
"2026-04-01","df095ac7-b125-4bc1-95c5-3813b569ec2f",,"Embassy Premium Mixing Bowl / Multipurpose Bowl, 2800 ml (Size 4), Stainless Steel","1 pc","Tableware","Embassy",,,362,490,,1.3285,26.122448979591837,0.023152728768533554,0.03036,,,,363.3965728274174
"2026-04-01","995539a8-a7cc-40eb-b468-bbb1a6d970a8",,"Kuber Industries Plastic Solid Mixing Bowl - 2000 ml, 3 Piece, Multicolor | CTKTC034744","1 set (3 pcs)","Tableware","Kuber Industries",,,469.9513888888889,4704,,0.03273,90.00950887111601,0.22226619617792212,0.03927,,,,469.9999256963315
"2026-04-01","947d4ae0-98c6-44e1-bfca-e84926ec6951",,"Yera Alpine Glass Bowl Set - 195 ml (Each) 6 pcs","1 set (6 pcs)","Tableware","Yera Glassware",,,,,,0,,0,0,,,,
"2026-04-01","f744fff8-3aee-4dca-a766-fcd1dd5d36fb",,"Kuber Industries Tea Coaster|Soft Leather Heat Insulation Tabletop Coasters Set of 6 | Light Brown","1 set (6 pcs)","Tableware","Kuber Industries",,,680.6279069767442,999,,30.97315,31.87583285331149,0.07713071711669142,0.09279,0.00008,0.00012,0,679.6532639031523
"2026-04-01","64d1b6b5-ed3b-49ce-a37d-3a1af4301a35",,"Stehlen Melamine Veg Bowl 4 Inch | Set of 6 Bowl - Green Sapphire","1 pc","Tableware","stehlen",,,,,,0,,0,0,,,,
"2026-04-01","c19c2e64-dbd4-4f7b-ac4b-fe99e598c1f8",,"Kuber Industries Soft Leather Tea Coaster with Stand for Tea,Dining Home Decor, Set of 6 | Brown","1 set (6 pcs)","Tableware","Kuber Industries",,,575.6025641025641,999,,37.80372,42.36472105442528,0.18277142093615384,0.18942,0.00005,0.00007,0,585.4600697386597
"2026-04-01","382c042e-f28f-4b7e-87d3-143a85fba3c4",,"Anjali Plastic Glass Stand Supreme","1 pc","Tableware","Anjali",,,192.14285714285714,270,,1.02823,28.765432098765434,0.010206100844904586,0.0133,,,,198.7841726618705
"2026-04-01","a8b61834-896b-4d51-a3bb-bd47be959a86",,"Signoraware Bake N Serve Square Dish | 500 ml | Clear | Glass Baking Dish, Oven Safe Dish","1 pc","Tableware","Signoraware",,,273.507363366335,330,,46.70075,17.150575040649255,0.33305909090538643,0.48987,0.1862,0.2497,0.0476,273.2942381126186
"2026-04-01","50d65a06-e70f-4416-bb8f-cb497575fcd2",,"Eha Earth Friendly Snack Plate | 8"", 4 pcs, Multi-light | Made with Rice Husk Biocomposite","1 pack (4 pcs)","Tableware","Eha",,,460.0417548975928,579,,64.91234,20.47847028752665,0.4481820184172351,0.63626,0.28677,0.27533,0.31175,116.32925992194474
"2026-04-01","d89f45f9-c0dd-49a9-a334-1190aa47973d",,"Dr. Bio Compostable Fork Disposable /Resuable","1 pack (30 pcs)","Tableware","Dr. Bio",,,148.68563523998785,229.16507402173912,,49.9439,35.102827096393796,0.030690123244363085,0.03509,0.00907,0.01323,0,4.985511958961214
"2026-04-01","0d22e74c-2011-454e-803a-cf4092834517",,"Stehlen Melamine Kids Boat Bowl -Lillte Mermaid","1 pc","Tableware","stehlen",,,109,400,,2.31733,72.75,0.003780037349964662,0.00199,,,,118.6144578313253
"2026-04-01","c82a00ca-ca14-4bab-b7c4-8b8ed1e417bd",,"Larah By Borosil Green Herbs 12Pc Dinner Set Opalware Crockery For Dining & Gifting - White","1 pack (12 pcs)","Tableware","Larah by Borosil",,,979,1632.25,,5.6665,40.009942273940084,0.8317972188597238,0.88338,0.06052,0.01024,0.17026,81.58333333333331
"2026-04-01","bc5da0b8-da58-47c0-9ca3-8a421bf3059b",,"Princeware Two Tone Bowl No. 1 | Small | Dia 223 x 80 Mm- Pink","1 pc","Tableware","Princeware",,,29,93,,3.37838,68.81720430107526,0.0008788586838667839,0.00048,,,,28.999999999999996
"2026-04-01","389597e8-817d-4f8a-b5b9-bcdba4e4dc80",,"Soham Housewares Round Silicon Hotpot Coaster (Colour May Vary)","1 pc","Tableware","Soham Housewares",,,89,199,,0.00108,55.27638190954774,0.0018805685816074191,0.00149,,,,89
"2026-04-01","b3af342e-0a46-413e-b44d-1dd8aa5de0ca",,"Kuber Industries Plastic Microwave Safe Mixing Bowl Set (1500 ml, Multicolour) - 3 Pieces","3 pcs","Tableware","Kuber Industries",,,379.85714285714283,3654,,2.96114,89.60434748612089,0.03453064119192718,0.0061,,,,365.0567221161713
"2026-04-01","8d841614-3707-40e3-9c0b-bf501279f328",,"Lushomes Brown Dinner Napkins - Folding with Hole Stitch | 17 x 17 inch","1 pack (12 pcs)","Tableware","Lushomes",,,518.2,999,,6.96167,48.07404807404807,0.04720321640768371,0.04395,,,,43.824139859219805
"2026-04-01","09a59ffd-a1ae-4390-851c-fbc6473e6f56",,"Le Creuset Mini Ramekins X4 Volcanic","1 pack (4 pcs)","Tableware","Le Creuset",,,3490.5686274509803,4470.955351764706,,17.00134,21.918984585159002,0.3416208755030563,0.47454,0.00009,0.00014,0,876.3733111375128
"2026-04-01","f98ade8e-3357-416b-a859-25dca92f0fea",,"BAY6 Hammer Series Round Melamine Veg/Curry Bowl - 4"" - Grey - Set of 2","1 pack (2 pcs)","Tableware","BAY6",,,69.83333333333333,149,,0.00078,53.131991051454136,0.002816127825723673,0.00219,,,,32.79304635761589
"2026-04-01","45f0f534-6a96-4e68-8ecb-d9a2e08a6178",,"La Opala Diva Classique Sweet Bowl Set of 2 | Opal Glass Dessert Bowls for Gifting - Blue Daisy","1 set (2 pcs)","Tableware","La opala",,,,,,0,,0,0,,,,
"2026-04-01","1815d48d-145f-42ea-a8bb-bedda6602a4f",,"Larah By Borosil Mimosa 12Pc Dinner Set Opalware Crockery For Dining & Gifting - White","1 pack (12 pcs)","Tableware","Larah by Borosil",,,979,1630,,3.51542,39.938650306748464,0.4158986094298619,0.44169,,,,81.58333333333331
"2026-04-01","fb2e1ce3-e13b-4bce-a324-21e983de4468",,"Cello Blue Swirl Dazzle Series Opalware Pudding Set Microwave & Dishwasher Safe Set Of 7 White","1 set","Tableware","Cello",,,499.03393186506486,589.9356278333333,,67.78357,15.391761507513262,0.8816672516178076,1.32723,8.41666,6.74294,12.07035,499.0193457928533
"2026-04-01","e1d3c9cc-ba26-4a8d-b712-2f3d5142a62d",,"Mad Over Print Lazy Panda Coaster ( Pack Of 6 )","1 pack (6 pcs)","Tableware","Mad Over Print",,,126.34037162162163,599,,13.41421,78.90634771307228,0.1981221526143603,0.07396,0.00339,0.00494,0,21.076254184436188
"2026-04-01","d11aed34-2e03-4806-9a7c-fa947bdaeaaa",,"BAY6 Hammer Series Round Melamine Round Serving Bowl -6.5"" - Grey - Set of 2","1 pack (2 pcs)","Tableware","BAY6",,,159,399,,1.00034,60.150375939849624,0.0075411745131795,0.00531,,,,79.5
"2026-04-01","50e5d2d4-39e6-4486-b3ba-38e4c9ffeb86",,"Cello Kids Meal Melamine Dinner Set with Penguin Print | Pink, Set of 4","1 pack (4 pcs)","Tableware","Cello",,,470.89819546414515,683,,52.84156,31.353249529452203,0.42573426661447,0.50479,1.8093,1.74358,1.95277,114.18080042756597
"2026-04-01","e5646fdc-4520-4010-88f0-0c501f6a97e6",,"Kuber Industries Stainless Steel Cylindrical Shape Namak Dani/Salt and Pepper Shaker 2 Pcs | Silver","1 pack (2 pcs)","Tableware","Kuber Industries",,,,,,0,,0,0,,,,
"2026-04-01","3adbcf03-83a5-44c0-8349-3323e25fe3ca",,"Princeware Two Tone Bowl No. 1 | Small | Dia 223 x 80 Mm- Blue","1 pc","Tableware","Princeware",,,,,,0,,0,0,,,,
"2026-04-01","f3c696c3-5734-4c7d-907d-88a053898a85",,"Hosta Homes Natural Jute Brown Leather Bounderied Reversible Table Place Mats - Brown | Pack of 1","1 pc","Tableware","hosta homes",,,219.53191489361703,599,,2.50405,63.350264625439564,0.011321211863144163,0.00653,,,,196.40868865647627
"2026-04-01","a047d135-9017-4d82-928d-0879ebc7423f",,"Mad Over Print Dont Touch Coaster ( Pack Of 6 }","1 pack (6 pcs)","Tableware","Mad Over Print",,,236.10759493670886,599,,7.60095,60.62781837258922,0.14479811072774634,0.1002,,,,39.07169385471952
"2026-04-01","39d19726-c965-42ad-8b45-a124f1e52c6d",,"Larah By Borosil Mimosa 19Pc Dinner Set Opalware Crockery For Dining & Gifting - White","1 pack (19 pcs)","Tableware","Larah by Borosil",,,1452.6082474226805,2695,,3.46877,46.08663361513153,0.20756563092390953,0.2059,,,,79.56134050095037
"2026-04-01","6116e871-1870-45bd-9068-1e27d6c5ede9",,"Treo By Milton 1000 Oven Safe Mixing Borosilicate Glass Bowl, 1000 ml, Transparent (Without Lid)","1 pc","Tableware","Milton Distributor",,,410.6842105263158,425,,0.77654,3.3735676088617264,0.048195476212049435,0.08228,,,,410.3382381413359
"2026-04-01","47505148-b402-4288-b567-3e77d76dd7a6",,"Cello Kids Meal Melamine Dinner Set with Lady Bug Print | Pink, Set of 4","1 pack (4 pcs)","Tableware","Cello",,,499,683,,47.57239,26.939970717423126,0.19595902624084308,0.25315,0.93432,0.79293,1.24297,124.75
"2026-04-01","13195eb3-90eb-4962-9c07-204509c94829",,"Yera Polo 255 ml Mixing And Serving Bowl With Lid 4 Pc Set","1 pack (4 pcs)","Tableware","Yera Glassware",,,168.91604442255374,250,,9.42094,33.58002914142442,0.07848302547864129,0.09107,0.00022,0.00032,0,41.25135683410583
"2026-04-01","8f2a5bcb-3ca8-4213-8cb9-983852c33a80",,"Le Creuset Van Pasta Bowl 22 MM-Deep Teal","1 pc","Tableware","Le Creuset",,,1679.8823529411766,2150,,14.76322,21.767441860465116,0.18285930680454052,0.25371,0.0026,0.0038,0,1686.9858218189318
"2026-04-01","3f9516dd-d127-4cec-a383-d4b9534c07e2",,"Cello Opalware Dazzle Series Secret Garden Dinner Set, 18 Units","1 pack (18 pcs)","Tableware","Cello",,,1244.6880888376854,2099,,52.93618,41.25122386263242,3.437540450805751,3.50408,5.70914,2.00576,13.7935,67.38474785283175
"2026-04-01","6c017e60-d0d7-4948-a656-77f1109d4e0a",,"Eha Earth-Friendly Multipurpose Bowls | 600 ml | Made With Rice Husk Biocomposite | Set Of 6","1 set  (6 pcs)","Tableware","Eha",,,,,,0,,0,0,,,,
"2026-04-01","52aca117-7211-4789-aedc-fa2d923780c8",,"Birch & Co. Coaster | Tulip Coaster Set of 6 with Holder","1 set","Tableware","Birch & Co.",,,298.67056654235324,799,,14.86703,62.57298375972571,0.07890449964316236,0.05293,0.00926,0.0135,0,303.0824376906821
"2026-04-01","9041af60-9dbb-444b-9646-ce8378296ef0",,"Hosta Homes Natural Jute Frilly Pattren Reversible Table Place Mats Pack of 1","1 pc","Tableware","hosta homes",,,239.22018348623854,599,,12.4145,60.03399058490878,0.053209695756777566,0.03843,0.00051,0.00074,0,244.53415000174502
"2026-04-01","ddd140bc-f65f-4643-837e-334bf14b01f1",,"Traditional Wooden Salt & Pepper Shakers with Adjustable Coarseness Refillable | 6 inch BROWN","1 pc","Tableware","Bombay Kookware",,,183.62,850,,3.45425,78.38523644752019,0.05622805558072434,0.02214,,,,189.2384050717384
"2026-04-01","77ed5985-ad3e-4fc5-b07f-4816e4f700a5",,"Mad Over Print But First Coffee Coaster (Pack Of 6)","1 pack (6 pcs)","Tableware","Mad Over Print",,,254.64473684210526,599,,17.14975,57.51252086811352,0.07381467935143493,0.0551,0.00316,0.00461,0,42.14675132275132
"2026-04-01","0772ccea-330b-4852-8ebb-a08ac6c7c329",,"Cello Kids Meal Melamine Dinner Set with Crocodile Print Yellow, Set of 4","1 set  (4 pcs)","Tableware","Cello",,,443.62129036282727,683,,53.95495,35.05714728752793,0.35389654679706656,0.4069,1.23821,0.8688,2.04462,444.26205597509704
"2026-04-01","357fcccd-e2b9-4a7b-8c5d-decd4ebd49bc",,"Cello Kidzbee Trioplate Bamboo Buddies Melamine Meal Set for Kids | Set of 5, Peach","1 set  (5 pcs)","Tableware","Cello",,,619,729,,57.18335,15.089163237311398,0.30146742875305665,0.45263,0.68097,0.64662,0.75597,619
"2026-04-01","8f76d49c-53f9-4491-b5ad-67b03ddec7e2",,"La Opala Diva Classique Breakfast Set of 4 | Opal Glass Mug & Bowl for Gifting - White","1 set (4 pcs)","Tableware","La opala",,,423.4186046511628,595,,6.43456,28.779209734950804,0.12184761395743589,0.15473,0.00012,0.00018,0,427.27065934572977
"2026-04-01","8f6734e1-2fcd-443e-bb83-d5c42792e145",,"Cello Kidzbee Pentameal Cosmic Explorer Melamine Meal Set for Kids | Set of 5, Navy Blue","1 set  (5 pcs)","Tableware","Cello",,,652.6007592474715,829,,53.97638,22.17177133625049,0.6279861100336667,0.83538,2.58617,2.44511,2.89408,620.4849917231397
"2026-04-01","c122d78b-a516-46ae-a9e3-f94b4a31b2ac",,"Nestasia Mandala Long Dish","1 pc","Tableware","Nestasia",,,577.9497354497354,1145,,0.5926,49.50805131004367,0.08656285531419075,0.0762,,,,570.0978551793982
"2026-04-01","8fcdb82c-f78d-46dc-9e00-d9401e7e0a95",,"Eha Earth Friendly 6 Partition Plates | Set Of 2 | Made With Rice Husk Biocomposite |Celeste","1 set (2 pcs)","Tableware","Eha",,,662.7323943661971,1462,,38.42342,54.67747290363023,0.30809855927423224,0.24545,0.13856,0.04073,0.35212,658.7014674462888
"2026-04-01","fa012123-a26a-4188-9097-30644c3d07a6",,"Sanjeev Kapoor by OGGN Mango Wood Classic Bowl, Multipurpose For Serving, Home & Kitchen - 4 Inch","1 pc","Tableware","OGGN",,,445.6666666666667,998,,4.19047,55.101111313536165,0.06601835231713281,0.05837,,,,498.6810479851915
"2026-04-01","f39443b6-8bb8-4066-8314-c2b7f6a49911",,"Kuber Industries 6 Seater Dining Table Cloth for Dining | Party | Events (Gold Lace)","1 pc","Tableware","Kuber Industries",,,251.92125537013305,899,,54.26505,71.98760229465864,0.8716529876684137,0.43443,0.01369,0.01996,0,252.07973217285104
"2026-04-01","9f0228c3-8e68-46e4-bd54-9d52767ea0d8",,"Hosta Homes Pure Cotton Red Elephant Digitally Printed Table Place Mats | Pack of 2","1 pack (2 pcs)","Tableware","hosta homes",,,449.09090909090907,799,,17.61341,43.761598549911525,0.11137124044200883,0.11068,0,0,0,224.53483616903114
"2026-04-01","3674b509-7e15-4495-a1a8-2b26aad5466b",,"Clazkit Set of 4 Roti Chapati Cover 100% Cotton Traditional Roti Rumals Tortilla Covers-Square","1 pack (4 pcs)","Tableware","Clazkit",,,101,249,,1.75302,59.437751004016064,0,0,,,,25.25
"2026-04-01","3492cd85-1ed6-4e69-8156-d90a859ce613",,"Flair Orbit Cutlery Stand 1 Pcs Gray","1 pc","Tableware","Flair",,,,,,0,,0,0,,,,
"2026-04-01","e08f57b2-7465-43b9-97e1-98f6aec0116b",,"Cello Kidzbee Pentameal Bamboo Buddies Melamine Meal Set for Kids | Set of 3, Peach","1 set (3 pcs)","Tableware","Cello",,,428.969155501888,499,,46.37092,14.03377521780951,0.33287481408457553,0.50603,2.87034,3.34259,1.83943,428.9838114562537
"2026-04-01","ab9a94a5-8b93-4b64-a302-1d1c541f5720",,"Eha Earth Friendly Square Dinner Plates | 11"", 4 pcs, Multi-light | Rice Husk Biocomposite","1 pack (4 pcs)","Tableware","Eha",,,622.5765904460255,1138,,67.85382,45.074358549217195,1.8219770576736294,1.77945,3.45318,1.67422,7.33661,156.91956525017443
"2026-04-01","606efe28-9b6b-489f-b123-860bdcb6813f",,"All Time Elite Mixing Bowl 4000 |4000 ml - Grey & White","1 pc","Tableware","All  Time",,,271.8235294117647,540,,9.39669,49.18728006356873,0.06975869927492286,0.06914,0.00025,0.00037,0,309.17980414191686
"2026-04-01","baed7720-2db8-43ed-a77f-618d33e86c2f",,"Nestasia Luxe Glass Dessert Bowl Grey Set Of 6 300 ml","1 pack (6 pcs)","Tableware","Nestasia",,,1442.1333333333334,1750,,11.7982,17.612186865267432,0.14172777539023754,0.2022,0.28205,0.41125,0,235.3907242275675
"2026-04-01","eaf95983-c48a-4bcc-bc88-5a91a6c05af4",,"Urban Chef Listra Ceramic Bowl - Peach 2 Pcs | Set of 2 - 550 Each","1 pack (2 pcs)","Tableware","Urban Chef",,,409,995,,0.26118,58.89447236180904,0.009402842908037097,0.00683,,,,204.5
"2026-04-01","f4f8ca66-a9e9-4b9a-a5bb-24d19cc5d8fa",,"Le Creuset Coupe Pasta Bowl 22 Shell Pink","1 set","Tableware","Le Creuset",,,1943.4,2500,,32.58969,22.264,0.0063788130280653665,0.00888,0.00664,0.00968,0,1967.9075391180659
"2026-04-01","0c94f82f-5ff0-44b8-9e54-c0c2d8b77e1e",,"BAY6 Euro Series Round Melamine Dinner Plate -11"" - Daisy Pink - Set of 4","1 pack (4 pcs)","Tableware","BAY6",,,250.11111111111111,799,,0.15523,68.3809307088406,0.030202498426217646,0.01765,,,,65.9902435216984
"2026-04-01","1fb44519-1c5a-49ea-b369-536b838b9c0d",,"Lushomes Table Napkins - Black Checks | Cotton | Restaurant, Bar, Cafe | 16 x 16 inch","6 pcs","Tableware","Lushomes",,,303.07766990291265,499,,6.7509,39.278557114228455,0.04753302466646813,0.0507,0,0,0,301.02580065965384
"2026-04-01","1efe98c8-b397-4e60-b673-772d93573bd1",,"Liza Industries Harmony Tea Coaster (Colour May Vary)","1 set (6 pcs)","Tableware","Liza",,,99,178,,1.05009,44.38202247191011,0.0033642332414685486,0.00331,,,,99
"2026-04-01","021dc3ee-2c17-4c39-b09d-c53cda92b199",,"Kuber Industries Orange Design 6 Pieces Tea Coaster with Stand | White","1 set (6 pcs)","Tableware","Kuber Industries",,,150.11111111111111,999,,2.14364,84.97386275164052,0.018881286563073484,0.00515,,,,153.94809688581316
"2026-04-01","f8fb567d-67a0-41b2-8c48-8a0218a3ffe2",,"Nestasia Bread Plate","1 pc","Tableware","Nestasia",,,367.5970149253731,635,,0.7121,42.11070631096486,0.006000809293068901,0.0061,,,,365.24821683309557
"2026-04-01","9230dcad-591f-476b-b02b-3d740b5da5ed",,"Stehlen Melamine Kids Toast Plate - Crazy Frog","1 pc","Tableware","stehlen",,,234.66153846153847,810,,15.80924,71.02943969610637,0.016304246099735076,0.00872,,,,244.62401387567843
"2026-04-01","0d569ee7-85e1-4f72-9443-f33316c856ee",,"Larah By Borosil Opalware Mixing Bowl 2 Pcs Set (1240 ml Each),Crockery For Gifting & Dining, White","1 pack (2 pcs)","Tableware","Larah by Borosil",,,387.07326016331643,510.3482492083333,,38.02193,24.35740812102005,0.8844833794435313,1.17858,0.51199,0.53646,0.45858,192.316985693145
"2026-04-01","1f331bde-c384-415d-8d26-2d0ae283fd7b",,"Nestasia White & Blue Ceramic Chip And Dip Snack Plate","1 pack (2 pcs)","Tableware","Nestasia",,,527.0909090909091,760,,0.81578,30.78750981932443,0.06463863868439572,0.07665,,,,255.84799942012177
"2026-04-01","6b612920-d37a-4042-87f5-b72b98fa3a8d",,"Le Creuset Van Serve Bowl 12 Cm-Flame","1 pc","Tableware","Le Creuset",,,1035.9565217391305,1300,,15.76737,20.31103678929766,0.01302222867062826,0.01893,0.00388,0.00565,0,1067.931082981716
"2026-04-01","6390f4b6-efab-47d3-a47e-5034d9e2a020",,"BAY6 Hammer Series Round Melamine Dinner Plate -11"" - White - Set of 2","1 pack (2 pcs)","Tableware","BAY6",,,,,,0,,0,0,,,,
"2026-04-01","ce87e070-fe28-4a4c-b75e-21f2055e31f6",,"Borosil 900 ml Serving & Mixing Bowl with Lid, Borosilicate Glass Multipurpose Bowl","1 pc","Tableware","Borosil",,,416.6971544715447,530,,3.26688,21.37789538272742,0.03005129693221906,0.04201,0.05283,0.00372,0.16004,418.94200450450455
"2026-04-01","50deb38b-d136-4fc5-84d7-3674cabe5cad",,"All Time Elite Mixing Bowl 2000 |2000 ml - Grey & White","1 pc","Tableware","All  Time",,,241.66666666666666,420,,9.29937,42.47072599531616,0.027783274522240265,0.02812,,,,240.45290581162325
"2026-04-01","0a7b18c4-2592-40be-98e2-2f2a5cc934f8",,"Le Creuset Coupe Side Plate 22 Sea Salt","1 pc","Tableware","Le Creuset",,,1720.4285714285713,2200,,19.72969,21.7987012987013,0.02079020542480564,0.02923,0.00468,0.00682,0,1748.2904656319288
"2026-04-01","40e4c7b0-38f2-446b-86b4-6496c21c029c",,"BAY6 Hammer Series Round Melamine Round Serving Bowl -7.5"" - Grey - Set of 2","1 pack (2 pcs)","Tableware","BAY6",,,179,499,,0.59805,64.12825651302605,0.023577982970404577,0.01496,,,,89.5
"2026-04-01","3055af4b-5296-4485-99fa-34c2236a1cf2",,"Borosil 500 ml Serving & Mixing Bowl with Lid, Borosilicate Glass Multipurpose Bowl","1 pc","Tableware","Borosil",,,384.8965675822568,465,,15.13454,17.23254260591016,0.1016839497233869,0.14917,0.31153,0.02783,0.93086,384.8787644146556
"2026-04-01","e0b44d5c-e714-4404-83aa-2ad671d37ac7",,"Cello Kids Meal Melamine Dinner Set with Zebra Print | Orange, Set of 4 (Assorted)","1 pack (4 pcs)","Tableware","Cello",,,470.89601473393526,683,,53.61836,31.04029805862893,0.22906931839852107,0.28086,1.59679,1.50541,1.79627,118.15370144228658
"2026-04-01","658dc06c-326c-486f-806e-ccb01f1ecc3b",,"Leather Coaster | Black Coaster with Holder","1 set","Tableware","Birch & Co.",,,370.75214531711123,799,,14.69146,53.597979309497966,0.04530374763932647,0.0368,0.00102,0.00149,0,367.0510180451028
"2026-04-01","06627964-09bd-40c1-898d-5393544582eb",,"Larah By Borosil Ageria 12Pc Dinner Set Opalware Crockery For Dining & Gifting - White","1 pack (12 pcs)","Tableware","Larah by Borosil",,,956.1428571428571,1630,,0.97028,41.34092900964067,0.015403652201105997,0.01502,,,,74.93704156479218
"2026-04-01","05ccaa5a-208e-4cfa-87db-eee1dc3f7361",,"Stehlen Melamine Magic Bowl 5.0 Inch- Garden Set of 2 Pcs","1 pack (2 pcs)","Tableware","stehlen",,,319,1099,,0.00293,70.97361237488626,0.010385652619027907,0.00533,,,,159.5
"2026-04-01","8437cbc9-c540-4f4c-afbe-cf5cd0259158",,"Urban Chef Diamond Ceramic Bowl - Grey 2 Pcs | Set of 2 - 500 Each","1 pack (2 pcs)","Tableware","Urban Chef",,,,,,0,,0,0,,,,
"2026-04-01","ecab31bd-a7f2-435d-936a-cef18c3b0b20",,"Signoraware Bake N Serve Oval Dish | 700 ml | Clear | Oven Safe Dish, Glass Bakeware","1 pc","Tableware","Signoraware",,,228.90625425060122,289,,17.30942,20.79216285796467,0.1433267311892726,0.20068,0.08955,0.06859,0.1353,228.9629645907302
"2026-04-01","330fe38c-457e-4138-892c-f2f21b516181",,"Borosil Glass Serving & Mixing Bowls With Lids, Set of 3 (500 ml + 900 ml + 1.3 L)","1 pc","Tableware","Borosil",,,1296.4679232422923,1845,,28.25375,29.729577025031006,0.55758480440925,0.69124,0.49796,0.4236,0.66028,129628.31414586888
"2026-04-01","f6c6ffc5-440b-4ff6-97f4-30be464e9fc8",,"BAY6 Steel Thali 9 Inch -(4pc)","1 pack (4 pcs)","Tableware","BAY6",,,326.5,999,,0.62958,67.33562831123807,0.07552514625229394,0.04465,,,,83.49018691588785
"2026-04-01","9c1aac2e-b214-4fac-bbbc-2ce010856771",,"Stehlen Melamine Kids Boat Bowl - Crazy Frog","1 pc","Tableware","stehlen",,,113.66666666666667,400,,6.33733,71.58333333333333,0,0,0.00017,0.00025,0,113.66666666666667
"2026-04-01","395a90ed-ea6f-4d07-9bc0-60e23209b53d",,"All Time Perfect Butter Dish, Bpa Free | Assorted","1 pc","Tableware","All  Time",,,79.24609675888902,145,,29.20169,44.65820426014041,0.12884918813890794,0.12575,0.04221,0.06154,0,81.32607144817298
"2026-04-01","8881b534-4af1-40eb-a7b5-748999c65e04",,"Larah By Borosil Red Carnation 13Pc Dinner Set Opalware Crockery For Dining & Gifting - White","1 pack (13 pcs)","Tableware","Larah by Borosil",,,1149.3621158152885,1896.3088235294117,,18.08817,39.4199756297362,2.1064683386879945,2.23769,0.12241,0.01575,0.35523,88.26012580458388
"2026-04-01","9373b35e-e830-49f2-a375-5c240d094d2e",,"Ganesh Camellia Tea Coaster Set For Dining Table For Hot Pots - Coasters For Cups Set Of 6","1 pack (6 pcs)","Tableware","ganesh kitchenware",,,65,153,,0.00656,57.51633986928105,0,0,,,,10.833333333333334
"2026-04-01","98f35143-33f1-4957-894c-175a727f54ff",,"Hosta Homes Natural Jute Brown Leather Bounderied Reversible Table Place Mats | Brown | | Pack of 2","2 pcs","Tableware","hosta homes",,,420.3333333333333,799,,2.8929,47.34178592806225,0.06040499685243529,0.05635,,,,210.7445954292773
"2026-04-01","e371ac93-ab29-45cd-bb7b-758ce6221710",,"Agaro Elite Glass Bowl With Lid, 3 pcs Set, Borosilicate Glass, Round Shape, 500,800,1600 ml","1 pack (3 pcs)","Tableware","Agaro",,,1002.0791304347827,1495,,11.4528,32.97862771441367,0.14127889595492923,0.16526,0.00412,0.00601,0,336.4595477924627
"2026-04-01","555c8265-a2e6-4dd4-bdd1-6b94277cbe8e",,"BAY6 Minto Series Round Melamine Serving Bowl -5.5""-GREEN SPEAKLESpeckle -Set of 2","1 pack (2 pcs)","Tableware","BAY6",,,166.91304347826087,399,,21.41237,58.167157022992264,0.011726620868927874,0.00798,,,,76.89939677752203
"2026-04-01","5ddfe645-9a8e-4b5b-a0d6-8d7866d923b9",,"Birch & Co. Leather Coaster | Brown Coaster Set of 6 with Holder","1 set","Tableware","Birch & Co.",,,370.42424397572194,799,,9.30311,53.63901827587961,0.04175618258638464,0.03387,0,0,0,366.5577804987929
"2026-04-01","55bd28b3-75f5-4d94-a7cd-8a516030630c",,"KVG Plastic Salt & Pepper Shaker Set Spice Sprinkler","1 pc","Tableware","Kvg",,,49.10567998901599,55,,24.81298,10.687029202187,0.04214363641475602,0.06661,0.00456,0.00665,0,49.17632339015155
"2026-04-01","445bcc62-8c0e-4c61-bdf3-c560b5066c07",,"Urban Chef Diamond Ceramic Bowl - Mustard 2 Pcs | Set of 2 - 500 Each","1 pack (2 pcs)","Tableware","Urban Chef",,,299,995,,0.00464,69.94974874371859,0.018805685816074193,0.00999,,,,149.5
"2026-04-01","9cff0500-300b-411b-936e-e7d6fb8f55f5",,"Eha Earth Friendly Serving Bowls | Made With Rice Husk And Bamboo Fibers | Set Of 2|Pink And Green","1 set (2 pcs)","Tableware","Eha",,,764.6307692307693,1473,,5.39749,48.090239699201,0.08351992524746919,0.0758,0.00071,0,0.00225,756.0630549623469
"2026-04-01","99f96168-5d54-46d9-af15-c82270e98867",,"Eha Earth Friendly Serving Bowls | Made With Rice Husk And Bamboo Fibers|Set Of 2|Innocent-Celeste","1 set (2 pcs)","Tableware","Eha",,,795,1785,,6.42815,55.48708372237784,0.11807891671952113,0.09346,0.00603,0.00173,0.01541,798.9745222929936
"2026-04-01","b26d78af-5525-41b3-a252-b09a1afb00d4",,"Larah By Borosil Opalware 11"" Inch Full Plate 6 Pcs Set, White Crockery Set For Daily Use & Gifting, Pack of 1 (6 pieces)","1 pack (6 pcs)","Tableware","Larah by Borosil",,,583.9865618739406,810,,3.07419,27.902893595809807,0.06123660506942752,0.07737,0,0,0,96.48225895749088
"2026-04-01","594610a8-0270-42da-b656-793b68bba475",,"Treo By Milton 750 Oven Safe Mixing Borosilicate Glass Bowl With Quick Lid, 750 ml, Transparent","1 pc","Tableware","Milton Distributor",,,376,405,,1.45565,7.082204155374887,0.01148186345051766,0.0195,,,,388.584996009577
"2026-04-01","cbdc605b-5188-4943-9563-e0bd27c9b47e",,"Borosil Stackable Bowl Set (237 ml)| Borosilicate Glass | Microwave & Dishwasher Safe","1 pack (6 pcs)","Tableware","Borosil",,,484.70778009500634,515,,3.1561,5.728870608616177,0.11193635602582855,0.18289,0.00199,0.00045,0.00536,80.51363713837394
"2026-04-01","ecefe565-3e39-483a-a3d7-689cb0f4131b",,"Birch & Co. Coaster | Heritage Coaster Set of 6 with Holder","1 set","Tableware","Birch & Co.",,,310.5807363576594,799,,3.19539,61.12881897901635,0.030202498426217646,0.02109,0.00005,0.00007,0,315.3636451442421
"2026-04-01","d6eec8a4-9dc8-4291-96e6-f91e55442d21",,"BAY6 Euro Series Round Melamine Veg /Curry Bowl -4.5"" - Daisy Pink - Set of 4","1 pack (4 pcs)","Tableware","BAY6",,,99,249,,2.65164,60.24096385542169,0.05412068475811905,0.03805,,,,24.75
"2026-04-01","0d72884f-e5b1-44d1-8bf0-fa47d4eb62f3",,"Stehlen Melamine 3 - Partition Kids Plate - Oceanic Wonder","1 pc","Tableware","stehlen",,,260.8,965,,0.26063,72.97409326424871,0.01823868021357949,0.00966,,,,288.9270563890326
"2026-04-01","d66b218e-e611-4d41-b943-2a0d908b0ff2",,"Anjali Cutlery Stand Square","1 pc","Tableware","Anjali",,,,,,0,,0,0,,,,
"2026-04-01","836cb75b-247d-4f46-8a3e-8c533f49c7c6",,"Sanjeev Kapoor Skb3190 Baku Coloured Bowl 300 ml - Set of 6 Pcs","1 set  (6 pcs)","Tableware","Sanjeev Kapoor",,,,,,0,,0,0,,,,
"2026-04-01","cf6ba6a9-85f6-47ad-b140-6b09a9766f34",,"Larah By Borosil Ageria 19Pc Dinner Set Opalware Crockery For Dining & Gifting - White","1 pack (19 pcs)","Tableware","Larah by Borosil",,,1619,2695,,0.01472,39.92578849721707,0.02546800164538691,0.02705,,,,85.21052631578947
"2026-04-01","c25358ca-c97b-4fa7-a6e2-9f1b411951b8",,"Birch & Co. Coaster | Mandala Coaster Set of 6 with Holder","1 set","Tableware","Birch & Co.",,,344.6470795072371,799,,17.44268,56.86344622094359,0.4082629339829333,0.31158,0.00882,0.01286,0,348.52890950163413
"2026-04-01","f1af8355-c7dc-4aa5-9d8a-4c4812098331",,"Larah By Borosil Green Herbs 19Pc Dinner Set Opalware Crockery For Dining & Gifting - White","1 pack (19 pcs)","Tableware","Larah by Borosil",,,1619,2695,,6.42053,39.92578849721707,0.2508602887117298,0.26783,0.04583,0.02149,0.09895,85.21052631578948
"2026-04-01","77b4b96a-2b33-4cb2-89b5-829b9d934c96",,"Nestasia Aloha Ceramic Snack Bowl 360 ml Set Of 6","1 pack (6 pcs)","Tableware","Nestasia",,,1061.9496666666664,1550,,1.23366,31.48711827956991,0.014647644731113064,0.0202,,,,200.0137423354221
"2026-04-01","fbbfd862-4ee7-4066-b936-d6be96821fae",,"Oggn Mixwood Round Plate 11 Inch","1 pc","Tableware","OGGN",,,249,1499,,5.59051,83.38892595063376,0.05666275987597028,0.01664,,,,249.00000000000003
"2026-04-01","a04d6c57-4ee1-41c7-ae94-d5f0f291d0c5",,"BAY6 Steel Thali 12 Inch - (4pc)","1 pack (4 pcs)","Tableware","BAY6",,,482.73333333333335,1459.6666666666667,,0.69677,66.98268589563331,0.05666275987597028,0.03268,,,,122.24608919953403
"2026-04-01","e2a66138-6e91-4768-9481-987c6ac8c4b2",,"Le Creuset Coupe Side Plate 22 Shell Pink","1 set","Tableware","Le Creuset",,,1722.3333333333333,2193.351475666667,,44.22671,21.474641841070103,0.02536405061826288,0.03566,0.02196,0.03203,0,1748.7049059387678
"2026-04-01","acafa431-a2f1-455c-8e6c-2474cf040237",,"La Opala Diva Classique Breakfast Set of 4 | Opal Glass Coffee Mug & Bowl for Gifting - Blue Daisy","1 set (4 pcs)","Tableware","La opala",,,433.9789685259424,595,,22.73586,28.10764412595183,0.6940819531164738,0.8635,0.03816,0.05564,0,418.459275411435
"2026-04-01","6cc3f936-08d7-4e55-b052-dd66d4aef157",,"BAY6 Minto Series Round Melamine Veg/Curry Bowl -4.5""-Creame Speckle -Set of 2","1 pack (2 pcs)","Tableware","BAY6",,,,,,0,,0,0,,,,
"2026-04-01","7b576472-e19e-48f6-8540-a1af5d9d688c",,"Eha Earth Friendly Cutlery Set For Dining Table | Travel Cutlery Set Of 4 | Multicolor","4 set","Tableware","Eha",,,363.3666666666667,675,,7.74604,46.29515669515669,0.11481863450517661,0.10952,,,,364.1013447031814
"2026-04-01","48298832-c075-42ae-aeab-802570d00f7a",,"Larah By Borosil Opalware Serving Bowl | 1.24 L","1 pc","Tableware","Larah by Borosil",,,199.69185181527808,255,,30.30936,21.724809087657228,0.23654717728608865,0.32679,0.13358,0.17896,0.03451,199.24761247799458
"2026-04-01","5d5258e8-f8bd-468b-a407-1a0fee412e9c",,"Hosta Homes Natural Jute Brown Leather Bounderied Reversible Table Place Mats | Tan | | Pack of 2","2 pcs","Tableware","hosta homes",,,418.344262295082,799,,6.05898,47.54076924513851,0.11325936909831619,0.10536,,,,210.16337127191156
"2026-04-01","88d031ec-ba05-4e55-91d9-34620815e942",,"Cello Opalware Dazzle Series Scarlet Bliss Dinner Set, 18 Units","1 pack (18 pcs)","Tableware","Cello",,,1117.3080349544578,2099,,16.68278,46.98873759445523,1.3980250786696675,1.26569,0.12227,0.17377,0.00984,60.09460417667502
"2026-04-01","84f656fd-1fcd-4754-b146-8a1ed30a2746",,"Stehlen Melamine 5 Pcs Dona Feeding Kids Set- Bear Stageland","1 set","Tableware","stehlen",,,420.42857142857144,1499,,5.0356,72.0247606931753,0.02833137993798514,0.0125,,,,74.92833168805525
"2026-04-01","08173d67-25ad-4b9c-aafe-20be9f6d9b27",,"Eha Earth Friendly Mixing Bowls | Made With Rice Husk & Bamboo Fibers | Set Of 2 | Sand-Tortilla","1 set (2 pcs)","Tableware","Eha",,,947.0572625102026,2163,,46.02445,56.25933836664554,0.6996801884317714,0.52963,0.24718,0.15036,0.45855,931.9562076297551
"2026-04-01","5491c51e-df19-44e2-8040-a7e12b66ddc3",,"Sanjeev Kapoor Skb3188 Dubai Coloured Bowl 300 ml - Set of 6 Pcs","1 pack (6 pcs)","Tableware","Sanjeev Kapoor",,,439,1055,,0.00054,58.388625592417064,0.009969848510531796,0.00734,,,,73.16666666666667
"2026-04-01","0b16adfb-e556-4286-b897-92d6a46592ba",,"Everest Salt and Pepper Shaker Set","1 pack (2 pcs)","Tableware","Everest Utility",,,112.3272348277323,199,,33.18127,43.61633538020087,0.5345520918265777,0.52354,0.01493,0.02177,0,55.981170741564625
"2026-04-01","8dd1d310-059e-4aa5-8428-090cafbe57a5",,"Urban Chef Listra Ceramic Bowl - Mustard 2 Pcs | Set of 2 - 550 Each","1 pack (2 pcs)","Tableware","Urban Chef",,,426.14285714285717,995,,1.40915,57.17157214644652,0.028209473733448776,0.02201,,,,219.4151533194403
"2026-04-01","865eb148-d572-43b9-a09a-46e83ce8de83",,"Hosta Homes Pure Cotton Geometric Pattern Digitally White& Brown Printed Table Place Mats Pack of 1","1 pc","Tableware","hosta homes",,,194.44444444444446,599,,2.41202,67.53849007605268,0.005660605931572082,0.00311,,,,186.24675324675326
"2026-04-01","66311cc7-d7af-4515-96be-bd555d846866",,"Roxx Ringo Mini Candy Bowl With Dome","1 pc","Tableware","Roxx",,,118.2810776095464,195,,37.92877,39.49130437817165,0.14325774550763573,0.15273,0.05557,0.08103,0,117.6527176769381
"2026-04-01","7b963688-31da-4a6c-9b5c-304ec04b5fac",,"Birch & Co. Coaster | Royal Gaja Coaster Set of 6 with Holder","1 set","Tableware","Birch & Co.",,,286.46666666666664,799,,4.88106,64.14685022945348,0.0075506246065544114,0.005,0.00024,0.00035,0,298.54589371980677
"2026-04-01","f6c87ff9-6430-4ec1-be76-b267f51912df",,"Stehlen Melamine 5 Pcs Dona Feeding Kids Set - Kuko the Horseman","1 set","Tableware","stehlen",,,439,1499,,0.00021,70.71380920613743,0.01416568996899257,0.00734,,,,87.8
"2026-04-01","8f498cbe-c87f-4505-9e8a-24bd798974b7",,"Borosil Stackable Bowl Set (377 ml)| Borosilicate Glass | Microwave & Dishwasher Safe","1 pack (6 pcs)","Tableware","Borosil",,,459.9927219947809,545,,10.53066,15.93152859170747,0.027450631235443376,0.0342,0.00961,0.00619,0.01707,68.89733690342946
"2026-04-01","d944505f-e43a-4bbf-ad41-c60a0a3ea931",,"BAY6 Premium Glass Salt & Pepper Set -(2pc)","1 set  (2 pcs)","Tableware","BAY6",,,215.38062303239678,599,,33.7688,64.01137724642392,0.37609198110672154,0.24057,0.0019,0.00277,0,216.02326603859902
"2026-04-01","277c944f-7381-4179-b5e4-def2a8a72136",,"BAY6 Minto Series Round Melamine Serving Bowl - 5.5""-Creame Speckle -Set of 2","1 pack (2 pcs)","Tableware","BAY6",,,169,399,,2.26998,57.64411027568922,0.04147645982248725,0.03106,,,,84.5
"2026-04-01","8e0f49e6-0831-4a30-837d-fb829dac2c29",,"Larah By Borosil Opalware Mixing Bowl 6 Pcs Set With Lid (500Ml X 1 + 750Ml X 1 + 1000Ml X 1), White","1 set  (6 pcs)","Tableware","Larah by Borosil",,,628.5585966827755,840,,43.14177,25.175838484608672,1.062829321652214,1.4075,0.75071,0.68237,0.89991,104.7449268117864
"2026-04-01","e5e58fd1-2d25-483e-8ef7-75b7262bcd15",,"La Opala Diva Classique Serving Bowl | Opal Glass Crockery Bowl for Serving - White","1 pc","Tableware","La opala",,,,,,0,,0,0,,,,
"2026-04-01","fa7e48d0-a14f-4598-9358-608ec66cb2d6",,"Hosta Homes Pure Cotton Multicolor Sparrows Digitally Printed Table Place Mats Pack of 1","1 pc","Tableware","hosta homes",,,251.46478873239437,599,,11.71102,58.03322998648541,0.10307972851486134,0.07636,0.0007,0.00102,0,250.94410196903223
"2026-04-01","9980ed28-9635-4328-b23f-6547855b3bb0",,"Stehlen Melamine Magic Bowl 5.0 Inch-Yellow Softy","1 pc","Tableware","stehlen",,,159.71186440677965,550,,13.63523,70.96147919876734,0.01039510271240282,0.00508,0.00009,0.00013,0,152.3932584269663
"2026-04-01","b17eea75-b36c-42db-8a98-1383d9f5a68a",,"Eha Earth Friendly 3 Partition Plates | Set Of 2 | Made With Rice Husk Biocomposite | Sand Castle","1 pack (2 pcs)","Tableware","Eha",,,486.7449396306818,1050,,12.30123,53.629230258792305,0.22821975500411645,0.18743,0.11313,0.02263,0.31067,243.84556034192067
"2026-04-01","62c04518-4752-4baa-b034-6dacf432c9a8",,"La Opala Diva Classique Dinner Plate | Opal Glass Full Plate for Dining | Set of 6 - Aster Pink","1 pack (6 pcs)","Tableware","La opala",,,599,870,,0.31238,31.149425287356323,0,0,,,,99.83333333333333
"2026-04-01","36df4bb1-aa45-4d88-b31c-827a230bd67d",,"Pure Cotton Black & Beige Reversible Table Place Mats","1 pack (2 pcs)","Tableware","hosta homes",,,409.3085106382979,799,,7.79289,48.514513978717005,0.21421188159448493,0.20268,0,0,0,214.65437895189496
"2026-04-01","22ab0371-82ad-4c6d-a338-77bcf59d58bf",,"BAY6 Hammer Series Round Melamine Round Serving Bowl -6.5"" - Black - Set of 2","1 pack (2 pcs)","Tableware","BAY6",,,159,398.2923218666667,,44.83565,60.07459340727901,0.35548794252140165,0.25142,0.46799,0.68237,0,79.49999999999999
"2026-04-01","34885e29-fafc-45c8-9c91-95f8e5294d3b",,"Nestasia Leaf Platter","1 set","Tableware","Nestasia",,,1574.72133885851,3265,,5.7668,51.86641392247994,0.7198372376004579,0.60467,,,,1546.7691992168814
"2026-04-01","7a6ecbd7-e1ee-4092-b48e-2b8bd4e98e09",,"Cello Kidzbee Quadmeal Cosmic Explorer Melamine Meal Set for Kids | Set of 3, Navy Blue","1 set  (3 pcs)","Tableware","Cello",,,319,379,,23.26779,15.831134564643786,0.12575144753061188,0.18716,0.18574,0.10527,0.3614,319
"2026-04-01","4c103ea2-01ee-4bc5-8a69-479122b7aa10",,"Yera Antartic 125 ml 6 pcs Ice Cream Bowl Set","1 pack (6 pcs)","Tableware","Yera Glassware",,,195,330,,0.22573,40.90909090909091,0,0,,,,32.5
"2026-04-01","3400c630-af0d-4f87-aed5-94f92e87aab2",,"Nestasia Mandala Snack Bowl Set Of 6 With Chopsticks","1 set (6 pcs)","Tableware","Nestasia",,,971.5360579125461,1615,,5.7026,39.94078625141769,0.6307748325886031,0.66134,0.04576,0.06672,0,955.6848596008656
"2026-04-01","c39e43fa-5841-4bcf-a17f-245da1875e05",,"La Opala Diva Classique Serving Bowl | Opal Glass Crockery Bowl for Serving - Aster Pink","1 pc","Tableware","La opala",,,237.3495145631068,350,,4.34867,32.12244897959184,0.016537663406095394,0.0208,,,,248.3513513513514
"2026-04-01","d1b37f37-4ab6-4ace-b12c-4ddd592c6f46",,"Femora Maggie Soup Microwave Bowl 400 ml 1 Pc Borosilicate Glass Microwave & Oven Safe","1 pc","Tableware","Femora",,,264.7781481481482,300,,5.85205,11.756152927120658,0.0335667316676862,0.05218,0.00347,0.0004,0.01018,262.4951358296622
"2026-04-01","576a2b7f-d936-4a0e-b2ac-4b73888753f6",,"Eha Earth Friendly 6 Partition Plates | Set Of 2 | Made With Rice Husk Biocomposite |Sand","1 set (2 pcs)","Tableware","Eha",,,686.2339003281108,1462,,44.94875,53.06082265875565,0.466427313696177,0.38597,0.35143,0.11712,0.86294,684.2044827448791
"2026-04-01","bb4132cc-603b-490c-b67a-2f9a03571ca4",,"Hosta Homes Pure Cotton Red Elephant Digitally Printed Table Place Mats Pack of 6","6 pcs","Tableware","hosta homes",,,710.3924050632911,1799,,10.56927,60.81967996071239,0.3131534142204725,0.20473,,,,110.87690970340122
"2026-04-01","b6a30493-c01d-40c1-8ebd-964a054698e9",,"Pure Cotton White & Beige Reversible Table Place Mats","1 pc","Tableware","hosta homes",,,236.27710843373495,599,,13.51997,60.43405676126878,0.05660605931572081,0.04014,,,,240.1535926170073
"2026-04-01","4df7180e-61c0-4075-859c-169f1757d9d3",,"Signoraware Round Plate Set | Set of 3 | Yellow | Dinner Plate Set, Serving Plates","1 pack (3 pcs)","Tableware","Signoraware",,,269.03268578215517,360,,63.21509,25.271858147159236,1.3601670596004343,1.79711,4.59555,5.06473,3.57133,89.67350022228256
"2026-04-01","36ab447d-f705-4fef-b207-692e14631710",,"Cello Kidzbee Pentameal Cosmic Explorer Melamine Meal Set for Kids |Set of 3, Navy Blue","1 pack (3 pcs)","Tableware","Cello",,,428.9870995242131,499,,62.30311,14.030851439714255,0.32580425422146664,0.49528,2.5951,2.79523,2.15822,142.99272730562527
"2026-04-01","99be7dab-a933-4873-ab0d-acd3764498f4",,"Kuber Industries Stainless Steel Glass Stand & Spoon - Cutlery Stand/Holder for Kitchen(Silver)","1 set","Tableware","Kuber Industries",,,304.4054054054054,585,,11.32639,47.95855127791963,0.02493218135102942,0.02343,,,,310.80912598808675
"2026-04-01","2accb157-a111-40bf-8827-da91553ff830",,"Princeware Serving Bowl Set of 3 | 650 ml+2000 ml With Serving Spoon- Pink","1 set","Tableware","Princeware",,,,,,0,,0,0,,,,
"2026-04-01","86a99b20-f3af-4293-8e8a-abd91c9f6381",,"Java 12 Inch Plastic Plate with Bowl | 4 Plates and 4 Bowls - Blue","1 set","Tableware","Java",,,392.2325002508777,850,,36.07852,53.824125412542855,0.4121516474067094,0.33505,0.68719,1.00199,0,390.6903082876007
"2026-04-01","55050ae1-dee4-4e59-bfd1-72bcb98f0156",,"Oggn Mixwood Bowl 4 Inch","1 pc","Tableware","OGGN",,,169,1099,,0.67751,84.62238398544132,0.062313915714167445,0.01694,,,,169
"2026-04-01","5e0a5b57-341d-4e82-ba1b-613345336416",,"Pure Cotton White & Beige Reversible Table Place Mats","1 pack (2 pcs)","Tableware","hosta homes",,,447.5344827586207,799,,9.90856,43.93527404259327,0.07799823568850832,0.07845,,,,227.19347142327513
"2026-04-01","5714fb02-92df-4dea-9060-1ee97107de43",,"Yera Delicia Pudding/Dessert Serving Set - 7 pcs","1 set (7 pcs)","Tableware","Yera Glassware",,,261.72727272727275,425,,0.17429,38.41711229946524,0,0,,,,261.72727272727275
"2026-04-01","d3b94861-3794-4d25-8421-e88d9dedff6c",,"Empty Cutlery Holder | Brown","1 pc","Tableware","Bombay Kookware",,,139.1194524636356,350,,56.69706,60.25678524145114,1.4904073014841293,1.04725,0.22932,0.33266,0.00372,139.0828454445052
"2026-04-01","c66df860-32c6-41fb-af7c-767cc03cd4cb",,"Eha Earth Friendly Frosty Mixing Bowl | Made With Rice Husk And Bamboo Fibers|Set Of 3|Multicolor","1 set (3 pcs)","Tableware","Eha",,,646.3913043478261,1430,,2.81817,54.77564102564103,0.09459543468286566,0.07608,,,,650.4108048950353
"2026-04-01","95153377-e2d7-47f2-8a2b-750f6e32c035",,"URGO 480 ml Premium Party Cups | Pack of 10 | Red Disposable Glass","1 pack (10 pcs)","Tableware","Urgo",,,100.97813978993402,199,,26.23547,49.68937273529445,0.5916098656056192,0.52176,0.00531,0.00775,0,9.944393436158471
"2026-04-01","ebba73d5-ece5-41aa-ab06-d22cf0aa1dd1",,"Kuber Industries Dining Table Cover 6 Seater|Table Cloth|Table Cover for Home | Restaurant|Silver","1 pc","Tableware","Kuber Industries",,,229.098275862069,899,,50.92502,74.5090805140367,0.5986010446843788,0.26962,0.00499,0.00727,0,229.25384211422738
"2026-04-01","566b9697-0668-45e7-add6-f760821a555d",,"Stehlen Melamine Kids Toast Plate -Happy Dino","1 pc","Tableware","stehlen",,,245,810,,7.31258,69.75308641975309,0.02296372690103532,0.01228,,,,245.00000000000006
"2026-04-01","47ebd958-dd51-4f89-9c1a-e78fff07f414",,"BAY6 Steel Side / Halwa Plate 5.5 Inch - (4pc)","1 pack (4 pcs)","Tableware","BAY6",,,230.9980430528376,649,,2.65407,64.4131941677954,0.3005224194155655,0.18875,0.00389,0.00567,0,57.744689577225216
"2026-04-01","e9824f63-7b76-40fa-b905-3620bfc593b1",,"BAY6 Hammer Series Round Melamine Dinner Plate -11"" - Black - Set of 2","1 pack (2 pcs)","Tableware","BAY6",,,189.23076923076923,643.0897435897435,,3.81772,70.5470823937241,0.06133110600317664,0.03278,,,,94.92722392638036
"2026-04-01","d2bde246-7f74-401a-a962-f724885b2a8b",,"Frenchware Stainless Steel Cutlery Set of 12 - 6 Spoons, 6 Forks, Rust-free, Perfect for Gifting","1 set","Tableware","Frenchware",,,349,802.0399473134328,,41.40595,56.44848689713412,0.6856751500501522,0.52958,0.05304,0.07733,0,349.00000000000006
"2026-04-01","3a80b544-169e-4f78-8f27-38cf1ad533fe",,"Eha Earth Friendly Round 3 Partition Plates | Made With Rice Husk | Set Of 2 |Sand Castle - Celeste","1 pack (2 pcs)","Tableware","Eha",,,438.6,968,,21.07326,54.691073730245115,0.06577170488004762,0.05214,0,0,0,217.02378439287398
"2026-04-01","7c356671-2514-4f0a-9cc2-f96057faa293",,"Liza Industries Alpine Small | Napkin Holder Box (Colour May Vary)","1 pc","Tableware","Liza",,,139,270,,0.02661,48.51851851851852,0.005103050422452293,0.00465,,,,139
"2026-04-01","ff5a1784-1eec-45fe-9e0f-8b540d3ee49b",,"Eha Earth-Friendly Multipurpose Bowls | 600 ml | Made With Rice Husk Biocomposite | Set Of 4","1 pack (4 pcs)","Tableware","Eha",,,449.90909090909093,847,,6.19563,46.69421487603306,0.03201691635420068,0.03018,,,,112.875
"2026-04-01","7714000a-2af2-4d31-9db1-c1f388b1c940",,"Pure Cotton Multicolor Sparrows Digitally Printed Table Place Mats","2 pcs","Tableware","hosta homes",,,392.7299270072993,799,,14.91786,50.893722787286926,0.10268849464914001,0.08663,0.00002,0.00004,0,381.3508470258565
"2026-04-01","7bfc2df7-2106-4416-87ab-6fe1d7903626",,"Stehlen Melamine 3 - Partition Kids Plate - Green Peas","1 pc","Tableware","stehlen",,,277.6551724137931,965,,3.95559,71.24946912426739,0.0699458111237461,0.03547,0.0136,0.01983,0,276.74971158747616
"2026-04-01","8409890c-49f0-4f50-9b15-ca9d37d6b626",,"Stehlen Melamine 5 Parition Kids Plate - Green Peas","1 pc","Tableware","stehlen",,,224,810,,2.70489,72.34567901234568,0,0,,,,224
"2026-04-01","e3565194-7d17-4d62-b37c-48527b262180",,"Embassy Premium Mixing Bowl / Multipurpose Bowl, 2000 ml (Size 2), Stainless Steel","1 pc","Tableware","Embassy",,,,,,0,,0,0,,,,
"2026-04-01","f2d40720-7653-4541-8ed6-e19846a57905",,"Femora Borosilicate Microwave Bowl Set Gift Set 400 ml 700 ml 1050 ml Gift Set 3 Pcs","1 pack (3 pcs)","Tableware","Femora",,,769.7937037037037,1035,,3.85816,25.62303096887026,0.18681417088194102,0.2507,0.00695,0.00158,0.01868,257.7675634058732
"2026-04-01","5d726e0e-6a67-490f-9a83-343da7a98a01",,"Oggn Mixwood Bowl 5 Inch","1 pc","Tableware","OGGN",,,353.7368421052632,1199,,8.95764,70.51918750469503,0.24984156864591434,0.1311,0.00612,0.00086,0.01759,355.79350531794523
"2026-04-01","6912337b-e16b-408b-8bbf-1ff39b833b26",,"Stehlen Melamine 5 Pcs Dona Feeding Kids Set - Gala Land","1 set","Tableware","stehlen",,,422.5542168674699,1499,,14.15415,71.81092615960841,0.01869889976093769,0.00961,0.01097,0.01599,0,87.01129839218922
"2026-04-01","739c1525-581d-4cd2-b98f-81aa4c67489e",,"Leather Coaster | Tan Coaster with Holder","1 set","Tableware","Birch & Co.",,,371.2085063331829,799,,10.8076,53.55273372144668,0.10283969614313859,0.08378,0.01988,0.02899,0,366.73717044031235
"2026-04-01","5455c8cc-87c1-437c-b40e-9eef10d7d484",,"Cello Kidzbee Pentameal Bamboo Buddies Melamine Meal Set for Kids |Set of 5, Peach","1 pack (5 pcs)","Tableware","Cello",,,655.2020878826046,829,,60.03163,20.654936019241386,0.6790629197157267,0.96669,2.57392,2.1562,3.4858,132.51217180458198
"2026-04-01","40d01788-354f-4da9-8904-3d89ff724261",,"Femora Borosilicate Microwave Bowl Set Gift Set 400 ml 1050 ml Gift Set 2 Pcs","1 pack (2 pcs)","Tableware","Femora",,,,,,0,,0,0,,,,
"2026-04-01","bce3742c-d524-4023-bed7-3b5cbe79a811",,"Eha Earth Friendly Small Snack Plates with Spoons | 6"", 4 pcs, Multi-light | Rice Husk Biocomposite","1 pack (4 pcs)","Tableware","Eha",,,399.0147647647648,679,,48.17529,41.235093505049214,0.6192079182977113,0.64339,0.23373,0.19374,0.32102,99.75388576588837
"2026-04-01","7e6d2124-2485-4e5f-907a-e27c2bebed37",,"Birch & Co. Coaster | Pink Bloom Coaster Set of 6 with Holder","1 set","Tableware","Birch & Co.",,,344.81369047619046,799,,3.4606,56.84434412062698,0.03458167169615171,0.03274,,,,422.8280086836696
"2026-04-01","e3253cac-472b-4788-ae1f-52ee3bed1766",,"La Opala Diva Classique Dinner Set | Opal Glass Crockery for Dining | 6 Pcs - Aster Pink","1 pack (6 pcs)","Tableware","La opala",,,529.2106313322087,850,,60.95098,37.77598770791724,1.4036932446759398,1.5445,2.8818,4.20192,0,88.04378973767449
"2026-04-01","91504866-02b8-4f83-8eac-7f3fec92a5a5",,"Birch & Co. Coaster | Mughal Coaster Set of 6 with Holder","1 set (6 pcs)","Tableware","Birch & Co.",,,304.27613877422317,799,,8.5523,62.15502482861156,0.11982529397520478,0.06942,0.00001,0.00002,0,261.98187737275765
"2026-04-01","ac4f1073-e0e4-4daf-a32e-9cc461709b16",,"Roxx Luminarc Quadro Ice Cream Sundae 30 Cl","1 pc","Tableware","Roxx",,,583.4,975,,55.49913,40.16410256410256,0.004607865529606923,0.00456,0.10155,0.14807,0,549.765204570586
"2026-04-01","c103b02b-5e4c-4aaf-8d10-fc23cb2779aa",,"Cello Kidzbee Cereal Bowl Cosmic Explorer Melamine Bowl Set for KidsSet of 3, Navy Blue","1 pack (3 pcs)","Tableware","Cello",,,165.6600308548872,239,,24.58006,30.764151312435562,0.056670319950670206,0.06678,0.04927,0.06328,0.01867,53.61433004395802
"2026-04-01","327f42ee-7d67-494a-a5e9-4e47ac57d182",,"Borosil Mixing Bowl Set (500 ml + 1.3 L)| Borosilicate Glass | Microwave & Dishwasher Safe","1 pack (2 pcs)","Tableware","Borosil",,,698.2848940486855,865,,15.88122,19.2702530388901,0.21555662988173488,0.30801,0.0668,0.0253,0.15738,349.20678092293434
"2026-04-01","4fb857ba-61d4-46d5-a266-e8fc36353a8c",,"Nestasia Side Bowls Set Of 4 Nitori","1 pack (4 pcs)","Tableware","Nestasia",,,726.9409181096681,1500,,1.84983,51.537272126022124,0.1322540567818886,0.11493,,,,183.38134135330628
"2026-04-01","e587fb17-09f2-4146-8dcd-6e91c1e6f83b",,"Ocean Stack Glass Bowl (4 inch)","1 pack (6 pcs)","Tableware","Ocean Glassware",,,404.02378574199093,443.8439965416666,,68.87451,9.620901883736126,0.7582074517306117,1.19797,0.77178,1.12533,0,66.05308665551217
"2026-04-01","e8fc6657-ed66-41c4-aa77-eb270b11c705",,"Stehlen Melamine 5 Pcs Feeding Kids Set -Maria Mermaid","1 set","Tableware","stehlen",,,,,,0,,0,0,,,,
"2026-04-01","bc82ef29-21a7-4ef1-81f5-594c21efaef3",,"Hosta Homes Pure Cotton Black & Beige Reversible Table Place Mats Pack of 1","1 pc","Tableware","hosta homes",,,239.1846153846154,599,,16.48161,60.213100265147794,0.09623030083672537,0.06362,0,0,0,224.1603533637511
"2026-04-01","f197cd3e-b3ee-43c6-b6fd-50f0ee11d99f",,"Stehlen Melamine Magic Bowl 5.0 Inch- Green Jasime Set of 2 Pcs","1 pack (2 pcs)","Tableware","stehlen",,,297.95652173913044,1099,,6.6927,72.7683474004581,0.10385652619027909,0.05036,0.02086,0.03042,0,150.69720228903626
"2026-04-01","0ae6c82f-acb5-4cd0-aec5-530b8f701977",,"Urban Chef Ramekin Ceramic Bowl - Sea Yellow 2 Pcs | Set of 2 - 225 Each","1 pack (2 pcs)","Tableware","Urban Chef",,,,,,0,,0,0,,,,
"2026-04-01","1ef99364-c1bf-4fb0-8fed-3738b74aa652",,"Stehlen Melamine Magic Bowl 5.0 Inch-Yellow Softy Set of 2 Pcs","1 pack (2 pcs)","Tableware","stehlen",,,315.9122807017544,1099,,6.06294,71.24504557301707,0.062313915714167445,0.03125,,,,155.85264028885211
"2026-04-01","eb6487a5-2e01-43e9-8296-f1236e075355",,"La Opala Diva Classique Serving Bowl | Opal Glass Crockery Bowl for Serving - Blue Mystique","1 pc","Tableware","La opala",,,235.36363636363637,350,,2.69162,32.753246753246756,0.013891637261120133,0.01681,,,,239.37135278514592
"2026-04-01","db279143-8ff5-4694-9dd5-7237ba3d44ec",,"Cello Ornella Toughened Glass Mixing Bowl with Premium Lid (500ml, 1000ml, 1500ml), Set of 3","1 set  (3 pcs)","Tableware","Cello",,,763.6575342465753,1099,,2.41344,30.531441359466836,0.08443563929549813,0.10292,0.00051,0.00075,0,252.55299503327814
"2026-04-01","3adbc194-c51c-4924-b1e8-fac4c290e44b",,"BlackCarrot Fifty Fifty Dinner Plates Set of 2(Black & White, AnimaL Bone Ash Free Stoneware)","1 pack (2 pcs)","Tableware","BLACKCARROT",,,693,2199,,2.89281,68.4856753069577,0.062342265994292184,0.03474,,,,346.5
"2026-04-01","3d218f82-145a-4142-8de3-e889ce1bcdfa",,"Hosta Homes Pure Cotton Geometric Pattern Digitally Printed Table Place Mats | Blue","1 pc","Tableware","hosta homes",,,236.7377049180328,599,,11.24286,60.455714479086765,0.0414925249812246,0.02927,0,0.00001,0,238.88560036804174
"2026-04-01","67fd60e3-5972-4e6b-bf95-a84ffee4aa8d",,"BAY6 Glass Dessert Bowl Set - 4.5 Inch -(2pc)","1 pack (2 pcs)","Tableware","BAY6",,,,,,0,,0,0,,,,
"2026-04-01","33187958-0558-4363-8c5a-8dc5e5a41fdf",,"Princeware Two Tone Bowl No. 2- Medium | Dia 264 x 88 Mm- Pink","1 pc","Tableware","Princeware",,,40.411764705882355,118,,1.35192,65.87867975022301,0.004460444072958301,0.00261,,,,39.049281314168375
"2026-04-01","8d1e51e0-9bbc-46ce-9ee7-3a81a9846655",,"Stehlen Melamine Magic Bowl 5.0 Inch- Pink jasmine Set of 2 Pcs","1 pack (2 pcs)","Tableware","stehlen",,,308.2244897959184,1099,,7.32683,71.95409555997104,0.010385652619027907,0.0046,,,,138.20967741935485
"2026-04-01","5891d470-82c5-43ea-b986-096f4de2c043",,"La Opala Diva Classique Dinner Plate | Opal Glass Full Plate for Dining | Set of 6 - White","1 set","Tableware","La opala",,,466.74435454778194,630,,28.67907,25.901485917566085,0.6810871297166328,0.8912,0.10435,0.15215,0,465.8711301730818
"2026-04-01","c8e9a19a-baab-4504-be9a-2f54f0bdda95",,"Nestasia Mandala Snack Dish Set Of 2 - Red Green","1 pack (2 pcs)","Tableware","Nestasia",,,368,650,,0.06104,43.38461538461539,0.012285121387385151,0.0123,,,,184
