"Date","Product ID","Item ID","Product Name","Grammage","Category","Brand","Offtake MRP","Offtake SP","SP","MRP","Units","Wt. OSA %","Wt. Discount %","Est. Category Share","Est. Category Share SP","Overall SOV","Organic SOV","Ad SOV","Wt. PPU (x100)"
"2026-03-01","053dad6d-c088-45c9-bd7e-cd4cd6118cf9",,"Kuber Industries Tinted Print Plastic Bucket with Handle | 24L for Home | Pack of 2 | Black","1 pack (2 pcs)","Bath & Laundry","Kuber Industries",,,339,1599,,0.25118,78.79924953095684,0.005396854866646453,0.0026,,,,149.71052631578948
"2026-03-01","12086b3d-5c52-4cf6-8510-b993302c8963",,"Lushomes Shower Curtain - Black/White | Printed Swirly Triangles | Water-Repellent | 72 x 80 inch","1 pc","Bath & Laundry","Lushomes",,,347.88099594056916,1499,,32.96726,76.75537012787764,0.04270096874975877,0.02814,0.03398,0.01845,0.07948,380.8297537384123
"2026-03-01","8e4ea512-1570-47cd-8c4c-3bc9ffba6f62",,"Jalore Plastic Bucket | Frosty Purple |25 L","1 pc","Bath & Laundry","jalore",,,,,,0,,0,0,,,,
"2026-03-01","368fda24-7c2d-44fb-b40d-3fae41455b6d",,"Kuber Industries Unbreakable Strong Plastic Bathroom Bucket 13 L (Green)","1 pc","Bath & Laundry","Kuber Industries",,,201.01834033613446,499,,35.32214,59.71489208030686,0.21539222413742964,0.22378,1.05896,0.73465,2.00894,201.02750628293302
"2026-03-01","f1149ffd-d642-4a05-8495-d6334afb9727",,"Jatin Civic Plastic Cloth Hanging Clips Set of 12 pcs | Assorted Combo","12 pc X 6","Bath & Laundry","Jatin",,,300,474,,18.57143,36.70886075949367,0.0015998181405818754,0.00266,,,,300
"2026-03-01","fb24e330-c273-48dd-9dd6-a57ed34b5598",,"GLOXY Soap Holder for Bathroom Wall Mounted Soap Dish Stand Bathroom Accessories SS304","1 pc","Bath & Laundry","GLOXY",,,286.2399068322981,1499,,4.82364,80.90460928403616,0,0,,,,286.2399068322981
"2026-03-01","8d3dff7f-2c17-4026-bbfc-6fb0a189ee04",,"Lushomes Shower Curtain - Blue | Printed Bird | Non-PVC | Water-Repellent | 72 x 72 inch","1 pc","Bath & Laundry","Lushomes",,,268.2176582633053,1499,,13.83921,82.1068940451431,0.029799481740530456,0.01424,,,,273.1316478604559
"2026-03-01","bb636972-c82f-4e1c-8258-2f05ea603973",,"Flair Estella Home Bucket 24 L - Blue","1 pc","Bath & Laundry","Flair",,,358.33875089119084,550,,40.38352,34.80704114104262,0.35950613733879944,0.604,0.99542,1.29006,0.13238,358.76560924893795
"2026-03-01","675dd31b-64b3-49bb-accc-f2c334dac937",,"Kuber Industries PVC Waterproof Stone Print (7 Feet) Shower Bathroom Curtain | Transparent","1 pc","Bath & Laundry","Kuber Industries",,,303.23565151259015,649,,14.71705,53.30241066124382,0.07914205837433357,0.09502,,,,302.0394761235451
"2026-03-01","54ee7253-b133-4ac6-ace1-b39623933b6e",,"Lushomes Shower Curtain - Black | Tree Printed | 12 Eyelets | 12 Hooks | 6 x 6.5 ft","1 pc","Bath & Laundry","Lushomes",,,560.30418524712,1499,,9.7597,62.62146862927818,0.01183932926905718,0.0118,0.02892,0.01582,0.0673,578.2907739744084
"2026-03-01","307029e3-9fba-4c6a-9d29-40ef02043853",,"Kuber Industries Pack of 2 Plastic 1.5 Litre Lightweight | Unbreakable Bathroom Mug (Light Brown)","1 pack (2 pcs)","Bath & Laundry","Kuber Industries",,,89.978385707277,399,,22.00491,78.05214177839548,0.18145279106517404,0.09651,0.47336,0.08072,1.6235,41.574832399943844
"2026-03-01","16112830-58f0-469c-9134-f60e68f3e88e",,"Joyo Plastics Fantacy Hand Soap Dispenser (Colour May Vary)","1 pc","Bath & Laundry","Joyo",,,95.25017922412574,122,,68.7807,22.546224566745156,0.5233322401356426,1.03891,0.60407,0.70575,0.30621,94.45097759439888
"2026-03-01","ebea295a-873c-40dd-860e-601e3d149a8b",,"Perpetual Bathroom Organizer | Aluminium Corner Shelf | Rack Without Drilling | 2 Pcs","2 pcs","Bath & Laundry","Perpetual",,,703.3528981830245,2299,,38.8944,69.4114558612547,0.18770119470158592,0.14767,0.00897,0.01203,0,701.4836548456216
"2026-03-01","86768197-714f-4421-8647-3cd6eb35312c",,"BAY6 Royce Bucket 20 L - Blue","1 pc","Bath & Laundry","BAY6",,,274.22191025980914,749,,14.81652,63.53070466001624,0.12902769563855782,0.11729,0.42083,0.5645,0,267.1982253489928
"2026-03-01","0a3bee95-2ace-4cef-b58d-ff6070b8bfd0",,"Cello Petal Bathroom Small Set of 3 Transparent Sturdy and durable Lightweight & Easy clean","1 set  (3 pcs)","Bath & Laundry","Cello",,,600.9613664444233,1149,,26.94601,48.02706659083795,0.47401261447938375,0.62903,0.05328,0.07147,0,591.7704442441187
"2026-03-01","49b16444-2bee-4b08-82be-b745bd591849",,"Ratan Plasticware Premia Bucket (18L X 1) - Mint|Light Weight And Easy To Carry","1 pc","Bath & Laundry","Ratan Plasticware",,,311.1173742865022,749.9154536842104,,31.16246,58.18083132460017,0.13112433494009676,0.13004,0.31535,0.42216,0.0025,315.7896402869144
"2026-03-01","5c5214b0-6594-4845-a2d7-092b82288cec",,"Kolorr Luxe Bucket | (Bucket 18L X 1) - Ratan Lt Brown| Bathroom Bucket | Strong Bathroom Bucket","1 pc","Bath & Laundry","Kolorr",,,312.76049962027224,599,,20.00613,47.15449190224894,0.03891844514184714,0.06104,0.06787,0.09104,0,311.05037165521327
"2026-03-01","c91115cb-8039-4393-a272-fa39b8102a20",,"Perpetual Bathroom 1Shelf + 1Soap Dish Holder | Self-Adhesive Rack for Wall | Pack of 2","2 pcs","Bath & Laundry","Perpetual",,,172.81499221543538,798.9604938222222,,48.18726,78.66493452896647,4.8380512156874795,2.60744,1.97088,0.8708,5.19331,170.4085791087418
"2026-03-01","ca2ad4e2-167d-46ab-a3dc-da7aaa65aaf8",,"GLOXY Square Shape Stainless Steel Double Soap Holder for Bathroom Accessories & Fittings Rust Free","1 pc","Bath & Laundry","GLOXY",,,378.5940476190476,999,,0.74047,62.45632078965412,0.016858843063726724,0.02007,,,,371.1720372538382
"2026-03-01","caf392b8-0741-4d1d-94e4-ddaeaaf4ea8a",,"Flair Estella Home Bucket | 8 L | Beige","1 pc","Bath & Laundry","Flair",,,146.48783433306411,223.26788905405402,,5.70347,35.55883900449739,0.09075221538232427,0.14929,0.11639,0.15612,0,142.51503617625107
"2026-03-01","f5fcf7b3-0b24-4030-b165-2dbcf11462a7",,"Plastic Bathroom Mug | 1 L | Multicolour","1 pack (2 pcs)","Bath & Laundry","Kuber Industries",,,101.00239130434782,499,,14.33915,79.75905365811457,0.03619335407284756,0.01889,0.0125,0.00545,0.03315,50.500012715587
"2026-03-01","c35c87c7-fd3a-4305-b5e5-989355f5d2d6",,"Ratan Plasticware Premia Pack Of 1 Mug 1.5L -Desert Rose","1 pc","Bath & Laundry","Ratan Plasticware",,,69.8136593667184,160,,51.31246,56.23261385722816,0.03921107010553586,0.04459,0.19171,0.03302,0.65658,70.29202713758173
"2026-03-01","ae98cde3-cef3-4f59-840c-fce224671b98",,"BAY6 Regent Tub 15 L - Grey","1 pc","Bath & Laundry","BAY6",,,192.8011907497931,549,,11.72821,64.88896282862325,0.35202513120251305,0.31487,0.09076,0.04136,0.23545,192.98283611878836
"2026-03-01","4f1bdca3-7e75-4e18-8695-c06782aa2b5e",,"Plantex Stainless Steel Folding Towel Rack for Bathroom - 24 Inch, 304 Grade, Chrome Finish","1 pc","Bath & Laundry","Plantex",,,1079.6604938271605,4200,,6.77482,74.29379776601999,0.031186328310077064,0.02162,,,,1128.3186111409252
"2026-03-01","adbde15d-4a68-4a49-841d-426d2b4223f9",,"Jalore Plastic Tub | Beige |32.50 L","1 pc","Bath & Laundry","jalore",,,,,,0,,0,0,,,,
"2026-03-01","c2d35438-71f6-435e-b10a-b7d1b35140b9",,"Liza Industries Newton Bathrrom Set Jumbo 7 Pcs - 25 Bkt, Tub 30, Soap Dish, Cloth Brush (Colour May Vary)","1 set (6 pcs)","Bath & Laundry","Liza",,,1168.983870967742,2800,,2.29043,58.25057603686636,0,0,,,,1168.983870967742
"2026-03-01","a7cbaa74-184d-412c-b1b0-39315cc7ef26",,"GLOXY Soap Dish for Bathroom Kitchen Rust Proof Soap Holder for Bathroom Accessories SS304","1 pc","Bath & Laundry","GLOXY",,,270.8181818181818,1349,,1.38191,79.92452321585013,0,0,,,,270.8181818181818
"2026-03-01","ccf7148e-8ae3-426f-abc3-60e047608b85",,"Ratan Plasticware Premia Bucket (5L X 1) - Diaso Grey|Light Weight And Easy To Carry","1 pack","Bath & Laundry","Ratan Plasticware",,,158.6436030364702,349.389899,,10.04549,54.33567961133712,0.023435310673270572,0.02782,0.10192,0.1365,0.00063,157.9347050052875
"2026-03-01","bfa1372a-04c0-4b91-8d81-7a44a55b3be9",,"Kuber Industries Tub-Bucket with Mug & Stool Bathroom Combo Set|Set of 4|Gray","1 set  (4 pcs)","Bath & Laundry","Kuber Industries",,,679.2515182884748,3399,,17.52065,80.0172511062741,0.9311916994732146,0.48026,0.20537,0.05745,0.63869,679.3041581734916
"2026-03-01","31f46111-14d9-43ab-9540-9fbac69b3604",,"Lushomes Shower Curtain - Multi | Tree Printed | 12 Eyelets | 12 Hooks | 6 x 6.5 ft","1 pc","Bath & Laundry","Lushomes",,,727.2402118838743,1499,,66.53399,51.44689856373889,0.1262810036495166,0.17768,0.06744,0.03385,0.16585,762.6527246842106
"2026-03-01","ab1c6eed-d9f9-4280-91da-7e064d894d75",,"GLOXY Soap Dish for Bathroom Kitchen Rust Proof Soap Stand Bathroom Accessories SS304","1 pc","Bath & Laundry","GLOXY",,,365.7619047619047,1349,,4.84964,72.88644145575206,0.004553068927520991,0.00304,,,,349.06194347657765
"2026-03-01","160c60ec-e68b-402e-b918-3cdd6605d16d",,"Ratan Plasticware Gloria Pack Of 1 Mug 1L -Lt Brown","1 pc","Bath & Laundry","Ratan Plasticware",,,53.42097599266184,120,,18.11875,60.03142475245253,0.016492302451770625,0.01266,0.0639,0.0836,0.00617,41.317481697899034
"2026-03-01","715420ef-375b-4282-9a1f-51e11436edef",,"GLOXY Soap Dish with Glass for Bathroom Wall Mounted Soap Holder Bathroom Accessories SS304","1 pc","Bath & Laundry","GLOXY",,,498.2857142857143,2099,,1.99039,76.26080446471109,0.014168853489794752,0.01078,,,,521.461337140138
"2026-03-01","e39cdb60-a3f4-467b-b728-f9592b2cd9fc",,"GLOXY Stainless Steel Double Soap Holder Rust Proof Soap Stand Bathroom Accessories","1 pc","Bath & Laundry","GLOXY",,,330.67737280640506,1198,,0.03456,72.39754817976585,0.004043422220289213,0.00217,,,,283.5537447532562
"2026-03-01","0020d24f-e4e2-4a3b-a985-1b09aa21d2ea",,"Perpetual Handwash Soap Dispenser | Refillable ABS Plastic for Bathroom & Kitchen (White)","1 pc","Bath & Laundry","Perpetual",,,162.20510485665935,599,,19.13629,72.94834971445866,0.11889753916779318,0.08262,0.07781,0.10437,0,162.20969215889025
"2026-03-01","114bbac5-4b8d-4b58-bb31-fb4b4d5d0575",,"Perpetual Leakproof Travel Soap Case, Waterproof Container with Draining Layer, Pack of 2","1 pack (2 pcs)","Bath & Laundry","Perpetual",,,214.8323828467912,899,,17.70463,76.10829675124727,0.22662875273157557,0.13748,0.28767,0.38588,0,107.43058907659335
"2026-03-01","6216132c-4e51-4cd1-9c7a-b528e6ae0f74",,"Soham Housewares Double Layer Liquied Soap Dispenser","1 pc","Bath & Laundry","Soham Housewares",,,127.15591554634173,199,,85.2319,36.335439129162744,1.2859820859554294,2.13196,1.96241,2.57475,0.16874,126.6900778718591
"2026-03-01","fab8d62a-49bc-4115-8902-77e430684ad0",,"Jalore Square Plastic Bucket Combo | 25 L Bucket + 1.5 L Mug + 37 Cm Stool | Grey","1 set (3 pcs)","Bath & Laundry","jalore",,,753,1799,,2.08019,58.143413007226236,0.006071883617946822,0.00656,,,,753
"2026-03-01","f142bbcc-cde8-4f5f-b660-428512c97d37",,"Perpetual Bathroom Organizer | Self Adhesive Shelf for Wall | Rack Without Drilling | 2 Pcs","2 pcs","Bath & Laundry","Perpetual",,,203.52923911372199,699,,44.111,71.24431682915957,1.3891720435948387,1.00808,0.27346,0.18087,0.54466,200.68229466263782
"2026-03-01","dfb17f4a-a251-4b09-870e-2b4488a3a07e",,"Kuber Industries Flower Design Multipurposes Plastic Sitting Stool (Cream) (HS39KUBMART023880)","1 pc","Bath & Laundry","Kuber Industries",,,869.4625389790474,2299,,6.85621,62.212626309960044,0.06991272777217926,0.0579,0.0043,0,0.01691,779.5990231574832
"2026-03-01","7655c98d-b105-44cd-a99c-e8afdcb8f85d",,"Kuber Industries Tub-Bucket with Mug & Stool Bathroom Combo Set|Set of 4|Beige","1 set  (4 pcs)","Bath & Laundry","Kuber Industries",,,639,3399,,5.29578,81.20035304501323,0.2729215494670037,0.13234,0.03538,0.02197,0.07467,638.9999999999999
"2026-03-01","09e756f6-83a8-4113-bafb-e57c345165e4",,"Kolorr Lux Pack Of 1 Mug 1.5L -Sand Stone","1 pc","Bath & Laundry","Kolorr",,,61.36165890978165,140,,34.08968,56.12360426363649,0.003024128805825655,0.00329,0.01232,0.01653,0,61.40914915346896
"2026-03-01","a4134464-4b31-4cfc-ae34-46d241d42177",,"BAY6 Royce Bucket 25 L","1 pc","Bath & Laundry","BAY6",,,401.02687603565874,999,,25.43863,59.510306263265804,0.2719336448894756,0.28488,0.20155,0.27036,0,418.67028242092994
"2026-03-01","c23e11f9-584b-47c0-a080-d460fa29ef2c",,"Sparkmate By Crystal Premium Soap Dispenser 2 In 1 - Ss Scourer & Sponge With Scrubber","1 pc","Bath & Laundry","Sparkmate By Crystal",,,217.23536966347692,399,,47.152,45.53408359827166,0.1666386100891361,0.23508,0.03422,0.0459,0,218.02883785366274
"2026-03-01","e58ae53d-9c8e-4aa9-b048-1f7871e22f41",,"Jalore Square Shaped Plastic Stool | Blue |28 cm","1 pc","Bath & Laundry","jalore",,,202.95833333333334,420,,1.44515,51.676587301587304,0.0014175603777307757,0.00165,,,,189.57494279176203
"2026-03-01","1663cb8b-d288-4ec9-801a-fcde1c379c90",,"Lushomes Shower Curtain - Multi | Kids Printed | 12 Eyelets | No Hooks | 6 x 6.5 ft","1 pc","Bath & Laundry","Lushomes",,,788.4529901258162,1989,,6.347,60.35932679106002,0.0024166029296553227,0.00279,,,,761.5067477255354
"2026-03-01","84ae42c1-5660-4855-9144-42dca3da185f",,"BAY6 Royce Bucket 5 L - Grey","1 pc","Bath & Laundry","BAY6",,,102.2822441233154,249,,4.11013,58.34207731763902,0.10532878623790444,0.10978,0.03695,0.04956,0,104.3891043531074
"2026-03-01","83944256-5988-4a02-8bc8-31be803e47d7",,"Kuber Industries Unbreakable Strong Plastic Bathroom Bucket 13 L (Green) -CTKTC42951","1 pc","Bath & Laundry","Kuber Industries",,,181.53687309349206,399,,12.33059,56.67598213971256,0.22066791134321773,0.23842,0.5728,0.35153,1.22094,168.33614461328216
"2026-03-01","8ffcdde7-d10f-45bc-baab-e826bfb8aa2c",,"Kuber Industries Bucket for Bathroom | 16L | White","1 pack (2 pcs)","Bath & Laundry","Kuber Industries",,,199,699,,1.95455,71.53075822603721,0.011536578874098962,0.00847,,,,99.5
"2026-03-01","ce508e24-c2b1-45b4-a37f-00344ba4e216",,"Jalore Square Plastic Bucket | White |20 L","1 pc","Bath & Laundry","jalore",,,297.90214770984005,665,,16.18007,55.358698846959435,0.04320622777010709,0.04723,0.00853,0.01144,0,282.2456514686407
"2026-03-01","c4cbbbb5-c6ec-45b2-b931-e5d66a7be1df",,"Perpetual Adhesive Aluminium Bathroom Shelf | Wall Rack for Kitchen/Bath | 2 Pcs | Black","2 pcs","Bath & Laundry","Perpetual",,,610.6189024819312,1899,,54.77472,67.92834544003549,2.281362944418547,1.84142,0.38691,0.30465,0.62787,607.1466981977974
"2026-03-01","2859d89c-658f-4c63-b787-781b7be5e4bc",,"Lushomes Shower Curtain - Heavy Duty Gold Beige | Water-Resistant | 8 Eyelets | 48 x 78 inch","1 pc","Bath & Laundry","Lushomes",,,301.77626252424045,775,,13.89625,61.06112741622704,0.004028234073384955,0.00445,0.11936,0.07524,0.24859,312.7354824532658
"2026-03-01","7f45f844-953e-46f6-9fa4-edcf24e5ff3b",,"Lushomes Shower Curtain - Sky Blue | Heavy Duty | 72 x 80 inch","1 pc","Bath & Laundry","Lushomes",,,535.2319141722368,999,,13.78966,46.42323181459092,0.006035769579752253,0.00757,0.07051,0.01105,0.24468,487.4820328519322
"2026-03-01","6aa7d988-d60c-4626-90cf-4a9577f226ba",,"Kuber Industries Printed Plastic Bathroom Combo Set | Set of 5 | Grey","1 set  (5 pcs)","Bath & Laundry","Kuber Industries",,,1200.065,3199,,2.59012,62.4862457017818,0.026237017505542762,0.02431,0.02934,0.00142,0.11112,1168.5448654513787
"2026-03-01","ccb3bac6-7673-48db-8211-7078178aa9b5",,"Joyo Better Home Bucket 25 L | Assorted Colours Combo","807 g X 3","Bath & Laundry","Joyo",,,1063.2592325989162,2148.6808105,,27.77213,50.51571981268382,0,0,0.06558,0.08797,0,43.918183915692524
"2026-03-01","8f578bc9-5a7a-4899-aceb-b7b66dfe7767",,"Kuber Industries Tub-Bucket with Mug Bathroom Combo Set|Set of 3|Brown","1 set (3 pcs)","Bath & Laundry","Kuber Industries",,,499,2599,,2.7121,80.80030781069642,0.12447462671103682,0.06164,0.12471,0.11794,0.14452,499.00000000000006
"2026-03-01","b80322d5-82eb-4017-a126-db8335bc8358",,"Kuber Industries 5x18 Inch Stainless Steel Wall Shelf | Kitchen Shelf for Toiletries | Silver","1 pc","Bath & Laundry","Kuber Industries",,,502.06410256410254,2899,,3.3123,82.68147283324932,0.016340083468352393,0.00667,,,,459.23013311957465
"2026-03-01","c93285ab-be20-46eb-98f4-389614ca97d2",,"Lushomes Shower Curtain - Tripy Printed | Waterproof | 12 Eyelets | No Hooks | 6 x 6.5 ft","1 pc","Bath & Laundry","Lushomes",,,794.1435965654715,1999,,12.00577,60.272956650051455,0.002563759197438803,0.00269,,,,810.8250920557716
"2026-03-01","c0255f78-c2f0-4faf-872d-bcd6b4269888",,"Ratan Plasticware Frosty Checks Print Pack Of 1 Mug 1L -Beige","1 pc","Bath & Laundry","Ratan Plasticware",,,39.7364935919736,99,,21.75873,61.90255326596005,0.01800099171092695,0.01569,0.05955,0.04353,0.10649,35.33862362110483
"2026-03-01","7c91f287-a976-43b2-b1aa-03b04d6d56bb",,"Lushomes Shower Curtain - Dark Brown | Water-Resistant | 8 Eyelets | C-Rings | 48 x 78 inch","1 pc","Bath & Laundry","Lushomes",,,340,775,,13.0492,56.12903225806452,0.0029036361737185385,0.00308,0.07595,0.04341,0.17128,320.56260109996765
"2026-03-01","5a550b63-7670-4357-ad91-554a1477c57f",,"Kuber Industries Durable Plastic Bath Tub for Baby Bathing|Washing Clothes|26 Liter|Cream","1 pc","Bath & Laundry","Kuber Industries",,,269.0563640563641,699,,6.75271,61.48834399999588,0.3991347127270145,0.39726,0.0262,0.03037,0.01399,269.2115746102637
"2026-03-01","ff911381-d977-47b9-bdfd-44302f7ae50d",,"GLOXY Double Soap Holder for Bathroom Rust Proof Soap Stand Bathroom Accessories SS202","1 pc","Bath & Laundry","GLOXY",,,295.28661034306197,1299,,7.02442,77.26815932693903,0.004384311739695899,0.00326,,,,373.14062070777646
"2026-03-01","6d0d09d2-eaf9-429a-800c-60371c2b2634",,"Kuber Industries Unbreakable Virgin Plastic Bathroom Bucket with Mug Set | 30 x 30 x 29 CM | White","1 set  (2 pcs)","Bath & Laundry","Kuber Industries",,,331.38518518518515,699,,2.47402,52.59153287765591,0.014674450024518731,0.01516,,,,280.3097669307203
"2026-03-01","6d638537-417e-4c7b-aced-c6f072b5ee0b",,"Lushomes Shower Curtain - Gold | Fish Printed | 12 Eyelets | No Hooks | 6 x 6.5 ft","1 pc","Bath & Laundry","Lushomes",,,829,1989,,0.00125,58.32076420311714,0,0,,,,828.9999999999999
"2026-03-01","4dc1b4f9-42ab-41ed-bf6b-4200effe9047",,"Kuber Industries 2 Pieces Plastic 8 L Bucket with Lid & 1 Pc 1.2 L Mug Combo Set | Transparent","1 set","Bath & Laundry","Kuber Industries",,,326.02941176470586,1299,,0.31101,74.90150794728977,0.005348927825304127,0.00483,,,,450.7924470559431
"2026-03-01","8d40688d-752e-4184-a5da-a744987ce67b",,"Kuber Industries Plastic (Set of 2) 16 L Bucket Set for Bathroom with Handle and Mug (Blue)","1 set  (2 pcs)","Bath & Laundry","Kuber Industries",,,209,599,,0.94129,65.1085141903172,0.01198884813747021,0.01079,,,,209
"2026-03-01","87574a94-8370-4f24-9017-2f8ad4ae271c",,"Perpetual Bathroom Shelf & Soap Dish Holder | Adhesive Rack | 2 Shelves + 2 Holders","1 pc","Bath & Laundry","Perpetual",,,252.43589765351192,799,,36.44641,68.65879924203436,0.9357164171931809,0.75015,0.13896,0.1823,0.012,249.75858470860862
"2026-03-01","1f62d5ae-866b-46c2-9a15-f5b7b7c6f6a6",,"Perpetual Handwash Soap Dispenser for Wash Basin, 2 Pcs Refillable (White)","2 pcs","Bath & Laundry","Perpetual",,,222.97068664265504,999,,18.18138,77.71008593830909,0.2379810487565696,0.13386,0.02215,0.02972,0,222.33959926727425
"2026-03-01","51b39744-f95d-4ab5-b6b2-aadd71745b8f",,"Gloxy Black Stainless Steel 2 Layer Shelf with Towel Rod for Shelf or Bathroom 15 x 5 x 18 inch","1 pc","Bath & Laundry","GLOXY",,,,,,0,,0,0,,,,
"2026-03-01","5626e198-fa74-4857-bfb9-37b0cdc233d8",,"Lushomes Shower Curtain - Green | Striped Satin Stripe | Hooks | 12 Eyelets | 6 x 6.5 ft","1 pc","Bath & Laundry","Lushomes",,,476.3706872975755,999,,24.90476,52.31524651675921,0.022456856498260687,0.02791,0.01165,0.01442,0.00353,476.3870496030762
"2026-03-01","b45de390-4d13-4bfd-8040-3a4ded8384f7",,"Perpetual Self-Adhesive Toothbrush Holder, 1 Pcs Teddy Bear Shaped for Bathroom Storage","1 pc","Bath & Laundry","Perpetual",,,110.74622695661739,499,,15.56367,78.55613900931144,0.0930020862104084,0.04507,0.00375,0.00503,0,101.66282217955582
"2026-03-01","eeff382c-cc90-4412-9ecc-5a08fb276870",,"Jalore Square Plastic Bucket | White |25 L","1 pc","Bath & Laundry","jalore",,,451.0652173913044,835,,1.23967,45.980213486071335,0,0,,,,451.0652173913044
"2026-03-01","b6b3dd81-87e3-4735-9a1e-d6b7b51237b6",,"Lushomes Shower Curtain - Multi | Positive Printed | 12 Eyelets | 12 Hooks | 6 x 6.5 ft","1 pc","Bath & Laundry","Lushomes",,,407.4615352610776,1499,,14.86563,72.81777616670595,0.015380530098378916,0.01151,,,,434.3985590559417
"2026-03-01","2bbc4dc2-eb97-4dd6-b0a9-2d107af6ddf5",,"Heart Home Transparent Small Plastic Bucket - 5 L | For Mopping, Cleaning, Storage","1 pc","Bath & Laundry","Kuber Industries",,,120.88222619909381,499,,6.5419,77.37632094674359,0.4779676079332526,0.26585,1.29851,1.04206,2.0497,109.70227087045907
"2026-03-01","5c826231-57c5-4292-a92f-3a558262fb94",,"Jalore Opaque Plastic Bucket With Plastic Handle | Blue |20 L","1 pc","Bath & Laundry","jalore",,,257.8559014973804,510,,2.28957,49.593913950858585,0.0621397717009555,0.0791,0.03266,0.04381,0,251.25745689582357
"2026-03-01","3356daf5-198e-435e-ba63-036ed1a01e12",,"Kuber Industries Leaf Design PVC Shower Curtain with 8 Hook|Size 7 Feet (Cream | Washable)","1 pc","Bath & Laundry","Kuber Industries",,,215,598,,17.84716,64.04682274247492,0.03247529571068512,0.03012,,,,215
"2026-03-01","33f53117-7b1d-4962-8c10-6b175a044798",,"Flair Estella Home Stool 9 - Gray - Plastic Stool For Bathroom","1 pc","Bath & Laundry","Flair",,,292.0142005420055,480,,8.41866,39.16392294635311,0.0615950234986561,0.09665,0.00702,0.00905,0.00106,292.0134435532632
"2026-03-01","91c336fe-5d6e-4c01-bc97-5f0e9f32e5bd",,"Lushomes Curtain - Brown Melody Sheer | White Based Net | Purple | 54 x 60 inch","1 pc","Bath & Laundry","Lushomes",,,316.9107142857143,849,,5.67498,62.67247181558135,0,0,0.00189,0,0.00743,316.9107142857143
"2026-03-01","7a82efe8-ee91-410a-b6ed-e939fdae9987",,"Kuber Industries 25L Unbreakable Plastic Bath/Washing Tub | Multipurpose | Green","1 pc","Bath & Laundry","Kuber Industries",,,354.7229257229257,799,,3.39798,55.56642360367605,0.04935033946444306,0.05765,,,,360.8034309655369
"2026-03-01","accc85f8-6e6d-4b3e-972d-ba0f49e524c1",,"Kuber Industries Plastic Unbreakable Bucket with Handle|16 Liter|Blue","1 pc","Bath & Laundry","Kuber Industries",,,,,,0,,0,0,,,,
"2026-03-01","7636e701-b264-42ce-be4d-4e9f0636885c",,"Nayasa Jumbo Soap Case","1 pc","Bath & Laundry","Nayasa",,,,,,0,,0,0,,,,
"2026-03-01","a86ec3d6-e748-4d9f-b565-90bf8d62ba79",,"Lushomes Curtain - Gold | Satin | 8 Metal Eyelets | 54 x 60 inch","1 pack","Bath & Laundry","Lushomes",,,430.97924740316046,999,,7.9727,56.85893419387783,0.003371768612745345,0.00408,,,,362.9352162728452
"2026-03-01","741b12c6-ba61-4eec-ae95-af7a4bdf4873",,"Jalore Frosty Bathroom Set | 25 L Bucket | 1.5 L Mug | Stool | Grey","1 set","Bath & Laundry","jalore",,,542.1422821999872,899,,14.70512,39.69778992677188,0.04806238460696195,0.07451,0.00148,0.00199,0,542.4430841771219
"2026-03-01","af93c7e7-2fc2-4be7-9cb1-aa7617e908ee",,"Lushomes Shower Curtain - Striped Green Thin Stripe | 12 Eyelets | Hooks | 6 x 6.5 ft","1 pc","Bath & Laundry","Lushomes",,,466.7186391180993,895,,42.74574,47.78738939923487,0.07736065749965187,0.10535,0.00482,0.00193,0.0133,472.993720855896
"2026-03-01","3e8ed7d8-420f-4eee-88e2-a0a5b4ada9b5",,"Perpetual Dish Soap Dispenser with Sponge Holder, 2 in 1 for Kitchen & Restaurant (Pack of 2)","1 pack (2 pcs)","Bath & Laundry","Perpetual",,,264.6827065687935,1199,,42.35158,77.96328047649837,0.08016742704755883,0.04432,0.20125,0.26996,0,129.4549910646809
"2026-03-01","61fab96a-eb79-45df-8600-1316be701ba2",,"Lushomes Shower Curtain - Kids Printed Yellow Space | 12 Eyelets | 12 Hooks | 6 x 6.5 ft","1 pc","Bath & Laundry","Lushomes",,,801.8017598343686,1999,,10.83667,59.88985693674994,0.0021590794610342316,0.00231,0.01674,0.01412,0.02441,824.1613289379177
"2026-03-01","0364b50f-72da-4428-a906-054f729b8a66",,"Kuber Industries Lightweight Plastic Bathroom Mug 1 Litre | Pack of 2 (Black & Sky Blue)","1 pack (2 pcs)","Bath & Laundry","Kuber Industries",,,94.62932765151514,199,,10.47431,52.38302595398047,0.04068195775461936,0.04992,0.1529,0.02255,0.53473,47.49381800526875
"2026-03-01","b952388b-4d6c-4c53-9fbf-2e7c52f8bb0b",,"GLOXY Square Shape 304 Stainless Steel Double Soap Holder for Bathroom Accessories and Fittings","1 pc","Bath & Laundry","GLOXY",,,357.92857142857144,1599,,1.99039,77.3052602320895,0.023746161413244395,0.01816,,,,377.3929484629808
"2026-03-01","fbd0c973-ba4f-498e-9ec9-d820b4c70cb4",,"Jalore Plastic Tub | Grey |28.50 L","1 pc","Bath & Laundry","jalore",,,354,679,,0.40913,47.864506627393226,0.0022917226106647544,0.00308,,,,354
"2026-03-01","e990a8fa-96a3-41ee-a6dc-a603554dbfaf",,"Kuber Industries Multiuses Plastic Bucket with Handle | (Blue)-46KM0357 | Standard","1 pc","Bath & Laundry","Kuber Industries",,,341.5,799,,1.1016,57.259073842302875,0.008683569856727953,0.00848,,,,302.7044190358467
"2026-03-01","39eb8506-05c3-4e15-b2d2-4916fcb6b737",,"Kuber Industries Soap Holder for Bathroom | Portable Self Draining Soap Box | Sky Blue","1 pc","Bath & Laundry","Kuber Industries",,,78.07717846889845,199,,20.00999,61.15270889335976,0.17100638362442522,0.17139,0.30815,0.41335,0,76.9889333199493
"2026-03-01","8ab46c50-9bf9-4e41-95c0-d1775c7928d3",,"Kohler Soap Dish | SS304 Stainless Steel | Brushed Steel","1 pc","Bath & Laundry","kohler",,,573.5891485837853,950,,70.14662,39.220050058419325,0.115590235800797,0.18255,0.71081,0.95347,0,579.1161132242593
"2026-03-01","ef058816-4dbb-4033-9e7d-d66549786183",,"Ratan Plasticware Premia Bucket (18L X 1) - Desert Rose|Light Weight And Easy To Carry","1 pc","Bath & Laundry","Ratan Plasticware",,,333.05794722890425,750,,17.35261,55.744799354407064,0.018352344175978794,0.01846,0.21505,0.28808,0.00115,330.7559470587077
"2026-03-01","8e20c300-d7c5-4de9-873c-05d96b76bf6f",,"Jalore Square Plastic Bucket | Grey | 25 L","1 pc","Bath & Laundry","jalore",,,377,835,,1.71868,54.8502994011976,0.0028182450366790422,0.00328,,,,377
"2026-03-01","1ed1f9d3-0a4e-4a01-891d-83bc6544f5c5",,"Plantex Stainless Steel Towel Rod with Hooks for Bathroom and Kitchen - Chrome Finish","1 pc","Bath & Laundry","Plantex",,,294.40714285714284,1850,,1.60704,84.08610038610038,0,0,,,,294.40714285714284
"2026-03-01","403e0738-50f4-4e00-8d96-bafe016e9f9b",,"Perpetual Square Toothbrush Storage Holder | Travel Bathroom Organize | Pack of 3 | Assorted","3 pcs","Bath & Laundry","Perpetual",,,254.1879259494012,1299,,59.32622,80.28694964734117,1.5531874919564217,0.7437,0.47384,0.05606,1.6976,257.3839339478086
"2026-03-01","181f243b-0e0d-4a76-961a-e32bee488d49",,"Liza Industries Falcon Bathrrom Set 6 Pcs - 20L, Patla,Sc, Dustbin, Mug, Basin (Colour May Vary)","1 set (6 pcs)","Bath & Laundry","Liza",,,1252.4113221884497,2560,,4.41657,51.07768272701368,0.015466258749794062,0.02093,,,,1341.1779142135738
"2026-03-01","b2509d7c-12eb-418a-abd4-d53940648e7c",,"Plantex Masterpiece Soap Holder for Bathroom - Chrome","1 pc","Bath & Laundry","Plantex",,,380.0601682556481,1900,,20.1,79.94018788721321,0.07644025579725383,0.04126,,,,395.33165014085955
"2026-03-01","aadb83e6-cd9b-4f31-9109-56d53235dd7f",,"Kamal Rose Stainless Steel Soap Dish Holder | Set Of 2 | Silver","1 set (2 pcs)","Bath & Laundry","Kamal",,,175.42753623188406,1000,,7.89293,82.4572463768116,0,0,,,,175.42753623188406
"2026-03-01","c2b50102-c9d7-4fa6-b910-e1f6e6eb978f",,"Perpetual Wall-Mounted Toothbrush Holder, 1 Pc Self-Adhesive for Bathroom & Makeup Brushes","1 pc","Bath & Laundry","Perpetual",,,192.13422016847792,799,,12.45509,76.93161670173656,0.1551175568763171,0.0792,0.00498,0.00388,0.00818,172.49825278340916
"2026-03-01","02b0cb03-111e-4cad-9e45-7aed3f5566ad",,"Lushomes Shower Curtain - Heavy Duty Dark Blue | Water-Resistant | 8 Eyelets | 48 x 78 inch","1 pc","Bath & Laundry","Lushomes",,,304.6308739569609,775,,5.23647,60.692790457166346,0.0026157364112889313,0.00286,,,,327.005374024947
"2026-03-01","3613c50b-63e7-40d4-84d7-59d8abdb8f26",,"Kuber Industries 5x15 Inch Stainless Steel Wall Shelf | Kitchen Shelf for Toiletries | Silver","1 pc","Bath & Laundry","Kuber Industries",,,596.2801120448179,2699,,4.15318,77.84764048579439,0.03343181145127774,0.01986,0.01038,0.0127,0.0036,621.5329541719947
"2026-03-01","568a6e3c-ec77-4725-a377-4b01f1b6787b",,"Sapna Bathing Mug 1 Ltr - Red Colour","1 pc","Bath & Laundry","Sapna",,,,,,0,,0,0,,,,
"2026-03-01","e174cfba-de3c-4f37-805c-e6284a7a8dd1",,"Joyo Berry Bucket 25 L - Brown","1 pc","Bath & Laundry","Joyo",,,,,,0,,0,0,,,,
"2026-03-01","c8ecbc97-29e7-4e7c-9b71-945c84b84cc9",,"Kuber Industries 13 L Unbreakable Plastic Bathroom Bucket with Lid & Handle | Mint Green","1 pc","Bath & Laundry","Kuber Industries",,,255.00837218337216,599,,9.59822,57.427473648806746,0.09180661029185543,0.10092,0.31837,0.11926,0.90161,255.0171212325216
"2026-03-01","42ee8319-92c1-4f3a-b57c-7bceeaa93fa5",,"Daluci 2-In-1 Soap Dispenser For Dishwasher Liquid with Pump and Sponge | Multi Color","1 pc","Bath & Laundry","Daluci",,,159.91318428695985,399,,28.7152,59.79644316565461,0.18218654731783754,0.18891,0.2493,0.29996,0.10091,160.56715859000786
"2026-03-01","324914b6-5308-4b43-8a93-67985b116e53",,"Nayasa Crest Bucket | 13L | Blue","1 pc","Bath & Laundry","Nayasa",,,299.8403415704831,649,,33.93674,53.46573330703733,0.2821319792641216,0.3374,0.91794,1.23131,0,302.0216916387263
"2026-03-01","2d19227b-2147-4f8c-9410-4fc2b08b41ed",,"Ratan Plasticware Frosty Checks Print Pack Of 1 Mug 1.5L -Grey","1 pc","Bath & Laundry","Ratan Plasticware",,,50.8960751865846,120,,49.30523,57.68315871180116,0.021413262048750315,0.02342,0.01064,0.01307,0.00353,50.52879080901701
"2026-03-01","9b9b9888-0b2f-4b7e-b40d-9582d1e7e72c",,"Plantex 4-Arm Swing Towel Rack for Bathroom Accessories","1 pc","Bath & Laundry","Plantex",,,526.020912318614,2380,,32.04879,77.86008859675948,0.08474648458200489,0.04841,0.07908,0.10607,0,523.0349152653339
"2026-03-01","1b16dd64-6488-4125-a595-e77f3a566f8b",,"Cello Petal Bathroom Small Set of 3 Dark Brown Sturdy & durable Lightweight and rigid Easy to clean","1 set  (3 pcs)","Bath & Laundry","Cello",,,692.4999423212803,1149,,25.04349,39.68787603830691,0.18486607394612437,0.28842,0.00226,0.00304,0,695.4890923205155
"2026-03-01","feddfc61-520a-42a0-9209-f246eb60e414",,"GLOXY Stainless Steel Soap Holder for Bathroom Wall Mounted Soap Dish Stand with Glass SS202","1 pc","Bath & Laundry","GLOXY",,,317,1949,,3.43938,83.73524884556183,0.0065781551814221,0.00365,,,,314.00768049155147
"2026-03-01","4915825b-385a-4510-817f-0cbd6473f5f6",,"Kuber Industries 5L Plastic Bucket for Cleaning & Storage | Grey","1 pc","Bath & Laundry","Kuber Industries",,,115.2495894909688,499,,6.60863,80.58487149363572,0.4319880245384279,0.20354,0.59436,0.60841,0.5532,91.16450617180621
"2026-03-01","2f260589-a049-47ca-9da2-fbcc8b837335",,"Kuber Industries Small 5 L Plastic Bucket for Cleaning & Storage | Plain | Beige","1 pc","Bath & Laundry","Kuber Industries",,,112.20839571020655,499,,5.93287,79.73106674946717,0.46301200843381735,0.23005,0.92028,0.42437,2.3729,97.71572989001363
"2026-03-01","1bf4d3d2-d698-4d1d-8827-050581897100",,"Flair Estella Home Bucket | 14 L | Grey","1 pc","Bath & Laundry","Flair",,,194.96468779128196,331.1973756115108,,32.28993,40.87335186636422,0.6526707865141743,0.99085,1.34574,1.80516,0,194.60373901065526
"2026-03-01","092f97c5-59fa-4162-9835-0c1c54f277ad",,"Gloxy Stainless Steel Wall Mounted Toothbrush Holder & Toothpaste Stand SS202","1 pc","Bath & Laundry","GLOXY",,,204.5,1499,,0.95506,86.35757171447632,0.010118680981992537,0.00407,,,,196.52396006655573
"2026-03-01","e6b498c8-043d-4b3c-af19-b6f346414ab9",,"Lushomes Shower Curtain - Jelly Fish Printed | Waterproof | 12 Eyelets | No Hooks | 6 x 6.5 ft","1 pc","Bath & Laundry","Lushomes",,,784.5449465500486,1989,,10.05105,60.555809625437476,0.008391619921790543,0.00886,,,,812.8817281067309
"2026-03-01","9a0e8249-40d4-4b75-bf0e-4d4790975220",,"Kolorr Luxe Bucket | (Bucket 20L X 1) - Ratan Lt Brownbathroom Bucket | Strong Bathroom Bucket","1 pc","Bath & Laundry","Kolorr",,,239,399,,0.26417,40.100250626566414,0,0,,,,239
"2026-03-01","5df7fbf4-5d14-4d55-a807-7e137cef6fe5",,"Joyo Plastics Dolphin Bathroom Mug - 1100 ml (Colour May Vary) Combo","1pcs X 4","Bath & Laundry","Joyo",,,87.8537235095836,195,,48.93578,54.94680845662379,0,0,0.00291,0.0039,0,87.8537235095836
"2026-03-01","693b3101-b105-4e71-81f1-1190ed6643d8",,"Kuber Industries 2 Pieces Unbreakable Virgin Plastic Multipurpose Bathroom Bucket & Mug Set|Blue","1 set (2 pcs)","Bath & Laundry","Kuber Industries",,,286.1487325465684,599,,4.09117,53.473613743639106,0.18682635743990067,0.22471,0.09926,0.09363,0.11574,278.89094014331766
"2026-03-01","1f8f248b-8168-4ef8-9304-e09fc4b06c26",,"Kuber Industries Bucket & Mug Bathroom Combo Set|Set of 4|Brown","1 set (4 pcs)","Bath & Laundry","Kuber Industries",,,516,2699,,2.19006,80.88180807706559,0.3595530518370148,0.1773,0.40073,0.27476,0.76973,516
"2026-03-01","cf9926e5-db54-4607-af56-190eca59e10e",,"Lushomes Shower Curtain - Coral | Printed | 12 Eyelets | No Hooks | 6 x 6.5 ft","1 pc","Bath & Laundry","Lushomes",,,789.49911610129,1989,,9.7392,60.30673121662694,0.004162227280518078,0.00439,,,,811.9054403446687
"2026-03-01","c1f690ff-e67e-49e6-93a3-a5e99dd51853",,"Ratan Plasticware Premia Pack of 1 Mug 1.5L -Daiso Grey","1 pc","Bath & Laundry","Ratan Plasticware",,,61.138340444430256,160,,27.2545,62.07204199510823,0.01810697122488111,0.01764,0.00738,0.00891,0.00292,60.55756230704935
"2026-03-01","faec4480-e20d-4bf0-a81b-507b85ee9051",,"Flair Estella Home Stool 9 - Blue - Plastic Stool For Bathroom","1 pc","Bath & Laundry","Flair",,,288.6875,480,,1.78624,39.856770833333336,0.004860207009362659,0.00728,,,,278.88495575221236
"2026-03-01","bcd0ef81-2139-4259-a3d9-2ed65b5b3f9c",,"Flair Estella Home Bucket 24 Litre - Gray","1 pc","Bath & Laundry","Flair",,,377.5,550,,1.30775,31.363636363636363,0,0,,,,377.5
"2026-03-01","6cc81540-e071-4928-9694-2dcdf7fbe4f6",,"Perpetual Bathroom Organizer Shelf | Self-Adhesive Rack for Wall | Pack of 3","3 pcs","Bath & Laundry","Perpetual",,,268.3036845717307,996.774290648148,,51.00315,73.1820398630839,1.146459380806029,0.78419,0.03829,0.05136,0,267.3511653387937
"2026-03-01","a7eee815-8938-4e1f-91ad-bdfd1e47c7c1",,"Kuber Industries Plastic Bucket for Cleaning & Storage|Plain Bucket|5 L|Pack of 2|Multi","1 pack (2 pcs)","Bath & Laundry","Kuber Industries",,,178.28571428571428,499,,4.72837,64.18608388098448,0.10975933744706441,0.10142,0.233,0.27993,0.09552,89.38491186210332
"2026-03-01","0cb296cb-d51d-4aa7-a9c0-685852746312",,"Perpetual Dish Soap Dispenser with Sponge Holder, 2 in 1 for Kitchen & Restaurant (Pack of 1)","1 pc","Bath & Laundry","Perpetual",,,100.38976094863,699,,6.46215,86.74537045147913,0.13277815538078266,0.03958,0.07673,0.03727,0.19232,82.93565157803795
"2026-03-01","278e76b8-18df-40d7-860b-ff0773071c9c",,"BAY6 Royce Bath Stool - Blue","1 pc","Bath & Laundry","BAY6",,,270.03519560906733,699,,7.81045,61.4472027697538,0.12086322289157983,0.1147,,,,261.74754961173204
"2026-03-01","1c464015-ffba-4488-8606-87feb9271b95",,"Lushomes Shower Curtain - Cream | Waffle Weave | 12 Rust Eyelets | 12 Plastic Rings | 72 x 78 inch","1 pc","Bath & Laundry","Lushomes",,,449.1565217391304,1999,,3.13735,77.53093938273484,0.007691615106692059,0.00446,,,,449.00156528544716
"2026-03-01","99010c47-8752-428d-b810-13bd0fec88ac",,"Liza Industries Bathroom Set - Jumbo 12 Pcs - 25 L, Tub 30, Big Patla, 1.5 L Mug (Colour May Vary)","1 set (12 pcs)","Bath & Laundry","Liza",,,1255.8675407925407,3420,,6.4335,63.27872687741108,0.011542991647236316,0.00992,,,,1140.7508245811616
"2026-03-01","bba7f581-c072-4056-8e88-cc8b40834592",,"BAY6 Royce Bath Mug 1 L - Blue","1 pc","Bath & Laundry","BAY6",,,26.969553647185748,59,,8.52217,54.4235613071728,0.02361149317735997,0.02716,0.02701,0.03623,0,26.763144779314434
"2026-03-01","80717977-1faa-4468-af32-319dab1fcb83",,"Lushomes Shower Curtain - Striped Pink Satin Stripe | 12 Eyelets | Hooks | 6 x 6.5 ft","1 pc","Bath & Laundry","Lushomes",,,360.96890971907806,999,,12.31527,63.866976004096294,0.000741856597679106,0.00094,,,,365.04238887270947
"2026-03-01","a48379a8-6342-49ee-ae50-db3329e6fc0b",,"Plantex 8"" Premium Brass Swivel Shaving Mirror - Black","1 pc","Bath & Laundry","Plantex",,,1159.8106494155436,5600,,19.63422,79.29832326313466,0.08391957436166193,0.04463,0.00004,0.00006,0,1154.6423380578237
"2026-03-01","c6ebc3d5-c35a-48d8-9581-1b0eec1a2e02",,"Ratan Plasticware Gloria Pack Of 1 Mug 1L -Nir Silver","1 pc","Bath & Laundry","Ratan Plasticware",,,46.764607176565,120,,18.6545,63.497690945544285,0.018476886980593712,0.01486,0.03174,0.03896,0.0106,39.41294537250485
"2026-03-01","d4115f4d-8d65-458c-8add-559c02b547e2",,"Plastic Mug for Bathroom | Toilet | Washroom | 1.5 L | Beige","1 pack (2 pcs)","Bath & Laundry","Kuber Industries",,,90.61882114283829,399,,15.0972,77.34518541927015,0.03886613041362137,0.02001,0.02551,0.00924,0.07317,41.8560274540835
"2026-03-01","e97eb14c-1d3a-405d-a4ef-206831e53c33",,"Kuber Industries Tinted Print Plastic Bathroom Mug 1.5 Litre Pack of 2 (Black)-46KM0235 |Standard","1 pack (2 pcs)","Bath & Laundry","Kuber Industries",,,212.439104461124,399,,42.01471,46.48499139481143,0.10683376283892863,0.14626,0.05568,0.05894,0.04612,107.46981564077319
"2026-03-01","8f5ec516-480e-4c0d-8842-845d9f3de5a6",,"GLOXY Soap Holder with Glass for Bathroom Wall Mounted Soap Tray Bathroom Accessories SS304","1 pc","Bath & Laundry","GLOXY",,,451.3045454545455,2099,,1.631,78.49906882065052,0.02125328023469213,0.01751,,,,437.86226638209513
"2026-03-01","c3756c90-09a1-4acc-a24e-abd659276eb5",,"BAY6 Royce Bucket 16 L - Blue","1 pc","Bath & Laundry","BAY6",,,228.15083095042968,599,,17.54813,61.97808577890176,0.10466422043224922,0.10015,0.37016,0.49653,0,224.5974544268179
"2026-03-01","f08daf6c-bbbb-4c14-9066-6c2e2d54384c",,"Kuber Industries (Pack of 2) 16 L Floral Print Unbreakable Plastic Bathroom Bucket | Blue & Pink","1 pack (2 pcs)","Bath & Laundry","Kuber Industries",,,310.69594594594594,899,,3.04961,65.50333704115684,0.018205525422570965,0.01657,0,0,0,158.55867582012533
"2026-03-01","e65b40ac-f3c1-476c-9f20-94892c3b40c0",,"Lushomes Shower Curtain - Beige | Striped | Polyester | 10 Metal Eyelets | 6 x 6.5 ft","1 pc","Bath & Laundry","Lushomes",,,539.6458672916964,999,,49.33173,46.016308902456494,0.029907486340738518,0.03985,0.05327,0.03082,0.11903,511.8822180997192
"2026-03-01","8275ec5e-654a-475f-b12f-73c83173e475",,"Ambition Bath Mug 1.25 L - Assorted","1 pc","Bath & Laundry","Ambition",,,47.09782608695652,99,,1.84874,52.42643829600351,0,0,,,,47.09782608695652
"2026-03-01","badc4ce8-c8f0-47b0-904d-62f14fba1f75",,"Lushomes Shower Curtain - Peach | Heavy Duty | 72 x 80 inch","1 pc","Bath & Laundry","Lushomes",,,454.2039814877133,999,,6.54173,54.53413598721588,0.0018208900566327464,0.00225,,,,475.37035210321346
"2026-03-01","e3c9b04b-9acc-42a0-816f-38eebd6ca55a",,"Lushomes Shower Curtain - Sky Blue | Zig Zag | 8 Eyelets | 8 C-Hooks | 120 x 200 cm","1 pc","Bath & Laundry","Lushomes",,,329.91111111111115,775,,2.60887,57.43082437275985,0.0026157364112889313,0.00333,,,,293.5965873015873
"2026-03-01","449ff74b-f16e-4aa3-b9bb-4ff749c73bcc",,"Jalore Square Shaped Plastic Stool | Grey |28 cm","1 pc","Bath & Laundry","jalore",,,238.5595518959261,420,,8.55138,43.599259737265825,0.03794809131185287,0.0615,0.03512,0.04711,0,237.03404115303096
"2026-03-01","b09282d1-8dee-4d3e-844e-257b890122a3",,"Lushomes Shower Curtain - Kids Printed Blue Travel | 12 Eyelets | 12 Hooks | 6 x 6.5 ft","1 pc","Bath & Laundry","Lushomes",,,814,1999,,4.0227,59.27963981990995,0.007489106481301949,0.00787,,,,814
"2026-03-01","d72c1e67-2e99-44df-bbde-22d61b94d422",,"Ratan Plasticware Frosty Checks Print Pack Of 1 Mug 1L -Grey","1 pc","Bath & Laundry","Ratan Plasticware",,,39.36557357218347,99,,32.96408,62.883567036808316,0.029821757689323374,0.02567,0.09428,0.12646,0,34.95157027983992
"2026-03-01","825e9cae-cef3-4ac4-a8f5-dbb909cd8cfb",,"Multiuses Lightweight | Unbreakable Plastic Bathroom Mug (Sky Blue)","1 pack (2 pcs)","Bath & Laundry","Kuber Industries",,,95.76490606195695,199,,17.82587,52.12306259093984,0.07863106160959918,0.09515,0.15034,0.10633,0.27928,46.941590528414025
"2026-03-01","75522564-c2de-4e18-a465-6f5e1c50cb6b",,"Kuber Industries 15x5 Inch Multi-Use Bathroom Shelf | Towel & Toothbrush Holders | Silver Chrome","1 pc","Bath & Laundry","Kuber Industries",,,643.4904047700952,3799,,8.96103,82.97482011964466,0.05808453647751854,0.03176,0.00903,0.01211,0,803.8925673868746
"2026-03-01","399401ad-2f85-44e1-93f5-c0d9e223e9ea",,"Perpetual Adhesive Bathroom Shelf | Wall Rack for Kitchen/Bathroom | 2 Pcs | Gold","2 pcs","Bath & Laundry","Perpetual",,,612.6997792406637,1885.2357317154813,,51.06615,67.57129537995796,1.5639572381690436,1.27788,0.2279,0.17195,0.39178,610.322334208228
"2026-03-01","040f0cae-0d2b-49f5-a65c-066a8809071c",,"Kuber Industries Plastic 40 L Bath/Washing Tub | Multipurpose & Unbreakable | Blue","1 pc","Bath & Laundry","Kuber Industries",,,283.804914004914,799,,1.04925,64.31811837006832,0.10978431351086253,0.10139,0,0,0.00001,285.61592974552565
"2026-03-01","cb158354-7455-44ac-b31f-2ff42bb26e42",,"Kolorr Luxe Bucket | (Bucket 20L X 1) - Sand Stone Bathroom Bucket | Strong Bathroom Bucket","1 pc","Bath & Laundry","Kolorr",,,268,399,,0.06711,32.83208020050125,0.001346682358844237,0.00233,,,,268
"2026-03-01","59624ec4-6554-4841-baa8-c25ec048e391",,"Kuber Industries 2 Pieces Unbreakable Plastic Multipurpose Bathroom Bucket & Mug Set (Black)","1 set (2 pcs)","Bath & Laundry","Kuber Industries",,,253.29777265060343,599,,3.22338,57.592380939293854,0.3005879403534249,0.32656,0.2657,0.10899,0.72475,254.94913113856487
"2026-03-01","951f4669-3cba-4ebf-9e96-ac65ad0985b4",,"Kuber Industries Plastic Disney Team Square Bathroom Stool|P6|Beige","1 pack","Bath & Laundry","Kuber Industries",,,185.34670438240892,499,,3.56497,64.53007288212906,0.06804154807357463,0.05789,0.03889,0.02134,0.09028,166.8024661524855
"2026-03-01","622609e3-9ba2-4677-b1a7-2a42ba1f4eef",,"Lushomes Shower Curtain - White | Heavy Duty | 72 x 80 inch","1 pc","Bath & Laundry","Lushomes",,,479,999,,4.59019,52.052052052052055,0.010284063026061128,0.01272,,,,479
"2026-03-01","fd04756d-1582-40df-be7d-608a31e32e70",,"Lushomes Shower Curtain - Green | Zig Zag | 8 Eyelets | 8 C-Hooks | Non-PVC | 120 x 200 cm","1 pc","Bath & Laundry","Lushomes",,,352.49515420476956,775,,9.04539,54.516754296158766,0.006565667149523043,0.00835,0.01523,0.01958,0.00251,370.79031305429754
"2026-03-01","6aba1cd8-edd2-4bbe-a8b1-669f5ef7ecdb",,"GLOXY Stainless Steel Soap Holder for Bathroom Rust Proof Soap Dish Bathroom Accessories SS202","1 pc","Bath & Laundry","GLOXY",,,194.19444444444446,1199,,0.94765,83.80363265684366,0.012140392092137143,0.00589,,,,197.2423674715515
"2026-03-01","7793c7e2-9d8b-4483-9a74-991fdcbfed6c",,"GLOXY Stainless Steel Wall Mounted Toothbrush Holder Tumbler Stand Brush Holder for Bathroom SS304","1 pc","Bath & Laundry","GLOXY",,,378.63888888888886,1499,,0.8886,74.74056778593138,0,0,,,,378.63888888888886
"2026-03-01","3290d144-afd9-4f93-9a92-8963acd50937",,"Kolorr Lux Pack Of 1 Mug 1.5L -Pnt Grey","1 pc","Bath & Laundry","Kolorr",,,61.15863235774708,140,,34.52367,56.25549529726689,0.0064404493161568255,0.00721,0.0125,0.01676,0,61.490693603411565
"2026-03-01","32c5ed70-bae7-4439-aa48-261305af554d",,"Kuber Industries Unbreakable Strong Plastic Bathroom Bucket 13 L (Pink) -CTKTC042962","1 pc","Bath & Laundry","Kuber Industries",,,193.7235725308642,449,,0.96358,57.31271684667364,0.16607766119680553,0.18127,0.11647,0.07319,0.24325,190.1501951295361
"2026-03-01","039294c7-31e5-4e83-88d7-3b549bab3c17",,"Lushomes Shower Curtain - Yellow | Kids Printed Factory | 12 Eyelets | 12 Hooks | 6 x 6.5 ft","1 pc","Bath & Laundry","Lushomes",,,754.4786814764201,1999,,11.98593,62.25719452344072,0.014101013100289064,0.01223,0.00358,0.00014,0.01365,677.9057038748821
"2026-03-01","ba2f8d0d-2ba4-43a5-a702-ea44f7d9fa8e",,"Ratan Plasticware Premia Pack Of 1 Mug 1.5L -Mint","1 pc","Bath & Laundry","Ratan Plasticware",,,32.75,160,,0.24118,79.53125,0,0,,,,32.75
"2026-03-01","30fcd66b-be79-4ce4-897c-232f8eff9713",,"Lushomes Shower Curtain - Coffee | Striped Thin Stripe | Waterproof | 12 Eyelets | 6 x 6.5 ft","1 pc","Bath & Laundry","Lushomes",,,476.74960981047934,895,,8.68312,46.73188717201349,0.001902906049915741,0.00289,,,,436.79183336364184
"2026-03-01","cb66bb6a-6c50-47b6-a055-19a172b0cfd4",,"Kuber Industries Plastic Bucket for Bathroom for Bathing|18 L|Transparent","1 pc","Bath & Laundry","Kuber Industries",,,241.17002680818746,599,,14.69348,59.98240568268732,0.4978472046590484,0.51082,2.37413,0.51545,7.81865,239.1417222749313
"2026-03-01","15ee67bf-4655-407c-9de4-cefae9a08b5c",,"Nayasa Sq Ring Bath Bucket Funk-Brown","1 pc","Bath & Laundry","Nayasa",,,376.33796535967537,569,,12.20388,33.413682851538944,0.05953416072093608,0.1048,,,,390.9256987711087
"2026-03-01","181365d9-5e94-40d9-ade1-2f646eb2516b",,"Flair Estella Home Stool 14 - Gray - Plastic Stool For Bathroom","1 pc","Bath & Laundry","Flair",,,440.43030303030304,720,,0.04867,38.90598932265599,0.010133531614521145,0.01444,0.00001,0.00002,0,384.2758117788358
"2026-03-01","9f51efb7-df4d-431f-86c8-ae47fedb71d7",,"Lushomes Shower Curtain - Gold | Striped | Polyester | 10 Metal Eyelets | 6 x 6.5 ft","1 pc","Bath & Laundry","Lushomes",,,483.527238252937,999,,28.38348,51.58572727378713,0.024883584859185515,0.03142,0.08018,0.0201,0.25616,488.98343946589637
"2026-03-01","088a7de8-c52b-4f73-a360-004f0a16fba5",,"Kuber Industries Plastic Bathroom Mug|Bath Mug | 1500 ml | Pack of 2 | Transparent","1 pack (2 pcs)","Bath & Laundry","Kuber Industries",,,91.15071169903165,499,,14.91456,81.74704898200945,0.12309858060151103,0.05738,0.13323,0.07232,0.31165,45.756572526939095
"2026-03-01","e0fc9069-4cbe-4290-8f91-42cfd2227b9e",,"Lushomes Shower Curtain - Yellow | Kids Printed Air Balloon | 12 Eyelets | 12 Hooks | 6 x 6.5 ft","1 pc","Bath & Laundry","Lushomes",,,784.0478081700909,1999,,16.55061,60.77799859079085,0.009513180192076108,0.01033,,,,794.6236044304109
"2026-03-01","3070c911-d026-447e-bef7-7d14d85867ee",,"Jalore Opaque Plastic Bucket With Plastic Handle | Grey |11 L","1 pc","Bath & Laundry","jalore",,,150.65881150740682,282,,8.39759,46.597040313304504,0.09415166017387291,0.1293,0.16457,0.22075,0,150.5207862503036
"2026-03-01","cf487bbc-15ce-45cd-be03-2bac804ab6eb",,"Lushomes Shower Curtain - Striped Sky Blue | Polyester | 10 Metal Eyelets | 6 x 6.5 ft","1 pc","Bath & Laundry","Lushomes",,,467.90871022916474,999,,20.61622,53.16229126835187,0.014161765687906098,0.01788,,,,488.303113649292
"2026-03-01","d95b4f77-ea70-4059-b7c7-9e40f8af9c61",,"Flair Estella Home Stool 14 - Beige - Plastic Stool For Bathroom","1 pc","Bath & Laundry","Flair",,,458.72997735579787,720,,24.84636,36.261984911847904,0.2209207096105797,0.36523,0.0822,0.00616,0.30496,460.18781658681417
"2026-03-01","09e1f3e9-86ea-45d2-9f59-63df9297f12f",,"Ratan Plasticware Premia Bucket (5L X 1) - Diaso Pink|Light Weight And Easy To Carry","1 pack","Bath & Laundry","Ratan Plasticware",,,166.71746031746034,348.80158777777774,,5.18207,52.49137441286261,0.009200641880224035,0.01125,0.05833,0.07778,0.00135,162.40523792087322
"2026-03-01","8caba515-505c-4119-864c-8495c44839b1",,"Kuber Stainless Steel Corner Shelf | Bathroom & Kitchen Organizer | Chrome Finish","1 pc","Bath & Laundry","Kuber Industries",,,539.8265225716312,3099,,9.79478,82.44463615822377,0.041629023092693784,0.02512,,,,723.3787654992504
"2026-03-01","05e85d6d-1024-44aa-9736-705edbac43e7",,"Lushomes Shower Curtain - Shark Printed | Waterproof | 12 Eyelets | 12 Hooks | 6 x 6.5 ft","1 pc","Bath & Laundry","Lushomes",,,574,1499,,10.52617,61.70780520346898,0.0020233986820228575,0.002,,,,574
"2026-03-01","159e35e8-706c-4668-a876-29570d935070",,"Perpetual Multipurpose Toothbrush Holder | Travel & Bathroom Organizer (Pack of 2)","2 pcs","Bath & Laundry","Perpetual",,,188.4460068963917,599,,16.31601,69.31822889945222,0.12389106435553765,0.09175,0.01098,0.01229,0.00716,178.10094574036845
"2026-03-01","365e040d-b94e-403c-a89d-df391c074e35",,"Kuber Industries Floral Print Unbreakable Strong Plastic Bathroom Mug | 500 ml (White)","1 pack (4 pcs)","Bath & Laundry","Kuber Industries",,,123.24682259517753,299,,26.49412,58.79916440729488,0.02346332436644954,0.02495,0.08836,0.02161,0.2839,30.42407515820113
"2026-03-01","fa9e069f-051d-4b74-bfc1-cc344c801985",,"Ratan Plasticware Premia Bucket (5L X 1) - Desert Rose|Light Weight And Easy To Carry","1 pc","Bath & Laundry","Ratan Plasticware",,,149.90538821498342,348.1763288888889,,8.82346,56.5864891059892,0.016818341338648703,0.01836,0.0927,0.12354,0.00236,149.2399501758802
"2026-03-01","af96d290-9a2c-4bf7-8d24-edd99e8cb9e7",,"Tinted Print Plastic 1.5 Litre Bathroom Mug | Beige & Black","1 pack (2 pcs)","Bath & Laundry","Kuber Industries",,,141.87174465246585,698,,22.78385,79.49397992116654,0.4048282427298575,0.21059,0.30705,0.1201,0.8547,72.14663871084308
"2026-03-01","93ece896-f39a-4941-bf74-b26dd252731e",,"Lushomes Shower Curtain - Pink | Heavy Duty | Water-Resistant | 8 Eyelets | C-Rings | 48 x 78 inch","1 pc","Bath & Laundry","Lushomes",,,300.1778223410576,775,,4.13275,61.26737776244418,0.0005754620104835649,0.00061,,,,313.610913343966
"2026-03-01","af1862ea-6677-45e6-84a5-376ee2da6283",,"Cello Plastic Frosty Delux Bathroom Bucket 18 Liters, Blue | Easy Grip Handles","1 pc","Bath & Laundry","Cello",,,281.4691258741259,387,,4.4099,27.2759601921532,0.007406077944892003,0.01382,,,,279.4251056577045
"2026-03-01","d71d36f5-84d6-4b01-96e6-0c43c9a2532a",,"Lushomes Shower Curtain - Yellow | Printed Bird | Non-PVC | Water-Repellent | 72 x 72 inch","1 pack","Bath & Laundry","Lushomes",,,419.493658506881,1499,,13.53889,72.01509949920741,0.017960489985848926,0.00862,,,,276.1655109800165
"2026-03-01","c55c7ab0-30a7-45de-a851-748466f31225",,"Kuber Industries 5L Plastic Plain Bucket | Pack of 2 | Assorted","1 pack (2 pcs)","Bath & Laundry","Kuber Industries",,,159,499,,0.26424,68.13627254509018,0.01633670832459589,0.01343,,,,79.49999999999999
"2026-03-01","2227f46a-e6cf-4e96-b434-5ccf964b14b2",,"Lushomes Shower Curtain - Light Green | Water-Resistant | 8 Eyelets | C-Ring | 48 x 78 inch","1 pc","Bath & Laundry","Lushomes",,,305.92619047619047,775,,3.04086,60.52565284178188,0.0040278965590093046,0.0044,,,,312.32551025721125
"2026-03-01","63b737f6-c3a5-47f3-9dea-910f3fdc85b2",,"Flair Estella Home Bucket | 19 L | Blue","1 pc","Bath & Laundry","Flair",,,312.3591195744236,420.3075853488372,,55.40071,25.66451279547315,0.37000755962277926,0.70927,1.01593,1.01565,1.01674,312.5448178067696
"2026-03-01","37062233-ab14-4386-beab-881bfd1629fd",,"Jalore Opaque Plastic Bucket With Plastic Handle | Beige |25 L","1 pc","Bath & Laundry","jalore",,,288,630,,0.63051,54.285714285714285,0,0,,,,288
"2026-03-01","40e6eafa-8551-41dc-a7b0-be23dc0f4136",,"Ratan Plasticware Gloria Mug 1.5 L | Brown","1 pc","Bath & Laundry","Ratan Plasticware",,,59.927606499671725,130,,23.85792,53.770162431817475,0.016251992216307694,0.01901,0.05805,0.02853,0.14453,58.967647367200094
"2026-03-01","ca54272f-bffc-4ab8-8a59-28e72f8b5b87",,"Joyo Plastics Dolphin Bathroom Mug-1.5 L (Colour May Vary)","1 pack","Bath & Laundry","Joyo",,,35.04979058654242,82,,88.66223,57.13864033975704,3.090562435413632,3.39159,3.58003,4.50132,0.88135,35.14631492139923
"2026-03-01","6b3a7c46-2607-423f-b871-37be8f6446e1",,"Kuber Industries ULa 10 Anti-Slip Stool for Bathroom | Kitchen | Bedroom | Toy Room (Brown)","1 pack","Bath & Laundry","Kuber Industries",,,375.638574962882,899,,29.26951,58.18937303926539,0.398277426212863,0.42876,0.00923,0.0119,0.00142,376.1048612923232
"2026-03-01","63899e07-8c4b-4e59-9414-12449a9cee3b",,"Kuber Industries Floral Print Plastic Bathroom Mug 1.5L | Pack of 4 (Blue & Pink)-46KM0201","1 pack (4 pcs)","Bath & Laundry","Kuber Industries",,,180.9606131770049,599,,12.42721,69.7386748440832,0.04017163601863629,0.03666,0,0,0,45.36535129912607
"2026-03-01","fcc1ff9d-7610-402d-a8da-af7cd5738ed5",,"Perpetual Square Toothbrush Storage Holder |Travel Bathroom Organizer| Pack of 4 | Assorted","2 pcs","Bath & Laundry","Perpetual",,,347.5259250071817,1499,,33.19075,76.81847225151485,0.18279407319400787,0.10757,0.01092,0.01464,0,349.91651005982266
"2026-03-01","44617c00-1633-4118-ac6b-fa8ea4d575d4",,"Gloxy Aluminum Folding 24 inch Large Towel Rack for for Bathroom Accessories and Fittings","1 pc","Bath & Laundry","GLOXY",,,685.2433862433862,1699,,4.37158,59.66784071551582,0,0,,,,685.2433862433862
"2026-03-01","245c6c79-be2b-49c5-9343-b80c7589b8ae",,"GLOXY Stainless Steel Wall Mounted Toothbrush Holder Toothpaste Stand for Bathroom SS304","1 pc","Bath & Laundry","GLOXY",,,364.7958730158729,1499,,0.77329,75.66405116638605,0.015178021472988804,0.01052,,,,359.81661967071153
"2026-03-01","9b7bde98-bbfa-4b5a-9ce1-6edd7d8228f9",,"Tinted Print Plastic 1.5 Litre Bathroom Mug | Beige & Black","1 pack (2 pcs)","Bath & Laundry","Kuber Industries",,,149.71051715591864,499,,21.0614,69.99572073853057,0.1900448945261008,0.14634,0.14888,0.1397,0.17577,74.85044606599722
"2026-03-01","9f7e523a-80e7-4715-9d66-6b7db6bb658a",,"Kuber Industries Plastic Strong Bucket for Bathroom for Bathing|18 L|Brown","1 pc","Bath & Laundry","Kuber Industries",,,199.08,599,,1.69569,66.76460767946578,0.020217111101446063,0.01686,0.00363,0.00487,0,191.3323896752706
"2026-03-01","29f83f23-66c0-4fc1-a235-2ceb08360531",,"Lushomes Curtain - Brown Melody Sheer | White Based Net | White | 54 x 60 inch","1 pc","Bath & Laundry","Lushomes",,,384,949,,16.82664,59.536354056902,0.0015373779810865912,0.0016,,,,384
"2026-03-01","c4134341-3ed4-465f-a888-c046c5128b0f",,"Lushomes Shower Curtain - Kids Printed | Waterproof | 12 Eyelets | No Hooks | 6 x 6.5 ft","1 pc","Bath & Laundry","Lushomes",,,798.4447832360877,1989,,9.12231,59.85697419627513,0.015708931585886543,0.01689,,,,791.272237749491
"2026-03-01","c958b515-ac3e-4c2d-970d-442cac7cf803",,"Lushomes Shower Curtain - Brown | Striped Satin Stripe | Hooks | 12 Eyelets | 6 x 6.5 ft","1 pc","Bath & Laundry","Lushomes",,,445.704393579058,999,,26.10129,55.33272999085501,0.024951087734315557,0.03084,0.00011,0,0.00045,461.10263709487856
"2026-03-01","6eaff502-fd2e-479f-a6ce-57f5e3066bf4",,"HD Creations Mayura Bath Towel (150cm x 71cm) - Assorted Colors & Designs","1 piece","Bath & Laundry","HD Creations",,,90.67175425473978,129,,41.49766,29.711818407178463,0,0,,,,90.67175425473978
"2026-03-01","1d3a82ba-0110-4f1e-8785-9dfa2901db13",,"GLOXY Wall Mount Stainless Steel with Smokey Glass Oval Shape Double Soap Holder for Bathroom","1 pc","Bath & Laundry","GLOXY",,,325.3439153439153,1198,,5.64885,72.88934972639584,0.01617368888115685,0.01494,,,,325.2435094597095
"2026-03-01","b353ef8a-e923-4959-b034-26c243de7b65",,"Cello Classic Perfect Posture Plastic Stool, Big, (Colour May Vary)","1 pc","Bath & Laundry","Cello",,,359,896,,0.00124,59.933035714285715,0.003024128805825655,0.00313,,,,359
"2026-03-01","3a415ce7-8dcc-450a-95db-3b5ee408b974",,"Kuber Industries Plastic Unbreakable Strong Bathroom ULa Bucket with Handle |18 L |Grey","1 pc","Bath & Laundry","Kuber Industries",,,247.64854368932038,799,,15.64666,69.0187334494494,0.09303752521985166,0.07399,0.00793,0.00713,0.01027,246.3666865671642
"2026-03-01","1e1623f1-8dd7-434f-8502-2378393c606b",,"Kuber Industries Plastic Bucket|Transparent Bucket with Lid & Handle for Bathroom | 13 Litre (Pink)","1 pc","Bath & Laundry","Kuber Industries",,,,,,0,,0,0,,,,
"2026-03-01","6cdcd1e1-2bb1-4d3b-9dd0-c5709e111795",,"Plantex 304 Grade Black Soap Dish for Bathroom - Decan","1 pc","Bath & Laundry","Plantex",,,432.4487179487179,1448,,5.53402,70.13475704774048,0.0195488326376587,0.01698,,,,446.3553023968784
"2026-03-01","779e8f55-1ba2-4abd-980a-92f3192d3760",,"Jalore Plastic Big Stool (Colour May Vary)","1 pc","Bath & Laundry","jalore",,,,,,0,,0,0,,,,
"2026-03-01","27234bf8-ab66-4c27-809b-efe41fa46565",,"Joyo Plastics Dolphin Bathroom Mug - 1100 ml (Colour May Vary) Combo","1 pc X 4","Bath & Laundry","Joyo",,,116.88940976516152,260,,38.73427,55.04253470570711,0,0,0.00307,0.00412,0,116.88940976516152
"2026-03-01","b501db81-06aa-4474-b555-23316a5d467e",,"Perpetual Wall-Mounted Toothbrush Holder, 2 Pcs Self-Adhesive for Bathroom & Makeup Brushes","1 pack (2 pcs)","Bath & Laundry","Perpetual",,,251.2997783151555,1199,,19.14295,79.06083138002806,0.22431441665774227,0.11918,0.01691,0.01106,0.03405,126.17776127017187
"2026-03-01","01eec9ac-8404-4284-b460-47feb5cdc61b",,"Nayasa Square Ring Bucket Funk - 25L - Black","1 pc","Bath & Laundry","Nayasa",,,529.4843668341574,705,,34.4825,24.91980931014681,0.21565211020668032,0.41657,0.57901,0.77668,0,528.5397397011848
"2026-03-01","fd3677bc-6b2e-4640-b5ce-04ecf405eebc",,"Plantex Metro Stainless Steel Toothbrush Holder Tumbler Holder for Bathroom Accessories","1 pc","Bath & Laundry","Plantex",,,218.04048981321708,1265,,4.50089,82.76359764322395,0.005123468222369804,0.00217,,,,190.63137006494938
"2026-03-01","b19f7014-504d-4a81-82b6-43955ce6420e",,"Square Large Plastic Bathroom Mug | 2 L | Pink | 50KM0831","1 pack (2 pcs)","Bath & Laundry","Kuber Industries",,,121.00459039548024,399,,8.92386,69.67306665514548,0.02591030358991338,0.02027,0.00797,0.00547,0.01531,60.50003483924635
"2026-03-01","610329d6-fc2d-4927-a1f8-a1461bcca0ba",,"Lushomes Shower Curtain - Maroon | Striped Thin Stripe | Hooks | 12 Eyelets | 6 x 6.5 ft","1 pc","Bath & Laundry","Lushomes",,,467.13242662687105,895,,7.13805,47.835523468945645,0.010058940937502456,0.01418,,,,443.7721691137921
"2026-03-01","88b53900-1fe3-411a-bdce-22ef5fe4f6ab",,"Joyo Plastics Fantacy Hand Soap Dispenser (Colour May Vary) Combo","1 pc X 2","Bath & Laundry","Joyo",,,193.73763800253568,244,,8.83222,20.599328687485382,0,0,0.00922,0.01237,0,193.73763800253568
"2026-03-01","7479ec7a-c2ec-4be5-96f4-f448cba55d4e",,"Nayasa Handy Twins Soap Case Beige","1 pc","Bath & Laundry","Nayasa",,,75.66580921559441,95,,14.17973,18.31861040777523,0.020334903618547978,0.04549,0.12093,0.16222,0,82.5143089356234
"2026-03-01","77c7538f-96e0-4d23-8ae7-2a71e44bdefb",,"Lushomes Shower Curtain - Waffle Weave White | 12 Plastic C-Ring Hooks | Non-PVC | 72 x 78 inch","1 pc","Bath & Laundry","Lushomes",,,588.0259117693901,1499,,5.56372,60.769540212952776,0.009359948665530922,0.00981,,,,608.3253562278105
"2026-03-01","36696206-5164-4e15-a495-7d4ee2f5b22c",,"BAY6 Royce Bucket 5 L - Blue","1 pc","Bath & Laundry","BAY6",,,94.03012152023328,249,,4.41855,61.08984418553411,0.07670486706776357,0.07512,0.01018,0.01366,0,98.59083405402117
"2026-03-01","f02cfdec-ffdd-4d00-b006-951dfde8b7c1",,"Gloxy Stainless Steel Wall Mount Shower Caddy Organizer Rack for Bathroom SS304","1 pc","Bath & Laundry","GLOXY",,,328.0367923724448,2099,,12.06054,84.37989912740899,0.040381232445915044,0.01758,0.02856,0.03831,0,326.1314075805421
"2026-03-01","04b84574-41c2-4539-9f24-7e176f08d0bf",,"Kuber Industries Floral Print Plastic Bathroom Mug - Blue, White, Pink | 1.5 L | 46KM0199","1 pack (2 pcs)","Bath & Laundry","Kuber Industries",,,148.00578483245152,499,,23.79955,70.3399247275183,0.32503410658176773,0.24884,0.48228,0.1278,1.52065,74.00246936972752
"2026-03-01","8c5909c5-6c29-4816-b26f-9fd8e1670450",,"Ratan Plasticware Frosty Bubble Print Pack Of 1 Mug 1.5L -Blue","1 pc","Bath & Laundry","Ratan Plasticware",,,49.58361249869545,120,,19.57688,63.84484899541414,0.02991862431513497,0.02496,0.07907,0.10606,0,39.825458858467634
"2026-03-01","7e169105-3a71-4709-b40b-7a9f24d1bc36",,"GLOXY Wall Mounted Toothbrush Holder Tumbler Stand Brush Holder for Bathroom Accessories SS304","1 pc","Bath & Laundry","GLOXY",,,193.2796761057058,1499,,12.48766,87.10472698070001,0.03966536445516101,0.01544,0.0146,0.01958,0,196.67586250010677
"2026-03-01","92fa523b-e239-4e31-aa87-61e5b7e7811c",,"Kuber Industries Plastic Disney Team Square Bathroom Stool|P6|Gray","1 pack","Bath & Laundry","Kuber Industries",,,171.17069253738555,499,,37.37609,65.27641770602064,0.7680453506289306,0.69214,0.14478,0.1938,0.00121,173.66677828390957
"2026-03-01","1dc327be-6bb2-4cd7-8c24-b6dd3822af93",,"Lushomes Shower Curtain - Beige | Heavy Duty | 72 x 80 inch","1 pc","Bath & Laundry","Lushomes",,,477.0147104105992,999,,22.82601,52.25077973867876,0.016892256986916092,0.02111,0.00074,0.00006,0.00274,483.9698740916064
"2026-03-01","e8ab73e7-29b0-485c-a481-6144d6c9c85f",,"Plantex Aluminium Towel Rack with Hooks for Bathroom Accessories - Black Finish","1 pc","Bath & Laundry","Plantex",,,1133.9102564102564,4711,,3.06734,75.9305825427668,0.0477009067106406,0.03087,,,,1181.8236732007708
"2026-03-01","1efa550b-0ec3-4d84-affc-143c6ab78df0",,"Kuber Industries Plastic Lightweight | Unbreakable Bathroom Mug 1.5 litre (Grey | Pack of 2)","1 pack (2 pcs)","Bath & Laundry","Kuber Industries",,,81.33850101708907,399,,11.73087,79.5999910120484,0.06593377079763925,0.03577,0.03374,0.02061,0.07222,41.09655605259008
"2026-03-01","486b5815-51ec-42a2-b8a1-49b319a2d65f",,"Lushomes Shower Curtain - Bora Bora Printed | Waterproof | 12 Eyelets | 12 Hooks | 6 x 6.5 ft","1 pc","Bath & Laundry","Lushomes",,,562.2066086541405,1499,,28.91599,62.493026936672535,0.03152013002759511,0.0314,,,,571.7719887381052
"2026-03-01","d618180d-c41a-4c06-baf7-a8f58076b638",,"Joyo Designer Bucket - 18 L Printed - Grey","1 pc","Bath & Laundry","Joyo",,,,,,0,,0,0,,,,
"2026-03-01","f8de46d7-2733-42df-9fea-febf2071c687",,"Lushomes Shower Curtain - White | Hotel Quality Designer Bathroom","1 pc","Bath & Laundry","Lushomes",,,394,999,,21.7529,60.56056056056056,0.000741856597679106,0.00075,,,,394.00000000000006
"2026-03-01","e7841d5b-f1dc-457a-b798-3119936742ee",,"Kuber Industries Plastic Bucket Set|Capicity 16 litres|Pack of 2 (Transparent)","1 pack (2 pcs)","Bath & Laundry","Kuber Industries",,,,,,0,,0,0,,,,
"2026-03-01","d62e818e-20e3-403f-820d-edc0a3a4a40f",,"Ratan Plasticware Frosty Checks Print Pack Of 1 Mug 1.5L -Beige","1 pc","Bath & Laundry","Ratan Plasticware",,,50.320491063564766,120,,31.88901,57.76502898285295,0.019582584075223716,0.02175,0.12281,0.0371,0.37388,51.25747002518575
"2026-03-01","f7864c86-b6f7-4dc8-b361-92941fc037d5",,"Kuber Industries Plastic Unbreakable Bucket with Handle|16 Liter|Black","1 pc","Bath & Laundry","Kuber Industries",,,224,599,,8.19569,62.60434056761269,0.0453268305923172,0.04372,0.01756,0.02223,0.00386,224.00000000000006
"2026-03-01","7c924e0a-52c9-4a0b-821b-f6cb2a404438",,"Kuber Industries Plastic Bucket for Cleaning & Storage|Plain Bucket|5 L|Blue","1 pc","Bath & Laundry","Kuber Industries",,,104,499,,0.49028,79.15831663326654,0.01034110295554601,0.00556,0.08282,0.09766,0.03936,103.99999999999999
"2026-03-01","82245d07-1f3c-422f-80a9-2719c155cda1",,"Kuber Industries |Pack of 2 Shoe Rack | Storage Rack for Living Room | Cabinet Organizer Black","1 pack (2 pcs)","Bath & Laundry","Kuber Industries",,,1999.0507246376815,16199,,2.01681,87.6594189478506,0,0,,,,999.5253623188407
"2026-03-01","54420962-ad33-4fa0-9781-c9fc08817169",,"Kuber Industries Unbreakable Virgin Plastic Bucket with Lid For Home/Kitchen/Office | 18L. (Grey)","1 pc","Bath & Laundry","Kuber Industries",,,346.42017543859646,799,,5.22355,56.66017131003819,0.031039509556669235,0.03297,,,,343.3770128543
"2026-03-01","2e60ba97-794c-4aa4-82b0-eb62bdefdf80",,"Kuber Industries Plastic Bucket for Cleaning & Storage|Plain Bucket|7 L|Transparent","1 pc","Bath & Laundry","Kuber Industries",,,99,499,,0.56532,80.16032064128257,0.008084144325573223,0.00414,0.00169,0.00227,0,99
"2026-03-01","edd39802-7370-4496-9819-592864fdaf63",,"Lushomes Shower Curtain - Bali Printed | Waterproof | 12 Eyelets | 12 Hooks | 6 x 6.5 ft","1 pack","Bath & Laundry","Lushomes",,,616.3372351051987,1499,,26.23669,58.88343995295538,0.029749529612934228,0.03271,,,,630.0751084561156
"2026-03-01","8a02432d-734c-4c9d-8c97-76dc119d49e4",,"BAY6 Royce Bucket 18 L - Grey","1 pc","Bath & Laundry","BAY6",,,264.3178190274817,649,,20.39366,59.37185575637454,0.15017870901742794,0.1551,0.69235,0.92871,0,263.41936200194704
"2026-03-01","c9a7de53-c04f-492a-9958-059abf4cca87",,"Jalore Opaque Plastic Bucket With Plastic Handle | Grey|20 L","1 pc","Bath & Laundry","jalore",,,,,,0,,0,0,,,,
"2026-03-01","2033f801-8632-4566-8459-96ed16d7a369",,"Plantex Stainless Steel Folding Towel Rack for Bathroom - 24 Inch, Chrome Finish","1 pc","Bath & Laundry","Plantex",,,1018.88,3815,,0.00193,73.29279161205767,0,0,,,,1018.88
"2026-03-01","b60f02fe-16df-43fe-bdf1-d44ca160288e",,"Perpetual Bathroom Organizer Shelf | Self-Adhesive Rack for Wall | Pack of 1","1 pc","Bath & Laundry","Perpetual",,,126.17854960953484,398.78632476923076,,30.94629,68.94374068152497,2.2292058354061974,1.77588,1.43835,0.7924,3.33049,123.82948187034984
"2026-03-01","a81e29cb-c343-4362-8a75-6c87506b5e84",,"BAY6 Regent Tub 20 L - Blue","1 pc","Bath & Laundry","BAY6",,,245.59800914649713,649,,15.37596,61.47039607835158,0.260600249669518,0.25679,0.00844,0.01132,0,257.39228636085846
"2026-03-01","759786a5-f355-4be5-a5f2-7c0d1f4bb85b",,"Flair Estella Home Stool 9 - Beige - Plastic Stool For Bathroom","1 pc","Bath & Laundry","Flair",,,301.6815239718671,487.62849863874345,,13.43137,38.22402973332483,0.1273272982140322,0.20203,0.00494,0.00612,0.00148,298.77106346122935
"2026-03-01","715f6db8-1ff0-4b27-b6ba-ba7ec6325d9a",,"Perpetual Leakproof Travel Soap Case, Waterproof Container with Draining Layer, Pack of 1","1 pc","Bath & Laundry","Perpetual",,,127.78113608556282,499,,15.13292,74.28695572287158,0.09348979448322291,0.06211,0.03207,0.04301,0,128.83367585443457
"2026-03-01","32eff620-41a4-445e-89c6-2602badb2d55",,"Kuber Industries Pack of 2 Virgin Plastic Bath Mug | Transparent & Unbreakable | 1100 ml | White","1 pack (2 pcs)","Bath & Laundry","Kuber Industries",,,138.8197216117216,399,,3.19682,65.20808982162366,0.002693364717688474,0.00242,,,,71.84759778911564
"2026-03-01","e795ba54-03b8-4dc3-bdd1-a2b9725432e3",,"Kuber Industries Versatile Plastic Bath Tub|Baby Bathing Tub|TUB-25 L|Gray","1 pc","Bath & Laundry","Kuber Industries",,,292.46160939715065,1399,,17.11953,79.11836523452182,1.1900925642613336,0.63708,0.02115,0.02837,0,292.21286972963486
"2026-03-01","7e10dc6f-79be-4e43-aa93-2ade1938373a",,"Soham Housewares Plaza Gillete Soap Dish Case (Colour May Vary) Combo","1 pc X 2","Bath & Laundry","Multibrand Combo",,,74.8968104827314,88,,27.24419,14.889988087805232,0,0,0.10033,0.11537,0.05628,74.8968104827314
"2026-03-01","28c97975-78e3-4593-a456-3d7fba6fee8f",,"Flair Estella Home Deep Tub | 20 L | Blue","1 pc","Bath & Laundry","Flair",,,235.2026845293641,389.24415804878055,,7.44033,39.520038925785734,0.12015106755895795,0.18704,0.06567,0.02873,0.17387,235.28761363518566
"2026-03-01","aaa9f496-6138-4826-88e4-1755b53e8d9c",,"BAY6 Royce Bucket 20 L - Grey","1 pc","Bath & Laundry","BAY6",,,282.1359200426877,749,,13.32809,62.55087777225166,0.15056651303504998,0.13861,0.42334,0.56786,0,271.5198375883196
"2026-03-01","10e13395-fac9-49e6-8ef3-9556cba1be2d",,"Kuber Industries Versatile Plastic Bath Tub|Baby Bathing Tub|TUB-25 L|Brown","1 pc","Bath & Laundry","Kuber Industries",,,265,699,,6.45737,62.088698140200286,0.09514766509641662,0.09304,0.01057,0.01417,0,265
"2026-03-01","bab054e6-3840-4740-96dc-6cc202be66e6",,"Flair Estella Home Soap Case - Beige","1 pc","Bath & Laundry","Flair",,,44.394613095196824,60,,25.43391,27.095235311752116,0.07340735161766128,0.13766,0.3188,0.42764,0,43.59935262019544
"2026-03-01","e3d98cbd-7d10-478a-9890-256ba4468b1d",,"Lushomes Shower Curtain - Blue | Printed Dessert | Non-PVC | Water-Repellent | 72 x 80 inch","1 pc","Bath & Laundry","Lushomes",,,448.94709234072053,1499,,39.13743,70.02837550833375,0.0754857651429151,0.06144,0.00023,0,0.0009,464.45972834666526
"2026-03-01","b0aef5c1-4b85-4809-82c8-13183fc65c81",,"Flair Estella Home Deep Tub | 20 L | Beige","1 pc","Bath & Laundry","Flair",,,235.67093650126748,388.2515981196581,,12.34102,39.25038038438734,0.28708129006865585,0.45035,0.23233,0.11456,0.57733,235.89848463086975
"2026-03-01","d6436d03-6830-4419-a300-9ec712246b7b",,"Kuber Industries Multiuses Plastic Bucket with Handle | 18 litre (Brown)-46KM0353 | Standard","1 pc","Bath & Laundry","Kuber Industries",,,365.83221812028916,799,,18.98548,54.03153926141438,0.20945568378411858,0.25291,0.14595,0.13136,0.1887,373.7818269329204
"2026-03-01","feeff5ec-50ea-4464-bdcb-2ec770219209",,"Kuber Industries Tub-Bucket with Mug Bathroom Combo Set|Set of 3|Beige","1 set (3 pcs)","Bath & Laundry","Kuber Industries",,,500,2599,,5.4099,80.76183147364371,0.133071117858847,0.06603,,,,499.99999999999994
"2026-03-01","f1fe4641-0aff-4e66-b71b-90acd10ea38c",,"Perpetual Self-Adhesive Toothbrush Holder, 2 Pcs Teddy Bear Shaped for Bathroom Storage","1 pack (2 pcs)","Bath & Laundry","Perpetual",,,135.44947000392315,698.8571697695852,,67.71301,81.52430049016384,3.427166534792688,1.56964,1.27861,0.65034,3.11899,64.1916541275288
"2026-03-01","dd369670-85f3-48a7-bf0d-a83094e6131c",,"Soham Housewares Plaza Gillete Soap Dish Case (Colour May Vary)","1 pc","Bath & Laundry","Soham Housewares",,,37.48551739969705,44,,88.42461,16.568963061472594,1.2304856097103964,2.66049,2.23694,2.90641,0.27591,36.70863468733272
"2026-03-01","b7a9b44b-2c3f-40a5-8f17-20741e3a25c4",,"Perpetual Self-Adhesive Toothbrush Holder, 4 Pcs Teddy Bear Shaped for Bathroom Storage","1 pack (4 pcs)","Bath & Laundry","Perpetual",,,262.62918492144246,1199,,51.04133,78.26289155566272,0.11917902615708542,0.0554,0.00917,0.0123,0,56.90755655606295
"2026-03-01","cc373f7f-dca6-4d99-9f10-ff9a9b32cf30",,"Lushomes Shower Curtain - Gold | Striped Thin Stripe | Hooks | 12 Eyelets | 6 x 6.5 ft","1 pc","Bath & Laundry","Lushomes",,,476.99305275123015,895,,10.8604,46.70468684343797,0.006162674984996723,0.00877,0.01224,0.01316,0.00954,492.2126212796951
"2026-03-01","c0a61799-73a3-434d-8f85-a81b3d7e2dc1",,"Ratan Plasticware Gloria Pack Of 1 Mug 1.5L -Nir Silver","1 pc","Bath & Laundry","Ratan Plasticware",,,64.39818055899876,130,,27.25017,53.82133322926898,0.02216659413520153,0.02361,0.06159,0.07784,0.01401,58.5821796751529
"2026-03-01","e1846bc3-2fe4-4446-8a5a-522bc6102f49",,"Agmeco Zenith Stainless Steel Soap Dish - Durable | Space-Saving | Modern Design","1 pack (2 pcs)","Bath & Laundry","AGMECO",,,636.0025709954458,970,,41.01893,34.39406628632531,0.029072138261004313,0.05207,0.63264,0.84861,0,322.4533857062015
"2026-03-01","ed556f19-3cc1-47c0-b105-7c5b36c634dd",,"Jalore Plastic Tub | Blue |22.50 L","1 pc","Bath & Laundry","jalore",,,,,,0,,0,0,,,,
"2026-03-01","a907e0b9-c982-43c2-9e37-783302373437",,"Jalore Square Plastic Bucket | Blue |25 L","1 pc","Bath & Laundry","jalore",,,377,835,,1.46629,54.8502994011976,0.0028182450366790422,0.00328,,,,377
"2026-03-01","e531dc7e-3d89-443e-a7c2-681bf1e6aa4b",,"Joyo Better Home Bucket 25 L | Assorted Colours Combo","807 g X 2","Bath & Laundry","Joyo",,,709.1735431546739,1433.3851087346939,,51.05955,50.5245632291597,0,0,0.0936,0.12556,0,43.93888123634904
"2026-03-01","3ba560c1-0a61-404b-ac4a-6122c0f225b1",,"Jalore Square Plastic Bucket | Beige |20 L","1 pc","Bath & Laundry","jalore",,,302.5217391304348,665,,0.62825,54.50800915331808,0,0,,,,302.5217391304348
"2026-03-01","3e9064ce-b164-4f95-a958-dfcac7e725f1",,"Liza Industries Opera Bathrrom Set Jumbo 12 Pcs - 25 L Bkt, Basin 30, Big Patla (Colour May Vary)","1 set (12 pcs)","Bath & Laundry","Liza",,,1213.247619047619,3300,,7.26468,63.234920634920634,0.011137974396456096,0.00939,,,,1082.1783987936697
"2026-03-01","f5185c73-e81b-407b-be63-7825e6e67ad6",,"Lushomes Shower Curtain - Heavy Duty White | Water-Resistant | 8 Eyelets | C-Rings | 48 x 78 inch","1 pc","Bath & Laundry","Lushomes",,,360.4405882352941,775,,2.12246,53.49153700189754,0.0026157364112889313,0.00333,,,,280.0005238649593
"2026-03-01","ede1d2a4-e7ca-4a5a-a8e3-7d0a0fd70cb2",,"Lushomes Shower Curtain - Striped Pink | Polyester | 10 Metal Eyelets | 6 x 6.5 ft","1 pc","Bath & Laundry","Lushomes",,,423.7991103902008,999,,10.89472,57.57766662760753,0.0013487074450981382,0.00142,0.00315,0,0.01238,376.81509298212404
"2026-03-01","f4995a3c-782c-424f-8697-1c53ebca18da",,"Kuber Industries Plastic Strong Bucket for Bathroom for Bathing|18 L|Beige","1 pc","Bath & Laundry","Kuber Industries",,,280.62804291932014,599,,13.87587,55.54109130625862,0.3479368195702624,0.38228,0.87313,0.52036,1.90649,255.21720605810881
"2026-03-01","fecbc7ef-d50e-4125-a9e9-36659929096b",,"Liza Industries Orry Bathrrom Set 6 Pcs - Bkt 20, Big Patla,Sc, Dustbin, Mug, Tub (Colour May Vary)","1 set (6 pcs)","Bath & Laundry","Liza",,,1077.1005546201063,2900,,4.69594,62.68124763731069,0.054518697098774334,0.06467,,,,1328.9678402919951
"2026-03-01","735c3317-2ae3-48e9-91fa-0c7ecfec4fe9",,"Sapna Multipurpose Corner Wall Shelf Organizer - Assorted","1 pc","Bath & Laundry","Sapna",,,279,399,,0.91084,30.075187969924812,0,0,,,,279
"2026-03-01","882d005f-5626-42cd-b38d-979ea718023f",,"Perpetual Wall-Mounted Toothbrush Holder, 3 Pcs Self-Adhesive for Bathroom & Makeup Brushes","1 pack (2 pcs)","Bath & Laundry","Perpetual",,,340.2689375688632,1599,,32.58384,78.76754234978115,0.13864550528708547,0.06884,0.01225,0.01643,0,167.53099671499305
"2026-03-01","4af84c7b-028d-461a-80b4-33478ed12abf",,"Jalore Square Shaped Plastic Stool | Beige |28 cm","1 pc","Bath & Laundry","jalore",,,325,420,,1.32943,22.61904761904762,0,0,,,,325
"2026-03-01","9ac91e02-fb32-4c95-b160-f144277664d5",,"GLOXY Stainless Steel Soap Holder with Glass Wall Mounted Soap Dish Stand for Home Kitchen SS304","1 pc","Bath & Laundry","GLOXY",,,371.1666666666667,2099,,0.56469,82.3169763379387,0.007084426744897376,0.00421,0.00753,0.0101,0,371.4956099090624
"2026-03-01","24b4351e-a1ff-4014-928f-9efaefa365e5",,"Perpetual Handwash Soap Dispenser for Wash Basin, 2 Pcs Refillable (Black)","2 pcs","Bath & Laundry","Perpetual",,,263.0457454986917,999,,35.70315,74.1569574943876,0.39193519358002044,0.26069,0.31981,0.12025,0.90436,255.5930840026114
"2026-03-01","fc8a925b-6501-49ae-b4df-48cfcd923e0e",,"Kuber Industries PVC Floral Shower Curtain with Hooks | Size Standard (Blue) | Washable | Pack of 1","1 pack","Bath & Laundry","Kuber Industries",,,283.9564308415374,699,,20.19288,59.336297555734994,0.016302281858279574,0.01614,0.00023,0.00031,0,280.49889936482356
"2026-03-01","68714dbd-09c0-4a4a-beec-bd9298fe850a",,"Story@Home 1 U Shower Curtains | Light Blue","1 pc","Bath & Laundry","Story@home",,,300.3052251146495,999,,29.55923,69.9394169054405,0.012509295304722796,0.01014,,,,312.26812460612035
"2026-03-01","f3c83d4b-f422-4ea7-899b-4f0c47ed962e",,"Joyo Better Home Bucket 16 L Plain (Colour May Vary) Combo","1 g X 3","Bath & Laundry","Joyo",,,660.6978228223485,1450.1392705349795,,37.62671,54.439008980247344,0,0,0.08258,0.11078,0,22023.26076074495
"2026-03-01","6c533c6f-96c3-412c-af57-e26c7b657799",,"Cello Plastic Frosty Deluxe Bucket | 5 Litre - Assorted","1 pc","Bath & Laundry","Cello",,,103.27342631038755,143,,6.73278,27.85154508660599,0.04251128567064336,0.07873,0.04177,0.05603,0,103.18586503580701
"2026-03-01","f0ee3602-2218-492b-ac36-96c82b6afb3d",,"Lushomes Shower Curtain - Striped Green Thin Stripe | 12 Eyelets | Hooks | 6 x 6.5 ft","1 pack","Bath & Laundry","Lushomes",,,453.66796553786355,895,,33.7914,49.31084183934486,0.017731655239158105,0.02462,0.01234,0.01637,0.00054,475.51542402753614
"2026-03-01","6d2b18aa-6772-4a2b-b7d9-dbb36e298585",,"Cello Plastic Super Bucket Delux Red 25 Litre Strong and Durable Buckets Perfect Use in Bathrooms","1 pc","Bath & Laundry","Cello",,,289.25,444,,0.79252,34.8536036036036,0.00299712765577364,0.00585,,,,334.767032967033
"2026-03-01","4d5f4906-71e6-4d72-85fb-a6aa42a2e1dc",,"HomeStrap Set Of 2 Bathroom Set | Soap Dispenser And Tumbler","1 set (2 pcs)","Bath & Laundry","Homestrap",,,348.6243892301105,799,,71.56939,56.31368815736952,0.6595702553812153,0.7445,0.73982,0.99238,0,349.40526729396385
"2026-03-01","f9486144-0c92-4d20-860d-aa7f286ca0c4",,"Kuber Industries 13 L Colorful Plastic Bucket with Lid & Handle for Bathroom | Home Use (Black)","1 pc","Bath & Laundry","Kuber Industries",,,213.21841715364283,699,,12.09888,69.35078937424615,0.3490955064218695,0.27969,1.16605,0.4207,3.34937,217.43894030131483
"2026-03-01","5f985de6-021a-4f55-96f1-83903f78a0d8",,"Plastic Bathroom Mug 1 Litre- (Black)-46HH0213","1 pack (2 pcs)","Bath & Laundry","Kuber Industries",,,89.541693270931,199,,39.74697,55.010308209214,0.18324127974174437,0.21184,0.38179,0.36188,0.44011,44.789668856895254
"2026-03-01","a1d901aa-d39b-459a-91f6-a33c21fc704b",,"Perpetual Handwash Soap Dispenser | Refillable ABS Plastic for Bathroom & Kitchen (Black)","1 pc","Bath & Laundry","Perpetual",,,178.8882682745939,599,,18.15217,71.0540692167321,0.13982241791497765,0.09697,0.06912,0.09272,0,163.27411878908632
"2026-03-01","45602f8c-ea45-4bbe-8b0d-202ee1878a30",,"BAY6 Royce Bath Stool - Grey","1 pack","Bath & Laundry","BAY6",,,280.3090308700987,699,,17.12132,59.735642292325096,0.18196716297366491,0.19164,0.02583,0.03465,0,288.9031183253011
"2026-03-01","3bb925bd-80d5-4f7c-b452-4e5a959dd4d8",,"Flair Estella Home Bucket | 14 L | Blue","1 pc","Bath & Laundry","Flair",,,203.9205641335732,320.0058788888889,,46.69204,36.2123640503224,1.3158632461748672,2.16028,4.00883,5.21932,0.46302,204.138846514908
"2026-03-01","b3f4a5b2-5611-4c9c-8664-d0e745445aa5",,"Tub-Bucket with Mug & Stool Bathroom Combo Set | Brown","1 set  (4 pcs)","Bath & Laundry","Kuber Industries",,,679,3399,,3.06533,80.02353633421595,0.18871677545791732,0.09724,0.02172,0.0082,0.06132,679
"2026-03-01","2ce3a4eb-ef5f-4516-ae7b-7ffa15dc6397",,"Joyo Better Home Bucket 16 L Plain (Colour May Vary) Combo","1 g X 2","Bath & Laundry","Joyo",,,440.6197933424034,967.6352789919355,,52.79993,54.46426945063093,0,0,0.11194,0.15015,0,22030.98966712017
"2026-03-01","be4079db-e4ab-4d34-8c03-733ca1394382",,"Kuber Industries Plastic (Set of 2) 16 L Bucket Set for Bathroom with Handle and Mug (Blue)","1 set (2 pcs)","Bath & Laundry","Kuber Industries",,,244,599,,0.10321,59.26544240400668,0.0020217111101446064,0.00212,,,,244
"2026-03-01","8b7c65a5-7566-4988-a323-7345caad1ade",,"Kuber Industries Bucket-Stool-Mug Plastic Bathroom Combo Set|Set of 3|Transparent","1 set  (3 pcs)","Bath & Laundry","Kuber Industries",,,413.07580249841874,1099,,12.8969,62.414455080247514,0.22415240975743023,0.21726,0.09996,0.04999,0.24631,413.032195216679
"2026-03-01","22dd2be0-5830-4f17-b425-445c19e88e25",,"Ratan Plasticware Premia Bucket (18L X 1) - Diaso Pink|Light Weight And Easy To Carry","1 pc","Bath & Laundry","Ratan Plasticware",,,346.40816326530614,749.4863942857143,,4.18984,56.57759263052114,0.013821213682875064,0.01315,0.01382,0.01854,0,244.21768375561982
"2026-03-01","3bb95780-cddb-447f-b563-e68e7aca417d",,"Urbanfix Bulfyss Toothbrush & Toothpaste Holder Stand","1 pc","Bath & Laundry","UrbanFix",,,301.5335790948535,429,,10.46982,29.735510627870276,0.09206042110234439,0.16776,0.02848,0.0382,0,302.22446292607106
"2026-03-01","7e83491c-f6d9-4cd6-bda8-d3377401df33",,"Perpetual Self-Adhesive Toothbrush Holder, 3 Pcs Teddy Bear Shaped for Bathroom Storage","1 pack (3 pcs)","Bath & Laundry","Perpetual",,,257.5074626648617,999,,43.27632,74.55753692140249,0.13847978572864122,0.07654,0.01935,0.02596,0,77.29691293128134
"2026-03-01","3399e0a1-ab4b-4425-bd6a-851fa87c2e40",,"Kuber Industries Small 5 L Plastic Bucket for Cleaning & Storage | Plain Brown","1 pc","Bath & Laundry","Kuber Industries",,,107.41359321506381,499,,2.35214,82.3689851141462,0.21224321501261342,0.08447,0.39998,0.28162,0.74668,77.95565200580485
"2026-03-01","cf8cc0bf-64c6-4df8-8512-bbc817ed9a7b",,"Kuber Industries Bathroom Stool|Plastic Stool for Bathroom|Anti-Slip with Strong Bearing|Cream","1 pack","Bath & Laundry","Kuber Industries",,,267.97948812773416,699,,27.15725,61.64098630999441,0.3505339926908906,0.34603,0.02174,0.02916,0,268.3098387132127
"2026-03-01","6c202601-b75c-43a3-a591-9c05f1ae1d02",,"Jalore Frosty Bathroom Set | 25 L Bucket | 1.5 L Mug | Stool | Blue","1 set","Bath & Laundry","jalore",,,550.0279010779961,899,,12.37899,38.81793413429992,0.06368896268518985,0.1005,0.00553,0.00742,0,550.0439867892845
"2026-03-01","b0bc6325-ac6b-4bfe-bc6f-9b0a1a1f7a26",,"Nayasa Mug Frosty / Dlx 1.5L - Orange","1 pc","Bath & Laundry","Nayasa",,,55.967670562010646,69,,26.48843,18.932319299622456,0.015253962207510097,0.03182,0.00948,0.01272,0,55.86410757753239
"2026-03-01","20ad7c7f-db00-4de6-9093-0b35c14c2add",,"Lushomes Shower Curtain - Pink | Kids Printed Air Balloon | 12 Eyelets | 12 Hooks | 6 x 6.5 ft","1 pc","Bath & Laundry","Lushomes",,,819.4880126774942,1999,,18.92871,59.00510191708382,0.011335082791835805,0.01224,0.05876,0.01696,0.18119,800.242173857002
"2026-03-01","92ec5fa2-2ca5-4c98-918d-cf6a870cf589",,"Liza Industries Rio Bathroom Set | 18 L | Patla, Soap Case, Dustbin, Mug, Tub | Colour May Vary","1 set (6 pcs)","Bath & Laundry","Liza",,,1030.3749404153898,2696,,2.66983,61.78134494008198,0.033394684869956226,0.03784,,,,1015.2528200927107
"2026-03-01","9f733265-a758-44a5-a9e9-5e7d81661d92",,"Liza Industries Falcon Bathroom 3 Pcs - 20L Bkt, Sml Patla, 1 L Mug (Colour May Vary)","1 set (3 pcs)","Bath & Laundry","Liza",,,532.4444444444445,1452,,2.05737,63.330272421181505,0.004900708734440682,0.00719,,,,821.2235028248588
"2026-03-01","eb4e0842-1024-410b-b380-bac421a1a893",,"Kuber Industries Bucket & Mug Bathroom Combo Set|Set of 2|Brown","1 set  (2 pcs)","Bath & Laundry","Kuber Industries",,,310.72838208327477,1599,,23.1272,80.72583296563052,2.7591968966590423,1.34095,1.71171,1.07581,3.57441,308.3557230848582
"2026-03-01","86189544-de7f-49b5-9783-8ce0fa421119",,"Lushomes Curtain - Green | Satin | 8 Metal Eyelets | 54 x 60 inch","1 pc","Bath & Laundry","Lushomes",,,437.23543480980214,999,,11.63514,56.23268920822802,0.002731166327761295,0.00324,,,,456.7682345101447
"2026-03-01","a08567ad-54dc-4bfc-9a85-edcdd4aa80c3",,"BAY6 Royce Bucket 16 L - Grey","1 pc","Bath & Laundry","BAY6",,,239.89879331436245,599,,6.14216,59.90286331672668,0.0732058555353981,0.07613,0.07401,0.09928,0,245.67896793481705
"2026-03-01","ff232ec5-4adc-497e-945a-e4da909876a7",,"Joyo Better Home Bucket 16 L Plain Colour May Vary","1 pc","Bath & Laundry","Joyo",,,221.78843591618207,483.9283133870968,,90.16361,54.17785014124578,5.181126478190877,6.09296,7.28433,9.30578,1.36301,221.69542659290406
"2026-03-01","f150f751-9e2e-4d72-84af-1f728bc49ed6",,"Jalore Square Plastic Bucket | Grey| 20 L","1 pc","Bath & Laundry","jalore",,,296.67356977060365,665,,31.85049,55.39147478166573,0.032343327589805904,0.03663,0.04722,0.06334,0,293.941240017536
"2026-03-01","603a4433-459e-4551-8513-f4df10b4ef1b",,"Kuber Industries Plastic Sitting Stool for Indoor Or Outdoor|Home & Garden|Brown","1 pack","Bath & Laundry","Kuber Industries",,,555.5649408821475,1099,,33.60979,49.619714008359075,0.9224632402045251,1.19081,0.10475,0.04917,0.26757,551.9644711156703
"2026-03-01","c92045ae-5dd9-43b4-951b-b09a31f75229",,"Ratan Plasticware Premia Bucket (5L X 1) - Mint|Light Weight And Easy To Carry","1 pc","Bath & Laundry","Ratan Plasticware",,,165.36490648107872,349.27751181818184,,10.84009,53.37944434361613,0.02050467334950002,0.02402,0.00724,0.00971,0,161.34024829490542
"2026-03-01","8abd1bfb-7ce2-4fbf-b8fb-875c1df622d5",,"Encasa Xo Polyester Shower Curtain Zz White 183X213 Cm, Pack Of 1","1 pc","Bath & Laundry","Encasa XO",,,641.4203878677758,1850,,25.83596,65.32862768282293,0.027660990656410887,0.02233,0.02509,0.03365,0,581.1303113890796
"2026-03-01","e956b2bf-9190-43dd-9fda-0f4a872e07af",,"BAY6 Royce Bucket 25 L - Grey","1 pc","Bath & Laundry","BAY6",,,336.1590342406132,849,,9.82456,60.53685760983903,0.12238541272576219,0.12036,0.07276,0.0976,0,323.59282781569823
"2026-03-01","fe1bceaf-2339-403a-95f6-c881e1d11aa9",,"Kuber Industries (Set of 2) Bathroom Bucket-18 L & Mug-500 ml Bathing Combo Set | Blue","1 set (2 pcs)","Bath & Laundry","Kuber Industries",,,266,1599,,0.41588,83.364602876798,0.01619056459993936,0.00695,0.00471,0.00208,0.01242,266
"2026-03-01","422607a2-a300-40cf-ae71-18aa6fa74923",,"Nayasa Bubbles Rectangle Soap Case Purple","1 pc","Bath & Laundry","Nayasa",,,63,85,,10.24619,25.882352941176464,0.07462577851375843,0.14265,0.13962,0.18729,0,63.000000000000014
"2026-03-01","6fd38484-5f5f-4547-8da8-90288d70d7e2",,"Encasa Xo Polyester Shower Curtain Boho Maze Beige 140X183 Cm, Pack Of 1","1 pack","Bath & Laundry","Encasa XO",,,636.7265703508738,1080,,21.21893,41.0438360786228,0.013377719793270721,0.02178,0.02422,0.03248,0,675.8069493535037
"2026-03-01","8a533ce6-e774-433a-8465-8edd797ed5c4",,"Lushomes Shower Curtain - Multi | Buddha Printed | 12 Eyelets | 12 Hooks | 6 x 6.5 ft","1 pc","Bath & Laundry","Lushomes",,,594.7,1499,,16.78095,60.329411797560965,0.017808946031181994,0.01759,,,,574.4610672853828
"2026-03-01","52d8875d-984b-4e7b-8b1d-040bab2e395c",,"YouBee Double Layer Soap Dispenser for Bathroom | Liquid Dispenser Pump with Sponge | Multi-Colour","1 pc","Bath & Laundry","Youbee",,,123.76451027626264,349,,40.66179,65.04837968725133,0.3348257361337553,0.31031,0.82804,0.81036,0.87986,121.53380126382662
"2026-03-01","ed8f2d0c-da9f-40a8-8526-dfb9ba71aaf7",,"Plantex 4-in-1 Stainless Steel Bathroom Shelf - 18x5 Inches","1 pc","Bath & Laundry","Plantex",,,487.1875,2450,,2.74328,80.11479591836735,0,0,,,,487.1875
"2026-03-01","9500c8d3-0417-4079-a86f-d2d81637d3d0",,"Perpetual Bathroom 4Shelf + 4Soap Dish Holder | Self-Adhesive Rack for Wall","2 pcs","Bath & Laundry","Perpetual",,,454.92852275645384,1995.7287013942307,,42.44219,77.21095771027053,0.5634326606210166,0.33266,0.12467,0.16723,0,454.82307058688014
"2026-03-01","ead005f5-8bab-40ff-a082-d9fdfbb6d521",,"Kuber Industries Plastic Strong Bucket for Bathroom for Bathing|18 L|Pack of 2|Beige","1 pack (2 pcs)","Bath & Laundry","Kuber Industries",,,352.0397439223615,1099,,21.32764,68.08064906189998,0.5631066217341386,0.45953,0.21078,0.15908,0.36222,174.5992492207319
"2026-03-01","559992d1-5a70-4571-9669-3558ec9aaa76",,"Kuber Industries Plastic Strong Bucket for Bathroom for Bathing|18 L|Grey","1 pc","Bath & Laundry","Kuber Industries",,,289.1248961548901,599,,41.16614,51.874628274157836,0.336635150701616,0.41623,3.78238,1.9439,9.16774,288.06476855391816
"2026-03-01","665db2a6-5301-4053-af88-ab5a103b47a4",,"Plantex Stainless Steel Toothbrush Holder Tumbler Stand for Bathroom Accessories","1 pc","Bath & Laundry","Plantex",,,259,880,,1.15517,70.56818181818181,0,0,,,,259
"2026-03-01","44673925-79ee-48fa-9717-853dcdd8b755",,"GLOXY Soap Holder for Bathroom Kitchen Rust Proof Soap Dish Bathroom Accessories SS202","1 pc","Bath & Laundry","GLOXY",,,203.64285714285714,1499,,1.62011,86.41475269227104,0.010118680981992537,0.0046,,,,215.2229437229437
"2026-03-01","35501d93-0918-4e33-a28f-29da12608a8f",,"Lushomes Shower Curtain - White | Waffle Weave | 12 Plastic C-Ring Hooks | Non-PVC | 72 x 72 inch","1 pc","Bath & Laundry","Lushomes",,,530.8785297670478,1399,,9.29299,62.05300001665134,0.006941320649621698,0.00861,,,,482.52369592827694
"2026-03-01","ce65c2df-1ba7-43c7-ae0f-c06d8fee9e4b",,"Story@Home 1 U Shower Curtains | White","1 pc","Bath & Laundry","Story@home",,,253.59821768326168,999,,10.62465,74.61479302469854,0.013858002749820932,0.01012,,,,277.3912110249573
"2026-03-01","a652ae20-2141-4059-907e-be52fb4caece",,"Jalore Plastic Bucket | Frosty Grey |25 L","1 pc","Bath & Laundry","jalore",,,199,699,,0.04833,71.5307582260372,0.002359225485794791,0.00173,,,,199
"2026-03-01","1662a9de-0644-4475-95a7-9156b9a81e64",,"Lushomes Shower Curtain - Blue | Striped Satin Stripe | Hooks | 12 Eyelets | 6 x 6.5 ft","1 pc","Bath & Laundry","Lushomes",,,469.98324889396315,999,,19.94985,52.95462974034403,0.01594856679259818,0.02014,,,,484.1047576330734
"2026-03-01","2d98c083-adf4-49a9-b07f-33b901a20ec2",,"Kuber Industries PVC Waterproof Stone Print (7 Feet) Shower Bathroom Curtain | Transparent","1 pc","Bath & Laundry","Kuber Industries",,,297.95687983779004,649,,26.55092,54.11828094210109,0.033536440907729295,0.03798,0.00146,0.00196,0,287.9109399131118
"2026-03-01","1974d07d-4149-48e6-aed8-4c3fc06ebc6c",,"Sapna Lux Soap Case Pack of 12","1 pack (12 pcs)","Bath & Laundry","Sapna",,,249,469,,1.1583,46.908315565031984,0.0015829424217993664,0.00217,,,,20.75
"2026-03-01","b1d25bfe-2bdd-4ef3-9dd1-e4a1ff06aba3",,"Flair Estella Home Deep Tub 20 L - Gray","1 pc","Bath & Laundry","Flair",,,259.70379699248116,388,,11.81467,33.11069382518041,0.12298011305565779,0.21178,0.01135,0.01315,0.00607,259.16782287216563
"2026-03-01","044a8415-7ad6-4be4-9538-f07c9e4f8d4f",,"Jatin Creta Plastic Cloth Hanging Clips | Set Of 12 Pcs Combo","12 pc X 4","Bath & Laundry","Jatin",,,212.99292246416817,552,,4.945,61.414325640549244,0,0,0.00001,0.00002,0,212.99292246416817
"2026-03-01","8501d62b-2a82-42da-b3d6-937361b662cb",,"Cello Classic Perfect Posture Small Plastic Stool, Brown | Lightweight Plastic Stool for Sittng","1 pc","Bath & Laundry","Cello",,,505.0337256163583,613,,38.14929,17.89425208117067,0.5750488928877691,1.21474,0.08981,0.12047,0,502.03461538378053
"2026-03-01","eb7ddc8f-f39a-4f85-bdda-bfa4b99588de",,"Perpetual Bathroom Organizer Shelf | Self-Adhesive Rack for Wall | Pack of 4","4 pcs","Bath & Laundry","Perpetual",,,395.528190211612,1795.9899836160714,,38.82539,78.0908531793822,1.0239014982343098,0.55798,0.0621,0.03402,0.14434,388.63106384735437
"2026-03-01","4d2babae-b750-47c3-9af3-7c43d072793a",,"Liza Industries Bathroom Set - Jumbo 6 Pcs - 25 L, Tub 30, 1.5 Mug, Big Patla, Db, Sc (Colour May Vary)","1 set (6 pcs)","Bath & Laundry","Liza",,,994.5263157894736,2840,,1.3735,64.98146775389178,0.01917081653693049,0.01696,,,,974.0684570826751
"2026-03-01","1e54ac05-06da-44eb-9fac-73ed1fec1a03",,"Lushomes Shower Curtain - White | Waffle Weave | 12 Rust Eyelets | 12 Plastic Rings | 72 x 78 inch","1 pc","Bath & Laundry","Lushomes",,,450.4967046238785,1999,,5.47243,77.46389671716466,0.0010118680981992536,0.0007,,,,524.592947832652
"2026-03-01","6d4448bf-1107-4337-9c4f-ac8299319b3d",,"Ratan Plasticware Gloria Pack Of 1 Mug 1.5L -Twist Beige","1 pc","Bath & Laundry","Ratan Plasticware",,,64.25883211677716,130,,29.71537,51.771678425844925,0.0227589318644676,0.02647,0.10338,0.02043,0.34635,59.78124177026552
"2026-03-01","be41cf86-b4d8-4dc9-90b3-c1d70d668ea3",,"Nayasa Stylo Soap Dispenser","1 pc","Bath & Laundry","Nayasa",,,223.83930638813007,279,,45.55873,19.69325121037197,0.12268985069259863,0.2587,1.07408,1.44076,0,223.52024496572483
"2026-03-01","a13a543c-3819-438b-a81c-58b9a8bc0acb",,"Liza Industries Orry Bathrrom Set 11 Pcs - Bkt 20, Bkt 5, S/D, L/D, M/P Stand, Tub (Colour May Vary)","1 set (12 pcs)","Bath & Laundry","Liza",,,1299.8830409356724,3600,,1.12588,63.89213775178688,0.01215051752340665,0.01061,,,,1220.2610320933625
"2026-03-01","42ae6b49-28e9-4d24-b0f2-20eb33d6a624",,"Lushomes Curtain - Satin Green | 8 Metal Eyelets | 54 x 60 inch","1 pc","Bath & Laundry","Lushomes",,,459.85297522728763,999,,11.84564,53.96867114841966,0.0021577294035316306,0.00293,,,,411.5511443040396
"2026-03-01","4a3088ed-37b1-42cc-b120-6fb204115f47",,"Jalore Square Plastic Bucket | Brown |25 L","1 pc","Bath & Laundry","jalore",,,324.3783783783784,835,,1.50443,61.152290014565466,0.004227367555018563,0.00422,,,,323.03728155339803
"2026-03-01","ddcacf51-7e8e-4a1b-a96a-3111a12f57ce",,"Lushomes Shower Curtain - Cream | Waffle Weave | 12 C-Ring Hooks | Non-PVC | 72 x 78 inch","1 pack","Bath & Laundry","Lushomes",,,587.3295259479509,1499,,10.44173,60.81572028207011,0.007083076687394775,0.00742,,,,608.0040417367778
"2026-03-01","22bcb350-c51b-47eb-8f6e-9fff7ef1564c",,"Lushomes Shower Curtain - Pink | Kids Printed Teddy | 12 Eyelets | 12 Hooks | 6 x 6.5 ft","1 pc","Bath & Laundry","Lushomes",,,794.7027051048791,1999,,11.54015,60.24498723837523,0.017406966409782624,0.01906,,,,793.3802044672252
"2026-03-01","2d101c3a-7d6e-405e-a511-0ad10de1a9a3",,"Lushomes Shower Curtain - Multi | Fish Doodle Printed | 12 Eyelets | No Hooks | 6 x 6.5 ft","1 pc","Bath & Laundry","Lushomes",,,793.4525766481615,1999,,11.12742,60.30752493005696,0.010930065541055582,0.01198,0.01846,0.01468,0.02951,792.149674568206
"2026-03-01","7a45b454-e634-40e5-a2b2-acc845c5146c",,"Kuber Industries Leaf Printed 40 L Multipurpose Unbreakable Plastic Bath Tub | Round (Red)","1 pc","Bath & Laundry","Kuber Industries",,,301.195664389436,799,,2.2871,62.31530440873057,0.11229238283631904,0.1093,0.00563,0.00755,0,301.77440840295515
"2026-03-01","5f61e576-305c-423c-b40e-84906b4f7a67",,"Kuber Industries Tinted Print Plastic Bathroom Mug 1.5 Litre Pack of 4 (Black)-46KM0239 | Standard","1 pack (4 pcs)","Bath & Laundry","Kuber Industries",,,179.6980272414453,699,,7.8952,74.23686453478093,0.02986833467316309,0.02216,0.00329,0.00158,0.00831,45.74036208440857
"2026-03-01","974ba341-e646-43fb-8968-748b5565be2a",,"Lushomes Shower Curtain - Kids Printed Blue Teddy | 12 Eyelets | 12 Hooks | 6 x 6.5 ft","1 pc","Bath & Laundry","Lushomes",,,845,1999,,14.0282,57.728864432216106,0.008501312093876853,0.00937,0.00126,0,0.00496,854.2251789249277
"2026-03-01","cf5a8cf1-92e7-44bf-b241-c3d8427b641e",,"Plastic Bathroom Mug | 1.5L(Blue & White)","1 pack (2 Pcs)","Bath & Laundry","Kuber Industries",,,148,499,,2.35157,70.34068136272545,0.025262951017416328,0.01933,0.04142,0.00623,0.1445,74
"2026-03-01","98edb48d-a2eb-40fe-90c2-9bd49a8db88f",,"Jalore Opaque Plastic Bucket With Plastic Handle | Grey |25 L","1 pc","Bath & Laundry","jalore",,,221.25,630,,0.13445,64.88095238095238,0.0021263405665961637,0.00251,,,,221.25
"2026-03-01","a5aec56d-893f-48f9-b126-ddfe1bc7f25b",,"Lushomes Shower Curtain - Peach | Striped | Polyester | 10 Metal Eyelets | 6 x 6.5 ft","1 pack","Bath & Laundry","Lushomes",,,445.38135495744194,999,,20.74583,55.417281786041855,0.001551216070488249,0.00196,,,,483.27380801381935
"2026-03-01","cb28f758-7032-4ed1-a9f2-8fbd29c341c9",,"BAY6 Royce Bucket 25 L - Blue","1 pc","Bath & Laundry","BAY6",,,342.4680785134567,849,,2.45156,59.59420133440697,0.06762573036277361,0.06828,0.52596,0.70552,0,338.6765524813869
"2026-03-01","a173b9a4-7bc2-4b00-b07b-bcc8fb416a79",,"Flair Estella Home Bucket 14 Litre - Beige","1 pc","Bath & Laundry","Flair",,,195.48534041660574,340.96764521739135,,38.57092,41.79753274298358,0.7937983725197914,1.18953,0.96576,1.19912,0.28219,194.92115523056611
"2026-03-01","b59ce88b-9185-4467-9dec-11c883ea5262",,"Kuber Industries 2 Pieces Plastic Bathroom Bucket & Mug Set (Blue)","1 set (2 pcs)","Bath & Laundry","Kuber Industries",,,244.08329768270946,599,,6.88395,59.249121282579374,0.22451152505312197,0.23612,0.11679,0.0764,0.23509,244.13092594547888
"2026-03-01","87ac8743-1bfb-4043-b772-4de63f178d1f",,"Lushomes Shower Curtain - Grey | Buddha Printed | 12 Eyelets | 12 Hooks | 6 x 6.5 ft","1 pc","Bath & Laundry","Lushomes",,,592.5773272755156,1499,,9.56586,60.46849050863805,0.002732178870888245,0.00321,,,,668.9483565986474
"2026-03-01","b570713b-d866-40a2-a95d-7b76ca8b2100",,"Gloxy Stainless Steel Double Soap Dish | Rust Proof Soap Stand | Bathroom Accessories SS304","1 pc","Bath & Laundry","GLOXY",,,522.2727272727274,2099,,1.62836,75.11802156871238,0.02125328023469213,0.01643,,,,536.2460859787216
"2026-03-01","8e0d2c51-0519-469f-95d2-b122503fe644",,"Liza Industries Opera Bathroom Jumbo 6 Pcs - 25 L Bkt, Basin 30, 1.5 L Mug,Soap Case (Colour May Vary)","1 set (7 pcs)","Bath & Laundry","Liza",,,1145.736288998358,2720,,2.86302,57.87734231623684,0.009180391017685023,0.01256,,,,1439.8629375476537
"2026-03-01","20130d01-1647-4b19-9d26-2a57e83ca478",,"Jalore Square Plastic Bucket | Beige |25 L","1 pc","Bath & Laundry","jalore",,,252.51515151515153,835,,0.40701,69.7586644892034,0.0056364900733580844,0.00501,,,,232.24768107361356
"2026-03-01","1bf6269b-fb26-4f74-aefa-e08bd54e734b",,"Jalore Opaque Plastic Bucket With Plastic Handle | Beige |16 L","1 pc","Bath & Laundry","jalore",,,,,,0,,0,0,,,,
"2026-03-01","22c75b8e-dea2-4d1c-a15b-8151c5ca1cb2",,"Lushomes Shower Curtain - Cream | Striped | Polyester | 10 Metal Eyelets | 6 x 6.5 ft","1 pc","Bath & Laundry","Lushomes",,,489.00455820476856,999,,7.31839,51.050594774297444,0.0034730229254404,0.00438,,,,489.000288282428
"2026-03-01","f5bf67fa-2b89-4142-8881-41ba6c2f31ed",,"GLOXY 304 Stainless Steel Double Soap Holder Rust Proof Soap Stand Bathroom Accessories","1 pc","Bath & Laundry","GLOXY",,,346.6363636363636,2099,,1.38191,83.48564251375115,0,0,,,,346.6363636363636
"2026-03-01","39c4da50-898b-4b38-a512-0598d79ab4be",,"BAY6 Eco Bucket 16 L - Grey","1 pc","Bath & Laundry","BAY6",,,149,399,,0.35907,62.65664160401003,0.001346682358844237,0.0013,,,,149
"2026-03-01","3cab880a-7144-47e1-ac77-3502b0e00d39",,"Kuber Industries Plastic Anti-Slip Strong Bearing Solid Surface Stool for Bathroom Stool | Blue","1 pack","Bath & Laundry","Kuber Industries",,,259.5235929342957,1049,,16.96463,75.36768842165793,0.4013535322325389,0.25086,0.00917,0.01231,0,256.25423666083765
"2026-03-01","0080bcc0-21f2-43aa-a536-457fcd2ae823",,"BAY6 Regent Tub 20 L - Grey","1 pc","Bath & Laundry","BAY6",,,240.741551878102,649,,12.33697,63.330792197759884,0.3242767243228088,0.29975,0.00584,0.00783,0,234.2322970828507
"2026-03-01","7a27770b-81d0-49d3-b619-ef80ef52489e",,"Ratan Plasticware Premia Pack Of 1 Mug 1.5L -Daiso Pink","1 pc","Bath & Laundry","Ratan Plasticware",,,74.28410906769071,160,,50.04586,53.56974274674268,0.033254616404061396,0.03994,0.24935,0.01863,0.92516,74.29245864609288
"2026-03-01","6ad1d704-8985-4a1c-a156-7853e67380da",,"Flair Estella Home Bucket | 8 L | Blue","1 pc","Bath & Laundry","Flair",,,154.31104079590096,228.8219319672131,,7.85906,31.746987518493256,0.07680713392358558,0.13624,0.03416,0.04583,0,156.68071208367786
"2026-03-01","5eaa17b5-5fb1-43b7-9e92-1fd2d06699e7",,"Lushomes Shower Curtain - Striped Maroon Satin Stripe | Waterproof | 12 Eyelets | 6 x 6.5 ft","1 pc","Bath & Laundry","Lushomes",,,517.5838854382333,999,,21.6977,48.189801257434105,0.014431777188426247,0.01864,0.00023,0.00003,0.0008,500.829001913065
"2026-03-01","ca7e2323-54dc-42bd-a7bc-5c1bd1f93c7d",,"Lushomes Shower Curtain - Maroon | Heavy Duty | Water-Resistant | 8 Eyelets | C-Ring | 48 x 78 inch","1 pc","Bath & Laundry","Lushomes",,,329.0353260869565,775,,10.07387,57.54382889200561,0,0,0.08553,0.02446,0.26443,329.0353260869565
"2026-03-01","d4e6535e-1e8b-4dae-a67f-3e5faa4caa73",,"Kuber Industries Stainless Steel Storage Rack | Standard | Silver | Corner Shelf","1 pc","Bath & Laundry","Kuber Industries",,,729.3100470957614,1598,,16.9844,54.36107339826274,0.040936443593859596,0.04861,0,0,0,735.9310936264313
"2026-03-01","cde834a2-a17e-4d5d-8c3a-7806cbb47b5a",,"Lushomes Shower Curtain - Multi | Parrot Printed | 12 Eyelets | No Hooks | 6 x 6.5 ft","1 pc","Bath & Laundry","Lushomes",,,799.1199028244483,1989,,6.94732,59.82303153220471,0.0024169404440309724,0.0026,,,,824.6705882430348
"2026-03-01","e94261e2-3e2f-4d2b-ade4-4807ad5a6dbb",,"Jalore Square Plastic Bucket Combo | 25 L Bucket + 1.5 L Mug + 37 Cm Stool | Blue","1 set","Bath & Laundry","jalore",,,847.2333333333333,1799,,0.0011,52.905317769130995,0,0,,,,847.2333333333333
"2026-03-01","78add0bf-c8cf-449b-b87d-97a038dbea8a",,"Nayasa Boon Bucket 25L | Blue","1 pc","Bath & Laundry","Nayasa",,,388.11621765373957,645,,78.19791,39.78306242843545,2.0524684576832315,3.16832,1.3201,1.77076,0,388.4749977541442
"2026-03-01","44edf658-d2b4-4d08-ac0d-a0b2df96c41f",,"BAY6 Royce Bath Mug 1 L - Grey","1 pc","Bath & Laundry","BAY6",,,26.473184329277306,59,,7.57483,55.17287991904991,0.01615006287486134,0.01825,0.00091,0.00121,0,26.323388875225795
"2026-03-01","0b57a47a-522f-4985-927b-a64b8bb1cb55",,"GLOXY Square Shape Stainless Steel Single Soap Holder, Soap Stands for Bathroom Soap Tray","1 pc","Bath & Laundry","GLOXY",,,192.60992063492066,799,,7.00057,75.89362695432783,0.021573918891559806,0.0149,0.16359,0.21944,0,202.98782822054363
"2026-03-01","de4043eb-5e9c-4ff9-8180-5eaa786627ed",,"Lushomes Shower Curtain - Yellow | Flower Printed | 12 Eyelets | 12 Hooks | 6 x 6.5 ft","1 pack","Bath & Laundry","Lushomes",,,682.1035781544256,1499,,15.79247,54.49610854496648,0.00920840471086399,0.01081,,,,682.0021956350774
"2026-03-01","8a22f351-6ca5-4b1f-87f6-46c763312ab6",,"Joyo Plastics Dolphin Bathroom Mug - 1100 ml (Colour May Vary)","1 pc","Bath & Laundry","Joyo",,,30.10416504668136,65,,90.01323,54.09954941703769,3.639283856943184,4.2603,5.9781,7.58005,1.28559,29.835292878925504
"2026-03-01","0f50ae4e-1687-4f31-8394-2c726aadae8e",,"Plantex 24 Antique Folding Towel Rack for Bathroom","1 pc","Bath & Laundry","Plantex",,,1100.8327087670598,5495,,11.34349,79.98482300045706,0.1088676244665966,0.0542,,,,986.4643019620736
"2026-03-01","dcff0602-6107-4ce4-8a12-01fcd44eee41",,"Plantex Stainless Steel Toothbrush Holder With ABS Tumbler Stand For Bathroom - Chrome Finish","1 pack","Bath & Laundry","Plantex",,,330.85555555555555,1590,,3.49976,79.19147449336128,0.01609943571851381,0.00833,,,,319.11086866167915
"2026-03-01","100000007","100000007","Dummy Product","100g","Bath & Laundry","dummy",0.023559999999999998,,,,0,,,7.951838690318351e-8,,,,,
"2026-03-01","2c607ffd-ebb8-43df-b85d-b5a12dfad0ae",,"Plastic Bathroom Mug | Black & Sky Blue","1 pack (2 pcs)","Bath & Laundry","Kuber Industries",,,96.56846396117584,199,,26.34716,51.99261816943201,0.1503856053297015,0.18304,1.12691,0.28804,3.58416,47.193551625525885
"2026-03-01","5104c600-6939-438e-8258-57c193893a15",,"Joyo Plastics Dolphin Bathroom Mug - 1100 ml (Colour May Vary) Combo","1 pc X 2","Bath & Laundry","Joyo",,,58.533811560910195,130,,60.54975,54.97399110699216,0,0,0.01719,0.02306,0,58.533811560910195
"2026-03-01","21e43df5-db55-4b33-bf78-74826b7aa331",,"GLOXY Wall Mount Stainless Steel Toothbrush/Tumbler Holder, Usable for Wash Basin Area, Bathroom","1 pack","Bath & Laundry","GLOXY",,,226,599,,0.33088,62.270450751252085,0.004043422220289213,0.00346,0.00013,0.00017,0,199.11240632805996
"2026-03-01","b089a9c9-4c3b-43de-9578-a350440b30d1",,"Soham Housewares Kupid Soap Dish Case (Colour May Vary)","1 pc","Bath & Laundry","Soham Housewares",,,41.367011207291085,61,,84.40752,31.949824961698567,0.9530946948810333,1.67477,1.35324,1.72732,0.25745,41.509994993377276
"2026-03-01","e7cf7976-e619-4af1-bcd7-06bc6dce822c",,"Perpetual Toothbrush Cover Case, Holder for Bathroom, Trip, Travel Multicolor (Pack of 1)","1 pc","Bath & Laundry","Perpetual",,,139.4074264710219,399,,10.60627,65.44589335737598,0.07965676779720009,0.06958,0.00375,0.00502,0,135.6430916048618
"2026-03-01","a3f9ab26-809e-42f0-9489-42132dd9826f",,"Plantex 24 Chrome Dual Folding Towel Rack for Bathroom","1 pc","Bath & Laundry","Plantex",,,989.5707859848485,4396,,3.95632,77.48929058269225,0.06854748212267425,0.03736,0.00147,0.00197,0,929.2613946579047
"2026-03-01","e6f42529-a91b-4420-89d3-cd29f1c6d9c0",,"Perpetual Wall-Mounted Toothbrush Holder, 4 Pcs Self-Adhesive for Bathroom & Makeup Brushes","1 pack (4 pcs)","Bath & Laundry","Perpetual",,,431.26388903719044,1799,,64.38204,75.84728602375603,1.5766261777734487,0.96955,0.19489,0.11707,0.42283,108.89483822295523
"2026-03-01","b1583ea7-0601-494f-aa6c-c50736449df0",,"Lushomes Shower Curtain - Dark Blue | Heavy Duty | 72 x 80 inch","1 pc","Bath & Laundry","Lushomes",,,452.38819875776403,999,,9.75309,54.71589602024384,0.003945205536975009,0.00502,,,,463.77501335485255
"2026-03-01","692fe7f7-d527-495f-8365-45943aed90d1",,"Flair Estella Home Deep Tub 30 L - Beige","1 pc","Bath & Laundry","Flair",,,405.6818181818182,657.5,,3.6243,35.838800374882844,0.006547778887613582,0.01063,,,,413.67244611059044
"2026-03-01","9999ab12-ba3e-4f7c-9554-28e28d12da66",,"Lushomes Shower Curtain - Ombre Printed | Waterproof | 12 Eyelets | No Hooks | 6 x 6.5 ft","1 pc","Bath & Laundry","Lushomes",,,678.8657142857141,1999,,4.14373,66.03973415279069,0,0,,,,678.8657142857141
"2026-03-01","8385010c-76c1-4fb1-bd8e-fcaadf719289",,"Liza Industries Falcon Bathrrom Set 11 Pcs - 20L, 5 L Basin, Dustbin, Dustpan, Mug (Colour May Vary)","1 set (12 pcs)","Bath & Laundry","Liza",,,1031.5135135135135,3140,,2.3053,67.14925116199001,0.0105979513954158,0.00896,,,,85.75244017632242
"2026-03-01","1c4e0cba-7f89-4da1-9e47-4ae15732a53b",,"Lushomes Shower Curtain - Multi | Moon Cave Printed | 12 Eyelets | No Hooks | 6 x 6.5 ft","1 pc","Bath & Laundry","Lushomes",,,793.0522026507018,1999,,7.93525,60.32755364428705,0.012414453765165095,0.01304,,,,813.2414997811179
"2026-03-01","bc8d21a4-bc86-4e29-aa68-c9522378b400",,"Lushomes Shower Curtain - Cream | Heavy Duty | Water-Resistant | 8 Eyelets | 8 C-Rings | 4 x 6.5 ft","1 pc","Bath & Laundry","Lushomes",,,329,775,,1.68637,57.54838709677419,0.003269839271298989,0.00358,,,,329
"2026-03-01","f38ae4e0-ed77-475f-97ad-da43bb5d6c85",,"Kuber Industries Unbreakable Multipurpose Bath Tub 40 L (Red) -CTLTC10954 | Plastic","1 pc","Bath & Laundry","Kuber Industries",,,556,1198,,0.98641,53.58931552587646,0.02106629727058193,0.02522,,,,556
"2026-03-01","287668b2-545a-47b0-9c5b-4879c34d15a4",,"Agmeco Stainless Steel Soap Dish Wall-Mounted or Freestanding | Rust-Resistant","1 pack (2 pcs)","Bath & Laundry","AGMECO",,,439.0075773977051,680,,10.90687,35.44006214739631,0.010901714333500968,0.01815,0.0443,0.05942,0,219.50016751220437
"2026-03-01","a4daa80b-1113-49dd-93bd-5a808e5fd8f4",,"Lushomes Shower Curtain - Striped Green Satin Stripe | 12 Eyelets | Hooks | 6 x 6.5 ft","1 pc","Bath & Laundry","Lushomes",,,496.09573415761247,999,,27.97678,50.340767351590344,0.011632432956783616,0.01525,0.01392,0.01628,0.007,484.04789459845654
"2026-03-01","0492b74e-1563-4c60-a355-6a67ce59ba4f",,"Perpetual Plastic Leaf-Shaped Double Layer Soap Dish Holder, 2 Pcs for Bathroom & Kitchen","1 pack (2 pcs)","Bath & Laundry","Perpetual",,,146.38405289756366,699,,17.09831,79.10103459044832,0.10456094103330027,0.05492,0.4815,0.12941,1.51289,73.05346118096814
"2026-03-01","d599698c-0204-49c0-985d-8d76eb00b2ed",,"Ratan Plasticware Gloria Pack Of 1 Mug 1L -Twist Beige","1 pc","Bath & Laundry","Ratan Plasticware",,,49.493691806326666,120,,27.29208,58.34284900016181,0.021498315671414168,0.0233,0.02461,0.02148,0.03377,51.314160268885345
"2026-03-01","20556728-e954-48ae-917f-2be86e249d0c",,"Lushomes Curtain - Purple | Satin | 8 Metal Eyelets | 54 x 60 inch","1 pc","Bath & Laundry","Lushomes",,,433.5308481976961,999,,4.55659,56.603518698929314,0.0006068508474190321,0.00086,,,,414.07828875791944
"2026-03-01","e0f8caf9-1e8a-43cb-876d-8f889a5e9785",,"Lushomes Curtain - Brown | Satin | 8 Metal Eyelets | 54 x 60 inch","1 pc","Bath & Laundry","Lushomes",,,445.0967129803365,999,,12.30208,55.445774476442786,0.0075194827751104655,0.00951,,,,434.06253994172016
"2026-03-01","0bcd87d3-4e6e-4c81-840c-ae08f6df416a",,"Bucket & Mug Bathroom Combo Set | Gray","1 set (2 pcs)","Bath & Laundry","Kuber Industries",,,295,1599,,4.56393,81.55096935584741,0.22262110703510532,0.10593,0.02829,0.01604,0.06417,295
"2026-03-01","39668631-873c-4cd0-bd93-b5dc3acece0a",,"Gloxy Square Shape Stainless Steel Toothbrush Holder, Tumbler Stand & Brush Holder for Bathroom","1 pc","Bath & Laundry","GLOXY",,,215.5,899,,0.99526,76.02892102335929,0.0030342542370951605,0.00269,,,,226.43909191583612
"2026-03-01","c9d669cc-035b-4dd7-9037-2456902e6497",,"Jalore Square Shaped Plastic Stool | Brown |28 cm","1 pc","Bath & Laundry","jalore",,,263.45968697168274,420,,15.20682,38.0082330894425,0.03835918382139479,0.0686,0.04189,0.05619,0,250.28018710585715
"2026-03-01","faa83a7a-39e1-44ef-9a0a-96994bf9cd70",,"Jalore Square Plastic Bucket Combo | 25 L Bucket + 1.5 L Mug + 37 Cm Stool | Brown","1 set","Bath & Laundry","jalore",,,,,,0,,0,0,,,,
"2026-03-01","4931c577-956a-493b-a049-6f298dbae293",,"Jatin Civic Plastic Cloth Hanging Clips Set of 12 pcs | Assorted Combo","12 pc X 3","Bath & Laundry","Jatin",,,147.92616994185582,237,,28.64613,37.58389453930135,0,0,0.00461,0.00618,0.00003,147.92616994185582
"2026-03-01","b96df84b-9d83-4636-9e5f-b1b08500df7f",,"Perpetual Plastic Leaf-Shaped Double Layer Soap Dish Holder for Bathroom & Kitchen","1 pc","Bath & Laundry","Perpetual",,,85.8904126587513,499,,12.1001,82.91789518374331,0.059839611230899495,0.02539,0.04611,0.06185,0,85.71835650663697
"2026-03-01","c8967eae-f0fb-4d1e-abc1-105181300296",,"Kuber Industries Plastic Bathroom Mug - 4 Pieces | Pink & White | 500 ml","1 pack (4 pcs)","Bath & Laundry","Kuber Industries",,,113.81600871016579,299,,20.12245,62.194963951150825,0.07912923282805885,0.07501,0.50628,0.04938,1.84464,27.574480565068267
"2026-03-01","73288e11-465d-429d-95e7-f5a8bd1cc596",,"Ratan Plasticware Frosty Bubble Print Pack Of 1 Mug 1.5L -Smokey","1 pc","Bath & Laundry","Ratan Plasticware",,,49.49262473033192,120,,26.89078,58.71055368922294,0.009882420919037408,0.0106,0.04633,0.06214,0,49.65050205752546
"2026-03-01","13f35e6b-1471-47ac-a0b5-2eb80cc7d408",,"Kuber Industries Multiuses Plastic Bucket with Handle& Lid, 5 L | Blue","1 pc","Bath & Laundry","Kuber Industries",,,104,399,,2.75358,73.93483709273183,0.048333071136233405,0.03249,0.17883,0.20693,0.0965,103.99999999999997
"2026-03-01","d6ff270b-5890-44de-b299-486a8f4a1d2c",,"Kuber Industries ( Set of 3 ) Capsule Shape Toothbrush Holder for Bathroom | Multicolor","1 pack (3 pcs)","Bath & Laundry","Kuber Industries",,,264.5687642598783,899,,5.65758,74.63520191530343,0.06144381705836484,0.02909,,,,66.2037333483613
"2026-03-01","88493d79-aaa0-439f-a7ed-9efba0dfe146",,"Flair Estella Home Soap Case - Blue","1 pc","Bath & Laundry","Flair",,,44.38444110684668,60,,28.32175,26.98755837903529,0.11449230153680696,0.21223,0.44298,0.59421,0,43.77239682054466
"2026-03-01","afb43c9c-6a6a-40dc-aa67-c5503255b4a2",,"All Time Satin Bathroom Stool Patla (Colour May Vary)","1 pack","Bath & Laundry","All  Time",,,194.54893079701517,360,,16.11286,45.6312025505747,0.02673113855149463,0.03771,0.00062,0.00083,0,197.90685855002997
"2026-03-01","a89a6b49-008e-4442-97d5-b29f3128fa5c",,"BAY6 Royce Bath Mug 1.5 L - Blue","1 pc","Bath & Laundry","BAY6",,,36.15373868749992,79,,2.7923,54.24679989254973,0.012353363663172408,0.01446,0.03537,0.04745,0,36.08958985463945
"2026-03-01","4ea3b01f-2a1d-4ba0-8a78-54eede60251f",,"Kuber Industries Bucket & Mug Bathroom Combo Set|Set of 2|Beige","1 set  (2 pcs)","Bath & Laundry","Kuber Industries",,,332.7337079982319,1599,,6.64677,79.749313136566,0.47918704737247664,0.23725,0.24426,0.08321,0.71602,312.9846078739895
"2026-03-01","dfc5e00d-dd80-4102-8a85-43280f479c60",,"Kuber Industries Printed 2 Pieces Plastic Multipurpose Bathroom Bucket & Mug Set (White)","1 set (2 pcs)","Bath & Laundry","Kuber Industries",,,364,699,,16.17162,47.92560801144492,0,0,,,,364
"2026-03-01","b5313652-b62c-4c75-aafa-709ca857c2a6",,"Jalore Square Plastic Bucket Combo | 25 L Bucket + 1.5 L Mug + 37 Cm Stool | White","1 set (3 pcs)","Bath & Laundry","jalore",,,800,1799,,0.39192,55.530850472484715,0.006071883617946822,0.00696,,,,800
"2026-03-01","ccab33b0-8a1b-4ecb-a8c4-78d1ae06ef7e",,"Lushomes Shower Curtain - Striped Beige Satin Stripe | 12 Eyelets | Hooks | 6 x 6.5 ft","1 pc","Bath & Laundry","Lushomes",,,438.97697010241967,999,,35.22175,55.94553979137602,0.0711780691664918,0.08743,0.00357,0.00036,0.01297,459.7063126481108
"2026-03-01","5cfdbebd-4558-45f8-a5e7-80d090fc1ee7",,"Lushomes Shower Curtain - Multi | CAT Printed | 12 Eyelets | No Hooks | 6 x 6.5 ft","1 pc","Bath & Laundry","Lushomes",,,782.2931239907048,1989,,11.20552,60.66902342932606,0.007317311664096005,0.00795,,,,795.7327256298372
"2026-03-01","dc3eae6a-98cb-4cb6-840a-fc32a49580a3",,"Kuber Industries Small 5L Plastic Bucket for Cleaning & Storage | Beige and Grey","1 pack (2 pcs)","Bath & Laundry","Kuber Industries",,,179.92650593047725,499,,14.8873,63.99862247332628,0.4374368566189245,0.40614,1.42377,0.66293,3.65248,89.81624781695281
"2026-03-01","5648cac9-24cc-4f10-a3bc-efbfc2ec5bcd",,"Flair Estella Home Bucket | 19 L | Grey","1 pc","Bath & Laundry","Flair",,,315.82094110490374,428.92766668246446,,63.46725,26.241804797994067,0.455588717255767,0.86326,1.42701,1.91417,0,315.71960763029256
"2026-03-01","ffe0e2b7-1e4a-4d96-8428-81e60939fbaa",,"Lushomes Shower Curtain - Grey | Waffle Weave | 12 Plastic C-Ring Hooks | Non-PVC | 72 x 78 inch","1 pc","Bath & Laundry","Lushomes",,,609,1499,,8.98296,59.37291527685123,0.0011131224108943093,0.00117,,,,609
"2026-03-01","0f4737a9-223d-4cfe-bbac-6767a12617e7",,"Joyo Better Home Bucket 25 L | Assorted Colours","1 pc","Bath & Laundry","Joyo",,,356.49859144514244,717.5268579032258,,91.70662,50.29796951036434,6.8850563281720625,8.7947,4.75266,6.2121,0.47759,356.88858188677546
"2026-03-01","a892684e-f6f0-4792-b232-08e804aef476",,"Jalore Plastic Tub | Beige |22.50 L","1 pc","Bath & Laundry","jalore",,,216.08152709359607,529,,3.20111,59.770243646378944,0.027817597326712573,0.0304,0.00045,0.0006,0,202.6150051972265
"2026-03-01","a3ec59f7-4cad-4e1d-80e2-a7e6f25170f3",,"Lushomes Shower Curtain - Dark Brown | Heavy Duty | 72 x 80 inch","1 pc","Bath & Laundry","Lushomes",,,475.4038561076605,999,,9.41006,52.4120264156496,0.005529835530652626,0.0071,0.00236,0.00094,0.00654,495.9440192087029
"2026-03-01","a50ecdd5-d319-428e-bb5a-2d0ef9a68e7f",,"Kuber Industries Plastic Anti-Slip Solid Surface Bathroom Stool | Cream","1 pc","Bath & Laundry","Kuber Industries",,,237.96461709968443,599,,14.09423,60.28862030118483,0.24088671001654202,0.24479,0.00965,0.01295,0,238.07245147999942
"2026-03-01","4761b8cc-2c80-4d46-953d-2800ac18e5ef",,"Flair Estella Home Bucket 19 Litre - Beige","1 pc","Bath & Laundry","Flair",,,257.30412927893076,428.8999998564593,,58.43231,40.04716566646087,0.6781568345338953,1.04244,1.24724,1.60202,0.20799,258.08906353576884
"2026-03-01","177432b9-3101-4a97-8156-b204c7c76e35",,"BAY6 Regent Tub 15 L - Blue","1 pc","Bath & Laundry","BAY6",,,188.47002471727419,549,,4.3047,65.74283114954108,0.09878100735029086,0.08691,0.00015,0.00019,0,187.70720841353514
"2026-03-01","616ed833-03a5-4329-b5a9-88311f4e17f6",,"Lushomes Shower Curtain - Olive Green | Heavy Duty | 72 x 80 inch","1 pc","Bath & Laundry","Lushomes",,,479,999,,14.39563,52.052052052052055,0.000741856597679106,0.00092,,,,479
"2026-03-01","03852d52-1ba6-484e-9870-cdee172de1de",,"Flair Estella Home Stool 14 - Blue - Plastic Stool For Bathroom","1 pc","Bath & Laundry","Flair",,,330.96575031897606,720,,3.39003,54.0797653964764,0.021870931542131967,0.02612,,,,321.3766495136411
"2026-03-01","9d89b11c-d43b-45e1-944f-e9580323b554",,"Lushomes Shower Curtain - Gold | Heavy Duty | 72 x 78 inch","1 pc","Bath & Laundry","Lushomes",,,468.2927813565744,999,,9.34296,53.122274294261445,0.006002018142187235,0.00758,0.00447,0,0.01756,487.4356032390471
"2026-03-01","eeb93023-8fe9-4b04-9804-2c1bbb28948f",,"Flair Estella Home Mug 1.5 L - Blue","1 pc","Bath & Laundry","Flair",,,59.00766775918579,78,,18.27498,24.354080411412426,0.05902282644182604,0.11516,0.07272,0.09755,0,59.00438899406619
"2026-03-01","378a3e50-ecdc-465a-940b-a1fa86caad3f",,"Joyo Berry Bucket 25 L - Grey","1 pc","Bath & Laundry","Joyo",,,360,840,,0.07188,57.142857142857146,0.0028351207554615514,0.00378,,,,360
"2026-03-01","2a1096d9-ab8f-4826-bb66-2dbcf4345796",,"Lushomes Shower Curtain - Grey | Striped | Polyester | 10 Metal Eyelets | 6 x 6.5 ft","1 pc","Bath & Laundry","Lushomes",,,457.4387075082727,999,,14.77906,54.21033958876149,0.001247790646778733,0.00154,,,,473.8631683518777
"2026-03-01","fb6d25bd-ed03-437d-975d-1f32c9f74ed8",,"HD Creations Mayura Bath Towel (150cm x 71cm) (Colour May Vary) Combo","1 pc X 3","Bath & Laundry","HD Creations",,,268.5741793678837,387,,18.12953,30.600987243440912,0,0,0.00001,0,0.00002,268.5741793678837
"2026-03-01","47d15e3d-0eee-4206-88db-d73fb85a8e9c",,"Lushomes Curtain - Lined Metal | 54 x 60 inch","1 pc","Bath & Laundry","Lushomes",,,459,999,,17.0088,54.054054054054056,0.0005730994098540137,0.00068,,,,459.00000000000006
"2026-03-01","efa1f9a6-b081-447a-becb-dae2a6bf8403",,"Kuber Industries ULa 10 Anti-Slip Stool for Bathroom | Kitchen | Bedroom | Toy Room (Brown)","1 pack","Bath & Laundry","Kuber Industries",,,384,899,,1.59357,57.28587319243604,0.01529277636070987,0.01648,0.00278,0.0015,0.00655,375.5547509326311
"2026-03-01","31cc49b7-1144-4e0e-978c-b9d3ae766f6d",,"YouBee 2 in 1 Soap Dispenser for Bathroom | Liquid Dispenser Pump with Sponge Holder | Multi-Colour","1 pc","Bath & Laundry","Youbee",,,146.03663722524314,349,,47.30782,58.15027439628666,0.6204094749176514,0.67004,0.88264,1.09617,0.25717,146.0608908657778
"2026-03-01","df4d7a96-6686-4162-bf9f-ad42eb83ff79",,"Jalore Square Shaped Plastic Stool | White |28 cm","1 pc","Bath & Laundry","jalore",,,285.1570790869645,420,,15.6465,33.123057467982036,0.04822540405040099,0.08658,0.10126,0.13582,0,264.9188537648852
"2026-03-01","da30711f-0842-4283-8d44-6f8b4252b4f7",,"Jalore Square Plastic Bucket | Blue| 20 L","1 pc","Bath & Laundry","jalore",,,,,,0,,0,0,,,,
"2026-03-01","c42c8847-6fd5-4654-93a1-63489ce3aa57",,"Lushomes Shower Curtain - Grey | Heavy Duty | Water-Resistant | 8 Eyelets | C-Rings | 48 x 78 inch","1 pc","Bath & Laundry","Lushomes",,,339.38235294117646,775,,9.91567,56.208728652751425,0.0004445064327312932,0.00047,,,,325.97533970810264
"2026-03-01","d90f4081-304b-40c8-8566-12e47e720f6a",,"Jatin Verna Plastic Cloth Hanging Clips Set of 12 pcs Combo","12 pc X 6","Bath & Laundry","Jatin",,,161.375,252,,17.42796,38.857142857142854,0.017861260759407773,0.02784,,,,148.455249244713
"2026-03-01","91c4315a-7125-45d3-95ac-94b58526b91c",,"Liza Industries Opera Big Patla (Colour May Vary)","1 pc","Bath & Laundry","Liza",,,,,,0,,0,0,,,,
"2026-03-01","c0d8db1e-cdfd-484a-a2b1-a558bff6741c",,"Kuber Industries 18 L Unbreakable Plastic Bucket for Bathroom | Triangle Print | Brown","1 pc","Bath & Laundry","Kuber Industries",,,319.53930756667,1049,,15.91016,70.38570312215167,0.577903926991394,0.40659,0.33749,0.11299,0.99511,297.2787637050536
"2026-03-01","2657d7a7-d695-4f47-8a66-5299106f0f62",,"Lushomes Shower Curtain - Kids Printed Pink Travel | 12 Eyelets | 12 Hooks | 6 x 6.5 ft","1 pc","Bath & Laundry","Lushomes",,,817.9739093242088,1999,,14.12461,59.08084495626769,0.007556609356431985,0.00873,,,,853.7859533829783
"2026-03-01","a71e6073-9b16-47f7-8d96-677708e2dc81",,"Ratan Plasticware Premia Bucket (18L X 1) - Diaso Grey|Light Weight And Easy To Carry","1 pc","Bath & Laundry","Ratan Plasticware",,,310.47723115432757,750,,15.75825,58.592801798163705,0.015820986358602407,0.01537,0.19182,0.25694,0.00107,308.0108395830584
"2026-03-01","53389963-ebf5-43e6-83d3-a9bda8406362",,"Jalore Plastic Tub | Blue |28.50 L","1 pc","Bath & Laundry","jalore",,,339.8421052631579,679,,17.065,49.946086638867676,0.06795008167777343,0.08778,0.00156,0.0021,0,340.10040409549543
"2026-03-01","6f5cc928-5b1d-4a8e-afb9-36e27e82a381",,"Kuber Industries Pack of 2 Plastic Bathroom Mug|Size 14 x 14 x 12 CM|1 L (Black)","1 pack (2 pcs)","Bath & Laundry","Kuber Industries",,,89.59865957249227,299,,21.31456,70.00184084666547,0.16869373512247007,0.12951,0.12941,0.11505,0.17149,44.9517777134584
"2026-03-01","93dddf50-c36e-4739-b34d-9f65cce3ead6",,"Kuber Industries Plastic Strong Bucket for Bathroom for Bathing|18 L|Pack of 2|Grey","1 pack (2 pcs)","Bath & Laundry","Kuber Industries",,,419.40482550933893,1099,,25.89149,61.943179503974115,0.4151058929827814,0.40507,0.50629,0.47021,0.61198,207.54576319066993
"2026-03-01","540011c5-461f-4b18-9f81-079f58c3b8cc",,"Lushomes Shower Curtain - Grass Printed | 12 Eyelets | No Hooks | 6 x 6.5 ft","1 pc","Bath & Laundry","Lushomes",,,780.9371549344376,1989,,25.20149,60.737196835875444,0.0028867604549360298,0.00305,,,,810.7822048597993
"2026-03-01","a9e96766-e96a-4026-857a-c0e9a8318817",,"Robustt Anti-Slip Bathroom Patches","1 pack (60 pcs)","Bath & Laundry","Robustt",,,114.87664677303432,299,,7.97942,61.60478088347798,0.003421045711590272,0.00367,,,,1.844529482640727
"2026-03-01","586d1046-6c19-459c-be60-66a26b0d9000",,"Plantex Galaxy 304 Grade Soap Holder for Bathroom - Chrome","1 pc","Bath & Laundry","Plantex",,,675.5742624991906,2380,,27.0411,71.62260984282662,0.0776775834983874,0.0655,0.08021,0.1076,0,773.6320133421389
"2026-03-01","e861a001-e84e-4d62-86a1-3eadcf80398a",,"GLOXY Wall Mount Stainless Steel Toothbrush/Tumbler Holder, Usable for Bathroom & Wash Basin Area","1 pc","Bath & Laundry","GLOXY",,,193.81944444444443,1299,,1.9496,85.07933453083568,0,0,,,,193.81944444444443
"2026-03-01","61a4f299-f969-4d48-8628-ac9f7113a1a8",,"Joyo Better Home Bucket 20 L Printed Colour May Vary","1 pc","Bath & Laundry","Joyo",,,303.23386660629933,715.0619831854839,,86.11356,58.513266271295244,8.557179498420725,9.07113,5.13006,6.63206,0.73034,296.835057062393
"2026-03-01","63363fc5-b114-4992-80e7-03f59c9727b2",,"Perpetual Bathroom 3Shelf + 3Soap Dish Holder | Self-Adhesive Rack for Wall | Pack of 6","3 pcs","Bath & Laundry","Perpetual",,,347.89572623429143,1699,,41.03143,79.59168396662353,0.5751008701016193,0.29319,0.23274,0.3122,0,340.24847313892235
"2026-03-01","d7f73d51-95c5-4103-8158-660ed1528114",,"Lushomes Shower Curtain - Brown | Striped | Polyester | 10 Metal Eyelets | 6 x 6.5 ft","1 pc","Bath & Laundry","Lushomes",,,502.3630202958376,999,,29.75031,49.714642828625614,0.02447958015153225,0.03247,0.02734,0.02134,0.04493,482.98881556186655
"2026-03-01","23195c88-7560-4704-b032-8accf92cfbf9",,"Lushomes Shower Curtain - Heavy Duty Light Green | 72 x 78 inch","1 pc","Bath & Laundry","Lushomes",,,490.40932367676976,999,,13.71454,50.90997760993296,0.01213836700588324,0.01639,0.00391,0.00008,0.01514,476.34471922857875
"2026-03-01","6d84558d-bc66-4ce8-889e-fe181b317995",,"Robustt Zyh7 Soap Dispenser - Grey","1 pc","Bath & Laundry","Robustt",,,333.67346277633123,999,,25.11997,66.56860514310559,0.23420358786429277,0.20202,0.80141,0.46592,1.78417,335.0645323406744
"2026-03-01","ccb7876e-f7c4-4161-b1b2-117dd5af1105",,"Lushomes Shower Curtain - Olive Green | Heavy Duty | Water-Resistant | 8 Eyelets | 48 x 78 inch","1 pc","Bath & Laundry","Lushomes",,,320.2630130772654,775,,8.07401,58.67574024809479,0.004786628875470919,0.0053,,,,309.01957491375003
"2026-03-01","aeb1ef56-50ae-48a3-affb-262d90806f31",,"BAY6 Royce Bath Mug 1.5 L - Grey","1 pack","Bath & Laundry","BAY6",,,35.90627417385482,79,,4.41548,54.43792472079165,0.012561272518572924,0.01474,,,,36.09481731545429
"2026-03-01","c1e60bc4-8502-45ab-a315-09aff2940093",,"Lushomes Shower Curtain - Multi | Wooden Door Printed | 12 Eyelets | No Hooks | 6 x 6.5 ft","1 pc","Bath & Laundry","Lushomes",,,719.3887410646922,1999,,13.46275,64.01256923138108,0.00944601483132172,0.00958,0.00138,0.00003,0.00533,743.3813149364095
"2026-03-01","c6adeba3-4fae-4b40-9517-b361b5e9dc83",,"Flair Estella Home Bucket 24 Litre - Beige","1 pc","Bath & Laundry","Flair",,,339.7112068145519,633.9408822527474,,36.37274,46.305690264198184,0.4003922912906871,0.55853,0.72662,0.64728,0.95905,339.89759813307523
"2026-03-01","49e16377-6825-4949-9e89-bb5b7dd2351d",,"Kuber Industries Plastic Bucket for Cleaning & Storage|Plain Bucket|5 L|Pack of 2|Blue","1 pack (2 pcs)","Bath & Laundry","Kuber Industries",,,178,499,,0.15169,64.32865731462925,0.005052590203483265,0.00465,,,,89
"2026-03-01","a070e1bf-42d9-4983-b952-d0ec7651fb19",,"Robustt Zy203 Soap Dispenser - Black","1 pc","Bath & Laundry","Robustt",,,344.5982220246027,799,,49.56122,56.81739109894465,0.24481031463347544,0.27216,1.23804,0.69532,2.82778,345.9780836763109
"2026-03-01","a09c5fa4-22ee-473d-930f-17257193b9bb",,"Ratan Plasticware Frosty Bubble Print Pack Of 1 Mug 1L -Blue","1 pc","Bath & Laundry","Ratan Plasticware",,,39.395804466780966,99,,23.21104,60.1239494315259,0.009215830027128292,0.00968,0.00563,0.00555,0.00584,3953.5895518534808
"2026-03-01","e44ccca5-fbf0-4e48-b584-e18e57835c71",,"BAY6 Royce Bucket 18 L - Blue","1 pc","Bath & Laundry","BAY6",,,266.54222018436093,649,,36.63205,59.330977611018355,0.20310096311937686,0.2036,0.62924,0.84406,0,258.1238648148412
"2026-03-01","9abf95d3-2c15-4aba-8b84-f9f188321fbd",,"Kuber Industries Plastic Anti-Slip with Strong Bearing|Solid Surface Bathroom Stoo | Blue","1 pack","Bath & Laundry","Kuber Industries",,,272,549,,0.36003,50.51608986035216,0.004743764549763346,0.00592,,,,265.5297774637937
"2026-03-01","837ee4b8-64ad-46b6-9417-61991ab608bd",,"Kuber Industries Unbreakable Plastic Triangle Bucket for Home & Bathing | 18 L | Pack of 2 | Black","1 pack (2 pcs)","Bath & Laundry","Kuber Industries",,,497.27480342889436,1399,,35.27078,64.48773773412343,0.4162767303519118,0.37692,0.17094,0.16544,0.18705,246.39881711506368
"2026-03-01","f15ea7b6-aa6f-48c4-9ba7-b105619f238b",,"Lushomes Window Curtains - Grey | Semi-Sheer Flowers | 57 x 60 inch | 5 ft","1 pack (2 pcs)","Bath & Laundry","Lushomes",,,544.0298780367274,1000,,9.18873,45.59701219632726,0.0047927041342326225,0.00691,0,0,0,279.13303596261954
"2026-03-01","161ea581-fb08-486d-aa54-c44e89c3cb10",,"Kuber Industries Tub with Bucket & Mug Bathroom Combo Set|Set of 3|Transparent Gray","1 set","Bath & Laundry","Kuber Industries",,,499.14809156417897,2599,,1.1476,80.79472151406877,0.10228170645453458,0.051,0.20483,0.10703,0.49132,499.2637046279174
"2026-03-01","5b6ee5bb-6ffd-43b0-882d-a519fbb06eb1",,"Kuber Industries Plain Plastic Strong Bucket for Bathroom for Bathing|18 L|Pack of 2|Multi","1 pack (2 pcs)","Bath & Laundry","Kuber Industries",,,355.57186772486773,1099,,15.51083,68.22263236154045,0.7573998097065483,0.61322,0.78638,0.37454,1.99275,172.4357940474507
"2026-03-01","565be1bb-e541-4d6a-951b-b35fd9ae027d",,"Kuber Industries Soap Holder | Portable Self-Draining Soap Stand | Sky Blue","1 pc","Bath & Laundry","Kuber Industries",,,80.91547166813069,199,,34.82465,58.50117498854105,0.5258376093460938,0.58199,0.58735,0.72103,0.19578,82.69629863397478
"2026-03-01","e749758f-e2db-400d-968e-fba8da691866",,"Cello Classic Plastic Laundry & Toy Organizer Basket With Lid Robust With In-Built Grey","1 pc","Bath & Laundry","Cello",,,,,,0,,0,0,,,,
"2026-04-01","68714dbd-09c0-4a4a-beec-bd9298fe850a",,"Story@Home 1 U Shower Curtains | Light Blue","1 pc","Bath & Laundry","Story@home",,,295.5609756097561,999,,9.56971,70.32487032487032,0.037185262468301845,0.02562,,,,313.3028223468007
"2026-04-01","fc8a925b-6501-49ae-b4df-48cfcd923e0e",,"Kuber Industries PVC Floral Shower Curtain with Hooks | Size Standard (Blue) | Washable | Pack of 1","1 pack","Bath & Laundry","Kuber Industries",,,271.5704730052556,699,,3.74459,61.24153028659467,0.012614962006038968,0.01015,0.00007,0.00006,0.00008,256.12717360764236
"2026-04-01","5f985de6-021a-4f55-96f1-83903f78a0d8",,"Plastic Bathroom Mug 1 Litre- (Black)-46HH0213","1 pack (2 pcs)","Bath & Laundry","Kuber Industries",,,94.46082175925926,199,,3.22434,53.47580672080208,0.02962891827384045,0.02914,0.05503,0.01916,0.13945,44.887698016928404
"2026-04-01","88b53900-1fe3-411a-bdce-22ef5fe4f6ab",,"Joyo Plastics Fantacy Hand Soap Dispenser (Colour May Vary) Combo","1 pc X 2","Bath & Laundry","Joyo",,,145.16189751920825,249.96270424657533,,9.3557,41.92657742412103,0,0,0.00277,0.00394,0,145.16189751920825
"2026-04-01","5f61e576-305c-423c-b40e-84906b4f7a67",,"Kuber Industries Tinted Print Plastic Bathroom Mug 1.5 Litre Pack of 4 (Black)-46KM0239 | Standard","1 pack (4 pcs)","Bath & Laundry","Kuber Industries",,,251,699,,1.38742,64.09155937052932,0.006307481003019484,0.00498,0.02037,0.00047,0.06719,62.74999999999999
"2026-04-01","a13a543c-3819-438b-a81c-58b9a8bc0acb",,"Liza Industries Orry Bathrrom Set 11 Pcs - Bkt 20, Bkt 5, S/D, L/D, M/P Stand, Tub (Colour May Vary)","1 set (12 pcs)","Bath & Laundry","Liza",,,1932,3600,,0.00003,46.333333333333336,0.016242440351123134,0.01915,,,,1932
"2026-04-01","fecbc7ef-d50e-4125-a9e9-36659929096b",,"Liza Industries Orry Bathrrom Set 6 Pcs - Bkt 20, Big Patla,Sc, Dustbin, Mug, Tub (Colour May Vary)","1 set (6 pcs)","Bath & Laundry","Liza",,,1612,2900,,3.47402,44.41379310344828,0.03925256418188092,0.04793,,,,1612
"2026-04-01","feeff5ec-50ea-4464-bdcb-2ec770219209",,"Kuber Industries Tub-Bucket with Mug Bathroom Combo Set|Set of 3|Beige","1 set (3 pcs)","Bath & Laundry","Kuber Industries",,,628.125,2599,,0.49216,76.39201890837136,0.15243981448427704,0.07628,0.0487,0.00765,0.1453,592.0902796271638
"2026-04-01","87ac8743-1bfb-4043-b772-4de63f178d1f",,"Lushomes Shower Curtain - Grey | Buddha Printed | 12 Eyelets | 12 Hooks | 6 x 6.5 ft","1 pc","Bath & Laundry","Lushomes",,,,,,0,,0,0,0.00103,0,0.00344,
"2026-04-01","7a45b454-e634-40e5-a2b2-acc845c5146c",,"Kuber Industries Leaf Printed 40 L Multipurpose Unbreakable Plastic Bath Tub | Round (Red)","1 pc","Bath & Laundry","Kuber Industries",,,295,799,,0.09464,63.07884856070088,0.0036049194001520515,0.00292,,,,295
"2026-04-01","3bb95780-cddb-447f-b563-e68e7aca417d",,"Urbanfix Bulfyss Toothbrush & Toothpaste Holder Stand","1 pc","Bath & Laundry","UrbanFix",,,297.27019590882117,429,,48.31735,30.758366150495693,0.08199093653467229,0.12402,0.00504,0.00718,0,295.60972775834875
"2026-04-01","2d101c3a-7d6e-405e-a511-0ad10de1a9a3",,"Lushomes Shower Curtain - Multi | Fish Doodle Printed | 12 Eyelets | No Hooks | 6 x 6.5 ft","1 pc","Bath & Laundry","Lushomes",,,814,1999,,0.21358,59.27963981990995,0.009019066183859763,0.00807,0.00017,0,0.00055,814
"2026-04-01","cf8cc0bf-64c6-4df8-8512-bbc817ed9a7b",,"Kuber Industries Bathroom Stool|Plastic Stool for Bathroom|Anti-Slip with Strong Bearing|Cream","1 pack","Bath & Laundry","Kuber Industries",,,267.9746774964166,699,,12.47658,61.66285314885389,0.15803398164854304,0.13303,0.00392,0.00558,0,268.04132868193506
"2026-04-01","f8de46d7-2733-42df-9fea-febf2071c687",,"Lushomes Shower Curtain - White | Hotel Quality Designer Bathroom","1 pc","Bath & Laundry","Lushomes",,,,,,0,,0,0,,,,
"2026-04-01","9ac91e02-fb32-4c95-b160-f144277664d5",,"GLOXY Stainless Steel Soap Holder with Glass Wall Mounted Soap Dish Stand for Home Kitchen SS304","1 pc","Bath & Laundry","GLOXY",,,,,,0,,0,0,,,,
"2026-04-01","8a02432d-734c-4c9d-8c97-76dc119d49e4",,"BAY6 Royce Bucket 18 L - Grey","1 pc","Bath & Laundry","BAY6",,,285.86448813316326,649,,3.37568,55.987081399441145,0.09329071205116893,0.08775,0.14183,0.20209,0,283.8155067356351
"2026-04-01","dd369670-85f3-48a7-bf0d-a83094e6131c",,"Soham Housewares Plaza Gillete Soap Dish Case (Colour May Vary)","1 pc","Bath & Laundry","Soham Housewares",,,28.314718551306317,44.00857623430962,,80.64823,35.71122507011722,2.1187135490793527,2.99558,2.33085,1.58633,4.08308,28.293408076707458
"2026-04-01","f5bf67fa-2b89-4142-8881-41ba6c2f31ed",,"GLOXY 304 Stainless Steel Double Soap Holder Rust Proof Soap Stand Bathroom Accessories","1 pc","Bath & Laundry","GLOXY",,,,,,0,,0,0,,,,
"2026-04-01","565be1bb-e541-4d6a-951b-b35fd9ae027d",,"Kuber Industries Soap Holder | Portable Self-Draining Soap Stand | Sky Blue","1 pc","Bath & Laundry","Kuber Industries",,,70.0535097888228,199,,11.66713,64.77365835331223,0.25052746058581105,0.1945,0.13696,0.10221,0.21875,70.09581225408799
"2026-04-01","4af84c7b-028d-461a-80b4-33478ed12abf",,"Jalore Square Shaped Plastic Stool | Beige |28 cm","1 pc","Bath & Laundry","jalore",,,,,,0,,0,0,,,,
"2026-04-01","403e0738-50f4-4e00-8d96-bafe016e9f9b",,"Perpetual Square Toothbrush Storage Holder | Travel Bathroom Organize | Pack of 3 | Assorted","3 pcs","Bath & Laundry","Perpetual",,,245.9295397092637,966.0868535757575,,57.16044,75.17724320832822,1.5329691903802785,0.83814,0.04443,0.06331,0,244.7182000757651
"2026-04-01","92ec5fa2-2ca5-4c98-918d-cf6a870cf589",,"Liza Industries Rio Bathroom Set | 18 L | Patla, Soap Case, Dustbin, Mug, Tub | Colour May Vary","1 set (6 pcs)","Bath & Laundry","Liza",,,1282,2696,,0.04419,52.44807121661721,0.01216378310739666,0.01271,,,,1282
"2026-04-01","b0aef5c1-4b85-4809-82c8-13183fc65c81",,"Flair Estella Home Deep Tub | 20 L | Beige","1 pc","Bath & Laundry","Flair",,,247.9985683981935,388,,9.67451,36.0254141004253,0.19798993373340731,0.27813,0.00553,0.00787,0,248.23383951283452
"2026-04-01","a907e0b9-c982-43c2-9e37-783302373437",,"Jalore Square Plastic Bucket | Blue |25 L","1 pc","Bath & Laundry","jalore",,,377,835,,0.00783,54.8502994011976,0.015069375214653132,0.01495,,,,377
"2026-04-01","b3f4a5b2-5611-4c9c-8664-d0e745445aa5",,"Tub-Bucket with Mug & Stool Bathroom Combo Set | Brown","1 set  (4 pcs)","Bath & Laundry","Kuber Industries",,,,,,0,,0,0,,,,
"2026-04-01","05e85d6d-1024-44aa-9736-705edbac43e7",,"Lushomes Shower Curtain - Shark Printed | Waterproof | 12 Eyelets | 12 Hooks | 6 x 6.5 ft","1 pc","Bath & Laundry","Lushomes",,,,,,0,,0,0,0.00014,0,0.00047,
"2026-04-01","ed8f2d0c-da9f-40a8-8526-dfb9ba71aaf7",,"Plantex 4-in-1 Stainless Steel Bathroom Shelf - 18x5 Inches","1 pc","Bath & Laundry","Plantex",,,696,2450,,2.18922,71.59183673469387,0.01105388301673658,0.0069,,,,696
"2026-04-01","e1846bc3-2fe4-4446-8a5a-522bc6102f49",,"Agmeco Zenith Stainless Steel Soap Dish - Durable | Space-Saving | Modern Design","1 pack (2 pcs)","Bath & Laundry","AGMECO",,,705.0734508547008,970,,20.75173,27.312390239817006,0.0720798896681967,0.11508,0.16543,0.23572,0,352.50021957171225
"2026-04-01","9f733265-a758-44a5-a9e9-5e7d81661d92",,"Liza Industries Falcon Bathroom 3 Pcs - 20L Bkt, Sml Patla, 1 L Mug (Colour May Vary)","1 set (3 pcs)","Bath & Laundry","Liza",,,,,,0,,0,0,,,,
"2026-04-01","3e9064ce-b164-4f95-a958-dfcac7e725f1",,"Liza Industries Opera Bathrrom Set Jumbo 12 Pcs - 25 L Bkt, Basin 30, Big Patla (Colour May Vary)","1 set (12 pcs)","Bath & Laundry","Liza",,,1715,3300,,0.00196,48.03030303030303,0.04466671096558862,0.05099,,,,1714.9999999999995
"2026-04-01","3ba560c1-0a61-404b-ac4a-6122c0f225b1",,"Jalore Square Plastic Bucket | Beige |20 L","1 pc","Bath & Laundry","jalore",,,,,,0,,0,0,,,,
"2026-04-01","1662a9de-0644-4475-95a7-9156b9a81e64",,"Lushomes Shower Curtain - Blue | Striped Satin Stripe | Hooks | 12 Eyelets | 6 x 6.5 ft","1 pc","Bath & Laundry","Lushomes",,,489,999,,2.6354,51.051051051051054,0.02253638598718335,0.02423,0.00012,0,0.00041,488.9999999999999
"2026-04-01","42ae6b49-28e9-4d24-b0f2-20eb33d6a624",,"Lushomes Curtain - Satin Green | 8 Metal Eyelets | 54 x 60 inch","1 pc","Bath & Laundry","Lushomes",,,459,999,,1.44207,54.054054054054056,0.004507277197436671,0.00455,,,,459
"2026-04-01","0f4737a9-223d-4cfe-bbac-6767a12617e7",,"Joyo Better Home Bucket 25 L | Assorted Colours","1 pc","Bath & Laundry","Joyo",,,381.62895514039286,724.4991460833334,,85.83783,47.24259732311791,10.432191430467077,12.0598,11.25888,13.55617,5.85224,381.55993825695657
"2026-04-01","b7a9b44b-2c3f-40a5-8f17-20741e3a25c4",,"Perpetual Self-Adhesive Toothbrush Holder, 4 Pcs Teddy Bear Shaped for Bathroom Storage","1 pack (4 pcs)","Bath & Laundry","Perpetual",,,279.2181586091547,1150.1238906944445,,14.36865,76.80331093068159,0.24730017792382258,0.10292,0.00168,0.00239,0,57.752993196931726
"2026-04-01","759786a5-f355-4be5-a5f2-7c0d1f4bb85b",,"Flair Estella Home Stool 9 - Beige - Plastic Stool For Bathroom","1 pc","Bath & Laundry","Flair",,,306.916160598376,483.0295226373627,,13.12453,36.272448086426245,0.17944196921022199,0.25171,0.01341,0.0191,0,307.5312214521608
"2026-04-01","f150f751-9e2e-4d72-84af-1f728bc49ed6",,"Jalore Square Plastic Bucket | Grey| 20 L","1 pc","Bath & Laundry","jalore",,,296.0816003168944,665,,4.10932,55.48979400372589,0.02400271740777086,0.0234,0.00162,0.00232,0,296.80579459039376
"2026-04-01","4d2babae-b750-47c3-9af3-7c43d072793a",,"Liza Industries Bathroom Set - Jumbo 6 Pcs - 25 L, Tub 30, 1.5 Mug, Big Patla, Db, Sc (Colour May Vary)","1 set (6 pcs)","Bath & Laundry","Liza",,,,,,0,,0,0,,,,
"2026-04-01","8501d62b-2a82-42da-b3d6-937361b662cb",,"Cello Classic Perfect Posture Small Plastic Stool, Brown | Lightweight Plastic Stool for Sittng","1 pc","Bath & Laundry","Cello",,,499.0570303389114,613,,22.9532,18.586513486357692,0.7176789945978554,1.28417,0.01831,0.02609,0,499.0576726594833
"2026-04-01","8abd1bfb-7ce2-4fbf-b8fb-875c1df622d5",,"Encasa Xo Polyester Shower Curtain Zz White 183X213 Cm, Pack Of 1","1 pc","Bath & Laundry","Encasa XO",,,929.8821232236741,1850,,4.73038,49.78106812563547,0.11685533474835813,0.12848,,,,926.0049409929952
"2026-04-01","c0a61799-73a3-434d-8f85-a81b3d7e2dc1",,"Ratan Plasticware Gloria Pack Of 1 Mug 1.5L -Nir Silver","1 pc","Bath & Laundry","Ratan Plasticware",,,49,130,,1.95245,62.3076923076923,0.007795017831843178,0.00645,0.00633,0.00902,0,49
"2026-04-01","b1d25bfe-2bdd-4ef3-9dd1-e4a1ff06aba3",,"Flair Estella Home Deep Tub 20 L - Gray","1 pc","Bath & Laundry","Flair",,,323.64912280701753,388,,7.3651,16.271985334057266,0.1772632263086783,0.32716,0.01539,0.02193,0,325.9965907558599
"2026-04-01","22bcb350-c51b-47eb-8f6e-9fff7ef1564c",,"Lushomes Shower Curtain - Pink | Kids Printed Teddy | 12 Eyelets | 12 Hooks | 6 x 6.5 ft","1 pc","Bath & Laundry","Lushomes",,,,,,0,,0,0,,,,
"2026-04-01","ccb3bac6-7673-48db-8211-7078178aa9b5",,"Joyo Better Home Bucket 25 L | Assorted Colours Combo","807 g X 3","Bath & Laundry","Joyo",,,1144.282679488911,2162.649185047619,,25.454,47.08884421012947,0,0,0.32895,0.46873,0,47.26487730230937
"2026-04-01","8a533ce6-e774-433a-8465-8edd797ed5c4",,"Lushomes Shower Curtain - Multi | Buddha Printed | 12 Eyelets | 12 Hooks | 6 x 6.5 ft","1 pc","Bath & Laundry","Lushomes",,,574,1499,,3.46582,61.70780520346898,0.013526343381296433,0.01138,0.00002,0,0.00007,574
"2026-04-01","6ad1d704-8985-4a1c-a156-7853e67380da",,"Flair Estella Home Bucket | 8 L | Blue","1 pc","Bath & Laundry","Flair",,,145.36651629072682,228.7566766666667,,1.5578,36.24640296684884,0.047648101127817005,0.06671,0.02958,0.04215,0,145.77429043836085
"2026-04-01","6c202601-b75c-43a3-a591-9c05f1ae1d02",,"Jalore Frosty Bathroom Set | 25 L Bucket | 1.5 L Mug | Stool | Blue","1 set","Bath & Laundry","jalore",,,550,899,,3.22044,38.820912124582875,0.048673179585532335,0.06541,,,,550
"2026-04-01","24b4351e-a1ff-4014-928f-9efaefa365e5",,"Perpetual Handwash Soap Dispenser for Wash Basin, 2 Pcs Refillable (Black)","2 pcs","Bath & Laundry","Perpetual",,,249.29032258064515,934.5816225806451,,8.25855,72.46768712015815,0.1104377660940699,0.06937,0.17926,0.08529,0.40042,247.0028990714805
"2026-04-01","a5aec56d-893f-48f9-b126-ddfe1bc7f25b",,"Lushomes Shower Curtain - Peach | Striped | Polyester | 10 Metal Eyelets | 6 x 6.5 ft","1 pack","Bath & Laundry","Lushomes",,,,,,0,,0,0,,,,
"2026-04-01","7e83491c-f6d9-4cd6-bda8-d3377401df33",,"Perpetual Self-Adhesive Toothbrush Holder, 3 Pcs Teddy Bear Shaped for Bathroom Storage","1 pack (3 pcs)","Bath & Laundry","Perpetual",,,272.07421235276456,895.2640245121951,,12.0032,69.68273787862404,0.14329892999778387,0.08935,0.00323,0.0046,0,83.60495014858553
"2026-04-01","693b3101-b105-4e71-81f1-1190ed6643d8",,"Kuber Industries 2 Pieces Unbreakable Virgin Plastic Multipurpose Bathroom Bucket & Mug Set|Blue","1 set (2 pcs)","Bath & Laundry","Kuber Industries",,,,,,0,,0,0,0.01307,0.00012,0.04352,
"2026-04-01","32eff620-41a4-445e-89c6-2602badb2d55",,"Kuber Industries Pack of 2 Virgin Plastic Bath Mug | Transparent & Unbreakable | 1100 ml | White","1 pack (2 pcs)","Bath & Laundry","Kuber Industries",,,149.7709865892562,399,,8.70665,62.663160212535715,0.05760652177865006,0.04612,0.13851,0.02795,0.39871,74.26364811003187
"2026-04-01","8caba515-505c-4119-864c-8495c44839b1",,"Kuber Stainless Steel Corner Shelf | Bathroom & Kitchen Organizer | Chrome Finish","1 pc","Bath & Laundry","Kuber Industries",,,860.266299385106,3099,,10.49242,71.97385133760837,0.10612359346525214,0.06878,0.0127,0.00066,0.04103,918.9349457999936
"2026-04-01","715f6db8-1ff0-4b27-b6ba-ba7ec6325d9a",,"Perpetual Leakproof Travel Soap Case, Waterproof Container with Draining Layer, Pack of 1","1 pc","Bath & Laundry","Perpetual",,,127.26889240471682,341.10526315789474,,1.2593,61.26561431750767,0.01958432245336672,0.01826,0.07719,0.03731,0.17106,128.35650561135392
"2026-04-01","f38ae4e0-ed77-475f-97ad-da43bb5d6c85",,"Kuber Industries Unbreakable Multipurpose Bath Tub 40 L (Red) -CTLTC10954 | Plastic","1 pc","Bath & Laundry","Kuber Industries",,,556,1198,,0.09856,53.58931552587646,0.005405123205734866,0.00551,,,,556
"2026-04-01","39c4da50-898b-4b38-a512-0598d79ab4be",,"BAY6 Eco Bucket 16 L - Grey","1 pc","Bath & Laundry","BAY6",,,,,,0,,0,0,,,,
"2026-04-01","bc8d21a4-bc86-4e29-aa68-c9522378b400",,"Lushomes Shower Curtain - Cream | Heavy Duty | Water-Resistant | 8 Eyelets | 8 C-Rings | 4 x 6.5 ft","1 pc","Bath & Laundry","Lushomes",,,,,,0,,0,0,,,,
"2026-04-01","39eb8506-05c3-4e15-b2d2-4916fcb6b737",,"Kuber Industries Soap Holder for Bathroom | Portable Self Draining Soap Box | Sky Blue","1 pc","Bath & Laundry","Kuber Industries",,,70.26140869211656,199,,2.1748,65.04476987480649,0.286389415344395,0.21981,0.07595,0.03622,0.16947,69.51562184667988
"2026-04-01","8ab46c50-9bf9-4e41-95c0-d1775c7928d3",,"Kohler Soap Dish | SS304 Stainless Steel | Brushed Steel","1 pc","Bath & Laundry","kohler",,,782.0727314995697,950,,56.30444,17.67614586198443,0.18760695373895186,0.33941,0.44841,0.63894,0,782.1246261752206
"2026-04-01","6c533c6f-96c3-412c-af57-e26c7b657799",,"Cello Plastic Frosty Deluxe Bucket | 5 Litre - Assorted","1 pc","Bath & Laundry","Cello",,,103.20394960761737,143,,9.58051,28.52167299015348,0.12939314516272926,0.20363,0.11841,0.16872,0,101.82216174780243
"2026-04-01","c92045ae-5dd9-43b4-951b-b09a31f75229",,"Ratan Plasticware Premia Bucket (5L X 1) - Mint|Light Weight And Easy To Carry","1 pc","Bath & Laundry","Ratan Plasticware",,,,,,0,,0,0,,,,
"2026-04-01","044a8415-7ad6-4be4-9538-f07c9e4f8d4f",,"Jatin Creta Plastic Cloth Hanging Clips | Set Of 12 Pcs Combo","12 pc X 4","Bath & Laundry","Jatin",,,356,552,,0.1177,35.507246376811594,0,0,,,,356
"2026-04-01","a1d901aa-d39b-459a-91f6-a33c21fc704b",,"Perpetual Handwash Soap Dispenser | Refillable ABS Plastic for Bathroom & Kitchen (Black)","1 pc","Bath & Laundry","Perpetual",,,214,599,,0.00803,64.27378964941569,0.002702561602867433,0.00212,0.03674,0.01149,0.09618,214
"2026-04-01","45602f8c-ea45-4bbe-8b0d-202ee1878a30",,"BAY6 Royce Bath Stool - Grey","1 pack","Bath & Laundry","BAY6",,,303.56814012154575,699,,2.99571,56.52068475425951,0.022076183510568198,0.02099,,,,302.58725404266346
"2026-04-01","b96df84b-9d83-4636-9e5f-b1b08500df7f",,"Perpetual Plastic Leaf-Shaped Double Layer Soap Dish Holder for Bathroom & Kitchen","1 pc","Bath & Laundry","Perpetual",,,,,,0,,0,0,0.00628,0.00894,0,
"2026-04-01","e795ba54-03b8-4dc3-bdd1-a2b9725432e3",,"Kuber Industries Versatile Plastic Bath Tub|Baby Bathing Tub|TUB-25 L|Gray","1 pc","Bath & Laundry","Kuber Industries",,,330.2055137844612,1399,,13.45682,76.50795699151566,0.17995450843907967,0.0919,0.00044,0.00062,0,326.9553226949251
"2026-04-01","1c4e0cba-7f89-4da1-9e47-4ae15732a53b",,"Lushomes Shower Curtain - Multi | Moon Cave Printed | 12 Eyelets | No Hooks | 6 x 6.5 ft","1 pc","Bath & Laundry","Lushomes",,,,,,0,,0,0,0.00153,0,0.00514,
"2026-04-01","f1fe4641-0aff-4e66-b71b-90acd10ea38c",,"Perpetual Self-Adhesive Toothbrush Holder, 2 Pcs Teddy Bear Shaped for Bathroom Storage","1 pack (2 pcs)","Bath & Laundry","Perpetual",,,244.4494000583726,585.1401351295336,,59.2877,61.85115179643181,1.2006154735577999,1.00034,0.36713,0.52312,0,116.13924783566506
"2026-04-01","52d8875d-984b-4e7b-8b1d-040bab2e395c",,"YouBee Double Layer Soap Dispenser for Bathroom | Liquid Dispenser Pump with Sponge | Multi-Colour","1 pc","Bath & Laundry","Youbee",,,130.04903795056885,349,,14.89711,62.73793182078552,0.28464290182775065,0.2329,0.03039,0.04181,0.00353,130.0472815237604
"2026-04-01","5c5214b0-6594-4845-a2d7-092b82288cec",,"Kolorr Luxe Bucket | (Bucket 18L X 1) - Ratan Lt Brown| Bathroom Bucket | Strong Bathroom Bucket","1 pc","Bath & Laundry","Kolorr",,,,,,0,,0,0,,,,
"2026-04-01","3bb925bd-80d5-4f7c-b452-4e5a959dd4d8",,"Flair Estella Home Bucket | 14 L | Blue","1 pc","Bath & Laundry","Flair",,,204.96702703426843,320,,25.54981,35.95375581706457,0.9555463752877632,1.34367,4.19367,2.15142,9.00008,204.94942665697232
"2026-04-01","c55c7ab0-30a7-45de-a851-748466f31225",,"Kuber Industries 5L Plastic Plain Bucket | Pack of 2 | Assorted","1 pack (2 pcs)","Bath & Laundry","Kuber Industries",,,,,,0,,0,0,,,,
"2026-04-01","ede1d2a4-e7ca-4a5a-a8e3-7d0a0fd70cb2",,"Lushomes Shower Curtain - Striped Pink | Polyester | 10 Metal Eyelets | 6 x 6.5 ft","1 pc","Bath & Laundry","Lushomes",,,,,,0,,0,0,0.00024,0,0.0008,
"2026-04-01","78add0bf-c8cf-449b-b87d-97a038dbea8a",,"Nayasa Boon Bucket 25L | Blue","1 pc","Bath & Laundry","Nayasa",,,397.0770434601099,645,,49.70409,38.350438697917674,3.211299649504035,4.28715,3.34702,4.76918,0,397.826530262176
"2026-04-01","f4995a3c-782c-424f-8697-1c53ebca18da",,"Kuber Industries Plastic Strong Bucket for Bathroom for Bathing|18 L|Beige","1 pc","Bath & Laundry","Kuber Industries",,,294.70716779065236,599,,2.85244,51.06987730685613,0.1530191281901338,0.15978,0.80127,0.32481,1.9226,291.46130651517797
"2026-04-01","22c75b8e-dea2-4d1c-a15b-8151c5ca1cb2",,"Lushomes Shower Curtain - Cream | Striped | Polyester | 10 Metal Eyelets | 6 x 6.5 ft","1 pc","Bath & Laundry","Lushomes",,,,,,0,,0,0,,,,
"2026-04-01","d599698c-0204-49c0-985d-8d76eb00b2ed",,"Ratan Plasticware Gloria Pack Of 1 Mug 1L -Twist Beige","1 pc","Bath & Laundry","Ratan Plasticware",,,,,,0,,0,0,0.01005,0.01432,0,
"2026-04-01","665db2a6-5301-4053-af88-ab5a103b47a4",,"Plantex Stainless Steel Toothbrush Holder Tumbler Stand for Bathroom Accessories","1 pc","Bath & Laundry","Plantex",,,259,880,,0.50642,70.56818181818181,0.007940748616104644,0.00513,,,,259
"2026-04-01","cb66bb6a-6c50-47b6-a055-19a172b0cfd4",,"Kuber Industries Plastic Bucket for Bathroom for Bathing|18 L|Transparent","1 pc","Bath & Laundry","Kuber Industries",,,255.41855203619912,599,,2.30183,57.36703135620029,0.056753793660216094,0.0529,0.28056,0.09082,0.72709,254.19431945148273
"2026-04-01","ca7e2323-54dc-42bd-a7bc-5c1bd1f93c7d",,"Lushomes Shower Curtain - Maroon | Heavy Duty | Water-Resistant | 8 Eyelets | C-Ring | 48 x 78 inch","1 pc","Bath & Laundry","Lushomes",,,,,,0,,0,0,0.00005,0,0.00016,
"2026-04-01","4a3088ed-37b1-42cc-b120-6fb204115f47",,"Jalore Square Plastic Bucket | Brown |25 L","1 pc","Bath & Laundry","jalore",,,,,,0,,0,0,,,,
"2026-04-01","603a4433-459e-4551-8513-f4df10b4ef1b",,"Kuber Industries Plastic Sitting Stool for Indoor Or Outdoor|Home & Garden|Brown","1 pack","Bath & Laundry","Kuber Industries",,,549.0524475524476,1099,,9.66479,50.0417359131893,0.45077328881242984,0.49463,0.00758,0.0108,0,549.0000750021752
"2026-04-01","422607a2-a300-40cf-ae71-18aa6fa74923",,"Nayasa Bubbles Rectangle Soap Case Purple","1 pc","Bath & Laundry","Nayasa",,,63,85,,0.05975,25.88235294117647,0.0011505061915378888,0.00187,0.00829,0.01181,0,63
"2026-04-01","7f45f844-953e-46f6-9fa4-edcf24e5ff3b",,"Lushomes Shower Curtain - Sky Blue | Heavy Duty | 72 x 80 inch","1 pc","Bath & Laundry","Lushomes",,,479,999,,2.72232,52.052052052052055,0.004507277197436671,0.00475,0.00012,0,0.0004,479
"2026-04-01","dfb17f4a-a251-4b09-870e-2b4488a3a07e",,"Kuber Industries Flower Design Multipurposes Plastic Sitting Stool (Cream) (HS39KUBMART023880)","1 pc","Bath & Laundry","Kuber Industries",,,695.6296296296297,2299,,0.15904,69.74207787604917,0.04149041151914677,0.02759,,,,695.9989152836533
"2026-04-01","d6436d03-6830-4419-a300-9ec712246b7b",,"Kuber Industries Multiuses Plastic Bucket with Handle | 18 litre (Brown)-46KM0353 | Standard","1 pc","Bath & Laundry","Kuber Industries",,,362.3333333333333,799,,0.07325,54.651647893199836,0.007209838800304103,0.00731,0.07599,0.0076,0.23693,368.9874921826141
"2026-04-01","0cb296cb-d51d-4aa7-a9c0-685852746312",,"Perpetual Dish Soap Dispenser with Sponge Holder, 2 in 1 for Kitchen & Restaurant (Pack of 1)","1 pc","Bath & Laundry","Perpetual",,,140.95092892261502,539,,3.33777,72.27921870296804,0.016115207901706004,0.01138,0.02265,0.03227,0,143.36933019431652
"2026-04-01","6cc81540-e071-4928-9694-2dcdf7fbe4f6",,"Perpetual Bathroom Organizer Shelf | Self-Adhesive Rack for Wall | Pack of 3","3 pcs","Bath & Laundry","Perpetual",,,308.87096278205445,788.632547267442,,46.65406,61.08757632073023,0.7081911535383063,0.60008,0.0185,0.02636,0,306.99445143793815
"2026-04-01","5cfdbebd-4558-45f8-a5e7-80d090fc1ee7",,"Lushomes Shower Curtain - Multi | CAT Printed | 12 Eyelets | No Hooks | 6 x 6.5 ft","1 pc","Bath & Laundry","Lushomes",,,,,,0,,0,0,0.00049,0,0.00165,
"2026-04-01","dc3eae6a-98cb-4cb6-840a-fc32a49580a3",,"Kuber Industries Small 5L Plastic Bucket for Cleaning & Storage | Beige and Grey","1 pack (2 pcs)","Bath & Laundry","Kuber Industries",,,207.3846153846154,499,,1.66752,58.4804306036627,0.07053595547704272,0.06423,1.07225,0.42176,2.60318,103.4313733008685
"2026-04-01","f7864c86-b6f7-4dc8-b361-92941fc037d5",,"Kuber Industries Plastic Unbreakable Bucket with Handle|16 Liter|Black","1 pc","Bath & Laundry","Kuber Industries",,,,,,0,,0,0,,,,
"2026-04-01","d4115f4d-8d65-458c-8add-559c02b547e2",,"Plastic Mug for Bathroom | Toilet | Washroom | 1.5 L | Beige","1 pack (2 pcs)","Bath & Laundry","Kuber Industries",,,75.42006854760834,399,,0.84442,81.1420791566298,0.01620183425024533,0.00556,0.00344,0,0.01153,36.87380654236218
"2026-04-01","c6ebc3d5-c35a-48d8-9581-1b0eec1a2e02",,"Ratan Plasticware Gloria Pack Of 1 Mug 1L -Nir Silver","1 pc","Bath & Laundry","Ratan Plasticware",,,,,,0,,0,0,,,,
"2026-04-01","0080bcc0-21f2-43aa-a536-457fcd2ae823",,"BAY6 Regent Tub 20 L - Grey","1 pc","Bath & Laundry","BAY6",,,230.18840579710147,649,,0.50184,64.54978498846893,0.04392226578282882,0.03404,,,,229.00559478729573
"2026-04-01","540011c5-461f-4b18-9f81-079f58c3b8cc",,"Lushomes Shower Curtain - Grass Printed | 12 Eyelets | No Hooks | 6 x 6.5 ft","1 pc","Bath & Laundry","Lushomes",,,,,,0,,0,0,,,,
"2026-04-01","a9e96766-e96a-4026-857a-c0e9a8318817",,"Robustt Anti-Slip Bathroom Patches","1 pack (60 pcs)","Bath & Laundry","Robustt",,,163,299,,1.50176,45.48494983277592,0.00269804981388101,0.00323,0,0,0,2.7166666666666663
"2026-04-01","1e54ac05-06da-44eb-9fac-73ed1fec1a03",,"Lushomes Shower Curtain - White | Waffle Weave | 12 Rust Eyelets | 12 Plastic Rings | 72 x 78 inch","1 pc","Bath & Laundry","Lushomes",,,,,,0,,0,0,,,,
"2026-04-01","f0ee3602-2218-492b-ac36-96c82b6afb3d",,"Lushomes Shower Curtain - Striped Green Thin Stripe | 12 Eyelets | Hooks | 6 x 6.5 ft","1 pack","Bath & Laundry","Lushomes",,,487.3680362683544,895,,18.66792,45.5454708080051,0.031496798914219616,0.03703,0,0,0,488.60749689545327
"2026-04-01","ce65c2df-1ba7-43c7-ae0f-c06d8fee9e4b",,"Story@Home 1 U Shower Curtains | White","1 pc","Bath & Laundry","Story@home",,,274,999,,7.53758,72.57257257257257,0,0,,,,274
"2026-04-01","b089a9c9-4c3b-43de-9578-a350440b30d1",,"Soham Housewares Kupid Soap Dish Case (Colour May Vary)","1 pc","Bath & Laundry","Soham Housewares",,,41.8641351414483,61.05201666666666,,76.78453,31.28707801159971,1.2942278761637007,1.95491,1.84404,1.54816,2.5404,41.93828654896627
"2026-04-01","b59ce88b-9185-4467-9dec-11c883ea5262",,"Kuber Industries 2 Pieces Plastic Bathroom Bucket & Mug Set (Blue)","1 set (2 pcs)","Bath & Laundry","Kuber Industries",,,255,599,,0.3199,57.42904841402337,0.04594354724874636,0.04296,0.04167,0,0.13975,254.99999999999994
"2026-04-01","cde834a2-a17e-4d5d-8c3a-7806cbb47b5a",,"Lushomes Shower Curtain - Multi | Parrot Printed | 12 Eyelets | No Hooks | 6 x 6.5 ft","1 pc","Bath & Laundry","Lushomes",,,829,1989,,4.22252,58.32076420311714,0.017947896587991067,0.01643,0.00005,0,0.00018,828.9999999999999
"2026-04-01","2d98c083-adf4-49a9-b07f-33b901a20ec2",,"Kuber Industries PVC Waterproof Stone Print (7 Feet) Shower Bathroom Curtain | Transparent","1 pc","Bath & Laundry","Kuber Industries",,,296.5876628508207,649,,6.8006,54.42166143708135,0.02928151052188588,0.02827,0.00072,0.00103,0,285.36763930166825
"2026-04-01","a070e1bf-42d9-4983-b952-d0ec7651fb19",,"Robustt Zy203 Soap Dispenser - Black","1 pc","Bath & Laundry","Robustt",,,344.4750254243306,799,,28.81387,56.829479591309216,0.1398717750836969,0.13377,0.34069,0.18616,0.70436,346.7169025855637
"2026-04-01","f9486144-0c92-4d20-860d-aa7f286ca0c4",,"Kuber Industries 13 L Colorful Plastic Bucket with Lid & Handle for Bathroom | Home Use (Black)","1 pc","Bath & Laundry","Kuber Industries",,,256.84615384615387,699,,3.30651,63.25269866042398,0.05361358852566561,0.04332,0.32493,0.16371,0.70437,257.11717698519516
"2026-04-01","c9d669cc-035b-4dd7-9037-2456902e6497",,"Jalore Square Shaped Plastic Stool | Brown |28 cm","1 pc","Bath & Laundry","jalore",,,,,,0,,0,0,,,,
"2026-04-01","c42c8847-6fd5-4654-93a1-63489ce3aa57",,"Lushomes Shower Curtain - Grey | Heavy Duty | Water-Resistant | 8 Eyelets | C-Rings | 48 x 78 inch","1 pc","Bath & Laundry","Lushomes",,,,,,0,,0,0,,,,
"2026-04-01","03852d52-1ba6-484e-9870-cdee172de1de",,"Flair Estella Home Stool 14 - Blue - Plastic Stool For Bathroom","1 pc","Bath & Laundry","Flair",,,389,720,,0.03209,45.97222222222222,0,0,,,,389
"2026-04-01","afb43c9c-6a6a-40dc-aa67-c5503255b4a2",,"All Time Satin Bathroom Stool Patla (Colour May Vary)","1 pack","Bath & Laundry","All  Time",,,198.40727453204764,360,,1.48408,45.20650727157016,0.014325832389690605,0.01745,0.00001,0.00002,0,197.39930012363334
"2026-04-01","a7eee815-8938-4e1f-91ad-bdfd1e47c7c1",,"Kuber Industries Plastic Bucket for Cleaning & Storage|Plain Bucket|5 L|Pack of 2|Multi","1 pack (2 pcs)","Bath & Laundry","Kuber Industries",,,220.51892361111112,499,,0.5555,56.151387742805866,0.01801106163380099,0.01407,0.43083,0.04015,1.3503,101.4512885667472
"2026-04-01","61a4f299-f969-4d48-8628-ac9f7113a1a8",,"Joyo Better Home Bucket 20 L Printed Colour May Vary","1 pc","Bath & Laundry","Joyo",,,292.50700957222847,721.1451792916666,,80.24016,59.503613034545715,16.83454858818756,14.85199,10.28667,11.6947,6.97289,292.0453511337371
"2026-04-01","c8967eae-f0fb-4d1e-abc1-105181300296",,"Kuber Industries Plastic Bathroom Mug - 4 Pieces | Pink & White | 500 ml","1 pack (4 pcs)","Bath & Laundry","Kuber Industries",,,107.75928081722199,299,,2.79987,63.9889193607649,0.02596895504805404,0.02068,0.10363,0.00091,0.3454,26.877995209136827
"2026-04-01","c0255f78-c2f0-4faf-872d-bcd6b4269888",,"Ratan Plasticware Frosty Checks Print Pack Of 1 Mug 1L -Beige","1 pc","Bath & Laundry","Ratan Plasticware",,,,,,0,,0,0,,,,
"2026-04-01","9500c8d3-0417-4079-a86f-d2d81637d3d0",,"Perpetual Bathroom 4Shelf + 4Soap Dish Holder | Self-Adhesive Rack for Wall","2 pcs","Bath & Laundry","Perpetual",,,457.9880181210815,1547.8841589999997,,38.79561,70.36007298452279,0.6087734320435748,0.40621,0.00954,0.01359,0,457.368281735369
"2026-04-01","5104c600-6939-438e-8258-57c193893a15",,"Joyo Plastics Dolphin Bathroom Mug - 1100 ml (Colour May Vary) Combo","1 pc X 2","Bath & Laundry","Joyo",,,58.63670417704722,130.166623,,54.00063,54.95258091081672,0,0,0.05118,0.07293,0,58.63670417704721
"2026-04-01","e94261e2-3e2f-4d2b-ade4-4807ad5a6dbb",,"Jalore Square Plastic Bucket Combo | 25 L Bucket + 1.5 L Mug + 37 Cm Stool | Blue","1 set","Bath & Laundry","jalore",,,841.1428571428571,1799,,0.529,53.24386563964107,0.008116708386575145,0.00762,,,,769.5573951434878
"2026-04-01","fd3677bc-6b2e-4640-b5ce-04ecf405eebc",,"Plantex Metro Stainless Steel Toothbrush Holder Tumbler Holder for Bathroom Accessories","1 pc","Bath & Laundry","Plantex",,,304,1265,,0.01092,75.96837944664031,0.045659304542601704,0.0241,,,,304
"2026-04-01","5a550b63-7670-4357-ad91-554a1477c57f",,"Kuber Industries Durable Plastic Bath Tub for Baby Bathing|Washing Clothes|26 Liter|Cream","1 pc","Bath & Laundry","Kuber Industries",,,300.9,699,,43.7571,57.03183984647298,0.755714729290098,0.71322,0.20652,0.29427,0,300.3254008339065
"2026-04-01","d4e6535e-1e8b-4dae-a67f-3e5faa4caa73",,"Kuber Industries Stainless Steel Storage Rack | Standard | Silver | Corner Shelf","1 pc","Bath & Laundry","Kuber Industries",,,755.6129032258065,1598,,6.64393,52.709826677286,0.03677017788155093,0.03784,,,,748.5964680559631
"2026-04-01","fa9e069f-051d-4b74-bfc1-cc344c801985",,"Ratan Plasticware Premia Bucket (5L X 1) - Desert Rose|Light Weight And Easy To Carry","1 pc","Bath & Laundry","Ratan Plasticware",,,,,,0,,0,0,,,,
"2026-04-01","a173b9a4-7bc2-4b00-b07b-bcc8fb416a79",,"Flair Estella Home Bucket 14 Litre - Beige","1 pc","Bath & Laundry","Flair",,,204.5145524801984,331.66899925925924,,34.53728,37.938327325167336,0.6710239382259503,0.91673,1.31038,1.86716,0,204.88384459457384
"2026-04-01","c1e60bc4-8502-45ab-a315-09aff2940093",,"Lushomes Shower Curtain - Multi | Wooden Door Printed | 12 Eyelets | No Hooks | 6 x 6.5 ft","1 pc","Bath & Laundry","Lushomes",,,814,1999,,5.51638,59.27963981990995,0.020653616443148993,0.01847,0,0,0.00001,814
"2026-04-01","2a1096d9-ab8f-4826-bb66-2dbcf4345796",,"Lushomes Shower Curtain - Grey | Striped | Polyester | 10 Metal Eyelets | 6 x 6.5 ft","1 pc","Bath & Laundry","Lushomes",,,,,,0,,0,0,,,,
"2026-04-01","cf5a8cf1-92e7-44bf-b241-c3d8427b641e",,"Plastic Bathroom Mug | 1.5L(Blue & White)","1 pack (2 Pcs)","Bath & Laundry","Kuber Industries",,,148,499,,6.83378,70.34068136272545,0.07429562923942908,0.0484,0.19019,0.03852,0.54713,74
"2026-04-01","692fe7f7-d527-495f-8365-45943aed90d1",,"Flair Estella Home Deep Tub 30 L - Beige","1 pc","Bath & Laundry","Flair",,,405.0480769230769,625,,1.23933,35.19230769230769,0,0,0.00001,0.00001,0,405.0480769230769
"2026-04-01","b501db81-06aa-4474-b555-23316a5d467e",,"Perpetual Wall-Mounted Toothbrush Holder, 2 Pcs Self-Adhesive for Bathroom & Makeup Brushes","1 pack (2 pcs)","Bath & Laundry","Perpetual",,,277.37258721912553,757.06323,,3.28148,64.15490044642381,0.016224393195177444,0.01099,0.00012,0.00018,0,159.61594313216068
"2026-04-01","a3f9ab26-809e-42f0-9489-42132dd9826f",,"Plantex 24 Chrome Dual Folding Towel Rack for Bathroom","1 pc","Bath & Laundry","Plantex",,,1480.8461538461538,4396,,1.28452,66.31378175964163,0.01983382438431592,0.01468,,,,1480.9995462794918
"2026-04-01","de4043eb-5e9c-4ff9-8180-5eaa786627ed",,"Lushomes Shower Curtain - Yellow | Flower Printed | 12 Eyelets | 12 Hooks | 6 x 6.5 ft","1 pack","Bath & Laundry","Lushomes",,,699.2986882252901,1499,,7.29617,53.388780404618885,0.027052686762592867,0.02704,,,,713.6283905897518
"2026-04-01","4931c577-956a-493b-a049-6f298dbae293",,"Jatin Civic Plastic Cloth Hanging Clips Set of 12 pcs | Assorted Combo","12 pc X 3","Bath & Laundry","Jatin",,,147.58064516129033,237,,3.49742,37.72968558595345,0,0,0.00112,0.00159,0.00001,147.58064516129033
"2026-04-01","f15ea7b6-aa6f-48c4-9ba7-b105619f238b",,"Lushomes Window Curtains - Grey | Semi-Sheer Flowers | 57 x 60 inch | 5 ft","1 pack (2 pcs)","Bath & Laundry","Lushomes",,,559,1000,,5.09472,44.1,0.018047155945692374,0.02216,,,,279.5
"2026-04-01","161ea581-fb08-486d-aa54-c44e89c3cb10",,"Kuber Industries Tub with Bucket & Mug Bathroom Combo Set|Set of 3|Transparent Gray","1 set","Bath & Laundry","Kuber Industries",,,,,,0,,0,0,,,,
"2026-04-01","5b6ee5bb-6ffd-43b0-882d-a519fbb06eb1",,"Kuber Industries Plain Plastic Strong Bucket for Bathroom for Bathing|18 L|Pack of 2|Multi","1 pack (2 pcs)","Bath & Laundry","Kuber Industries",,,428,1099,,0.51529,61.05550500454959,0.034709192672552854,0.02969,0.01962,0.00647,0.05056,214
"2026-04-01","c3756c90-09a1-4acc-a24e-abd659276eb5",,"BAY6 Royce Bucket 16 L - Blue","1 pc","Bath & Laundry","BAY6",,,225.77222222222224,599,,1.35277,62.348706711565534,0.0520245364446474,0.04231,0.11324,0.16136,0,224.1483160360796
"2026-04-01","6fd38484-5f5f-4547-8da8-90288d70d7e2",,"Encasa Xo Polyester Shower Curtain Boho Maze Beige 140X183 Cm, Pack Of 1","1 pack","Bath & Laundry","Encasa XO",,,748.1666666666666,1080,,9.11855,30.84201388888889,0.019490928421347763,0.02886,,,,728.1391444342227
"2026-04-01","837ee4b8-64ad-46b6-9417-61991ab608bd",,"Kuber Industries Unbreakable Plastic Triangle Bucket for Home & Bathing | 18 L | Pack of 2 | Black","1 pack (2 pcs)","Bath & Laundry","Kuber Industries",,,592.8,1399,,0.76689,59.30307362401715,0.0820559062960768,0.06628,0.0283,0.01007,0.07119,257.2609376717599
"2026-04-01","ffe0e2b7-1e4a-4d96-8428-81e60939fbaa",,"Lushomes Shower Curtain - Grey | Waffle Weave | 12 Plastic C-Ring Hooks | Non-PVC | 72 x 78 inch","1 pc","Bath & Laundry","Lushomes",,,,,,0,,0,0,,,,
"2026-04-01","6f5cc928-5b1d-4a8e-afb9-36e27e82a381",,"Kuber Industries Pack of 2 Plastic Bathroom Mug|Size 14 x 14 x 12 CM|1 L (Black)","1 pack (2 pcs)","Bath & Laundry","Kuber Industries",,,95.92405063291139,299,,13.14067,67.95810948073928,0.17103018982393475,0.12,0.22896,0.08918,0.55792,47.87784144824242
"2026-04-01","b1583ea7-0601-494f-aa6c-c50736449df0",,"Lushomes Shower Curtain - Dark Blue | Heavy Duty | 72 x 80 inch","1 pc","Bath & Laundry","Lushomes",,,,,,0,,0,0,,,,
"2026-04-01","0492b74e-1563-4c60-a355-6a67ce59ba4f",,"Perpetual Plastic Leaf-Shaped Double Layer Soap Dish Holder, 2 Pcs for Bathroom & Kitchen","1 pack (2 pcs)","Bath & Laundry","Perpetual",,,152.92015866807156,502.84615384615387,,5.26942,68.73521293473264,0.03718436011050457,0.02665,0.0368,0.05244,0,74.92233958168087
"2026-04-01","93dddf50-c36e-4739-b34d-9f65cce3ead6",,"Kuber Industries Plastic Strong Bucket for Bathroom for Bathing|18 L|Pack of 2|Grey","1 pack (2 pcs)","Bath & Laundry","Kuber Industries",,,464.1111111111111,1099,,0.71809,56.62490375866172,0.05454301705686878,0.05323,0.00664,0.00946,0,244.13013811926226
"2026-04-01","d7f73d51-95c5-4103-8158-660ed1528114",,"Lushomes Shower Curtain - Brown | Striped | Polyester | 10 Metal Eyelets | 6 x 6.5 ft","1 pc","Bath & Laundry","Lushomes",,,,,,0,,0,0,0.00069,0.00003,0.00224,
"2026-04-01","a50ecdd5-d319-428e-bb5a-2d0ef9a68e7f",,"Kuber Industries Plastic Anti-Slip Solid Surface Bathroom Stool | Cream","1 pc","Bath & Laundry","Kuber Industries",,,264.2606516290727,599,,16.52308,55.90269496780348,0.15134344976057626,0.1465,0.00116,0.00165,0,263.9647272092836
"2026-04-01","4761b8cc-2c80-4d46-953d-2800ac18e5ef",,"Flair Estella Home Bucket 19 Litre - Beige","1 pc","Bath & Laundry","Flair",,,268.7692444407987,431.7343746153845,,10.29361,37.59219544209486,0.3923171971676363,0.53705,2.64525,1.15668,6.14856,267.81066379467245
"2026-04-01","177432b9-3101-4a97-8156-b204c7c76e35",,"BAY6 Regent Tub 15 L - Blue","1 pc","Bath & Laundry","BAY6",,,194.63662806322162,549,,3.73181,64.62171617802258,0.18371688927485785,0.13996,0.0037,0.00527,0,192.34986859720127
"2026-04-01","10e13395-fac9-49e6-8ef3-9556cba1be2d",,"Kuber Industries Versatile Plastic Bath Tub|Baby Bathing Tub|TUB-25 L|Brown","1 pc","Bath & Laundry","Kuber Industries",,,,,,0,,0,0,,,,
"2026-04-01","88493d79-aaa0-439f-a7ed-9efba0dfe146",,"Flair Estella Home Soap Case - Blue","1 pc","Bath & Laundry","Flair",,,44.962732919254655,60,,3.17464,25.218483722962645,0.011180213108356426,0.01822,0.00568,0.0081,0,44.81187290969899
"2026-04-01","7a27770b-81d0-49d3-b619-ef80ef52489e",,"Ratan Plasticware Premia Pack Of 1 Mug 1.5L -Daiso Pink","1 pc","Bath & Laundry","Ratan Plasticware",,,74.13109161506617,160,,18.62064,53.66884595954869,0.0390829209159914,0.03978,0.00656,0.00935,0,74.12584044609015
"2026-04-01","29f83f23-66c0-4fc1-a235-2ceb08360531",,"Lushomes Curtain - Brown Melody Sheer | White Based Net | White | 54 x 60 inch","1 pc","Bath & Laundry","Lushomes",,,,,,0,,0,0,,,,
"2026-04-01","0bcd87d3-4e6e-4c81-840c-ae08f6df416a",,"Bucket & Mug Bathroom Combo Set | Gray","1 set (2 pcs)","Bath & Laundry","Kuber Industries",,,408.0781676413255,1599,,0.44141,74.51928731234185,0.06492915530361473,0.03445,0.17159,0.01862,0.5316,398.7726544737187
"2026-04-01","8e0d2c51-0519-469f-95d2-b122503fe644",,"Liza Industries Opera Bathroom Jumbo 6 Pcs - 25 L Bkt, Basin 30, 1.5 L Mug,Soap Case (Colour May Vary)","1 set (7 pcs)","Bath & Laundry","Liza",,,,,,0,,0,0,,,,
"2026-04-01","9d89b11c-d43b-45e1-944f-e9580323b554",,"Lushomes Shower Curtain - Gold | Heavy Duty | 72 x 78 inch","1 pc","Bath & Laundry","Lushomes",,,,,,0,,0,0,0.00006,0,0.0002,
"2026-04-01","ddcacf51-7e8e-4a1b-a96a-3111a12f57ce",,"Lushomes Shower Curtain - Cream | Waffle Weave | 12 C-Ring Hooks | Non-PVC | 72 x 78 inch","1 pack","Bath & Laundry","Lushomes",,,609,1499,,0.00071,59.37291527685123,0.013526343381296433,0.01207,,,,609
"2026-04-01","e8ab73e7-29b0-485c-a481-6144d6c9c85f",,"Plantex Aluminium Towel Rack with Hooks for Bathroom Accessories - Black Finish","1 pc","Bath & Laundry","Plantex",,,,,,0,,0,0,,,,
"2026-04-01","1efa550b-0ec3-4d84-affc-143c6ab78df0",,"Kuber Industries Plastic Lightweight | Unbreakable Bathroom Mug 1.5 litre (Grey | Pack of 2)","1 pack (2 pcs)","Bath & Laundry","Kuber Industries",,,84.90705170034,399,,1.60537,78.38996704330776,0.06480733700098132,0.0289,0.03392,0.00443,0.10332,43.86062326031771
"2026-04-01","e6b498c8-043d-4b3c-af19-b6f346414ab9",,"Lushomes Shower Curtain - Jelly Fish Printed | Waterproof | 12 Eyelets | No Hooks | 6 x 6.5 ft","1 pc","Bath & Laundry","Lushomes",,,814,1989,,2.14085,59.07491201608849,0.008973948293995533,0.00807,,,,814
"2026-04-01","a09c5fa4-22ee-473d-930f-17257193b9bb",,"Ratan Plasticware Frosty Bubble Print Pack Of 1 Mug 1L -Blue","1 pc","Bath & Laundry","Ratan Plasticware",,,,,,0,,0,0,,,,
"2026-04-01","c93285ab-be20-46eb-98f4-389614ca97d2",,"Lushomes Shower Curtain - Tripy Printed | Waterproof | 12 Eyelets | No Hooks | 6 x 6.5 ft","1 pc","Bath & Laundry","Lushomes",,,814,1999,,2.98242,59.27963981990995,0.027057198551579294,0.0242,0.0002,0,0.00068,814
"2026-04-01","53389963-ebf5-43e6-83d3-a9bda8406362",,"Jalore Plastic Tub | Blue |28.50 L","1 pc","Bath & Laundry","jalore",,,340,679,,0.36106,49.92636229749632,0.0030635047217812805,0.00337,,,,340
"2026-04-01","9b9b9888-0b2f-4b7e-b40d-9582d1e7e72c",,"Plantex 4-Arm Swing Towel Rack for Bathroom Accessories","1 pc","Bath & Laundry","Plantex",,,696,2380,,25.375,70.75630252100841,0.11768911335304912,0.0756,0.00324,0.00461,0,695.9999999999998
"2026-04-01","e3d98cbd-7d10-478a-9890-256ba4468b1d",,"Lushomes Shower Curtain - Blue | Printed Dessert | Non-PVC | Water-Repellent | 72 x 80 inch","1 pc","Bath & Laundry","Lushomes",,,478.8578288008769,1499,,23.16051,68.08703096938345,0.13012360379963114,0.09057,0,0,0,475.405896084995
"2026-04-01","2657d7a7-d695-4f47-8a66-5299106f0f62",,"Lushomes Shower Curtain - Kids Printed Pink Travel | 12 Eyelets | 12 Hooks | 6 x 6.5 ft","1 pc","Bath & Laundry","Lushomes",,,814,1999,,2.22169,59.27963981990995,0.027057198551579294,0.0242,,,,814
"2026-04-01","20556728-e954-48ae-917f-2be86e249d0c",,"Lushomes Curtain - Purple | Satin | 8 Metal Eyelets | 54 x 60 inch","1 pc","Bath & Laundry","Lushomes",,,,,,0,,0,0,,,,
"2026-04-01","cf487bbc-15ce-45cd-be03-2bac804ab6eb",,"Lushomes Shower Curtain - Striped Sky Blue | Polyester | 10 Metal Eyelets | 6 x 6.5 ft","1 pc","Bath & Laundry","Lushomes",,,489,999,,2.00492,51.051051051051054,0.03605821757949337,0.03877,0,0,0,488.99999999999994
"2026-04-01","df4d7a96-6686-4162-bf9f-ad42eb83ff79",,"Jalore Square Shaped Plastic Stool | White |28 cm","1 pc","Bath & Laundry","jalore",,,,,,0,,0,0,,,,
"2026-04-01","49e16377-6825-4949-9e89-bb5b7dd2351d",,"Kuber Industries Plastic Bucket for Cleaning & Storage|Plain Bucket|5 L|Pack of 2|Blue","1 pack (2 pcs)","Bath & Laundry","Kuber Industries",,,,,,0,,0,0,,,,
"2026-04-01","5648cac9-24cc-4f10-a3bc-efbfc2ec5bcd",,"Flair Estella Home Bucket | 19 L | Grey","1 pc","Bath & Laundry","Flair",,,315.0892857142857,423.74043375,,2.14262,25.348958441224976,0.109139724402676,0.17911,0.04969,0.05693,0.03266,315.94598813225474
"2026-04-01","23195c88-7560-4704-b032-8accf92cfbf9",,"Lushomes Shower Curtain - Heavy Duty Light Green | 72 x 78 inch","1 pc","Bath & Laundry","Lushomes",,,479,999,,0.49843,52.052052052052055,0.004507277197436671,0.00475,0.00041,0.00039,0.00048,479
"2026-04-01","bcd0ef81-2139-4259-a3d9-2ed65b5b3f9c",,"Flair Estella Home Bucket 24 Litre - Gray","1 pc","Bath & Laundry","Flair",,,347.78754002438035,651.2,,46.80616,46.52749087813009,0.12584191605151562,0.14801,0.24025,0.34233,0,347.79951853310723
"2026-04-01","8a22f351-6ca5-4b1f-87f6-46c763312ab6",,"Joyo Plastics Dolphin Bathroom Mug - 1100 ml (Colour May Vary)","1 pc","Bath & Laundry","Joyo",,,30.254475278942355,65.07476320833334,,87.62389,53.90351643787134,4.804118171968115,4.8064,10.04934,12.21329,4.95649,30.004876827187793
"2026-04-01","ccb7876e-f7c4-4161-b1b2-117dd5af1105",,"Lushomes Shower Curtain - Olive Green | Heavy Duty | Water-Resistant | 8 Eyelets | 48 x 78 inch","1 pc","Bath & Laundry","Lushomes",,,,,,0,,0,0,,,,
"2026-04-01","cf9926e5-db54-4607-af56-190eca59e10e",,"Lushomes Shower Curtain - Coral | Printed | 12 Eyelets | No Hooks | 6 x 6.5 ft","1 pc","Bath & Laundry","Lushomes",,,,,,0,,0,0,0.0017,0,0.0057,
"2026-04-01","a89a6b49-008e-4442-97d5-b29f3128fa5c",,"BAY6 Royce Bath Mug 1.5 L - Blue","1 pc","Bath & Laundry","BAY6",,,37.60317460317461,79,,0.55584,52.687580260502656,0.0014257253197096976,0.00139,,,,35.163184079602
"2026-04-01","8b7c65a5-7566-4988-a323-7345caad1ade",,"Kuber Industries Bucket-Stool-Mug Plastic Bathroom Combo Set|Set of 3|Transparent","1 set  (3 pcs)","Bath & Laundry","Kuber Industries",,,489.9811320754717,1099,,3.39324,55.36109179293471,0.09069011687939468,0.09027,0.01506,0.00921,0.02884,497.97889740164953
"2026-04-01","a3ec59f7-4cad-4e1d-80e2-a7e6f25170f3",,"Lushomes Shower Curtain - Dark Brown | Heavy Duty | 72 x 80 inch","1 pc","Bath & Laundry","Lushomes",,,,,,0,,0,0,0.00001,0,0.00005,
"2026-04-01","8385010c-76c1-4fb1-bd8e-fcaadf719289",,"Liza Industries Falcon Bathrrom Set 11 Pcs - 20L, 5 L Basin, Dustbin, Dustpan, Mug (Colour May Vary)","1 set (12 pcs)","Bath & Laundry","Liza",,,,,,0,,0,0,,,,
"2026-04-01","c6adeba3-4fae-4b40-9517-b361b5e9dc83",,"Flair Estella Home Bucket 24 Litre - Beige","1 pc","Bath & Laundry","Flair",,,350.8529411764706,587.5840376470588,,1.63523,40.10367764245234,0.12885669345224354,0.17068,0.0644,0.09045,0.00309,351.44657610978857
"2026-04-01","fb6d25bd-ed03-437d-975d-1f32c9f74ed8",,"HD Creations Mayura Bath Towel (150cm x 71cm) (Colour May Vary) Combo","1 pc X 3","Bath & Laundry","HD Creations",,,272.67221362273455,387,,17.07924,29.542063663376087,0,0,,,,272.67221362273455
"2026-04-01","44edf658-d2b4-4d08-ac0d-a0b2df96c41f",,"BAY6 Royce Bath Mug 1 L - Grey","1 pc","Bath & Laundry","BAY6",,,25,59,,0.21106,57.6271186440678,0.0015971733011937751,0.00149,,,,25
"2026-04-01","e7cf7976-e619-4af1-bcd7-06bc6dce822c",,"Perpetual Toothbrush Cover Case, Holder for Bathroom, Trip, Travel Multicolor (Pack of 1)","1 pc","Bath & Laundry","Perpetual",,,,,,0,,0,0,,,,
"2026-04-01","5eaa17b5-5fb1-43b7-9e92-1fd2d06699e7",,"Lushomes Shower Curtain - Striped Maroon Satin Stripe | Waterproof | 12 Eyelets | 6 x 6.5 ft","1 pc","Bath & Laundry","Lushomes",,,500.9284150377356,999,,5.41659,49.85701551173818,0.005498968416652466,0.00579,0.00001,0,0.00003,528.5448250185473
"2026-04-01","b0bc6325-ac6b-4bfe-bc6f-9b0a1a1f7a26",,"Nayasa Mug Frosty / Dlx 1.5L - Orange","1 pc","Bath & Laundry","Nayasa",,,56,69,,0.90408,18.840579710144926,0.0009339403201895804,0.00166,0.00145,0.00206,0,56.00000000000001
"2026-04-01","12086b3d-5c52-4cf6-8510-b993302c8963",,"Lushomes Shower Curtain - Black/White | Printed Swirly Triangles | Water-Repellent | 72 x 80 inch","1 pc","Bath & Laundry","Lushomes",,,409,1499,,12.18461,72.71514342895263,0.10821074705037147,0.06485,0.00006,0.00004,0.0001,409
"2026-04-01","c91115cb-8039-4393-a272-fa39b8102a20",,"Perpetual Bathroom 1Shelf + 1Soap Dish Holder | Self-Adhesive Rack for Wall | Pack of 2","2 pcs","Bath & Laundry","Perpetual",,,233.85352266926282,681.7097861052632,,45.97097,64.30156123180664,1.95926376804687,1.53918,0.4599,0.38726,0.63085,232.60215774448017
"2026-04-01","efa1f9a6-b081-447a-becb-dae2a6bf8403",,"Kuber Industries ULa 10 Anti-Slip Stool for Bathroom | Kitchen | Bedroom | Toy Room (Brown)","1 pack","Bath & Laundry","Kuber Industries",,,420,899,,0.04523,53.28142380422692,0.004056098298794361,0.00416,,,,420
"2026-04-01","d90f4081-304b-40c8-8566-12e47e720f6a",,"Jatin Verna Plastic Cloth Hanging Clips Set of 12 pcs Combo","12 pc X 6","Bath & Laundry","Jatin",,,125.25,252,,15.86821,50.52910052910053,0.13188861565111987,0.14224,,,,123.72791023842917
"2026-04-01","c35c87c7-fd3a-4305-b5e5-989355f5d2d6",,"Ratan Plasticware Premia Pack Of 1 Mug 1.5L -Desert Rose","1 pc","Bath & Laundry","Ratan Plasticware",,,69.69202770302799,160,,11.98704,56.4114098893568,0.03392865317790166,0.03256,0.014,0.01995,0,69.7388625878854
"2026-04-01","324914b6-5308-4b43-8a93-67985b116e53",,"Nayasa Crest Bucket | 13L | Blue","1 pc","Bath & Laundry","Nayasa",,,359.9156411628322,649,,17.62056,44.53992451688659,0.36701508453177567,0.4471,1.65464,2.3577,0,359.92845845330015
"2026-04-01","278e76b8-18df-40d7-860b-ff0773071c9c",,"BAY6 Royce Bath Stool - Blue","1 pc","Bath & Laundry","BAY6",,,279.0833333333333,699,,0.18799,60.404974138879716,0.028383664513587682,0.02372,,,,261.7289156626506
"2026-04-01","2859d89c-658f-4c63-b787-781b7be5e4bc",,"Lushomes Shower Curtain - Heavy Duty Gold Beige | Water-Resistant | 8 Eyelets | 48 x 78 inch","1 pc","Bath & Laundry","Lushomes",,,382,775,,0.8971,50.70967741935484,0.006993272928955795,0.00757,,,,382
"2026-04-01","47d15e3d-0eee-4206-88db-d73fb85a8e9c",,"Lushomes Curtain - Lined Metal | 54 x 60 inch","1 pc","Bath & Laundry","Lushomes",,,,,,0,,0,0,,,,
"2026-04-01","f08daf6c-bbbb-4c14-9066-6c2e2d54384c",,"Kuber Industries (Pack of 2) 16 L Floral Print Unbreakable Plastic Bathroom Bucket | Blue & Pink","1 pack (2 pcs)","Bath & Laundry","Kuber Industries",,,,,,0,,0,0,,,,
"2026-04-01","f142bbcc-cde8-4f5f-b660-428512c97d37",,"Perpetual Bathroom Organizer | Self Adhesive Shelf for Wall | Rack Without Drilling | 2 Pcs","2 pcs","Bath & Laundry","Perpetual",,,247.72347125387827,597.958298117647,,43.11821,58.62601785471053,1.3295312714457654,1.23795,0.26072,0.06711,0.71638,246.4982386629091
"2026-04-01","eeb93023-8fe9-4b04-9804-2c1bbb28948f",,"Flair Estella Home Mug 1.5 L - Blue","1 pc","Bath & Laundry","Flair",,,,,,0,,0,0,,,,
"2026-04-01","86768197-714f-4421-8647-3cd6eb35312c",,"BAY6 Royce Bucket 20 L - Blue","1 pc","Bath & Laundry","BAY6",,,303.3243243243243,749,,0.50734,59.67289719626168,0.027034639606647176,0.0246,0.087,0.12397,0,301.71060203629924
"2026-04-01","2bbc4dc2-eb97-4dd6-b0a9-2d107af6ddf5",,"Heart Home Transparent Small Plastic Bucket - 5 L | For Mopping, Cleaning, Storage","1 pc","Bath & Laundry","Kuber Industries",,,,,,0,,0,0,0.00029,0.00041,0,
"2026-04-01","3356daf5-198e-435e-ba63-036ed1a01e12",,"Kuber Industries Leaf Design PVC Shower Curtain with 8 Hook|Size 7 Feet (Cream | Washable)","1 pc","Bath & Laundry","Kuber Industries",,,215,598,,3.356,64.04682274247492,0.00539609962776202,0.00426,,,,215
"2026-04-01","ae98cde3-cef3-4f59-840c-fce224671b98",,"BAY6 Regent Tub 15 L - Grey","1 pc","Bath & Laundry","BAY6",,,179,549,,0.37369,67.39526411657559,0.08268124024959503,0.05922,0.00007,0.00003,0.00016,179.00000000000003
"2026-04-01","4915825b-385a-4510-817f-0cbd6473f5f6",,"Kuber Industries 5L Plastic Bucket for Cleaning & Storage | Grey","1 pc","Bath & Laundry","Kuber Industries",,,86,499,,0.26901,82.76553106212425,0.009906083898590544,0.00375,0.18994,0.00175,0.63283,86
"2026-04-01","2f260589-a049-47ca-9da2-fbcc8b837335",,"Kuber Industries Small 5 L Plastic Bucket for Cleaning & Storage | Plain | Beige","1 pc","Bath & Laundry","Kuber Industries",,,89,499,,0.27208,82.16432865731463,0.025890901098588923,0.01014,0.00862,0.00028,0.02823,89
"2026-04-01","63363fc5-b114-4992-80e7-03f59c9727b2",,"Perpetual Bathroom 3Shelf + 3Soap Dish Holder | Self-Adhesive Rack for Wall | Pack of 6","3 pcs","Bath & Laundry","Perpetual",,,512.19047708556,1379.979984882353,,51.52075,63.022627083716884,0.2790067750259108,0.22362,0.59765,0.60113,0.58947,506.56068918518383
"2026-04-01","7655c98d-b105-44cd-a99c-e8afdcb8f85d",,"Kuber Industries Tub-Bucket with Mug & Stool Bathroom Combo Set|Set of 4|Beige","1 set  (4 pcs)","Bath & Laundry","Kuber Industries",,,,,,0,,0,0,,,,
"2026-04-01","586d1046-6c19-459c-be60-66a26b0d9000",,"Plantex Galaxy 304 Grade Soap Holder for Bathroom - Chrome","1 pc","Bath & Laundry","Plantex",,,818.2364119391676,2380,,26.64212,65.46575405215077,0.11006509232379137,0.09781,0.0423,0.06027,0,999.4858122547455
"2026-04-01","af93c7e7-2fc2-4be7-9cb1-aa7617e908ee",,"Lushomes Shower Curtain - Striped Green Thin Stripe | 12 Eyelets | Hooks | 6 x 6.5 ft","1 pc","Bath & Laundry","Lushomes",,,489,895,,15.37243,45.36312849162011,0.09978001815034128,0.11975,0.0011,0.00154,0.00006,488.9999999999999
"2026-04-01","e44ccca5-fbf0-4e48-b584-e18e57835c71",,"BAY6 Royce Bucket 18 L - Blue","1 pc","Bath & Laundry","BAY6",,,275.68383305261943,649,,8.02744,57.21985217560111,0.2288347791390888,0.21543,0.41048,0.58489,0,283.496170791472
"2026-04-01","84ae42c1-5660-4855-9144-42dca3da185f",,"BAY6 Royce Bucket 5 L - Grey","1 pc","Bath & Laundry","BAY6",,,109.125,249,,0.06773,56.174698795180724,0.0022468709152387006,0.00199,,,,106.29563492063492
"2026-04-01","6d84558d-bc66-4ce8-889e-fe181b317995",,"Robustt Zyh7 Soap Dispenser - Grey","1 pc","Bath & Laundry","Robustt",,,390.3537414965986,999,,2.97671,61.328388959398055,0.05859505474557536,0.04942,0.62112,0.40816,1.1223,385.03414994164984
"2026-04-01","bfa1372a-04c0-4b91-8d81-7a44a55b3be9",,"Kuber Industries Tub-Bucket with Mug & Stool Bathroom Combo Set|Set of 4|Gray","1 set  (4 pcs)","Bath & Laundry","Kuber Industries",,,705.5263157894736,3399,,6.10003,79.24312104179248,0.19936241994307724,0.09053,0.06143,0.00985,0.18285,702.6970779000656
"2026-04-01","16112830-58f0-469c-9134-f60e68f3e88e",,"Joyo Plastics Fantacy Hand Soap Dispenser (Colour May Vary)","1 pc","Bath & Laundry","Joyo",,,71.98551231185125,124.94590800847458,,66.36672,42.58786738655684,1.2844521829668176,1.61113,0.58356,0.70789,0.29096,71.961658365565
"2026-04-01","ebea295a-873c-40dd-860e-601e3d149a8b",,"Perpetual Bathroom Organizer | Aluminium Corner Shelf | Rack Without Drilling | 2 Pcs","2 pcs","Bath & Laundry","Perpetual",,,722.7192330080236,1873.3890662,,11.8988,61.53983593617477,0.39188045599375065,0.30901,0.01686,0.0153,0.02054,736.8732134658425
"2026-04-01","c2d35438-71f6-435e-b10a-b7d1b35140b9",,"Liza Industries Newton Bathrrom Set Jumbo 7 Pcs - 25 Bkt, Tub 30, Soap Dish, Cloth Brush (Colour May Vary)","1 set (6 pcs)","Bath & Laundry","Liza",,,1593,2800,,0.27528,43.107142857142854,0.012633009161984662,0.01579,,,,1593
"2026-04-01","40e6eafa-8551-41dc-a7b0-be23dc0f4136",,"Ratan Plasticware Gloria Mug 1.5 L | Brown","1 pc","Bath & Laundry","Ratan Plasticware",,,,,,0,,0,0,0.00319,0.00454,0,
"2026-04-01","2227f46a-e6cf-4e96-b434-5ccf964b14b2",,"Lushomes Shower Curtain - Light Green | Water-Resistant | 8 Eyelets | C-Ring | 48 x 78 inch","1 pc","Bath & Laundry","Lushomes",,,,,,0,,0,0,,,,
"2026-04-01","c4cbbbb5-c6ec-45b2-b931-e5d66a7be1df",,"Perpetual Adhesive Aluminium Bathroom Shelf | Wall Rack for Kitchen/Bath | 2 Pcs | Black","2 pcs","Bath & Laundry","Perpetual",,,734.5393255595599,1696.7781426666666,,34.8506,57.36041601174923,1.1388973584758222,1.05971,0.18149,0.16086,0.23004,730.5525286607691
"2026-04-01","eb7ddc8f-f39a-4f85-bdda-bfa4b99588de",,"Perpetual Bathroom Organizer Shelf | Self-Adhesive Rack for Wall | Pack of 4","4 pcs","Bath & Laundry","Perpetual",,,496.3471915359012,1376.4385903614457,,46.56881,64.12531604281811,0.6377576156712553,0.48853,0.04749,0.0207,0.11053,493.77484908104265
"2026-04-01","e97eb14c-1d3a-405d-a4ef-206831e53c33",,"Kuber Industries Tinted Print Plastic Bathroom Mug 1.5 Litre Pack of 2 (Black)-46KM0235 |Standard","1 pack (2 pcs)","Bath & Laundry","Kuber Industries",,,205.43970744161797,399,,16.78868,48.36876211459734,0.11724786039017693,0.13091,0.15498,0.01178,0.49199,101.86806509295984
"2026-04-01","a86ec3d6-e748-4d9f-b565-90bf8d62ba79",,"Lushomes Curtain - Gold | Satin | 8 Metal Eyelets | 54 x 60 inch","1 pack","Bath & Laundry","Lushomes",,,,,,0,,0,0,,,,
"2026-04-01","b80322d5-82eb-4017-a126-db8335bc8358",,"Kuber Industries 5x18 Inch Stainless Steel Wall Shelf | Kitchen Shelf for Toiletries | Silver","1 pc","Bath & Laundry","Kuber Industries",,,734,2899,,3.33795,74.6809244567092,0.013079676271640547,0.00727,0.00002,0,0.00008,734
"2026-04-01","1bf4d3d2-d698-4d1d-8827-050581897100",,"Flair Estella Home Bucket | 14 L | Grey","1 pc","Bath & Laundry","Flair",,,204.82259594638526,334.6731512195122,,21.56242,39.403212953832416,0.32554136663187866,0.43356,0.59552,0.84856,0,205.04113747554533
"2026-04-01","ead005f5-8bab-40ff-a082-d9fdfbb6d521",,"Kuber Industries Plastic Strong Bucket for Bathroom for Bathing|18 L|Pack of 2|Beige","1 pack (2 pcs)","Bath & Laundry","Kuber Industries",,,349,1099,,1.60717,68.24385805277525,0.0698650524547616,0.04874,0.12319,0.04956,0.29647,174.5
"2026-04-01","fab8d62a-49bc-4115-8902-77e430684ad0",,"Jalore Square Plastic Bucket Combo | 25 L Bucket + 1.5 L Mug + 37 Cm Stool | Grey","1 set (3 pcs)","Bath & Laundry","jalore",,,,,,0,,0,0,,,,
"2026-04-01","4ea3b01f-2a1d-4ba0-8a78-54eede60251f",,"Kuber Industries Bucket & Mug Bathroom Combo Set|Set of 2|Beige","1 set  (2 pcs)","Bath & Laundry","Kuber Industries",,,324.36842105263156,1599,,0.61542,79.75297060662915,0.050500454125033685,0.02164,0.24789,0.0603,0.6894,312.0209709084419
"2026-04-01","974ba341-e646-43fb-8968-748b5565be2a",,"Lushomes Shower Curtain - Kids Printed Blue Teddy | 12 Eyelets | 12 Hooks | 6 x 6.5 ft","1 pc","Bath & Laundry","Lushomes",,,,,,0,,0,0,0.0018,0.00256,0.00001,
"2026-04-01","6d0d09d2-eaf9-429a-800c-60371c2b2634",,"Kuber Industries Unbreakable Virgin Plastic Bathroom Bucket with Mug Set | 30 x 30 x 29 CM | White","1 set  (2 pcs)","Bath & Laundry","Kuber Industries",,,,,,0,,0,0,,,,
"2026-04-01","616ed833-03a5-4329-b5a9-88311f4e17f6",,"Lushomes Shower Curtain - Olive Green | Heavy Duty | 72 x 80 inch","1 pc","Bath & Laundry","Lushomes",,,479,999,,5.12508,52.052052052052055,0.004507277197436671,0.00475,,,,479
"2026-04-01","a7cbaa74-184d-412c-b1b0-39315cc7ef26",,"GLOXY Soap Dish for Bathroom Kitchen Rust Proof Soap Holder for Bathroom Accessories SS304","1 pc","Bath & Laundry","GLOXY",,,369,1349,,2.75632,72.64640474425501,0.012172806685369505,0.00731,0.00491,0.007,0,369
"2026-04-01","f1149ffd-d642-4a05-8495-d6334afb9727",,"Jatin Civic Plastic Cloth Hanging Clips Set of 12 pcs | Assorted Combo","12 pc X 6","Bath & Laundry","Jatin",,,299.7692307692308,474,,11.74497,36.844484629294755,0.014970115856951825,0.02051,,,,296.5947888589398
"2026-04-01","ccf7148e-8ae3-426f-abc3-60e047608b85",,"Ratan Plasticware Premia Bucket (5L X 1) - Diaso Grey|Light Weight And Easy To Carry","1 pack","Bath & Laundry","Ratan Plasticware",,,,,,0,,0,0,,,,
"2026-04-01","368fda24-7c2d-44fb-b40d-3fae41455b6d",,"Kuber Industries Unbreakable Strong Plastic Bathroom Bucket 13 L (Green)","1 pc","Bath & Laundry","Kuber Industries",,,,,,0,,0,0,0.09499,0.01883,0.27423,
"2026-04-01","1f62d5ae-866b-46c2-9a15-f5b7b7c6f6a6",,"Perpetual Handwash Soap Dispenser for Wash Basin, 2 Pcs Refillable (White)","2 pcs","Bath & Laundry","Perpetual",,,238.15854572840288,799,,7.40243,71.24200703354614,0.10454266260440949,0.06266,0.02854,0.01092,0.07002,226.4062809155611
"2026-04-01","2e60ba97-794c-4aa4-82b0-eb62bdefdf80",,"Kuber Industries Plastic Bucket for Cleaning & Storage|Plain Bucket|7 L|Transparent","1 pc","Bath & Laundry","Kuber Industries",,,100.81549162918542,499,,0.00423,79.70705674605226,0.0966971127359184,0.04408,0.47075,0.13441,1.26232,101.26178683719924
"2026-04-01","7e169105-3a71-4709-b40b-7a9f24d1bc36",,"GLOXY Wall Mounted Toothbrush Holder Tumbler Stand Brush Holder for Bathroom Accessories SS304","1 pc","Bath & Laundry","GLOXY",,,,,,0,,0,0,0.00091,0.0013,0,
"2026-04-01","04b84574-41c2-4539-9f24-7e176f08d0bf",,"Kuber Industries Floral Print Plastic Bathroom Mug - Blue, White, Pink | 1.5 L | 46KM0199","1 pack (2 pcs)","Bath & Laundry","Kuber Industries",,,155.46666666666667,499,,1.36198,68.82996762756282,0.0409074883821009,0.02801,0.00301,0.00062,0.00863,77.77977537967868
"2026-04-01","8d3dff7f-2c17-4026-bbfc-6fb0a189ee04",,"Lushomes Shower Curtain - Blue | Printed Bird | Non-PVC | Water-Repellent | 72 x 72 inch","1 pc","Bath & Laundry","Lushomes",,,279,1499,,12.63425,81.38759172781855,0.05410537352518573,0.02212,,,,279
"2026-04-01","6d638537-417e-4c7b-aced-c6f072b5ee0b",,"Lushomes Shower Curtain - Gold | Fish Printed | 12 Eyelets | No Hooks | 6 x 6.5 ft","1 pc","Bath & Laundry","Lushomes",,,,,,0,,0,0,0.00065,0,0.00218,
"2026-04-01","e39cdb60-a3f4-467b-b728-f9592b2cd9fc",,"GLOXY Stainless Steel Double Soap Holder Rust Proof Soap Stand Bathroom Accessories","1 pc","Bath & Laundry","GLOXY",,,449,1198,,0.91847,62.52086811352254,0.005405123205734866,0.00445,,,,449
"2026-04-01","1ed1f9d3-0a4e-4a01-891d-83bc6544f5c5",,"Plantex Stainless Steel Towel Rod with Hooks for Bathroom and Kitchen - Chrome Finish","1 pc","Bath & Laundry","Plantex",,,457,1850,,0.91506,75.29729729729729,0.008346809624882724,0.00453,,,,457
"2026-04-01","09e756f6-83a8-4113-bafb-e57c345165e4",,"Kolorr Lux Pack Of 1 Mug 1.5L -Sand Stone","1 pc","Bath & Laundry","Kolorr",,,,,,0,,0,0,0.01154,0.01645,0,
"2026-04-01","0364b50f-72da-4428-a906-054f729b8a66",,"Kuber Industries Lightweight Plastic Bathroom Mug 1 Litre | Pack of 2 (Black & Sky Blue)","1 pack (2 pcs)","Bath & Laundry","Kuber Industries",,,96.33333333333333,199,,1.28895,51.65482585340496,0.00628492205808737,0.00651,,,,46.952650176678446
"2026-04-01","83944256-5988-4a02-8bc8-31be803e47d7",,"Kuber Industries Unbreakable Strong Plastic Bathroom Bucket 13 L (Green) -CTKTC42951","1 pc","Bath & Laundry","Kuber Industries",,,215.823379348163,399,,0.66023,46.69822435928272,0.0475253804673863,0.05495,0.49248,0.2224,1.1281,209.0653380185998
"2026-04-01","8f578bc9-5a7a-4899-aceb-b7b66dfe7767",,"Kuber Industries Tub-Bucket with Mug Bathroom Combo Set|Set of 3|Brown","1 set (3 pcs)","Bath & Laundry","Kuber Industries",,,567,2599,,0.17962,78.18391689111196,0.023452730330325883,0.01124,0.01542,0,0.05171,567
"2026-04-01","8ffcdde7-d10f-45bc-baab-e826bfb8aa2c",,"Kuber Industries Bucket for Bathroom | 16L | White","1 pack (2 pcs)","Bath & Laundry","Kuber Industries",,,,,,0,,0,0,,,,
"2026-04-01","b2509d7c-12eb-418a-abd4-d53940648e7c",,"Plantex Masterpiece Soap Holder for Bathroom - Chrome","1 pc","Bath & Laundry","Plantex",,,475.84820493632196,1900,,15.7546,75.02702115236256,0.13913003697432894,0.07258,0.02978,0.04243,0,453.76178473791043
"2026-04-01","31cc49b7-1144-4e0e-978c-b9d3ae766f6d",,"YouBee 2 in 1 Soap Dispenser for Bathroom | Liquid Dispenser Pump with Sponge Holder | Multi-Colour","1 pc","Bath & Laundry","Youbee",,,146,349,,15.68722,58.166189111747855,0.2941708978092789,0.27032,0.08056,0.11114,0.0086,146
"2026-04-01","49b16444-2bee-4b08-82be-b745bd591849",,"Ratan Plasticware Premia Bucket (18L X 1) - Mint|Light Weight And Easy To Carry","1 pc","Bath & Laundry","Ratan Plasticware",,,311,750,,1.41992,58.53333333333333,0.045851055574524686,0.04176,,,,311
"2026-04-01","1dc327be-6bb2-4cd7-8c24-b6dd3822af93",,"Lushomes Shower Curtain - Beige | Heavy Duty | 72 x 80 inch","1 pc","Bath & Laundry","Lushomes",,,479,999,,18.21678,52.052052052052055,0.06310188076411338,0.06646,0.00001,0,0.00002,479
"2026-04-01","a4134464-4b31-4cfc-ae34-46d241d42177",,"BAY6 Royce Bucket 25 L","1 pc","Bath & Laundry","BAY6",,,380.10295751633987,999,,10.71082,61.97681019869865,0.22608484375186397,0.18931,0.15007,0.21383,0,380.34640379080224
"2026-04-01","87574a94-8370-4f24-9017-2f8ad4ae271c",,"Perpetual Bathroom Shelf & Soap Dish Holder | Adhesive Rack | 2 Shelves + 2 Holders","1 pc","Bath & Laundry","Perpetual",,,326.8589775144217,698.2243045930231,,37.96116,53.42428931149394,0.4363703048310714,0.44134,0.58994,0.61761,0.52483,326.2660437701158
"2026-04-01","b19f7014-504d-4a81-82b6-43955ce6420e",,"Square Large Plastic Bathroom Mug | 2 L | Pink | 50KM0831","1 pack (2 pcs)","Bath & Laundry","Kuber Industries",,,125.58859317847391,399,,3.05613,68.48392395465814,0.03186360735881581,0.02152,0.1135,0.00794,0.36196,64.10069199544438
"2026-04-01","6aa7d988-d60c-4626-90cf-4a9577f226ba",,"Kuber Industries Printed Plastic Bathroom Combo Set | Set of 5 | Grey","1 set  (5 pcs)","Bath & Laundry","Kuber Industries",,,1498.5,3199,,0.00597,53.15723663644889,0.028866425935134953,0.02739,,,,1498.5
"2026-04-01","caf392b8-0741-4d1d-94e4-ddaeaaf4ea8a",,"Flair Estella Home Bucket | 8 L | Beige","1 pc","Bath & Laundry","Flair",,,157.00419287211741,220.55555555555554,,2.08315,29.87622531423697,0.07673334882879347,0.11803,0.02073,0.02953,0,157.01845250251
"2026-04-01","c8ecbc97-29e7-4e7c-9b71-945c84b84cc9",,"Kuber Industries 13 L Unbreakable Plastic Bathroom Bucket with Lid & Handle | Mint Green","1 pc","Bath & Laundry","Kuber Industries",,,255,599,,0.34356,57.42904841402337,0.0081076848086023,0.00758,,,,254.99999999999994
"2026-04-01","2c607ffd-ebb8-43df-b85d-b5a12dfad0ae",,"Plastic Bathroom Mug | Black & Sky Blue","1 pack (2 pcs)","Bath & Laundry","Kuber Industries",,,95.3484520123839,199,,3.07068,51.45433047590896,0.03591384033192783,0.03883,0.00068,0.0005,0.0011,48.87009785472337
"2026-04-01","e0f8caf9-1e8a-43cb-876d-8f889a5e9785",,"Lushomes Curtain - Brown | Satin | 8 Metal Eyelets | 54 x 60 inch","1 pc","Bath & Laundry","Lushomes",,,,,,0,,0,0,,,,
"2026-04-01","15ee67bf-4655-407c-9de4-cefae9a08b5c",,"Nayasa Sq Ring Bath Bucket Funk-Brown","1 pc","Bath & Laundry","Nayasa",,,470.1463768115942,569,,1.10771,17.389338019917982,0.033373703132571625,0.06048,0.00786,0.0112,0,469.4635398389347
"2026-04-01","741b12c6-ba61-4eec-ae95-af7a4bdf4873",,"Jalore Frosty Bathroom Set | 25 L Bucket | 1.5 L Mug | Stool | Grey","1 set","Bath & Laundry","jalore",,,539,899,,0.25622,40.04449388209121,0.008112196597588722,0.01068,,,,539
"2026-04-01","6216132c-4e51-4cd1-9c7a-b528e6ae0f74",,"Soham Housewares Double Layer Liquied Soap Dispenser","1 pc","Bath & Laundry","Soham Housewares",,,135.03969970940008,199.02631582978722,,76.13945,33.10089387844105,1.954623393074334,2.88112,2.31211,1.53696,4.1364,133.12348322363897
"2026-04-01","ef058816-4dbb-4033-9e7d-d66549786183",,"Ratan Plasticware Premia Bucket (18L X 1) - Desert Rose|Light Weight And Easy To Carry","1 pc","Bath & Laundry","Ratan Plasticware",,,,,,0,,0,0,0.0303,0.04318,0,
"2026-04-01","114bbac5-4b8d-4b58-bb31-fb4b4d5d0575",,"Perpetual Leakproof Travel Soap Case, Waterproof Container with Draining Layer, Pack of 2","1 pack (2 pcs)","Bath & Laundry","Perpetual",,,220.26487808814966,821.9462174774775,,10.09687,73.26316017084545,0.2045455631306801,0.12173,0.1603,0.22841,0,107.42877243181553
"2026-04-01","5626e198-fa74-4857-bfb9-37b0cdc233d8",,"Lushomes Shower Curtain - Green | Striped Satin Stripe | Hooks | 12 Eyelets | 6 x 6.5 ft","1 pc","Bath & Laundry","Lushomes",,,479,999,,17.34182,52.052052052052055,0.03335385126103136,0.03513,0.00038,0,0.00129,478.99999999999994
"2026-04-01","3070c911-d026-447e-bef7-7d14d85867ee",,"Jalore Opaque Plastic Bucket With Plastic Handle | Grey |11 L","1 pc","Bath & Laundry","jalore",,,,,,0,,0,0,,,,
"2026-04-01","dfc5e00d-dd80-4102-8a85-43280f479c60",,"Kuber Industries Printed 2 Pieces Plastic Multipurpose Bathroom Bucket & Mug Set (White)","1 set (2 pcs)","Bath & Laundry","Kuber Industries",,,,,,0,,0,0,,,,
"2026-04-01","e531dc7e-3d89-443e-a7c2-681bf1e6aa4b",,"Joyo Better Home Bucket 25 L | Assorted Colours Combo","807 g X 2","Bath & Laundry","Joyo",,,762.3536995691087,1448.5923963135594,,44.22855,47.37279434096303,0,0,0.84151,1.19907,0,47.23381038222479
"2026-04-01","825e9cae-cef3-4ac4-a8f5-dbb909cd8cfb",,"Multiuses Lightweight | Unbreakable Plastic Bathroom Mug (Sky Blue)","1 pack (2 pcs)","Bath & Laundry","Kuber Industries",,,98.79775877235807,199,,8.93234,50.44346408048527,0.05387076049789174,0.05822,0.0344,0.00789,0.09679,49.34259444863171
"2026-04-01","d72c1e67-2e99-44df-bbde-22d61b94d422",,"Ratan Plasticware Frosty Checks Print Pack Of 1 Mug 1L -Grey","1 pc","Bath & Laundry","Ratan Plasticware",,,38.13809523809524,99,,0.52346,61.81176847843514,0.0008933342193117725,0.00076,0.01076,0.01534,0,37.15285953577411
"2026-04-01","73288e11-465d-429d-95e7-f5a8bd1cc596",,"Ratan Plasticware Frosty Bubble Print Pack Of 1 Mug 1.5L -Smokey","1 pc","Bath & Laundry","Ratan Plasticware",,,,,,0,,0,0,0.00626,0.00892,0,
"2026-04-01","d6ff270b-5890-44de-b299-486a8f4a1d2c",,"Kuber Industries ( Set of 3 ) Capsule Shape Toothbrush Holder for Bathroom | Multicolor","1 pack (3 pcs)","Bath & Laundry","Kuber Industries",,,323.9428571428571,899,,3.15306,63.97682406581184,0.016224393195177444,0.00987,,,,99.61587477709531
"2026-04-01","28c97975-78e3-4593-a456-3d7fba6fee8f",,"Flair Estella Home Deep Tub | 20 L | Blue","1 pc","Bath & Laundry","Flair",,,247.7017543859649,388,,7.04154,36.17418285016598,0.10032549343879985,0.14047,0.00531,0.00757,0,247.47716645780272
"2026-04-01","4dc1b4f9-42ab-41ed-bf6b-4200effe9047",,"Kuber Industries 2 Pieces Plastic 8 L Bucket with Lid & 1 Pc 1.2 L Mug Combo Set | Transparent","1 set","Bath & Laundry","Kuber Industries",,,489,1299,,0.00051,62.35565819861432,0,0,,,,488.99999999999994
"2026-04-01","622609e3-9ba2-4677-b1a7-2a42ba1f4eef",,"Lushomes Shower Curtain - White | Heavy Duty | 72 x 80 inch","1 pc","Bath & Laundry","Lushomes",,,479,999,,1.63958,52.052052052052055,0.004507277197436671,0.00475,,,,479
"2026-04-01","cc373f7f-dca6-4d99-9f10-ff9a9b32cf30",,"Lushomes Shower Curtain - Gold | Striped Thin Stripe | Hooks | 12 Eyelets | 6 x 6.5 ft","1 pc","Bath & Laundry","Lushomes",,,,,,0,,0,0,,,,
"2026-04-01","75522564-c2de-4e18-a465-6f5e1c50cb6b",,"Kuber Industries 15x5 Inch Multi-Use Bathroom Shelf | Towel & Toothbrush Holders | Silver Chrome","1 pc","Bath & Laundry","Kuber Industries",,,894,3799,,3.2429,76.46749144511713,0.28110069629450984,0.14531,0.00023,0.00014,0.00045,894
"2026-04-01","c23e11f9-584b-47c0-a080-d460fa29ef2c",,"Sparkmate By Crystal Premium Soap Dispenser 2 In 1 - Ss Scourer & Sponge With Scrubber","1 pc","Bath & Laundry","Sparkmate By Crystal",,,203.49462683624176,399,,45.13704,49.651751753098345,0.43617223729456744,0.47552,0.04097,0.05838,0,198.02204058871078
"2026-04-01","4d5f4906-71e6-4d72-85fb-a6aa42a2e1dc",,"HomeStrap Set Of 2 Bathroom Set | Soap Dispenser And Tumbler","1 set (2 pcs)","Bath & Laundry","Homestrap",,,352.4192676209739,799,,61.63494,55.91891192120953,0.7780142463554941,0.7531,0.99681,1.42036,0,351.8339654765319
"2026-04-01","6d2b18aa-6772-4a2b-b7d9-dbb36e298585",,"Cello Plastic Super Bucket Delux Red 25 Litre Strong and Durable Buckets Perfect Use in Bathrooms","1 pc","Bath & Laundry","Cello",,,,,,0,,0,0,,,,
"2026-04-01","f5fcf7b3-0b24-4030-b165-2dbcf11462a7",,"Plastic Bathroom Mug | 1 L | Multicolour","1 pack (2 pcs)","Bath & Laundry","Kuber Industries",,,107.85646272027077,499,,3.90874,78.39994686467904,0.08188265359899816,0.03812,0.14056,0.00735,0.45406,55.79158556467584
"2026-04-01","0a3bee95-2ace-4cef-b58d-ff6070b8bfd0",,"Cello Petal Bathroom Small Set of 3 Transparent Sturdy and durable Lightweight & Easy clean","1 set  (3 pcs)","Bath & Laundry","Cello",,,699,1147.8964911842104,,9.35748,39.08887027041639,0.518923410273452,0.69614,0.00047,0.00066,0,699
"2026-04-01","3613c50b-63e7-40d4-84d7-59d8abdb8f26",,"Kuber Industries 5x15 Inch Stainless Steel Wall Shelf | Kitchen Shelf for Toiletries | Silver","1 pc","Bath & Laundry","Kuber Industries",,,639,2699,,4.55781,76.3245646535754,0,0,0.00327,0.00182,0.00669,639
"2026-04-01","882d005f-5626-42cd-b38d-979ea718023f",,"Perpetual Wall-Mounted Toothbrush Holder, 3 Pcs Self-Adhesive for Bathroom & Makeup Brushes","1 pack (2 pcs)","Bath & Laundry","Perpetual",,,390.64456583374823,1063.7058823529412,,7.11224,67.47045793603715,0.14145766891242462,0.0708,0.00204,0.0029,0,174.6632544772284
"2026-04-01","735c3317-2ae3-48e9-91fa-0c7ecfec4fe9",,"Sapna Multipurpose Corner Wall Shelf Organizer - Assorted","1 pc","Bath & Laundry","Sapna",,,,,,0,,0,0,,,,
"2026-04-01","42ee8319-92c1-4f3a-b57c-7bceeaa93fa5",,"Daluci 2-In-1 Soap Dispenser For Dishwasher Liquid with Pump and Sponge | Multi Color","1 pc","Bath & Laundry","Daluci",,,173.9297967240496,399,,35.35567,56.65997251145526,0.37615506666047155,0.35873,0.27974,0.21565,0.43058,173.10741342488984
"2026-04-01","b45de390-4d13-4bfd-8040-3a4ded8384f7",,"Perpetual Self-Adhesive Toothbrush Holder, 1 Pcs Teddy Bear Shaped for Bathroom Storage","1 pc","Bath & Laundry","Perpetual",,,,,,0,,0,0,,,,
"2026-04-01","eeff382c-cc90-4412-9ecc-5a08fb276870",,"Jalore Square Plastic Bucket | White |25 L","1 pc","Bath & Laundry","jalore",,,,,,0,,0,0,,,,
"2026-04-01","3e8ed7d8-420f-4eee-88e2-a0a5b4ada9b5",,"Perpetual Dish Soap Dispenser with Sponge Holder, 2 in 1 for Kitchen & Restaurant (Pack of 2)","1 pack (2 pcs)","Bath & Laundry","Perpetual",,,260.75074011022576,1144.3099327536231,,19.06612,76.62956098912875,0.09584303108078848,0.05405,0.08597,0.1225,0,128.50607634058372
"2026-04-01","61fab96a-eb79-45df-8600-1316be701ba2",,"Lushomes Shower Curtain - Kids Printed Yellow Space | 12 Eyelets | 12 Hooks | 6 x 6.5 ft","1 pc","Bath & Laundry","Lushomes",,,829,1999,,0.00281,58.529264632316156,0.021645758841263435,0.01972,0.00029,0,0.00096,828.9999999999998
"2026-04-01","bb636972-c82f-4e1c-8258-2f05ea603973",,"Flair Estella Home Bucket 24 L - Blue","1 pc","Bath & Laundry","Flair",,,358.0970634190765,550.0976230921052,,39.83546,34.89365371914955,0.8045819158020465,1.15016,1.88522,2.68625,0,358.1262291357475
"2026-04-01","4f1bdca3-7e75-4e18-8695-c06782aa2b5e",,"Plantex Stainless Steel Folding Towel Rack for Bathroom - 24 Inch, 304 Grade, Chrome Finish","1 pc","Bath & Laundry","Plantex",,,1535.313320825516,4200,,2.31037,63.193397871969296,0.07958795772050337,0.06848,,,,1644.9737990696299
"2026-04-01","faec4480-e20d-4bf0-a81b-507b85ee9051",,"Flair Estella Home Stool 9 - Blue - Plastic Stool For Bathroom","1 pc","Bath & Laundry","Flair",,,254,480,,2.34362,47.083333333333336,0.03681619812921244,0.04279,,,,254
"2026-04-01","3399e0a1-ab4b-4425-bd6a-851fa87c2e40",,"Kuber Industries Small 5 L Plastic Bucket for Cleaning & Storage | Plain Brown","1 pc","Bath & Laundry","Kuber Industries",,,77,499,,0.05425,84.5691382765531,0.022513827042251237,0.00763,0.04558,0.01056,0.12802,77
"2026-04-01","0020d24f-e4e2-4a3b-a985-1b09aa21d2ea",,"Perpetual Handwash Soap Dispenser | Refillable ABS Plastic for Bathroom & Kitchen (White)","1 pc","Bath & Laundry","Perpetual",,,162.70412022518371,549,,1.94298,70.37978394228836,0.034226431251005586,0.02272,0.00366,0.00522,0,163.8893887305639
"2026-04-01","e3c9b04b-9acc-42a0-816f-38eebd6ca55a",,"Lushomes Shower Curtain - Sky Blue | Zig Zag | 8 Eyelets | 8 C-Hooks | 120 x 200 cm","1 pc","Bath & Laundry","Lushomes",,,,,,0,,0,0,,,,
"2026-04-01","af1862ea-6677-45e6-84a5-376ee2da6283",,"Cello Plastic Frosty Delux Bathroom Bucket 18 Liters, Blue | Easy Grip Handles","1 pc","Bath & Laundry","Cello",,,,,,0,,0,0,,,,
"2026-04-01","aadb83e6-cd9b-4f31-9109-56d53235dd7f",,"Kamal Rose Stainless Steel Soap Dish Holder | Set Of 2 | Silver","1 set (2 pcs)","Bath & Laundry","Kamal",,,,,,0,,0,0,,,,
"2026-04-01","181f243b-0e0d-4a76-961a-e32bee488d49",,"Liza Industries Falcon Bathrrom Set 6 Pcs - 20L, Patla,Sc, Dustbin, Mug, Basin (Colour May Vary)","1 set (6 pcs)","Bath & Laundry","Liza",,,1343,2560,,0.90632,47.5390625,0.057750899026215594,0.06655,,,,1343
"2026-04-01","160c60ec-e68b-402e-b918-3cdd6605d16d",,"Ratan Plasticware Gloria Pack Of 1 Mug 1L -Lt Brown","1 pc","Bath & Laundry","Ratan Plasticware",,,,,,0,,0,0,,,,
"2026-04-01","20ad7c7f-db00-4de6-9093-0b35c14c2add",,"Lushomes Shower Curtain - Pink | Kids Printed Air Balloon | 12 Eyelets | 12 Hooks | 6 x 6.5 ft","1 pc","Bath & Laundry","Lushomes",,,,,,0,,0,0,0.00033,0.00045,0.00004,
"2026-04-01","8e20c300-d7c5-4de9-873c-05d96b76bf6f",,"Jalore Square Plastic Bucket | Grey | 25 L","1 pc","Bath & Laundry","jalore",,,,,,0,,0,0,,,,
"2026-04-01","22dd2be0-5830-4f17-b425-445c19e88e25",,"Ratan Plasticware Premia Bucket (18L X 1) - Diaso Pink|Light Weight And Easy To Carry","1 pc","Bath & Laundry","Ratan Plasticware",,,,,,0,,0,0,,,,
"2026-04-01","badc4ce8-c8f0-47b0-904d-62f14fba1f75",,"Lushomes Shower Curtain - Peach | Heavy Duty | 72 x 80 inch","1 pc","Bath & Laundry","Lushomes",,,,,,0,,0,0,,,,
"2026-04-01","8275ec5e-654a-475f-b12f-73c83173e475",,"Ambition Bath Mug 1.25 L - Assorted","1 pc","Bath & Laundry","Ambition",,,,,,0,,0,0,,,,
"2026-04-01","675dd31b-64b3-49bb-accc-f2c334dac937",,"Kuber Industries PVC Waterproof Stone Print (7 Feet) Shower Bathroom Curtain | Transparent","1 pc","Bath & Laundry","Kuber Industries",,,297.99403095788637,649,,5.01908,54.04886351995617,0.05885583614899061,0.05955,0,0.00001,0,301.0444306091574
"2026-04-01","100000007","100000007","Dummy Product","100g","Bath & Laundry","dummy",0.02279999999999999,,,,0,,,1.0286878889044649e-7,,,,,
"2026-04-01","ff232ec5-4adc-497e-945a-e4da909876a7",,"Joyo Better Home Bucket 16 L Plain Colour May Vary","1 pc","Bath & Laundry","Joyo",,,219.02810214638677,487.7604699583333,,76.27651,55.02876039917776,11.762133274710607,11.57708,9.58563,8.61271,11.87539,219.19156284231286
"2026-04-01","ce508e24-c2b1-45b4-a37f-00344ba4e216",,"Jalore Square Plastic Bucket | White |20 L","1 pc","Bath & Laundry","jalore",,,364,665,,3.75485,45.21303258145363,0.01200135870388543,0.01463,0.01311,0.01868,0,368.97379258704603
"2026-04-01","b6b3dd81-87e3-4735-9a1e-d6b7b51237b6",,"Lushomes Shower Curtain - Multi | Positive Printed | 12 Eyelets | 12 Hooks | 6 x 6.5 ft","1 pc","Bath & Laundry","Lushomes",,,,,,0,,0,0,0.00298,0.00421,0.0001,
"2026-04-01","9999ab12-ba3e-4f7c-9554-28e28d12da66",,"Lushomes Shower Curtain - Ombre Printed | Waterproof | 12 Eyelets | No Hooks | 6 x 6.5 ft","1 pc","Bath & Laundry","Lushomes",,,,,,0,,0,0,,,,
"2026-04-01","0f50ae4e-1687-4f31-8394-2c726aadae8e",,"Plantex 24 Antique Folding Towel Rack for Bathroom","1 pc","Bath & Laundry","Plantex",,,1547,5495,,3.64064,71.84713375796179,0.2727150852843439,0.16865,,,,1547
"2026-04-01","1f8f248b-8168-4ef8-9304-e09fc4b06c26",,"Kuber Industries Bucket & Mug Bathroom Combo Set|Set of 4|Brown","1 set (4 pcs)","Bath & Laundry","Kuber Industries",,,562,2699,,0.22298,79.17747313819933,0.012177318474355929,0.00557,,,,562
"2026-04-01","c1f690ff-e67e-49e6-93a3-a5e99dd51853",,"Ratan Plasticware Premia Pack of 1 Mug 1.5L -Daiso Grey","1 pc","Bath & Laundry","Ratan Plasticware",,,,,,0,,0,0,,,,
"2026-04-01","27234bf8-ab66-4c27-809b-efe41fa46565",,"Joyo Plastics Dolphin Bathroom Mug - 1100 ml (Colour May Vary) Combo","1 pc X 4","Bath & Laundry","Joyo",,,116.89089260510706,260.23975815668206,,26.04744,55.08338409432014,0,0,0.00109,0.00155,0,116.89089260510706
"2026-04-01","99010c47-8752-428d-b810-13bd0fec88ac",,"Liza Industries Bathroom Set - Jumbo 12 Pcs - 25 L, Tub 30, Big Patla, 1.5 L Mug (Colour May Vary)","1 set (12 pcs)","Bath & Laundry","Liza",,,1811,3420,,5.88999,47.046783625730995,0.04629095500070094,0.05384,,,,1811
"2026-04-01","92fa523b-e239-4e31-aa87-61e5b7e7811c",,"Kuber Industries Plastic Disney Team Square Bathroom Stool|P6|Gray","1 pack","Bath & Laundry","Kuber Industries",,,209.1981910444714,499,,5.62443,58.49505342914811,0.26415486804040333,0.24132,0.00089,0.00127,0,205.98412022010453
"2026-04-01","ccab33b0-8a1b-4ecb-a8c4-78d1ae06ef7e",,"Lushomes Shower Curtain - Striped Beige Satin Stripe | 12 Eyelets | Hooks | 6 x 6.5 ft","1 pc","Bath & Laundry","Lushomes",,,489,999,,9.89423,51.05105105105105,0.06905157690050952,0.07425,0.0015,0.00213,0.00002,488.9999999999999
"2026-04-01","e0fc9069-4cbe-4290-8f91-42cfd2227b9e",,"Lushomes Shower Curtain - Yellow | Kids Printed Air Balloon | 12 Eyelets | 12 Hooks | 6 x 6.5 ft","1 pc","Bath & Laundry","Lushomes",,,814,1999,,2.55295,59.27963981990995,0.06313346328701834,0.05647,0.00064,0.00089,0.00003,814
"2026-04-01","be41cf86-b4d8-4dc9-90b3-c1d70d668ea3",,"Nayasa Stylo Soap Dispenser","1 pc","Bath & Laundry","Nayasa",,,271.6920595824537,279,,16.46046,2.920664214054988,0.0782213368365158,0.16668,0.57682,0.82191,0,269.13029020062424
"2026-04-01","af96d290-9a2c-4bf7-8d24-edd99e8cb9e7",,"Tinted Print Plastic 1.5 Litre Bathroom Mug | Beige & Black","1 pack (2 pcs)","Bath & Laundry","Kuber Industries",,,140.2382319028222,698,,34.64079,79.89545073057371,1.0046359929967426,0.4439,0.8463,0.2239,2.31112,70.17803636006472
"2026-04-01","b09282d1-8dee-4d3e-844e-257b890122a3",,"Lushomes Shower Curtain - Kids Printed Blue Travel | 12 Eyelets | 12 Hooks | 6 x 6.5 ft","1 pc","Bath & Laundry","Lushomes",,,814,1999,,0.00007,59.27963981990995,0,0,,,,814
"2026-04-01","6d4448bf-1107-4337-9c4f-ac8299319b3d",,"Ratan Plasticware Gloria Pack Of 1 Mug 1.5L -Twist Beige","1 pc","Bath & Laundry","Ratan Plasticware",,,66,130,,0.03215,49.23076923076923,0.0005865325682350021,0.00065,0.00374,0.00532,0,66
"2026-04-01","edd39802-7370-4496-9819-592864fdaf63",,"Lushomes Shower Curtain - Bali Printed | Waterproof | 12 Eyelets | 12 Hooks | 6 x 6.5 ft","1 pack","Bath & Laundry","Lushomes",,,669.8474024038851,1499,,12.68585,55.79327236667153,0.07033698558274146,0.06601,0,0,0,642.5845753862087
"2026-04-01","2d19227b-2147-4f8c-9410-4fc2b08b41ed",,"Ratan Plasticware Frosty Checks Print Pack Of 1 Mug 1.5L -Grey","1 pc","Bath & Laundry","Ratan Plasticware",,,50.6925634643571,120,,11.44777,57.666940092576986,0.026014975295715555,0.02442,0.00792,0.01129,0,50.87393019500331
"2026-04-01","f02cfdec-ffdd-4d00-b006-951dfde8b7c1",,"Gloxy Stainless Steel Wall Mount Shower Caddy Organizer Rack for Bathroom SS304","1 pc","Bath & Laundry","GLOXY",,,396.15384615384613,2099,,3.09152,80.94330633635064,0.03788098033000829,0.01728,0.0005,0.00072,0,435.88028503562947
"2026-04-01","7c91f287-a976-43b2-b1aa-03b04d6d56bb",,"Lushomes Shower Curtain - Dark Brown | Water-Resistant | 8 Eyelets | C-Rings | 48 x 78 inch","1 pc","Bath & Laundry","Lushomes",,,,,,0,,0,0,0.00009,0,0.0003,
"2026-04-01","3cab880a-7144-47e1-ac77-3502b0e00d39",,"Kuber Industries Plastic Anti-Slip Strong Bearing Solid Surface Stool for Bathroom Stool | Blue","1 pack","Bath & Laundry","Kuber Industries",,,285.49014837819186,1049,,17.70044,72.64585216109273,0.5025361414958648,0.30634,0.00504,0.00718,0,290.82030188137213
"2026-04-01","09e1f3e9-86ea-45d2-9f59-63df9297f12f",,"Ratan Plasticware Premia Bucket (5L X 1) - Diaso Pink|Light Weight And Easy To Carry","1 pack","Bath & Laundry","Ratan Plasticware",,,,,,0,,0,0,,,,
"2026-04-01","7a82efe8-ee91-410a-b6ed-e939fdae9987",,"Kuber Industries 25L Unbreakable Plastic Bath/Washing Tub | Multipurpose | Green","1 pc","Bath & Laundry","Kuber Industries",,,425,799,,1.55626,46.71464330413016,0.01802459700076026,0.02124,,,,428.5886170743884
"2026-04-01","a48379a8-6342-49ee-ae50-db3329e6fc0b",,"Plantex 8"" Premium Brass Swivel Shaving Mirror - Black","1 pc","Bath & Laundry","Plantex",,,1568,5600,,16.64553,72,0.18949513742976992,0.11655,,,,1568
"2026-04-01","80717977-1faa-4468-af32-319dab1fcb83",,"Lushomes Shower Curtain - Striped Pink Satin Stripe | 12 Eyelets | Hooks | 6 x 6.5 ft","1 pc","Bath & Laundry","Lushomes",,,,,,0,,0,0,,,,
"2026-04-01","30fcd66b-be79-4ce4-897c-232f8eff9713",,"Lushomes Shower Curtain - Coffee | Striped Thin Stripe | Waterproof | 12 Eyelets | 6 x 6.5 ft","1 pc","Bath & Laundry","Lushomes",,,,,,0,,0,0,,,,
"2026-04-01","02b0cb03-111e-4cad-9e45-7aed3f5566ad",,"Lushomes Shower Curtain - Heavy Duty Dark Blue | Water-Resistant | 8 Eyelets | 48 x 78 inch","1 pc","Bath & Laundry","Lushomes",,,,,,0,,0,0,,,,
"2026-04-01","c2b50102-c9d7-4fa6-b910-e1f6e6eb978f",,"Perpetual Wall-Mounted Toothbrush Holder, 1 Pc Self-Adhesive for Bathroom & Makeup Brushes","1 pc","Bath & Laundry","Perpetual",,,235,799,,0.00001,70.58823529411765,0,0,0.00405,0.00577,0,235
"2026-04-01","3290d144-afd9-4f93-9a92-8963acd50937",,"Kolorr Lux Pack Of 1 Mug 1.5L -Pnt Grey","1 pc","Bath & Laundry","Kolorr",,,,,,0,,0,0,,,,
"2026-04-01","01eec9ac-8404-4284-b460-47feb5cdc61b",,"Nayasa Square Ring Bucket Funk - 25L - Black","1 pc","Bath & Laundry","Nayasa",,,528.4733699633699,705,,4.66124,25.03360784211848,0.3212619347782564,0.52994,0.18308,0.26088,0,528.673943425424
"2026-04-01","cb28f758-7032-4ed1-a9f2-8fbd29c341c9",,"BAY6 Royce Bucket 25 L - Blue","1 pc","Bath & Laundry","BAY6",,,299,849,,0.67263,64.78209658421673,0.03447457964525886,0.02667,,,,299
"2026-04-01","aeb1ef56-50ae-48a3-affb-262d90806f31",,"BAY6 Royce Bath Mug 1.5 L - Grey","1 pack","Bath & Laundry","BAY6",,,35,79,,0.98648,55.69620253164557,0.0014257253197096976,0.00139,0.00019,0.00027,0,35
"2026-04-01","559992d1-5a70-4571-9669-3558ec9aaa76",,"Kuber Industries Plastic Strong Bucket for Bathroom for Bathing|18 L|Grey","1 pc","Bath & Laundry","Kuber Industries",,,297.8235294117647,599,,1.3946,50.14230775056121,0.15066758377041006,0.165,1.17109,0.5328,2.67331,298.64126581065545
"2026-04-01","fbd0c973-ba4f-498e-9ec9-d820b4c70cb4",,"Jalore Plastic Tub | Grey |28.50 L","1 pc","Bath & Laundry","jalore",,,,,,0,,0,0,,,,
"2026-04-01","59624ec4-6554-4841-baa8-c25ec048e391",,"Kuber Industries 2 Pieces Unbreakable Plastic Multipurpose Bathroom Bucket & Mug Set (Black)","1 set (2 pcs)","Bath & Laundry","Kuber Industries",,,279.03333333333336,599,,0.98206,53.29933443387658,0.27366301215039135,0.28071,0.842,0.36775,1.95814,279.7136527204722
"2026-04-01","37062233-ab14-4386-beab-881bfd1629fd",,"Jalore Opaque Plastic Bucket With Plastic Handle | Beige |25 L","1 pc","Bath & Laundry","jalore",,,,,,0,,0,0,,,,
"2026-04-01","63b737f6-c3a5-47f3-9dea-910f3fdc85b2",,"Flair Estella Home Bucket | 19 L | Blue","1 pc","Bath & Laundry","Flair",,,312.9739336777006,420.5407622162162,,38.968,25.584719676593043,0.5266936132658699,0.86108,2.3059,3.08999,0.46054,312.92353585754915
"2026-04-01","e956b2bf-9190-43dd-9fda-0f4a872e07af",,"BAY6 Royce Bucket 25 L - Grey","1 pc","Bath & Laundry","BAY6",,,303.44444444444446,849,,0.70441,64.28615708883517,0.011491526548419619,0.00889,0.03734,0.05321,0,299.0312134217714
"2026-04-01","159e35e8-706c-4668-a876-29570d935070",,"Perpetual Multipurpose Toothbrush Holder | Travel & Bathroom Organizer (Pack of 2)","2 pcs","Bath & Laundry","Perpetual",,,,,,0,,0,0,0.00294,0.00419,0,
"2026-04-01","9f7e523a-80e7-4715-9d66-6b7db6bb658a",,"Kuber Industries Plastic Strong Bucket for Bathroom for Bathing|18 L|Brown","1 pc","Bath & Laundry","Kuber Industries",,,,,,0,,0,0,,,,
"2026-04-01","33f53117-7b1d-4962-8c10-6b175a044798",,"Flair Estella Home Stool 9 - Gray - Plastic Stool For Bathroom","1 pc","Bath & Laundry","Flair",,,307.0080128205128,480,,4.43409,36.04016426282051,0.02598790456179702,0.03651,0.00001,0.00002,0,307.00004983786084
"2026-04-01","5c826231-57c5-4292-a92f-3a558262fb94",,"Jalore Opaque Plastic Bucket With Plastic Handle | Blue |20 L","1 pc","Bath & Laundry","jalore",,,299,510,,0.11828,41.372549019607845,0.0023010123830757775,0.00296,,,,299
"2026-04-01","a71e6073-9b16-47f7-8d96-677708e2dc81",,"Ratan Plasticware Premia Bucket (18L X 1) - Diaso Grey|Light Weight And Easy To Carry","1 pc","Bath & Laundry","Ratan Plasticware",,,,,,0,,0,0,,,,
"2026-04-01","c0d8db1e-cdfd-484a-a2b1-a558bff6741c",,"Kuber Industries 18 L Unbreakable Plastic Bucket for Bathroom | Triangle Print | Brown","1 pc","Bath & Laundry","Kuber Industries",,,657.8571428571429,1049,,0.03559,37.287212311044534,0.009465733293515652,0.01258,0.25044,0.09732,0.61081,634.6549763033175
"2026-04-01","1d3a82ba-0110-4f1e-8785-9dfa2901db13",,"GLOXY Wall Mount Stainless Steel with Smokey Glass Oval Shape Double Soap Holder for Bathroom","1 pc","Bath & Laundry","GLOXY",,,429,1198,,3.67094,64.19031719532555,0.010810246411469732,0.0085,0,0,0,429
"2026-04-01","ff911381-d977-47b9-bdfd-44302f7ae50d",,"GLOXY Double Soap Holder for Bathroom Rust Proof Soap Stand Bathroom Accessories SS202","1 pc","Bath & Laundry","GLOXY",,,,,,0,,0,0,,,,
"2026-04-01","63899e07-8c4b-4e59-9414-12449a9cee3b",,"Kuber Industries Floral Print Plastic Bathroom Mug 1.5L | Pack of 4 (Blue & Pink)-46KM0201","1 pack (4 pcs)","Bath & Laundry","Kuber Industries",,,236.63333333333335,599,,2.52783,60.700138090232684,0.024323054425806897,0.01991,0.01527,0,0.0512,55.05476146676478
"2026-04-01","eb4e0842-1024-410b-b380-bac421a1a893",,"Kuber Industries Bucket & Mug Bathroom Combo Set|Set of 2|Brown","1 set  (2 pcs)","Bath & Laundry","Kuber Industries",,,368,1599,,19.20918,76.98561601000624,1.8668226258618446,0.94374,1.12255,0.49073,2.60952,368
"2026-04-01","399401ad-2f85-44e1-93f5-c0d9e223e9ea",,"Perpetual Adhesive Bathroom Shelf | Wall Rack for Kitchen/Bathroom | 2 Pcs | Gold","2 pcs","Bath & Laundry","Perpetual",,,734.562182566439,1695.4764305999997,,48.8011,56.54252149094166,1.4979536472355477,1.46075,0.11784,0.10459,0.14902,735.7880215020448
"2026-04-01","86189544-de7f-49b5-9783-8ce0fa421119",,"Lushomes Curtain - Green | Satin | 8 Metal Eyelets | 54 x 60 inch","1 pc","Bath & Laundry","Lushomes",,,459,999,,0.51764,54.054054054054056,0,0,,,,459
"2026-04-01","7479ec7a-c2ec-4be5-96f4-f448cba55d4e",,"Nayasa Handy Twins Soap Case Beige","1 pc","Bath & Laundry","Nayasa",,,79,95,,4.7368,16.84210526315789,0.0055725105771311624,0.01018,0.01654,0.02356,0,79
"2026-04-01","0b57a47a-522f-4985-927b-a64b8bb1cb55",,"GLOXY Square Shape Stainless Steel Single Soap Holder, Soap Stands for Bathroom Soap Tray","1 pc","Bath & Laundry","GLOXY",,,229,799,,4.55434,71.33917396745933,0.01802459700076026,0.01135,0.00139,0.00198,0,229
"2026-04-01","088a7de8-c52b-4f73-a360-004f0a16fba5",,"Kuber Industries Plastic Bathroom Mug|Bath Mug | 1500 ml | Pack of 2 | Transparent","1 pack (2 pcs)","Bath & Laundry","Kuber Industries",,,108.54193605307736,499,,5.65748,78.7940979845167,0.12418699185129566,0.05182,0.14049,0.02643,0.40891,47.94681234764293
"2026-04-01","d95b4f77-ea70-4059-b7c7-9e40f8af9c61",,"Flair Estella Home Stool 14 - Beige - Plastic Stool For Bathroom","1 pc","Bath & Laundry","Flair",,,457.0826071802022,720,,9.87853,36.51674302529146,0.09163984846103673,0.12777,0.00012,0.00018,0,457.0006103421315
"2026-04-01","35501d93-0918-4e33-a28f-29da12608a8f",,"Lushomes Shower Curtain - White | Waffle Weave | 12 Plastic C-Ring Hooks | Non-PVC | 72 x 72 inch","1 pc","Bath & Laundry","Lushomes",,,,,,0,,0,0,,,,
"2026-04-01","31f46111-14d9-43ab-9540-9fbac69b3604",,"Lushomes Shower Curtain - Multi | Tree Printed | 12 Eyelets | 12 Hooks | 6 x 6.5 ft","1 pc","Bath & Laundry","Lushomes",,,831.2998100195765,1499,,37.97352,44.53889666802459,0.32564694249416093,0.3956,0.01168,0.01649,0.00035,832.124505882076
"2026-04-01","1663cb8b-d288-4ec9-801a-fcde1c379c90",,"Lushomes Shower Curtain - Multi | Kids Printed | 12 Eyelets | No Hooks | 6 x 6.5 ft","1 pc","Bath & Laundry","Lushomes",,,,,,0,,0,0,,,,
"2026-04-01","610329d6-fc2d-4927-a1f8-a1461bcca0ba",,"Lushomes Shower Curtain - Maroon | Striped Thin Stripe | Hooks | 12 Eyelets | 6 x 6.5 ft","1 pc","Bath & Laundry","Lushomes",,,,,,0,,0,0,0.00004,0.00003,0.00004,
"2026-04-01","c958b515-ac3e-4c2d-970d-442cac7cf803",,"Lushomes Shower Curtain - Brown | Striped Satin Stripe | Hooks | 12 Eyelets | 6 x 6.5 ft","1 pc","Bath & Laundry","Lushomes",,,489,999,,5.64978,51.051051051051054,0.06760915796155005,0.07269,0,0,0,488.99999999999994
"2026-04-01","c4134341-3ed4-465f-a888-c046c5128b0f",,"Lushomes Shower Curtain - Kids Printed | Waterproof | 12 Eyelets | No Hooks | 6 x 6.5 ft","1 pc","Bath & Laundry","Lushomes",,,829,1989,,0.00004,58.32076420311714,0,0,,,,828.9999999999999
"2026-04-01","82245d07-1f3c-422f-80a9-2719c155cda1",,"Kuber Industries |Pack of 2 Shoe Rack | Storage Rack for Living Room | Cabinet Organizer Black","1 pack (2 pcs)","Bath & Laundry","Kuber Industries",,,,,,0,,0,0,,,,
"2026-04-01","307029e3-9fba-4c6a-9d29-40ef02043853",,"Kuber Industries Pack of 2 Plastic 1.5 Litre Lightweight | Unbreakable Bathroom Mug (Light Brown)","1 pack (2 pcs)","Bath & Laundry","Kuber Industries",,,89.54404159287247,399,,2.54855,77.41144131632795,0.11047837219494772,0.05194,0.06123,0.01321,0.17424,45.994139216078985
"2026-04-01","f3c83d4b-f422-4ea7-899b-4f0c47ed962e",,"Joyo Better Home Bucket 16 L Plain (Colour May Vary) Combo","1 g X 3","Bath & Laundry","Joyo",,,654.9807992520754,1463.6280629515418,,26.35181,55.249505264934186,0,0,0.32056,0.45677,0,21832.69330840252
"2026-04-01","54ee7253-b133-4ac6-ace1-b39623933b6e",,"Lushomes Shower Curtain - Black | Tree Printed | 12 Eyelets | 12 Hooks | 6 x 6.5 ft","1 pc","Bath & Laundry","Lushomes",,,579,1499,,3.99351,61.37424949966645,0,0,0,0,0,579
"2026-04-01","a08567ad-54dc-4bfc-9a85-edcdd4aa80c3",,"BAY6 Royce Bucket 16 L - Grey","1 pc","Bath & Laundry","BAY6",,,246.19867026626642,599,,4.04219,58.76922001127334,0.05134912163337987,0.04702,0.03445,0.04909,0,253.98092644004888
"2026-04-01","486b5815-51ec-42a2-b8a1-49b319a2d65f",,"Lushomes Shower Curtain - Bora Bora Printed | Waterproof | 12 Eyelets | 12 Hooks | 6 x 6.5 ft","1 pc","Bath & Laundry","Lushomes",,,579,1499,,7.40711,61.37424949966645,0.001961274672398119,0.00166,0.00096,0.00136,0,579
"2026-04-01","d62e818e-20e3-403f-820d-edc0a3a4a40f",,"Ratan Plasticware Frosty Checks Print Pack Of 1 Mug 1.5L -Beige","1 pc","Bath & Laundry","Ratan Plasticware",,,,,,0,,0,0,0.00331,0.00472,0,
"2026-04-01","e6f42529-a91b-4420-89d3-cd29f1c6d9c0",,"Perpetual Wall-Mounted Toothbrush Holder, 4 Pcs Self-Adhesive for Bathroom & Makeup Brushes","1 pack (4 pcs)","Bath & Laundry","Perpetual",,,450.2483515855301,1566.5217913368986,,43.29932,71.49046848818614,1.188661037459373,0.72667,0.05534,0.07886,0,112.43631720017655
"2026-04-01","1c464015-ffba-4488-8606-87feb9271b95",,"Lushomes Shower Curtain - Cream | Waffle Weave | 12 Rust Eyelets | 12 Plastic Rings | 72 x 78 inch","1 pc","Bath & Laundry","Lushomes",,,,,,0,,0,0,,,,
"2026-04-01","2ce3a4eb-ef5f-4516-ae7b-7ffa15dc6397",,"Joyo Better Home Bucket 16 L Plain (Colour May Vary) Combo","1 g X 2","Bath & Laundry","Joyo",,,436.8377686222175,975.200633625,,39.05269,55.20534405331432,0,0,0.64055,0.91272,0,21841.888431110874
"2026-04-01","dcff0602-6107-4ce4-8a12-01fcd44eee41",,"Plantex Stainless Steel Toothbrush Holder With ABS Tumbler Stand For Bathroom - Chrome Finish","1 pack","Bath & Laundry","Plantex",,,522,1590,,0.9012,67.16981132075472,0.014347488976825437,0.01035,,,,522
"2026-04-01","3a415ce7-8dcc-450a-95db-3b5ee408b974",,"Kuber Industries Plastic Unbreakable Strong Bathroom ULa Bucket with Handle |18 L |Grey","1 pc","Bath & Laundry","Kuber Industries",,,,,,0,,0,0,,,,
"2026-04-01","d71d36f5-84d6-4b01-96e6-0c43c9a2532a",,"Lushomes Shower Curtain - Yellow | Printed Bird | Non-PVC | Water-Repellent | 72 x 72 inch","1 pack","Bath & Laundry","Lushomes",,,279,1499,,1.00611,81.38759172781855,0.02028951507194465,0.0083,,,,279
"2026-04-01","fb24e330-c273-48dd-9dd6-a57ed34b5598",,"GLOXY Soap Holder for Bathroom Wall Mounted Soap Dish Stand Bathroom Accessories SS304","1 pc","Bath & Laundry","GLOXY",,,408,1499,,1.47724,72.78185456971315,0.006763171690648217,0.00404,,,,408
"2026-04-01","36696206-5164-4e15-a495-7d4ee2f5b22c",,"BAY6 Royce Bucket 5 L - Blue","1 pc","Bath & Laundry","BAY6",,,89,249,,0.33122,64.2570281124498,0.003370306372858051,0.00265,0.0013,0.00185,0,89
"2026-04-01","b60f02fe-16df-43fe-bdf1-d44ca160288e",,"Perpetual Bathroom Organizer Shelf | Self-Adhesive Rack for Wall | Pack of 1","1 pc","Bath & Laundry","Perpetual",,,153.93070068941427,347.61380440251577,,42.2164,54.152287066654345,1.168274970103119,1.1807,0.18617,0.22619,0.09196,153.27967867214804
"2026-04-01","287668b2-545a-47b0-9c5b-4879c34d15a4",,"Agmeco Stainless Steel Soap Dish Wall-Mounted or Freestanding | Rust-Resistant","1 pack (2 pcs)","Bath & Laundry","AGMECO",,,439,680,,2.35323,35.44117647058823,0.016107086681530443,0.02284,0.02517,0.03586,0,219.49999999999997
"2026-04-01","a4daa80b-1113-49dd-93bd-5a808e5fd8f4",,"Lushomes Shower Curtain - Striped Green Satin Stripe | 12 Eyelets | Hooks | 6 x 6.5 ft","1 pc","Bath & Laundry","Lushomes",,,479,999,,1.95828,52.052052052052055,0.040565494776930035,0.04272,0.00003,0,0.00011,479
"2026-04-01","365e040d-b94e-403c-a89d-df391c074e35",,"Kuber Industries Floral Print Unbreakable Strong Plastic Bathroom Mug | 500 ml (White)","1 pack (4 pcs)","Bath & Laundry","Kuber Industries",,,120.73734882257172,299,,4.48683,59.600803022655306,0.046406456798753375,0.04124,0.21308,0.0075,0.69692,30.33109409566376
"2026-04-01","bab054e6-3840-4740-96dc-6cc202be66e6",,"Flair Estella Home Soap Case - Beige","1 pc","Bath & Laundry","Flair",,,44.84045814285538,60,,20.24168,25.130551889793804,0.1440893954282052,0.23681,0.25903,0.36909,0,44.937992350452205
"2026-04-01","e65b40ac-f3c1-476c-9f20-94892c3b40c0",,"Lushomes Shower Curtain - Beige | Striped | Polyester | 10 Metal Eyelets | 6 x 6.5 ft","1 pc","Bath & Laundry","Lushomes",,,569,999,,20.99043,43.04304304304304,0.03254263160127249,0.04071,0.00274,0.00388,0.00006,569
"2026-04-01","bba7f581-c072-4056-8e88-cc8b40834592",,"BAY6 Royce Bath Mug 1 L - Blue","1 pc","Bath & Laundry","BAY6",,,25,59,,0.13291,57.6271186440678,0.00026619555019896256,0.00025,,,,25
"2026-04-01","93ece896-f39a-4941-bf74-b26dd252731e",,"Lushomes Shower Curtain - Pink | Heavy Duty | Water-Resistant | 8 Eyelets | C-Rings | 48 x 78 inch","1 pc","Bath & Laundry","Lushomes",,,,,,0,,0,0,,,,
"2026-04-01","040f0cae-0d2b-49f5-a65c-066a8809071c",,"Kuber Industries Plastic 40 L Bath/Washing Tub | Multipurpose & Unbreakable | Blue","1 pc","Bath & Laundry","Kuber Industries",,,315.95531914893616,799,,5.42344,60.47791559807728,0.33702386960232544,0.29203,,,,315.5862098042496
"2026-04-01","54420962-ad33-4fa0-9781-c9fc08817169",,"Kuber Industries Unbreakable Virgin Plastic Bucket with Lid For Home/Kitchen/Office | 18L. (Grey)","1 pc","Bath & Laundry","Kuber Industries",,,329,799,,0.00007,58.8235294117647,0.0036049194001520515,0.00326,,,,329
"2026-04-01","6b3a7c46-2607-423f-b871-37be8f6446e1",,"Kuber Industries ULa 10 Anti-Slip Stool for Bathroom | Kitchen | Bedroom | Toy Room (Brown)","1 pack","Bath & Laundry","Kuber Industries",,,405.3245356793744,899,,10.89317,55.04651343649132,0.1711682505669193,0.16867,0.0005,0.00071,0,403.6192437499601
"2026-04-01","77c7538f-96e0-4d23-8ae7-2a71e44bdefb",,"Lushomes Shower Curtain - Waffle Weave White | 12 Plastic C-Ring Hooks | Non-PVC | 72 x 78 inch","1 pc","Bath & Laundry","Lushomes",,,609,1499,,2.03558,59.37291527685123,0.013526343381296433,0.01207,,,,609
"2026-04-01","32c5ed70-bae7-4439-aa48-261305af554d",,"Kuber Industries Unbreakable Strong Plastic Bathroom Bucket 13 L (Pink) -CTKTC042962","1 pc","Bath & Laundry","Kuber Industries",,,189,449,,1.20504,57.9064587973274,0.2272141445351656,0.21009,1.08431,0.43593,2.61027,189
"2026-04-01","039294c7-31e5-4e83-88d7-3b549bab3c17",,"Lushomes Shower Curtain - Yellow | Kids Printed Factory | 12 Eyelets | 12 Hooks | 6 x 6.5 ft","1 pc","Bath & Laundry","Lushomes",,,964,1999,,0.12458,51.77588794397199,0.009019066183859763,0.00822,,,,829.2023988005996
"2026-04-01","9b7bde98-bbfa-4b5a-9ce1-6edd7d8228f9",,"Tinted Print Plastic 1.5 Litre Bathroom Mug | Beige & Black","1 pack (2 pcs)","Bath & Laundry","Kuber Industries",,,153.29357380226656,499,,39.62149,69.52585526868515,0.2401106421739574,0.15643,0.25497,0.19315,0.40047,75.71746267657497
"2026-04-01","6eaff502-fd2e-479f-a6ce-57f5e3066bf4",,"HD Creations Mayura Bath Towel (150cm x 71cm) - Assorted Colors & Designs","1 piece","Bath & Laundry","HD Creations",,,90.93377559133373,129,,19.22934,29.50870109198935,0,0,,,,90.93377559133373
"2026-04-01","1b16dd64-6488-4125-a595-e77f3a566f8b",,"Cello Petal Bathroom Small Set of 3 Dark Brown Sturdy & durable Lightweight and rigid Easy to clean","1 set  (3 pcs)","Bath & Laundry","Cello",,,672.4824146606691,1149,,33.77681,41.54006986358464,0.6273222989245575,0.80663,0.01408,0.02006,0,670.5515647040204
"2026-04-01","fd04756d-1582-40df-be7d-608a31e32e70",,"Lushomes Shower Curtain - Green | Zig Zag | 8 Eyelets | 8 C-Hooks | Non-PVC | 120 x 200 cm","1 pc","Bath & Laundry","Lushomes",,,382,775,,5.67453,50.70967741935484,0.010489909393433692,0.01136,0,0,0,382
"2026-04-01","f5185c73-e81b-407b-be63-7825e6e67ad6",,"Lushomes Shower Curtain - Heavy Duty White | Water-Resistant | 8 Eyelets | C-Rings | 48 x 78 inch","1 pc","Bath & Laundry","Lushomes",,,,,,0,,0,0,,,,
"2026-04-01","a81e29cb-c343-4362-8a75-6c87506b5e84",,"BAY6 Regent Tub 20 L - Blue","1 pc","Bath & Laundry","BAY6",,,247.89718614718618,649,,0.96707,61.58265885033857,0.09077268261784623,0.07412,0.00004,0.00005,0,248.97197439074762
"2026-04-01","aaa9f496-6138-4826-88e4-1755b53e8d9c",,"BAY6 Royce Bucket 20 L - Grey","1 pc","Bath & Laundry","BAY6",,,302.434375,749,,0.60875,59.64069740045551,0.030413969557478077,0.02716,0.16815,0.2396,0,300.2381466154301
"2026-04-01","5df7fbf4-5d14-4d55-a807-7e137cef6fe5",,"Joyo Plastics Dolphin Bathroom Mug - 1100 ml (Colour May Vary) Combo","1pcs X 4","Bath & Laundry","Joyo",,,87.41429534138258,195.1346978723404,,39.45855,55.20310006651399,0,0,0.01191,0.01697,0,87.41429534138258
"2026-04-01","13f35e6b-1471-47ac-a0b5-2eb80cc7d408",,"Kuber Industries Multiuses Plastic Bucket with Handle& Lid, 5 L | Blue","1 pc","Bath & Laundry","Kuber Industries",,,,,,0,,0,0,,,,
"2026-04-01","181365d9-5e94-40d9-ade1-2f646eb2516b",,"Flair Estella Home Stool 14 - Gray - Plastic Stool For Bathroom","1 pc","Bath & Laundry","Flair",,,392.43333333333334,720,,8.83802,46.102982604408766,0.09852664316991294,0.11508,0.00002,0.00002,0,382.86027655505023
"2026-04-01","9f51efb7-df4d-431f-86c8-ae47fedb71d7",,"Lushomes Shower Curtain - Gold | Striped | Polyester | 10 Metal Eyelets | 6 x 6.5 ft","1 pc","Bath & Laundry","Lushomes",,,489,999,,5.74723,51.051051051051054,0.0006758659901661795,0.00073,0,0,0.00001,488.99999999999994
"2026-04-01","7e10dc6f-79be-4e43-aa93-2ade1938373a",,"Soham Housewares Plaza Gillete Soap Dish Case (Colour May Vary) Combo","1 pc X 2","Bath & Laundry","Multibrand Combo",,,56.23920701023773,88,,11.07598,36.09181021563895,0,0,0.26658,0.02528,0.83447,56.23920701023773
"2026-04-01","8c5909c5-6c29-4816-b26f-9fd8e1670450",,"Ratan Plasticware Frosty Bubble Print Pack Of 1 Mug 1.5L -Blue","1 pc","Bath & Laundry","Ratan Plasticware",,,40,120,,0.05748,66.66666666666667,0.0005414146783707713,0.0004,,,,40
"2026-04-01","fcc1ff9d-7610-402d-a8da-af7cd5738ed5",,"Perpetual Square Toothbrush Storage Holder |Travel Bathroom Organizer| Pack of 4 | Assorted","2 pcs","Bath & Laundry","Perpetual",,,346.0142640175186,1330.8233773655913,,56.83105,74.20029480644911,0.5875062122982723,0.31295,0.00582,0.00829,0,344.0595102419751
"2026-04-01","2033f801-8632-4566-8459-96ed16d7a369",,"Plantex Stainless Steel Folding Towel Rack for Bathroom - 24 Inch, Chrome Finish","1 pc","Bath & Laundry","Plantex",,,1400.8846153846155,3815,,4.07175,63.279564472225026,0.03442494996640821,0.03031,,,,1528.5648027175332
"2026-04-01","e990a8fa-96a3-41ee-a6dc-a603554dbfaf",,"Kuber Industries Multiuses Plastic Bucket with Handle | (Blue)-46KM0357 | Standard","1 pc","Bath & Laundry","Kuber Industries",,,427,799,,1.81354,46.55819774718398,0.0036049194001520515,0.00423,,,,426.99999999999994
"2026-04-01","6cdcd1e1-2bb1-4d3b-9dd0-c5709e111795",,"Plantex 304 Grade Black Soap Dish for Bathroom - Decan","1 pc","Bath & Laundry","Plantex",,,464,1448,,0.4411,67.95580110497238,0.00653307045234064,0.0046,,,,463.99999999999994
"2026-04-01","ca54272f-bffc-4ab8-8a59-28e72f8b5b87",,"Joyo Plastics Dolphin Bathroom Mug-1.5 L (Colour May Vary)","1 pack","Bath & Laundry","Joyo",,,35.27330673654883,82.135609875,,85.72931,56.943421819872974,4.442804635178481,4.16504,8.8942,10.56687,4.95757,35.36315154071512
