"Date","Product ID","Item ID","Product Name","Grammage","Category","Brand","Offtake MRP","Offtake SP","SP","MRP","Units","Wt. OSA %","Wt. Discount %","Est. Category Share","Est. Category Share SP","Overall SOV","Organic SOV","Ad SOV","Wt. PPU (x100)"
"2026-03-01","768fe824-8917-4fa8-8151-9c84229e61d0",,"Silicone 2 Pc Brush and Spatula - 8""","1 pack (2 pcs)","Kitchen Tools","Soham Housewares",,,141.35664934776457,250,,89.25905,43.6925209080219,2.1628349178341,2.57002,1.69244,0.88805,3.12328,70.38434886497262
"2026-03-01","e17b29de-c6d9-4977-83a3-af9b20182ed6",,"Fackelmann Bamboo Slotted Turner | Withstands Temperature Up to 230 C","1 pc","Kitchen Tools","Fackelmann India",,,75.78071351517953,149,,7.14241,49.14046072806743,0.0011325661212422248,0.00139,,,,73.95647747799686
"2026-03-01","5a8e85af-8de2-42d0-9bb9-a1b4c06d1546",,"Habitat Professional Utility Knife With Ultra Razor-Sharp Blade With Precise Cutting","1 pc","Kitchen Tools","Habitat",,,199.02615384615385,289,,11.59828,31.132818738355063,0.001820141258318521,0.00264,,,,199.89969920132765
"2026-03-01","ec9abe0d-7b13-4110-86d8-60e8b6377a44",,"BAY6 Melamine Platter - BBQ Large -10*6 Inch - Creame Colour","1 pc","Kitchen Tools","BAY6",,,154.26441785264018,399,,53.70093,61.36032684885505,0.02032885605848508,0.016,0.00345,0.0054,0,150.46462696930456
"2026-03-01","9f46e873-ff5b-47ff-8fd3-eff95e44b7db",,"Anjali Egg Beater Small","1 pc","Kitchen Tools","Anjali",,,98.0561755952381,225,,3.2158,56.419477513227505,0.0017248015599052255,0.00187,,,,92.4499889824415
"2026-03-01","4f55ec0d-1ddc-47c0-b146-71d062c648e5",,"Spine Silicone Cake Mould Square- 6''","1 pc","Kitchen Tools","Spine",,,309,795,,3.85039,61.132075471698116,0,0,,,,309
"2026-03-01","f5a2832b-dcf5-40fd-bf61-9153edd5f028",,"Ritu Rapid Juicer (Colour May Vary)","1 pc","Kitchen Tools","Ritu",,,309.2631578947368,490,,1.67157,36.88506981740064,0,0,,,,309.2631578947368
"2026-03-01","4cd3f0ea-9820-47e2-9913-7a005b27249f",,"Wonderchef Ambrosia Silicone Kitchen Tools Set Of 3 Pcs. | Spatula, Spoon, Brush","1 pack (3 pcs)","Kitchen Tools","Wonderchef",,,465.0753245701537,900,,85.97051,49.2709885587881,0.1894586577724201,0.1795,0.25072,0.39168,0,137.27618162612637
"2026-03-01","6fd8bb7b-7fe7-4196-9316-392f0a6e8cee",,"KVG Stainless Steel lemon Squeezer | Manual Squeeze Juice Extractor","1 pc","Kitchen Tools","Kvg",,,99,139,,2.40148,28.776978417266186,0.0013071745894068939,0.00196,,,,99
"2026-03-01","aac73aa7-e255-44c1-97be-6eca7aa31156",,"Kai Kitchen Knife Short Pink |Slim Pack","1 pc","Kitchen Tools","Kai",,,123.74479037195616,150,,36.22674,17.448661033192483,0.006212282626679547,0.01066,0.11031,0.17233,0,122.12891438480389
"2026-03-01","ccabeb83-d213-44c5-8280-850cff3fcf5b",,"Crystal Super Veg Swivel Stainless Steel Peeler Colour May Vary 1 pcs","1 pcs X 1","Kitchen Tools","Crystal",,,99,120,,33.33333,17.5,0,0,,,,99
"2026-03-01","b56d72ea-4b1b-42df-bb71-f5ca6c88e80a",,"Anjali 4 Pieces Kitchen Set","1 set (4 pcs)","Kitchen Tools","Anjali",,,73.23840579710144,155,,2.92517,52.74941561477326,0,0,,,,73.23840579710144
"2026-03-01","f4eb3b9a-8ae7-450d-ae5a-48911a117775",,"Fackelmann Stainless Steel Tea Infuser, 15 Cm, Kitchen Accessories, Durable Kitchen Tools","1 pc","Kitchen Tools","Fackelmann India",,,161.3142636940486,340.3700631048387,,69.68067,52.75090206624232,0.2033493695041121,0.20088,0.12234,0.19112,0,159.8569081975184
"2026-03-01","10f5392e-195e-482a-8794-04823381a64b",,"BAY6 Steel Colander - 20 cm (1200 ml)","1 pc","Kitchen Tools","BAY6",,,139.04990780294366,421.4916621800948,,32.38867,67.01191840042671,0.11320753063939012,0.07818,0.09404,0.08687,0.10679,139.1052346972868
"2026-03-01","022ff85b-3b28-4b45-a791-87f386a74670",,"BAY6 Hammer Series Melamine Serving Tray -12*8 Inch - Small - Wooden Finish","1 pc","Kitchen Tools","BAY6",,,99,249,,9.10305,60.24096385542169,0.0010815300640050392,0.00091,,,,99
"2026-03-01","73df3ca3-422a-49fa-9be2-9925a702242a",,"Nirosta Klasse Kitchen knife 23.6 cm","1 pc","Kitchen Tools","Nirosta",,,103.20563825354675,175,,39.64545,40.82768779371962,0.013195969829131364,0.0194,0.24015,0.37516,0,108.96062987570022
"2026-03-01","ce9bd2a0-ed0a-430e-939e-63afc3b891fb",,"Stehlen Melamine Slant Tray Set of 3 - Walnut","1 pack (3 pcs)","Kitchen Tools","stehlen",,,909,3239,,4.10147,71.93578264896573,0.007034288910265707,0.00416,,,,303
"2026-03-01","f163ceda-fa1c-466f-8b4b-3fbbd1e0310b",,"Water Dispenser Big","1 pc","Kitchen Tools","Soham Housewares",,,190.5327212996286,399,,85.06295,52.28248701165165,2.6192438624649017,2.62971,1.98843,0.84943,4.01445,190.39535177738333
"2026-03-01","e9fd910d-c3ee-40a5-a847-473b9545bdd2",,"Jenosn Stainless Steel Oval Tray 19 Cm","1 pc","Kitchen Tools","Jensons",,,60.03770954548107,129,,39.00124,53.41566090102612,0.008984952170284433,0.00912,0.04818,0.03896,0.06458,61.87844905025085
"2026-03-01","81540e90-ade0-4bc0-ac9b-87f88ac1ffdf",,"Fackelmann Arcadalina Tea Strainer 10 Cm - Strainer For Kitchen, High-Grade Stainless Steel Mesh","1 pc","Kitchen Tools","Fackelmann India",,,163.1237030484886,219.37980540322582,,87.21311,29.934274619060304,0.4987141441103302,0.73915,0.45299,0.70765,0,153.14039120839078
"2026-03-01","dee8604e-920c-4684-a638-88b8558e349d",,"Ritu Multipurpose Knife 12""(304Mm) Plain","1 pc","Kitchen Tools","Ritu",,,63.23076923076923,135,,0.37034,53.162393162393165,0,0,,,,63.23076923076923
"2026-03-01","d64eaf79-56d3-4003-81c0-53349f9dedfb",,"Anjali Cut N Wash - Classic","1 pc","Kitchen Tools","Anjali",,,297.5241955094207,555,,52.55055,46.39820707616715,0.013620329215690771,0.01985,0.00596,0.0093,0,328.6656768312159
"2026-03-01","95417016-8720-4f61-8707-d6e868818fea",,"Sanjeev Kapoor by Oggn Wooden Base Cast Iron Sizzler Plate 9x7x1.5","1 pc","Kitchen Tools","OGGN",,,239.46035699343838,999,,9.18024,76.04285949612702,0.017725365615253674,0.01139,,,,269.3840686034906
"2026-03-01","813aaed8-c524-42b2-9039-e0941929ea42",,"Wonderchef Forza Pre-Seasoned Cast-Iron Mortar & Pestle","1 pc","Kitchen Tools","Wonderchef",,,770.1674347158217,2500,,4.32468,69.19330261136713,0,0,,,,770.1674347158219
"2026-03-01","2486cd0a-ccc3-4350-8c97-3e424d6003dc",,"Vinayak Stainless Steel Tong/Pakad (1 Unit)","1 pc","Kitchen Tools","Vinayak",,,63.43478260869564,139,,9.45466,54.36346574913983,0.00030187284919016156,0.00027,,,,59.63354037267081
"2026-03-01","a677e00a-d635-4e56-8a49-9b812b5f2199",,"Tramontina Polywood Stainless Steel Vegetable & Fruit Knife/,7.6cm/3 inch | Straight/Plain Edge | Treated Brazilian Polywood Handle |Impact Resistant |Heat Resistant |Dishwasher Safe |5 Yr Warranty","1 pc","Kitchen Tools","Tramontina",,,359.00206353722143,395,,25.25823,9.113405142636639,0.008055661579144361,0.01543,0.02489,0.03888,0,359.00009838269875
"2026-03-01","946d778c-5979-4a84-a59c-3b3f7989a98c",,"Cello Flavia Stainless Steel Oil Dispenser, 500ML, Silver","1 pc","Kitchen Tools","Cello",,,,,,0,,0,0,,,,
"2026-03-01","09675217-22cb-4acd-b69d-54b5847bbfd7",,"Urbanfix Bulfyss Acacia Single Wood Chopping Board for Kitchen - 37.5x23.5x1.2Cm","1 pc","Kitchen Tools","UrbanFix",,,551.8338292705863,2799,,37.71244,80.38954680939781,0.1458892842963906,0.05879,0.03184,0.04974,0,516.8677684413079
"2026-03-01","a42ddb25-6050-46aa-ad6b-200a55468b57",,"Ambition Square Chopper 900 ml (Colour May Vary)","1 pc","Kitchen Tools","Ambition",,,149.10404001363477,329,,3.99718,54.6799389890509,0.00604484092399925,0.00577,0.02299,0.02414,0.02093,149.00403563120008
"2026-03-01","876f5e96-cf4d-46c4-9ed0-73e28a4cf60e",,"Ritu Dry Fruit & Veg Slicer","1 pc","Kitchen Tools","Ritu",,,68,115,,0.53706,40.869565217391305,0,0,,,,68
"2026-03-01","54c37b91-a31a-42de-b476-d60847484543",,"Agaro Delux Silicone Spatula Set of 3, Cooking and Mixing, for Non-Stick Cookware, Black","1 pack (3 pcs)","Kitchen Tools","Agaro",,,349.26666925938815,599,,90.96435,41.6884871389036,0.836854301446794,1.02813,0.35599,0.55612,0,116.42999808335789
"2026-03-01","f14a8696-563f-4adb-af26-1be47c5893ed",,"Anjali Potato Masher Deluxe","1 pc","Kitchen Tools","Anjali",,,124.44086359160664,170,,46.42528,26.998709525810856,0.23637664812734394,0.36272,0.20281,0.31682,0,124.04960944363181
"2026-03-01","51808bb1-286d-4f0d-86c9-f765c8443d32",,"Tramontina Plenus Stainless Steel Kitchen Knife Chaku, 12 Cm 5.9 Inch | Edge Knife | Black","1 pc","Kitchen Tools","Tramontina",,,283.48333006237874,395,,56.88461,28.267850043540705,0.009771124626448741,0.01111,0.03852,0.06018,0,216.04767953913557
"2026-03-01","a2d4ec8f-5b6a-4a72-b5e2-65157537636c",,"Fackelmann Manual Vegetable Chopper 1000 ml Safety Lock | Chop Vegetables | Fruits | Nuts","1 pc","Kitchen Tools","Fackelmann India",,,259.95238095238096,749,,0.60432,65.29340708245915,0,0,,,,259.95238095238096
"2026-03-01","18777270-e254-4c18-87ba-8ee5fe3508da",,"Anjali Multislice With Collector","1 pc","Kitchen Tools","Anjali",,,417.3510686473035,795,,46.70789,47.3047141132507,0.021823886773467145,0.03066,0.03566,0.05571,0,443.3864068336303
"2026-03-01","212a2387-256d-4594-b086-a3a65ed03716",,"New Dawn Big Size Chalni For Kitchen, Colander For Kitchen, Rice Drainer, Rice Strainer, And Sieve","1 pc","Kitchen Tools","New Dawn",,,390.25572852167187,600,,20.96552,34.95806110756996,0.01589718889260419,0.02178,,,,390.03883507925053
"2026-03-01","7c5e6eed-c1dd-4071-b577-a6b9f896146e",,"BAY6 Bamboo Skewer Stick - Pack of 60","1 pack (60 pcs)","Kitchen Tools","BAY6",,,62.24114476143165,100,,3.13705,37.128537109997794,0.009440584715321096,0.0133,,,,1.131157578186433
"2026-03-01","91b7caa3-9011-4741-9c4b-9ba107e96a87",,"Vesta Homes Acacia Wood Chopping Board, Cutting Board, Serving Platter | 33X21.5X1.5 Cms","1 pc","Kitchen Tools","Vesta Homes",,,483.07448277264183,999,,76.3051,51.81170760837137,0.3971198140015837,0.40096,0.6674,0.40811,1.1286,478.66654540777137
"2026-03-01","26f5d097-0890-4e7b-a421-46138a55d440",,"Vesta Homes Set Of 2 Neem Wood Spoon, Compact Flip, Spatula/Ladle|No Polish| Non-Stick|Hand Carved","1 pack (2 pcs)","Kitchen Tools","Vesta Homes",,,303.5337390263368,1299,,11.37613,76.63327644139056,0.017180474263729848,0.0087,0.00857,0.01339,0,155.97524033744475
"2026-03-01","eb82c44d-709a-4714-9d5a-81648a044cdd",,"Eha Polypropylene Square Trays | Made With Coffee Husk And Rice Husk | Set Of 2 | Inno-Cele","1 set (2 pcs)","Kitchen Tools","Eha",,,390.27450980392155,1027,,2.79584,61.84853612652556,0.007181750539474427,0.00809,,,,488.4235671254961
"2026-03-01","aeccf0b4-dcd3-47a1-abc4-da9c0fdb180a",,"Fackelmann Stainless Steel Waiters Corkscrew Bottle Opener and a Serrated Cutter | Strong","1 pc","Kitchen Tools","Fackelmann India",,,,,,0,,0,0,,,,
"2026-03-01","3955455b-3c21-4207-b23e-f46d90cd668d",,"Anjali Chopping Board Round | Set of 1 | 26 x 26 x 1 cm | Plastic","1 pc","Kitchen Tools","Anjali",,,130.38244301505372,260,,38.72196,49.800749809486575,0.0063692999432007616,0.0074,0,0,0,129.65537217378372
"2026-03-01","a54bf0f1-5c49-4c90-ae6d-a92b71e0ac54",,"Crystal - Mka102 Stainless Steel Ice-Cream Scoop Multicolour","1 pc","Kitchen Tools","Crystal Cookware brand",,,130.55421322392436,185,,39.20918,29.335521787493462,0.05017561102963781,0.07513,0.0471,0.07358,0,131.16193865371469
"2026-03-01","20977157-8ef3-4919-a994-a8bbba5097aa",,"Tramontina Tradicional Stainless Steel Kitchen Knife Chaku, 15 Cm 5.9 Inch | Brown","1 pc","Kitchen Tools","Tramontina",,,499.0229848726821,545,,25.70615,8.436178310365849,0.013895706750059926,0.02681,0.01537,0.024,0,499.00071169237265
"2026-03-01","100000049","100000049","Dummy Product","100g","Kitchen Tools","dummy",0.023560000000000005,,,,0,,,5.116636206417416e-8,,,,,
"2026-03-01","8c2d66dd-b372-48d0-961e-4108206e5d64",,"Oggn Vintage Printed Wooden Brown Square Tray 8x8","1 pc","Kitchen Tools","OGGN",,,166.39510489510488,999,,1.87244,83.34383334383334,0.0021695753693595065,0.00082,,,,171.73933419521654
"2026-03-01","c5b31769-3b9b-49e1-84a5-a854f42207fc",,"Habitat Premium Nylon Chinese Turner| Perfect Elegant Functionality| Hanging Loop","1 pc","Kitchen Tools","Habitat",,,199.1774601794301,299,,70.31419,33.371631868678094,0.04363648046192862,0.06121,0.24742,0.16926,0.38644,199.4965755474612
"2026-03-01","8dce7dd1-31d0-4144-8330-43cf28a94163",,"Oggn Brown Shisham Wood Chakla 10 Inch","1 pc","Kitchen Tools","OGGN",,,461.63652450276936,1099,,39.3037,58.06114333231075,0.0754454089528174,0.06278,0.00242,0.00378,0,438.3847031740454
"2026-03-01","bc702274-fb47-4f1c-bea0-77207289acd5",,"Petals Stainless Steel Kitchen Vegetable/Fruit/Peeler","1 pc","Kitchen Tools","Petals",,,99.97115488912353,155,,59.11547,35.52450466082648,0.1647304935800896,0.22308,0.52386,0.34847,0.83583,99.92353818514839
"2026-03-01","76771013-b49c-4a26-a6ea-7cd59d124f9c",,"Kuber Industries Stainless Steel Cutting Board for Kitchen |Chopper Board for Vegetable-Silver","1 pc","Kitchen Tools","Kuber Industries",,,310.2718894009217,999,,5.53051,68.94175281272055,0,0,,,,310.2718894009217
"2026-03-01","addb56b8-489d-4ee6-871a-ff5decc5d734",,"Petals Wooden Spatula - Ladle/Serving/Cooking Spoon, 30cm Length","1 pc","Kitchen Tools","Petals",,,63.22222222222223,155,,1.02502,59.211469534050174,0,0,,,,63.22222222222223
"2026-03-01","98e28382-7d64-4622-8dae-b389b29b330c",,"Oggn Wooden Akhand Chakla 11 Inch","1 pc","Kitchen Tools","OGGN",,,330.99184842266686,1199,,26.58653,72.3955469132054,0.04332939541965892,0.03141,0.00197,0.00285,0.0004,354.53298107785986
"2026-03-01","76f2bde9-aa7f-4cb8-b865-622d2102fb57",,"Kvg Red Wood Polpat No.10","1 pc","Kitchen Tools","Kvg",,,212.22222222222226,449,,0.56554,52.734471665429346,0,0,,,,212.2222222222222
"2026-03-01","38399407-8491-4cde-8c6d-7763e0ed059c",,"Fackelmann 4-Sided Stainless Steel Kitchen Grater Ideal for Slicing | Shredding and Zesting","1 pc","Kitchen Tools","Fackelmann India",,,307.9908068615601,346.28025475806453,,71.30012,12.775098069679947,0.20337369307181669,0.36819,0.54572,0.85251,0,297.2934579542941
"2026-03-01","4eaad8b5-de14-4f64-a4e5-7454be45120c",,"Birch & Co. Leather Serving Tray - Brown With Four Free Matching Coasters","1 pc","Kitchen Tools","Birch & Co.",,,381.8809523809524,1499,,1.12193,74.52428603195781,0,0,,,,381.8809523809524
"2026-03-01","2da2fb3d-0fdc-4066-bd66-bbb1b8523ec6",,"Wonderchef Ambrosia Vegetable Chopping Board | 16 Inch X 10 Inch | 6Mm Thickness","1 pc","Kitchen Tools","Wonderchef",,,284.67857659381707,800,,59.46698,64.5468603827312,0.08205729304892852,0.05587,0.07067,0.1104,0,259.10249901642356
"2026-03-01","df9b3665-69e6-40fc-b336-650c5382244f",,"Frenchware Multipurpose Vegetable Push Chopper with 3 Blades, Handy & Compact - Peach & Black","1 pc","Kitchen Tools","Frenchware",,,,,,0,,0,0,,,,
"2026-03-01","724d6d99-6936-4dbf-b357-d04ab26fad53",,"Lushomes Pot Holder - Black | Buffalo Checks | Microwave Hand Gloves | 9 x 8 inch","1 set (2 pcs)","Kitchen Tools","Lushomes",,,111.6552328042328,499,,4.46945,77.62420184283911,0.0011812132566512868,0.00074,,,,109.72281036169451
"2026-03-01","4e9dfa3e-cf8a-49d7-85bf-85c4729458fc",,"Petals 6 Sided Non Slip Hex Universal Kitchen Vegetable Grater Slicer | 20 cm","1 pc","Kitchen Tools","Petals",,,279.04119789760284,379,,16.29297,26.37438010452203,0.009687729537176063,0.01503,0.02809,0.04388,0,279.00109132308984
"2026-03-01","67b6df6d-97bd-4c49-96ea-9d53dd5e70b2",,"Fackelmann Multipurpose Stainless Steel Colander | 24 cm Easy grip handles Dishwasher Safe","1 pc","Kitchen Tools","Fackelmann India",,,134.7160062160062,249,,5.36299,45.89718625863204,0.0020711952249831446,0.00285,,,,134.58449588569218
"2026-03-01","4f82975f-fac7-437b-84dc-2dfdebb9b9c0",,"BAY6 Stainless Steel Strainer Size 2","1 pc","Kitchen Tools","BAY6",,,67.03881278538812,299,,1.82613,77.57899237946886,0.0019480571634789563,0.0009,,,,74.24491554636332
"2026-03-01","00ef0cf2-5e6c-4078-acc3-e913284e8e09",,"Stehlen Melamine Slant Tray Medium - Bubble Tea","1 pc","Kitchen Tools","stehlen",,,329,1140,,4.16039,71.14035087719299,0,0,,,,329
"2026-03-01","43e7817a-bb61-4f68-9d1a-c1e57e8251ce",,"Anjali Lemon Squeezer With Bottle Opener (Colour May Vary)","1 pc","Kitchen Tools","Anjali",,,82.35541554724705,120,,13.60889,31.197637237066886,0.007216281318626395,0.01064,0.00248,0.00387,0,82.7637518909896
"2026-03-01","58a4d14f-2172-4100-a81e-f75a9ee963dd",,"Petals Ss Handle Superior 304 Mesh Jali Barbeque-pizza-roti-grill-papad Roaster","1 pc","Kitchen Tools","Petals",,,252.5204081632653,549,,1.2118,54.00356864057098,0,0,,,,252.5204081632653
"2026-03-01","a3009f13-9bbc-4509-a576-4a53747a10ea",,"Fackelmann Nirosta Alpha Stainless Steel Vegetable Knife | Ergonomic Handle","1 pc","Kitchen Tools","Nirosta",,,48.24339485012884,69,,29.33378,29.421728431211694,0.03677549697155769,0.05507,0.12051,0.18827,0,49.189689010677846
"2026-03-01","7c812fb5-8d2d-46d1-bf42-f2377f18cb1b",,"Stehlen Melamine Oriental Tray - Paisely","1 pc","Kitchen Tools","stehlen",,,335,1140,,5.43294,70.6140350877193,0.0008170112652182646,0.00051,,,,335
"2026-03-01","d77e6d39-b6dc-4f86-9de1-2d0779460309",,"Spine Silicone Cake Mould Round -8''","1 pc","Kitchen Tools","Spine",,,320.3809523809524,825,,3.88889,61.16594516594517,0,0,,,,320.3809523809524
"2026-03-01","df4796a6-321a-407e-b586-767f35385f0b",,"Anjali Slicer","1 pc","Kitchen Tools","Anjali",,,95.5909090909091,225,,0.98329,57.515151515151516,0.0009772862024141921,0.00104,,,,95.25816993464052
"2026-03-01","f527e929-d6dc-4deb-830c-7b7113bc7939",,"Habitat Gourmet 8 Inch Slicer Knife With Ultra Razor-Sharp Blade | Precision-Honed Blade","1 pc","Kitchen Tools","Habitat",,,209.4372075047568,399,,72.70285,46.68402320948888,0.06448720735250288,0.08791,0.49083,0.54986,0.38582,220.9658702314448
"2026-03-01","8aeaacec-868e-430d-a710-e5d141eb091f",,"Signoraware Glass Oil Dispenser & Pourer | 1000 ml | Clear | Oil Pourer Bottle","1 pc","Kitchen Tools","Signoraware",,,484.6224489795918,580,,2.32606,16.444405348346233,0.0005038453310224279,0.0008,,,,443.6839285714285
"2026-03-01","5c975a69-1ef0-4066-a2da-cdbdb5dca9dc",,"Anjali Chopping Board Square | Set of 2 | 32 x 21 x 1 cm | Plastic","1 pc","Kitchen Tools","Anjali",,,161.2433851548182,290,,55.14652,43.876045460077115,0.008987341092112557,0.01234,0.03668,0.0573,0,184.38911206197452
"2026-03-01","a57d9e4d-8131-4ae2-b102-899635a5b1e3",,"Anjali Fantastique - Big","1 pc","Kitchen Tools","Anjali",,,408.220733547439,745,,46.94105,45.1181226196065,0.02038619018236005,0.02909,0.01224,0.01912,0,419.7015626192018
"2026-03-01","ad51495d-50e7-4ad0-b89c-2092292b9e9d",,"Petals Titanium Fused Multifunctional Kitchen Scissor 8 Inch- Kitchen Scissor |Bottle Opener","1 pc","Kitchen Tools","Petals",,,214.186888469953,419,,8.81374,48.881410866359666,0.0008189658376230929,0.00085,,,,212.6395075538864
"2026-03-01","8889a8a7-2465-420c-9b1f-112c2387c439",,"Sanjeev Kapoor by OGGN Acacia wooden Chakla, Roti & Chapati Maker, Kitchen Tool - 9 Inch","1 pc","Kitchen Tools","OGGN",,,294.52932438904725,999,,6.82252,70.51758514624152,0.01052254912874943,0.00755,,,,269.41075496280575
"2026-03-01","2771ca03-a602-4b3f-b3d8-791d7257428e",,"Joyo Plastics Oil Dispenser- 1000 ml (s) (Colour May Vary)","1 pc","Kitchen Tools","Joyo",,,55.56709259921387,149,,82.43134,62.756512359591746,2.3442131561102477,1.83674,0.3893,0.60816,0,55.4927965842083
"2026-03-01","9dc21e59-9b24-4a5c-912d-fbe1af276688",,"Oggn Meow Rubberwood Tray 12X8","1 pc","Kitchen Tools","OGGN",,,319.17643742769326,1499,,25.63752,78.707375755324,0.01334755777786139,0.00798,0.00213,0.00333,0,353.1279302698954
"2026-03-01","9681d0c3-5542-4dfe-aac4-da20ffd2a0da",,"Ratan Colander with Long Handle (Assorted Colors)","1 pc","Kitchen Tools","Kolorr",,,34.758212560386475,108,,6.79192,67.816469851494,0.00023454868857940612,0.00018,,,,35.148390151515144
"2026-03-01","3c02ec55-735f-4901-874c-6d897b4ed7e9",,"Prestige Truedge 6 Pc Set (Utility + Paring + Vegetable + Peeler + Scissors + Board)","1 set  (6 pcs)","Kitchen Tools","Prestige",,,679.8463717039299,895,,39.04417,23.983205397011314,0.016482474740494468,0.0267,0.09799,0.14129,0.02098,687.7738467979365
"2026-03-01","40140ce9-f81d-4590-90cb-74b70cb60206",,"Habitat Premium Nylon Slotted Turner|Perfect Elegant Functionality | Hanging Loop","1 pc","Kitchen Tools","Habitat",,,223.68833632808017,299,,73.75575,25.22635189334905,0.03156569281384346,0.04921,0.10661,0.06283,0.18449,219.81679075665738
"2026-03-01","38b5bd6c-bf7d-4428-8ede-81408d79e1bc",,"Trovea's Deer Silhouette Bottle Cap Opener","1 pc","Kitchen Tools","Troveas",,,993.8,1850,,6.1035,46.28108108108108,0,0,,,,993.8
"2026-03-01","36d42c40-ab16-4219-96f8-41843bf8955c",,"Spine Silicone Muffin Mould Heart Shape- Set Of 6","1 pack (6 pcs)","Kitchen Tools","Spine",,,199,495,,3.69731,59.7979797979798,0,0,,,,33.166666666666664
"2026-03-01","432b664f-075b-433d-952e-11d8d1ae49db",,"Kvg Teak Wood Spetula No.4","1 pc","Kitchen Tools","Kvg",,,33.22222222222223,79,,1.02502,57.94655414908579,0,0,,,,33.22222222222223
"2026-03-01","d5e832f1-f753-40f2-a090-ef3128b6ac2d",,"Anjali Deluxe Veg. Cutter","1 pc","Kitchen Tools","Anjali",,,191.0611001521821,380,,14.84168,48.816127659524604,0.00787301764664873,0.00998,,,,220.23463705804042
"2026-03-01","2fd3a30e-e5ef-4e47-a2be-156aa88cfcb0",,"Rusabl Bamboo Chopping Board - BPA Free, Eco-Friendly, Anti-Microbial | XL - 36 x 26 cm","1 pc","Kitchen Tools","Rusabl",,,499,5499,,12.19512,90.92562284051645,0,0,,,,499
"2026-03-01","1299ca30-f7f6-4b4c-86c8-03d08dca9b98",,"Anjali Coconut Scraper Premier","1 pc","Kitchen Tools","Anjali",,,170.92283190416566,345,,63.05858,50.40077869418125,0.009306153568811232,0.0108,0.00734,0.01031,0.00205,175.4482339500714
"2026-03-01","a699a443-55f0-412b-b17e-33f3930cdbe8",,"Anjali Olive Big Chef Plain Knife","1 pc","Kitchen Tools","Anjali",,,69,150,,0.10084,54,0,0,,,,69
"2026-03-01","75f4babe-d285-414b-8dc9-528eea315755",,"Sanjeev Kapoor by OGGN Wooden Taliya Ziri Tray Serving Tray,Snack,Breakfast,Coffee - 12x8 Inch","1 pc","Kitchen Tools","OGGN",,,347.48229028438186,1199,,45.23919,70.83695913290788,0.07041043043797947,0.05516,0.00124,0.00194,0,378.85588962123177
"2026-03-01","ffdcebab-6843-4243-ad67-436411330e6b",,"Vinayak Stainless Steel Potato Masher (Silver, 1 Unit)","1 pc","Kitchen Tools","Vinayak",,,89,199,,0.0027,55.27638190954774,0,0,,,,89
"2026-03-01","802ffa52-d519-4ebb-8d16-c6600350e792",,"Ice Cream Scoop Medium | ASSORTED","1 pc","Kitchen Tools","Soham Housewares",,,69.44449808520666,99,,22.08273,29.846530033256744,0.0233649585273185,0.03455,0.05437,0.03614,0.08679,69.50695572691879
"2026-03-01","a07c9492-7416-41f9-9fcd-5ca0408d9f34",,"Bombay Kookware Ice Cube tray with Removable lid Plastic | Assorted","1 pack (3 pcs)","Kitchen Tools","Bombay Kookware",,,69.85874542124542,265,,8.26237,73.64251824529879,0.014387824646653384,0.0079,,,,23.50207145599214
"2026-03-01","a79027a6-d10a-432f-8070-fc627ca4f385",,"Fackelmann Stainless Steel Blade Egg Slicer | 11 x 7.5 cm Slicing Eggs | Boiled Potatoes","1 pc","Kitchen Tools","Fackelmann India",,,120.54471544715446,179,,1.09333,32.65658354907572,0,0,,,,120.54471544715446
"2026-03-01","b3e2d575-2768-4307-aba9-97fc2e819f57",,"Scooper Pack of 3","1 pack (3 pcs)","Kitchen Tools","Kvg",,,25,65,,0.49801,61.53846153846154,0,0,,,,8.333333333333334
"2026-03-01","302d26c2-d0ac-49c9-b5b4-78699ff733c3",,"Soham Housewares Dough Maker","1 pc","Kitchen Tools","Soham Housewares",,,49.87866857609033,90,,50.79578,44.31119964997777,0.07820439648958848,0.09136,0.18527,0.09864,0.33937,50.27287768777744
"2026-03-01","c774a94c-e1ca-49a0-8199-891ba5fb9524",,"Urbanfix Acacia Wooden Chopping | Serving and Cutting Board | Plate for Pizza | Vegetables","1 pc","Kitchen Tools","UrbanFix",,,488.58777429078344,3499,,51.09642,86.0298621453232,0.12416725246268616,0.03673,0.09875,0.15427,0,512.3438891401184
"2026-03-01","f61d9b7a-a5b9-4716-86b0-427edc08c7a5",,"KVG Wooden Tavetha | Flat Friying Spetula | Palta","1 pc","Kitchen Tools","Kvg",,,58.72767202090007,79,,8.60711,25.297899676311463,0.009335037805460362,0.01481,0.07289,0.05525,0.10429,59.15115589444234
"2026-03-01","1229ddee-6a51-42c8-b780-334400bea0ee",,"Oggn Blue Floral Printed Wooden Brown Rectangle Tray 12x6","1 pc","Kitchen Tools","OGGN",,,219.10547653404797,1099,,6.70881,80.06319594776633,0.0004056823613577135,0.00026,0.00187,0,0.00518,220.37882651930062
"2026-03-01","21d5e1a0-c79d-4382-83de-86888e051ab6",,"Birch & Co. Leather Serving Tray - Tan With Four Free Matching Coasters","1 set","Kitchen Tools","Birch & Co.",,,387.1842105263157,1499,,1.50293,74.17049963133317,0,0,,,,387.1842105263158
"2026-03-01","71c70d7d-8fa3-4735-8352-89ee9fa09d13",,"Sanjeev Kapoor by OGGN Wooden Fry Spetula Tavetha Spoon Set | Serving Spoon Set of 3","1 pack (3 pcs)","Kitchen Tools","OGGN",,,90.12332875116769,199,,55.73975,54.69375392781379,0.047289793461264516,0.04531,0.17748,0.10451,0.30727,30.07989055444916
"2026-03-01","0234c9d3-6678-42d1-824d-0e2190b5c339",,"Embassy Wooden Polpat & Rolling Pin (Chakla Belan), 27 cms, Size 11, Premium Material","1 set","Kitchen Tools","Embassy",,,900.0519480519481,1390,,3.65767,35.24903154399557,0.006037456983803232,0.00823,,,,899.0283613445379
"2026-03-01","c366035a-88db-4da1-9e06-47beec7f54d3",,"Petals Ss Fruit Basket-colander-rice Vegetable Strainer Drainer | 23 cm-9 Inch","1 pc","Kitchen Tools","Petals",,,307.54517066267067,679,,4.92527,54.70616043259637,0,0,,,,307.54517066267067
"2026-03-01","444bb307-63d7-4b9f-9226-a06a08e71fcc",,"Youbee Stainless Steel Heavy Duty Chopping Board For Kitchen - For Vegetables, Fruits Cutter, Meats","1 pc","Kitchen Tools","Youbee",,,279.73237565407646,749,,67.78829,62.602981411464484,1.4383576709293557,1.12926,1.19726,1.16254,1.25902,280.1616322834611
"2026-03-01","fdc1f52a-5cfc-465d-a55e-c834968ac99b",,"Oggn Wooden Printed Tray Yellow 12x12","1 pc","Kitchen Tools","OGGN",,,211.63888888888889,1099,,0.4872,80.74259427762613,0,0,0.00139,0,0.00387,211.63888888888889
"2026-03-01","824edd04-7ef8-498a-9baf-95512a6f1e1c",,"Judge by Prestige Stainless Steel Laddle 1.5(27cm)","1 pc","Kitchen Tools","Judge by Prestige",,,125.00633383010432,160,,8.34305,21.871073540280854,0.0011640564544311265,0.00192,,,,125.0011833495754
"2026-03-01","883007f4-bdd9-4d44-af55-5c6524bc6c0c",,"Stainless Steel Bottle Opener","1 pc","Kitchen Tools","Pichai",,,78.82,149,,2.03661,47.92204439855447,0.0042066741646139775,0.00352,,,,66.19281376518218
"2026-03-01","dc2de0ee-651c-413c-8631-5975b7983edf",,"Bombay Kookware Manual Ice Cream Maker | 6 Popsicles Yellow Colour Base","1 set  (6 pcs)","Kitchen Tools","Bombay Kookware",,,60.21366867640906,225,,5.45841,73.22833233177525,0.010959504648584396,0.00606,0.00651,0.00946,0.00126,59.66398803936865
"2026-03-01","f0b87d34-3c2f-46f7-a616-cf891bf148d0",,"Bathla Stainless Steel Chopping Board - Small (15 cm x 20 cm - 2mm Thick)","1 pc","Kitchen Tools","Bathla",,,298.1086456552318,799,,11.69063,62.689781519996025,0.0010758835215022018,0.00087,,,,279.941750312887
"2026-03-01","caa29901-fe60-4d8a-9255-3122c39778e4",,"YouBee Stainless Steel Coconut Opener Tool | Coconut Water Opener","1 pc","Kitchen Tools","Youbee",,,109.51255679662088,299,,52.09338,63.42281377382885,0.42948992194736985,0.33012,0.35871,0.56038,0,109.35666459390467
"2026-03-01","e043bec3-7f2f-4040-9f6d-6601efab7a37",,"Ambition Y - Peeler - Assorted","1 pc","Kitchen Tools","Ambition",,,50.05333333333334,99,,1.39285,49.44107744107744,0.0002150029645311223,0.00023,,,,50.27642276422765
"2026-03-01","4dd18474-42ad-466b-a108-62eac53410ac",,"BAY6 Steel Potato & Vegetable Masher","1 pc","Kitchen Tools","BAY6",,,135.93472222222223,229,,10.95869,40.35922818922741,0.014069663694089653,0.01755,0.03844,0.06006,0,135.5215381856378
"2026-03-01","f2fefc5d-3342-4236-ad3b-23fbb1f5faef",,"Zenker Baking Brush Silicone 25 cm","1 pc","Kitchen Tools","Zenker",,,108.13690476190477,199,,2.14049,45.659846853314185,0.000864355352357441,0.00109,,,,115.91104963112004
"2026-03-01","4f22961f-0d5d-4c72-b1da-b99513bd69d7",,"JASCO Stainless Steel Grater 4 IN 1 Plastic Ha","1 pc","Kitchen Tools","JASCO",,,179.17447478991596,220,,4.79348,19.021098408015245,0.004457728131278602,0.00641,,,,150.81002922393603
"2026-03-01","050963ef-77e3-4a3a-afdf-89fe5001b6e8",,"Anjali Peeler With Opener","1 pc","Kitchen Tools","Anjali",,,55.80757113082255,75,,19.45004,25.41254799950452,0.0016613865441041265,0.00258,0.06393,0.0448,0.09795,55.26274425648044
"2026-03-01","7bd467bb-95af-4d5a-b531-b066a237062e",,"AGARO Multi Utility SS Professional Kitchen Knife With Scissors Set Black","1 Pack (17 Pieces)","Kitchen Tools","Agaro",,,2599.670839811113,4599,,27.93855,43.47312807542698,0.04924002237185995,0.05864,0.02412,0.03769,0,152.9519865170243
"2026-03-01","d790083d-32c1-47d5-ab0a-a09c6276aed4",,"YouBee Stainless Steel Vegetable Crusher with Handle | 1 Pcs | Multi-Colour","1 pc","Kitchen Tools","Youbee",,,55.946377578001055,199,,25.78526,71.93260629826257,0.03410750563896695,0.01993,0.00945,0.01476,0,55.75215122060061
"2026-03-01","961b85f3-db9f-4ff2-8dc5-bc12d6f3fd75",,"Umai 1600 ml Borosilicate Glass Baking Tray | Transparent Microwave Oven Safe Utensils Serving Tray","1 pc","Kitchen Tools","Umai",,,,,,0,,0,0,,,,
"2026-03-01","a690b860-a353-4a2c-8196-65023bb32924",,"Kvg Gripper Veg Knife","1 pc","Kitchen Tools","Kvg",,,55.56847334944804,75,,0.70692,25.671202562440364,0.0038522450352050973,0.00605,0.05373,0.08297,0.00173,56.20720702215586
"2026-03-01","43e802a5-69a9-48c9-bb70-bbd1e1e46601",,"Kuber Industries Stainless Steel Jhara Skimmer | Frying Spoon, Strainer | Silver","1 pc","Kitchen Tools","Kuber Industries",,,,,,0,,0,0,,,,
"2026-03-01","a16cbb60-f5f3-4d83-9a16-55c56e68ce77",,"Rusabl Bamboo Chopping Board - BPA Free, Eco-Friendly, Anti-Microbial | Large - 34 x 24 cm)","1 pc","Kitchen Tools","Rusabl",,,434.23490037359903,1099,,9.14093,60.48818012979081,0.019284897219595074,0.01609,0.01343,0.00666,0.02549,429.6384102480842
"2026-03-01","5e2bd871-cdee-41a6-9457-4a82d6c0d22c",,"Greenchef 3 Pc Stainless Steel Knife Ss Elite Flora","1 pack (3 pcs)","Kitchen Tools","Greenchef",,,795.1539731682147,1299,,18.91344,38.78737594937205,0.016813666175757056,0.02169,,,,265.00099538998336
"2026-03-01","74830ab7-0d5c-43a3-9aed-91b143bfe98d",,"KVG Chopstick (Reusable - Wooden) | Sushi Stick | Sushi Chopstick | Noodle Chopstick","1 pack (4 pcs)","Kitchen Tools","Kvg",,,49.014936302638816,69,,81.45397,28.963299498135562,0.5954155279656562,0.89127,0.25366,0.36044,0.06372,12.253833686986894
"2026-03-01","120be017-3e22-43b8-a195-1e2106afa30f",,"Crystal Stainless Steel Rice Server Silver Standard","1 pc","Kitchen Tools","Crystal Cookware",,,109.54057919483073,145,,66.95554,24.233613454254908,0.017056467503379073,0.02785,0.04631,0.07235,0,113.07415874258118
"2026-03-01","7fa21c7f-bd70-4804-87d4-f186f11a84c4",,"Umai 700Ml Borosilicate Glass Baking Tray | Transparent Microwave Oven Safe Utensils","1 pc","Kitchen Tools","Umai",,,,,,0,,0,0,,,,
"2026-03-01","b36842ae-e16b-4391-9376-cce4882a03d5",,"Stehlen Melamine Oriental Tray - Desire","1 pc","Kitchen Tools","stehlen",,,335,1140,,2.68874,70.6140350877193,0.000990316685113048,0.00061,,,,335
"2026-03-01","67bb5112-866d-42af-8448-058898a46d16",,"Kvg Stainless Steel Khalbatta Mid","1 pc","Kitchen Tools","Kvg",,,419,630,,1.07731,33.492063492063494,0,0,,,,419.00000000000006
"2026-03-01","c237c1d2-ab6a-4d52-9ac4-cc1eea9eb4d3",,"Crystal Stainless Steel Small Strainer, Color May Vary","1 pc","Kitchen Tools","Crystal Cookware",,,131.4228941076993,160,,47.75794,17.438320713388546,0.023434020085622443,0.04155,0.20095,0.31391,0,135.6564907787569
"2026-03-01","83f12227-5d57-4c68-9c47-56d8517d2ed5",,"Jensons Elite Sumo Cheese Grater","1 pc","Kitchen Tools","Jensons",,,81.25473677780828,145,,15.40484,44.26394098181791,0.0743152317534033,0.08708,0.49638,0.17013,1.07671,80.68873498071618
"2026-03-01","bca6f66b-b981-4d82-9275-d80f39d69b13",,"KVG 3 Pcs Knife & 1 Peeler Set","1 set (4 pcs)","Kitchen Tools","Kvg",,,119.67320053813923,149,,14.29304,19.6891042635327,0.008620750178851415,0.01453,0.09223,0.03375,0.19625,119.26471183748255
"2026-03-01","7119ea1a-87b7-4ad2-b95d-947cdce2afe4",,"Judge by Prestige Stainless Steel Laddle 1.5(32cm)","1 pc","Kitchen Tools","Judge by Prestige",,,199.00669992872417,260,,20.0278,23.458961565875324,0.005138353677582174,0.00829,,,,199.00048309178743
"2026-03-01","dd32b7d5-d6b2-445b-ab81-0ef8264c1798",,"Petals Wooden Chakla Chapati Maker Polpat Cutting Board | 26 Cm/10 Inch","1 pc","Kitchen Tools","Petals",,,260.71957851067776,342.1693982786885,,24.26392,23.979152732875285,0.02120537319469479,0.03281,0.11585,0.18098,0,255.43690989773262
"2026-03-01","9f864b1a-e32d-4734-9704-75775daeb64a",,"Happy Kitchen 100% Food-Grade Stainless Steel Ladle, 1.4 MM","1 pc","Kitchen Tools","Happy Kitchen",,,94.13803937548904,119,,37.52257,20.932901959090916,0.021866887366373374,0.03599,0.00863,0.01348,0,93.52955922072468
"2026-03-01","c38bcf4a-5d39-49a9-b1c5-734dffa5081e",,"Mastercool New Gelato Kulfi With 4 Cones (Colour May Vary)","1 set","Kitchen Tools","Mastercool",,,40.717915331196586,105,,17.02689,61.6863293639924,0.01309237749167546,0.00993,0.01225,0.01914,0,37.83511140067345
"2026-03-01","6e081d6f-fbda-4f62-b117-6cdd8a4b6b62",,"Habitat Premium Nylon Lasagna Turner | Perfect Elegant Functionality | Hanging Loop| Dish Washer Safe","1 pc","Kitchen Tools","Habitat",,,166.9416482110789,299,,85.65078,44.14385806703673,0.02049434318876055,0.02641,0.0457,0.00003,0.12693,168.8555900939742
"2026-03-01","538d28e7-ad3d-4cd6-98da-d3dc0ecea90c",,"Oggn Vintage Printed Wooden Brown Square Tray 12x12","1 pc","Kitchen Tools","OGGN",,,213.7826086956522,1199,,0.00211,82.16992421220583,0.002603924792654703,0.00091,,,,199.27846027846027
"2026-03-01","ac16a2ba-77e8-494b-978a-4bf40fa5bb8e",,"Kai Kitchen Knife Pink |Slim Pack","1 pc","Kitchen Tools","Kai",,,129.06512493817687,170,,48.51888,24.412448706785685,0.016761544244961634,0.02577,0.19801,0.30932,0,121.6345533613419
"2026-03-01","8ab2ecdf-dc76-4e9d-959f-ca472845c4f7",,"Petals Paring Knife Soft Grip - 20.5 cm Length | 10.5 cm Blade Length","1 pc","Kitchen Tools","Petals",,,53.494103709051075,87.19624884615384,,3.74338,38.71704862077465,0.009511818020741507,0.01206,0.04468,0.0698,0,53.28665809105999
"2026-03-01","9ce7b752-7a73-4fd6-a5d4-5264776efb19",,"BAY6 Premium Imported Borosilicate Glass Oil and Vinegar Bottle - 500 ml","1 pack (2 pcs)","Kitchen Tools","BAY6",,,367.8686948094515,849,,33.83553,56.737400883520685,0.04609554972191437,0.04027,0.00463,0.00724,0,176.4810649301642
"2026-03-01","63d86823-ffde-45d7-a206-d38b83863b0c",,"Zenker Spatule Silicone 30 cm","1 pc","Kitchen Tools","Zenker",,,144.64031176231177,261.96092799999997,,18.02927,44.78892008238538,0.0029209998716601964,0.00313,0.0037,0.00579,0,160.63181864464548
"2026-03-01","c5d77d40-241d-4886-bf77-d8ae0fc4910b",,"Tramontina Plenus Stainless Steel Fruit Knife/, 12cm/4.7 inch | Black | Wavy/Serrated Edge Knife | Polypropylene Handle | Dishwasher Safe | 5 Year Warranty | Made in Brazil","1 pc","Kitchen Tools","Tramontina",,,423.28531484164,495,,68.68592,14.67453709864185,0.022317742067753787,0.03318,0.20715,0.3236,0,342.9994302020143
"2026-03-01","33bc6f99-b0f8-49f4-8b43-b34ec5b82215",,"OGGN Promo Slat Rect. Oil Finish Tray 10x7","1 pc","Kitchen Tools","OGGN",,,116.02597402597404,499,,3.94935,76.748301798402,0,0,,,,116.02597402597404
"2026-03-01","3442ad1c-2545-4257-b58a-e471736425d1",,"Crystal Stainless Steel Bottle Cum Can Opener, Multicolour","1 pc","Kitchen Tools","Crystal Cookware brand",,,136.70927012324685,160,,61.69741,14.344187859112779,0.14168130708350674,0.25713,0.08483,0.12955,0.00529,137.2489019407912
"2026-03-01","c3cdd9fd-8522-4662-aa52-a198b1fc353f",,"Fackelmann Stainless Steel Sink Strainer, 6.3 Cm | Long-Lasting Construction | Easy To Use & Clean","1 pc","Kitchen Tools","Fackelmann India",,,39.32381986849594,47.50137586538461,,41.07963,17.544146653578114,0.036047961687538245,0.06223,0.30732,0.48008,0,39.380480296425354
"2026-03-01","0377ab26-ab79-4ca2-986e-e72ea48156d7",,"Jensons Elite Veg Grater","1 pc","Kitchen Tools","Jensons",,,79.06360209023,145,,52.81837,45.42971438765951,0.11465695466492619,0.1318,0.30866,0.19981,0.50228,79.13954577967385
"2026-03-01","1232fb1e-c1b2-4451-a69d-5a90e77703a4",,"Petals Ss Fruit Basket-colander-rice Vegetable Strainer Drainer | 25 cm-10 Inch","1 pc","Kitchen Tools","Petals",,,394.6700109142336,769,,7.91885,48.67750183169914,0.003006132358626055,0.00436,,,,470.1360776117906
"2026-03-01","fb457b5e-3ccd-44d1-8b3e-c2285058dc62",,"Ice Cream Maker | 8 Popsicles","1 pack","Kitchen Tools","Bombay Kookware",,,73.58925168377385,300,,24.06418,76.63337729220626,0.18180129461443745,0.08547,0.00605,0.00563,0.00679,67.94712773769005
"2026-03-01","2d0acadd-56f2-4a0c-afbb-c4fd3cc196ed",,"JASCO Stainless Steel whisk","1 pc","Kitchen Tools","JASCO",,,108.9403373883989,199,,5.6336,44.59658965755626,0.008211375847395688,0.01042,,,,119.68747138702861
"2026-03-01","03343e9b-bee2-4710-8f35-02882903b28d",,"Petals Big Blade Knife Soft Grip Handle - 28cm length | 16cm blade length","1 pc","Kitchen Tools","Petals",,,119.2331929095163,150,,26.02076,20.4996593871785,0.00647614990133138,0.0109,0.17916,0.27989,0,119.36963229013617
"2026-03-01","4d309e74-e1dd-4c8f-a8b0-c69eb37b54c7",,"Capsicum Stainless Steel Tea Strainer, Chalani, 8 cm, Medium","1 pc","Kitchen Tools","Capsicum",,,94.54203313642098,299,,20.24877,68.0050939544895,0.30386673021779814,0.204,0.57207,0.89367,0,96.03777745116021
"2026-03-01","5f9b0049-3c85-405c-a7e1-4d8d32e47808",,"Nirosta Nirosta Stainless Steel Fine Serration Tomato Knife Durable | Long-Lasting","1 pc","Kitchen Tools","Nirosta",,,64.25820105820107,129,,4.61756,50.10753205899818,0.0016809322681524104,0.00157,,,,61.66169416169417
"2026-03-01","3f861a4e-b1f5-4bfb-82f5-4ef3a867d761",,"Birch & Co. Serving Tray - Peacock With Four Free Matching Coasters","1 pc","Kitchen Tools","Birch & Co.",,,388.26100200348236,1499,,12.46448,74.1337002108878,0.03548439331081272,0.02391,0.00135,0.00211,0,379.252331916701
"2026-03-01","59cc9a05-a599-4102-8d41-5f83b7c3d05d",,"Oggn Brown Shisham Wood Chakla 9 Inch","1 pc","Kitchen Tools","OGGN",,,279.2696942974721,999,,2.25382,72.04507564589869,0.0008026777342495233,0.00071,,,,285.93033532047724
"2026-03-01","e7480d75-8e8d-45d4-91a6-5e8b4f22912a",,"BAY6 Steel Mesh Colander - 20 cm (1200 ml)","1 pc","Kitchen Tools","BAY6",,,299,636.1020965217391,,4.35328,52.99418883593855,0.0035236596964822817,0.00342,,,,299
"2026-03-01","e06de009-d59f-4289-81e6-0ba5b0097cef",,"Stehlen Melamine Era Tray | Set of 3 - Ice Butterfly","1 pack (3 pcs)","Kitchen Tools","stehlen",,,949,3399,,5.78629,72.08002353633421,0.007381768448901865,0.00434,,,,316.3333333333334
"2026-03-01","df249281-96af-49df-b6b3-6008220489f3",,"Frenchware Pure Sheesham Wooden Spoons and Spatula, for Cooking, Baking & Mixing","1 set (4 pcs)","Kitchen Tools","Frenchware",,,299,899,,13.85174,66.74082313681869,0.00976200328855954,0.00684,,,,299
"2026-03-01","24d2f5ce-352f-4094-b46f-e9de3f61a89f",,"Bombay Kookware Stainless Steel Lime Squeezer","1 pc","Kitchen Tools","Bombay Kookware",,,122.91842377059767,249,,69.58924,51.77335044524967,0.43646839695674217,0.4304,0.08385,0.12175,0.01643,119.18896741250677
"2026-03-01","56fff8c0-62d1-436a-a25a-b619deab777f",,"Anjali Onion Chopper Blue","1 pc","Kitchen Tools","Anjali",,,,,,0,,0,0,,,,
"2026-03-01","924fcedb-0f86-4848-8a7a-e693183dc57d",,"Bathla Stainless Steel Chopping Board - Medium (20 cm x 30 cm - 1.5mm Thick)","1 pc","Kitchen Tools","Bathla",,,376.1727053140097,999,,3.56848,62.345074543142175,0,0,,,,376.1727053140097
"2026-03-01","1cbd4e8f-36d3-4dc8-bf6f-31ef57993818",,"OGGN Wooden Datta Paratha Press","1 pc","Kitchen Tools","OGGN",,,59.22302422172498,125,,20.61753,52.64896290723614,0.08225340181354629,0.082,0.22601,0.26324,0.15979,59.16192446909628
"2026-03-01","8f326ca4-3751-4fcb-b7d6-cb9a271ffa26",,"Femora VEGetable Acacia Wood Rectangular Shape Chopping Board , 13.38 X 9.44 Inch (34 X 24 Cm)","1 pc","Kitchen Tools","Femora",,,,,,0,,0,0,,,,
"2026-03-01","9ee4b949-8b09-4e65-b667-b581dc7fa2f5",,"Ice Tray With Lid 18 Cubes Tray (White)","1 pc","Kitchen Tools","Bombay Kookware",,,59,235,,24.23037,74.8936170212766,0.005613966296090414,0.00297,,,,59
"2026-03-01","9bfbf448-704a-4e79-83ef-1f7f28fb0bce",,"Anjali SS Peeler 5","1 pc","Kitchen Tools","Anjali",,,51.472972972972975,70,,11.55784,26.46718146718147,0,0,,,,51.472972972972975
"2026-03-01","8f2f6619-2a66-4064-907f-35bb5b5ec4fa",,"Tramontina Ultracorte Stainless Steel Tomato Knife/,12cm/4.7 inch| Black |Micro-Serrated Edge/Wavy/Serrated Edge | Antimicrobial |Polypropylene Handle |Dishwasher Safe |5 Year Warranty|Made in Brazil","1 pc","Kitchen Tools","Tramontina",,,359.04527264920563,395,,24.2647,9.102566260421126,0.007206074107178957,0.0138,0.05018,0.07839,0,359.00180034046645
"2026-03-01","784b4254-aa00-4de5-80f9-8666760145f3",,"Oggn Blue Floral Printed Wooden Brown Square Tray 10x10","1 pc","Kitchen Tools","OGGN",,,191,1099,,0.00165,82.62056414922657,0.0023867500810071047,0.00082,,,,179.26714158504006
"2026-03-01","117bd35e-6f62-4a4e-9225-1fd21ab3a2d4",,"Judge by Prestige Stainless Steel Plain turner 1.5(32cm)","1 pc","Kitchen Tools","Judge by Prestige",,,158.78372565735071,240,,13.96984,33.840114309437205,0.0019389358255897573,0.00269,,,,158.5641996126723
"2026-03-01","ea457770-1f3a-4d56-bce8-6fa4b2f7350b",,"Cake Mould Baking Tool | 22 cm | Soham Housewares","1 pc","Kitchen Tools","Soham Housewares",,,268.52026484751207,499,,0.8884,46.16276203200051,0.004518971399963225,0.00526,0.0607,0.02993,0.11544,274.6438083988459
"2026-03-01","9e37b9b7-bd52-4e02-880b-17961bb2a3df",,"KVG Stainless Steel Doctor Pakkadifter | Wire Tong | Kitchen Utensil Holder","1 pc","Kitchen Tools","Kvg",,,75.13117572222725,109,,16.39009,29.8613432170388,0.010349460883566294,0.01609,0.03162,0.02865,0.03691,80.52671869525126
"2026-03-01","348505a3-d8b8-4084-81d8-a16f15915f4d",,"Sanjeev Kapoor by Oggn Wooden Live Edge Chopping Board 17.5x10","1 pc","Kitchen Tools","OGGN",,,387.16033277565117,1999,,13.71659,80.56791969563324,0.03811698516540491,0.02176,0.0012,0.00188,0,482.4198506308705
"2026-03-01","0fa1660b-a797-48bb-8580-8b0547528777",,"Stehlen Melamine Slant Tray Set of 3 - Donut","1 pack (3 pcs)","Kitchen Tools","stehlen",,,909,3239,,4.55645,71.93578264896573,0,0,,,,303
"2026-03-01","5d9ec3f9-63c2-444f-b6b8-7530495a2635",,"YouBee Stainless Steel Tea-Coffee Soup Stainer | Multi-Colour","1 pc","Kitchen Tools","Youbee",,,129.02899090557275,349,,46.07731,63.01630019099721,0.026027737666829705,0.02045,0.17304,0.06959,0.35707,129.18988728166678
"2026-03-01","76e1bbea-5abf-40a1-9e58-6de160de8e2b",,"Greenchef Mini Chopper Pro 650 ml","1 pc","Kitchen Tools","Greenchef",,,249.0335330027801,549,,13.23822,54.63870072809106,0.0017884337504179715,0.00171,,,,249.0017801709497
"2026-03-01","e8ea9242-7e84-406f-b764-7512fbab2453",,"Godrej Cartini Fine Dicing Knife - Teal","1 pc","Kitchen Tools","Godrej Cartini",,,119,210,,14.69534,43.333333333333336,0,0,,,,119
"2026-03-01","95eb5bd5-c951-4aa1-84bf-7fe0f9227cd7",,"Gullak Modak Mould - Size 2 Combo","1 pc X 2","Kitchen Tools","Gullak",,,18,78,,0.61728,76.92307692307692,0,0,,,,18
"2026-03-01","9fe1e5ab-52c2-4e11-a78f-a4db7254cf07",,"KVG Apple Cutter | Fruite Cutter | Fruite Slicer | Apple Slicer","1 pc","Kitchen Tools","Kvg",,,68.68538435428088,89,,34.95691,23.447129141731164,0.010910857513175333,0.01676,0.12745,0.19515,0.00702,64.85546752041499
"2026-03-01","2cfb3e75-ac13-42d2-b31c-f358885ea07f",,"Nayasa Chop N Slide","1 pc","Kitchen Tools","Nayasa",,,160.57755901408484,325,,34.78627,50.47003609543917,0.024033205115058163,0.02645,0.06317,0.09868,0,167.72058154530248
"2026-03-01","046e3083-7bc7-4cb6-a588-7ff093f463f4",,"Kuber Industries Super Stainless Steel Lemon Squeezer with Attached Bottle Opener | Silver","1 pc","Kitchen Tools","Kuber Industries",,,,,,0,,0,0,,,,
"2026-03-01","6d54ec3d-50cd-40db-9e40-4f57b10dd38b",,"Sanjeev Kapoor by Oggn Turin Square Wooden Tray 10x10","1 pc","Kitchen Tools","OGGN",,,169.58823529411765,599,,0.49437,71.68810763036433,0.0013008765227691134,0.00073,0.00033,0.00051,0,159.29268292682926
"2026-03-01","9c994690-2d1b-4f04-8cd4-9f359daf0a6d",,"Everest Stainless Steel Coconut Opener","1 pc","Kitchen Tools","Everest Utility",,,55.4569300210703,169,,23.17961,69.50030522205307,0.17976919083755086,0.11268,0.1154,0.17822,0.00367,50.18499667297169
"2026-03-01","29fbdfe0-6b83-446d-8614-fc278e2492d1",,"OGGN Wooden Belan No. 2","1 pc","Kitchen Tools","OGGN",,,58.044444444444444,149,,0.51251,61.04399701715138,0,0,,,,58.044444444444444
"2026-03-01","85d1e341-dc28-4e88-a578-252b867757d0",,"Crystal Cut Chop N Wash (3 In 1), Chopping Board","1 pc","Kitchen Tools","Crystal Cookware",,,165.22058823529412,445,,1.48741,62.87177792465301,0,0,,,,165.22058823529412
"2026-03-01","2391b29d-e0ad-4f14-a334-3122ca8ecaa7",,"Bombay Kookware Manual Ice Cream Maker | 6 Popsicles White Colour Base","1 pack (6 pcs)","Kitchen Tools","Bombay Kookware",,,32.480000000000004,225,,0.00051,85.56444444444445,0,0,,,,5.413333333333333
"2026-03-01","70fe5be4-445a-43c8-a9db-d521815aaa02",,"Soham Housewares Measuring Spoons","1 pack (6 pcs)","Kitchen Tools","Soham Housewares",,,41.95737595737596,149,,1.36741,71.84068727692889,0.00032359032035492137,0.00027,,,,7.271264646955254
"2026-03-01","837dbcf4-0ed8-4c40-83fa-05e661f7a6c2",,"Petals Wooden Spatula One-Sided Nirlep -Dosa Palta/Taveta/Turner/Khurpi | 30 cm","1 pc","Kitchen Tools","Petals",,,59.007625855882004,75.0624800485437,,46.05208,21.374814842107533,0.20689300927406598,0.34279,0.40864,0.63837,0,59.00401440346888
"2026-03-01","9f9232e8-ac9f-4137-ae4b-3fdf673017ad",,"Umai 1600 ml Borosilicate Glass Baking Tray | Transparent Microwave Utensils","1 pc","Kitchen Tools","Umai",,,423.01612903225805,995,,0.028,57.48581617766251,0.0005403306825792245,0.00075,,,,355.4522955523673
"2026-03-01","0a3c8a78-b268-4104-bbb5-10612f7e0fb3",,"Frenchware Oil Dispenser, BPA-Free Plastic, 100% Food-Grade | 2 Pack, 1 L Each - Textured Yellow","1 pack (2 pcs)","Kitchen Tools","Frenchware",,,217.58253965359634,399,,24.26642,45.43177333869772,0.012902783968407104,0.01495,0.00761,0.00032,0.02059,110.0676629377144
"2026-03-01","b1f73a86-5660-4072-a50b-9e828db37a91",,"Oggn Blue Floral Printed Wooden Brown Rectangle Tray 14x9","1 pc","Kitchen Tools","OGGN",,,247.21199633699635,1199,,3.67075,79.38181848732309,0.0011718747440504402,0.00056,,,,259.3809740383161
"2026-03-01","196231b2-f070-4bda-82cb-c1b93c55fec7",,"Petals All Purpose Multifunctional Kitchen/Household/Garden Scissor | 21 cm","1 pc","Kitchen Tools","Petals",,,188.99746061326604,223.56704686390538,,37.95848,15.437666215591626,0.01646227749231124,0.02884,0.14413,0.00321,0.39481,189.15620039811455
"2026-03-01","cda5df36-0790-4c6a-8c7d-b0845427442d",,"Cake and Cupcake Mould with 6 Cavity | Small | Baking Tool","1 pc","Kitchen Tools","Soham Housewares",,,96.3888718919969,199,,17.37471,51.62707489146724,0.012589618034211271,0.01254,0.02278,0.00955,0.04631,94.54687238462287
"2026-03-01","cd0b16ba-21d7-47da-afef-da5a04235bd7",,"Oggn Vintage Printed Wooden Brown Rectangle Tray 12x6","1 pc","Kitchen Tools","OGGN",,,217.53943452380955,1099,,0.86631,80.2056929459682,0.0004056823613577135,0.00026,,,,233.4095719095719
"2026-03-01","9a7e8f02-4736-413d-b060-d11e6ebe27d2",,"Stehlen Melamine Slant Tray Set of 3 - Queen Rose","1 pack (3 pcs)","Kitchen Tools","stehlen",,,909,3239,,11.69732,71.93578264896573,0,0,,,,303
"2026-03-01","ea5185d9-cf03-4d36-b64f-b50cff76d7c4",,"Greenchef Stainless Steel Knife 3Pcs Set - Culter","1 pack (3 pcs)","Kitchen Tools","Greenchef",,,406.4025974025974,499,,7.0413,18.556593706894308,0,0,,,,135.4675324675325
"2026-03-01","55b2d048-45d0-4b6b-b840-6e86c7645c53",,"Signoraware Water Dispenser | 6.5 L | Blue | Water Storage Container","1 pc","Kitchen Tools","Signoraware",,,391.42424242424244,540,,4.2753,27.514029180695847,0.0011727434428970306,0.00178,,,,389.26446280991735
"2026-03-01","9a0a4d5b-11b6-4dbb-8bb4-79b304783416",,"OGGN Neem Wood Premium Spoon Small","1 pc","Kitchen Tools","OGGN",,,19,149,,0.22753,87.24832214765101,0,0,,,,19
"2026-03-01","4990bf1b-b0e5-4e6e-bb1e-06b7eda4ee1a",,"Habitat Pro Series SS Skimmer With Ss Insert","1 pc","Kitchen Tools","Habitat",,,225.76625871294294,349,,81.81088,35.242071599064836,0.05358655705077498,0.07231,0.01495,0.00961,0.02444,224.4538724201558
"2026-03-01","41fa5e24-0808-4d3e-b9ff-098f4744545a",,"KVG Wooden 3 Pcs Spetula Tavetha Spoon Set | Serving Spoon Set","1 set (3 pcs)","Kitchen Tools","Kvg",,,110.69579467376802,149,,15.44296,25.722222761919745,0.009358275499606654,0.01448,0.00548,0.00735,0.00215,109.61394007448794
"2026-03-01","3fb80267-3f66-4702-bf46-7fc2fea9c6f3",,"Ritu 2 In One Vegetable Slicer Plain Slicer & Grater","1 pc","Kitchen Tools","Ritu",,,162.40909090909093,330,,0.00394,50.78512396694214,0,0,,,,162.40909090909093
"2026-03-01","dd86f242-e7e7-42f5-a56d-793870d26a1c",,"Anjali Chopping Board Square | Set of 1 | 26 x 30 x 1 cm | Plastic","1 pc","Kitchen Tools","Anjali",,,136.11410089262029,260,,34.17313,46.858491454931254,0.007199341691117881,0.01026,,,,160.3192569528846
"2026-03-01","b7caf2ad-0e6c-4248-9a43-5cb8ba3727ea",,"Java Prime Knife 7 Inch - 420 Grade Stainless Steel Knife | Small","1 pc","Kitchen Tools","Java",,,69,139,,8.03448,50.35971223021583,0.00040155604183640914,0.00042,,,,69
"2026-03-01","afff3ad4-9cf0-4265-9aa7-cbe6509b3ab8",,"Anjali Lazer knife","1 pc","Kitchen Tools","Anjali",,,39.355436779490674,50,,61.47747,21.463396154646198,0.47921446110091553,0.79214,1.11072,1.66077,0.13229,39.266321316922856
"2026-03-01","55a3c1ec-8aaa-43d4-b48e-296541d29d23",,"Ritu Chopping Board No.3 Brown Color","1 pc","Kitchen Tools","Ritu",,,112.13072344322345,230,,5.65867,51.24751154642459,0,0,,,,112.13072344322345
"2026-03-01","8ce7cf3e-992a-4b1c-a8d0-ff811cf04bf3",,"Vesta Homes Acacia Wood Small Serving Tray For Home, Kitchen, Restaurant, Office | 25 x 18 x 3.5 Cm","1 pc","Kitchen Tools","Vesta Homes",,,376.5390968558737,799,,67.88193,52.87552578580633,0.32598032805660315,0.32294,0.04951,0.03714,0.07152,376.51958867906916
"2026-03-01","79bbfb6d-76f9-4ce0-806a-d4219f90cae6",,"BAY6 Steel Frying Tong","1 pc","Kitchen Tools","BAY6",,,151.2877564960723,328.8873068,,37.92855,54.01347006963285,0.02360645680667063,0.02274,0.00514,0.00803,0,150.41158619094938
"2026-03-01","251ee12f-a69a-49cb-a28e-256822f3b885",,"Sanjeev Kapoor by Oggn Mixwood Graned Chopping Board 17.5x12","1 pc","Kitchen Tools","OGGN",,,272.84338624338625,1999,,14.94494,86.35100619092616,0,0,,,,272.84338624338625
"2026-03-01","370b5caf-d078-4b62-ac56-d4402a4762da",,"Anjali Egg Beater Mini","1 pc","Kitchen Tools","Anjali",,,84.65714285714287,180,,3.75951,52.96825396825396,0,0,,,,84.65714285714287
"2026-03-01","16ec4645-9d41-4746-b4d4-bc7052ed4818",,"Sanjeev Kapoor by OGGN Wooden Jali Plain Serving Tray,Snack,Breakfast,Coffee - 12x8 Inch","1 pc","Kitchen Tools","OGGN",,,333.75445210047985,1199,,30.52518,72.11044806195491,0.049084308103608615,0.03444,0.00267,0.0028,0.00243,362.95871337148884
"2026-03-01","85905b41-29c1-4bce-a5ed-252b68b1a1c6",,"KVG Baking Cup Spoon | Coocking Measurement Spoon Set","1 pack (5 pcs)","Kitchen Tools","Kvg",,,39.293372003260515,79,,56.6394,49.42305504800944,0.03653008954739591,0.03916,0.02689,0.03278,0.01641,8.142815325115087
"2026-03-01","6e176908-b98d-49a3-a7e8-0f98793f7373",,"YouBee Stainless Steel Knife for Slicing | Chopping Leafy and Other Vegetables | Multi-Colour","1 pc","Kitchen Tools","Youbee",,,59.350874543034074,199,,32.12127,70.21971151201417,0.02419760637177539,0.01524,0.36621,0.0863,0.86412,59.25856350772051
"2026-03-01","1c2e67a7-4b7d-446b-907f-978db391433e",,"Oggn Blue Floral Printed Wooden Brown Rectangle Tray 10x6","1 pc","Kitchen Tools","OGGN",,,180.36363636363637,999,,0.37555,81.94558194558195,0.0021695753693595065,0.00077,,,,169.12388503468782
"2026-03-01","b1dd40a0-2ef7-43eb-9ba1-b9728869ec8f",,"Femora Leak Proof Oil Flow Oil Bottle Dispenser With Silicone Support 500Ml Borosilicate Glass","1 pc","Kitchen Tools","Femora",,,342.2038936475711,600,,32.29862,42.9057405277967,0.0321722617834752,0.04257,,,,350.02240566019157
"2026-03-01","206336bc-d272-4f6d-9f79-33cbd747a417",,"Judge by Prestige Stainless Steel Plain turner 1.5(27cm)","1 pc","Kitchen Tools","Judge by Prestige",,,119,150,,6.66583,20.666666666666668,0.00032576206747139734,0.00054,,,,119
"2026-03-01","db93113f-166b-4bcc-8b04-01975b36862d",,"Signoraware Water Bottle | 1.1 L | Green | Water Bottle, Plastic Bottle","1 pc","Kitchen Tools","Signoraware",,,199.21052631578948,325,,4.45222,38.70445344129555,0,0,,,,199.21052631578948
"2026-03-01","53b615b8-3d92-46cc-9ba6-badcbaa1b929",,"OGGN Neem Wood Premium Jhara","1 pc","Kitchen Tools","OGGN",,,20.956521739130434,149,,0.2493,85.93522030930843,0.00032359032035492137,0.00009,,,,19.263157894736842
"2026-03-01","ec676960-a5ef-43a4-9e49-36f83d9b0b6e",,"Umai 1600 ml Borosilicate Glass Baking Tray | Transparent Microwave Oven Safe Utensils - Oval","1 pc","Kitchen Tools","Umai",,,322.40880102040813,895,,1.95133,63.97667027704937,0,0,,,,322.40880102040813
"2026-03-01","e2f332fa-3678-4a03-ab74-efbb5f984847",,"Everest Performer Kitchen Knife Set","1 pack (3 pcs)","Kitchen Tools","Everest Utility",,,124.51230017853986,275,,69.9546,54.904459188699896,1.9540933174144897,1.84603,2.77925,1.44286,5.15639,41.33361845851608
"2026-03-01","f24ff1b1-a3a4-4bfc-9ea9-505b67027e74",,"Habitat Pro Series Ss Whisk With Ss Insert | Absolute Functionality with Impressive Design","1 pc","Kitchen Tools","Habitat",,,206.762074508321,299,,78.9805,32.13628393068334,0.05791571775275821,0.07511,0.04943,0.02526,0.09242,185.919378510522
"2026-03-01","61dc0d3f-02ab-4692-bd04-f04250b7bfd7",,"Birch & Co. Serving Tray - Pink Bloom With Four Free Matching Coasters","1 set (5 pcs)","Kitchen Tools","Birch & Co.",,,367.5265151515151,1499,,3.4615,75.48188691450868,0.0032554489275974973,0.0016,0.00209,0.00327,0,349.52864245568526
"2026-03-01","d1ed9bd5-ac71-42bd-b157-d8adc72ef1b6",,"Tramontina Ultracorte Stainless Steel Cleaver Knife/,15.2cm/6 inch | Black | Straight/Plain Edge | Antimicrobial |Polypropylene Handle |Dishwasher Safe | 5 Year Warranty | Made in Brazil","1 pc","Kitchen Tools","Tramontina",,,1034.7241379310344,1295,,23.0824,20.441849515020248,0.054336026980670846,0.06983,0.02938,0.04589,0,787.8949459271753
"2026-03-01","c66c725c-63f4-468c-891d-c072cf2ae0fd",,"Anjali Utility Set | Pack Of 5","1 set  (5 pcs)","Kitchen Tools","Anjali",,,362.2680559214357,685,,66.71956,46.995556178343136,0.016423837568349618,0.02347,0.00672,0.0105,0,406.8884717664023
"2026-03-01","756918f2-2336-45b3-9f7f-a7e156cc76eb",,"KVG Barbeque Stick Srewers | Grilling Scweres | Wooden Decorative Stick","1 pack (40 pcs)","Kitchen Tools","Kvg",,,74.28458720470731,79,,89.34629,5.9925164557692465,1.5494953093920325,3.07893,0.75512,0.90118,0.49533,1.8566477999985573
"2026-03-01","528fa533-08cd-4014-8381-a8fb3371b0dd",,"Capsicum Steel Oil Dispenser 750Ml With Handle","1 pc","Kitchen Tools","Capsicum",,,206.33777594106957,599,,57.01658,65.61097054684683,0.3922407669297088,0.28338,1.04094,1.53114,0.16899,205.73402801420758
"2026-03-01","35f1b6a2-c7d6-4d62-a707-56fdbcb32e6a",,"KVG Stainless Steel 7 In 1 Grater | Carrot Grater | Garlic & Ginger Grater | Slicer Cutter","1 pc","Kitchen Tools","Kvg",,,125.73628439069729,169,,54.15692,25.732164143332064,0.17710011363140188,0.27674,0.27946,0.27958,0.27924,125.46758283075494
"2026-03-01","585d5a95-2a7c-4be0-8c41-6f7d3d021909",,"Cutting EDGE Silicone Baking Mat|Non-Stick Glass Fiber Sheet for Dough,Cookies,Macaroons|Medium Size","1 pc","Kitchen Tools","Cutting Edge",,,199,500,,26.72598,60.2,0,0,,,,199
"2026-03-01","42779be5-6148-4c8e-b471-e0b440d67d60",,"KVG Ss Jhara | Skimmer Puri Jhara Fraying","1 pc","Kitchen Tools","Kvg",,,76.83551444679398,109,,9.14795,29.68153842453078,0.006356052285790257,0.00985,0.37468,0.19598,0.69256,78.52885206484054
"2026-03-01","3897ac82-f6a5-49e0-a8a4-745d0cb2dca8",,"Oggn Wooden Akhand Chakla 10 Inch","1 pc","Kitchen Tools","OGGN",,,319.04949035913984,1099,,21.37918,70.96910915749409,0.02448840331067153,0.01968,,,,345.9332140833374
"2026-03-01","f21ea5d9-219e-46b3-8258-ea33d35ade4b",,"Ganesh 14 In 1 Multipurpose Chopper Fruits & Vegetable Cutters Chopper For Kitchen (Green, Plastic)","1 pc","Kitchen Tools","Ganesh",,,617.5612591216354,1088,,49.91649,42.64880083083876,0.08957588156616837,0.11169,0.02686,0.04197,0,645.4754751710103
"2026-03-01","b4564c42-2df5-4ea1-96c9-2f2d89189a49",,"Petals General All Purpose Household Scissor| Colour May Vary - 14 cm","1 pc","Kitchen Tools","Petals",,,82.43146405827108,124.55625645833334,,10.47546,33.72279783193009,0.010791411421769155,0.01517,0.04271,0.00021,0.11831,81.73944367387726
"2026-03-01","16406e58-e821-426d-a93b-68500f5d0af2",,"Signoraware Borosilicate Glass Oil Dispenser | 1000 ml | Clear | Oil Bottle, Kitchen Dispenser","1 pc","Kitchen Tools","Signoraware",,,435,580,,11.60501,25.000000000000007,0.0030986487857879324,0.0049,,,,434.9999999999999
"2026-03-01","f7c3b364-a348-442d-be61-96cb0dd47ead",,"YouBee Silicone Ice Cube Tray for Freezer| Honeycomb 37 Cavity Ice Cube Mould | Multi-Color","1 pc","Kitchen Tools","Youbee",,,73.61756280999701,199,,9.78446,62.73977801930063,0.007779198171216969,0.00611,0.01417,0.02214,0,76.87587970086238
"2026-03-01","658bafae-308d-4f0c-b746-16a1048bac63",,"Kai Hocho Slicing Knife","1 pc","Kitchen Tools","Kai",,,95.00586710354305,169,,19.20147,43.568980522583644,0.01070606176009165,0.01393,,,,94.7941598869422
"2026-03-01","2abec4b8-1c79-4d01-8c63-645dbb38629e",,"Nirosta Stainless Steel 2-In-1 Multi-Purpose Super Scissors And Opener, 21 Cm","1 pc","Kitchen Tools","Nirosta",,,239.0421492626747,496.7888250403226,,75.40449,51.883618516982004,0.1341509911318379,0.13599,0.00721,0.01126,0,239.277500765213
"2026-03-01","b329d659-c461-41bf-80b9-6dcbcc849f6a",,"Bombay Kookware Wooden Chakla & Belan","1 set  (2 pcs)","Kitchen Tools","Bombay Kookware",,,261.23543010847504,599,,84.33744,56.51506806566827,1.6272544977227434,1.48927,0.10826,0.07694,0.16397,260.44199113254405
"2026-03-01","f26219f5-7c3b-4b6b-a00c-b865223fe56e",,"KVG Wooden Belan | Puri Belan | Roti Belna Chapaati Maker","1 pc","Kitchen Tools","Kvg",,,,,,0,,0,0,,,,
"2026-03-01","737f5fe4-0dfd-435c-8193-6fb8b82626d7",,"Ambition 3 Piece Kitchen Funnel With Detachable Strainer | Pack of 3pcs + Detachable Filter - Assorted","1 set","Kitchen Tools","Ambition",,,88.70084021226415,159,,10.41437,44.144706682946456,0.03570178519717197,0.04212,0.00859,0.00753,0.01048,89.00964900606162
"2026-03-01","c790cd78-8d3b-4d5d-8a75-bec2d6779bad",,"Trustbasket Premium Stainless Steel Skewers (Set Of 3) | Rustproof Bbq Kabab Skewers","1 set  (3 pcs)","Kitchen Tools","TrustBasket",,,200.4403957260218,399,,46.58236,49.81824473390779,0.1844671141999117,0.19524,0.02859,0.02559,0.03392,200.18606928095824
"2026-03-01","e83b847a-7729-4dcf-b129-a74ef7dafc28",,"Tramontina Ultracorte Stainless Steel Chef Knife/,15cm/5.9 inch | Black | Straight/Plain Edge | Antimicrobial |Polypropylene Handle |Dishwasher Safe | 5 Year Warranty | Made in Brazil","1 pc","Kitchen Tools","Tramontina",,,580.9560277714053,695,,40.22361,16.409204637207882,0.022052137395408775,0.03843,0.10824,0.16908,0,574.8453810067886
"2026-03-01","10cd4fac-eda8-4fcc-a834-5acd368519df",,"Sanjeev Kapoor by OGGN Marble Chakla/Rolling Pin Board/Roti & Chapati Maker - 9 Inch","1 pc","Kitchen Tools","OGGN",,,271.47379545106367,499,,5.29874,45.60794583659607,0.03060382601595625,0.03491,0.0237,0.03702,0,270.6450770275798
"2026-03-01","cfdef3c1-5701-4348-9b25-4301c28ab209",,"Frenchware Pure Sheesham Wooden Spoon and Spatula, for Cooking, Baking & Mixing","1 set (2 pcs)","Kitchen Tools","Frenchware",,,169.04504504504501,499,,17.26815,66.12347502021588,0.004876658150046819,0.00348,,,,169.00143957388616
"2026-03-01","5985d2da-3f03-4fb4-8e5d-ea502814d4db",,"KVG Nova Stainless Steel Peeler | Fruit & Vegetable Peeler","1 pc","Kitchen Tools","Kvg",,,39.57142857142857,49,,0.11713,19.24198250728863,0,0,,,,39.57142857142857
"2026-03-01","50364883-ef64-43d9-be06-c1ddb849ff46",,"Sanjeev Kapoor by OGGN Wooden Cutting,Serving Board | Vegetables,Fruits With SS Handle - 15x10 Inch","1 pc","Kitchen Tools","OGGN",,,390.0216344171114,899,,52.0492,56.59036787532302,0.3856195443209967,0.35334,0.39308,0.21066,0.71757,390.58757053249616
"2026-03-01","4b816bb8-f197-4356-8f92-cdef5b55f024",,"Petals SS Juice Soup Rice Vegetable Strainer Drainer | 15 Cm - 6 inch","1 pc","Kitchen Tools","Petals",,,246.06010928961751,429,,29.23911,42.64333116792133,0.00030751939169299913,0.00047,,,,289.95568783068785
"2026-03-01","4edd5ed5-f2c9-48f2-86fb-8b53695a7905",,"Ritu Zebra Kitchen Knife 8"" ( Plain Knife )","1 pack (2 pcs)","Kitchen Tools","Ritu",,,52.15972501676727,110,,1.98948,52.5820681665752,0.00023889218281235804,0.00036,,,,26.939834656084656
"2026-03-01","dd9b25b4-7c4e-4681-8eb1-1ba09f7889ae",,"Crystal 9 Inch All Purpose Knife","1 pc","Kitchen Tools","Crystal Cookware",,,141.46484634364262,165,,61.41347,14.190435160899717,0.02073388689570785,0.03789,0.20163,0.31498,0,142.9134936054582
"2026-03-01","d515c5e0-0a53-48e2-90fc-73df5968d5a8",,"Mastercook Kwality Kulfi Maker 6 Cones","1 set","Kitchen Tools","Master Cook",,,54.13637911852459,140,,13.89068,61.933929212651286,0.012848924639918501,0.01026,0.00383,0.00598,0,48.58447836265545
"2026-03-01","e3b7cc30-f45f-42fa-9069-35fccd7c1613",,"Petals Ss Multipurpose Serving Spoon Spatula Stand-decorator Holder | 19cm-7.5 Inch Ht","1 pc","Kitchen Tools","Petals",,,201.63439128656273,379,,10.27727,46.002437512936574,0.004321342412363909,0.00636,,,,262.78125660344256
"2026-03-01","cd09d3ea-328c-4626-b2db-67c98f6e0241",,"Ritu Multipurpose Kitchen Scissor 8"" ( 20.5 Cm ) (Colour May Vary)","1 pc","Kitchen Tools","Ritu",,,,,,0,,0,0,,,,
"2026-03-01","0586a45a-46c3-48f3-aba3-0a4aaf2f9ba8",,"Crystal Super Veg Swivel Stainless Steel Peeler (Colour May Vary)","1 pc","Kitchen Tools","Crystal Cookware",,,99.71220139220836,120,,43.42123,16.973880297930304,0.024773553707064824,0.04329,0.08942,0.13125,0.01502,99.53242279666341
"2026-03-01","2cf7dfcb-276b-4b0d-b7a5-37dfb3c60468",,"Vesta Homes Acacia Wood Round Chopping Board/Cutting/Serving Board & Platter|29.5 X 29.5 X 1.5 Cm","1 pc","Kitchen Tools","Vesta Homes",,,438.75257341611234,1299,,14.33653,66.31653244551046,0.03348682031307811,0.01675,0.02666,0.01384,0.04947,327.4342086220351
"2026-03-01","11b0e30f-92f8-477c-8a42-03e18fd3f6b3",,"Crystal Stainless Steel Oil Pourer/Dispenser , 500 ml","1 pc","Kitchen Tools","Crystal Cookware",,,299,445,,2.53651,32.80898876404494,0,0,,,,299
"2026-03-01","269988bd-d211-43ba-b64d-4517c71e4f67",,"Pigeon Manual Hand Held Vegetable - 400 ml","1 pc","Kitchen Tools","Pigeon by Stovekraft",,,197.336046333031,545,,17.80935,64.59639577209795,0.2579681579593482,0.18512,0.11951,0.17706,0.01714,191.3208050091448
"2026-03-01","9aec5a7f-628c-409c-bb97-e198bedcaced",,"YouBee Silicone Ice Cube Trays | 2 Pcs | 24 Cavity Per Ice Tray | Multi-Color","1 pc","Kitchen Tools","Youbee",,,142.47919254658385,399,,20.09648,64.57666351166905,0.034981633853348536,0.02592,0.0306,0.03209,0.02796,140.26827325837147
"2026-03-01","f8bf3384-e0a5-49f5-9587-9c7cd6825540",,"Kuber Industries Stainless Steel Double Mesh Tea Strainer 8 cm Diameter (Silver) (CTKTC01762)","1 pc","Kitchen Tools","Kuber Industries",,,,,,0,,0,0,,,,
"2026-03-01","ac2712b9-3c90-461a-b128-96b326e2e450",,"Tramontina Plenus Stainless Steel Fruit Knife/, 12cm/4.7 inch | Black | Wavy/Serrated Edge Knife | Polypropylene Handle | Dishwasher Safe | 5 Year Warranty | Made in Brazil","1 pc","Kitchen Tools","Tramontina",,,79.01333333333334,145,,20.91403,45.74324846542165,0.004336110292755946,0.00453,,,,70.93772171856524
"2026-03-01","00e1cfe3-c434-4cff-89d1-00a95be5718e",,"Habitat Gourmet 3.5 Inch Peeling Knife With Ultra Razor-Sharp Blade | Precision-Honed Blade","1 pc","Kitchen Tools","Habitat",,,116.64754842037864,249,,43.80773,53.31622829509168,0.030786252773740228,0.03267,0.0589,0.04168,0.08954,114.1970258742866
"2026-03-01","73419cbf-97ec-4357-aae3-a7b7e6b9f046",,"Crystal Stainless Steel Spatula Silver Standard","1 pc","Kitchen Tools","Crystal Cookware brand",,,105.20910146334887,135,,63.82138,22.070505465590955,0.08454720111796823,0.13865,0.20208,0.31569,0,105.25478146581756
"2026-03-01","65f765f3-e3b1-4b71-b760-85149c77a9fb",,"BAY6 Stainless Steel Strainer Size 1","1 pc","Kitchen Tools","BAY6",,,63.41089466089466,249,,1.77103,74.53377724462061,0.006489180384030236,0.00365,,,,70.06279546664162
"2026-03-01","ffca8551-45c2-4d97-81c7-a57040cae32d",,"Sanjeev Kapoor by Oggn Wooden Live Edge Chopping Board 17x10","1 pc","Kitchen Tools","OGGN",,,445.29301242909594,1999,,19.46551,77.72421148428735,0.01597602331293227,0.00926,0.03779,0.02861,0.05411,530.9478648736145
"2026-03-01","175d92fa-5584-4215-a7f0-c65a1f378184",,"Signoraware Quick Chopper Big with 3 Steel Blades | 725 ml | Assorted","1 pc","Kitchen Tools","Signoraware",,,269.01479412134717,389,,73.32449,30.844152009136565,0.30175883246654656,0.43989,0.37027,0.57843,0,269.017015365686
"2026-03-01","bcdfe2d6-2bca-48cf-a2c8-a9910e9c58cf",,"Anjali Scraper Large","1 pc","Kitchen Tools","Anjali",,,104.77153016324138,225,,36.50649,53.45054966828112,0.0035718724824680484,0.00419,,,,111.58733896241615
"2026-03-01","f6268d94-1e43-4c67-91bc-387ae0a08772",,"Habitat Premium Quanlity Utility Knife | Razor Sharp | Light Weight And Strong","1 pc","Kitchen Tools","Habitat",,,171.79265893075345,299,,34.14407,42.21223539363597,0.018532604018447797,0.02627,0.07464,0.06731,0.0877,178.72942169789795
"2026-03-01","6ec893b7-37f0-48ae-9fd1-e281d73770e1",,"Anjali Salad Knife","1 pc","Kitchen Tools","Anjali",,,38.92155388471178,41,,11.63465,5.0688093850709395,0.00030187284919016156,0.0006,0.04047,0.06323,0,38.90081845238095
"2026-03-01","82658748-5ed9-474e-9631-820081f3da92",,"Sanjeev Kapoor by Oggn Wooden Printed Tray Yellow | 14x9 in","1 pc","Kitchen Tools","OGGN",,,628.6031029823935,1199,,81.82823,47.57393159353843,0.2747151514986294,0.30348,0.09526,0.0836,0.11599,628.4267945206539
"2026-03-01","ae5b61c3-6f70-4a21-a694-4b27906adbd5",,"Kuber Industries Stainless Steel Deep Fry Strainer for Chips & Pasta | Silver","1 pc","Kitchen Tools","Kuber Industries",,,,,,0,,0,0,,,,
"2026-03-01","53c6bc9f-b655-4c6c-b540-3e5fbbea37ba",,"KVG Chakla Belna Chappati Maker","1 pc","Kitchen Tools","Kvg",,,272.6934306569343,499,,4.74231,45.352017904421984,0.002004956937930627,0.00215,,,,256.3870356330553
"2026-03-01","6562ecfc-c411-48e4-90f1-a95a2a107b51",,"Joyo Chopping Board (Small) - Assorted","1 pc","Kitchen Tools","Joyo",,,137.28495661269358,295,,58.93416,53.32023237238843,0.040663358659473,0.03979,0.11812,0.18453,0,137.381276352852
"2026-03-01","00979129-a53a-4598-a8d3-639f58af863b",,"Frenchware Plastic Colander Bowl, Food-Grade Plastic, BPA-Free, Dishwasher-Safe - Green & White","1 pc","Kitchen Tools","Frenchware",,,190.6261600155699,399,,61.15005,52.59268232087555,0.056731898399567146,0.05335,0.30672,0.37241,0.18987,179.41117298642843
"2026-03-01","791a04e9-f35b-4170-a405-46dd19a670d8",,"KVG Stainless Steel Chimta |Chapati Chimta","1 pc","Kitchen Tools","Kvg",,,95.41792560868325,129,,49.44397,26.08092833617982,0.15261822556207977,0.23736,0.18784,0.21507,0.13941,95.32370485358902
"2026-03-01","8393abf2-0208-4009-b4d5-470da54d7caf",,"Birch & Co. Serving Tray - Mughal With Four Free Matching Coasters","1 set (5 pcs)","Kitchen Tools","Birch & Co.",,,391.9567452712299,1499,,10.15483,73.85996982565112,0.020607056864105657,0.0125,0.00065,0.00102,0,386.320454011995
"2026-03-01","b6c12c83-4d82-4ed5-a1be-76a11b1d6369",,"OGGN Promo Slat Rect. Oil Finish Tray 14x10","1 pc","Kitchen Tools","OGGN",,,,,,0,,0,0,,,,
"2026-03-01","355b7596-aa98-48e6-b5e2-0746385b50e4",,"OGGN Neem Wood Premium Veg Spoon","1 pc","Kitchen Tools","OGGN",,,32.333333333333336,149,,0.13402,78.29977628635346,0,0,,,,32.333333333333336
"2026-03-01","9c5bd1d3-62c3-4fb2-9afa-b569e194b805",,"Everest Stainless Steel Lemon Squeezer with Opener","1 pc","Kitchen Tools","Everest Utility",,,147.3612366772241,289,,83.15107,48.74805109107478,0.9017246049906433,0.9703,0.08498,0.11427,0.03287,148.12658889897307
"2026-03-01","8f7c226d-afea-4557-acc0-03a66e593da7",,"Proclean Fruite and Vegitable Bowl Big Size","1 pc","Kitchen Tools","Pro Clean",,,37.255804851594064,143,,23.48194,75.1097228944523,0.04287267700106402,0.03034,0.09986,0.11158,0.079,34.59562785238512
"2026-03-01","08aa60e1-662c-4286-b861-ad18188c9ea3",,"Umai 2200 ml Borosilicate Printed Glass Baking Tray | Transparent Microwave Oven Safe Utensils","1 pc","Kitchen Tools","Umai",,,430.85507111935686,1295,,6.51868,66.7293381375014,0.0036281207327847763,0.00377,,,,470.7099776739657
"2026-03-01","4577f028-a941-4657-af7e-d7c087b070b2",,"Petals SS Juice Soup Rice Vegetable Strainer Drainer | 13 Cm - 5 inch","1 pc","Kitchen Tools","Petals",,,182.4920634920635,369,,2.08454,50.544156235213144,0,0,,,,182.4920634920635
"2026-03-01","b09c58ef-470a-4c3e-bfd3-1d60e7d05f63",,"Petals Wooden Cooking Skimmer Jhara Spoon Spatula | 40cm","1 pc","Kitchen Tools","Petals",,,76.25324675324676,149,,1.4051,48.82332432668003,0.00032359032035492137,0.0005,,,,87.89842873176207
"2026-03-01","187d5173-7f43-47dd-b595-7bb9c074c184",,"Habitat Ultra Grip Vegetable Knife Red Stainless Steel With Ultra Razor-Sharp Blade","1 pc","Kitchen Tools","Habitat",,,59.19961574748546,75,,73.91839,20.97621013540108,0.20887407699371538,0.34789,0.94025,0.80503,1.18076,59.270996536226335
"2026-03-01","ffed443a-564b-47fd-969f-924cd9d9d37a",,"Kvg Marble Kharal No.3","1 pc","Kitchen Tools","Kvg",,,279,425,,0.75812,34.35294117647059,0.00011988044082947424,0.00017,,,,279.00000000000006
"2026-03-01","4d1bb11f-60d6-49de-b23f-49456922601e",,"Habitat Professional Bread Knife With Ultra Razor-Sharp Blade with Precise Cutting","1 pc","Kitchen Tools","Habitat",,,199.5791752375857,399,,66.1601,50.024782548340276,0.03271172376720784,0.03615,0.15248,0.09886,0.24785,201.19804594392883
"2026-03-01","618ef476-ad84-47ef-81c7-d3515b5950ba",,"KVG Stainless Steel Pakkad | Tong Iifter | Kitchen Utensil Holder","1 pc","Kitchen Tools","Kvg",,,136.67911298626072,189,,37.25917,27.425791677223454,0.010528630020675564,0.01694,0.06215,0.04116,0.09948,145.3074774959389
"2026-03-01","f6124178-1ea2-4200-9585-1bb381905d3d",,"Anjali Scraper Small","1 pc","Kitchen Tools","Anjali",,,99.0973287789414,225,,27.11122,55.95674276491493,0.0017929944193625712,0.00176,,,,92.3096968964679
"2026-03-01","32d220ce-e8a2-4a23-98fe-ea0bf7119c0e",,"Nayasa Oil Dispenser","1 pc","Kitchen Tools","Nayasa",,,113.62842458202871,175,,27.21665,35.08461960328527,0.005830272308891422,0.00808,0.00433,0.00677,0,113.19097910026186
"2026-03-01","164b7e44-9115-4458-87af-2c00cda65926",,"Jensons Elite Slicer","1 pc","Kitchen Tools","Jensons",,,89.12108521797987,150,,57.35176,40.51494946587673,0.12298495333247664,0.154,0.52045,0.20905,1.07437,89.25956374969998
"2026-03-01","7a698610-ccd9-44ab-b0ac-caf135d98976",,"Femora Vegetable Acacia Wood Chopping Board Anti Bacterial Seasoned 135 X 95 Inch (34 X 245 Cm)","1 pc","Kitchen Tools","Femora",,,418.9366583313612,500,,56.71506,16.21235972445871,0.020609880135357073,0.0364,0.02868,0.04481,0,418.76966049413574
"2026-03-01","2953ad2a-b8b9-47d2-b13d-96658d7c4385",,"Vesta Homes Set Of 3 Neem Wood Spoon, Compact Flip, Spatula/Ladle|No Polish| Non-Stick|Hand Carved","1 pack (3 pcs)","Kitchen Tools","Vesta Homes",,,373.50049309664695,1033.9891142011836,,8.24394,63.89343569118567,0.020392271074286178,0.01383,0.00295,0.00461,0,126.6479850654232
"2026-03-01","9e437ecf-35cd-4ac2-987e-b9e38fb5e7f6",,"Chopping Board Plastic White 40x25 Cm","1 pc","Kitchen Tools","Bombay Kookware",,,149,550,,1.63399,72.9090909090909,0.00023889218281235804,0.00014,,,,149
"2026-03-01","70dd466b-c096-4911-908a-fa786ee894c9",,"AGARO Elegant Glass Oil Bottle with Brush 250ml","1 pc","Kitchen Tools","Agaro",,,187.26580916626887,299,,90.9753,40.464187822524366,0.6663200308726339,0.83353,0.10456,0.16333,0,177.37079725568356
"2026-03-01","b870ec13-80d5-4d5a-acb8-7831c0bd14be",,"Anjali Peeler (Assorted Colours)","1 pc","Kitchen Tools","Anjali",,,58.90604276577032,65,,73.67863,9.310061367609858,0.7457314844095597,1.42518,1.77178,1.2524,2.69564,58.949462615884684
"2026-03-01","525319fe-8520-481b-a664-6fed9e7a906d",,"Tramontina Plenus Stainless Steel Tomato Knife/, 12cm/4.7 inch | Black | Micro-Serrated Edge/Wavy/Serrated Edge Knife | Polypropylene Handle | Dishwasher Safe | 5 Year Warranty | Made in Brazil","1 pc","Kitchen Tools","Tramontina",,,97.21741551459296,145,,9.45812,33.0043744868637,0.003936291648612718,0.00553,,,,96.70671739047108
"2026-03-01","22294031-6a0e-4839-bb22-fe66f1e3a402",,"Rusabl Pure Sheesham and Wooden Spatulas for Cooking, Non-Stick, Heat Resistant","1 pack (5 pcs)","Kitchen Tools","Rusabl",,,126.5,699,,0.8521,81.90271816881258,0.0015180512344167118,0.00096,,,,28.287161198288153
"2026-03-01","1900e377-b843-425e-9c25-edbc8364cd0d",,"Frenchware Colander Bowl with Handle, Food-Grade Plastic, BPA-Free, Easy to Clean - Peach","1 pc","Kitchen Tools","Frenchware",,,189.13953093929575,349,,63.32029,45.80453098933747,0.014953999119918671,0.01709,0.22456,0.23246,0.21051,189.2685628756277
"2026-03-01","95d4bc41-1ff3-4e31-92fc-6c00efd0022a",,"Hazel Stainless Steel Pizza Cutter With Handle, Beveled Edge Spatula For Easy Slicing","1 pc","Kitchen Tools","Hazel",,,,,,0,,0,0,,,,
"2026-03-01","e82079ec-9b0e-43ad-ac9b-14ff1c811349",,"KVG Kitchen Scissor | Scissor For Vegetable , Pizza,Herbs","1 pc","Kitchen Tools","Kvg",,,109.89195140678439,139,,38.15293,20.96202088384606,0.022097744084854765,0.03655,0.07116,0.00924,0.1813,109.49050358681946
"2026-03-01","9cadd192-4def-4499-abd0-77aee31dc773",,"Kitchen Scissor for General Use | Stainless Steel Multi-Function Scissor | Assorted","1 pc","Kitchen Tools","Bombay Kookware",,,133.29310910438323,445,,84.75951,69.97109939587686,1.720516051320283,1.06706,0.35084,0.09579,0.80452,133.67016810097968
"2026-03-01","ff2d7378-447b-430f-adf3-db937b6f81c6",,"Birch & Co. Serving Tray - Heritage With Four Free Matching Coasters","1 set (5 pcs)","Kitchen Tools","Birch & Co.",,,624.0148086889034,1499,,12.07841,58.38643041483761,0.055049880257856496,0.04896,,,,629.6294597882703
"2026-03-01","241408c0-1b32-4c5b-bd9a-2e0ef0d3c8ba",,"Bombay Kookware Stainless Steel Strainer (Ss 304 Net)","1 pc","Kitchen Tools","Bombay Kookware",,,85.22958844871224,179,,90.82872,54.5657783752859,2.8030051588519584,2.6812,2.17151,2.42095,1.72782,81.32725670823821
"2026-03-01","2ce4047f-f149-481f-b9f1-290bcd62b55c",,"Petals All Purpose Thick Blade Household Scissor | Colour May Vary - 19 cm","1 pc","Kitchen Tools","Petals",,,132.92367584578074,180.9247298181818,,44.71368,26.762398053440233,0.029401112462851854,0.04433,0.27302,0.02258,0.71849,131.3360248432152
"2026-03-01","e51fb428-e457-4393-8eab-4d2d83723e85",,"Sanjeev Kapoor by OGGN Wooden Ovel Taper Serving Tray,Snack,Breakfast,Coffee - 14x9 Inch","1 pc","Kitchen Tools","OGGN",,,386.90729613212756,1299,,17.41663,70.21498875041358,0.008350367662850152,0.00618,0.00135,0.00065,0.0026,431.9988171401625
"2026-03-01","35c4c3dc-d202-476b-910a-2a7c6e8cc347",,"Tramontina Plenus 3 Pc Knife Set for Kitchen Use, Set of Vegetable/Tomato/Fruit, Kitchen Knife Set with Polypropylene Handle, Dishwasher Safe, Made in Brazil","1 pack (3 pcs)","Kitchen Tools","Tramontina",,,222.9015110342556,425,,5.88498,47.552585638998686,0.004153466360260316,0.00431,,,,75.54546565060582
"2026-03-01","db82db5f-0494-44b5-a4ab-494ef529c369",,"BAY6 Steel Mesh Colander - 20 cm (2000 ml)","1 pc","Kitchen Tools","BAY6",,,346.7558788539868,849,,39.0748,59.83256968148612,0.2401743823099255,0.19761,0.08864,0.10292,0.06324,332.01252223453105
"2026-03-01","71d81373-d8d6-4f4f-a6f4-6a6296c3ba71",,"Habitat Pro Ultimate Tomato Knife Stainless Steel with Precision | Safety And Comfort","1 pc","Kitchen Tools","Habitat",,,99.51389279741657,129,,54.94829,22.89068592829138,0.10430032701587555,0.16944,0.60179,0.9401,0,99.44491093342225
"2026-03-01","36927d2b-3c4c-445a-8e83-e538e64cd2cc",,"Godrej Cartini Handy Knife - Assorted Colour","1 pc","Kitchen Tools","Godrej Cartini",,,158.43424798656696,270,,15.12605,41.32064889386409,0.0005863717214485153,0.00098,0.00105,0.00164,0,209.495279166478
"2026-03-01","695a7816-983b-44da-ba1d-6006b98ddf34",,"Petals Neem Wood Spatula - Oval Ladle/Serving/Cooking Spoon | 27cm","1 pc","Kitchen Tools","Petals",,,82.5136255763699,101.11945311999999,,10.6666,17.468009009791242,0.011664236587880853,0.0214,0.00899,0.01404,0,91.23283401421659
"2026-03-01","0fafba85-0e4a-4b01-9770-d967a4f59b79",,"Embassy Square Paneer Mould, 400 ml, Size 2, Premium Stainless Steel Paneer / Tofu Maker","1 pc","Kitchen Tools","Embassy",,,458.9795918367347,690,,3.0395,33.536817449860926,0.004495516531105284,0.00578,,,,422.7183748845799
"2026-03-01","d15bf744-b200-4e62-a5eb-5bd68b325955",,"KVG Hot Pot Stand I Heat Resistant Stand","1 pc","Kitchen Tools","Kvg",,,50.26319803328287,69,,28.35705,26.922287808103448,0.011951124381967331,0.01865,0.00318,0.00493,0.00006,50.887184318561175
"2026-03-01","278f1b45-d31f-4551-8179-053a4b559568",,"Vesta Homes Wooden Chakla Belan Set|Roti Rolling Board And Pin With Stand|9*9*1.5,13*1.75 Inches","1 set","Kitchen Tools","Vesta Homes",,,891.9834662461527,2004.1669902032525,,75.08198,55.518128638627765,0.8174319326347259,0.76083,0.56416,0.84946,0.05668,887.6948499878152
"2026-03-01","c89f5896-0329-4192-ac5c-51fedfb529e9",,"Aluminium Nozzles 8 Pcs with 1 Coupler and 1 Piping | Baking Tool","1 pack (8 pcs)","Kitchen Tools","Soham Housewares",,,150.63668998543767,450,,39.88645,68.72801846164066,0.1986920578128294,0.12606,0.12096,0.06293,0.22419,17.197009440963267
"2026-03-01","026e8ef4-e331-4436-9bc3-ee9857bcc6bc",,"Wall Mount Magnetic Strip for Knife | Scissor | Kitchen Tools | Magnet Knife Holder | 33 Cm","1 pc","Kitchen Tools","Bombay Kookware",,,229.01764705882354,850,,4.26995,73.05674740484429,0.007383940196018341,0.00419,,,,229.00043091065785
"2026-03-01","506ea4d1-f59c-4d4d-b3d0-d3178eaa74d1",,"Embassy Pakkad / Tong, Size Big (Utensils Holder), Premium Stainless Steel","1 pack (2 pcs)","Kitchen Tools","Embassy",,,229.84999999999997,340,,2.47079,32.424657534246585,0.005907152156814672,0.00846,,,,112.93967684021541
"2026-03-01","fcf1cd10-37a0-4ea9-87e9-e3f1814b0a9f",,"Oggn Brown Shisham Wood Chakla 11 Inch","1 pc","Kitchen Tools","OGGN",,,387.9337606837607,1199,,4.16877,67.64522429660045,0,0,,,,387.9337606837607
"2026-03-01","dd0f4e53-88ec-4769-944c-3869e6915b84",,"Frenchware Cutting-Chopping Board with Handle - BPA-Free, Food Safe, Anti-Bacterial | Neon Green","1 pc","Kitchen Tools","Frenchware",,,199,500,,12.32033,60.2,0.0070473193929645635,0.00591,0.02727,0.02078,0.03882,199
"2026-03-01","12c4fddf-bb8a-4df6-839c-20aa7e94975d",,"Ambition Multi Purpose Bowl and Stainer Big Size - Assorted","1 pc","Kitchen Tools","Ambition",,,70.38319268559647,149,,8.58939,52.77449122532072,0.006368431244354171,0.00635,0.10054,0.08578,0.12679,69.71336774687431
"2026-03-01","ff2a8d4a-a068-4169-8b34-e05515f79da5",,"Anjali Fantastique - Medium","1 pc","Kitchen Tools","Anjali",,,263.5466408268068,495,,43.82297,46.53749271072355,0.016018155206991905,0.02338,0.01422,0.02222,0,276.1396490360211
"2026-03-01","dbc68924-0cad-476a-b7aa-9e9b0a7f86c0",,"Frenchware Plastic Colander Bowl, Food-Grade Plastic, BPA-Free, Dishwasher-Safe - Blue","1 pc","Kitchen Tools","Frenchware",,,161.19470081453633,349,,10.49412,53.812406643399335,0.0007579397436501178,0.0007,,,,154.44078143181613
"2026-03-01","8081a801-313f-473b-a651-f93234da0038",,"Habitat Pro Ultimate Vegetable Knife Stainless Steel | Cutting With Precision","1 pc","Kitchen Tools","Habitat",,,130.25114055997136,179,,56.63527,27.316589230241675,0.11447691682897035,0.17488,1.00321,1.5672,0,129.8934748512311
"2026-03-01","a7c65e2d-89d1-4558-a3f8-2919fdb0e2d3",,"Anjali LADLE DEEP SS","1 pc","Kitchen Tools","Anjali",,,69.007776003626,120,,54.90358,42.49376413124027,0.009577404783659083,0.01161,0.01421,0.0222,0,69.00684865472002
"2026-03-01","19772e76-47ef-48ec-8848-9b081c2e9ad6",,"Urbanfix Single Block of Acacia Wood | Reversible Chakla Belan Chopping Board No Dyes or Polish","1 set","Kitchen Tools","UrbanFix",,,583.5180017660359,2499,,13.54492,76.67510037928011,0.05063580424361907,0.0217,,,,502.8596259079019
"2026-03-01","2301ace8-bd0b-488a-a058-43039c7cbe91",,"Crystal Laser Edge Stainless Steel Knife Set, Set Of 3, Multicolour","1 set  (3 pcs)","Kitchen Tools","Crystal Cookware brand",,,228.50071702672008,390,,33.26423,41.39950244680876,0.041807000691009254,0.05173,0.00987,0.01542,0,228.9541660378492
"2026-03-01","e02192be-0fa4-464c-823b-b86c646b2f2e",,"Cello Multi Utility Chopper - Magic Chopper XL","1 set","Kitchen Tools","Cello",,,142.50529100529104,795,,0.60896,82.07480616285648,0.005179616872795218,0.00186,0.0012,0.00187,0,135.69240803807932
"2026-03-01","d3dc7e02-8f04-45f5-bdbc-9ac2394788eb",,"Everest Measuring Cup & Spoon 8 Pcs Set | Durable & Precision","1 set  (8 pcs)","Kitchen Tools","Everest Utility",,,76.97513554895582,106,,80.04324,28.98831017549273,0.6441265127399426,0.96429,0.37122,0.31598,0.46948,75.27068020158674
"2026-03-01","25232547-3657-40e1-a98b-84b1d77d6194",,"Habitat Signature Series Vegetable Knife Stainless Steel With Ultra Razoe Sharp Resilient Blade","1 pc","Kitchen Tools","Habitat",,,99.42512807834098,129,,59.23129,22.939974414451754,0.5908142473499787,0.95886,1.64572,1.27338,2.30801,99.40938022375892
"2026-03-01","76cff5b3-25f3-4693-8561-2e7811ad817f",,"Signoraware Quick Chopper with 3 Steel Blades | 500 ml | Dark Cocoa","1 pc","Kitchen Tools","Signoraware",,,240.4354779125435,349,,75.59871,31.02520035551803,0.24112452167338377,0.34981,0.31202,0.48743,0,240.669777043738
"2026-03-01","45735c52-e7c7-4f8b-a36a-9b070d3f95d5",,"Anjali Pakkad","1 pc","Kitchen Tools","Anjali",,,169.13361600755616,255,,70.58837,33.68022741471123,0.03225370230034306,0.04514,0.01111,0.01736,0,169.18916180961483
"2026-03-01","298c5edc-172f-450d-90ba-8dfbd75c67a8",,"Anjali Chilly Cutter Deluxe","1 pc","Kitchen Tools","Anjali",,,153.71682635272123,305,,21.31461,49.6010405400914,0.0017884337504179715,0.00214,0.02649,0.04138,0,165.05736533834798
"2026-03-01","3623b04d-8e4a-45dc-9268-529495da1a29",,"Vinayak Stainless Steel Lemon Squeezer (1 Unit)","1 pc","Kitchen Tools","Vinayak",,,,,,0,,0,0,,,,
"2026-03-01","90ca9801-5baf-421c-a97d-374f68a04200",,"JASCO Stainless Steel Sieves Size-3 (8 inch dia)","1 pc","Kitchen Tools","JASCO",,,145.16075230566537,210,,6.97126,30.832366439503428,0.010685647337196777,0.0154,,,,145.03016123643906
"2026-03-01","aef0f045-0eb6-4d03-8b11-27af80922a4b",,"Oggn Blue Floral Printed Wooden Brown Square Tray 8x8","1 pc","Kitchen Tools","OGGN",,,173.4330011074197,999,,3.10965,82.63933922848652,0,0,0.00133,0.00207,0,173.4330011074197
"2026-03-01","46d1a0ec-b9be-4d34-bf4e-96b9066d5a1f",,"Vesta Homes Large Teak Wood Serving Tray For Home, Kitchen, Restaurant, Office |38 X 25 X 6 Cm","1 pc","Kitchen Tools","Vesta Homes",,,634.4407059334663,1503.93780779661,,29.06047,57.73933459422539,0.04805055647616605,0.04509,0.00895,0.01122,0.00491,665.761880191736
"2026-03-01","5412be08-e757-432e-bb2d-2877aca5110d",,"Lushomes Pot Holder - Green | Buffalo Checks | Microwave Hand Gloves | 9 x 8 inch","1 set (2 pcs)","Kitchen Tools","Lushomes",,,117.5311059907834,499,,24.22423,76.44667214613558,0.0010837018111215153,0.00076,,,,162.21826897110452
"2026-03-01","295a7cba-b854-4fe3-af2d-db24b2b3262c",,"Petals Stainless Steel Sink Drainer/Strainer/Sink Jali/Filter | 11 cm diameter","1 pc","Kitchen Tools","Petals",,,99.50379376745497,129,,10.67904,24.736981576966063,0.009127635955836905,0.01364,0.05412,0.08455,0,89.65513221366989
"2026-03-01","e8a6fa66-1562-4838-9eff-01420cbfcdf2",,"Ice Cube Tray | 9 Cubes per tray | 3 Pcs Set ORANGE","1 pack (3 pcs)","Kitchen Tools","Bombay Kookware",,,79,285,,8.69565,72.28070175438596,0,0,,,,26.333333333333332
"2026-03-01","695ded5d-b0e1-4ffe-9efe-45da4dec25a3",,"Mastercook Poppins Ice Cream Maker 6 Cones Multi Colour","1 pack (6 pcs)","Kitchen Tools","Master Cook",,,41.9019129019129,163,,1.34355,74.29330496815159,0,0,,,,6.983652150318816
"2026-03-01","c4848316-6dc7-4c69-8734-462478410070",,"Umai 3000 ml Borosilicate Printed Baking Tray | Transparent Microwave Oven Safe Utensils","1 pc","Kitchen Tools","Umai",,,555.8073121768996,1595,,6.73817,65.04580605821266,0.007793966051609006,0.00761,,,,714.80951261758
"2026-03-01","5e699e54-6092-467f-b02c-c4d5cb839801",,"Proclean Plastic Handy Juicer","1 pc","Kitchen Tools","Pro Clean",,,145,347,,2.23267,58.21325648414986,0.0045215774965029955,0.00398,,,,145
"2026-03-01","97bee8d1-f158-43d1-908a-2c736a0916ed",,"Femora Glass Oil Dispenser Bottle With Dropper | Oil Jar | 500 ml Pack Of 1 - Transparent","1 pack","Kitchen Tools","Femora",,,,,,0,,0,0,,,,
"2026-03-01","a59f2038-b230-4e27-b2b6-cbb26c779bfa",,"Jassco Stainless Steel Sieves Size-1(6.5 inch d","1 pc","Kitchen Tools","JASCO",,,109,150,,1.15642,27.333333333333332,0,0,,,,109.00000000000001
"2026-03-01","85e3e18f-7677-4e75-a3ed-ad343ce2a64b",,"Godrej Cartini Handy Stainless Steel Knife Set (3 Pieces, Assorted Color)","3 pcs","Kitchen Tools","Godrej Cartini",,,143.38246268656715,180,,13.61542,20.92361111111111,0.0035182303286910915,0.00545,,,,129.5553985722784
"2026-03-01","713a363a-44b2-4e92-bd5d-1452ba0e9018",,"Petals Wooden Thick Long Handle Spatula Dosa Palta Taveta Turner Khurpi | 37cm-15 Inch Length","1 pc","Kitchen Tools","Petals",,,119,169,,0.39801,29.585798816568047,0,0,,,,119
"2026-03-01","e33d1fbd-aaae-4327-bbfc-212e1bf7b878",,"Fackelmann Bamboo Chopping Board Natural 20x28 cm | Durable and Easy to clean","1 pc","Kitchen Tools","Fackelmann India",,,294.3240595181568,699,,9.65851,57.83680878995613,0.013024836156353057,0.01177,,,,289.1331596733193
"2026-03-01","fc7bdc4a-13b3-4c48-b563-7cf1d5a93f96",,"Stehlen Melamine Xen Tray Medium - Lavender Jasmine","1 pc","Kitchen Tools","stehlen",,,239,790,,4.13024,69.74683544303798,0,0,,,,239
"2026-03-01","93b9f8fe-ecb9-4964-87a1-316d8e8cfe11",,"Petals Heavy Duty Round Trivet Table Ring Steaming Stand | 18 Cms","1 pc","Kitchen Tools","Petals",,,121.3461521875315,167.68305366666667,,2.34327,27.67847097905765,0.0023808863637926193,0.00358,,,,60.20428956123746
"2026-03-01","abd15508-0b47-44d2-968c-9199e1357663",,"Kohe Utility Knife","1 pc","Kitchen Tools","Kohe",,,92.58241758241758,160,,2.42514,42.135989010989015,0,0,,,,92.58241758241758
"2026-03-01","58996632-d129-4c6f-b073-8932e757e155",,"Fackelmann Stainless Steel Apple Divider with Plastic Handle | Ultra-Sharp Stainless Steel Blades","1 pc","Kitchen Tools","Fackelmann India",,,150.72896958245445,249,,37.02534,39.4761853688922,0.004125885171881072,0.00669,0.00982,0.01534,0,147.1634897071717
"2026-03-01","85bf1e78-08d4-4486-9b7d-90cf57a28934",,"Zinc Alloy Wheel Pizza Cutter Premium Pack of 1 | Silver | 18 Cm","1 pc","Kitchen Tools","Bombay Kookware",,,145.5505952380952,850,,48.36852,82.87640056022408,0.0024551601151760983,0.00125,,,,151.48443342629892
"2026-03-01","5dea4d0c-dc28-4225-aac2-c2c38b897245",,"Ganesh Pizza/Pastry Cutter - Color May Vary","1 pc","Kitchen Tools","ganesh kitchenware",,,129.15,156,,1.2696,17.21153846153846,0,0,,,,129.15
"2026-03-01","a847bcc1-edf2-4b71-8013-22bba500c10d",,"Tramontina Ultracorte Stainless Steel Chef Knife/,15cm/5.9 inch | Black | Straight/Plain Edge | Antimicrobial |Polypropylene Handle |Dishwasher Safe | 5 Year Warranty | Made in Brazil","1 pc","Kitchen Tools","Tramontina",,,699.0113549618321,847.109023129771,,15.78915,17.482716406534067,0.006899640589044196,0.01193,0.00725,0.01133,0,699.1795354652926
"2026-03-01","1cbaabbd-7ed2-4dcb-8945-2630f48e3279",,"Jensons S.s Ovel Ultra Peeler","1 pc","Kitchen Tools","Jensons",,,49.008039123198294,80,,26.01538,38.72413259940124,0.05528138850047283,0.07144,0.27554,0.22346,0.36819,49.023649068763156
"2026-03-01","78cfd93d-82d3-4a8e-a848-009df6fed0e2",,"Clazkit - YH-065 Silicone Funnel, Multicolor","1 pc","Kitchen Tools","Clazkit",,,139,399,,0.90443,65.16290726817043,0,0,,,,139
"2026-03-01","70a04a4e-6f37-4c6e-ba29-5e20cf93ad9d",,"Lushomes Pot Holder - Black | Buffalo Checks | Microwave Hand Gloves | 9 x 8 inch","1 set (2 pcs)","Kitchen Tools","Lushomes",,,113.94231127556371,499,,6.12022,77.16586948385498,0.0005744271123078973,0.0004,,,,110.24935840413205
"2026-03-01","3dfa58c7-4d75-4985-926f-bb5119a99dc8",,"OGGN Neem Wood Premium Spoon Large","1 pc","Kitchen Tools","OGGN",,,39,149,,0.00915,73.8255033557047,0,0,0.00421,0.00034,0.01109,39
"2026-03-01","a6dd222c-9313-42eb-ba4a-659daba06752",,"Chefman Large Stainless Steel Chopping Board |FOOD Grade 304| Best For Cutting , Rolling On It","1 pc","Kitchen Tools","Chefman",,,586.0101259556047,2490,,7.55787,76.46545678893155,0.00659733339043074,0.00441,,,,751.9090899787791
"2026-03-01","32552645-6ed0-4800-9e2a-c86f7bd0965d",,"Hazel Round Wooden Chopping Board, 12 Inch Diameter, Neem Wood, Thick For Kitchen","1 pc","Kitchen Tools","Hazel",,,264.4865424430642,930,,12.56781,71.56058683407912,0.0020197248183226636,0.00154,,,,270.8426370548219
"2026-03-01","3020fdeb-82d7-4301-9c12-2daa0c942d01",,"Frenchware Oil Dispenser, BPA-Free Plastic, 100% Food-Grade | 2 Pack, 1 L Each - Glossy Green","1 pack (2 pcs)","Kitchen Tools","Frenchware",,,248.1942203742307,399,,18.85271,37.776166747351276,0.004818020977901967,0.00654,0.01515,0.00028,0.0416,125.32874499689176
"2026-03-01","8c289964-6272-4800-8cc9-1e7725c9bf91",,"JASCO Stainless Steel Chipser for potato chips","1 pc","Kitchen Tools","JASCO",,,143.99444183267713,199,,4.46508,27.605010447795802,0.004753954437965926,0.00736,,,,146.4144158296892
"2026-03-01","52de3310-ff70-42c7-bbf6-2487cdffec03",,"Joyo Plastics Oil Dispenser- 1000 ml (s) (Colour May Vary) Combo","1 pc X 2","Kitchen Tools","Joyo",,,111.21625274694108,298,,44.98623,62.67910981646273,0,0,0.00178,0.00278,0,111.21625274694108
"2026-03-01","44d36c78-ea7e-408c-bc78-55d75630b692",,"Anjali Vegetable Cutter","1 pc","Kitchen Tools","Anjali",,,241.48886832241894,435,,68.30527,44.28578968470026,0.01133651994800463,0.01541,0.09541,0.14905,0,259.4496517441378
"2026-03-01","2a2be835-20cd-49db-8f8e-884b27a64add",,"Sanjeev Kapoor by OGGN Wooden Cutting,Serving Board for Vegetables,Fruits & Cheese - 10x7 Inch","1 pc","Kitchen Tools","OGGN",,,139.44143617790607,199,,22.77827,30.001923348903997,0.03543444312713378,0.05223,0.05534,0.08646,0,139.19314637521876
"2026-03-01","37b2526f-eb13-4100-ae30-4114e54bab40",,"Frenchware Non-Stick Premium Silicone Spatula | Large Spatula & Large Spoon - Red","1 pack (2 pcs)","Kitchen Tools","Frenchware",,,279.64991848769415,489.9109197685185,,47.36131,42.65061226329704,0.060389554893135994,0.07908,0.45656,0.32983,0.68199,139.50251015440716
"2026-03-01","a95032bc-0c2d-4857-952e-e78a62410399",,"Rusabl Bamboo Chopping Board - BPA Free, Eco-Friendly, Anti-Microbial | Small - 30 x 20 cm","1 pc","Kitchen Tools","Rusabl",,,490.16326530612247,1025.530612244898,,14.82331,52.70048780487805,0.006508726108078519,0.00306,,,,231.46218487394958
"2026-03-01","cd21dc05-9bc7-49d3-a723-6b5e6e31c977",,"Ambition Chopping Board Medium Size - Assorted","1 pc","Kitchen Tools","Ambition",,,122.20603941318716,219,,15.49404,43.68695141120067,0.0308340312103027,0.03782,0.06368,0.08613,0.02375,127.99309135412548
"2026-03-01","7414cb2f-5178-4afb-88e9-03450c56c918",,"KVG Stainless Steel Grater | Carrot Grater Garlic & Ginger Grater | Slicer Cutter Cheese Grater","1 pc","Kitchen Tools","Kvg",,,38.98750280222099,49,,17.11416,20.567016050747934,0.018614261710027294,0.03098,0.13962,0.16227,0.09934,38.901413122750185
"2026-03-01","b118e22d-83e5-4ae4-b661-74bde38744ef",,"Petals 304 Grade Heavy Ss Mortar and Pestle Set-khaldasta-okli Masher - 19 cm","1 pc","Kitchen Tools","Petals",,,738.962801740743,1399,,7.38917,47.17921359966098,0.006957626237054105,0.00824,,,,633.9379651876455
"2026-03-01","77621bdc-5f82-44e1-95ff-bbd8c1871b9b",,"Anjali Apple Cutter Aristo","1 pc","Kitchen Tools","Anjali",,,92.10287680081566,175,,22.01531,47.369784685248185,0.001250274814955223,0.00194,0.00152,0.00237,0,97.20606779447212
"2026-03-01","4dbd130f-f691-4435-80a2-2723fb531332",,"Tramontina Ultracorte Set of 3 Knives | Stainless Steel Chaku | Vegetable Knife | Fruit Knife | Kitchen Knife | Antimicrobial | Polypropylene Handle | 5 Year Warranty | Made in Brazil","1 pack (3 pcs)","Kitchen Tools","Tramontina",,,819.0271757154514,1195,,51.41809,31.462165251056877,0.02839168440311381,0.04101,0.1237,0.19325,0,273.0001468750804
"2026-03-01","539326b8-a269-4d83-acd9-0168dc3ae406",,"Tex-Ro White & Grey Stainless Steel 3 Blades Manual Hand Press Vegetable & Fruit Chopper","1 pc","Kitchen Tools","Texro",,,479,1799,,2.78541,73.37409672040022,0.005235213598977003,0.00294,,,,159.66666666666666
"2026-03-01","decfe496-a1be-4c80-8652-a1e945f0cd7f",,"Fackelmann Multipurpose Stainless Steel Colander | 28 cm Easy grip handles Dishwasher Safe","1 pc","Kitchen Tools","Fackelmann India",,,177.64347097347098,389,,8.71884,54.33329795026454,0.00033792385132366283,0.00035,,,,180.48072564775524
"2026-03-01","00f5d508-f9fe-4842-a46e-34aaa175b54b",,"Petals SS Long Handle Deep Fryer Juice Soup Vegetable Strainer Drainer | 13 Cm - 5 inch","1 pc","Kitchen Tools","Petals",,,234.9198985436099,449,,15.94051,47.48822744709295,0.0038029463756610923,0.00514,0.03295,0.05147,0,280.8389621814057
"2026-03-01","6ea52857-b850-4d92-a86f-6d5dbae6058e",,"Crystal Handy Peeler | Hardened Surgical Steel Blades | Perfect For Fruit and Vegetables","1 pc","Kitchen Tools","Crystal Cookware brand",,,59,75,,4.522,21.333333333333332,0.0008144051686784933,0.00135,0.00043,0.00067,0,59
"2026-03-01","572aa62c-d9ae-4a95-8bf9-51a088c60049",,"Capsicum Automatic Wireless Water Can Dispenser Pump for 20 Litre Bottle Can","1 pc","Kitchen Tools","Capsicum",,,230.38046773629682,699,,39.35354,67.1368457634696,1.7372237362367562,1.2035,1.93164,3.01757,0,229.7293684174123
"2026-03-01","870e24b0-9764-4168-b57e-682dd620683a",,"Youbee Multipurpose Manual Hand-Press Vegetable Chopper","1 pc","Kitchen Tools","Youbee",,,241.36822667673712,599,,65.94294,59.66041089951269,1.374268979172726,1.15014,1.15347,1.12317,1.20735,241.54320257277098
"2026-03-01","a0a23e94-4568-44c6-8ff3-04b85c57ee81",,"Petals Ss Premium Jali Tea-coffee-chai Channi Strainer | 8.5 cm","1 pc","Kitchen Tools","Petals",,,95.04682598680405,130,,24.11205,26.879898800065135,0.029633055054891482,0.04575,0.14357,0.22429,0,95.06004552504403
"2026-03-01","1bb0840f-f967-4fff-a38a-9a9d9f49cd4d",,"Kuber Industries (Pack of 3) A4 Office Paper Tray for Stationery Office Storage Organizer (Brown)","1 pack (3 pcs)","Kitchen Tools","Kuber Industries",,,237.54347826086956,1199,,0.01259,80.18820031185408,0,0,,,,79.18115942028984
"2026-03-01","a3adbb47-2741-425b-9884-1de950b08176",,"KVG Baking Cup Spoon | Coocking Measurement Spoon Set","1 pack (5 pcs)","Kitchen Tools","Kvg",,,91.48861057574136,139,,67.71467,34.62493179245984,0.027567072022987887,0.03732,0.01448,0.01452,0.01439,17.978715150626577
"2026-03-01","ed6e997f-074f-442f-992f-217506d57b59",,"Ice Cube tray with Removable lid Plastic (Pack of 3) (Blue)","1 pack (3 pcs)","Kitchen Tools","Bombay Kookware",,,90.86333568866704,265,,65.73455,65.94751151777703,1.2959253736929714,0.92741,1.39577,0.54818,2.90342,30.08132553320568
"2026-03-01","68d317ef-86d0-4ea5-8b3a-da8c65bc4399",,"Umai 1000 ml Borosilicate Glass Baking Tray | Transparent Microwave Oven Safe Utensils","1 pc","Kitchen Tools","Umai",,,463.89855072463763,795,,2.09259,41.647981040926076,0.0006906155830393623,0.00036,,,,216.91960784313721
"2026-03-01","500aa630-b4f2-477f-9045-795325cafed7",,"Fackelmann Stainless Steel Arcadania Pizza Cutter | Ideal For Cutting Pizza | Naan | Sandwich","1 pc","Kitchen Tools","Fackelmann India",,,145.26767028040044,249,,8.98213,41.38805141637627,0.005586167932999522,0.0103,,,,177.49853320242786
"2026-03-01","b1aa6850-9dd6-4bf2-8f0d-6585cefdf499",,"Tramontina Polywood Stainless Steel Chef Knife/,15.2cm/6 inch | Straight/Plain Edge Knife | Treated Brazilian Polywood Handle | Impact Resistant | Heat Resistant |Dishwasher Safe | 5 Year Warranty","1 pc","Kitchen Tools","Tramontina",,,1049.026515770643,1195,,30.42323,12.215424293909201,0.041393934389455524,0.07658,0.04797,0.07494,0,1049.000296024067
"2026-03-01","06e33b49-f727-4756-ac19-cbb48136cbb7",,"Happy Kitchen Stainless Steel Tong/Pakad (Metallic)","1 pc","Kitchen Tools","Happy Kitchen",,,100.8319751082251,188.71933125,,20.65361,46.05137989270097,0.013082604629651318,0.01602,0.0044,0.00687,0,107.70747643851037
"2026-03-01","bcf7031f-c3bf-4999-9794-a2633a5116f0",,"Sanjeev Kapoor by OGGN Wooden Jali Plain Serving Tray,Snack,Breakfast,Coffee - 14x9 Inch","1 pc","Kitchen Tools","OGGN",,,389.2712347983868,1299,,30.4646,70.032778020825,0.020114287443377253,0.01435,0.00368,0.00294,0.00501,405.8212363494323
"2026-03-01","8d3a9131-abaa-4f52-8ecc-cad31a057fa0",,"Vesta Homes Set Of 6 Neem Wood Spoon, Compact Flip, Spatula/Ladle|No Polish| Non-Stick|Hand Carved","1 set  (6 pcs)","Kitchen Tools","Vesta Homes",,,514.7230927736465,1299,,71.36874,60.16238596580849,0.2573413917415332,0.21944,0.29952,0.46791,0,522.8030956462192
"2026-03-01","3725c273-5061-48c4-97f6-d9f8d1f07311",,"KVG Wooden Belan | Puri Belan | Roti Belna Chapaati Maker","1 pc","Kitchen Tools","Kvg",,,89,125,,0.2037,28.8,0.0002714683895594978,0.00041,,,,89
"2026-03-01","f190fd32-2b90-4b9c-ae27-7260eee85ff7",,"Petals Steel Mini Cooking/Serving/Spoon/Spatula-Dosa Palta/Taveta/Turner/Khurpi,25cm","1 pc","Kitchen Tools","Petals",,,99.4515950320136,110.13175842767296,,24.19461,9.84002785247129,0.005641981833892955,0.01056,0.03108,0.04855,0,99.3623955947657
"2026-03-01","f970b9f7-4ad0-4378-9fd1-9e400b08bb70",,"Petals Wooden Cooking Serving Spoon Spatula Rice Server | 25cm","1 pc","Kitchen Tools","Petals",,,62.02173913043478,129,,1.44538,51.9211324570273,0.0002801553780254017,0.00032,,,,68.78476821192054
"2026-03-01","281c14e8-b256-499f-81e5-00e4513ddda8",,"Stehlen Melamine Era Tray | Set of 3 - Golden Wings","1 pack (3 pcs)","Kitchen Tools","stehlen",,,949,3399,,8.68254,72.08002353633421,0,0,,,,316.33333333333337
"2026-03-01","defb26e6-6fb5-4151-89a5-fab10fe4c293",,"Crytal 8 Inch All Purpose Knife, Laser Edge - Assorted","1 pc","Kitchen Tools","Crystal Cookware",,,60.86508641959875,75,,12.91933,18.92312031662521,0.005980991558774856,0.01025,0.04929,0.077,0,60.73815238375511
"2026-03-01","0f307e26-cb77-426f-9ab8-45317a896e62",,"Petals Plastic Baking Cooking Measuring Spoon Set of 5","1 pack (5 pcs)","Kitchen Tools","Petals",,,44.5,99,,1.30435,55.05050505050505,0,0,,,,8.9
"2026-03-01","dc4133d1-7504-4307-b5cb-a91ce63f7371",,"Lushomes Pot Holder - Pink | Buffalo Checks | Microwave Hand Gloves | 9 x 8 inch","1 set (2 pcs)","Kitchen Tools","Lushomes",,,103.7463768115942,499,,0.03164,79.20914292352822,0,0,,,,103.7463768115942
"2026-03-01","17011f03-10ad-4c2d-8302-cc6a5dc6bb37",,"BAY6 Melamine Long Platter-Large- 12*4.5 Inch - Black","1 pc","Kitchen Tools","BAY6",,,155.75351290666333,399,,46.52501,60.932809353380456,0.02158521176536644,0.01774,0.0042,0.00657,0,155.83511019134414
"2026-03-01","c640c57c-c3ae-4fab-ba2b-1f6e7e30b3a4",,"Habitat Daimond Specialty Professional Stainless Steel Potato Masher |Ergonomic Handle","1 pc","Kitchen Tools","Habitat",,,165.69911564461498,199,,67.60935,16.73777516998567,0.04564730111707374,0.07987,0.09226,0.14412,0,165.55795332137103
"2026-03-01","28a6dff6-a5bf-4f3f-9ff4-fe9f6c94eac4",,"BAY6 Steel Skimmer","1 pc","Kitchen Tools","BAY6",,,99.12113644697236,221.86806292307696,,25.38873,55.36776305998296,0.026641907751369116,0.02455,,,,98.32449700956877
"2026-03-01","b887768b-ed28-43d0-b87d-49bfb0871562",,"Habitat Professional Utility Kitchen Knife With Ultra Razor-Sharp Blade With Precise Cutting","1 pc","Kitchen Tools","Habitat",,,201.1919113252694,299,,65.4382,32.613826552582054,0.171111738132431,0.24122,0.70428,0.70329,0.70604,201.43915352008045
"2026-03-01","36874572-302e-4f8e-8255-8363e97f5c50",,"Petals Easy Push Onion Vegetable Chopper Cutter 650 ml","1 pc","Kitchen Tools","Petals",,,,,,0,,0,0,,,,
"2026-03-01","47712c80-24c7-468e-8664-6f3d96c999e9",,"KVG C. Akhand Polpat Sp No.10","1 pc","Kitchen Tools","Kvg",,,331.117042549491,799,,18.16992,58.3699674446488,0.015669589794797507,0.01685,0.02298,0.01132,0.04371,397.0200690119175
"2026-03-01","fc84032c-7146-4477-b8c7-68e5a69e0dde",,"BAY6 Steel Lemon Squeezer","1 pc","Kitchen Tools","BAY6",,,129.6966981752815,320.95325786666666,,4.51341,59.60288684601939,0.017894110366203857,0.01515,,,,129.63800685671316
"2026-03-01","c4bf39ed-47d1-47b0-b5ab-17c13a6ca595",,"BAY6 Steel Whisk with Pipe Handle","1 pc","Kitchen Tools","BAY6",,,99.11703004802584,221.16157658064515,,15.49686,55.14181838245275,0.012080777684820947,0.01154,0.00666,0.01041,0,99.05296319185138
"2026-03-01","abe20fe0-ae61-4d39-953b-5145c3a8aa8a",,"Stehlen Melamine Era Tray | Set of 3 - Feather","1 set (3 pcs)","Kitchen Tools","stehlen",,,949,3399,,8.94705,72.08002353633421,0,0,,,,949
"2026-03-01","35dee9c0-90eb-4284-988b-7f6ea1bb8fa0",,"Habitat Premium Nylon Soup Ladle | Perfect Elegant Functionality | Hanging Loop | Dish Washer Safe","1 pc","Kitchen Tools","Habitat",,,197.64480195230672,299,,82.16934,33.897767041186746,0.0196176088778392,0.02898,0.06545,0.04065,0.10955,195.07269662274032
"2026-03-01","48a7e89b-d80a-43c7-8939-a4bcdc55bc76",,"Kohe Serrated Knife I Asorted","1 set (3 pcs)","Kitchen Tools","Kohe",,,62.01587301587301,155,,0.8316,59.98975934459806,0.0006732416061075545,0.00054,,,,59.192502532928074
"2026-03-01","e325b42e-709c-4fd6-8e3e-649012cf1490",,"BAY6 Steel Oil Dispenser - 500 ml","1 pc","Kitchen Tools","BAY6",,,202.45085533943427,899,,36.21701,77.42406637605647,0.05609253604847662,0.0286,0.00019,0.0003,0,212.94763487204034
"2026-03-01","d55497fe-3fdf-48d6-813c-2f13647c9842",,"Oggn Blue Floral Printed Wooden Brown Square Tray 12x12","1 pc","Kitchen Tools","OGGN",,,239.65079365079364,1199,,1.29138,80.01244423262771,0.002603924792654703,0.00288,,,,259.9209709942609
"2026-03-01","cbabd842-8bab-4811-b9ed-962cef637a74",,"Everest Lemon Squeezer With Opener","1 pc","Kitchen Tools","Everest Utility",,,62.44837128879879,79,,14.68632,18.98561026459667,0.03446171759366418,0.06061,0.02448,0.01977,0.03285,64.3472528418724
"2026-03-01","0bcaa173-c8b0-4095-9bb8-95495cc3b352",,"Wonderchef Stainless Steel Vaccum Base Coconut Scraper","1 pc","Kitchen Tools","Wonderchef",,,295.05658029767056,500,,44.81018,41.149813761339544,0.03050218825090517,0.03719,0.01449,0.02264,0,289.40006866830566
"2026-03-01","9ff70452-0bf9-47f0-ad1f-28e8ac59c442",,"Saffron Silicone Regular 24 Cavity Ice Cube Tray | Pack of 2","1 pack (2 pcs)","Kitchen Tools","Saffron",,,98.25545763059722,499,,43.99948,81.83276540397422,0.8830851510140649,0.33349,0.25569,0.30404,0.16968,44.98151480081553
"2026-03-01","50246b85-f651-4d91-81f7-18f83477e9a9",,"BAY6 Steel Hand Blender","1 pc","Kitchen Tools","BAY6",,,147.68105060116935,309.1419345762712,,22.472,52.309190698605796,0.023551728779335437,0.02369,0.0013,0.00203,0,145.7637696633104
"2026-03-01","11de963c-df6b-464e-af07-070a294a1322",,"All Time Chopping Board 001 |340 x 230 x 10mm - Natural Colors","1 pc","Kitchen Tools","All  Time",,,256.37822695170064,500,,36.37215,48.772185807842284,0.013508267064480613,0.0141,0.03172,0.03974,0.01748,250.03304432937963
"2026-03-01","773a12c7-65cf-4a66-a25e-f1a90281c90f",,"Crystal Plastic Impel Hand Beater / Blender (Colour May Vary)","1 pc","Kitchen Tools","Crystal Cookware",,,149.23494579720682,250,,20.9628,40.398396168197856,0.028183848204067063,0.0355,0.07516,0.11741,0,149.24907769746292
"2026-03-01","187601c0-f9c5-47ea-bc60-46f7223216e1",,"Anjali Olive Strainer | Large","1 pc","Kitchen Tools","Anjali",,,69.5,135,,0.92819,48.51851851851852,0.0005863717214485153,0.0006,,,,66.30952380952381
"2026-03-01","24d46570-cf8c-4fa9-83e8-dee95f975288",,"Umai 700 ml Borosilicate Printed Glass Baking Tray | Transparent Microwave Oven Safe Utensils","1 pc","Kitchen Tools","Umai",,,,,,0,,0,0,,,,
"2026-03-01","ff6dbe33-28ce-4460-bc1a-a57c88a523be",,"KVG C. Akhand Polpat 10","1 set","Kitchen Tools","Kvg",,,201.35555555555555,375,,2.28836,46.30518518518519,0,0,,,,201.35555555555555
"2026-03-01","6f01b1d9-3190-4d21-86b4-0e59b6b4704f",,"Saffron Silicone Honeycomb 37 Cavity Ice Cube Tray for Freezer | Pack of 2","1 pack (2 pcs)","Kitchen Tools","Saffron",,,115.5414887762932,499,,42.41891,78.54204227987341,1.0925080285041138,0.46934,0.32629,0.39148,0.21032,52.89893238401423
"2026-03-01","2618a7ef-081a-4c9a-9334-01eb39e34f1b",,"Hazel Neem Wood Chopping Board, 10X15 Inch, Rectangle, Thick Wooden Cutting Board","1 pc","Kitchen Tools","Hazel",,,258.6969696969697,890,,1.9325,70.93292475314948,0,0,,,,258.6969696969697
"2026-03-01","f8ba43a4-3475-49b9-94e2-540f5d77228b",,"Khatana Doctor Pakad | 1 Inch","1 pc","Kitchen Tools","khatana",,,39.34927536231884,159,,2.90333,75.25202807401331,0,0,,,,39.34927536231884
"2026-03-01","15166b93-758b-450b-aa2d-0369c4b32274",,"Anjali Coconut Scraper","1 pc","Kitchen Tools","Anjali",,,153.32433798225736,295,,28.03602,48.02704367901398,0.003536473004469489,0.00458,,,,154.82513580618138
"2026-03-01","8b936075-c297-4e0d-bcc5-f1b317535203",,"Umai 4000 ml Borosilicate Printed Glass Baking Tray | Transparent Microwave Oven Safe Utensils","1 pc","Kitchen Tools","Umai",,,735.486665910579,1995,,3.92857,63.133500455610076,0.004332635497369585,0.00508,,,,786.9750713899399
"2026-03-01","bec87204-9dcb-494e-a448-f842261e0aea",,"Kai Hocho Dicing Knife for Fruits & vegetables","1 pc","Kitchen Tools","Kai",,,92.92939934856011,169,,16.85219,45.02149691225633,0.00828000305627633,0.01098,,,,94.44777837751548
"2026-03-01","2dc89202-1cbd-4dad-a42e-608edc4fc40d",,"Kuber Industries 3-Piece Nested Serving Tray Set | Hexagon | Black","1 pc","Kitchen Tools","Kuber Industries",,,313.07085403090684,1799,,74.48457,82.52791324052326,1.3650585996517517,0.50386,0.05212,0.07608,0.00949,315.06634975000514
"2026-03-01","e2bf4a22-9e80-4b7f-9df6-89a57805900f",,"Frenchware Non-Stick Silicone Spatulas - Heat-Resistant, Food-Grade & BPA-Free - Black","1 set (5 pcs)","Kitchen Tools","Frenchware",,,331.72727272727275,1999,,0.0004,83.40533903315294,0,0,,,,331.72727272727275
"2026-03-01","e9bb5fa9-88d1-4dec-9280-a53c607f4cf4",,"BAY6 Melamine Platter - BBQ Small -8.5*5.5 Inch - Creame Colour","1 pc","Kitchen Tools","BAY6",,,99.46720355380738,249,,62.12589,60.05020336615986,0.014746814445006865,0.01236,0.001,0.00156,0,99.61504963928667
"2026-03-01","c9d938a0-8993-4a08-99a2-19bd7e110718",,"Urbanfix Acacia Wooden Round Chopping | Serving and Cutting Board | Plate for Pizza | Vegetables","1 pc","Kitchen Tools","UrbanFix",,,325.3186711381408,3499,,18.92384,90.68212610755896,0.12621846761419775,0.02643,,,,342.1910794583958
"2026-03-01","1214f84d-5974-4dae-a041-66c25411335f",,"Wonderchef Ambrosia Vegetable Chopping Board | 11.5 Inch X 8 Inch | 6Mm Thickness","1 pc","Kitchen Tools","Wonderchef",,,161.2619129119129,500,,14.60011,67.79102241907552,0.005689977445167074,0.00449,0.02467,0.03853,0,160.87888525856587
"2026-03-01","923879d1-6bed-42d3-9c3b-8c5c5e429528",,"Anjali Apple Cutter Deluxe","1 pc","Kitchen Tools","Anjali",,,112.49049050364839,205,,6.88122,45.1265899982203,0.001108676902960989,0.00161,0.00251,0.00392,0,103.78934503752906
"2026-03-01","33bf1ef0-16b1-4e54-8d95-474b6da36dd6",,"Kuber Industries Plastic Pizza, Sandwich, Burger Slicer | Multipurpose Cutter","1 pc","Kitchen Tools","Kuber Industries",,,,,,0,,0,0,,,,
"2026-03-01","49524bf4-fd1d-43b9-9714-c24ac610df2b",,"Femora Stainless Steel Cutting Board For Kitchen Chopping Board | 20 cm x 30 cm","1 pc","Kitchen Tools","Femora",,,441.7507397959184,587,,6.7904,24.744337343114417,0.0006374077786857009,0.00091,,,,419.8924203253845
"2026-03-01","e3fcaf24-9873-4954-b759-ce59af3a7d6a",,"Anjali Chopping Board Oval | Set of 2 | 26 x 30 cm | Plastic","1 pc","Kitchen Tools","Anjali",,,222.11826920560446,395,,74.79691,43.60383205581605,0.009890787892566567,0.01472,0.04724,0.0738,0,253.69860843337915
"2026-03-01","100c2d0d-e153-40d1-b9b8-31c4ae263c2b",,"Petals Steel Manual Self Press Semi Auto Whisk-Rawai-Madhani-Hand Mixer-Blender Tool","1 pc","Kitchen Tools","Petals",,,146.23877184577938,199,,60.87941,26.238012964149878,0.03457008777477634,0.05494,0.08338,0.13025,0,149.99012427906806
"2026-03-01","09c338ae-97ed-4610-a24a-f9f1ae6e4fdb",,"Sanjeev Kapoor by OGGN Wooden Cutting,Serving Board for Vegetables,Fruits & Cheese - 12x9 Inch","1 pc","Kitchen Tools","OGGN",,,172.99428614657697,349,,42.58379,50.88349963305259,0.8507102652246225,0.87322,1.06072,0.89881,1.34871,171.11166980966428
"2026-03-01","27272568-84b1-4154-a309-83c89cfcf03a",,"Sanjeev Kapoor by Oggn Wooden Base Cast Iron Sizzler Plate 13x7x1.5","1 pc","Kitchen Tools","OGGN",,,436.15935410783527,1099,,38.52863,60.31685126652047,0.03890424349512745,0.03246,0.00776,0.00641,0.01018,438.709005972888
"2026-03-01","25c03b8f-eb09-479b-ae2d-6cf5a7630a3b",,"Deep Cutlery Big Serving Square","1 pc","Kitchen Tools","deep cutlery",,,77.95502645502647,189,,6.45161,58.75395425659975,0.00041046020501396075,0.0005,,,,102.07260920897285
"2026-03-01","b939f442-a0ec-491c-840a-985e1e413333",,"Lushomes Pot Holder - Red and Black | Buffalo Checks | Microwave Hand Gloves | 9 x 8 inch","1 set (2 pcs)","Kitchen Tools","Lushomes",,,113.66533996683253,499,,7.26127,77.22137475614578,0.00043348072444860606,0.0003,,,,119.14277315864616
"2026-03-01","36e3712d-bd99-47cf-bf04-3c6e54e13a68",,"Crystal Stainless Steel Deep Ladle Silver Standard - 24.5 Cm","1 pc","Kitchen Tools","Crystal Cookware",,,100.12365796669926,140,,66.4823,29.390510348608444,0.030903092768606637,0.04308,0.01002,0.01395,0.00302,93.24438906126447
"2026-03-01","95ef3a19-2830-43bf-8a2e-3c4a5f4ed7d6",,"Uttam Fruit & Vegetable Juicer Green","1 pc","Kitchen Tools","Uttam",,,177.04347826086956,549,,0.0262,67.75164330403105,0,0,,,,177.04347826086956
"2026-03-01","e22a1bef-4f94-459f-988f-3e1f9d0d15bd",,"KVG Stainless Steel Oil Pourer Dispenser 500 ml Drip Free Bottle","1 pc","Kitchen Tools","Kvg",,,320.1910530963649,439,,62.86292,27.067858354938377,0.02747737886707742,0.04224,0.02134,0.00885,0.04356,320.0833747487776
"2026-03-01","3856c55c-e200-41ea-ba5e-6fbc9dc1c5ee",,"Stehlen Melamine Slant Tray Set of 3 - Rose Garden","1 pack (3 pcs)","Kitchen Tools","stehlen",,,909,3239,,3.46699,71.93578264896573,0,0,,,,303
"2026-03-01","0174eb6d-bfcd-4f75-b980-0ed3f79a6475",,"Disney Kulfi Mould - Round","1 set","Kitchen Tools","Joyo",,,66.48865601447504,168,,33.15967,61.23061572290626,0.13290810025707872,0.10702,0.0193,0.03016,0,64.17756442388128
"2026-03-01","bb46940c-fea7-4334-91ec-4497bfb3cca4",,"Hazel Stainless Steel Kitchen Tools Spoon Set Of 2 | Dosa Ladle, Dosa Tavetha","1 pack (2 pcs)","Kitchen Tools","Hazel",,,,,,0,,0,0,,,,
"2026-03-01","c3a6f362-b9c1-44a4-995b-a3edfae5571e",,"Stehlen Melamine Oriental Tray - Pumpkin","1 pc","Kitchen Tools","stehlen",,,335.0592885375494,1140,,10.90726,70.60883433881146,0.000990316685113048,0.00061,,,,335.00544365813823
"2026-03-01","71529e6c-d405-49cd-9da8-c386653e9a61",,"Fackelmann Butterfly Can Opener 15 cm","1 pc","Kitchen Tools","Fackelmann India",,,113.60777417027417,199,,26.65752,42.91066624609338,0.0004321776761787205,0.00068,,,,99.3408535908536
"2026-03-01","2a829bd1-7d79-41c3-9673-f61c99487509",,"Femora Premium Virgin Silicone Tools (St) (Laddle)","1 pc","Kitchen Tools","Femora",,,122.51449009251684,300,,28.9218,59.0712216067683,0.005720381904797738,0.00667,0.00556,0.00869,0,149.39272506272312
"2026-03-01","691be307-ae2f-4a3d-9315-3092e28cfc19",,"Ambition Chopper | 650 ml - Assorted","1 pc","Kitchen Tools","Ambition",,,101.62754624910032,279,,21.85865,65.07928984344102,0.22583238152742977,0.16307,0.1759,0.16464,0.19592,95.98894869103651
"2026-03-01","dd92bc6c-2271-4268-b3be-37277e3ba58e",,"Pigeon Silicone 12Pcs Kitchen Tool Set","1 pack (12 pcs)","Kitchen Tools","Pigeon by Stovekraft",,,938.5205479452055,2495,,5.66749,62.38394597414006,0.001788216575706324,0.00142,,,,78.24674261037896
"2026-03-01","8b02ccf1-4a5b-4563-be4f-a1f239f3f2f5",,"Agaro Royal Hand Blender & Chopper, 1500W Copper Motor, 2 Modes & 20 Adjustable Speed","1 pc","Kitchen Tools","Agaro",,,2936.983193277311,4599,,4.41,36.13865637579232,0,0,,,,2936.983193277311
"2026-03-01","dd6e04ee-a1db-4445-aceb-8b904b61143e",,"Petals Wooden Spatula - Dosa Palta/Taveta/Turner/Khurpi, 28cm Length","1 pc","Kitchen Tools","Petals",,,56.89921211037486,81.81860444444445,,13.2474,27.30129835003867,0.023635992567454706,0.03689,0.09295,0.03987,0.18737,58.62527694845454
"2026-03-01","02a98388-38c8-40c5-84c2-6592006ce62f",,"Aluminium Cake Mould 5 X 3 Inch | Baking Tool","1 pc","Kitchen Tools","Soham Housewares",,,147.25617793192296,399,,45.11342,62.71263810939545,0.8350767264319584,0.65607,0.88021,0.32053,1.87576,148.85848939807775
"2026-03-01","d26a53db-5289-41a0-a5bf-b2767cc93389",,"Agaro Galaxy 6x1 Stainless Steel Knife and Scissor set with Wooden Block (Steel)","1 pack (6 pcs)","Kitchen Tools","Agaro",,,775.409765463267,849,,16.47435,8.708105506375354,0.05407910929679173,0.10241,,,,128.26684216042474
"2026-03-01","4c4d6f86-9845-4aa2-abf7-b946fa032e81",,"Bombay Kookware Ice cream Maker Popsicles | Assorted","1 pack (8 pcs)","Kitchen Tools","Bombay Kookware",,,85,320,,2.43173,73.4375,0,0,,,,10.625
"2026-03-01","b5e1a75f-c358-4b1d-81dd-a62b64ed9bd6",,"OGGN Wooden Belan No. 1","1 pc","Kitchen Tools","OGGN",,,56.81111111111111,149,,0.79737,61.871737509321406,0.00010684995813061835,0.00013,,,,55.34870848708486
"2026-03-01","330b5002-6caf-40a2-ab00-cb7ce78fcbc2",,"Wonderchef Waterstone Silicon Spoon Black","1 pc","Kitchen Tools","Wonderchef",,,289.40827514706086,510,,31.38537,43.254043506662086,0.03465652331001208,0.04165,0.01606,0.02508,0,290.0395144845323
"2026-03-01","a149305e-7770-4907-bc20-782ff63c4587",,"Femora Big Oil Bottle 1 L Borosilicate Glass","1 pc","Kitchen Tools","Femora",,,582.5808702563605,1345,,28.55947,56.86824512431568,0.10539010971892318,0.10526,0.00117,0.00183,0,558.2822977875627
"2026-03-01","9064e3e7-2583-4761-8715-b349c6b0952e",,"Godrej Cartini Precision Carving Knife - Teal","1 pc","Kitchen Tools","Godrej Cartini",,,229.00525766355554,280,,30.71055,18.212509868053495,0.016302871253961907,0.0281,0.17046,0.26629,0,229.0000972134807
"2026-03-01","e86925d2-1f7e-46f8-827a-2f37b920a2c7",,"Java 4 Petal Flower Shape Hot Mat (4 Pieces, Orange)","1 pc","Kitchen Tools","Java",,,109.00281136305814,265,,62.02837,58.86688161779743,0.008805565858463519,0.00763,0.00019,0.0003,0,109.00011620514351
"2026-03-01","55e17dff-f116-4114-b40e-2e2c31751b70",,"Crystal - Cc932 Large Stainless_Steel Spatula Silver","1 pc","Kitchen Tools","Crystal Cookware brand",,,161.88975692105305,205,,58.93629,21.12341850046295,0.030395555467486204,0.04996,0.07398,0.11557,0,159.4502197252363
"2026-03-01","53f2acd8-d559-4030-8908-502f056f997f",,"Anjali Silvera Frying Ladle","1 pc","Kitchen Tools","Anjali",,,83.12698412698413,160,,5.40023,46.499384236453196,0.002084877231816943,0.00276,0.00113,0.00177,0,105.34428135445431
"2026-03-01","facff39b-8066-46e6-988b-fdf530131829",,"Ambition Chopper 550 ml - Assorted","1 pc","Kitchen Tools","Ambition",,,97.43816955901134,229,,21.35731,57.324010481419215,0.08650633419174124,0.07797,0.11492,0.10243,0.13714,97.8651418934023
"2026-03-01","8c77cde8-c729-4b9e-8f4a-d343bc1c80d6",,"Joyo Plastics Chop - N - Store Cutting Chopping Board with Tray & Strainer (Colour May Vary)","1 pc","Kitchen Tools","Joyo",,,134.0048620904846,323,,56.46035,58.54969151176172,0.02737183195721669,0.02333,0.13237,0.20678,0,128.14195448174604
"2026-03-01","4f65863b-7f45-4575-b2c3-eb3f35869d7c",,"Capsicum Steel Oil Dispenser 750Ml","1 pc","Kitchen Tools","Capsicum",,,203.27951137399614,599,,29.17203,66.08212343315725,0.028905302596160386,0.0205,0.18219,0.28462,0,201.40156171473285
"2026-03-01","eda51b1b-a901-4c36-9e28-cf43add3d3c3",,"Kuber Industries Stainless Steel Pakkad, Kitchen Tong - Silver | KUBMART010370","1 pc","Kitchen Tools","Kuber Industries",,,83.28461538461539,257,,0.68928,67.59353486979947,0,0,,,,83.28461538461539
"2026-03-01","f7e7aa04-808b-4c82-8a11-e4a0591ca01b",,"Rusabl Premium Stainless Steel Chopping Board - Food Grade, Anti-Rust, BIS Certified | 40 x 25 cm","1 pc","Kitchen Tools","Rusabl",,,471.06055237126776,1299,,35.25179,63.72704854354238,0.08799028899642926,0.06776,0.11679,0.10594,0.13609,466.74917152639546
"2026-03-01","73eb1f7f-6018-4461-9655-69c5ce57b89f",,"OGGN Wooden Dal Mathni","1 pc","Kitchen Tools","OGGN",,,36.166666666666664,145,,0.18089,75.05747126436782,0,0,,,,36.166666666666664
"2026-03-01","c1b37725-2f5b-4b3f-92c1-bf5dcd55388c",,"Anjali Chopping Board Square | Set of 4 | 32 x 21 Cm | Plastic","1 pc","Kitchen Tools","Anjali",,,198.72597414443896,370,,65.40889,46.319628271706286,0.007489052756455778,0.00985,0.0223,0.03484,0,204.0185124531229
"2026-03-01","3d483e12-3155-4e65-aefe-550465961dd5",,"Anjali Olive Universal Knife (270 mm)","1 pc","Kitchen Tools","Anjali",,,106.91433471933655,135,,10.14891,21.390953200478688,0.01189791657761367,0.01932,0.05206,0.06158,0.03512,104.10820963675918
"2026-03-01","e9f6f94a-4b6d-4138-8293-dccf2dfb0b31",,"Tramontina Plenus Stainless Steel Fruit Knife/, 12cm/4.7 inch | Black | Wavy/Serrated Edge Knife | Polypropylene Handle | Dishwasher Safe | 5 Year Warranty | Made in Brazil","1 pc","Kitchen Tools","Tramontina",,,98.98075704783021,145,,25.45653,31.736791676647332,0.003945847335925213,0.00568,,,,98.999163748965
"2026-03-01","68a7066e-6353-4173-a911-b12761628920",,"Khatana Cheese Grater | 2 Inch","1 pc","Kitchen Tools","khatana",,,62.64705882352941,159,,0.66876,60.599334073251946,0,0,,,,62.64705882352941
"2026-03-01","aaf04bf1-14f8-4bdf-9789-ba74541f0996",,"Anjali Kitchen Press Ss","1 pc","Kitchen Tools","Anjali",,,280.0998875451749,695,,11.62309,59.68692950859264,0.026972664837208407,0.02819,0.00104,0.00163,0,294.71228886326537
"2026-03-01","0048a4c9-250f-4da8-901b-5711b2d26080",,"Wonderchef Glory String Chopper With 3 Sharp Stainless Steel Blades 600 ml","1 pc","Kitchen Tools","Wonderchef",,,279.04684538746244,600,,19.03565,53.492970398869474,0.0988231807881231,0.09685,0.0388,0.06061,0,279.0033685488046
"2026-03-01","0d2063f5-3f92-439d-aa71-e8259b962287",,"Crystal Plastic Xpress Handy Juicer 2 In 1, Multicolour","1 pc","Kitchen Tools","Crystal Cookware brand",,,260.00646467886,345,,71.26885,24.620437200933818,0.49074209479517006,0.77989,0.34024,0.49086,0.07233,260.0790263372309
"2026-03-01","615afcb3-2e7b-4b5c-99ba-33eabb1ef81a",,"Sanjeev Kapoor by Oggn Turin Square Wooden Tray 8x8","1 pc","Kitchen Tools","OGGN",,,112.80952380952381,499,,0.6331,77.39288100009543,0,0,,,,112.80952380952381
"2026-03-01","8a7b9afc-b88a-46b2-b7ca-40c229ec38b0",,"Vinayak Stainless Steel Whisk (Silver, 1 Piece)","1 pc","Kitchen Tools","Vinayak",,,82.34803921568627,179,,2.80991,53.995508818052365,0.0007774854676984017,0.00072,,,,79.53694968553461
"2026-03-01","f05c2fe8-c0ca-43cf-b3c4-09aa8652eacb",,"Umai 3000 ml Borosilicate Glass Baking Tray | Transparent Microwave Oven Safe Utensils","1 pc","Kitchen Tools","Umai",,,583.8172339155099,1795,,4.891,67.47536301306351,0,0,,,,583.8172339155099
"2026-03-01","987a7f33-1804-47b5-b790-075a7feb414d",,"New Dawn 2 Pcs(24 Hooks) Organizer Multipurpose Crockery Organizer For Kitchen With Cup Holder","1 pack (2 pcs)","Kitchen Tools","New Dawn",,,670.186997196644,900,,14.15103,25.517080355924428,0.005765988594243734,0.00925,0.00452,0.00707,0,342.25158653701993
"2026-03-01","9340ba3f-2b4a-4bed-9c01-9540d2e69b70",,"Habitat Pro Series Slotted Turner With SS Insert","1 pc","Kitchen Tools","Habitat",,,195.08573807309347,299,,74.77231,35.130148897271226,0.046656294827388485,0.06074,0.10361,0.10067,0.10884,186.1773716942241
"2026-03-01","224dd1c4-ac9a-46c6-8100-57444850c1d4",,"Bombay Kookware Stainless Steel Rice Strainer With Handle Size 1","1 pc","Kitchen Tools","Bombay Kookware",,,127.98866213151925,559,,3.64787,77.10399604087313,0,0,,,,127.98866213151925
"2026-03-01","a70e0d87-9292-45e6-b7ea-ed8d853a84bc",,"OGGN Promo Slat Rect.oil Finish Tray 12x9","1 pc","Kitchen Tools","OGGN",,,175.8181818181818,599,,0.55374,70.64804977993626,0,0,,,,175.8181818181818
"2026-03-01","ad3f4fe7-f187-47d0-8566-f8abae283c6c",,"Hazel Stainless Steel Ladle With Handle, Doya/Loti Tea Pourer, Canteen Server","1 pc","Kitchen Tools","Hazel",,,,,,0,,0,0,,,,
"2026-03-01","7a2c6adb-3cf7-43a6-80be-9380f9b63af1",,"Jensons Stainless Steel Deep Colander 24 cm","1 pc","Kitchen Tools","Jensons",,,109.4510775868713,220,,59.75257,50.15166460107876,0.17567175555289566,0.18429,0.25459,0.13065,0.47504,109.75971387019122
"2026-03-01","68f3a504-13d7-4d51-9049-f82321115b4f",,"Petals SS Fruit Basket-Colander-Rice Vegetable Strainer Drainer | 25 Cm - 10 inch","1 pc","Kitchen Tools","Petals",,,459.6864388713597,829,,16.49143,44.42155024923091,0.012116611512242801,0.02153,,,,593.4691695809644
"2026-03-01","ab46766a-ba5a-4ea6-bfab-b9d3a4ee54c5",,"Crystal Handy Dry Fruit Cutter and Slicer, Chocolate Slicer, Dry Fruit Chopper (Colour May Vary)","1 pc","Kitchen Tools","Crystal Cookware",,,146.26076292100265,349,,43.1469,58.3425334733645,0.05862327296330608,0.05027,0.05974,0.09332,0,142.73487850325367
"2026-03-01","d5285908-3922-4275-80d0-5e7d08723a97",,"Kvg Marble Polpat Akhand No.10","1 pc","Kitchen Tools","Kvg",,,314.46370378759207,699,,0.10946,55.012345667011154,0.0030361024688334236,0.00251,,,,308.4344419077485
"2026-03-01","a22e9960-c619-408f-be07-0525fb92d770",,"Lushomes Pot Holder - Red | Buffalo Checks | Microwave Hand Gloves | 9 x 8 inch","1 set (2 pcs)","Kitchen Tools","Lushomes",,,110.75526224982747,499,,6.09947,77.80455666336123,0.0007911674745322003,0.00055,,,,119.06793469620165
"2026-03-01","cfb0533b-acf0-4a4b-8a99-a342940164ee",,"Fackelmann Arcadalina Stainless Steel Vegetable Y-Peeler | White | Ergonomic Plastic Handle","1 pc","Kitchen Tools","Fackelmann India",,,164.28013010522682,299,,87.54625,47.96209172478111,0.6097421093436248,0.66973,0.43501,0.67957,0,154.93775744110582
"2026-03-01","57d23a15-d20f-4265-ba2f-cc09aebc67cb",,"Silicone 2 Pc Brush and Spatula - 8"" 1 pcs","1 pcs X 1","Kitchen Tools","Unbranded",,,136.5,250,,4.75423,45.4,0,0,,,,136.5
"2026-03-01","1bb5aa86-68b4-442b-af06-2c4a6233999e",,"Bombay Kookware Stainless Steel Dosa Turner/ Andhra Palta/ Dosa Khurpi","1 pc","Kitchen Tools","Bombay Kookware",,,65.17574177532666,169,,63.82087,60.907079873803404,0.37789811462307804,0.31143,0.23528,0.22732,0.24944,66.17550514143292
"2026-03-01","c0dea4b3-da5d-4c9a-806b-4a5e8a5ded1f",,"Birch & Co. Serving Tray - Royal Gaja With Four Free Matching Coasters","1 set (5 pcs)","Kitchen Tools","Birch & Co.",,,552.8129032258065,1499,,19.75786,63.12122059867869,0.011654463725856712,0.00917,,,,559.4614603727068
"2026-03-01","01064b6c-073e-485a-80ac-315048939d6b",,"Everest String 2 in 1 Handy Chopper | 450 ml","1 pc","Kitchen Tools","Everest Utility",,,140.3033772931253,299,,31.01498,55.32577709773118,0.20065596873025862,0.18523,0.15619,0.09402,0.26679,130.14412038338364
"2026-03-01","12e3ea58-6e07-4941-9c71-275f956aa29a",,"Petals Comfort Handle SS Pizza-Grill Sandwich Cutter","1 pc","Kitchen Tools","Petals",,,,,,0,,0,0,,,,
"2026-03-01","ba149ee4-37c5-4fd1-9bd0-b878ce8eeb20",,"Rusabl Premium Stainless Steel Chopping Board - Food Grade, Anti-Rust, BIS Certified | 31 x 22 cm","1 pc","Kitchen Tools","Rusabl",,,416.8527210884354,1431.4344006122449,,5.28081,70.82078199202537,0.0065108978551949945,0.00438,,,,477.01634383891445
"2026-03-01","365a963c-9648-4a84-9399-8d602dd53eaa",,"Godrej Cartini Classic Paring Knife (Colour May Vary)","1 pc","Kitchen Tools","Godrej Cartini",,,58.09090909090909,85,,0.87395,31.657754010695186,0,0,,,,58.09090909090909
"2026-03-01","64408b4b-f46e-4540-8391-0cfb955e5f99",,"Sanjeev Kapoor by Oggn Wooden Double Handle Platter 12x9.5","1 pc","Kitchen Tools","OGGN",,,365.7298462632789,1099,,16.3294,66.66279711135886,0.02023959725199792,0.01737,,,,417.1185070892048
"2026-03-01","860e04e3-48fe-4eb3-95a3-0e2d53c50f65",,"Bombay Kookware Manual Ice Cream Maker | 6 Popsicles Pink Colour Base","1 set (6 pcs)","Kitchen Tools","Bombay Kookware",,,66.13415464800147,225,,6.99174,70.61501624399091,0.014644742330532493,0.00892,0.01049,0.01355,0.00504,65.95720151360351
"2026-03-01","4e2fcb5b-4758-4e40-b716-3baedc20b11a",,"Godrej Cartini Versatile Stainless Steel Kitchen Scissors (Black, 1 Piece)","1 pc","Kitchen Tools","Godrej Cartini",,,161.16785714285714,165,,0.15939,2.3225108225108264,0.00007166765484370742,0.00015,,,,160.37954545454545
"2026-03-01","6e232c34-c3c7-406f-820e-279e7a0b6e4d",,"Deep Fry Jhara Wire Skimmer Puri Strainer with Handle Stainless Steel 20 Cm","1 pc","Kitchen Tools","Bombay Kookware",,,180.27209962627907,240,,61.83693,25.040390989907696,0.31865263611090155,0.50248,0.24484,0.22055,0.28804,179.74622599245762
"2026-03-01","3f2f76f8-7013-414d-b1d2-6cc9cb895cee",,"Ice Cube Tray with Lid (2 Pcs Set) (Pink)","1 pack (2 pcs)","Kitchen Tools","Bombay Kookware",,,73.02021149983685,230,,7.98294,68.46886660121095,0.021678379716663258,0.01408,,,,34.85575267638794
"2026-03-01","401384ac-b3cc-4356-97b2-8b0294482e1d",,"Hazel Stainless Steel Ladle With Handle, Doya/Loti Tea Pourer & Canteen Server","1 pc","Kitchen Tools","Hazel",,,59,319,,0.09797,81.50470219435736,0,0,,,,59
"2026-03-01","7509200d-a278-4f48-baa7-16399a52c46e",,"Uttam Stainless Steel Kitchen Press/Noodles/Murukku Maker","1 pc","Kitchen Tools","Uttam",,,173.59782608695653,649,,3.70674,73.25149058752596,0,0,,,,173.59782608695653
"2026-03-01","8b6e95c5-2367-4e18-a30d-cd276b22439a",,"Frenchware Cutting-Chopping Board with Handle - BPA-Free, Food Safe, Anti-Bacterial | Light Blue","1 pc","Kitchen Tools","Frenchware",,,190.9752582744793,500,,8.3883,61.804948345104144,0.004245765612710546,0.00319,0.00007,0.0001,0,179.1933014871311
"2026-03-01","007da854-63e4-49b5-ad07-11668e5a8c75",,"Crystal Plastic Xpress Pull N Chop Mini, 450 ml, Multicolour","1 pc","Kitchen Tools","Crystal Cookware",,,237.1709023127751,495,,53.5717,51.9919187452998,0.031853449306776534,0.03346,0.1909,0.29821,0,245.30767346158805
"2026-03-01","a4b43eee-4a95-42e8-a0aa-0194983edb01",,"Birch & Co. Serving Tray - Mandala With Four Free Matching Coasters","1 pc","Kitchen Tools","Birch & Co.",,,389.0732738689881,1499,,4.83989,74.04447806077464,0.017904969101786235,0.01104,0.00099,0.00155,0,376.7147379371326
"2026-03-01","1543c3ec-4ba7-45cb-8956-803b7faeb517",,"KVG Ss Jhara | Skimmer Puri Jhara Fraying","1 pc","Kitchen Tools","Kvg",,,55.899753399811885,89,,25.18059,35.90649467193485,0.03417721872140584,0.0468,0.13573,0.12953,0.14676,57.53527832308604
"2026-03-01","9efde669-70a7-46d8-af49-2c3118b6e741",,"Faber Hand Blender Fhb 300W Ss Bk","1 pc","Kitchen Tools","Faber",,,977.5178664872543,2999,,6.04467,67.40520618582012,0.0065130696023114705,0.00572,,,,1244.634189516861
"2026-03-01","94aeb628-18a7-4fb8-9563-2329679ec3a4",,"AGARO Elegant Oil Sprayer for Cooking, 200 ml, Glass Body","1 pc","Kitchen Tools","Agaro",,,377.4143268094701,399,,35.63298,5.303770926143683,0.3207197050163635,0.64176,0.20015,0.31268,0,377.9148614142351
"2026-03-01","0c00f06b-b533-4f43-a00d-2fbfd7498f27",,"Anjali Silvera Curry Ladle","1 pc","Kitchen Tools","Anjali",,,119,160,,28.11463,25.625,0.002084877231816943,0.00327,0.00196,0.00307,0,119
"2026-03-01","216c3e98-bccd-4d35-9495-4937bdbd9a17",,"Petals Razor Sharp Superior Ss Blade Utility Knife | 12.5cm Blade Length","1 pc","Kitchen Tools","Petals",,,91.86904761904762,199,,0.07529,53.8346494376645,0.0004321776761787205,0.00049,,,,106.93474842767296
"2026-03-01","8dbdc35f-5d13-45bd-bb83-23fe25ece565",,"Frenchware Non-Stick Silicone Spatulas - Heat-Resistant, Food-Grade & BPA-Free - Red","1 set","Kitchen Tools","Frenchware",,,479.23943944884087,1103.515826981132,,56.70892,56.63195049172738,0.07173910532383948,0.06282,0.31312,0.18188,0.54656,477.1008391511238
"2026-03-01","94b95482-5619-4d68-a166-738545fce33e",,"BAY6 Silicone Spatula & Oil Brush Set (2pc)","1 pack (2 pcs)","Kitchen Tools","BAY6",,,99,249,,4.143,60.24096385542169,0.009193005544042834,0.0077,0.01182,0.01846,0,49.5
"2026-03-01","f4ffc800-032b-4bb5-9889-0da60d55b445",,"Frenchware Multipurpose Vegetable Chopper with 3 Blades, Handy & Compact - Peach","1 pc","Kitchen Tools","Frenchware",,,169.00574712643677,249,,12.85749,32.12620597331856,0.0036609141142435637,0.00524,0.04992,0.07753,0.00081,169.00038363195884
"2026-03-01","b79bea6e-4153-4d3c-ba8f-66b3efd673fe",,"Petals 6 Sided Hex Kitchen Grater Slicer With Food Collector Container Box | 25cm","1 pc","Kitchen Tools","Petals",,,223.07029478458048,499,,3.85499,55.29653411130652,0.0013547358512577177,0.00183,,,,232.98931756896914
"2026-03-01","154691fe-85c1-4e77-9a79-14089a8e7939",,"BAY6 Steel Pakad / Tong","1 pc","Kitchen Tools","BAY6",,,140.46175384698307,298.8279569892473,,3.16615,52.99798962483994,0.005603976259354625,0.00543,,,,138.4831584290256
"2026-03-01","5a9a1f6c-3a22-47ad-95e8-b9bc2b3750d0",,"Stainless Steel FlatTurner 33cm","1 pc","Kitchen Tools","Petals",,,60.666666666666664,159,,0.66647,61.84486373165618,0,0,,,,60.666666666666664
"2026-03-01","d6e270ca-b3cc-4fda-9cd9-40fe94215b39",,"Soham Housewares Chopping Board Plastic No-3","1 pc","Kitchen Tools","Soham Housewares",,,199.63969027547645,395,,38.14976,49.474215979428166,0.0507413511534798,0.06194,0.3033,0.13735,0.59849,199.88628178179655
"2026-03-01","0a418cb8-ce61-409b-8990-95452fd06619",,"Nirosta Nirosta Alpha All Purpose Knife","1 pc","Kitchen Tools","Nirosta",,,66.61904761904762,129,,0.00646,48.35732742709487,0,0,,,,66.61904761904762
"2026-03-01","08150e45-66de-4621-a9ae-925eb3a6e1ca",,"Petals 4Pcs Chopping Board Set Chopping Cutting Board | Ss 420 Blade Cover Knife | Peeler-Scissors","1 pack (4 pcs)","Kitchen Tools","Petals",,,373.3518434273489,650.6449676348549,,62.89677,42.548727853141735,0.07354295847878443,0.08574,0.33119,0.51738,0,90.98712753823574
"2026-03-01","454b6fcb-80d5-4f9b-94ec-0d5e83ecb636",,"Godrej Cartini Kitchen Stainless Steel Knife Set (3 Pieces, assorted colour)","3 pcs","Kitchen Tools","Godrej Cartini",,,299.78986597792687,370,,53.53645,19.16747333257199,0.053644759873496525,0.08702,0.29126,0.45501,0,279.01372963631553
"2026-03-01","a81df389-15b6-42f8-aba9-fea79c16f856",,"Fackelmann Fackelmann Arcadalina Nylon Lasagna Turner | 30 cm Ideal for Slicing Serving & Flipping","1 pc","Kitchen Tools","Fackelmann India",,,183.39362558898216,299,,20.62492,38.664339267898946,0.0037534305414054403,0.00604,0.00013,0.0002,0,174.85646758964708
"2026-03-01","eecf8161-2038-42f1-a96f-0a10887bdad8",,"Anjali SS Table Ring | Small","1 pc","Kitchen Tools","Anjali",,,32.65,85,,14.58333,61.588235294117645,0,0,,,,32.65
"2026-03-01","ff4df3cc-161a-4747-9f08-9ece36b18291",,"Sanjeev Kapoor by OGGN Wooden Lemon Squeezer - 7x3 Inch","1 pc","Kitchen Tools","OGGN",,,89.209932169183,145,,34.07587,38.48175177944099,0.016982845276130535,0.02201,0.00725,0.01133,0,89.10854352515359
"2026-03-01","42fa2633-8266-4d4f-b32e-86e2bef05eae",,"Ice Cube Tray with Lid | 2 Pcs Set","1 pack (2 pcs)","Kitchen Tools","Bombay Kookware",,,72.62817358064156,230,,47.69782,68.20885811971843,0.34933659959545577,0.22851,1.04755,0.20177,2.552,36.66891148292663
"2026-03-01","f772d652-9ca4-4545-95bb-85b7829ff6c4",,"Sanjeev Kapoor by Oggn Mixwood Tavola Chopping Board 15.5x11","1 pc","Kitchen Tools","OGGN",,,350.1476908992409,1999,,18.00216,82.42942869366534,0.03724872066823781,0.01692,0.03817,0.02249,0.06607,395.1272051748058
"2026-03-01","c6814fea-cb21-4738-b371-bf133fd03057",,"Petals Utility Knife Soft Grip - 23 cm Length | 13 cm Blade Length","1 pc","Kitchen Tools","Petals",,,60.10232736266841,92.5,,49.99739,35.25839545599435,0.04076391055096584,0.05557,0.31412,0.23778,0.44992,61.390360727562495
"2026-03-01","80d5dece-941c-48ce-b566-3f867cd34d18",,"Crystal Stainless Steel Chopping Board Heavy And Strong","1 pc","Kitchen Tools","Crystal Cookware",,,359.02586399108134,399,,16.1977,10.018608514849113,0.00787670961674674,0.01494,0.03617,0.05651,0,359.0006415614278
"2026-03-01","3a1bed9b-f00a-4ef4-a2e2-16fa9a8b377b",,"Oliveware Plastic Oil Dispenser Bottle 1000 ml Yellow 1 Pcs","1 pc","Kitchen Tools","Oliveware",,,201.88888888888889,399,,1.37374,49.40128098022834,0,0,,,,201.88888888888889
"2026-03-01","8157789c-ed1a-4b62-8ef0-c2e9e99aed53",,"Proclean Double Mould Chopping Board Assorted Color","1 pc","Kitchen Tools","Pro Clean",,,93.76544844923967,299,,71.53926,67.40863541856503,0.1436632435020027,0.11917,0.28758,0.31875,0.23213,101.11727097231874
"2026-03-01","3a38ebc0-68ed-4239-9358-a891e7e93edf",,"Frenchware Plastic Colander Bowl, Food-Grade Plastic, BPA-Free, Dishwasher-Safe - Blue & Red","1 pc","Kitchen Tools","Frenchware",,,167.53648081007444,399,,33.02482,57.99361364317591,0.015987316397937944,0.0139,0.1267,0.17237,0.04547,167.39638481172796
"2026-03-01","315a6270-87f6-400a-849b-acad6728329a",,"Crystal Rapid Swivel Peeler Hardened Surgical Steel Blades Perfect For Fruit And Vegetables","1 pc","Kitchen Tools","Crystal Cookware brand",,,79,99,,1.64848,20.2020202020202,0,0,,,,79
"2026-03-01","719820e2-1e0a-42f6-aba0-c5c89955ad07",,"Bombay Kookware Manual Ice Cream Maker | 8 Popsicles Multicolor","1 set","Kitchen Tools","Bombay Kookware",,,109.39777247789482,460,,47.23389,77.19413977347432,0.38098004095606913,0.17701,0.04299,0.04927,0.03181,101.61172181652967
"2026-03-01","2d7fe6af-60a6-407a-8b17-86ff9331dcb9",,"Soham Housewares Polpat 10","1 pc","Kitchen Tools","Soham Housewares",,,,,,0,,0,0,,,,
"2026-03-01","dfcab628-83d1-4fec-8c55-815557ad2095",,"Bombay Kookware Stainless Steel Skimmer","1 pc","Kitchen Tools","Bombay Kookware",,,49.46723772520773,145,,65.71007,64.53453487919491,0.1336171756906081,0.09999,0.07671,0.05861,0.1089,51.94728450806449
"2026-03-01","d43e3d29-74d0-497a-880c-3a72340e89d2",,"Multi Shape Ice Cube Tray (Set Of 2)","1 pack (2 pcs)","Kitchen Tools","Joyo",,,55.072169124926866,118,,71.96112,57.89286489791465,0.5131903588646242,0.45214,0.36122,0.5643,0,24.826419977724925
"2026-03-01","1235a510-b422-43b1-aa13-395db59b7965",,"Morphy Richards Mini Chopper","1 pc","Kitchen Tools","Morphy Richards",,,1715.019936007876,3339.1900778242684,,20.07455,48.6372748402434,0.07282085256255617,0.0803,0.00529,0.00826,0,1715.000141151377
"2026-03-01","dad32fb0-e1ca-4fed-9e29-b873f7ab4fef",,"Sanjeev Kapoor by Oggn Wooden Double Handle Platter 8x6","1 pc","Kitchen Tools","OGGN",,,306.41863972460135,999,,19.9343,69.3274634910309,0.01353845434939963,0.01096,0.00315,0.00283,0.00371,337.6323806218391
"2026-03-01","97a97649-0901-4fc7-84ac-00a74731c5bd",,"Fackelmann Arcadalina Turner Nylon 30 cm","1 pc","Kitchen Tools","Fackelmann India",,,151.773433128798,229.1862651239669,,35.74063,33.858601002491426,0.007609150371996899,0.01231,,,,157.3525543499847
"2026-03-01","8846a79b-4d17-4fe0-87d2-725d4dfa9b80",,"Petals Stainless Steel Tea/Coffee/Chai/Channi/Strainer Filter | 8 cm diameter","1 pc","Kitchen Tools","Petals",,,71.10739301458933,109,,27.71998,36.186260781932226,0.10445995042893652,0.13962,0.18648,0.11606,0.31174,69.06352171384759
"2026-03-01","08def912-6ca0-4d83-aafd-c7ea8feae106",,"Fackelmann Stainless Steel Universal Grater With Plastic Handle | Ergonomic Non-Slip Handle","1 pc","Kitchen Tools","Fackelmann India",,,175.49712804679675,383.32376447580646,,71.53409,53.52059373477774,1.6481766750934497,1.56946,0.55602,0.86861,0,178.25826839773816
"2026-03-01","8d4997bc-bf49-46ed-a8b9-ce81f1dedc9c",,"Anjali Sharpline Paring Knife","1 pc","Kitchen Tools","Anjali",,,39.59027777777778,85,,1.60074,53.42320261437909,0.000738394019601834,0.00055,,,,29.935701021355612
"2026-03-01","67205edb-ce75-432b-9f29-2a9fa7b4df59",,"Jensons Jambo Slicer & Grater 7in1","1 pc","Kitchen Tools","Jensons",,,232.23183884552466,410,,71.26068,43.63501732939908,0.20289916632686666,0.23977,0.45019,0.23186,0.83854,230.0042156503803
"2026-03-01","31eca615-c884-426c-b9b0-ae6da087585d",,"Jensons Stainless Steel Ladle No. 3","1 pc","Kitchen Tools","Jensons",,,79.45945557061442,120,,36.46936,33.8261537826341,0.04054825606229978,0.05662,0.0681,0.01685,0.15925,79.4006252035461
"2026-03-01","333b5799-74d6-4dd4-ab0b-114629d30e24",,"Judge by Prestige Stainless Steel Skimmer 1.5(32cm)","1 pc","Kitchen Tools","Judge by Prestige",,,182.29578255675028,260,,31.46379,29.89751741896464,0.005844171490436869,0.00857,0.00008,0.00013,0,181.02411444987965
"2026-03-01","13014c78-8dcd-4876-b44a-c343b9915f95",,"Java 5 Petal Flower Shape Hot Mat | 3 Pieces - Orange","1 pack (3 pcs)","Kitchen Tools","Java",,,111.28238038272849,265,,63.71063,58.33417549934657,0.03046244527867366,0.02436,0.00582,0.0091,0,33.03507145139753
"2026-03-01","61f6a6a2-6011-43f4-8a51-068f5ae99ad9",,"Femora Stainless Steel Cutting Board For Kitchen Chopping Board | 25 cm x 36 cm","1 pc","Kitchen Tools","Femora",,,599.8768888071307,775.26716,,11.25496,22.62320400529661,0.000863269478799203,0.00182,,,,510.5660239057022
"2026-03-01","7988d6fb-28f2-4344-a002-914679930d39",,"Chopping Board Plastic | White - 37 x 23 cm","1 pc","Kitchen Tools","Bombay Kookware",,,129,485,,2.53165,73.4020618556701,0,0,,,,129
"2026-03-01","4e24d36e-ab2f-4e4a-b24f-d6ee17b0bb7d",,"Petals Stainless Steel Egg Whisk/Beater/Cake Batter Whisker | 25cm","1 pc","Kitchen Tools","Petals",,,82.39209577380674,134.9064023741007,,58.32859,38.80157106006053,0.10447406678519361,0.13401,0.0798,0.09987,0.04411,82.65840673709583
"2026-03-01","7fb777d5-4cc2-4a01-9dc6-8dc6b5bdb925",,"Chrome 4 Pcs Ball Tools Set for Clay Modeling, Dotting, Sculpting & Sugar Paste Cake Art","1 pack (4 pcs)","Kitchen Tools","Chrome",,,61.5,140,,12.19369,56.07142857142857,0,0,,,,15.375
"2026-03-01","af44d932-d730-4867-b3f8-e160190bfac7",,"Signoraware Borosilicate Glass Oil Dispenser | 1000 ml | Clear | Oil Bottle, Oil Pourer","1 pc","Kitchen Tools","Signoraware",,,435.0006660496363,580,,57.40466,25.00012095193554,0.09636041955803934,0.15231,0.00441,0.00689,0,434.993335168653
"2026-03-01","4fda8a6d-ecdd-4238-a0b2-1b3832f64236",,"Tramontina Ultracorte Stainless Steel Fruit Knife/,12cm/4.7 inch | Black | Wavy/Serrated Edge | Antimicrobial |Polypropylene Handle |Dishwasher Safe | 5 Year Warranty | Made in Brazil","1 pc","Kitchen Tools","Tramontina",,,164.4857142857143,195,,0.37181,15.648351648351648,0,0,,,,164.4857142857143
"2026-03-01","5a38d242-bff8-41ab-90b3-7c851dab7164",,"Sanjeev Kapoor by OGGN Mango wooden Chakla, Roti & Chapati Maker, Kitchen Tool - 9 Inch","1 pc","Kitchen Tools","OGGN",,,189.6039258064013,299,,15.81984,36.56673458570197,0.040604504312616495,0.05409,0.00432,0.00676,0,189.89547855534886
"2026-03-01","1c122407-d19e-4ed8-95e0-2b1cbbabd85b",,"Everest Pro String Chopper 700 ml","1 pc","Kitchen Tools","Everest",,,154.32653401723152,549,,27.34057,71.37902056803532,0.27025090812600144,0.16323,0.14126,0.1105,0.19598,158.04001690148783
"2026-03-01","b4966937-4d94-43e4-901e-93f00c3a0dc2",,"Habitat Pro Series Soup Ladle With Ss Insert","1 pc","Kitchen Tools","Habitat",,,234.07826393975466,399,,84.17292,41.674880439110844,0.07113340505305432,0.086,0.13723,0.07421,0.24932,221.88110042900308
"2026-03-01","b9487c13-6734-47a5-bee2-82524a14fa2e",,"Pigeon Stainless Steel Kitchen Knives - 3 pcs","1 pack (3 pcs)","Kitchen Tools","Pigeon by Stovekraft",,,228.6876202876647,545,,67.09765,58.02296207990209,0.37020904395719484,0.32781,0.49699,0.77638,0,76.25771361170736
"2026-03-01","044085e6-6064-438f-afe4-eddca448c87d",,"Happy Kitchen Stainless Steel Sharp Peeler | Poly Grip | Double Sided Blade | Durasharp - Assorted","1 pc","Kitchen Tools","Happy Kitchen",,,48.642370754603434,58.950375080645166,,61.06359,17.352780973472793,0.4715731688715948,0.82304,0.46436,0.72541,0,48.6882436956097
"2026-03-01","b73c0a83-089e-475c-86d4-f279eeb35493",,"Embassy Premium Chopping Board, Heavy-Duty Thick Cutting Board, 36X25 Cms (Large), Stainless Steel","1 pc","Kitchen Tools","Embassy",,,663.5601930121161,1500,,16.92708,55.73862049899787,0.016288103373569868,0.01531,,,,669.1263772407043
"2026-03-01","f6f321d5-92d2-40a7-9357-ffcec4adda59",,"Petals Wooden Roller Belan Rolling Pin | 36cm Length x 5cm Thickness","1 pc","Kitchen Tools","Petals",,,139.0228438228438,179,,2.38569,22.333606802880546,0.0019437136692460042,0.0032,,,,139.11652637719808
"2026-03-01","93d5b1cd-a0b9-45af-be19-9ed3d7c37338",,"Silicone 3 Pc Baking Scrapper | Assorted","1 pack (3 pcs)","Kitchen Tools","Soham Housewares",,,29.535267876117842,90,,42.40396,67.08521677151795,0.042472858356920794,0.02944,0.30278,0.10756,0.65004,9.962958488320629
"2026-03-01","5601c03c-9364-4843-83ed-dfd388b013b1",,"Petals Steel Cooking/Serving/Spoon/Spatula-Wire Skimmer/Jhara/Strainer/Fryer |14 cm dia","1 pc","Kitchen Tools","Petals",,,90.96368490736867,133.77255126760565,,8.79273,31.09696300988808,0.008278700008006444,0.01255,,,,100.31145121491063
"2026-03-01","eb1c8c15-bff7-48b2-8359-c11eb2b70421",,"OGGN Wooden Belan No. 4","1 pc","Kitchen Tools","OGGN",,,57.324999999999996,149,,0.6934,61.526845637583904,0.00010684995813061835,0.00013,,,,55.33205619412515
"2026-03-01","73ee819d-ea5e-43bd-8fa3-64175b358f54",,"Fackelmann - Solid Turner 30 Cm - High-Quality Bamboo - Wood Brown, Durable, Eco-Friendly","1 pc","Kitchen Tools","Fackelmann India",,,129.09127773328436,149.81022433333334,,58.44266,14.164022834857073,0.1938025863547954,0.3185,0.03355,0.05241,0,128.86211611569732
"2026-03-01","62cae11b-9b71-47fa-93da-7410c7ecf151",,"Petals SS Juice Soup Rice Vegetable Strainer Drainer with Silicone Handle | 14 Cm - 5.5 inch","1 pc","Kitchen Tools","Petals",,,234.9,419,,1.30586,43.937947494033416,0.0006007052524172568,0.00115,,,,223.2037507946599
"2026-03-01","b1b16c36-38e7-4534-bf50-2c758bf219a4",,"Petals Stainless Steel Kitchen Vegetable/Fruit Y Shaped Peeler","1 pc","Kitchen Tools","Petals",,,114.05491262885889,179,,44.08418,36.55800562670802,0.03377761725197424,0.04351,0.11657,0.11668,0.11637,111.77673846644367
"2026-03-01","0dda4a20-2517-40e0-917c-dfaa8d0ccbff",,"Fackelmann Turner Solid Bamboo 30 cm","1 pc","Kitchen Tools","Fackelmann India",,,128.90013668332097,148.38914062761503,,56.64237,13.15767382639898,0.055817810038242405,0.10193,0.02761,0.04313,0,128.79809677782015
"2026-03-01","d7400544-3aeb-4e27-8615-8a3a21017660",,"JASCO Stainless Steel Multipurpose Small Sized Utility Grater For Kitchen","1 pc","Kitchen Tools","JASCO",,,84.61327536931931,129,,5.26681,34.27935372121419,0.004633856822424803,0.00654,,,,86.27907408705346
"2026-03-01","3a1c092c-6eab-4d19-b41b-a8ff146c84b9",,"Anjali Veg Knife","1 pc","Kitchen Tools","Anjali",,,39.25503663003662,47,,8.9225,16.47864546800719,0.00020414422894874236,0.00038,0.04432,0.0618,0.01324,39.97579749646678
"2026-03-01","97b014bf-88c8-42f5-a4e6-741b517b4a33",,"Youbee Stainless Steel Heavy Duty Chopping Board With Lip For Kitchen - For Vegetables, Fruits","1 pc","Kitchen Tools","Youbee",,,531.0830537797814,1399,,72.156,62.03833353439851,0.8314247164808926,0.66184,0.65014,0.53126,0.86162,530.2653855882622
"2026-03-01","07c564da-8cbe-491b-bc05-f9e5fd24ac57",,"Youbee 2 In1 Hand Press Manual Citrus Juicer For Orange, Lemon, Hand Squeezer Juicer","1 pc","Kitchen Tools","Youbee",,,129.21416515020672,349,,7.47555,62.905587432646854,0.10561944621442305,0.08295,0.05607,0.08759,0,129.75790734900974
"2026-03-01","df5e3a7f-c90f-46b9-a41c-a7b8eae0d5cc",,"Crystal Plastic Apple Cutter, Assorted Color","1 pc","Kitchen Tools","Crystal Cookware",,,94.59142577234923,135,,70.60588,29.83630537126973,0.042784938417558385,0.06359,0.09277,0.14492,0,95.25412818960226
"2026-03-01","8edadada-b915-47b1-9257-b8d266b5dddb",,"Crystal 9 Inch Tomato Knife","1 pc","Kitchen Tools","Crystal Cookware",,,130.19903314842338,165,,30.69787,21.041378250460237,0.010951469184253436,0.01894,0.03284,0.05131,0,134.06918619165785
"2026-03-01","321be233-7093-481b-9e52-afecf274c972",,"KVG Wooden Chopping Board | Wooden Cutting Serving Plater","1 pc","Kitchen Tools","Kvg",,,201.79366905709776,309,,40.40403,34.66458676711885,0.0168503687020255,0.02312,0.07596,0.09394,0.04398,200.77189196511875
"2026-03-01","09253700-62e0-4975-951f-fa5c8e2d37fa",,"Habitat Professional 4.5 Inch Steak Knife With Ultra Razor-Sharp Blade With Precise Cutting","1 pc","Kitchen Tools","Habitat",,,147.2460565507935,299,,51.99766,50.79748362408552,0.02100709268296053,0.0239,0.14982,0.1082,0.22384,147.19984497899463
"2026-03-01","6479020d-e01f-4eaa-ae05-7f9f4b58986e",,"Wonderchef Smart Peeler","1 pc","Kitchen Tools","Wonderchef",,,231.50986551922367,400,,62.77358,42.30578205315263,0.037519103184239073,0.04206,0.33275,0.51982,0,212.11847085842973
"2026-03-01","f98829b5-00bc-4d8a-b844-544f7722a33e",,"Fackelmann Arcadalina Vegetable Grater","1 pc","Kitchen Tools","Fackelmann India",,,103.83443223443224,199,,0.99328,47.821893349531535,0,0,,,,103.83443223443224
"2026-03-01","b097e5c2-d787-4025-8f4e-19ce8ba74e4d",,"Happy Kitchen Stainless Steel Pakkad | 8 MM | Strong | Durable & Rust-Resistant | Ideal for Lifting","1 pc","Kitchen Tools","Happy Kitchen",,,152.33903083996393,181.5600861038961,,46.6821,16.132871490468165,0.06530791058781915,0.11557,0.03288,0.05137,0,151.30890240322714
"2026-03-01","fc168c33-7ae7-4e0c-a5b9-e6457fb98a01",,"Everest Pro String Chopper 500 ml","1 pc","Kitchen Tools","Everest",,,154.37829492136026,369,,66.52447,59.32306951639912,1.3539800832611841,1.1579,0.54536,0.20287,1.15459,149.97306375132635
"2026-03-01","2d8b1d13-24e2-49cf-9afd-0ca539af54a9",,"Crystal Stainless Steel Serving Tong (Colour May Vary)","1 pc","Kitchen Tools","Crystal Cookware",,,167.74309387767585,210,,63.0624,20.829954658146693,0.022055395016083487,0.03565,0.00705,0.01102,0,161.44195570794207
"2026-03-01","e80cc95c-9c01-4651-b134-f3fd60a98120",,"Crystal Stainless Steel Pizza Cutter, Multicolour","1 pc","Kitchen Tools","Crystal Cookware brand",,,126.48802811566713,170,,73.99408,25.399557425699278,0.1528438700874816,0.24175,0.20405,0.31877,0,126.86420299836277
"2026-03-01","f5806bb8-7c92-4cba-9099-5d7bc268d546",,"Sanjeev Kapoor by OGGN Wooden Ovel Taper Serving Tray,Snack,Breakfast,Coffee - 12x8 Inch","1 pc","Kitchen Tools","OGGN",,,347.0565386629678,1199,,21.4692,71.11342013439312,0.02525828766346227,0.01791,0.00128,0.00091,0.00193,354.91001913023985
"2026-03-01","f8ed99ee-ba72-44e1-b453-d77baa71e128",,"Stehlen Melamine Era Tray | Set of 3 - Aura","1 pack (3 pcs)","Kitchen Tools","stehlen",,,949,3399,,2.7133,72.08002353633421,0,0,,,,316.33333333333337
"2026-03-01","c7417d5e-4d31-4cef-8eb5-a90059b58b7c",,"BAY6 Steel Pipe Handle Tea Strainer","1 pc","Kitchen Tools","BAY6",,,145.48361115296677,334.351820859375,,26.28499,56.49127350871594,0.017244540803665886,0.01572,0.07381,0.11531,0,142.74244175393784
"2026-03-01","d0773269-c103-4aeb-ad2a-94258f630f05",,"Habitat Multi Purpose | Super Scissor With Opener | Heavy Duty | Cut With Ease | Dish Washer Safe","1 pc","Kitchen Tools","Habitat",,,219.2827526989133,249,,78.62595,11.937186923500644,0.07229029474200109,0.13418,0.02679,0.04185,0,219.21818399685404
"2026-03-01","a3692bb9-8337-46f3-b8f6-eb91e8d49621",,"Urbanfix Bulfyss Acacia Wood Multipurpose Food Serving Platter with Handle","1 pc","Kitchen Tools","UrbanFix",,,511.00107214360054,4399,,30.69631,88.46846918845189,0.330648064134045,0.06783,0.05221,0.05177,0.053,435.3990776433861
"2026-03-01","d0032ea9-2d8a-4d3d-b3ae-d9e1976718f8",,"Uttam Stainless Steel Vegetable Slicer Classic Plain","1 pc","Kitchen Tools","Uttam",,,48.14327495038446,181,,28.39307,73.26596906395419,0.006682465877396598,0.00379,0.00866,0.01353,0,48.74311269802077
"2026-03-01","6458550d-8f33-437a-9702-7f1f396577ec",,"Jensons Grip Slicer & Grater 5in1","1 pc","Kitchen Tools","Jensons",,,139,267,,3.01259,47.940074906367045,0.0005798564800990872,0.00064,,,,139
"2026-03-01","44f70961-a61a-4a20-b7e1-91f48282f272",,"KVG Plastic Strainer With Ginger Grater","1 pc","Kitchen Tools","Kvg",,,40.360407437871295,59,,37.56213,30.496570746608867,0.03715576989165263,0.05422,0.24523,0.21519,0.29867,41.0824323852015
"2026-03-01","0ff9f9ea-e5ac-46f9-993f-0566d93ff78c",,"Pigeon Handy Chopper Large (650Ml)","1 pc","Kitchen Tools","Pigeon by Stovekraft",,,199,645,,2.07396,69.14728682170542,0.0028015537802540172,0.00182,,,,199
"2026-03-01","12dc78ea-b706-4797-8073-7886309481a6",,"Softel Multipurpose Handle Removable Handle For Kitchen Cookware | All-In-One Detachable Handle","1 pc","Kitchen Tools","softel",,,530.7373987459026,1295,,54.78071,58.83054783897742,0.06102978594307311,0.06824,0.01143,0.01785,0,580.5927468014676
"2026-03-01","daf00db5-5163-4163-ab7e-81eb6b2c98cd",,"Ambition Push Chopper 650 ml - Assorted","1 pc","Kitchen Tools","Ambition",,,131,299,,7.22122,56.187290969899664,0.007363742947835113,0.0067,0.07752,0.08172,0.07005,129.04853106855015
"2026-03-01","3ed21386-abec-473a-a184-839151d0aae1",,"Oggn Vintage Printed Wooden Brown Square Tray 10x10","1 pc","Kitchen Tools","OGGN",,,,,,0,,0,0,,,,
"2026-03-01","544862d6-fdf5-4522-a23a-dce1fb8443cb",,"Godrej Cartini Fruit Knife, Green","1 pc","Kitchen Tools","Godrej Cartini",,,108.1953933747412,180,,5.13869,39.891448125143775,0.0005863717214485153,0.00084,,,,102.28100788926683
"2026-03-01","46ed09c0-8e9a-4ad1-b0f5-4b9f80238beb",,"Capsicum Steel Oil Dispenser 1000Ml With Handle","1 pc","Kitchen Tools","Capsicum",,,231.4612567228808,799,,53.9494,70.99763573674828,0.5604873190913728,0.34048,0.57243,0.83674,0.1023,231.6362409714803
"2026-03-01","ce3402d1-c540-4b1d-83ec-ccfea8fc6897",,"Petals Heavy Duty Square Trivet Table Ring Steaming Stand | 16 cm","1 pc","Kitchen Tools","Petals",,,114.87857142857142,249,,17.16243,53.86402753872633,0,0,,,,114.87857142857142
"2026-03-01","1be81099-15ff-4758-a7b3-35826343aef7",,"Frenchware Oil Dispenser, BPA-Free Plastic, 100% Food-Grade | 2 Pack, 1 L Each - Textured Blue","1 pack (2 pcs)","Kitchen Tools","Frenchware",,,259.8235294117647,399,,2.92308,34.867871432968386,0.0010398325193687005,0.00148,,,,134.19519343493553
"2026-03-01","0e7200fb-0c84-4dd6-b679-0766a190e733",,"Pigeon Wooden Block Kitchen Knife - 6 pc","1 pack (6 pcs)","Kitchen Tools","Pigeon by Stovekraft",,,399,695,,0.10482,42.589928057553955,0,0,,,,66.5
"2026-03-01","0d715bb0-97be-4c12-80ab-72ac09f1803c",,"Silicone 3 Pc Combo (Whisk+Oil Brush+Spatula) - Assorted","1 pack (3 pcs)","Kitchen Tools","Soham Housewares",,,195.17730901836916,450,,78.10891,56.42712427447294,0.15938560675173058,0.14763,0.387,0.131,0.84235,197.9451303105027
"2026-03-01","97bcc285-b439-40c6-be19-e6d3b4226405",,"Nirosta Nirosta Stainless Steel Universal Scissors Soft Comfort Grip Handle Ergonomic | 20 cm Black","1 pc","Kitchen Tools","Nirosta",,,121.3913043478261,249,,1.33217,51.24847214946743,0,0,,,,121.3913043478261
"2026-03-01","5a2e32f5-593e-4a59-9663-07051dfed5b0",,"Kvg Teak Wood Rawai No.3","1 pc","Kitchen Tools","Kvg",,,32.25925925925926,79,,12.98813,59.16549460853259,0,0,,,,32.25925925925926
"2026-03-01","cca62b36-6042-462b-a706-0e18c7c98e94",,"Ritu Unique Chopper 650Ml J-290 Assorted Colour","1 pc","Kitchen Tools","Soham Housewares",,,192.46796659432272,270,,48.63987,27.491540365328905,0.20087922433383235,0.31152,0.96882,0.24206,2.26157,198.89079155381657
"2026-03-01","9d3f4d15-6309-4533-8681-91be780a8476",,"Vesta Homes Acacia Wood Chopping Board/Cutting/Serving Board, Platter | 42 X 18 X 1.5 Cm","1 pc","Kitchen Tools","Vesta Homes",,,500.52254028338035,999,,76.45,50.59133316118504,0.31992636579471473,0.31768,0.47385,0.3381,0.71534,472.8833124048255
"2026-03-01","2ffe2fbe-15d2-474d-ae2d-b1e785151bc9",,"Habitat Classic Razor Sharp Utility Knife | Finely Honed For Long Lasting Sharpness","1 pc","Kitchen Tools","Habitat",,,445,529,,24.77915,15.879017013232508,0.027101666615927077,0.04805,,,,445.00000000000006
"2026-03-01","7c736c07-e782-4a90-9f7b-0660041aadf4",,"Petals SS Juice Soup Rice Vegetable Strainer Drainer with Silicone Handle | 16 Cm - 6.5 inch","1 pc","Kitchen Tools","Petals",,,225.55,489,,0.73262,53.875255623721884,0.0004247937359827022,0.00036,,,,201.47437092264684
"2026-03-01","49bb9782-b2b5-4504-88c6-2b5d283433a4",,"Saffron Mini Handy Rasi Chopper With 3 Blades for Chopping Vegetables and Fruits| Green | 450 ml","1 pc","Kitchen Tools","Saffron",,,131.9339879931829,499,,32.52671,75.0312136448057,1.4525139873333925,0.76035,0.86468,0.59792,1.33919,124.17836525437983
"2026-03-01","aafe6d7e-ef79-41f9-8f09-7fdfb4e0efc8",,"Anjali Chopping Board Oval | Set of 1 | 29.8 x 18.7 x 1.2 cm | Plastic","1 pc","Kitchen Tools","Anjali",,,175.70005302906978,320,,73.04188,44.91931409190777,0.00941669549703986,0.0128,0.02222,0.03471,0,196.15642469951877
"2026-03-01","2a1e4300-01c9-45be-9f67-517ef4ef8d9d",,"Wonderchef Waterstone Silicon Turner Black","1 pc","Kitchen Tools","Wonderchef",,,236.33609608706487,510,,40.70597,53.61909476527535,0.06093965843773937,0.06016,0.03238,0.05059,0,237.75778687489873
"2026-03-01","968123da-fe4d-46d3-93de-293db850bc70",,"Signoraware Water Dispenser | 9 L | Blue | Water Storage Dispenser","1 pc","Kitchen Tools","Signoraware",,,491.191877675628,770,,74.51438,36.25732758828763,0.3594491228686146,0.48248,1.16433,1.15836,1.17494,489.98652845327285
"2026-03-01","c0c1a002-b7d6-416c-a213-266edbdaf1e3",,"Tramontina Plenus Stainless Steel Vegetable and Fruit Knife/Chaku, 7cm/2.7 inch | Black | Straight/Plain Edge Knife | Polypropylene Handle | Dishwasher Safe | 5 Year Warranty | Made in Brazil","1 pc","Kitchen Tools","Tramontina",,,110.78054770784772,145,,13.93055,23.746548359249186,0.006896382968369482,0.01025,0.00296,0.00462,0,101.85501152774121
"2026-03-01","ab940529-b42f-4fea-aed7-64d227508205",,"Godrej Cartini Classic Chef Knife Small - Red","1 pc","Kitchen Tools","Godrej Cartini",,,255.0801393728223,480,,2.90848,46.858304297328694,0,0,,,,255.0801393728223
"2026-03-01","68a7c6e6-4ecc-48ef-bdf9-72427b8a5b0c",,"Aluminium Cake Mould - 7"" X 3""","1 pc","Kitchen Tools","Soham Housewares",,,301.29038688053583,499,,54.02448,48.426678322181765,0.3707015962032116,0.36812,0.75046,0.2073,1.71662,236.56943794612573
"2026-03-01","926e76f5-3fa0-4d5d-aae6-232f4460a0a0",,"Vesta Homes Acacia Wood Medium Serving Tray For Home, Kitchen, Restaurant, Office | 32 x 22 x 4.5 Cm","1 pc","Kitchen Tools","Vesta Homes",,,499.0077639751553,1299,,8.78568,61.58523756927211,0.010551216190686913,0.00854,,,,499.00024938153376
"2026-03-01","13987bb6-9d56-4ccf-9421-9daad0545548",,"Everest String Chopper 650 ml","1 pc","Kitchen Tools","Everest Utility",,,144.70646621511517,449,,76.28059,67.75293397113892,5.386437128540882,3.66105,2.10424,1.34437,3.45589,144.78932646958623
"2026-03-01","2efd40e1-ef50-416f-b8ab-585d29cd378d",,"Kuber Industries Stainless Steel Spring/Trigger Ice Cream Scoop (Silver)-KUBMART2855","1 pc","Kitchen Tools","Kuber Industries",,,198.04458044559726,199,,29.22347,0.3717356558201753,0.10692531775556006,0.22483,0.07653,0.11378,0.01027,198.5301989269023
"2026-03-01","7bb3f2dc-3585-4eea-b11b-4a96f7f05030",,"Wonderchef Chakli/Murukku Maker (12 Attachment)","1 pc","Kitchen Tools","Wonderchef",,,578.7262080944198,899.9354850416665,,54.9554,35.93008303363204,0.23646416953613794,0.3111,0.12447,0.19444,0,566.6078059589967
"2026-03-01","f4b0e164-7af5-489b-a5ec-baee96323829",,"Stehlen Melamine Slant Tray Medium - Walnut","1 pc","Kitchen Tools","stehlen",,,329,1140,,8.15581,71.14035087719299,0,0,,,,329
"2026-03-01","a0326302-22af-4f50-aa8a-f6848f0e7fa2",,"BAY6 Steel Double Mesh Tea/Coffee Strainer","1 pc","Kitchen Tools","BAY6",,,119,219,,1.70213,45.662100456621005,0,0,,,,119
"2026-03-01","9ece41c4-21d8-4529-87d3-60a187d753b6",,"Crystal 11-Inch Bread Knife Cl207 (Alloy Steel Silver)","1 pc","Kitchen Tools","Crystal Cookware",,,235.01872187892124,265,,77.02287,11.312555596282873,0.039998152517696416,0.07474,0.17068,0.2156,0.09078,235.02432429958378
"2026-03-01","81f3a446-18c5-4897-9bd3-a0779bc96bfb",,"Sanjeev Kapoor by Oggn Wooden Double Handle Platter 14x12","1 pc","Kitchen Tools","OGGN",,,673.970470719565,1399,,9.60479,51.82484126379092,0.004709216447366521,0.00843,0.00149,0.00168,0.00115,915.7653237673312
"2026-03-01","201c1a83-0bb6-412f-905a-81376a3acbcf",,"Ice Tray With Silicon 14 Cubes Blue","1 pc","Kitchen Tools","Signoraware",,,181.005461258773,245,,68.10386,26.090906082840892,0.17217176789998295,0.26868,0.52794,0.82473,0,181.21919740384078
"2026-03-01","b9ebe249-34e2-4abc-b07e-87b459ed2720",,"Petals Bamboo Thick Wooden Chopping Cutting Slicing Board - 32cm Length x 22cm Breadth","1 pc","Kitchen Tools","Petals",,,329,465,,10.25808,29.247311827956988,0.007423031644114908,0.01107,,,,329
"2026-03-01","6d3170cf-f51c-40e2-8a73-428c9328a8cf",,"KVG Bottle Opener For Coldrink | Beer Bottle Opener Bar Tool | Assorted","1 pc","Kitchen Tools","Kvg",,,81.242273456591,89,,56.53984,5.40392726588528,0.2383062454403328,0.47662,0.10244,0.12569,0.06108,84.39966968474454
"2026-03-01","60f07ffe-c5e8-41f6-9e70-b260a521b80a",,"Tramontina Plenus Stainless Steel Chef Knife Chaku, 17 Cm 6.6 Inch | Straight | Black","1 pc","Kitchen Tools","Tramontina",,,359.0181438729338,395,,56.55399,9.10970184775098,0.025297596286270485,0.04846,0.05836,0.09117,0,359.00014095636976
"2026-03-01","ce0c7886-12e6-4c7e-983c-882a6e47e3f3",,"Signoraware Borosilicate Glass Oil Dispenser | 500 ml | Clear | Oil Bottle, Kitchen Oil Dispenser","1 pc","Kitchen Tools","Signoraware",,,345.0820105820106,460,,8.74036,24.982171612606393,0.0033266822330179097,0.00526,,,,345.00324784175683
"2026-03-01","1a03a35f-3d4b-45ff-a664-894cc799ed80",,"Agaro Elite Borosilicate Glass Oil Dispenser With Capacity Markings, Pack of 2","1 pack (2 pcs)","Kitchen Tools","Agaro",,,487.6735121364221,599,,95.95932,20.967571130076625,0.6649954823062952,1.09097,0.04712,0.07361,0,233.87788160149512
"2026-03-01","a8683d4b-9f7e-42c2-866b-35a7cf4ee51a",,"Crystal Stainless Steel Butter Knife (1 Pc)","1 pc","Kitchen Tools","Crystal Cookware",,,60.12977766216637,70,,48.90453,14.374795467564782,0.017747083086418435,0.03178,0.06421,0.10031,0,59.511036029996745
"2026-03-01","a4246a77-0f43-4b6c-b25c-f58ac0ce9707",,"Embassy Round Trivet, Small Size (Pack of 2), 15 cms, Premium Stainless Steel Table Ring","1 pack (2 pcs)","Kitchen Tools","Embassy",,,217.41071428571428,280,,1.8351,22.353316326530614,0.0006080891926132751,0.00114,,,,118.56375838926176
"2026-03-01","66487c80-6f8c-4c9c-92b5-a518b7674ba0",,"Vesta Homes Acacia Wood Sofa Armrest Tray|Tambour Tray| Foldable|Dining Table Mat|43 X 28 X 1.3 Cm","1 pc","Kitchen Tools","Vesta Homes",,,636.4863438447543,1799,,48.97621,64.51701606232609,0.13576807403476596,0.10064,0.02118,0.01274,0.03619,654.9162453741825
"2026-03-01","8307fd10-55a8-4b36-944a-f39eb63d7346",,"Kuber Industries Stainless Steel Turner for Dosa | Roti | Omelette | Parathas","1 pc","Kitchen Tools","Kuber Industries",,,136.56731712731712,499,,12.16351,72.28318272421404,0.010327743412401535,0.00826,,,,176.05187394093113
"2026-03-01","e9839c91-8c1c-478f-ba7c-312ff3b09b59",,"Fackelmann Super Saver Combo Pack 3 Piece Lighter Peeler Knife","1 set (3 pcs)","Kitchen Tools","Fackelmann India",,,137.66014217566507,299,,11.35942,53.95981867034613,0.0017013466910472843,0.00187,,,,148.63021639109198
"2026-03-01","ba3f523b-ceab-4b57-ae3f-9940a02de7f2",,"OGGN Wooden Mathni","1 pc","Kitchen Tools","OGGN",,,61.047083863375306,145,,15.89037,57.81870243057307,0.024409786065055096,0.02135,0.04278,0.06683,0,61.30420164862862
"2026-03-01","7971829a-4aa0-4edf-bb9e-a72ac86ff6c2",,"Anjali Butter Knife Set Of 2","1 pack (2 pcs)","Kitchen Tools","Anjali",,,61.26320402772966,90,,32.3196,30.73408632555883,0.032115579183735185,0.04792,0.01821,0.02577,0.00477,31.876442019938835
"2026-03-01","4aa8d51f-6776-4b36-9690-31389091a8ce",,"Stehlen Melamine Era Tray | Set of 3 - Blossom","1 pack (3 pcs)","Kitchen Tools","stehlen",,,949,3399,,5.21556,72.08002353633421,0,0,,,,316.33333333333337
"2026-03-01","1a3e8eb0-602f-4f2c-ad79-08f784cbdb7d",,"Jensons S.s Veg Slicer","1 pc","Kitchen Tools","Jensons",,,129.084668932632,215,,68.71941,39.92955673340938,0.06739582826559916,0.08534,0.6467,0.0847,1.64637,129.32640540172875
"2026-03-01","235d823c-3912-427a-8aba-bc4b8c8ad859",,"Silicone Trivate Multi Color 6 Pc Set","1 pack (6 pcs)","Kitchen Tools","Spine",,,402.263854822751,2125,,62.62441,81.06993624363524,0.06493284986080375,0.03254,0.02276,0.03555,0,72.03149387137191
"2026-03-01","e76fc19e-ba8f-430b-804c-9920551c1ebb",,"Anjali Cut N Wash - Deluxe","1 pc","Kitchen Tools","Anjali",,,233.715480909567,465,,36.19001,49.738606256007095,0.009280744127548462,0.01118,,,,239.58606951832354
"2026-03-01","036407a5-631f-418c-b5d4-d33f6421ee34",,"Kent 11054 Alkaline Water Filter Pitcher 3.5 L (Not Suitable For Borewell Or Tanker Water)","1 pc","Kitchen Tools","Kent",,,1755.1511845755824,1950,,46.62224,10.083055958864387,0.26108200897495143,0.48254,0.0425,0.0664,0,1718.4495125436365
"2026-03-01","946ed19c-4552-41ef-8438-f97d3d413c2f",,"Everest Stainless Steel Butter Knife Set of 4 Pcs","1 pack (4 pcs)","Kitchen Tools","Everest Utility",,,67.28399493243244,189,,9.25178,64.11068861173344,0.0114928857403909,0.00898,,,,19.303882308174426
"2026-03-01","795422fe-91a4-4e73-8af3-cbb433fb8035",,"OGGN Wooden Mortar & Pestle | Okhali | 3.5 x 3.5","1 pc","Kitchen Tools","OGGN",,,120.7765022337167,299,,9.97918,59.67356077872537,0.02726628504735596,0.02296,0.0007,0.0011,0,119.80533516950877
"2026-03-01","46ae5c85-0485-4496-b499-31d1ca0914be",,"Anjali Chopping Board Round | 26 cm Diameter | Plastic | Set of 2","1 pc","Kitchen Tools","Anjali",,,175.10732849124577,320,,74.41705,45.31744817531429,0.009708578309494233,0.01256,0.04554,0.07114,0,175.8984968204476
"2026-03-01","5c521f74-5c4c-48e0-8932-6be865167813",,"Anjali Olive Strainer | Small","1 pc","Kitchen Tools","Anjali",,,101.80479494839999,125,,45.28585,17.974586930865623,0.053718816450168363,0.09279,0.08799,0.13745,0,103.38073299910441
"2026-03-01","53870987-8b2b-456f-9e89-5286829e2fec",,"Kuber Industries Oval Bamboo Cutting Board for Meat | Vegetables | Fruits (33 x 22 cm)","1 pc","Kitchen Tools","Kuber Industries",,,379.65220125786163,1199,,7.49126,68.33592983670879,0.007811774377964109,0.0052,,,,379.00947810986196
"2026-03-01","1978579c-a01f-4557-b062-ff0f77bf9d12",,"Godrej Cartini Easy Chopping Knife - Teal","1 pc","Kitchen Tools","Godrej Cartini",,,160.27272727272728,165,,3.71033,2.8650137741046833,0,0,,,,160.27272727272728
"2026-03-01","f1e8f7ee-c982-4320-a67c-5befcf17a1de",,"YouBee Plastic Measuring Spoon and Cup Set | 8 Pcs | Black","1 set","Kitchen Tools","Youbee",,,119.54482093136619,349,,81.51203,65.7771940042134,0.38010200359687785,0.27408,0.09109,0.12374,0.03301,119.41445011474609
"2026-03-01","bd37280c-648f-48a3-97a6-c025b88959ff",,"Fackelmann Swift 650Ml Vegetable Chopper For Onion Chopper With Safe & Durable 3-Blade Design","1 pc","Kitchen Tools","Fackelmann India",,,288.3310072189144,399,,85.35923,29.171493234089343,1.0269998828321554,1.51838,0.38536,0.602,0,281.3148340452367
"2026-03-01","8c910b5e-9873-4575-81ff-ba582a3f1ab4",,"Deep Cutlery Big Serving Oval","1 pc","Kitchen Tools","deep cutlery",,,71.27634479717814,189,,3.77864,62.287648255461306,0.000574644287019545,0.0004,0.00492,0.00768,0,63.45016620040309
"2026-03-01","e4ec424c-6449-41bb-9cea-41190dd51c55",,"Cutting EDGE Silicone Baking Mat |Non-Stick Glass Fiber Sheet for Dough,Cookies,Macaroons|Large Size","1 pc","Kitchen Tools","Cutting Edge",,,245.12502503969387,750,,17.08015,67.31666332804082,0.009039897372331277,0.00538,0.01751,0.02736,0,209.5032084117772
"2026-03-01","596a335d-f7d4-458a-ac09-79d3c0bcdda7",,"Kuber Industries 8 Inch Silicone Spatula | Heat Resistant Cake Spatula | Red","1 pc","Kitchen Tools","Kuber Industries",,,,,,0,,0,0,,,,
"2026-03-01","a7b27fd2-61b9-4289-849f-9e53daea8ed0",,"Umai 1600 ml Borosilicate Printed Baking Tray | Transparent Microwave Oven Safe Utensils","1 pc","Kitchen Tools","Umai",,,360.0990338164251,895,,2.07401,59.765471081963675,0.0024297506739133293,0.004,0.02766,0.04321,0,427.8790467454038
"2026-03-01","3fbc5854-5a97-45aa-95a3-d2ace0d8d42f",,"Femora Glass Oil Dispenser Bottle With Silicone Brush & Dropper 550 ml - Multicolor","1 pc","Kitchen Tools","Femora",,,233.84533333333331,530,,2.17146,55.87823899371069,0,0,,,,233.84533333333331
"2026-03-01","b2c71dd2-d9eb-4ac1-b3c3-154dd580d554",,"Youbee Hand Press Manual Citrus Juicer For Orange, Lemon, Hand Squeezer Juicer","1 pc","Kitchen Tools","Youbee",,,100.77176527176528,299,,5.39614,66.01135425846782,0.00844831345780322,0.0059,0.00602,0.00941,0,104.66047770224105
"2026-03-01","a2d7739f-aaec-4266-96a9-e881b527e1fb",,"Oval Shape Ice cube tray Silicon 14 Cubes (White)","1 pc","Kitchen Tools","Bombay Kookware",,,,,,0,,0,0,,,,
"2026-03-01","98e340e7-1642-4b63-bdac-706810e2a089",,"Petals SS Fruit Basket-Colander-Rice Vegetable Strainer Drainer | 23 Cm - 9 inch","1 pc","Kitchen Tools","Petals",,,430.08976152033574,749,,9.88777,42.57522282469795,0.01576210622195939,0.02295,,,,468.0364637323934
"2026-03-01","41aa6b4e-33be-4be7-8b7a-43f7c1b83d16",,"Greenchef Stainless Steel Gas Lighter Knife Combo","1 pack (2 pcs)","Kitchen Tools","Greenchef",,,169,300,,2.40779,43.666666666666664,0.0006515241349427947,0.00077,,,,84.5
"2026-03-01","0e6dbbd0-c910-4834-bed7-0b6221c88758",,"Bombay Kookware Manual Ice Cream Maker | 8 Popsicles White Colour Base","1 set","Kitchen Tools","Bombay Kookware",,,76.74643025035591,315,,19.8633,77.7043091195555,0.14542018691923178,0.06246,0.01159,0.00949,0.01533,65.09063770690086
"2026-03-01","8fd25a64-3f96-478a-b389-25d50a2f3819",,"BAY6 Stainless Steel Tong","1 pc","Kitchen Tools","BAY6",,,99.09492273730686,220.83561331125827,,13.62657,55.074330235499104,0.017131175604185842,0.01585,,,,99.15715614107165
"2026-03-01","0dc6ad70-576c-4064-a4d2-c4f56c1f6ae4",,"Anjali SS Peeler No.6","1 pc","Kitchen Tools","Anjali",,,59,75,,0.46278,21.333333333333332,0,0,,,,59
"2026-03-01","73eb937a-628b-4fff-9948-4066ff2443bb",,"Crystal - Cl-125 Plastic Knife And Peeler Set 2-Piece Multicolour","1 pack (2 pcs)","Kitchen Tools","Crystal Cookware brand",,,181.0634223334162,250,,39.80943,27.171054169251082,0.06641202682183554,0.10432,0.51228,0.80028,0,92.9460113746017
"2026-03-01","a2cacc3c-a024-48dd-add5-f0f210570bb5",,"Wonderchef No Drip Oil Pourer 600ml","1 pc","Kitchen Tools","Wonderchef",,,391.9861111111111,600,,4.56957,34.66898148148148,0.000247579171278262,0.00034,,,,393.234437751004
"2026-03-01","67508067-4afb-48a0-af7a-a99d10c894f2",,"Sanjeev Kapoor by OGGN Wooden Taliya Ziri Tray Serving Tray,Snack,Breakfast,Coffee - 14x9 Inch","1 pc","Kitchen Tools","OGGN",,,396.4935191010284,1299,,38.89058,69.30649378390098,0.036533564342782265,0.03045,0.01056,0.00739,0.0162,484.0392867543455
"2026-03-01","ea944cf2-4ec4-4026-964b-0eae608e2c49",,"All Time Elite Measuring Jug 1000 ml- Natural & Grey","1 pc","Kitchen Tools","All  Time",,,156.17659791189203,420,,3.00428,62.8150957352638,0.00030100415034357115,0.00036,,,,162.44990867718138
"2026-03-01","8dd06689-5a51-498b-82a8-0078db4523f5",,"Pigeon Edge Printed Ss Knife Set 5 Inch","1 pc","Kitchen Tools","Pigeon by Stovekraft",,,182.5918289074676,494.7893368825911,,59.81178,63.09504087368737,1.1580185630979,0.89281,1.1352,1.70523,0.12125,182.67639054069326
"2026-03-01","98f6a785-4934-447a-9044-5beb5d5abbc8",,"Cello Multi Utility Chopper - Magic Chopper Small","1 pc","Kitchen Tools","Cello",,,154.913322367194,645,,51.32289,76.15293902887775,2.082382545904247,1.02725,0.66336,0.92148,0.20422,153.59396163676138
"2026-03-01","fce131d8-3ecc-4306-8319-1f19298286ed",,"Anjali Hand Blender","1 pc","Kitchen Tools","Anjali",,,146.0197968762423,225,,38.5525,35.19838894042598,0.0542400357581226,0.073,0.01068,0.01669,0,144.59896815415186
"2026-03-01","6b3c1e6b-0a81-4ce3-b200-6da17184761e",,"BAY6 Steel Oil Dispenser -750 ml","1 pc","Kitchen Tools","BAY6",,,239.51592310096112,997.5383434375,,61.11304,75.95245481579407,0.1353860637169778,0.08978,0.00164,0.00257,0,242.6406275914332
"2026-03-01","357838e7-63d9-470e-8dd6-177dccfb72da",,"Kai Vegetable Knife Pink |Slim Pack","1 pc","Kitchen Tools","Kai",,,139.0206853459616,170,,16.57774,18.223487636718673,0.008831192474437935,0.01522,0.05249,0.08201,0,139.00088713098737
"2026-03-01","37f94f9d-467b-4645-9ace-2a12d659b1a3",,"Frenchware Non-Stick Silicone Spatulas - Heat-Resistant, Food-Grade & BPA-Free - Red","1 set (3 pcs)","Kitchen Tools","Frenchware",,,364.94825302898386,694.4437536231885,,58.19928,47.3493999272643,0.06506771535673692,0.07153,0.34161,0.19694,0.59895,344.01860825513006
"2026-03-01","e2aa2ddc-a085-43b2-b601-d8f24b7ccca1",,"Kvg 3 Pcs Mini Sauce Bottle Brush and Funnel (Colour May Vary)","1 set","Kitchen Tools","Kvg",,,159.21228174510367,249,,77.90256,36.0595927081429,0.03672945593268841,0.04945,0.06189,0.05839,0.06811,159.2047517245155
"2026-03-01","911d99f1-b3b4-424e-bfe6-c332767639a5",,"Fackelmann Stainless Steel Bottle Opener Ideal for Removing & Sealing Caps 8cm","1 pc","Kitchen Tools","Fackelmann India",,,131.82909648107668,249,,7.94251,46.79211455788351,0.004326120256020157,0.00615,,,,140.62905797462363
"2026-03-01","b0e92e97-a153-47eb-a8a9-37290d719e1c",,"Petals Wooden Manual Churner Lassi Whisker Rawai Madhani Blender Tool - 26cm","1 pc","Kitchen Tools","Petals",,,99.58211525300464,149,,18.61487,33.34758486007555,0.007465163538174543,0.01015,0.00343,0.00535,0,98.81810977579542
"2026-03-01","cfbee11c-7c44-433c-b7ac-3ed931c23852",,"Hazel Stainless Steel Pakad, 9 Mm Tongs, Durable Kitchen Utensil Holder - Silver","1 pc","Kitchen Tools","Hazel",,,135.31884057971016,399,,1.32485,66.08550361410772,0,0,,,,135.31884057971016
"2026-03-01","d68d273a-3060-4c9e-ae5e-b33785f4ecde",,"Happy Kitchen Stainless Steel Sharp Vegetable Knife Long Lasting Sharpness Ergonomic Easy To Clean","1 pc","Kitchen Tools","Happy Kitchen",,,48.829213168652416,59,,66.92753,17.370318463760054,0.7988498127820227,1.3953,1.99933,3.12332,0,48.75143374447782
"2026-03-01","7aabd2fb-fc45-438c-89b8-3068e302691b",,"Happy Kitchen Stainless Steel Strainer High-Grade Stainless Steel Mesh, Perfect For Tea and Coffee","1 pc","Kitchen Tools","Happy Kitchen",,,137.60410351381225,231.11709077868852,,80.235,39.94305855615479,0.46610384093346174,0.59056,0.29851,0.46632,0,138.3941756797831
"2026-03-01","ae13738c-5b26-49ae-85cd-ec5d450e2283",,"Urbanfix Steel Chopping Board L","1 pc","Kitchen Tools","UrbanFix",,,447.15679114226606,2999,,20.4818,85.08980356311217,0.017911049993712368,0.00594,,,,387.2355868122512
"2026-03-01","b4832256-b3d0-4422-a6f8-6cc07f2640bf",,"Kuber Industries Stainless Steel Pakkad | Kitchen Tong (Silver) (KUBMART010370)","1 pc","Kitchen Tools","Kuber Industries",,,87.73492063492064,399,,2.95919,78.01129808648605,0.000866527099473917,0.00068,,,,144.70571873609256
"2026-03-01","d3fe7b0c-21c1-4ce5-aab1-44420d192c25",,"Femora Acacia Chopping Board Cutting Board Oval Shape 15 X 11 Inch (39 X 28 Cm)","1 pc","Kitchen Tools","Femora",,,394.8469394017837,590,,37.12514,33.07213533336522,0.019373721676658944,0.02764,0,0,0,391.02492988864265
"2026-03-01","7da7fea8-e1f3-4044-94c7-a007e95779e5",,"Icy Ice Cube Tray With Lid (Set Of 2) (Colour May Vary) Combo","1 pc X 2","Kitchen Tools","Multibrand Combo",,,198,576,,2.83019,65.625,0,0,,,,198
"2026-03-01","0ac0cbfa-dd45-4d26-9261-d3e9e278b1ed",,"Umai 1600 ml Borosilicate Glass Baking Tray | Transparent Microwave Oven Safe Utensils - Round","1 pc","Kitchen Tools","Umai",,,409.5,1095,,0.53286,62.602739726027394,0,0,,,,409.5
"2026-03-01","fe9a6804-6967-428d-b90e-bb7f8c26a44d",,"2Mech Plastic Concave Cooking Oil Dispenser | 800 ml | Set of 2","1 set  (2 pcs)","Kitchen Tools","2mech",,,190.01632197105866,499,,72.90901,61.93077054069119,0.991191682026276,0.79178,0.51063,0.22136,1.02516,94.97172613438741
"2026-03-01","2d4a1539-1dec-4388-b284-3af42b153b12",,"Deep Cutlery Big Serving Pan","1 pc","Kitchen Tools","deep cutlery",,,77.70488316756906,189,,8.55692,58.88630520234441,0.001641840820055843,0.002,0.00931,0.01454,0,96.19231484992602
"2026-03-01","4f508050-1ed1-42d1-83dc-e015a2e910e4",,"Fackelmann Stainless Steel Strainer, 20 Cm Ideal For Draining Pasta, Blanched Vegetables Strain","1 pc","Kitchen Tools","Fackelmann India",,,326.91923155660635,564.1463628225806,,84.02034,42.20456549293196,1.6276532304933284,1.983,0.71559,1.11788,0,326.31715283473574
"2026-03-01","e6c960d6-4fc2-4860-b0e6-1e00bd026f7b",,"Greenchef Chopper Xl 900 Ml Vegetable Chopper��(1)","1 pc","Kitchen Tools","Greenchef",,,215,749,,0.97269,71.29506008010681,0,0,,,,215
"2026-03-01","73a00137-d1ff-4e8a-9cd3-9d4db3eb35d5",,"Stainless Steel Oil Dispenser - 1000 ml","1 pc","Kitchen Tools","Bombay Kookware",,,260.6023999163074,950,,45.78952,72.6527386786852,0.16709530901522032,0.0923,0.0134,0.02093,0,255.863775505167
"2026-03-01","5c1747d7-ca96-42c9-b6e3-8be0d955012a",,"Crystal Plastic Lemon Squeezer Cum Opener, Multicolour","1 pc","Kitchen Tools","Crystal Cookware",,,132.39184015130024,145,,35.78211,8.926593369402372,0.03622322167983785,0.0689,0.01554,0,0.04319,131.24450287039667
"2026-03-01","5047b968-45d5-4d5a-aae1-3c44fbb7aa4d",,"Anjali Utility Set | Pack Of 3","1 set  (3 pcs)","Kitchen Tools","Anjali",,,159.3980789988066,290,,30.91293,45.04728159843498,0.005328164375562176,0.00672,0,0,0,164.89999980216064
"2026-03-01","19750f0e-f280-48f1-8f3b-655055de97dd",,"Ds Mithai Cutter With Big Handle, Stainless Steel Blades For Kaju Katli & Shankar Peda","1 pc","Kitchen Tools","Hazel",,,72.99479620908193,659,,6.03179,88.92339966478272,0,0,0.00631,0.00986,0,72.99479620908193
"2026-03-01","fb0da45f-d799-4ab1-959d-39279a36db2f",,"Kuber Industries 2-Piece Dry Fruit Serving Set | Snack & Pickle Tray Organizer","1 pack (2 pcs)","Kitchen Tools","Kuber Industries",,,155.9516129032258,999,,2.90591,84.38922793761503,0,0,,,,77.9758064516129
"2026-03-01","5abff2ad-4483-48b6-8555-fcb9ee124e2b",,"BAY6 Steel Slotted Turner","1 pc","Kitchen Tools","BAY6",,,99,213.45893352941175,,5.77129,53.65468039646045,0.005057781859560916,0.00461,,,,99
"2026-03-01","aa4dc493-a8d2-4f0e-98ee-2178b1849f91",,"Soham Housewares Tender Coconut Opener / Driller Assorted Colour","1 pc","Kitchen Tools","Soham Housewares",,,78.7733922539602,100,,77.92581,21.208632506885618,0.8979902858238628,1.48693,0.65791,0.72771,0.53374,78.79157194395108
"2026-03-01","b710e703-7256-4d71-8a0f-63eb78186379",,"Umai 3000 ml Borosilicate Glass Baking Tray | Transparent Microwave Oven Safe Utensils Serving Tray","1 pc","Kitchen Tools","Umai",,,716.5251799400648,1795,,5.08812,60.08216267743372,0.005730589116245174,0.00803,0.0149,0.02327,0,1083.6788933864332
"2026-03-01","2df3ba66-86d9-4759-bf6a-5e3794006601",,"Crystal Tornado Hand Beater/ Blender (Colour May Vary)","1 pc","Kitchen Tools","Crystal Cookware",,,257.41700106406427,299,,83.79361,13.908206161987641,0.024188485033886195,0.0439,0.08397,0.13118,0,257.14203582595024
"2026-03-01","293c3e95-e5e8-4d3c-b04e-d9bd0a7208b0",,"Anjali Pizza Cutter","1 pc","Kitchen Tools","Anjali",,,68.06709394332744,80,,36.79296,14.886425355880322,0.0013273718375901205,0.00242,0.05842,0.09126,0,68.27178301461922
"2026-03-01","ef1a8dd0-0c06-4be1-9af4-b163983736e3",,"Ice Cube Tray with Lid (2 Pcs Set) (White)","1 pack (2 pcs)","Kitchen Tools","Bombay Kookware",,,65.88775268166204,230,,38.39982,70.97600241497192,0.28920157346437075,0.17582,0.17327,0.0982,0.30681,33.55020213600527
"2026-03-01","e6fb42b5-3c86-4bed-9765-f71c9e3a9678",,"Crystal - Cl010 Sleek Serrated Edge Stainless Steel Knife, Multicolour","1 pc","Kitchen Tools","Crystal Cookware brand",,,67.73519466125961,75,,15.55141,10.033419891514194,0.005686502649780713,0.01069,0.02349,0.0367,0,66.8907058394016
"2026-03-01","e636b2dd-b0c0-48df-8c39-44720335a801",,"Judge by Prestige Stainless Steel Slotted turner 1.5(32cm)","1 pc","Kitchen Tools","Judge by Prestige",,,197.39234799108985,240,,38.28527,17.790296447727535,0.006108690289223643,0.01052,,,,195.99726100929254
"2026-03-01","a16b69c2-3421-456b-b352-b17c161b6d35",,"All Time Glaze Ice Tray Set Of 2 (Colour May Vary)","1 set (2 pcs)","Kitchen Tools","All  Time",,,,,,0,,0,0,,,,
"2026-03-01","be8859b4-5e82-4147-890d-e6ed21bd8c4b",,"Wonderchef Turbo Chopper With Atta Kneader, Vegetable Chopper","1 pc","Kitchen Tools","Wonderchef",,,1083.966177610869,2400,,66.37577,54.9335343215164,0.37637246227375365,0.358,0.19999,0.31243,0,1074.9303252486718
"2026-03-01","13f6f004-8b22-43aa-84c3-8c64a0e05265",,"Tramontina Tradicional Stainless Steel Vegetable And Fruit Knife Chaku, 7.6 Cm 3 Inch | Brown","1 pc","Kitchen Tools","Tramontina",,,219.03035714285716,225,,11.55119,2.653174603174603,0.0007184139461302551,0.00147,,,,219.0073648336414
"2026-03-01","b415e0ca-13a4-4b82-bf03-30be727df6e0",,"Umai 3000 ml Borosilicate Printed Glass Baking Tray | Transparent Microwave Oven Safe Utensils","1 pc","Kitchen Tools","Umai",,,608.4183673469388,1795,,2.69181,66.10482633164686,0,0,0.03547,0.05541,0,608.4183673469388
"2026-03-01","c1709cf3-78ba-4393-a787-454d26305bc6",,"Java Rapid Stainless Steel 420 Grade Peeler 3 Pcs Set | Serrated & Julienne Blade","1 pc","Kitchen Tools","Java",,,235,450,,3.10426,47.77777777777778,0.0009772862024141921,0.00108,,,,235
"2026-03-01","b341006f-9829-484c-8fd4-b4a6670b3846",,"Umai 1600 ml Borosilicate Glass Baking Tray | Transparent Microwave Oven Safe Utensils Multipurpose","1 pc","Kitchen Tools","Umai",,,,,,0,,0,0,,,,
"2026-03-01","452311f8-e9c8-4f47-8b44-734d325fca9d",,"YouBee Stainless Steel Lemon Squeezer | Nimbu Presser for Kitchen","1 pc","Kitchen Tools","Youbee",,,119.03853280823088,299,,40.61351,60.19211130939783,0.03846772232471578,0.03227,0.00467,0.0073,0,119.0014820504866
"2026-03-01","8d18f9a4-8e05-4609-be3f-e47fb91eb387",,"Everest 4In1 Slicer","1 pc","Kitchen Tools","Everest Utility",,,29.72700538346047,49,,20.39771,39.45626724431292,0.039921272669773154,0.05074,0.00874,0.00246,0.01992,29.684374297676264
"2026-03-01","1a24dd6e-420f-4d00-ba39-26f13fb63025",,"Happy Kitchen Stainless Steel 4 Piece Set - Ladle, Spatula and Large Serving Spoon | 25cm","1 set  (4 pcs)","Kitchen Tools","Happy Kitchen",,,139.65578231292517,240,,1.23606,41.810090702947846,0,0,,,,139.65578231292517
"2026-03-01","06869757-d55f-4f46-ab84-3e829c94062f",,"Judge by Prestige Stainless Steel Skimmer 1.5(27cm)","1 pc","Kitchen Tools","Judge by Prestige",,,149.0074074074074,190,,16.10217,21.575048732943472,0.0018485911455443564,0.00306,,,,149.00044483985766
"2026-03-01","8c58b653-8071-4d10-889e-b8cffcfdd6cb",,"BAY6 Steel Colander - 24 cm (2500 ml)","1 pc","Kitchen Tools","BAY6",,,179.9217388658896,548.7020081818182,,8.91908,67.21591507055805,0.038164980776679035,0.02646,0.00014,0.00022,0,180.13221454070228
"2026-03-01","217eb9a5-0f8c-4618-b204-3fccd66fce2b",,"Tramontina Plenus Stainless Steel Vegetable and Fruit Knife/Chaku, 7cm/2.7 inch | Black | Straight/Plain Edge Knife | Polypropylene Handle | Dishwasher Safe | 5 Year Warranty | Made in Brazil","1 pc","Kitchen Tools","Tramontina",,,119.95555555555555,145,,0.4497,17.272030651340994,0,0,,,,119.95555555555555
"2026-03-01","1c9bfd57-0fd8-4f93-ab63-5e2f88cbcecd",,"Capsicum Steel Oil Dispenser 1000Ml","1 pc","Kitchen Tools","Capsicum",,,236.80475247462758,799,,28.7477,70.38332885773372,0.05273349478342321,0.03139,0.30618,0.42107,0.10183,232.82167404474717
"2026-03-01","bbafc4ca-b724-4813-a9d9-a9e3d48689e4",,"OGGN Neem Wood Premium Mixing Spoon","1 pc","Kitchen Tools","OGGN",,,29,149,,0.0853,80.53691275167785,0,0,,,,28.999999999999996
"2026-03-01","d55438fc-3a28-49ac-8e2e-ed2fc059b689",,"Signoraware Water Dispenser | 16 L | Blue | Water Storage Dispenser","1 pc","Kitchen Tools","Signoraware",,,728.8963873938566,1050,,77.06486,33.44541548296672,0.3467476598579048,0.44133,1.12679,1.27282,0.86703,635.6902238165677
"2026-03-01","60315b0f-a61a-4ad9-8455-37d50714bf49",,"Bombay Kookware Manual Ice Cream Maker | 8 Popsicles Yellow Colour Base","1 pack (8 pcs)","Kitchen Tools","Bombay Kookware",,,81.51807042827521,315,,22.05184,76.5008059709062,0.2076055595029818,0.09985,0.03276,0.03724,0.02479,8.856690933089446
"2026-03-01","075569fa-472c-45e5-a194-07347179e013",,"Anjali Apple Cutter Super","1 pc","Kitchen Tools","Anjali",,,54.21097073750135,135,,4.62602,59.84372537962862,0.00043977879108638644,0.00052,,,,71.92520066588204
"2026-03-01","a1c6a054-7b61-44ba-a886-173065044931",,"Fackelmann Manual Vegetable Chopper 650 ml Safety Lock | Chop Vegetables | Fruits | Nuts","1 pc","Kitchen Tools","Fackelmann India",,,219.6980299112652,599,,2.87183,63.322532569070916,0.002601753045538227,0.00319,,,,225.22426110282123
"2026-03-01","4e2cab84-86e5-47e7-b2d2-03bf4c889136",,"Jensons S.s Plain Slicer","1 pc","Kitchen Tools","Jensons",,,75.4,225,,0.00152,66.4888888888889,0,0,,,,75.4
"2026-03-01","a5118dcd-4e27-4b9a-a71f-f7487223e86c",,"Multi Shape Ice Cube Tray (Set Of 2) 1 pcs","1 pcs X 1","Kitchen Tools","Unbranded",,,69,118,,100,41.52542372881356,0,0,,,,69
"2026-03-01","dec2a1fb-a923-4e5c-a1f2-57a4fb242ab4",,"Petals Stainless Steel Cooking/Serving/Spoon - Soup/Dal/Sambar/Curry Ladle | 26.5 cm","1 pc","Kitchen Tools","Petals",,,108.02985714063178,131.1218731460674,,10.63051,17.689130137684803,0.007723601445035183,0.01307,0.00749,0.01171,0,109.05665316969116
"2026-03-01","c1b0572e-261e-4879-abeb-1c6403d9d6ca",,"Folding Pocket Knife","1 pc","Kitchen Tools","Kvg",,,56.282944855085816,94,,1.55424,40.1245267499087,0.0004082884578974847,0.00062,,,,62.3819704075386
"2026-03-01","404eb30e-3115-4fa4-ab7c-f6eccbafbbe2",,"Signoraware Easy Flow Steel Oil Dispenser 650 ml | Food Grade Stainless Steel - Assorted","1 pc","Kitchen Tools","Signoraware",,,267.60870257506815,339,,61.9199,21.049318588304786,0.047141897482632505,0.0784,0.01471,0.02297,0,267.5497887674977
"2026-03-01","9a105bde-7073-4b45-96db-aef5eb8441d4",,"All-Time Colander 21cm (Colour May Vary)","1 pc","Kitchen Tools","All  Time",,,85.6497827982203,215,,9.30577,60.162891721757994,0.0007937735710719716,0.00074,,,,83.42285528599596
"2026-03-01","5d2a032a-746d-4590-8811-3e4289441a3d",,"Crystal Stainless Steel Ladle Silver","1 pc","Kitchen Tools","Crystal Cookware brand",,,103.37529536070815,140,,53.07991,26.225027477729057,0.03481006583114693,0.05407,0.01167,0.0124,0.01038,102.65362267509967
"2026-03-01","82a3934f-d90f-45e6-b37b-69d3295e3e02",,"BAY6 Steel Oil Dispenser - 900 ml","1 pc","Kitchen Tools","BAY6",,,257.23279108495046,1099,,14.78843,76.61879105588098,0.06281952274176097,0.03258,0.00001,0.00002,0,252.08750018765232
"2026-03-01","bff45c9a-a3b8-4a04-9fdf-17bbfddec57d",,"Chopping Board Plastic White 33x20 Cm","1 pc","Kitchen Tools","Bombay Kookware",,,117.78949374461202,425,,69.50742,72.59419308427837,0.8088500567292595,0.4588,0.52302,0.70967,0.19102,116.24672755116252
"2026-03-01","d07f79bc-4415-45ef-8f0f-a3ce1cfa1725",,"Nirosta Everyday Multi-Purpose Kitchen Scissors 22 Cm | Ideal Size | Suitable For Kitchen, Office","1 pc","Kitchen Tools","Nirosta",,,239.31994383295566,498.91872197580653,,79.96922,51.9568237325014,0.7302588720782266,0.73618,0.01119,0.01748,0,239.729851737439
"2026-03-01","1d40465b-e0ec-4699-b47a-104a3375218a",,"Habitat Diamond Pro Whisk | Premium Quality | Ergonomically Designed Handles For Effortless Work","1 pc","Kitchen Tools","Habitat",,,142.36492272536074,199,,66.41969,28.112461538319465,0.11720854035207386,0.17764,0.02839,0.04436,0,143.44055187315342
"2026-03-01","8f5b75e0-ce4b-4744-87a2-b4fcb0571b75",,"Proclean Big Rectangle Chopping Board","1 pc","Kitchen Tools","Pro Clean",,,82.40203793351147,280,,60.49203,69.88753416869055,0.21263966931897313,0.16616,0.46916,0.48028,0.44937,85.30750346987524
"2026-03-01","72423049-7a10-4fc9-8aeb-e9899fc9c2ce",,"Happy Kitchen 100% Food-Grade Stainless Steel Ladle, 1.15 MM","1 pc","Kitchen Tools","Happy Kitchen",,,92.5924942075804,169,,8.79613,45.21154188900568,0.0028738729592326672,0.00426,,,,102.16076723065521
"2026-03-01","42908766-319a-47af-bcdf-ab974aa0f0a2",,"All Time Easy Chop Chopping Board |390 x 210mm (Colour May Vary)","1 pc","Kitchen Tools","All  Time",,,122.76308217941775,295,,36.8894,58.43852514741808,0.0012813307987208297,0.00127,,,,114.8667951708109
"2026-03-01","dd1f66cb-4845-4410-bcfe-97364da5c1b7",,"Femora Premium Virgin Silicone Ladle With Grip Handle Black","1 pc","Kitchen Tools","Femora",,,128.1313607888999,300,,23.75439,57.28954640370002,0.005186132114144646,0.00509,0.00017,0.00027,0,134.37402694844886
"2026-03-01","7c5776f9-0d60-4c8c-8d7f-ef51fdb41d62",,"Nirosta Vegetable Knife Mega Plain Blade 18 cm Black","1 pc","Kitchen Tools","Nirosta",,,110.39652205738129,199,,9.56932,44.38937834110011,0.007722949920900243,0.00995,,,,110.57067391589426
"2026-03-01","6547e491-8314-441e-a7fd-1f75e3361946",,"BAY6 Cheese & Vegetable Grater","1 pc","Kitchen Tools","BAY6",,,99.16345204748565,224.89100672268907,,3.07053,55.917846953394395,0.016411892959208998,0.01495,,,,99.5610528063077
"2026-03-01","719584c5-afa9-4234-85be-1cbeb54b0a48",,"Anjali Stainless Steel Jara","1 pc","Kitchen Tools","Anjali",,,42.029795721538505,115,,4.95777,63.43117709577387,0.0020479575308368515,0.0018,0.03157,0.04932,0,40.741771568622454
"2026-03-01","8fdaed9b-749c-43b1-abd6-b61edace22a4",,"Bathla Stainless Steel Chopping Board - Extra Large (31 cm x 50 cm - 2mm Thick)","1 pc","Kitchen Tools","Bathla",,,1126.3086683111412,2288.0243902439024,,13.21139,50.77374729422892,0.0030541279699001743,0.0049,,,,1169.7958341523881
"2026-03-01","125b92eb-3882-431e-ae2a-a6d389536b3a",,"Crystal Stainless Steel Knife Cum Scissor Sharpener (Colour May Vary)","1 pc","Kitchen Tools","Crystal Cookware",,,249.08874929737684,275,,68.42546,9.423949836696623,0.15363134559191582,0.29325,0.2073,0.27455,0.08769,249.07887444200554
"2026-03-01","a8297056-beca-4c2a-8788-613ee7c45b84",,"Kuber Industries Wooden Nested Serving Trays | Damask Gold Design | Set of 3 (Brown)","1 set  (3 pcs)","Kitchen Tools","Kuber Industries",,,1109.8539518900343,2699,,3.94232,58.87906810337035,0,0,,,,1109.8539518900343
"2026-03-01","16fd3814-3b9d-4b5f-84df-b3bfa6b997b7",,"Frenchware Colander Bowl with Handle, Food-Grade Plastic, BPA-Free, Easy to Clean - Turquoise","1 pc","Kitchen Tools","Frenchware",,,139.74402386892442,349,,53.5676,59.95091682439864,0.03051521873360403,0.02501,0.24217,0.24785,0.23208,136.82891542409115
"2026-03-01","92970195-a167-4523-84cc-8969c7c02ea4",,"Rusabl Pure Sheesham Wooden Spatulas | For Cooking & Baking, Non-Stick, Heat Resistant","1 pack (5 pcs)","Kitchen Tools","Rusabl",,,259,999,,8.26364,74.07407407407408,0,0,,,,51.8
"2026-03-01","44cda1ca-9b35-4c5f-9984-446ca81e016c",,"KVG Stainlless Steel Khamni","1 pc","Kitchen Tools","Kvg",,,99.14044527992678,139,,22.44251,28.653012860649664,0.0182698226173542,0.02752,0.06417,0.05782,0.07545,99.31881760429516
"2026-03-01","8d3fbf69-8c66-4cce-b735-4c998351aaea",,"Umai 1600 ml Borosilicate Printed Glass Baking Tray | Transparent Microwave Oven Safe Utensils","1 pc","Kitchen Tools","Umai",,,310.2,995,,1.40733,68.82412060301507,0,0,,,,310.2
"2026-03-01","c0f4e8f8-2f4e-4233-a5e8-29597e7a91b3",,"Signoraware Easy Flow Steel Oil Dispenser 1.1 Litre Food Grade Stainless Steel Fgreen","1 pc","Kitchen Tools","Signoraware",,,350.96446078431376,460,,7.7491,23.703378090366574,0.002617389624776854,0.00419,,,,350.71552946738103
"2026-03-01","db95e1db-dedf-4070-be0e-b8bf5d79360e",,"Sanjeev Kapoor by OGGN Wooden Mortar and Pestle Set, for Grinding Spices - 5x5 Inch","1 set","Kitchen Tools","OGGN",,,266.0977011494253,999,,0.93726,73.36359347853602,0,0,0.03077,0.00133,0.08314,266.0977011494253
"2026-03-01","dfa258c7-b129-4edf-a374-bf3dbc974e51",,"2Mech Plastic Cooking Oil Dispenser| 1000 ml | Set Of 2","1 set  (2 pcs)","Kitchen Tools","2mech",,,185.18821823330413,499,,34.71193,62.747612657876026,0.04441027395952901,0.0347,0.02001,0.00319,0.04991,95.29468391328803
"2026-03-01","f6cd73f7-78ad-45d5-9746-43c09add4652",,"Anjali Chopping Board Square | Set of 3 | 36 x 24 cm | Plastic","1 pc","Kitchen Tools","Anjali",,,177.6484771471255,320,,55.4196,44.33124834643931,0.012676053569447013,0.01837,0.02224,0.03475,0,192.24969006602393
"2026-03-01","9f3a11b8-6af7-43d8-8a14-26db642f5813",,"Anjali Spatula","1 pc","Kitchen Tools","Anjali",,,77.05910170450476,145,,52.89782,47.127788717074466,0.010360536793860323,0.01192,0.12906,0.20161,0,71.9828647277171
"2026-03-01","9c23609a-f6c6-47bd-a328-1703fa924aa7",,"Crystal Crystalina Stainless Steel Paring Knife (Colour May Vary)","1 pc","Kitchen Tools","Crystal Cookware",,,184.537751653719,249,,79.86671,25.826038713638397,0.01537922720532467,0.02447,0.09516,0.14866,0,186.0128788265197
"2026-03-01","8d409c34-b689-4a57-8ec1-979bf554753b",,"Bathla Stainless Steel Chopping Board - Extra Large (31cm x 50 cm - 1.5mm Thick)","1 pc","Kitchen Tools","Bathla",,,958.8693214349752,2099,,28.06365,54.31780269485588,0.031545061216236944,0.0343,,,,951.7624026937976
"2026-03-01","7bb33fbc-d814-4c26-8cff-62de2adab41c",,"Sanjeev Kapoor by Oggn Turin Square Wooden Tray 12x12","1 pc","Kitchen Tools","OGGN",,,,,,0,,0,0,,,,
"2026-03-01","7d181aae-b4a6-419e-b06d-6246fa9f2b44",,"Crystal Plastic Chopping Board, Multicolour","1 pc","Kitchen Tools","Crystal Cookware",,,178.59031383488932,225,,85.8528,20.631311800459518,0.005375074113278057,0.00892,0.05103,0.07971,0,178.18186020437912
"2026-03-01","fdd8dd12-bf8a-40d8-93e2-44c85c29ea5d",,"Anjali S.S Table Ring","1 pc","Kitchen Tools","Anjali",,,33.09090909090909,95,,0.72993,65.16746411483254,0,0,,,,33.09090909090909
"2026-03-01","0239d2d4-73c2-435f-86c7-2cffbc9b59e7",,"Sanjeev Kapoor by OGGN White Marble Mortar and Pestle Set, Grinding Spices, Herbs Natural - 3x2 Inch","1 pc","Kitchen Tools","OGGN",,,229,449,,13.17829,48.99777282850779,0.014772875410404574,0.01588,0.01009,0.01576,0,229.00000000000006
"2026-03-01","a4e57658-8c24-4bbb-9b0f-e5691969455e",,"Anjali Stainless Steel Chimta | Durable Kitchen Tool","1 pc","Kitchen Tools","Anjali",,,90.33662737554496,125,,31.56333,27.370689820864964,0.047385567509101105,0.07277,0.00611,0.00955,0,91.09577197707074
"2026-03-01","1e056286-ebaf-4a22-89ef-cf0b9f0ce9ae",,"Sanjeev Kapoor by OGGN Wooden Cutting,Serving Board for Vegetables,Fruits With SS Hndl - 12x9 Inch","1 pc","Kitchen Tools","OGGN",,,289,599,,9.66145,51.75292153589316,0.003577519024970886,0.00364,0.02644,0.00414,0.06611,289
"2026-03-01","afaee648-76f1-40e8-98be-639c41687e15",,"Spine Silicone Combo Set of 4pc |wooden & Pp Stick Spatula","1 set","Kitchen Tools","Spine",,,345.02389592676025,995,,50.65174,65.32423156514973,0.012965330285361615,0.00947,,,,345.00032815385856
"2026-03-01","ec494c5b-1044-4a18-a0c3-f0b807455950",,"Anjali Assorted Peeler 1 pc & 3 Pcs Vibgyor Kitchen set(Peeler, Lighter and Knife) 1 pc Combo","2 Combo","Kitchen Tools","Anjali",,,196.5970987553037,360,,7.93866,45.38969479019342,0,0,0.02232,0.02957,0.00942,196.5970987553037
"2026-03-01","88aebb6e-043e-41a7-bb45-b3dc6c927c41",,"Habitat Statement | Ultra Sharp | 8"" Chef Knife With Bakelite Handle","1 pc","Kitchen Tools","Habitat",,,447.34411663216014,599,,18.67587,25.52188155049808,0.027981875722234796,0.04483,0.04398,0.0259,0.07615,454.6629177555649
"2026-03-01","798ff39b-948e-4338-8fd0-38137ed3fe8c",,"Bombay Kookware Manual Ice Cream Maker | 8 Popsicles Pink Colour Base","1 set","Kitchen Tools","Bombay Kookware",,,77.9432556328683,315,,11.12831,75.29749799513564,0.03984287259886837,0.02091,0.01103,0.01601,0.00218,77.84946699596523
"2026-03-01","63e2b7f8-798b-4da5-a5cf-5fff279a4f0e",,"Petals Apple Cutter-Slicer-Peeler Kitchen Essentials","1 pc","Kitchen Tools","Petals",,,78.81388762474434,165,,32.67629,52.23400750015495,0.0011145406201754744,0.0012,0.0079,0.01234,0,78.43327182595792
"2026-03-01","598081d8-6498-46ef-9e4f-a7b3e70392d1",,"Frenchware Non-Stick Silicone Spatula & Brush - Heat-Resistant, Food-Grade & BPA-Free - Black","1 set","Kitchen Tools","Frenchware",,,1954.1314534375404,3299,,46.63008,40.76594563693421,0.028371704329642235,0.03684,0.09658,0.09245,0.10392,2032.0063126063976
"2026-03-01","689f82ac-ac60-440f-98b0-67832289e330",,"Uttam Stainless Steel Vegetable Slicer Classic 2 In 1","1 pc","Kitchen Tools","Uttam",,,70.94983277591973,269,,12.98045,73.59429775786653,0.004866450938599382,0.00281,0.00999,0.01561,0,72.84735333336361
"2026-03-01","3f7d3266-64e1-41f8-a936-73abc89451ec",,"Ice Cream Maker | 6 Popsicles","1 pack","Kitchen Tools","Bombay Kookware",,,61.50346086207442,299,,22.08529,78.41531935539709,0.24481301697600655,0.11088,0.06061,0.08848,0.01104,65.54820724869417
"2026-03-01","47122e84-64e5-40d2-a650-8f77aaafb05d",,"Frenchware Non-Stick Silicone Spatulas - Heat-Resistant, Food-Grade & BPA-Free - Red","1 set (5 pcs)","Kitchen Tools","Frenchware",,,479.9736551241748,2181.171436619047,,44.94728,78.00432548499344,0.0647100286066533,0.02923,0.25321,0.20044,0.34709,449.91647524946393
"2026-03-01","a1e714b1-81aa-4523-8b2f-35bf46457388",,"Godrej Cartini Swift Cutting Knife - Teal","1 pc","Kitchen Tools","Godrej Cartini",,,95.06190476190477,180,,1.71585,47.18783068783068,0,0,,,,95.06190476190477
"2026-03-01","23eeedad-fa6f-41e1-9d0b-28290fe8d173",,"Kai Vegetable Knife Short Blue |Slim Pack","1 pc","Kitchen Tools","Kai",,,87.18806011374511,150,,13.57298,41.875654241731375,0.004821278598576681,0.00782,,,,85.68392697807282
"2026-03-01","58138c18-5a6d-4d26-b03f-bd0e22d509bc",,"Everest Travelling Knife","1 pc","Kitchen Tools","Everest Utility",,,59.89757134212933,99,,81.28328,39.696144876386036,0.5742640140994502,0.72925,3.65191,1.99518,6.59884,59.70452841162254
"2026-03-01","68fd50c4-1f93-493c-8446-ab47378f20a7",,"Kuber Industries Small Stainless Steel Colander Strainer with Handle | 20x20x8 CM | Silver","1 pc","Kitchen Tools","Kuber Industries",,,290.4964549526772,998,,30.87568,70.84224513461702,0.12252323989551386,0.07653,0.04624,0.05061,0.03847,297.22961474841117
"2026-03-01","975c1ee5-8d97-472a-8e96-7b311000e98c",,"Ambition Chopper 900 ml - Assorted","1 pc","Kitchen Tools","Ambition",,,136.46852695997433,329,,2.7525,58.52020457143637,0.011925063416569619,0.01033,0.01698,0.0177,0.01571,134.8261522816908
"2026-03-01","942fcf61-e9d0-47d4-9a82-be5c8c33ddb0",,"Sanjeev Kapoor by OGGN Wooden Cutting,Serving Board for Vegetables,Fruits With Handle - 11x8 Inch","1 pc","Kitchen Tools","OGGN",,,175,449,,1.20496,61.02449888641426,0,0,0.01131,0.00161,0.02857,175
"2026-03-01","2319e6da-d036-4abd-a169-3b7b87c3ad7a",,"Kuber Industries Silicone Spatula | Heat-Resistant Baking Spoon | 8 Inch | Green","1 pc","Kitchen Tools","Kuber Industries",,,167.32608695652175,499,,8.43465,66.46771804478523,0.0010837018111215153,0.00183,,,,182.3080614203455
"2026-03-01","be9085d5-a38b-42ee-ba0f-e6c22580e49f",,"Anjali Coconut Scraper Padmini","1 pc","Kitchen Tools","Anjali",,,187.1440629592711,390,,50.91697,52.00903375885824,0.0041925578083568844,0.00446,0,0,0,190.2382309692477
"2026-03-01","d43c97e9-2eb2-4d7e-831b-9d5ff569906e",,"Ambition Big Knife 10.75 Inch - Assorted","1 pc","Kitchen Tools","Ambition",,,73.63716216216216,149,,2.31921,50.555015895443304,0.003883083844259056,0.00404,0.00013,0,0.00037,73.75483261339093
"2026-03-01","73cd3762-06ab-42f3-a173-2195beafe5e0",,"Tramontina Ultracorte Stainless Steel Fruit Knife/,12cm/4.7 inch | Black | Wavy/Serrated Edge | Antimicrobial |Polypropylene Handle |Dishwasher Safe | 5 Year Warranty | Made in Brazil","1 pc","Kitchen Tools","Tramontina",,,210.14493633995738,242.19481784946242,,30.12748,13.241762503619935,0.004139350004003222,0.00717,0.0086,0.01343,0,188.67652502477836
"2026-03-01","9d15696f-b3f1-40ac-8847-d51d6d5f65bb",,"KVG Stainless Steel Juice Strainer","1 pc","Kitchen Tools","Kvg",,,202.23653846153846,269,,1.6518,24.819130683442953,0.00016939627508512665,0.00028,0.07741,0.03868,0.1463,206.73117408906882
"2026-03-01","11d2014e-86e1-4624-857d-df0c29209bef",,"Jensons S.s Slicer & Grater 5in1","1 pc","Kitchen Tools","Jensons",,,139.00722789115645,250,,48.52841,44.39795393956901,0.02066960318106016,0.02422,0.05773,0.02922,0.10842,139.00004235905027
"2026-03-01","9d58c0d5-02be-4f7b-b862-700044fbf2e9",,"Fackelmann Bamboo Rice Spoon | Ideal For Serving Rice, Curries & Vegetables","1 pc","Kitchen Tools","Fackelmann India",,,130.72331575007541,218.22408241666665,,59.34002,39.711735335894616,0.08916976485538736,0.10917,0.05757,0.08994,0,130.16434994934497
"2026-03-01","b298bb10-3853-4223-a31f-f9e88d604f9e",,"Frenchware Plastic Colander Bowl, Food-Grade Plastic, BPA-Free, Dishwasher-Safe - Red","1 pc","Kitchen Tools","Frenchware",,,85.0663667718177,349,,20.06534,75.48663026952916,0.01734140072506072,0.00999,,,,89.95839151600869
"2026-03-01","bd345d11-c8cf-49d2-af1e-fb4a212835d1",,"Princeware Dura Pour Stainless Steel Oil Bottle, Pot 500 ml","1 pc","Kitchen Tools","Princeware",,,150.32762406675448,501,,4.45626,69.99448621422066,0.0032641359160634014,0.00264,,,,157.12488402785945
"2026-03-01","73392c94-386a-4a9f-aa86-ba3256890919",,"Embassy Wooden Polpat & Rolling Pin (Chakla Belan), Size 10, Premium Sheesham Wood, Natural-Finish","1 set","Kitchen Tools","Embassy",,,799,1190,,4.0289,32.857142857142854,0.007753137205819258,0.01097,,,,799
"2026-03-01","ccc67eb3-9cc7-47d9-87fd-d95193b5f8e3",,"All Time Flexible Colander |22 cm (Colour May Vary)","1 pc","Kitchen Tools","All  Time",,,140.20118140681086,340,,30.88815,58.20650618553013,0.015639185335166842,0.0165,,,,154.50259868084538
"2026-03-01","6d130976-3f3a-4afb-8b14-2c60b07c60c4",,"Signoraware Glass Oil Dispenser & Pourer | 500 ml | Clear | Oil Bottle","1 pc","Kitchen Tools","Signoraware",,,345.68888888888887,460,,3.39985,24.85024154589372,0,0,,,,345.68888888888887
"2026-03-01","625e56a7-10ff-436c-ac40-ea294e6890f5",,"Tramontina Ultracorte Stainless Steel Vegetable and Fruit Knife/,7cm/2.7 inch | Black | Straight/Plain Edge | Antimicrobial |Polypropylene Handle |Dishwasher Safe | 5 Year Warranty | Made in Brazil","1 pc","Kitchen Tools","Tramontina",,,295,295,,13.88714,0,0.004933340749786842,0.0104,0.04246,0.06633,0,295
"2026-03-01","696e278b-addc-4dcd-aa93-481801066989",,"Java 450 ml Mini Chopper","1 pc","Kitchen Tools","Java",,,205.66600430268144,699,,36.04854,70.35605490964947,0.20067247400834382,0.12566,0.10027,0.15664,0,210.4765900671118
"2026-03-01","a72646ba-2421-45b9-b29c-b698044144e1",,"Petals Stainless Steel Barbeque/Pizza/Roti/Grill/Papad Roaster Jali","1 pc","Kitchen Tools","Petals",,,201.30273993737399,302.8731960824742,,55.1577,33.614714632153486,0.42705061558614393,0.59328,0.62957,0.43845,0.96952,201.21623033932943
"2026-03-01","71972507-cb99-4f08-a46d-0b18a0db8f9f",,"Ritu Turbo Hand Blender","1 pc","Kitchen Tools","Ritu",,,146.99969709860238,285,,31.05101,48.42115891277109,0.008089758008873035,0.01036,0,0,0,155.28426740774768
"2026-03-01","180aa5ff-b78b-41ff-983d-53a01a9f43fd",,"Crystal - Cl414 Stainless Steel Utility Knife, Multicolour","1 pc","Kitchen Tools","Crystal Cookware brand",,,140.71818142213803,185,,47.50278,23.785163015975336,0.06601915776846504,0.10569,0.08908,0.13917,0,141.11748905407197
"2026-03-01","8acf84c3-becc-49e4-a9be-226c9f400471",,"Tramontina Polywood Stainless Steel Cleaver Knife/,15.2cm/6 inch | Straight/Plain Edge Knife | Treated Brazilian Polywood Handle |Impact Resistant | Heat Resistant |Dishwasher Safe | 5 Year Warranty","1 pc","Kitchen Tools","Tramontina",,,988.0259334268336,1395,,38.54604,29.261956609018284,0.043111134834453085,0.05935,0.23459,0.36648,0,913.5065464947443
"2026-03-01","b8cece0f-ac96-4ef7-a9f3-723d75e017b1",,"KVG Stainless Steel Tea & Coffee Strainer No.2 Fine Mesh Filter","1 pc","Kitchen Tools","Kvg",,,69.0910192858628,89,,33.68385,22.711009831825663,0.033070930740272966,0.05342,0.16409,0.12881,0.22685,68.59781259542177
"2026-03-01","bc9bdac8-37c2-4a74-801e-725104a703d7",,"OGGN Neem Wood Premium Nonstick Spatula","1 pc","Kitchen Tools","OGGN",,,35.12500000000001,149,,0.6934,76.4261744966443,0,0,,,,35.12500000000001
"2026-03-01","98025b18-27a1-4d75-919c-dc76f0e7a3b9",,"Umai 2400 ml Borosilicate Glass Baking Tray | Transparent Microwave Oven Safe Utensils","1 pc","Kitchen Tools","Umai",,,437.0476190476191,1195,,4.08003,63.426977485554886,0.0012976189020943996,0.00178,0.00299,0.00467,0,613.6061288561289
"2026-03-01","73c64115-7bbc-4470-8c74-332baf28f0b0",,"Crystal Stainless Steel Fine Grater, Multicolour","1 pc","Kitchen Tools","Crystal Cookware brand",,,115.90681146905162,150,,80.42831,22.83698074580679,0.16011857140354124,0.25936,0.31675,0.42766,0.11946,115.74871966732952
"2026-03-01","1945c6c5-b219-436c-8262-b1c7e3dd3c91",,"Peng Essentials Sabichi Carbon Steel Pizza Crisper Tray|Non-Stick, Durable And Solid To Use|Stain,","1 pc","Kitchen Tools","Peng Essentials",,,304,799,,0.16807,61.95244055068836,0,0,,,,304
"2026-03-01","e1662d12-3d75-4a5d-bc01-1252fa99006a",,"2Mech Stainless Steel Sev Sancha Machine | Muruku Maker with 6 Jali","1 set","Kitchen Tools","2mech",,,279.3679455775883,499,,61.26991,44.018699104142186,0.7064667308930974,0.83257,1.27777,0.43641,2.77436,279.3436762094432
"2026-03-01","47550caf-f6c5-445d-910d-3dede0f8a053",,"BAY6 Steel Cooking and Serving Ladle","1 pc","Kitchen Tools","BAY6",,,99.15168744911779,218.246908,,33.60119,54.488091366515,0.032882640265274495,0.03191,0.0018,0.00282,0,99.11095907158604
"2026-03-01","2c0fc21c-d51b-47a7-9995-d4d3b32fed0d",,"Soham Housewares Serving plastic Tray Set( Small, Medium, Large )","1 pc","Kitchen Tools","Soham Housewares",,,265.79135049013627,599,,26.86287,55.606157980675725,0.07343502264709559,0.06762,0.03967,0.01984,0.07493,264.8718834267948
"2026-03-01","6d57fbc6-68f0-4750-bb4d-bfe85f248de7",,"Ganesh Plastic Cutting Board, Assorted","1 pc","Kitchen Tools","ganesh kitchenware",,,,,,0,,0,0,,,,
"2026-03-01","52224144-991f-4d8d-a865-49573b7b9dbf",,"Vesta Homes Round Wooden 360 Degree Rotating Cake Stand, Dessert Platter|Dia-10.5 Inch, H- 3 Inch","1 pc","Kitchen Tools","Vesta Homes",,,703.2168025273251,1899,,67.79051,62.78410213368629,0.26340947035967877,0.20706,0.06134,0.09582,0,708.8343984973254
"2026-03-01","9c2096d3-6234-47d2-bd62-16f54f193db9",,"Anjali Onion Chopper","1 pc","Kitchen Tools","Anjali",,,175.00732600732601,340,,0.61455,48.52725705666882,0.00024367002646860522,0.00045,,,,179.999066293184
"2026-03-01","d373ad01-294c-42be-8dd1-2ee89d3548ab",,"Vesta Homes Medium Teak Wood Serving Tray For Home, Kitchen, Restaurant, Office |31 X 22 X 4 Cm","1 pc","Kitchen Tools","Vesta Homes",,,697.1834472205654,1799,,69.70823,61.697045081565705,0.4305877401147484,0.31179,0.09742,0.10486,0.08417,647.2146805145921
"2026-03-01","fbabf80e-9efc-4dbb-82c1-ec2b84146ab3",,"OGGN Wooden Belan 12 Inch","1 pc","Kitchen Tools","OGGN",,,83.41469073526483,175,,17.8364,53.08787576243762,0.2713469888956868,0.26498,0.07183,0.11208,0.00024,81.90158663814205
"2026-03-01","fb986886-6e13-4d99-96be-f89b207cd307",,"Greenchef Carbon Knife 6 Pcs Set - Elite Edge","1 set  (6 pcs)","Kitchen Tools","Greenchef",,,852.595558882133,1999,,24.07128,57.36878930561041,0.07953307137544847,0.06838,0.03663,0.05723,0,831.5226930545292
"2026-03-01","543aa836-6d6a-4edd-ac33-07b71b2ad701",,"BAY6 Premium Imported Borosilicate Glass Oil and Vinegar Bottle - 300 ml","1 pc","Kitchen Tools","BAY6",,,299.492145866121,748.7563648130841,,48.56924,60.06262111148424,0.04946653559610839,0.04034,0.00336,0.00525,0,289.55670757185936
"2026-03-01","23c9b661-3e15-4c54-87cc-669ad8d62898",,"KVG Coconut Cutter | Coconut Splitter | Coconut Water Collector","1 pc","Kitchen Tools","Kvg",,,85.7530359927292,139,,65.03284,37.15948019810548,0.11291282455568435,0.14979,0.24923,0.38796,0.00248,87.93761295021456
"2026-03-01","ac9a05eb-5ebc-4135-af5a-9125b88de529",,"Anjali Measuring Spoon","1 pack (6 pcs)","Kitchen Tools","Anjali",,,58.27694327731093,125,,3.78354,53.378445378151255,0.0005429367791189956,0.00072,0,0,0,10.804368906653572
"2026-03-01","52c54908-340e-4a99-8cbe-2da4f691e208",,"Femora Borosilicate Glass Oil Dispenser For Cooking With Leakproof Wooden Lid | 500 ml | Pack Of 1","1 pack","Kitchen Tools","Femora",,,291.14409722222223,600,,4.68292,51.475983796296305,0.0004300059290622446,0.00083,,,,337.6649659863946
"2026-03-01","f44efbc3-7ed7-4d5f-94e7-be8e6acb6d67",,"BAY6 Nylon Kitchen Tool Set - Black (3pc)","1 set  (3 pcs)","Kitchen Tools","BAY6",,,89.63398819852382,199,,33.91989,55.026585020723,0.022084496427444266,0.02082,0.01162,0.01815,0,89.2448171410738
"2026-03-01","467c616f-ad2c-4d04-9314-b644853dff50",,"Kuber Industries Multiuses 25cm Stainless Steel Kitchen Utensil Wire Whisk | Egg Beater (Silver)","1 pc","Kitchen Tools","Kuber Industries",,,69.11596045294256,99,,64.85435,30.021936670543788,0.07484209760386035,0.11029,0.0633,0.09888,0,69.31268134843629
"2026-03-01","32f96610-c4f1-4350-87c5-99a4e6bc9291",,"Ice cream Maker | 8 Popsicles Blue Colour","1 set","Kitchen Tools","Bombay Kookware",,,55.56255836221881,320,,2.17489,82.66172549581266,0.0043990909591337495,0.00214,,,,54.571823058156724
"2026-03-01","0dc34a2c-d505-456c-94f9-6921c4301b92",,"KVG Stainless Steel Atta Chalni | Wheat Sieve","1 pc","Kitchen Tools","Kvg",,,149.62596089780007,199,,61.50002,24.838112130560727,0.42367767513954513,0.66994,0.74602,0.72646,0.7808,149.56456478688057
"2026-03-01","98d8e7c8-2e3e-44e9-9569-4962cd60c697",,"Femora Borosilicate Glass Oil Dispenser And Stoppers Bottle With Handle | 1000 ml | Pack Of 1","1 pack","Kitchen Tools","Femora",,,626.4827586206897,1200,,3.08986,47.793103448275865,0,0,,,,626.4827586206897
"2026-03-01","96ac2c46-cd49-40e0-9a15-1e58743eb002",,"Habitat Premium Quality Large Knife | Razor Sharp| Light Weight And Strong","1 pc","Kitchen Tools","Habitat",,,162.03919089759796,199,,13.0681,18.57327090572967,0.0015732136111752018,0.00259,,,,160.90934396371009
"2026-03-01","f756243c-ad37-4841-8701-0b58df3572dc",,"OGGN Wooden Belan No. 3","1 pc","Kitchen Tools","OGGN",,,53,149,,0.15581,64.42953020134229,0,0,,,,53
"2026-03-01","5c4e4232-905b-4927-b2d9-9c26455f068b",,"Petals Comfort Handle Superior Razor Sharp Blades Stainless Steel Cheese | Grater Slicer","1 pc","Kitchen Tools","Petals",,,234.85930778291902,449,,40.04785,47.562751849480605,0.010375087499540712,0.01365,0.05345,0.08349,0,253.86708007573148
"2026-03-01","b5bf34cb-013a-4c52-8da8-2dbfd11e43f6",,"Umai 2400 ml Borosilicate Printed Glass Baking Tray | Transparent Microwave Oven Safe Utensils","1 pc","Kitchen Tools","Umai",,,435.48756401846657,1195,,4.78307,63.55752602355929,0.005190475608377598,0.00516,0.02886,0.04508,0,578.9489770236869
"2026-03-01","fea51b3a-d97d-4775-9412-5ac9b8e2d2e4",,"Nirosta Klasse Peeling knife 18.8 cm","1 pc","Kitchen Tools","Nirosta",,,84.12960994942237,149,,28.78629,43.53265316271507,0.0037703701689139526,0.00506,0.02559,0.03997,0,86.35395674610724
"2026-03-01","90507588-c0fb-411d-9650-8c4f64a7291a",,"Bombay Kookware Stainless Steel Multipurpose Strainer With Handle Size 3","1 pc","Kitchen Tools","Bombay Kookware",,,,,,0,,0,0,,,,
"2026-03-01","915bf7c2-df43-4fb0-98ae-e900914d4abf",,"Ritu Apple Cutter S.S.","1 pc","Kitchen Tools","Ritu",,,66.84735957099997,145,,11.01362,53.898372709655185,0.0006927873301558385,0.00096,0.00007,0.00011,0,66.67514861106444
"2026-03-01","0fb10ab8-d603-41e2-a71a-46c08c779859",,"Godrej Cartini Utility Knife Small - Black","1 pc","Kitchen Tools","Godrej Cartini",,,130.29431582909845,250,,13.30094,47.882273668360625,0.0010858735582379912,0.00118,,,,132.40503405907816
"2026-03-01","f7de059e-e945-43b2-8ac4-2a363e4d22ac",,"Habitat Premium Nylon Skimmer | Perfect Elegant Functionality | Hanging Loop | Dish Washer Safe","1 pc","Kitchen Tools","Habitat",,,202.71613625418314,299,,83.07054,32.29565480172012,0.040142573700942055,0.05853,0.006,0.00128,0.0144,205.28628636604546
"2026-03-01","3f27cc5f-345c-4f2a-8f7f-e933182bbef7",,"Fackelmann Stainless Steel Vegetable Peeler With Plastic Handle, 19Cm | Sharp Double-Slotted Blade","1 pc","Kitchen Tools","Fackelmann India",,,182.29247351356983,299,,71.06133,38.123521021799,0.1868073888926262,0.24626,0.41357,0.64608,0,187.6354457549165
"2026-03-01","e92c29fd-b7fb-4d1c-9033-f05f293fb4fd",,"Habitat Premium Nylon Long Turner | Perfect Elegant Functionality | Hanging Loop | Dish Washer Safe","1 pc","Kitchen Tools","Habitat",,,197.22733114602255,299,,81.52456,34.07733992408373,0.04026679763600448,0.0548,0.10551,0.07098,0.16694,191.42361341895614
"2026-03-01","d13a099e-aa41-4cbb-80c7-6dc509936c49",,"Sanjeev Kapoor by OGGN Wooden Spetula Tavetha Spoon Set | Serving Spoon Set of 3","1 pack (3 pcs)","Kitchen Tools","OGGN",,,82.43861549580448,199,,14.4551,58.8097809439197,0.06737280774616451,0.05946,0.07432,0.11609,0,27.363624346749365
"2026-03-01","4716420a-2a10-4709-9a66-1e144dbcc690",,"Sanjeev Kapoor by OGGN White Marble 2 Side Mortar and Pestle Set, for Grinding Spices - 3x2 Inch","1 pc","Kitchen Tools","OGGN",,,330.1244684408146,699,,2.11182,53.03016712352497,0.03681285102196108,0.03476,0.00013,0.00021,0,312.63158348720924
"2026-03-01","06449170-09a0-41b3-9298-347ded7f7728",,"Honeycomb Shape 37 Grid Flexible Silicone Ice Cube Tray","1 pack","Kitchen Tools","Bombay Kookware",,,57.92473052378372,150,,65.98541,62.15902600924269,5.011111665551981,3.96436,2.08811,1.61802,2.9243,56.75434832966405
"2026-03-01","60c60cec-4ca7-4aba-b3ef-276d3642dce7",,"Oggn Vintage Printed Wooden Brown Rectangle Tray 10x6","1 pc","Kitchen Tools","OGGN",,,179.38690476190476,999,,1.64518,82.0433528766862,0.00047735001620142093,0.00027,,,,188.34493388496796
"2026-03-01","10426243-c93a-46c6-8673-0707fd499c9e",,"Nirosta Stainless Steel Universal Scissors Soft-grip Craft | Paper | Kitchen - Veggies 17 cm","1 pc","Kitchen Tools","Nirosta",,,121,199,,1.983,39.19597989949749,0,0,,,,121
"2026-03-01","d005345a-fd12-4a6b-a66e-450ed306785e",,"Glen Hand Blender 200 Watt With Stainless Steel Arm (Sa 4049 Lx)","1 pc","Kitchen Tools","Glen",,,1050.233327429959,2295,,64.29316,54.552900910315536,0.4367626686910246,0.40377,0.09415,0.14474,0.00417,1001.1751910876135
"2026-03-01","7e697016-6bb5-4b5c-8805-f45cfbbd4121",,"YouBee Plastic Dry Fruit Cutter and Slicer | Multi-Colour","1 pc","Kitchen Tools","Youbee",,,87.68097427700145,249,,47.99669,64.99863001156469,0.023534354802403627,0.01707,0.01397,0.02182,0,85.3427169541932
"2026-03-01","79b57bd0-51e3-4997-91a2-7f202f0799db",,"Habitat Pro Ultimate All Purpose Knife Stainless Steel With Precision | Safety & Comfort","1 pc","Kitchen Tools","Habitat",,,102.66088484226199,129,,68.16518,21.567239881630343,0.2796697753701577,0.46099,0.86087,0.64118,1.25163,100.96086703107196
"2026-03-01","da35a756-c4d3-46ee-bf15-218891a380df",,"Fackelmann Stainless Steel Arcadalina Slotted Turner, 34.5 Cm","1 pc","Kitchen Tools","Fackelmann India",,,64.85102040816327,139,,2.38263,53.34458963441492,0,0,,,,64.85102040816327
"2026-03-01","a2e2058f-7259-4646-a284-e303ccb186e7",,"Lumivolt Automatic Wireless Water Can Dispenser Pump for 20 Litre Bottle Can, White/Black","1 pc","Kitchen Tools","lumivolt",,,362.25459732941385,799,,3.83548,54.62787352316695,0.056637861749423736,0.05414,0.04575,0.07146,0,363.43649355528834
"2026-03-01","18751e4c-2b26-4a79-a9fe-8f2a25f3c784",,"Anjali Chilly Cutter Popular","1 pc","Kitchen Tools","Anjali",,,138.09448893477173,250,,54.43955,44.33579068913468,0.003979726590942237,0.0059,,,,157.35249719901225
"2026-03-01","cb2e67b0-71a2-4210-926a-7fe2559051b7",,"Petals 4 Sided Non Slip Dual Colour Square Kitchen Grater Slicer | 22cm","1 pc","Kitchen Tools","Petals",,,245.58730158730162,429,,1.54839,42.753542753542746,0,0,,,,245.58730158730162
"2026-03-01","c2b63e4a-6db9-4b4a-b478-62063a0e5e78",,"New Dawn 2 Pcs Oven Rack Guards Silicone Edge Protector Acts As Perfect Shield For Oven 14 Inches","1 pack (2 pcs)","Kitchen Tools","New Dawn",,,709.0629291098263,1000,,86.82963,29.09370708901737,0.014159791199423405,0.02195,,,,361.8592688326171
"2026-03-01","d3921692-92d9-46cc-943b-eb7673469518",,"Fackelmann Stainless Steel Corkscrew with Wooden Handle | 11 cm | Removing Cork from Wine Bottle","1 pc","Kitchen Tools","Fackelmann India",,,103.16666666666666,199,,1.08011,48.15745393634841,0,0,,,,103.16666666666666
"2026-03-01","3574b2a0-a4cb-4565-9996-d4dd2b667c44",,"Fackelmann Nirosta Alpha Stainless Steel Vegetable Knife | Black & Silver | Ergonomic Handle","1 pc","Kitchen Tools","Nirosta",,,116.22660281091503,148.7856316532258,,77.06734,23.370605616731087,0.374124704008201,0.60358,1.13196,1.76832,0,113.95825239165842
"2026-03-01","200a0480-0f15-4404-91b9-dcc55deeb25b",,"Tramontina Tradicional Stainless Steel Chef Knife Chaku, 15 Cm 5.9 Inch | Brown","1 pc","Kitchen Tools","Tramontina",,,593.2808943089431,795,,26.75352,25.24550256921474,0.024188919383309495,0.03667,0.00795,0.01242,0,571.6251166637131
"2026-03-01","a7ca6139-56be-4b41-a927-febd204c6dca",,"Jensons Stainless Steel Khalbata No. 2","1 pc","Kitchen Tools","Jensons",,,209,450,,2.18487,53.55555555555556,0,0,,,,209
"2026-03-01","e8db7ebe-aa43-423c-8163-426c8cb74741",,"Judge by Prestige Stainless Steel Slotted turner 1.5(27cm)","1 pc","Kitchen Tools","Judge by Prestige",,,125.0119298245614,160,,12.99149,21.867543859649125,0.0005316436941133205,0.00088,,,,125.00456731415062
"2026-03-01","b50aa295-95e1-4512-ae14-a4a10fea6569",,"Tramontina Polywood Stainless Steel Utility Knife Chaku,15.2 Cm 6 Inch | Straight","1 pc","Kitchen Tools","Tramontina",,,769.2930815796827,995,,41.09153,22.59159999307057,0.04661047096323083,0.06996,0.13956,0.21801,0,709.226856769707
"2026-03-01","026a40c7-41e5-4fee-8704-69be5d0007d6",,"Java 420 Grade Stainless Steel Knife 3 Pcs Set | Strainght Blade","1 pack (3 pcs)","Kitchen Tools","Java",,,185.59016393442624,447,,10.4036,58.58050082990546,0.003591852555939627,0.00279,,,,55.20538897656205
"2026-03-01","258e4f6d-9e84-49c3-99fe-d8963990494e",,"Habitat Diamond Pro Peeler | Effortless Peeling | Ultra Sharp To Peel Along Fruits And Vegetables","1 pc","Kitchen Tools","Habitat",,,142.78808502704817,199,,58.29951,27.845225357749296,0.12659895770900434,0.192,0.3091,0.48288,0,143.8656349513495
"2026-03-01","948f639e-849b-471b-ad08-ff73bc45026a",,"Anjali Olive Peeler Smart","1 pc","Kitchen Tools","Anjali",,,56,65,,0.19243,13.846153846153847,0,0,,,,56.00000000000001
"2026-03-01","c54616df-5f51-4705-b038-221502895f2c",,"Bombay Kookware Stainless Steel Filter Coffee Maker","1 pc","Kitchen Tools","Bombay Kookware",,,261.9802282429164,799,,24.56685,68.27347039506526,0.639275046856447,0.42247,0.04781,0.02555,0.08741,251.4482013434977
"2026-03-01","9c5ca3af-65c4-42a0-8fe1-d7e8509751a8",,"Stehlen Melamine Eco Tray Medium- Flora","1 pc","Kitchen Tools","stehlen",,,245,810,,4.13024,69.75308641975309,0,0,,,,245.00000000000003
"2026-03-01","c49bb813-0953-40ec-b596-f870b9fbfd36",,"Oggn Vintage Printed Wooden Brown Rectangle Tray 14x9","1 pc","Kitchen Tools","OGGN",,,275.0887050983205,1199,,11.84312,77.0103830341075,0.01117103281772916,0.01055,0.00012,0.00018,0,322.85940280362144
"2026-03-01","00606f3f-59b8-4f9e-a369-44d78c794f94",,"JASCO Stainless Steel Sieves - Size 2 (7 inch)","1 pc","Kitchen Tools","JASCO",,,,,,0,,0,0,,,,
"2026-03-01","a2d6721f-fcdd-4e67-ad0f-487b8fd05b97",,"Birch & Co. Serving Tray - Indus With Four Free Matching Coasters","1 set","Kitchen Tools","Birch & Co.",,,373.4054487179488,1499,,3.05549,75.08824890947564,0.019532693565584985,0.01251,,,,358.8544500977031
"2026-03-01","30355c91-8756-4dfc-8ae1-aa74940eec0b",,"Oggn Wooden Printed Tray Yellow 10x10","1 pc","Kitchen Tools","OGGN",,,196.13333333333333,999,,0.42332,80.36703370036703,0.0021695753693595065,0.00082,,,,179.50000000000003
"2026-03-01","554f19ff-05b5-4fe7-a16c-405fd01289af",,"Sanjeev Kapoor by Oggn Mixwood Circolo Chopping Board 17.5x12","1 pc","Kitchen Tools","OGGN",,,290.8660633997713,1999,,2.03154,85.44942154078181,0.015021106105817781,0.00618,,,,346.8056279761663
"2026-03-01","f6dbc744-913c-4ca3-a7cf-27dde39788da",,"KVG Stainless Steel Whisk Hand Beater Durable Kitchen Whisk","1 pc","Kitchen Tools","Kvg",,,50.57602295594252,65,,57.90346,22.60926551561811,0.10854500675502785,0.17685,0.08871,0.12626,0.02193,50.281942141638545
"2026-03-01","bd967f3f-7779-45c0-922c-8cd75dad793f",,"Habitat Professional Knife Sharpener | Egronomic | Comfortable | Compact And Easy To Use","1 pc","Kitchen Tools","Habitat",,,256.8542481353,299,,78.79728,14.10368814525519,0.017675632606286372,0.03202,0.03825,0.05975,0,256.16303752070604
"2026-03-01","02ade3ca-0ca0-4de0-ae33-ba77889f10c8",,"Ambition Chopper | 550 ml - Assorted","1 pc","Kitchen Tools","Ambition",,,95.06077299821624,209,,6.60831,56.38351483077391,0.09047107572757979,0.08124,0.10957,0.10976,0.10925,89.58657351573687
"2026-03-01","e465407b-5124-4bce-9737-4d9ab702d2bf",,"Habitat Solution | Ultra Sharp 3.5"" Paring Knife | Light Weight And Strong","1 pc","Kitchen Tools","Habitat",,,160.40027377969952,279,,58.79703,42.300679429091694,0.01995292663262309,0.02728,0.27456,0.2325,0.34939,164.50859455143492
"2026-03-01","2a33e1a2-f1f3-4487-9947-d632d1c0c477",,"Jensons Stainless Steel Dosa Ladle","1 pc","Kitchen Tools","Jensons",,,68.8884710269776,100,,26.53093,31.110921697122286,0.009575233036542606,0.01383,0.07767,0.04645,0.13322,68.82830850476955
"2026-03-01","c74efc75-89cc-4bbb-8fe4-1fd507009967",,"Petals Stainless Steel Cheese/Ginger/Garlic Grater Slicer","1 pc","Kitchen Tools","Petals",,,120.7667425769644,195,,77.76636,37.15870305201084,0.11120974046694389,0.14905,0.74732,0.6093,0.99282,124.25587879678656
"2026-03-01","48881d04-0b49-4132-b4ce-2a26dc781b73",,"Ambition Transparent Chopper | 1100 ml With Surgical Blade - Assorted","1 pc","Kitchen Tools","Ambition",,,249.9068816302164,479,,6.51436,47.83248931911516,0.029231716187766724,0.03237,0.0286,0.01657,0.04998,249.80201420209758
"2026-03-01","5a6b69c9-0ba1-45e7-a3f9-6da8eaf5f60d",,"Godrej Cartini Creative Kitchen Knife (Pairing Knife, Easy Chopping Knife,Fine Dicing Knife) - Teal","1 pack (3 pcs)","Kitchen Tools","Godrej Cartini",,,270.1585365853659,500,,11.91259,45.96829268292683,0.0010858735582379912,0.00206,,,,98.93672839506173
"2026-03-01","d95c184c-2182-4886-9757-a173536ac80e",,"Habitat Pro Series Chinese Turner With SS Insert","1 pc","Kitchen Tools","Habitat",,,198.6146908453976,299,,80.97489,34.531682620001355,0.05410365003920792,0.06784,0.13355,0.07959,0.22954,178.82006317785155
"2026-03-01","d7a87259-01f2-42a8-b379-4d16b1fe8efd",,"Birch & Co. Leather Serving Tray - Grey With Four Free Matching Coasters","1 set (5 pcs)","Kitchen Tools","Birch & Co.",,,380.93979797979796,1499,,4.52312,74.58707151569061,0,0,,,,380.93979797979796
"2026-03-01","1456d435-be80-4ae3-8d0b-14c01ae5d6f1",,"Jensons Stainless Steel Laddle Length 30cm","1 pc","Kitchen Tools","Jensons",,,82.05578821369136,130,,54.49951,36.4056270542845,0.05507072903017466,0.07496,0.18948,0.06309,0.41429,83.73493435274258
"2026-03-01","e97e41ff-aa10-4712-b36c-23618655093b",,"Petals Stainless Steel Sink Drainer/Strainer/Sink Jali/Filter | 9 cm diameter","1 pc","Kitchen Tools","Petals",,,62.76470588235294,95,,0.70539,33.93188854489164,0,0,,,,62.76470588235294
"2026-03-01","4dd242b9-5a7a-439e-9b3e-db806a463f15",,"Frenchware Oil Dispenser, BPA-Free Plastic, 100% Food-Grade | 2 Pack, 1 L Each - Textured Green","1 pack (2 pcs)","Kitchen Tools","Frenchware",,,274.70456314518816,399,,12.69901,31.151738560103222,0.0027383559391645665,0.00404,0.00891,0.00029,0.02423,139.34160200402638
"2026-03-01","394d8181-62cf-4ec7-a019-c076bd44942b",,"Habitat Daimond Specialty Professional Stainless Steel Skimmer | Kitchen Tool |Ergonomic Handle","1 pc","Kitchen Tools","Habitat",,,148.20569927242997,199,,31.34265,25.845119363936398,0.013799932702223332,0.02032,0.01644,0.01214,0.0241,140.2445819201997
"2026-03-01","9f89fe82-1cac-4869-a051-7300b47b60a6",,"Agaro Delux Silicone Spatula Set of 6 , Cooking and Mixing, For Non-Stick Cookware","1 set","Kitchen Tools","Agaro",,,417.43680557797353,899,,79.38481,54.22354774667056,0.3430569928081655,0.32125,0.33234,0.51917,0,404.08902832607276
"2026-03-01","16db7447-296a-4790-a66c-cceeb914c38e",,"Soham Housewares Chopping Board Wodden","1 pc","Kitchen Tools","Soham Housewares",,,368.11904761904765,599,,1.06242,38.544399395818424,0.0013008765227691134,0.00191,0.00085,0.00024,0.00194,416.2300307219662
"2026-03-01","1ca3c61a-6302-447f-960d-5bf360c22288",,"Kuber Industries Plastic 2 in 1 Vegetable Multi Cutter & Peeler with 5 Blade| Assorted","1 pack (2 pcs)","Kitchen Tools","Kuber Industries",,,199,398,,3.75587,50,0,0,,,,99.5
"2026-03-01","02bacb11-a5d1-4354-9c9c-74735bce7f8e",,"Oggn Wooden Akhand Chakla 9 Inch","1 pc","Kitchen Tools","OGGN",,,271.53871844289887,999,,23.68509,72.69199409720868,0.03913900935841851,0.02795,,,,306.9089636633236
"2026-03-01","28a24921-41bf-4101-bb0e-ea601a99fc53",,"Anjali Olive Pizza Cutter | Small","1 pc","Kitchen Tools","Anjali",,,65.28571428571428,125,,11.53846,47.77142857142858,0,0,,,,65.28571428571429
"2026-03-01","4a8707bf-957c-4856-8406-4014491ff818",,"Ambition Push Chopper 650 ml - Assorted","1 pc","Kitchen Tools","Ambition",,,146.64780283964333,350.57174621890545,,34.17261,58.520912063574194,0.44026374221749554,0.37571,0.36287,0.25718,0.55086,143.71774592760625
"2026-03-01","6f1abdbe-ff22-422c-9951-def5bf8a8d1a",,"Frenchware Non-Stick Silicone Spatulas, Heat-Resistant, Food-Grade & BPA-Free - Black","1 set (3 pcs)","Kitchen Tools","Frenchware",,,366.1921223437166,995.9817757291667,,49.42082,63.2259070357603,0.025269146399044647,0.0245,0.11682,0.07956,0.1831,360.8370173401438
"2026-03-01","103b5bd8-dae3-4adf-b4b7-3dc5f48f2d67",,"Ambition Transparent Chopper | 700 ml With Surgical Blade - Assorted","1 pc","Kitchen Tools","Ambition",,,125.34117647058825,399,,1.33509,68.58617131062951,0,0,,,,125.34117647058825
"2026-03-01","ee39e48c-44b5-4a72-b7b8-262ca2ce5f6b",,"Petals Steel Heavy Mortar and Pestle Set | Khalbatta, khaldasta, Okli Masher - 16 Cm","1 pc","Kitchen Tools","Petals",,,368.76234888357186,499,,40.44651,26.095651744240513,0.17766324765870412,0.27578,0.32008,0.03292,0.83086,369.03128180463517
"2026-03-01","f2abedb7-b7c6-4b0b-9ff8-2112c411efbc",,"Anjali Kara Steel","1 pc","Kitchen Tools","Anjali",,,79.50564898176326,185,,56.96332,56.53745851330562,0.01249558138406786,0.01471,0.14605,0.22815,0,91.21043591529786
"2026-03-01","22237c01-14fc-4331-a6a6-3c28a25eba12",,"All Time Flexible Colander For Kitchen, Assorted Colors","1 pc","Kitchen Tools","All  Time",,,136.4789581698028,340,,13.87578,59.30246813945708,0.006926135903865202,0.00757,,,,171.27375757258153
"2026-03-01","da8b404f-3e04-4b13-8af6-b5b6ae7de7ec",,"Frenchware Cutting-Chopping Board with Handle - BPA-Free, Food Safe, Anti-Bacterial | Blue","1 pc","Kitchen Tools","Frenchware",,,189,500,,0.94118,62.2,0,0,,,,189
"2026-03-01","8d229bb2-0cf6-4886-a938-e8d826efaeaf",,"Soham Housewares Cookie Cutter | Easy to Use","1 pack (12 pcs)","Kitchen Tools","Soham Housewares",,,113.39427542708813,297.5389768421053,,44.91534,62.12242137731189,0.3065323326285608,0.23999,0.11037,0.08889,0.14856,9.36974875500779
"2026-03-01","c6b975b4-fae7-4a28-a345-06466eedc1eb",,"Icy Ice Cube Tray With Lid (Set Of 2) (Colour May Vary)","1 set  (2 pcs)","Kitchen Tools","Joyo",,,105.55777626690794,288,,45.56619,63.89008484892646,0.1460827869644686,0.10982,0.08152,0.12735,0,103.10229043593218
"2026-03-01","fd4307e2-ed81-4f70-a5c0-511099fe23c8",,"Godrej Cartini Creative Paring Knife - Black","1 pc","Kitchen Tools","Godrej Cartini",,,66.33333333333333,130,,2.03297,48.97435897435897,0.00009316795129681965,0.00015,,,,70.75161101347393
"2026-03-01","02483e09-6ffe-484a-8498-787f7b9e5738",,"Ritu Sweet Corn Cutter","1 pc","Kitchen Tools","Ritu",,,45.83911043977759,100,,17.5395,54.16088956022241,0.0007340505253688821,0.001,,,,50.86998513424663
"2026-03-01","d7f63300-5511-4d0b-b088-1eb91696eaf4",,"Godrej Cartini Classic Chef Knife Small - Black","1 pc","Kitchen Tools","Godrej Cartini",,,392.58375804303216,480,,21.07684,18.22935367891078,0.019107899829602284,0.0327,0.01199,0.01873,0,390.140172325803
"2026-03-01","b9b4f536-1823-4b76-ac2c-020f4137d2f6",,"Anjali Olive Slicer","1 pc","Kitchen Tools","Anjali",,,88.01607142857141,175,,5.25068,49.705102040816335,0.0015202229815331877,0.00202,,,,94.9919702780441
"2026-03-01","40814b1e-edd8-4814-a591-6a0778aa62f5",,"Jensons Stainless Steel Potato Masher","1 pc","Kitchen Tools","Jensons",,,96.02634303318302,160,,54.41586,39.93270117204821,0.4214892055702723,0.52942,0.23077,0.22764,0.23633,96.1941558539777
"2026-03-01","0abb6f40-40b8-4925-8f9f-37a0c2f119f2",,"Capsicum Multi-Purpose Fruit & Vegetable Classy Knife Set (Multi color, Set of 5)","1 pack (5 pcs)","Kitchen Tools","Capsicum",,,152.46520730731257,299,,18.16552,48.997324212955256,0.01236353915938612,0.01308,0.44615,0.69696,0,30.812505350969452
"2026-03-01","479977fc-fc70-43a6-967e-d51027782561",,"Anjali SS Jara 4","1 pc","Kitchen Tools","Anjali",,,115.2997831721722,205,,34.74647,43.06760852309285,0.007537265542441544,0.00985,,,,122.13790921957931
"2026-03-01","628d5a2e-28ca-45e6-aa17-c2cf25e25f0e",,"Lushomes Pot Holder - Blue | Buffalo Checks | Microwave Hand Gloves | 9 x 8 inch","1 set (2 pcs)","Kitchen Tools","Lushomes",,,103.72979209799861,499,,5.97677,79.21246651342713,0.0005852858478902773,0.00031,,,,104.91908507044049
"2026-03-01","533aa6b4-1745-487a-aaac-b6bbdd6e90a7",,"Jensons Stainless Steel Ladle No. 5","1 pc","Kitchen Tools","Jensons",,,90.93408245909711,155,,30.86841,41.20817064933339,0.011364535485807167,0.0147,0.02728,0.00525,0.06646,94.21889658641446
"2026-03-01","d76b4499-65a6-4a12-ba74-c52b1d677aa6",,"Godrej Cartini Super Slicing Knife - Teal","1 pc","Kitchen Tools","Godrej Cartini",,,116.88212481962482,210,,7.17622,44.341845323988174,0.0009121337889199127,0.001,,,,109.57674084046037
"2026-03-01","bffc5daa-db65-4369-9693-802e8dadd21c",,"Anjali Sharpline Multi Utility Knife","1 pc","Kitchen Tools","Anjali",,,43.03846153846154,90,,0.61298,52.17948717948718,0,0,,,,43.03846153846154
"2026-04-01","a4b43eee-4a95-42e8-a0aa-0194983edb01",,"Birch & Co. Serving Tray - Mandala With Four Free Matching Coasters","1 pc","Kitchen Tools","Birch & Co.",,,,,,0,,0,0,0.00028,0.00049,0,
"2026-04-01","8dd06689-5a51-498b-82a8-0078db4523f5",,"Pigeon Edge Printed Ss Knife Set 5 Inch","1 pc","Kitchen Tools","Pigeon by Stovekraft",,,179.2919756570614,494.28545373563213,,35.74836,63.72425952805048,0.6119626298739971,0.44363,0.83413,1.0181,0.58789,179.46345194648111
"2026-04-01","7509200d-a278-4f48-baa7-16399a52c46e",,"Uttam Stainless Steel Kitchen Press/Noodles/Murukku Maker","1 pc","Kitchen Tools","Uttam",,,,,,0,,0,0,,,,
"2026-04-01","d005345a-fd12-4a6b-a66e-450ed306785e",,"Glen Hand Blender 200 Watt With Stainless Steel Arm (Sa 4049 Lx)","1 pc","Kitchen Tools","Glen",,,900.220967443958,2295,,52.52978,60.8085551446071,0.5104564871729982,0.39606,0.13505,0.17205,0.08553,899.0254396442275
"2026-04-01","4716420a-2a10-4709-9a66-1e144dbcc690",,"Sanjeev Kapoor by OGGN White Marble 2 Side Mortar and Pestle Set, for Grinding Spices - 3x2 Inch","1 pc","Kitchen Tools","OGGN",,,312.2036572664744,699,,17.4672,55.29985850909227,0.2191302690148635,0.19623,0.00273,0.00478,0,312.5591657263703
"2026-04-01","8307fd10-55a8-4b36-944a-f39eb63d7346",,"Kuber Industries Stainless Steel Turner for Dosa | Roti | Omelette | Parathas","1 pc","Kitchen Tools","Kuber Industries",,,226.02702702702703,499,,2.90297,54.67344946302862,0.0060672805879474195,0.00551,,,,226.1432624113475
"2026-04-01","a95032bc-0c2d-4857-952e-e78a62410399",,"Rusabl Bamboo Chopping Board - BPA Free, Eco-Friendly, Anti-Microbial | Small - 30 x 20 cm","1 pc","Kitchen Tools","Rusabl",,,717,999,,0.00289,28.22822822822823,0.003470491444236743,0.00499,0.00027,0.00048,0,717
"2026-04-01","dfcab628-83d1-4fec-8c55-815557ad2095",,"Bombay Kookware Stainless Steel Skimmer","1 pc","Kitchen Tools","Bombay Kookware",,,50.910519646542745,145,,60.54943,63.46923830654168,0.183458376300721,0.1327,0.16287,0.18225,0.13694,53.09925471586432
"2026-04-01","66487c80-6f8c-4c9c-92b5-a518b7674ba0",,"Vesta Homes Acacia Wood Sofa Armrest Tray|Tambour Tray| Foldable|Dining Table Mat|43 X 28 X 1.3 Cm","1 pc","Kitchen Tools","Vesta Homes",,,719.6107750778673,1799,,36.66,59.96161374158388,0.1515857858568383,0.12179,0.01927,0.01451,0.02563,720.1690214593594
"2026-04-01","9681d0c3-5542-4dfe-aac4-da20ffd2a0da",,"Ratan Colander with Long Handle (Assorted Colors)","1 pc","Kitchen Tools","Kolorr",,,,,,0,,0,0,,,,
"2026-04-01","216c3e98-bccd-4d35-9495-4937bdbd9a17",,"Petals Razor Sharp Superior Ss Blade Utility Knife | 12.5cm Blade Length","1 pc","Kitchen Tools","Petals",,,108,199,,0.70946,45.7286432160804,0.00034565955825981577,0.00038,,,,108
"2026-04-01","94b95482-5619-4d68-a166-738545fce33e",,"BAY6 Silicone Spatula & Oil Brush Set (2pc)","1 pack (2 pcs)","Kitchen Tools","BAY6",,,,,,0,,0,0,,,,
"2026-04-01","1a3e8eb0-602f-4f2c-ad79-08f784cbdb7d",,"Jensons S.s Veg Slicer","1 pc","Kitchen Tools","Jensons",,,138.27616784700416,215,,67.64081,35.66474324493372,0.07529073122845475,0.09709,0.75775,0.32013,1.34349,138.41236819022478
"2026-04-01","52de3310-ff70-42c7-bbf6-2487cdffec03",,"Joyo Plastics Oil Dispenser- 1000 ml (s) (Colour May Vary) Combo","1 pc X 2","Kitchen Tools","Joyo",,,119.33476369628725,298.46112944206004,,41.89611,60.01664809103607,0,0,0.00248,0.00433,0,119.33476369628725
"2026-04-01","3955455b-3c21-4207-b23e-f46d90cd668d",,"Anjali Chopping Board Round | Set of 1 | 26 x 26 x 1 cm | Plastic","1 pc","Kitchen Tools","Anjali",,,163.6888364084725,260,,28.00496,37.01728243045075,0.007338751927877998,0.00922,0.00027,0.00046,0,163.55139870343353
"2026-04-01","a7c65e2d-89d1-4558-a3f8-2919fdb0e2d3",,"Anjali LADLE DEEP SS","1 pc","Kitchen Tools","Anjali",,,69,120,,67.50868,42.5,0.00755379038673511,0.0087,0.01203,0.02102,0,69
"2026-04-01","c421f536-c26a-41e8-bec0-3d2f1ffa4eb2",,"Petals Stainless Steel Vegatable Potato Pav Bhaji Masher Presser | 25 cm x 8.5 cm","1 pc","Kitchen Tools","Petals",,,127.51765734265734,175,,73.82134,27.401612317677188,0.004097715898948398,0.00604,0.00338,0.0059,0,126.90320532820851
"2026-04-01","eb82c44d-709a-4714-9d5a-81648a044cdd",,"Eha Polypropylene Square Trays | Made With Coffee Husk And Rice Husk | Set Of 2 | Inno-Cele","1 set (2 pcs)","Kitchen Tools","Eha",,,574.5483870967741,1027,,1.57777,44.05565851053805,0.007135524951413683,0.00764,,,,549.1915356711004
"2026-04-01","7c812fb5-8d2d-46d1-bf42-f2377f18cb1b",,"Stehlen Melamine Oriental Tray - Paisely","1 pc","Kitchen Tools","stehlen",,,,,,0,,0,0,,,,
"2026-04-01","94aeb628-18a7-4fb8-9563-2329679ec3a4",,"AGARO Elegant Oil Sprayer for Cooking, 200 ml, Glass Body","1 pc","Kitchen Tools","Agaro",,,372.0964350979171,399,,49.88472,6.9154478439780185,0.42354169398559627,0.78979,0.11978,0.20928,0,371.32629895675217
"2026-04-01","8b02ccf1-4a5b-4563-be4f-a1f239f3f2f5",,"Agaro Royal Hand Blender & Chopper, 1500W Copper Motor, 2 Modes & 20 Adjustable Speed","1 pc","Kitchen Tools","Agaro",,,2637.3146067415732,4599,,3.26781,42.65460737678684,0.03994191729740936,0.04607,0.00001,0.00002,0,2648.954937388968
"2026-04-01","dd6e04ee-a1db-4445-aceb-8b904b61143e",,"Petals Wooden Spatula - Dosa Palta/Taveta/Turner/Khurpi, 28cm Length","1 pc","Kitchen Tools","Petals",,,57.09287376757616,79.10950230769231,,24.2089,28.385093289500166,0.02162630316640119,0.03084,0.10381,0.00691,0.2335,56.3401067642291
"2026-04-01","a149305e-7770-4907-bc20-782ff63c4587",,"Femora Big Oil Bottle 1 L Borosilicate Glass","1 pc","Kitchen Tools","Femora",,,1022.0921487187234,1345,,28.22138,24.05746116983308,0.05485495600793938,0.08237,0.00001,0.00002,0,1013.5417666803244
"2026-04-01","9efde669-70a7-46d8-af49-2c3118b6e741",,"Faber Hand Blender Fhb 300W Ss Bk","1 pc","Kitchen Tools","Faber",,,1249,2999,,1.81796,58.352784261420474,0.010418422263529521,0.00869,,,,1249
"2026-04-01","968123da-fe4d-46d3-93de-293db850bc70",,"Signoraware Water Dispenser | 9 L | Blue | Water Storage Dispenser","1 pc","Kitchen Tools","Signoraware",,,511.33866080511126,770,,44.05418,33.94044873686484,0.23030010999649952,0.30086,0.65158,0.58573,0.73974,502.43190678522876
"2026-04-01","54c37b91-a31a-42de-b476-d60847484543",,"Agaro Delux Silicone Spatula Set of 3, Cooking and Mixing, for Non-Stick Cookware, Black","1 pack (3 pcs)","Kitchen Tools","Agaro",,,355.7187165419157,599,,89.40067,41.151579850625126,1.093050039775574,1.28447,0.6981,1.21965,0,117.45901059727014
"2026-04-01","0a418cb8-ce61-409b-8990-95452fd06619",,"Nirosta Nirosta Alpha All Purpose Knife","1 pc","Kitchen Tools","Nirosta",,,,,,0,,0,0,,,,
"2026-04-01","1a03a35f-3d4b-45ff-a664-894cc799ed80",,"Agaro Elite Borosilicate Glass Oil Dispenser With Capacity Markings, Pack of 2","1 pack (2 pcs)","Kitchen Tools","Agaro",,,570.841128542847,599,,90.40016,4.984774644445562,1.2332294076063794,2.35274,0.12498,0.21835,0,284.5479707913848
"2026-04-01","5a38d242-bff8-41ab-90b3-7c851dab7164",,"Sanjeev Kapoor by OGGN Mango wooden Chakla, Roti & Chapati Maker, Kitchen Tool - 9 Inch","1 pc","Kitchen Tools","OGGN",,,192.72512919259862,299.4451536879432,,22.57076,35.908196279456895,0.10578832616319944,0.13484,0.06454,0.11276,0,192.53183071562492
"2026-04-01","b4966937-4d94-43e4-901e-93f00c3a0dc2",,"Habitat Pro Series Soup Ladle With Ss Insert","1 pc","Kitchen Tools","Habitat",,,278.07122981621524,399,,85.50021,30.33224707411818,0.033280762322682886,0.04638,0.07374,0.0804,0.06483,277.8217597768424
"2026-04-01","b9487c13-6734-47a5-bee2-82524a14fa2e",,"Pigeon Stainless Steel Kitchen Knives - 3 pcs","1 pack (3 pcs)","Kitchen Tools","Pigeon by Stovekraft",,,228.573806970852,545,,66.77227,58.03523646227022,0.4203013527497486,0.35343,0.77982,1.36243,0,76.24147026756984
"2026-04-01","53870987-8b2b-456f-9e89-5286829e2fec",,"Kuber Industries Oval Bamboo Cutting Board for Meat | Vegetables | Fruits (33 x 22 cm)","1 pc","Kitchen Tools","Kuber Industries",,,363.26666666666665,1199,,7.30443,70.03058103975535,0.014578495841581073,0.00841,,,,345.3407768143485
"2026-04-01","6562ecfc-c411-48e4-90f1-a95a2a107b51",,"Joyo Chopping Board (Small) - Assorted","1 pc","Kitchen Tools","Joyo",,,146.0210328800559,295,,70.268,50.50789292225636,0.04969698586596691,0.04929,0.11014,0.19242,0,145.93770024054103
"2026-04-01","a677e00a-d635-4e56-8a49-9b812b5f2199",,"Tramontina Polywood Stainless Steel Vegetable & Fruit Knife/,7.6cm/3 inch | Straight/Plain Edge | Treated Brazilian Polywood Handle |Impact Resistant |Heat Resistant |Dishwasher Safe |5 Yr Warranty","1 pc","Kitchen Tools","Tramontina",,,321.64900662251654,395,,26.88668,18.023885136646246,0.020446197116744304,0.03413,0.01401,0.02447,0,329.1630941677661
"2026-04-01","bff45c9a-a3b8-4a04-9fdf-17bbfddec57d",,"Chopping Board Plastic White 33x20 Cm","1 pc","Kitchen Tools","Bombay Kookware",,,112.35431852266835,425,,62.42159,73.78208214080719,0.8437021774379837,0.44254,0.70475,0.764,0.62544,111.29818517332357
"2026-04-01","36927d2b-3c4c-445a-8e83-e538e64cd2cc",,"Godrej Cartini Handy Knife - Assorted Colour","1 pc","Kitchen Tools","Godrej Cartini",,,215,270,,0.43529,20.37037037037037,0.00046898533030226253,0.00075,0.00158,0.00275,0,215
"2026-04-01","1235a510-b422-43b1-aa13-395db59b7965",,"Morphy Richards Mini Chopper","1 pc","Kitchen Tools","Morphy Richards",,,1715.0040241448694,3354.5729936619723,,18.63014,48.87367194228268,0.14711114471094325,0.15094,0.0142,0.0248,0,1715.017145381492
"2026-04-01","dad32fb0-e1ca-4fed-9e29-b873f7ab4fef",,"Sanjeev Kapoor by Oggn Wooden Double Handle Platter 8x6","1 pc","Kitchen Tools","OGGN",,,425.20111731843576,999,,7.18152,57.41908635467418,0.05278620960649495,0.04497,0.00218,0.0009,0.00388,424.9199151210312
"2026-04-01","64408b4b-f46e-4540-8391-0cfb955e5f99",,"Sanjeev Kapoor by Oggn Wooden Double Handle Platter 12x9.5","1 pc","Kitchen Tools","OGGN",,,498.56363636363636,1099,,3.07862,54.64058234758872,0.02290732791120829,0.02081,,,,498.5
"2026-04-01","d5285908-3922-4275-80d0-5e7d08723a97",,"Kvg Marble Polpat Akhand No.10","1 pc","Kitchen Tools","Kvg",,,449,699,,1.64685,35.7653791130186,0.004856603642685652,0.00625,,,,449
"2026-04-01","83f12227-5d57-4c68-9c47-56d8517d2ed5",,"Jensons Elite Sumo Cheese Grater","1 pc","Kitchen Tools","Jensons",,,80.89943461148226,145,,40.28833,44.557477372326446,0.1988569016772491,0.22059,0.65036,0.31808,1.09512,80.32655322829375
"2026-04-01","5a2e32f5-593e-4a59-9663-07051dfed5b0",,"Kvg Teak Wood Rawai No.3","1 pc","Kitchen Tools","Kvg",,,,,,0,,0,0,,,,
"2026-04-01","fc7bdc4a-13b3-4c48-b563-7cf1d5a93f96",,"Stehlen Melamine Xen Tray Medium - Lavender Jasmine","1 pc","Kitchen Tools","stehlen",,,,,,0,,0,0,,,,
"2026-04-01","da8b404f-3e04-4b13-8af6-b5b6ae7de7ec",,"Frenchware Cutting-Chopping Board with Handle - BPA-Free, Food Safe, Anti-Bacterial | Blue","1 pc","Kitchen Tools","Frenchware",,,,,,0,,0,0,,,,
"2026-04-01","7fb777d5-4cc2-4a01-9dc6-8dc6b5bdb925",,"Chrome 4 Pcs Ball Tools Set for Clay Modeling, Dotting, Sculpting & Sugar Paste Cake Art","1 pack (4 pcs)","Kitchen Tools","Chrome",,,89,140,,7.47126,36.42857142857143,0.00024317757867524725,0.00031,,,,22.25
"2026-04-01","02ade3ca-0ca0-4de0-ae33-ba77889f10c8",,"Ambition Chopper | 550 ml - Assorted","1 pc","Kitchen Tools","Ambition",,,126.8640873015873,209,,53.0036,39.12951332057469,0.21116550852016722,0.25742,0.41023,0.28727,0.57482,127.1981308125935
"2026-04-01","4e24d36e-ab2f-4e4a-b24f-d6ee17b0bb7d",,"Petals Stainless Steel Egg Whisk/Beater/Cake Batter Whisker | 25cm","1 pc","Kitchen Tools","Petals",,,85.63272007284695,134.7828375409836,,37.08189,36.75447698798711,0.12542821590836484,0.15881,0.04246,0.06215,0.01611,85.27631860386786
"2026-04-01","97a97649-0901-4fc7-84ac-00a74731c5bd",,"Fackelmann Arcadalina Turner Nylon 30 cm","1 pc","Kitchen Tools","Fackelmann India",,,200.8421052631579,229.05272315789472,,4.19668,12.324378679244411,0.002784383275831581,0.00488,0.00064,0.00112,0,200.43818849449204
"2026-04-01","c6814fea-cb21-4738-b371-bf133fd03057",,"Petals Utility Knife Soft Grip - 23 cm Length | 13 cm Blade Length","1 pc","Kitchen Tools","Petals",,,62,95,,3.5613,34.73684210526315,0.002475374052643535,0.00324,,,,61.99999999999999
"2026-04-01","12dc78ea-b706-4797-8073-7886309481a6",,"Softel Multipurpose Handle Removable Handle For Kitchen Cookware | All-In-One Detachable Handle","1 pc","Kitchen Tools","softel",,,799,1295,,0.03952,38.3011583011583,0,0,0.00006,0.0001,0,799
"2026-04-01","187d5173-7f43-47dd-b595-7bb9c074c184",,"Habitat Ultra Grip Vegetable Knife Red Stainless Steel With Ultra Razor-Sharp Blade","1 pc","Kitchen Tools","Habitat",,,58.78563270205041,75,,72.02385,21.947500145467348,0.43372458139435166,0.67805,1.58508,1.43901,1.7806,58.5389147049248
"2026-04-01","3020fdeb-82d7-4301-9c12-2daa0c942d01",,"Frenchware Oil Dispenser, BPA-Free Plastic, 100% Food-Grade | 2 Pack, 1 L Each - Glossy Green","1 pack (2 pcs)","Kitchen Tools","Frenchware",,,276.17857142857144,399,,1.63777,30.782312925170068,0.002079168297673364,0.00291,,,,139.4676759410802
"2026-04-01","ba3f523b-ceab-4b57-ae3f-9940a02de7f2",,"OGGN Wooden Mathni","1 pc","Kitchen Tools","OGGN",,,60.199434218998896,145,,25.36761,58.68523481069552,0.04964956623812523,0.04114,0.02091,0.03654,0,59.83539106278993
"2026-04-01","85905b41-29c1-4bce-a5ed-252b68b1a1c6",,"KVG Baking Cup Spoon | Coocking Measurement Spoon Set","1 pack (5 pcs)","Kitchen Tools","Kvg",,,40.00802811874785,79,,58.34499,49.25433812545201,0.05627042321409981,0.05708,0.03517,0.05037,0.01482,8.020907522384732
"2026-04-01","06869757-d55f-4f46-ab84-3e829c94062f",,"Judge by Prestige Stainless Steel Skimmer 1.5(27cm)","1 pc","Kitchen Tools","Judge by Prestige",,,136.46666666666667,190,,15.87543,28.760611205432937,0.0019240557421326531,0.00241,,,,119.20190863302994
"2026-04-01","6458550d-8f33-437a-9702-7f1f396577ec",,"Jensons Grip Slicer & Grater 5in1","1 pc","Kitchen Tools","Jensons",,,,,,0,,0,0,,,,
"2026-04-01","d0773269-c103-4aeb-ad2a-94258f630f05",,"Habitat Multi Purpose | Super Scissor With Opener | Heavy Duty | Cut With Ease | Dish Washer Safe","1 pc","Kitchen Tools","Habitat",,,219.02190499272433,249,,61.81205,12.040590346202478,0.05811631473451541,0.10239,0.10361,0.04899,0.17671,219.01279551084411
"2026-04-01","c0c1a002-b7d6-416c-a213-266edbdaf1e3",,"Tramontina Plenus Stainless Steel Vegetable and Fruit Knife/Chaku, 7cm/2.7 inch | Black | Straight/Plain Edge Knife | Polypropylene Handle | Dishwasher Safe | 5 Year Warranty | Made in Brazil","1 pc","Kitchen Tools","Tramontina",,,97.8,145,,8.61269,32.558535547041295,0.0058935823174651,0.00791,,,,97.22028985507247
"2026-04-01","022ff85b-3b28-4b45-a791-87f386a74670",,"BAY6 Hammer Series Melamine Serving Tray -12*8 Inch - Small - Wooden Finish","1 pc","Kitchen Tools","BAY6",,,96.6923076923077,219,,2.62716,55.84826132771338,0.0007607984247125593,0.00058,,,,84.3674832962138
"2026-04-01","13014c78-8dcd-4876-b44a-c343b9915f95",,"Java 5 Petal Flower Shape Hot Mat | 3 Pieces - Orange","1 pack (3 pcs)","Kitchen Tools","Java",,,100.95744680851064,265,,4.44479,61.77897574123989,0.0036824033342251726,0.00303,0,0,0,36.23430510566096
"2026-04-01","53f2acd8-d559-4030-8908-502f056f997f",,"Anjali Silvera Frying Ladle","1 pc","Kitchen Tools","Anjali",,,117.0952380952381,160,,2.02562,26.81547619047619,0.0013895861638585558,0.002,,,,115.05392156862744
"2026-04-01","538d28e7-ad3d-4cd6-98da-d3dc0ecea90c",,"Oggn Vintage Printed Wooden Brown Square Tray 12x12","1 pc","Kitchen Tools","OGGN",,,,,,0,,0,0,,,,
"2026-04-01","02bacb11-a5d1-4354-9c9c-74735bce7f8e",,"Oggn Wooden Akhand Chakla 9 Inch","1 pc","Kitchen Tools","OGGN",,,406.3911809482384,999,,3.92916,59.283080223482706,0.019087702943302087,0.01579,,,,412.92831194387634
"2026-04-01","9cadd192-4def-4499-abd0-77aee31dc773",,"Kitchen Scissor for General Use | Stainless Steel Multi-Function Scissor | Assorted","1 pc","Kitchen Tools","Bombay Kookware",,,134.1392025315975,445,,86.15464,69.75522121342165,2.1339640225710688,1.27108,0.76065,0.24392,1.45229,134.58965926346258
"2026-04-01","81f3a446-18c5-4897-9bd3-a0779bc96bfb",,"Sanjeev Kapoor by Oggn Wooden Double Handle Platter 14x12","1 pc","Kitchen Tools","OGGN",,,1066.027027027027,1399,,1.65373,23.621586110702417,0.03402054325666709,0.05429,0.00037,0.0006,0.00007,1114.3602393145059
"2026-04-01","036407a5-631f-418c-b5d4-d33f6421ee34",,"Kent 11054 Alkaline Water Filter Pitcher 3.5 L (Not Suitable For Borewell Or Tanker Water)","1 pc","Kitchen Tools","Kent",,,1906.203789546414,1950,,51.24161,2.612560450619367,0.6626892990873833,1.29232,0.1262,0.22048,0,1892.4124067972964
"2026-04-01","154691fe-85c1-4e77-9a79-14089a8e7939",,"BAY6 Steel Pakad / Tong","1 pc","Kitchen Tools","BAY6",,,122.6842105263158,299,,2.98717,58.968491462770636,0.0005193578287421353,0.00034,,,,100.41955835962145
"2026-04-01","f1e8f7ee-c982-4320-a67c-5befcf17a1de",,"YouBee Plastic Measuring Spoon and Cup Set | 8 Pcs | Black","1 set","Kitchen Tools","Youbee",,,121.08952370004103,349,,75.87598,65.68044690263854,0.545992721537894,0.37489,0.06288,0.09518,0.01966,119.6394254158149
"2026-04-01","53c6bc9f-b655-4c6c-b540-3e5fbbea37ba",,"KVG Chakla Belna Chappati Maker","1 pc","Kitchen Tools","Kvg",,,,,,0,,0,0,,,,
"2026-04-01","201c1a83-0bb6-412f-905a-81376a3acbcf",,"Ice Tray With Silicon 14 Cubes Blue","1 pc","Kitchen Tools","Signoraware",,,192.91071141947648,245,,25.85034,21.04640551393945,0.12345934601244771,0.19717,0.6883,0.83343,0.49404,194.58761845133623
"2026-04-01","026e8ef4-e331-4436-9bc3-ee9857bcc6bc",,"Wall Mount Magnetic Strip for Knife | Scissor | Kitchen Tools | Magnet Knife Holder | 33 Cm","1 pc","Kitchen Tools","Bombay Kookware",,,,,,0,,0,0,,,,
"2026-04-01","dd0f4e53-88ec-4769-944c-3869e6915b84",,"Frenchware Cutting-Chopping Board with Handle - BPA-Free, Food Safe, Anti-Bacterial | Neon Green","1 pc","Kitchen Tools","Frenchware",,,181.1350626118068,500,,5.10518,63.8408547008547,0.006661328672996952,0.00475,,,,178.5552189287985
"2026-04-01","8edadada-b915-47b1-9257-b8d266b5dddb",,"Crystal 9 Inch Tomato Knife","1 pc","Kitchen Tools","Crystal Cookware",,,137.87671232876713,165,,21.64817,16.39742593899669,0.007548926835161604,0.01253,0.0067,0.0117,0,136.80600409370024
"2026-04-01","d7a87259-01f2-42a8-b379-4d16b1fe8efd",,"Birch & Co. Leather Serving Tray - Grey With Four Free Matching Coasters","1 set (5 pcs)","Kitchen Tools","Birch & Co.",,,,,,0,,0,0,,,,
"2026-04-01","fcf1cd10-37a0-4ea9-87e9-e3f1814b0a9f",,"Oggn Brown Shisham Wood Chakla 11 Inch","1 pc","Kitchen Tools","OGGN",,,529,1199,,0.48142,55.87989991659716,0.0020826422630830107,0.00184,,,,529
"2026-04-01","8846a79b-4d17-4fe0-87d2-725d4dfa9b80",,"Petals Stainless Steel Tea/Coffee/Chai/Channi/Strainer Filter | 8 cm diameter","1 pc","Kitchen Tools","Petals",,,68.92393178893178,109,,43.82965,36.732953337298326,0.08441666466132533,0.10689,0.1768,0.17786,0.17538,68.93130874902393
"2026-04-01","a4246a77-0f43-4b6c-b25c-f58ac0ce9707",,"Embassy Round Trivet, Small Size (Pack of 2), 15 cms, Premium Stainless Steel Table Ring","1 pack (2 pcs)","Kitchen Tools","Embassy",,,194.85714285714286,280,,0.46251,30.952380952380953,0.008268037674958408,0.01164,,,,98.42560083594566
"2026-04-01","9ece41c4-21d8-4529-87d3-60a187d753b6",,"Crystal 11-Inch Bread Knife Cl207 (Alloy Steel Silver)","1 pc","Kitchen Tools","Crystal Cookware",,,234.9153361367942,265,,70.69917,11.350229853465029,0.060119750586258486,0.10676,0.78294,0.38682,1.31315,234.94755153513418
"2026-04-01","8d4997bc-bf49-46ed-a8b9-ce81f1dedc9c",,"Anjali Sharpline Paring Knife","1 pc","Kitchen Tools","Anjali",,,,,,0,,0,0,,,,
"2026-04-01","08def912-6ca0-4d83-aafd-c7ea8feae106",,"Fackelmann Stainless Steel Universal Grater With Plastic Handle | Ergonomic Non-Slip Handle","1 pc","Kitchen Tools","Fackelmann India",,,179.3654050075205,385.66466048034937,,66.87945,53.19769038051491,0.8710594813406785,0.79798,0.84071,1.46881,0,180.4930288124905
"2026-04-01","b097e5c2-d787-4025-8f4e-19ce8ba74e4d",,"Happy Kitchen Stainless Steel Pakkad | 8 MM | Strong | Durable & Rust-Resistant | Ideal for Lifting","1 pc","Kitchen Tools","Happy Kitchen",,,155.03939760650584,181.51575660194177,,27.26882,14.67751557113756,0.048486482618975625,0.08267,0.01687,0.02948,0,153.45034151773103
"2026-04-01","a0326302-22af-4f50-aa8a-f6848f0e7fa2",,"BAY6 Steel Double Mesh Tea/Coffee Strainer","1 pc","Kitchen Tools","BAY6",,,,,,0,,0,0,0,0,0,
"2026-04-01","fc168c33-7ae7-4e0c-a5b9-e6457fb98a01",,"Everest Pro String Chopper 500 ml","1 pc","Kitchen Tools","Everest",,,148.8663609232064,369,,61.32603,59.87319463306947,1.9059016673931932,1.52936,1.13325,0.43554,2.06713,148.06680347081883
"2026-04-01","79bbfb6d-76f9-4ce0-806a-d4219f90cae6",,"BAY6 Steel Frying Tong","1 pc","Kitchen Tools","BAY6",,,149,329,,33.46091,54.7112462006079,0.010526462587769524,0.00955,0.00006,0.00011,0,149
"2026-04-01","f5a2832b-dcf5-40fd-bf61-9153edd5f028",,"Ritu Rapid Juicer (Colour May Vary)","1 pc","Kitchen Tools","Ritu",,,323.4501370822436,490,,22.30599,33.61412767179543,0.013617944405813846,0.01799,0.0188,0.03285,0,323.3156356806773
"2026-04-01","95ef3a19-2830-43bf-8a2e-3c4a5f4ed7d6",,"Uttam Fruit & Vegetable Juicer Green","1 pc","Kitchen Tools","Uttam",,,,,,0,,0,0,,,,
"2026-04-01","8a7b9afc-b88a-46b2-b7ca-40c229ec38b0",,"Vinayak Stainless Steel Whisk (Silver, 1 Piece)","1 pc","Kitchen Tools","Vinayak",,,120,179,,0.59498,32.960893854748605,0.0003109199041633518,0.00042,,,,120
"2026-04-01","1c122407-d19e-4ed8-95e0-2b1cbbabd85b",,"Everest Pro String Chopper 700 ml","1 pc","Kitchen Tools","Everest",,,169.07687190163747,549,,4.99596,69.08325638168985,0.1052967600577345,0.0647,0.08464,0.01938,0.17199,169.88774442770654
"2026-04-01","0377ab26-ab79-4ca2-986e-e72ea48156d7",,"Jensons Elite Veg Grater","1 pc","Kitchen Tools","Jensons",,,81.10526315789474,145,,8.97478,43.857289540061096,0.022957700409648167,0.02578,0.06193,0.04597,0.08329,81.31098021446911
"2026-04-01","32552645-6ed0-4800-9e2a-c86f7bd0965d",,"Hazel Round Wooden Chopping Board, 12 Inch Diameter, Neem Wood, Thick For Kitchen","1 pc","Kitchen Tools","Hazel",,,372,930,,4.21456,60,0,0,,,,372
"2026-04-01","caa29901-fe60-4d8a-9255-3122c39778e4",,"YouBee Stainless Steel Coconut Opener Tool | Coconut Water Opener","1 pc","Kitchen Tools","Youbee",,,109.11393986520518,299,,56.35121,63.48933032996513,0.4778811135267441,0.34925,0.26215,0.45801,0,109.17203822368562
"2026-04-01","9d3f4d15-6309-4533-8681-91be780a8476",,"Vesta Homes Acacia Wood Chopping Board/Cutting/Serving Board, Platter | 42 X 18 X 1.5 Cm","1 pc","Kitchen Tools","Vesta Homes",,,528.8639579415775,999,,67.18621,47.05877302811695,0.32497747889175643,0.34464,0.35235,0.39158,0.29984,528.8513629447569
"2026-04-01","f0b87d34-3c2f-46f7-a616-cf891bf148d0",,"Bathla Stainless Steel Chopping Board - Small (15 cm x 20 cm - 2mm Thick)","1 pc","Kitchen Tools","Bathla",,,395.26666666666665,799,,0.35195,50.52982895285774,0.0027756983623074653,0.00249,0,0,0,357.85164494103043
"2026-04-01","0c00f06b-b533-4f43-a00d-2fbfd7498f27",,"Anjali Silvera Curry Ladle","1 pc","Kitchen Tools","Anjali",,,112.42465753424658,160,,19.24887,29.42246835443038,0.0036129240260322454,0.00531,0.00082,0.00143,0,117.29450139794967
"2026-04-01","40814b1e-edd8-4814-a591-6a0778aa62f5",,"Jensons Stainless Steel Potato Masher","1 pc","Kitchen Tools","Jensons",,,97.29700985579693,160,,80.87398,40.11910110110486,0.8070508001765913,0.95901,0.41244,0.3942,0.43685,95.78565744187495
"2026-04-01","a847bcc1-edf2-4b71-8013-22bba500c10d",,"Tramontina Ultracorte Stainless Steel Chef Knife/,15cm/5.9 inch | Black | Straight/Plain Edge | Antimicrobial |Polypropylene Handle |Dishwasher Safe | 5 Year Warranty | Made in Brazil","1 pc","Kitchen Tools","Tramontina",,,699,849.2114695698925,,14.16591,17.634901992598387,0.034771093483421195,0.0576,0.00288,0.00503,0,699.0000000000001
"2026-04-01","050963ef-77e3-4a3a-afdf-89fe5001b6e8",,"Anjali Peeler With Opener","1 pc","Kitchen Tools","Anjali",,,,,,0,,0,0,,,,
"2026-04-01","f772d652-9ca4-4545-95bb-85b7829ff6c4",,"Sanjeev Kapoor by Oggn Mixwood Tavola Chopping Board 15.5x11","1 pc","Kitchen Tools","OGGN",,,525.4867724867726,1999,,2.11528,73.70869699860282,0.02777782741553253,0.01472,,,,528.990137539732
"2026-04-01","68a7c6e6-4ecc-48ef-bdf9-72427b8a5b0c",,"Aluminium Cake Mould - 7"" X 3""","1 pc","Kitchen Tools","Soham Housewares",,,383.2666350261035,499,,19.21556,22.93868525704298,0.1909112479923059,0.2956,0.53027,0.35868,0.75994,385.77587871032307
"2026-04-01","315a6270-87f6-400a-849b-acad6728329a",,"Crystal Rapid Swivel Peeler Hardened Surgical Steel Blades Perfect For Fruit And Vegetables","1 pc","Kitchen Tools","Crystal Cookware brand",,,,,,0,,0,0,,,,
"2026-04-01","55e17dff-f116-4114-b40e-2e2c31751b70",,"Crystal - Cc932 Large Stainless_Steel Spatula Silver","1 pc","Kitchen Tools","Crystal Cookware brand",,,172.57406412761898,205,,40.30818,15.93105596844268,0.022237894776769435,0.03665,0.02945,0.05145,0,169.55171314229904
"2026-04-01","a70e0d87-9292-45e6-b7ea-ed8d853a84bc",,"OGGN Promo Slat Rect.oil Finish Tray 12x9","1 pc","Kitchen Tools","OGGN",,,,,,0,,0,0,,,,
"2026-04-01","3a1c092c-6eab-4d19-b41b-a8ff146c84b9",,"Anjali Veg Knife","1 pc","Kitchen Tools","Anjali",,,,,,0,,0,0,,,,
"2026-04-01","d7400544-3aeb-4e27-8615-8a3a21017660",,"JASCO Stainless Steel Multipurpose Small Sized Utility Grater For Kitchen","1 pc","Kitchen Tools","JASCO",,,82.3455673228609,129,,11.92207,36.31349178551965,0.011582200675761063,0.01457,0.02898,0.05063,0,81.30557778999518
"2026-04-01","e4ec424c-6449-41bb-9cea-41190dd51c55",,"Cutting EDGE Silicone Baking Mat |Non-Stick Glass Fiber Sheet for Dough,Cookies,Macaroons|Large Size","1 pc","Kitchen Tools","Cutting Edge",,,290.9672131147541,750,,6.26216,61.196135265700484,0.026484643791791662,0.02072,0.01522,0.02659,0,292.9266450916936
"2026-04-01","41fa5e24-0808-4d3e-b9ff-098f4744545a",,"KVG Wooden 3 Pcs Spetula Tavetha Spoon Set | Serving Spoon Set","1 set (3 pcs)","Kitchen Tools","Kvg",,,113.33908639673263,149,,26.82999,24.1286924598898,0.021688313448963374,0.03285,0.04655,0.00803,0.09811,112.85535154666094
"2026-04-01","0e7200fb-0c84-4dd6-b679-0766a190e733",,"Pigeon Wooden Block Kitchen Knife - 6 pc","1 pack (6 pcs)","Kitchen Tools","Pigeon by Stovekraft",,,,,,0,,0,0,,,,
"2026-04-01","23eeedad-fa6f-41e1-9d0b-28290fe8d173",,"Kai Vegetable Knife Short Blue |Slim Pack","1 pc","Kitchen Tools","Kai",,,131.05714285714285,150,,1.96387,12.656336469286115,0.0018603084768656413,0.00327,,,,131.61818181818182
"2026-04-01","f98829b5-00bc-4d8a-b844-544f7722a33e",,"Fackelmann Arcadalina Vegetable Grater","1 pc","Kitchen Tools","Fackelmann India",,,159,199,,0.3923,20.100502512562816,0.00034565955825981577,0.00055,,,,159
"2026-04-01","9f3a11b8-6af7-43d8-8a14-26db642f5813",,"Anjali Spatula","1 pc","Kitchen Tools","Anjali",,,103.5327868852459,145,,19.77137,28.576626559710487,0.003548655665953787,0.00473,0.0024,0.00419,0,96.87959088795908
"2026-04-01","cda5df36-0790-4c6a-8c7d-b0845427442d",,"Cake and Cupcake Mould with 6 Cavity | Small | Baking Tool","1 pc","Kitchen Tools","Soham Housewares",,,97.3125,199,,1.79433,51.04936446940585,0.004147914699117789,0.00397,0.00594,0.00284,0.01009,96.84149377593361
"2026-04-01","0ff9f9ea-e5ac-46f9-993f-0566d93ff78c",,"Pigeon Handy Chopper Large (650Ml)","1 pc","Kitchen Tools","Pigeon by Stovekraft",,,199.32584118644866,645,,22.65651,69.07943925954606,0.21699690685679962,0.13435,0.18587,0.02542,0.40063,199.4737101557967
"2026-04-01","f6cd73f7-78ad-45d5-9746-43c09add4652",,"Anjali Chopping Board Square | Set of 3 | 36 x 24 cm | Plastic","1 pc","Kitchen Tools","Anjali",,,241.66666666666666,320,,34.58863,24.519589552238802,0.01242290030489549,0.01874,0.00755,0.01318,0,241.07643312101908
"2026-04-01","9a7e8f02-4736-413d-b060-d11e6ebe27d2",,"Stehlen Melamine Slant Tray Set of 3 - Queen Rose","1 pack (3 pcs)","Kitchen Tools","stehlen",,,,,,0,,0,0,,,,
"2026-04-01","7bb3f2dc-3585-4eea-b11b-4a96f7f05030",,"Wonderchef Chakli/Murukku Maker (12 Attachment)","1 pc","Kitchen Tools","Wonderchef",,,578.0366759232036,899.1974862337662,,57.11856,35.569886544546534,0.2339854662013229,0.30162,0.15511,0.27099,0,579.6479022267106
"2026-04-01","1bb5aa86-68b4-442b-af06-2c4a6233999e",,"Bombay Kookware Stainless Steel Dosa Turner/ Andhra Palta/ Dosa Khurpi","1 pc","Kitchen Tools","Bombay Kookware",,,62.27611542352886,169,,73.21142,63.32832608625592,0.8024160092253115,0.58923,0.38904,0.26065,0.5609,61.97257419833412
"2026-04-01","8c289964-6272-4800-8cc9-1e7725c9bf91",,"JASCO Stainless Steel Chipser for potato chips","1 pc","Kitchen Tools","JASCO",,,139.0584579811416,199,,4.90338,30.112238621883172,0.00419290255117271,0.00587,0.01647,0.02877,0,139.24149827700768
"2026-04-01","1bb0840f-f967-4fff-a38a-9a9d9f49cd4d",,"Kuber Industries (Pack of 3) A4 Office Paper Tray for Stationery Office Storage Organizer (Brown)","1 pack (3 pcs)","Kitchen Tools","Kuber Industries",,,438.14285714285717,1199,,1.72297,63.586321934945786,0.006247926789249032,0.00452,,,,144.3383208645054
"2026-04-01","26f5d097-0890-4e7b-a421-46138a55d440",,"Vesta Homes Set Of 2 Neem Wood Spoon, Compact Flip, Spatula/Ladle|No Polish| Non-Stick|Hand Carved","1 pack (2 pcs)","Kitchen Tools","Vesta Homes",,,339,1299,,5.18244,73.90300230946882,0.024819745869218632,0.01297,0.00074,0.00129,0,169.5
"2026-04-01","e22a1bef-4f94-459f-988f-3e1f9d0d15bd",,"KVG Stainless Steel Oil Pourer Dispenser 500 ml Drip Free Bottle","1 pc","Kitchen Tools","Kvg",,,326.3322402543168,439,,28.9303,25.580165436357024,0.0438536023486712,0.06546,0.00715,0.0015,0.01471,327.36694409686703
"2026-04-01","25c03b8f-eb09-479b-ae2d-6cf5a7630a3b",,"Deep Cutlery Big Serving Square","1 pc","Kitchen Tools","deep cutlery",,,,,,0,,0,0,,,,
"2026-04-01","cfb0533b-acf0-4a4b-8a99-a342940164ee",,"Fackelmann Arcadalina Stainless Steel Vegetable Y-Peeler | White | Ergonomic Plastic Handle","1 pc","Kitchen Tools","Fackelmann India",,,178.09542556613505,299,,61.86662,40.49419833902337,0.7248011951378034,0.86504,0.52757,0.92172,0,177.90781326774047
"2026-04-01","696e278b-addc-4dcd-aa93-481801066989",,"Java 450 ml Mini Chopper","1 pc","Kitchen Tools","Java",,,208.8507099838578,699,,21.43262,70.18923133785461,0.104210798470679,0.06246,0.04025,0.07032,0,207.43907699949608
"2026-04-01","2d8b1d13-24e2-49cf-9afd-0ca539af54a9",,"Crystal Stainless Steel Serving Tong (Colour May Vary)","1 pc","Kitchen Tools","Crystal Cookware",,,165.7992340450301,210,,15.8609,21.849911149715634,0.012168606036909372,0.01887,0.00272,0.00475,0,160.58037800926954
"2026-04-01","365a963c-9648-4a84-9399-8d602dd53eaa",,"Godrej Cartini Classic Paring Knife (Colour May Vary)","1 pc","Kitchen Tools","Godrej Cartini",,,,,,0,,0,0,,,,
"2026-04-01","01064b6c-073e-485a-80ac-315048939d6b",,"Everest String 2 in 1 Handy Chopper | 450 ml","1 pc","Kitchen Tools","Everest Utility",,,148.57630176190972,299,,50.51148,50.48293311633656,0.1930824763733349,0.19141,0.16542,0.0908,0.2653,148.07187969241465
"2026-04-01","5dea4d0c-dc28-4225-aac2-c2c38b897245",,"Ganesh Pizza/Pastry Cutter - Color May Vary","1 pc","Kitchen Tools","ganesh kitchenware",,,118.08541666666667,156,,5.02031,24.30422008547008,0.0011028103192922461,0.0016,0.00015,0.00026,0,120.44512644752558
"2026-04-01","d0032ea9-2d8a-4d3d-b3ae-d9e1976718f8",,"Uttam Stainless Steel Vegetable Slicer Classic Plain","1 pc","Kitchen Tools","Uttam",,,52,181,,7.08333,71.2707182320442,0.0022007570870109876,0.00127,0.0023,0.00401,0,52
"2026-04-01","ccc67eb3-9cc7-47d9-87fd-d95193b5f8e3",,"All Time Flexible Colander |22 cm (Colour May Vary)","1 pc","Kitchen Tools","All  Time",,,195.82926829268294,340,,4.93342,42.403156384505024,0.0035434447178393173,0.00408,,,,195.67309546769528
"2026-04-01","6479020d-e01f-4eaa-ae05-7f9f4b58986e",,"Wonderchef Smart Peeler","1 pc","Kitchen Tools","Wonderchef",,,227.61777584351654,400,,28.34686,43.116122573737044,0.04371638071499017,0.04956,0.20544,0.35892,0,226.34384145506434
"2026-04-01","0d2063f5-3f92-439d-aa71-e8259b962287",,"Crystal Plastic Xpress Handy Juicer 2 In 1, Multicolour","1 pc","Kitchen Tools","Crystal Cookware brand",,,259.9629259457085,345,,37.39518,24.649097504588287,0.326730094440923,0.49305,0.37232,0.39904,0.33655,259.95986190524854
"2026-04-01","5412be08-e757-432e-bb2d-2877aca5110d",,"Lushomes Pot Holder - Green | Buffalo Checks | Microwave Hand Gloves | 9 x 8 inch","1 set (2 pcs)","Kitchen Tools","Lushomes",,,,,,0,,0,0,,,,
"2026-04-01","44d36c78-ea7e-408c-bc78-55d75630b692",,"Anjali Vegetable Cutter","1 pc","Kitchen Tools","Anjali",,,324.4730042016807,435,,60.49794,25.50648786961698,0.02505562812053362,0.03723,0.11015,0.19244,0,322.9524351202614
"2026-04-01","37b2526f-eb13-4100-ae30-4114e54bab40",,"Frenchware Non-Stick Premium Silicone Spatula | Large Spatula & Large Spoon - Red","1 pack (2 pcs)","Kitchen Tools","Frenchware",,,283.7020709325397,505.2554821874999,,11.23459,42.8259463182705,0.03532171700085014,0.04503,0.0213,0.02056,0.02229,142.9605740711309
"2026-04-01","be9085d5-a38b-42ee-ba0f-e6c22580e49f",,"Anjali Coconut Scraper Padmini","1 pc","Kitchen Tools","Anjali",,,235.69232830633237,390,,39.14787,37.59918814946751,0.010161348823215689,0.01345,0.01897,0.03314,0,259.0230028759413
"2026-04-01","e76fc19e-ba8f-430b-804c-9920551c1ebb",,"Anjali Cut N Wash - Deluxe","1 pc","Kitchen Tools","Anjali",,,307.030303030303,465,,9.11722,34.495100890340474,0.01058083014643049,0.01312,0.00079,0.00137,0,288.17193724087474
"2026-04-01","f527e929-d6dc-4deb-830c-7b7113bc7939",,"Habitat Gourmet 8 Inch Slicer Knife With Ultra Razor-Sharp Blade | Precision-Honed Blade","1 pc","Kitchen Tools","Habitat",,,279.23339354256166,399,,52.73905,30.00359915793487,0.07046296149866915,0.0989,0.36442,0.46641,0.22791,279.3407946767781
"2026-04-01","0fafba85-0e4a-4b01-9770-d967a4f59b79",,"Embassy Square Paneer Mould, 400 ml, Size 2, Premium Stainless Steel Paneer / Tofu Maker","1 pc","Kitchen Tools","Embassy",,,495.2857142857143,690,,2.19591,28.21946169772257,0.002397036132656009,0.00374,0.00237,0.00413,0,530.4639027877055
"2026-04-01","a2d6721f-fcdd-4e67-ad0f-487b8fd05b97",,"Birch & Co. Serving Tray - Indus With Four Free Matching Coasters","1 set","Kitchen Tools","Birch & Co.",,,,,,0,,0,0,,,,
"2026-04-01","9c23609a-f6c6-47bd-a328-1703fa924aa7",,"Crystal Crystalina Stainless Steel Paring Knife (Colour May Vary)","1 pc","Kitchen Tools","Crystal Cookware",,,199.25599879704706,249,,58.41533,19.97531573372577,0.02724787399229097,0.04362,0.14716,0.2571,0,199.26764409642556
"2026-04-01","aa4dc493-a8d2-4f0e-98ee-2178b1849f91",,"Soham Housewares Tender Coconut Opener / Driller Assorted Colour","1 pc","Kitchen Tools","Soham Housewares",,,81.29192597810552,100.00228925,,80.85,19.30431438267153,0.827836403713858,1.33426,0.49715,0.86858,0,80.69739637782675
"2026-04-01","fb0da45f-d799-4ab1-959d-39279a36db2f",,"Kuber Industries 2-Piece Dry Fruit Serving Set | Snack & Pickle Tray Organizer","1 pack (2 pcs)","Kitchen Tools","Kuber Industries",,,179,999,,0.58467,82.08208208208208,0.0020822948665420457,0.00075,,,,89.50000000000001
"2026-04-01","70a04a4e-6f37-4c6e-ba29-5e20cf93ad9d",,"Lushomes Pot Holder - Black | Buffalo Checks | Microwave Hand Gloves | 9 x 8 inch","1 set (2 pcs)","Kitchen Tools","Lushomes",,,165,499,,0.6946,66.93386773547094,0.0008667543697067742,0.00057,,,,165
"2026-04-01","911d99f1-b3b4-424e-bfe6-c332767639a5",,"Fackelmann Stainless Steel Bottle Opener Ideal for Removing & Sealing Caps 8cm","1 pc","Kitchen Tools","Fackelmann India",,,186.1904761904762,249,,0.09648,25.22470835723847,0.0008650173870019509,0.00138,,,,198.82173624917164
"2026-04-01","73eb937a-628b-4fff-9948-4066ff2443bb",,"Crystal - Cl-125 Plastic Knife And Peeler Set 2-Piece Multicolour","1 pack (2 pcs)","Kitchen Tools","Crystal Cookware brand",,,203.04934732416186,250,,46.20723,18.76856038398915,0.10247329467104438,0.16702,0.51595,0.90141,0,101.6869217457854
"2026-04-01","61f6a6a2-6011-43f4-8a51-068f5ae99ad9",,"Femora Stainless Steel Cutting Board For Kitchen Chopping Board | 25 cm x 36 cm","1 pc","Kitchen Tools","Femora",,,768.6074074074074,793.9407406666667,,8.24982,3.087771243377565,0.007245649654899474,0.01451,0.00165,0.00064,0.00301,792.9030174011586
"2026-04-01","2efd40e1-ef50-416f-b8ab-585d29cd378d",,"Kuber Industries Stainless Steel Spring/Trigger Ice Cream Scoop (Silver)-KUBMART2855","1 pc","Kitchen Tools","Kuber Industries",,,199,199,,2.951,0,0.011119815879737129,0.02227,0.00028,0.00039,0.00015,199
"2026-04-01","13987bb6-9d56-4ccf-9421-9daad0545548",,"Everest String Chopper 650 ml","1 pc","Kitchen Tools","Everest Utility",,,149.1473950756542,449,,75.67028,66.81898557871855,4.220670130390284,2.79644,2.46442,0.95168,4.48923,148.98275475155367
"2026-04-01","2d4a1539-1dec-4388-b284-3af42b153b12",,"Deep Cutlery Big Serving Pan","1 pc","Kitchen Tools","deep cutlery",,,110.42857142857143,189,,0.28044,41.666666666666664,0.0006565794624231676,0.00076,,,,109.02604166666669
"2026-04-01","5c521f74-5c4c-48e0-8932-6be865167813",,"Anjali Olive Strainer | Small","1 pc","Kitchen Tools","Anjali",,,107.40678375673043,125,,62.28412,14.100258000646836,0.17454765502497804,0.29839,0.25458,0.44478,0,107.46064460915919
"2026-04-01","3fbc5854-5a97-45aa-95a3-d2ace0d8d42f",,"Femora Glass Oil Dispenser Bottle With Silicone Brush & Dropper 550 ml - Multicolor","1 pc","Kitchen Tools","Femora",,,345,530,,0.61785,34.905660377358494,0.0018412016671125863,0.0024,,,,345
"2026-04-01","8c910b5e-9873-4575-81ff-ba582a3f1ab4",,"Deep Cutlery Big Serving Oval","1 pc","Kitchen Tools","deep cutlery",,,,,,0,,0,0,,,,
"2026-04-01","98f6a785-4934-447a-9044-5beb5d5abbc8",,"Cello Multi Utility Chopper - Magic Chopper Small","1 pc","Kitchen Tools","Cello",,,149.4645502742905,645,,30.46923,76.87237719464977,1.6927368917797745,0.78374,0.3646,0.35149,0.38213,149.13271904680815
"2026-04-01","68d317ef-86d0-4ea5-8b3a-da8c65bc4399",,"Umai 1000 ml Borosilicate Glass Baking Tray | Transparent Microwave Oven Safe Utensils","1 pc","Kitchen Tools","Umai",,,,,,0,,0,0,,,,
"2026-04-01","92970195-a167-4523-84cc-8969c7c02ea4",,"Rusabl Pure Sheesham Wooden Spatulas | For Cooking & Baking, Non-Stick, Heat Resistant","1 pack (5 pcs)","Kitchen Tools","Rusabl",,,,,,0,,0,0,,,,
"2026-04-01","aafe6d7e-ef79-41f9-8f09-7fdfb4e0efc8",,"Anjali Chopping Board Oval | Set of 1 | 29.8 x 18.7 x 1.2 cm | Plastic","1 pc","Kitchen Tools","Anjali",,,241.99781315047716,320,,47.93471,24.39848247919704,0.008715484419720863,0.01316,0.00882,0.01541,0,241.67508323859428
"2026-04-01","a8297056-beca-4c2a-8788-613ee7c45b84",,"Kuber Industries Wooden Nested Serving Trays | Damask Gold Design | Set of 3 (Brown)","1 set  (3 pcs)","Kitchen Tools","Kuber Industries",,,790,2699,,0.48364,70.72989996294925,0,0,,,,790
"2026-04-01","f190fd32-2b90-4b9c-ae27-7260eee85ff7",,"Petals Steel Mini Cooking/Serving/Spoon/Spatula-Dosa Palta/Taveta/Turner/Khurpi,25cm","1 pc","Kitchen Tools","Petals",,,98.90809943757787,113.73476784172662,,51.88233,13.21001519075698,0.024221876422218486,0.04208,0.02316,0.04046,0,98.87364724762249
"2026-04-01","0dda4a20-2517-40e0-917c-dfaa8d0ccbff",,"Fackelmann Turner Solid Bamboo 30 cm","1 pc","Kitchen Tools","Fackelmann India",,,129.2967666975611,148.34493447852762,,22.63589,12.565909243416558,0.039452435571190186,0.06948,0.06418,0.11212,0,130.23545179057453
"2026-04-01","d07f79bc-4415-45ef-8f0f-a3ce1cfa1725",,"Nirosta Everyday Multi-Purpose Kitchen Scissors 22 Cm | Ideal Size | Suitable For Kitchen, Office","1 pc","Kitchen Tools","Nirosta",,,238.0311796046539,498.90675253164557,,63.42606,52.27534535840178,0.3919282613612731,0.37414,0.02804,0.04898,0,238.08262194190283
"2026-04-01","b1b16c36-38e7-4534-bf50-2c758bf219a4",,"Petals Stainless Steel Kitchen Vegetable/Fruit Y Shaped Peeler","1 pc","Kitchen Tools","Petals",,,118.46923132608049,179,,12.20279,34.04345551778457,0.03551643276206082,0.04652,0.01631,0.01259,0.02128,117.29551128016891
"2026-04-01","4dd242b9-5a7a-439e-9b3e-db806a463f15",,"Frenchware Oil Dispenser, BPA-Free Plastic, 100% Food-Grade | 2 Pack, 1 L Each - Textured Green","1 pack (2 pcs)","Kitchen Tools","Frenchware",,,259.2906976744186,399,,2.08144,34.967919631578575,0.004948490027770799,0.00643,,,,129.40874900343167
"2026-04-01","719584c5-afa9-4234-85be-1cbeb54b0a48",,"Anjali Stainless Steel Jara","1 pc","Kitchen Tools","Anjali",,,,,,0,,0,0,,,,
"2026-04-01","357838e7-63d9-470e-8dd6-177dccfb72da",,"Kai Vegetable Knife Pink |Slim Pack","1 pc","Kitchen Tools","Kai",,,142,170,,8.75746,16.513629842180773,0.002994210786574223,0.00508,0.01992,0.0348,0,143.8417650991754
"2026-04-01","5601c03c-9364-4843-83ed-dfd388b013b1",,"Petals Steel Cooking/Serving/Spoon/Spatula-Wire Skimmer/Jhara/Strainer/Fryer |14 cm dia","1 pc","Kitchen Tools","Petals",,,99.95292648946496,135.49898282051285,,4.7553,25.875245076583305,0.005282338103637817,0.00753,0.0004,0.00071,0,100.19825717024014
"2026-04-01","cfdef3c1-5701-4348-9b25-4301c28ab209",,"Frenchware Pure Sheesham Wooden Spoon and Spatula, for Cooking, Baking & Mixing","1 set (2 pcs)","Kitchen Tools","Frenchware",,,169,499,,0.07699,66.13226452905812,0.0034670174788270967,0.00235,0.00001,0.00001,0,169
"2026-04-01","658bafae-308d-4f0c-b746-16a1048bac63",,"Kai Hocho Slicing Knife","1 pc","Kitchen Tools","Kai",,,125.40322580645162,169,,4.89488,25.58860073228356,0.0038366473984134727,0.00559,0.00018,0.00032,0,123.00575781734432
"2026-04-01","e6fb42b5-3c86-4bed-9765-f71c9e3a9678",,"Crystal - Cl010 Sleek Serrated Edge Stainless Steel Knife, Multicolour","1 pc","Kitchen Tools","Crystal Cookware brand",,,66,75,,0.04431,12,0.0001302737028617396,0.00024,,,,68.5813953488372
"2026-04-01","0e6dbbd0-c910-4834-bed7-0b6221c88758",,"Bombay Kookware Manual Ice Cream Maker | 8 Popsicles White Colour Base","1 set","Kitchen Tools","Bombay Kookware",,,91.05904761904762,315,,1.37385,71.11248154152631,0.027351919256309882,0.01593,0.00996,0.00054,0.02256,91.51342471769664
"2026-04-01","d7f63300-5511-4d0b-b088-1eb91696eaf4",,"Godrej Cartini Classic Chef Knife Small - Black","1 pc","Kitchen Tools","Godrej Cartini",,,393.94275499560825,480,,5.85992,17.89214771327943,0.012506275474727003,0.02052,0.00861,0.01505,0,393.9408250250723
"2026-04-01","a1c6a054-7b61-44ba-a886-173065044931",,"Fackelmann Manual Vegetable Chopper 650 ml Safety Lock | Chop Vegetables | Fruits | Nuts","1 pc","Kitchen Tools","Fackelmann India",,,271,599,,0.00275,54.757929883138566,0.0020809052803781873,0.00189,,,,271
"2026-04-01","11de963c-df6b-464e-af07-070a294a1322",,"All Time Chopping Board 001 |340 x 230 x 10mm - Natural Colors","1 pc","Kitchen Tools","All  Time",,,292.6652686131777,500,,16.90147,41.47842267587147,0.013313972432469788,0.01572,0.01325,0.0199,0.00435,294.8719636574515
"2026-04-01","5a6b69c9-0ba1-45e7-a3f9-6da8eaf5f60d",,"Godrej Cartini Creative Kitchen Knife (Pairing Knife, Easy Chopping Knife,Fine Dicing Knife) - Teal","1 pack (3 pcs)","Kitchen Tools","Godrej Cartini",,,,,,0,,0,0,,,,
"2026-04-01","321be233-7093-481b-9e52-afecf274c972",,"KVG Wooden Chopping Board | Wooden Cutting Serving Plater","1 pc","Kitchen Tools","Kvg",,,208.2421052631579,309,,46.04237,32.68165092875825,0.01377774681465758,0.01836,0.03455,0.02855,0.04257,205.66537596802397
"2026-04-01","60315b0f-a61a-4ad9-8455-37d50714bf49",,"Bombay Kookware Manual Ice Cream Maker | 8 Popsicles Yellow Colour Base","1 pack (8 pcs)","Kitchen Tools","Bombay Kookware",,,100.24590163934427,315,,1.20614,66.10258165478598,0.06283534934697907,0.04367,0.01676,0.00304,0.03513,13.65959981765941
"2026-04-01","73cd3762-06ab-42f3-a173-2195beafe5e0",,"Tramontina Ultracorte Stainless Steel Fruit Knife/,12cm/4.7 inch | Black | Wavy/Serrated Edge | Antimicrobial |Polypropylene Handle |Dishwasher Safe | 5 Year Warranty | Made in Brazil","1 pc","Kitchen Tools","Tramontina",,,218.17857142857142,239.38173169642855,,19.14609,8.73353639182157,0.008625161319070056,0.01578,0.00977,0.01706,0,214.66515139536722
"2026-04-01","6b3c1e6b-0a81-4ce3-b200-6da17184761e",,"BAY6 Steel Oil Dispenser -750 ml","1 pc","Kitchen Tools","BAY6",,,330.79470981527436,997.8280642307692,,37.20978,66.88827385910032,0.10715168388821515,0.07077,0.00004,0.00008,0,329.4569978489888
"2026-04-01","10426243-c93a-46c6-8673-0707fd499c9e",,"Nirosta Stainless Steel Universal Scissors Soft-grip Craft | Paper | Kitchen - Veggies 17 cm","1 pc","Kitchen Tools","Nirosta",,,121,199,,0.66667,39.19597989949749,0.00034565955825981577,0.00042,,,,121
"2026-04-01","75f4babe-d285-414b-8dc9-528eea315755",,"Sanjeev Kapoor by OGGN Wooden Taliya Ziri Tray Serving Tray,Snack,Breakfast,Coffee - 12x8 Inch","1 pc","Kitchen Tools","OGGN",,,512.1102096010818,1199,,17.18272,57.326703433176256,0.04790077205090924,0.04086,,,,510.7413797754276
"2026-04-01","ff4df3cc-161a-4747-9f08-9ece36b18291",,"Sanjeev Kapoor by OGGN Wooden Lemon Squeezer - 7x3 Inch","1 pc","Kitchen Tools","OGGN",,,89.71503357173177,145,,3.36198,38.11289185388256,0.011754509360079523,0.01454,0.0427,0.0001,0.09972,89.71121834783361
"2026-04-01","fce131d8-3ecc-4306-8319-1f19298286ed",,"Anjali Hand Blender","1 pc","Kitchen Tools","Anjali",,,145.29162891866957,225,,21.41899,35.82147214194125,0.06828426409200944,0.08723,0.01867,0.03262,0,143.83656900636038
"2026-04-01","98e340e7-1642-4b63-bdac-706810e2a089",,"Petals SS Fruit Basket-Colander-Rice Vegetable Strainer Drainer | 23 Cm - 9 inch","1 pc","Kitchen Tools","Petals",,,590.2258064516129,749,,4.29097,20.80349556985071,0.006505000229562865,0.01111,,,,638.5992578849722
"2026-04-01","42fa2633-8266-4d4f-b32e-86e2bef05eae",,"Ice Cube Tray with Lid | 2 Pcs Set","1 pack (2 pcs)","Kitchen Tools","Bombay Kookware",,,87.49089467008025,230,,56.35448,61.70815038989927,0.5805202900460991,0.44511,2.10499,0.72356,3.95402,44.05097008101473
"2026-04-01","7414cb2f-5178-4afb-88e9-03450c56c918",,"KVG Stainless Steel Grater | Carrot Grater Garlic & Ginger Grater | Slicer Cutter Cheese Grater","1 pc","Kitchen Tools","Kvg",,,39,49,,1.35462,20.40816326530613,0.004868762521619415,0.00776,0.00832,0.00592,0.01153,39
"2026-04-01","decfe496-a1be-4c80-8652-a1e945f0cd7f",,"Fackelmann Multipurpose Stainless Steel Colander | 28 cm Easy grip handles Dishwasher Safe","1 pc","Kitchen Tools","Fackelmann India",,,230.66666666666666,389,,3.83851,40.702656383890314,0.0006756862721762227,0.00101,,,,287.25
"2026-04-01","454b6fcb-80d5-4f9b-94ec-0d5e83ecb636",,"Godrej Cartini Kitchen Stainless Steel Knife Set (3 Pieces, assorted colour)","3 pcs","Kitchen Tools","Godrej Cartini",,,367.7754932468037,370,,7.41451,0.53576299380831,0.03438357264197514,0.06855,0.20738,0.36231,0,368.2183875195775
"2026-04-01","c0f4e8f8-2f4e-4233-a5e8-29597e7a91b3",,"Signoraware Easy Flow Steel Oil Dispenser 1.1 Litre Food Grade Stainless Steel Fgreen","1 pc","Kitchen Tools","Signoraware",,,363.0458221024259,460,,12.76569,21.076995195124805,0.001598024088437339,0.0025,,,,359.2208327203178
"2026-04-01","db95e1db-dedf-4070-be0e-b8bf5d79360e",,"Sanjeev Kapoor by OGGN Wooden Mortar and Pestle Set, for Grinding Spices - 5x5 Inch","1 set","Kitchen Tools","OGGN",,,425,999,,0.24249,57.45745745745746,0.0017352457221183715,0.00148,,,,425
"2026-04-01","e8db7ebe-aa43-423c-8163-426c8cb74741",,"Judge by Prestige Stainless Steel Slotted turner 1.5(27cm)","1 pc","Kitchen Tools","Judge by Prestige",,,114.41463414634147,160,,9.43074,29.2578125,0.003390590239814876,0.00414,,,,98.42235123367199
"2026-04-01","b50aa295-95e1-4512-ae14-a4a10fea6569",,"Tramontina Polywood Stainless Steel Utility Knife Chaku,15.2 Cm 6 Inch | Straight","1 pc","Kitchen Tools","Tramontina",,,787.3486939989403,995,,36.98692,21.032977846916793,0.05777708201226344,0.08933,0.12291,0.21474,0,768.2535575297567
"2026-04-01","a72646ba-2421-45b9-b29c-b698044144e1",,"Petals Stainless Steel Barbeque/Pizza/Roti/Grill/Papad Roaster Jali","1 pc","Kitchen Tools","Petals",,,197.79968327363505,309.29047075829385,,35.20572,36.795643254849885,0.41795972636537637,0.528,0.61328,0.73401,0.45169,196.92962586771458
"2026-04-01","f8ed99ee-ba72-44e1-b453-d77baa71e128",,"Stehlen Melamine Era Tray | Set of 3 - Aura","1 pack (3 pcs)","Kitchen Tools","stehlen",,,,,,0,,0,0,,,,
"2026-04-01","f5806bb8-7c92-4cba-9099-5d7bc268d546",,"Sanjeev Kapoor by OGGN Wooden Ovel Taper Serving Tray,Snack,Breakfast,Coffee - 12x8 Inch","1 pc","Kitchen Tools","OGGN",,,462.94736842105266,1199,,3.87096,61.32076170654284,0.031406210587637706,0.02439,0.00002,0.00004,0,464.9652455286887
"2026-04-01","08aa60e1-662c-4286-b861-ad18188c9ea3",,"Umai 2200 ml Borosilicate Printed Glass Baking Tray | Transparent Microwave Oven Safe Utensils","1 pc","Kitchen Tools","Umai",,,639,1295,,0.71705,50.656370656370655,0.002249392602746037,0.00222,,,,639
"2026-04-01","96ac2c46-cd49-40e0-9a15-1e58743eb002",,"Habitat Premium Quality Large Knife | Razor Sharp| Light Weight And Strong","1 pc","Kitchen Tools","Habitat",,,171.16216216216216,199,,2.7255,14.017455699550384,0.001382638233039263,0.00235,0.00029,0.00051,0,169.09638554216866
"2026-04-01","cfbee11c-7c44-433c-b7ac-3ed931c23852",,"Hazel Stainless Steel Pakad, 9 Mm Tongs, Durable Kitchen Utensil Holder - Silver","1 pc","Kitchen Tools","Hazel",,,,,,0,,0,0,,,,
"2026-04-01","fe9a6804-6967-428d-b90e-bb7f8c26a44d",,"2Mech Plastic Concave Cooking Oil Dispenser | 800 ml | Set of 2","1 set  (2 pcs)","Kitchen Tools","2mech",,,188.76927000419423,499,,76.04461,63.26212120728401,1.1432946962883719,0.84038,0.24506,0.24721,0.24219,91.5521576791182
"2026-04-01","a3009f13-9bbc-4509-a576-4a53747a10ea",,"Fackelmann Nirosta Alpha Stainless Steel Vegetable Knife | Ergonomic Handle","1 pc","Kitchen Tools","Nirosta",,,48.69356377158689,69,,12.01895,28.982198525918065,0.021600769520640287,0.03094,0.00642,0.01122,0,49.46771495965592
"2026-04-01","d26a53db-5289-41a0-a5bf-b2767cc93389",,"Agaro Galaxy 6x1 Stainless Steel Knife and Scissor set with Wooden Block (Steel)","1 pack (6 pcs)","Kitchen Tools","Agaro",,,719.1932404151165,849,,11.5117,15.343202715231227,0.09390875404837265,0.15738,0.02061,0.036,0,118.68812124777057
"2026-04-01","860e04e3-48fe-4eb3-95a3-0e2d53c50f65",,"Bombay Kookware Manual Ice Cream Maker | 6 Popsicles Pink Colour Base","1 set (6 pcs)","Kitchen Tools","Bombay Kookware",,,78.38461538461539,225,,0.47738,66.106674888238,0.009356431037800622,0.00629,0.00741,0.0001,0.01718,75.71921135862802
"2026-04-01","db93113f-166b-4bcc-8b04-01975b36862d",,"Signoraware Water Bottle | 1.1 L | Green | Water Bottle, Plastic Bottle","1 pc","Kitchen Tools","Signoraware",,,198.2173913043478,325,,1.77649,39.21230769230769,0.0028225968953376913,0.00334,,,,191.88753799392097
"2026-04-01","c3a6f362-b9c1-44a4-995b-a3edfae5571e",,"Stehlen Melamine Oriental Tray - Pumpkin","1 pc","Kitchen Tools","stehlen",,,,,,0,,0,0,0.0001,0.00018,0,
"2026-04-01","8c58b653-8071-4d10-889e-b8cffcfdd6cb",,"BAY6 Steel Colander - 24 cm (2500 ml)","1 pc","Kitchen Tools","BAY6",,,179.5427534957727,547.3850410185186,,7.72367,67.19007514412553,0.07090884495899727,0.04708,0.02795,0.04882,0,179.78040561812182
"2026-04-01","2a1e4300-01c9-45be-9f67-517ef4ef8d9d",,"Wonderchef Waterstone Silicon Turner Black","1 pc","Kitchen Tools","Wonderchef",,,261.18963555902826,510,,28.72477,48.93060194983892,0.052717598789654437,0.05243,0.01452,0.02536,0,252.72978483281554
"2026-04-01","0174eb6d-bfcd-4f75-b980-0ed3f79a6475",,"Disney Kulfi Mould - Round","1 set","Kitchen Tools","Joyo",,,70.59014627570915,168.00974727272728,,14.14108,53.10042395382529,0.22395456477923947,0.21202,0.06606,0.11541,0,79.41575094751543
"2026-04-01","ad51495d-50e7-4ad0-b89c-2092292b9e9d",,"Petals Titanium Fused Multifunctional Kitchen Scissor 8 Inch- Kitchen Scissor |Bottle Opener","1 pc","Kitchen Tools","Petals",,,271.81632653061223,419,,8.18915,35.22673031026253,0.0036389787666045925,0.00437,,,,251.47663551401862
"2026-04-01","9dc21e59-9b24-4a5c-912d-fbe1af276688",,"Oggn Meow Rubberwood Tray 12X8","1 pc","Kitchen Tools","OGGN",,,462.0344827586207,1499,,6.30345,69.17398484235392,0.03905605611794953,0.02408,0.00022,0.00038,0,461.40368271954674
"2026-04-01","fea51b3a-d97d-4775-9412-5ac9b8e2d2e4",,"Nirosta Klasse Peeling knife 18.8 cm","1 pc","Kitchen Tools","Nirosta",,,110.33333333333333,149,,5.49925,24.906785980611485,0.0015528625381119362,0.0026,0.00064,0.00111,0,123.84290357529794
"2026-04-01","0239d2d4-73c2-435f-86c7-2cffbc9b59e7",,"Sanjeev Kapoor by OGGN White Marble Mortar and Pestle Set, Grinding Spices, Herbs Natural - 3x2 Inch","1 pc","Kitchen Tools","OGGN",,,238.58136200716845,449,,15.14094,46.864085192312615,0.0669238592375919,0.07118,0.0005,0.00088,0,238.47321584426047
"2026-04-01","afaee648-76f1-40e8-98be-639c41687e15",,"Spine Silicone Combo Set of 4pc |wooden & Pp Stick Spatula","1 set","Kitchen Tools","Spine",,,331.7118644067797,995,,8.63033,66.63986599664992,0.012098084539093551,0.00823,0.00924,0.01614,0,337.94813337133087
"2026-04-01","41aa6b4e-33be-4be7-8b7a-43f7c1b83d16",,"Greenchef Stainless Steel Gas Lighter Knife Combo","1 pack (2 pcs)","Kitchen Tools","Greenchef",,,,,,0,,0,0,,,,
"2026-04-01","7971829a-4aa0-4edf-bb9e-a72ac86ff6c2",,"Anjali Butter Knife Set Of 2","1 pack (2 pcs)","Kitchen Tools","Anjali",,,62.812732796867536,90,,41.73346,31.248923137349763,0.11169823611808989,0.15411,0.37909,0.41283,0.33392,30.92157136619374
"2026-04-01","2319e6da-d036-4abd-a169-3b7b87c3ad7a",,"Kuber Industries Silicone Spatula | Heat-Resistant Baking Spoon | 8 Inch | Green","1 pc","Kitchen Tools","Kuber Industries",,,,,,0,,0,0,,,,
"2026-04-01","d43c97e9-2eb2-4d7e-831b-9d5ff569906e",,"Ambition Big Knife 10.75 Inch - Assorted","1 pc","Kitchen Tools","Ambition",,,75.40615952965533,149,,1.08078,49.10747786134582,0.007609026436748488,0.00761,0.02501,0.01099,0.04379,76.09905669859496
"2026-04-01","348505a3-d8b8-4084-81d8-a16f15915f4d",,"Sanjeev Kapoor by Oggn Wooden Live Edge Chopping Board 17.5x10","1 pc","Kitchen Tools","OGGN",,,591.025,1999,,5.32093,70.43396698349174,0.021597295555230638,0.01281,,,,592.2111167219738
"2026-04-01","76e1bbea-5abf-40a1-9e58-6de160de8e2b",,"Greenchef Mini Chopper Pro 650 ml","1 pc","Kitchen Tools","Greenchef",,,,,,0,,0,0,0.00197,0.00343,0,
"2026-04-01","73ee819d-ea5e-43bd-8fa3-64175b358f54",,"Fackelmann - Solid Turner 30 Cm - High-Quality Bamboo - Wood Brown, Durable, Eco-Friendly","1 pc","Kitchen Tools","Fackelmann India",,,129.55845872073118,148.9067600561798,,32.823,13.369415779115378,0.10204339145160064,0.17685,0.03128,0.05464,0,128.83892065663662
"2026-04-01","4f65863b-7f45-4575-b2c3-eb3f35869d7c",,"Capsicum Steel Oil Dispenser 750Ml","1 pc","Kitchen Tools","Capsicum",,,200.1357561042066,599,,43.97261,66.53662468022095,0.045301377433141325,0.03031,0.28993,0.48562,0.028,202.06874434545335
"2026-04-01","987a7f33-1804-47b5-b790-075a7feb414d",,"New Dawn 2 Pcs(24 Hooks) Organizer Multipurpose Crockery Organizer For Kitchen With Cup Holder","1 pack (2 pcs)","Kitchen Tools","New Dawn",,,685,900,,0.10989,23.88888888888889,0.003126568868681751,0.00477,0.00049,0.00085,0,342.5
"2026-04-01","ab940529-b42f-4fea-aed7-64d227508205",,"Godrej Cartini Classic Chef Knife Small - Red","1 pc","Kitchen Tools","Godrej Cartini",,,,,,0,,0,0,,,,
"2026-04-01","8fd25a64-3f96-478a-b389-25d50a2f3819",,"BAY6 Stainless Steel Tong","1 pc","Kitchen Tools","BAY6",,,99,213.21969681818183,,1.99521,53.64892442077826,0.010097080463137231,0.0093,0,0,0,99
"2026-04-01","bc9bdac8-37c2-4a74-801e-725104a703d7",,"OGGN Neem Wood Premium Nonstick Spatula","1 pc","Kitchen Tools","OGGN",,,45.13076923076923,149,,10.39157,70.01500799794327,0.0013379977775253068,0.00083,0.00022,0.00039,0,44.67763808306454
"2026-04-01","72423049-7a10-4fc9-8aeb-e9899fc9c2ce",,"Happy Kitchen 100% Food-Grade Stainless Steel Ladle, 1.15 MM","1 pc","Kitchen Tools","Happy Kitchen",,,128.14705882352942,169,,2.33564,24.120211772033635,0.002935500771151199,0.00439,,,,126.14726426076834
"2026-04-01","98d8e7c8-2e3e-44e9-9569-4962cd60c697",,"Femora Borosilicate Glass Oil Dispenser And Stoppers Bottle With Handle | 1000 ml | Pack Of 1","1 pack","Kitchen Tools","Femora",,,951.2666666666667,1200,,8.97616,20.727777777777778,0.0006878451511099851,0.00124,,,,1069.9835294117647
"2026-04-01","71972507-cb99-4f08-a46d-0b18a0db8f9f",,"Ritu Turbo Hand Blender","1 pc","Kitchen Tools","Ritu",,,202.03030303030303,285,,4.7853,28.950882733643862,0.004950574407016586,0.0071,0.00148,0.00258,0,203.98277721721584
"2026-04-01","c6b975b4-fae7-4a28-a345-06466eedc1eb",,"Icy Ice Cube Tray With Lid (Set Of 2) (Colour May Vary)","1 set  (2 pcs)","Kitchen Tools","Joyo",,,109.1288171929081,290.22389783333335,,39.17098,62.46602842029696,0.21595888599239732,0.16195,0.22248,0.3887,0,109.06090527522983
"2026-04-01","ab46766a-ba5a-4ea6-bfab-b9d3a4ee54c5",,"Crystal Handy Dry Fruit Cutter and Slicer, Chocolate Slicer, Dry Fruit Chopper (Colour May Vary)","1 pc","Kitchen Tools","Crystal Cookware",,,161.72727272727272,349,,18.84941,53.447771641586904,0.07295674756798383,0.06877,0.04518,0.07894,0,164.25478781542554
"2026-04-01","bd37280c-648f-48a3-97a6-c025b88959ff",,"Fackelmann Swift 650Ml Vegetable Chopper For Onion Chopper With Safe & Durable 3-Blade Design","1 pc","Kitchen Tools","Fackelmann India",,,319.5330193994504,399,,23.31613,19.91964801018895,0.902879093812064,1.44845,0.05905,0.10316,0,319.5309675669976
"2026-04-01","a22e9960-c619-408f-be07-0525fb92d770",,"Lushomes Pot Holder - Red | Buffalo Checks | Microwave Hand Gloves | 9 x 8 inch","1 set (2 pcs)","Kitchen Tools","Lushomes",,,,,,0,,0,0,,,,
"2026-04-01","03343e9b-bee2-4710-8f35-02882903b28d",,"Petals Big Blade Knife Soft Grip Handle - 28cm length | 16cm blade length","1 pc","Kitchen Tools","Petals",,,120.77011494252874,150,,3.71436,19.53846153846154,0.004205235128376955,0.00676,0.00172,0.00301,0,120.28597194388777
"2026-04-01","facff39b-8066-46e6-988b-fdf530131829",,"Ambition Chopper 550 ml - Assorted","1 pc","Kitchen Tools","Ambition",,,127.64799252659296,229,,71.11844,44.79703636472942,0.07699731673594355,0.08503,0.15124,0.13424,0.17398,126.28898316228207
"2026-04-01","a8683d4b-9f7e-42c2-866b-35a7cf4ee51a",,"Crystal Stainless Steel Butter Knife (1 Pc)","1 pc","Kitchen Tools","Crystal Cookware",,,62.077692903072155,70,,1.79465,11.589661631886578,0.0036038917159671646,0.00637,0.00615,0.01074,0,61.836775060474594
"2026-04-01","2dc89202-1cbd-4dad-a42e-608edc4fc40d",,"Kuber Industries 3-Piece Nested Serving Tray Set | Hexagon | Black","1 pc","Kitchen Tools","Kuber Industries",,,359.5590428545877,1799,,29.66589,80.08224513948136,0.47506841743282385,0.18913,0.01488,0.01756,0.01128,357.54134844947794
"2026-04-01","a2cacc3c-a024-48dd-add5-f0f210570bb5",,"Wonderchef No Drip Oil Pourer 600ml","1 pc","Kitchen Tools","Wonderchef",,,397.2708333333333,600,,2.8312,33.78231292517007,0.006253137737363502,0.00833,,,,398.977216579742
"2026-04-01","8b936075-c297-4e0d-bcc5-f1b317535203",,"Umai 4000 ml Borosilicate Printed Glass Baking Tray | Transparent Microwave Oven Safe Utensils","1 pc","Kitchen Tools","Umai",,,1119,1995,,0.00151,43.909774436090224,0.0034652804961222733,0.00389,,,,1119
"2026-04-01","57d23a15-d20f-4265-ba2f-cc09aebc67cb",,"Silicone 2 Pc Brush and Spatula - 8"" 1 pcs","1 pcs X 1","Kitchen Tools","Unbranded",,,137.46153846153845,250,,4.52865,45.01538461538462,0,0,,,,137.46153846153845
"2026-04-01","67205edb-ce75-432b-9f29-2a9fa7b4df59",,"Jensons Jambo Slicer & Grater 7in1","1 pc","Kitchen Tools","Jensons",,,238.32442283336948,410,,53.55919,41.906862916059964,0.12539052338367015,0.14584,0.25914,0.17045,0.37785,238.23282868386195
"2026-04-01","543aa836-6d6a-4edd-ac33-07b71b2ad701",,"BAY6 Premium Imported Borosilicate Glass Oil and Vinegar Bottle - 300 ml","1 pc","Kitchen Tools","BAY6",,,265.9824561403509,749,,17.42351,64.48872201057911,0.06036640213034338,0.04292,,,,265.89687632736
"2026-04-01","a5118dcd-4e27-4b9a-a71f-f7487223e86c",,"Multi Shape Ice Cube Tray (Set Of 2) 1 pcs","1 pcs X 1","Kitchen Tools","Unbranded",,,86.77777777777777,118,,59.15493,26.459510357815443,0,0,,,,86.77777777777777
"2026-04-01","97b014bf-88c8-42f5-a4e6-741b517b4a33",,"Youbee Stainless Steel Heavy Duty Chopping Board With Lip For Kitchen - For Vegetables, Fruits","1 pc","Kitchen Tools","Youbee",,,561.9045671991728,1399,,68.19241,59.9392445746532,0.7299115719536637,0.58472,0.47775,0.44314,0.52409,559.7842601188258
"2026-04-01","3f7d3266-64e1-41f8-a936-73abc89451ec",,"Ice Cream Maker | 6 Popsicles","1 pack","Kitchen Tools","Bombay Kookware",,,69.24681014546162,299,,17.60196,77.5190745732454,0.6574458693963334,0.29504,0.12441,0.0563,0.21558,67.2630040388599
"2026-04-01","3574b2a0-a4cb-4565-9996-d4dd2b667c44",,"Fackelmann Nirosta Alpha Stainless Steel Vegetable Knife | Black & Silver | Ergonomic Handle","1 pc","Kitchen Tools","Nirosta",,,88.32872601731458,148.52318866952788,,44.47855,42.22858206215222,0.3590595113361743,0.41446,0.19816,0.3462,0,85.79846715458751
"2026-04-01","fbabf80e-9efc-4dbb-82c1-ec2b84146ab3",,"OGGN Wooden Belan 12 Inch","1 pc","Kitchen Tools","OGGN",,,81.82752563503739,175,,23.89415,53.20145753581415,0.2766957865336795,0.25902,0.09326,0.16293,0,81.81924321503571
"2026-04-01","73a00137-d1ff-4e8a-9cd3-9d4db3eb35d5",,"Stainless Steel Oil Dispenser - 1000 ml","1 pc","Kitchen Tools","Bombay Kookware",,,261.92697556981653,950,,64.22142,72.46938939402239,0.2179826445417868,0.12016,0.0053,0.00927,0,260.96839161204616
"2026-04-01","b2c71dd2-d9eb-4ac1-b3c3-154dd580d554",,"Youbee Hand Press Manual Citrus Juicer For Orange, Lemon, Hand Squeezer Juicer","1 pc","Kitchen Tools","Youbee",,,105.45037932338784,299,,1.25451,64.6420490651279,0.019735597492201138,0.01361,0.00222,0.00389,0,106.1756422502168
"2026-04-01","7da7fea8-e1f3-4044-94c7-a007e95779e5",,"Icy Ice Cube Tray With Lid (Set Of 2) (Colour May Vary) Combo","1 pc X 2","Kitchen Tools","Multibrand Combo",,,218,576,,0.5618,62.15277777777778,0,0,0.00159,0.00278,0,218.00000000000003
"2026-04-01","a7b27fd2-61b9-4289-849f-9e53daea8ed0",,"Umai 1600 ml Borosilicate Printed Baking Tray | Transparent Microwave Oven Safe Utensils","1 pc","Kitchen Tools","Umai",,,,,,0,,0,0,0.00105,0.00183,0,
"2026-04-01","2953ad2a-b8b9-47d2-b13d-96658d7c4385",,"Vesta Homes Set Of 3 Neem Wood Spoon, Compact Flip, Spatula/Ladle|No Polish| Non-Stick|Hand Carved","1 pack (3 pcs)","Kitchen Tools","Vesta Homes",,,756.2727272727273,1226.2727281818184,,0.98557,38.45442879189993,0.007635775970402763,0.00875,,,,240.7575986883592
"2026-04-01","c2b63e4a-6db9-4b4a-b478-62063a0e5e78",,"New Dawn 2 Pcs Oven Rack Guards Silicone Edge Protector Acts As Perfect Shield For Oven 14 Inches","1 pack (2 pcs)","Kitchen Tools","New Dawn",,,749,1000,,20.88648,25.1,0.02977188356066956,0.04466,0.00011,0.0002,0,374.5
"2026-04-01","293c3e95-e5e8-4d3c-b04e-d9bd0a7208b0",,"Anjali Pizza Cutter","1 pc","Kitchen Tools","Anjali",,,67.55068285655375,80,,4.13939,15.499832435986365,0.0025012550949454005,0.00428,0.00369,0.00645,0,67.73118085559557
"2026-04-01","5047b968-45d5-4d5a-aae1-3c44fbb7aa4d",,"Anjali Utility Set | Pack Of 3","1 set  (3 pcs)","Kitchen Tools","Anjali",,,213.5977011494253,290,,21.50398,26.284007366703094,0.010628597170813131,0.01556,0.00027,0.00046,0,212.02990140617422
"2026-04-01","5c1747d7-ca96-42c9-b6e3-8be0d955012a",,"Crystal Plastic Lemon Squeezer Cum Opener, Multicolour","1 pc","Kitchen Tools","Crystal Cookware",,,116.06086066288594,145,,16.0551,19.9667995440341,0.03483814101582737,0.05579,0.03532,0,0.0826,115.90580831332363
"2026-04-01","93b9f8fe-ecb9-4964-87a1-316d8e8cfe11",,"Petals Heavy Duty Round Trivet Table Ring Steaming Stand | 18 Cms","1 pc","Kitchen Tools","Petals",,,130.24561198329368,178.66241528455285,,29.50344,26.776057350765907,0.021251809695241302,0.03131,0.00002,0.00003,0,65.96360697274687
"2026-04-01","7d181aae-b4a6-419e-b06d-6246fa9f2b44",,"Crystal Plastic Chopping Board, Multicolour","1 pc","Kitchen Tools","Crystal Cookware",,,173.90781125942215,225,,77.31624,22.978334862668298,0.01506641428336591,0.02278,0.0217,0.03792,0,170.05500172655618
"2026-04-01","d5e832f1-f753-40f2-a090-ef3128b6ac2d",,"Anjali Deluxe Veg. Cutter","1 pc","Kitchen Tools","Anjali",,,246,380,,2.06309,35.26315789473684,0.0006600534278328141,0.00081,,,,234.01216545012164
"2026-04-01","61dc0d3f-02ab-4692-bd04-f04250b7bfd7",,"Birch & Co. Serving Tray - Pink Bloom With Four Free Matching Coasters","1 set (5 pcs)","Kitchen Tools","Birch & Co.",,,,,,0,,0,0,0.00003,0.00005,0,
"2026-04-01","3a38ebc0-68ed-4239-9358-a891e7e93edf",,"Frenchware Plastic Colander Bowl, Food-Grade Plastic, BPA-Free, Dishwasher-Safe - Blue & Red","1 pc","Kitchen Tools","Frenchware",,,180.24403156692716,399,,4.5795,54.95443057398659,0.007623617091469002,0.00642,0.02214,0.03869,0,166.85215580574632
"2026-04-01","b73c0a83-089e-475c-86d4-f279eeb35493",,"Embassy Premium Chopping Board, Heavy-Duty Thick Cutting Board, 36X25 Cms (Large), Stainless Steel","1 pc","Kitchen Tools","Embassy",,,665.8333333333333,1500,,2.61976,55.47083333333333,0.007816422171704376,0.00712,,,,682.6144471526701
"2026-04-01","100c2d0d-e153-40d1-b9b8-31c4ae263c2b",,"Petals Steel Manual Self Press Semi Auto Whisk-Rawai-Madhani-Hand Mixer-Blender Tool","1 pc","Kitchen Tools","Petals",,,153.85299951997126,199,,33.92068,22.80552712074766,0.04753878485522409,0.07327,0.01121,0.01958,0,153.18327344654935
"2026-04-01","e3fcaf24-9873-4954-b759-ce59af3a7d6a",,"Anjali Chopping Board Oval | Set of 2 | 26 x 30 cm | Plastic","1 pc","Kitchen Tools","Anjali",,,294.3064155394257,395,,61.00201,25.571694703173733,0.01250089082834205,0.01839,0.0269,0.04699,0,290.22347646266377
"2026-04-01","4e2fcb5b-4758-4e40-b716-3baedc20b11a",,"Godrej Cartini Versatile Stainless Steel Kitchen Scissors (Black, 1 Piece)","1 pc","Kitchen Tools","Godrej Cartini",,,159,165,,0.00998,3.6363636363636362,0.00028660214629582713,0.00055,,,,159
"2026-04-01","52224144-991f-4d8d-a865-49573b7b9dbf",,"Vesta Homes Round Wooden 360 Degree Rotating Cake Stand, Dessert Platter|Dia-10.5 Inch, H- 3 Inch","1 pc","Kitchen Tools","Vesta Homes",,,827.5232464084424,1899,,72.04931,56.4233748045904,0.2765154877289189,0.24125,0.02101,0.03671,0,827.1956960909283
"2026-04-01","4fda8a6d-ecdd-4238-a0b2-1b3832f64236",,"Tramontina Ultracorte Stainless Steel Fruit Knife/,12cm/4.7 inch | Black | Wavy/Serrated Edge | Antimicrobial |Polypropylene Handle |Dishwasher Safe | 5 Year Warranty | Made in Brazil","1 pc","Kitchen Tools","Tramontina",,,,,,0,,0,0,,,,
"2026-04-01","ea944cf2-4ec4-4026-964b-0eae608e2c49",,"All Time Elite Measuring Jug 1000 ml- Natural & Grey","1 pc","Kitchen Tools","All  Time",,,239,420,,0.02404,43.095238095238095,0,0,,,,239
"2026-04-01","bca6f66b-b981-4d82-9275-d80f39d69b13",,"KVG 3 Pcs Knife & 1 Peeler Set","1 set (4 pcs)","Kitchen Tools","Kvg",,,121.03294129796949,149,,13.46901,18.711681663461356,0.026805290799102027,0.04362,0.06307,0.09469,0.02074,121.1606423021912
"2026-04-01","48881d04-0b49-4132-b4ce-2a26dc781b73",,"Ambition Transparent Chopper | 1100 ml With Surgical Blade - Assorted","1 pc","Kitchen Tools","Ambition",,,267.5884657971793,479,,7.76024,43.78983152692127,0.0629421737833257,0.07184,0.12522,0.06567,0.20492,273.555444865376
"2026-04-01","e97e41ff-aa10-4712-b36c-23618655093b",,"Petals Stainless Steel Sink Drainer/Strainer/Sink Jali/Filter | 9 cm diameter","1 pc","Kitchen Tools","Petals",,,,,,0,,0,0,,,,
"2026-04-01","df5e3a7f-c90f-46b9-a41c-a7b8eae0d5cc",,"Crystal Plastic Apple Cutter, Assorted Color","1 pc","Kitchen Tools","Crystal Cookware",,,96.43546667301622,135,,66.0885,29.068484178971097,0.06751808102091192,0.09543,0.06875,0.12012,0,95.71203177902578
"2026-04-01","82658748-5ed9-474e-9631-820081f3da92",,"Sanjeev Kapoor by Oggn Wooden Printed Tray Yellow | 14x9 in","1 pc","Kitchen Tools","OGGN",,,624.5517728249577,1199,,80.71546,47.94782159798342,0.3651921024738231,0.38021,0.11552,0.10506,0.12952,623.4693767267368
"2026-04-01","5abff2ad-4483-48b6-8555-fcb9ee124e2b",,"BAY6 Steel Slotted Turner","1 pc","Kitchen Tools","BAY6",,,,,,0,,0,0,,,,
"2026-04-01","b56d72ea-4b1b-42df-bb71-f5ca6c88e80a",,"Anjali 4 Pieces Kitchen Set","1 set (4 pcs)","Kitchen Tools","Anjali",,,,,,0,,0,0,,,,
"2026-04-01","1c9bfd57-0fd8-4f93-ab63-5e2f88cbcecd",,"Capsicum Steel Oil Dispenser 1000Ml","1 pc","Kitchen Tools","Capsicum",,,222.69478253605615,799,,38.63149,72.12408008262099,0.10128537219921577,0.05627,0.36073,0.62849,0.00234,222.5929914218046
"2026-04-01","9c5ca3af-65c4-42a0-8fe1-d7e8509751a8",,"Stehlen Melamine Eco Tray Medium- Flora","1 pc","Kitchen Tools","stehlen",,,,,,0,,0,0,,,,
"2026-04-01","47550caf-f6c5-445d-910d-3dede0f8a053",,"BAY6 Steel Cooking and Serving Ladle","1 pc","Kitchen Tools","BAY6",,,101.33022186147187,221.13888795,,29.33526,54.25628957556994,0.06266825161077506,0.0569,0.00262,0.00458,0,101.41316266137684
"2026-04-01","2df3ba66-86d9-4759-bf6a-5e3794006601",,"Crystal Tornado Hand Beater/ Blender (Colour May Vary)","1 pc","Kitchen Tools","Crystal Cookware",,,240.7663647188013,299,,79.39163,19.494523084525298,0.04952676156089423,0.07945,0.17254,0.30144,0,239.78832774242468
"2026-04-01","942fcf61-e9d0-47d4-9a82-be5c8c33ddb0",,"Sanjeev Kapoor by OGGN Wooden Cutting,Serving Board for Vegetables,Fruits With Handle - 11x8 Inch","1 pc","Kitchen Tools","OGGN",,,181.45681133876772,449,,34.5264,59.31691802801805,0.24290956224389307,0.19804,0.20652,0.03306,0.4387,182.82244176636345
"2026-04-01","71c70d7d-8fa3-4735-8352-89ee9fa09d13",,"Sanjeev Kapoor by OGGN Wooden Fry Spetula Tavetha Spoon Set | Serving Spoon Set of 3","1 pack (3 pcs)","Kitchen Tools","OGGN",,,91.87478354978354,199,,10.07379,54.15890257496409,0.030151935376484872,0.02725,0.13152,0.03507,0.26062,29.962966210167668
"2026-04-01","fb986886-6e13-4d99-96be-f89b207cd307",,"Greenchef Carbon Knife 6 Pcs Set - Elite Edge","1 set  (6 pcs)","Kitchen Tools","Greenchef",,,942.0716483516483,1999,,14.51745,52.80151977150644,0.03697931959606292,0.03607,0.00324,0.00566,0,968.0015381134884
"2026-04-01","212a2387-256d-4594-b086-a3a65ed03716",,"New Dawn Big Size Chalni For Kitchen, Colander For Kitchen, Rice Drainer, Rice Strainer, And Sieve","1 pc","Kitchen Tools","New Dawn",,,390.8333333333333,600,,1.91874,34.875,0.006253137737363502,0.00814,0.00804,0.01405,0,390.1730875068795
"2026-04-01","798ff39b-948e-4338-8fd0-38137ed3fe8c",,"Bombay Kookware Manual Ice Cream Maker | 8 Popsicles Pink Colour Base","1 set","Kitchen Tools","Bombay Kookware",,,92,315,,1.33105,71.24782777136043,0.03322344189342372,0.01908,0.01098,0.00005,0.0256,90.3183412527901
"2026-04-01","333b5799-74d6-4dd4-ab0b-114629d30e24",,"Judge by Prestige Stainless Steel Skimmer 1.5(32cm)","1 pc","Kitchen Tools","Judge by Prestige",,,199,260,,22.58053,23.461538461538456,0.004136798009806921,0.00634,0,0,0,198.99999999999997
"2026-04-01","c3cdd9fd-8522-4662-aa52-a198b1fc353f",,"Fackelmann Stainless Steel Sink Strainer, 6.3 Cm | Long-Lasting Construction | Easy To Use & Clean","1 pc","Kitchen Tools","Fackelmann India",,,39.16326493930906,47.5145557,,7.43332,17.771044204086532,0.008811713261568066,0.01436,0.04128,0.07212,0,39.33702623860193
"2026-04-01","73c64115-7bbc-4470-8c74-332baf28f0b0",,"Crystal Stainless Steel Fine Grater, Multicolour","1 pc","Kitchen Tools","Crystal Cookware brand",,,113.68229758806227,150,,81.5173,24.410761056195604,0.18431384028284642,0.27908,0.57195,0.5022,0.66531,113.35510365819047
"2026-04-01","ec494c5b-1044-4a18-a0c3-f0b807455950",,"Anjali Assorted Peeler 1 pc & 3 Pcs Vibgyor Kitchen set(Peeler, Lighter and Knife) 1 pc Combo","2 Combo","Kitchen Tools","Anjali",,,202.05362172219316,360,,2.28973,43.87399396605746,0,0,0.0109,0.01717,0.0025,202.05362172219316
"2026-04-01","1e056286-ebaf-4a22-89ef-cf0b9f0ce9ae",,"Sanjeev Kapoor by OGGN Wooden Cutting,Serving Board for Vegetables,Fruits With SS Hndl - 12x9 Inch","1 pc","Kitchen Tools","OGGN",,,302.1159547330061,599,,41.55748,49.675246617694384,0.16575487487489252,0.16694,0.14983,0.03999,0.29685,301.08587004818264
"2026-04-01","0abb6f40-40b8-4925-8f9f-37a0c2f119f2",,"Capsicum Multi-Purpose Fruit & Vegetable Classy Knife Set (Multi color, Set of 5)","1 pack (5 pcs)","Kitchen Tools","Capsicum",,,159.68010002817692,299,,8.01393,46.46071585442739,0.0085176420896415,0.00888,0.15881,0.27745,0,32.33860806008665
"2026-04-01","8d409c34-b689-4a57-8ec1-979bf554753b",,"Bathla Stainless Steel Chopping Board - Extra Large (31cm x 50 cm - 1.5mm Thick)","1 pc","Kitchen Tools","Bathla",,,1299,2099,,20.81586,38.113387327298724,0.04192815702037469,0.05197,0.00226,0.00396,0,1299.0000000000002
"2026-04-01","dfa258c7-b129-4edf-a374-bf3dbc974e51",,"2Mech Plastic Cooking Oil Dispenser| 1000 ml | Set Of 2","1 set  (2 pcs)","Kitchen Tools","2mech",,,195.14930754933738,499,,32.92119,60.914969254635196,0.09490995087943274,0.07294,0.02947,0.01539,0.04831,97.32688984778629
"2026-04-01","9a105bde-7073-4b45-96db-aef5eb8441d4",,"All-Time Colander 21cm (Colour May Vary)","1 pc","Kitchen Tools","All  Time",,,119,215,,0.01238,44.651162790697676,0.0007469025630739738,0.00083,,,,119
"2026-04-01","a2e2058f-7259-4646-a284-e303ccb186e7",,"Lumivolt Automatic Wireless Water Can Dispenser Pump for 20 Litre Bottle Can, White/Black","1 pc","Kitchen Tools","lumivolt",,,358.1245421877667,799,,8.51512,54.975181237208794,0.1266411509311429,0.11438,0.05609,0.098,0,362.4285896760617
"2026-04-01","19750f0e-f280-48f1-8f3b-655055de97dd",,"Ds Mithai Cutter With Big Handle, Stainless Steel Blades For Kaju Katli & Shankar Peda","1 pc","Kitchen Tools","Hazel",,,,,,0,,0,0,0,0,0,
"2026-04-01","42908766-319a-47af-bcdf-ab974aa0f0a2",,"All Time Easy Chop Chopping Board |390 x 210mm (Colour May Vary)","1 pc","Kitchen Tools","All  Time",,,169.59423076923076,295,,7.00266,42.51043024771838,0.0005124098979228424,0.00059,,,,169.59992256066081
"2026-04-01","dd1f66cb-4845-4410-bcfe-97364da5c1b7",,"Femora Premium Virgin Silicone Ladle With Grip Handle Black","1 pc","Kitchen Tools","Femora",,,172.26530612244898,300,,14.06238,42.60606060606061,0.014074770857182346,0.01618,0.00175,0.00305,0,172.1614322375657
"2026-04-01","44cda1ca-9b35-4c5f-9984-446ca81e016c",,"KVG Stainlless Steel Khamni","1 pc","Kitchen Tools","Kvg",,,108.45404711029711,139,,47.44238,21.963940810928168,0.06611928884871779,0.10349,0.29491,0.30086,0.28696,108.57391626936202
"2026-04-01","8acf84c3-becc-49e4-a9be-226c9f400471",,"Tramontina Polywood Stainless Steel Cleaver Knife/,15.2cm/6 inch | Straight/Plain Edge Knife | Treated Brazilian Polywood Handle |Impact Resistant | Heat Resistant |Dishwasher Safe | 5 Year Warranty","1 pc","Kitchen Tools","Tramontina",,,1208.3037083398528,1395,,20.62552,13.713396554244515,0.09120514046831533,0.15416,0.0562,0.09819,0,1177.6656519465655
"2026-04-01","f6dbc744-913c-4ca3-a7cf-27dde39788da",,"KVG Stainless Steel Whisk Hand Beater Durable Kitchen Whisk","1 pc","Kitchen Tools","Kvg",,,48.77964128065444,65.06223586206896,,55.21817,25.852835943343756,0.24848301864885927,0.36912,0.14793,0.21452,0.0588,48.2457141180378
"2026-04-01","180aa5ff-b78b-41ff-983d-53a01a9f43fd",,"Crystal - Cl414 Stainless Steel Utility Knife, Multicolour","1 pc","Kitchen Tools","Crystal Cookware brand",,,143.27753591726605,185,,33.37152,22.726790223342075,0.04213138399683901,0.06491,0.05606,0.09795,0,142.45543357082357
"2026-04-01","7c5776f9-0d60-4c8c-8d7f-ef51fdb41d62",,"Nirosta Vegetable Knife Mega Plain Blade 18 cm Black","1 pc","Kitchen Tools","Nirosta",,,139.98185694542755,199,,10.76993,29.165239917159507,0.003916374904564857,0.0058,0.00355,0.00621,0,142.33451530724057
"2026-04-01","2486cd0a-ccc3-4350-8c97-3e424d6003dc",,"Vinayak Stainless Steel Tong/Pakad (1 Unit)","1 pc","Kitchen Tools","Vinayak",,,113.76190476190476,139,,6.13893,18.15690304898938,0.00048288119194084814,0.00076,,,,109.33670033670033
"2026-04-01","dd32b7d5-d6b2-445b-ab81-0ef8264c1798",,"Petals Wooden Chakla Chapati Maker Polpat Cutting Board | 26 Cm/10 Inch","1 pc","Kitchen Tools","Petals",,,247.72005474234984,345.2903225806452,,17.32026,28.25745798754816,0.004797719928992146,0.00711,,,,254.79888588426988
"2026-04-01","b4564c42-2df5-4ea1-96c9-2f2d89189a49",,"Petals General All Purpose Household Scissor| Colour May Vary - 14 cm","1 pc","Kitchen Tools","Petals",,,84.93853868464853,128.78086765625,,46.23311,34.13600472527567,0.02518555442685439,0.03308,0.1018,0.00595,0.2301,84.86192712800512
"2026-04-01","924fcedb-0f86-4848-8a7a-e693183dc57d",,"Bathla Stainless Steel Chopping Board - Medium (20 cm x 30 cm - 1.5mm Thick)","1 pc","Kitchen Tools","Bathla",,,599,999,,1.26874,40.04004004004004,0.0017352457221183715,0.00208,,,,599
"2026-04-01","598081d8-6498-46ef-9e4f-a7b3e70392d1",,"Frenchware Non-Stick Silicone Spatula & Brush - Heat-Resistant, Food-Grade & BPA-Free - Black","1 set","Kitchen Tools","Frenchware",,,1873.1681768756798,3299,,65.91316,43.18736303641501,0.0242394199475372,0.02783,0.0254,0.04438,0,1890.9604613067218
"2026-04-01","f7e7aa04-808b-4c82-8a11-e4a0591ca01b",,"Rusabl Premium Stainless Steel Chopping Board - Food Grade, Anti-Rust, BIS Certified | 40 x 25 cm","1 pc","Kitchen Tools","Rusabl",,,503.74649003562695,1299,,36.58838,61.56171026115148,0.10042956082054941,0.07236,0.03351,0.04592,0.01689,467.16184478810186
"2026-04-01","c7417d5e-4d31-4cef-8eb5-a90059b58b7c",,"BAY6 Steel Pipe Handle Tea Strainer","1 pc","Kitchen Tools","BAY6",,,119,301.63157894736844,,4.39418,60.54196203978962,0.0036355048011949467,0.0029,0.01411,0.02465,0,119
"2026-04-01","81540e90-ade0-4bc0-ac9b-87f88ac1ffdf",,"Fackelmann Arcadalina Tea Strainer 10 Cm - Strainer For Kitchen, High-Grade Stainless Steel Mesh","1 pc","Kitchen Tools","Fackelmann India",,,181.3396021251698,219.61566333333334,,62.56934,17.537005853263476,0.40483994859930583,0.66995,0.38272,0.66866,0,181.08514552728684
"2026-04-01","120be017-3e22-43b8-a195-1e2106afa30f",,"Crystal Stainless Steel Rice Server Silver Standard","1 pc","Kitchen Tools","Crystal Cookware",,,131.17512750697077,145,,70.73666,9.470242807755511,0.019325669573862864,0.03512,0.02589,0.04523,0,131.56270747850743
"2026-04-01","1232fb1e-c1b2-4451-a69d-5a90e77703a4",,"Petals Ss Fruit Basket-colander-rice Vegetable Strainer Drainer | 25 cm-10 Inch","1 pc","Kitchen Tools","Petals",,,529,769,,0.05481,31.209362808842652,0.0013357397000090367,0.00184,,,,529
"2026-04-01","e80cc95c-9c01-4651-b134-f3fd60a98120",,"Crystal Stainless Steel Pizza Cutter, Multicolour","1 pc","Kitchen Tools","Crystal Cookware brand",,,128.87626845538492,170,,75.52574,24.16992329854453,0.1458511374568645,0.22153,0.09755,0.17043,0,128.91886903524085
"2026-04-01","b3e2d575-2768-4307-aba9-97fc2e819f57",,"Scooper Pack of 3","1 pack (3 pcs)","Kitchen Tools","Kvg",,,,,,0,,0,0,,,,
"2026-04-01","c54616df-5f51-4705-b038-221502895f2c",,"Bombay Kookware Stainless Steel Filter Coffee Maker","1 pc","Kitchen Tools","Bombay Kookware",,,252.94449348465741,799,,69.37247,68.4459434415986,0.6701357439429602,0.42286,0.03098,0.02756,0.03555,252.03367811649682
"2026-04-01","a7ca6139-56be-4b41-a927-febd204c6dca",,"Jensons Stainless Steel Khalbata No. 2","1 pc","Kitchen Tools","Jensons",,,209,450,,2.26351,53.55555555555556,0.001039584148836682,0.00097,,,,209
"2026-04-01","ce0c7886-12e6-4c7e-983c-882a6e47e3f3",,"Signoraware Borosilicate Glass Oil Dispenser | 500 ml | Clear | Oil Bottle, Kitchen Oil Dispenser","1 pc","Kitchen Tools","Signoraware",,,342.38235294117646,460,,7.10693,26.018306636155607,0.006655770328341518,0.00938,,,,323.7919602154994
"2026-04-01","d55438fc-3a28-49ac-8e2e-ed2fc059b689",,"Signoraware Water Dispenser | 16 L | Blue | Water Storage Dispenser","1 pc","Kitchen Tools","Signoraware",,,783.8571528505763,1050,,49.01444,25.314280963170393,0.3221981328657688,0.48039,1.07427,1.10656,1.03105,781.4970943765948
"2026-04-01","b9ebe249-34e2-4abc-b07e-87b459ed2720",,"Petals Bamboo Thick Wooden Chopping Cutting Slicing Board - 32cm Length x 22cm Breadth","1 pc","Kitchen Tools","Petals",,,337.57142857142856,469.04761904761904,,6.77846,28.044650696099335,0.007937489866230553,0.01148,,,,339.42509206021066
"2026-04-01","ed6e997f-074f-442f-992f-217506d57b59",,"Ice Cube tray with Removable lid Plastic (Pack of 3) (Blue)","1 pack (3 pcs)","Kitchen Tools","Bombay Kookware",,,98.97721797487253,265,,46.03137,62.64836489901658,1.4585443772400366,1.091,2.26592,0.79179,4.23904,32.99391578139758
"2026-04-01","88aebb6e-043e-41a7-bb45-b3dc6c927c41",,"Habitat Statement | Ultra Sharp | 8"" Chef Knife With Bakelite Handle","1 pc","Kitchen Tools","Habitat",,,483.7052898550725,599,,7.59701,19.247864798819283,0.0020809052803781873,0.00337,,,,440.7249629526073
"2026-04-01","fdd8dd12-bf8a-40d8-93e2-44c85c29ea5d",,"Anjali S.S Table Ring","1 pc","Kitchen Tools","Anjali",,,,,,0,,0,0,,,,
"2026-04-01","479977fc-fc70-43a6-967e-d51027782561",,"Anjali SS Jara 4","1 pc","Kitchen Tools","Anjali",,,151.67857142857142,205,,11.1254,25.948116543840836,0.007495601466123532,0.01112,,,,151.85038900236384
"2026-04-01","8aeaacec-868e-430d-a710-e5d141eb091f",,"Signoraware Glass Oil Dispenser & Pourer | 1000 ml | Clear | Oil Pourer Bottle","1 pc","Kitchen Tools","Signoraware",,,514.2722222222222,580,,4.40703,11.145199459093975,0.006044699812784718,0.011,,,,523.4210851387305
"2026-04-01","572aa62c-d9ae-4a95-8bf9-51a088c60049",,"Capsicum Automatic Wireless Water Can Dispenser Pump for 20 Litre Bottle Can","1 pc","Kitchen Tools","Capsicum",,,236.1064330783153,699,,32.99704,66.30439698578486,1.5047038241293604,1.01525,0.82844,1.42513,0.02977,235.47530963782617
"2026-04-01","c38bcf4a-5d39-49a9-b1c5-734dffa5081e",,"Mastercool New Gelato Kulfi With 4 Cones (Colour May Vary)","1 set","Kitchen Tools","Mastercool",,,,,,0,,0,0,,,,
"2026-04-01","d77e6d39-b6dc-4f86-9de1-2d0779460309",,"Spine Silicone Cake Mould Round -8''","1 pc","Kitchen Tools","Spine",,,,,,0,,0,0,,,,
"2026-04-01","cb2e67b0-71a2-4210-926a-7fe2559051b7",,"Petals 4 Sided Non Slip Dual Colour Square Kitchen Grater Slicer | 22cm","1 pc","Kitchen Tools","Petals",,,304.8333333333333,429,,1.93384,28.943278943278944,0.0007451655803691505,0.0009,,,,261.43362831858406
"2026-04-01","795422fe-91a4-4e73-8af3-cbb433fb8035",,"OGGN Wooden Mortar & Pestle | Okhali | 3.5 x 3.5","1 pc","Kitchen Tools","OGGN",,,122.24988870156213,299,,32.8939,59.05105519392925,0.1082082904675591,0.08881,0.01184,0.02069,0,122.49494478015089
"2026-04-01","8f5b75e0-ce4b-4744-87a2-b4fcb0571b75",,"Proclean Big Rectangle Chopping Board","1 pc","Kitchen Tools","Pro Clean",,,121.07792207792208,280,,31.9521,57.09470259162004,0.06998164359116264,0.05997,0.03356,0.03436,0.03248,119.80661322645292
"2026-04-01","9fe1e5ab-52c2-4e11-a78f-a4db7254cf07",,"KVG Apple Cutter | Fruite Cutter | Fruite Slicer | Apple Slicer","1 pc","Kitchen Tools","Kvg",,,59.29116451339141,89,,30.78798,33.25541600880124,0.018821944589464137,0.02509,0.0837,0.14624,0,59.54964819794404
"2026-04-01","217eb9a5-0f8c-4618-b204-3fccd66fce2b",,"Tramontina Plenus Stainless Steel Vegetable and Fruit Knife/Chaku, 7cm/2.7 inch | Black | Straight/Plain Edge Knife | Polypropylene Handle | Dishwasher Safe | 5 Year Warranty | Made in Brazil","1 pc","Kitchen Tools","Tramontina",,,,,,0,,0,0,,,,
"2026-04-01","da35a756-c4d3-46ee-bf15-218891a380df",,"Fackelmann Stainless Steel Arcadalina Slotted Turner, 34.5 Cm","1 pc","Kitchen Tools","Fackelmann India",,,,,,0,,0,0,,,,
"2026-04-01","235d823c-3912-427a-8aba-bc4b8c8ad859",,"Silicone Trivate Multi Color 6 Pc Set","1 pack (6 pcs)","Kitchen Tools","Spine",,,588.6052748010201,2125,,36.4417,72.38694713442898,0.062490037185260215,0.03439,0.00963,0.01683,0,96.61204638619326
"2026-04-01","026a40c7-41e5-4fee-8704-69be5d0007d6",,"Java 420 Grade Stainless Steel Knife 3 Pcs Set | Strainght Blade","1 pack (3 pcs)","Kitchen Tools","Java",,,,,,0,,0,0,0.00006,0.0001,0,
"2026-04-01","125b92eb-3882-431e-ae2a-a6d389536b3a",,"Crystal Stainless Steel Knife Cum Scissor Sharpener (Colour May Vary)","1 pc","Kitchen Tools","Crystal Cookware",,,245.19835337280585,275,,60.63622,10.307965945625876,0.17870998668054583,0.32196,0.9918,0.18429,2.07265,247.42091756059534
"2026-04-01","06449170-09a0-41b3-9298-347ded7f7728",,"Honeycomb Shape 37 Grid Flexible Silicone Ice Cube Tray","1 pack","Kitchen Tools","Bombay Kookware",,,84.84120355552035,150,,77.82113,43.51763938094996,3.1706757231087845,3.58715,4.17341,2.11619,6.92701,84.72319185737649
"2026-04-01","b9b4f536-1823-4b76-ac2c-020f4137d2f6",,"Anjali Olive Slicer","1 pc","Kitchen Tools","Anjali",,,129,175,,3.4261,26.285714285714285,0.0009119159200321773,0.00135,,,,129
"2026-04-01","1cbaabbd-7ed2-4dcb-8945-2630f48e3279",,"Jensons S.s Ovel Ultra Peeler","1 pc","Kitchen Tools","Jensons",,,49,80,,1.50024,38.75,0.009296331436213738,0.0114,0.01578,0.00911,0.02469,49
"2026-04-01","bd345d11-c8cf-49d2-af1e-fb4a212835d1",,"Princeware Dura Pour Stainless Steel Oil Bottle, Pot 500 ml","1 pc","Kitchen Tools","Princeware",,,,,,0,,0,0,,,,
"2026-04-01","a54bf0f1-5c49-4c90-ae6d-a92b71e0ac54",,"Crystal - Mka102 Stainless Steel Ice-Cream Scoop Multicolour","1 pc","Kitchen Tools","Crystal Cookware brand",,,132.70354989972216,185,,10.16714,28.258485707179272,0.025922556188510873,0.03712,0.00973,0.017,0,132.4794468353154
"2026-04-01","2da2fb3d-0fdc-4066-bd66-bbb1b8523ec6",,"Wonderchef Ambrosia Vegetable Chopping Board | 16 Inch X 10 Inch | 6Mm Thickness","1 pc","Kitchen Tools","Wonderchef",,,299.00166080055214,800,,55.31295,62.6247983626359,0.06864555649461265,0.05185,0.02757,0.04817,0,299.00000879306464
"2026-04-01","67b6df6d-97bd-4c49-96ea-9d53dd5e70b2",,"Fackelmann Multipurpose Stainless Steel Colander | 24 cm Easy grip handles Dishwasher Safe","1 pc","Kitchen Tools","Fackelmann India",,,186.5,249,,0.85265,25.100401606425702,0.0007396072357137163,0.00111,,,,186.55392381826525
"2026-04-01","1456d435-be80-4ae3-8d0b-14c01ae5d6f1",,"Jensons Stainless Steel Laddle Length 30cm","1 pc","Kitchen Tools","Jensons",,,89.00093305252604,130,,38.69863,31.53749517663635,0.056838069162036035,0.07795,0.11661,0.02758,0.23577,89.00184562441159
"2026-04-01","724d6d99-6936-4dbf-b357-d04ab26fad53",,"Lushomes Pot Holder - Black | Buffalo Checks | Microwave Hand Gloves | 9 x 8 inch","1 set (2 pcs)","Kitchen Tools","Lushomes",,,179,499,,1.11045,64.12825651302605,0,0,,,,179
"2026-04-01","30355c91-8756-4dfc-8ae1-aa74940eec0b",,"Oggn Wooden Printed Tray Yellow 10x10","1 pc","Kitchen Tools","OGGN",,,,,,0,,0,0,,,,
"2026-04-01","554f19ff-05b5-4fe7-a16c-405fd01289af",,"Sanjeev Kapoor by Oggn Mixwood Circolo Chopping Board 17.5x12","1 pc","Kitchen Tools","OGGN",,,416,1999,,0.98349,79.1895947973987,0.013888913707766265,0.00578,,,,415.5016213519581
"2026-04-01","394d8181-62cf-4ec7-a019-c076bd44942b",,"Habitat Daimond Specialty Professional Stainless Steel Skimmer | Kitchen Tool |Ergonomic Handle","1 pc","Kitchen Tools","Habitat",,,150.18057020569537,199,,69.08792,25.247658336616954,0.03325297059940572,0.04746,0.02804,0.01072,0.05122,142.3655070927231
"2026-04-01","c49bb813-0953-40ec-b596-f870b9fbfd36",,"Oggn Vintage Printed Wooden Brown Rectangle Tray 14x9","1 pc","Kitchen Tools","OGGN",,,,,,0,,0,0,,,,
"2026-04-01","628d5a2e-28ca-45e6-aa17-c2cf25e25f0e",,"Lushomes Pot Holder - Blue | Buffalo Checks | Microwave Hand Gloves | 9 x 8 inch","1 set (2 pcs)","Kitchen Tools","Lushomes",,,,,,0,,0,0,,,,
"2026-04-01","9d15696f-b3f1-40ac-8847-d51d6d5f65bb",,"KVG Stainless Steel Juice Strainer","1 pc","Kitchen Tools","Kvg",,,,,,0,,0,0,,,,
"2026-04-01","16db7447-296a-4790-a66c-cceeb914c38e",,"Soham Housewares Chopping Board Wodden","1 pc","Kitchen Tools","Soham Housewares",,,,,,0,,0,0,,,,
"2026-04-01","e465407b-5124-4bce-9737-4d9ab702d2bf",,"Habitat Solution | Ultra Sharp 3.5"" Paring Knife | Light Weight And Strong","1 pc","Kitchen Tools","Habitat",,,192.31578947368422,279,,12.72794,31.226461437694454,0.007904139798297948,0.0113,0.00739,0.00978,0.0042,199.04325089879072
"2026-04-01","2a33e1a2-f1f3-4487-9947-d632d1c0c477",,"Jensons Stainless Steel Dosa Ladle","1 pc","Kitchen Tools","Jensons",,,72.29532335227339,100,,64.21627,28.449375902877062,0.02178523708389251,0.031,0.07789,0.03631,0.13353,70.4848486134794
"2026-04-01","c774a94c-e1ca-49a0-8199-891ba5fb9524",,"Urbanfix Acacia Wooden Chopping | Serving and Cutting Board | Plate for Pizza | Vegetables","1 pc","Kitchen Tools","UrbanFix",,,520.8055284338448,3499,,26.9212,85.10797289111154,0.11875820232184374,0.03522,0.02011,0.03514,0,528.4053684546949
"2026-04-01","467c616f-ad2c-4d04-9314-b644853dff50",,"Kuber Industries Multiuses 25cm Stainless Steel Kitchen Utensil Wire Whisk | Egg Beater (Silver)","1 pc","Kitchen Tools","Kuber Industries",,,69,99,,16.31087,30.303030303030315,0.014293804376260556,0.01995,0.00743,0.01298,0,68.99999999999999
"2026-04-01","9d58c0d5-02be-4f7b-b862-700044fbf2e9",,"Fackelmann Bamboo Rice Spoon | Ideal For Serving Rice, Curries & Vegetables","1 pc","Kitchen Tools","Fackelmann India",,,126.28876395733204,217.71883621621623,,30.62498,41.16244405913763,0.07475556685709872,0.08517,0.1255,0.21925,0,126.18075443366523
"2026-04-01","0fb10ab8-d603-41e2-a71a-46c08c779859",,"Godrej Cartini Utility Knife Small - Black","1 pc","Kitchen Tools","Godrej Cartini",,,,,,0,,0,0,,,,
"2026-04-01","8dce7dd1-31d0-4144-8330-43cf28a94163",,"Oggn Brown Shisham Wood Chakla 10 Inch","1 pc","Kitchen Tools","OGGN",,,489.6384605436671,1099,,20.63725,55.41087641899988,0.10306386879068426,0.09187,0.00128,0.00224,0,488.72581823668577
"2026-04-01","36e3712d-bd99-47cf-bf04-3c6e54e13a68",,"Crystal Stainless Steel Deep Ladle Silver Standard - 24.5 Cm","1 pc","Kitchen Tools","Crystal Cookware",,,108.6649586993207,140,,56.96689,22.42982375413512,0.031367475873320144,0.04862,0.06975,0.01544,0.14246,108.3838967692082
"2026-04-01","8fdaed9b-749c-43b1-abd6-b61edace22a4",,"Bathla Stainless Steel Chopping Board - Extra Large (31 cm x 50 cm - 2mm Thick)","1 pc","Kitchen Tools","Bathla",,,1513.2857142857142,2366.8571428571427,,0.01704,36.06349589570256,0.012674762797094851,0.0153,,,,1456.9591836734694
"2026-04-01","55b2d048-45d0-4b6b-b840-6e86c7645c53",,"Signoraware Water Dispenser | 6.5 L | Blue | Water Storage Container","1 pc","Kitchen Tools","Signoraware",,,405,540,,3.53518,25,0.011255647927254302,0.01691,0,0,0,405
"2026-04-01","404eb30e-3115-4fa4-ab7c-f6eccbafbbe2",,"Signoraware Easy Flow Steel Oil Dispenser 650 ml | Food Grade Stainless Steel - Assorted","1 pc","Kitchen Tools","Signoraware",,,273.54207945696487,339,,41.4737,19.334276512427785,0.058424802862892006,0.09446,0.00344,0.00602,0,273.39665391507083
"2026-04-01","0dc34a2c-d505-456c-94f9-6921c4301b92",,"KVG Stainless Steel Atta Chalni | Wheat Sieve","1 pc","Kitchen Tools","Kvg",,,151.85006072672758,199,,43.46115,24.142099896236846,0.3450681156488234,0.52373,0.71153,0.66111,0.77901,150.85058136252343
"2026-04-01","1ca3c61a-6302-447f-960d-5bf360c22288",,"Kuber Industries Plastic 2 in 1 Vegetable Multi Cutter & Peeler with 5 Blade| Assorted","1 pack (2 pcs)","Kitchen Tools","Kuber Industries",,,199,398,,1.47783,50,0.0006913191165196315,0.00069,,,,99.5
"2026-04-01","9f89fe82-1cac-4869-a051-7300b47b60a6",,"Agaro Delux Silicone Spatula Set of 6 , Cooking and Mixing, For Non-Stick Cookware","1 set","Kitchen Tools","Agaro",,,492.2326913753858,899,,70.76741,45.2958595048902,0.2540477901403013,0.27679,0.26863,0.46933,0,490.2607807026958
"2026-04-01","c1709cf3-78ba-4393-a787-454d26305bc6",,"Java Rapid Stainless Steel 420 Grade Peeler 3 Pcs Set | Serrated & Julienne Blade","1 pc","Kitchen Tools","Java",,,,,,0,,0,0,,,,
"2026-04-01","d13a099e-aa41-4cbb-80c7-6dc509936c49",,"Sanjeev Kapoor by OGGN Wooden Spetula Tavetha Spoon Set | Serving Spoon Set of 3","1 pack (3 pcs)","Kitchen Tools","OGGN",,,85.73258563267828,199,,16.61232,56.76622780297493,0.06428277703490823,0.05556,0.00622,0.01087,0,28.706827490992104
"2026-04-01","d3fe7b0c-21c1-4ce5-aab1-44420d192c25",,"Femora Acacia Chopping Board Cutting Board Oval Shape 15 X 11 Inch (39 X 28 Cm)","1 pc","Kitchen Tools","Femora",,,407.45473854287354,590,,29.46642,30.97919944987942,0.025835707053269714,0.03589,0.00291,0.0012,0.00521,404.7612128159426
"2026-04-01","258e4f6d-9e84-49c3-99fe-d8963990494e",,"Habitat Diamond Pro Peeler | Effortless Peeling | Ultra Sharp To Peel Along Fruits And Vegetables","1 pc","Kitchen Tools","Habitat",,,146.3193645235561,199,,8.56948,26.357802776434152,0.04172475634563989,0.06138,0.24236,0.19028,0.31207,146.8343261471432
"2026-04-01","50364883-ef64-43d9-be06-c1ddb849ff46",,"Sanjeev Kapoor by OGGN Wooden Cutting,Serving Board | Vegetables,Fruits With SS Handle - 15x10 Inch","1 pc","Kitchen Tools","OGGN",,,401.23550177967405,899,,39.81535,55.386465007844436,0.39964723880323694,0.35704,0.26547,0.10441,0.48104,400.9814643739992
"2026-04-01","82a3934f-d90f-45e6-b37b-69d3295e3e02",,"BAY6 Steel Oil Dispenser - 900 ml","1 pc","Kitchen Tools","BAY6",,,399,1099,,4.62301,63.69426751592356,0.04963254380761797,0.03609,,,,399
"2026-04-01","bcdfe2d6-2bca-48cf-a2c8-a9910e9c58cf",,"Anjali Scraper Large","1 pc","Kitchen Tools","Anjali",,,142.63636363636363,225,,2.2551,36.90534979423868,0.003126568868681751,0.0039,,,,140.27062706270627
"2026-04-01","5c4e4232-905b-4927-b2d9-9c26455f068b",,"Petals Comfort Handle Superior Razor Sharp Blades Stainless Steel Cheese | Grater Slicer","1 pc","Kitchen Tools","Petals",,,313.7877358490566,449,,11.05724,29.940512345857556,0.01586316825006831,0.02252,0.01273,0.02225,0,321.8275450919181
"2026-04-01","6d130976-3f3a-4afb-8b14-2c60b07c60c4",,"Signoraware Glass Oil Dispenser & Pourer | 500 ml | Clear | Oil Bottle","1 pc","Kitchen Tools","Signoraware",,,345,460,,0.58796,25,0.001598024088437339,0.0024,,,,345
"2026-04-01","ac9a05eb-5ebc-4135-af5a-9125b88de529",,"Anjali Measuring Spoon","1 pack (6 pcs)","Kitchen Tools","Anjali",,,79,125,,0.82017,36.8,0.0010856141905144967,0.00137,,,,13.166666666666666
"2026-04-01","007da854-63e4-49b5-ad07-11668e5a8c75",,"Crystal Plastic Xpress Pull N Chop Mini, 450 ml, Multicolour","1 pc","Kitchen Tools","Crystal Cookware",,,258.23285153632384,495,,54.03216,47.854519087904414,0.0737713924565459,0.07661,0.125,0.21838,0,256.9068639203768
"2026-04-01","ef1a8dd0-0c06-4be1-9af4-b163983736e3",,"Ice Cube Tray with Lid (2 Pcs Set) (White)","1 pack (2 pcs)","Kitchen Tools","Bombay Kookware",,,87.43183521655017,230,,42.72005,61.985944514677335,0.41150318795327806,0.31301,2.78015,0.77426,5.46506,43.70586554656894
"2026-04-01","f6124178-1ea2-4200-9585-1bb381905d3d",,"Anjali Scraper Small","1 pc","Kitchen Tools","Anjali",,,143,225,,10.02198,36.34188034188034,0.009379706606045252,0.01206,,,,144.40530582166545
"2026-04-01","32d220ce-e8a2-4a23-98fe-ea0bf7119c0e",,"Nayasa Oil Dispenser","1 pc","Kitchen Tools","Nayasa",,,112.40937610229275,175,,15.20494,35.734935875652106,0.011429346197736622,0.01474,,,,112.6663536808926
"2026-04-01","737f5fe4-0dfd-435c-8193-6fb8b82626d7",,"Ambition 3 Piece Kitchen Funnel With Detachable Strainer | Pack of 3pcs + Detachable Filter - Assorted","1 set","Kitchen Tools","Ambition",,,88.37440100964528,159,,31.11453,43.985488547643456,0.079085517343682,0.08881,0.0154,0.01721,0.01296,89.21985564269629
"2026-04-01","f7de059e-e945-43b2-8ac4-2a363e4d22ac",,"Habitat Premium Nylon Skimmer | Perfect Elegant Functionality | Hanging Loop | Dish Washer Safe","1 pc","Kitchen Tools","Habitat",,,202.7979077617578,299,,68.22226,32.27165622792069,0.04955681136168768,0.06713,0.00324,0.00097,0.00628,202.38744888273118
"2026-04-01","22237c01-14fc-4331-a6a6-3c28a25eba12",,"All Time Flexible Colander For Kitchen, Assorted Colors","1 pc","Kitchen Tools","All  Time",,,190.9047619047619,340,,1.6665,43.851540616246496,0.0029528705981994308,0.00329,,,,189.02331002331002
"2026-04-01","4f55ec0d-1ddc-47c0-b146-71d062c648e5",,"Spine Silicone Cake Mould Square- 6''","1 pc","Kitchen Tools","Spine",,,,,,0,,0,0,,,,
"2026-04-01","8157789c-ed1a-4b62-8ef0-c2e9e99aed53",,"Proclean Double Mould Chopping Board Assorted Color","1 pc","Kitchen Tools","Pro Clean",,,131.59541984732823,299,,56.06593,56.27144335615009,0.13796263050290994,0.1207,0.10096,0.09633,0.10716,130.61671130263187
"2026-04-01","aac73aa7-e255-44c1-97be-6eca7aa31156",,"Kai Kitchen Knife Short Pink |Slim Pack","1 pc","Kitchen Tools","Kai",,,128.32562587324492,150,,11.88587,14.411715498672026,0.004429305897299146,0.00746,0.01442,0.0252,0,126.21030276410754
"2026-04-01","2c0fc21c-d51b-47a7-9995-d4d3b32fed0d",,"Soham Housewares Serving plastic Tray Set( Small, Medium, Large )","1 pc","Kitchen Tools","Soham Housewares",,,290.19797372398426,599,,40.1836,51.62695633385943,0.10188133096524063,0.09859,0.0119,0.01074,0.01346,288.9387301759111
"2026-04-01","e1662d12-3d75-4a5d-bc01-1252fa99006a",,"2Mech Stainless Steel Sev Sancha Machine | Muruku Maker with 6 Jali","1 set","Kitchen Tools","2mech",,,290.789907762281,499,,59.45006,41.86935735662444,0.558346663629408,0.64993,0.6532,0.5425,0.80137,289.9115033655671
"2026-04-01","200a0480-0f15-4404-91b9-dcc55deeb25b",,"Tramontina Tradicional Stainless Steel Chef Knife Chaku, 15 Cm 5.9 Inch | Brown","1 pc","Kitchen Tools","Tramontina",,,618.2134831460675,795,,11.219,21.635220125786162,0.03293458166961163,0.04986,0.00919,0.01606,0,601.0558135625276
"2026-04-01","8d3a9131-abaa-4f52-8ecc-cad31a057fa0",,"Vesta Homes Set Of 6 Neem Wood Spoon, Compact Flip, Spatula/Ladle|No Polish| Non-Stick|Hand Carved","1 set  (6 pcs)","Kitchen Tools","Vesta Homes",,,654.3723815015031,1299,,58.96539,49.676902537073936,0.20688436724758946,0.20341,0.27609,0.48236,0,650.9198391618239
"2026-04-01","6f1abdbe-ff22-422c-9951-def5bf8a8d1a",,"Frenchware Non-Stick Silicone Spatulas, Heat-Resistant, Food-Grade & BPA-Free - Black","1 set (3 pcs)","Kitchen Tools","Frenchware",,,339.9019173851824,938.3960767226889,,17.49605,63.59546347125608,0.01839221506829088,0.01809,0.01505,0.02122,0.00681,340.0706737782783
"2026-04-01","00e1cfe3-c434-4cff-89d1-00a95be5718e",,"Habitat Gourmet 3.5 Inch Peeling Knife With Ultra Razor-Sharp Blade | Precision-Honed Blade","1 pc","Kitchen Tools","Habitat",,,141,249,,2.95733,43.765760717287755,0.006630410380851099,0.00739,,,,138.54172088907399
"2026-04-01","d6e270ca-b3cc-4fda-9cd9-40fe94215b39",,"Soham Housewares Chopping Board Plastic No-3","1 pc","Kitchen Tools","Soham Housewares",,,273.5977011494253,395,,8.27482,30.65983349208065,0.02227124484470204,0.031,0.01223,0.00345,0.02398,274.5417365381032
"2026-04-01","e636b2dd-b0c0-48df-8c39-44720335a801",,"Judge by Prestige Stainless Steel Slotted turner 1.5(32cm)","1 pc","Kitchen Tools","Judge by Prestige",,,191.66666666666666,240,,28.33383,20.144516803344594,0.009838270040118575,0.01566,0.00006,0.00011,0,190.79861111111111
"2026-04-01","d515c5e0-0a53-48e2-90fc-73df5968d5a8",,"Mastercook Kwality Kulfi Maker 6 Cones","1 set","Kitchen Tools","Master Cook",,,70,140,,0.02637,50,0.00024317757867524725,0.00024,,,,70
"2026-04-01","1543c3ec-4ba7-45cb-8956-803b7faeb517",,"KVG Ss Jhara | Skimmer Puri Jhara Fraying","1 pc","Kitchen Tools","Kvg",,,53.38952991452991,89,,1.84672,39.203039469893405,0.0032464206753145507,0.00405,0.01025,0.00054,0.02326,55.33578286961266
"2026-04-01","4f22961f-0d5d-4c72-b1da-b99513bd69d7",,"JASCO Stainless Steel Grater 4 IN 1 Plastic Ha","1 pc","Kitchen Tools","JASCO",,,143.16844350514256,220,,4.61279,34.92343477038975,0.002292817170366617,0.00295,0.01669,0.02916,0,143.83918493776466
"2026-04-01","278f1b45-d31f-4551-8179-053a4b559568",,"Vesta Homes Wooden Chakla Belan Set|Roti Rolling Board And Pin With Stand|9*9*1.5,13*1.75 Inches","1 set","Kitchen Tools","Vesta Homes",,,936.8219834898501,2001.567565429864,,46.30066,53.1791482922767,0.45125073688601774,0.42394,0.76142,1.07745,0.33843,937.9423945402531
"2026-04-01","09675217-22cb-4acd-b69d-54b5847bbfd7",,"Urbanfix Bulfyss Acacia Single Wood Chopping Board for Kitchen - 37.5x23.5x1.2Cm","1 pc","Kitchen Tools","UrbanFix",,,633.9828282828282,2799,,14.18149,77.20548343985286,0.05474396281310119,0.02692,0.00456,0.00796,0,687.0198563181733
"2026-04-01","100000049","100000049","Dummy Product","100g","Kitchen Tools","dummy",0.022800000000000004,,,,0,,,3.9603205669968846e-8,,,,,
"2026-04-01","ec9abe0d-7b13-4110-86d8-60e8b6377a44",,"BAY6 Melamine Platter - BBQ Large -10*6 Inch - Creame Colour","1 pc","Kitchen Tools","BAY6",,,151.9112953181313,399,,70.42878,62.011996248415606,0.032850859103239156,0.02477,0.02463,0.04304,0,150.2029025354856
"2026-04-01","8081a801-313f-473b-a651-f93234da0038",,"Habitat Pro Ultimate Vegetable Knife Stainless Steel | Cutting With Precision","1 pc","Kitchen Tools","Habitat",,,131.49588456164463,179,,54.70694,26.806908439179644,0.1759704175584987,0.25765,1.30292,1.75782,0.69403,130.88669095989204
"2026-04-01","dd9b25b4-7c4e-4681-8eb1-1ba09f7889ae",,"Crystal 9 Inch All Purpose Knife","1 pc","Kitchen Tools","Crystal Cookware",,,150.97674418604652,165,,10.89225,8.62596862596863,0.010374997695908942,0.0188,0.02603,0.04548,0,149.30001657550142
"2026-04-01","533aa6b4-1745-487a-aaac-b6bbdd6e90a7",,"Jensons Stainless Steel Ladle No. 5","1 pc","Kitchen Tools","Jensons",,,99.1882633914354,155,,64.29983,36.02173917365227,0.035937477369709966,0.04606,0.07112,0.01407,0.14748,99.13866501736477
"2026-04-01","76771013-b49c-4a26-a6ea-7cd59d124f9c",,"Kuber Industries Stainless Steel Cutting Board for Kitchen |Chopper Board for Vegetable-Silver","1 pc","Kitchen Tools","Kuber Industries",,,376.8888888888889,999,,2.19595,61.93466193466193,0.006940982888473486,0.0055,,,,395.45815638271296
"2026-04-01","926e76f5-3fa0-4d5d-aae6-232f4460a0a0",,"Vesta Homes Acacia Wood Medium Serving Tray For Home, Kitchen, Restaurant, Office | 32 x 22 x 4.5 Cm","1 pc","Kitchen Tools","Vesta Homes",,,,,,0,,0,0,,,,
"2026-04-01","cca62b36-6042-462b-a706-0e18c7c98e94",,"Ritu Unique Chopper 650Ml J-290 Assorted Colour","1 pc","Kitchen Tools","Soham Housewares",,,192.72759826352734,270.0781867052023,,40.60597,27.325570196374933,0.1962328419050727,0.28673,0.9218,0.22628,1.85276,197.0222904763896
"2026-04-01","65f765f3-e3b1-4b71-b760-85149c77a9fb",,"BAY6 Stainless Steel Strainer Size 1","1 pc","Kitchen Tools","BAY6",,,89,249,,0.00059,64.2570281124498,0.0025950521610058528,0.00186,,,,89
"2026-04-01","02483e09-6ffe-484a-8498-787f7b9e5738",,"Ritu Sweet Corn Cutter","1 pc","Kitchen Tools","Ritu",,,85,100,,0.02514,15,0.00034739654096463895,0.00059,0.00226,0.00395,0,85
"2026-04-01","ffca8551-45c2-4d97-81c7-a57040cae32d",,"Sanjeev Kapoor by Oggn Wooden Live Edge Chopping Board 17x10","1 pc","Kitchen Tools","OGGN",,,611,1999,,15.84209,69.4676259092572,0.038958263991667984,0.02352,0.00956,0.00528,0.01528,602.5909772028973
"2026-04-01","175d92fa-5584-4215-a7f0-c65a1f378184",,"Signoraware Quick Chopper Big with 3 Steel Blades | 725 ml | Assorted","1 pc","Kitchen Tools","Signoraware",,,269.0441771856345,389,,53.07763,30.843253009539083,0.24834909728231733,0.34394,0.10214,0.17845,0,269.0146188539262
"2026-04-01","daf00db5-5163-4163-ab7e-81eb6b2c98cd",,"Ambition Push Chopper 650 ml - Assorted","1 pc","Kitchen Tools","Ambition",,,142.52616805367086,299,,23.45234,53.14071417805651,0.05472468230507765,0.05018,0.07246,0.01354,0.15131,139.14694941865073
"2026-04-01","7119ea1a-87b7-4ad2-b95d-947cdce2afe4",,"Judge by Prestige Stainless Steel Laddle 1.5(32cm)","1 pc","Kitchen Tools","Judge by Prestige",,,181.75177304964538,260,,15.0731,30.114580778767813,0.0055909999302849,0.00693,,,,161.7335962710649
"2026-04-01","281c14e8-b256-499f-81e5-00e4513ddda8",,"Stehlen Melamine Era Tray | Set of 3 - Golden Wings","1 pack (3 pcs)","Kitchen Tools","stehlen",,,,,,0,,0,0,0.00021,0.00036,0,
"2026-04-01","f970b9f7-4ad0-4378-9fd1-9e400b08bb70",,"Petals Wooden Cooking Serving Spoon Spatula Rice Server | 25cm","1 pc","Kitchen Tools","Petals",,,70,129,,0.70946,45.736434108527135,0.00022407076892219213,0.00024,,,,70
"2026-04-01","dc2de0ee-651c-413c-8631-5975b7983edf",,"Bombay Kookware Manual Ice Cream Maker | 6 Popsicles Yellow Colour Base","1 set  (6 pcs)","Kitchen Tools","Bombay Kookware",,,70.21991978609626,225,,1.59201,69.64445432216895,0.018212437358341677,0.01065,0.02674,0.00015,0.06233,68.47873201840358
"2026-04-01","63d86823-ffde-45d7-a206-d38b83863b0c",,"Zenker Spatule Silicone 30 cm","1 pc","Kitchen Tools","Zenker",,,164.14285714285714,249,,0.37565,34.07917383820998,0.00043250869350097546,0.00059,,,,170.81176470588235
"2026-04-01","8ab2ecdf-dc76-4e9d-959f-ca472845c4f7",,"Petals Paring Knife Soft Grip - 20.5 cm Length | 10.5 cm Blade Length","1 pc","Kitchen Tools","Petals",,,56.40126874013298,88.99240918367347,,15.14498,35.526558730509805,0.015066587981636391,0.01947,0.02401,0.04195,0,57.32676737833962
"2026-04-01","ce3402d1-c540-4b1d-83ec-ccfea8fc6897",,"Petals Heavy Duty Square Trivet Table Ring Steaming Stand | 16 cm","1 pc","Kitchen Tools","Petals",,,135,249,,6.7659,45.78313253012048,0.00043250869350097546,0.00047,,,,135
"2026-04-01","ee39e48c-44b5-4a72-b7b8-262ca2ce5f6b",,"Petals Steel Heavy Mortar and Pestle Set | Khalbatta, khaldasta, Okli Masher - 16 Cm","1 pc","Kitchen Tools","Petals",,,381.2596506965128,499,,46.3096,23.68835370522916,0.367226804014253,0.56082,0.03264,0.05698,0.00007,380.5666129956191
"2026-04-01","49bb9782-b2b5-4504-88c6-2b5d283433a4",,"Saffron Mini Handy Rasi Chopper With 3 Blades for Chopping Vegetables and Fruits| Green | 450 ml","1 pc","Kitchen Tools","Saffron",,,123.95893182485489,499,,39.60465,75.64606725951927,1.9255323511300233,0.93717,0.68058,0.39313,1.06533,121.52036956215403
"2026-04-01","38b5bd6c-bf7d-4428-8ede-81408d79e1bc",,"Trovea's Deer Silhouette Bottle Cap Opener","1 pc","Kitchen Tools","Troveas",,,,,,0,,0,0,,,,
"2026-04-01","0234c9d3-6678-42d1-824d-0e2190b5c339",,"Embassy Wooden Polpat & Rolling Pin (Chakla Belan), 27 cms, Size 11, Premium Material","1 set","Kitchen Tools","Embassy",,,872,1390,,8.07373,37.721822541966425,0.009657623838816963,0.01094,,,,786.88285867813
"2026-04-01","544862d6-fdf5-4522-a23a-dce1fb8443cb",,"Godrej Cartini Fruit Knife, Green","1 pc","Kitchen Tools","Godrej Cartini",,,119,180,,1.25796,33.888888888888886,0,0,,,,119
"2026-04-01","46ed09c0-8e9a-4ad1-b0f5-4b9f80238beb",,"Capsicum Steel Oil Dispenser 1000Ml With Handle","1 pc","Kitchen Tools","Capsicum",,,228.19367114906754,799,,51.8482,71.52355550521288,0.9016302032472963,0.51421,0.81881,1.42947,0.00144,227.45416388208633
"2026-04-01","241408c0-1b32-4c5b-bd9a-2e0ef0d3c8ba",,"Bombay Kookware Stainless Steel Strainer (Ss 304 Net)","1 pc","Kitchen Tools","Bombay Kookware",,,97.80112704067805,179,,89.81536,46.271796561495066,1.4590960429470885,1.57133,2.088,2.09691,2.07606,96.17348415492383
"2026-04-01","a57d9e4d-8131-4ae2-b102-899635a5b1e3",,"Anjali Fantastique - Big","1 pc","Kitchen Tools","Anjali",,,512.5802469135803,745,,29.89989,31.093564942755627,0.020019246767898766,0.02778,0.00719,0.01256,0,516.1810910847864
"2026-04-01","a690b860-a353-4a2c-8196-65023bb32924",,"Kvg Gripper Veg Knife","1 pc","Kitchen Tools","Kvg",,,59,75,,3.27742,21.333333333333332,0.0009367547727111488,0.00148,,,,59.00000000000001
"2026-04-01","e82079ec-9b0e-43ad-ac9b-14ff1c811349",,"KVG Kitchen Scissor | Scissor For Vegetable , Pizza,Herbs","1 pc","Kitchen Tools","Kvg",,,112.48855848656545,139,,19.8622,19.08401395688035,0.0347101253904819,0.05625,0.18554,0.01655,0.41172,112.6155631202385
"2026-04-01","23c9b661-3e15-4c54-87cc-669ad8d62898",,"KVG Coconut Cutter | Coconut Splitter | Coconut Water Collector","1 pc","Kitchen Tools","Kvg",,,85.84481624231891,139.00422296874999,,66.37719,36.317282582779164,0.14545875306384493,0.18673,0.34403,0.60105,0,89.3413640088795
"2026-04-01","e9839c91-8c1c-478f-ba7c-312ff3b09b59",,"Fackelmann Super Saver Combo Pack 3 Piece Lighter Peeler Knife","1 set (3 pcs)","Kitchen Tools","Fackelmann India",,,199,299,,1.12643,33.44481605351171,0.0022851744464653947,0.00305,,,,199.00000000000003
"2026-04-01","813aaed8-c524-42b2-9039-e0941929ea42",,"Wonderchef Forza Pre-Seasoned Cast-Iron Mortar & Pestle","1 pc","Kitchen Tools","Wonderchef",,,1136.7,2500,,1.22068,54.532,0,0,,,,1136.7
"2026-04-01","d64eaf79-56d3-4003-81c0-53349f9dedfb",,"Anjali Cut N Wash - Classic","1 pc","Kitchen Tools","Anjali",,,417,555,,38.87198,24.743245162703786,0.01921311309459032,0.02913,0.00465,0.00813,0,420.1020100231719
"2026-04-01","52c54908-340e-4a99-8cbe-2da4f691e208",,"Femora Borosilicate Glass Oil Dispenser For Cooking With Leakproof Wooden Lid | 500 ml | Pack Of 1","1 pack","Kitchen Tools","Femora",,,424.6,600,,0.12405,29.233333333333334,0.0010421896228939168,0.0016,,,,457.3593004769475
"2026-04-01","9c2096d3-6234-47d2-bd62-16f54f193db9",,"Anjali Onion Chopper","1 pc","Kitchen Tools","Anjali",,,299,340,,0.01249,12.058823529411764,0.0005905741196398862,0.00104,,,,299
"2026-04-01","f4eb3b9a-8ae7-450d-ae5a-48911a117775",,"Fackelmann Stainless Steel Tea Infuser, 15 Cm, Kitchen Accessories, Durable Kitchen Tools","1 pc","Kitchen Tools","Fackelmann India",,,144.16041221389582,339.053269543379,,27.97544,56.75975701987414,0.1543031216002637,0.13401,0.14652,0.25599,0,147.85492095458778
"2026-04-01","6fd8bb7b-7fe7-4196-9316-392f0a6e8cee",,"KVG Stainless Steel lemon Squeezer | Manual Squeeze Juice Extractor","1 pc","Kitchen Tools","Kvg",,,107.01531713900134,139,,5.53013,23.192993116818755,0.007001777283142298,0.01075,0.00014,0.00013,0.00015,106.44706928074804
"2026-04-01","d373ad01-294c-42be-8dd1-2ee89d3548ab",,"Vesta Homes Medium Teak Wood Serving Tray For Home, Kitchen, Restaurant, Office |31 X 22 X 4 Cm","1 pc","Kitchen Tools","Vesta Homes",,,798.6658788480329,1799,,31.00699,55.601213903664785,0.21205136969962707,0.18861,0.03889,0.04538,0.03022,798.9944891859931
"2026-04-01","0048a4c9-250f-4da8-901b-5711b2d26080",,"Wonderchef Glory String Chopper With 3 Sharp Stainless Steel Blades 600 ml","1 pc","Kitchen Tools","Wonderchef",,,279,600,,5.65613,53.5,0.039155064132124454,0.03646,0.00362,0.00632,0,279
"2026-04-01","70fe5be4-445a-43c8-a9db-d521815aaa02",,"Soham Housewares Measuring Spoons","1 pack (6 pcs)","Kitchen Tools","Soham Housewares",,,59,149,,0.81027,60.40268456375839,0.000258810423018656,0.00021,,,,9.833333333333332
"2026-04-01","c1b37725-2f5b-4b3f-92c1-bf5dcd55388c",,"Anjali Chopping Board Square | Set of 4 | 32 x 21 Cm | Plastic","1 pc","Kitchen Tools","Anjali",,,273.3243243243243,370,,41.37498,26.232848232848234,0.012712281623519032,0.01866,0.01278,0.02232,0,271.1717089568423
"2026-04-01","1978579c-a01f-4557-b062-ff0f77bf9d12",,"Godrej Cartini Easy Chopping Knife - Teal","1 pc","Kitchen Tools","Godrej Cartini",,,163.34404761904761,165,,5.02528,1.1695241726699295,0.001624947320362099,0.00325,0.00095,0.00165,0,163.46494659664612
"2026-04-01","ccabeb83-d213-44c5-8280-850cff3fcf5b",,"Crystal Super Veg Swivel Stainless Steel Peeler Colour May Vary 1 pcs","1 pcs X 1","Kitchen Tools","Crystal",,,84,120,,8.88889,30,0,0,,,,84
"2026-04-01","60f07ffe-c5e8-41f6-9e70-b260a521b80a",,"Tramontina Plenus Stainless Steel Chef Knife Chaku, 17 Cm 6.6 Inch | Straight | Black","1 pc","Kitchen Tools","Tramontina",,,359,395,,13.33776,9.113924050632907,0.020329471878980186,0.037,0.0011,0.00192,0,359
"2026-04-01","b8cece0f-ac96-4ef7-a9f3-723d75e017b1",,"KVG Stainless Steel Tea & Coffee Strainer No.2 Fine Mesh Filter","1 pc","Kitchen Tools","Kvg",,,69.00495709420467,89,,22.42533,22.4869693992401,0.06804334459085046,0.10556,0.1359,0.09331,0.19291,68.98372672732556
"2026-04-01","1cbd4e8f-36d3-4dc8-bf6f-31ef57993818",,"OGGN Wooden Datta Paratha Press","1 pc","Kitchen Tools","OGGN",,,59.002468582730515,125,,18.88499,52.798095398248996,0.03795828304850128,0.03588,0.09482,0.11559,0.06701,59.00323677983562
"2026-04-01","95417016-8720-4f61-8707-d6e868818fea",,"Sanjeev Kapoor by Oggn Wooden Base Cast Iron Sizzler Plate 9x7x1.5","1 pc","Kitchen Tools","OGGN",,,445.15384615384613,999,,9.56835,55.423793680781124,0.01622446065267153,0.01234,,,,379.9800586759641
"2026-04-01","5d9ec3f9-63c2-444f-b6b8-7530495a2635",,"YouBee Stainless Steel Tea-Coffee Soup Stainer | Multi-Colour","1 pc","Kitchen Tools","Youbee",,,130.91838831235958,349,,35.56955,62.52306378522683,0.06773746193653109,0.05064,0.2173,0.10375,0.36929,130.46592241012365
"2026-04-01","46ae5c85-0485-4496-b499-31d1ca0914be",,"Anjali Chopping Board Round | 26 cm Diameter | Plastic | Set of 2","1 pc","Kitchen Tools","Anjali",,,242.10847610603057,320,,48.78934,24.353597664325314,0.010405221194972867,0.01574,0.02253,0.03936,0,242.1143008085105
"2026-04-01","95eb5bd5-c951-4aa1-84bf-7fe0f9227cd7",,"Gullak Modak Mould - Size 2 Combo","1 pc X 2","Kitchen Tools","Gullak",,,,,,0,,0,0,,,,
"2026-04-01","ce9bd2a0-ed0a-430e-939e-63afc3b891fb",,"Stehlen Melamine Slant Tray Set of 3 - Walnut","1 pack (3 pcs)","Kitchen Tools","stehlen",,,,,,0,,0,0,0.00024,0.00042,0,
"2026-04-01","b1f73a86-5660-4072-a50b-9e828db37a91",,"Oggn Blue Floral Printed Wooden Brown Rectangle Tray 14x9","1 pc","Kitchen Tools","OGGN",,,,,,0,,0,0,,,,
"2026-04-01","b5bf34cb-013a-4c52-8da8-2dbfd11e43f6",,"Umai 2400 ml Borosilicate Printed Glass Baking Tray | Transparent Microwave Oven Safe Utensils","1 pc","Kitchen Tools","Umai",,,779,1195,,0.00139,34.81171548117155,0.0041513886645274355,0.00542,,,,779
"2026-04-01","36d42c40-ab16-4219-96f8-41843bf8955c",,"Spine Silicone Muffin Mould Heart Shape- Set Of 6","1 pack (6 pcs)","Kitchen Tools","Spine",,,199,495,,0.62333,59.7979797979798,0.0017196128777749629,0.00138,,,,33.166666666666664
"2026-04-01","ea457770-1f3a-4d56-bce8-6fa4b2f7350b",,"Cake Mould Baking Tool | 22 cm | Soham Housewares","1 pc","Kitchen Tools","Soham Housewares",,,,,,0,,0,0,,,,
"2026-04-01","691be307-ae2f-4a3d-9315-3092e28cfc19",,"Ambition Chopper | 650 ml - Assorted","1 pc","Kitchen Tools","Ambition",,,144.7470264215789,279,,13.42218,50.61086696069069,0.11589704441045898,0.11384,0.09059,0.03316,0.16745,136.75400491272836
"2026-04-01","9c994690-2d1b-4f04-8cd4-9f359daf0a6d",,"Everest Stainless Steel Coconut Opener","1 pc","Kitchen Tools","Everest Utility",,,53.504037049683454,169,,76.29999,68.58698504449362,0.4147353653704131,0.26013,0.19656,0.34341,0,53.09341777212415
"2026-04-01","117bd35e-6f62-4a4e-9225-1fd21ab3a2d4",,"Judge by Prestige Stainless Steel Plain turner 1.5(32cm)","1 pc","Kitchen Tools","Judge by Prestige",,,156.6385809049988,240,,9.69496,34.95042235217674,0.009829932523135423,0.01293,,,,154.2503232466104
"2026-04-01","18751e4c-2b26-4a79-a9fe-8f2a25f3c784",,"Anjali Chilly Cutter Popular","1 pc","Kitchen Tools","Anjali",,,185,250,,0.87018,26,0.001302737028617396,0.00193,,,,185
"2026-04-01","ac2712b9-3c90-461a-b128-96b326e2e450",,"Tramontina Plenus Stainless Steel Fruit Knife/, 12cm/4.7 inch | Black | Wavy/Serrated Edge Knife | Polypropylene Handle | Dishwasher Safe | 5 Year Warranty | Made in Brazil","1 pc","Kitchen Tools","Tramontina",,,70,145,,7.14724,51.724137931034484,0.001007449968797453,0.00097,,,,70
"2026-04-01","7aabd2fb-fc45-438c-89b8-3068e302691b",,"Happy Kitchen Stainless Steel Strainer High-Grade Stainless Steel Mesh, Perfect For Tea and Coffee","1 pc","Kitchen Tools","Happy Kitchen",,,114.55360051880959,231.05622404444443,,57.65778,48.9300418129748,0.4126643608914524,0.41961,0.1664,0.29072,0,117.47076468558683
"2026-04-01","ae13738c-5b26-49ae-85cd-ec5d450e2283",,"Urbanfix Steel Chopping Board L","1 pc","Kitchen Tools","UrbanFix",,,549,2999,,3.47233,81.69389796598867,0.026775414696579066,0.00982,,,,549
"2026-04-01","269988bd-d211-43ba-b64d-4517c71e4f67",,"Pigeon Manual Hand Held Vegetable - 400 ml","1 pc","Kitchen Tools","Pigeon by Stovekraft",,,188.8877790955658,545,,60.54989,65.56750208490692,0.3207995143918453,0.22126,0.17716,0.17651,0.17803,187.46308730453472
"2026-04-01","58a4d14f-2172-4100-a81e-f75a9ee963dd",,"Petals Ss Handle Superior 304 Mesh Jali Barbeque-pizza-roti-grill-papad Roaster","1 pc","Kitchen Tools","Petals",,,,,,0,,0,0,,,,
"2026-04-01","10f5392e-195e-482a-8794-04823381a64b",,"BAY6 Steel Colander - 20 cm (1200 ml)","1 pc","Kitchen Tools","BAY6",,,139.28725508640088,420.9613848529412,,33.23907,66.85034385869704,0.11997235323251516,0.07939,0.09496,0.14069,0.03374,139.33256654474562
"2026-04-01","4aa8d51f-6776-4b36-9690-31389091a8ce",,"Stehlen Melamine Era Tray | Set of 3 - Blossom","1 pack (3 pcs)","Kitchen Tools","stehlen",,,,,,0,,0,0,0.00017,0.00029,0,
"2026-04-01","768fe824-8917-4fa8-8151-9c84229e61d0",,"Silicone 2 Pc Brush and Spatula - 8""","1 pack (2 pcs)","Kitchen Tools","Soham Housewares",,,147.17984867633137,250,,88.62063,42.22791915969601,1.4593347043707312,1.68961,1.02684,0.34484,1.93969,72.21442386681117
"2026-04-01","837dbcf4-0ed8-4c40-83fa-05e661f7a6c2",,"Petals Wooden Spatula One-Sided Nirlep -Dosa Palta/Taveta/Turner/Khurpi | 30 cm","1 pc","Kitchen Tools","Petals",,,59,75.00851745098039,,28.00993,21.33999406325029,0.13933675752069558,0.21951,0.26154,0.45694,0,59
"2026-04-01","d68d273a-3060-4c9e-ae5e-b33785f4ecde",,"Happy Kitchen Stainless Steel Sharp Vegetable Knife Long Lasting Sharpness Ergonomic Easy To Clean","1 pc","Kitchen Tools","Happy Kitchen",,,48.40797705858686,59,,40.21349,17.914001529346034,0.34497084461735333,0.56724,0.70258,1.22747,0,48.427580716765505
"2026-04-01","d790083d-32c1-47d5-ab0a-a09c6276aed4",,"YouBee Stainless Steel Vegetable Crusher with Handle | 1 Pcs | Multi-Colour","1 pc","Kitchen Tools","Youbee",,,65.28263957307061,199,,26.12014,67.3281341826561,0.11466274450041161,0.07496,0.01315,0.02298,0,64.99380520117198
"2026-04-01","37f94f9d-467b-4645-9ace-2a12d659b1a3",,"Frenchware Non-Stick Silicone Spatulas - Heat-Resistant, Food-Grade & BPA-Free - Red","1 set (3 pcs)","Kitchen Tools","Frenchware",,,390.42429667519184,679.0760227826088,,39.38785,42.83129660646165,0.0508916825703443,0.05816,0.04411,0.06862,0.01131,388.3075335888961
"2026-04-01","e8ea9242-7e84-406f-b764-7512fbab2453",,"Godrej Cartini Fine Dicing Knife - Teal","1 pc","Kitchen Tools","Godrej Cartini",,,,,,0,,0,0,,,,
"2026-04-01","0fa1660b-a797-48bb-8580-8b0547528777",,"Stehlen Melamine Slant Tray Set of 3 - Donut","1 pack (3 pcs)","Kitchen Tools","stehlen",,,,,,0,,0,0,,,,
"2026-04-01","915bf7c2-df43-4fb0-98ae-e900914d4abf",,"Ritu Apple Cutter S.S.","1 pc","Kitchen Tools","Ritu",,,99,145,,2.44405,31.724137931034484,0.002014899937594906,0.00276,0,0,0,99
"2026-04-01","c5b31769-3b9b-49e1-84a5-a854f42207fc",,"Habitat Premium Nylon Chinese Turner| Perfect Elegant Functionality| Hanging Loop","1 pc","Kitchen Tools","Habitat",,,199.05636451471625,299,,64.82123,33.42544406095359,0.05024291953009284,0.06697,0.26489,0.22575,0.31726,199.05922634547713
"2026-04-01","e02192be-0fa4-464c-823b-b86c646b2f2e",,"Cello Multi Utility Chopper - Magic Chopper XL","1 set","Kitchen Tools","Cello",,,,,,0,,0,0,,,,
"2026-04-01","3f27cc5f-345c-4f2a-8f7f-e933182bbef7",,"Fackelmann Stainless Steel Vegetable Peeler With Plastic Handle, 19Cm | Sharp Double-Slotted Blade","1 pc","Kitchen Tools","Fackelmann India",,,180.4532910137549,299,,28.22197,40.56197189299461,0.14623066817786837,0.17099,0.43976,0.7683,0,175.585417868177
"2026-04-01","c66c725c-63f4-468c-891d-c072cf2ae0fd",,"Anjali Utility Set | Pack Of 5","1 set  (5 pcs)","Kitchen Tools","Anjali",,,498.83355109861037,685,,54.69619,27.152691490411648,0.033803073022023226,0.04966,0.00293,0.00512,0,502.58523065941745
"2026-04-01","9e37b9b7-bd52-4e02-880b-17961bb2a3df",,"KVG Stainless Steel Doctor Pakkadifter | Wire Tong | Kitchen Utensil Holder","1 pc","Kitchen Tools","Kvg",,,82.76677098297935,109,,39.2,25.619744191747223,0.031345763589509856,0.04655,0.00714,0.00149,0.01471,80.83489811784462
"2026-04-01","4d1bb11f-60d6-49de-b23f-49456922601e",,"Habitat Professional Bread Knife With Ultra Razor-Sharp Blade with Precise Cutting","1 pc","Kitchen Tools","Habitat",,,218.22387210254337,399,,13.705,45.242848971885266,0.017728687675048423,0.01997,0.02018,0.01472,0.02749,218.9668193987005
"2026-04-01","9e437ecf-35cd-4ac2-987e-b9e38fb5e7f6",,"Chopping Board Plastic White 40x25 Cm","1 pc","Kitchen Tools","Bombay Kookware",,,,,,0,,0,0,,,,
"2026-04-01","a79027a6-d10a-432f-8070-fc627ca4f385",,"Fackelmann Stainless Steel Blade Egg Slicer | 11 x 7.5 cm Slicing Eggs | Boiled Potatoes","1 pc","Kitchen Tools","Fackelmann India",,,,,,0,,0,0,,,,
"2026-04-01","15166b93-758b-450b-aa2d-0369c4b32274",,"Anjali Coconut Scraper","1 pc","Kitchen Tools","Anjali",,,202.4285437717864,295,,13.85567,30.85258433432005,0.008710968264688321,0.01205,0.00285,0.00498,0,203.3399361387666
"2026-04-01","5c975a69-1ef0-4066-a2da-cdbdb5dca9dc",,"Anjali Chopping Board Square | Set of 2 | 32 x 21 x 1 cm | Plastic","1 pc","Kitchen Tools","Anjali",,,212.54430379746836,290,,31.74991,26.771010117649748,0.01721731996674847,0.02531,0.0131,0.02288,0,212.84034844744184
"2026-04-01","e92c29fd-b7fb-4d1c-9033-f05f293fb4fd",,"Habitat Premium Nylon Long Turner | Perfect Elegant Functionality | Hanging Loop | Dish Washer Safe","1 pc","Kitchen Tools","Habitat",,,220.39970364867523,299,,70.47433,26.505349767866992,0.05880224920465009,0.0857,0.17802,0.14387,0.22374,217.70409739676404
"2026-04-01","f8ba43a4-3475-49b9-94e2-540f5d77228b",,"Khatana Doctor Pakad | 1 Inch","1 pc","Kitchen Tools","khatana",,,61.285714285714285,159,,3.71622,61.455525606469,0.0008285407502006639,0.00054,,,,52.51792828685259
"2026-04-01","c5d77d40-241d-4886-bf77-d8ae0fc4910b",,"Tramontina Plenus Stainless Steel Fruit Knife/, 12cm/4.7 inch | Black | Wavy/Serrated Edge Knife | Polypropylene Handle | Dishwasher Safe | 5 Year Warranty | Made in Brazil","1 pc","Kitchen Tools","Tramontina",,,417.37130801687766,495,,49.16481,16.4053530049784,0.03203656161121804,0.04293,0.17165,0.2999,0,335.676667489191
"2026-04-01","9ce7b752-7a73-4fd6-a5d4-5264776efb19",,"BAY6 Premium Imported Borosilicate Glass Oil and Vinegar Bottle - 500 ml","1 pack (2 pcs)","Kitchen Tools","BAY6",,,313.5471122298512,849,,11.07343,63.11850221927193,0.042972778419055356,0.03176,0.00013,0.00022,0,155.05874943716057
"2026-04-01","85bf1e78-08d4-4486-9b7d-90cf57a28934",,"Zinc Alloy Wheel Pizza Cutter Premium Pack of 1 | Silver | 18 Cm","1 pc","Kitchen Tools","Bombay Kookware",,,,,,0,,0,0,,,,
"2026-04-01","4370c3bf-2635-4f58-b741-6ff34f24b51b",,"Embassy Pav Bhaji Masher, Size 3 (Wood Handle), Stainless Steel (Mashing Vegetables, Baby Food etc.)","1 pc","Kitchen Tools","Embassy",,,156.55555555555554,255,,25.71429,38.60566448801743,0,0,,,,156.55555555555554
"2026-04-01","fb457b5e-3ccd-44d1-8b3e-c2285058dc62",,"Ice Cream Maker | 8 Popsicles","1 pack","Kitchen Tools","Bombay Kookware",,,79.85390946502058,300,,2.21614,72.69469068974834,0.05183330089462895,0.02854,0.02644,0.00273,0.05818,82.8466860847925
"2026-04-01","70dd466b-c096-4911-908a-fa786ee894c9",,"AGARO Elegant Glass Oil Bottle with Brush 250ml","1 pc","Kitchen Tools","Agaro",,,187.5444400513211,299,,84.0017,40.54832629721041,0.6947091856646349,0.82313,0.12318,0.21522,0,177.3984468841152
"2026-04-01","68fd50c4-1f93-493c-8446-ab47378f20a7",,"Kuber Industries Small Stainless Steel Colander Strainer with Handle | 20x20x8 CM | Silver","1 pc","Kitchen Tools","Kuber Industries",,,310.89249571970157,998,,8.2541,68.87175014622005,0.08147491075243676,0.05052,0.01436,0.00697,0.02425,309.3110443517702
"2026-04-01","27272568-84b1-4154-a309-83c89cfcf03a",,"Sanjeev Kapoor by Oggn Wooden Base Cast Iron Sizzler Plate 13x7x1.5","1 pc","Kitchen Tools","OGGN",,,437,1099,,33.83335,60.243110622080955,0.05577920450517581,0.04417,0.01022,0.00175,0.02156,434.56784050437517
"2026-04-01","40140ce9-f81d-4590-90cb-74b70cb60206",,"Habitat Premium Nylon Slotted Turner|Perfect Elegant Functionality | Hanging Loop","1 pc","Kitchen Tools","Habitat",,,239.04345780997176,299,,50.6867,20.053276202821714,0.02915664428662118,0.04667,0.11527,0.07779,0.16545,239.02320000608876
"2026-04-01","91b7caa3-9011-4741-9c4b-9ba107e96a87",,"Vesta Homes Acacia Wood Chopping Board, Cutting Board, Serving Platter | 33X21.5X1.5 Cms","1 pc","Kitchen Tools","Vesta Homes",,,461.1395012928547,999,,65.02605,53.68975181447959,0.39830889362917066,0.3708,0.50753,0.41632,0.62962,464.8313909941015
"2026-04-01","c237c1d2-ab6a-4d52-9ac4-cc1eea9eb4d3",,"Crystal Stainless Steel Small Strainer, Color May Vary","1 pc","Kitchen Tools","Crystal Cookware",,,146.14248594824582,160,,58.78041,8.729775079279879,0.034139352873677004,0.06233,0.30626,0.53507,0,145.79846098979337
"2026-04-01","975c1ee5-8d97-472a-8e96-7b311000e98c",,"Ambition Chopper 900 ml - Assorted","1 pc","Kitchen Tools","Ambition",,,148.88344231194546,329,,9.00564,53.923554845902935,0.018858421226265427,0.01697,0.04576,0.00382,0.10191,151.46851186239826
"2026-04-01","a4e57658-8c24-4bbb-9b0f-e5691969455e",,"Anjali Stainless Steel Chimta | Durable Kitchen Tool","1 pc","Kitchen Tools","Anjali",,,93.77717732773306,125,,47.29884,24.652316004594095,0.14098932286606436,0.21276,0.02365,0.04131,0,94.21105697166301
"2026-04-01","63e2b7f8-798b-4da5-a5cf-5fff279a4f0e",,"Petals Apple Cutter-Slicer-Peeler Kitchen Essentials","1 pc","Kitchen Tools","Petals",,,99.75555555555556,165,,20.14197,39.66764418377321,0.0018342537362932938,0.00212,0.01435,0.02508,0,95.65499124343258
"2026-04-01","224dd1c4-ac9a-46c6-8100-57444850c1d4",,"Bombay Kookware Stainless Steel Rice Strainer With Handle Size 1","1 pc","Kitchen Tools","Bombay Kookware",,,,,,0,,0,0,,,,
"2026-04-01","bc702274-fb47-4f1c-bea0-77207289acd5",,"Petals Stainless Steel Kitchen Vegetable/Fruit/Peeler","1 pc","Kitchen Tools","Petals",,,99.93218164725418,155,,16.54638,35.34709257467793,0.07039122411295998,0.09119,0.13971,0.13817,0.14177,100.2689663602054
"2026-04-01","1229ddee-6a51-42c8-b780-334400bea0ee",,"Oggn Blue Floral Printed Wooden Brown Rectangle Tray 12x6","1 pc","Kitchen Tools","OGGN",,,329,1099,,0.00592,70.06369426751593,0.0019089439926006908,0.00114,,,,329
"2026-04-01","8c2d66dd-b372-48d0-961e-4108206e5d64",,"Oggn Vintage Printed Wooden Brown Square Tray 8x8","1 pc","Kitchen Tools","OGGN",,,,,,0,,0,0,,,,
"2026-04-01","a42ddb25-6050-46aa-ad6b-200a55468b57",,"Ambition Square Chopper 900 ml (Colour May Vary)","1 pc","Kitchen Tools","Ambition",,,164.43422915676211,329,,48.18113,50.03963410522141,0.020001355846039088,0.02014,0.12278,0.02348,0.2557,164.6105712307575
"2026-04-01","2cf7dfcb-276b-4b0d-b7a5-37dfb3c60468",,"Vesta Homes Acacia Wood Round Chopping Board/Cutting/Serving Board & Platter|29.5 X 29.5 X 1.5 Cm","1 pc","Kitchen Tools","Vesta Homes",,,538.3333333333334,1299,,1.02447,58.55465742879138,0.025722282082644758,0.02137,0.0038,0.00251,0.00552,538.9973083186412
"2026-04-01","5d2a032a-746d-4590-8811-3e4289441a3d",,"Crystal Stainless Steel Ladle Silver","1 pc","Kitchen Tools","Crystal Cookware brand",,,104.457340204295,140,,54.34452,25.685365322722014,0.03533127040572667,0.05162,0.0631,0.01261,0.13067,103.12960276336003
"2026-04-01","e3b7cc30-f45f-42fa-9069-35fccd7c1613",,"Petals Ss Multipurpose Serving Spoon Spatula Stand-decorator Holder | 19cm-7.5 Inch Ht","1 pc","Kitchen Tools","Petals",,,234,379,,1.17904,37.23248314277338,0.0013166328902559817,0.00187,,,,268.63398692810455
"2026-04-01","615afcb3-2e7b-4b5c-99ba-33eabb1ef81a",,"Sanjeev Kapoor by Oggn Turin Square Wooden Tray 8x8","1 pc","Kitchen Tools","OGGN",,,,,,0,,0,0,,,,
"2026-04-01","b1dd40a0-2ef7-43eb-9ba1-b9728869ec8f",,"Femora Leak Proof Oil Flow Oil Bottle Dispenser With Silicone Support 500Ml Borosilicate Glass","1 pc","Kitchen Tools","Femora",,,343.7614272483015,600,,25.22718,42.27353081653594,0.05378740643755505,0.06335,,,,357.5727388229156
"2026-04-01","d1ed9bd5-ac71-42bd-b157-d8adc72ef1b6",,"Tramontina Ultracorte Stainless Steel Cleaver Knife/,15.2cm/6 inch | Black | Straight/Plain Edge | Antimicrobial |Polypropylene Handle |Dishwasher Safe | 5 Year Warranty | Made in Brazil","1 pc","Kitchen Tools","Tramontina",,,1025.4147677623175,1295,,11.26381,22.095995855394357,0.05227588408781791,0.06515,0.01619,0.02828,0,823.863324357211
"2026-04-01","4f82975f-fac7-437b-84dc-2dfdebb9b9c0",,"BAY6 Stainless Steel Strainer Size 2","1 pc","Kitchen Tools","BAY6",,,99,299,,3.1376,66.88963210702342,0.007790367431132029,0.00517,,,,99
"2026-04-01","43e7817a-bb61-4f68-9d1a-c1e57e8251ce",,"Anjali Lemon Squeezer With Bottle Opener (Colour May Vary)","1 pc","Kitchen Tools","Anjali",,,81.10897435897436,120,,2.87816,32.40688131313131,0.0035434447178393173,0.00474,,,,80.87284308982422
"2026-04-01","e2f332fa-3678-4a03-ab74-efbb5f984847",,"Everest Performer Kitchen Knife Set","1 pack (3 pcs)","Kitchen Tools","Everest Utility",,,129.24616086593738,275,,69.30707,52.9815283801887,1.7750038666456105,1.66958,1.91598,1.27765,2.77039,43.100373188322436
"2026-04-01","33bc6f99-b0f8-49f4-8b43-b34ec5b82215",,"OGGN Promo Slat Rect. Oil Finish Tray 10x7","1 pc","Kitchen Tools","OGGN",,,,,,0,,0,0,,,,
"2026-04-01","98e28382-7d64-4622-8dae-b389b29b330c",,"Oggn Wooden Akhand Chakla 11 Inch","1 pc","Kitchen Tools","OGGN",,,488.4623655913978,1199,,6.10213,59.256630299758,0.04750508739075052,0.03894,0.00201,0.0035,0,490.7452840507215
"2026-04-01","295a7cba-b854-4fe3-af2d-db24b2b3262c",,"Petals Stainless Steel Sink Drainer/Strainer/Sink Jali/Filter | 11 cm diameter","1 pc","Kitchen Tools","Petals",,,103.12885505299299,129,,33.18188,22.73908526679326,0.06501891030521231,0.0998,0.07161,0.1251,0,98.88383348456993
"2026-04-01","5e2bd871-cdee-41a6-9457-4a82d6c0d22c",,"Greenchef 3 Pc Stainless Steel Knife Ss Elite Flora","1 pack (3 pcs)","Kitchen Tools","Greenchef",,,736,1299,,1.14497,42.04333003409216,0.01805072426852264,0.02212,0.00457,0.00798,0,264.97164824603556
"2026-04-01","ba149ee4-37c5-4fd1-9bd0-b878ce8eeb20",,"Rusabl Premium Stainless Steel Chopping Board - Food Grade, Anti-Rust, BIS Certified | 31 x 22 cm","1 pc","Kitchen Tools","Rusabl",,,,,,0,,0,0,,,,
"2026-04-01","444bb307-63d7-4b9f-9226-a06a08e71fcc",,"Youbee Stainless Steel Heavy Duty Chopping Board For Kitchen - For Vegetables, Fruits Cutter, Meats","1 pc","Kitchen Tools","Youbee",,,289.98177496562704,749,,84.64019,61.568392367469706,1.632009718341639,1.2561,1.00062,1.05787,0.924,287.81330670487336
"2026-04-01","9f9232e8-ac9f-4137-ae4b-3fdf673017ad",,"Umai 1600 ml Borosilicate Glass Baking Tray | Transparent Microwave Utensils","1 pc","Kitchen Tools","Umai",,,659,995,,0.7334,33.768844221105525,0.0034565955825981575,0.00458,0,0,0,659
"2026-04-01","2fd3a30e-e5ef-4e47-a2be-156aa88cfcb0",,"Rusabl Bamboo Chopping Board - BPA Free, Eco-Friendly, Anti-Microbial | XL - 36 x 26 cm","1 pc","Kitchen Tools","Rusabl",,,,,,0,,0,0,,,,
"2026-04-01","c4848316-6dc7-4c69-8734-462478410070",,"Umai 3000 ml Borosilicate Printed Baking Tray | Transparent Microwave Oven Safe Utensils","1 pc","Kitchen Tools","Umai",,,739,1595,,0.75261,53.66771159874608,0.009004170945262477,0.00836,,,,739
"2026-04-01","251ee12f-a69a-49cb-a28e-256822f3b885",,"Sanjeev Kapoor by Oggn Mixwood Graned Chopping Board 17.5x12","1 pc","Kitchen Tools","OGGN",,,,,,0,,0,0,,,,
"2026-04-01","16406e58-e821-426d-a93b-68500f5d0af2",,"Signoraware Borosilicate Glass Oil Dispenser | 1000 ml | Clear | Oil Bottle, Kitchen Dispenser","1 pc","Kitchen Tools","Signoraware",,,404.73214285714283,580,,26.67648,30.038644470868014,0.005037249843987264,0.00717,,,,412.2698950220115
"2026-04-01","f7c3b364-a348-442d-be61-96cb0dd47ead",,"YouBee Silicone Ice Cube Tray for Freezer| Honeycomb 37 Cavity Ice Cube Mould | Multi-Color","1 pc","Kitchen Tools","Youbee",,,84.29411764705883,199,,0.49352,57.03280162360261,0.019087355546761123,0.0164,0.01655,0.02891,0,85.37878953306402
"2026-04-01","e043bec3-7f2f-4040-9f6d-6601efab7a37",,"Ambition Y - Peeler - Assorted","1 pc","Kitchen Tools","Ambition",,,50.63852813852814,99,,9.93093,49.06236523861349,0.0075867930581267505,0.00763,0.03302,0.0225,0.04712,50.18524090032378
"2026-04-01","21d5e1a0-c79d-4382-83de-86888e051ab6",,"Birch & Co. Leather Serving Tray - Tan With Four Free Matching Coasters","1 set","Kitchen Tools","Birch & Co.",,,,,,0,,0,0,,,,
"2026-04-01","f21ea5d9-219e-46b3-8258-ea33d35ade4b",,"Ganesh 14 In 1 Multipurpose Chopper Fruits & Vegetable Cutters Chopper For Kitchen (Green, Plastic)","1 pc","Kitchen Tools","Ganesh",,,661.468204077825,1088,,68.89956,39.88365787828158,0.5045111427709293,0.6057,0.16298,0.28474,0,651.9004588589011
"2026-04-01","24d2f5ce-352f-4094-b46f-e9de3f61a89f",,"Bombay Kookware Stainless Steel Lime Squeezer","1 pc","Kitchen Tools","Bombay Kookware",,,115.23680074101026,249,,66.30294,55.086665193914136,0.8492857083426378,0.76097,0.20104,0.14414,0.27721,111.52006952292422
"2026-04-01","6547e491-8314-441e-a7fd-1f75e3361946",,"BAY6 Cheese & Vegetable Grater","1 pc","Kitchen Tools","BAY6",,,99,229,,2.72131,56.76855895196506,0.003977690394045116,0.00344,,,,99
"2026-04-01","68f3a504-13d7-4d51-9049-f82321115b4f",,"Petals SS Fruit Basket-Colander-Rice Vegetable Strainer Drainer | 25 Cm - 10 inch","1 pc","Kitchen Tools","Petals",,,699,829,,1.36586,15.681544028950542,0.005759834649193714,0.00973,,,,699
"2026-04-01","a16cbb60-f5f3-4d83-9a16-55c56e68ce77",,"Rusabl Bamboo Chopping Board - BPA Free, Eco-Friendly, Anti-Microbial | Large - 34 x 24 cm)","1 pc","Kitchen Tools","Rusabl",,,479,1099,,4.27877,56.41492265696087,0.04031693186338069,0.03519,0.02634,0.02206,0.03207,478.99999999999994
"2026-04-01","b36842ae-e16b-4391-9376-cce4882a03d5",,"Stehlen Melamine Oriental Tray - Desire","1 pc","Kitchen Tools","stehlen",,,,,,0,,0,0,,,,
"2026-04-01","9c5bd1d3-62c3-4fb2-9afa-b569e194b805",,"Everest Stainless Steel Lemon Squeezer with Opener","1 pc","Kitchen Tools","Everest Utility",,,156.15942075490395,289,,69.70211,45.80922763192833,0.925031529039756,1.00338,0.04664,0.07722,0.00569,156.62764054572267
"2026-04-01","73392c94-386a-4a9f-aa86-ba3256890919",,"Embassy Wooden Polpat & Rolling Pin (Chakla Belan), Size 10, Premium Sheesham Wood, Natural-Finish","1 set","Kitchen Tools","Embassy",,,710.7241379310345,1190,,4.92875,40.27528252680383,0.002067009418739602,0.00278,,,,796.8981937602628
"2026-04-01","9f864b1a-e32d-4734-9704-75775daeb64a",,"Happy Kitchen 100% Food-Grade Stainless Steel Ladle, 1.4 MM","1 pc","Kitchen Tools","Happy Kitchen",,,98.37796193419457,119,,41.58065,17.87692572756086,0.04065616458563267,0.06647,0.01695,0.02961,0,97.15318575755664
"2026-04-01","2abec4b8-1c79-4d01-8c63-645dbb38629e",,"Nirosta Stainless Steel 2-In-1 Multi-Purpose Super Scissors And Opener, 21 Cm","1 pc","Kitchen Tools","Nirosta",,,238.00148877270894,497.4757614468086,,54.22257,52.11493460266373,0.20015512255083392,0.19357,0.01502,0.02623,0,238.34280290082958
"2026-04-01","9340ba3f-2b4a-4bed-9c01-9540d2e69b70",,"Habitat Pro Series Slotted Turner With SS Insert","1 pc","Kitchen Tools","Habitat",,,194.14733950970464,299,,68.31563,35.330610839927836,0.04598366423959589,0.05863,0.12923,0.12232,0.13848,191.08116887454048
"2026-04-01","4e9dfa3e-cf8a-49d7-85bf-85c4729458fc",,"Petals 6 Sided Non Slip Hex Universal Kitchen Vegetable Grater Slicer | 20 cm","1 pc","Kitchen Tools","Petals",,,267.53731343283584,379,,6.79518,29.123582685587962,0.012889801255951962,0.01865,0.00371,0.00649,0,273.70656246654534
"2026-04-01","74830ab7-0d5c-43a3-9aed-91b143bfe98d",,"KVG Chopstick (Reusable - Wooden) | Sushi Stick | Sushi Chopstick | Noodle Chopstick","1 pack (4 pcs)","Kitchen Tools","Kvg",,,48.654968653807174,69,,73.64526,30.26789824121575,0.6182885471866927,0.86354,0.33678,0.58839,0,12.02874529416375
"2026-04-01","689f82ac-ac60-440f-98b0-67832289e330",,"Uttam Stainless Steel Vegetable Slicer Classic 2 In 1","1 pc","Kitchen Tools","Uttam",,,105.3076923076923,269,,1.25,60.85215899342293,0.0018689933903897574,0.00146,,,,105.00368663594472
"2026-04-01","38399407-8491-4cde-8c6d-7763e0ed059c",,"Fackelmann 4-Sided Stainless Steel Kitchen Grater Ideal for Slicing | Shredding and Zesting","1 pc","Kitchen Tools","Fackelmann India",,,312.8234505287971,343.8445988793103,,39.26345,9.407404100980441,0.12132893672498204,0.22184,0.73548,1.28496,0,308.4081677205821
"2026-04-01","9bfbf448-704a-4e79-83ef-1f7f28fb0bce",,"Anjali SS Peeler 5","1 pc","Kitchen Tools","Anjali",,,,,,0,,0,0,,,,
"2026-04-01","883007f4-bdd9-4d44-af55-5c6524bc6c0c",,"Stainless Steel Bottle Opener","1 pc","Kitchen Tools","Pichai",,,99,149,,0.27828,33.557046979865774,0.000258810423018656,0.00034,,,,99
"2026-04-01","824edd04-7ef8-498a-9baf-95512a6f1e1c",,"Judge by Prestige Stainless Steel Laddle 1.5(27cm)","1 pc","Kitchen Tools","Judge by Prestige",,,114.08,160,,6.89494,28.632425742574256,0.001667503396630267,0.00246,,,,117.63507109004739
"2026-04-01","8393abf2-0208-4009-b4d5-470da54d7caf",,"Birch & Co. Serving Tray - Mughal With Four Free Matching Coasters","1 set (5 pcs)","Kitchen Tools","Birch & Co.",,,,,,0,,0,0,0.0003,0.00052,0,
"2026-04-01","9aec5a7f-628c-409c-bb97-e198bedcaced",,"YouBee Silicone Ice Cube Trays | 2 Pcs | 24 Cavity Per Ice Tray | Multi-Color","1 pc","Kitchen Tools","Youbee",,,147.63244702119152,399,,1.59905,62.80819467789376,0.08712409960333324,0.06509,0.08858,0.15475,0,148.62341510315466
"2026-04-01","8dbdc35f-5d13-45bd-bb83-23fe25ece565",,"Frenchware Non-Stick Silicone Spatulas - Heat-Resistant, Food-Grade & BPA-Free - Red","1 set","Kitchen Tools","Frenchware",,,559.0880952380952,1316.9551065306123,,26.06374,57.626831078519814,0.07146381093318827,0.06219,0.03312,0.05499,0.00384,559.2162624035282
"2026-04-01","802ffa52-d519-4ebb-8d16-c6600350e792",,"Ice Cream Scoop Medium | ASSORTED","1 pc","Kitchen Tools","Soham Housewares",,,69.05938697318007,99,,8.01967,30.266770703008792,0.018387872611528824,0.0257,0.01437,0.00775,0.02322,69.0358495479976
"2026-04-01","3c02ec55-735f-4901-874c-6d897b4ed7e9",,"Prestige Truedge 6 Pc Set (Utility + Paring + Vegetable + Peeler + Scissors + Board)","1 set  (6 pcs)","Kitchen Tools","Prestige",,,671.6666666666666,895,,31.88034,26.36418143220321,0.027360951566374962,0.03537,0.04323,0.07552,0,578.150979153506
"2026-04-01","e17b29de-c6d9-4977-83a3-af9b20182ed6",,"Fackelmann Bamboo Slotted Turner | Withstands Temperature Up to 230 C","1 pc","Kitchen Tools","Fackelmann India",,,,,,0,,0,0,,,,
"2026-04-01","3442ad1c-2545-4257-b58a-e471736425d1",,"Crystal Stainless Steel Bottle Cum Can Opener, Multicolour","1 pc","Kitchen Tools","Crystal Cookware brand",,,137.41358899802526,160,,53.57155,14.066952273624134,0.09976950739271659,0.17129,0.21211,0.37059,0,137.47990074668257
"2026-04-01","00ef0cf2-5e6c-4078-acc3-e913284e8e09",,"Stehlen Melamine Slant Tray Medium - Bubble Tea","1 pc","Kitchen Tools","stehlen",,,,,,0,,0,0,,,,
"2026-04-01","2771ca03-a602-4b3f-b3d8-791d7257428e",,"Joyo Plastics Oil Dispenser- 1000 ml (s) (Colour May Vary)","1 pc","Kitchen Tools","Joyo",,,60.01316475686027,149.31739287500002,,80.63627,59.735870689436624,1.8948546310887882,1.51074,0.6267,1.0949,0,60.06355546311006
"2026-04-01","e9fd910d-c3ee-40a5-a847-473b9545bdd2",,"Jenosn Stainless Steel Oval Tray 19 Cm","1 pc","Kitchen Tools","Jensons",,,66.27440377141397,129,,57.80761,48.608675003124254,0.026382682907018545,0.02712,0.04487,0.0089,0.09302,66.27107777085898
"2026-04-01","2d0acadd-56f2-4a0c-afbb-c4fd3cc196ed",,"JASCO Stainless Steel whisk","1 pc","Kitchen Tools","JASCO",,,111.79712582016711,199,,1.38387,44.608517234577995,0.011790464902069362,0.01252,0.00168,0.00294,0,105.36538918643808
"2026-04-01","18777270-e254-4c18-87ba-8ee5fe3508da",,"Anjali Multislice With Collector","1 pc","Kitchen Tools","Anjali",,,565.8571428571429,795,,32.30965,28.875594416321523,0.028888454156996483,0.04068,0.02642,0.04616,0,559.031640639045
"2026-04-01","bcf7031f-c3bf-4999-9794-a2633a5116f0",,"Sanjeev Kapoor by OGGN Wooden Jali Plain Serving Tray,Snack,Breakfast,Coffee - 14x9 Inch","1 pc","Kitchen Tools","OGGN",,,561.5916643460503,1299,,9.29825,56.75941351514608,0.04287047013774127,0.03709,0.00004,0.00007,0,561.1068853559968
"2026-04-01","9f46e873-ff5b-47ff-8fd3-eff95e44b7db",,"Anjali Egg Beater Small","1 pc","Kitchen Tools","Anjali",,,,,,0,,0,0,,,,
"2026-04-01","a2d4ec8f-5b6a-4a72-b5e2-65157537636c",,"Fackelmann Manual Vegetable Chopper 1000 ml Safety Lock | Chop Vegetables | Fruits | Nuts","1 pc","Kitchen Tools","Fackelmann India",,,,,,0,,0,0,,,,
"2026-04-01","f14a8696-563f-4adb-af26-1be47c5893ed",,"Anjali Potato Masher Deluxe","1 pc","Kitchen Tools","Anjali",,,125.04649614990747,170,,38.77276,26.58554169160258,0.09536590883944882,0.1401,0.06902,0.12059,0,124.76294621068023
"2026-04-01","73419cbf-97ec-4357-aae3-a7b7e6b9f046",,"Crystal Stainless Steel Spatula Silver Standard","1 pc","Kitchen Tools","Crystal Cookware brand",,,108.80057406026394,135,,80.02696,19.420238274547355,0.1001743980612109,0.16171,0.3121,0.54526,0,108.76693117938677
"2026-04-01","044085e6-6064-438f-afe4-eddca448c87d",,"Happy Kitchen Stainless Steel Sharp Peeler | Poly Grip | Double Sided Blade | Durasharp - Assorted","1 pc","Kitchen Tools","Happy Kitchen",,,47.009979958804216,58.53067,,27.48307,19.93160055784308,0.16595862294616828,0.26545,0.12558,0.2194,0,47.11255557353739
"2026-04-01","f2fefc5d-3342-4236-ad3b-23fbb1f5faef",,"Zenker Baking Brush Silicone 25 cm","1 pc","Kitchen Tools","Zenker",,,,,,0,,0,0,,,,
"2026-04-01","4dd18474-42ad-466b-a108-62eac53410ac",,"BAY6 Steel Potato & Vegetable Masher","1 pc","Kitchen Tools","BAY6",,,143.62857142857143,229,,35.63448,37.06651277476508,0.011992823387181264,0.01504,0.01034,0.01806,0,143.45093505217216
"2026-04-01","5f9b0049-3c85-405c-a7e1-4d8d32e47808",,"Nirosta Nirosta Stainless Steel Fine Serration Tomato Knife Durable | Long-Lasting","1 pc","Kitchen Tools","Nirosta",,,99,129,,0.07142,23.25581395348837,0.00022407076892219213,0.00034,,,,99
"2026-04-01","71d81373-d8d6-4f4f-a6f4-6a6296c3ba71",,"Habitat Pro Ultimate Tomato Knife Stainless Steel with Precision | Safety And Comfort","1 pc","Kitchen Tools","Habitat",,,98.96849475752744,129,,59.63083,23.69299228708048,0.1611565605604141,0.24617,1.29508,1.82564,0.58492,98.38527380395043
"2026-04-01","e51fb428-e457-4393-8eab-4d2d83723e85",,"Sanjeev Kapoor by OGGN Wooden Ovel Taper Serving Tray,Snack,Breakfast,Coffee - 14x9 Inch","1 pc","Kitchen Tools","OGGN",,,549.7317073170732,1299,,2.08398,57.68539902489094,0.02707608640278396,0.02292,0.00004,0.00001,0.00007,549.0019204916458
"2026-04-01","f163ceda-fa1c-466f-8b4b-3fbbd1e0310b",,"Water Dispenser Big","1 pc","Kitchen Tools","Soham Housewares",,,196.04055663892441,399.03094732217573,,71.48991,51.12089732398505,2.4427604653777744,2.38986,1.24616,0.71964,1.95091,195.02651139295472
"2026-04-01","73df3ca3-422a-49fa-9be2-9925a702242a",,"Nirosta Klasse Kitchen knife 23.6 cm","1 pc","Kitchen Tools","Nirosta",,,141.605,175,,11.02506,18.885204081632654,0.010778846174780334,0.01764,0.02593,0.0453,0,142.94704992435703
"2026-04-01","b415e0ca-13a4-4b82-bf03-30be727df6e0",,"Umai 3000 ml Borosilicate Printed Glass Baking Tray | Transparent Microwave Oven Safe Utensils","1 pc","Kitchen Tools","Umai",,,,,,0,,0,0,0.00083,0.00145,0,
"2026-04-01","80d5dece-941c-48ce-b566-3f867cd34d18",,"Crystal Stainless Steel Chopping Board Heavy And Strong","1 pc","Kitchen Tools","Crystal Cookware",,,339.84507042253523,399,,9.63144,14.694269921378789,0.006237504893020092,0.01124,0.00121,0.00211,0,358.6279069767442
"2026-04-01","8d18f9a4-8e05-4609-be3f-e47fb91eb387",,"Everest 4In1 Slicer","1 pc","Kitchen Tools","Everest Utility",,,29.06559940284832,49,,34.29566,40.58565318465257,0.06467081897116574,0.07686,0.19048,0.049,0.37985,29.115742073039264
"2026-04-01","5a8e85af-8de2-42d0-9bb9-a1b4c06d1546",,"Habitat Professional Utility Knife With Ultra Razor-Sharp Blade With Precise Cutting","1 pc","Kitchen Tools","Habitat",,,199,289,,3.55208,31.141868512110726,0.0010039760033878065,0.00138,0.00059,0.00104,0,199
"2026-04-01","b79bea6e-4153-4d3c-ba8f-66b3efd673fe",,"Petals 6 Sided Hex Kitchen Grater Slicer With Food Collector Container Box | 25cm","1 pc","Kitchen Tools","Petals",,,,,,0,,0,0,,,,
"2026-04-01","16ec4645-9d41-4746-b4d4-bc7052ed4818",,"Sanjeev Kapoor by OGGN Wooden Jali Plain Serving Tray,Snack,Breakfast,Coffee - 12x8 Inch","1 pc","Kitchen Tools","OGGN",,,469,1199,,11.36633,60.88407005838198,0.05206605657707527,0.04079,,,,469.0000000000001
"2026-04-01","42779be5-6148-4c8e-b471-e0b440d67d60",,"KVG Ss Jhara | Skimmer Puri Jhara Fraying","1 pc","Kitchen Tools","Kvg",,,90.38888888888889,109,,8.82419,16.922565004515842,0.004392655562227376,0.00739,0.05405,0.03969,0.07327,91.55625702002403
"2026-04-01","756918f2-2336-45b3-9f7f-a7e156cc76eb",,"KVG Barbeque Stick Srewers | Grilling Scweres | Wooden Decorative Stick","1 pack (40 pcs)","Kitchen Tools","Kvg",,,68.12268705777154,79.02148404166665,,78.90332,14.282383096842935,0.9792771515148436,1.68421,0.37503,0.64348,0.01571,1.693182849523939
"2026-04-01","196231b2-f070-4bda-82cb-c1b93c55fec7",,"Petals All Purpose Multifunctional Kitchen/Household/Garden Scissor | 21 cm","1 pc","Kitchen Tools","Petals",,,189,229.40716479041916,,27.82447,17.76597991345472,0.031027895754527208,0.05001,0.12764,0.00419,0.29287,189.00000000000003
"2026-04-01","9ee4b949-8b09-4e65-b667-b581dc7fa2f5",,"Ice Tray With Lid 18 Cubes Tray (White)","1 pc","Kitchen Tools","Bombay Kookware",,,57.92307692307692,235,,3.39514,75.3518821603928,0.0004081909356334507,0.00018,,,,52.59230769230769
"2026-04-01","dec2a1fb-a923-4e5c-a1f2-57a4fb242ab4",,"Petals Stainless Steel Cooking/Serving/Spoon - Soup/Dal/Sambar/Curry Ladle | 26.5 cm","1 pc","Kitchen Tools","Petals",,,112.2379335872825,137.79591294117648,,48.7865,18.46246597966403,0.022020771938666535,0.03582,0.01816,0.03172,0,112.4642912123498
"2026-04-01","3f861a4e-b1f5-4bfb-82f5-4ef3a867d761",,"Birch & Co. Serving Tray - Peacock With Four Free Matching Coasters","1 pc","Kitchen Tools","Birch & Co.",,,679,1499,,0.72874,54.70313542361574,0.013018685372649845,0.01181,0.00047,0.00081,0,679
"2026-04-01","2cfb3e75-ac13-42d2-b31c-f358885ea07f",,"Nayasa Chop N Slide","1 pc","Kitchen Tools","Nayasa",,,171.9027012528355,325,,51.90186,47.207647865404354,0.0610469519540931,0.06447,0.05525,0.09654,0,170.89569592738624
"2026-04-01","719820e2-1e0a-42f6-aba0-c5c89955ad07",,"Bombay Kookware Manual Ice Cream Maker | 8 Popsicles Multicolor","1 set","Kitchen Tools","Bombay Kookware",,,128.75876066335627,460,,16.80986,72.03743818235054,0.2815598592019959,0.15765,0.0913,0.01557,0.19267,128.59779423186745
"2026-04-01","6f01b1d9-3190-4d21-86b4-0e59b6b4704f",,"Saffron Silicone Honeycomb 37 Cavity Ice Cube Tray for Freezer | Pack of 2","1 pack (2 pcs)","Kitchen Tools","Saffron",,,87.89175880499764,499,,26.64405,82.06237419821251,1.4836894599698682,0.5329,0.49396,0.49655,0.49048,44.8020550838666
"2026-04-01","f44efbc3-7ed7-4d5f-94e7-be8e6acb6d67",,"BAY6 Nylon Kitchen Tool Set - Black (3pc)","1 set  (3 pcs)","Kitchen Tools","BAY6",,,89.0047238372093,199,,6.16855,55.27451918063267,0.02102826002113056,0.01888,0.00124,0.00216,0,89.0066520546029
"2026-04-01","187601c0-f9c5-47ea-bc60-46f7223216e1",,"Anjali Olive Strainer | Large","1 pc","Kitchen Tools","Anjali",,,,,,0,,0,0,,,,
"2026-04-01","ea5185d9-cf03-4d36-b64f-b50cff76d7c4",,"Greenchef Stainless Steel Knife 3Pcs Set - Culter","1 pack (3 pcs)","Kitchen Tools","Greenchef",,,225,499,,0.2455,54.90981963927856,0.0008667543697067742,0.00078,,,,75
"2026-04-01","f4b0e164-7af5-489b-a5ec-baee96323829",,"Stehlen Melamine Slant Tray Medium - Walnut","1 pc","Kitchen Tools","stehlen",,,,,,0,,0,0,,,,
"2026-04-01","8ce7cf3e-992a-4b1c-a8d0-ff811cf04bf3",,"Vesta Homes Acacia Wood Small Serving Tray For Home, Kitchen, Restaurant, Office | 25 x 18 x 3.5 Cm","1 pc","Kitchen Tools","Vesta Homes",,,409.9490511558821,799,,44.78959,48.69424581150806,0.20802539118638785,0.21374,0.04123,0.0535,0.02479,409.9108741529943
"2026-04-01","9064e3e7-2583-4761-8715-b349c6b0952e",,"Godrej Cartini Precision Carving Knife - Teal","1 pc","Kitchen Tools","Godrej Cartini",,,230.91885593220337,280,,7.74393,17.389328917050694,0.005836261888205935,0.00978,0.05106,0.08921,0,233.19989552785924
"2026-04-01","c790cd78-8d3b-4d5d-8a75-bec2d6779bad",,"Trustbasket Premium Stainless Steel Skewers (Set Of 3) | Rustproof Bbq Kabab Skewers","1 set  (3 pcs)","Kitchen Tools","TrustBasket",,,206.78947368421052,399,,10.58738,48.06884460778105,0.050101181741379265,0.05235,0.01086,0.00677,0.01633,208.18254556025445
"2026-04-01","e83b847a-7729-4dcf-b129-a74ef7dafc28",,"Tramontina Ultracorte Stainless Steel Chef Knife/,15cm/5.9 inch | Black | Straight/Plain Edge | Antimicrobial |Polypropylene Handle |Dishwasher Safe | 5 Year Warranty | Made in Brazil","1 pc","Kitchen Tools","Tramontina",,,573.203680137953,695,,35.72745,17.214369262960957,0.036626712106983816,0.05987,0.13233,0.23119,0,570.7159085895182
"2026-04-01","528fa533-08cd-4014-8381-a8fb3371b0dd",,"Capsicum Steel Oil Dispenser 750Ml With Handle","1 pc","Kitchen Tools","Capsicum",,,211.679233059083,599,,78.89435,64.7752782173883,0.6053777284400123,0.42695,2.42825,4.22949,0.01728,210.8497692376782
"2026-04-01","3856c55c-e200-41ea-ba5e-6fbc9dc1c5ee",,"Stehlen Melamine Slant Tray Set of 3 - Rose Garden","1 pack (3 pcs)","Kitchen Tools","stehlen",,,,,,0,,0,0,,,,
"2026-04-01","6d3170cf-f51c-40e2-8a73-428c9328a8cf",,"KVG Bottle Opener For Coldrink | Beer Bottle Opener Bar Tool | Assorted","1 pc","Kitchen Tools","Kvg",,,86.29196753932875,89.009722875,,77.23538,5.664686631401409,0.5356052175665105,1.01468,0.24312,0.42476,0,83.96342736358592
"2026-04-01","0a3c8a78-b268-4104-bbb5-10612f7e0fb3",,"Frenchware Oil Dispenser, BPA-Free Plastic, 100% Food-Grade | 2 Pack, 1 L Each - Textured Yellow","1 pack (2 pcs)","Kitchen Tools","Frenchware",,,224.25,399,,5.24562,43.737392261140656,0.004359305494294772,0.0051,0.00006,0.00011,0,116.51628815723296
"2026-04-01","85e3e18f-7677-4e75-a3ed-ad343ce2a64b",,"Godrej Cartini Handy Stainless Steel Knife Set (3 Pieces, Assorted Color)","3 pcs","Kitchen Tools","Godrej Cartini",,,140,180,,1.03968,21.767676767676768,0.0028139119818135754,0.00435,0.00166,0.00289,0,139.02449479485608
"2026-04-01","4d309e74-e1dd-4c8f-a8b0-c69eb37b54c7",,"Capsicum Stainless Steel Tea Strainer, Chalani, 8 cm, Medium","1 pc","Kitchen Tools","Capsicum",,,93.86295649267592,299,,68.08794,68.6582152655778,0.8957156034391027,0.55858,1.75294,2.95206,0.14792,93.71199096591536
"2026-04-01","7a698610-ccd9-44ab-b0ac-caf135d98976",,"Femora Vegetable Acacia Wood Chopping Board Anti Bacterial Seasoned 135 X 95 Inch (34 X 245 Cm)","1 pc","Kitchen Tools","Femora",,,422.83838383838383,500,,31.51919,15.379297597042509,0.030918292145852865,0.05239,0.05225,0.01623,0.10045,423.04566056739975
"2026-04-01","35c4c3dc-d202-476b-910a-2a7c6e8cc347",,"Tramontina Plenus 3 Pc Knife Set for Kitchen Use, Set of Vegetable/Tomato/Fruit, Kitchen Knife Set with Polypropylene Handle, Dishwasher Safe, Made in Brazil","1 pack (3 pcs)","Kitchen Tools","Tramontina",,,217.7064275271512,425,,3.58706,49.31797658558364,0.020980145600206956,0.01917,0.00214,0.00373,0,69.0182082023589
"2026-04-01","00979129-a53a-4598-a8d3-639f58af863b",,"Frenchware Plastic Colander Bowl, Food-Grade Plastic, BPA-Free, Dishwasher-Safe - Green & White","1 pc","Kitchen Tools","Frenchware",,,213.09069856182316,399,,7.44944,46.471848717783494,0.03162420191709301,0.03381,0.00369,0.00644,0,212.8908137683988
"2026-04-01","946ed19c-4552-41ef-8438-f97d3d413c2f",,"Everest Stainless Steel Butter Knife Set of 4 Pcs","1 pack (4 pcs)","Kitchen Tools","Everest Utility",,,89.27843474933027,189,,2.57823,52.77255112725198,0.010505271398770681,0.00993,0.01344,0.00241,0.02819,22.29803605690339
"2026-04-01","dd92bc6c-2271-4268-b3be-37277e3ba58e",,"Pigeon Silicone 12Pcs Kitchen Tool Set","1 pack (12 pcs)","Kitchen Tools","Pigeon by Stovekraft",,,932,2495,,0.01409,62.64529058116233,0.004333771848533871,0.00324,0.00117,0.00205,0,77.66666666666666
"2026-04-01","db82db5f-0494-44b5-a4ab-494ef529c369",,"BAY6 Steel Mesh Colander - 20 cm (2000 ml)","1 pc","Kitchen Tools","BAY6",,,311.6769387092364,848.7225228571428,,47.2952,63.3868122657975,0.22475705078886776,0.16461,0.05497,0.07194,0.03226,309.56387105253197
"2026-04-01","3d483e12-3155-4e65-aefe-550465961dd5",,"Anjali Olive Universal Knife (270 mm)","1 pc","Kitchen Tools","Anjali",,,108.62198649951785,135,,13.12606,19.75186393245999,0.006223261634840543,0.00994,0.00366,0.00639,0,107.74291674248134
"2026-04-01","02a98388-38c8-40c5-84c2-6592006ce62f",,"Aluminium Cake Mould 5 X 3 Inch | Baking Tool","1 pc","Kitchen Tools","Soham Housewares",,,137.82746522296387,399,,57.99202,65.0296893052375,1.0511642651331974,0.73479,0.87736,0.39152,1.52765,139.5687590696039
"2026-04-01","53b615b8-3d92-46cc-9ba6-badcbaa1b929",,"OGGN Neem Wood Premium Jhara","1 pc","Kitchen Tools","OGGN",,,,,,0,,0,0,,,,
"2026-04-01","79b57bd0-51e3-4997-91a2-7f202f0799db",,"Habitat Pro Ultimate All Purpose Knife Stainless Steel With Precision | Safety & Comfort","1 pc","Kitchen Tools","Habitat",,,99.33719492355331,129,,78.09763,23.722230622903393,0.566919541769063,0.86534,1.61588,2.0192,1.07603,98.38891118128811
"2026-04-01","45735c52-e7c7-4f8b-a36a-9b070d3f95d5",,"Anjali Pakkad","1 pc","Kitchen Tools","Anjali",,,171.02702702702703,255,,81.37645,32.97017668532588,0.026160522819071656,0.03508,0.00063,0.0011,0,170.76820345761405
"2026-04-01","1299ca30-f7f6-4b4c-86c8-03d08dca9b98",,"Anjali Coconut Scraper Premier","1 pc","Kitchen Tools","Anjali",,,227.80683421798577,345,,25.99073,32.28802165460756,0.015263214423822377,0.02215,0.02709,0.04733,0,250.02065781323608
"2026-04-01","dd86f242-e7e7-42f5-a56d-793870d26a1c",,"Anjali Chopping Board Square | Set of 1 | 26 x 30 x 1 cm | Plastic","1 pc","Kitchen Tools","Anjali",,,180.24528301886792,260,,8.33734,30.494505494505493,0.0038748610179195828,0.00561,0.00063,0.0011,0,187.71609276177088
"2026-04-01","3fb80267-3f66-4702-bf46-7fc2fea9c6f3",,"Ritu 2 In One Vegetable Slicer Plain Slicer & Grater","1 pc","Kitchen Tools","Ritu",,,,,,0,,0,0,,,,
"2026-04-01","68a7066e-6353-4173-a911-b12761628920",,"Khatana Cheese Grater | 2 Inch","1 pc","Kitchen Tools","khatana",,,,,,0,,0,0,,,,
"2026-04-01","330b5002-6caf-40a2-ab00-cb7ce78fcbc2",,"Wonderchef Waterstone Silicon Spoon Black","1 pc","Kitchen Tools","Wonderchef",,,298.78926666820576,510,,24.5447,41.41297617072191,0.022660328970582434,0.02661,0.00296,0.00516,0,298.9948203535799
"2026-04-01","aaf04bf1-14f8-4bdf-9789-ba74541f0996",,"Anjali Kitchen Press Ss","1 pc","Kitchen Tools","Anjali",,,465.76,695,,2.97784,32.83240074606981,0.006036014899260602,0.00842,,,,483.8673148412925
"2026-04-01","b329d659-c461-41bf-80b9-6dcbcc849f6a",,"Bombay Kookware Wooden Chakla & Belan","1 set  (2 pcs)","Kitchen Tools","Bombay Kookware",,,262.2360785694805,599,,76.40671,56.33779766762566,2.7549148431494435,2.40597,0.29625,0.25675,0.34913,261.53688217007357
"2026-04-01","afff3ad4-9cf0-4265-9aa7-cbe6509b3ab8",,"Anjali Lazer knife","1 pc","Kitchen Tools","Anjali",,,39.57674633885712,50,,50.35851,20.98841096945019,0.45701282961272777,0.72041,1.52009,0.93542,2.30268,39.50334196792416
"2026-04-01","4edd5ed5-f2c9-48f2-86fb-8b53695a7905",,"Ritu Zebra Kitchen Knife 8"" ( Plain Knife )","1 pack (2 pcs)","Kitchen Tools","Ritu",,,,,,0,,0,0,,,,
"2026-04-01","cd21dc05-9bc7-49d3-a723-6b5e6e31c977",,"Ambition Chopping Board Medium Size - Assorted","1 pc","Kitchen Tools","Ambition",,,120.82925610091604,219,,24.04278,44.939316495216794,0.028043585769370483,0.02976,0.04802,0.03265,0.06859,119.1739820550775
"2026-04-01","3dfa58c7-4d75-4985-926f-bb5119a99dc8",,"OGGN Neem Wood Premium Spoon Large","1 pc","Kitchen Tools","OGGN",,,41.46864851479789,149,,13.95987,72.71275824207716,0.0277416981752722,0.01465,0.03077,0.0076,0.06179,39.760560088191575
"2026-04-01","71529e6c-d405-49cd-9da8-c386653e9a61",,"Fackelmann Butterfly Can Opener 15 cm","1 pc","Kitchen Tools","Fackelmann India",,,144.65217391304347,199,,6.55213,27.31046537032991,0.0006913191165196315,0.00097,,,,139.58823529411765
"2026-04-01","e2aa2ddc-a085-43b2-b601-d8f24b7ccca1",,"Kvg 3 Pcs Mini Sauce Bottle Brush and Funnel (Colour May Vary)","1 set","Kitchen Tools","Kvg",,,161.71128286157523,249,,62.99884,35.067457826594705,0.03696663962231771,0.0481,0.0348,0.03596,0.03325,161.87694815312855
"2026-04-01","6ec893b7-37f0-48ae-9fd1-e281d73770e1",,"Anjali Salad Knife","1 pc","Kitchen Tools","Anjali",,,,,,0,,0,0,,,,
"2026-04-01","2301ace8-bd0b-488a-a058-43039c7cbe91",,"Crystal Laser Edge Stainless Steel Knife Set, Set Of 3, Multicolour","1 set  (3 pcs)","Kitchen Tools","Crystal Cookware brand",,,220.84484978201806,390,,20.95423,43.43898187328054,0.046986076958549346,0.05276,0.01655,0.02891,0,219.0614878838913
"2026-04-01","b0e92e97-a153-47eb-a8a9-37290d719e1c",,"Petals Wooden Manual Churner Lassi Whisker Rawai Madhani Blender Tool - 26cm","1 pc","Kitchen Tools","Petals",,,97.37071253400437,149,,14.81082,34.70572243144446,0.015321577042704435,0.02013,0.00798,0.01395,0,97.34242882573548
"2026-04-01","1214f84d-5974-4dae-a041-66c25411335f",,"Wonderchef Ambrosia Vegetable Chopping Board | 11.5 Inch X 8 Inch | 6Mm Thickness","1 pc","Kitchen Tools","Wonderchef",,,199.00746268656715,500,,9.73288,60.1985294117647,0.0034739654096463896,0.00277,,,,199.00024224806202
"2026-04-01","67508067-4afb-48a0-af7a-a99d10c894f2",,"Sanjeev Kapoor by OGGN Wooden Taliya Ziri Tray Serving Tray,Snack,Breakfast,Coffee - 14x9 Inch","1 pc","Kitchen Tools","OGGN",,,560.0123456790124,1299,,7.56765,56.856405379703844,0.04287047013774127,0.03709,0.00009,0.00011,0.00007,561.1029619751889
"2026-04-01","e9bb5fa9-88d1-4dec-9280-a53c607f4cf4",,"BAY6 Melamine Platter - BBQ Small -8.5*5.5 Inch - Creame Colour","1 pc","Kitchen Tools","BAY6",,,99.65657270090544,249,,65.8132,60.00925848746982,0.018480974884507343,0.01472,0.00885,0.01546,0,99.4277938308573
"2026-04-01","8889a8a7-2465-420c-9b1f-112c2387c439",,"Sanjeev Kapoor by OGGN Acacia wooden Chakla, Roti & Chapati Maker, Kitchen Tool - 9 Inch","1 pc","Kitchen Tools","OGGN",,,402,999,,2.7198,59.75975975975976,0.0017352457221183715,0.0014,,,,401.99999999999994
"2026-04-01","e33d1fbd-aaae-4327-bbfc-212e1bf7b878",,"Fackelmann Bamboo Chopping Board Natural 20x28 cm | Durable and Easy to clean","1 pc","Kitchen Tools","Fackelmann India",,,365.6666666666667,699,,0.26426,47.68717215069147,0.002428301821342826,0.00274,,,,393.93924231593996
"2026-04-01","67bb5112-866d-42af-8448-058898a46d16",,"Kvg Stainless Steel Khalbatta Mid","1 pc","Kitchen Tools","Kvg",,,399,630,,3.04054,36.666666666666664,0.0010942991040386128,0.00121,,,,351.130898021309
"2026-04-01","46d1a0ec-b9be-4d34-bf4e-96b9066d5a1f",,"Vesta Homes Large Teak Wood Serving Tray For Home, Kitchen, Restaurant, Office |38 X 25 X 6 Cm","1 pc","Kitchen Tools","Vesta Homes",,,826.94305469191,1501.5425116312058,,49.76936,44.927337194703725,0.07420615922756316,0.0817,0.02096,0.02122,0.02062,824.518973071782
"2026-04-01","50246b85-f651-4d91-81f7-18f83477e9a9",,"BAY6 Steel Hand Blender","1 pc","Kitchen Tools","BAY6",,,131.20724702580435,314.1013204166667,,14.68643,58.438567953931454,0.11200481356549118,0.09278,0.001,0.00175,0,131.9048881747308
"2026-04-01","e7480d75-8e8d-45d4-91a6-5e8b4f22912a",,"BAY6 Steel Mesh Colander - 20 cm (1200 ml)","1 pc","Kitchen Tools","BAY6",,,263.70588235294116,649,,21.84428,59.536967590446594,0.04537415700847343,0.03673,0.01493,0.02609,0,262.35431069462624
"2026-04-01","51808bb1-286d-4f0d-86c9-f765c8443d32",,"Tramontina Plenus Stainless Steel Kitchen Knife Chaku, 12 Cm 5.9 Inch | Edge Knife | Black","1 pc","Kitchen Tools","Tramontina",,,268.31774491427296,395,,47.9864,33.04045838192832,0.03873106665387711,0.04715,0.02762,0.04826,0,240.57758786611961
"2026-04-01","7e697016-6bb5-4b5c-8805-f45cfbbd4121",,"YouBee Plastic Dry Fruit Cutter and Slicer | Multi-Colour","1 pc","Kitchen Tools","Youbee",,,89.48374362877644,249,,49.02129,64.10155655903723,0.15211417599564547,0.10903,0.11952,0.20445,0.00584,89.34551871814953
"2026-04-01","b1aa6850-9dd6-4bf2-8f0d-6585cefdf499",,"Tramontina Polywood Stainless Steel Chef Knife/,15.2cm/6 inch | Straight/Plain Edge Knife | Treated Brazilian Polywood Handle | Impact Resistant | Heat Resistant |Dishwasher Safe | 5 Year Warranty","1 pc","Kitchen Tools","Tramontina",,,1013.5637583892617,1195,,19.89267,15.049887351142582,0.04871663282736469,0.08439,0.03731,0.06519,0,1033.5580015402252
"2026-04-01","49524bf4-fd1d-43b9-9714-c24ac610df2b",,"Femora Stainless Steel Cutting Board For Kitchen Chopping Board | 20 cm x 30 cm","1 pc","Kitchen Tools","Femora",,,564.0666666666667,587,,5.98523,3.9068710959682,0.003058826543193646,0.00613,,,,586.6152125279642
"2026-04-01","c366035a-88db-4da1-9e06-47beec7f54d3",,"Petals Ss Fruit Basket-colander-rice Vegetable Strainer Drainer | 23 cm-9 Inch","1 pc","Kitchen Tools","Petals",,,,,,0,,0,0,,,,
"2026-04-01","585d5a95-2a7c-4be0-8c41-6f7d3d021909",,"Cutting EDGE Silicone Baking Mat|Non-Stick Glass Fiber Sheet for Dough,Cookies,Macaroons|Medium Size","1 pc","Kitchen Tools","Cutting Edge",,,183.30769230769232,500,,0.97236,63.33846153846154,0.0008684913524115974,0.00069,,,,198.6015625
"2026-04-01","d55497fe-3fdf-48d6-813c-2f13647c9842",,"Oggn Blue Floral Printed Wooden Brown Square Tray 12x12","1 pc","Kitchen Tools","OGGN",,,,,,0,,0,0,,,,
"2026-04-01","c74efc75-89cc-4bbb-8fe4-1fd507009967",,"Petals Stainless Steel Cheese/Ginger/Garlic Grater Slicer","1 pc","Kitchen Tools","Petals",,,128.72775955343747,195,,67.61386,34.004826111154415,0.10450782251320379,0.13799,0.66368,0.98933,0.2278,128.6951433448527
"2026-04-01","7bd467bb-95af-4d5a-b531-b066a237062e",,"AGARO Multi Utility SS Professional Kitchen Knife With Scissors Set Black","1 Pack (17 Pieces)","Kitchen Tools","Agaro",,,2599,4599,,18.71554,43.487714720591434,0.2250327099441232,0.25469,0.06085,0.10631,0,152.88235294117652
"2026-04-01","cd0b16ba-21d7-47da-afef-da5a04235bd7",,"Oggn Vintage Printed Wooden Brown Rectangle Tray 12x6","1 pc","Kitchen Tools","OGGN",,,,,,0,,0,0,,,,
"2026-04-01","773a12c7-65cf-4a66-a25e-f1a90281c90f",,"Crystal Plastic Impel Hand Beater / Blender (Colour May Vary)","1 pc","Kitchen Tools","Crystal Cookware",,,149.24280348124918,250,,43.99572,40.36247547998175,0.10015008030334335,0.11961,0.01774,0.03099,0,148.84585587356818
"2026-04-01","97bcc285-b439-40c6-be19-e6d3b4226405",,"Nirosta Nirosta Stainless Steel Universal Scissors Soft Comfort Grip Handle Ergonomic | 20 cm Black","1 pc","Kitchen Tools","Nirosta",,,,,,0,,0,0,,,,
"2026-04-01","b352057e-b963-4722-90c4-ec7e05a7c5e5",,"Rusabl Bamboo Chopping Board - BPA Free, Eco-Friendly, Anti-Microbial | Medium - 32 x 22 cm","1 pc","Kitchen Tools","Rusabl",,,352.510999372536,1049.0852513043478,,56.06585,66.4419223946535,0.019988328475752916,0.01339,0.00354,0.00618,0,352.7398129292771
"2026-04-01","55a3c1ec-8aaa-43d4-b48e-296541d29d23",,"Ritu Chopping Board No.3 Brown Color","1 pc","Kitchen Tools","Ritu",,,159,230,,0.76244,30.869565217391305,0.0007990120442186695,0.00111,,,,159
"2026-04-01","506ea4d1-f59c-4d4d-b3d0-d3178eaa74d1",,"Embassy Pakkad / Tong, Size Big (Utensils Holder), Premium Stainless Steel","1 pack (2 pcs)","Kitchen Tools","Embassy",,,223.33333333333334,340,,3.3871,34.31372549019608,0.0011811482392797723,0.00162,,,,111.74646892655367
"2026-04-01","e325b42e-709c-4fd6-8e3e-649012cf1490",,"BAY6 Steel Oil Dispenser - 500 ml","1 pc","Kitchen Tools","BAY6",,,289,899,,9.56514,67.853170189099,0.08635357407547369,0.05559,0,0,0,288.99999999999994
"2026-04-01","07c564da-8cbe-491b-bc05-f9e5fd24ac57",,"Youbee 2 In1 Hand Press Manual Citrus Juicer For Orange, Lemon, Hand Squeezer Juicer","1 pc","Kitchen Tools","Youbee",,,138.39387983418908,349,,26.13553,60.36593094922556,0.24344681099449486,0.19317,0.10643,0.18594,0,138.32852261203266
"2026-04-01","5e699e54-6092-467f-b02c-c4d5cb839801",,"Proclean Plastic Handy Juicer","1 pc","Kitchen Tools","Pro Clean",,,145,347,,0.14127,58.21325648414986,0.0006027329985736486,0.0005,,,,145
"2026-04-01","c4bf39ed-47d1-47b0-b5ab-17c13a6ca595",,"BAY6 Steel Whisk with Pipe Handle","1 pc","Kitchen Tools","BAY6",,,99.32908496732026,219.01078470588234,,1.979,54.591766157180345,0.005636508877151267,0.00519,,,,99.22600067957866
"2026-04-01","8f2f6619-2a66-4064-907f-35bb5b5ec4fa",,"Tramontina Ultracorte Stainless Steel Tomato Knife/,12cm/4.7 inch| Black |Micro-Serrated Edge/Wavy/Serrated Edge | Antimicrobial |Polypropylene Handle |Dishwasher Safe |5 Year Warranty|Made in Brazil","1 pc","Kitchen Tools","Tramontina",,,362.44827586206895,395,,14.69576,8.175484607630631,0.029859427488992646,0.05498,0.01376,0.02403,0,363.1517086341356
"2026-04-01","10cd4fac-eda8-4fcc-a834-5acd368519df",,"Sanjeev Kapoor by OGGN Marble Chakla/Rolling Pin Board/Roti & Chapati Maker - 9 Inch","1 pc","Kitchen Tools","OGGN",,,282.9226673130791,499,,17.06573,43.28981137890288,0.1622654503191732,0.18435,0.02652,0.04632,0,283.3053580528519
"2026-04-01","298c5edc-172f-450d-90ba-8dfbd75c67a8",,"Anjali Chilly Cutter Deluxe","1 pc","Kitchen Tools","Anjali",,,187.07608695652175,305,,5.86499,38.666456494325345,0.003766646995409098,0.00464,0.00305,0.00533,0,187.55694031557283
"2026-04-01","76cff5b3-25f3-4693-8561-2e7811ad817f",,"Signoraware Quick Chopper with 3 Steel Blades | 500 ml | Dark Cocoa","1 pc","Kitchen Tools","Signoraware",,,240.41950889647129,349,,42.76031,31.028058864682343,0.177097371937388,0.24442,0.12541,0.21911,0,240.81547012356418
"2026-04-01","aef0f045-0eb6-4d03-8b11-27af80922a4b",,"Oggn Blue Floral Printed Wooden Brown Square Tray 8x8","1 pc","Kitchen Tools","OGGN",,,,,,0,,0,0,,,,
"2026-04-01","8f7c226d-afea-4557-acc0-03a66e593da7",,"Proclean Fruite and Vegitable Bowl Big Size","1 pc","Kitchen Tools","Pro Clean",,,59.12823341728287,143,,20.17469,58.57992761261001,0.044897876350810904,0.03717,0.06321,0.02464,0.11483,59.23703926717879
"2026-04-01","d95c184c-2182-4886-9757-a173536ac80e",,"Habitat Pro Series Chinese Turner With SS Insert","1 pc","Kitchen Tools","Habitat",,,205.74322051230484,299,,82.24821,31.54154556621356,0.04198460895828143,0.05546,0.0749,0.05141,0.10633,196.69111659325807
"2026-04-01","a3692bb9-8337-46f3-b8f6-eb91e8d49621",,"Urbanfix Bulfyss Acacia Wood Multipurpose Food Serving Platter with Handle","1 pc","Kitchen Tools","UrbanFix",,,597.23504784689,4399,,14.11555,86.42227091780902,0.1564111238108371,0.04173,0.03136,0.02122,0.04492,587.9330861949743
"2026-04-01","c640c57c-c3ae-4fab-ba2b-1f6e7e30b3a4",,"Habitat Daimond Specialty Professional Stainless Steel Potato Masher |Ergonomic Handle","1 pc","Kitchen Tools","Habitat",,,165.38718305370827,199,,44.50473,16.868229125272162,0.023013978649284436,0.03826,0.03988,0.06967,0,165.64113155894074
"2026-04-01","2ce4047f-f149-481f-b9f1-290bcd62b55c",,"Petals All Purpose Thick Blade Household Scissor | Colour May Vary - 19 cm","1 pc","Kitchen Tools","Petals",,,151.08219376059915,182.41868554585153,,77.44698,17.295875515239675,0.030350472499646158,0.05,0.2606,0.04349,0.5512,149.9554003545932
"2026-04-01","695a7816-983b-44da-ba1d-6006b98ddf34",,"Petals Neem Wood Spatula - Oval Ladle/Serving/Cooking Spoon | 27cm","1 pc","Kitchen Tools","Petals",,,79.4,105,,10.9461,24.640497767764586,0.011439246999154112,0.01721,0.005,0.00874,0,78.89564547555395
"2026-04-01","09253700-62e0-4975-951f-fa5c8e2d37fa",,"Habitat Professional 4.5 Inch Steak Knife With Ultra Razor-Sharp Blade With Precise Cutting","1 pc","Kitchen Tools","Habitat",,,162,299,,3.46955,45.819397993311036,0.004674220458679217,0.00507,0.01196,0.00618,0.0197,162
"2026-04-01","9ff70452-0bf9-47f0-ad1f-28e8ac59c442",,"Saffron Silicone Regular 24 Cavity Ice Cube Tray | Pack of 2","1 pack (2 pcs)","Kitchen Tools","Saffron",,,99.95487790873607,499,,37.75992,80.55105279347657,1.300830516400582,0.50567,0.36448,0.42452,0.28411,48.49982606243495
"2026-04-01","c89f5896-0329-4192-ac5c-51fedfb529e9",,"Aluminium Nozzles 8 Pcs with 1 Coupler and 1 Piping | Baking Tool","1 pack (8 pcs)","Kitchen Tools","Soham Housewares",,,189.14142036124795,450,,3.3812,59.344012318741555,0.02580982601096785,0.01853,0.00113,0.00168,0.00038,20.28793564092975
"2026-04-01","bd967f3f-7779-45c0-922c-8cd75dad793f",,"Habitat Professional Knife Sharpener | Egronomic | Comfortable | Compact And Easy To Use","1 pc","Kitchen Tools","Habitat",,,258.78134490212074,299,,61.44167,13.411398299758822,0.01934095502166531,0.03351,0.06143,0.10732,0,258.99484197995514
"2026-04-01","fc84032c-7146-4477-b8c7-68e5a69e0dde",,"BAY6 Steel Lemon Squeezer","1 pc","Kitchen Tools","BAY6",,,130.55764260465966,308.1658546590909,,5.10167,57.61417667383776,0.03291460636850616,0.0282,,,,130.95250203507655
"2026-04-01","b870ec13-80d5-4d5a-acb8-7831c0bd14be",,"Anjali Peeler (Assorted Colours)","1 pc","Kitchen Tools","Anjali",,,58.651941164898666,65,,72.13451,10.403053163131302,0.7843996772143443,1.40731,1.62089,1.55415,1.71023,58.23801544396465
"2026-04-01","d76b4499-65a6-4a12-ba74-c52b1d677aa6",,"Godrej Cartini Super Slicing Knife - Teal","1 pc","Kitchen Tools","Godrej Cartini",,,,,,0,,0,0,0.00011,0.00019,0,
"2026-04-01","44f70961-a61a-4a20-b7e1-91f48282f272",,"KVG Plastic Strainer With Ginger Grater","1 pc","Kitchen Tools","Kvg",,,40.985218501442404,59.20634920634921,,14.6946,29.679878400756184,0.05354283927271594,0.07539,0.25981,0.22525,0.30607,41.63848099350484
"2026-04-01","06e33b49-f727-4756-ac19-cbb48136cbb7",,"Happy Kitchen Stainless Steel Tong/Pakad (Metallic)","1 pc","Kitchen Tools","Happy Kitchen",,,142.06291753513977,188.9116350617284,,9.84673,27.179115796958648,0.021995411991176113,0.03084,0.00173,0.00302,0,132.38047830866427
"2026-04-01","4a8707bf-957c-4856-8406-4014491ff818",,"Ambition Push Chopper 650 ml - Assorted","1 pc","Kitchen Tools","Ambition",,,156.12128297097735,341.44514692913384,,38.98287,54.10313314631065,0.36482942048505596,0.33605,0.34087,0.18109,0.55474,156.37456674951
"2026-04-01","b887768b-ed28-43d0-b87d-49bfb0871562",,"Habitat Professional Utility Kitchen Knife With Ultra Razor-Sharp Blade With Precise Cutting","1 pc","Kitchen Tools","Habitat",,,199.22865418098914,299,,45.49289,33.38452053952371,0.1937968973598287,0.25832,1.41076,1.47044,1.33087,199.15867395622865
"2026-04-01","ac16a2ba-77e8-494b-978a-4bf40fa5bb8e",,"Kai Kitchen Knife Pink |Slim Pack","1 pc","Kitchen Tools","Kai",,,132.4,170,,9.25987,21.913280504457777,0.010405915988054796,0.01618,0.10744,0.1877,0,131.98987767483266
"2026-04-01","0586a45a-46c3-48f3-aba3-0a4aaf2f9ba8",,"Crystal Super Veg Swivel Stainless Steel Peeler (Colour May Vary)","1 pc","Kitchen Tools","Crystal Cookware",,,89.83567031283026,120,,3.52192,24.551341247695575,0.012931488840867719,0.0199,0.00918,0.00688,0.01225,92.34716772049673
"2026-04-01","25232547-3657-40e1-a98b-84b1d77d6194",,"Habitat Signature Series Vegetable Knife Stainless Steel With Ultra Razoe Sharp Resilient Blade","1 pc","Kitchen Tools","Habitat",,,98.65521106988966,129,,75.69429,23.77444742782506,0.9290734877938798,1.4177,2.58918,2.675,2.47431,98.33072203522643
"2026-04-01","d3dc7e02-8f04-45f5-bdbc-9ac2394788eb",,"Everest Measuring Cup & Spoon 8 Pcs Set | Durable & Precision","1 set  (8 pcs)","Kitchen Tools","Everest Utility",,,93.67804930919618,106,,72.92862,13.077125516392787,0.4955252101440676,0.86177,0.29626,0.36272,0.2073,92.13572142222434
"2026-04-01","35f1b6a2-c7d6-4d62-a707-56fdbcb32e6a",,"KVG Stainless Steel 7 In 1 Grater | Carrot Grater | Garlic & Ginger Grater | Slicer Cutter","1 pc","Kitchen Tools","Kvg",,,128.85511535985992,169.039407295082,,20.2472,23.769729974802623,0.11827410524200951,0.18057,0.14034,0.11144,0.17903,128.8858765450128
"2026-04-01","3897ac82-f6a5-49e0-a8a4-745d0cb2dca8",,"Oggn Wooden Akhand Chakla 10 Inch","1 pc","Kitchen Tools","OGGN",,,479.8919413919414,1099,,12.6254,56.313770094024875,0.03817887985201382,0.03353,0.00028,0.00044,0.00006,481.99157562295056
"2026-04-01","206336bc-d272-4f6d-9f79-33cbd747a417",,"Judge by Prestige Stainless Steel Plain turner 1.5(27cm)","1 pc","Kitchen Tools","Judge by Prestige",,,104,150,,3.06852,30.666666666666668,0.0010421896228939168,0.00152,,,,108.7452229299363
"2026-04-01","8d229bb2-0cf6-4886-a938-e8d826efaeaf",,"Soham Housewares Cookie Cutter | Easy to Use","1 pack (12 pcs)","Kitchen Tools","Soham Housewares",,,111.22032700638913,278.4603294974875,,39.10576,61.11946721985539,0.38876921091601113,0.30209,0.22162,0.12026,0.35729,9.21008166180278
"2026-04-01","1be81099-15ff-4758-a7b3-35826343aef7",,"Frenchware Oil Dispenser, BPA-Free Plastic, 100% Food-Grade | 2 Pack, 1 L Each - Textured Blue","1 pack (2 pcs)","Kitchen Tools","Frenchware",,,274.53846153846155,399,,2.92858,31.1933680354733,0.0009702785389142366,0.00134,,,,138.03930655681427
"2026-04-01","d15bf744-b200-4e62-a5eb-5bd68b325955",,"KVG Hot Pot Stand I Heat Resistant Stand","1 pc","Kitchen Tools","Kvg",,,50.28265234999604,69,,12.19541,26.02350749348898,0.012974392313676853,0.01941,0.00345,0.00157,0.00597,51.561187394277624
"2026-04-01","0d715bb0-97be-4c12-80ab-72ac09f1803c",,"Silicone 3 Pc Combo (Whisk+Oil Brush+Spatula) - Assorted","1 pack (3 pcs)","Kitchen Tools","Soham Housewares",,,203.07784816688041,450,,72.514,55.373024746434716,0.30749804823485016,0.27301,0.57448,0.28062,0.96781,199.6968244432805
"2026-04-01","77621bdc-5f82-44e1-95ff-bbd8c1871b9b",,"Anjali Apple Cutter Aristo","1 pc","Kitchen Tools","Anjali",,,131.72727272727272,175,,10.48927,24.941176470588236,0.004255607626816827,0.00632,0.00035,0.00062,0,129.74788902291917
"2026-04-01","e6c960d6-4fc2-4860-b0e6-1e00bd026f7b",,"Greenchef Chopper Xl 900 Ml Vegetable Chopper��(1)","1 pc","Kitchen Tools","Greenchef",,,,,,0,,0,0,,,,
"2026-04-01","791a04e9-f35b-4170-a405-46dd19a670d8",,"KVG Stainless Steel Chimta |Chapati Chimta","1 pc","Kitchen Tools","Kvg",,,98.79175923258228,129,,22.28384,23.44090475911549,0.08370050669212674,0.12838,0.02407,0.02566,0.02194,98.7449987376998
"2026-04-01","4f508050-1ed1-42d1-83dc-e015a2e910e4",,"Fackelmann Stainless Steel Strainer, 20 Cm Ideal For Draining Pasta, Blanched Vegetables Strain","1 pc","Kitchen Tools","Fackelmann India",,,293.71920418513287,565.2812194537815,,57.59846,48.060214133040084,1.4099373480213462,1.46579,0.22627,0.39532,0,293.8039027073857
"2026-04-01","58996632-d129-4c6f-b073-8932e757e155",,"Fackelmann Stainless Steel Apple Divider with Plastic Handle | Ultra-Sharp Stainless Steel Blades","1 pc","Kitchen Tools","Fackelmann India",,,233.93023255813952,249,,6.49843,5.989174087654968,0.0038104189595706416,0.00709,0.01012,0.01769,0,231.46894201013592
"2026-04-01","4b816bb8-f197-4356-8f92-cdef5b55f024",,"Petals SS Juice Soup Rice Vegetable Strainer Drainer | 15 Cm - 6 inch","1 pc","Kitchen Tools","Petals",,,298.18918918918916,429,,49.30613,30.49203049203049,0.0007451655803691505,0.00107,,,,308.13978494623655
"2026-04-01","ff2d7378-447b-430f-adf3-db937b6f81c6",,"Birch & Co. Serving Tray - Heritage With Four Free Matching Coasters","1 set (5 pcs)","Kitchen Tools","Birch & Co.",,,631.5128205128204,1499,,0.98538,57.48510703041794,0.041659793192479505,0.03724,,,,650.0630953372768
"2026-04-01","2618a7ef-081a-4c9a-9334-01eb39e34f1b",,"Hazel Neem Wood Chopping Board, 10X15 Inch, Rectangle, Thick Wooden Cutting Board","1 pc","Kitchen Tools","Hazel",,,,,,0,,0,0,,,,
"2026-04-01","d43e3d29-74d0-497a-880c-3a72340e89d2",,"Multi Shape Ice Cube Tray (Set Of 2)","1 pack (2 pcs)","Kitchen Tools","Joyo",,,85.82025847047872,119.53028133333333,,68.93719,30.429818670210175,0.5322858436175932,0.73779,1.2776,2.2321,0,42.02478832467842
"2026-04-01","8b6e95c5-2367-4e18-a30d-cd276b22439a",,"Frenchware Cutting-Chopping Board with Handle - BPA-Free, Food Safe, Anti-Bacterial | Light Blue","1 pc","Kitchen Tools","Frenchware",,,175,500,,1.96917,65,0.006079439466881181,0.00426,,,,175
"2026-04-01","618ef476-ad84-47ef-81c7-d3515b5950ba",,"KVG Stainless Steel Pakkad | Tong Iifter | Kitchen Utensil Holder","1 pc","Kitchen Tools","Kvg",,,135.6153846153846,189,,1.31164,28.538359788359788,0.0022980281184810866,0.00336,,,,138.10585585585585
"2026-04-01","eecf8161-2038-42f1-a96f-0a10887bdad8",,"Anjali SS Table Ring | Small","1 pc","Kitchen Tools","Anjali",,,57.5,85,,3.33333,32.35294117647059,0.00014764352990997154,0.00017,,,,50.34090909090909
"2026-04-01","abd15508-0b47-44d2-968c-9199e1357663",,"Kohe Utility Knife","1 pc","Kitchen Tools","Kohe",,,,,,0,,0,0,,,,
"2026-04-01","4dbd130f-f691-4435-80a2-2723fb531332",,"Tramontina Ultracorte Set of 3 Knives | Stainless Steel Chaku | Vegetable Knife | Fruit Knife | Kitchen Knife | Antimicrobial | Polypropylene Handle | 5 Year Warranty | Made in Brazil","1 pack (3 pcs)","Kitchen Tools","Tramontina",,,843.1379310344828,1195,,44.92543,29.43737105862633,0.06310128139908751,0.08846,0.09791,0.17107,0,278.85655802451544
"2026-04-01","a81df389-15b6-42f8-aba9-fea79c16f856",,"Fackelmann Fackelmann Arcadalina Nylon Lasagna Turner | 30 cm Ideal for Slicing Serving & Flipping","1 pc","Kitchen Tools","Fackelmann India",,,252.18840579710144,299,,8.01925,15.83591892654229,0.010750707054962198,0.01794,0.00011,0.0002,0,249.15649752772316
"2026-04-01","08150e45-66de-4621-a9ae-925eb3a6e1ca",,"Petals 4Pcs Chopping Board Set Chopping Cutting Board | Ss 420 Blade Cover Knife | Peeler-Scissors","1 pack (4 pcs)","Kitchen Tools","Petals",,,378.06017245229344,654.099740510204,,52.56139,43.380836471247584,0.1240016320128935,0.13212,0.12369,0.2161,0,87.29899927240909
"2026-04-01","b710e703-7256-4d71-8a0f-63eb78186379",,"Umai 3000 ml Borosilicate Glass Baking Tray | Transparent Microwave Oven Safe Utensils Serving Tray","1 pc","Kitchen Tools","Umai",,,,,,0,,0,0,0.00082,0.00144,0,
"2026-04-01","b118e22d-83e5-4ae4-b661-74bde38744ef",,"Petals 304 Grade Heavy Ss Mortar and Pestle Set-khaldasta-okli Masher - 19 cm","1 pc","Kitchen Tools","Petals",,,960.2765957446809,1399,,3.30709,31.359785865283712,0.009720155216190598,0.01341,,,,963.9689661287463
"2026-04-01","b4832256-b3d0-4422-a6f8-6cc07f2640bf",,"Kuber Industries Stainless Steel Pakkad | Kitchen Tong (Silver) (KUBMART010370)","1 pc","Kitchen Tools","Kuber Industries",,,,,,0,,0,0,,,,
"2026-04-01","dbc68924-0cad-476a-b7aa-9e9b0a7f86c0",,"Frenchware Plastic Colander Bowl, Food-Grade Plastic, BPA-Free, Dishwasher-Safe - Blue","1 pc","Kitchen Tools","Frenchware",,,133,349,,0.00381,61.891117478510026,0,0,0.00116,0.00203,0,133
"2026-04-01","075569fa-472c-45e5-a194-07347179e013",,"Anjali Apple Cutter Super","1 pc","Kitchen Tools","Anjali",,,,,,0,,0,0,0,0,0,
"2026-04-01","920e41f7-76e1-495a-a75b-6dc8d44523ff",,"Frenchware Pure Sheesham Wooden Spoons and Spatula, for Cooking, Baking & Mixing","1 set (3 pcs)","Kitchen Tools","Frenchware",,,233.05411327157202,749,,45.71312,68.8920106880883,0.015794036338416344,0.00966,0.00952,0.01435,0.00307,227.9055116118867
"2026-04-01","f24ff1b1-a3a4-4bfc-9ea9-505b67027e74",,"Habitat Pro Series Ss Whisk With Ss Insert | Absolute Functionality with Impressive Design","1 pc","Kitchen Tools","Habitat",,,220.4876412334541,299,,79.52183,26.22224290739667,0.053940608312120455,0.07986,0.00789,0.01378,0.00001,220.82204900825832
"2026-04-01","12c4fddf-bb8a-4df6-839c-20aa7e94975d",,"Ambition Multi Purpose Bowl and Stainer Big Size - Assorted","1 pc","Kitchen Tools","Ambition",,,72.2855973906638,149,,7.45942,51.80157056606164,0.010365444291032415,0.00971,0.11776,0.06135,0.19326,70.41295322118371
"2026-04-01","6e081d6f-fbda-4f62-b117-6cdd8a4b6b62",,"Habitat Premium Nylon Lasagna Turner | Perfect Elegant Functionality | Hanging Loop| Dish Washer Safe","1 pc","Kitchen Tools","Habitat",,,199.67807923165506,299,,72.70051,33.22255449410353,0.03271919581421356,0.04361,0.05375,0.00002,0.12567,199.65407132797247
"2026-04-01","a0a23e94-4568-44c6-8ff3-04b85c57ee81",,"Petals Ss Premium Jali Tea-coffee-chai Channi Strainer | 8.5 cm","1 pc","Kitchen Tools","Petals",,,98.91069028006966,130,,26.15005,23.909756418201788,0.03811409039712391,0.05808,0.06287,0.10985,0,98.92163415140564
"2026-04-01","870e24b0-9764-4168-b57e-682dd620683a",,"Youbee Multipurpose Manual Hand-Press Vegetable Chopper","1 pc","Kitchen Tools","Youbee",,,240.28594031546223,599,,60.87513,60.194228184868805,1.3650174119901841,1.08761,1.41212,1.28013,1.58879,238.36666724061524
"2026-04-01","2ffe2fbe-15d2-474d-ae2d-b1e785151bc9",,"Habitat Classic Razor Sharp Utility Knife | Finely Honed For Long Lasting Sharpness","1 pc","Kitchen Tools","Habitat",,,451.4761904761905,529,,2.63364,14.710431345592026,0.003794959813497716,0.00653,0.01061,0.00387,0.01964,454.2662668120683
"2026-04-01","00f5d508-f9fe-4842-a46e-34aaa175b54b",,"Petals SS Long Handle Deep Fryer Juice Soup Vegetable Strainer Drainer | 13 Cm - 5 inch","1 pc","Kitchen Tools","Petals",,,323.83720930232556,449,,4.45147,27.900384693257745,0.007799052344656145,0.01128,0.00287,0.00501,0,324.1954022988506
"2026-04-01","f2abedb7-b7c6-4b0b-9ff8-2112c411efbc",,"Anjali Kara Steel","1 pc","Kitchen Tools","Anjali",,,110.38461538461539,185,,22.68977,40.362084225493994,0.007181902389632464,0.0086,0.02131,0.03724,0,110.60494704669841
"2026-04-01","f4ffc800-032b-4bb5-9889-0da60d55b445",,"Frenchware Multipurpose Vegetable Chopper with 3 Blades, Handy & Compact - Peach","1 pc","Kitchen Tools","Frenchware",,,169.43478260869566,249,,8.22604,32.00301204819277,0.008650173870019508,0.01176,0.04266,0.01354,0.08164,169.0020032051282
"2026-04-01","452311f8-e9c8-4f47-8b44-734d325fca9d",,"YouBee Stainless Steel Lemon Squeezer | Nimbu Presser for Kitchen","1 pc","Kitchen Tools","Youbee",,,121.77609958737118,299,,41.57167,59.474918266187615,0.20934827721438123,0.16949,0.00695,0.01214,0,121.06946188103035
"2026-04-01","31eca615-c884-426c-b9b0-ae6da087585d",,"Jensons Stainless Steel Ladle No. 3","1 pc","Kitchen Tools","Jensons",,,81.61741265515013,120,,24.12752,32.314256667048824,0.03302282039101665,0.0445,0.06097,0.01044,0.1286,80.77044397572898
"2026-04-01","e2bf4a22-9e80-4b7f-9df6-89a57805900f",,"Frenchware Non-Stick Silicone Spatulas - Heat-Resistant, Food-Grade & BPA-Free - Black","1 set (5 pcs)","Kitchen Tools","Frenchware",,,,,,0,,0,0,,,,
"2026-04-01","a6dd222c-9313-42eb-ba4a-659daba06752",,"Chefman Large Stainless Steel Chopping Board |FOOD Grade 304| Best For Cutting , Rolling On It","1 pc","Kitchen Tools","Chefman",,,765.7058823529412,2490,,2.42871,69.56880152187698,0.017300347740039017,0.00995,0.00029,0.0005,0,714.8318796992481
"2026-04-01","af44d932-d730-4867-b3f8-e160190bfac7",,"Signoraware Borosilicate Glass Oil Dispenser | 1000 ml | Clear | Oil Bottle, Oil Pourer","1 pc","Kitchen Tools","Signoraware",,,434.9974811324748,580,,52.78087,25.000409292598142,0.11326759999189763,0.17013,0.00103,0.0018,0,434.99721465796614
"2026-04-01","bec87204-9dcb-494e-a448-f842261e0aea",,"Kai Hocho Dicing Knife for Fruits & vegetables","1 pc","Kitchen Tools","Kai",,,127.67647058823529,169,,3.06999,24.943745312109343,0.0021840820530446853,0.0028,,,,108.52086577390222
"2026-04-01","7988d6fb-28f2-4344-a002-914679930d39",,"Chopping Board Plastic | White - 37 x 23 cm","1 pc","Kitchen Tools","Bombay Kookware",,,121.3076923076923,485,,1.52433,74.98810467882633,0.0016848732236784988,0.00083,,,,119.03058103975535
"2026-04-01","0bcaa173-c8b0-4095-9bb8-95495cc3b352",,"Wonderchef Stainless Steel Vaccum Base Coconut Scraper","1 pc","Kitchen Tools","Wonderchef",,,299,500,,52.60357,40.199999999999996,0.0805265181956033,0.09644,0.03575,0.06246,0,299
"2026-04-01","5985d2da-3f03-4fb4-8e5d-ea502814d4db",,"KVG Nova Stainless Steel Peeler | Fruit & Vegetable Peeler","1 pc","Kitchen Tools","Kvg",,,,,,0,,0,0,,,,
"2026-04-01","93d5b1cd-a0b9-45af-be19-9ed3d7c37338",,"Silicone 3 Pc Baking Scrapper | Assorted","1 pack (3 pcs)","Kitchen Tools","Soham Housewares",,,31.154145291393434,90,,25.03585,65.18491146893935,0.050009469054564604,0.03453,0.2301,0.17775,0.30018,10.499618543629111
"2026-04-01","47712c80-24c7-468e-8664-6f3d96c999e9",,"KVG C. Akhand Polpat Sp No.10","1 pc","Kitchen Tools","Kvg",,,482.7931034482759,799,,1.53084,39.78457920885956,0.009714944268076129,0.01159,0.03119,0.01775,0.04917,476.17209467876853
"2026-04-01","f6f321d5-92d2-40a7-9357-ffcec4adda59",,"Petals Wooden Roller Belan Rolling Pin | 36cm Length x 5cm Thickness","1 pc","Kitchen Tools","Petals",,,,,,0,,0,0,,,,
"2026-04-01","62cae11b-9b71-47fa-93da-7410c7ecf151",,"Petals SS Juice Soup Rice Vegetable Strainer Drainer with Silicone Handle | 14 Cm - 5.5 inch","1 pc","Kitchen Tools","Petals",,,293.36,419,,4.65405,29.985680190930786,0.0007277957533209186,0.00088,,,,254.33408577878103
"2026-04-01","6e176908-b98d-49a3-a7e8-0f98793f7373",,"YouBee Stainless Steel Knife for Slicing | Chopping Leafy and Other Vegetables | Multi-Colour","1 pc","Kitchen Tools","Youbee",,,59,199,,20.99825,70.35175879396985,0.046906349452397966,0.02785,0.22525,0.04485,0.46672,58.99999999999999
"2026-04-01","c18278ab-b15c-4dad-bd40-a0266bba7cc7",,"Godrej Cartini Classic Cleaver Knife - Black","1 pc","Kitchen Tools","Godrej Cartini",,,535,810,,6.06061,33.95061728395062,0.0014069559909067877,0.00186,,,,535
"2026-04-01","1d40465b-e0ec-4699-b47a-104a3375218a",,"Habitat Diamond Pro Whisk | Premium Quality | Ergonomically Designed Handles For Effortless Work","1 pc","Kitchen Tools","Habitat",,,142.275945428311,199,,44.09416,28.616065868433797,0.08958227752719904,0.12736,0.00641,0.00517,0.00807,141.75042234912848
"2026-04-01","4cd3f0ea-9820-47e2-9913-7a005b27249f",,"Wonderchef Ambrosia Silicone Kitchen Tools Set Of 3 Pcs. | Spatula, Spoon, Brush","1 pack (3 pcs)","Kitchen Tools","Wonderchef",,,449.4957313398114,900,,67.64935,50.05875540156317,0.2597466566965557,0.26152,0.21393,0.37376,0,149.88408684726753
"2026-04-01","500aa630-b4f2-477f-9045-795325cafed7",,"Fackelmann Stainless Steel Arcadania Pizza Cutter | Ideal For Cutting Pizza | Naan | Sandwich","1 pc","Kitchen Tools","Fackelmann India",,,201,249,,0.77403,19.27710843373494,0.0008650173870019509,0.0014,,,,201
"2026-04-01","be8859b4-5e82-4147-890d-e6ed21bd8c4b",,"Wonderchef Turbo Chopper With Atta Kneader, Vegetable Chopper","1 pc","Kitchen Tools","Wonderchef",,,1099.4475133210608,2400,,54.74855,54.158356018347675,0.4508512308639084,0.41346,0.21371,0.37337,0,1101.5833667665552
"2026-04-01","13f6f004-8b22-43aa-84c3-8c64a0e05265",,"Tramontina Tradicional Stainless Steel Vegetable And Fruit Knife Chaku, 7.6 Cm 3 Inch | Brown","1 pc","Kitchen Tools","Tramontina",,,220.1860465116279,225,,8.28406,2.0925415779039076,0.004943973872738259,0.00974,0.00125,0.00218,0,221.33936945880257
"2026-04-01","defb26e6-6fb5-4151-89a5-fab10fe4c293",,"Crytal 8 Inch All Purpose Knife, Laser Edge - Assorted","1 pc","Kitchen Tools","Crystal Cookware",,,59.78125,75,,0.14778,20.185185185185187,0.0009119159200321773,0.00146,,,,60.34048507462686
"2026-04-01","539326b8-a269-4d83-acd9-0168dc3ae406",,"Tex-Ro White & Grey Stainless Steel 3 Blades Manual Hand Press Vegetable & Fruit Chopper","1 pc","Kitchen Tools","Texro",,,,,,0,,0,0,,,,
"2026-04-01","c1b0572e-261e-4879-abeb-1c6403d9d6ca",,"Folding Pocket Knife","1 pc","Kitchen Tools","Kvg",,,56.32855356371005,94,,58.71586,39.836076914388855,0.004081909356334508,0.00504,,,,58.68487731492805
"2026-04-01","e9f6f94a-4b6d-4138-8293-dccf2dfb0b31",,"Tramontina Plenus Stainless Steel Fruit Knife/, 12cm/4.7 inch | Black | Wavy/Serrated Edge Knife | Polypropylene Handle | Dishwasher Safe | 5 Year Warranty | Made in Brazil","1 pc","Kitchen Tools","Tramontina",,,99,145,,23.75546,31.724137931034484,0.003319373948917125,0.00454,0.00151,0.00264,0,99
"2026-04-01","4e2cab84-86e5-47e7-b2d2-03bf4c889136",,"Jensons S.s Plain Slicer","1 pc","Kitchen Tools","Jensons",,,107.66666666666667,225,,2.90456,52.148148148148145,0.0007816422171704377,0.00078,,,,111.94273127753304
"2026-04-01","eda51b1b-a901-4c36-9e28-cf43add3d3c3",,"Kuber Industries Stainless Steel Pakkad, Kitchen Tong - Silver | KUBMART010370","1 pc","Kitchen Tools","Kuber Industries",,,102,257,,0.70946,60.311284046692606,0.0004464045551395611,0.00035,,,,102
"2026-04-01","ff2a8d4a-a068-4169-8b34-e05515f79da5",,"Anjali Fantastique - Medium","1 pc","Kitchen Tools","Anjali",,,350.42857142857144,495,,25.07647,28.843271423916587,0.014805866877642428,0.02188,0.00509,0.00889,0,365.08438288618316
"2026-04-01","2a2be835-20cd-49db-8f8e-884b27a64add",,"Sanjeev Kapoor by OGGN Wooden Cutting,Serving Board for Vegetables,Fruits & Cheese - 10x7 Inch","1 pc","Kitchen Tools","OGGN",,,142.27513653863372,199,,10.9826,28.91712720568192,0.14951912383463967,0.21264,0.03823,0.06679,0,141.30191976307998
"2026-04-01","b939f442-a0ec-491c-840a-985e1e413333",,"Lushomes Pot Holder - Red and Black | Buffalo Checks | Microwave Hand Gloves | 9 x 8 inch","1 set (2 pcs)","Kitchen Tools","Lushomes",,,,,,0,,0,0,,,,
"2026-04-01","649f60b2-9d76-4874-b5dd-ddf406f21137",,"Fackelmann Nirosta Alpha Stainless Steel Vegetable Knife | Black & Silver | Ergonomic Handle Combo","1 pcs X 1","Kitchen Tools","Fackelmann",,,79,149,,5.35714,46.97986577181208,0,0,,,,79
"2026-04-01","09c338ae-97ed-4610-a24a-f9f1ae6e4fdb",,"Sanjeev Kapoor by OGGN Wooden Cutting,Serving Board for Vegetables,Fruits & Cheese - 12x9 Inch","1 pc","Kitchen Tools","OGGN",,,183.062056618793,349,,30.94893,47.842143603489944,0.6044762344162091,0.63125,0.38675,0.09586,0.77612,181.93026000066848
"2026-04-01","e06de009-d59f-4289-81e6-0ba5b0097cef",,"Stehlen Melamine Era Tray | Set of 3 - Ice Butterfly","1 pack (3 pcs)","Kitchen Tools","stehlen",,,915.2608695652174,3399,,0.00333,73.07264284891976,0,0,,,,305.0869565217392
"2026-04-01","58138c18-5a6d-4d26-b03f-bd0e22d509bc",,"Everest Travelling Knife","1 pc","Kitchen Tools","Everest Utility",,,68.91723807807902,99,,77.52433,30.397436059902756,0.5426186326337751,0.75695,2.50863,1.7593,3.51162,68.90637689496101
"2026-04-01","19772e76-47ef-48ec-8848-9b081c2e9ad6",,"Urbanfix Single Block of Acacia Wood | Reversible Chakla Belan Chopping Board No Dyes or Polish","1 set","Kitchen Tools","UrbanFix",,,551.6897590361446,2499,,5.03475,77.92357907018229,0.01766667739248623,0.00722,0.0007,0.00122,0,510.0306130413996
"2026-04-01","35dee9c0-90eb-4284-988b-7f6ea1bb8fa0",,"Habitat Premium Nylon Soup Ladle | Perfect Elegant Functionality | Hanging Loop | Dish Washer Safe","1 pc","Kitchen Tools","Habitat",,,214.15214605928728,299,,77.20586,28.403983426655355,0.03280309207885652,0.047,0.02427,0.01987,0.03015,213.14448904255744
"2026-04-01","a3adbb47-2741-425b-9884-1de950b08176",,"KVG Baking Cup Spoon | Coocking Measurement Spoon Set","1 pack (5 pcs)","Kitchen Tools","Kvg",,,92.58162854856702,139,,43.58921,34.16347062645313,0.028642323707723037,0.03736,0.02875,0.02061,0.03965,18.136212542902012
"2026-04-01","90ca9801-5baf-421c-a97d-374f68a04200",,"JASCO Stainless Steel Sieves Size-3 (8 inch dia)","1 pc","Kitchen Tools","JASCO",,,147.0501488095238,210,,5.09972,30.6631195335277,0.016779252928592062,0.02281,0.00349,0.0061,0,143.73799049979348
"2026-04-01","7c5e6eed-c1dd-4071-b577-a6b9f896146e",,"BAY6 Bamboo Skewer Stick - Pack of 60","1 pack (60 pcs)","Kitchen Tools","BAY6",,,63.255551182823915,100,,2.36791,41.89814566021462,0.008337516983151334,0.00765,0.00003,0.00006,0,0.783156633746115
"2026-04-01","4990bf1b-b0e5-4e6e-bb1e-06b7eda4ee1a",,"Habitat Pro Series SS Skimmer With Ss Insert","1 pc","Kitchen Tools","Habitat",,,238.71168009090815,349,,74.22708,31.681942375133147,0.03693641612325379,0.05042,0.00319,0.00096,0.00618,235.9504917786379
"2026-04-01","1900e377-b843-425e-9c25-edbc8364cd0d",,"Frenchware Colander Bowl with Handle, Food-Grade Plastic, BPA-Free, Easy to Clean - Peach","1 pc","Kitchen Tools","Frenchware",,,189.28937294084292,349,,64.16902,45.7570922744148,0.024472696724794955,0.02661,0.40385,0.47904,0.30319,189.37305531033104
"2026-04-01","c9d938a0-8993-4a08-99a2-19bd7e110718",,"Urbanfix Acacia Wooden Round Chopping | Serving and Cutting Board | Plate for Pizza | Vegetables","1 pc","Kitchen Tools","UrbanFix",,,693.7029411764705,3499,,6.21566,80.31048553554984,0.09116553726264537,0.03348,0.0002,0,0.00046,648.4233881090951
"2026-04-01","abe20fe0-ae61-4d39-953b-5145c3a8aa8a",,"Stehlen Melamine Era Tray | Set of 3 - Feather","1 set (3 pcs)","Kitchen Tools","stehlen",,,,,,0,,0,0,,,,
"2026-04-01","dc4133d1-7504-4307-b5cb-a91ce63f7371",,"Lushomes Pot Holder - Pink | Buffalo Checks | Microwave Hand Gloves | 9 x 8 inch","1 set (2 pcs)","Kitchen Tools","Lushomes",,,,,,0,,0,0,,,,
"2026-04-01","17011f03-10ad-4c2d-8302-cc6a5dc6bb37",,"BAY6 Melamine Long Platter-Large- 12*4.5 Inch - Black","1 pc","Kitchen Tools","BAY6",,,157.14411147316954,399,,55.59264,60.689358858539215,0.038873151839131655,0.02976,0.0068,0.01187,0,155.38891081201822
"2026-04-01","525319fe-8520-481b-a664-6fed9e7a906d",,"Tramontina Plenus Stainless Steel Tomato Knife/, 12cm/4.7 inch | Black | Micro-Serrated Edge/Wavy/Serrated Edge Knife | Polypropylene Handle | Dishwasher Safe | 5 Year Warranty | Made in Brazil","1 pc","Kitchen Tools","Tramontina",,,98.82932692307692,145,,3.42246,31.846982758620683,0.0027704874141929957,0.00379,,,,98.8226981707317
"2026-04-01","2a829bd1-7d79-41c3-9673-f61c99487509",,"Femora Premium Virgin Silicone Tools (St) (Laddle)","1 pc","Kitchen Tools","Femora",,,198.42105263157896,300,,21.96914,34.00529610014444,0.010057129860926297,0.01314,0.00075,0.00131,0,195.7611073137389
"2026-04-01","28a6dff6-a5bf-4f3f-9ff4-fe9f6c94eac4",,"BAY6 Steel Skimmer","1 pc","Kitchen Tools","BAY6",,,95.34099378881987,222.8130536231884,,8.54428,57.17536138661401,0.02656020253945147,0.0228,,,,95.34248408470833
"2026-04-01","16fd3814-3b9d-4b5f-84df-b3bfa6b997b7",,"Frenchware Colander Bowl with Handle, Food-Grade Plastic, BPA-Free, Easy to Clean - Turquoise","1 pc","Kitchen Tools","Frenchware",,,160.57773750643705,349,,34.65122,54.95777486376348,0.0347356590362428,0.02875,0.23907,0.19589,0.29687,143.7414595908165
"2026-04-01","f05c2fe8-c0ca-43cf-b3c4-09aa8652eacb",,"Umai 3000 ml Borosilicate Glass Baking Tray | Transparent Microwave Oven Safe Utensils","1 pc","Kitchen Tools","Umai",,,655,1795,,0.53577,63.50974930362117,0.003117883955157634,0.00228,,,,655
"2026-04-01","e86925d2-1f7e-46f8-827a-2f37b920a2c7",,"Java 4 Petal Flower Shape Hot Mat (4 Pieces, Orange)","1 pc","Kitchen Tools","Java",,,109.08031016479077,265,,33.51623,58.84194893951794,0.01653868082397405,0.01362,0.00003,0.00005,0,109.04749241666735
"2026-04-01","0f307e26-cb77-426f-9ab8-45317a896e62",,"Petals Plastic Baking Cooking Measuring Spoon Set of 5","1 pack (5 pcs)","Kitchen Tools","Petals",,,,,,0,,0,0,,,,
"2026-04-01","11d2014e-86e1-4624-857d-df0c29209bef",,"Jensons S.s Slicer & Grater 5in1","1 pc","Kitchen Tools","Jensons",,,137.71901527921102,250,,66.07032,45.81321883263175,0.11048095863854979,0.11975,0.18106,0.04386,0.36472,135.375308231734
"2026-04-01","3f2f76f8-7013-414d-b1d2-6cc9cb895cee",,"Ice Cube Tray with Lid (2 Pcs Set) (Pink)","1 pack (2 pcs)","Kitchen Tools","Bombay Kookware",,,87.24427350427351,230,,16.48044,61.74603378783981,0.014250379808639971,0.01104,,,,44.49410809463606
"2026-04-01","784b4254-aa00-4de5-80f9-8666760145f3",,"Oggn Blue Floral Printed Wooden Brown Square Tray 10x10","1 pc","Kitchen Tools","OGGN",,,,,,0,,0,0,,,,
"2026-04-01","f6268d94-1e43-4c67-91bc-387ae0a08772",,"Habitat Premium Quanlity Utility Knife | Razor Sharp | Light Weight And Strong","1 pc","Kitchen Tools","Habitat",,,216.80769230769232,299,,16.55061,27.18022960809366,0.009868319840912017,0.01479,0.00298,0.00193,0.0044,223.62421920109176
"2026-04-01","4eaad8b5-de14-4f64-a4e5-7454be45120c",,"Birch & Co. Leather Serving Tray - Brown With Four Free Matching Coasters","1 pc","Kitchen Tools","Birch & Co.",,,,,,0,,0,0,,,,
"2026-04-01","df249281-96af-49df-b6b3-6008220489f3",,"Frenchware Pure Sheesham Wooden Spoons and Spatula, for Cooking, Baking & Mixing","1 set (4 pcs)","Kitchen Tools","Frenchware",,,,,,0,,0,0,,,,
"2026-04-01","11b0e30f-92f8-477c-8a42-03e18fd3f6b3",,"Crystal Stainless Steel Oil Pourer/Dispenser , 500 ml","1 pc","Kitchen Tools","Crystal Cookware",,,,,,0,,0,0,,,,
"2026-04-01","625e56a7-10ff-436c-ac40-ea294e6890f5",,"Tramontina Ultracorte Stainless Steel Vegetable and Fruit Knife/,7cm/2.7 inch | Black | Straight/Plain Edge | Antimicrobial |Polypropylene Handle |Dishwasher Safe | 5 Year Warranty | Made in Brazil","1 pc","Kitchen Tools","Tramontina",,,295,295,,12.24469,0,0.012810421146341544,0.02566,0.01199,0.02094,0,295
"2026-04-01","20977157-8ef3-4919-a994-a8bbba5097aa",,"Tramontina Tradicional Stainless Steel Kitchen Knife Chaku, 15 Cm 5.9 Inch | Brown","1 pc","Kitchen Tools","Tramontina",,,499,545,,24.59032,8.44036697247707,0.029071879530625813,0.05331,0.0178,0.0311,0,499
"2026-04-01","7a2c6adb-3cf7-43a6-80be-9380f9b63af1",,"Jensons Stainless Steel Deep Colander 24 cm","1 pc","Kitchen Tools","Jensons",,,105.06148188368738,220,,34.35516,52.061546744876715,0.16930926258377224,0.16224,0.33149,0.2178,0.48366,105.4692606644287
"2026-04-01","164b7e44-9115-4458-87af-2c00cda65926",,"Jensons Elite Slicer","1 pc","Kitchen Tools","Jensons",,,91.24668448753299,150,,39.61383,39.69112906601639,0.07581408411741798,0.09131,0.26361,0.09613,0.48777,90.19244293289752
"2026-04-01","8c77cde8-c729-4b9e-8f4a-d343bc1c80d6",,"Joyo Plastics Chop - N - Store Cutting Chopping Board with Tray & Strainer (Colour May Vary)","1 pc","Kitchen Tools","Joyo",,,149.53194987942445,323,,72.93636,53.70927875731549,0.058663116889993754,0.05431,0.11852,0.20707,0,149.5311414832718
"2026-04-01","b7caf2ad-0e6c-4248-9a43-5cb8ba3727ea",,"Java Prime Knife 7 Inch - 420 Grade Stainless Steel Knife | Small","1 pc","Kitchen Tools","Java",,,69,139,,0.00458,50.35971223021583,0.00024144059597042407,0.00024,,,,69
"2026-04-01","47122e84-64e5-40d2-a650-8f77aaafb05d",,"Frenchware Non-Stick Silicone Spatulas - Heat-Resistant, Food-Grade & BPA-Free - Red","1 set (5 pcs)","Kitchen Tools","Frenchware",,,531.0216771532561,2093.2977726573426,,18.40777,74.50917342799029,0.08312504432201881,0.04448,0.21147,0.05384,0.42246,534.0548756816563
"2026-04-01","6ea52857-b850-4d92-a86f-6d5dbae6058e",,"Crystal Handy Peeler | Hardened Surgical Steel Blades | Perfect For Fruit and Vegetables","1 pc","Kitchen Tools","Crystal Cookware brand",,,54.42857142857143,75,,2.70803,27.428571428571427,0,0,,,,54.42857142857143
"2026-04-01","f61d9b7a-a5b9-4716-86b0-427edc08c7a5",,"KVG Wooden Tavetha | Flat Friying Spetula | Palta","1 pc","Kitchen Tools","Kvg",,,58.74922369106612,79,,8.34908,26.17638289044535,0.0069943082575115575,0.01017,0.01984,0.00198,0.04376,57.779313191769916
"2026-04-01","923879d1-6bed-42d3-9c3b-8c5c5e429528",,"Anjali Apple Cutter Deluxe","1 pc","Kitchen Tools","Anjali",,,151.40740740740742,205,,2.33744,26.204535729567823,0.002492570181421284,0.00366,0.0017,0.00298,0,150.46127946127947
"2026-04-01","a07c9492-7416-41f9-9fcd-5ca0408d9f34",,"Bombay Kookware Ice Cube tray with Removable lid Plastic | Assorted","1 pack (3 pcs)","Kitchen Tools","Bombay Kookware",,,87.38474025974025,265,,30.4007,67.22996343279362,0.02025321833823845,0.01348,,,,29.06169081604032
"2026-04-01","b298bb10-3853-4223-a31f-f9e88d604f9e",,"Frenchware Plastic Colander Bowl, Food-Grade Plastic, BPA-Free, Dishwasher-Safe - Red","1 pc","Kitchen Tools","Frenchware",,,105,349,,1.96697,69.91404011461319,0.00242482785593318,0.00146,,,,105
"2026-04-01","b09c58ef-470a-4c3e-bfd3-1d60e7d05f63",,"Petals Wooden Cooking Skimmer Jhara Spoon Spatula | 40cm","1 pc","Kitchen Tools","Petals",,,,,,0,,0,0,,,,
"2026-04-01","6e232c34-c3c7-406f-820e-279e7a0b6e4d",,"Deep Fry Jhara Wire Skimmer Puri Strainer with Handle Stainless Steel 20 Cm","1 pc","Kitchen Tools","Bombay Kookware",,,188.3858291212468,240,,48.23239,21.490383843152795,0.15495275313186754,0.24363,0.48676,0.61475,0.31545,188.42040074865508
"2026-04-01","713a363a-44b2-4e92-bd5d-1452ba0e9018",,"Petals Wooden Thick Long Handle Spatula Dosa Palta Taveta Turner Khurpi | 37cm-15 Inch Length","1 pc","Kitchen Tools","Petals",,,,,,0,,0,0,,,,
"2026-04-01","c0dea4b3-da5d-4c9a-806b-4a5e8a5ded1f",,"Birch & Co. Serving Tray - Royal Gaja With Four Free Matching Coasters","1 set (5 pcs)","Kitchen Tools","Birch & Co.",,,677.7631578947369,1499,,2.91074,55.181787858572385,0.0166639172769918,0.01411,,,,634.1618432260611
"2026-04-01","302d26c2-d0ac-49c9-b5b4-78699ff733c3",,"Soham Housewares Dough Maker","1 pc","Kitchen Tools","Soham Housewares",,,50.32065370760303,90,,60.79618,43.514735852361085,0.11565021916810363,0.13004,0.29412,0.17517,0.45333,50.88929887865556
"2026-04-01","cbabd842-8bab-4811-b9ed-962cef637a74",,"Everest Lemon Squeezer With Opener","1 pc","Kitchen Tools","Everest Utility",,,52.31434113986162,79,,45.00709,33.405902262326734,0.11055877546372586,0.14781,0.02591,0.03224,0.01745,52.62985583198088
